# vtk DataFile Version 2.0
whisker_body, Created by Gmsh 4.13.1 
ASCII
DATASET UNSTRUCTURED_GRID
POINTS 760 double
0.8660254037844377 -1.500000000000001 0
-3.700961894323347 -9.410254037844384 0
-2.756541412427924 -7.774469779492831 24
0.8660254037844377 -1.500000000000001 24
9.999999999999998 -1.500000000000008 0
8.111159036209154 -1.500000000000006 24
0 12 0
0.8660254037844389 1.5 0
10 1.5 0
-3.70096189432334 9.410254037844387 0
-1.732050807568877 5.551115123125783e-16 0
-6.299038105676656 7.910254037844387 0
-6.29903810567666 -7.910254037844383 0
0 4.12982931753815 100
8.111159036209155 1.5 24
0.8660254037844389 1.5 24
-2.756541412427918 7.774469779492832 24
-5.354617623781234 6.274469779492833 24
-1.732050807568877 5.551115123125783e-16 24
-5.354617623781238 -6.274469779492828 24
-0.6563036955848236 -4.136751345948128 0
-2.178632794954085 -6.773502691896256 0
-3.566044682624001 -9.176570572365591 3.428571428571429
-3.431127470924654 -8.942887106886797 6.857142857142858
-3.296210259225308 -8.709203641408005 10.28571428571428
-3.161293047525962 -8.47552017592921 13.71428571428572
-3.026375835826616 -8.241836710450418 17.14285714285715
-2.89145862412727 -8.008153244971624 20.57142857142857
-0.9452580043217429 -4.637234889746416 24
0.8660254037844377 -1.500000000000001 20
0.8660254037844377 -1.500000000000001 16
0.8660254037844377 -1.500000000000001 12
0.8660254037844377 -1.500000000000001 8
0.8660254037844377 -1.500000000000001 4
-0.08873492428376717 -10.58393772767396 0
3.688578780204086 -10.18692605940521 0
6.977847363816556 -8.287865957219571 0
9.210326406380068 -5.215122165204368 0
3.910683602522958 -1.500000000000003 0
6.955341801261478 -1.500000000000006 0
0.8660254037844333 -8.745133632424718 24
4.488592219996792 -7.774469779492835 24
7.140495183277268 -5.122566816212363 24
9.730165576601307 -1.500000000000007 3.428571428571429
9.460331153202615 -1.500000000000007 6.857142857142858
9.190496729803922 -1.500000000000007 10.28571428571428
8.92066230640523 -1.500000000000006 13.71428571428572
8.650827883006539 -1.500000000000006 17.14285714285715
8.380993459607847 -1.500000000000006 20.57142857142857
4.488592219996795 -1.500000000000003 24
-3.896393630456207 11.34980690040761 0
-7.370552552276022 9.469686112756717 0
-10.04599773915035 6.563377897469113 0
-11.63280319127197 2.945825845689581 0
-11.95901391608004 -0.9909521456679979 0
-10.98927991986068 -4.820345095835646 0
-8.82868692807757 -8.127378859508902 0
-5.71136871644487 -10.55368501447787 0
-1.975135083368787 -11.83633564083267 0
1.975135083368821 -11.83633564083267 0
5.711368716444897 -10.55368501447786 0
8.828686928077589 -8.12737885950888 0
10.9892799198607 -4.820345095835619 0
11.95901391608004 -0.9909521456679715 0
11.63280319127196 2.945825845689616 0
10.04599773915032 6.563377897469155 0
7.370552552275983 9.469686112756747 0
3.896393630456205 11.34980690040762 0
3.910683602522959 1.5 0
6.95534180126148 1.5 0
-0.6563036955848209 4.136751345948129 0
-2.178632794954081 6.773502691896258 0
9.210326406380076 5.215122165204349 0
6.977847363816576 8.287865957219555 0
3.688578780204111 10.1869260594052 0
-0.08873492428375396 10.58393772767396 0
-3.254379906938137 2.63675134594813 0
-4.776709006307397 5.273502691896259 0
-3.254379906938139 -2.636751345948127 0
-4.776709006307399 -5.273502691896256 0
-9.12159148209631 5.36881556246961 0
-10.66642614402066 1.89906010218565 0
-10.66642614402066 -1.899060102185619 0
-9.121591482096319 -5.368815562469596 0
-3.228830577670782 2.574906462902252 100
-4.026285874214754 -0.9189734768187546 100
-1.791865786210781 -3.720847644852559 100
1.791865786210735 -3.720847644852582 100
4.026285874214746 -0.9189734768187868 100
3.228830577670795 2.574906462902235 100
0 11.69730112759762 3.846153846153846
0 11.39460225519524 7.692307692307693
0 11.09190338279286 11.53846153846154
0 10.78920451039049 15.38461538461539
0 10.48650563798811 19.23076923076923
0 10.18380676558573 23.07692307692308
0 9.881107893183348 26.92307692307692
0 9.578409020780969 30.76923076923077
0 9.27571014837859 34.61538461538461
0 8.973011275976212 38.46153846153846
0 8.670312403573833 42.30769230769231
0 8.367613531171454 46.15384615384615
0 8.064914658769075 50
0 7.762215786366696 53.84615384615385
0 7.459516913964317 57.69230769230769
0 7.156818041561938 61.53846153846154
0 6.85411916915956 65.38461538461539
0 6.551420296757181 69.23076923076923
0 6.248721424354802 73.07692307692308
0 5.946022551952423 76.92307692307692
0 5.643323679550044 80.76923076923077
0 5.340624807147665 84.61538461538461
0 5.037925934745286 88.46153846153847
0 4.735227062342908 92.30769230769231
0 4.432528189940529 96.15384615384616
9.730165576601308 1.5 3.428571428571429
9.460331153202615 1.5 6.857142857142858
9.190496729803924 1.5 10.28571428571428
8.920662306405232 1.5 13.71428571428572
8.650827883006539 1.5 17.14285714285715
8.380993459607847 1.5 20.57142857142857
4.488592219996797 1.5 24
0.8660254037844389 1.5 20
0.8660254037844389 1.5 16
0.8660254037844389 1.5 12
0.8660254037844389 1.5 8
0.8660254037844389 1.5 4
-3.566044682623994 9.176570572365593 3.428571428571429
-3.431127470924648 8.942887106886801 6.857142857142858
-3.296210259225302 8.709203641408006 10.28571428571428
-3.161293047525956 8.475520175929214 13.71428571428572
-3.02637583582661 8.24183671045042 17.14285714285715
-2.891458624127265 8.008153244971627 20.57142857142857
-0.9452580043217396 4.637234889746416 24
7.140495183277271 5.122566816212357 24
4.488592219996798 7.774469779492831 24
0.8660254037844394 8.745133632424716 24
-6.16412089397731 7.676570572365594 3.428571428571429
-6.029203682277964 7.442887106886801 6.857142857142858
-5.894286470578618 7.209203641408006 10.28571428571428
-5.759369258879272 6.975520175929213 13.71428571428572
-5.624452047179926 6.74183671045042 17.14285714285715
-5.48953483548058 6.508153244971626 20.57142857142857
-3.543334215675055 3.137234889746417 24
-1.732050807568877 5.551115123125783e-16 20
-1.732050807568877 5.551115123125783e-16 16
-1.732050807568877 5.551115123125783e-16 12
-1.732050807568877 5.551115123125783e-16 8
-1.732050807568877 5.551115123125783e-16 4
-6.164120893977314 -7.676570572365589 3.428571428571429
-6.029203682277967 -7.442887106886796 6.857142857142858
-5.894286470578622 -7.209203641408003 10.28571428571428
-5.759369258879275 -6.975520175929208 13.71428571428572
-5.624452047179929 -6.741836710450415 17.14285714285715
-5.489534835480583 -6.508153244971622 20.57142857142857
-3.543334215675057 -3.137234889746413 24
-8.006520587061708 3.62256681621236 24
-8.977184439993593 2.775557561562891e-15 24
-8.00652058706171 -3.622566816212356 24
-1.735055685013478 -6.005204600404559 3.359323913608735
-1.879053887158801 -6.254616802718831 8.337745105949779
-1.650875505436337 -5.859400252386679 15.20144476625159
-1.818858420723986 -6.150355196468425 11.77807799229967
-1.272287218932526 -5.203666105011636 18.97518942092255
-0.7131981521816189 -4.235295435442799 6.028022746496378
-0.4907590067809747 -3.850019534016683 9.872831007798352
-0.4106872921517203 -3.711331256029658 2.784833945164577
-1.564494320051105 -5.709783650481431 21.55150824228212
-0.4488192629978767 -3.777377766927936 13.59865978810885
-0.4147332133089825 -3.718338997037454 16.74523682555171
-0.3473756284325161 -3.601672237756282 21.71127870809445
-2.249797236626529 -6.8967631205652 5.804520328665884
-0.5100138324806875 -9.862545283687052 8.373049192755268
0.2953617441588789 -9.412080082418333 15.26449073363214
8.517422461168907 -4.429083068754525 11.95764612107943
5.271913563588063 -9.202777426430103 3.305613956971197
5.891937084741533 -7.069575524496456 20.73624081888935
9.099079586308175 -4.391741460908505 5.182153247210592
2.806575270812643 -8.742230698370307 20.79072649344712
5.289672326624336 -7.86888357004903 17.52865695641583
7.505268599022188 -5.525177061339432 17.40561924071148
6.515777079552082 -7.157164957364537 14.46951404401988
8.779017662896987 -4.497133435454798 8.543644049340147
6.976716919906969 -7.160362758267787 10.2220575729751
4.367373303356398 -8.927268832335198 11.72499854982976
4.846085314231408 -8.999452975386948 8.180548577367681
-0.7491555668094592 -10.08157882001935 5.104311627239017
-0.4305166665896782 -9.600155927375777 11.82579386036758
-0.2497392326273833 -9.071959061113688 18.80836408264931
7.557108139307349 -6.935645208484212 6.521507894025687
2.303103452532894 -10.07333789060821 5.603795438782987
7.922028897657007 -6.914453415040358 3.048984137549288
3.727458059452677 -8.93235498463299 14.86402106250346
8.332179554631542 -4.232302667198479 15.03868080110503
2.264717847839423 -9.759682918412835 9.614805747543297
2.080950198269154 -10.32945971949756 2.812144899966357
7.845458694589534 -4.363938106856176 20.20027359182377
2.180791069271438 -9.156752319995656 17.34601503941029
-0.4230004594441146 -8.823828113187837 21.56972956489197
9.447374629849469 -4.010240448917454 2.452414812814133
2.003500321250531 -9.550150614107704 12.75524228603439
-1.336912655815228 -10.17278117762869 2.36064184281933
2.777382568458983 -4.810567720627112 24
6.068187581380262 -1.500000000000005 3.359323913608735
6.356183985670908 -1.500000000000005 8.337745105949779
5.899827222225981 -1.500000000000005 15.20144476625159
6.235793052801279 -1.500000000000005 11.77807799229967
5.14265064921836 -1.500000000000005 18.97518942092254
4.024472515716546 -1.500000000000004 6.028022746496378
3.579594224915259 -1.500000000000003 9.872831007798352
3.419450795656749 -1.500000000000003 2.784833945164573
5.727064851455517 -1.500000000000005 21.55150824228212
3.495714737349063 -1.500000000000003 13.59865978810885
3.427542637971274 -1.500000000000003 16.74523682555171
3.292827468218342 -1.500000000000003 21.71127870809445
7.097670684606364 -1.500000000000006 5.804520328665884
-4.238835450315368 7.341878364870322 0
8.477670900630738 -4.440892098500626e-15 0
-4.238835450315373 -7.341878364870319 0
10.53241529025876 0.1994769081654699 0
-5.101156326609519 9.096375890744685 0
-2.716506350946109 4.705127018922195 0
-1.194177251576849 2.068375672974065 0
-2.716506350946112 -4.705127018922191 0
2.388354503153699 -7.771561172376096e-16 0
-1.194177251576851 -2.068375672974064 0
5.433012701892219 -2.151028124935841e-15 0
-3.213748543947562 5.883681420410992 67.28990840443683
3.177432529221948 4.481712651254909 82.66912391067751
-3.25577773488654 8.859469299602249 32.54357614990943
3.270306209000274 7.539213853236292 48.05554335083139
3.381487224715981 9.125951363561482 28.81400353754705
-3.060389446300829 6.967813461011353 55.77664239291649
-3.742231684529926 7.655042782553827 44.2074682700067
-3.297515537196784 9.79849809678991 21.11161024500162
-3.809012682760124 -11.09527489538307 3.419408766471426
9.884519843909363 -6.321123640611522 3.394155304643853
-2.817894544132049 4.376726030725945 86.33349174119631
3.541985050372632 10.03540916690687 17.25327613747449
-11.3196219633247 -3.092753940500477 3.373238523878332
3.141425038482989 3.752172511923079 90.29533585463945
10.5478718400244 5.127823093208041 3.452736730492061
3.27094646601781 5.150938985619188 74.94446563161718
3.319557848809724 8.176650330765103 40.34475574628594
-3.164125686601178 4.863113126777059 78.75485642628908
3.836472353513486 5.515912149700751 67.10255841062164
3.253310064738898 6.549351529824886 59.55566450511531
-3.669794963381802 10.30782679394296 13.44820196145923
-3.415592807225254 -2.723844371020274 96.96476903409871
-8.630693833987415 7.945113376504877 3.419408766471542
3.809012682760148 -11.09527489538304 3.419408766471707
3.62551118832423 10.64571497628379 9.578748179178495
3.523592931555294 -2.633579180006032 96.57950772588461
5.583284939902463 10.31700692552853 3.419408766471381
-3.306234306775616 11.06555625010669 5.731422828050557
-3.1132268918116 3.374681076347565 94.13560339841358
3.224042144942172 4.812366599042043 78.873476585039
-3.245444915275248 6.213887481933059 63.39923967603456
3.29597773825231 7.854154908482224 44.24681280899749
-4.277270915254395 0.8839995536723747 96.9780051014545
-4.572291850264673 -0.6087510069504398 93.86533233342222
-2.380981615854184 -3.967763370978763 93.67860409287384
-4.167909695589318 -2.514782277294543 90.62303120156028
5.261510892665558 2.066990261246719 80.64680223727419
-0.9237778919459773 -4.80108364624302 90.35193927379757
-3.013742045850459 -4.148411874349152 87.3225173675719
0.5869825869384447 -5.124635680411549 86.93403556407078
-1.689962471480975 -5.122782828649765 83.93290014234525
2.731760487415059 -4.102942731135808 89.8434941552682
3.897373372224183 -3.450955103805581 86.33062376829565
-4.619206734186632 -2.74525964620429 84.19882538123187
-3.620907277386767 -4.323373963597366 80.81942428518379
-0.1873336032435064 -5.663254032746599 80.4766336746259
-2.441209115202028 -5.37961283511469 77.4112834124462
-5.700789086522149 3.829378504189166 65.2140595431384
-5.599839637092569 3.428112131907595 69.04764450439538
-6.721468060586366 0.4887954665235038 66.84457821158199
-6.938250966554015 1.121262930929127 63.17183930214747
-6.438779606489308 0.0423502128172863 70.66023524719105
-5.916565989821929 -2.946657784613637 68.48986022909331
-5.205468042889199 -2.753265683547489 77.65080134600056
1.334465356796285 -5.790428627986908 76.9715180640716
-0.9881053621990269 -6.101211141251321 73.94113796353074
2.775568813770978 -5.568038290200307 73.42303853409744
3.355453354230359 -4.628925851986175 79.8309365853605
0.5311196167612977 -6.435164392552136 70.42992237761062
3.842791694981156 -5.247299051160193 69.8341028507366
1.943402915319675 -6.451079321379671 66.86703132273864
5.463286858366074 -4.023661084854319 66.26180261067503
3.421004872982743 -6.127111939367729 63.30914599902164
6.032398455548307 5.810829952541882 46.04865135579522
5.953232912717757 5.454019384401307 49.8862644931361
7.749788513652139 2.801103881044657 47.7693122986806
7.556024708681669 2.433005193501521 51.6116595053097
8.093569449835766 -0.6609278683851676 49.29358683715581
8.41081252268693 -0.2753269105294332 45.54770706127869
6.118978245032839 -3.566700569080592 62.48146878709193
4.652197573809397 -5.627547856048996 59.69981156434729
1.216089672784625 -7.150044831844977 60.31985223745507
2.613305668683606 -7.06618283733709 56.74662677875487
7.430991664144964 -3.690484198562376 47.05176395346279
7.923473235190325 -3.335383957306125 43.24083662785011
-1.186921468407975 -7.399115471130189 57.25784099797168
0.3897871682212047 -7.760759914406725 53.7403547646635
5.791051823728526 -6.203411231724492 44.64481503870915
6.446617532365205 -5.968630744192239 40.84523745278359
3.431885792431527 -7.975742133653394 42.14954416661956
4.235985411151225 -7.918583106006135 38.3676935631822
0.6821139576620818 -8.859183261117758 39.57469211406195
1.530853542585208 -9.053601813515593 35.8046358458669
8.400454304437659 -2.929933348496594 39.43054314031117
-1.901538310852797 -8.89538242283445 36.89430637743627
-1.267945255295071 -9.30127819946744 33.19746049117638
2.428357927247271 -9.162634299525639 32.03277877511204
-0.2507154243478832 -9.683080772088772 29.39801548132556
3.276037674758733 -9.213686709586298 28.22333628339262
0.489172257089583 -9.96941571471698 25.64862189077443
4.106722543920317 -9.201123923599496 24.44669030185984
6.495396537363038 -7.442035754283303 26.96308847224153
-2.489632950233617 -8.440358238297765 40.66135722862103
1.367747165724474 -10.18796692771487 21.86270497060856
4.913859877108733 -9.138643596255113 20.63521345178836
-3.193534714277809 -9.365895246216123 26.74166045444581
-5.380449668993738 -7.599381081223917 34.16349760765138
2.210078917119217 -10.34524815085215 18.05950029086366
-1.516967626644887 -10.37805387353595 19.20751171091182
5.678643366158746 -9.041799227589999 16.80864592345207
7.85536410053908 -6.937918363677293 19.30672886097412
8.467931572528018 -6.67603737514133 15.4621248423595
9.84482133127567 -3.911421407520033 17.87278692427805
10.31349310248062 -3.517382629580221 14.01756068454768
-0.6120061800224627 -10.76850109362723 15.42688085896479
-4.249612977003103 -9.821535065525127 16.49920914269994
10.70530706117178 -0.4201439241643474 16.34591689577854
10.37677372167279 -0.8218664069541807 20.21214391096737
-3.407873913423419 -6.947750706992416 54.14711199203694
11.01792054428744 0.0006748605605127287 12.478502368863
-1.937969993222941 -7.7745555673332 50.6665577435035
-5.322386137540462 -5.954396402771401 50.99758692874594
-6.315879071754057 -4.43559985689421 54.41014961848915
-7.488177183548607 -2.738418614381618 51.16549200375401
-7.66291156563319 -0.8490251220603395 54.51212554270817
-7.896949077128633 1.072163257561648 51.21362688232405
-8.184474183419091 -0.8705831516622805 47.89418433741796
6.450265780480368 -8.882264488514206 12.99496211849589
10.38259215152734 3.119543919148629 14.72503030702503
-2.589424519668267 -6.736918172846543 60.76841040692662
-3.425144627517656 -10.45134189055624 12.72805936539688
-6.747962441089299 -8.585387200419344 13.72417275767203
-7.363312504584102 -7.6599423774048 17.46955863775428
-9.216762727121889 -5.723250973687296 14.62278279314288
-9.536717562114204 -4.528917535474053 18.32913982793053
-10.57093424040303 -2.147961431323768 15.41320351121609
-10.46681932337586 -0.816334212174637 19.07703144406101
-9.732475725000482 -3.27164164261433 22.01154040578492
-10.19833587254766 0.5265208057886805 22.71973007340373
-9.783731487734102 -1.966949128285703 25.67296914467075
-9.751519390839283 1.858332090240626 26.33983468570531
-10.58236801175684 1.802899274094763 16.07528214198876
-9.687187086225446 -0.4180093385033143 29.27253415256335
-11.01250947794285 0.3971673641403916 12.4562852148679
-10.17317252897955 4.108007991497991 13.07102031605711
6.908323784294662 -2.54196148533146 58.9421982266571
-8.78247892667366 -6.856972773178866 10.8985893735537
-10.89267433880354 2.835569149828124 9.457214545759493
-9.278653599147624 5.305462538275806 16.6657845737703
-9.113796440071811 3.153235722756769 29.93750145836191
-9.357293032503295 0.9980666729912377 32.90436462118014
-8.102355302937555 5.676913212092636 26.76936867095036
-8.741062386190325 -4.322333621277568 28.57186412400356
5.526783870095705 -2.975323957660133 72.72048054554459
-9.252523938327725 6.333981023641354 10.00140025851195
6.907523478749336 -4.029955886549009 50.86101817507515
10.57575101278081 3.520061540446031 10.84880366805723
11.31558464633513 0.4081786503786002 8.602809420339264
8.974881535355147 6.318228320155813 13.01350848550482
8.845496048510531 5.9683702935334 16.89011634263145
7.141495859639576 0.1177152900687875 61.72082201360877
-7.685506815265378 2.95466603238378 47.85287071102819
-8.432499064760407 1.040502130745254 44.51680673541912
-8.030719218375239 -2.769497497109309 44.5370854530014
-8.710494764848995 -0.8726755074234395 41.24305922708277
-8.330667519283365 2.789376138723704 40.84725504475919
9.083270146938267 6.69017594038769 9.133908576039383
0.2549562409788295 -11.08226267541083 11.62369933505908
-4.140870031285669 -7.140429499961782 47.59434720857401
1.568975326122681 -7.898598373967747 50.15239134749162
7.340249894612732 1.175220688577208 58.01990127534502
-8.232144387747413 4.46769776294071 33.46368782882582
-6.948563492034686 -2.70585499010657 57.72655707073598
-5.504355379608286 2.996450244430662 72.84329996013763
5.82527924873282 5.142303763685587 53.74375775698143
-6.478106068781883 4.657464653016244 51.09690907695968
-7.409821006335656 0.8853633889809458 57.65405543112099
-11.27217837727938 -0.8500103053264967 8.841210351246657
-7.592171156123203 -4.367288606517383 41.18502256814706
-8.462649371908357 -3.11423907727329 37.89652815783359
-11.50663374660943 0.8117400765010859 5.905456729298163
-2.642555216221052 -10.97655456081945 9.019296250941849
7.496901726899391 -1.523017162654822 55.27147838543051
-5.480566104102181 -3.180992203191419 71.95749595877129
4.986428075485638 1.979888415474969 84.30424969060425
-1.613544622331932 -6.523223693716246 67.0910549554031
1.177879191241902 -11.35387093900846 7.435601079623435
-8.809831078752181 2.387532150705074 36.49705772699583
-7.206687265993241 5.512315063876685 37.18921989783401
-5.969896897321604 6.437707827360277 40.91734323626702
4.682169777183951 -1.714684285248885 89.11793074351317
4.106458645292601 -2.310489625791766 92.60494920429588
-5.740452272115627 5.904603289294521 47.83738941232055
-4.690446735387388 1.254903866020904 90.78053429165654
-6.89077999248452 -5.827844216186096 37.80378045631254
-7.542069798448628 -5.462178084037877 34.15096110110651
-6.402281611396693 -7.124876663343119 30.76448319835202
2.658036675564286 -7.952930922433618 45.9283506628316
-5.011990212035083 -0.9814250488820856 87.58164002365605
-4.30978434867287 7.930181237457294 37.79294102244994
-0.05949301263184449 -4.373797870819125 96.89494471490113
5.437810937582964 2.425769257960733 76.81741565136404
5.587699571852098 2.82027200399946 72.94506308023425
-6.097069356379583 -0.6805616705766157 74.52272551458579
4.997592158204513 -2.287207806644663 82.6397327241758
6.422026000394432 8.698937937101336 15.08639540346887
6.114894438187475 6.159055087524089 42.19668184840133
6.139986763947832 6.557663234334483 38.32889436246449
8.074059986098748 3.617059567717795 40.0596794203086
8.219860201464416 4.018546156607046 36.21801957081868
6.227490249577618 6.886376630063793 34.50241414923185
8.353721424266936 4.420770529828784 32.38376489855743
9.265725093709401 1.034306625644553 34.01101929153393
9.515127178311488 1.45547118171142 30.16706076394859
9.273555228590102 -2.081196685996064 31.71188603136296
9.661823163084167 -1.677915767373331 27.87184663657472
9.745115826842357 1.896727057262967 26.32746610118726
6.155109641835109 3.782142525560783 60.68149130237218
6.53689994807621 2.3064230900129 64.39685623619435
4.124093121341191 5.681053074920372 63.27499176307371
5.924721112562403 2.903228322415236 68.6413724542072
6.705608572233538 -0.7433903141448424 66.74964226454996
-3.149633466306311 9.208503740988455 28.81446833588597
-6.799156489355326 6.780077027356822 30.46976381933372
6.272680699543022 7.252997213954823 30.63229387876894
3.424817003138112 8.783625378920933 32.68422501861781
6.27265560049749 7.650592383585347 26.76791286492602
8.856693874414747 -2.500771946410664 35.5394771314804
7.716130355373752 -5.352627411904773 33.15156592819331
7.080356596848777 -5.693208369560558 37.03379947176595
5.087992131749032 -6.415161394420571 48.43712658323304
5.659187500338486 -1.336082905341356 78.59083090662011
3.656060944166365 2.767451965606152 94.21187059484974
4.282451745001552 0.8502221189687372 96.99870917382093
3.10881660211555 4.151595880050725 86.57286023530499
6.485840875475668 8.264392316332424 18.98895008989573
8.710689752060228 5.620047272972959 20.75759249832923
3.564035243356566 9.700792425928157 21.15859965850634
7.922955680820286 3.193893957489923 43.93179280276628
-3.182873906471004 4.483575708259208 82.60981160838
-5.274460263207301 2.073997266700021 80.4611004648701
-5.119291401965858 1.614789335008924 84.2684196338012
6.681369596832298 8.885326631180375 11.21841295671531
6.844255360442107 9.183088341081824 6.949332170305026
10.17951885791493 2.719224994450689 18.59615982359722
9.967054559930244 2.316360904704772 22.45595182042057
-3.144617887825967 5.230186812348898 74.93175104653113
1.934781934297522 -5.079409767513658 83.41090433262681
-3.253376719494234 6.549329588493538 59.5555374068739
-5.797800543653905 4.228530187238267 61.29474697374359
-3.690247845470632 7.022602621137498 51.67422247450334
3.219816975596809 6.894540833873587 55.78874224950925
3.44451109727355 5.403186564082621 71.05645023228901
8.582831088977485 5.250035497281205 24.63471599935327
-6.953957164101937 4.906025587067401 44.33979664187699
3.341365620200739 8.491107383545247 36.53172843524582
-3.181370801037348 9.52162597561184 24.91625971182517
-7.002798177775034 7.378492405234416 23.2196047372298
-6.627936321350682 8.151047244181116 18.98725753655535
-8.640337047517235 5.735399446064394 20.70294677471677
-6.413918075612752 8.70117565951827 15.12467223018843
7.182736279524387 -7.212277764080619 23.14011466560741
3.469064951183797 9.415227463841344 24.98054804332518
-3.588744890302234 10.01689256168288 17.27588477653849
-6.660053228645779 8.918070410106669 11.04789741477922
3.501448111218669 10.36818371707418 13.4245812188811
-2.356929882646372 -9.914539755082965 22.98755915515928
-5.752983877276272 -8.314276816222913 24.00723511583531
-7.929483459274334 -6.624074934461203 21.19096564900301
-8.441186758737079 -5.443682663118737 24.84993425181581
-7.21707490412503 2.72504373485287 54.45365652499184
9.00188270871949 0.6032741618312659 37.83812846387183
8.717512320331224 0.1651112640531981 41.68809462473726
-6.099228486953693 -3.283277592899592 64.46117138660078
10.02985308113895 -1.237229813913141 24.06715203683362
-6.920501369243543 -4.466793796120471 47.81544066459566
-4.6991924188389 -5.802550227963507 57.60070639649811
-5.604719388963197 -4.524662044177692 60.94969105122838
3.061288040541089 -10.43938153723168 14.24392977675859
10.74860129866172 -3.135860919017748 10.2069154340045
11.12491700872893 -2.935034655767522 6.282292443171867
9.533379415932792 -6.227295700650283 7.788476226684907
7.20046043972152 -9.032191961322473 5.704249278435497
11.62242739225482 1.068720916854336 4.174494133606623
-6.138203635876195 -5.876870770459351 44.49776450141591
-3.705706249411715 -5.882104340959601 64.13991053283945
-5.077435568963178 -9.077406557346258 20.31791723891754
-0.2882140857324346 -6.964201400287698 63.91014212375671
-6.096589418697781 -9.407055114167921 10.03960849707295
-8.058352070604043 -8.113957184229738 7.171164219492087
-10.54508761527032 -3.381743364312551 11.7650362839071
0.08420533470621346 -8.589432514391156 43.33012440689709
4.516188123139335 -6.379064350149375 53.16393017023162
5.794892315999174 -4.90148940319052 56.03664356540731
4.072190016448197 -10.41127177942188 10.42766221946671
5.045758616449179 -7.793611342624279 34.50498708854554
9.353118064186885 -4.288730062997248 21.73383179504641
8.830893697219775 -4.663359871001274 25.58303572651015
8.456233625845826 4.867546262563966 28.49881604988497
5.804409705313732 -7.621024034309472 30.75247764740185
-10.25770463290392 5.178078911131035 6.473028797525216
8.300778852722221 -4.993328072675533 29.3905757952672
-10.29881576765701 -4.821657449946422 7.984187856365592
-3.200633963616607 5.545316124772947 71.12041853286362
9.080379560016372 -6.348091242539329 11.69822029383473
4.520599496703763 -3.935880582470612 76.31458940344676
6.429996934333646 7.909821985732242 22.95207473752704
-3.603453651278083 10.65856818094449 9.514150629231441
8.450692796680777 8.138060097913916 3.403959491999703
-6.261634517498142 4.067125445045644 57.60276746306237
3.239331756792812 7.22487210055469 51.868875598896
-0.04718123912198847 -11.73666604211394 3.344770207887469
-10.08197956254051 -5.949797687214947 3.726958034857602
-7.530439445422418 -8.975822637120233 3.604086271596314
-5.292653280000702 2.782706658833043 76.49641487974421
10.75638332373883 3.897184583458203 7.107572426974622
1.116538227789212 -4.522928016685365 93.27999296042567
6.442930970736337 -0.1466572697246115 70.58805108428736
6.845110856428354 -8.940872070613564 9.398565285688766
5.890054643293821 4.624680480820023 57.32168334791353
-10.131816022425 2.594424111266479 19.58387491242166
-5.778600291798615 10.22813237147914 3.206609444452352
-7.318273120999217 8.835642696906341 6.698399096669472
3.153571137335155 11.08750541272907 6.006695905738188
-3.062192770992699 -5.657202652786993 70.73793305249328
-1.038235552706787 -8.212731936570989 47.29125463173682
-5.880507304918077 7.209528478687592 34.26053648306463
-5.27318466601506 -10.19995866484992 6.576663225402159
-10.9448057540727 4.300807579338091 3.055907837162817
4.527297058310045 -10.52422774782842 6.903384479773395
-6.271511269558291 -7.594598659751935 27.32654310852826
-5.88424903997193 7.956958315830808 26.72951731667964
-8.922966546968638 -3.224671097498191 31.92087115092013
6.062175831912949 -0.5155269688868627 75.16918892446202
-9.232777060478334 4.152225397643538 23.84325860972986
11.41350672568135 -2.89029243851477 2.874381086551333
-5.429304582363539 -1.508034142645385 80.87692083548143
-2.993594578312962 8.257878026408315 40.86640769673178
4.726761959406261 0.6757874636424729 91.80453479411074
-3.50316790612962 -8.927514502659676 30.61890570298383
7.398135477348259 2.053720169803803 54.91746542448267
-2.678231393665336 7.770422046461875 48.04183454673129
-3.537597894507845 -7.736843726187788 44.37956138562831
-7.054711390433704 -1.512941252080315 60.79767599490603
-4.287738596895608 -4.329239788235686 75.05307980651777
-11.75386743807442 0.9739532238519784 2.615566636583333
-2.610269484400889 4.136490153060944 90.32558230896208
7.245627232442192 -9.309182058552956 2.584327314864275
4.839456285904427 1.576871404464874 87.80142174536873
9.520370677706147 6.498132335320629 6.014745764104124
-9.103091075145892 -1.594197738010087 35.04840811940176
-5.632634301123052 5.320691086196854 54.02283135770028
-1.872381276445161 -11.38249108411593 5.902497658346634
7.835334115426702 -0.747360641837753 52.4652369374509
5.837574127703688 -3.001768655560917 69.06919574195754
-8.639798501114683 6.773048162128948 12.98353315466335
2.998780108526409 3.150491641629044 97.2086302191444
-2.703714494624518 3.407052942739645 97.20891928206666
-5.471046683271028 -6.807458801772014 41.50494514683179
-5.844406604986242 0.1312676688643294 78.19550131087449
-2.810293386194912 11.43916655721956 2.804058776005244
2.859507460082605 11.4227987832511 2.855394504863018
5.163452717357922 -0.8183929021767884 86.04760099369274
-4.330565809280175 -5.137277792671655 67.10103004340861
-11.22703761269288 -2.504477388026714 6.31510993011539
-4.5635701683372 2.22569091032811 87.96012061743761
-8.967684791755026 -0.01991481088994912 38.52893689225566
-2.840585079853166 8.778627302485708 35.23727203571966
4.565507725670106 -0.05469789955033599 94.46001779304723
6.815155133619848 -3.738221658570366 53.70821882825883
-4.46567587082879 -7.796097614462649 38.31544812873985
6.837560528676752 -1.28314396134358 64.07844668488362
-7.043931611306413 1.669099351502292 60.49446525361567
6.068187581380265 1.5 3.359323913608735
6.356183985670911 1.5 8.337745105949779
5.899827222225983 1.5 15.20144476625159
5.142650649218361 1.5 18.97518942092254
6.235793052801281 1.5 11.77807799229967
4.024472515716549 1.5 6.028022746496378
3.579594224915261 1.5 9.872831007798352
3.419450795656752 1.5 2.784833945164577
5.727064851455519 1.5 21.55150824228212
3.495714737349065 1.5 13.59865978810885
3.427542637971277 1.5 16.74523682555171
3.292827468218344 1.5 21.71127870809445
7.097670684606367 1.5 5.804520328665884
-1.497512668929953 5.593768027564752 2.794070669777737
-1.935931222648849 6.353131237586744 8.347258184822802
-1.650875505436333 5.85940025238668 15.20144476625159
-1.82833797663899 6.166774268946412 11.77966350544518
-1.272287218932522 5.203666105011637 18.97518942092254
-0.5953454664824808 4.031168596003452 5.759386326594144
-2.205192302321985 6.819505108081469 5.437285893381794
-0.4774592907251223 3.826983750081713 9.847386192302544
-1.564494320051101 5.709783650481432 21.55150824228212
-0.448182569641067 3.776274981685106 13.59468323771713
-0.2034222046856755 3.352337593903266 2.510691399274378
-0.4146868070876379 3.718258619104303 16.74494698951733
-0.347375628432513 3.601672237756281 21.71127870809445
8.796221677887727 4.489587706633809 8.373049192755268
8.003419581748371 4.961830814956832 15.26449073363213
-0.4230127775715015 9.590845760513712 11.95764612107943
5.333882254868403 9.166999785838069 3.305613956971196
3.176463455815859 8.637354955134022 20.73624081888935
-0.7461801211539466 10.07590480325353 5.182153247210591
6.167706235126537 6.801680831342093 20.79072649344712
4.169816907772294 8.515432397576719 17.52865695641583
1.032309396015898 9.262341799648574 17.40561924071148
2.940398132377424 9.221410954970748 14.46951404401988
-0.4948770321362591 9.85141903406848 8.54364404934015
2.712697589018425 9.622195466786051 10.2220575729751
5.547554943537123 8.245890644684202 11.72499854982974
5.370712239732834 8.696559478724577 8.18054857736767
9.105481151796628 4.392001657766156 5.104311627239017
8.529237246694011 4.427239593668649 11.82579386036758
7.981416625330568 4.319699010779903 18.8083640826493
2.227890872529474 10.01247023202842 6.52150789402569
7.572214787904612 7.031215042741241 5.603795438782988
2.027077861880512 10.31790498240558 3.04898413754929
5.871917302586382 7.694250863343566 14.86402106250346
-0.5008081510172572 9.332030496803464 15.03868080110503
7.319774416306849 6.841144647839386 9.614805747543276
7.90509942531839 6.966885595460132 2.812144899966357
-0.1434480862143513 8.976335587284124 20.20027359182376
6.83958459064261 6.466996626333125 17.3460150394103
7.853159534370032 4.045584912902832 21.56972956489196
-1.250717210878312 10.18678665297698 2.452414812814133
7.26892288115956 6.510157481747103 12.75524228603437
9.478343254874233 3.928590266237439 2.360641842819333
-4.33313189636679 4.505204600404561 3.359323913608733
-4.477130098512112 4.754616802718834 8.337745105949777
-4.248951716789649 4.359400252386681 15.20144476625159
-4.416934632077297 4.650355196468428 11.77807799229967
-3.870363430285838 3.703666105011638 18.97518942092255
-3.311274363534932 2.7352954354428 6.028022746496377
-3.088835218134288 2.350019534016684 9.872831007798352
-3.008763503505033 2.211331256029659 2.784833945164575
-4.162570531404417 4.209783650481434 21.55150824228212
-3.04689547435119 2.277377766927938 13.59865978810885
-3.012809424662295 2.218338997037455 16.74523682555171
-2.94545183978583 2.101672237756283 21.71127870809445
-4.84787344797984 5.396763120565202 5.804520328665882
-4.333131896366792 -4.505204600404558 3.359323913608735
-4.477130098512115 -4.75461680271883 8.337745105949777
-4.248951716789652 -4.359400252386678 15.20144476625159
-3.87036343028584 -3.703666105011635 18.97518942092254
-4.4169346320773 -4.650355196468424 11.77807799229967
-3.311274363534933 -2.735295435442798 6.028022746496378
-3.088835218134289 -2.350019534016682 9.872831007798354
-3.008763503505034 -2.211331256029657 2.784833945164575
-4.162570531404419 -4.209783650481429 21.55150824228212
-3.046895474351191 -2.277377766927935 13.59865978810885
-3.012809424662297 -2.218338997037453 16.74523682555171
-2.94545183978583 -2.101672237756281 21.71127870809445
-4.847873447979843 -5.3967631205652 5.804520328665882
-8.28620784540705 5.372957577053258 8.373049192755269
-8.29878132590725 4.450249267461494 15.26449073363214
-8.094409683597409 -5.161762691759191 11.95764612107943
-10.60579581845648 0.03577764059203725 3.305613956971196
-9.068400540557393 -1.567779430637572 20.73624081888935
-8.352899465154232 -5.68416334234503 5.182153247210592
-8.97428150593918 1.94054986702821 20.79072649344712
-9.459489234396614 -0.6465488275276904 17.52865695641583
-8.537577995038092 -3.737164738309143 17.40561924071148
-9.456175211929496 -2.064245997606218 14.46951404401988
-8.28414063076073 -5.354285598613687 8.543644049340147
-9.689414508925397 -2.46183270851827 10.2220575729751
-9.91492824689352 0.6813781876509931 11.72499854982976
-10.21679755396425 0.3028934966623741 8.180548577367679
-8.356325584987172 5.689577162253194 5.104311627239018
-8.098720580104343 5.17291633370714 11.82579386036758
-7.731677392703189 4.752260050333784 18.80836408264931
-9.78499901183682 -3.076825023544211 6.521507894025687
-9.875318240437506 3.042122847866971 5.60379543878299
-9.94910675953752 -3.40345156736522 3.04898413754929
-9.599375362039066 1.238104121289426 14.86402106250346
-7.831371403614288 -5.099727829604989 15.03868080110503
-9.584492264146277 2.918538270573455 9.614805747543294
-9.986049623587544 3.362574124037426 2.812144899966358
-7.702010608375183 -4.61239748042795 20.20027359182377
-9.020375659914052 2.689755693662527 17.3460150394103
-7.430159074925921 4.778243200285005 21.56972956489196
-8.196657418971162 -6.176546204059521 2.452414812814131
-9.272423202410096 3.039993132360605 12.75524228603439
-8.141430599059008 6.244190911391249 2.360641842819332
-5.900042359436546e-15 -6.661338147750939e-15 100
2.777382568458986 4.810567720627109 24
-5.554765136917971 2.775557561562891e-15 24
4.791122031004985 0.1236615085375261 8.067598647800926
0.002181072524600758 -0.0002163167956412693 33.54054237077069
0.007832713018935067 -0.003882560584594685 43.59045245269272
0.01655358109324112 -0.0004954739686295895 53.69922580383172
-0.02367238218065371 -0.03198854006312191 61.35460879896726
-0.05621694131053701 -0.03231202712870562 69.24510364831376
-0.001080027182793764 0.05019373620585998 75.31566377511179
2.564701918899689 -2.081941673628631 38.51228291829576
-3.073714102395688 -0.3366779580059156 38.56710667931566
1.086314390144067 -4.102194290811246 29.66695214693758
-1.847394610965449 -2.059331734244504 48.73319608548311
1.514438437906573 3.403781271075731 38.02127487599492
3.922128116676979 1.921053683970606 30.00983978320588
0.008734727146694463 0.006788822817267004 81.27046461547744
1.680006799728839 2.223994303460668 48.40088602330403
-3.643407972243425 -0.9591836045456371 29.27530632749891
-0.08903978821095304 -0.02561946422377304 88.76685239809571
-1.144458810791338 4.189449851938845 30.08319942027423
2.313241887270999 -1.968961268430824 57.61357893193578
-2.771908158212653 3.576595775356407 35.54807573219011
4.728228520152705 -1.571465208193434 33.23222473192085
2.713278290191505 -2.346730279629425 46.94681031992667
4.115770850149772 1.450219302122752 41.6305360641252
-1.368880935797042 2.085139972425369 65.29446179275227
1.053021447248579 2.74263181225558 57.54381879123979
-2.364948139132901 -1.742202982839426 57.67570471677136
-0.06779108854410251 -0.1307571101749723 94.96497955225448
-0.0273300482655261 -2.51966500645185 65.29980627217213
1.223934375200342 -4.461607839361659 34.62486859266307
-2.090776529030614 3.562030152363332 41.1737165927606
-1.062126888462747 -3.896929731286024 41.03685073955091
-3.381820142588598 -3.16921338982247 34.72331132087484
2.467108356318485 4.378142266043451 33.62253114838019
-2.844239935207258 2.215930840948249 46.76555655697881
-4.499492692253371 -0.4797842134340383 42.86357675195324
3.566553101435278 -0.8369657518994376 51.08531655433229
3.587357790199669 -2.951616265465265 42.68969513327305
-3.419267579943701 1.373704976573096 51.15950248825748
2.709508438335805 0.7763163715539888 65.99870289228645
4.960134485452425 -2.193177798462208 28.89571370150078
4.933411872068085 1.227514129349949 36.51932058715777
0.6932837245378756 4.270668429445845 44.58424429561575
0.4720120167145271 -2.220446049250313e-16 28.10216227130675
-2.774037304788841 -3.105402775901934 52.66038495773272
-0.6996978450236295 -4.403299405877882 45.30234013653436
-4.739736921826459 2.417325104200015 31.82291682044222
-2.729855349636916 -0.2107985876925522 72.29874230513035
4.590432087894954 1.207680992194761 45.69657244953851
2.399599880369206 3.171152341778468 52.40173753212049
-3.127107439571866 1.779472174196769 59.50559091507927
-3.165496412203301 2.197499354399064 55.22761904957962
1.314716457927697 0 7.662622331000847
0.006320344865668903 -1.587192433777715 85.01244362142458
-2.697508352067521 -5.232320427772446 27.90724476214161
0.2530565781204408 -2.821908650383394 72.05533610755374

CELLS 3984 18116
1 0
1 1
1 2
1 3
1 4
1 5
1 6
1 7
1 8
1 9
1 10
1 11
1 12
1 13
1 14
1 15
1 16
1 17
1 18
1 19
2 0 20
2 20 21
2 21 1
2 1 22
2 22 23
2 23 24
2 24 25
2 25 26
2 26 27
2 27 2
2 2 28
2 28 3
2 3 29
2 29 30
2 30 31
2 31 32
2 32 33
2 33 0
2 1 34
2 34 35
2 35 36
2 36 37
2 37 4
2 0 38
2 38 39
2 39 4
2 2 40
2 40 41
2 41 42
2 42 5
2 4 43
2 43 44
2 44 45
2 45 46
2 46 47
2 47 48
2 48 5
2 5 49
2 49 3
2 6 50
2 50 51
2 51 52
2 52 53
2 53 54
2 54 55
2 55 56
2 56 57
2 57 58
2 58 59
2 59 60
2 60 61
2 61 62
2 62 63
2 63 64
2 64 65
2 65 66
2 66 67
2 67 6
2 7 68
2 68 69
2 69 8
2 7 70
2 70 71
2 71 9
2 8 72
2 72 73
2 73 74
2 74 75
2 75 9
2 10 76
2 76 77
2 77 11
2 10 78
2 78 79
2 79 12
2 11 80
2 80 81
2 81 82
2 82 83
2 83 12
2 13 84
2 84 85
2 85 86
2 86 87
2 87 88
2 88 89
2 89 13
2 6 90
2 90 91
2 91 92
2 92 93
2 93 94
2 94 95
2 95 96
2 96 97
2 97 98
2 98 99
2 99 100
2 100 101
2 101 102
2 102 103
2 103 104
2 104 105
2 105 106
2 106 107
2 107 108
2 108 109
2 109 110
2 110 111
2 111 112
2 112 113
2 113 114
2 114 13
2 8 115
2 115 116
2 116 117
2 117 118
2 118 119
2 119 120
2 120 14
2 14 121
2 121 15
2 15 122
2 122 123
2 123 124
2 124 125
2 125 126
2 126 7
2 9 127
2 127 128
2 128 129
2 129 130
2 130 131
2 131 132
2 132 16
2 16 133
2 133 15
2 14 134
2 134 135
2 135 136
2 136 16
2 11 137
2 137 138
2 138 139
2 139 140
2 140 141
2 141 142
2 142 17
2 17 143
2 143 18
2 18 144
2 144 145
2 145 146
2 146 147
2 147 148
2 148 10
2 12 149
2 149 150
2 150 151
2 151 152
2 152 153
2 153 154
2 154 19
2 19 155
2 155 18
2 17 156
2 156 157
2 157 158
2 158 19
3 20 166 0
3 0 166 33
3 1 22 21
3 2 167 27
3 28 167 2
3 3 170 28
3 29 170 3
3 21 159 20
3 159 166 20
3 22 159 21
3 23 171 22
3 22 171 159
3 24 160 23
3 160 171 23
3 25 162 24
3 24 162 160
3 26 161 25
3 161 162 25
3 27 163 26
3 26 163 161
3 27 167 163
3 28 170 167
3 30 169 29
3 29 169 163
3 163 170 29
3 31 168 30
3 168 169 30
3 32 165 31
3 165 168 31
3 33 164 32
3 164 165 32
3 33 166 164
3 164 166 159
3 159 171 164
3 162 165 160
3 160 165 164
3 164 171 160
3 161 168 162
3 163 169 161
3 161 169 168
3 162 168 165
3 167 170 163
3 1 201 22
3 34 201 1
3 27 198 2
3 2 198 40
3 4 199 37
3 43 199 4
3 42 196 5
3 5 196 48
3 22 186 23
3 22 201 186
3 23 172 24
3 23 186 172
3 24 187 25
3 172 187 24
3 25 173 26
3 25 187 173
3 26 188 27
3 173 188 26
3 188 198 27
3 35 195 34
3 195 201 34
3 36 175 35
3 175 195 35
3 37 191 36
3 36 191 175
3 37 199 191
3 40 178 41
3 40 198 178
3 41 176 42
3 41 178 176
3 176 196 42
3 44 177 43
3 177 199 43
3 45 182 44
3 44 182 177
3 46 174 45
3 174 182 45
3 47 193 46
3 46 193 174
3 48 196 47
3 180 193 47
3 47 196 180
3 186 190 172
3 172 194 187
3 190 194 172
3 187 200 173
3 173 197 188
3 192 197 173
3 173 200 192
3 181 183 174
3 174 193 181
3 174 183 182
3 175 189 185
3 185 190 175
3 175 191 189
3 190 195 175
3 178 179 176
3 179 180 176
3 180 196 176
3 182 189 177
3 189 191 177
3 191 199 177
3 178 197 179
3 188 197 178
3 178 198 188
3 179 181 180
3 179 192 181
3 179 197 192
3 181 193 180
3 181 184 183
3 181 192 184
3 183 189 182
3 184 185 183
3 185 189 183
3 184 194 185
3 192 200 184
3 184 200 194
3 185 194 190
3 186 195 190
3 186 201 195
3 194 200 187
3 28 2 40
3 28 202 3
3 3 202 49
3 42 5 49
3 40 202 28
3 41 202 40
3 42 202 41
3 49 202 42
3 0 33 210
3 38 0 210
3 29 3 214
3 3 49 214
3 4 39 43
3 5 48 211
3 49 5 211
3 30 29 213
3 29 207 213
3 207 29 214
3 31 30 212
3 212 30 213
3 32 31 209
3 209 31 212
3 33 32 208
3 208 32 209
3 33 208 210
3 39 38 203
3 203 38 210
3 43 39 203
3 44 43 215
3 43 203 215
3 45 44 204
3 204 44 215
3 46 45 206
3 45 204 206
3 47 46 205
3 205 46 206
3 48 47 207
3 47 205 207
3 48 207 211
3 49 211 214
3 208 203 210
3 203 208 215
3 206 204 209
3 204 208 209
3 208 204 215
3 205 206 212
3 207 205 213
3 205 212 213
3 206 209 212
3 211 207 214
3 0 10 7
3 7 224 0
3 0 225 10
3 20 225 0
3 0 224 38
3 1 57 12
3 12 218 1
3 1 218 21
3 34 58 1
3 1 58 57
3 37 4 62
3 39 217 4
3 4 63 62
3 4 219 63
3 217 219 4
3 6 75 50
3 67 75 6
3 10 222 7
3 68 224 7
3 7 222 70
3 8 72 64
3 64 219 8
3 8 217 69
3 8 219 217
3 50 75 9
3 9 220 50
3 71 216 9
3 216 220 9
3 76 222 10
3 10 225 78
3 51 11 52
3 51 220 11
3 52 11 80
3 11 216 77
3 11 220 216
3 57 56 12
3 12 56 83
3 79 218 12
3 21 223 20
3 20 223 78
3 78 225 20
3 21 218 79
3 79 223 21
3 35 59 34
3 59 58 34
3 36 60 35
3 60 59 35
3 37 61 36
3 61 60 36
3 37 62 61
3 38 226 39
3 38 224 68
3 68 226 38
3 69 217 39
3 39 226 69
3 50 220 51
3 53 52 80
3 54 53 81
3 81 53 80
3 55 54 82
3 82 54 81
3 56 55 83
3 83 55 82
3 63 219 64
3 64 72 65
3 65 73 66
3 72 73 65
3 66 74 67
3 73 74 66
3 74 75 67
3 69 226 68
3 70 221 71
3 76 221 70
3 70 222 76
3 77 216 71
3 71 221 77
3 77 221 76
3 78 223 79
3 50 577 6
3 6 578 67
3 6 577 90
3 90 578 6
3 13 574 84
3 89 573 13
3 13 573 114
3 114 574 13
3 51 538 50
3 538 577 50
3 52 249 51
3 249 538 51
3 53 545 52
3 52 545 249
3 54 562 53
3 53 562 545
3 55 239 54
3 239 562 54
3 56 529 55
3 55 529 239
3 57 530 56
3 56 530 529
3 58 235 57
3 235 530 57
3 59 528 58
3 58 528 235
3 60 250 59
3 250 528 59
3 61 564 60
3 60 564 250
3 62 236 61
3 236 564 61
3 63 552 62
3 62 552 236
3 64 500 63
3 500 552 63
3 65 241 64
3 241 500 64
3 66 525 65
3 65 525 241
3 67 253 66
3 253 525 66
3 67 578 253
3 84 259 85
3 84 574 259
3 85 248 86
3 85 259 248
3 86 417 87
3 248 417 86
3 87 252 88
3 87 417 252
3 88 450 89
3 252 450 88
3 450 573 89
3 90 254 91
3 91 540 90
3 90 577 254
3 540 578 90
3 92 251 91
3 91 524 92
3 251 540 91
3 254 524 91
3 92 247 93
3 93 482 92
3 92 524 247
3 92 482 251
3 94 238 93
3 93 480 94
3 238 482 93
3 247 480 93
3 94 234 95
3 95 454 94
3 94 480 234
3 94 454 238
3 95 473 96
3 96 479 95
3 234 473 95
3 95 479 454
3 97 231 96
3 96 439 97
3 231 479 96
3 96 473 439
3 97 229 98
3 98 442 97
3 97 439 229
3 97 442 231
3 99 472 98
3 98 584 99
3 229 584 98
3 98 472 442
3 100 243 99
3 99 554 100
3 243 472 99
3 416 554 99
3 99 584 416
3 100 233 101
3 101 258 100
3 100 554 233
3 100 258 243
3 102 230 101
3 101 558 102
3 230 258 101
3 233 558 101
3 102 467 103
3 103 527 102
3 102 527 230
3 102 558 467
3 103 232 104
3 104 468 103
3 103 467 232
3 468 527 103
3 105 246 104
3 104 465 105
3 232 465 104
3 246 468 104
3 105 257 106
3 106 436 105
3 105 436 246
3 105 465 257
3 106 227 107
3 107 245 106
3 106 257 227
3 245 436 106
3 108 469 107
3 107 520 108
3 227 520 107
3 107 469 245
3 109 242 108
3 108 463 109
3 242 469 108
3 108 520 463
3 109 244 110
3 110 256 109
3 109 256 242
3 109 463 244
3 111 228 110
3 110 456 111
3 228 256 110
3 244 456 110
3 111 237 112
3 112 451 111
3 111 451 228
3 111 456 237
3 113 240 112
3 112 563 113
3 237 563 112
3 240 451 112
3 113 255 114
3 114 449 113
3 113 449 240
3 113 563 255
3 255 574 114
3 114 573 449
3 257 274 227
3 274 275 227
3 275 520 227
3 228 263 256
3 228 401 263
3 228 451 401
3 439 440 229
3 440 543 229
3 543 584 229
3 230 290 258
3 230 291 290
3 230 527 291
3 231 442 441
3 441 443 231
3 443 479 231
3 232 526 465
3 467 568 232
3 232 568 526
3 406 471 233
3 233 554 406
3 233 471 409
3 409 558 233
3 234 474 473
3 234 475 474
3 234 480 475
3 528 569 235
3 235 544 530
3 235 569 544
3 497 498 236
3 236 552 497
3 498 499 236
3 499 564 236
3 456 458 237
3 458 582 237
3 237 582 563
3 238 452 422
3 422 482 238
3 238 454 452
3 397 562 239
3 239 581 397
3 529 581 239
3 449 555 240
3 240 565 451
3 555 565 240
3 241 532 500
3 525 566 241
3 241 566 532
3 256 418 242
3 418 419 242
3 419 469 242
3 258 423 243
3 423 424 243
3 424 472 243
3 244 457 456
3 244 531 457
3 463 531 244
3 435 436 245
3 245 437 435
3 245 469 437
3 246 436 434
3 434 536 246
3 246 536 468
3 477 480 247
3 247 481 477
3 247 524 481
3 259 260 248
3 260 261 248
3 261 417 248
3 517 539 249
3 249 545 517
3 249 539 538
3 403 528 250
3 250 546 403
3 499 546 250
3 250 564 499
3 459 460 251
3 251 482 459
3 460 540 251
3 252 533 408
3 408 585 252
3 417 533 252
3 252 585 450
3 460 525 253
3 253 540 460
3 253 578 540
3 254 539 524
3 538 539 254
3 254 577 538
3 255 260 259
3 259 574 255
3 255 410 260
3 255 563 410
3 263 418 256
3 257 466 274
3 465 466 257
3 290 423 258
3 260 262 261
3 260 410 262
3 262 264 261
3 264 533 261
3 261 533 417
3 262 265 264
3 262 415 265
3 410 415 262
3 401 421 263
3 263 448 418
3 421 448 263
3 265 266 264
3 266 268 264
3 268 533 264
3 265 267 266
3 265 270 267
3 265 415 270
3 267 464 266
3 266 269 268
3 266 464 269
3 270 271 267
3 271 272 267
3 272 464 267
3 269 407 268
3 407 408 268
3 408 533 268
3 269 579 407
3 269 464 421
3 421 579 269
3 270 553 271
3 415 458 270
3 458 553 270
3 271 273 272
3 271 280 273
3 271 553 280
3 273 281 272
3 281 284 272
3 284 464 272
3 280 561 273
3 273 282 281
3 273 561 282
3 274 276 275
3 274 277 276
3 274 466 277
3 276 278 275
3 278 390 275
3 390 520 275
3 277 490 276
3 276 279 278
3 276 490 279
3 466 589 277
3 277 560 490
3 277 589 560
3 279 400 278
3 278 420 390
3 400 420 278
3 279 541 400
3 490 580 279
3 279 580 541
3 420 561 280
3 280 576 420
3 553 576 280
3 282 283 281
3 283 522 281
3 281 522 284
3 282 285 283
3 282 541 285
3 282 561 541
3 285 286 283
3 286 370 283
3 370 522 283
3 284 448 421
3 421 464 284
3 284 522 448
3 285 287 286
3 285 402 287
3 285 541 402
3 287 288 286
3 288 571 286
3 286 571 370
3 287 289 288
3 287 504 289
3 402 504 287
3 289 296 288
3 296 588 288
3 438 571 288
3 288 588 438
3 289 297 296
3 289 298 297
3 289 504 298
3 291 292 290
3 292 455 290
3 290 455 423
3 291 293 292
3 291 391 293
3 291 527 391
3 293 294 292
3 294 295 292
3 295 455 292
3 293 570 294
3 391 557 293
3 557 570 293
3 294 300 295
3 294 372 300
3 294 570 372
3 300 301 295
3 301 489 295
3 295 489 455
3 297 362 296
3 362 377 296
3 377 588 296
3 298 299 297
3 299 510 297
3 297 510 362
3 298 302 299
3 298 346 302
3 298 504 346
3 302 303 299
3 303 509 299
3 509 510 299
3 300 304 301
3 300 447 304
3 372 447 300
3 304 305 301
3 305 310 301
3 310 489 301
3 302 335 303
3 302 493 335
3 346 493 302
3 335 337 303
3 337 386 303
3 386 509 303
3 304 306 305
3 304 414 306
3 304 447 414
3 306 307 305
3 307 446 305
3 305 446 310
3 306 308 307
3 306 508 308
3 414 508 306
3 308 309 307
3 309 512 307
3 307 512 446
3 308 311 309
3 308 319 311
3 308 508 319
3 311 312 309
3 312 313 309
3 313 512 309
3 310 446 444
3 444 488 310
3 488 489 310
3 311 323 312
3 319 587 311
3 311 587 323
3 312 314 313
3 312 556 314
3 323 556 312
3 314 315 313
3 315 516 313
3 313 516 512
3 314 316 315
3 314 322 316
3 314 556 322
3 316 317 315
3 317 318 315
3 318 516 315
3 316 320 317
3 316 483 320
3 322 483 316
3 317 478 318
3 320 321 317
3 321 478 317
3 478 514 318
3 514 518 318
3 318 518 516
3 508 559 319
3 559 575 319
3 575 587 319
3 320 324 321
3 320 325 324
3 320 483 325
3 324 326 321
3 326 327 321
3 327 478 321
3 322 484 483
3 322 547 484
3 322 556 547
3 411 412 323
3 323 587 411
3 412 413 323
3 413 556 323
3 325 331 324
3 324 495 326
3 331 495 324
3 325 332 331
3 325 503 332
3 483 503 325
3 326 328 327
3 326 344 328
3 326 495 344
3 328 329 327
3 329 513 327
3 327 513 478
3 328 330 329
3 328 521 330
3 344 521 328
3 330 333 329
3 333 334 329
3 334 513 329
3 330 336 333
3 330 496 336
3 330 521 496
3 332 347 331
3 347 384 331
3 384 495 331
3 332 348 347
3 332 349 348
3 332 503 349
3 333 461 334
3 336 345 333
3 345 461 333
3 461 462 334
3 462 491 334
3 491 513 334
3 335 338 337
3 335 339 338
3 335 493 339
3 336 373 345
3 336 374 373
3 336 496 374
3 338 385 337
3 385 542 337
3 337 542 386
3 339 340 338
3 340 492 338
3 338 492 385
3 339 341 340
3 339 389 341
3 339 493 389
3 341 342 340
3 342 343 340
3 343 492 340
3 341 487 342
3 389 393 341
3 393 487 341
3 342 378 343
3 342 392 378
3 342 487 392
3 378 379 343
3 379 380 343
3 380 492 343
3 495 511 344
3 511 535 344
3 344 535 521
3 373 375 345
3 375 376 345
3 376 461 345
3 346 494 493
3 346 502 494
3 346 504 502
3 348 505 347
3 347 398 384
3 347 505 398
3 349 350 348
3 350 363 348
3 363 505 348
3 349 351 350
3 349 485 351
3 349 503 485
3 351 352 350
3 352 507 350
3 350 507 363
3 351 353 352
3 351 354 353
3 351 485 354
3 353 358 352
3 358 360 352
3 360 507 352
3 354 355 353
3 355 537 353
3 353 537 358
3 354 356 355
3 354 486 356
3 485 486 354
3 356 357 355
3 357 551 355
3 355 551 537
3 356 359 357
3 356 369 359
3 356 486 369
3 359 366 357
3 366 368 357
3 368 551 357
3 358 361 360
3 358 365 361
3 358 537 365
3 359 367 366
3 359 549 367
3 369 549 359
3 361 364 360
3 364 394 360
3 394 507 360
3 361 371 364
3 365 572 361
3 361 572 371
3 362 387 377
3 362 399 387
3 362 510 399
3 363 506 505
3 363 519 506
3 507 519 363
3 371 517 364
3 364 397 394
3 364 517 397
3 365 476 475
3 475 477 365
3 365 537 476
3 477 572 365
3 367 388 366
3 366 440 368
3 388 440 366
3 367 404 388
3 367 567 404
3 549 567 367
3 440 548 368
3 368 548 474
3 474 551 368
3 369 547 413
3 413 549 369
3 486 547 369
3 370 550 522
3 534 550 370
3 370 571 534
3 481 539 371
3 371 572 481
3 371 539 517
3 372 509 447
3 372 586 509
3 570 586 372
3 374 532 373
3 373 383 375
3 373 532 383
3 496 497 374
3 497 500 374
3 500 532 374
3 375 422 376
3 383 459 375
3 375 459 422
3 422 452 376
3 452 453 376
3 453 461 376
3 387 434 377
3 434 435 377
3 435 588 377
3 378 471 379
3 392 409 378
3 409 471 378
3 379 381 380
3 379 382 381
3 379 471 382
3 381 395 380
3 395 501 380
3 380 501 492
3 382 583 381
3 381 396 395
3 381 583 396
3 382 405 404
3 404 583 382
3 382 406 405
3 382 471 406
3 383 460 459
3 383 566 460
3 532 566 383
3 398 403 384
3 403 511 384
3 384 511 495
3 492 501 385
3 501 559 385
3 385 559 542
3 414 447 386
3 386 542 414
3 447 509 386
3 399 557 387
3 387 536 434
3 387 557 536
3 404 405 388
3 405 543 388
3 388 543 440
3 389 560 393
3 493 494 389
3 494 560 389
3 420 531 390
3 463 520 390
3 390 531 463
3 391 527 468
3 468 536 391
3 536 557 391
3 392 467 409
3 392 568 467
3 487 568 392
3 393 526 487
3 393 589 526
3 560 589 393
3 397 581 394
3 394 519 507
3 394 581 519
3 396 411 395
3 411 575 395
3 395 575 501
3 396 412 411
3 396 567 412
3 396 583 567
3 517 545 397
3 545 562 397
3 398 569 403
3 505 544 398
3 544 569 398
3 510 586 399
3 399 570 557
3 399 586 570
3 400 561 420
3 541 561 400
3 401 579 421
3 451 565 401
3 565 579 401
3 502 504 402
3 402 580 502
3 541 580 402
3 403 546 511
3 403 569 528
3 567 583 404
3 406 416 405
3 416 543 405
3 406 554 416
3 407 555 408
3 407 565 555
3 407 579 565
3 555 585 408
3 467 558 409
3 410 582 415
3 563 582 410
3 411 587 575
3 412 549 413
3 412 567 549
3 547 556 413
3 414 542 508
3 415 582 458
3 416 584 543
3 418 550 419
3 448 550 418
3 437 469 419
3 419 534 437
3 419 550 534
3 420 576 531
3 459 482 422
3 423 425 424
3 423 455 425
3 425 426 424
3 426 427 424
3 427 472 424
3 425 488 426
3 455 489 425
3 425 489 488
3 426 428 427
3 426 429 428
3 426 488 429
3 428 441 427
3 441 442 427
3 442 472 427
3 429 430 428
3 430 515 428
3 428 515 441
3 429 431 430
3 429 444 431
3 429 488 444
3 431 432 430
3 432 433 430
3 433 515 430
3 431 518 432
3 444 445 431
3 445 518 431
3 432 491 433
3 432 514 491
3 432 518 514
3 462 470 433
3 433 491 462
3 470 515 433
3 434 436 435
3 437 438 435
3 438 588 435
3 437 534 438
3 534 571 438
3 439 548 440
3 473 548 439
3 441 515 443
3 443 515 470
3 470 523 443
3 443 523 479
3 444 446 445
3 446 512 445
3 512 516 445
3 516 518 445
3 522 550 448
3 449 573 450
3 450 585 449
3 449 585 555
3 452 523 453
3 454 523 452
3 453 462 461
3 453 470 462
3 453 523 470
3 479 523 454
3 457 458 456
3 457 553 458
3 531 576 457
3 457 576 553
3 460 566 525
3 465 526 466
3 526 589 466
3 474 548 473
3 475 476 474
3 476 551 474
3 475 480 477
3 537 551 476
3 481 572 477
3 513 514 478
3 524 539 481
3 484 503 483
3 484 486 485
3 485 503 484
3 484 547 486
3 526 568 487
3 494 502 490
3 490 560 494
3 502 580 490
3 491 514 513
3 496 498 497
3 496 521 498
3 497 552 500
3 498 535 499
3 521 535 498
3 535 546 499
3 501 575 559
3 506 544 505
3 519 529 506
3 529 530 506
3 530 544 506
3 542 559 508
3 509 586 510
3 511 546 535
3 519 581 529
3 68 7 597
3 7 126 597
3 8 69 115
3 14 120 598
3 121 14 598
3 15 121 601
3 122 15 601
3 69 68 590
3 590 68 597
3 115 69 590
3 116 115 602
3 115 590 602
3 117 116 591
3 591 116 602
3 118 117 594
3 117 591 594
3 119 118 592
3 592 118 594
3 120 119 593
3 119 592 593
3 120 593 598
3 121 598 601
3 123 122 600
3 122 593 600
3 593 122 601
3 124 123 599
3 599 123 600
3 125 124 596
3 596 124 599
3 126 125 595
3 595 125 596
3 126 595 597
3 595 590 597
3 590 595 602
3 594 591 596
3 591 595 596
3 595 591 602
3 593 592 600
3 592 594 599
3 592 599 600
3 598 593 601
3 594 596 599
3 70 613 7
3 7 613 126
3 127 71 9
3 122 615 15
3 15 615 133
3 16 611 132
3 133 611 16
3 71 603 70
3 603 613 70
3 127 603 71
3 123 614 122
3 122 614 607
3 607 615 122
3 124 612 123
3 612 614 123
3 125 610 124
3 610 612 124
3 126 608 125
3 608 610 125
3 126 613 608
3 128 609 127
3 127 609 603
3 129 604 128
3 604 609 128
3 130 606 129
3 129 606 604
3 131 605 130
3 605 606 130
3 132 607 131
3 131 607 605
3 132 611 607
3 133 615 611
3 603 609 608
3 608 613 603
3 606 610 604
3 608 609 604
3 604 610 608
3 605 612 606
3 607 614 605
3 605 614 612
3 606 612 610
3 611 615 607
3 72 8 645
3 8 115 645
3 9 75 643
3 127 9 643
3 120 14 642
3 14 134 642
3 16 132 640
3 136 16 640
3 73 72 639
3 639 72 645
3 74 73 619
3 619 73 639
3 75 74 635
3 74 619 635
3 75 635 643
3 115 116 630
3 115 630 645
3 116 117 616
3 116 616 630
3 117 118 631
3 616 117 631
3 118 119 617
3 118 617 631
3 119 120 632
3 617 119 632
3 632 120 642
3 128 127 621
3 621 127 643
3 129 128 626
3 128 621 626
3 130 129 618
3 618 129 626
3 131 130 637
3 130 618 637
3 132 131 640
3 624 131 637
3 131 624 640
3 134 135 622
3 134 622 642
3 135 136 620
3 135 620 622
3 620 136 640
3 630 616 634
3 616 631 638
3 634 616 638
3 631 617 644
3 617 632 641
3 636 617 641
3 617 636 644
3 625 618 627
3 618 625 637
3 618 626 627
3 619 629 633
3 629 619 634
3 619 633 635
3 634 619 639
3 622 620 623
3 623 620 624
3 624 620 640
3 626 621 633
3 633 621 635
3 635 621 643
3 622 623 641
3 632 622 641
3 622 632 642
3 623 624 625
3 623 625 636
3 623 636 641
3 625 624 637
3 625 627 628
3 625 628 636
3 627 626 633
3 628 627 629
3 629 627 633
3 628 629 638
3 636 628 644
3 628 638 644
3 629 634 638
3 630 634 639
3 630 639 645
3 638 631 644
3 76 10 653
3 10 148 653
3 11 77 137
3 17 142 654
3 143 17 654
3 18 143 657
3 144 18 657
3 77 76 646
3 646 76 653
3 137 77 646
3 138 137 658
3 137 646 658
3 139 138 647
3 647 138 658
3 140 139 649
3 139 647 649
3 141 140 648
3 648 140 649
3 142 141 650
3 141 648 650
3 142 650 654
3 143 654 657
3 145 144 656
3 144 650 656
3 650 144 657
3 146 145 655
3 655 145 656
3 147 146 652
3 652 146 655
3 148 147 651
3 651 147 652
3 148 651 653
3 651 646 653
3 646 651 658
3 649 647 652
3 647 651 652
3 651 647 658
3 648 649 655
3 650 648 656
3 648 655 656
3 649 652 655
3 654 650 657
3 78 666 10
3 10 666 148
3 12 149 79
3 144 670 18
3 18 670 155
3 19 667 154
3 155 667 19
3 79 659 78
3 659 666 78
3 149 659 79
3 145 669 144
3 144 669 662
3 662 670 144
3 146 668 145
3 668 669 145
3 147 665 146
3 665 668 146
3 148 664 147
3 664 665 147
3 148 666 664
3 150 671 149
3 149 671 659
3 151 660 150
3 660 671 150
3 152 663 151
3 151 663 660
3 153 661 152
3 661 663 152
3 154 662 153
3 153 662 661
3 154 667 662
3 155 670 667
3 664 666 659
3 659 671 664
3 663 665 660
3 660 665 664
3 664 671 660
3 662 669 661
3 661 668 663
3 661 669 668
3 667 670 662
3 663 668 665
3 80 11 701
3 11 137 701
3 12 83 699
3 149 12 699
3 142 17 698
3 17 156 698
3 19 154 696
3 158 19 696
3 81 80 695
3 695 80 701
3 82 81 675
3 675 81 695
3 83 82 691
3 82 675 691
3 83 691 699
3 137 138 686
3 137 686 701
3 138 139 672
3 138 672 686
3 139 140 687
3 672 139 687
3 140 141 673
3 140 673 687
3 141 142 688
3 673 141 688
3 688 142 698
3 150 149 677
3 677 149 699
3 151 150 682
3 150 677 682
3 152 151 674
3 674 151 682
3 153 152 693
3 152 674 693
3 154 153 696
3 680 153 693
3 153 680 696
3 156 157 678
3 156 678 698
3 157 158 676
3 157 676 678
3 676 158 696
3 686 672 690
3 672 687 694
3 690 672 694
3 687 673 700
3 673 688 697
3 692 673 697
3 673 692 700
3 681 674 683
3 674 681 693
3 674 682 683
3 675 685 689
3 685 675 690
3 675 689 691
3 690 675 695
3 678 676 679
3 679 676 680
3 680 676 696
3 682 677 689
3 689 677 691
3 691 677 699
3 678 679 697
3 688 678 697
3 678 688 698
3 679 680 681
3 679 681 692
3 679 692 697
3 681 680 693
3 681 683 684
3 681 684 692
3 683 682 689
3 684 683 685
3 685 683 689
3 684 685 694
3 692 684 700
3 684 694 700
3 685 690 694
3 686 690 695
3 686 695 701
3 694 687 700
3 84 702 13
3 13 702 89
3 85 702 84
3 86 702 85
3 87 702 86
3 88 702 87
3 89 702 88
3 121 134 14
3 121 15 703
3 15 133 703
3 136 133 16
3 134 121 703
3 133 136 703
3 135 134 703
3 136 135 703
3 143 156 17
3 143 18 704
3 18 155 704
3 158 155 19
3 156 143 704
3 155 158 704
3 157 156 704
3 158 157 704
4 368 366 357 720
4 366 720 368 750
4 704 368 357 720
4 143 368 720 750
4 557 740 723 753
4 557 399 723 740
4 377 709 434 723
4 108 710 469 711
4 703 717 231 722
4 404 724 713 750
4 302 730 723 748
4 704 143 368 720
4 386 740 715 748
4 404 713 736 750
4 419 711 710 759
4 723 729 557 753
4 204 591 208 705
4 588 377 296 709
4 231 703 443 717
4 724 736 713 750
4 404 713 567 736
4 469 710 419 711
4 710 711 108 751
4 346 709 298 730
4 434 723 709 729
4 303 302 723 748
4 404 736 567 750
4 296 709 377 723
4 298 709 289 723
4 588 709 296 743
4 377 434 387 723
4 143 722 368 750
4 272 281 273 718
4 96 703 231 722
4 708 740 509 748
4 370 711 419 759
4 709 723 298 730
4 377 709 588 743
4 102 742 719 753
4 297 298 289 723
4 709 732 296 743
4 723 740 708 753
4 289 709 298 732
4 520 710 108 751
4 501 739 492 749
4 231 443 441 717
4 490 709 728 732
4 303 723 708 748
4 386 726 715 740
4 281 711 273 718
4 558 738 102 742
4 108 469 242 711
4 102 738 719 742
4 143 548 368 722
4 289 296 709 732
4 343 715 492 739
4 419 710 534 759
4 494 709 346 730
4 231 717 441 737
4 387 723 434 729
4 380 343 492 739
4 591 595 208 705
4 490 494 709 732
4 279 728 710 732
4 303 708 509 748
4 492 739 715 749
4 228 451 111 757
4 490 502 494 732
4 231 722 717 737
4 387 557 723 729
4 443 703 515 717
4 303 509 708 723
4 286 710 571 732
4 467 558 102 742
4 273 711 280 718
4 469 419 242 711
4 571 732 710 743
4 299 303 302 723
4 312 733 714 736
4 370 419 534 759
4 111 451 721 757
4 109 244 711 718
4 308 306 307 735
4 227 520 275 710
4 467 742 102 753
4 490 494 560 709
4 109 711 256 718
4 714 556 736 758
4 143 720 722 750
4 708 729 723 753
4 399 586 723 740
4 510 586 509 723
4 494 560 709 730
4 368 156 704 357
4 440 368 722 750
4 490 709 277 728
4 576 280 711 718
4 501 380 492 739
4 306 712 307 735
4 440 368 548 722
4 109 110 244 718
4 708 723 509 740
4 586 509 723 740
4 580 710 402 732
4 133 703 96 722
4 273 280 271 718
4 434 436 709 743
4 109 256 110 718
4 703 443 515 134
4 284 711 281 718
4 289 298 504 732
4 312 714 556 736
4 256 711 418 718
4 522 281 284 711
4 275 227 710 728
4 311 735 733 736
4 428 717 429 745
4 522 284 448 711
4 111 721 237 757
4 343 738 715 739
4 467 742 753 755
4 550 419 370 711
4 243 716 727 746
4 387 557 399 723
4 296 377 362 723
4 516 725 714 733
4 272 284 281 718
4 703 134 515 717
4 303 299 509 723
4 733 735 712 736
4 108 520 107 710
4 713 712 735 736
4 395 411 713 735
4 436 434 709 729
4 717 722 703 747
4 308 733 311 735
4 243 727 423 746
4 717 725 429 745
4 279 276 728 732
4 143 156 704 368
4 710 732 286 759
4 448 418 711 718
4 279 276 710 728
4 402 732 710 759
4 243 734 716 746
4 712 713 707 716
4 436 728 709 743
4 516 512 725 733
4 316 314 315 714
4 277 709 560 754
4 98 724 722 737
4 285 286 732 759
4 433 430 717 744
4 14 432 433 744
4 713 735 411 736
4 567 404 583 713
4 228 111 718 757
4 306 712 735 741
4 709 730 560 754
4 713 724 405 734
4 277 490 560 709
4 298 723 302 730
4 285 732 402 759
4 723 730 708 748
4 105 709 436 728
4 108 711 463 751
4 357 366 359 720
4 40 316 315 714
4 520 108 463 751
4 467 753 103 755
4 228 401 451 757
4 448 711 284 718
4 387 536 557 729
4 98 716 724 737
4 111 451 112 721
4 386 715 337 748
4 231 441 442 737
4 121 515 134 717
4 346 298 302 730
4 555 240 721 731
4 275 710 276 728
4 286 571 288 732
4 243 100 734 746
4 278 276 275 710
4 571 288 732 743
4 445 516 512 725
4 710 728 107 743
4 227 107 520 710
4 596 591 204 705
4 108 107 469 710
4 534 710 571 759
4 275 710 520 751
4 105 709 728 754
4 446 712 444 725
4 419 469 437 710
4 717 428 737 745
4 433 432 430 744
4 275 278 710 751
4 557 729 536 753
4 587 411 735 736
4 490 728 276 732
4 395 575 411 735
4 306 307 712 741
4 587 735 311 736
4 105 728 257 754
4 410 721 563 731
4 316 314 714 758
4 202 315 318 714
4 272 273 271 718
4 707 716 713 734
4 706 713 712 716
4 261 264 721 731
4 502 504 346 732
4 446 310 444 712
4 17 143 548 368
4 369 704 356 720
4 441 443 515 717
4 395 735 713 739
4 237 111 112 721
4 237 458 456 757
4 277 728 709 754
4 714 725 516 744
4 541 402 580 710
4 444 712 310 745
4 262 261 721 731
4 444 725 712 745
4 133 548 143 722
4 549 736 720 750
4 227 107 710 728
4 704 359 356 720
4 98 716 99 724
4 549 567 736 750
4 279 710 580 732
4 99 724 716 734
4 40 316 714 758
4 357 359 704 720
4 712 725 446 733
4 121 134 703 717
4 313 516 714 733
4 202 714 318 744
4 571 710 286 759
4 582 237 721 757
4 288 296 732 743
4 377 387 362 723
4 516 318 315 714
4 436 246 434 729
4 714 736 720 758
4 98 229 722 724
4 712 727 310 745
4 369 356 359 720
4 285 286 287 732
4 16 17 143 548
4 382 713 405 734
4 488 310 727 745
4 488 310 489 727
4 306 305 307 741
4 40 315 202 714
4 308 307 309 733
4 262 721 260 731
4 516 318 714 744
4 97 96 231 722
4 291 292 293 719
4 288 588 296 743
4 370 534 571 759
4 292 293 719 740
4 419 437 534 710
4 712 716 707 727
4 437 710 469 743
4 313 512 516 733
4 98 472 716 737
4 515 433 430 717
4 541 402 710 759
4 113 721 240 731
4 263 256 418 718
4 715 726 386 749
4 302 335 730 748
4 261 264 262 721
4 305 712 307 741
4 522 283 281 759
4 706 720 714 736
4 463 109 244 711
4 143 722 720 747
4 243 423 258 746
4 109 242 256 711
4 447 726 386 740
4 370 522 711 759
4 735 739 501 749
4 704 369 356 158
4 563 721 113 731
4 501 492 385 749
4 103 753 729 755
4 262 410 260 721
4 273 281 282 711
4 340 715 343 742
4 596 204 209 705
4 565 721 451 757
4 555 721 408 731
4 446 307 712 733
4 16 548 133 722
4 404 567 367 750
4 448 263 418 718
4 715 740 708 748
4 99 416 724 734
4 105 729 709 754
4 423 290 746 752
4 430 429 717 725
4 549 367 567 750
4 567 583 396 713
4 405 713 404 724
4 278 279 276 710
4 512 446 725 733
4 136 231 96 703
4 531 463 244 711
4 533 721 264 731
4 310 727 712 741
4 279 490 276 732
4 302 303 335 748
4 391 557 536 753
4 369 158 704 720
4 522 281 711 759
4 413 720 736 758
4 458 718 456 757
4 260 721 410 731
4 706 736 724 750
4 467 102 103 753
4 386 337 303 748
4 228 718 401 757
4 98 722 97 737
4 410 563 255 731
4 341 730 748 755
4 424 425 727 745
4 534 571 710 743
4 714 706 725 747
4 428 430 429 717
4 418 256 242 711
4 492 715 385 749
4 143 720 18 747
4 575 501 735 739
4 96 133 136 703
4 98 584 229 724
4 102 558 101 746
4 420 576 280 711
4 5 432 14 744
4 278 279 710 751
4 715 738 343 742
4 292 740 719 752
4 717 725 706 747
4 510 399 586 723
4 408 721 533 731
4 340 492 343 715
4 570 399 557 740
4 423 746 727 752
4 516 725 445 744
4 40 714 28 758
4 108 109 463 711
4 434 435 436 743
4 472 99 98 716
4 725 744 714 747
4 291 719 293 753
4 289 288 296 732
4 542 337 386 715
4 717 744 725 747
4 413 736 556 758
4 424 727 716 745
4 339 341 730 748
4 108 242 109 711
4 567 713 396 736
4 582 721 415 757
4 28 40 202 714
4 707 713 712 735
4 576 553 280 718
4 245 469 710 743
4 489 727 310 741
4 541 580 279 710
4 282 711 281 759
4 98 99 584 724
4 306 741 735 749
4 542 715 386 749
4 395 713 381 739
4 430 431 725 744
4 279 580 490 732
4 583 404 382 713
4 706 714 733 736
4 713 716 706 724
4 704 158 155 720
4 439 548 16 722
4 413 720 549 736
4 587 411 575 735
4 424 737 427 745
4 245 710 107 743
4 445 512 446 725
4 261 533 264 731
4 143 133 16 548
4 719 740 293 753
4 405 382 404 713
4 575 735 395 739
4 420 531 576 711
4 449 240 555 731
4 268 533 408 721
4 292 294 740 752
4 302 335 493 730
4 430 725 717 744
4 541 285 402 759
4 713 724 706 736
4 308 309 311 733
4 582 458 237 757
4 343 379 738 739
4 306 735 508 749
4 395 411 396 713
4 298 299 302 723
4 245 469 107 710
4 446 512 307 733
4 536 387 434 729
4 3 714 744 747
4 716 737 424 745
4 575 395 501 739
4 370 571 286 759
4 706 716 712 745
4 563 113 255 731
4 121 49 14 744
4 292 294 293 740
4 466 257 728 754
4 579 721 565 757
4 313 714 312 733
4 359 720 366 750
4 716 734 727 746
4 559 735 501 749
4 370 522 550 711
4 707 715 739 749
4 202 3 714 744
4 339 341 389 730
4 704 356 359 357
4 382 713 734 739
4 242 419 418 711
4 430 431 429 725
4 300 741 726 752
4 136 479 231 703
4 543 229 724 750
4 531 463 711 751
4 509 447 386 740
4 396 381 395 713
4 271 280 553 718
4 370 283 522 759
4 340 343 342 742
4 341 748 742 755
4 299 510 509 723
4 471 734 738 739
4 297 296 362 723
4 390 520 463 751
4 534 710 437 743
4 416 99 554 734
4 565 451 401 757
4 426 424 427 745
4 307 305 446 712
4 276 490 277 728
4 229 97 98 722
4 708 753 742 755
4 579 565 401 757
4 440 366 368 750
4 707 727 716 734
4 287 286 288 732
4 382 405 406 734
4 391 536 468 753
4 378 343 738 742
4 28 3 18 747
4 18 15 133 747
4 258 423 290 746
4 323 312 556 736
4 472 424 716 737
4 717 737 725 745
4 446 305 310 712
4 133 722 143 747
4 5 14 49 744
4 312 313 314 714
4 441 717 428 737
4 423 424 425 727
4 393 730 341 755
4 290 719 230 746
4 501 559 575 735
4 556 312 314 714
4 268 264 533 721
4 706 720 736 750
4 442 98 97 737
4 285 287 402 732
4 301 489 310 741
4 290 423 455 752
4 466 257 274 728
4 273 282 561 711
4 542 385 337 715
4 706 712 725 745
4 113 240 449 731
4 466 274 277 728
4 310 712 305 741
4 472 427 424 737
4 715 719 708 740
4 393 389 341 730
4 583 382 381 713
4 722 724 229 750
4 340 338 492 715
4 466 728 277 754
4 230 291 527 753
4 536 729 468 753
4 414 386 726 749
4 291 719 290 752
4 715 738 707 739
4 269 407 579 721
4 41 202 315 318
4 408 407 268 721
4 341 340 742 748
4 293 740 557 753
4 582 415 458 757
4 319 308 311 735
4 561 280 273 711
4 426 428 429 745
4 416 405 724 734
4 493 730 335 748
4 708 719 715 742
4 356 704 157 357
4 706 725 737 745
4 413 323 556 736
4 291 230 290 719
4 232 103 729 755
4 550 522 448 711
4 230 719 291 753
4 103 468 729 753
4 121 744 717 747
4 18 720 155 747
4 262 260 261 731
4 245 437 469 743
4 423 727 455 752
4 378 342 343 742
4 488 444 310 745
4 414 741 306 749
4 556 714 314 758
4 408 555 407 721
4 583 381 396 713
4 726 740 294 752
4 486 369 19 158
4 706 725 712 733
4 404 388 724 750
4 294 726 300 740
4 105 436 106 728
4 291 290 292 752
4 727 734 707 746
4 290 719 746 752
4 706 725 717 737
4 343 379 378 738
4 550 448 418 711
4 531 711 420 751
4 707 719 715 726
4 337 385 338 715
4 340 715 742 748
4 291 292 719 752
4 382 734 471 739
4 396 713 411 736
4 516 315 313 714
4 706 714 720 747
4 382 381 713 739
4 28 714 3 747
4 300 726 294 752
4 518 516 445 744
4 561 711 282 759
4 293 570 557 740
4 369 720 413 758
4 311 733 312 736
4 244 110 456 718
4 479 231 96 136
4 471 734 233 738
4 111 456 110 718
4 372 294 300 740
4 531 390 463 751
4 42 202 318 744
4 420 280 561 711
4 155 747 720 758
4 418 419 550 711
4 18 155 28 747
4 133 143 18 747
4 488 727 425 745
4 106 728 436 743
4 111 110 228 718
4 342 341 340 742
4 413 369 549 720
4 587 319 311 735
4 267 271 270 757
4 440 548 439 722
4 343 380 379 739
4 340 338 715 748
4 488 489 425 727
4 722 724 706 737
4 457 244 456 718
4 416 406 405 734
4 362 387 399 723
4 372 300 726 740
4 269 721 579 757
4 465 729 754 755
4 19 158 369 758
4 714 725 706 733
4 407 565 579 721
4 716 724 713 734
4 413 549 412 736
4 509 372 447 740
4 542 385 715 749
4 346 302 493 730
4 28 714 747 758
4 427 441 428 737
4 508 306 308 735
4 369 19 547 486
4 275 520 390 751
4 720 722 706 747
4 243 258 100 746
4 233 738 734 746
4 516 518 318 744
4 729 753 708 755
4 228 110 256 718
4 467 103 232 755
4 202 49 3 744
4 719 742 708 753
4 155 28 747 758
4 704 18 143 720
4 465 105 257 754
4 492 338 385 715
4 715 719 707 738
4 493 339 730 748
4 715 726 719 740
4 266 268 269 721
4 271 267 272 718
4 515 428 441 717
4 706 737 716 745
4 267 718 271 757
4 313 315 314 714
4 337 715 338 748
4 554 99 100 734
4 105 465 729 754
4 706 722 720 750
4 322 316 2 758
4 457 553 576 718
4 717 706 722 747
4 584 99 416 724
4 304 414 726 741
4 550 534 370 419
4 409 467 392 742
4 104 232 103 729
4 561 420 711 751
4 414 726 741 749
4 40 2 316 758
4 377 588 435 743
4 717 722 706 737
4 104 103 468 729
4 716 706 724 737
4 233 558 738 746
4 155 158 19 758
4 96 97 439 722
4 49 744 121 747
4 514 318 518 744
4 19 369 547 758
4 414 306 508 749
4 471 738 379 739
4 269 268 407 721
4 295 300 294 752
4 570 586 399 740
4 49 3 744 747
4 314 316 322 758
4 465 232 729 755
4 428 515 430 717
4 414 542 386 749
4 267 464 272 718
4 514 42 318 744
4 711 751 710 759
4 472 424 243 716
4 445 446 444 725
4 440 229 543 750
4 518 445 431 744
4 202 3 28 714
4 407 555 565 721
4 260 410 255 731
4 282 281 283 759
4 266 721 269 757
4 445 725 431 744
4 430 432 431 744
4 549 369 359 720
4 568 742 467 755
4 395 380 501 739
4 465 232 104 729
4 545 397 690 517
4 493 335 339 748
4 561 751 711 759
4 304 726 300 741
4 706 724 722 750
4 341 742 487 755
4 494 346 493 730
4 707 712 727 741
4 440 722 229 750
4 275 276 274 728
4 712 707 735 741
4 202 40 41 315
4 393 560 389 730
4 585 555 408 731
4 372 726 447 740
4 382 406 471 734
4 304 306 414 741
4 271 718 270 757
4 490 580 502 732
4 464 718 267 757
4 298 297 299 723
4 534 438 571 743
4 323 311 312 736
4 309 307 512 733
4 425 424 426 745
4 451 240 112 721
4 266 265 264 721
4 414 386 447 726
4 709 729 723 730
4 719 738 715 742
4 290 230 258 746
4 105 465 104 729
4 487 341 342 742
4 707 739 735 749
4 266 264 268 721
4 579 401 421 757
4 713 735 707 739
4 99 472 243 716
4 270 718 458 757
4 40 28 2 758
4 478 321 176 327
4 707 734 713 739
4 582 237 563 721
4 301 304 300 741
4 105 106 257 728
4 275 274 227 728
4 555 240 565 721
4 455 489 295 752
4 237 112 563 721
4 284 272 464 718
4 429 725 444 745
4 405 404 388 724
4 707 738 734 739
4 716 727 712 745
4 393 560 730 754
4 730 708 748 755
4 103 102 527 753
4 471 378 379 738
4 265 415 721 757
4 458 457 456 718
4 723 729 708 730
4 112 240 113 721
4 455 727 489 752
4 404 367 388 750
4 42 49 202 744
4 536 434 246 729
4 543 724 388 750
4 228 256 263 718
4 284 421 448 718
4 451 565 240 721
4 293 557 391 753
4 265 721 266 757
4 559 501 385 749
4 112 113 563 721
4 367 359 366 750
4 707 726 715 749
4 362 399 510 723
4 702 248 259 731
4 339 389 493 730
4 341 339 340 748
4 401 718 421 757
4 301 310 305 741
4 233 101 558 746
4 274 276 277 728
4 3 121 15 747
4 106 436 245 743
4 42 514 49 744
4 719 726 707 752
4 417 248 702 731
4 450 252 702 731
4 561 400 751 759
4 702 573 450 731
4 559 508 319 735
4 393 754 730 755
4 264 265 262 721
4 571 438 288 743
4 719 740 726 752
4 728 732 709 743
4 508 735 559 749
4 372 509 586 740
4 702 574 114 731
4 702 259 574 731
4 720 747 714 758
4 100 233 734 746
4 568 467 232 755
4 415 270 458 757
4 575 559 319 735
4 587 575 319 735
4 432 5 514 744
4 382 471 379 739
4 708 740 719 753
4 317 41 40 315
4 708 730 729 755
4 518 432 514 744
4 584 543 229 724
4 49 514 5 744
4 707 726 741 752
4 409 233 558 738
4 270 553 458 718
4 466 465 257 754
4 252 417 702 731
4 313 309 512 733
4 337 335 303 748
4 114 573 702 731
4 719 707 746 752
4 707 741 727 752
4 98 442 472 737
4 458 553 457 718
4 729 730 709 754
4 508 308 319 735
4 313 312 309 733
4 287 288 289 732
4 734 738 707 746
4 449 555 585 731
4 271 553 270 718
4 323 587 311 736
4 488 429 444 745
4 494 389 560 730
4 265 415 262 721
4 735 741 707 749
4 704 155 18 720
4 641 422 452 376
4 143 17 156 368
4 405 388 543 724
4 412 549 567 736
4 372 300 447 726
4 727 746 707 752
4 100 233 554 734
4 49 121 3 747
4 150 151 23 160
4 44 45 591 204
4 160 150 151 660
4 105 104 246 729
4 250 546 190 403
4 730 754 729 755
4 227 106 107 728
4 427 442 441 737
4 594 591 45 206
4 206 591 45 204
4 162 160 151 663
4 663 160 151 660
4 421 263 448 718
4 622 452 523 453
4 568 392 467 742
4 384 194 511 403
4 233 471 406 734
4 613 222 7 126
4 24 23 151 160
4 742 748 708 755
4 439 229 440 722
4 116 591 44 117
4 311 309 312 733
4 275 390 278 751
4 416 554 406 734
4 284 464 421 718
4 431 444 429 725
4 45 44 591 117
4 393 341 487 755
4 471 233 409 738
4 412 567 396 736
4 594 45 46 206
4 726 707 741 749
4 248 86 417 702
4 719 707 738 746
4 392 342 378 742
4 160 151 24 162
4 594 45 591 117
4 531 420 390 751
4 252 702 88 450
4 251 460 459 629
4 561 541 400 759
4 278 400 279 751
4 126 33 0 224
4 10 7 222 126
4 33 10 0 225
4 148 10 33 225
4 126 0 7 224
4 222 148 10 126
4 248 259 85 702
4 277 560 589 754
4 465 754 526 755
4 354 676 353 355
4 702 87 417 252
4 192 326 495 344
4 401 228 263 718
4 389 494 493 730
4 413 412 323 736
4 702 574 13 114
4 133 16 96 136
4 594 46 45 117
4 421 718 464 757
4 438 588 288 743
4 710 732 728 743
4 224 597 33 210
4 33 166 666 225
4 563 410 582 721
4 391 291 293 753
4 321 178 324 320
4 410 262 415 721
4 283 370 286 759
4 293 294 570 740
4 447 304 414 726
4 455 423 425 727
4 217 43 590 203
4 159 218 149 659
4 353 679 352 358
4 410 415 582 721
4 269 579 421 757
4 49 42 5 514
4 708 742 715 748
4 392 568 487 742
4 297 510 299 723
4 356 157 355 357
4 580 402 502 732
4 534 437 438 743
4 13 702 114 573
4 547 369 413 758
4 393 589 560 754
4 177 497 498 236
4 646 603 216 127
4 265 270 415 757
4 495 511 384 200
4 190 528 250 403
4 323 411 587 736
4 594 46 592 206
4 432 518 431 744
4 568 487 742 755
4 468 103 527 753
4 297 362 510 723
4 421 401 263 718
4 468 536 246 729
4 33 666 148 225
4 33 126 597 224
4 412 396 411 736
4 624 94 238 93
4 128 139 138 604
4 447 300 304 726
4 138 139 647 604
4 606 139 129 604
4 599 596 594 206
4 162 168 165 663
4 326 344 181 328
4 615 144 657 607
4 662 170 29 670
4 214 29 601 207
4 511 184 495 344
4 649 612 652 606
4 227 274 257 728
4 445 444 431 725
4 128 129 139 604
4 295 294 292 752
4 160 660 665 664
4 229 439 97 722
4 488 425 426 745
4 465 526 232 755
4 151 152 25 663
4 162 151 25 663
4 675 397 685 690
4 130 140 129 606
4 306 304 305 741
4 652 647 649 606
4 489 455 425 727
4 523 443 479 135
4 206 596 591 204
4 596 591 594 206
4 165 663 160 162
4 660 663 160 665
4 392 487 342 742
4 561 282 541 759
4 46 594 118 117
4 504 287 289 732
4 395 381 380 739
4 442 427 472 737
4 140 649 139 606
4 25 24 151 162
4 502 402 504 732
4 468 246 104 729
4 230 101 258 746
4 127 216 646 137
4 115 43 590 217
4 218 149 22 159
4 664 33 32 164
4 259 574 84 702
4 140 139 129 606
4 375 644 422 459
4 14 598 120 211
4 202 41 42 318
4 440 543 388 750
4 100 101 233 746
4 372 586 570 740
4 585 408 252 731
4 209 206 599 212
4 668 168 663 665
4 206 46 592 205
4 89 450 702 573
4 652 655 612 649
4 33 664 32 148
4 664 32 148 147
4 683 519 507 394
4 29 601 15 214
4 615 144 15 657
4 670 29 18 170
4 594 592 46 118
4 152 25 663 661
4 161 162 25 663
4 605 649 140 606
4 605 140 130 606
4 337 338 335 748
4 488 426 429 745
4 519 506 529 677
4 599 596 206 209
4 168 165 663 665
4 328 329 180 327
4 120 48 14 211
4 154 2 27 167
4 406 554 233 734
4 165 160 665 664
4 160 165 164 664
4 703 135 443 134
4 610 651 647 604
4 471 409 378 738
4 570 294 372 740
4 416 543 584 724
4 564 175 250 499
4 30 668 146 168
4 599 123 124 212
4 483 325 198 320
4 468 527 391 753
4 450 702 88 89
4 655 145 146 612
4 204 206 596 209
4 663 165 160 665
4 164 165 32 664
4 32 665 664 165
4 227 257 106 728
4 594 592 599 206
4 161 168 162 663
4 269 421 464 757
4 189 236 498 499
4 10 33 126 148
4 30 146 145 123
4 30 31 146 123
4 124 146 31 123
4 33 10 126 0
4 7 10 0 126
4 340 339 338 748
4 87 702 88 252
4 649 605 612 606
4 610 647 606 604
4 277 589 466 754
4 152 25 348 151
4 376 453 632 461
4 455 292 290 752
4 44 602 591 116
4 160 23 150 171
4 215 44 591 204
4 160 150 660 671
4 612 610 652 606
4 585 252 450 731
4 665 32 664 147
4 330 329 193 328
4 114 113 449 731
4 610 651 652 647
4 417 261 248 731
4 416 405 543 724
4 60 35 59 250
4 86 87 417 702
4 382 379 381 739
4 47 48 120 207
4 131 142 607 132
4 153 154 27 163
4 301 305 304 741
4 527 291 391 753
4 647 652 610 606
4 408 533 252 731
4 165 31 32 665
4 25 24 348 151
4 597 126 7 224
4 33 0 224 210
4 166 33 0 225
4 148 666 10 225
4 10 148 222 653
4 449 585 450 731
4 663 25 161 661
4 649 605 140 648
4 248 85 86 702
4 591 602 44 215
4 150 160 171 671
4 348 24 505 151
4 30 31 123 212
4 123 31 124 212
4 168 30 31 146
4 668 30 146 145
4 352 360 358 692
4 612 145 146 123
4 124 612 146 123
4 364 690 397 517
4 609 138 128 127
4 259 84 85 702
4 126 608 148 125
4 358 365 537 697
4 209 599 124 212
4 665 668 168 146
4 651 652 147 610
4 70 76 613 221
4 114 255 113 731
4 261 260 248 731
4 597 203 210 226
4 166 223 659 666
4 318 317 41 478
4 59 528 250 195
4 32 146 665 31
4 146 32 665 147
4 146 652 655 612
4 206 592 599 212
4 663 161 168 668
4 658 138 609 137
4 556 314 322 758
4 605 612 655 649
4 259 248 260 731
4 498 521 183 535
4 70 76 222 613
4 610 147 651 125
4 1 12 149 218
4 260 255 259 731
4 115 602 44 116
4 23 22 150 171
4 159 79 218 659
4 217 590 39 203
4 454 523 479 135
4 598 14 121 211
4 3 18 15 29
4 122 145 123 30
4 422 452 238 623
4 566 525 634 460
4 609 658 651 604
4 591 215 204 208
4 671 660 160 664
4 595 591 596 705
4 562 239 675 397
4 596 599 124 209
4 165 168 31 665
4 402 287 504 732
4 255 574 259 731
4 601 29 122 593
4 593 601 29 207
4 607 615 144 122
4 29 163 170 662
4 670 29 662 144
4 607 144 657 650
4 29 15 3 214
4 29 3 18 170
4 144 18 15 657
4 381 379 380 739
4 212 206 592 205
4 161 663 661 668
4 648 605 655 649
4 207 592 47 205
4 607 605 648 131
4 161 153 163 661
4 189 185 175 499
4 265 267 270 757
4 203 590 39 226
4 223 79 159 659
4 146 147 652 610
4 561 400 420 751
4 393 526 754 755
4 412 411 323 736
4 702 13 89 573
4 508 559 542 749
4 638 459 383 460
4 574 13 84 702
4 43 44 602 215
4 171 149 150 671
4 317 321 41 478
4 388 366 440 750
4 119 593 47 120
4 650 141 142 131
4 153 27 26 163
4 479 136 135 703
4 592 46 47 205
4 14 48 120 491
4 215 591 602 208
4 671 160 171 664
4 220 50 51 538
4 608 610 651 125
4 564 236 191 499
4 542 559 385 749
4 138 139 128 524
4 597 590 203 226
4 159 166 223 659
4 209 124 31 212
4 665 168 31 146
4 147 610 124 125
4 146 147 610 124
4 183 521 344 535
4 138 647 658 604
4 417 533 261 731
4 265 266 267 757
4 658 647 651 604
4 358 360 361 692
4 551 355 537 678
4 252 533 417 731
4 46 592 47 118
4 605 140 131 130
4 25 152 153 661
4 117 46 45 336
4 508 542 414 749
4 592 593 47 119
4 141 650 648 131
4 153 161 163 26
4 651 610 608 604
4 139 129 128 524
4 151 23 505 150
4 258 101 100 746
4 315 317 41 318
4 156 157 704 357
4 169 163 29 669
4 213 600 29 207
4 656 614 607 122
4 127 220 216 137
4 208 33 597 210
4 33 166 664 666
4 120 598 593 211
4 167 662 154 667
4 654 607 142 611
4 24 25 348 347
4 596 209 124 756
4 123 122 30 600
4 169 145 29 30
4 145 614 122 123
4 15 601 121 214
4 170 155 18 670
4 615 657 15 133
4 24 23 505 151
4 42 513 514 478
4 610 146 612 652
4 316 317 40 315
4 450 573 449 731
4 185 175 546 190
4 285 283 286 759
4 348 505 24 347
4 216 603 71 127
4 215 602 43 203
4 149 171 659 671
4 142 611 16 654
4 167 154 19 667
4 495 326 192 324
4 689 675 397 685
4 595 33 597 208
4 166 164 33 664
4 642 453 470 462
4 249 517 686 539
4 646 603 77 216
4 367 366 388 750
4 334 120 48 491
4 473 439 16 96
4 95 479 96 136
4 31 124 209 756
4 146 610 612 124
4 29 18 15 144
4 145 29 30 122
4 29 30 600 213
4 145 169 29 669
4 614 145 122 656
4 699 56 530 529
4 63 64 219 500
4 455 295 292 752
4 158 486 356 354
4 436 435 245 743
4 29 670 18 144
4 601 29 15 122
4 144 615 15 122
4 157 704 356 158
4 211 120 48 207
4 163 154 27 167
4 142 611 607 132
4 593 29 600 207
4 600 122 29 593
4 607 656 144 650
4 669 662 29 144
4 662 29 163 669
4 607 144 656 122
4 590 39 69 217
4 218 21 79 159
4 28 155 2 758
4 538 128 138 127
4 33 595 597 126
4 664 33 666 148
4 375 376 617 345
4 595 602 591 208
4 164 171 160 664
4 613 76 653 221
4 339 335 338 748
4 148 147 32 756
4 32 33 148 756
4 148 125 147 756
4 126 125 148 756
4 120 593 47 207
4 163 153 154 662
4 142 607 650 131
4 590 69 39 226
4 159 21 79 223
4 611 142 16 132
4 218 22 21 159
4 216 77 646 137
4 115 590 69 217
4 39 43 217 203
4 79 149 218 659
4 221 653 613 603
4 507 350 363 674
4 462 14 120 491
4 592 207 47 593
4 650 607 648 131
4 153 163 661 662
4 622 452 641 623
4 464 266 269 757
4 220 216 9 127
4 255 114 574 731
4 161 25 153 661
4 131 648 140 605
4 443 515 134 470
4 33 208 595 756
4 181 344 184 183
4 203 215 602 208
4 171 659 671 664
4 114 449 573 731
4 653 222 76 613
4 484 2 27 154
4 321 326 179 327
4 519 363 506 682
4 118 46 117 336
4 651 608 609 604
4 29 30 122 600
4 656 145 122 144
4 669 29 145 144
4 211 214 601 207
4 657 607 654 615
4 667 170 662 670
4 219 43 115 217
4 220 11 216 137
4 48 5 14 211
4 154 19 2 167
4 654 16 142 17
4 149 22 1 218
4 61 36 60 564
4 625 238 482 93
4 674 507 681 683
4 334 462 120 491
4 384 398 172 403
4 209 204 208 705
4 393 487 526 755
4 2 155 19 758
4 631 383 375 373
4 662 167 170 667
4 211 593 601 598
4 611 607 615 654
4 33 595 126 756
4 191 61 236 564
4 118 592 47 119
4 648 131 140 141
4 26 25 153 161
4 219 4 43 217
4 77 221 603 646
4 145 29 122 144
4 144 15 29 122
4 590 43 602 203
4 171 159 149 659
4 535 189 498 499
4 364 361 360 700
4 701 52 545 249
4 568 232 526 755
4 645 64 241 500
4 127 609 138 137
4 354 696 485 351
4 420 278 390 751
4 609 646 658 137
4 34 58 59 528
4 188 325 324 320
4 320 317 40 316
4 82 54 55 239
4 44 116 117 374
4 597 203 208 210
4 664 166 659 666
4 282 283 285 759
4 464 267 266 757
4 345 631 375 373
4 45 44 117 374
4 437 245 435 743
4 595 705 596 756
4 672 517 371 539
4 613 608 653 126
4 169 30 168 668
4 212 123 600 599
4 420 400 278 751
4 612 145 614 655
4 595 597 203 208
4 166 664 659 164
4 128 524 254 539
4 55 56 83 529
4 16 439 473 548
4 121 3 15 214
4 3 28 18 170
4 657 18 15 133
4 658 651 646 609
4 203 602 595 208
4 164 659 171 664
4 209 705 208 756
4 634 460 619 629
4 210 38 597 226
4 223 166 20 666
4 219 115 8 217
4 130 129 140 481
4 528 201 58 235
4 603 71 77 216
4 196 329 513 327
4 44 43 602 115
4 22 149 150 171
4 221 613 70 603
4 322 547 556 758
4 38 597 224 210
4 666 166 20 225
4 538 138 128 539
4 466 526 465 754
4 46 330 336 333
4 324 326 192 197
4 360 684 364 700
4 438 435 588 743
4 353 676 354 351
4 155 167 19 667
4 133 654 16 611
4 545 517 686 249
4 15 18 3 747
4 178 321 317 320
4 532 383 616 373
4 595 597 590 203
4 159 164 166 659
4 460 251 540 629
4 354 356 157 355
4 497 177 552 236
4 590 602 595 203
4 659 164 171 159
4 603 646 609 127
4 437 435 438 743
4 92 251 482 627
4 213 592 207 205
4 661 163 161 669
4 656 607 605 648
4 325 483 27 503
4 14 49 121 211
4 2 28 167 155
4 482 459 422 628
4 71 77 221 603
4 91 621 254 90
4 142 234 475 474
4 129 139 140 481
4 483 2 27 484
4 476 688 365 475
4 452 641 376 453
4 126 148 33 756
4 331 188 325 324
4 374 116 532 500
4 115 69 8 217
4 21 1 22 218
4 12 79 149 218
4 216 71 9 127
4 39 43 4 217
4 590 602 43 115
4 149 22 159 171
4 461 462 120 334
4 132 142 16 234
4 125 596 124 756
4 31 209 32 756
4 176 42 41 478
4 174 496 330 521
4 30 600 212 123
4 668 169 30 145
4 651 608 646 609
4 23 22 544 150
4 27 503 484 154
4 700 361 360 692
4 145 612 614 123
4 597 38 68 226
4 223 20 78 666
4 541 282 285 759
4 219 64 8 500
4 498 496 182 521
4 324 495 331 173
4 68 38 597 224
4 20 78 666 225
4 593 120 211 207
4 607 654 142 650
4 662 167 154 163
4 524 128 138 539
4 699 83 56 529
4 642 453 462 461
4 8 115 219 500
4 506 530 529 677
4 48 47 120 334
4 48 14 5 491
4 17 16 142 234
4 398 24 505 347
4 145 668 169 669
4 600 30 212 213
4 145 655 656 614
4 351 693 349 350
4 603 221 653 646
4 646 609 127 137
4 496 45 46 336
4 127 138 538 137
4 49 14 5 211
4 167 19 2 155
4 16 17 654 143
4 600 212 599 592
4 161 169 168 668
4 503 483 27 484
4 653 651 148 608
4 11 77 216 137
4 247 480 637 93
4 592 213 207 600
4 163 169 161 669
4 607 614 656 605
4 482 625 627 628
4 234 142 17 474
4 655 614 612 605
4 44 116 374 500
4 624 637 480 93
4 27 503 154 153
4 500 374 44 497
4 49 3 121 214
4 155 170 18 28
4 133 657 18 143
4 148 653 608 126
4 685 397 394 364
4 393 526 589 754
4 118 47 46 333
4 320 40 483 316
4 351 352 680 350
4 513 329 48 334
4 152 332 25 153
4 192 495 324 197
4 462 433 14 491
4 213 212 592 205
4 656 605 655 648
4 668 661 161 669
4 497 496 182 498
4 547 413 556 758
4 477 365 141 475
4 334 48 513 491
4 483 322 2 484
4 503 349 485 154
4 61 62 37 236
4 525 73 65 639
4 138 672 139 539
4 461 119 617 345
4 330 496 46 336
4 2 322 483 316
4 480 131 637 624
4 608 653 651 646
4 644 375 636 617
4 76 653 221 646
4 20 159 166 223
4 590 597 68 226
4 210 203 38 226
4 659 223 78 666
4 65 72 64 645
4 328 193 330 521
4 524 92 626 91
4 48 5 196 513
4 622 523 135 134
4 345 461 119 333
4 73 65 66 525
4 592 593 600 207
4 662 163 661 669
4 656 607 648 650
4 187 331 347 384
4 452 454 238 623
4 352 681 507 360
4 461 617 376 345
4 544 505 23 150
4 373 117 374 336
4 505 23 24 398
4 214 121 211 601
4 667 155 170 670
4 133 615 657 654
4 646 608 603 609
4 470 433 14 462
4 546 175 185 499
4 568 526 487 755
4 336 345 118 333
4 120 47 119 334
4 318 42 514 478
4 129 130 247 481
4 546 250 175 499
4 653 608 613 603
4 155 170 167 667
4 598 121 601 211
4 615 133 611 654
4 375 422 644 636
4 480 132 131 94
4 241 65 64 645
4 376 422 375 617
4 347 25 348 332
4 67 74 66 253
4 505 363 348 151
4 593 211 601 207
4 163 167 170 662
4 607 657 654 650
4 51 52 701 249
4 375 638 459 383
4 373 345 118 336
4 484 503 485 154
4 1 12 57 149
4 688 365 537 476
4 19 2 322 484
4 600 212 592 213
4 161 169 668 669
4 605 656 655 614
4 503 27 26 153
4 344 181 328 521
4 185 511 546 535
4 19 2 484 154
4 482 251 459 628
4 65 525 639 241
4 636 375 422 617
4 355 157 676 678
4 653 608 603 646
4 480 637 130 247
4 119 461 334 333
4 132 131 142 475
4 347 331 25 332
4 352 681 350 507
4 116 44 115 500
4 43 63 219 500
4 94 238 454 620
4 466 589 526 754
4 247 618 92 93
4 332 325 26 503
4 462 120 642 461
4 496 374 45 336
4 247 637 618 93
4 152 348 363 151
4 505 23 398 544
4 394 684 364 360
4 353 352 679 351
4 363 519 507 682
4 329 47 334 333
4 179 326 328 327
4 480 94 624 93
4 595 208 705 756
4 521 181 174 183
4 523 452 622 454
4 596 705 209 756
4 577 643 6 90
4 674 363 507 682
4 152 348 332 153
4 470 134 523 453
4 331 325 26 332
4 47 118 119 333
4 644 375 638 459
4 630 241 532 500
4 5 196 513 42
4 174 45 46 496
4 78 79 223 659
4 221 77 76 646
4 39 38 203 226
4 68 69 590 226
4 20 21 159 223
4 26 25 332 153
4 507 683 394 360
4 154 485 19 696
4 187 331 25 347
4 369 486 356 158
4 179 326 321 324
4 189 175 191 499
4 95 454 479 136
4 347 398 187 384
4 654 133 16 143
4 532 616 116 117
4 254 538 128 539
4 194 546 511 403
4 199 62 552 236
4 140 673 141 477
4 139 371 481 539
4 572 673 140 477
4 153 152 349 693
4 51 52 11 701
4 64 645 115 500
4 91 251 92 627
4 619 540 633 629
4 495 324 197 173
4 625 618 482 627
4 503 332 349 153
4 348 349 332 153
4 544 22 149 150
4 332 25 348 152
4 324 321 179 197
4 61 37 36 191
4 57 22 530 235
4 179 176 178 321
4 47 329 330 333
4 238 94 624 620
4 25 331 187 173
4 349 680 693 351
4 131 480 94 624
4 353 676 679 678
4 371 139 672 539
4 328 180 179 327
4 117 116 532 374
4 75 74 578 635
4 220 9 50 538
4 57 12 56 530
4 141 142 131 475
4 630 532 116 500
4 57 58 1 235
4 191 175 36 564
4 350 348 363 674
4 140 131 130 477
4 247 130 140 481
4 182 44 45 496
4 125 126 595 756
4 32 208 33 756
4 188 325 26 331
4 82 55 83 691
4 132 16 640 95
4 461 120 119 334
4 219 115 43 500
4 81 53 54 562
4 325 27 26 503
4 365 673 572 477
4 696 158 676 354
4 25 26 331 173
4 119 118 617 345
4 398 187 24 347
4 22 1 57 149
4 540 619 460 629
4 131 132 480 475
4 132 640 131 94
4 530 22 57 149
4 138 538 137 539
4 239 581 675 397
4 59 35 34 195
4 134 523 443 470
4 505 506 363 151
4 642 470 14 462
4 322 547 19 484
4 529 519 689 581
4 132 480 234 94
4 238 482 422 625
4 36 35 60 175
4 117 532 373 374
4 637 130 131 480
4 569 172 398 403
4 92 618 482 93
4 16 136 640 95
4 363 152 151 674
4 474 17 473 548
4 75 74 67 578
4 234 17 16 474
4 331 26 188 173
4 350 152 348 674
4 496 46 174 330
4 6 50 643 577
4 190 194 172 403
4 321 178 179 197
4 178 321 324 197
4 640 454 94 95
4 374 45 44 496
4 524 139 129 481
4 220 51 11 538
4 616 532 373 117
4 625 618 637 93
4 361 694 364 371
4 631 617 118 345
4 7 68 597 224
4 222 76 10 653
4 666 78 10 225
4 0 20 166 225
4 224 0 38 210
4 453 642 632 461
4 26 25 331 332
4 507 674 682 683
4 127 538 128 254
4 453 641 376 632
4 673 365 141 477
4 496 44 374 497
4 625 482 618 93
4 158 157 676 354
4 678 537 551 476
4 222 7 70 613
4 344 511 184 535
4 140 687 673 572
4 517 672 686 539
4 50 75 6 643
4 701 545 686 249
4 682 519 507 683
4 5 491 432 514
4 361 365 358 673
4 680 679 352 351
4 158 19 485 696
4 361 365 673 572
4 193 174 330 521
4 116 115 630 500
4 623 622 452 620
4 91 92 626 627
4 184 192 344 181
4 117 373 118 336
4 336 118 46 333
4 696 349 485 351
4 675 581 689 397
4 330 329 47 193
4 128 626 621 254
4 158 485 486 354
4 90 643 75 635
4 196 513 478 327
4 151 506 363 682
4 6 75 67 578
4 234 480 132 475
4 5 513 491 514
4 484 19 485 486
4 16 234 474 473
4 120 632 642 461
4 503 26 332 153
4 334 47 119 333
4 345 118 631 373
4 201 1 58 235
4 506 151 150 682
4 569 528 186 403
4 115 8 64 500
4 540 619 633 635
4 544 23 569 235
4 373 118 631 117
4 680 153 349 693
4 700 694 361 687
4 638 634 383 616
4 180 329 47 196
4 544 530 22 235
4 681 693 350 674
4 47 46 330 193
4 131 140 141 477
4 140 139 687 572
4 150 149 530 677
4 552 500 43 497
4 500 43 63 552
4 247 618 129 524
4 11 52 80 701
4 53 81 80 695
4 60 175 250 564
4 330 46 47 333
4 569 398 23 544
4 44 43 115 500
4 247 92 618 524
4 197 324 188 173
4 190 250 528 195
4 50 9 75 643
4 52 53 80 545
4 253 619 460 540
4 562 397 690 545
4 121 214 211 49
4 657 133 654 143
4 170 167 28 155
4 125 595 596 756
4 209 208 32 756
4 694 361 687 371
4 141 365 688 475
4 619 66 74 253
4 135 136 454 620
4 54 82 81 675
4 476 551 678 698
4 11 220 538 137
4 57 12 530 149
4 73 66 74 619
4 545 690 562 695
4 631 616 373 117
4 187 384 200 173
4 180 176 179 327
4 616 634 566 630
4 150 530 506 677
4 127 538 220 137
4 500 44 43 497
4 48 329 513 196
4 318 41 42 478
4 483 40 2 316
4 72 65 73 639
4 91 540 251 633
4 350 693 152 674
4 129 247 524 481
4 129 130 618 247
4 349 348 152 153
4 331 188 324 173
4 136 454 479 135
4 152 363 348 674
4 176 41 178 321
4 453 622 641 632
4 180 47 329 193
4 24 172 187 398
4 179 326 324 197
4 697 537 679 678
4 538 220 9 127
4 680 349 153 696
4 634 383 566 460
4 179 176 321 327
4 172 24 23 398
4 678 355 157 156
4 25 24 187 347
4 496 182 44 497
4 537 355 353 678
4 692 700 361 673
4 130 480 247 477
4 325 27 483 198
4 693 680 352 350
4 474 17 16 473
4 374 117 45 336
4 43 63 4 219
4 178 41 40 317
4 641 452 622 453
4 138 686 672 539
4 680 693 351 350
4 180 196 176 327
4 681 684 360 692
4 481 140 247 477
4 470 14 134 642
4 638 375 644 631
4 544 530 506 150
4 186 172 23 569
4 701 11 51 249
4 507 681 350 674
4 696 680 349 351
4 689 691 581 675
4 677 519 506 682
4 75 6 643 90
4 186 23 22 569
4 154 349 485 696
4 154 503 349 153
4 329 47 48 334
4 157 551 355 357
4 349 154 153 696
4 4 37 62 199
4 544 506 505 150
4 636 482 422 628
4 577 50 9 538
4 528 201 186 195
4 689 519 529 677
4 241 630 115 500
4 544 149 530 150
4 523 622 135 620
4 321 176 41 478
4 618 130 637 247
4 189 191 236 499
4 480 130 131 477
4 352 681 693 350
4 325 188 198 320
4 149 530 22 544
4 115 645 241 500
4 132 142 234 475
4 198 40 483 320
4 16 132 234 95
4 626 128 524 254
4 48 5 513 491
4 344 181 521 183
4 129 618 626 524
4 135 523 443 134
4 345 119 118 333
4 476 142 475 474
4 540 91 90 633
4 486 19 485 158
4 530 12 56 699
4 692 361 358 673
4 151 363 674 682
4 626 621 254 91
4 360 352 681 692
4 34 1 58 201
4 529 699 83 691
4 511 194 384 200
4 552 177 199 236
4 617 631 375 345
4 371 687 139 572
4 482 618 92 627
4 636 422 644 628
4 552 4 62 199
4 640 131 94 624
4 371 361 687 572
4 186 201 528 569
4 90 91 621 633
4 672 690 517 686
4 621 643 90 635
4 324 178 188 320
4 517 364 672 371
4 397 581 689 685
4 236 498 177 189
4 186 201 569 235
4 566 383 634 616
4 675 54 239 562
4 619 525 66 253
4 151 505 506 150
4 459 644 422 628
4 23 22 569 235
4 158 356 157 354
4 177 44 182 497
4 511 495 184 200
4 677 506 150 682
4 562 675 81 695
4 365 688 673 141
4 254 524 626 91
4 478 176 196 327
4 55 529 691 239
4 495 184 192 344
4 12 530 149 699
4 94 234 640 95
4 221 70 71 603
4 241 532 566 630
4 329 48 47 196
4 383 631 616 373
4 636 625 482 628
4 545 80 52 701
4 452 454 623 620
4 529 83 55 691
4 474 156 17 368
4 352 681 680 693
4 477 141 480 475
4 538 51 137 249
4 639 241 630 645
4 174 182 45 496
4 645 8 64 115
4 253 540 578 635
4 354 157 676 355
4 384 187 331 173
4 37 61 236 191
4 41 178 321 317
4 234 640 132 94
4 128 129 626 524
4 140 481 572 477
4 139 672 687 371
4 630 532 616 116
4 619 460 525 253
4 120 119 632 461
4 496 174 182 521
4 40 178 317 320
4 375 638 383 631
4 535 546 185 499
4 675 81 54 562
4 190 186 528 403
4 185 546 194 190
4 325 26 27 188
4 27 2 483 198
4 251 482 627 628
4 545 53 80 695
4 672 364 694 371
4 120 642 14 462
4 691 239 581 675
4 95 96 473 136
4 16 473 96 136
4 361 364 694 700
4 679 352 358 692
4 188 178 324 197
4 626 91 627 633
4 633 621 90 635
4 528 59 34 195
4 9 577 538 127
4 358 353 679 537
4 548 474 17 368
4 176 196 42 478
4 383 634 638 460
4 136 95 454 620
4 95 640 454 620
4 11 701 137 249
4 513 5 42 514
4 686 695 545 701
4 58 34 201 528
4 63 4 62 552
4 537 679 358 697
4 234 132 640 95
4 66 73 525 619
4 639 525 73 619
4 484 547 19 486
4 139 140 481 572
4 22 57 1 235
4 22 23 544 235
4 484 485 19 154
4 530 699 529 677
4 135 454 523 620
4 452 422 641 623
4 698 476 551 474
4 476 678 688 698
4 616 566 383 532
4 83 56 12 699
4 684 694 364 700
4 622 453 642 632
4 365 537 697 688
4 344 192 326 181
4 92 626 618 524
4 193 329 180 328
4 684 394 683 360
4 682 689 519 683
4 640 95 136 620
4 201 528 569 235
4 172 186 190 403
4 454 452 622 620
4 34 201 528 195
4 253 67 74 578
4 638 459 460 629
4 695 80 545 701
4 172 187 398 384
4 241 566 639 630
4 238 624 623 620
4 483 2 40 198
4 137 51 11 249
4 521 174 182 183
4 538 51 11 137
4 178 198 188 320
4 64 72 8 645
4 495 192 200 173
4 566 634 639 630
4 460 525 634 619
4 384 172 194 403
4 678 697 537 688
4 181 193 180 328
4 618 626 92 627
4 137 686 138 539
4 355 551 157 156
4 540 90 578 635
4 247 140 130 477
4 182 498 521 183
4 643 50 9 577
4 622 523 454 620
4 156 551 157 357
4 398 23 172 569
4 40 198 178 320
4 691 82 55 239
4 422 641 623 636
4 691 689 529 677
4 676 353 355 678
4 134 622 523 453
4 238 625 624 93
4 631 638 383 616
4 485 158 696 354
4 481 371 139 572
4 529 699 691 677
4 694 690 685 364
4 540 253 619 635
4 142 141 688 475
4 551 156 368 357
4 201 22 1 235
4 537 353 679 678
4 182 177 497 498
4 673 700 361 687
4 692 358 679 697
4 196 513 42 478
4 453 134 622 642
4 236 177 199 191
4 460 634 638 629
4 35 59 250 195
4 623 625 422 636
4 241 630 645 115
4 498 182 189 183
4 375 644 631 617
4 546 194 190 403
4 330 46 174 193
4 236 199 37 191
4 617 376 641 632
4 192 495 197 173
4 626 621 91 633
4 177 43 44 497
4 474 551 156 368
4 249 137 538 539
4 192 179 326 181
4 566 639 525 241
4 627 91 251 633
4 623 454 238 620
4 187 172 194 384
4 473 17 16 548
4 191 236 177 189
4 185 189 183 535
4 179 326 181 328
4 453 470 134 642
4 82 54 239 675
4 624 94 640 620
4 675 562 690 695
4 326 179 192 197
4 199 37 62 236
4 480 141 131 475
4 127 128 621 254
4 394 683 689 685
4 621 577 254 90
4 239 691 82 675
4 690 397 685 364
4 676 696 354 351
4 94 454 640 620
4 625 422 238 623
4 696 676 680 351
4 698 156 17 474
4 697 692 358 673
4 90 540 633 635
4 577 9 643 127
4 190 528 186 195
4 688 476 142 475
4 4 63 43 552
4 551 355 678 156
4 384 194 187 200
4 625 482 422 636
4 183 184 185 535
4 131 141 480 477
4 498 182 177 189
4 545 562 53 695
4 699 530 149 677
4 684 685 394 364
4 142 698 17 474
4 694 687 672 371
4 352 679 681 692
4 181 180 179 328
4 175 60 36 564
4 633 251 627 629
4 683 689 519 394
4 677 689 519 682
4 552 43 4 199
4 175 250 190 195
4 358 365 697 673
4 624 625 238 623
4 695 545 690 686
4 183 189 498 535
4 525 639 634 619
4 27 325 188 198
4 473 16 234 95
4 537 678 688 476
4 643 621 577 127
4 685 394 683 684
4 177 43 552 199
4 687 361 673 572
4 624 625 637 93
4 394 689 519 581
4 686 137 249 539
4 250 175 35 195
4 700 360 684 692
4 681 679 352 680
4 688 476 698 142
4 81 53 562 695
4 175 250 546 190
4 476 698 142 474
4 201 186 22 235
4 511 184 185 194
4 688 697 365 673
4 569 22 186 235
4 156 678 551 698
4 177 552 43 497
4 473 16 95 136
4 183 344 184 535
4 196 180 329 327
4 191 36 61 564
4 577 621 643 90
4 495 192 184 200
4 251 627 629 628
4 35 60 175 250
4 634 639 525 566
4 675 562 397 690
4 629 459 251 628
4 698 551 156 474
4 633 540 251 629
4 564 191 175 499
4 517 690 545 686
4 186 172 569 403
4 621 577 127 254
4 194 511 184 200
4 459 638 644 628
4 532 616 566 630
4 685 684 694 364
4 577 538 127 254
4 638 459 629 628
4 546 511 185 194
4 137 701 686 249
4 185 189 535 499
4 511 185 184 535
4 581 394 689 685
4 394 581 397 685
4 732 494 346 502
4 732 346 494 709
4 732 298 346 709
4 732 346 298 504
4 289 723 296 297
4 296 723 289 709
4 509 748 386 303
4 386 748 509 740
4 738 102 746 558
4 738 746 102 719
4 729 436 105 709
4 729 105 436 246
4 307 735 733 308
4 733 735 307 712
4 743 434 377 709
4 743 377 434 435
4 742 558 409 467
4 742 409 558 738
4 734 243 99 100
4 734 99 243 716
4 711 531 718 244
4 711 718 531 576
4 457 718 531 244
4 457 531 718 576
4 456 757 111 237
4 111 757 456 718
4 736 712 706 713
4 736 706 712 733
4 727 243 424 716
4 727 424 243 423
4 97 737 231 442
4 231 737 97 722
4 747 703 121 15
4 747 121 703 717
4 747 133 703 15
4 747 703 133 722
4 746 102 230 101
4 746 230 102 719
4 752 301 489 295
4 750 549 359 720
4 750 359 549 367
4 741 489 752 301
4 741 752 489 727
4 758 158 720 155
4 758 720 158 369
4 427 745 428 426
4 428 745 427 737
4 753 230 102 527
4 753 102 230 719
4 16 722 96 439
4 96 722 16 133
4 443 479 703 231
4 443 703 479 135
4 432 14 491 5
4 432 491 14 433
4 752 301 300 741
4 752 300 301 295
4 743 106 107 245
4 743 107 106 728
4 742 409 378 392
4 742 378 409 738
4 759 400 710 541
4 759 710 400 751
4 279 710 400 541
4 279 400 710 751
4 470 14 515 134
4 470 515 14 433
4 121 515 14 134
4 609 138 604 128
4 609 604 138 658
4 647 606 139 649
4 139 606 647 604
4 124 756 147 125
4 147 756 146 32
4 147 146 756 124
4 31 146 756 32
4 31 756 146 124
4 322 19 758 2
4 322 758 19 547
4 539 139 524 481
4 539 524 139 138
4 651 125 148 608
4 148 125 651 147
4 617 461 632 119
4 632 461 617 376
4 126 653 222 148
4 126 222 653 613
4 617 422 641 376
4 617 641 422 636
4 384 173 495 200
4 495 173 384 331
4 152 350 349 693
4 349 350 152 348
4 578 75 90 6
4 578 90 75 635
4 193 521 181 174
4 181 521 193 328
4 351 679 676 680
4 351 676 679 353
4 360 683 681 507
4 360 681 683 684
4 364 672 690 517
4 690 672 364 694
4 65 645 639 72
4 639 645 65 241
4 635 253 74 578
4 635 74 253 619
4 691 581 529 689
4 529 581 691 239
4 515 14 717 121
4 515 717 14 433
4 744 717 14 121
4 744 14 717 433

CELL_TYPES 3984
1
1
1
1
1
1
1
1
1
1
1
1
1
1
1
1
1
1
1
1
3
3
3
3
3
3
3
3
3
3
3
3
3
3
3
3
3
3
3
3
3
3
3
3
3
3
3
3
3
3
3
3
3
3
3
3
3
3
3
3
3
3
3
3
3
3
3
3
3
3
3
3
3
3
3
3
3
3
3
3
3
3
3
3
3
3
3
3
3
3
3
3
3
3
3
3
3
3
3
3
3
3
3
3
3
3
3
3
3
3
3
3
3
3
3
3
3
3
3
3
3
3
3
3
3
3
3
3
3
3
3
3
3
3
3
3
3
3
3
3
3
3
3
3
3
3
3
3
3
3
3
3
3
3
3
3
3
3
3
3
3
3
3
3
3
3
3
3
3
3
3
3
3
3
3
3
3
3
3
3
3
3
3
3
3
3
3
3
3
5
5
5
5
5
5
5
5
5
5
5
5
5
5
5
5
5
5
5
5
5
5
5
5
5
5
5
5
5
5
5
5
5
5
5
5
5
5
5
5
5
5
5
5
5
5
5
5
5
5
5
5
5
5
5
5
5
5
5
5
5
5
5
5
5
5
5
5
5
5
5
5
5
5
5
5
5
5
5
5
5
5
5
5
5
5
5
5
5
5
5
5
5
5
5
5
5
5
5
5
5
5
5
5
5
5
5
5
5
5
5
5
5
5
5
5
5
5
5
5
5
5
5
5
5
5
5
5
5
5
5
5
5
5
5
5
5
5
5
5
5
5
5
5
5
5
5
5
5
5
5
5
5
5
5
5
5
5
5
5
5
5
5
5
5
5
5
5
5
5
5
5
5
5
5
5
5
5
5
5
5
5
5
5
5
5
5
5
5
5
5
5
5
5
5
5
5
5
5
5
5
5
5
5
5
5
5
5
5
5
5
5
5
5
5
5
5
5
5
5
5
5
5
5
5
5
5
5
5
5
5
5
5
5
5
5
5
5
5
5
5
5
5
5
5
5
5
5
5
5
5
5
5
5
5
5
5
5
5
5
5
5
5
5
5
5
5
5
5
5
5
5
5
5
5
5
5
5
5
5
5
5
5
5
5
5
5
5
5
5
5
5
5
5
5
5
5
5
5
5
5
5
5
5
5
5
5
5
5
5
5
5
5
5
5
5
5
5
5
5
5
5
5
5
5
5
5
5
5
5
5
5
5
5
5
5
5
5
5
5
5
5
5
5
5
5
5
5
5
5
5
5
5
5
5
5
5
5
5
5
5
5
5
5
5
5
5
5
5
5
5
5
5
5
5
5
5
5
5
5
5
5
5
5
5
5
5
5
5
5
5
5
5
5
5
5
5
5
5
5
5
5
5
5
5
5
5
5
5
5
5
5
5
5
5
5
5
5
5
5
5
5
5
5
5
5
5
5
5
5
5
5
5
5
5
5
5
5
5
5
5
5
5
5
5
5
5
5
5
5
5
5
5
5
5
5
5
5
5
5
5
5
5
5
5
5
5
5
5
5
5
5
5
5
5
5
5
5
5
5
5
5
5
5
5
5
5
5
5
5
5
5
5
5
5
5
5
5
5
5
5
5
5
5
5
5
5
5
5
5
5
5
5
5
5
5
5
5
5
5
5
5
5
5
5
5
5
5
5
5
5
5
5
5
5
5
5
5
5
5
5
5
5
5
5
5
5
5
5
5
5
5
5
5
5
5
5
5
5
5
5
5
5
5
5
5
5
5
5
5
5
5
5
5
5
5
5
5
5
5
5
5
5
5
5
5
5
5
5
5
5
5
5
5
5
5
5
5
5
5
5
5
5
5
5
5
5
5
5
5
5
5
5
5
5
5
5
5
5
5
5
5
5
5
5
5
5
5
5
5
5
5
5
5
5
5
5
5
5
5
5
5
5
5
5
5
5
5
5
5
5
5
5
5
5
5
5
5
5
5
5
5
5
5
5
5
5
5
5
5
5
5
5
5
5
5
5
5
5
5
5
5
5
5
5
5
5
5
5
5
5
5
5
5
5
5
5
5
5
5
5
5
5
5
5
5
5
5
5
5
5
5
5
5
5
5
5
5
5
5
5
5
5
5
5
5
5
5
5
5
5
5
5
5
5
5
5
5
5
5
5
5
5
5
5
5
5
5
5
5
5
5
5
5
5
5
5
5
5
5
5
5
5
5
5
5
5
5
5
5
5
5
5
5
5
5
5
5
5
5
5
5
5
5
5
5
5
5
5
5
5
5
5
5
5
5
5
5
5
5
5
5
5
5
5
5
5
5
5
5
5
5
5
5
5
5
5
5
5
5
5
5
5
5
5
5
5
5
5
5
5
5
5
5
5
5
5
5
5
5
5
5
5
5
5
5
5
5
5
5
5
5
5
5
5
5
5
5
5
5
5
5
5
5
5
5
5
5
5
5
5
5
5
5
5
5
5
5
5
5
5
5
5
5
5
5
5
5
5
5
5
5
5
5
5
5
5
5
5
5
5
5
5
5
5
5
5
5
5
5
5
5
5
5
5
5
5
5
5
5
5
5
5
5
5
5
5
5
5
5
5
5
5
5
5
5
5
5
5
5
5
5
5
5
5
5
5
5
5
5
5
5
5
5
5
5
5
5
5
5
5
5
5
5
5
5
5
5
5
5
5
5
5
5
5
5
5
5
5
5
5
5
5
5
5
5
5
5
5
5
5
5
5
5
5
5
5
5
5
5
5
5
5
5
5
5
5
5
5
5
5
5
5
5
5
5
5
5
5
5
5
5
5
5
5
5
5
5
5
5
5
5
5
5
5
5
5
5
5
5
5
5
5
5
5
5
5
5
5
5
5
5
5
5
5
5
5
5
5
5
5
5
5
5
5
5
5
5
5
5
5
5
5
5
5
5
5
5
5
5
5
5
5
5
5
5
5
5
5
5
5
5
5
5
5
5
5
5
5
5
5
5
5
5
5
5
5
5
5
5
5
5
5
5
5
5
5
5
5
5
5
5
5
5
5
5
5
5
5
5
5
5
5
5
5
5
5
5
5
5
5
5
5
5
5
5
5
5
5
5
5
5
5
5
5
5
5
5
5
5
5
5
5
5
5
5
5
5
5
5
5
5
5
5
5
5
5
5
5
5
5
5
5
5
5
5
5
5
5
5
5
5
5
5
5
5
5
5
5
5
5
5
5
5
5
5
5
5
5
5
5
5
5
5
5
5
5
5
5
5
5
5
5
5
5
5
5
5
5
5
5
5
5
5
5
5
5
5
5
5
5
5
5
5
5
5
5
5
5
5
5
5
5
5
5
5
5
5
5
5
5
5
5
5
5
5
5
5
5
5
5
5
5
5
5
5
5
5
5
5
5
5
5
5
5
5
5
5
5
5
5
5
5
5
5
5
5
5
5
5
5
5
5
5
5
5
5
5
5
5
5
5
5
5
5
5
5
5
5
5
5
5
5
5
5
5
5
5
5
5
5
5
5
5
5
5
5
5
5
5
5
5
5
5
5
5
5
5
5
5
5
5
5
5
5
5
5
5
5
5
5
5
5
5
5
5
5
5
5
5
5
5
5
5
5
5
5
5
5
5
5
5
5
5
5
5
5
5
5
5
5
5
5
5
5
5
5
5
5
5
5
5
5
5
5
5
10
10
10
10
10
10
10
10
10
10
10
10
10
10
10
10
10
10
10
10
10
10
10
10
10
10
10
10
10
10
10
10
10
10
10
10
10
10
10
10
10
10
10
10
10
10
10
10
10
10
10
10
10
10
10
10
10
10
10
10
10
10
10
10
10
10
10
10
10
10
10
10
10
10
10
10
10
10
10
10
10
10
10
10
10
10
10
10
10
10
10
10
10
10
10
10
10
10
10
10
10
10
10
10
10
10
10
10
10
10
10
10
10
10
10
10
10
10
10
10
10
10
10
10
10
10
10
10
10
10
10
10
10
10
10
10
10
10
10
10
10
10
10
10
10
10
10
10
10
10
10
10
10
10
10
10
10
10
10
10
10
10
10
10
10
10
10
10
10
10
10
10
10
10
10
10
10
10
10
10
10
10
10
10
10
10
10
10
10
10
10
10
10
10
10
10
10
10
10
10
10
10
10
10
10
10
10
10
10
10
10
10
10
10
10
10
10
10
10
10
10
10
10
10
10
10
10
10
10
10
10
10
10
10
10
10
10
10
10
10
10
10
10
10
10
10
10
10
10
10
10
10
10
10
10
10
10
10
10
10
10
10
10
10
10
10
10
10
10
10
10
10
10
10
10
10
10
10
10
10
10
10
10
10
10
10
10
10
10
10
10
10
10
10
10
10
10
10
10
10
10
10
10
10
10
10
10
10
10
10
10
10
10
10
10
10
10
10
10
10
10
10
10
10
10
10
10
10
10
10
10
10
10
10
10
10
10
10
10
10
10
10
10
10
10
10
10
10
10
10
10
10
10
10
10
10
10
10
10
10
10
10
10
10
10
10
10
10
10
10
10
10
10
10
10
10
10
10
10
10
10
10
10
10
10
10
10
10
10
10
10
10
10
10
10
10
10
10
10
10
10
10
10
10
10
10
10
10
10
10
10
10
10
10
10
10
10
10
10
10
10
10
10
10
10
10
10
10
10
10
10
10
10
10
10
10
10
10
10
10
10
10
10
10
10
10
10
10
10
10
10
10
10
10
10
10
10
10
10
10
10
10
10
10
10
10
10
10
10
10
10
10
10
10
10
10
10
10
10
10
10
10
10
10
10
10
10
10
10
10
10
10
10
10
10
10
10
10
10
10
10
10
10
10
10
10
10
10
10
10
10
10
10
10
10
10
10
10
10
10
10
10
10
10
10
10
10
10
10
10
10
10
10
10
10
10
10
10
10
10
10
10
10
10
10
10
10
10
10
10
10
10
10
10
10
10
10
10
10
10
10
10
10
10
10
10
10
10
10
10
10
10
10
10
10
10
10
10
10
10
10
10
10
10
10
10
10
10
10
10
10
10
10
10
10
10
10
10
10
10
10
10
10
10
10
10
10
10
10
10
10
10
10
10
10
10
10
10
10
10
10
10
10
10
10
10
10
10
10
10
10
10
10
10
10
10
10
10
10
10
10
10
10
10
10
10
10
10
10
10
10
10
10
10
10
10
10
10
10
10
10
10
10
10
10
10
10
10
10
10
10
10
10
10
10
10
10
10
10
10
10
10
10
10
10
10
10
10
10
10
10
10
10
10
10
10
10
10
10
10
10
10
10
10
10
10
10
10
10
10
10
10
10
10
10
10
10
10
10
10
10
10
10
10
10
10
10
10
10
10
10
10
10
10
10
10
10
10
10
10
10
10
10
10
10
10
10
10
10
10
10
10
10
10
10
10
10
10
10
10
10
10
10
10
10
10
10
10
10
10
10
10
10
10
10
10
10
10
10
10
10
10
10
10
10
10
10
10
10
10
10
10
10
10
10
10
10
10
10
10
10
10
10
10
10
10
10
10
10
10
10
10
10
10
10
10
10
10
10
10
10
10
10
10
10
10
10
10
10
10
10
10
10
10
10
10
10
10
10
10
10
10
10
10
10
10
10
10
10
10
10
10
10
10
10
10
10
10
10
10
10
10
10
10
10
10
10
10
10
10
10
10
10
10
10
10
10
10
10
10
10
10
10
10
10
10
10
10
10
10
10
10
10
10
10
10
10
10
10
10
10
10
10
10
10
10
10
10
10
10
10
10
10
10
10
10
10
10
10
10
10
10
10
10
10
10
10
10
10
10
10
10
10
10
10
10
10
10
10
10
10
10
10
10
10
10
10
10
10
10
10
10
10
10
10
10
10
10
10
10
10
10
10
10
10
10
10
10
10
10
10
10
10
10
10
10
10
10
10
10
10
10
10
10
10
10
10
10
10
10
10
10
10
10
10
10
10
10
10
10
10
10
10
10
10
10
10
10
10
10
10
10
10
10
10
10
10
10
10
10
10
10
10
10
10
10
10
10
10
10
10
10
10
10
10
10
10
10
10
10
10
10
10
10
10
10
10
10
10
10
10
10
10
10
10
10
10
10
10
10
10
10
10
10
10
10
10
10
10
10
10
10
10
10
10
10
10
10
10
10
10
10
10
10
10
10
10
10
10
10
10
10
10
10
10
10
10
10
10
10
10
10
10
10
10
10
10
10
10
10
10
10
10
10
10
10
10
10
10
10
10
10
10
10
10
10
10
10
10
10
10
10
10
10
10
10
10
10
10
10
10
10
10
10
10
10
10
10
10
10
10
10
10
10
10
10
10
10
10
10
10
10
10
10
10
10
10
10
10
10
10
10
10
10
10
10
10
10
10
10
10
10
10
10
10
10
10
10
10
10
10
10
10
10
10
10
10
10
10
10
10
10
10
10
10
10
10
10
10
10
10
10
10
10
10
10
10
10
10
10
10
10
10
10
10
10
10
10
10
10
10
10
10
10
10
10
10
10
10
10
10
10
10
10
10
10
10
10
10
10
10
10
10
10
10
10
10
10
10
10
10
10
10
10
10
10
10
10
10
10
10
10
10
10
10
10
10
10
10
10
10
10
10
10
10
10
10
10
10
10
10
10
10
10
10
10
10
10
10
10
10
10
10
10
10
10
10
10
10
10
10
10
10
10
10
10
10
10
10
10
10
10
10
10
10
10
10
10
10
10
10
10
10
10
10
10
10
10
10
10
10
10
10
10
10
10
10
10
10
10
10
10
10
10
10
10
10
10
10
10
10
10
10
10
10
10
10
10
10
10
10
10
10
10
10
10
10
10
10
10
10
10
10
10
10
10
10
10
10
10
10
10
10
10
10
10
10
10
10
10
10
10
10
10
10
10
10
10
10
10
10
10
10
10
10
10
10
10
10
10
10
10
10
10
10
10
10
10
10
10
10
10
10
10
10
10
10
10
10
10
10
10
10
10
10
10
10
10
10
10
10
10
10
10
10
10
10
10
10
10
10
10
10
10
10
10
10
10
10
10
10
10
10
10
10
10
10
10
10
10
10
10
10
10
10
10
10
10
10
10
10
10
10
10
10
10
10
10
10
10
10
10
10
10
10
10
10
10
10
10
10
10
10
10
10
10
10
10
10
10
10
10
10
10
10
10
10
10
10
10
10
10
10
10
10
10
10
10
10
10
10
10
10
10
10
10
10
10
10
10
10
10
10
10
10
10
10
10
10
10
10
10
10
10
10
10
10
10
10
10
10
10
10
10
10
10
10
10
10
10
10
10
10
10
10
10
10
10
10
10
10
10
10
10
10
10
10
10
10
10
10
10
10
10
10
10
10
10
10
10
10
10
10
10
10
10
10
10
10
10
10
10
10
10
10
10
10
10
10
10
10
10
10
10
10
10
10
10
10
10
10
10
10
10
10
10
10
10
10
10
10
10
10
10
10
10
10
10
10
10
10
10
10
10
10
10
10
10
10
10
10
10
10
10
10
10
10
10
10
10
10
10
10
10
10
10
10
10
10
10
10
10
10
10
10
10
10
10
10
10
10
10
10
10
10
10
10
10
10
10
10
10
10
10
10
10
10
10
10
10
10
10
10
10
10
10
10
10
10
10
10
10
10
10
10
10
10
10
10
10
10
10
10
10
10
10
10
10
10
10
10
10
10
10
10
10
10
10
10
10
10
10
10
10
10
10
10
10
10
10
10
10
10
10
10
10
10
10
10
10
10
10
10
10
10
10
10
10
10
10
10
10
10
10
10
10
10
10
10
10
10
10
10
10
10
10
10
10
10
10
10
10
10
10
10
10
10
10
10
10
10
10
10
10
10
10
10
10
10
10
10
10
10
10
10
10
10
10
10
10
10
10
10
10
10
10
10
10
10
10
10
10
10
10
10
10
10
10
10
10
10
10
10
10
10
10
10
10
10
10
10
10
10
10
10
10
10
10
10
10
10
10
10
10
10
10
10
10
10
10
10
10
10
10
10
10
10
10
10
10
10
10
10
10
10
10
10
10
10
10
10
10
10
10
10
10
10
10
10
10
10
10
10
10
10
10
10
10
10
10
10
10
10
10
10
10
10
10
10
10
10
10
10
10
10
10
10
10
10
10
10
10
10
10
10
10
10
10
10
10
10
10
10
10
10
10
10
10
10
10
10
10
10
10
10
10
10
10
10
10
10
10
10
10
10
10
10
10
10
10
10
10
10
10
10
10
10
10
10
10
10
10
10
10
10
10
10
10
10
10
10
10
10
10
10
10
10
10
10
10
10
10
10
10
10
10
10
10
10
10
10
10
10
10
10
10
10
10
10
10
10
10
10
10
10
10
10
10
10
10
10
10
10
10
10
10
10
10
10
10
10
10
10
10
10
10
10
10
10
10
10
10
10
10
10
10
10
10
10
10
10
10
10
10
10
10
10
10
10
10
10
10
10
10
10
10
10
10
10
10
10
10
10
10
10
10
10
10
10
10
10
10
10
10
10
10
10
10
10
10
10
10
10
10
10
10
10
10
10
10
10
10
10
10
10
10
10
10
10
10
10
10
10
10
10
10
10
10
10
10
10
10
10
10
10
10
10
10
10
10
10
10
10
10
10
10
10
10
10
10
10
10
10
10
10
10
10
10
10
10
10
10
10
10
10
10
10
10
10
10
10
10
10
10
10
10
10
10
10
10
10
10
10
10
10
10
10
10
10
10
10
10
10
10
10
10
10
10
10
10
10
10
10
10
10
10
10
10
10
10
10
10
10
10
10
10
10
10
10
10
10
10
10
10
10
10
10
10
10
10
10
10
10
10
10
10
10
10
10
10
10
10
10
10
10
10
10
10
10
10
10
10
10
10
10
10
10
10
10
10
10
10
10
10
10
10
10
10
10
10
10
10
10
10
10
10
10
10
10
10
10
10
10
10
10
10
10
10
10
10
10
10
10
10
10
10
10
10
10
10
10
10
10
10
10
10
10
10
10
10
10
10
10
10
10
10
10
10
10
10
10
10
10
10
10
10
10
10
10
10
10
10
10
10
10
10
10
10
10
10
10
10
10
10
10
10
10
10
10
10
10
10
10
10
10
10
10
10
10
10
10
10
10
10
10
10
10
10
10
