solid Created by Gmsh
facet normal -0.929649 0.353117 -0.105178
  outer loop
    vertex -7.24015418921767 3.703042594030265 -49.14530843993099
    vertex -7.865475195010348 1.934525236956841 -49.55569817829475
    vertex -7.640497169487925 3.151529462226188 -47.4583588527576
  endloop
endfacet
facet normal 0.966688 0.247351 -0.0658128
  outer loop
    vertex 10.55444740832272 3.797738116810452 -9.950042424170457
    vertex 11.19268290692864 1.611847364421183 -8.790817995617846
    vertex 11.01050118868264 1.825987058020575 -10.66196062388632
  endloop
endfacet
facet normal -0.929565 0.35174 -0.110396
  outer loop
    vertex -7.842245594312874 3.367107721227535 -44.03295044891313
    vertex -7.41524272440778 3.931878982168022 -45.8289733229351
    vertex -8.160711811360791 1.962835973755653 -45.8256085408558
  endloop
endfacet
facet normal -0.255752 0.963248 -0.0821286
  outer loop
    vertex -2.049812622430771 11.51942932309344 -3.806983340832688
    vertex -3.934036646709818 11.0207558788438 -3.788131773931521
    vertex -3.891147637275262 11.20562670339115 -1.753426394321785
  endloop
endfacet
facet normal -0.246693 0.966299 -0.0735396
  outer loop
    vertex -3.891147637275262 11.20562670339115 -1.753426394321785
    vertex -1.959102877337421 11.69410751506053 -1.816030506530927
    vertex -2.049812622430771 11.51942932309344 -3.806983340832688
  endloop
endfacet
facet normal 0.890156 0.441625 -0.1122
  outer loop
    vertex 11.0008408359837 4.100610907640883 -3.300415655901086
    vertex 9.878774462735107 6.318789568625341 -3.471634045470494
    vertex 10.77719385909545 4.987778865699907 -1.582807748611908
  endloop
endfacet
facet normal 0.755116 0.64538 -0.115261
  outer loop
    vertex 3.752438966817508 4.471982619695273 -78.29869947057708
    vertex 4.275754348919296 4.177705496470007 -76.51802485291664
    vertex 4.999421657250131 3.021094218511087 -78.25322293334547
  endloop
endfacet
facet normal -0.960397 0.273065 -0.0554286
  outer loop
    vertex -7.865475195010348 1.934525236956841 -49.55569817829475
    vertex -8.117885968524412 1.404077386164942 -47.79545048665788
    vertex -7.640497169487925 3.151529462226188 -47.4583588527576
  endloop
endfacet
facet normal 0.550221 0.831012 -0.0817057
  outer loop
    vertex 7.287707713480094 9.363247061695755 -1.713809338896476
    vertex 7.260539724080162 9.1888051834188 -3.670977387963048
    vertex 5.623839311387834 10.27145243420194 -3.681433673348879
  endloop
endfacet
facet normal 0.545068 0.834984 -0.0755141
  outer loop
    vertex 5.623839311387834 10.27145243420194 -3.681433673348879
    vertex 5.639375109135572 10.44106092302508 -1.693878467235054
    vertex 7.287707713480094 9.363247061695755 -1.713809338896476
  endloop
endfacet
facet normal 0.801904 0.594261 -0.0616745
  outer loop
    vertex 4.999421657250131 3.021094218511087 -78.25322293334547
    vertex 4.275754348919296 4.177705496470007 -76.51802485291664
    vertex 5.236845509372129 2.877238745117353 -76.5523012049416
  endloop
endfacet
facet normal 0.951273 0.305191 -0.0440323
  outer loop
    vertex 10.61991414759866 2.177423483008472 -14.72856083814047
    vertex 10.17362360638366 3.304541796927824 -16.55808247640721
    vertex 9.923209316610453 4.304881091143555 -15.0346145294428
  endloop
endfacet
facet normal 0.94226 0.31887 -0.102316
  outer loop
    vertex 8.608626656749774 3.94956626505957 -32.12883642553202
    vertex 8.99219818832451 3.410154572657139 -30.27750292506757
    vertex 9.236819919807413 2.078575693463508 -32.17459640488199
  endloop
endfacet
facet normal -0.402489 0.912395 -0.0744152
  outer loop
    vertex -3.934036646709818 11.0207558788438 -3.788131773931521
    vertex -5.651921887895427 10.42832773937583 -1.760313782523939
    vertex -3.891147637275262 11.20562670339115 -1.753426394321785
  endloop
endfacet
facet normal 0.968264 0.224904 -0.109008
  outer loop
    vertex 10.87829428667818 3.257743846702729 -8.187581702958422
    vertex 11.19268290692864 1.611847364421183 -8.790817995617846
    vertex 10.55444740832272 3.797738116810452 -9.950042424170457
  endloop
endfacet
facet normal -0.0829255 0.99385 -0.0733845
  outer loop
    vertex -0.1261974693880357 11.70504104079176 -3.739165186663671
    vertex -1.959102877337421 11.69410751506053 -1.816030506530927
    vertex -1.508098659096156e-14 11.8651202798569 -1.71380933889648
  endloop
endfacet
facet normal -0.419774 0.902973 -0.0918114
  outer loop
    vertex -5.87817700976967 10.13004143432985 -3.659516923085035
    vertex -5.651921887895427 10.42832773937583 -1.760313782523939
    vertex -3.934036646709818 11.0207558788438 -3.788131773931521
  endloop
endfacet
facet normal -0.0928215 0.992232 -0.0828254
  outer loop
    vertex -2.049812622430771 11.51942932309344 -3.806983340832688
    vertex -1.959102877337421 11.69410751506053 -1.816030506530927
    vertex -0.1261974693880357 11.70504104079176 -3.739165186663671
  endloop
endfacet
facet normal 0.680436 0.729019 -0.0744226
  outer loop
    vertex 8.681952659582636 7.879150307397607 -3.504129637103006
    vertex 7.260539724080162 9.1888051834188 -3.670977387963048
    vertex 7.287707713480094 9.363247061695755 -1.713809338896476
  endloop
endfacet
facet normal 0.928784 0.354225 -0.109015
  outer loop
    vertex 10.4031135077495 5.148672033924428 -4.987438159803042
    vertex 11.0008408359837 4.100610907640883 -3.300415655901086
    vertex 11.18977940809905 3.081365394065418 -5.002555307207345
  endloop
endfacet
facet normal 0.676089 0.732397 -0.0806085
  outer loop
    vertex 7.287707713480094 9.363247061695755 -1.713809338896476
    vertex 8.755930590109735 8.020344754376962 -1.600781435065898
    vertex 8.681952659582636 7.879150307397607 -3.504129637103006
  endloop
endfacet
facet normal 0.957984 0.260068 -0.12096
  outer loop
    vertex 10.6899578398192 4.192867237795818 -6.571295853494516
    vertex 11.18977940809905 3.081365394065418 -5.002555307207345
    vertex 11.33797352697457 1.690420227839135 -6.819465884755963
  endloop
endfacet
facet normal 0.93754 0.345459 -0.0409485
  outer loop
    vertex 8.168584279490586 2.93020203924936 -42.20695999113778
    vertex 7.848211772411777 3.98817753233496 -40.61655555677451
    vertex 8.62321848902106 1.937187043540053 -40.17533245139973
  endloop
endfacet
facet normal -0.562615 0.822498 -0.083433
  outer loop
    vertex -5.87817700976967 10.13004143432985 -3.659516923085035
    vertex -7.31025525567048 9.150923491476794 -3.654890904765335
    vertex -7.287707713480118 9.363247061695738 -1.713809338896475
  endloop
endfacet
facet normal 0.931967 0.352626 -0.08422
  outer loop
    vertex 6.313994065731355 3.461617469805174 -60.98156239200934
    vertex 6.544040476141373 3.445600775020012 -58.50296202309255
    vertex 7.119377903996975 1.679349635265184 -59.53158126195228
  endloop
endfacet
facet normal -0.957376 0.284916 -0.047481
  outer loop
    vertex -10.66035218285262 1.964423194120565 -14.7412680418218
    vertex -10.01619817773452 4.064903118188554 -15.12534202755452
    vertex -10.25872114002017 2.983462923533061 -16.72460360037407
  endloop
endfacet
facet normal 0.948842 0.294255 -0.114515
  outer loop
    vertex 10.40749007124052 3.40712713753687 -13.32882970296509
    vertex 10.61991414759866 2.177423483008472 -14.72856083814047
    vertex 9.923209316610453 4.304881091143555 -15.0346145294428
  endloop
endfacet
facet normal 0.933541 0.35557 -0.0455059
  outer loop
    vertex 10.4031135077495 5.148672033924428 -4.987438159803042
    vertex 11.18977940809905 3.081365394065418 -5.002555307207345
    vertex 10.6899578398192 4.192867237795818 -6.571295853494516
  endloop
endfacet
facet normal 0.869442 0.489219 -0.0688091
  outer loop
    vertex 10.77719385909545 4.987778865699907 -1.582807748611908
    vertex 9.878774462735107 6.318789568625341 -3.471634045470494
    vertex 9.857346081275841 6.611654109682061 -1.660187467210253
  endloop
endfacet
facet normal -0.938463 0.342215 -0.0466364
  outer loop
    vertex -8.604223096974671 2.002436374992032 -40.22579420639696
    vertex -7.89581089439306 3.887912229146512 -40.64564013976621
    vertex -8.182648671267867 2.885605181982088 -42.22848252274048
  endloop
endfacet
facet normal -0.545768 0.835319 -0.0661759
  outer loop
    vertex -7.287707713480118 9.363247061695738 -1.713809338896475
    vertex -5.651921887895427 10.42832773937583 -1.760313782523939
    vertex -5.87817700976967 10.13004143432985 -3.659516923085035
  endloop
endfacet
facet normal 0.961889 0.25512 -0.0984059
  outer loop
    vertex 9.864805497842074 3.727695446038358 -18.47965024645421
    vertex 10.17362360638366 3.304541796927824 -16.55808247640721
    vertex 10.41622001400091 1.654346803004619 -18.46495038875353
  endloop
endfacet
facet normal 0.899519 0.4199 -0.120625
  outer loop
    vertex 6.171667654931864 1.680174714844219 -71.20194320574001
    vertex 5.231940148892383 3.66708536153528 -71.29313083597877
    vertex 5.678581982628102 3.223468166298632 -69.50669508147178
  endloop
endfacet
facet normal 0.966677 0.25371 -0.034146
  outer loop
    vertex 10.87829428667818 3.257743846702729 -8.187581702958422
    vertex 10.6899578398192 4.192867237795818 -6.571295853494516
    vertex 11.33797352697457 1.690420227839135 -6.819465884755963
  endloop
endfacet
facet normal -0.934485 0.353722 -0.0402177
  outer loop
    vertex -8.160711811360791 1.962835973755653 -45.8256085408558
    vertex -7.41524272440778 3.931878982168022 -45.8289733229351
    vertex -7.640497169487925 3.151529462226188 -47.4583588527576
  endloop
endfacet
facet normal 0.961815 0.266366 -0.062942
  outer loop
    vertex 9.236819919807413 2.078575693463508 -32.17459640488199
    vertex 8.99219818832451 3.410154572657139 -30.27750292506757
    vertex 9.468648713346189 1.696966561206627 -30.24697262316184
  endloop
endfacet
facet normal -0.935716 0.345373 -0.0717866
  outer loop
    vertex -11.43894019642319 3.165452809453815 -1.666502262832586
    vertex -10.70874548774727 4.899734241203454 -2.84055247580422
    vertex -11.2223415842928 3.298817536571048 -3.848166626112923
  endloop
endfacet
facet normal 0.783936 0.61615 -0.0761768
  outer loop
    vertex 8.681952659582636 7.879150307397607 -3.504129637103006
    vertex 8.755930590109735 8.020344754376962 -1.600781435065898
    vertex 9.857346081275841 6.611654109682061 -1.660187467210253
  endloop
endfacet
facet normal 0.79125 0.60506 -0.0884626
  outer loop
    vertex 9.857346081275841 6.611654109682061 -1.660187467210253
    vertex 9.878774462735107 6.318789568625341 -3.471634045470494
    vertex 8.681952659582636 7.879150307397607 -3.504129637103006
  endloop
endfacet
facet normal 0.968004 0.233301 -0.0924031
  outer loop
    vertex 10.56121055195861 1.689733401153141 -16.5748597387471
    vertex 10.17362360638366 3.304541796927824 -16.55808247640721
    vertex 10.61991414759866 2.177423483008472 -14.72856083814047
  endloop
endfacet
facet normal 0.904095 0.426129 -0.0320517
  outer loop
    vertex 6.171667654931864 1.680174714844219 -71.20194320574001
    vertex 5.483961426479997 3.000561695456086 -73.04573267071054
    vertex 5.231940148892383 3.66708536153528 -71.29313083597877
  endloop
endfacet
facet normal 0.784233 0.609185 -0.117778
  outer loop
    vertex 5.16721499474709 4.605835012796251 -64.52234355883085
    vertex 5.949425189496484 3.259974649951772 -66.27515297250814
    vertex 4.622794499365865 4.96184910537765 -66.30598669061955
  endloop
endfacet
facet normal -0.95398 0.293687 -0.060584
  outer loop
    vertex -8.160711811360791 1.962835973755653 -45.8256085408558
    vertex -8.393509391942537 1.605825653889462 -43.89053195015252
    vertex -7.842245594312874 3.367107721227535 -44.03295044891313
  endloop
endfacet
facet normal -0.944239 0.312232 -0.104515
  outer loop
    vertex -9.052431774701935 3.21190927528976 -30.42682480289551
    vertex -8.648008066644055 3.858956041857438 -32.14758000451273
    vertex -9.243297976583284 2.050641835713481 -32.17166388924053
  endloop
endfacet
facet normal 0.96081 0.258431 -0.100291
  outer loop
    vertex 10.1111878850371 1.721858989831847 -22.15009248107771
    vertex 9.653574384552728 3.527681452402711 -21.88085670424637
    vertex 10.0210619941795 2.837608604294417 -20.13843105645749
  endloop
endfacet
facet normal -0.993515 0.103684 -0.0466723
  outer loop
    vertex -10.84102880918713 2.311618279809744 -11.62946727999017
    vertex -10.83467428903179 1.703596028297365 -13.11547802450318
    vertex -11.07861416400445 1.356738937493658e-15 -11.70731707317081
  endloop
endfacet
facet normal -0.986928 0.105537 -0.121797
  outer loop
    vertex -11.07861416400445 1.356738937493658e-15 -11.70731707317081
    vertex -11.08421421342251 1.488204869976083 -10.37240851081167
    vertex -10.84102880918713 2.311618279809744 -11.62946727999017
  endloop
endfacet
facet normal 0.829204 0.554109 -0.0733803
  outer loop
    vertex 6.313994065731355 3.461617469805174 -60.98156239200934
    vertex 5.654983217222517 4.638047520306769 -59.54498970692087
    vertex 6.544040476141373 3.445600775020012 -58.50296202309255
  endloop
endfacet
facet normal -0.912689 0.403903 -0.0621378
  outer loop
    vertex -5.703705683395571 3.688630790518724 -66.16737467999008
    vertex -6.453486677957804 1.827937855041065 -67.24920742265115
    vertex -6.64735862064524 1.682114397478361 -65.34945959457265
  endloop
endfacet
facet normal -0.968666 0.231674 -0.0895138
  outer loop
    vertex -11.18271805441124 1.690293993731665 -8.770552299254566
    vertex -10.85731505234729 3.437581407069819 -7.769663549074692
    vertex -10.59920179847282 3.665426287729992 -9.973122402177532
  endloop
endfacet
facet normal 0.96918 0.233441 -0.0787171
  outer loop
    vertex 10.41622001400091 1.654346803004619 -18.46495038875353
    vertex 10.17362360638366 3.304541796927824 -16.55808247640721
    vertex 10.56121055195861 1.689733401153141 -16.5748597387471
  endloop
endfacet
facet normal 0.980112 0.188886 -0.0608532
  outer loop
    vertex 10.0210619941795 2.837608604294417 -20.13843105645749
    vertex 10.32302115958928 1.159849577297114 -20.4827243973893
    vertex 10.1111878850371 1.721858989831847 -22.15009248107771
  endloop
endfacet
facet normal 0.892864 0.448756 -0.0375604
  outer loop
    vertex 10.4031135077495 5.148672033924428 -4.987438159803042
    vertex 9.878774462735107 6.318789568625341 -3.471634045470494
    vertex 11.0008408359837 4.100610907640883 -3.300415655901086
  endloop
endfacet
facet normal 0.966282 0.237135 -0.100326
  outer loop
    vertex 8.62321848902106 1.937187043540053 -40.17533245139973
    vertex 8.609271278023687 1.245650304542443 -41.94420749367021
    vertex 8.168584279490586 2.93020203924936 -42.20695999113778
  endloop
endfacet
facet normal -0.78077 0.621496 -0.064344
  outer loop
    vertex -4.47740107778959 4.736711508991142 -69.65616261517049
    vertex -5.562153524363528 3.322954413134026 -70.14886103743926
    vertex -5.782860155120953 3.246558677044002 -68.20864014228205
  endloop
endfacet
facet normal -0.955525 0.272344 -0.113137
  outer loop
    vertex -10.66035218285262 1.964423194120565 -14.7412680418218
    vertex -10.46820995855846 3.198196333749185 -13.3941021849926
    vertex -10.01619817773452 4.064903118188554 -15.12534202755452
  endloop
endfacet
facet normal 0.88264 0.455563 -0.115798
  outer loop
    vertex 5.790312542583346 1.928342105565386 -74.92889154743781
    vertex 4.970673740742081 3.56901076314209 -74.72179059573492
    vertex 5.483961426479997 3.000561695456086 -73.04573267071054
  endloop
endfacet
facet normal -0.965552 0.241565 -0.0967249
  outer loop
    vertex -8.182648671267867 2.885605181982088 -42.22848252274048
    vertex -8.588741276744853 1.36061985282723 -41.98323861247606
    vertex -8.604223096974671 2.002436374992032 -40.22579420639696
  endloop
endfacet
facet normal 0.95823 0.273813 -0.0825903
  outer loop
    vertex 9.178883690619177 3.644149839355341 -26.99032182435637
    vertex 9.756093079550272 1.788226484334462 -26.44638697386737
    vertex 9.63406699324339 1.685495896596221 -28.20274459099395
  endloop
endfacet
facet normal -0.915742 0.398542 -0.0508015
  outer loop
    vertex -5.703705683395571 3.688630790518724 -66.16737467999008
    vertex -5.782860155120953 3.246558677044002 -68.20864014228205
    vertex -6.453486677957804 1.827937855041065 -67.24920742265115
  endloop
endfacet
facet normal -0.968633 0.232072 -0.0888428
  outer loop
    vertex -10.59920179847282 3.665426287729992 -9.973122402177532
    vertex -11.08421421342251 1.488204869976083 -10.37240851081167
    vertex -11.18271805441124 1.690293993731665 -8.770552299254566
  endloop
endfacet
facet normal 0.815846 0.577173 -0.0355892
  outer loop
    vertex 6.544040476141373 3.445600775020012 -58.50296202309255
    vertex 5.654983217222517 4.638047520306769 -59.54498970692087
    vertex 5.321817404798193 5.218496873433482 -57.76894065555887
  endloop
endfacet
facet normal 0.990601 0.135557 -0.0182594
  outer loop
    vertex 9.082278186014028 0 -37.07317073170739
    vertex 8.854733129445282 1.485026515595497 -38.39311352724322
    vertex 8.748596988746661 2.437751916929465 -37.07820264106249
  endloop
endfacet
facet normal 0.981251 0.134028 -0.138501
  outer loop
    vertex 8.748596988746661 2.437751916929465 -37.07820264106249
    vertex 9.060625782120358 1.505660625995844 -35.76953751022101
    vertex 9.082278186014028 0 -37.07317073170739
  endloop
endfacet
facet normal 0.936953 0.328266 -0.119835
  outer loop
    vertex 7.848211772411777 3.98817753233496 -40.61655555677451
    vertex 8.354396775726014 3.190694713500343 -38.84341542656654
    vertex 8.62321848902106 1.937187043540053 -40.17533245139973
  endloop
endfacet
facet normal 0.957284 0.273807 -0.0929344
  outer loop
    vertex 9.141856489000768 1.760713033430219 -34.18136231300927
    vertex 9.060625782120358 1.505660625995844 -35.76953751022101
    vertex 8.517493712655471 3.489442003252469 -35.51944687851874
  endloop
endfacet
facet normal 0.788563 0.614111 -0.0321846
  outer loop
    vertex 4.622794499365865 4.96184910537765 -66.30598669061955
    vertex 5.949425189496484 3.259974649951772 -66.27515297250814
    vertex 5.047937331271791 4.327707240982833 -67.98944894732286
  endloop
endfacet
facet normal -0.678943 0.730648 -0.0720348
  outer loop
    vertex -7.287707713480118 9.363247061695738 -1.713809338896475
    vertex -7.31025525567048 9.150923491476794 -3.654890904765335
    vertex -8.69854636661522 7.955620207146874 -2.693899846515989
  endloop
endfacet
facet normal -0.937882 0.335797 -0.0872797
  outer loop
    vertex -11.43894019642319 3.165452809453815 -1.666502262832586
    vertex -10.89809137960259 4.780346093531994 -1.265226042720416
    vertex -10.70874548774727 4.899734241203454 -2.84055247580422
  endloop
endfacet
facet normal -0.794419 0.599135 -0.0996728
  outer loop
    vertex -5.782860155120953 3.246558677044002 -68.20864014228205
    vertex -4.783953513483425 4.63983245235791 -67.79519830192437
    vertex -4.47740107778959 4.736711508991142 -69.65616261517049
  endloop
endfacet
facet normal -0.975445 0.198423 -0.0955804
  outer loop
    vertex -10.25872114002017 2.983462923533061 -16.72460360037407
    vertex -10.61659576244006 1.294188371863023 -16.57921864934487
    vertex -10.66035218285262 1.964423194120565 -14.7412680418218
  endloop
endfacet
facet normal 0.798826 0.592876 -0.101856
  outer loop
    vertex 5.321817404798193 5.218496873433482 -57.76894065555887
    vertex 6.518797412132311 3.727896615690838 -57.05776851209713
    vertex 6.544040476141373 3.445600775020012 -58.50296202309255
  endloop
endfacet
facet normal -0.959659 0.267106 -0.0877951
  outer loop
    vertex -9.761306309681141 1.802589462065769 -26.34821804773043
    vertex -9.21484230766473 3.54699381612504 -27.01428698204056
    vertex -9.650014024232734 1.595473073919685 -28.19484487134236
  endloop
endfacet
facet normal -0.769297 0.631988 -0.0936651
  outer loop
    vertex -8.048482359914455 7.958521086780932 -8.654965579541507
    vertex -9.326592229652142 6.554896771321096 -7.628184403925478
    vertex -8.462007650746891 7.755127924014649 -6.63092379982071
  endloop
endfacet
facet normal -0.956441 0.280902 -0.0794681
  outer loop
    vertex -9.146099269893151 1.727140547870898 -34.2083232044163
    vertex -8.525483756925295 3.471352330536854 -35.51236851188894
    vertex -9.005767979460284 1.673894591765858 -36.0854966052553
  endloop
endfacet
facet normal 0.946557 0.318979 -0.047774
  outer loop
    vertex 9.236819919807413 2.078575693463508 -32.17459640488199
    vertex 8.749007156630622 3.30989057071249 -33.61845399058292
    vertex 8.608626656749774 3.94956626505957 -32.12883642553202
  endloop
endfacet
facet normal 0.957008 0.275575 -0.0905213
  outer loop
    vertex 8.517493712655471 3.489442003252469 -35.51944687851874
    vertex 8.749007156630622 3.30989057071249 -33.61845399058292
    vertex 9.141856489000768 1.760713033430219 -34.18136231300927
  endloop
endfacet
facet normal 0.93937 0.340442 -0.0410225
  outer loop
    vertex 5.483961426479997 3.000561695456086 -73.04573267071054
    vertex 6.11859981913338 1.235529532855961 -73.16107196166976
    vertex 5.790312542583346 1.928342105565386 -74.92889154743781
  endloop
endfacet
facet normal 0.931316 0.355146 -0.080761
  outer loop
    vertex 7.119377903996975 1.679349635265184 -59.53158126195228
    vertex 6.982181596458487 1.603053791818743 -61.44920561042029
    vertex 6.313994065731355 3.461617469805174 -60.98156239200934
  endloop
endfacet
facet normal 0.992433 0.0823757 -0.0910579
  outer loop
    vertex 9.756093079550272 1.788226484334462 -26.44638697386737
    vertex 9.985272776289731 1.465313163946992 -24.24069957643349
    vertex 10.00366402200961 0 -25.36585365853667
  endloop
endfacet
facet normal -0.567809 0.818968 -0.0829737
  outer loop
    vertex -5.723742733523471 9.906195487085672 -7.104179503938659
    vertex -7.268781206503939 8.818772784462746 -7.26419686232032
    vertex -7.272891366393361 8.982885438881244 -5.616243833364239
  endloop
endfacet
facet normal 0.327863 0.937088 -0.119884
  outer loop
    vertex 1.939044637479302 5.793543352561242 -74.84688851211325
    vertex 2.829002249300276 5.2608979831877 -76.57649639335744
    vertex 1.060225556494629 5.876297912751643 -76.60345869147267
  endloop
endfacet
facet normal -0.57023 0.816889 -0.0867839
  outer loop
    vertex -7.272891366393361 8.982885438881244 -5.616243833364239
    vertex -5.985069391471743 9.925164768660103 -5.20852914505568
    vertex -5.723742733523471 9.906195487085672 -7.104179503938659
  endloop
endfacet
facet normal 0.927069 0.368987 -0.0662623
  outer loop
    vertex 5.678581982628102 3.223468166298632 -69.50669508147178
    vertex 6.364863272653828 1.5446141742032 -69.25384274542115
    vertex 6.171667654931864 1.680174714844219 -71.20194320574001
  endloop
endfacet
facet normal -0.933237 0.350115 -0.0805465
  outer loop
    vertex -7.100581010080194 1.740409924227918 -59.58238648372394
    vertex -6.382787220166178 3.336618988752865 -60.96066988531918
    vertex -6.96761109563101 1.66563201037415 -61.44805888713587
  endloop
endfacet
facet normal -0.440792 0.889946 -0.117043
  outer loop
    vertex -1.970661309593216 6.062880656832767 -71.47100361562168
    vertex -3.615075765914306 5.257992194425674 -71.3980623905652
    vertex -2.863383006802044 5.847139099558542 -69.74935681469802
  endloop
endfacet
facet normal -0.964904 0.254694 -0.0639601
  outer loop
    vertex -9.243297976583284 2.050641835713481 -32.17166388924053
    vertex -9.480087437556408 1.642913066523072 -30.2230557044499
    vertex -9.052431774701935 3.21190927528976 -30.42682480289551
  endloop
endfacet
facet normal 0.964122 0.259287 -0.0569111
  outer loop
    vertex 9.63406699324339 1.685495896596221 -28.20274459099395
    vertex 9.190988108787989 3.181302578422335 -28.89399284670647
    vertex 9.178883690619177 3.644149839355341 -26.99032182435637
  endloop
endfacet
facet normal -0.675517 0.73296 -0.0802876
  outer loop
    vertex -8.69854636661522 7.955620207146874 -2.693899846515989
    vertex -8.760378216900438 8.064496261035947 -1.17971491328493
    vertex -7.287707713480118 9.363247061695738 -1.713809338896475
  endloop
endfacet
facet normal -0.927943 0.365304 -0.0739919
  outer loop
    vertex -11.03742028959645 3.374259238529169 -5.823565642301732
    vertex -10.3380392850771 4.986749745956632 -6.633610112769061
    vertex -10.85731505234729 3.437581407069819 -7.769663549074692
  endloop
endfacet
facet normal -0.714675 0.698008 -0.0449926
  outer loop
    vertex -4.357092971015117 4.092823882220204 -76.51784628589964
    vertex -4.922029453489002 3.624839048354827 -74.80447962923196
    vertex -3.734108275847066 4.84383670434941 -74.76241259644563
  endloop
endfacet
facet normal 0.825516 0.560929 -0.0623033
  outer loop
    vertex 5.16721499474709 4.605835012796251 -64.52234355883085
    vertex 6.208409440858832 3.094608322471577 -64.3324492285435
    vertex 5.949425189496484 3.259974649951772 -66.27515297250814
  endloop
endfacet
facet normal -0.957911 0.271817 -0.0923185
  outer loop
    vertex -9.146099269893151 1.727140547870898 -34.2083232044163
    vertex -8.768601641424533 3.257241405284626 -33.62015567040743
    vertex -8.525483756925295 3.471352330536854 -35.51236851188894
  endloop
endfacet
facet normal 0.973502 0.171435 -0.15134
  outer loop
    vertex 7.308784660248144 2.501686153184254 -54.31808621054433
    vertex 7.705879883818644 1.352270648026945 -53.06578441092469
    vertex 7.700199432020663 0 -54.63414634146346
  endloop
endfacet
facet normal -0.938064 0.32688 -0.11483
  outer loop
    vertex -8.604223096974671 2.002436374992032 -40.22579420639696
    vertex -8.347148772387607 3.182461004541808 -38.96675685138177
    vertex -7.89581089439306 3.887912229146512 -40.64564013976621
  endloop
endfacet
facet normal -0.921799 0.381565 -0.0685245
  outer loop
    vertex -10.59920179847282 3.665426287729992 -9.973122402177532
    vertex -10.85731505234729 3.437581407069819 -7.769663549074692
    vertex -10.10030275256815 5.151039336605518 -8.412024200282845
  endloop
endfacet
facet normal -0.316145 0.948229 -0.0302233
  outer loop
    vertex -1.949880232060492 5.788169299194581 -74.86779504097193
    vertex -2.932373808781368 5.517536098702087 -73.08149704063129
    vertex -0.9847957109566953 6.16460423760722 -73.15255253141061
  endloop
endfacet
facet normal -0.331597 0.93445 -0.129798
  outer loop
    vertex -0.9904244623638103 5.889699372352936 -76.58798609608858
    vertex -2.941401592899955 5.198730437008919 -76.57826178028306
    vertex -1.949880232060492 5.788169299194581 -74.86779504097193
  endloop
endfacet
facet normal -0.92004 0.375928 -0.110476
  outer loop
    vertex -6.950547681092527 3.082246274750976 -55.86521638838492
    vertex -6.492602947428894 3.681114857533045 -57.64112970048127
    vertex -7.213333208552835 1.941151639816842 -57.55966395563082
  endloop
endfacet
facet normal -0.614533 0.780351 -0.11576
  outer loop
    vertex -2.941401592899955 5.198730437008919 -76.57826178028306
    vertex -4.357092971015117 4.092823882220204 -76.51784628589964
    vertex -3.734108275847066 4.84383670434941 -74.76241259644563
  endloop
endfacet
facet normal 0.98814 0.153088 0.0120064
  outer loop
    vertex 7.700199432020663 0 -54.63414634146346
    vertex 7.4974547339982 1.384398719441049 -55.59984263027175
    vertex 7.308784660248144 2.501686153184254 -54.31808621054433
  endloop
endfacet
facet normal -0.164336 0.984811 -0.0560458
  outer loop
    vertex -0.9909521456680057 11.95901391608007 0
    vertex -1.959102877337421 11.69410751506053 -1.816030506530927
    vertex -2.945825845689615 11.63280319127199 0
  endloop
endfacet
facet normal -0.935694 0.340272 -0.0932247
  outer loop
    vertex -7.100581010080194 1.740409924227918 -59.58238648372394
    vertex -6.622817285786772 3.181368973076361 -59.11815872950429
    vertex -6.382787220166178 3.336618988752865 -60.96066988531918
  endloop
endfacet
facet normal 0.799465 0.590619 -0.109654
  outer loop
    vertex 5.231940148892383 3.66708536153528 -71.29313083597877
    vertex 5.483961426479997 3.000561695456086 -73.04573267071054
    vertex 4.484319012494254 4.357649947428618 -73.02436604755415
  endloop
endfacet
facet normal -0.960606 0.260462 -0.09693
  outer loop
    vertex -10.36670022645834 1.91792503388888 -18.51772433245076
    vertex -10.25872114002017 2.983462923533061 -16.72460360037407
    vertex -9.916728717580344 3.580128156660856 -18.51054377720563
  endloop
endfacet
facet normal 0.328879 0.943698 -0.0356636
  outer loop
    vertex 1.060225556494629 5.876297912751643 -76.60345869147267
    vertex 2.829002249300276 5.2608979831877 -76.57649639335744
    vertex 2.012020121263086 5.480908725756349 -78.28873295563069
  endloop
endfacet
facet normal -0.94846 0.312898 -0.0501821
  outer loop
    vertex -8.648008066644055 3.858956041857438 -32.14758000451273
    vertex -8.768601641424533 3.257241405284626 -33.62015567040743
    vertex -9.243297976583284 2.050641835713481 -32.17166388924053
  endloop
endfacet
facet normal 0.968718 0.239848 -0.0637001
  outer loop
    vertex 10.40749007124052 3.40712713753687 -13.32882970296509
    vertex 10.86383085136045 1.733821521952273 -12.68948100010528
    vertex 10.61991414759866 2.177423483008472 -14.72856083814047
  endloop
endfacet
facet normal 0.462995 0.885688 -0.0345232
  outer loop
    vertex 3.667280789099268 4.892590060748517 -74.78312060607436
    vertex 2.829002249300276 5.2608979831877 -76.57649639335744
    vertex 1.939044637479302 5.793543352561242 -74.84688851211325
  endloop
endfacet
facet normal -0.469032 0.882592 -0.0322595
  outer loop
    vertex -2.941401592899955 5.198730437008919 -76.57826178028306
    vertex -3.734108275847066 4.84383670434941 -74.76241259644563
    vertex -1.949880232060492 5.788169299194581 -74.86779504097193
  endloop
endfacet
facet normal -0.910963 0.403673 -0.0848181
  outer loop
    vertex -9.658438371380742 3.169142683909294 -23.31484062087097
    vertex -9.745936895410676 3.326917358079873 -21.62419540063398
    vertex -8.967024069200733 4.996476250662403 -22.04398372200632
  endloop
endfacet
facet normal 0.912121 0.392676 -0.117643
  outer loop
    vertex 7.194959432928182 2.047008218882028 -57.42585907186348
    vertex 6.518797412132311 3.727896615690838 -57.05776851209713
    vertex 6.993881461093509 2.984590753296076 -55.85535324165395
  endloop
endfacet
facet normal 0.961952 0.25367 -0.101485
  outer loop
    vertex 11.0008408359837 4.100610907640883 -3.300415655901086
    vertex 11.33702686102174 3.577957525731325 -1.420201590602623
    vertex 11.62652142442705 2.176209469405728 -2.17993274415542
  endloop
endfacet
facet normal 0.803986 0.592933 -0.0451201
  outer loop
    vertex 5.483961426479997 3.000561695456086 -73.04573267071054
    vertex 4.970673740742081 3.56901076314209 -74.72179059573492
    vertex 4.484319012494254 4.357649947428618 -73.02436604755415
  endloop
endfacet
facet normal 0.971928 0.225234 -0.0680128
  outer loop
    vertex 9.57866084990685 2.926373475496963 -25.21282126190679
    vertex 9.985272776289731 1.465313163946992 -24.24069957643349
    vertex 9.756093079550272 1.788226484334462 -26.44638697386737
  endloop
endfacet
facet normal -0.974691 0.207131 -0.0841068
  outer loop
    vertex -11.2223415842928 3.298817536571048 -3.848166626112923
    vertex -11.64855885367888 1.623224762136742 -3.03534551175191
    vertex -11.43894019642319 3.165452809453815 -1.666502262832586
  endloop
endfacet
facet normal 0.969202 0.241529 -0.0480761
  outer loop
    vertex 11.01050118868264 1.825987058020575 -10.66196062388632
    vertex 10.67570596738171 2.963032060167539 -11.69896487281265
    vertex 10.55444740832272 3.797738116810452 -9.950042424170457
  endloop
endfacet
facet normal -0.975181 0.166272 -0.146205
  outer loop
    vertex -7.700199432020663 9.430024587220371e-16 -54.63414634146346
    vertex -7.710009593395466 1.336255330566136 -53.0490532883836
    vertex -7.344794174135042 2.406671782566231 -54.26768296743661
  endloop
endfacet
facet normal 0.960437 0.267839 -0.0763039
  outer loop
    vertex 11.62652142442705 2.176209469405728 -2.17993274415542
    vertex 11.50407784271027 2.186917895336548 -3.683542380289465
    vertex 11.0008408359837 4.100610907640883 -3.300415655901086
  endloop
endfacet
facet normal -0.469862 0.873692 -0.126063
  outer loop
    vertex -3.734108275847066 4.84383670434941 -74.76241259644563
    vertex -2.932373808781368 5.517536098702087 -73.08149704063129
    vertex -1.949880232060492 5.788169299194581 -74.86779504097193
  endloop
endfacet
facet normal -0.33385 0.942278 -0.0256203
  outer loop
    vertex -1.973848062096881 5.495152495572398 -78.2841719824133
    vertex -2.941401592899955 5.198730437008919 -76.57826178028306
    vertex -0.9904244623638103 5.889699372352936 -76.58798609608858
  endloop
endfacet
facet normal -0.967764 0.246645 -0.0509832
  outer loop
    vertex -9.21484230766473 3.54699381612504 -27.01428698204056
    vertex -9.273951925398354 2.911022070913388 -28.96894820398388
    vertex -9.650014024232734 1.595473073919685 -28.19484487134236
  endloop
endfacet
facet normal -0.440718 0.896733 -0.0404751
  outer loop
    vertex -2.932373808781368 5.517536098702087 -73.08149704063129
    vertex -3.615075765914306 5.257992194425674 -71.3980623905652
    vertex -1.970661309593216 6.062880656832767 -71.47100361562168
  endloop
endfacet
facet normal -0.916608 0.377931 -0.130374
  outer loop
    vertex -6.64735862064524 1.682114397478361 -65.34945959457265
    vertex -6.215295865063985 3.080655881234448 -64.33300340947838
    vertex -5.703705683395571 3.688630790518724 -66.16737467999008
  endloop
endfacet
facet normal 0.17376 0.976055 -0.130861
  outer loop
    vertex 1.060225556494629 5.876297912751643 -76.60345869147267
    vertex 2.012020121263086 5.480908725756349 -78.28873295563069
    vertex 3.574596258902561e-16 5.837758709517444 -78.29869947057736
  endloop
endfacet
facet normal -0.922416 0.37254 -0.101795
  outer loop
    vertex -9.727359369155327 4.995985926761763 -13.52794203006368
    vertex -10.46820995855846 3.198196333749185 -13.3941021849926
    vertex -10.1719593915285 4.38082723201233 -11.75049733432429
  endloop
endfacet
facet normal -0.76678 0.636308 -0.0846256
  outer loop
    vertex -8.048482359914455 7.958521086780932 -8.654965579541507
    vertex -9.294818492157317 6.391136555619069 -9.147410098478488
    vertex -9.326592229652142 6.554896771321096 -7.628184403925478
  endloop
endfacet
facet normal 0.957839 0.266273 -0.107903
  outer loop
    vertex 9.57866084990685 2.926373475496963 -25.21282126190679
    vertex 9.756093079550272 1.788226484334462 -26.44638697386737
    vertex 9.178883690619177 3.644149839355341 -26.99032182435637
  endloop
endfacet
facet normal -0.490795 0.861727 -0.128633
  outer loop
    vertex -3.720545759728309 4.499409727648884 -78.29029637864087
    vertex -2.941401592899955 5.198730437008919 -76.57826178028306
    vertex -1.973848062096881 5.495152495572398 -78.2841719824133
  endloop
endfacet
facet normal -0.87237 0.482265 -0.079941
  outer loop
    vertex -9.933080958849121 6.489605682968763 -1.713809338896473
    vertex -9.772488685856382 6.44008491538799 -3.765046518470474
    vertex -10.70874548774727 4.899734241203454 -2.84055247580422
  endloop
endfacet
facet normal -0.494984 0.868456 -0.0278328
  outer loop
    vertex -3.720545759728309 4.499409727648884 -78.29029637864087
    vertex -1.973848062096881 5.495152495572398 -78.2841719824133
    vertex -2.851931727015129 4.939690650907845 -80
  endloop
endfacet
facet normal 0.174699 0.984281 -0.0258915
  outer loop
    vertex 3.574596258902561e-16 5.837758709517444 -78.29869947057736
    vertex 2.012020121263086 5.480908725756349 -78.28873295563069
    vertex 0.9904654944533571 5.617208951651979 -80
  endloop
endfacet
facet normal -0.316897 0.939653 -0.128949
  outer loop
    vertex -0.9847957109566953 6.16460423760722 -73.15255253141061
    vertex -2.932373808781368 5.517536098702087 -73.08149704063129
    vertex -1.970661309593216 6.062880656832767 -71.47100361562168
  endloop
endfacet
facet normal 0.965436 0.25643 -0.0466546
  outer loop
    vertex 9.864805497842074 3.727695446038358 -18.47965024645421
    vertex 10.41622001400091 1.654346803004619 -18.46495038875353
    vertex 10.0210619941795 2.837608604294417 -20.13843105645749
  endloop
endfacet
facet normal -0.0812658 0.99153 -0.101312
  outer loop
    vertex -1.508098659096156e-14 11.8651202798569 -1.71380933889648
    vertex -1.959102877337421 11.69410751506053 -1.816030506530927
    vertex -0.9909521456680057 11.95901391608007 0
  endloop
endfacet
facet normal -0.973606 0.224464 -0.0413184
  outer loop
    vertex -10.84102880918713 2.311618279809744 -11.62946727999017
    vertex -11.08421421342251 1.488204869976083 -10.37240851081167
    vertex -10.59920179847282 3.665426287729992 -9.973122402177532
  endloop
endfacet
facet normal -0.563167 0.823369 -0.0700387
  outer loop
    vertex -5.87817700976967 10.13004143432985 -3.659516923085035
    vertex -5.985069391471743 9.925164768660103 -5.20852914505568
    vertex -7.31025525567048 9.150923491476794 -3.654890904765335
  endloop
endfacet
facet normal -0.922972 0.374487 -0.0887868
  outer loop
    vertex -10.85731505234729 3.437581407069819 -7.769663549074692
    vertex -10.3380392850771 4.986749745956632 -6.633610112769061
    vertex -10.10030275256815 5.151039336605518 -8.412024200282845
  endloop
endfacet
facet normal -0.567826 0.822405 -0.0349889
  outer loop
    vertex -2.863383006802044 5.847139099558542 -69.74935681469802
    vertex -3.615075765914306 5.257992194425674 -71.3980623905652
    vertex -4.47740107778959 4.736711508991142 -69.65616261517049
  endloop
endfacet
facet normal -0.989317 0.14576 0.00221633
  outer loop
    vertex -7.344794174135042 2.406671782566231 -54.26768296743661
    vertex -7.502435419055345 1.356974454886214 -55.60023461868691
    vertex -7.700199432020663 9.430024587220371e-16 -54.63414634146346
  endloop
endfacet
facet normal -0.408832 0.905951 -0.110042
  outer loop
    vertex -3.893494540692917 8.7422270419514 -30.87545787293607
    vertex -2.921698152062382 8.968837902262543 -32.62027294539038
    vertex -4.772525657723381 8.14441857294581 -32.53127941797135
  endloop
endfacet
facet normal -0.42013 0.90623 -0.0473077
  outer loop
    vertex -3.856143893794826 8.175682524939697 -37.61737258146647
    vertex -4.73568923773836 7.857138302890077 -35.90835863112771
    vertex -2.94577098128785 8.684934230092642 -35.94695586631737
  endloop
endfacet
facet normal -0.246943 0.963685 -0.101643
  outer loop
    vertex -2.945825845689615 11.63280319127199 0
    vertex -1.959102877337421 11.69410751506053 -1.816030506530927
    vertex -3.891147637275262 11.20562670339115 -1.753426394321785
  endloop
endfacet
facet normal -0.951222 0.304775 -0.0478437
  outer loop
    vertex -10.1719593915285 4.38082723201233 -11.75049733432429
    vertex -10.46820995855846 3.198196333749185 -13.3941021849926
    vertex -10.84102880918713 2.311618279809744 -11.62946727999017
  endloop
endfacet
facet normal 0.371257 0.921396 -0.114879
  outer loop
    vertex 2.877428660817928 7.294301537051873 -52.84093315695088
    vertex 3.763127818774586 6.728960587693879 -54.51296255345176
    vertex 1.939944518526399 7.458124968355007 -54.55666994968342
  endloop
endfacet
facet normal -0.231655 0.966387 -0.1115
  outer loop
    vertex -1.038599623410615 8.572817295285754 -42.750007217265
    vertex -2.955104862532434 8.11607786368541 -42.72685063170277
    vertex -2.025034800245706 8.531759064469176 -41.05641536198449
  endloop
endfacet
facet normal -0.120798 0.986234 -0.112919
  outer loop
    vertex -0.0295529284073021 8.501415321743183 -44.45308053772065
    vertex -2.01735209973552 8.260348420652278 -44.43206141998337
    vertex -1.038599623410615 8.572817295285754 -42.750007217265
  endloop
endfacet
facet normal -0.117658 0.986731 -0.111889
  outer loop
    vertex -0.0323260572898387 8.767278946277511 -41.07485833839016
    vertex -2.025034800245706 8.531759064469176 -41.05641536198449
    vertex -1.037078262545061 8.84113382800389 -39.36698053564099
  endloop
endfacet
facet normal -0.225391 0.973163 -0.0464031
  outer loop
    vertex -1.037078262545061 8.84113382800389 -39.36698053564099
    vertex -2.025034800245706 8.531759064469176 -41.05641536198449
    vertex -2.962443331035944 8.396345982521792 -39.34306180269966
  endloop
endfacet
facet normal -0.113569 0.987354 -0.110609
  outer loop
    vertex -0.0351191563691666 9.033142687294719 -37.69662901014016
    vertex -2.010656070533768 8.808370397413027 -37.67466919726899
    vertex -1.015005920944042 9.110062744753318 -36.00389193825301
  endloop
endfacet
facet normal -0.244816 0.962736 -0.114915
  outer loop
    vertex -2.948655984986871 7.550791635438473 -49.47655798968701
    vertex -1.998223717526272 7.990855927417932 -47.81459959339975
    vertex -1.004098601850467 8.040522786905063 -49.51638430995278
  endloop
endfacet
facet normal -0.252516 0.960618 -0.115969
  outer loop
    vertex -2.939827467110725 7.268373202766663 -52.85275969523246
    vertex -1.990735030213557 7.718845968441741 -51.18790471092156
    vertex -1.001460969096158 7.772853562713098 -52.8946271326296
  endloop
endfacet
facet normal -0.239988 0.969798 -0.0435522
  outer loop
    vertex -1.029498924451535 8.306622172377315 -46.12129169794577
    vertex -1.998223717526272 7.990855927417932 -47.81459959339975
    vertex -2.968376745935178 7.827598561859183 -46.10404838908077
  endloop
endfacet
facet normal -0.244814 0.968664 -0.0419108
  outer loop
    vertex -1.004098601850467 8.040522786905063 -49.51638430995278
    vertex -1.990735030213557 7.718845968441741 -51.18790471092156
    vertex -2.948655984986871 7.550791635438473 -49.47655798968701
  endloop
endfacet
facet normal -0.252486 0.96674 -0.0407987
  outer loop
    vertex -1.001460969096158 7.772853562713098 -52.8946271326296
    vertex -1.986385536865031 7.445031551211197 -54.56721504007251
    vertex -2.939827467110725 7.268373202766663 -52.85275969523246
  endloop
endfacet
facet normal -0.136182 0.983655 -0.117806
  outer loop
    vertex -0.01863179644309301 7.437872835521564 -57.96702526985982
    vertex -1.995403221720526 7.167475183211565 -57.93966638455791
    vertex -0.9989135261471603 7.505020693476646 -56.27316032133537
  endloop
endfacet
facet normal -0.13595 0.989959 -0.038711
  outer loop
    vertex -1.017869939604385 7.235470569451783 -59.63383184887818
    vertex -1.995403221720526 7.167475183211565 -57.93966638455791
    vertex -0.01863179644309301 7.437872835521564 -57.96702526985982
  endloop
endfacet
facet normal -0.239252 0.964301 -0.113498
  outer loop
    vertex -2.968376745935178 7.827598561859183 -46.10404838908077
    vertex -2.01735209973552 8.260348420652278 -44.43206141998337
    vertex -1.029498924451535 8.306622172377315 -46.12129169794577
  endloop
endfacet
facet normal -0.12073 0.991735 -0.0434354
  outer loop
    vertex -1.029498924451535 8.306622172377315 -46.12129169794577
    vertex -2.01735209973552 8.260348420652278 -44.43206141998337
    vertex -0.0295529284073021 8.501415321743183 -44.45308053772065
  endloop
endfacet
facet normal -0.271885 0.955 -0.118548
  outer loop
    vertex -2.939781759644944 6.691296112983256 -59.60977893227931
    vertex -1.995403221720526 7.167475183211565 -57.93966638455791
    vertex -1.017869939604385 7.235470569451783 -59.63383184887818
  endloop
endfacet
facet normal -0.107583 0.98824 -0.108666
  outer loop
    vertex -0.04070955956612513 9.564881431684073 -30.94001431456796
    vertex -2.012630264867896 9.352504316589224 -30.91915773044234
    vertex -1.020725557167837 9.64432123900634 -29.24731920598631
  endloop
endfacet
facet normal -0.117664 0.992057 -0.0444827
  outer loop
    vertex -1.038599623410615 8.572817295285754 -42.750007217265
    vertex -2.025034800245706 8.531759064469176 -41.05641536198449
    vertex -0.0323260572898387 8.767278946277511 -41.07485833839016
  endloop
endfacet
facet normal -0.225009 0.968047 -0.110705
  outer loop
    vertex -2.962443331035944 8.396345982521792 -39.34306180269966
    vertex -2.010656070533768 8.808370397413027 -37.67466919726899
    vertex -1.037078262545061 8.84113382800389 -39.36698053564099
  endloop
endfacet
facet normal -0.272676 0.961345 -0.0382629
  outer loop
    vertex -1.017869939604385 7.235470569451783 -59.63383184887818
    vertex -1.977226343609245 6.896328763376427 -61.31793154405382
    vertex -2.939781759644944 6.691296112983256 -59.60977893227931
  endloop
endfacet
facet normal -0.205116 0.977514 -0.0489276
  outer loop
    vertex -1.020725557167837 9.64432123900634 -29.24731920598631
    vertex -2.012630264867896 9.352504316589224 -30.91915773044234
    vertex -2.954073275039722 9.240646798969641 -29.20717622237754
  endloop
endfacet
facet normal -0.113434 0.992478 -0.0460433
  outer loop
    vertex -1.037078262545061 8.84113382800389 -39.36698053564099
    vertex -2.010656070533768 8.808370397413027 -37.67466919726899
    vertex -0.0351191563691666 9.033142687294719 -37.69662901014016
  endloop
endfacet
facet normal 0.55905 0.821359 -0.113278
  outer loop
    vertex 5.418547955542543 6.220491325318308 -47.65390925568845
    vertex 3.761130657673119 7.330988587501495 -47.78157708772461
    vertex 4.638973098211757 6.977020732649859 -46.01580293572511
  endloop
endfacet
facet normal -0.232106 0.971629 -0.0454378
  outer loop
    vertex -2.01735209973552 8.260348420652278 -44.43206141998337
    vertex -2.955104862532434 8.11607786368541 -42.72685063170277
    vertex -1.038599623410615 8.572817295285754 -42.750007217265
  endloop
endfacet
facet normal -0.709739 0.695509 -0.111971
  outer loop
    vertex -4.922029453489002 3.624839048354827 -74.80447962923196
    vertex -4.482930115229282 4.358075322652605 -73.03325391126073
    vertex -3.734108275847066 4.84383670434941 -74.76241259644563
  endloop
endfacet
facet normal -0.31417 0.942864 -0.110927
  outer loop
    vertex -2.921698152062382 8.968837902262543 -32.62027294539038
    vertex -1.958695127674979 9.091597040693181 -34.30427759468828
    vertex -3.873380218941888 8.45966254276218 -34.25282202400446
  endloop
endfacet
facet normal -0.107461 0.993038 -0.0482365
  outer loop
    vertex -1.020953451729345 9.376984568068545 -32.6244406518689
    vertex -2.012630264867896 9.352504316589224 -30.91915773044234
    vertex -0.04070955956612513 9.564881431684073 -30.94001431456796
  endloop
endfacet
facet normal -0.299504 0.952864 -0.0484572
  outer loop
    vertex -3.893038726591389 9.032139384235062 -27.50372208540261
    vertex -1.986821250254637 9.62898663472412 -27.54923703116554
    vertex -2.954073275039722 9.240646798969641 -29.20717622237754
  endloop
endfacet
facet normal 0.528161 0.841838 -0.111152
  outer loop
    vertex 5.467085460971536 6.870746645948621 -40.90834777230165
    vertex 3.771254611212578 7.918828339820072 -41.02850703615589
    vertex 4.662096173241173 7.592518082481655 -39.2668990128097
  endloop
endfacet
facet normal -0.205341 0.972709 -0.108041
  outer loop
    vertex -2.954073275039722 9.240646798969641 -29.20717622237754
    vertex -1.986821250254637 9.62898663472412 -27.54923703116554
    vertex -1.020725557167837 9.64432123900634 -29.24731920598631
  endloop
endfacet
facet normal -0.807452 0.586583 -0.0627836
  outer loop
    vertex -4.989015441991056 3.034733311547276 -78.27644252332033
    vertex -5.284941411460633 2.854688358622817 -76.15272461966902
    vertex -4.357092971015117 4.092823882220204 -76.51784628589964
  endloop
endfacet
facet normal -0.787258 0.611871 -0.0764065
  outer loop
    vertex -9.933080958849121 6.489605682968763 -1.713809338896473
    vertex -8.69854636661522 7.955620207146874 -2.693899846515989
    vertex -9.772488685856382 6.44008491538799 -3.765046518470474
  endloop
endfacet
facet normal -0.475218 0.878126 -0.0553347
  outer loop
    vertex -4.820345095835665 10.98927991986071 0
    vertex -5.651921887895427 10.42832773937583 -1.760313782523939
    vertex -6.563377897469159 10.04599773915035 0
  endloop
endfacet
facet normal -0.924665 0.377128 -0.0526216
  outer loop
    vertex -10.01619817773452 4.064903118188554 -15.12534202755452
    vertex -10.46820995855846 3.198196333749185 -13.3941021849926
    vertex -9.727359369155327 4.995985926761763 -13.52794203006368
  endloop
endfacet
facet normal 0.254402 0.966249 -0.0405321
  outer loop
    vertex 0.960979305919789 7.510466757771267 -56.26692733230201
    vertex 2.877222887291202 7.008098925095468 -56.21553194837065
    vertex 1.923519511062649 7.186633388432597 -57.94539434570814
  endloop
endfacet
facet normal 0.385085 0.915327 -0.117836
  outer loop
    vertex 1.923519511062649 7.186633388432597 -57.94539434570814
    vertex 2.877222887291202 7.008098925095468 -56.21553194837065
    vertex 3.776757000662932 6.416247633300344 -57.87326213078136
  endloop
endfacet
facet normal 0.245325 0.968549 -0.0415667
  outer loop
    vertex 0.9564713107152324 7.778608140612379 -52.89348786501071
    vertex 2.877428660817928 7.294301537051873 -52.84093315695088
    vertex 1.939944518526399 7.458124968355007 -54.55666994968342
  endloop
endfacet
facet normal 0.460374 0.88664 -0.0438794
  outer loop
    vertex 3.757996877684918 7.036324857596697 -51.11715799406947
    vertex 2.852373618098843 7.587836423299381 -49.47477859291159
    vertex 4.590871608031418 6.689657775685342 -49.38365052352302
  endloop
endfacet
facet normal 0.89178 0.450641 -0.0406302
  outer loop
    vertex 5.790312542583346 1.928342105565386 -74.92889154743781
    vertex 5.236845509372129 2.877238745117353 -76.5523012049416
    vertex 4.970673740742081 3.56901076314209 -74.72179059573492
  endloop
endfacet
facet normal -0.314199 0.948244 -0.0459477
  outer loop
    vertex -3.873380218941888 8.45966254276218 -34.25282202400446
    vertex -1.958695127674979 9.091597040693181 -34.30427759468828
    vertex -2.94577098128785 8.684934230092642 -35.94695586631737
  endloop
endfacet
facet normal 0.228999 0.97241 -0.0444862
  outer loop
    vertex 0.9525009379063065 8.314904942933277 -46.13263026739396
    vertex 2.871739578805666 7.865049439366247 -46.08634400968327
    vertex 1.917814824239268 8.010754024149316 -47.81188677891759
  endloop
endfacet
facet normal -0.388933 0.919974 -0.0487703
  outer loop
    vertex -2.94734834171946 9.519375322162659 -25.85448483874093
    vertex -3.893038726591389 9.032139384235062 -27.50372208540261
    vertex -4.797993631836373 8.741136163138584 -25.77619790238623
  endloop
endfacet
facet normal 0.435342 0.899155 -0.044695
  outer loop
    vertex 3.779179836747567 7.622930929337639 -44.36617495554725
    vertex 2.853935356398749 8.152668822860619 -42.72126705282585
    vertex 4.647873987616586 7.288005875916236 -42.64273877483101
  endloop
endfacet
facet normal 0.384847 0.922173 -0.0385882
  outer loop
    vertex 3.776757000662932 6.416247633300344 -57.87326213078136
    vertex 2.872284254037624 6.721518706959342 -59.59841827584297
    vertex 1.923519511062649 7.186633388432597 -57.94539434570814
  endloop
endfacet
facet normal -0.499201 0.865563 -0.0399995
  outer loop
    vertex -4.627251635647589 6.004898887468306 -56.14980201560916
    vertex -2.899080575299184 6.997935133198697 -56.22903267199372
    vertex -3.798845751204876 6.402852506393302 -57.87699787295818
  endloop
endfacet
facet normal 0.35762 0.926877 -0.114051
  outer loop
    vertex 1.919758165423025 7.736670252508764 -51.18955530754223
    vertex 2.852373618098843 7.587836423299381 -49.47477859291159
    vertex 3.757996877684918 7.036324857596697 -51.11715799406947
  endloop
endfacet
facet normal -0.920444 0.386907 -0.0555533
  outer loop
    vertex -8.967024069200733 4.996476250662403 -22.04398372200632
    vertex -9.079926489959199 4.440486474098483 -24.04559430159333
    vertex -9.658438371380742 3.169142683909294 -23.31484062087097
  endloop
endfacet
facet normal -0.419175 0.901257 -0.109675
  outer loop
    vertex -2.94577098128785 8.684934230092642 -35.94695586631737
    vertex -4.73568923773836 7.857138302890077 -35.90835863112771
    vertex -3.873380218941888 8.45966254276218 -34.25282202400446
  endloop
endfacet
facet normal 0.214762 0.975555 -0.0465787
  outer loop
    vertex 0.9466460639452579 8.850502733745671 -39.37671661502447
    vertex 2.870409611570324 8.429080208018529 -39.33310967666198
    vertex 1.913777067593063 8.557387048295057 -41.05660584935541
  endloop
endfacet
facet normal -0.299397 0.947953 -0.108377
  outer loop
    vertex -2.94734834171946 9.519375322162659 -25.85448483874093
    vertex -1.986821250254637 9.62898663472412 -27.54923703116554
    vertex -3.893038726591389 9.032139384235062 -27.50372208540261
  endloop
endfacet
facet normal -0.523996 0.850067 -0.0530614
  outer loop
    vertex -4.807775403456757 9.639209896205434 -15.60729617666055
    vertex -5.66700271607318 9.004865838647952 -17.2846608386601
    vertex -6.470285241268589 8.618796588870927 -15.5370257722997
  endloop
endfacet
facet normal 0.410807 0.905069 -0.10994
  outer loop
    vertex 3.790151411251174 8.498380123985298 -34.24002139224469
    vertex 4.666201860854849 7.900165798962895 -35.89126542528918
    vertex 2.852574813963358 8.714683050986604 -35.96272761993776
  endloop
endfacet
facet normal 0.33602 0.935153 -0.112155
  outer loop
    vertex 1.915832643007753 8.28430503968273 -44.43425867322524
    vertex 2.853935356398749 8.152668822860619 -42.72126705282585
    vertex 3.779179836747567 7.622930929337639 -44.36617495554725
  endloop
endfacet
facet normal 0.245802 0.962442 -0.115272
  outer loop
    vertex 1.919758165423025 7.736670252508764 -51.18955530754223
    vertex 2.877428660817928 7.294301537051873 -52.84093315695088
    vertex 0.9564713107152324 7.778608140612379 -52.89348786501071
  endloop
endfacet
facet normal 0.306811 0.950578 -0.0476261
  outer loop
    vertex 3.790151411251174 8.498380123985298 -34.24002139224469
    vertex 2.852574813963358 8.714683050986604 -35.96272761993776
    vertex 1.908319410311806 9.10294391155913 -34.29632129773678
  endloop
endfacet
facet normal 0.254789 0.959958 -0.116464
  outer loop
    vertex 1.939944518526399 7.458124968355007 -54.55666994968342
    vertex 2.877222887291202 7.008098925095468 -56.21553194837065
    vertex 0.960979305919789 7.510466757771267 -56.26692733230201
  endloop
endfacet
facet normal 0.357169 0.933058 -0.0428158
  outer loop
    vertex 3.757996877684918 7.036324857596697 -51.11715799406947
    vertex 2.877428660817928 7.294301537051873 -52.84093315695088
    vertex 1.919758165423025 7.736670252508764 -51.18955530754223
  endloop
endfacet
facet normal 0.22933 0.966807 -0.112659
  outer loop
    vertex 1.915832643007753 8.28430503968273 -44.43425867322524
    vertex 2.871739578805666 7.865049439366247 -46.08634400968327
    vertex 0.9525009379063065 8.314904942933277 -46.13263026739396
  endloop
endfacet
facet normal 0.335608 0.940945 -0.0446024
  outer loop
    vertex 3.779179836747567 7.622930929337639 -44.36617495554725
    vertex 2.871739578805666 7.865049439366247 -46.08634400968327
    vertex 1.915832643007753 8.28430503968273 -44.43425867322524
  endloop
endfacet
facet normal -0.197028 0.979097 -0.0504913
  outer loop
    vertex -1.042032686928363 10.17820114753637 -22.47215348401327
    vertex -2.010223658713994 9.896076370786904 -24.16485931636441
    vertex -2.982120934491467 9.788839643602257 -22.45177819406084
  endloop
endfacet
facet normal -0.196724 0.97465 -0.106564
  outer loop
    vertex -1.042032686928363 10.17820114753637 -22.47215348401327
    vertex -2.982120934491467 9.788839643602257 -22.45177819406084
    vertex -2.033164094667504 10.16331932069864 -20.77857321361451
  endloop
endfacet
facet normal 0.215066 0.970331 -0.110469
  outer loop
    vertex 1.911205243761551 8.830467167224487 -37.67485976842444
    vertex 2.870409611570324 8.429080208018529 -39.33310967666198
    vertex 0.9466460639452579 8.850502733745671 -39.37671661502447
  endloop
endfacet
facet normal 0.315736 0.947694 -0.0467579
  outer loop
    vertex 3.784681080016609 8.209293343856663 -37.61408511588866
    vertex 2.870409611570324 8.429080208018529 -39.33310967666198
    vertex 1.911205243761551 8.830467167224487 -37.67485976842444
  endloop
endfacet
facet normal -0.309286 0.94971 -0.0489152
  outer loop
    vertex -2.012630264867896 9.352504316589224 -30.91915773044234
    vertex -2.921698152062382 8.968837902262543 -32.62027294539038
    vertex -3.893494540692917 8.7422270419514 -30.87545787293607
  endloop
endfacet
facet normal 0.599895 0.798852 -0.0442813
  outer loop
    vertex 2.829002249300276 5.2608979831877 -76.57649639335744
    vertex 4.275754348919296 4.177705496470007 -76.51802485291664
    vertex 3.752438966817508 4.471982619695273 -78.29869947057708
  endloop
endfacet
facet normal -0.450826 0.886495 -0.104319
  outer loop
    vertex -3.919283183479034 9.885939196122509 -17.35033199923451
    vertex -5.66700271607318 9.004865838647952 -17.2846608386601
    vertex -4.807775403456757 9.639209896205434 -15.60729617666055
  endloop
endfacet
facet normal -0.472815 0.874696 -0.106551
  outer loop
    vertex -5.643435016643179 8.385372395486103 -24.04569247572562
    vertex -4.795318976575625 9.045026611811045 -22.39395094040226
    vertex -3.893069380568961 9.318909922003717 -24.14929258654617
  endloop
endfacet
facet normal 0.316018 0.942352 -0.110026
  outer loop
    vertex 1.911205243761551 8.830467167224487 -37.67485976842444
    vertex 2.852574813963358 8.714683050986604 -35.96272761993776
    vertex 3.784681080016609 8.209293343856663 -37.61408511588866
  endloop
endfacet
facet normal -0.598425 0.792729 -0.116053
  outer loop
    vertex -4.655750953045254 6.315831741524498 -52.77669071788107
    vertex -3.794011159042731 6.71067499964244 -54.52314977390427
    vertex -5.396809539318353 5.516896811750777 -54.41275985376394
  endloop
endfacet
facet normal -0.100642 0.989206 -0.106507
  outer loop
    vertex -0.05020738041924733 10.3632217460966 -20.79569426326357
    vertex -2.033164094667504 10.16331932069864 -20.77857321361451
    vertex -1.033632094814008 10.44589327699064 -19.09859220708706
  endloop
endfacet
facet normal 0.410774 0.910535 -0.0468038
  outer loop
    vertex 2.852574813963358 8.714683050986604 -35.96272761993776
    vertex 4.666201860854849 7.900165798962895 -35.89126542528918
    vertex 3.784681080016609 8.209293343856663 -37.61408511588866
  endloop
endfacet
facet normal -0.325395 0.939273 -0.109012
  outer loop
    vertex -3.856143893794826 8.175682524939697 -37.61737258146647
    vertex -2.94577098128785 8.684934230092642 -35.94695586631737
    vertex -2.010656070533768 8.808370397413027 -37.67466919726899
  endloop
endfacet
facet normal -0.100604 0.993662 -0.050145
  outer loop
    vertex -1.042032686928363 10.17820114753637 -22.47215348401327
    vertex -2.033164094667504 10.16331932069864 -20.77857321361451
    vertex -0.05020738041924733 10.3632217460966 -20.79569426326357
  endloop
endfacet
facet normal 0.486463 0.867058 -0.107534
  outer loop
    vertex 4.687060544862278 8.499890537371325 -29.14133140997897
    vertex 5.504502832931339 7.836716003173931 -30.79062335537026
    vertex 3.790812685785436 8.786296731742686 -30.88645330665468
  endloop
endfacet
facet normal -0.191201 0.975838 -0.105743
  outer loop
    vertex -2.975906781850644 10.06904371647598 -19.06435184211063
    vertex -2.008246004791594 10.43969398057765 -17.39353847544053
    vertex -1.033632094814008 10.44589327699064 -19.09859220708706
  endloop
endfacet
facet normal 0.306997 0.94541 -0.109333
  outer loop
    vertex 1.908319410311806 9.10294391155913 -34.29632129773678
    vertex 2.856801169492249 8.992068324752829 -32.59183217174532
    vertex 3.790151411251174 8.498380123985298 -34.24002139224469
  endloop
endfacet
facet normal -0.191093 0.980237 -0.0511828
  outer loop
    vertex -1.033632094814008 10.44589327699064 -19.09859220708706
    vertex -2.033164094667504 10.16331932069864 -20.77857321361451
    vertex -2.975906781850644 10.06904371647598 -19.06435184211063
  endloop
endfacet
facet normal 0.399634 0.915423 -0.047892
  outer loop
    vertex 3.790151411251174 8.498380123985298 -34.24002139224469
    vertex 2.856801169492249 8.992068324752829 -32.59183217174532
    vertex 4.674019631412118 8.202697575562228 -32.51637167720322
  endloop
endfacet
facet normal -0.402319 0.914637 -0.0397364
  outer loop
    vertex -2.884936450759167 6.424256960625754 -62.99359945671687
    vertex -3.767836698460478 6.111889537603035 -61.24444913881756
    vertex -1.977226343609245 6.896328763376427 -61.31793154405382
  endloop
endfacet
facet normal -0.408313 0.911666 -0.0463164
  outer loop
    vertex -4.772525657723381 8.14441857294581 -32.53127941797135
    vertex -2.921698152062382 8.968837902262543 -32.62027294539038
    vertex -3.873380218941888 8.45966254276218 -34.25282202400446
  endloop
endfacet
facet normal -0.439704 0.891935 -0.105413
  outer loop
    vertex -4.81763426924047 9.930218088942357 -12.23408224187095
    vertex -3.888389131062169 10.18409441078461 -13.9620512448688
    vertex -5.695140836266215 9.301583281722872 -13.89287272921525
  endloop
endfacet
facet normal -0.27902 0.958923 -0.0511299
  outer loop
    vertex -3.919283183479034 9.885939196122509 -17.35033199923451
    vertex -2.008246004791594 10.43969398057765 -17.39353847544053
    vertex -2.975906781850644 10.06904371647598 -19.06435184211063
  endloop
endfacet
facet normal 0.449975 0.891911 -0.044909
  outer loop
    vertex 4.638973098211757 6.977020732649859 -46.01580293572511
    vertex 3.761130657673119 7.330988587501495 -47.78157708772461
    vertex 2.871739578805666 7.865049439366247 -46.08634400968327
  endloop
endfacet
facet normal -0.278963 0.954475 -0.105628
  outer loop
    vertex -3.919283183479034 9.885939196122509 -17.35033199923451
    vertex -2.968143273251232 10.3485488577274 -15.68206379500797
    vertex -2.008246004791594 10.43969398057765 -17.39353847544053
  endloop
endfacet
facet normal 0.424026 0.904435 -0.0468965
  outer loop
    vertex 4.662096173241173 7.592518082481655 -39.2668990128097
    vertex 3.771254611212578 7.918828339820072 -41.02850703615589
    vertex 2.870409611570324 8.429080208018529 -39.33310967666198
  endloop
endfacet
facet normal 0.390043 0.91947 -0.0494142
  outer loop
    vertex 3.790812685785436 8.786296731742686 -30.88645330665468
    vertex 2.873762457480455 9.264857478977289 -29.2202791347854
    vertex 4.687060544862278 8.499890537371325 -29.14133140997897
  endloop
endfacet
facet normal 0.263584 0.963844 -0.0390906
  outer loop
    vertex 0.9622860530050791 7.241722357459478 -59.65083748533542
    vertex 2.872284254037624 6.721518706959342 -59.59841827584297
    vertex 1.925430200334271 6.910470142584893 -61.3240379630145
  endloop
endfacet
facet normal -0.356762 0.933202 -0.0430761
  outer loop
    vertex -2.948655984986871 7.550791635438473 -49.47655798968701
    vertex -3.858020686300637 7.282368366929462 -47.76020940011223
    vertex -1.998223717526272 7.990855927417932 -47.81459959339975
  endloop
endfacet
facet normal -0.36766 0.929021 -0.0417789
  outer loop
    vertex -3.845861134307334 6.987034925077844 -51.13555964720617
    vertex -1.990735030213557 7.718845968441741 -51.18790471092156
    vertex -2.939827467110725 7.268373202766663 -52.85275969523246
  endloop
endfacet
facet normal -0.339202 0.93195 -0.12811
  outer loop
    vertex -2.851931727015129 4.939690650907845 -80
    vertex -1.973848062096881 5.495152495572398 -78.2841719824133
    vertex -0.9904654944533576 5.617208951651979 -80
  endloop
endfacet
facet normal 0.339195 0.931932 -0.128258
  outer loop
    vertex 0.9904654944533571 5.617208951651979 -80
    vertex 2.012020121263086 5.480908725756349 -78.28873295563069
    vertex 2.851931727015123 4.939690650907848 -80
  endloop
endfacet
facet normal 0.191116 0.980303 -0.0497958
  outer loop
    vertex 0.9331875029984844 9.920756522557637 -25.86284940768026
    vertex 2.873203378027792 9.544494568599584 -25.82432986497948
    vertex 1.905468889029338 9.645760349082538 -27.5449322042952
  endloop
endfacet
facet normal 0.37188 0.927354 -0.0414611
  outer loop
    vertex 1.939944518526399 7.458124968355007 -54.55666994968342
    vertex 3.763127818774586 6.728960587693879 -54.51296255345176
    vertex 2.877222887291202 7.008098925095468 -56.21553194837065
  endloop
endfacet
facet normal -0.38043 0.923376 -0.0514691
  outer loop
    vertex -3.893069380568961 9.318909922003717 -24.14929258654617
    vertex -4.795318976575625 9.045026611811045 -22.39395094040226
    vertex -2.982120934491467 9.788839643602257 -22.45177819406084
  endloop
endfacet
facet normal -0.356585 0.927314 -0.113736
  outer loop
    vertex -1.998223717526272 7.990855927417932 -47.81459959339975
    vertex -3.858020686300637 7.282368366929462 -47.76020940011223
    vertex -2.968376745935178 7.827598561859183 -46.10404838908077
  endloop
endfacet
facet normal -0.367332 0.922956 -0.114979
  outer loop
    vertex -2.948655984986871 7.550791635438473 -49.47655798968701
    vertex -1.990735030213557 7.718845968441741 -51.18790471092156
    vertex -3.845861134307334 6.987034925077844 -51.13555964720617
  endloop
endfacet
facet normal 0.509373 0.859557 -0.0412464
  outer loop
    vertex 2.872284254037624 6.721518706959342 -59.59841827584297
    vertex 4.527854930572782 5.742438326074768 -59.55650167534802
    vertex 3.729234600991285 6.133816660645874 -61.26293490703267
  endloop
endfacet
facet normal -0.139586 0.989471 -0.0382595
  outer loop
    vertex -0.9942330134277373 6.968739673827424 -63.03159092160731
    vertex -1.977226343609245 6.896328763376427 -61.31793154405382
    vertex -0.0159187160266685 7.171909358458457 -61.34648370194823
  endloop
endfacet
facet normal -0.616177 0.786547 -0.0408625
  outer loop
    vertex -3.720545759728309 4.499409727648884 -78.29029637864087
    vertex -4.357092971015117 4.092823882220204 -76.51784628589964
    vertex -2.941401592899955 5.198730437008919 -76.57826178028306
  endloop
endfacet
facet normal -0.139853 0.98308 -0.118303
  outer loop
    vertex -0.0159187160266685 7.171909358458457 -61.34648370194823
    vertex -1.977226343609245 6.896328763376427 -61.31793154405382
    vertex -1.017869939604385 7.235470569451783 -59.63383184887818
  endloop
endfacet
facet normal 0.27587 0.959854 -0.0507439
  outer loop
    vertex 1.90401240570209 10.18818322873987 -20.78009035467272
    vertex 3.811522787786571 9.642709390955648 -20.72787033618588
    vertex 2.865930005996449 9.823086913875025 -22.45664292137212
  endloop
endfacet
facet normal -0.130888 0.984599 -0.115903
  outer loop
    vertex -0.02134501304618477 7.703787155244124 -54.58818426762107
    vertex -1.986385536865031 7.445031551211197 -54.56721504007251
    vertex -1.001460969096158 7.772853562713098 -52.8946271326296
  endloop
endfacet
facet normal -0.126928 0.985259 -0.114688
  outer loop
    vertex -0.02404495182786489 7.969675224485506 -51.20967086650345
    vertex -1.990735030213557 7.718845968441741 -51.18790471092156
    vertex -1.004098601850467 8.040522786905063 -49.51638430995278
  endloop
endfacet
facet normal -0.123329 0.985878 -0.11329
  outer loop
    vertex -0.0268047914136632 8.235549415654843 -47.83132557949425
    vertex -1.998223717526272 7.990855927417932 -47.81459959339975
    vertex -1.029498924451535 8.306622172377315 -46.12129169794577
  endloop
endfacet
facet normal -0.130872 0.990554 -0.0409218
  outer loop
    vertex -0.9989135261471603 7.505020693476646 -56.27316032133537
    vertex -1.986385536865031 7.445031551211197 -54.56721504007251
    vertex -0.02134501304618477 7.703787155244124 -54.58818426762107
  endloop
endfacet
facet normal 0.263964 0.957305 -0.117855
  outer loop
    vertex 1.923519511062649 7.186633388432597 -57.94539434570814
    vertex 2.872284254037624 6.721518706959342 -59.59841827584297
    vertex 0.9622860530050791 7.241722357459478 -59.65083748533542
  endloop
endfacet
facet normal 0.345433 0.931701 -0.112291
  outer loop
    vertex 2.871739578805666 7.865049439366247 -46.08634400968327
    vertex 3.761130657673119 7.330988587501495 -47.78157708772461
    vertex 1.917814824239268 8.010754024149316 -47.81188677891759
  endloop
endfacet
facet normal -0.126861 0.991024 -0.0421728
  outer loop
    vertex -1.001460969096158 7.772853562713098 -52.8946271326296
    vertex -1.990735030213557 7.718845968441741 -51.18790471092156
    vertex -0.02404495182786489 7.969675224485506 -51.20967086650345
  endloop
endfacet
facet normal 0.289555 0.951176 -0.106876
  outer loop
    vertex 1.905468889029338 9.645760349082538 -27.5449322042952
    vertex 2.873203378027792 9.544494568599584 -25.82432986497948
    vertex 3.78129692316683 9.079901410214537 -27.49886233522264
  endloop
endfacet
facet normal 0.710215 0.693874 -0.118886
  outer loop
    vertex 4.970673740742081 3.56901076314209 -74.72179059573492
    vertex 3.667280789099268 4.892590060748517 -74.78312060607436
    vertex 4.484319012494254 4.357649947428618 -73.02436604755415
  endloop
endfacet
facet normal -0.123421 0.991415 -0.0431639
  outer loop
    vertex -1.004098601850467 8.040522786905063 -49.51638430995278
    vertex -1.998223717526272 7.990855927417932 -47.81459959339975
    vertex -0.0268047914136632 8.235549415654843 -47.83132557949425
  endloop
endfacet
facet normal 0.474306 0.873739 -0.107768
  outer loop
    vertex 5.536471141191485 8.137998079048957 -27.41059063444849
    vertex 3.78129692316683 9.079901410214537 -27.49886233522264
    vertex 4.690853793099101 8.800322365253042 -25.76245009898719
  endloop
endfacet
facet normal 0.478017 0.877277 -0.0434089
  outer loop
    vertex 4.591818348976301 6.364231788418183 -52.75847892845744
    vertex 3.763127818774586 6.728960587693879 -54.51296255345176
    vertex 2.877428660817928 7.294301537051873 -52.84093315695088
  endloop
endfacet
facet normal -0.389252 0.914737 -0.108346
  outer loop
    vertex -2.94734834171946 9.519375322162659 -25.85448483874093
    vertex -4.797993631836373 8.741136163138584 -25.77619790238623
    vertex -3.893069380568961 9.318909922003717 -24.14929258654617
  endloop
endfacet
facet normal 0.324612 0.939401 -0.110243
  outer loop
    vertex 2.870409611570324 8.429080208018529 -39.33310967666198
    vertex 3.771254611212578 7.918828339820072 -41.02850703615589
    vertex 1.913777067593063 8.557387048295057 -41.05660584935541
  endloop
endfacet
facet normal -0.402526 0.907789 -0.117862
  outer loop
    vertex -1.977226343609245 6.896328763376427 -61.31793154405382
    vertex -3.767836698460478 6.111889537603035 -61.24444913881756
    vertex -2.939781759644944 6.691296112983256 -59.60977893227931
  endloop
endfacet
facet normal 0.558379 0.828499 -0.0424649
  outer loop
    vertex 5.418547955542543 6.220491325318308 -47.65390925568845
    vertex 4.590871608031418 6.689657775685342 -49.38365052352302
    vertex 3.761130657673119 7.330988587501495 -47.78157708772461
  endloop
endfacet
facet normal -0.498825 0.858758 -0.117081
  outer loop
    vertex -3.794011159042731 6.71067499964244 -54.52314977390427
    vertex -2.899080575299184 6.997935133198697 -56.22903267199372
    vertex -4.627251635647589 6.004898887468306 -56.14980201560916
  endloop
endfacet
facet normal 0.399847 0.910056 -0.109183
  outer loop
    vertex 2.856801169492249 8.992068324752829 -32.59183217174532
    vertex 3.790812685785436 8.786296731742686 -30.88645330665468
    vertex 4.674019631412118 8.202697575562228 -32.51637167720322
  endloop
endfacet
facet normal 0.2828 0.957879 -0.0499316
  outer loop
    vertex 1.904676469108602 9.91695979443012 -24.16450868721996
    vertex 3.803708620913925 9.359238074986115 -24.10811781112773
    vertex 2.873203378027792 9.544494568599584 -25.82432986497948
  endloop
endfacet
facet normal 0.276073 0.955264 -0.106083
  outer loop
    vertex 1.90401240570209 10.18818322873987 -20.78009035467272
    vertex 2.866641243616073 10.10119124024605 -19.05828063345263
    vertex 3.811522787786571 9.642709390955648 -20.72787033618588
  endloop
endfacet
facet normal 0.527506 0.848356 -0.0450617
  outer loop
    vertex 5.467085460971536 6.870746645948621 -40.90834777230165
    vertex 4.647873987616586 7.288005875916236 -42.64273877483101
    vertex 3.771254611212578 7.918828339820072 -41.02850703615589
  endloop
endfacet
facet normal 0.460722 0.880225 -0.11375
  outer loop
    vertex 4.590871608031418 6.689657775685342 -49.38365052352302
    vertex 2.852373618098843 7.587836423299381 -49.47477859291159
    vertex 3.761130657673119 7.330988587501495 -47.78157708772461
  endloop
endfacet
facet normal 0.191354 0.975641 -0.107277
  outer loop
    vertex 1.904676469108602 9.91695979443012 -24.16450868721996
    vertex 2.873203378027792 9.544494568599584 -25.82432986497948
    vertex 0.9331875029984844 9.920756522557637 -25.86284940768026
  endloop
endfacet
facet normal 0.954938 0.292185 -0.0521681
  outer loop
    vertex 6.993881461093509 2.984590753296076 -55.85535324165395
    vertex 7.4974547339982 1.384398719441049 -55.59984263027175
    vertex 7.194959432928182 2.047008218882028 -57.42585907186348
  endloop
endfacet
facet normal -0.401481 0.910344 -0.100435
  outer loop
    vertex -3.891147637275262 11.20562670339115 -1.753426394321785
    vertex -5.651921887895427 10.42832773937583 -1.760313782523939
    vertex -4.820345095835665 10.98927991986071 0
  endloop
endfacet
facet normal 0.370368 0.922783 -0.1063
  outer loop
    vertex 2.865930005996449 9.823086913875025 -22.45664292137212
    vertex 3.811522787786571 9.642709390955648 -20.72787033618588
    vertex 4.704292468557747 9.093496813416902 -22.38497694711037
  endloop
endfacet
facet normal 0.180796 0.982174 -0.0514562
  outer loop
    vertex 0.9280988964308011 10.45616083075741 -19.0940014419321
    vertex 2.866641243616073 10.10119124024605 -19.05828063345263
    vertex 1.90401240570209 10.18818322873987 -20.78009035467272
  endloop
endfacet
facet normal -0.486354 0.872719 -0.0426713
  outer loop
    vertex -2.939827467110725 7.268373202766663 -52.85275969523246
    vertex -3.794011159042731 6.71067499964244 -54.52314977390427
    vertex -4.655750953045254 6.315831741524498 -52.77669071788107
  endloop
endfacet
facet normal 0.435423 0.893159 -0.112577
  outer loop
    vertex 4.647873987616586 7.288005875916236 -42.64273877483101
    vertex 2.853935356398749 8.152668822860619 -42.72126705282585
    vertex 3.771254611212578 7.918828339820072 -41.02850703615589
  endloop
endfacet
facet normal -0.216125 0.975219 -0.0473021
  outer loop
    vertex -2.010656070533768 8.808370397413027 -37.67466919726899
    vertex -2.94577098128785 8.684934230092642 -35.94695586631737
    vertex -1.015005920944042 9.110062744753318 -36.00389193825301
  endloop
endfacet
facet normal -0.208952 0.971993 -0.107559
  outer loop
    vertex -1.020953451729345 9.376984568068545 -32.6244406518689
    vertex -2.921698152062382 8.968837902262543 -32.62027294539038
    vertex -2.012630264867896 9.352504316589224 -30.91915773044234
  endloop
endfacet
facet normal -0.101986 0.989067 -0.106515
  outer loop
    vertex -0.04684528100102903 10.09684906399052 -24.18044464132338
    vertex -2.010223658713994 9.896076370786904 -24.16485931636441
    vertex -1.042032686928363 10.17820114753637 -22.47215348401327
  endloop
endfacet
facet normal -0.750955 0.649216 -0.120769
  outer loop
    vertex -3.720545759728309 4.499409727648884 -78.29029637864087
    vertex -4.989015441991056 3.034733311547276 -78.27644252332033
    vertex -4.357092971015117 4.092823882220204 -76.51784628589964
  endloop
endfacet
facet normal 0.268874 0.957401 -0.105309
  outer loop
    vertex 2.861545315710091 10.37883977053828 -15.67827609347999
    vertex 3.811418302463499 9.927567685235161 -17.35574748820305
    vertex 1.903237971897662 10.45947673139264 -17.39192148091191
  endloop
endfacet
facet normal -0.101994 0.993521 -0.0501288
  outer loop
    vertex -1.02465923142183 9.911323609417732 -25.86794157134128
    vertex -2.010223658713994 9.896076370786904 -24.16485931636441
    vertex -0.04684528100102903 10.09684906399052 -24.18044464132338
  endloop
endfacet
facet normal 0.283092 0.953111 -0.106948
  outer loop
    vertex 1.904676469108602 9.91695979443012 -24.16450868721996
    vertex 2.865930005996449 9.823086913875025 -22.45664292137212
    vertex 3.803708620913925 9.359238074986115 -24.10811781112773
  endloop
endfacet
facet normal 0.379875 0.923671 -0.0502641
  outer loop
    vertex 3.78129692316683 9.079901410214537 -27.49886233522264
    vertex 2.873203378027792 9.544494568599584 -25.82432986497948
    vertex 4.690853793099101 8.800322365253042 -25.76245009898719
  endloop
endfacet
facet normal -0.922959 0.372467 -0.0970312
  outer loop
    vertex -5.753929551656766 1.457788990200969 -77.05389537703589
    vertex -5.284941411460633 2.854688358622817 -76.15272461966902
    vertex -4.989015441991056 3.034733311547276 -78.27644252332033
  endloop
endfacet
facet normal 0.196687 0.974513 -0.107884
  outer loop
    vertex 1.905468889029338 9.645760349082538 -27.5449322042952
    vertex 2.873762457480455 9.264857478977289 -29.2202791347854
    vertex 0.9367943301727257 9.652910009066007 -29.24637429647827
  endloop
endfacet
facet normal 0.921616 0.383618 -0.0588359
  outer loop
    vertex 6.544040476141373 3.445600775020012 -58.50296202309255
    vertex 6.518797412132311 3.727896615690838 -57.05776851209713
    vertex 7.194959432928182 2.047008218882028 -57.42585907186348
  endloop
endfacet
facet normal 0.507805 0.85374 -0.115163
  outer loop
    vertex 3.776757000662932 6.416247633300344 -57.87326213078136
    vertex 4.527854930572782 5.742438326074768 -59.55650167534802
    vertex 2.872284254037624 6.721518706959342 -59.59841827584297
  endloop
endfacet
facet normal -0.710666 0.696192 -0.101348
  outer loop
    vertex -7.291730135309177 8.476479192809622 -10.40338904619934
    vertex -8.613369382420206 7.141430932488607 -10.30674951226839
    vertex -8.048482359914455 7.958521086780932 -8.654965579541507
  endloop
endfacet
facet normal 0.992977 0.0872894 -0.0798616
  outer loop
    vertex 9.696535410011078 0 -29.26829268292691
    vertex 9.468648713346189 1.696966561206627 -30.24697262316184
    vertex 9.63406699324339 1.685495896596221 -28.20274459099395
  endloop
endfacet
facet normal 0.289568 0.955853 -0.04996
  outer loop
    vertex 1.905468889029338 9.645760349082538 -27.5449322042952
    vertex 3.78129692316683 9.079901410214537 -27.49886233522264
    vertex 2.873762457480455 9.264857478977289 -29.2202791347854
  endloop
endfacet
facet normal -0.792752 0.600568 -0.104226
  outer loop
    vertex -7.953594313888884 7.284746210020487 -15.43157985779746
    vertex -9.154699624208337 5.7218276653222 -15.30167127786399
    vertex -8.619027530614508 6.711303797597684 -13.67451768745752
  endloop
endfacet
facet normal -0.598634 0.8 -0.0404605
  outer loop
    vertex -5.396809539318353 5.516896811750777 -54.41275985376394
    vertex -3.794011159042731 6.71067499964244 -54.52314977390427
    vertex -4.627251635647589 6.004898887468306 -56.14980201560916
  endloop
endfacet
facet normal -0.920467 0.380382 -0.0897287
  outer loop
    vertex -5.782860155120953 3.246558677044002 -68.20864014228205
    vertex -5.562153524363528 3.322954413134026 -70.14886103743926
    vertex -6.334637418437095 1.666543912229653 -69.24639115980678
  endloop
endfacet
facet normal -0.361126 0.93105 -0.0522884
  outer loop
    vertex -3.919283183479034 9.885939196122509 -17.35033199923451
    vertex -4.807775403456757 9.639209896205434 -15.60729617666055
    vertex -2.968143273251232 10.3485488577274 -15.68206379500797
  endloop
endfacet
facet normal 0.396282 0.91729 -0.0392459
  outer loop
    vertex 3.729234600991285 6.133816660645874 -61.26293490703267
    vertex 2.850560056698276 6.439158608057042 -62.99854293665983
    vertex 1.925430200334271 6.910470142584893 -61.3240379630145
  endloop
endfacet
facet normal 0.180992 0.977799 -0.105597
  outer loop
    vertex 1.903237971897662 10.45947673139264 -17.39192148091191
    vertex 2.866641243616073 10.10119124024605 -19.05828063345263
    vertex 0.9280988964308011 10.45616083075741 -19.0940014419321
  endloop
endfacet
facet normal -0.292222 0.950425 -0.106293
  outer loop
    vertex -2.010223658713994 9.896076370786904 -24.16485931636441
    vertex -3.893069380568961 9.318909922003717 -24.14929258654617
    vertex -2.982120934491467 9.788839643602257 -22.45177819406084
  endloop
endfacet
facet normal 0.298143 0.948358 -0.108293
  outer loop
    vertex 1.907350057417789 9.374210336959292 -30.92328439211391
    vertex 2.873762457480455 9.264857478977289 -29.2202791347854
    vertex 3.790812685785436 8.786296731742686 -30.88645330665468
  endloop
endfacet
facet normal -0.439899 0.896591 -0.051118
  outer loop
    vertex -5.695140836266215 9.301583281722872 -13.89287272921525
    vertex -3.888389131062169 10.18409441078461 -13.9620512448688
    vertex -4.807775403456757 9.639209896205434 -15.60729617666055
  endloop
endfacet
facet normal -0.258511 0.965142 -0.0409092
  outer loop
    vertex -1.995403221720526 7.167475183211565 -57.93966638455791
    vertex -2.899080575299184 6.997935133198697 -56.22903267199372
    vertex -0.9989135261471603 7.505020693476646 -56.27316032133537
  endloop
endfacet
facet normal -0.840811 0.538928 -0.050922
  outer loop
    vertex -8.619027530614508 6.711303797597684 -13.67451768745752
    vertex -9.154699624208337 5.7218276653222 -15.30167127786399
    vertex -9.727359369155327 4.995985926761763 -13.52794203006368
  endloop
endfacet
facet normal 0.955556 0.2832 -0.0819188
  outer loop
    vertex 8.243996296011554 1.538251382604157 -45.91666617440764
    vertex 8.110942998767838 1.443889938437949 -47.7949040630876
    vertex 7.625850174688527 3.207699083441602 -47.35572149112256
  endloop
endfacet
facet normal 0.396079 0.910653 -0.117615
  outer loop
    vertex 2.872284254037624 6.721518706959342 -59.59841827584297
    vertex 3.729234600991285 6.133816660645874 -61.26293490703267
    vertex 1.925430200334271 6.910470142584893 -61.3240379630145
  endloop
endfacet
facet normal -0.523447 0.845638 -0.104396
  outer loop
    vertex -6.470285241268589 8.618796588870927 -15.5370257722997
    vertex -5.695140836266215 9.301583281722872 -13.89287272921525
    vertex -4.807775403456757 9.639209896205434 -15.60729617666055
  endloop
endfacet
facet normal 0.196835 0.97922 -0.0488214
  outer loop
    vertex 0.9367943301727257 9.652910009066007 -29.24637429647827
    vertex 2.873762457480455 9.264857478977289 -29.2202791347854
    vertex 1.907350057417789 9.374210336959292 -30.92328439211391
  endloop
endfacet
facet normal 0.593529 0.796591 -0.114741
  outer loop
    vertex 5.35301781448188 5.561308318678859 -54.39527158046803
    vertex 3.763127818774586 6.728960587693879 -54.51296255345176
    vertex 4.591818348976301 6.364231788418183 -52.75847892845744
  endloop
endfacet
facet normal -0.376299 0.919392 -0.114533
  outer loop
    vertex -1.986385536865031 7.445031551211197 -54.56721504007251
    vertex -3.794011159042731 6.71067499964244 -54.52314977390427
    vertex -2.939827467110725 7.268373202766663 -52.85275969523246
  endloop
endfacet
facet normal 0.474201 0.879057 -0.0489195
  outer loop
    vertex 4.687060544862278 8.499890537371325 -29.14133140997897
    vertex 3.78129692316683 9.079901410214537 -27.49886233522264
    vertex 5.536471141191485 8.137998079048957 -27.41059063444849
  endloop
endfacet
facet normal 0.946137 0.307722 -0.100663
  outer loop
    vertex 8.168584279490586 2.93020203924936 -42.20695999113778
    vertex 8.347681947016598 1.825834188965717 -43.89961069470378
    vertex 7.811025536665611 3.448757315567103 -43.98247954945088
  endloop
endfacet
facet normal 0.370109 0.927622 -0.0503769
  outer loop
    vertex 3.803708620913925 9.359238074986115 -24.10811781112773
    vertex 2.865930005996449 9.823086913875025 -22.45664292137212
    vertex 4.704292468557747 9.093496813416902 -22.38497694711037
  endloop
endfacet
facet normal -0.276979 0.95353 -0.11859
  outer loop
    vertex -0.9942330134277373 6.968739673827424 -63.03159092160731
    vertex -2.884936450759167 6.424256960625754 -62.99359945671687
    vertex -1.977226343609245 6.896328763376427 -61.31793154405382
  endloop
endfacet
facet normal 0.390409 0.914334 -0.107585
  outer loop
    vertex 2.873762457480455 9.264857478977289 -29.2202791347854
    vertex 3.78129692316683 9.079901410214537 -27.49886233522264
    vertex 4.687060544862278 8.499890537371325 -29.14133140997897
  endloop
endfacet
facet normal -0.977514 0.201831 -0.0610712
  outer loop
    vertex -10.36670022645834 1.91792503388888 -18.51772433245076
    vertex -10.61659576244006 1.294188371863023 -16.57921864934487
    vertex -10.25872114002017 2.983462923533061 -16.72460360037407
  endloop
endfacet
facet normal -0.258614 0.958994 -0.115974
  outer loop
    vertex -0.9989135261471603 7.505020693476646 -56.27316032133537
    vertex -2.899080575299184 6.997935133198697 -56.22903267199372
    vertex -1.986385536865031 7.445031551211197 -54.56721504007251
  endloop
endfacet
facet normal 0.870233 0.481691 -0.10329
  outer loop
    vertex 9.72118428568012 5.568401151231075 -10.12610438939243
    vertex 10.11895243446228 4.506045356057436 -11.72913802015905
    vertex 9.152210840009923 6.215717943112738 -11.90103720511534
  endloop
endfacet
facet normal -0.199324 0.974115 -0.106627
  outer loop
    vertex -1.02465923142183 9.911323609417732 -25.86794157134128
    vertex -2.94734834171946 9.519375322162659 -25.85448483874093
    vertex -2.010223658713994 9.896076370786904 -24.16485931636441
  endloop
endfacet
facet normal 0.351439 0.93474 -0.0524594
  outer loop
    vertex 4.701609160441655 9.690229963664981 -15.62109004177207
    vertex 3.811418302463499 9.927567685235161 -17.35574748820305
    vertex 2.861545315710091 10.37883977053828 -15.67827609347999
  endloop
endfacet
facet normal -0.472302 0.880028 -0.0498244
  outer loop
    vertex -3.893069380568961 9.318909922003717 -24.14929258654617
    vertex -4.797993631836373 8.741136163138584 -25.77619790238623
    vertex -5.643435016643179 8.385372395486103 -24.04569247572562
  endloop
endfacet
facet normal 0.871523 0.487422 -0.0535502
  outer loop
    vertex 9.152210840009923 6.215717943112738 -11.90103720511534
    vertex 10.11895243446228 4.506045356057436 -11.72913802015905
    vertex 9.62370240183124 5.196076388109724 -13.50850291422251
  endloop
endfacet
facet normal -0.337631 0.940156 -0.045967
  outer loop
    vertex -2.025034800245706 8.531759064469176 -41.05641536198449
    vertex -2.955104862532434 8.11607786368541 -42.72685063170277
    vertex -3.879429358349223 7.868139472327154 -41.0086713268568
  endloop
endfacet
facet normal 0.486191 0.872481 -0.0489421
  outer loop
    vertex 3.790812685785436 8.786296731742686 -30.88645330665468
    vertex 5.504502832931339 7.836716003173931 -30.79062335537026
    vertex 4.674019631412118 8.202697575562228 -32.51637167720322
  endloop
endfacet
facet normal -0.509151 0.859362 -0.047562
  outer loop
    vertex -3.873380218941888 8.45966254276218 -34.25282202400446
    vertex -4.73568923773836 7.857138302890077 -35.90835863112771
    vertex -5.580896995575399 7.452334543368328 -34.17450367798915
  endloop
endfacet
facet normal 0.567194 0.822098 -0.0494431
  outer loop
    vertex 6.307589804692141 7.387509314657411 -29.04691573025171
    vertex 5.504502832931339 7.836716003173931 -30.79062335537026
    vertex 4.687060544862278 8.499890537371325 -29.14133140997897
  endloop
endfacet
facet normal 0.993025 0.0882814 -0.0781528
  outer loop
    vertex 9.542971104011816 0 -31.21951219512203
    vertex 9.468648713346189 1.696966561206627 -30.24697262316184
    vertex 9.696535410011078 0 -29.26829268292691
  endloop
endfacet
facet normal 0.628078 0.769225 -0.117519
  outer loop
    vertex 3.729234600991285 6.133816660645874 -61.26293490703267
    vertex 4.527854930572782 5.742438326074768 -59.55650167534802
    vertex 5.248232359097059 4.910267085354124 -61.15346353385639
  endloop
endfacet
facet normal -0.544857 0.832385 -0.101327
  outer loop
    vertex -6.563377897469159 10.04599773915035 0
    vertex -5.651921887895427 10.42832773937583 -1.760313782523939
    vertex -7.287707713480118 9.363247061695738 -1.713809338896475
  endloop
endfacet
facet normal -0.732778 0.671048 -0.112834
  outer loop
    vertex -5.767880436265703 4.071924491115099 -62.76377980774677
    vertex -5.274924741716908 4.882879216646179 -61.14226030591878
    vertex -4.528023963001489 5.403663086803267 -62.89564516833698
  endloop
endfacet
facet normal -0.859007 0.495948 -0.127053
  outer loop
    vertex -5.359878397722651 1.950836196057456 -80
    vertex -4.989015441991056 3.034733311547276 -78.27644252332033
    vertex -4.369412903269299 3.666372755594502 -80
  endloop
endfacet
facet normal -0.633109 0.773024 -0.0400889
  outer loop
    vertex -4.528023963001489 5.403663086803267 -62.89564516833698
    vertex -5.274924741716908 4.882879216646179 -61.14226030591878
    vertex -3.767836698460478 6.111889537603035 -61.24444913881756
  endloop
endfacet
facet normal -0.35314 0.934087 -0.0526694
  outer loop
    vertex -2.969239559664032 10.62625954856276 -12.28304973135272
    vertex -3.888389131062169 10.18409441078461 -13.9620512448688
    vertex -4.81763426924047 9.930218088942357 -12.23408224187095
  endloop
endfacet
facet normal 0.515145 0.850695 -0.104612
  outer loop
    vertex 5.576002379071049 9.374163946126957 -13.88549175613345
    vertex 6.391680715231922 8.677709164099312 -15.53232584030675
    vertex 4.701609160441655 9.690229963664981 -15.62109004177207
  endloop
endfacet
facet normal 0.29848 0.953185 -0.0484614
  outer loop
    vertex 1.907350057417789 9.374210336959292 -30.92328439211391
    vertex 3.790812685785436 8.786296731742686 -30.88645330665468
    vertex 2.856801169492249 8.992068324752829 -32.59183217174532
  endloop
endfacet
facet normal -0.599188 0.799852 -0.0347846
  outer loop
    vertex -4.482930115229282 4.358075322652605 -73.03325391126073
    vertex -2.932373808781368 5.517536098702087 -73.08149704063129
    vertex -3.734108275847066 4.84383670434941 -74.76241259644563
  endloop
endfacet
facet normal -0.352904 0.929827 -0.104308
  outer loop
    vertex -2.969239559664032 10.62625954856276 -12.28304973135272
    vertex -4.81763426924047 9.930218088942357 -12.23408224187095
    vertex -3.930149787342863 10.45381674719628 -10.56920842698967
  endloop
endfacet
facet normal 0.185783 0.976842 -0.106131
  outer loop
    vertex 1.90401240570209 10.18818322873987 -20.78009035467272
    vertex 2.865930005996449 9.823086913875025 -22.45664292137212
    vertex 0.9318162627566544 10.1879143146221 -22.48440591357521
  endloop
endfacet
facet normal -0.182069 0.981848 -0.0531491
  outer loop
    vertex -2.969239559664032 10.62625954856276 -12.28304973135272
    vertex -1.047481541855631 10.98078345023647 -12.31699953709139
    vertex -2.005362458728772 10.71199241117188 -14.00115564440571
  endloop
endfacet
facet normal 0.27234 0.9549 -0.118307
  outer loop
    vertex 1.925430200334271 6.910470142584893 -61.3240379630145
    vertex 2.850560056698276 6.439158608057042 -62.99854293665983
    vertex 0.9652301544424834 6.972907435279257 -63.03043983425918
  endloop
endfacet
facet normal -0.793914 0.605768 -0.0524074
  outer loop
    vertex -8.55290435972595 6.358794000373535 -17.05561918936821
    vertex -9.154699624208337 5.7218276653222 -15.30167127786399
    vertex -7.953594313888884 7.284746210020487 -15.43157985779746
  endloop
endfacet
facet normal -0.445721 0.888186 -0.111616
  outer loop
    vertex -2.955104862532434 8.11607786368541 -42.72685063170277
    vertex -4.72684656901285 7.235571852640795 -42.65830943950731
    vertex -3.879429358349223 7.868139472327154 -41.0086713268568
  endloop
endfacet
facet normal -0.277236 0.960059 -0.0377824
  outer loop
    vertex -0.9942330134277373 6.968739673827424 -63.03159092160731
    vertex -1.942226315063508 6.629314297338572 -64.70037423960557
    vertex -2.884936450759167 6.424256960625754 -62.99359945671687
  endloop
endfacet
facet normal -0.711576 0.70038 -0.0559336
  outer loop
    vertex -7.990577882018814 7.635432554507243 -12.04406731709043
    vertex -8.613369382420206 7.141430932488607 -10.30674951226839
    vertex -7.291730135309177 8.476479192809622 -10.40338904619934
  endloop
endfacet
facet normal 0.818645 0.571765 -0.0539031
  outer loop
    vertex 9.152210840009923 6.215717943112738 -11.90103720511534
    vertex 8.592463152799166 7.170385294452295 -10.27570497565306
    vertex 9.72118428568012 5.568401151231075 -10.12610438939243
  endloop
endfacet
facet normal 0.269063 0.961759 -0.0512301
  outer loop
    vertex 1.903237971897662 10.45947673139264 -17.39192148091191
    vertex 3.811418302463499 9.927567685235161 -17.35574748820305
    vertex 2.866641243616073 10.10119124024605 -19.05828063345263
  endloop
endfacet
facet normal 0.462723 0.88013 -0.106105
  outer loop
    vertex 4.704292468557747 9.093496813416902 -22.38497694711037
    vertex 5.538410659370923 8.456354723615339 -24.03243149430534
    vertex 3.803708620913925 9.359238074986115 -24.10811781112773
  endloop
endfacet
facet normal 0.914823 0.390443 -0.10321
  outer loop
    vertex 9.62370240183124 5.196076388109724 -13.50850291422251
    vertex 10.11895243446228 4.506045356057436 -11.72913802015905
    vertex 10.40749007124052 3.40712713753687 -13.32882970296509
  endloop
endfacet
facet normal -0.182211 0.977769 -0.103766
  outer loop
    vertex -2.031006053547461 10.97880151454227 -10.60863209338261
    vertex -1.047481541855631 10.98078345023647 -12.31699953709139
    vertex -2.969239559664032 10.62625954856276 -12.28304973135272
  endloop
endfacet
facet normal -0.451109 0.890939 -0.0522248
  outer loop
    vertex -4.819062833181683 9.332859764328125 -19.0135496394494
    vertex -5.66700271607318 9.004865838647952 -17.2846608386601
    vertex -3.919283183479034 9.885939196122509 -17.35033199923451
  endloop
endfacet
facet normal 0.706382 0.705806 -0.0535041
  outer loop
    vertex 7.197807745022645 8.556837995056231 -10.39890894976249
    vertex 8.592463152799166 7.170385294452295 -10.27570497565306
    vertex 7.904241663837029 7.725820904867341 -12.03476699338411
  endloop
endfacet
facet normal -0.787997 0.611139 -0.0746289
  outer loop
    vertex -9.772488685856382 6.44008491538799 -3.765046518470474
    vertex -8.69854636661522 7.955620207146874 -2.693899846515989
    vertex -8.645909277096511 7.782408981795625 -4.668120883818211
  endloop
endfacet
facet normal 0.515243 0.855451 -0.0522255
  outer loop
    vertex 6.391680715231922 8.677709164099312 -15.53232584030675
    vertex 5.568900674629604 9.067133540131032 -17.27090592419844
    vertex 4.701609160441655 9.690229963664981 -15.62109004177207
  endloop
endfacet
facet normal -0.842655 0.52784 -0.106381
  outer loop
    vertex -6.907635854118483 5.433957677234558 -40.80193066459432
    vertex -7.89581089439306 3.887912229146512 -40.64564013976621
    vertex -7.514037434808911 4.819987649361211 -39.04494983627897
  endloop
endfacet
facet normal 0.430137 0.901231 -0.0525814
  outer loop
    vertex 3.798253794536311 10.21845294608904 -13.95729371198086
    vertex 5.576002379071049 9.374163946126957 -13.88549175613345
    vertex 4.701609160441655 9.690229963664981 -15.62109004177207
  endloop
endfacet
facet normal -0.529043 0.840499 -0.116941
  outer loop
    vertex -4.528023963001489 5.403663086803267 -62.89564516833698
    vertex -3.767836698460478 6.111889537603035 -61.24444913881756
    vertex -2.884936450759167 6.424256960625754 -62.99359945671687
  endloop
endfacet
facet normal -0.603256 0.789977 -0.109635
  outer loop
    vertex -5.580896995575399 7.452334543368328 -34.17450367798915
    vertex -4.73568923773836 7.857138302890077 -35.90835863112771
    vertex -6.316775039768149 6.663670149909504 -35.80814493510492
  endloop
endfacet
facet normal -0.484343 0.868253 -0.107463
  outer loop
    vertex -4.797993631836373 8.741136163138584 -25.77619790238623
    vertex -3.893038726591389 9.032139384235062 -27.50372208540261
    vertex -5.62433033035301 8.076280474984708 -27.42358279273524
  endloop
endfacet
facet normal 0.185823 0.981277 -0.0506526
  outer loop
    vertex 0.9318162627566544 10.1879143146221 -22.48440591357521
    vertex 2.865930005996449 9.823086913875025 -22.45664292137212
    vertex 1.904676469108602 9.91695979443012 -24.16450868721996
  endloop
endfacet
facet normal 0.836988 0.536963 -0.105462
  outer loop
    vertex 7.455089590687061 4.913472227899875 -39.02535894159487
    vertex 7.848211772411777 3.98817753233496 -40.61655555677451
    vertex 6.857818415761777 5.498754672354979 -40.7855610369909
  endloop
endfacet
facet normal -0.0939562 0.994025 -0.0555483
  outer loop
    vertex -1.069631705709799 11.51719780398577 -5.504824965637795
    vertex -2.049812622430771 11.51942932309344 -3.806983340832688
    vertex -0.1261974693880357 11.70504104079176 -3.739165186663671
  endloop
endfacet
facet normal 0.00550646 0.991618 -0.129087
  outer loop
    vertex -0.9904244623638103 5.889699372352936 -76.58798609608858
    vertex -0.0009000690890389126 6.10722761128106 -74.8747715919972
    vertex 1.060225556494629 5.876297912751643 -76.60345869147267
  endloop
endfacet
facet normal 0.653602 0.749086 -0.108048
  outer loop
    vertex 7.001697455902939 6.547234996530397 -30.67366806584347
    vertex 5.504502832931339 7.836716003173931 -30.79062335537026
    vertex 6.307589804692141 7.387509314657411 -29.04691573025171
  endloop
endfacet
facet normal 0.70582 0.700811 -0.103354
  outer loop
    vertex 7.943990689185934 8.063747173122861 -8.646613691847685
    vertex 8.592463152799166 7.170385294452295 -10.27570497565306
    vertex 7.197807745022645 8.556837995056231 -10.39890894976249
  endloop
endfacet
facet normal -0.170518 0.976955 -0.128384
  outer loop
    vertex -1.973848062096881 5.495152495572398 -78.2841719824133
    vertex -0.9904244623638103 5.889699372352936 -76.58798609608858
    vertex 3.574596258902561e-16 5.837758709517444 -78.29869947057736
  endloop
endfacet
facet normal 0.379835 0.918874 -0.106753
  outer loop
    vertex 2.873203378027792 9.544494568599584 -25.82432986497948
    vertex 3.803708620913925 9.359238074986115 -24.10811781112773
    vertex 4.690853793099101 8.800322365253042 -25.76245009898719
  endloop
endfacet
facet normal -0.171532 0.980058 -0.100315
  outer loop
    vertex -1.069631705709799 11.51719780398577 -5.504824965637795
    vertex -2.899933484855108 11.1991961841951 -5.481949092094338
    vertex -2.049812622430771 11.51942932309344 -3.806983340832688
  endloop
endfacet
facet normal -0.160733 0.979121 -0.124446
  outer loop
    vertex -1.949880232060492 5.788169299194581 -74.86779504097193
    vertex -0.9847957109566953 6.16460423760722 -73.15255253141061
    vertex -0.0009000690890389126 6.10722761128106 -74.8747715919972
  endloop
endfacet
facet normal -0.261216 0.963779 -0.0538116
  outer loop
    vertex -2.995196711622708 10.89603570536177 -8.891646120456748
    vertex -3.933751691951857 10.73768349611871 -7.171769799328594
    vertex -2.03597954654761 11.25013565121942 -7.205931832713493
  endloop
endfacet
facet normal 0.525487 0.842607 -0.117797
  outer loop
    vertex 4.510357530275345 5.418409824732732 -62.89572238375917
    vertex 2.850560056698276 6.439158608057042 -62.99854293665983
    vertex 3.729234600991285 6.133816660645874 -61.26293490703267
  endloop
endfacet
facet normal -0.967893 0.245104 -0.0557364
  outer loop
    vertex -11.34980690040765 3.896393630456188 0
    vertex -11.43894019642319 3.165452809453815 -1.666502262832586
    vertex -11.8363356408327 1.975135083368808 0
  endloop
endfacet
facet normal -0.161584 0.986343 -0.0319087
  outer loop
    vertex -0.9904244623638103 5.889699372352936 -76.58798609608858
    vertex -1.949880232060492 5.788169299194581 -74.86779504097193
    vertex -0.0009000690890389126 6.10722761128106 -74.8747715919972
  endloop
endfacet
facet normal 0.540533 0.839769 -0.0510993
  outer loop
    vertex 6.353668240798009 8.037369312792535 -22.29419246986883
    vertex 5.538410659370923 8.456354723615339 -24.03243149430534
    vertex 4.704292468557747 9.093496813416902 -22.38497694711037
  endloop
endfacet
facet normal -0.756133 0.652366 -0.0517895
  outer loop
    vertex -7.84839076216087 6.598408285840174 -22.19016768626227
    vertex -8.483930843726451 6.001394023530521 -20.43148625565944
    vertex -7.199471905717721 7.479695533666308 -20.56334083997442
  endloop
endfacet
facet normal 0.00633142 0.999624 -0.026685
  outer loop
    vertex -0.9904244623638103 5.889699372352936 -76.58798609608858
    vertex 1.060225556494629 5.876297912751643 -76.60345869147267
    vertex 3.574596258902561e-16 5.837758709517444 -78.29869947057736
  endloop
endfacet
facet normal 0.462837 0.884987 -0.0507936
  outer loop
    vertex 3.803708620913925 9.359238074986115 -24.10811781112773
    vertex 5.538410659370923 8.456354723615339 -24.03243149430534
    vertex 4.690853793099101 8.800322365253042 -25.76245009898719
  endloop
endfacet
facet normal -0.864779 0.499436 -0.0521695
  outer loop
    vertex -8.483930843726451 6.001394023530521 -20.43148625565944
    vertex -8.967024069200733 4.996476250662403 -22.04398372200632
    vertex -9.467984338876525 4.314125534898185 -20.272269520515
  endloop
endfacet
facet normal -0.171149 0.984846 -0.0280319
  outer loop
    vertex -0.9904654944533576 5.617208951651979 -80
    vertex -1.973848062096881 5.495152495572398 -78.2841719824133
    vertex 3.574596258902561e-16 5.837758709517444 -78.29869947057736
  endloop
endfacet
facet normal 0.430093 0.896742 -0.104282
  outer loop
    vertex 4.707667854668056 9.983252685562908 -12.22910930502566
    vertex 5.576002379071049 9.374163946126957 -13.88549175613345
    vertex 3.798253794536311 10.21845294608904 -13.95729371198086
  endloop
endfacet
facet normal 0.771184 0.628163 -0.103374
  outer loop
    vertex 7.904241663837029 7.725820904867341 -12.03476699338411
    vertex 8.592463152799166 7.170385294452295 -10.27570497565306
    vertex 9.152210840009923 6.215717943112738 -11.90103720511534
  endloop
endfacet
facet normal 0.501218 0.864883 -0.0275304
  outer loop
    vertex 2.851931727015123 4.939690650907848 -80
    vertex 2.012020121263086 5.480908725756349 -78.28873295563069
    vertex 3.752438966817508 4.471982619695273 -78.29869947057708
  endloop
endfacet
facet normal -0.00118479 0.992306 -0.123805
  outer loop
    vertex -0.9847957109566953 6.16460423760722 -73.15255253141061
    vertex -0.009904243311168943 6.374308159034832 -71.48109454628663
    vertex 0.974540567843279 6.164979197662319 -73.16829768263865
  endloop
endfacet
facet normal -0.637481 0.75972 -0.12823
  outer loop
    vertex -4.369412903269299 3.666372755594502 -80
    vertex -3.720545759728309 4.499409727648884 -78.29029637864087
    vertex -2.851931727015129 4.939690650907845 -80
  endloop
endfacet
facet normal -0.431645 0.900479 -0.0531039
  outer loop
    vertex -3.930149787342863 10.45381674719628 -10.56920842698967
    vertex -4.81763426924047 9.930218088942357 -12.23408224187095
    vertex -5.707165911167429 9.605948247665044 -10.50231376809201
  endloop
endfacet
facet normal -0.835913 0.546129 -0.0547045
  outer loop
    vertex -9.469686112756762 7.370552552276013 0
    vertex -9.933080958849121 6.489605682968763 -1.713809338896473
    vertex -10.55368501447791 5.711368716444871 0
  endloop
endfacet
facet normal -0.781467 0.620136 -0.0688513
  outer loop
    vertex -8.462007650746891 7.755127924014649 -6.63092379982071
    vertex -9.326592229652142 6.554896771321096 -7.628184403925478
    vertex -9.599370223384536 6.424293493727894 -5.708465974788437
  endloop
endfacet
facet normal 0.835924 0.546137 -0.0544564
  outer loop
    vertex 10.5536850144779 5.711368716444897 0
    vertex 9.857346081275841 6.611654109682061 -1.660187467210253
    vertex 9.469686112756747 7.370552552276032 0
  endloop
endfacet
facet normal 0.929017 0.356779 -0.0981663
  outer loop
    vertex 10.23249114572498 4.894193344391856 -8.351698616505447
    vertex 10.6899578398192 4.192867237795818 -6.571295853494516
    vertex 10.87829428667818 3.257743846702729 -8.187581702958422
  endloop
endfacet
facet normal -0.000460951 0.999437 -0.0335601
  outer loop
    vertex -0.9847957109566953 6.16460423760722 -73.15255253141061
    vertex 0.974540567843279 6.164979197662319 -73.16829768263865
    vertex -0.0009000690890389126 6.10722761128106 -74.8747715919972
  endloop
endfacet
facet normal -0.819817 0.562882 -0.10518
  outer loop
    vertex -7.84839076216087 6.598408285840174 -22.19016768626227
    vertex -8.967024069200733 4.996476250662403 -22.04398372200632
    vertex -8.483930843726451 6.001394023530521 -20.43148625565944
  endloop
endfacet
facet normal 0.894116 0.444489 -0.0546488
  outer loop
    vertex 9.809165615871057 5.943537153414043 -6.742893992318468
    vertex 10.6899578398192 4.192867237795818 -6.571295853494516
    vertex 10.23249114572498 4.894193344391856 -8.351698616505447
  endloop
endfacet
facet normal 0.840515 0.538642 -0.0582983
  outer loop
    vertex 8.475017195084719 6.464237591520425 -17.04021077425305
    vertex 9.443256615151848 4.971017288131269 -16.8770995974723
    vertex 8.996279848401576 5.476335795966792 -18.65253913215743
  endloop
endfacet
facet normal 0.637454 0.759688 -0.12856
  outer loop
    vertex 2.851931727015123 4.939690650907848 -80
    vertex 3.752438966817508 4.471982619695273 -78.29869947057708
    vertex 4.36941290326929 3.666372755594512 -80
  endloop
endfacet
facet normal -0.293088 0.954761 -0.0503068
  outer loop
    vertex -2.94734834171946 9.519375322162659 -25.85448483874093
    vertex -3.893069380568961 9.318909922003717 -24.14929258654617
    vertex -2.010223658713994 9.896076370786904 -24.16485931636441
  endloop
endfacet
facet normal -0.156281 0.979946 -0.123624
  outer loop
    vertex -1.970661309593216 6.062880656832767 -71.47100361562168
    vertex -0.9857752224822668 6.432814652170222 -69.78365455637903
    vertex -0.009904243311168943 6.374308159034832 -71.48109454628663
  endloop
endfacet
facet normal 0 0.991702 -0.12856
  outer loop
    vertex -0.9904654944533576 5.617208951651979 -80
    vertex 3.574596258902561e-16 5.837758709517444 -78.29869947057736
    vertex 0.9904654944533571 5.617208951651979 -80
  endloop
endfacet
facet normal 0.894939 0.434454 -0.101654
  outer loop
    vertex 8.996279848401576 5.476335795966792 -18.65253913215743
    vertex 9.443256615151848 4.971017288131269 -16.8770995974723
    vertex 9.864805497842074 3.727695446038358 -18.47965024645421
  endloop
endfacet
facet normal 0.903927 0.415168 -0.102724
  outer loop
    vertex 10.23249114572498 4.894193344391856 -8.351698616505447
    vertex 10.55444740832272 3.797738116810452 -9.950042424170457
    vertex 9.72118428568012 5.568401151231075 -10.12610438939243
  endloop
endfacet
facet normal 0.857915 0.503439 -0.102625
  outer loop
    vertex 9.809165615871057 5.943537153414043 -6.742893992318468
    vertex 10.23249114572498 4.894193344391856 -8.351698616505447
    vertex 9.226089971981294 6.576405745669765 -8.512625205479567
  endloop
endfacet
facet normal -0.391121 0.912983 -0.116133
  outer loop
    vertex -3.798845751204876 6.402852506393302 -57.87699787295818
    vertex -2.899080575299184 6.997935133198697 -56.22903267199372
    vertex -1.995403221720526 7.167475183211565 -57.93966638455791
  endloop
endfacet
facet normal -0.267087 0.962218 -0.0529332
  outer loop
    vertex -2.031006053547461 10.97880151454227 -10.60863209338261
    vertex -2.969239559664032 10.62625954856276 -12.28304973135272
    vertex -3.930149787342863 10.45381674719628 -10.56920842698967
  endloop
endfacet
facet normal 0.410654 0.910195 -0.0539309
  outer loop
    vertex 4.711855637189639 10.27529901665378 -8.841867605588341
    vertex 3.797821496389374 10.78696479285509 -7.166320825576418
    vertex 5.592984677938885 9.980942185365365 -7.100434285438908
  endloop
endfacet
facet normal -0.00130583 0.992561 -0.121742
  outer loop
    vertex -0.9857752224822668 6.432814652170222 -69.78365455637903
    vertex -0.01071681591942263 6.640047824135713 -68.10453983573802
    vertex 0.969805464636957 6.434972038498853 -69.78704146223519
  endloop
endfacet
facet normal -0.656391 0.747289 -0.103486
  outer loop
    vertex -6.510643023579388 8.920287646604516 -12.1528451040013
    vertex -7.990577882018814 7.635432554507243 -12.04406731709043
    vertex -7.291730135309177 8.476479192809622 -10.40338904619934
  endloop
endfacet
facet normal -0.581819 0.81153 -0.0538953
  outer loop
    vertex -5.707165911167429 9.605948247665044 -10.50231376809201
    vertex -6.510643023579388 8.920287646604516 -12.1528451040013
    vertex -7.291730135309177 8.476479192809622 -10.40338904619934
  endloop
endfacet
facet normal -0.156944 0.987079 -0.0323016
  outer loop
    vertex -0.9847957109566953 6.16460423760722 -73.15255253141061
    vertex -1.970661309593216 6.062880656832767 -71.47100361562168
    vertex -0.009904243311168943 6.374308159034832 -71.48109454628663
  endloop
endfacet
facet normal -0.727812 0.677892 -0.103693
  outer loop
    vertex -7.272753146936136 8.137788070686984 -13.79827647934633
    vertex -8.619027530614508 6.711303797597684 -13.67451768745752
    vertex -7.990577882018814 7.635432554507243 -12.04406731709043
  endloop
endfacet
facet normal -0.947848 0.300224 -0.107001
  outer loop
    vertex -10.1719593915285 4.38082723201233 -11.75049733432429
    vertex -10.84102880918713 2.311618279809744 -11.62946727999017
    vertex -10.59920179847282 3.665426287729992 -9.973122402177532
  endloop
endfacet
facet normal -0.410989 0.910798 -0.0391772
  outer loop
    vertex -3.707323997056164 5.836217776675403 -64.62165018959055
    vertex -1.942226315063508 6.629314297338572 -64.70037423960557
    vertex -2.870858663463525 6.13851328440006 -66.36877677235015
  endloop
endfacet
facet normal -0.755306 0.646893 -0.105084
  outer loop
    vertex -7.199471905717721 7.479695533666308 -20.56334083997442
    vertex -8.483930843726451 6.001394023530521 -20.43148625565944
    vertex -7.902692978948071 6.9430285104548 -18.81255014414593
  endloop
endfacet
facet normal 0.613293 0.787959 -0.0547045
  outer loop
    vertex 8.127378859508912 8.828686928077603 0
    vertex 7.287707713480094 9.363247061695755 -1.713809338896476
    vertex 6.563377897469135 10.04599773915037 0
  endloop
endfacet
facet normal 0.859165 0.508815 -0.0542433
  outer loop
    vertex 10.23249114572498 4.894193344391856 -8.351698616505447
    vertex 9.72118428568012 5.568401151231075 -10.12610438939243
    vertex 9.226089971981294 6.576405745669765 -8.512625205479567
  endloop
endfacet
facet normal -0.656884 0.752097 -0.0534189
  outer loop
    vertex -6.510643023579388 8.920287646604516 -12.1528451040013
    vertex -7.272753146936136 8.137788070686984 -13.79827647934633
    vertex -7.990577882018814 7.635432554507243 -12.04406731709043
  endloop
endfacet
facet normal -0.839325 0.533313 -0.105407
  outer loop
    vertex -8.619027530614508 6.711303797597684 -13.67451768745752
    vertex -9.727359369155327 4.995985926761763 -13.52794203006368
    vertex -9.231218069246232 6.096207603149187 -11.91193604037382
  endloop
endfacet
facet normal 0.905553 0.420764 -0.0541477
  outer loop
    vertex 10.55444740832272 3.797738116810452 -9.950042424170457
    vertex 10.11895243446228 4.506045356057436 -11.72913802015905
    vertex 9.72118428568012 5.568401151231075 -10.12610438939243
  endloop
endfacet
facet normal 0.862921 0.495947 -0.0969797
  outer loop
    vertex 8.34445725404891 5.739340036080988 -23.79002558997877
    vertex 8.910121051024863 5.100306337119844 -22.02474573735824
    vertex 9.15440446820295 4.362447916939113 -23.62447323667352
  endloop
endfacet
facet normal 0.719188 0.687016 -0.103814
  outer loop
    vertex 7.904241663837029 7.725820904867341 -12.03476699338411
    vertex 8.533825512943977 6.821031726567894 -13.66089913445577
    vertex 7.170150289983283 8.229510297657187 -13.78700631710533
  endloop
endfacet
facet normal 0.308872 0.950536 -0.0328579
  outer loop
    vertex 0.974540567843279 6.164979197662319 -73.16829768263865
    vertex 2.847367523840985 5.557830827681924 -73.12730060944756
    vertex 1.939044637479302 5.793543352561242 -74.84688851211325
  endloop
endfacet
facet normal 0.324227 0.944441 -0.0539322
  outer loop
    vertex 4.82034509583564 10.98927991986072 0
    vertex 3.841819446432008 11.23043224474286 -1.659682600851262
    vertex 2.945825845689588 11.632803191272 0
  endloop
endfacet
facet normal 0.758728 0.649167 -0.0539729
  outer loop
    vertex 9.226089971981294 6.576405745669765 -8.512625205479567
    vertex 8.592463152799166 7.170385294452295 -10.27570497565306
    vertex 7.943990689185934 8.063747173122861 -8.646613691847685
  endloop
endfacet
facet normal 0.814344 0.578077 -0.0516826
  outer loop
    vertex 7.772363943438732 6.689705833782667 -22.17432185554494
    vertex 8.910121051024863 5.100306337119844 -22.02474573735824
    vertex 8.34445725404891 5.739340036080988 -23.79002558997877
  endloop
endfacet
facet normal -0.148876 0.988218 -0.0355121
  outer loop
    vertex -0.9857752224822668 6.432814652170222 -69.78365455637903
    vertex -1.950980543817895 6.348346200674238 -68.08782205894512
    vertex -0.01071681591942263 6.640047824135713 -68.10453983573802
  endloop
endfacet
facet normal 0.64781 0.754719 -0.103646
  outer loop
    vertex 7.197807745022645 8.556837995056231 -10.39890894976249
    vertex 7.904241663837029 7.725820904867341 -12.03476699338411
    vertex 6.407205057847763 8.995566291938722 -12.14566278707958
  endloop
endfacet
facet normal -0.00116333 0.999383 -0.035115
  outer loop
    vertex -0.9857752224822668 6.432814652170222 -69.78365455637903
    vertex 0.969805464636957 6.434972038498853 -69.78704146223519
    vertex -0.009904243311168943 6.374308159034832 -71.48109454628663
  endloop
endfacet
facet normal 0.648212 0.759598 -0.0532151
  outer loop
    vertex 7.904241663837029 7.725820904867341 -12.03476699338411
    vertex 7.170150289983283 8.229510297657187 -13.78700631710533
    vertex 6.407205057847763 8.995566291938722 -12.14566278707958
  endloop
endfacet
facet normal -0.549252 0.828886 -0.106163
  outer loop
    vertex -5.661425666873734 8.692545821434253 -20.6650550759673
    vertex -4.795318976575625 9.045026611811045 -22.39395094040226
    vertex -6.445191334703275 7.962772277465933 -22.30794182760261
  endloop
endfacet
facet normal -0.613293 0.787959 -0.0547045
  outer loop
    vertex -6.563377897469159 10.04599773915035 0
    vertex -7.287707713480118 9.363247061695738 -1.713809338896475
    vertex -8.127378859508932 8.828686928077586 0
  endloop
endfacet
facet normal -0.806043 0.582542 -0.10459
  outer loop
    vertex -7.902692978948071 6.9430285104548 -18.81255014414593
    vertex -9.060851150671198 5.366191496380217 -18.66959326465935
    vertex -8.55290435972595 6.358794000373535 -17.05561918936821
  endloop
endfacet
facet normal 0.503552 0.857702 -0.103838
  outer loop
    vertex 5.584791361837239 9.678372334487186 -10.49389825804599
    vertex 6.407205057847763 8.995566291938722 -12.14566278707958
    vertex 4.707667854668056 9.983252685562908 -12.22910930502566
  endloop
endfacet
facet normal 0.757978 0.644113 -0.102896
  outer loop
    vertex 8.643073957285848 7.522035595479417 -6.887881373055692
    vertex 9.226089971981294 6.576405745669765 -8.512625205479567
    vertex 7.943990689185934 8.063747173122861 -8.646613691847685
  endloop
endfacet
facet normal -0.728527 0.682963 -0.0530123
  outer loop
    vertex -7.272753146936136 8.137788070686984 -13.79827647934633
    vertex -7.953594313888884 7.284746210020487 -15.43157985779746
    vertex -8.619027530614508 6.711303797597684 -13.67451768745752
  endloop
endfacet
facet normal -0.324203 0.944371 -0.0552843
  outer loop
    vertex -2.945825845689615 11.63280319127199 0
    vertex -3.891147637275262 11.20562670339115 -1.753426394321785
    vertex -4.820345095835665 10.98927991986071 0
  endloop
endfacet
facet normal -0.148597 0.981458 -0.121074
  outer loop
    vertex -1.950980543817895 6.348346200674238 -68.08782205894512
    vertex -0.9925541318377921 6.700062904824971 -66.41300815700539
    vertex -0.01071681591942263 6.640047824135713 -68.10453983573802
  endloop
endfacet
facet normal -0.741852 0.668526 -0.0522415
  outer loop
    vertex -7.230736639782512 7.816197172744906 -17.18082541686403
    vertex -7.902692978948071 6.9430285104548 -18.81255014414593
    vertex -8.55290435972595 6.358794000373535 -17.05561918936821
  endloop
endfacet
facet normal -0.741023 0.663266 -0.104708
  outer loop
    vertex -7.230736639782512 7.816197172744906 -17.18082541686403
    vertex -8.55290435972595 6.358794000373535 -17.05561918936821
    vertex -7.953594313888884 7.284746210020487 -15.43157985779746
  endloop
endfacet
facet normal 0.784929 0.6108 -0.103973
  outer loop
    vertex 8.533825512943977 6.821031726567894 -13.66089913445577
    vertex 9.076944576213036 5.847976042155302 -15.27701042453627
    vertex 7.862868448532114 7.384089992136845 -15.41844759308462
  endloop
endfacet
facet normal 0.0818149 0.995237 -0.053005
  outer loop
    vertex 1.895593195070494 11.00330034963196 -10.60474926595114
    vertex 0.9169001527453124 10.99278211633416 -12.3128862792058
    vertex -0.06867933305486598 11.16393755269574 -10.62049641771303
  endloop
endfacet
facet normal -8.94946e-16 0.998503 -0.0547045
  outer loop
    vertex 0.9909521456679778 11.95901391608007 0
    vertex -1.508098659096156e-14 11.8651202798569 -1.71380933889648
    vertex -0.9909521456680057 11.95901391608007 0
  endloop
endfacet
facet normal 0.930544 0.361177 -0.0603249
  outer loop
    vertex 10.23249114572498 4.894193344391856 -8.351698616505447
    vertex 10.87829428667818 3.257743846702729 -8.187581702958422
    vertex 10.55444740832272 3.797738116810452 -9.950042424170457
  endloop
endfacet
facet normal -0.581607 0.806954 -0.102752
  outer loop
    vertex -5.707165911167429 9.605948247665044 -10.50231376809201
    vertex -7.291730135309177 8.476479192809622 -10.40338904619934
    vertex -6.500502889675692 9.255744386371946 -8.762089925229827
  endloop
endfacet
facet normal -0.431481 0.896148 -0.103649
  outer loop
    vertex -3.930149787342863 10.45381674719628 -10.56920842698967
    vertex -5.707165911167429 9.605948247665044 -10.50231376809201
    vertex -4.843188485946621 10.21425143788871 -8.839589368290008
  endloop
endfacet
facet normal 0.719799 0.692153 -0.0530465
  outer loop
    vertex 8.533825512943977 6.821031726567894 -13.66089913445577
    vertex 7.862868448532114 7.384089992136845 -15.41844759308462
    vertex 7.170150289983283 8.229510297657187 -13.78700631710533
  endloop
endfacet
facet normal -0.900444 0.422158 -0.104806
  outer loop
    vertex -9.060851150671198 5.366191496380217 -18.66959326465935
    vertex -9.916728717580344 3.580128156660856 -18.51054377720563
    vertex -9.580930512810216 4.69583824773138 -16.90149922000865
  endloop
endfacet
facet normal 0.839786 0.533593 -0.100191
  outer loop
    vertex 9.076944576213036 5.847976042155302 -15.27701042453627
    vertex 9.443256615151848 4.971017288131269 -16.8770995974723
    vertex 8.475017195084719 6.464237591520425 -17.04021077425305
  endloop
endfacet
facet normal 0.878948 0.466351 -0.0998344
  outer loop
    vertex 9.62370240183124 5.196076388109724 -13.50850291422251
    vertex 9.923209316610453 4.304881091143555 -15.0346145294428
    vertex 9.076944576213036 5.847976042155302 -15.27701042453627
  endloop
endfacet
facet normal -0.87765 0.476166 -0.0547335
  outer loop
    vertex -9.727359369155327 4.995985926761763 -13.52794203006368
    vertex -10.1719593915285 4.38082723201233 -11.75049733432429
    vertex -9.231218069246232 6.096207603149187 -11.91193604037382
  endloop
endfacet
facet normal -0.779702 0.623896 -0.0530873
  outer loop
    vertex -8.619027530614508 6.711303797597684 -13.67451768745752
    vertex -9.231218069246232 6.096207603149187 -11.91193604037382
    vertex -7.990577882018814 7.635432554507243 -12.04406731709043
  endloop
endfacet
facet normal 0.778343 0.625804 -0.050502
  outer loop
    vertex 7.041619155835708 6.889495952792871 -27.30089144608595
    vertex 8.271616730769541 5.371029213304205 -27.16035526137661
    vertex 7.665829181750762 5.982445998461389 -28.92035350167963
  endloop
endfacet
facet normal 0.35142 0.93036 -0.104568
  outer loop
    vertex 3.798253794536311 10.21845294608904 -13.95729371198086
    vertex 4.701609160441655 9.690229963664981 -15.62109004177207
    vertex 2.861545315710091 10.37883977053828 -15.67827609347999
  endloop
endfacet
facet normal -0.54963 0.833862 -0.050801
  outer loop
    vertex -6.445191334703275 7.962772277465933 -22.30794182760261
    vertex -4.795318976575625 9.045026611811045 -22.39395094040226
    vertex -5.643435016643179 8.385372395486103 -24.04569247572562
  endloop
endfacet
facet normal -0.537641 0.841883 -0.0466414
  outer loop
    vertex -3.879429358349223 7.868139472327154 -41.0086713268568
    vertex -4.72684656901285 7.235571852640795 -42.65830943950731
    vertex -5.52971774768086 6.819015289832956 -40.92241089427731
  endloop
endfacet
facet normal -0.267002 0.958094 -0.103754
  outer loop
    vertex -2.031006053547461 10.97880151454227 -10.60863209338261
    vertex -3.930149787342863 10.45381674719628 -10.56920842698967
    vertex -2.995196711622708 10.89603570536177 -8.891646120456748
  endloop
endfacet
facet normal 0.931389 0.350001 -0.100071
  outer loop
    vertex 9.864805497842074 3.727695446038358 -18.47965024645421
    vertex 10.0210619941795 2.837608604294417 -20.13843105645749
    vertex 9.390404878446397 4.485606262761226 -20.24420845785877
  endloop
endfacet
facet normal 0.785811 0.6162 -0.0528929
  outer loop
    vertex 9.076944576213036 5.847976042155302 -15.27701042453627
    vertex 8.475017195084719 6.464237591520425 -17.04021077425305
    vertex 7.862868448532114 7.384089992136845 -15.41844759308462
  endloop
endfacet
facet normal 0.886162 0.460467 -0.0518433
  outer loop
    vertex 8.597526819640557 4.55142605942645 -28.86917466852399
    vertex 8.271616730769541 5.371029213304205 -27.16035526137661
    vertex 9.178883690619177 3.644149839355341 -26.99032182435637
  endloop
endfacet
facet normal 0.572175 0.81839 -0.0534202
  outer loop
    vertex 5.584791361837239 9.678372334487186 -10.49389825804599
    vertex 7.197807745022645 8.556837995056231 -10.39890894976249
    vertex 6.407205057847763 8.995566291938722 -12.14566278707958
  endloop
endfacet
facet normal -0.669843 0.740696 -0.0517696
  outer loop
    vertex -6.470285241268589 8.618796588870927 -15.5370257722997
    vertex -7.230736639782512 7.816197172744906 -17.18082541686403
    vertex -7.953594313888884 7.284746210020487 -15.43157985779746
  endloop
endfacet
facet normal -0.697763 0.708518 -0.105491
  outer loop
    vertex -6.445191334703275 7.962772277465933 -22.30794182760261
    vertex -7.84839076216087 6.598408285840174 -22.19016768626227
    vertex -7.199471905717721 7.479695533666308 -20.56334083997442
  endloop
endfacet
facet normal 0.79896 0.592223 -0.104563
  outer loop
    vertex 8.475017195084719 6.464237591520425 -17.04021077425305
    vertex 8.996279848401576 5.476335795966792 -18.65253913215743
    vertex 7.819235229248413 7.038617222467579 -18.7978324700532
  endloop
endfacet
facet normal -0.645872 0.762438 -0.0392081
  outer loop
    vertex -4.454511920075921 5.119742460439586 -66.24580450602635
    vertex -5.172052113439255 4.600631783844088 -64.52040799187969
    vertex -3.707323997056164 5.836217776675403 -64.62165018959055
  endloop
endfacet
facet normal 0.879137 0.473028 -0.0579888
  outer loop
    vertex 9.923209316610453 4.304881091143555 -15.0346145294428
    vertex 9.443256615151848 4.971017288131269 -16.8770995974723
    vertex 9.076944576213036 5.847976042155302 -15.27701042453627
  endloop
endfacet
facet normal -0.851586 0.521555 -0.0527495
  outer loop
    vertex -9.060851150671198 5.366191496380217 -18.66959326465935
    vertex -9.580930512810216 4.69583824773138 -16.90149922000865
    vertex -8.55290435972595 6.358794000373535 -17.05561918936821
  endloop
endfacet
facet normal -0.28704 0.957213 -0.036757
  outer loop
    vertex -1.950980543817895 6.348346200674238 -68.08782205894512
    vertex -2.870858663463525 6.13851328440006 -66.36877677235015
    vertex -0.9925541318377921 6.700062904824971 -66.41300815700539
  endloop
endfacet
facet normal 0.145516 0.988711 -0.0357079
  outer loop
    vertex -0.01071681591942263 6.640047824135713 -68.10453983573802
    vertex 1.929437834545493 6.355242150601181 -68.08398755511941
    vertex 0.969805464636957 6.434972038498853 -69.78704146223519
  endloop
endfacet
facet normal 0.856002 0.50654 -0.103333
  outer loop
    vertex 8.996279848401576 5.476335795966792 -18.65253913215743
    vertex 9.390404878446397 4.485606262761226 -20.24420845785877
    vertex 8.412210490238412 6.10356264811942 -20.41623435524365
  endloop
endfacet
facet normal -0.543722 0.831139 -0.116509
  outer loop
    vertex -4.454511920075921 5.119742460439586 -66.24580450602635
    vertex -3.707323997056164 5.836217776675403 -64.62165018959055
    vertex -2.870858663463525 6.13851328440006 -66.36877677235015
  endloop
endfacet
facet normal -0.00175092 0.992753 -0.120157
  outer loop
    vertex -0.9925541318377921 6.700062904824971 -66.41300815700539
    vertex -0.01355342449146719 6.905874826539863 -64.72682841420146
    vertex 0.9685296882307868 6.703685642000944 -66.41165343494046
  endloop
endfacet
facet normal 0.916621 0.396414 -0.0516005
  outer loop
    vertex 9.62370240183124 5.196076388109724 -13.50850291422251
    vertex 10.40749007124052 3.40712713753687 -13.32882970296509
    vertex 9.923209316610453 4.304881091143555 -15.0346145294428
  endloop
endfacet
facet normal -0.902387 0.427826 -0.0516072
  outer loop
    vertex -9.060851150671198 5.366191496380217 -18.66959326465935
    vertex -9.467984338876525 4.314125534898185 -20.272269520515
    vertex -9.916728717580344 3.580128156660856 -18.51054377720563
  endloop
endfacet
facet normal -0.930299 0.362332 -0.0570928
  outer loop
    vertex -9.916728717580344 3.580128156660856 -18.51054377720563
    vertex -10.25872114002017 2.983462923533061 -16.72460360037407
    vertex -9.580930512810216 4.69583824773138 -16.90149922000865
  endloop
endfacet
facet normal -0.698408 0.713854 -0.0513659
  outer loop
    vertex -6.445191334703275 7.962772277465933 -22.30794182760261
    vertex -7.15890320450502 7.146991799353389 -23.9410452633756
    vertex -7.84839076216087 6.598408285840174 -22.19016768626227
  endloop
endfacet
facet normal 0.831621 0.552775 -0.0533452
  outer loop
    vertex 8.533825512943977 6.821031726567894 -13.66089913445577
    vertex 9.62370240183124 5.196076388109724 -13.50850291422251
    vertex 9.076944576213036 5.847976042155302 -15.27701042453627
  endloop
endfacet
facet normal 0.892563 0.438944 -0.103241
  outer loop
    vertex 10.4031135077495 5.148672033924428 -4.987438159803042
    vertex 10.6899578398192 4.192867237795818 -6.571295853494516
    vertex 9.809165615871057 5.943537153414043 -6.742893992318468
  endloop
endfacet
facet normal 0.295276 0.947588 -0.122019
  outer loop
    vertex 1.929437834545493 6.355242150601181 -68.08398755511941
    vertex 2.847366925250384 5.855364032346689 -69.74468432383192
    vertex 0.969805464636957 6.434972038498853 -69.78704146223519
  endloop
endfacet
facet normal 0.138965 0.989577 -0.0377529
  outer loop
    vertex -0.01355342449146719 6.905874826539863 -64.72682841420146
    vertex 1.923206678620598 6.634952843621101 -64.69920436843753
    vertex 0.9685296882307868 6.703685642000944 -66.41165343494046
  endloop
endfacet
facet normal 0.805519 0.59007 -0.0543822
  outer loop
    vertex 8.643073957285848 7.522035595479417 -6.887881373055692
    vertex 9.809165615871057 5.943537153414043 -6.742893992318468
    vertex 9.226089971981294 6.576405745669765 -8.512625205479567
  endloop
endfacet
facet normal 0.762307 0.638531 -0.105667
  outer loop
    vertex 7.772363943438732 6.689705833782667 -22.17432185554494
    vertex 8.34445725404891 5.739340036080988 -23.79002558997877
    vertex 7.077968985408445 7.228772927316657 -23.92633989902592
  endloop
endfacet
facet normal 0.85704 0.512383 -0.0542874
  outer loop
    vertex 9.390404878446397 4.485606262761226 -20.24420845785877
    vertex 8.910121051024863 5.100306337119844 -22.02474573735824
    vertex 8.412210490238412 6.10356264811942 -20.41623435524365
  endloop
endfacet
facet normal 0.5037 0.862251 -0.0530114
  outer loop
    vertex 6.407205057847763 8.995566291938722 -12.14566278707958
    vertex 5.576002379071049 9.374163946126957 -13.88549175613345
    vertex 4.707667854668056 9.983252685562908 -12.22910930502566
  endloop
endfacet
facet normal 0.835474 0.540384 -0.0998412
  outer loop
    vertex 7.665829181750762 5.982445998461389 -28.92035350167963
    vertex 8.271616730769541 5.371029213304205 -27.16035526137661
    vertex 8.597526819640557 4.55142605942645 -28.86917466852399
  endloop
endfacet
facet normal -0.380283 0.918782 -0.105949
  outer loop
    vertex -2.982120934491467 9.788839643602257 -22.45177819406084
    vertex -4.795318976575625 9.045026611811045 -22.39395094040226
    vertex -3.922472613611926 9.597244440684747 -20.73807748994807
  endloop
endfacet
facet normal -0.462617 0.885072 -0.0513074
  outer loop
    vertex -3.922472613611926 9.597244440684747 -20.73807748994807
    vertex -4.795318976575625 9.045026611811045 -22.39395094040226
    vertex -5.661425666873734 8.692545821434253 -20.6650550759673
  endloop
endfacet
facet normal -0.763478 0.637922 -0.100781
  outer loop
    vertex -7.15890320450502 7.146991799353389 -23.9410452633756
    vertex -8.298300901822882 5.797079600593319 -23.85406455095776
    vertex -7.84839076216087 6.598408285840174 -22.19016768626227
  endloop
endfacet
facet normal -0.00507266 0.994501 -0.104609
  outer loop
    vertex -1.035909607268433 10.71400721671754 -15.70524481392812
    vertex -0.05735304819522994 10.89700450232458 -14.01296888096765
    vertex 0.9272246096192016 10.72377645666666 -15.70756580291821
  endloop
endfacet
facet normal 0.799928 0.597812 -0.0523046
  outer loop
    vertex 8.996279848401576 5.476335795966792 -18.65253913215743
    vertex 8.412210490238412 6.10356264811942 -20.41623435524365
    vertex 7.819235229248413 7.038617222467579 -18.7978324700532
  endloop
endfacet
facet normal 0.763129 0.644215 -0.0511948
  outer loop
    vertex 8.34445725404891 5.739340036080988 -23.79002558997877
    vertex 7.721224594724621 6.337870248290079 -25.54849685407458
    vertex 7.077968985408445 7.228772927316657 -23.92633989902592
  endloop
endfacet
facet normal -0.00182086 0.999332 -0.0365129
  outer loop
    vertex -0.9925541318377921 6.700062904824971 -66.41300815700539
    vertex 0.9685296882307868 6.703685642000944 -66.41165343494046
    vertex -0.01071681591942263 6.640047824135713 -68.10453983573802
  endloop
endfacet
facet normal -0.643542 0.76362 -0.0523209
  outer loop
    vertex -7.291730135309177 8.476479192809622 -10.40338904619934
    vertex -8.048482359914455 7.958521086780932 -8.654965579541507
    vertex -6.500502889675692 9.255744386371946 -8.762089925229827
  endloop
endfacet
facet normal 0.813283 0.572281 -0.105192
  outer loop
    vertex 8.412210490238412 6.10356264811942 -20.41623435524365
    vertex 8.910121051024863 5.100306337119844 -22.02474573735824
    vertex 7.772363943438732 6.689705833782667 -22.17432185554494
  endloop
endfacet
facet normal 0.896438 0.44011 -0.0519715
  outer loop
    vertex 8.996279848401576 5.476335795966792 -18.65253913215743
    vertex 9.864805497842074 3.727695446038358 -18.47965024645421
    vertex 9.390404878446397 4.485606262761226 -20.24420845785877
  endloop
endfacet
facet normal -0.645052 0.755052 -0.117493
  outer loop
    vertex -5.172052113439255 4.600631783844088 -64.52040799187969
    vertex -4.528023963001489 5.403663086803267 -62.89564516833698
    vertex -3.707323997056164 5.836217776675403 -64.62165018959055
  endloop
endfacet
facet normal -0.684464 0.727189 -0.0520173
  outer loop
    vertex -6.472369822771446 8.281112402160275 -18.927231737223
    vertex -7.199471905717721 7.479695533666308 -20.56334083997442
    vertex -7.902692978948071 6.9430285104548 -18.81255014414593
  endloop
endfacet
facet normal 0.139215 0.983065 -0.11917
  outer loop
    vertex -0.01355342449146719 6.905874826539863 -64.72682841420146
    vertex 0.9652301544424834 6.972907435279257 -63.03043983425918
    vertex 1.923206678620598 6.634952843621101 -64.69920436843753
  endloop
endfacet
facet normal 0.825312 0.562573 -0.0487043
  outer loop
    vertex 8.004177157076219 4.260799894350396 -37.25974627437171
    vertex 7.455089590687061 4.913472227899875 -39.02535894159487
    vertex 6.910275461345718 5.852086035194849 -37.41570863748877
  endloop
endfacet
facet normal -0.634049 0.771615 -0.0509167
  outer loop
    vertex -5.643435016643179 8.385372395486103 -24.04569247572562
    vertex -6.416488519741173 7.641921187335883 -25.68570613471194
    vertex -7.15890320450502 7.146991799353389 -23.9410452633756
  endloop
endfacet
facet normal -0.287643 0.956384 -0.0509115
  outer loop
    vertex -2.033164094667504 10.16331932069864 -20.77857321361451
    vertex -2.982120934491467 9.788839643602257 -22.45177819406084
    vertex -3.922472613611926 9.597244440684747 -20.73807748994807
  endloop
endfacet
facet normal 0.733854 0.677277 -0.0524765
  outer loop
    vertex 8.475017195084719 6.464237591520425 -17.04021077425305
    vertex 7.819235229248413 7.038617222467579 -18.7978324700532
    vertex 7.142151942562135 7.898426819403588 -17.16949538805287
  endloop
endfacet
facet normal -0.620482 0.782522 -0.0515871
  outer loop
    vertex -5.661425666873734 8.692545821434253 -20.6650550759673
    vertex -6.445191334703275 7.962772277465933 -22.30794182760261
    vertex -7.199471905717721 7.479695533666308 -20.56334083997442
  endloop
endfacet
facet normal 0.171291 0.979697 -0.104175
  outer loop
    vertex 2.860158808010238 10.65595163019231 -12.28533111727396
    vertex 0.9169001527453124 10.99278211633416 -12.3128862792058
    vertex 1.895593195070494 11.00330034963196 -10.60474926595114
  endloop
endfacet
facet normal -0.764743 0.641818 -0.0568983
  outer loop
    vertex -7.790488181054359 6.250508592533381 -25.56461692839022
    vertex -8.298300901822882 5.797079600593319 -23.85406455095776
    vertex -7.15890320450502 7.146991799353389 -23.9410452633756
  endloop
endfacet
facet normal -0.298177 0.953866 -0.0350829
  outer loop
    vertex -1.970661309593216 6.062880656832767 -71.47100361562168
    vertex -2.863383006802044 5.847139099558542 -69.74935681469802
    vertex -0.9857752224822668 6.432814652170222 -69.78365455637903
  endloop
endfacet
facet normal -0.733374 0.678362 -0.04458
  outer loop
    vertex -5.172052113439255 4.600631783844088 -64.52040799187969
    vertex -5.767880436265703 4.071924491115099 -62.76377980774677
    vertex -4.528023963001489 5.403663086803267 -62.89564516833698
  endloop
endfacet
facet normal 0.777438 0.6199 -0.106368
  outer loop
    vertex 7.721224594724621 6.337870248290079 -25.54849685407458
    vertex 8.271616730769541 5.371029213304205 -27.16035526137661
    vertex 7.041619155835708 6.889495952792871 -27.30089144608595
  endloop
endfacet
facet normal 0.827781 0.550977 -0.105844
  outer loop
    vertex 8.34445725404891 5.739340036080988 -23.79002558997877
    vertex 8.816841003003818 4.721217661007623 -25.39552311134714
    vertex 7.721224594724621 6.337870248290079 -25.54849685407458
  endloop
endfacet
facet normal 0.410515 0.911078 -0.0376106
  outer loop
    vertex 1.923206678620598 6.634952843621101 -64.69920436843753
    vertex 3.713818640192091 5.830742649406202 -64.6360593730862
    vertex 2.847849652716413 6.149568372516352 -66.36477937368244
  endloop
endfacet
facet normal -0.542786 0.838918 -0.0400059
  outer loop
    vertex -3.635521058807061 5.56575015641974 -68.00486521606317
    vertex -4.454511920075921 5.119742460439586 -66.24580450602635
    vertex -2.870858663463525 6.13851328440006 -66.36877677235015
  endloop
endfacet
facet normal -0.0940427 0.990142 -0.103805
  outer loop
    vertex -0.06867933305486598 11.16393755269574 -10.62049641771303
    vertex -2.031006053547461 10.97880151454227 -10.60863209338261
    vertex -1.056250037517096 11.24874682408431 -8.916851223458382
  endloop
endfacet
facet normal 0.645846 0.76214 -0.0450084
  outer loop
    vertex 3.713818640192091 5.830742649406202 -64.6360593730862
    vertex 5.16721499474709 4.605835012796251 -64.52234355883085
    vertex 4.622794499365865 4.96184910537765 -66.30598669061955
  endloop
endfacet
facet normal 0.690092 0.721894 -0.0513964
  outer loop
    vertex 7.772363943438732 6.689705833782667 -22.17432185554494
    vertex 7.077968985408445 7.228772927316657 -23.92633989902592
    vertex 6.353668240798009 8.037369312792535 -22.29419246986883
  endloop
endfacet
facet normal -0.712128 0.693976 -0.106167
  outer loop
    vertex -6.416488519741173 7.641921187335883 -25.68570613471194
    vertex -7.790488181054359 6.250508592533381 -25.56461692839022
    vertex -7.15890320450502 7.146991799353389 -23.9410452633756
  endloop
endfacet
facet normal -0.807117 0.588074 -0.0522711
  outer loop
    vertex -7.902692978948071 6.9430285104548 -18.81255014414593
    vertex -8.483930843726451 6.001394023530521 -20.43148625565944
    vertex -9.060851150671198 5.366191496380217 -18.66959326465935
  endloop
endfacet
facet normal -0.0941137 0.994148 -0.0530289
  outer loop
    vertex -0.06867933305486598 11.16393755269574 -10.62049641771303
    vertex -1.047481541855631 10.98078345023647 -12.31699953709139
    vertex -2.031006053547461 10.97880151454227 -10.60863209338261
  endloop
endfacet
facet normal 0.730818 0.68108 -0.0451151
  outer loop
    vertex 4.510357530275345 5.418409824732732 -62.89572238375917
    vertex 5.751942504988888 4.095358613302546 -62.7567695854636
    vertex 5.16721499474709 4.605835012796251 -64.52234355883085
  endloop
endfacet
facet normal -0.00210295 0.999265 -0.0382725
  outer loop
    vertex -0.01355342449146719 6.905874826539863 -64.72682841420146
    vertex -0.9942330134277373 6.968739673827424 -63.03159092160731
    vertex 0.9652301544424834 6.972907435279257 -63.03043983425918
  endloop
endfacet
facet normal -0.712832 0.6995 -0.0506936
  outer loop
    vertex -6.416488519741173 7.641921187335883 -25.68570613471194
    vertex -7.115753456545309 6.811175665862696 -27.31604327962986
    vertex -7.790488181054359 6.250508592533381 -25.56461692839022
  endloop
endfacet
facet normal -0.785168 0.617221 -0.0504893
  outer loop
    vertex -7.728824273075135 5.898711921605477 -28.93673414471671
    vertex -8.328686664454837 5.279472608376611 -27.17822945423653
    vertex -7.115753456545309 6.811175665862696 -27.31604327962986
  endloop
endfacet
facet normal 0.645367 0.754934 -0.116515
  outer loop
    vertex 3.713818640192091 5.830742649406202 -64.6360593730862
    vertex 4.510357530275345 5.418409824732732 -62.89572238375917
    vertex 5.16721499474709 4.605835012796251 -64.52234355883085
  endloop
endfacet
facet normal -0.683875 0.72204 -0.104753
  outer loop
    vertex -7.230736639782512 7.816197172744906 -17.18082541686403
    vertex -6.472369822771446 8.281112402160275 -18.927231737223
    vertex -7.902692978948071 6.9430285104548 -18.81255014414593
  endloop
endfacet
facet normal 0.919618 0.380332 -0.0982344
  outer loop
    vertex 9.15440446820295 4.362447916939113 -23.62447323667352
    vertex 9.57866084990685 2.926373475496963 -25.21282126190679
    vertex 8.816841003003818 4.721217661007623 -25.39552311134714
  endloop
endfacet
facet normal 0.704976 0.707416 -0.0507171
  outer loop
    vertex 7.721224594724621 6.337870248290079 -25.54849685407458
    vertex 7.041619155835708 6.889495952792871 -27.30089144608595
    vertex 6.331845177210417 7.713619950309583 -25.67175615012991
  endloop
endfacet
facet normal -0.00204236 0.992948 -0.118532
  outer loop
    vertex -0.9942330134277373 6.968739673827424 -63.03159092160731
    vertex -0.0159187160266685 7.171909358458457 -61.34648370194823
    vertex 0.9652301544424834 6.972907435279257 -63.03043983425918
  endloop
endfacet
facet normal 0.86351 0.500352 -0.0632272
  outer loop
    vertex 8.34445725404891 5.739340036080988 -23.79002558997877
    vertex 9.15440446820295 4.362447916939113 -23.62447323667352
    vertex 8.816841003003818 4.721217661007623 -25.39552311134714
  endloop
endfacet
facet normal -0.833026 0.543518 -0.103227
  outer loop
    vertex -8.8528789323691 4.644658788418124 -25.44651708943007
    vertex -8.298300901822882 5.797079600593319 -23.85406455095776
    vertex -7.790488181054359 6.250508592533381 -25.56461692839022
  endloop
endfacet
facet normal 0.58459 0.809606 -0.0528389
  outer loop
    vertex 7.170150289983283 8.229510297657187 -13.78700631710533
    vertex 6.391680715231922 8.677709164099312 -15.53232584030675
    vertex 5.576002379071049 9.374163946126957 -13.88549175613345
  endloop
endfacet
facet normal -0.820997 0.568575 -0.0518303
  outer loop
    vertex -8.298300901822882 5.797079600593319 -23.85406455095776
    vertex -8.967024069200733 4.996476250662403 -22.04398372200632
    vertex -7.84839076216087 6.598408285840174 -22.19016768626227
  endloop
endfacet
facet normal -0.78415 0.611386 -0.106376
  outer loop
    vertex -7.115753456545309 6.811175665862696 -27.31604327962986
    vertex -8.328686664454837 5.279472608376611 -27.17822945423653
    vertex -7.790488181054359 6.250508592533381 -25.56461692839022
  endloop
endfacet
facet normal -0.785024 0.614003 -0.0820856
  outer loop
    vertex -8.645909277096511 7.782408981795625 -4.668120883818211
    vertex -8.462007650746891 7.755127924014649 -6.63092379982071
    vertex -9.599370223384536 6.424293493727894 -5.708465974788437
  endloop
endfacet
facet normal 0.748309 0.66132 -0.0518604
  outer loop
    vertex 8.412210490238412 6.10356264811942 -20.41623435524365
    vertex 7.772363943438732 6.689705833782667 -22.17432185554494
    vertex 7.111622818718854 7.564812345669164 -20.54906838139872
  endloop
endfacet
facet normal -0.86836 0.489221 -0.0813281
  outer loop
    vertex -9.772488685856382 6.44008491538799 -3.765046518470474
    vertex -9.599370223384536 6.424293493727894 -5.708465974788437
    vertex -10.51836935595453 4.947726211123699 -4.778236628723687
  endloop
endfacet
facet normal 0.584321 0.804828 -0.104024
  outer loop
    vertex 7.170150289983283 8.229510297657187 -13.78700631710533
    vertex 5.576002379071049 9.374163946126957 -13.88549175613345
    vertex 6.407205057847763 8.995566291938722 -12.14566278707958
  endloop
endfacet
facet normal 0.817626 0.566461 -0.103003
  outer loop
    vertex 9.72118428568012 5.568401151231075 -10.12610438939243
    vertex 8.592463152799166 7.170385294452295 -10.27570497565306
    vertex 9.226089971981294 6.576405745669765 -8.512625205479567
  endloop
endfacet
facet normal -0.74253 0.667958 -0.049809
  outer loop
    vertex -7.019758834679201 6.129706702738602 -34.06086459138118
    vertex -7.653211634078523 5.556566164658959 -32.30366506396656
    vertex -6.352666631961617 6.992507580879115 -32.43508961414808
  endloop
endfacet
facet normal -0.669118 0.735658 -0.105299
  outer loop
    vertex -7.272753146936136 8.137788070686984 -13.79827647934633
    vertex -6.470285241268589 8.618796588870927 -15.5370257722997
    vertex -7.953594313888884 7.284746210020487 -15.43157985779746
  endloop
endfacet
facet normal 0.921168 0.385756 -0.0514066
  outer loop
    vertex 9.57866084990685 2.926373475496963 -25.21282126190679
    vertex 9.178883690619177 3.644149839355341 -26.99032182435637
    vertex 8.816841003003818 4.721217661007623 -25.39552311134714
  endloop
endfacet
facet normal 0.639389 0.761454 -0.106628
  outer loop
    vertex 7.041619155835708 6.889495952792871 -27.30089144608595
    vertex 5.536471141191485 8.137998079048957 -27.41059063444849
    vertex 6.331845177210417 7.713619950309583 -25.67175615012991
  endloop
endfacet
facet normal 0.704377 0.701845 -0.106144
  outer loop
    vertex 7.721224594724621 6.337870248290079 -25.54849685407458
    vertex 6.331845177210417 7.713619950309583 -25.67175615012991
    vertex 7.077968985408445 7.228772927316657 -23.92633989902592
  endloop
endfacet
facet normal -0.843176 0.527927 -0.101721
  outer loop
    vertex -8.677638810247821 4.400785029228202 -28.84607251179461
    vertex -8.328686664454837 5.279472608376611 -27.17822945423653
    vertex -7.728824273075135 5.898711921605477 -28.93673414471671
  endloop
endfacet
facet normal -0.633579 0.76639 -0.105941
  outer loop
    vertex -6.445191334703275 7.962772277465933 -22.30794182760261
    vertex -5.643435016643179 8.385372395486103 -24.04569247572562
    vertex -7.15890320450502 7.146991799353389 -23.9410452633756
  endloop
endfacet
facet normal -0.648162 0.759845 -0.05021
  outer loop
    vertex -5.62433033035301 8.076280474984708 -27.42358279273524
    vertex -6.385794819584859 7.318530008181649 -29.06112578000095
    vertex -7.115753456545309 6.811175665862696 -27.31604327962986
  endloop
endfacet
facet normal 0.675647 0.735386 -0.0520433
  outer loop
    vertex 7.111622818718854 7.564812345669164 -20.54906838139872
    vertex 6.373144140172746 8.358987689571222 -18.91438900021417
    vertex 7.819235229248413 7.038617222467579 -18.7978324700532
  endloop
endfacet
facet normal -0.00732857 0.99851 -0.0540769
  outer loop
    vertex -0.07577237880477182 11.43177859773196 -7.216746749553756
    vertex -1.069631705709799 11.51719780398577 -5.504824965637795
    vertex 0.8991007030616093 11.53139291782528 -5.50952256826013
  endloop
endfacet
facet normal -0.726975 0.678294 -0.106887
  outer loop
    vertex -6.385794819584859 7.318530008181649 -29.06112578000095
    vertex -7.728824273075135 5.898711921605477 -28.93673414471671
    vertex -7.115753456545309 6.811175665862696 -27.31604327962986
  endloop
endfacet
facet normal -0.647647 0.75444 -0.106648
  outer loop
    vertex -6.416488519741173 7.641921187335883 -25.68570613471194
    vertex -5.62433033035301 8.076280474984708 -27.42358279273524
    vertex -7.115753456545309 6.811175665862696 -27.31604327962986
  endloop
endfacet
facet normal -0.863701 0.501694 -0.0482159
  outer loop
    vertex -8.648008066644055 3.858956041857438 -32.14758000451273
    vertex -7.653211634078523 5.556566164658959 -32.30366506396656
    vertex -8.084910594058494 4.65901886987497 -33.90967736633857
  endloop
endfacet
facet normal -0.727753 0.684016 -0.0499743
  outer loop
    vertex -6.385794819584859 7.318530008181649 -29.06112578000095
    vertex -7.069545640074159 6.472121337603665 -30.6890602790058
    vertex -7.728824273075135 5.898711921605477 -28.93673414471671
  endloop
endfacet
facet normal 0.639796 0.766901 -0.0502296
  outer loop
    vertex 7.041619155835708 6.889495952792871 -27.30089144608595
    vertex 6.307589804692141 7.387509314657411 -29.04691573025171
    vertex 5.536471141191485 8.137998079048957 -27.41059063444849
  endloop
endfacet
facet normal 0.730428 0.673596 -0.112889
  outer loop
    vertex 4.510357530275345 5.418409824732732 -62.89572238375917
    vertex 5.248232359097059 4.910267085354124 -61.15346353385639
    vertex 5.751942504988888 4.095358613302546 -62.7567695854636
  endloop
endfacet
facet normal -0.576388 0.815662 -0.0497204
  outer loop
    vertex -6.385794819584859 7.318530008181649 -29.06112578000095
    vertex -4.785665675860876 8.44356135179536 -29.15465252182746
    vertex -5.603528624719516 7.765347047387604 -30.79959360414
  endloop
endfacet
facet normal -0.423169 0.898495 -0.116768
  outer loop
    vertex -1.950980543817895 6.348346200674238 -68.08782205894512
    vertex -3.635521058807061 5.56575015641974 -68.00486521606317
    vertex -2.870858663463525 6.13851328440006 -66.36877677235015
  endloop
endfacet
facet normal 0.807233 0.588477 -0.0454957
  outer loop
    vertex 5.248232359097059 4.910267085354124 -61.15346353385639
    vertex 6.313994065731355 3.461617469805174 -60.98156239200934
    vertex 5.751942504988888 4.095358613302546 -62.7567695854636
  endloop
endfacet
facet normal -0.620048 0.777469 -0.105274
  outer loop
    vertex -6.472369822771446 8.281112402160275 -18.927231737223
    vertex -5.661425666873734 8.692545821434253 -20.6650550759673
    vertex -7.199471905717721 7.479695533666308 -20.56334083997442
  endloop
endfacet
facet normal 0.283523 0.951444 -0.119874
  outer loop
    vertex 1.923206678620598 6.634952843621101 -64.69920436843753
    vertex 2.847849652716413 6.149568372516352 -66.36477937368244
    vertex 0.9685296882307868 6.703685642000944 -66.41165343494046
  endloop
endfacet
facet normal -0.576029 0.810378 -0.107135
  outer loop
    vertex -5.62433033035301 8.076280474984708 -27.42358279273524
    vertex -4.785665675860876 8.44356135179536 -29.15465252182746
    vertex -6.385794819584859 7.318530008181649 -29.06112578000095
  endloop
endfacet
facet normal 0.720333 0.691824 -0.0499975
  outer loop
    vertex 7.665829181750762 5.982445998461389 -28.92035350167963
    vertex 7.001697455902939 6.547234996530397 -30.67366806584347
    vertex 6.307589804692141 7.387509314657411 -29.04691573025171
  endloop
endfacet
facet normal 0.719661 0.686052 -0.106865
  outer loop
    vertex 7.041619155835708 6.889495952792871 -27.30089144608595
    vertex 7.665829181750762 5.982445998461389 -28.92035350167963
    vertex 6.307589804692141 7.387509314657411 -29.04691573025171
  endloop
endfacet
facet normal -0.834636 0.548378 -0.0516203
  outer loop
    vertex -8.328686664454837 5.279472608376611 -27.17822945423653
    vertex -8.8528789323691 4.644658788418124 -25.44651708943007
    vertex -7.790488181054359 6.250508592533381 -25.56461692839022
  endloop
endfacet
facet normal -0.910759 0.409371 -0.0541533
  outer loop
    vertex -10.1719593915285 4.38082723201233 -11.75049733432429
    vertex -10.59920179847282 3.665426287729992 -9.973122402177532
    vertex -9.789004215859523 5.445034328375097 -10.14624471037088
  endloop
endfacet
facet normal -0.00414929 0.992994 -0.118093
  outer loop
    vertex -1.017869939604385 7.235470569451783 -59.63383184887818
    vertex -0.01863179644309301 7.437872835521564 -57.96702526985982
    vertex 0.9622860530050791 7.241722357459478 -59.65083748533542
  endloop
endfacet
facet normal 0.554575 0.822523 -0.126107
  outer loop
    vertex 3.713818640192091 5.830742649406202 -64.6360593730862
    vertex 4.622794499365865 4.96184910537765 -66.30598669061955
    vertex 2.847849652716413 6.149568372516352 -66.36477937368244
  endloop
endfacet
facet normal 0.133873 0.983979 -0.117742
  outer loop
    vertex -0.0159187160266685 7.171909358458457 -61.34648370194823
    vertex 0.9622860530050791 7.241722357459478 -59.65083748533542
    vertex 1.925430200334271 6.910470142584893 -61.3240379630145
  endloop
endfacet
facet normal 0.566901 0.816749 -0.107444
  outer loop
    vertex 6.307589804692141 7.387509314657411 -29.04691573025171
    vertex 4.687060544862278 8.499890537371325 -29.14133140997897
    vertex 5.536471141191485 8.137998079048957 -27.41059063444849
  endloop
endfacet
facet normal -0.810546 0.576328 -0.104215
  outer loop
    vertex -8.084910594058494 4.65901886987497 -33.90967736633857
    vertex -7.653211634078523 5.556566164658959 -32.30366506396656
    vertex -7.019758834679201 6.129706702738602 -34.06086459138118
  endloop
endfacet
facet normal -0.751355 0.649429 -0.117076
  outer loop
    vertex -4.454511920075921 5.119742460439586 -66.24580450602635
    vertex -5.703705683395571 3.688630790518724 -66.16737467999008
    vertex -5.172052113439255 4.600631783844088 -64.52040799187969
  endloop
endfacet
facet normal -0.142533 0.982623 -0.118893
  outer loop
    vertex -0.01355342449146719 6.905874826539863 -64.72682841420146
    vertex -1.942226315063508 6.629314297338572 -64.70037423960557
    vertex -0.9942330134277373 6.968739673827424 -63.03159092160731
  endloop
endfacet
facet normal 0.128631 0.990866 -0.040493
  outer loop
    vertex -0.01863179644309301 7.437872835521564 -57.96702526985982
    vertex 1.923519511062649 7.186633388432597 -57.94539434570814
    vertex 0.9622860530050791 7.241722357459478 -59.65083748533542
  endloop
endfacet
facet normal 0.49263 0.864098 -0.103201
  outer loop
    vertex 6.424845523144214 9.309165550555374 -8.754304199281274
    vertex 4.711855637189639 10.27529901665378 -8.841867605588341
    vertex 5.592984677938885 9.980942185365365 -7.100434285438908
  endloop
endfacet
facet normal -0.799148 0.591515 -0.107104
  outer loop
    vertex -7.069545640074159 6.472121337603665 -30.6890602790058
    vertex -8.243567939526825 4.911646520480384 -30.54739258229126
    vertex -7.728824273075135 5.898711921605477 -28.93673414471671
  endloop
endfacet
facet normal 0.790733 0.603043 -0.105263
  outer loop
    vertex 7.665829181750762 5.982445998461389 -28.92035350167963
    vertex 8.15416729887157 5.062019459487606 -30.52501584233882
    vertex 7.001697455902939 6.547234996530397 -30.67366806584347
  endloop
endfacet
facet normal -0.0034908 0.999228 -0.0391263
  outer loop
    vertex -0.0159187160266685 7.171909358458457 -61.34648370194823
    vertex -1.017869939604385 7.235470569451783 -59.63383184887818
    vertex 0.9622860530050791 7.241722357459478 -59.65083748533542
  endloop
endfacet
facet normal 0.689552 0.716516 -0.105468
  outer loop
    vertex 7.772363943438732 6.689705833782667 -22.17432185554494
    vertex 6.353668240798009 8.037369312792535 -22.29419246986883
    vertex 7.111622818718854 7.564812345669164 -20.54906838139872
  endloop
endfacet
facet normal 0.675156 0.730189 -0.104822
  outer loop
    vertex 7.819235229248413 7.038617222467579 -18.7978324700532
    vertex 6.373144140172746 8.358987689571222 -18.91438900021417
    vertex 7.142151942562135 7.898426819403588 -17.16949538805287
  endloop
endfacet
facet normal 0.128696 0.984852 -0.116209
  outer loop
    vertex -0.01863179644309301 7.437872835521564 -57.96702526985982
    vertex 0.960979305919789 7.510466757771267 -56.26692733230201
    vertex 1.923519511062649 7.186633388432597 -57.94539434570814
  endloop
endfacet
facet normal -0.563048 0.824881 -0.05048
  outer loop
    vertex -6.416488519741173 7.641921187335883 -25.68570613471194
    vertex -4.797993631836373 8.741136163138584 -25.77619790238623
    vertex -5.62433033035301 8.076280474984708 -27.42358279273524
  endloop
endfacet
facet normal 0.133806 0.990238 -0.0390603
  outer loop
    vertex -0.0159187160266685 7.171909358458457 -61.34648370194823
    vertex 1.925430200334271 6.910470142584893 -61.3240379630145
    vertex 0.9652301544424834 6.972907435279257 -63.03043983425918
  endloop
endfacet
facet normal -0.496736 0.861146 -0.108077
  outer loop
    vertex -5.603528624719516 7.765347047387604 -30.79959360414
    vertex -4.785665675860876 8.44356135179536 -29.15465252182746
    vertex -3.893494540692917 8.7422270419514 -30.87545787293607
  endloop
endfacet
facet normal -0.741776 0.662017 -0.107248
  outer loop
    vertex -6.352666631961617 6.992507580879115 -32.43508961414808
    vertex -7.653211634078523 5.556566164658959 -32.30366506396656
    vertex -7.069545640074159 6.472121337603665 -30.6890602790058
  endloop
endfacet
facet normal -0.900961 0.421416 -0.103329
  outer loop
    vertex -8.243567939526825 4.911646520480384 -30.54739258229126
    vertex -9.052431774701935 3.21190927528976 -30.42682480289551
    vertex -8.677638810247821 4.400785029228202 -28.84607251179461
  endloop
endfacet
facet normal 0.858069 0.511295 -0.047894
  outer loop
    vertex 8.608626656749774 3.94956626505957 -32.12883642553202
    vertex 8.045751359198892 4.728996270392154 -33.89246386893308
    vertex 7.588263478512136 5.647188852988448 -32.28659817246211
  endloop
endfacet
facet normal -0.844992 0.531851 -0.0558885
  outer loop
    vertex -8.243567939526825 4.911646520480384 -30.54739258229126
    vertex -8.677638810247821 4.400785029228202 -28.84607251179461
    vertex -7.728824273075135 5.898711921605477 -28.93673414471671
  endloop
endfacet
facet normal -0.662815 0.747148 -0.0494564
  outer loop
    vertex -5.603528624719516 7.765347047387604 -30.79959360414
    vertex -6.352666631961617 6.992507580879115 -32.43508961414808
    vertex -7.069545640074159 6.472121337603665 -30.6890602790058
  endloop
endfacet
facet normal 0.733182 0.671973 -0.104392
  outer loop
    vertex 8.475017195084719 6.464237591520425 -17.04021077425305
    vertex 7.142151942562135 7.898426819403588 -17.16949538805287
    vertex 7.862868448532114 7.384089992136845 -15.41844759308462
  endloop
endfacet
facet normal 0.856509 0.504822 -0.107457
  outer loop
    vertex 8.15416729887157 5.062019459487606 -30.52501584233882
    vertex 8.608626656749774 3.94956626505957 -32.12883642553202
    vertex 7.588263478512136 5.647188852988448 -32.28659817246211
  endloop
endfacet
facet normal 0.837609 0.543315 -0.0567379
  outer loop
    vertex 7.665829181750762 5.982445998461389 -28.92035350167963
    vertex 8.597526819640557 4.55142605942645 -28.86917466852399
    vertex 8.15416729887157 5.062019459487606 -30.52501584233882
  endloop
endfacet
facet normal 0.791492 0.608965 -0.0519764
  outer loop
    vertex 8.15416729887157 5.062019459487606 -30.52501584233882
    vertex 7.588263478512136 5.647188852988448 -32.28659817246211
    vertex 7.001697455902939 6.547234996530397 -30.67366806584347
  endloop
endfacet
facet normal 0.899443 0.424434 -0.104202
  outer loop
    vertex 6.589250722873659 4.041237488353777 -54.2580210925772
    vertex 7.107809219216794 3.376003818053352 -52.49159830688644
    vertex 7.308784660248144 2.501686153184254 -54.31808621054433
  endloop
endfacet
facet normal -0.309088 0.944854 -0.108237
  outer loop
    vertex -2.954073275039722 9.240646798969641 -29.20717622237754
    vertex -2.012630264867896 9.352504316589224 -30.91915773044234
    vertex -3.893494540692917 8.7422270419514 -30.87545787293607
  endloop
endfacet
facet normal -0.589921 0.800216 -0.107922
  outer loop
    vertex -5.603528624719516 7.765347047387604 -30.79959360414
    vertex -4.772525657723381 8.14441857294581 -32.53127941797135
    vertex -6.352666631961617 6.992507580879115 -32.43508961414808
  endloop
endfacet
facet normal -0.662245 0.74155 -0.107402
  outer loop
    vertex -6.385794819584859 7.318530008181649 -29.06112578000095
    vertex -5.603528624719516 7.765347047387604 -30.79959360414
    vertex -7.069545640074159 6.472121337603665 -30.6890602790058
  endloop
endfacet
facet normal 0.74757 0.65583 -0.105009
  outer loop
    vertex 8.412210490238412 6.10356264811942 -20.41623435524365
    vertex 7.111622818718854 7.564812345669164 -20.54906838139872
    vertex 7.819235229248413 7.038617222467579 -18.7978324700532
  endloop
endfacet
facet normal 0.734454 0.676825 -0.0498566
  outer loop
    vertex 7.588263478512136 5.647188852988448 -32.28659817246211
    vertex 6.958105116240032 6.201464120442302 -34.04514150825577
    vertex 6.267410486206131 7.070843698440175 -32.41778853973304
  endloop
endfacet
facet normal 0.12528 0.985342 -0.115788
  outer loop
    vertex -0.02134501304618477 7.703787155244124 -54.58818426762107
    vertex 0.9564713107152324 7.778608140612379 -52.89348786501071
    vertex 1.939944518526399 7.458124968355007 -54.55666994968342
  endloop
endfacet
facet normal 0.828966 0.556967 -0.0510237
  outer loop
    vertex 8.816841003003818 4.721217661007623 -25.39552311134714
    vertex 8.271616730769541 5.371029213304205 -27.16035526137661
    vertex 7.721224594724621 6.337870248290079 -25.54849685407458
  endloop
endfacet
facet normal -0.00239184 0.993272 -0.115783
  outer loop
    vertex -0.9989135261471603 7.505020693476646 -56.27316032133537
    vertex -0.02134501304618477 7.703787155244124 -54.58818426762107
    vertex 0.960979305919789 7.510466757771267 -56.26692733230201
  endloop
endfacet
facet normal -0.903174 0.426107 -0.0520433
  outer loop
    vertex -8.243567939526825 4.911646520480384 -30.54739258229126
    vertex -8.648008066644055 3.858956041857438 -32.14758000451273
    vertex -9.052431774701935 3.21190927528976 -30.42682480289551
  endloop
endfacet
facet normal -0.501817 0.86322 -0.0550546
  outer loop
    vertex -5.707165911167429 9.605948247665044 -10.50231376809201
    vertex -6.500502889675692 9.255744386371946 -8.762089925229827
    vertex -4.843188485946621 10.21425143788871 -8.839589368290008
  endloop
endfacet
facet normal 0.805849 0.58971 -0.0533808
  outer loop
    vertex 6.958105116240032 6.201464120442302 -34.04514150825577
    vertex 8.045751359198892 4.728996270392154 -33.89246386893308
    vertex 7.54026114927505 5.259800042866871 -35.65955419122459
  endloop
endfacet
facet normal 0.12483 0.991326 -0.0411143
  outer loop
    vertex -0.02134501304618477 7.703787155244124 -54.58818426762107
    vertex 1.939944518526399 7.458124968355007 -54.55666994968342
    vertex 0.960979305919789 7.510466757771267 -56.26692733230201
  endloop
endfacet
facet normal -0.00291176 0.999095 -0.0424301
  outer loop
    vertex -0.02134501304618477 7.703787155244124 -54.58818426762107
    vertex -1.001460969096158 7.772853562713098 -52.8946271326296
    vertex 0.9564713107152324 7.778608140612379 -52.89348786501071
  endloop
endfacet
facet normal -0.878745 0.474838 -0.0483333
  outer loop
    vertex -7.914747730141034 4.422057830169496 -37.27617083474661
    vertex -8.525483756925295 3.471352330536854 -35.51236851188894
    vertex -7.591215245321258 5.183618421387681 -35.67654524363084
  endloop
endfacet
facet normal 0.73375 0.670859 -0.107513
  outer loop
    vertex 7.588263478512136 5.647188852988448 -32.28659817246211
    vertex 6.267410486206131 7.070843698440175 -32.41778853973304
    vertex 7.001697455902939 6.547234996530397 -30.67366806584347
  endloop
endfacet
facet normal -0.00285325 0.993432 -0.114389
  outer loop
    vertex -1.001460969096158 7.772853562713098 -52.8946271326296
    vertex -0.02404495182786489 7.969675224485506 -51.20967086650345
    vertex 0.9564713107152324 7.778608140612379 -52.89348786501071
  endloop
endfacet
facet normal 0.840786 0.539608 -0.0436084
  outer loop
    vertex 6.04819743093478 5.014387238555643 -52.6480143414508
    vertex 7.107809219216794 3.376003818053352 -52.49159830688644
    vertex 6.589250722873659 4.041237488353777 -54.2580210925772
  endloop
endfacet
facet normal 0.669493 0.734862 -0.108433
  outer loop
    vertex 6.958105116240032 6.201464120442302 -34.04514150825577
    vertex 5.496424478093329 7.516449191315894 -34.15813549572744
    vertex 6.267410486206131 7.070843698440175 -32.41778853973304
  endloop
endfacet
facet normal 0.805103 0.583861 -0.104474
  outer loop
    vertex 7.588263478512136 5.647188852988448 -32.28659817246211
    vertex 8.045751359198892 4.728996270392154 -33.89246386893308
    vertex 6.958105116240032 6.201464120442302 -34.04514150825577
  endloop
endfacet
facet normal -0.590318 0.805686 -0.0489321
  outer loop
    vertex -4.772525657723381 8.14441857294581 -32.53127941797135
    vertex -5.580896995575399 7.452334543368328 -34.17450367798915
    vertex -6.352666631961617 6.992507580879115 -32.43508961414808
  endloop
endfacet
facet normal -0.758059 0.643104 -0.108459
  outer loop
    vertex -6.316775039768149 6.663670149909504 -35.80814493510492
    vertex -7.591215245321258 5.183618421387681 -35.67654524363084
    vertex -7.019758834679201 6.129706702738602 -34.06086459138118
  endloop
endfacet
facet normal -0.907958 0.416302 -0.0480218
  outer loop
    vertex -6.950547681092527 3.082246274750976 -55.86521638838492
    vertex -7.344794174135042 2.406671782566231 -54.26768296743661
    vertex -6.617239305786842 3.992551239996297 -54.27569683749257
  endloop
endfacet
facet normal -0.00264556 0.99915 -0.0411392
  outer loop
    vertex -0.01863179644309301 7.437872835521564 -57.96702526985982
    vertex -0.9989135261471603 7.505020693476646 -56.27316032133537
    vertex 0.960979305919789 7.510466757771267 -56.26692733230201
  endloop
endfacet
facet normal 0.903946 0.424495 -0.0518223
  outer loop
    vertex 6.589250722873659 4.041237488353777 -54.2580210925772
    vertex 7.308784660248144 2.501686153184254 -54.31808621054433
    vertex 6.993881461093509 2.984590753296076 -55.85535324165395
  endloop
endfacet
facet normal -0.678023 0.733428 -0.0486559
  outer loop
    vertex -5.580896995575399 7.452334543368328 -34.17450367798915
    vertex -6.316775039768149 6.663670149909504 -35.80814493510492
    vertex -7.019758834679201 6.129706702738602 -34.06086459138118
  endloop
endfacet
facet normal 0.870309 0.481203 -0.104909
  outer loop
    vertex 6.736683771993905 4.779336162756343 -47.52323441810172
    vertex 7.215958768010385 4.298126207326323 -45.75447682831336
    vertex 7.625850174688527 3.207699083441602 -47.35572149112256
  endloop
endfacet
facet normal -0.873203 0.475467 -0.106996
  outer loop
    vertex -7.640497169487925 3.151529462226188 -47.4583588527576
    vertex -7.41524272440778 3.931878982168022 -45.8289733229351
    vertex -6.775204419837844 4.722237421092218 -47.54018890646907
  endloop
endfacet
facet normal -0.508778 0.853924 -0.109362
  outer loop
    vertex -4.772525657723381 8.14441857294581 -32.53127941797135
    vertex -3.873380218941888 8.45966254276218 -34.25282202400446
    vertex -5.580896995575399 7.452334543368328 -34.17450367798915
  endloop
endfacet
facet normal 0.873969 0.473909 -0.107652
  outer loop
    vertex 7.54026114927505 5.259800042866871 -35.65955419122459
    vertex 8.045751359198892 4.728996270392154 -33.89246386893308
    vertex 8.517493712655471 3.489442003252469 -35.51944687851874
  endloop
endfacet
facet normal -0.877122 0.468423 -0.106005
  outer loop
    vertex -7.591215245321258 5.183618421387681 -35.67654524363084
    vertex -8.525483756925295 3.471352330536854 -35.51236851188894
    vertex -8.084910594058494 4.65901886987497 -33.90967736633857
  endloop
endfacet
facet normal -0.399737 0.915352 -0.0483781
  outer loop
    vertex -4.785665675860876 8.44356135179536 -29.15465252182746
    vertex -2.954073275039722 9.240646798969641 -29.20717622237754
    vertex -3.893494540692917 8.7422270419514 -30.87545787293607
  endloop
endfacet
facet normal 0.85589 0.503865 -0.116499
  outer loop
    vertex 6.589250722873659 4.041237488353777 -54.2580210925772
    vertex 6.993881461093509 2.984590753296076 -55.85535324165395
    vertex 5.972972162090921 4.690210793324677 -55.97882168203986
  endloop
endfacet
facet normal 0.596212 0.801411 -0.0476618
  outer loop
    vertex 5.487614117429385 7.191322736082045 -37.53489052193902
    vertex 4.666201860854849 7.900165798962895 -35.89126542528918
    vertex 6.251152098209123 6.726860101399173 -35.79333696980562
  endloop
endfacet
facet normal 0.119348 0.991918 -0.0430574
  outer loop
    vertex -0.02404495182786489 7.969675224485506 -51.20967086650345
    vertex 1.919758165423025 7.736670252508764 -51.18955530754223
    vertex 0.9564713107152324 7.778608140612379 -52.89348786501071
  endloop
endfacet
facet normal -0.497072 0.866331 -0.0488929
  outer loop
    vertex -5.603528624719516 7.765347047387604 -30.79959360414
    vertex -3.893494540692917 8.7422270419514 -30.87545787293607
    vertex -4.772525657723381 8.14441857294581 -32.53127941797135
  endloop
endfacet
facet normal 0.499741 0.859308 -0.108852
  outer loop
    vertex 5.496424478093329 7.516449191315894 -34.15813549572744
    vertex 3.790151411251174 8.498380123985298 -34.24002139224469
    vertex 4.674019631412118 8.202697575562228 -32.51637167720322
  endloop
endfacet
facet normal 0.119406 0.986306 -0.113765
  outer loop
    vertex -0.02404495182786489 7.969675224485506 -51.20967086650345
    vertex 0.9536306534601172 8.046752912329044 -49.51526848877034
    vertex 1.919758165423025 7.736670252508764 -51.18955530754223
  endloop
endfacet
facet normal -0.67739 0.727623 -0.108202
  outer loop
    vertex -5.580896995575399 7.452334543368328 -34.17450367798915
    vertex -7.019758834679201 6.129706702738602 -34.06086459138118
    vertex -6.352666631961617 6.992507580879115 -32.43508961414808
  endloop
endfacet
facet normal -0.775352 0.629738 -0.0475443
  outer loop
    vertex -6.907635854118483 5.433957677234558 -40.80193066459432
    vertex -7.514037434808911 4.819987649361211 -39.04494983627897
    vertex -6.277917134191444 6.331702275105083 -39.18049076290865
  endloop
endfacet
facet normal -0.821651 0.56099 -0.100897
  outer loop
    vertex -6.96595119877263 5.783723810398037 -37.43176257596354
    vertex -7.914747730141034 4.422057830169496 -37.27617083474661
    vertex -7.591215245321258 5.183618421387681 -35.67654524363084
  endloop
endfacet
facet normal -0.811344 0.582081 -0.0538793
  outer loop
    vertex -7.591215245321258 5.183618421387681 -35.67654524363084
    vertex -8.084910594058494 4.65901886987497 -33.90967736633857
    vertex -7.019758834679201 6.129706702738602 -34.06086459138118
  endloop
endfacet
facet normal -0.856296 0.504743 -0.109505
  outer loop
    vertex -6.024468570248422 4.616776064254542 -56.03374115385838
    vertex -6.950547681092527 3.082246274750976 -55.86521638838492
    vertex -6.617239305786842 3.992551239996297 -54.27569683749257
  endloop
endfacet
facet normal -0.00309733 0.993568 -0.113198
  outer loop
    vertex -1.004098601850467 8.040522786905063 -49.51638430995278
    vertex -0.0268047914136632 8.235549415654843 -47.83132557949425
    vertex 0.9536306534601172 8.046752912329044 -49.51526848877034
  endloop
endfacet
facet normal 0.670098 0.740695 -0.0483753
  outer loop
    vertex 6.958105116240032 6.201464120442302 -34.04514150825577
    vertex 6.251152098209123 6.726860101399173 -35.79333696980562
    vertex 5.496424478093329 7.516449191315894 -34.15813549572744
  endloop
endfacet
facet normal 0.824151 0.555949 -0.108147
  outer loop
    vertex 7.54026114927505 5.259800042866871 -35.65955419122459
    vertex 8.004177157076219 4.260799894350396 -37.25974627437171
    vertex 6.910275461345718 5.852086035194849 -37.41570863748877
  endloop
endfacet
facet normal 0.513736 0.850842 -0.110198
  outer loop
    vertex 3.784681080016609 8.209293343856663 -37.61408511588866
    vertex 4.666201860854849 7.900165798962895 -35.89126542528918
    vertex 5.487614117429385 7.191322736082045 -37.53489052193902
  endloop
endfacet
facet normal 0.752501 0.656808 -0.0484277
  outer loop
    vertex 7.54026114927505 5.259800042866871 -35.65955419122459
    vertex 6.910275461345718 5.852086035194849 -37.41570863748877
    vertex 6.251152098209123 6.726860101399173 -35.79333696980562
  endloop
endfacet
facet normal -0.759017 0.649269 -0.048402
  outer loop
    vertex -6.316775039768149 6.663670149909504 -35.80814493510492
    vertex -6.96595119877263 5.783723810398037 -37.43176257596354
    vertex -7.591215245321258 5.183618421387681 -35.67654524363084
  endloop
endfacet
facet normal 0.115158 0.992363 -0.0442117
  outer loop
    vertex -0.0268047914136632 8.235549415654843 -47.83132557949425
    vertex 1.917814824239268 8.010754024149316 -47.81188677891759
    vertex 0.9536306534601172 8.046752912329044 -49.51526848877034
  endloop
endfacet
facet normal -0.346958 0.936356 -0.0534614
  outer loop
    vertex -3.930149787342863 10.45381674719628 -10.56920842698967
    vertex -4.843188485946621 10.21425143788871 -8.839589368290008
    vertex -2.995196711622708 10.89603570536177 -8.891646120456748
  endloop
endfacet
facet normal 0.75165 0.650588 -0.108434
  outer loop
    vertex 6.958105116240032 6.201464120442302 -34.04514150825577
    vertex 7.54026114927505 5.259800042866871 -35.65955419122459
    vertex 6.251152098209123 6.726860101399173 -35.79333696980562
  endloop
endfacet
facet normal -0.780512 0.614636 -0.11412
  outer loop
    vertex -5.396809539318353 5.516896811750777 -54.41275985376394
    vertex -6.617239305786842 3.992551239996297 -54.27569683749257
    vertex -6.084727786975925 4.967978715676725 -52.66422631977882
  endloop
endfacet
facet normal 0.876088 0.479984 -0.0456651
  outer loop
    vertex 7.54026114927505 5.259800042866871 -35.65955419122459
    vertex 8.517493712655471 3.489442003252469 -35.51944687851874
    vertex 8.004177157076219 4.260799894350396 -37.25974627437171
  endloop
endfacet
facet normal 0.115215 0.986946 -0.112527
  outer loop
    vertex -0.0268047914136632 8.235549415654843 -47.83132557949425
    vertex 0.9525009379063065 8.314904942933277 -46.13263026739396
    vertex 1.917814824239268 8.010754024149316 -47.81188677891759
  endloop
endfacet
facet normal -0.863339 0.493637 -0.104728
  outer loop
    vertex -9.060851150671198 5.366191496380217 -18.66959326465935
    vertex -8.483930843726451 6.001394023530521 -20.43148625565944
    vertex -9.467984338876525 4.314125534898185 -20.272269520515
  endloop
endfacet
facet normal 0.775758 0.620574 -0.1144
  outer loop
    vertex 6.04819743093478 5.014387238555643 -52.6480143414508
    vertex 6.589250722873659 4.041237488353777 -54.2580210925772
    vertex 5.35301781448188 5.561308318678859 -54.39527158046803
  endloop
endfacet
facet normal 0.923947 0.366312 -0.110165
  outer loop
    vertex 8.517493712655471 3.489442003252469 -35.51944687851874
    vertex 8.748596988746661 2.437751916929465 -37.07820264106249
    vertex 8.004177157076219 4.260799894350396 -37.25974627437171
  endloop
endfacet
facet normal 0.595779 0.795686 -0.109231
  outer loop
    vertex 6.251152098209123 6.726860101399173 -35.79333696980562
    vertex 4.666201860854849 7.900165798962895 -35.89126542528918
    vertex 5.496424478093329 7.516449191315894 -34.15813549572744
  endloop
endfacet
facet normal 0.884531 0.454278 -0.106001
  outer loop
    vertex 9.178883690619177 3.644149839355341 -26.99032182435637
    vertex 8.271616730769541 5.371029213304205 -27.16035526137661
    vertex 8.816841003003818 4.721217661007623 -25.39552311134714
  endloop
endfacet
facet normal 0.871546 0.487832 -0.0492754
  outer loop
    vertex 6.736683771993905 4.779336162756343 -47.52323441810172
    vertex 7.625850174688527 3.207699083441602 -47.35572149112256
    vertex 7.124900359631014 3.924666597742777 -49.11808155506509
  endloop
endfacet
facet normal 0.580425 0.812837 -0.0490104
  outer loop
    vertex 5.496424478093329 7.516449191315894 -34.15813549572744
    vertex 4.674019631412118 8.202697575562228 -32.51637167720322
    vertex 6.267410486206131 7.070843698440175 -32.41778853973304
  endloop
endfacet
facet normal -0.822187 0.566163 -0.0588912
  outer loop
    vertex -6.96595119877263 5.783723810398037 -37.43176257596354
    vertex -7.514037434808911 4.819987649361211 -39.04494983627897
    vertex -7.914747730141034 4.422057830169496 -37.27617083474661
  endloop
endfacet
facet normal 0.499941 0.864727 -0.0480357
  outer loop
    vertex 5.496424478093329 7.516449191315894 -34.15813549572744
    vertex 4.666201860854849 7.900165798962895 -35.89126542528918
    vertex 3.790151411251174 8.498380123985298 -34.24002139224469
  endloop
endfacet
facet normal -0.875866 0.479853 -0.0509806
  outer loop
    vertex -7.24015418921767 3.703042594030265 -49.14530843993099
    vertex -7.640497169487925 3.151529462226188 -47.4583588527576
    vertex -6.775204419837844 4.722237421092218 -47.54018890646907
  endloop
endfacet
facet normal -0.00315441 0.999043 -0.043626
  outer loop
    vertex -0.02404495182786489 7.969675224485506 -51.20967086650345
    vertex -1.004098601850467 8.040522786905063 -49.51638430995278
    vertex 0.9536306534601172 8.046752912329044 -49.51526848877034
  endloop
endfacet
facet normal 0.839363 0.532372 -0.109767
  outer loop
    vertex 6.562914097676979 4.566593465539598 -50.88390620515827
    vertex 7.107809219216794 3.376003818053352 -52.49159830688644
    vertex 6.04819743093478 5.014387238555643 -52.6480143414508
  endloop
endfacet
facet normal -0.902571 0.426834 -0.0563691
  outer loop
    vertex -7.842245594312874 3.367107721227535 -44.03295044891313
    vertex -8.182648671267867 2.885605181982088 -42.22848252274048
    vertex -7.430322897875246 4.452137183745701 -42.41259273105043
  endloop
endfacet
facet normal -0.00442727 0.999017 -0.0441173
  outer loop
    vertex -0.0268047914136632 8.235549415654843 -47.83132557949425
    vertex -1.029498924451535 8.306622172377315 -46.12129169794577
    vertex 0.9525009379063065 8.314904942933277 -46.13263026739396
  endloop
endfacet
facet normal -0.693809 0.71857 -0.0478082
  outer loop
    vertex -5.556367044801831 7.136954388986731 -37.54872606013618
    vertex -6.277917134191444 6.331702275105083 -39.18049076290865
    vertex -6.96595119877263 5.783723810398037 -37.43176257596354
  endloop
endfacet
facet normal -0.00479936 0.993567 -0.11314
  outer loop
    vertex -1.029498924451535 8.306622172377315 -46.12129169794577
    vertex -0.0295529284073021 8.501415321743183 -44.45308053772065
    vertex 0.9525009379063065 8.314904942933277 -46.13263026739396
  endloop
endfacet
facet normal 0.899462 0.433586 -0.0545037
  outer loop
    vertex 7.39070126600281 4.52027207676074 -42.39491751629782
    vertex 8.168584279490586 2.93020203924936 -42.20695999113778
    vertex 7.811025536665611 3.448757315567103 -43.98247954945088
  endloop
endfacet
facet normal -0.774283 0.623326 -0.109316
  outer loop
    vertex -6.277917134191444 6.331702275105083 -39.18049076290865
    vertex -7.514037434808911 4.819987649361211 -39.04494983627897
    vertex -6.96595119877263 5.783723810398037 -37.43176257596354
  endloop
endfacet
facet normal 0.111288 0.987509 -0.111541
  outer loop
    vertex -0.0295529284073021 8.501415321743183 -44.45308053772065
    vertex 0.9480153798068968 8.582589246657593 -42.75906711072841
    vertex 1.915832643007753 8.28430503968273 -44.43425867322524
  endloop
endfacet
facet normal 0.815024 0.569499 -0.106799
  outer loop
    vertex 6.736683771993905 4.779336162756343 -47.52323441810172
    vertex 7.124900359631014 3.924666597742777 -49.11808155506509
    vertex 6.097533426915533 5.364922541746971 -49.27824159673346
  endloop
endfacet
facet normal 0.785472 0.609009 -0.110193
  outer loop
    vertex 6.857818415761777 5.498754672354979 -40.7855610369909
    vertex 7.39070126600281 4.52027207676074 -42.39491751629782
    vertex 6.182080312100036 6.053403689977827 -42.53691556484267
  endloop
endfacet
facet normal 0.0818937 0.991221 -0.103802
  outer loop
    vertex 1.895593195070494 11.00330034963196 -10.60474926595114
    vertex -0.06867933305486598 11.16393755269574 -10.62049641771303
    vertex 0.9147233713963722 11.26126538025645 -8.915250023960782
  endloop
endfacet
facet normal -0.790938 0.601887 -0.110223
  outer loop
    vertex -6.235702120476778 5.996410893323719 -42.55225456399201
    vertex -7.430322897875246 4.452137183745701 -42.41259273105043
    vertex -6.907635854118483 5.433957677234558 -40.80193066459432
  endloop
endfacet
facet normal -0.800272 0.597585 -0.0495662
  outer loop
    vertex -7.069545640074159 6.472121337603665 -30.6890602790058
    vertex -7.653211634078523 5.556566164658959 -32.30366506396656
    vertex -8.243567939526825 4.911646520480384 -30.54739258229126
  endloop
endfacet
facet normal 0.85815 0.501233 -0.1111
  outer loop
    vertex 7.39070126600281 4.52027207676074 -42.39491751629782
    vertex 7.811025536665611 3.448757315567103 -43.98247954945088
    vertex 6.800152477204994 5.141268858564701 -44.15473649939404
  endloop
endfacet
facet normal -0.862592 0.493529 -0.111193
  outer loop
    vertex -6.844249356243179 5.080219094390163 -44.17138926531255
    vertex -7.842245594312874 3.367107721227535 -44.03295044891313
    vertex -7.430322897875246 4.452137183745701 -42.41259273105043
  endloop
endfacet
facet normal -0.815711 0.577177 -0.0385162
  outer loop
    vertex -6.775204419837844 4.722237421092218 -47.54018890646907
    vertex -7.41524272440778 3.931878982168022 -45.8289733229351
    vertex -6.189741872938501 5.657547102098638 -45.92344546687224
  endloop
endfacet
facet normal -0.825419 0.553257 -0.112202
  outer loop
    vertex -6.139574991998984 5.314853699525641 -49.29408844903312
    vertex -7.24015418921767 3.703042594030265 -49.14530843993099
    vertex -6.775204419837844 4.722237421092218 -47.54018890646907
  endloop
endfacet
facet normal -0.0051187 0.998978 -0.0449153
  outer loop
    vertex -0.0295529284073021 8.501415321743183 -44.45308053772065
    vertex -1.038599623410615 8.572817295285754 -42.750007217265
    vertex 0.9480153798068968 8.582589246657593 -42.75906711072841
  endloop
endfacet
facet normal 0.686177 0.719218 -0.109025
  outer loop
    vertex 6.910275461345718 5.852086035194849 -37.41570863748877
    vertex 5.487614117429385 7.191322736082045 -37.53489052193902
    vertex 6.251152098209123 6.726860101399173 -35.79333696980562
  endloop
endfacet
facet normal -0.00539909 0.993681 -0.112109
  outer loop
    vertex -1.038599623410615 8.572817295285754 -42.750007217265
    vertex -0.0323260572898387 8.767278946277511 -41.07485833839016
    vertex 0.9480153798068968 8.582589246657593 -42.75906711072841
  endloop
endfacet
facet normal 0.797785 0.600629 -0.0527657
  outer loop
    vertex 6.141971476370885 5.711175176107439 -45.90784607934206
    vertex 7.215958768010385 4.298126207326323 -45.75447682831336
    vertex 6.736683771993905 4.779336162756343 -47.52323441810172
  endloop
endfacet
facet normal 0.686773 0.725297 -0.0478321
  outer loop
    vertex 6.910275461345718 5.852086035194849 -37.41570863748877
    vertex 6.218329237566095 6.39189070920621 -39.16539489731222
    vertex 5.487614117429385 7.191322736082045 -37.53489052193902
  endloop
endfacet
facet normal -0.619512 0.777293 -0.109641
  outer loop
    vertex -5.556367044801831 7.136954388986731 -37.54872606013618
    vertex -4.74226670159403 7.541268164201585 -39.28233965318795
    vertex -6.277917134191444 6.331702275105083 -39.18049076290865
  endloop
endfacet
facet normal 0.111233 0.992766 -0.0452053
  outer loop
    vertex -0.0295529284073021 8.501415321743183 -44.45308053772065
    vertex 1.915832643007753 8.28430503968273 -44.43425867322524
    vertex 0.9525009379063065 8.314904942933277 -46.13263026739396
  endloop
endfacet
facet normal 0.107545 0.993121 -0.0463058
  outer loop
    vertex -0.0323260572898387 8.767278946277511 -41.07485833839016
    vertex 1.913777067593063 8.557387048295057 -41.05660584935541
    vertex 0.9480153798068968 8.582589246657593 -42.75906711072841
  endloop
endfacet
facet normal -0.709399 0.696179 -0.109945
  outer loop
    vertex -5.52971774768086 6.819015289832956 -40.92241089427731
    vertex -6.907635854118483 5.433957677234558 -40.80193066459432
    vertex -6.277917134191444 6.331702275105083 -39.18049076290865
  endloop
endfacet
facet normal -0.286964 0.950413 -0.119863
  outer loop
    vertex -2.870858663463525 6.13851328440006 -66.36877677235015
    vertex -1.942226315063508 6.629314297338572 -64.70037423960557
    vertex -0.9925541318377921 6.700062904824971 -66.41300815700539
  endloop
endfacet
facet normal 0.107598 0.98804 -0.110453
  outer loop
    vertex -0.0323260572898387 8.767278946277511 -41.07485833839016
    vertex 0.9466460639452579 8.850502733745671 -39.37671661502447
    vertex 1.913777067593063 8.557387048295057 -41.05660584935541
  endloop
endfacet
facet normal -0.743771 0.659001 -0.111904
  outer loop
    vertex -5.469135492453066 6.174536926365696 -47.66840765153814
    vertex -6.775204419837844 4.722237421092218 -47.54018890646907
    vertex -6.189741872938501 5.657547102098638 -45.92344546687224
  endloop
endfacet
facet normal 0.703617 0.709028 -0.0469347
  outer loop
    vertex 6.857818415761777 5.498754672354979 -40.7855610369909
    vertex 6.182080312100036 6.053403689977827 -42.53691556484267
    vertex 5.467085460971536 6.870746645948621 -40.90834777230165
  endloop
endfacet
facet normal -0.693104 0.712542 -0.109048
  outer loop
    vertex -6.316775039768149 6.663670149909504 -35.80814493510492
    vertex -5.556367044801831 7.136954388986731 -37.54872606013618
    vertex -6.96595119877263 5.783723810398037 -37.43176257596354
  endloop
endfacet
facet normal -0.710188 0.702447 -0.0469089
  outer loop
    vertex -5.52971774768086 6.819015289832956 -40.92241089427731
    vertex -6.235702120476778 5.996410893323719 -42.55225456399201
    vertex -6.907635854118483 5.433957677234558 -40.80193066459432
  endloop
endfacet
facet normal -0.00523884 0.993796 -0.111095
  outer loop
    vertex -1.037078262545061 8.84113382800389 -39.36698053564099
    vertex -0.0351191563691666 9.033142687294719 -37.69662901014016
    vertex 0.9466460639452579 8.850502733745671 -39.37671661502447
  endloop
endfacet
facet normal 0.70294 0.702704 -0.10992
  outer loop
    vertex 6.218329237566095 6.39189070920621 -39.16539489731222
    vertex 6.857818415761777 5.498754672354979 -40.7855610369909
    vertex 5.467085460971536 6.870746645948621 -40.90834777230165
  endloop
endfacet
facet normal 0.103979 0.993457 -0.0472366
  outer loop
    vertex -0.0351191563691666 9.033142687294719 -37.69662901014016
    vertex 1.911205243761551 8.830467167224487 -37.67485976842444
    vertex 0.9466460639452579 8.850502733745671 -39.37671661502447
  endloop
endfacet
facet normal 0.786559 0.61575 -0.0466655
  outer loop
    vertex 7.39070126600281 4.52027207676074 -42.39491751629782
    vertex 6.800152477204994 5.141268858564701 -44.15473649939404
    vertex 6.182080312100036 6.053403689977827 -42.53691556484267
  endloop
endfacet
facet normal -0.864752 0.499861 -0.0484094
  outer loop
    vertex -6.844249356243179 5.080219094390163 -44.17138926531255
    vertex -7.41524272440778 3.931878982168022 -45.8289733229351
    vertex -7.842245594312874 3.367107721227535 -44.03295044891313
  endloop
endfacet
facet normal -0.433461 0.89442 -0.110112
  outer loop
    vertex -3.856143893794826 8.175682524939697 -37.61737258146647
    vertex -2.962443331035944 8.396345982521792 -39.34306180269966
    vertex -4.74226670159403 7.541268164201585 -39.28233965318795
  endloop
endfacet
facet normal 0.859667 0.50889 -0.044765
  outer loop
    vertex 7.811025536665611 3.448757315567103 -43.98247954945088
    vertex 7.215958768010385 4.298126207326323 -45.75447682831336
    vertex 6.800152477204994 5.141268858564701 -44.15473649939404
  endloop
endfacet
facet normal 0.738298 0.665132 -0.111874
  outer loop
    vertex 6.141971476370885 5.711175176107439 -45.90784607934206
    vertex 6.736683771993905 4.779336162756343 -47.52323441810172
    vertex 5.418547955542543 6.220491325318308 -47.65390925568845
  endloop
endfacet
facet normal -0.887009 0.450325 -0.102095
  outer loop
    vertex -9.727359369155327 4.995985926761763 -13.52794203006368
    vertex -9.154699624208337 5.7218276653222 -15.30167127786399
    vertex -10.01619817773452 4.064903118188554 -15.12534202755452
  endloop
endfacet
facet normal -0.792134 0.608562 -0.0466353
  outer loop
    vertex -6.235702120476778 5.996410893323719 -42.55225456399201
    vertex -6.844249356243179 5.080219094390163 -44.17138926531255
    vertex -7.430322897875246 4.452137183745701 -42.41259273105043
  endloop
endfacet
facet normal 0.990005 0.100225 -0.0992232
  outer loop
    vertex 9.236819919807413 2.078575693463508 -32.17459640488199
    vertex 9.468648713346189 1.696966561206627 -30.24697262316184
    vertex 9.542971104011816 0 -31.21951219512203
  endloop
endfacet
facet normal -0.522144 0.851583 -0.0465911
  outer loop
    vertex -5.556367044801831 7.136954388986731 -37.54872606013618
    vertex -3.856143893794826 8.175682524939697 -37.61737258146647
    vertex -4.74226670159403 7.541268164201585 -39.28233965318795
  endloop
endfacet
facet normal -0.620005 0.783176 -0.0472098
  outer loop
    vertex -4.74226670159403 7.541268164201585 -39.28233965318795
    vertex -5.52971774768086 6.819015289832956 -40.92241089427731
    vertex -6.277917134191444 6.331702275105083 -39.18049076290865
  endloop
endfacet
facet normal -0.00494409 0.998924 -0.0461058
  outer loop
    vertex -0.0323260572898387 8.767278946277511 -41.07485833839016
    vertex -1.037078262545061 8.84113382800389 -39.36698053564099
    vertex 0.9466460639452579 8.850502733745671 -39.37671661502447
  endloop
endfacet
facet normal -0.325256 0.944423 -0.0476808
  outer loop
    vertex -3.856143893794826 8.175682524939697 -37.61737258146647
    vertex -2.010656070533768 8.808370397413027 -37.67466919726899
    vertex -2.962443331035944 8.396345982521792 -39.34306180269966
  endloop
endfacet
facet normal 0.51413 0.856442 -0.0466641
  outer loop
    vertex 4.662096173241173 7.592518082481655 -39.2668990128097
    vertex 3.784681080016609 8.209293343856663 -37.61408511588866
    vertex 5.487614117429385 7.191322736082045 -37.53489052193902
  endloop
endfacet
facet normal -0.862034 0.495229 -0.107913
  outer loop
    vertex -8.243567939526825 4.911646520480384 -30.54739258229126
    vertex -7.653211634078523 5.556566164658959 -32.30366506396656
    vertex -8.648008066644055 3.858956041857438 -32.14758000451273
  endloop
endfacet
facet normal 0.104161 0.988503 -0.109604
  outer loop
    vertex -0.0351191563691666 9.033142687294719 -37.69662901014016
    vertex 0.942387887188662 9.117939696096681 -36.00289459637135
    vertex 1.911205243761551 8.830467167224487 -37.67485976842444
  endloop
endfacet
facet normal -0.718256 0.686762 -0.11165
  outer loop
    vertex -4.605005989167784 5.684173173113111 -59.52276792172252
    vertex -5.87148776518234 4.380983310243665 -59.39130948237909
    vertex -5.347631610304487 5.190724443161285 -57.78058983423722
  endloop
endfacet
facet normal -0.756519 0.652034 -0.0502994
  outer loop
    vertex -6.084727786975925 4.967978715676725 -52.66422631977882
    vertex -6.614370757962558 4.489653042670963 -50.89879202756435
    vertex -5.43461453134722 5.847506751335668 -51.04075971538976
  endloop
endfacet
facet normal 0.101146 0.993688 -0.0485175
  outer loop
    vertex -0.03067737190709564 9.299559666810229 -34.31170482888437
    vertex 1.908319410311806 9.10294391155913 -34.29632129773678
    vertex 0.942387887188662 9.117939696096681 -36.00289459637135
  endloop
endfacet
facet normal -0.00399529 0.998854 -0.0477019
  outer loop
    vertex -0.0351191563691666 9.033142687294719 -37.69662901014016
    vertex -1.015005920944042 9.110062744753318 -36.00389193825301
    vertex 0.942387887188662 9.117939696096681 -36.00289459637135
  endloop
endfacet
facet normal 0.611617 0.783465 -0.110033
  outer loop
    vertex 6.218329237566095 6.39189070920621 -39.16539489731222
    vertex 4.662096173241173 7.592518082481655 -39.2668990128097
    vertex 5.487614117429385 7.191322736082045 -37.53489052193902
  endloop
endfacet
facet normal 0.207519 0.972149 -0.108915
  outer loop
    vertex 1.908319410311806 9.10294391155913 -34.29632129773678
    vertex 2.852574813963358 8.714683050986604 -35.96272761993776
    vertex 0.942387887188662 9.117939696096681 -36.00289459637135
  endloop
endfacet
facet normal 0.423828 0.89898 -0.110475
  outer loop
    vertex 4.662096173241173 7.592518082481655 -39.2668990128097
    vertex 2.870409611570324 8.429080208018529 -39.33310967666198
    vertex 3.784681080016609 8.209293343856663 -37.61408511588866
  endloop
endfacet
facet normal -0.686408 0.718191 -0.114216
  outer loop
    vertex -4.655750953045254 6.315831741524498 -52.77669071788107
    vertex -6.084727786975925 4.967978715676725 -52.66422631977882
    vertex -5.43461453134722 5.847506751335668 -51.04075971538976
  endloop
endfacet
facet normal -0.744767 0.665809 -0.0449435
  outer loop
    vertex -5.469135492453066 6.174536926365696 -47.66840765153814
    vertex -6.139574991998984 5.314853699525641 -49.29408844903312
    vertex -6.775204419837844 4.722237421092218 -47.54018890646907
  endloop
endfacet
facet normal -0.00394464 0.994032 -0.109021
  outer loop
    vertex -1.015005920944042 9.110062744753318 -36.00389193825301
    vertex -0.03067737190709564 9.299559666810229 -34.31170482888437
    vertex 0.942387887188662 9.117939696096681 -36.00289459637135
  endloop
endfacet
facet normal 0.10114 0.988942 -0.108461
  outer loop
    vertex -0.03067737190709564 9.299559666810229 -34.31170482888437
    vertex 0.937222560192211 9.385988059030833 -32.62109156570706
    vertex 1.908319410311806 9.10294391155913 -34.29632129773678
  endloop
endfacet
facet normal 0.815707 0.57629 -0.0501069
  outer loop
    vertex 7.124900359631014 3.924666597742777 -49.11808155506509
    vertex 6.562914097676979 4.566593465539598 -50.88390620515827
    vertex 6.097533426915533 5.364922541746971 -49.27824159673346
  endloop
endfacet
facet normal -0.433865 0.899778 -0.0464819
  outer loop
    vertex -4.74226670159403 7.541268164201585 -39.28233965318795
    vertex -2.962443331035944 8.396345982521792 -39.34306180269966
    vertex -3.879429358349223 7.868139472327154 -41.0086713268568
  endloop
endfacet
facet normal -0.00450953 0.998814 -0.0484801
  outer loop
    vertex -0.03067737190709564 9.299559666810229 -34.31170482888437
    vertex -1.020953451729345 9.376984568068545 -32.6244406518689
    vertex 0.937222560192211 9.385988059030833 -32.62109156570706
  endloop
endfacet
facet normal 0.73918 0.672005 -0.0449745
  outer loop
    vertex 6.736683771993905 4.779336162756343 -47.52323441810172
    vertex 6.097533426915533 5.364922541746971 -49.27824159673346
    vertex 5.418547955542543 6.220491325318308 -47.65390925568845
  endloop
endfacet
facet normal -0.990699 0.111521 -0.0779697
  outer loop
    vertex -7.085942208023612 8.677776443999245e-16 -62.43902439024394
    vertex -6.833861667811225 1.558292095634161 -63.41317043741532
    vertex -6.932377902024348 8.489714408193961e-16 -64.39024390243907
  endloop
endfacet
facet normal 0.991104 0.107836 -0.0780016
  outer loop
    vertex 6.932377902024348 0 -64.39024390243907
    vertex 6.844883601974191 1.50734185285884 -63.41809094277386
    vertex 7.085942208023612 0 -62.43902439024394
  endloop
endfacet
facet normal -0.98837 0.130664 -0.0777864
  outer loop
    vertex -7.5466351260214 9.241962551415088e-16 -56.58536585365859
    vertex -7.213333208552835 1.941151639816842 -57.55966395563082
    vertex -7.393070820022137 9.053900515609807e-16 -58.5365853658537
  endloop
endfacet
facet normal 0.987417 0.13773 -0.0777114
  outer loop
    vertex 7.393070820022137 0 -58.5365853658537
    vertex 7.194959432928182 2.047008218882028 -57.42585907186348
    vertex 7.5466351260214 0 -56.58536585365859
  endloop
endfacet
facet normal -0.991244 0.10653 -0.0780126
  outer loop
    vertex -8.007328044019189 9.806148658830934e-16 -50.73170731707322
    vertex -7.750530384585571 1.685385233185822 -51.69314954555951
    vertex -7.853763738019925 9.618086623025653e-16 -52.68292682926835
  endloop
endfacet
facet normal 0.991625 0.102906 -0.0780426
  outer loop
    vertex 7.853763738019925 0 -52.68292682926835
    vertex 7.764823492730491 1.629137343462868 -51.66485670861361
    vertex 8.007328044019189 0 -50.73170731707322
  endloop
endfacet
facet normal -0.990025 0.117388 -0.0779166
  outer loop
    vertex -8.468020962016977 1.037033476624678e-15 -44.87804878048787
    vertex -8.160711811360791 1.962835973755653 -45.8256085408558
    vertex -8.314456656017715 1.01822727304415e-15 -46.82926829268299
  endloop
endfacet
facet normal 0.992706 0.0918223 -0.0781276
  outer loop
    vertex 8.314456656017715 0 -46.82926829268299
    vertex 8.243996296011554 1.538251382604157 -45.91666617440764
    vertex 8.468020962016977 0 -44.87804878048787
  endloop
endfacet
facet normal -0.990449 0.113732 -0.07795
  outer loop
    vertex -8.928713880014765 1.093452087366263e-15 -39.02439024390252
    vertex -8.604223096974671 2.002436374992032 -40.22579420639696
    vertex -8.775149574015503 1.074645883785734e-15 -40.97560975609763
  endloop
endfacet
facet normal 0.990875 0.109929 -0.0779836
  outer loop
    vertex 8.775149574015503 0 -40.97560975609763
    vertex 8.62321848902106 1.937187043540053 -40.17533245139973
    vertex 8.928713880014765 0 -39.02439024390252
  endloop
endfacet
facet normal 0.797165 0.594373 -0.106064
  outer loop
    vertex 6.800152477204994 5.141268858564701 -44.15473649939404
    vertex 7.215958768010385 4.298126207326323 -45.75447682831336
    vertex 6.141971476370885 5.711175176107439 -45.90784607934206
  endloop
endfacet
facet normal 0.201424 0.973494 -0.10834
  outer loop
    vertex 1.907350057417789 9.374210336959292 -30.92328439211391
    vertex 2.856801169492249 8.992068324752829 -32.59183217174532
    vertex 0.937222560192211 9.385988059030833 -32.62109156570706
  endloop
endfacet
facet normal -0.992606 0.0929004 -0.0781198
  outer loop
    vertex -9.389406798012553 1.149870698107847e-15 -33.17073170731715
    vertex -9.146099269893151 1.727140547870898 -34.2083232044163
    vertex -9.23584249201329 1.131064494527319e-15 -35.12195121951227
  endloop
endfacet
facet normal -0.812837 0.570921 -0.115521
  outer loop
    vertex -6.189741872938501 5.657547102098638 -45.92344546687224
    vertex -7.41524272440778 3.931878982168022 -45.8289733229351
    vertex -6.844249356243179 5.080219094390163 -44.17138926531255
  endloop
endfacet
facet normal 0.776981 0.628163 -0.0413619
  outer loop
    vertex 6.589250722873659 4.041237488353777 -54.2580210925772
    vertex 5.972972162090921 4.690210793324677 -55.97882168203986
    vertex 5.35301781448188 5.561308318678859 -54.39527158046803
  endloop
endfacet
facet normal 0.721084 0.69132 -0.0459846
  outer loop
    vertex 6.800152477204994 5.141268858564701 -44.15473649939404
    vertex 6.141971476370885 5.711175176107439 -45.90784607934206
    vertex 5.444174012149057 6.547205770513139 -44.28134056626106
  endloop
endfacet
facet normal 0.992437 0.094701 -0.0781065
  outer loop
    vertex 9.23584249201329 0 -35.12195121951227
    vertex 9.141856489000768 1.760713033430219 -34.18136231300927
    vertex 9.389406798012553 0 -33.17073170731715
  endloop
endfacet
facet normal -0.826926 0.560616 -0.0436217
  outer loop
    vertex -6.139574991998984 5.314853699525641 -49.29408844903312
    vertex -6.614370757962558 4.489653042670963 -50.89879202756435
    vertex -7.24015418921767 3.703042594030265 -49.14530843993099
  endloop
endfacet
facet normal -0.537317 0.836145 -0.110237
  outer loop
    vertex -4.74226670159403 7.541268164201585 -39.28233965318795
    vertex -3.879429358349223 7.868139472327154 -41.0086713268568
    vertex -5.52971774768086 6.819015289832956 -40.92241089427731
  endloop
endfacet
facet normal -0.727172 0.684916 -0.0459564
  outer loop
    vertex -5.500738359981216 6.498282746194446 -44.29561674630931
    vertex -6.189741872938501 5.657547102098638 -45.92344546687224
    vertex -6.844249356243179 5.080219094390163 -44.17138926531255
  endloop
endfacet
facet normal 0.207283 0.977108 -0.0478913
  outer loop
    vertex 0.942387887188662 9.117939696096681 -36.00289459637135
    vertex 2.852574813963358 8.714683050986604 -35.96272761993776
    vertex 1.911205243761551 8.830467167224487 -37.67485976842444
  endloop
endfacet
facet normal -0.993594 0.0815836 -0.0781976
  outer loop
    vertex -9.850099716010341 1.206289308849432e-15 -27.31707317073179
    vertex -9.650014024232734 1.595473073919685 -28.19484487134236
    vertex -9.696535410011078 1.187483105268904e-15 -29.26829268292691
  endloop
endfacet
facet normal 0.612081 0.789401 -0.0469392
  outer loop
    vertex 6.218329237566095 6.39189070920621 -39.16539489731222
    vertex 5.467085460971536 6.870746645948621 -40.90834777230165
    vertex 4.662096173241173 7.592518082481655 -39.2668990128097
  endloop
endfacet
facet normal -0.337392 0.934831 -0.11071
  outer loop
    vertex -2.962443331035944 8.396345982521792 -39.34306180269966
    vertex -2.025034800245706 8.531759064469176 -41.05641536198449
    vertex -3.879429358349223 7.868139472327154 -41.0086713268568
  endloop
endfacet
facet normal -0.781789 0.622078 -0.0427205
  outer loop
    vertex -5.396809539318353 5.516896811750777 -54.41275985376394
    vertex -6.024468570248422 4.616776064254542 -56.03374115385838
    vertex -6.617239305786842 3.992551239996297 -54.27569683749257
  endloop
endfacet
facet normal -0.652388 0.756532 -0.0452705
  outer loop
    vertex -4.706455882815898 6.930165270098512 -46.03170649399677
    vertex -5.469135492453066 6.174536926365696 -47.66840765153814
    vertex -6.189741872938501 5.657547102098638 -45.92344546687224
  endloop
endfacet
facet normal 0.201495 0.978289 -0.0484874
  outer loop
    vertex 0.937222560192211 9.385988059030833 -32.62109156570706
    vertex 2.856801169492249 8.992068324752829 -32.59183217174532
    vertex 1.908319410311806 9.10294391155913 -34.29632129773678
  endloop
endfacet
facet normal 0.993204 0.0862265 -0.0781669
  outer loop
    vertex 9.696535410011078 0 -29.26829268292691
    vertex 9.63406699324339 1.685495896596221 -28.20274459099395
    vertex 9.850099716010341 0 -27.31707317073179
  endloop
endfacet
facet normal 0.720312 0.684733 -0.110868
  outer loop
    vertex 6.800152477204994 5.141268858564701 -44.15473649939404
    vertex 5.444174012149057 6.547205770513139 -44.28134056626106
    vertex 6.182080312100036 6.053403689977827 -42.53691556484267
  endloop
endfacet
facet normal -0.726286 0.678388 -0.110895
  outer loop
    vertex -6.235702120476778 5.996410893323719 -42.55225456399201
    vertex -5.500738359981216 6.498282746194446 -44.29561674630931
    vertex -6.844249356243179 5.080219094390163 -44.17138926531255
  endloop
endfacet
facet normal -0.687308 0.725106 -0.0427716
  outer loop
    vertex -4.655750953045254 6.315831741524498 -52.77669071788107
    vertex -5.396809539318353 5.516896811750777 -54.41275985376394
    vertex -6.084727786975925 4.967978715676725 -52.66422631977882
  endloop
endfacet
facet normal -0.651767 0.750168 -0.111574
  outer loop
    vertex -5.500738359981216 6.498282746194446 -44.29561674630931
    vertex -4.706455882815898 6.930165270098512 -46.03170649399677
    vertex -6.189741872938501 5.657547102098638 -45.92344546687224
  endloop
endfacet
facet normal -0.552323 0.832381 -0.0456252
  outer loop
    vertex -5.500738359981216 6.498282746194446 -44.29561674630931
    vertex -3.869162853309287 7.576035418419231 -44.38450213421317
    vertex -4.706455882815898 6.930165270098512 -46.03170649399677
  endloop
endfacet
facet normal -0.347292 0.936682 -0.0448962
  outer loop
    vertex -3.869162853309287 7.576035418419231 -44.38450213421317
    vertex -2.01735209973552 8.260348420652278 -44.43206141998337
    vertex -2.968376745935178 7.827598561859183 -46.10404838908077
  endloop
endfacet
facet normal -0.85751 0.512186 -0.0484032
  outer loop
    vertex -6.024468570248422 4.616776064254542 -56.03374115385838
    vertex -6.492602947428894 3.681114857533045 -57.64112970048127
    vertex -6.950547681092527 3.082246274750976 -55.86521638838492
  endloop
endfacet
facet normal 0.64542 0.762501 -0.0449916
  outer loop
    vertex 6.141971476370885 5.711175176107439 -45.90784607934206
    vertex 5.418547955542543 6.220491325318308 -47.65390925568845
    vertex 4.638973098211757 6.977020732649859 -46.01580293572511
  endloop
endfacet
facet normal -0.669675 0.741338 -0.0442088
  outer loop
    vertex -4.686116153799929 6.621143036392427 -49.40589393660134
    vertex -5.43461453134722 5.847506751335668 -51.04075971538976
    vertex -6.139574991998984 5.314853699525641 -49.29408844903312
  endloop
endfacet
facet normal -0.459801 0.886882 -0.0449807
  outer loop
    vertex -2.968376745935178 7.827598561859183 -46.10404838908077
    vertex -3.858020686300637 7.282368366929462 -47.76020940011223
    vertex -4.706455882815898 6.930165270098512 -46.03170649399677
  endloop
endfacet
facet normal 0.746241 0.663853 -0.0492222
  outer loop
    vertex 6.562914097676979 4.566593465539598 -50.88390620515827
    vertex 6.04819743093478 5.014387238555643 -52.6480143414508
    vertex 5.317381910821852 5.95687381574428 -51.01646937938582
  endloop
endfacet
facet normal -0.459581 0.881064 -0.111856
  outer loop
    vertex -3.869162853309287 7.576035418419231 -44.38450213421317
    vertex -2.968376745935178 7.827598561859183 -46.10404838908077
    vertex -4.706455882815898 6.930165270098512 -46.03170649399677
  endloop
endfacet
facet normal 0.644826 0.756081 -0.111988
  outer loop
    vertex 6.141971476370885 5.711175176107439 -45.90784607934206
    vertex 4.638973098211757 6.977020732649859 -46.01580293572511
    vertex 5.444174012149057 6.547205770513139 -44.28134056626106
  endloop
endfacet
facet normal 0.7821 0.611497 -0.119962
  outer loop
    vertex 5.047937331271791 4.327707240982833 -67.98944894732286
    vertex 5.678581982628102 3.223468166298632 -69.50669508147178
    vertex 4.460878339054397 4.753124852317465 -69.64829212134754
  endloop
endfacet
facet normal -0.756016 0.645536 -0.108271
  outer loop
    vertex -5.43461453134722 5.847506751335668 -51.04075971538976
    vertex -6.614370757962558 4.489653042670963 -50.89879202756435
    vertex -6.139574991998984 5.314853699525641 -49.29408844903312
  endloop
endfacet
facet normal -0.993514 0.0825548 -0.0781913
  outer loop
    vertex -10.31079263400813 1.262707919591016e-15 -21.46341463414643
    vertex -10.09450883328556 1.689244931105237 -22.4280453724045
    vertex -10.15722832800887 1.243901716010488e-15 -23.41463414634155
  endloop
endfacet
facet normal -0.567349 0.815791 -0.112256
  outer loop
    vertex -4.706455882815898 6.930165270098512 -46.03170649399677
    vertex -3.858020686300637 7.282368366929462 -47.76020940011223
    vertex -5.469135492453066 6.174536926365696 -47.66840765153814
  endloop
endfacet
facet normal 0.543738 0.838062 -0.0447439
  outer loop
    vertex 4.638973098211757 6.977020732649859 -46.01580293572511
    vertex 3.779179836747567 7.622930929337639 -44.36617495554725
    vertex 5.444174012149057 6.547205770513139 -44.28134056626106
  endloop
endfacet
facet normal 0.0977115 0.994011 -0.0489369
  outer loop
    vertex -0.04070955956612513 9.564881431684073 -30.94001431456796
    vertex 1.907350057417789 9.374210336959292 -30.92328439211391
    vertex 0.937222560192211 9.385988059030833 -32.62109156570706
  endloop
endfacet
facet normal -0.00438549 0.994104 -0.10834
  outer loop
    vertex -1.020953451729345 9.376984568068545 -32.6244406518689
    vertex -0.04070955956612513 9.564881431684073 -30.94001431456796
    vertex 0.937222560192211 9.385988059030833 -32.62109156570706
  endloop
endfacet
facet normal 0.449728 0.886048 -0.112531
  outer loop
    vertex 4.638973098211757 6.977020732649859 -46.01580293572511
    vertex 2.871739578805666 7.865049439366247 -46.08634400968327
    vertex 3.779179836747567 7.622930929337639 -44.36617495554725
  endloop
endfacet
facet normal -0.668974 0.734702 -0.112632
  outer loop
    vertex -5.469135492453066 6.174536926365696 -47.66840765153814
    vertex -4.686116153799929 6.621143036392427 -49.40589393660134
    vertex -6.139574991998984 5.314853699525641 -49.29408844903312
  endloop
endfacet
facet normal -0.797924 0.601241 -0.0427461
  outer loop
    vertex -5.87148776518234 4.380983310243665 -59.39130948237909
    vertex -6.492602947428894 3.681114857533045 -57.64112970048127
    vertex -5.347631610304487 5.190724443161285 -57.78058983423722
  endloop
endfacet
facet normal 0.74546 0.657288 -0.110739
  outer loop
    vertex 6.562914097676979 4.566593465539598 -50.88390620515827
    vertex 5.317381910821852 5.95687381574428 -51.01646937938582
    vertex 6.097533426915533 5.364922541746971 -49.27824159673346
  endloop
endfacet
facet normal 0.990199 0.127165 -0.0577446
  outer loop
    vertex 7.393070820022137 0 -58.5365853658537
    vertex 7.119377903996975 1.679349635265184 -59.53158126195228
    vertex 7.194959432928182 2.047008218882028 -57.42585907186348
  endloop
endfacet
facet normal -0.472702 0.880151 -0.0434479
  outer loop
    vertex -4.686116153799929 6.621143036392427 -49.40589393660134
    vertex -2.948655984986871 7.550791635438473 -49.47655798968701
    vertex -3.845861134307334 6.987034925077844 -51.13555964720617
  endloop
endfacet
facet normal 0.990278 0.115215 -0.0779366
  outer loop
    vertex 7.239506514022874 0 -60.48780487804882
    vertex 7.119377903996975 1.679349635265184 -59.53158126195228
    vertex 7.393070820022137 0 -58.5365853658537
  endloop
endfacet
facet normal 0.540344 0.83478 -0.105693
  outer loop
    vertex 6.353668240798009 8.037369312792535 -22.29419246986883
    vertex 4.704292468557747 9.093496813416902 -22.38497694711037
    vertex 5.560164783807506 8.758781173696045 -20.65306021197224
  endloop
endfacet
facet normal -0.00435834 0.99877 -0.0493966
  outer loop
    vertex -0.04070955956612513 9.564881431684073 -30.94001431456796
    vertex -1.020725557167837 9.64432123900634 -29.24731920598631
    vertex 0.9367943301727257 9.652910009066007 -29.24637429647827
  endloop
endfacet
facet normal -0.583531 0.804139 -0.113367
  outer loop
    vertex -4.686116153799929 6.621143036392427 -49.40589393660134
    vertex -3.845861134307334 6.987034925077844 -51.13555964720617
    vertex -5.43461453134722 5.847506751335668 -51.04075971538976
  endloop
endfacet
facet normal -0.583989 0.810604 -0.043332
  outer loop
    vertex -3.845861134307334 6.987034925077844 -51.13555964720617
    vertex -4.655750953045254 6.315831741524498 -52.77669071788107
    vertex -5.43461453134722 5.847506751335668 -51.04075971538976
  endloop
endfacet
facet normal 0.680885 0.731183 -0.0420303
  outer loop
    vertex 6.04819743093478 5.014387238555643 -52.6480143414508
    vertex 5.35301781448188 5.561308318678859 -54.39527158046803
    vertex 4.591818348976301 6.364231788418183 -52.75847892845744
  endloop
endfacet
facet normal 0.570568 0.819966 -0.0459031
  outer loop
    vertex 4.591818348976301 6.364231788418183 -52.75847892845744
    vertex 3.757996877684918 7.036324857596697 -51.11715799406947
    vertex 5.317381910821852 5.95687381574428 -51.01646937938582
  endloop
endfacet
facet normal -0.462439 0.880357 -0.105458
  outer loop
    vertex -4.819062833181683 9.332859764328125 -19.0135496394494
    vertex -3.922472613611926 9.597244440684747 -20.73807748994807
    vertex -5.661425666873734 8.692545821434253 -20.6650550759673
  endloop
endfacet
facet normal 0.679985 0.724335 -0.113839
  outer loop
    vertex 6.04819743093478 5.014387238555643 -52.6480143414508
    vertex 4.591818348976301 6.364231788418183 -52.75847892845744
    vertex 5.317381910821852 5.95687381574428 -51.01646937938582
  endloop
endfacet
facet normal 0.993396 0.0839794 -0.0781819
  outer loop
    vertex 10.15722832800887 0 -23.41463414634155
    vertex 10.1111878850371 1.721858989831847 -22.15009248107771
    vertex 10.31079263400813 0 -21.46341463414643
  endloop
endfacet
facet normal 0.308461 0.943106 -0.124108
  outer loop
    vertex 1.929348800884557 6.076332982325937 -71.46882972397695
    vertex 2.847367523840985 5.557830827681924 -73.12730060944756
    vertex 0.974540567843279 6.164979197662319 -73.16829768263865
  endloop
endfacet
facet normal 0.0977612 0.989349 -0.107846
  outer loop
    vertex -0.04070955956612513 9.564881431684073 -30.94001431456796
    vertex 0.9367943301727257 9.652910009066007 -29.24637429647827
    vertex 1.907350057417789 9.374210336959292 -30.92328439211391
  endloop
endfacet
facet normal -0.486035 0.866407 -0.114495
  outer loop
    vertex -3.845861134307334 6.987034925077844 -51.13555964720617
    vertex -2.939827467110725 7.268373202766663 -52.85275969523246
    vertex -4.655750953045254 6.315831741524498 -52.77669071788107
  endloop
endfacet
facet normal -0.567755 0.82199 -0.0445802
  outer loop
    vertex -5.469135492453066 6.174536926365696 -47.66840765153814
    vertex -3.858020686300637 7.282368366929462 -47.76020940011223
    vertex -4.686116153799929 6.621143036392427 -49.40589393660134
  endloop
endfacet
facet normal -0.391223 0.919386 -0.0409135
  outer loop
    vertex -3.798845751204876 6.402852506393302 -57.87699787295818
    vertex -1.995403221720526 7.167475183211565 -57.93966638455791
    vertex -2.939781759644944 6.691296112983256 -59.60977893227931
  endloop
endfacet
facet normal 0.47798 0.870965 -0.113823
  outer loop
    vertex 4.591818348976301 6.364231788418183 -52.75847892845744
    vertex 2.877428660817928 7.294301537051873 -52.84093315695088
    vertex 3.757996877684918 7.036324857596697 -51.11715799406947
  endloop
endfacet
facet normal 0.495801 0.867483 -0.0406764
  outer loop
    vertex 3.776757000662932 6.416247633300344 -57.87326213078136
    vertex 2.877222887291202 7.008098925095468 -56.21553194837065
    vertex 4.598905709328253 6.027650555470856 -56.1395478182941
  endloop
endfacet
facet normal -0.287484 0.95193 -0.10575
  outer loop
    vertex -2.975906781850644 10.06904371647598 -19.06435184211063
    vertex -2.033164094667504 10.16331932069864 -20.77857321361451
    vertex -3.922472613611926 9.597244440684747 -20.73807748994807
  endloop
endfacet
facet normal 0.69976 0.705226 -0.113985
  outer loop
    vertex 5.972972162090921 4.690210793324677 -55.97882168203986
    vertex 4.598905709328253 6.027650555470856 -56.1395478182941
    vertex 5.35301781448188 5.561308318678859 -54.39527158046803
  endloop
endfacet
facet normal -0.704882 0.699829 -0.115674
  outer loop
    vertex -5.396809539318353 5.516896811750777 -54.41275985376394
    vertex -4.627251635647589 6.004898887468306 -56.14980201560916
    vertex -6.024468570248422 4.616776064254542 -56.03374115385838
  endloop
endfacet
facet normal 0.699452 0.713329 -0.0439129
  outer loop
    vertex 5.972972162090921 4.690210793324677 -55.97882168203986
    vertex 5.321817404798193 5.218496873433482 -57.76894065555887
    vertex 4.598905709328253 6.027650555470856 -56.1395478182941
  endloop
endfacet
facet normal -0.47231 0.874089 -0.113541
  outer loop
    vertex -4.686116153799929 6.621143036392427 -49.40589393660134
    vertex -3.858020686300637 7.282368366929462 -47.76020940011223
    vertex -2.948655984986871 7.550791635438473 -49.47655798968701
  endloop
endfacet
facet normal 0.92865 0.358347 -0.0958997
  outer loop
    vertex 7.119377903996975 1.679349635265184 -59.53158126195228
    vertex 6.544040476141373 3.445600775020012 -58.50296202309255
    vertex 7.194959432928182 2.047008218882028 -57.42585907186348
  endloop
endfacet
facet normal 0.553364 0.831426 -0.0502016
  outer loop
    vertex 5.536471141191485 8.137998079048957 -27.41059063444849
    vertex 4.690853793099101 8.800322365253042 -25.76245009898719
    vertex 6.331845177210417 7.713619950309583 -25.67175615012991
  endloop
endfacet
facet normal -0.705916 0.707097 -0.0411902
  outer loop
    vertex -4.627251635647589 6.004898887468306 -56.14980201560916
    vertex -5.347631610304487 5.190724443161285 -57.78058983423722
    vertex -6.024468570248422 4.616776064254542 -56.03374115385838
  endloop
endfacet
facet normal 0.6139 0.788286 -0.0416196
  outer loop
    vertex 5.321817404798193 5.218496873433482 -57.76894065555887
    vertex 4.527854930572782 5.742438326074768 -59.55650167534802
    vertex 3.776757000662932 6.416247633300344 -57.87326213078136
  endloop
endfacet
facet normal -0.796622 0.593709 -0.11359
  outer loop
    vertex -5.347631610304487 5.190724443161285 -57.78058983423722
    vertex -6.492602947428894 3.681114857533045 -57.64112970048127
    vertex -6.024468570248422 4.616776064254542 -56.03374115385838
  endloop
endfacet
facet normal 0.613427 0.781216 -0.115792
  outer loop
    vertex 5.321817404798193 5.218496873433482 -57.76894065555887
    vertex 3.776757000662932 6.416247633300344 -57.87326213078136
    vertex 4.598905709328253 6.027650555470856 -56.1395478182941
  endloop
endfacet
facet normal 0.420214 0.905861 -0.05325
  outer loop
    vertex 3.799024011158599 10.50269255608945 -10.56308058504456
    vertex 5.584791361837239 9.678372334487186 -10.49389825804599
    vertex 4.707667854668056 9.983252685562908 -12.22910930502566
  endloop
endfacet
facet normal -0.617378 0.785616 -0.0406499
  outer loop
    vertex -3.798845751204876 6.402852506393302 -57.87699787295818
    vertex -4.605005989167784 5.684173173113111 -59.52276792172252
    vertex -5.347631610304487 5.190724443161285 -57.78058983423722
  endloop
endfacet
facet normal -0.616615 0.77862 -0.116346
  outer loop
    vertex -4.627251635647589 6.004898887468306 -56.14980201560916
    vertex -3.798845751204876 6.402852506393302 -57.87699787295818
    vertex -5.347631610304487 5.190724443161285 -57.78058983423722
  endloop
endfacet
facet normal -0.179388 0.982329 -0.0533849
  outer loop
    vertex -2.031006053547461 10.97880151454227 -10.60863209338261
    vertex -2.995196711622708 10.89603570536177 -8.891646120456748
    vertex -1.056250037517096 11.24874682408431 -8.916851223458382
  endloop
endfacet
facet normal -0.518448 0.847204 -0.116004
  outer loop
    vertex -3.798845751204876 6.402852506393302 -57.87699787295818
    vertex -2.939781759644944 6.691296112983256 -59.60977893227931
    vertex -4.605005989167784 5.684173173113111 -59.52276792172252
  endloop
endfacet
facet normal 0.66021 0.742535 -0.112975
  outer loop
    vertex 4.622794499365865 4.96184910537765 -66.30598669061955
    vertex 5.047937331271791 4.327707240982833 -67.98944894732286
    vertex 3.701346939178896 5.521430375254591 -68.01291758870272
  endloop
endfacet
facet normal -0.562709 0.819781 -0.106379
  outer loop
    vertex -5.643435016643179 8.385372395486103 -24.04569247572562
    vertex -4.797993631836373 8.741136163138584 -25.77619790238623
    vertex -6.416488519741173 7.641921187335883 -25.68570613471194
  endloop
endfacet
facet normal -0.989319 0.123231 -0.0778611
  outer loop
    vertex -6.932377902024348 8.489714408193961e-16 -64.39024390243907
    vertex -6.64735862064524 1.682114397478361 -65.34945959457265
    vertex -6.778813596025086 8.30165237238868e-16 -66.34146341463418
  endloop
endfacet
facet normal -0.98918 0.117563 -0.0877597
  outer loop
    vertex -6.833861667811225 1.558292095634161 -63.41317043741532
    vertex -6.64735862064524 1.682114397478361 -65.34945959457265
    vertex -6.932377902024348 8.489714408193961e-16 -64.39024390243907
  endloop
endfacet
facet normal 0.635354 0.770346 -0.0537807
  outer loop
    vertex 6.424845523144214 9.309165550555374 -8.754304199281274
    vertex 7.943990689185934 8.063747173122861 -8.646613691847685
    vertex 7.197807745022645 8.556837995056231 -10.39890894976249
  endloop
endfacet
facet normal 0.0948525 0.994244 -0.049824
  outer loop
    vertex -0.0434696604877641 9.831029058877627 -27.55816772779855
    vertex 1.905468889029338 9.645760349082538 -27.5449322042952
    vertex 0.9367943301727257 9.652910009066007 -29.24637429647827
  endloop
endfacet
facet normal 0.597679 0.800031 -0.0522422
  outer loop
    vertex 6.373144140172746 8.358987689571222 -18.91438900021417
    vertex 5.568900674629604 9.067133540131032 -17.27090592419844
    vertex 7.142151942562135 7.898426819403588 -17.16949538805287
  endloop
endfacet
facet normal 0.990044 0.117228 -0.0779181
  outer loop
    vertex 6.778813596025086 0 -66.34146341463418
    vertex 6.666722370342423 1.60122063605931 -65.35667828412555
    vertex 6.932377902024348 0 -64.39024390243907
  endloop
endfacet
facet normal 0.98995 0.112621 -0.0855252
  outer loop
    vertex 6.932377902024348 0 -64.39024390243907
    vertex 6.666722370342423 1.60122063605931 -65.35667828412555
    vertex 6.844883601974191 1.50734185285884 -63.41809094277386
  endloop
endfacet
facet normal 0.176082 0.98299 -0.0522133
  outer loop
    vertex 0.9272246096192016 10.72377645666666 -15.70756580291821
    vertex 2.861545315710091 10.37883977053828 -15.67827609347999
    vertex 1.903237971897662 10.45947673139264 -17.39192148091191
  endloop
endfacet
facet normal 0.611242 0.789759 -0.0516223
  outer loop
    vertex 6.353668240798009 8.037369312792535 -22.29419246986883
    vertex 5.560164783807506 8.758781173696045 -20.65306021197224
    vertex 7.111622818718854 7.564812345669164 -20.54906838139872
  endloop
endfacet
facet normal 0.26158 0.96375 -0.0525578
  outer loop
    vertex 1.900817282156136 10.73111038035819 -14.00023671802343
    vertex 3.798253794536311 10.21845294608904 -13.95729371198086
    vertex 2.861545315710091 10.37883977053828 -15.67827609347999
  endloop
endfacet
facet normal -0.537949 0.841382 -0.0518316
  outer loop
    vertex -6.472369822771446 8.281112402160275 -18.927231737223
    vertex -4.819062833181683 9.332859764328125 -19.0135496394494
    vertex -5.661425666873734 8.692545821434253 -20.6650550759673
  endloop
endfacet
facet normal -0.967991 0.23864 -0.0777509
  outer loop
    vertex -10.09450883328556 1.689244931105237 -22.4280453724045
    vertex -9.658438371380742 3.169142683909294 -23.31484062087097
    vertex -9.940952576386289 1.676388103427704 -24.37926551812691
  endloop
endfacet
facet normal -0.00431032 0.994207 -0.107399
  outer loop
    vertex -1.020725557167837 9.64432123900634 -29.24731920598631
    vertex -0.0434696604877641 9.831029058877627 -27.55816772779855
    vertex 0.9367943301727257 9.652910009066007 -29.24637429647827
  endloop
endfacet
facet normal -0.0971247 0.993918 -0.051903
  outer loop
    vertex -1.033632094814008 10.44589327699064 -19.09859220708706
    vertex -2.008246004791594 10.43969398057765 -17.39353847544053
    vertex -0.05371728877972721 10.63014732990619 -17.40390394979086
  endloop
endfacet
facet normal 0.160004 0.986545 -0.0335733
  outer loop
    vertex -0.0009000690890389126 6.10722761128106 -74.8747715919972
    vertex 1.939044637479302 5.793543352561242 -74.84688851211325
    vertex 1.060225556494629 5.876297912751643 -76.60345869147267
  endloop
endfacet
facet normal -0.992775 0.0910631 -0.0781331
  outer loop
    vertex -10.61792124600666 1.300320326752073e-15 -17.56097560975619
    vertex -10.36670022645834 1.91792503388888 -18.51772433245076
    vertex -10.46435694000739 1.281514123171545e-15 -19.51219512195132
  endloop
endfacet
facet normal -0.00741564 0.99477 -0.101868
  outer loop
    vertex 0.8991007030616093 11.53139291782528 -5.50952256826013
    vertex -1.069631705709799 11.51719780398577 -5.504824965637795
    vertex -0.1261974693880357 11.70504104079176 -3.739165186663671
  endloop
endfacet
facet normal 0.610918 0.784669 -0.105229
  outer loop
    vertex 5.560164783807506 8.758781173696045 -20.65306021197224
    vertex 6.373144140172746 8.358987689571222 -18.91438900021417
    vertex 7.111622818718854 7.564812345669164 -20.54906838139872
  endloop
endfacet
facet normal 0.343079 0.937816 -0.0529032
  outer loop
    vertex 2.860158808010238 10.65595163019231 -12.28533111727396
    vertex 4.707667854668056 9.983252685562908 -12.22910930502566
    vertex 3.798253794536311 10.21845294608904 -13.95729371198086
  endloop
endfacet
facet normal -0.876185 0.470805 -0.10316
  outer loop
    vertex -10.1719593915285 4.38082723201233 -11.75049733432429
    vertex -9.789004215859523 5.445034328375097 -10.14624471037088
    vertex -9.231218069246232 6.096207603149187 -11.91193604037382
  endloop
endfacet
facet normal 0.145426 0.981938 -0.121034
  outer loop
    vertex 0.9685296882307868 6.703685642000944 -66.41165343494046
    vertex 1.929437834545493 6.355242150601181 -68.08398755511941
    vertex -0.01071681591942263 6.640047824135713 -68.10453983573802
  endloop
endfacet
facet normal 0.661275 0.742874 -0.10418
  outer loop
    vertex 7.862868448532114 7.384089992136845 -15.41844759308462
    vertex 6.391680715231922 8.677709164099312 -15.53232584030675
    vertex 7.170150289983283 8.229510297657187 -13.78700631710533
  endloop
endfacet
facet normal 0.452286 0.890389 -0.05143
  outer loop
    vertex 4.704292468557747 9.093496813416902 -22.38497694711037
    vertex 3.811522787786571 9.642709390955648 -20.72787033618588
    vertex 5.560164783807506 8.758781173696045 -20.65306021197224
  endloop
endfacet
facet normal -0.00629893 0.998555 -0.0533605
  outer loop
    vertex -0.06867933305486598 11.16393755269574 -10.62049641771303
    vertex -1.056250037517096 11.24874682408431 -8.916851223458382
    vertex 0.9147233713963722 11.26126538025645 -8.915250023960782
  endloop
endfacet
facet normal 0.556557 0.830329 -0.0282387
  outer loop
    vertex 4.622794499365865 4.96184910537765 -66.30598669061955
    vertex 3.701346939178896 5.521430375254591 -68.01291758870272
    vertex 2.847849652716413 6.149568372516352 -66.36477937368244
  endloop
endfacet
facet normal -0.371652 0.926964 -0.0511122
  outer loop
    vertex -4.819062833181683 9.332859764328125 -19.0135496394494
    vertex -2.975906781850644 10.06904371647598 -19.06435184211063
    vertex -3.922472613611926 9.597244440684747 -20.73807748994807
  endloop
endfacet
facet normal 0.295507 0.9547 -0.0349868
  outer loop
    vertex 0.969805464636957 6.434972038498853 -69.78704146223519
    vertex 2.847366925250384 5.855364032346689 -69.74468432383192
    vertex 1.929348800884557 6.076332982325937 -71.46882972397695
  endloop
endfacet
facet normal -0.00510612 0.998654 -0.0516067
  outer loop
    vertex -0.05020738041924733 10.3632217460966 -20.79569426326357
    vertex -1.033632094814008 10.44589327699064 -19.09859220708706
    vertex 0.9280988964308011 10.45616083075741 -19.0940014419321
  endloop
endfacet
facet normal -0.00503123 0.998623 -0.0522095
  outer loop
    vertex -0.05371728877972721 10.63014732990619 -17.40390394979086
    vertex -1.035909607268433 10.71400721671754 -15.70524481392812
    vertex 0.9272246096192016 10.72377645666666 -15.70756580291821
  endloop
endfacet
facet normal -0.0969985 0.989736 -0.104948
  outer loop
    vertex -0.05371728877972721 10.63014732990619 -17.40390394979086
    vertex -2.008246004791594 10.43969398057765 -17.39353847544053
    vertex -1.035909607268433 10.71400721671754 -15.70524481392812
  endloop
endfacet
facet normal -0.142351 0.989084 -0.0380762
  outer loop
    vertex -0.9925541318377921 6.700062904824971 -66.41300815700539
    vertex -1.942226315063508 6.629314297338572 -64.70037423960557
    vertex -0.01355342449146719 6.905874826539863 -64.72682841420146
  endloop
endfacet
facet normal 0.989831 0.119024 -0.0779014
  outer loop
    vertex 6.625249290025824 0 -68.2926829268293
    vertex 6.515728869745239 1.589978364588115 -67.25497898779352
    vertex 6.778813596025086 0 -66.34146341463418
  endloop
endfacet
facet normal 0.767511 0.631767 -0.108617
  outer loop
    vertex 6.910275461345718 5.852086035194849 -37.41570863748877
    vertex 7.455089590687061 4.913472227899875 -39.02535894159487
    vertex 6.218329237566095 6.39189070920621 -39.16539489731222
  endloop
endfacet
facet normal 0.089501 0.994669 -0.0512112
  outer loop
    vertex -0.05020738041924733 10.3632217460966 -20.79569426326357
    vertex 1.90401240570209 10.18818322873987 -20.78009035467272
    vertex 0.9318162627566544 10.1879143146221 -22.48440591357521
  endloop
endfacet
facet normal 0.0870807 0.994852 -0.0518275
  outer loop
    vertex -0.05371728877972721 10.63014732990619 -17.40390394979086
    vertex 1.903237971897662 10.45947673139264 -17.39192148091191
    vertex 0.9280988964308011 10.45616083075741 -19.0940014419321
  endloop
endfacet
facet normal -0.00522869 0.998705 -0.0506063
  outer loop
    vertex -0.04684528100102903 10.09684906399052 -24.18044464132338
    vertex -1.042032686928363 10.17820114753637 -22.47215348401327
    vertex 0.9318162627566544 10.1879143146221 -22.48440591357521
  endloop
endfacet
facet normal 0.59739 0.795097 -0.10462
  outer loop
    vertex 7.142151942562135 7.898426819403588 -17.16949538805287
    vertex 5.568900674629604 9.067133540131032 -17.27090592419844
    vertex 6.391680715231922 8.677709164099312 -15.53232584030675
  endloop
endfacet
facet normal -0.00468142 0.99873 -0.0501625
  outer loop
    vertex -0.0434696604877641 9.831029058877627 -27.55816772779855
    vertex -1.02465923142183 9.911323609417732 -25.86794157134128
    vertex 0.9331875029984844 9.920756522557637 -25.86284940768026
  endloop
endfacet
facet normal 0.993802 0.0789989 -0.0782139
  outer loop
    vertex 10.61792124600666 0 -17.56097560975619
    vertex 10.56121055195861 1.689733401153141 -16.5748597387471
    vertex 10.77148555200592 0 -15.60975609756107
  endloop
endfacet
facet normal 0.283465 0.958277 -0.0367876
  outer loop
    vertex 2.847849652716413 6.149568372516352 -66.36477937368244
    vertex 1.929437834545493 6.355242150601181 -68.08398755511941
    vertex 0.9685296882307868 6.703685642000944 -66.41165343494046
  endloop
endfacet
facet normal 0.783569 0.619885 -0.0419735
  outer loop
    vertex 5.678581982628102 3.223468166298632 -69.50669508147178
    vertex 5.231940148892383 3.66708536153528 -71.29313083597877
    vertex 4.460878339054397 4.753124852317465 -69.64829212134754
  endloop
endfacet
facet normal -0.567408 0.814685 -0.119734
  outer loop
    vertex -2.863383006802044 5.847139099558542 -69.74935681469802
    vertex -4.47740107778959 4.736711508991142 -69.65616261517049
    vertex -3.635521058807061 5.56575015641974 -68.00486521606317
  endloop
endfacet
facet normal 0.66316 0.747238 -0.0430578
  outer loop
    vertex 5.047937331271791 4.327707240982833 -67.98944894732286
    vertex 4.460878339054397 4.753124852317465 -69.64829212134754
    vertex 3.701346939178896 5.521430375254591 -68.01291758870272
  endloop
endfacet
facet normal 0.0920814 0.994473 -0.0504494
  outer loop
    vertex -0.04684528100102903 10.09684906399052 -24.18044464132338
    vertex 1.904676469108602 9.91695979443012 -24.16450868721996
    vertex 0.9331875029984844 9.920756522557637 -25.86284940768026
  endloop
endfacet
facet normal 0.661712 0.747905 -0.0526723
  outer loop
    vertex 7.142151942562135 7.898426819403588 -17.16949538805287
    vertex 6.391680715231922 8.677709164099312 -15.53232584030675
    vertex 7.862868448532114 7.384089992136845 -15.41844759308462
  endloop
endfacet
facet normal -0.513199 0.851935 -0.104084
  outer loop
    vertex -5.707165911167429 9.605948247665044 -10.50231376809201
    vertex -4.81763426924047 9.930218088942357 -12.23408224187095
    vertex -6.510643023579388 8.920287646604516 -12.1528451040013
  endloop
endfacet
facet normal -0.909475 0.404849 -0.0946214
  outer loop
    vertex -10.59920179847282 3.665426287729992 -9.973122402177532
    vertex -10.10030275256815 5.151039336605518 -8.412024200282845
    vertex -9.789004215859523 5.445034328375097 -10.14624471037088
  endloop
endfacet
facet normal -0.992807 0.0907105 -0.0781356
  outer loop
    vertex -10.92504985800518 1.337932733913129e-15 -13.65853658536594
    vertex -10.66035218285262 1.964423194120565 -14.7412680418218
    vertex -10.77148555200592 1.319126530332601e-15 -15.60975609756107
  endloop
endfacet
facet normal -0.297578 0.946843 -0.122209
  outer loop
    vertex -0.9857752224822668 6.432814652170222 -69.78365455637903
    vertex -2.863383006802044 5.847139099558542 -69.74935681469802
    vertex -1.950980543817895 6.348346200674238 -68.08782205894512
  endloop
endfacet
facet normal -0.186194 0.981126 -0.0521786
  outer loop
    vertex -2.008246004791594 10.43969398057765 -17.39353847544053
    vertex -2.968143273251232 10.3485488577274 -15.68206379500797
    vertex -1.035909607268433 10.71400721671754 -15.70524481392812
  endloop
endfacet
facet normal 0.693159 0.718748 -0.0541421
  outer loop
    vertex 7.224206540115429 8.881362020547765 -7.007694314162707
    vertex 8.643073957285848 7.522035595479417 -6.887881373055692
    vertex 7.943990689185934 8.063747173122861 -8.646613691847685
  endloop
endfacet
facet normal 0.0948115 0.989728 -0.107003
  outer loop
    vertex -0.0434696604877641 9.831029058877627 -27.55816772779855
    vertex 0.9331875029984844 9.920756522557637 -25.86284940768026
    vertex 1.905468889029338 9.645760349082538 -27.5449322042952
  endloop
endfacet
facet normal 0.849777 0.524775 -0.0499007
  outer loop
    vertex 9.279918002921256 6.954067300028797 -5.128532565670969
    vertex 10.4031135077495 5.148672033924428 -4.987438159803042
    vertex 9.809165615871057 5.943537153414043 -6.742893992318468
  endloop
endfacet
facet normal 0.452207 0.885661 -0.105425
  outer loop
    vertex 3.811522787786571 9.642709390955648 -20.72787033618588
    vertex 4.709174895579217 9.389755269525066 -19.00254530365147
    vertex 5.560164783807506 8.758781173696045 -20.65306021197224
  endloop
endfacet
facet normal -0.684971 0.724777 -0.0742509
  outer loop
    vertex -8.645909277096511 7.782408981795625 -4.668120883818211
    vertex -7.272891366393361 8.982885438881244 -5.616243833364239
    vertex -8.462007650746891 7.755127924014649 -6.63092379982071
  endloop
endfacet
facet normal 0.989815 0.118142 -0.0794309
  outer loop
    vertex 6.515728869745239 1.589978364588115 -67.25497898779352
    vertex 6.666722370342423 1.60122063605931 -65.35667828412555
    vertex 6.778813596025086 0 -66.34146341463418
  endloop
endfacet
facet normal 0.929857 0.359965 -0.076094
  outer loop
    vertex 6.515728869745239 1.589978364588115 -67.25497898779352
    vertex 5.949425189496484 3.259974649951772 -66.27515297250814
    vertex 6.666722370342423 1.60122063605931 -65.35667828412555
  endloop
endfacet
facet normal -0.594862 0.802102 -0.0526472
  outer loop
    vertex -7.272753146936136 8.137788070686984 -13.79827647934633
    vertex -5.695140836266215 9.301583281722872 -13.89287272921525
    vertex -6.470285241268589 8.618796588870927 -15.5370257722997
  endloop
endfacet
facet normal -0.422634 0.905372 -0.0410263
  outer loop
    vertex -1.950980543817895 6.348346200674238 -68.08782205894512
    vertex -2.863383006802044 5.847139099558542 -69.74935681469802
    vertex -3.635521058807061 5.56575015641974 -68.00486521606317
  endloop
endfacet
facet normal -0.788137 0.610892 -0.0751706
  outer loop
    vertex -9.772488685856382 6.44008491538799 -3.765046518470474
    vertex -8.645909277096511 7.782408981795625 -4.668120883818211
    vertex -9.599370223384536 6.424293493727894 -5.708465974788437
  endloop
endfacet
facet normal 0.772056 0.633303 -0.0534593
  outer loop
    vertex 7.904241663837029 7.725820904867341 -12.03476699338411
    vertex 9.152210840009923 6.215717943112738 -11.90103720511534
    vertex 8.533825512943977 6.821031726567894 -13.66089913445577
  endloop
endfacet
facet normal 0.361076 0.931122 -0.0513468
  outer loop
    vertex 3.811522787786571 9.642709390955648 -20.72787033618588
    vertex 2.866641243616073 10.10119124024605 -19.05828063345263
    vertex 4.709174895579217 9.389755269525066 -19.00254530365147
  endloop
endfacet
facet normal -0.371353 0.922439 -0.105847
  outer loop
    vertex -4.819062833181683 9.332859764328125 -19.0135496394494
    vertex -3.919283183479034 9.885939196122509 -17.35033199923451
    vertex -2.975906781850644 10.06904371647598 -19.06435184211063
  endloop
endfacet
facet normal 0.08955 0.990371 -0.105572
  outer loop
    vertex -0.05020738041924733 10.3632217460966 -20.79569426326357
    vertex 0.9280988964308011 10.45616083075741 -19.0940014419321
    vertex 1.90401240570209 10.18818322873987 -20.78009035467272
  endloop
endfacet
facet normal -0.635402 0.764236 -0.110489
  outer loop
    vertex -5.52971774768086 6.819015289832956 -40.92241089427731
    vertex -4.72684656901285 7.235571852640795 -42.65830943950731
    vertex -6.235702120476778 5.996410893323719 -42.55225456399201
  endloop
endfacet
facet normal -0.00495848 0.994433 -0.105252
  outer loop
    vertex -1.033632094814008 10.44589327699064 -19.09859220708706
    vertex -0.05371728877972721 10.63014732990619 -17.40390394979086
    vertex 0.9280988964308011 10.45616083075741 -19.0940014419321
  endloop
endfacet
facet normal 0.171274 0.983813 -0.0526958
  outer loop
    vertex 1.900817282156136 10.73111038035819 -14.00023671802343
    vertex 0.9169001527453124 10.99278211633416 -12.3128862792058
    vertex 2.860158808010238 10.65595163019231 -12.28533111727396
  endloop
endfacet
facet normal 0.0870403 0.990655 -0.105012
  outer loop
    vertex -0.05371728877972721 10.63014732990619 -17.40390394979086
    vertex 0.9272246096192016 10.72377645666666 -15.70756580291821
    vertex 1.903237971897662 10.45947673139264 -17.39192148091191
  endloop
endfacet
facet normal -0.00555366 0.994303 -0.106449
  outer loop
    vertex -1.042032686928363 10.17820114753637 -22.47215348401327
    vertex -0.05020738041924733 10.3632217460966 -20.79569426326357
    vertex 0.9318162627566544 10.1879143146221 -22.48440591357521
  endloop
endfacet
facet normal -0.551958 0.826417 -0.111251
  outer loop
    vertex -5.500738359981216 6.498282746194446 -44.29561674630931
    vertex -4.72684656901285 7.235571852640795 -42.65830943950731
    vertex -3.869162853309287 7.576035418419231 -44.38450213421317
  endloop
endfacet
facet normal 0.571907 0.813767 -0.103464
  outer loop
    vertex 5.584791361837239 9.678372334487186 -10.49389825804599
    vertex 6.424845523144214 9.309165550555374 -8.754304199281274
    vertex 7.197807745022645 8.556837995056231 -10.39890894976249
  endloop
endfacet
facet normal 0.0921304 0.990054 -0.106321
  outer loop
    vertex -0.04684528100102903 10.09684906399052 -24.18044464132338
    vertex 0.9318162627566544 10.1879143146221 -22.48440591357521
    vertex 1.904676469108602 9.91695979443012 -24.16450868721996
  endloop
endfacet
facet normal 0.426694 0.903673 -0.0361604
  outer loop
    vertex 3.701346939178896 5.521430375254591 -68.01291758870272
    vertex 2.847366925250384 5.855364032346689 -69.74468432383192
    vertex 1.929437834545493 6.355242150601181 -68.08398755511941
  endloop
endfacet
facet normal -0.00451294 0.994281 -0.106697
  outer loop
    vertex -1.02465923142183 9.911323609417732 -25.86794157134128
    vertex -0.04684528100102903 10.09684906399052 -24.18044464132338
    vertex 0.9331875029984844 9.920756522557637 -25.86284940768026
  endloop
endfacet
facet normal -0.411353 0.903723 -0.118628
  outer loop
    vertex -2.884936450759167 6.424256960625754 -62.99359945671687
    vertex -1.942226315063508 6.629314297338572 -64.70037423960557
    vertex -3.707323997056164 5.836217776675403 -64.62165018959055
  endloop
endfacet
facet normal 0.44137 0.891212 -0.104566
  outer loop
    vertex 5.568900674629604 9.067133540131032 -17.27090592419844
    vertex 3.811418302463499 9.927567685235161 -17.35574748820305
    vertex 4.701609160441655 9.690229963664981 -15.62109004177207
  endloop
endfacet
facet normal 0.0846391 0.995026 -0.0525391
  outer loop
    vertex 0.9272246096192016 10.72377645666666 -15.70756580291821
    vertex -0.05735304819522994 10.89700450232458 -14.01296888096765
    vertex 1.900817282156136 10.73111038035819 -14.00023671802343
  endloop
endfacet
facet normal 0.426632 0.896338 -0.120678
  outer loop
    vertex 3.701346939178896 5.521430375254591 -68.01291758870272
    vertex 1.929437834545493 6.355242150601181 -68.08398755511941
    vertex 2.847849652716413 6.149568372516352 -66.36477937368244
  endloop
endfacet
facet normal 0.768363 0.638172 -0.0485228
  outer loop
    vertex 6.218329237566095 6.39189070920621 -39.16539489731222
    vertex 7.455089590687061 4.913472227899875 -39.02535894159487
    vertex 6.857818415761777 5.498754672354979 -40.7855610369909
  endloop
endfacet
facet normal 0.176127 0.97879 -0.104639
  outer loop
    vertex 0.9272246096192016 10.72377645666666 -15.70756580291821
    vertex 1.900817282156136 10.73111038035819 -14.00023671802343
    vertex 2.861545315710091 10.37883977053828 -15.67827609347999
  endloop
endfacet
facet normal 0.98818 0.132107 -0.0777714
  outer loop
    vertex 6.318120678027298 0 -72.19512195121953
    vertex 6.171667654931864 1.680174714844219 -71.20194320574001
    vertex 6.47168498402656 0 -70.24390243902442
  endloop
endfacet
facet normal 0.0793547 0.991494 -0.103166
  outer loop
    vertex 1.888910761814886 11.27609404583746 -7.20175539882099
    vertex -0.07577237880477182 11.43177859773196 -7.216746749553756
    vertex 0.8991007030616093 11.53139291782528 -5.50952256826013
  endloop
endfacet
facet normal -0.261038 0.959876 -0.102454
  outer loop
    vertex -3.933751691951857 10.73768349611871 -7.171769799328594
    vertex -2.899933484855108 11.1991961841951 -5.481949092094338
    vertex -2.03597954654761 11.25013565121942 -7.205931832713493
  endloop
endfacet
facet normal -0.00585714 0.994561 -0.103993
  outer loop
    vertex 0.9169001527453124 10.99278211633416 -12.3128862792058
    vertex -1.047481541855631 10.98078345023647 -12.31699953709139
    vertex -0.06867933305486598 11.16393755269574 -10.62049641771303
  endloop
endfacet
facet normal 0.261608 0.959523 -0.104294
  outer loop
    vertex 1.900817282156136 10.73111038035819 -14.00023671802343
    vertex 2.860158808010238 10.65595163019231 -12.28533111727396
    vertex 3.798253794536311 10.21845294608904 -13.95729371198086
  endloop
endfacet
facet normal 0.343075 0.933538 -0.10395
  outer loop
    vertex 2.860158808010238 10.65595163019231 -12.28533111727396
    vertex 3.799024011158599 10.50269255608945 -10.56308058504456
    vertex 4.707667854668056 9.983252685562908 -12.22910930502566
  endloop
endfacet
facet normal 0.151994 0.987801 -0.0338698
  outer loop
    vertex -0.009904243311168943 6.374308159034832 -71.48109454628663
    vertex 1.929348800884557 6.076332982325937 -71.46882972397695
    vertex 0.974540567843279 6.164979197662319 -73.16829768263865
  endloop
endfacet
facet normal 0.543275 0.832031 -0.112143
  outer loop
    vertex 3.779179836747567 7.622930929337639 -44.36617495554725
    vertex 4.647873987616586 7.288005875916236 -42.64273877483101
    vertex 5.444174012149057 6.547205770513139 -44.28134056626106
  endloop
endfacet
facet normal 0.627692 0.770491 -0.111115
  outer loop
    vertex 6.182080312100036 6.053403689977827 -42.53691556484267
    vertex 4.647873987616586 7.288005875916236 -42.64273877483101
    vertex 5.467085460971536 6.870746645948621 -40.90834777230165
  endloop
endfacet
facet normal 0.704295 0.697795 -0.130577
  outer loop
    vertex 5.231940148892383 3.66708536153528 -71.29313083597877
    vertex 3.685733359425632 5.209392844200059 -71.39094430181839
    vertex 4.460878339054397 4.753124852317465 -69.64829212134754
  endloop
endfacet
facet normal 0.16697 0.984516 -0.0533852
  outer loop
    vertex 1.895593195070494 11.00330034963196 -10.60474926595114
    vertex 0.9147233713963722 11.26126538025645 -8.915250023960782
    vertex 2.857584184954917 10.93326334956413 -8.887577226741817
  endloop
endfacet
facet normal 0.993574 0.0818286 -0.078196
  outer loop
    vertex 11.07861416400445 0 -11.70731707317081
    vertex 11.01050118868264 1.825987058020575 -10.66196062388632
    vertex 11.23217847000371 0 -9.756097560975665
  endloop
endfacet
facet normal -0.988732 0.127884 -0.0778149
  outer loop
    vertex -6.625249290025824 8.113590336583399e-16 -68.2926829268293
    vertex -6.334637418437095 1.666543912229653 -69.24639115980678
    vertex -6.47168498402656 7.925528300778116e-16 -70.24390243902442
  endloop
endfacet
facet normal -0.179313 0.978335 -0.103475
  outer loop
    vertex -2.995196711622708 10.89603570536177 -8.891646120456748
    vertex -2.03597954654761 11.25013565121942 -7.205931832713493
    vertex -1.056250037517096 11.24874682408431 -8.916851223458382
  endloop
endfacet
facet normal 0.220677 0.974262 -0.0459838
  outer loop
    vertex 0.9480153798068968 8.582589246657593 -42.75906711072841
    vertex 2.853935356398749 8.152668822860619 -42.72126705282585
    vertex 1.915832643007753 8.28430503968273 -44.43425867322524
  endloop
endfacet
facet normal 0.994206 0.0737075 -0.0782457
  outer loop
    vertex 11.38574277600297 0 -7.804878048780534
    vertex 11.33797352697457 1.690420227839135 -6.819465884755963
    vertex 11.53930708200224 0 -5.853658536585404
  endloop
endfacet
facet normal 0.255082 0.965458 -0.0531409
  outer loop
    vertex 2.860158808010238 10.65595163019231 -12.28533111727396
    vertex 1.895593195070494 11.00330034963196 -10.60474926595114
    vertex 3.799024011158599 10.50269255608945 -10.56308058504456
  endloop
endfacet
facet normal -0.987743 0.135357 -0.077737
  outer loop
    vertex -6.318120678027298 7.737466264972835e-16 -72.19512195121953
    vertex -6.012612015871977 1.679431400100715 -73.15273054065048
    vertex -6.164556372028035 7.549404229167553e-16 -74.14634146341466
  endloop
endfacet
facet normal 0.660465 0.742035 -0.114765
  outer loop
    vertex 6.097533426915533 5.364922541746971 -49.27824159673346
    vertex 4.590871608031418 6.689657775685342 -49.38365052352302
    vertex 5.418547955542543 6.220491325318308 -47.65390925568845
  endloop
endfacet
facet normal -0.501607 0.859058 -0.102024
  outer loop
    vertex -6.500502889675692 9.255744386371946 -8.762089925229827
    vertex -5.723742733523471 9.906195487085672 -7.104179503938659
    vertex -4.843188485946621 10.21425143788871 -8.839589368290008
  endloop
endfacet
facet normal 0.570477 0.813729 -0.11136
  outer loop
    vertex 3.757996877684918 7.036324857596697 -51.11715799406947
    vertex 4.590871608031418 6.689657775685342 -49.38365052352302
    vertex 5.317381910821852 5.95687381574428 -51.01646937938582
  endloop
endfacet
facet normal -0.994131 0.0747083 -0.0782398
  outer loop
    vertex -11.38574277600297 1.394351344654714e-15 -7.804878048780534
    vertex -11.18271805441124 1.690293993731665 -8.770552299254566
    vertex -11.23217847000371 1.375545141074186e-15 -9.756097560975665
  endloop
endfacet
facet normal 0.167008 0.980515 -0.103436
  outer loop
    vertex 0.9147233713963722 11.26126538025645 -8.915250023960782
    vertex 1.888910761814886 11.27609404583746 -7.20175539882099
    vertex 2.857584184954917 10.93326334956413 -8.887577226741817
  endloop
endfacet
facet normal 0.634977 0.765623 -0.103079
  outer loop
    vertex 6.424845523144214 9.309165550555374 -8.754304199281274
    vertex 7.224206540115429 8.881362020547765 -7.007694314162707
    vertex 7.943990689185934 8.063747173122861 -8.646613691847685
  endloop
endfacet
facet normal 0.255104 0.961336 -0.103705
  outer loop
    vertex 1.895593195070494 11.00330034963196 -10.60474926595114
    vertex 2.857584184954917 10.93326334956413 -8.887577226741817
    vertex 3.799024011158599 10.50269255608945 -10.56308058504456
  endloop
endfacet
facet normal 0.830496 0.54731 -0.103572
  outer loop
    vertex 8.533825512943977 6.821031726567894 -13.66089913445577
    vertex 9.152210840009923 6.215717943112738 -11.90103720511534
    vertex 9.62370240183124 5.196076388109724 -13.50850291422251
  endloop
endfacet
facet normal 0.235588 0.970863 -0.0438633
  outer loop
    vertex 0.9536306534601172 8.046752912329044 -49.51526848877034
    vertex 2.852373618098843 7.587836423299381 -49.47477859291159
    vertex 1.919758165423025 7.736670252508764 -51.18955530754223
  endloop
endfacet
facet normal 0.804572 0.58496 -0.102395
  outer loop
    vertex 8.643073957285848 7.522035595479417 -6.887881373055692
    vertex 9.279918002921256 6.954067300028797 -5.128532565670969
    vertex 9.809165615871057 5.943537153414043 -6.742893992318468
  endloop
endfacet
facet normal -0.889304 0.444833 -0.106126
  outer loop
    vertex -8.328686664454837 5.279472608376611 -27.17822945423653
    vertex -9.21484230766473 3.54699381612504 -27.01428698204056
    vertex -8.8528789323691 4.644658788418124 -25.44651708943007
  endloop
endfacet
facet normal 0.527886 0.847728 -0.0519042
  outer loop
    vertex 4.709174895579217 9.389755269525066 -19.00254530365147
    vertex 6.373144140172746 8.358987689571222 -18.91438900021417
    vertex 5.560164783807506 8.758781173696045 -20.65306021197224
  endloop
endfacet
facet normal 0.401847 0.914136 -0.0536127
  outer loop
    vertex 4.712714779947795 10.5690400810712 -5.436551064006893
    vertex 3.788177019629153 11.07308490874131 -3.771959232170262
    vertex 5.623839311387834 10.27145243420194 -3.681433673348879
  endloop
endfacet
facet normal -0.921848 0.378025 -0.0854062
  outer loop
    vertex -6.453486677957804 1.827937855041065 -67.24920742265115
    vertex -5.782860155120953 3.246558677044002 -68.20864014228205
    vertex -6.334637418437095 1.666543912229653 -69.24639115980678
  endloop
endfacet
facet normal 0.706758 0.707076 -0.023166
  outer loop
    vertex 5.231940148892383 3.66708536153528 -71.29313083597877
    vertex 4.484319012494254 4.357649947428618 -73.02436604755415
    vertex 3.685733359425632 5.209392844200059 -71.39094430181839
  endloop
endfacet
facet normal 0.33488 0.936579 -0.103324
  outer loop
    vertex 2.857584184954917 10.93326334956413 -8.887577226741817
    vertex 3.797821496389374 10.78696479285509 -7.166320825576418
    vertex 4.711855637189639 10.27529901665378 -8.841867605588341
  endloop
endfacet
facet normal -0.635922 0.770362 -0.0463225
  outer loop
    vertex -6.235702120476778 5.996410893323719 -42.55225456399201
    vertex -4.72684656901285 7.235571852640795 -42.65830943950731
    vertex -5.500738359981216 6.498282746194446 -44.29561674630931
  endloop
endfacet
facet normal -0.0947348 0.994106 -0.0527191
  outer loop
    vertex -2.005362458728772 10.71199241117188 -14.00115564440571
    vertex -0.05735304819522994 10.89700450232458 -14.01296888096765
    vertex -1.035909607268433 10.71400721671754 -15.70524481392812
  endloop
endfacet
facet normal 0.481399 0.874805 -0.0545171
  outer loop
    vertex 5.592984677938885 9.980942185365365 -7.100434285438908
    vertex 4.712714779947795 10.5690400810712 -5.436551064006893
    vertex 6.428729728939284 9.629708611488645 -5.356657554575801
  endloop
endfacet
facet normal 0.560244 0.826569 -0.0539491
  outer loop
    vertex 6.424845523144214 9.309165550555374 -8.754304199281274
    vertex 5.592984677938885 9.980942185365365 -7.100434285438908
    vertex 7.224206540115429 8.881362020547765 -7.007694314162707
  endloop
endfacet
facet normal -0.871203 0.485378 -0.0735734
  outer loop
    vertex -10.70874548774727 4.899734241203454 -2.84055247580422
    vertex -9.772488685856382 6.44008491538799 -3.765046518470474
    vertex -10.51836935595453 4.947726211123699 -4.778236628723687
  endloop
endfacet
facet normal 0.624371 0.77386 -0.106307
  outer loop
    vertex 7.077968985408445 7.228772927316657 -23.92633989902592
    vertex 5.538410659370923 8.456354723615339 -24.03243149430534
    vertex 6.353668240798009 8.037369312792535 -22.29419246986883
  endloop
endfacet
facet normal -0.594458 0.79739 -0.103872
  outer loop
    vertex -6.510643023579388 8.920287646604516 -12.1528451040013
    vertex -5.695140836266215 9.301583281722872 -13.89287272921525
    vertex -7.272753146936136 8.137788070686984 -13.79827647934633
  endloop
endfacet
facet normal 0.560001 0.822088 -0.102807
  outer loop
    vertex 5.592984677938885 9.980942185365365 -7.100434285438908
    vertex 6.428729728939284 9.629708611488645 -5.356657554575801
    vertex 7.224206540115429 8.881362020547765 -7.007694314162707
  endloop
endfacet
facet normal 0.481303 0.87057 -0.102247
  outer loop
    vertex 4.712714779947795 10.5690400810712 -5.436551064006893
    vertex 5.623839311387834 10.27145243420194 -3.681433673348879
    vertex 6.428729728939284 9.629708611488645 -5.356657554575801
  endloop
endfacet
facet normal -0.918798 0.387489 -0.0752555
  outer loop
    vertex -6.334637418437095 1.666543912229653 -69.24639115980678
    vertex -5.562153524363528 3.322954413134026 -70.14886103743926
    vertex -6.17691530428418 1.660653556254819 -71.20235620470083
  endloop
endfacet
facet normal -0.199832 0.978555 -0.0499682
  outer loop
    vertex -1.02465923142183 9.911323609417732 -25.86794157134128
    vertex -1.986821250254637 9.62898663472412 -27.54923703116554
    vertex -2.94734834171946 9.519375322162659 -25.85448483874093
  endloop
endfacet
facet normal -0.0946611 0.990044 -0.104171
  outer loop
    vertex -1.047481541855631 10.98078345023647 -12.31699953709139
    vertex -0.05735304819522994 10.89700450232458 -14.01296888096765
    vertex -2.005362458728772 10.71199241117188 -14.00115564440571
  endloop
endfacet
facet normal 0.527714 0.842913 -0.104957
  outer loop
    vertex 4.709174895579217 9.389755269525066 -19.00254530365147
    vertex 5.568900674629604 9.067133540131032 -17.27090592419844
    vertex 6.373144140172746 8.358987689571222 -18.91438900021417
  endloop
endfacet
facet normal -0.103302 0.988884 -0.106945
  outer loop
    vertex -0.0434696604877641 9.831029058877627 -27.55816772779855
    vertex -1.986821250254637 9.62898663472412 -27.54923703116554
    vertex -1.02465923142183 9.911323609417732 -25.86794157134128
  endloop
endfacet
facet normal 0.553074 0.826275 -0.106675
  outer loop
    vertex 4.690853793099101 8.800322365253042 -25.76245009898719
    vertex 5.538410659370923 8.456354723615339 -24.03243149430534
    vertex 6.331845177210417 7.713619950309583 -25.67175615012991
  endloop
endfacet
facet normal 0.443642 0.887801 -0.122435
  outer loop
    vertex 1.929348800884557 6.076332982325937 -71.46882972397695
    vertex 2.847366925250384 5.855364032346689 -69.74468432383192
    vertex 3.685733359425632 5.209392844200059 -71.39094430181839
  endloop
endfacet
facet normal 0.628192 0.776705 -0.0458649
  outer loop
    vertex 5.444174012149057 6.547205770513139 -44.28134056626106
    vertex 4.647873987616586 7.288005875916236 -42.64273877483101
    vertex 6.182080312100036 6.053403689977827 -42.53691556484267
  endloop
endfacet
facet normal 0.984144 0.159566 -0.0774538
  outer loop
    vertex 6.010992066028773 0 -76.09756097560977
    vertex 5.790312542583346 1.928342105565386 -74.92889154743781
    vertex 6.164556372028035 0 -74.14634146341466
  endloop
endfacet
facet normal -0.484496 0.873396 -0.0494192
  outer loop
    vertex -5.62433033035301 8.076280474984708 -27.42358279273524
    vertex -3.893038726591389 9.032139384235062 -27.50372208540261
    vertex -4.785665675860876 8.44356135179536 -29.15465252182746
  endloop
endfacet
facet normal -0.989301 0.123373 -0.0778597
  outer loop
    vertex -6.010992066028773 7.361342193362271e-16 -76.09756097560977
    vertex -5.753929551656766 1.457788990200969 -77.05389537703589
    vertex -5.857427760029509 7.173280157556989e-16 -78.0487804878049
  endloop
endfacet
facet normal -0.445991 0.893891 -0.0452915
  outer loop
    vertex -3.869162853309287 7.576035418419231 -44.38450213421317
    vertex -4.72684656901285 7.235571852640795 -42.65830943950731
    vertex -2.955104862532434 8.11607786368541 -42.72685063170277
  endloop
endfacet
facet normal 0.160125 0.979193 -0.124668
  outer loop
    vertex 0.974540567843279 6.164979197662319 -73.16829768263865
    vertex 1.939044637479302 5.793543352561242 -74.84688851211325
    vertex -0.0009000690890389126 6.10722761128106 -74.8747715919972
  endloop
endfacet
facet normal -0.513457 0.856479 -0.0529609
  outer loop
    vertex -6.510643023579388 8.920287646604516 -12.1528451040013
    vertex -4.81763426924047 9.930218088942357 -12.23408224187095
    vertex -5.695140836266215 9.301583281722872 -13.89287272921525
  endloop
endfacet
facet normal 0.220778 0.968999 -0.110897
  outer loop
    vertex 1.913777067593063 8.557387048295057 -41.05660584935541
    vertex 2.853935356398749 8.152668822860619 -42.72126705282585
    vertex 0.9480153798068968 8.582589246657593 -42.75906711072841
  endloop
endfacet
facet normal 0.661382 0.748883 -0.0418103
  outer loop
    vertex 5.317381910821852 5.95687381574428 -51.01646937938582
    vertex 4.590871608031418 6.689657775685342 -49.38365052352302
    vertex 6.097533426915533 5.364922541746971 -49.27824159673346
  endloop
endfacet
facet normal -0.994295 0.0724782 -0.0782527
  outer loop
    vertex -11.6928713880015 1.431963751815771e-15 -3.90243902439026
    vertex -11.49332199048876 1.684539441347548 -4.877723694951854
    vertex -11.53930708200224 1.413157548235243e-15 -5.853658536585404
  endloop
endfacet
facet normal 0.744456 0.659873 -0.101747
  outer loop
    vertex 7.980325280789624 8.398155132369107 -5.271771878119456
    vertex 8.681952659582636 7.879150307397607 -3.504129637103006
    vertex 9.279918002921256 6.954067300028797 -5.128532565670969
  endloop
endfacet
facet normal 0.564846 0.816255 -0.121144
  outer loop
    vertex 4.460878339054397 4.753124852317465 -69.64829212134754
    vertex 2.847366925250384 5.855364032346689 -69.74468432383192
    vertex 3.701346939178896 5.521430375254591 -68.01291758870272
  endloop
endfacet
facet normal 0.653997 0.754928 -0.0486977
  outer loop
    vertex 6.267410486206131 7.070843698440175 -32.41778853973304
    vertex 5.504502832931339 7.836716003173931 -30.79062335537026
    vertex 7.001697455902939 6.547234996530397 -30.67366806584347
  endloop
endfacet
facet normal 0.235702 0.965231 -0.113018
  outer loop
    vertex 1.917814824239268 8.010754024149316 -47.81188677891759
    vertex 2.852373618098843 7.587836423299381 -49.47477859291159
    vertex 0.9536306534601172 8.046752912329044 -49.51526848877034
  endloop
endfacet
facet normal -0.903986 0.414186 -0.106113
  outer loop
    vertex -7.344794174135042 2.406671782566231 -54.26768296743661
    vertex -7.128298873531353 3.328049372320609 -52.51565797327692
    vertex -6.617239305786842 3.992551239996297 -54.27569683749257
  endloop
endfacet
facet normal -0.843016 0.526464 -0.110271
  outer loop
    vertex -6.084727786975925 4.967978715676725 -52.66422631977882
    vertex -7.128298873531353 3.328049372320609 -52.51565797327692
    vertex -6.614370757962558 4.489653042670963 -50.89879202756435
  endloop
endfacet
facet normal -0.931514 0.35618 -0.0735983
  outer loop
    vertex -11.2223415842928 3.298817536571048 -3.848166626112923
    vertex -10.51836935595453 4.947726211123699 -4.778236628723687
    vertex -11.03742028959645 3.374259238529169 -5.823565642301732
  endloop
endfacet
facet normal 0.443577 0.895574 -0.0344562
  outer loop
    vertex 3.685733359425632 5.209392844200059 -71.39094430181839
    vertex 2.847367523840985 5.557830827681924 -73.12730060944756
    vertex 1.929348800884557 6.076332982325937 -71.46882972397695
  endloop
endfacet
facet normal -0.603704 0.795801 -0.0473529
  outer loop
    vertex -6.316775039768149 6.663670149909504 -35.80814493510492
    vertex -4.73568923773836 7.857138302890077 -35.90835863112771
    vertex -5.556367044801831 7.136954388986731 -37.54872606013618
  endloop
endfacet
facet normal -0.932558 0.351368 -0.0829206
  outer loop
    vertex -11.2223415842928 3.298817536571048 -3.848166626112923
    vertex -10.70874548774727 4.899734241203454 -2.84055247580422
    vertex -10.51836935595453 4.947726211123699 -4.778236628723687
  endloop
endfacet
facet normal 0.151482 0.980811 -0.122728
  outer loop
    vertex 0.969805464636957 6.434972038498853 -69.78704146223519
    vertex 1.929348800884557 6.076332982325937 -71.46882972397695
    vertex -0.009904243311168943 6.374308159034832 -71.48109454628663
  endloop
endfacet
facet normal -0.843828 0.534113 -0.0517457
  outer loop
    vertex -7.430322897875246 4.452137183745701 -42.41259273105043
    vertex -7.89581089439306 3.887912229146512 -40.64564013976621
    vertex -6.907635854118483 5.433957677234558 -40.80193066459432
  endloop
endfacet
facet normal 0.837815 0.543379 -0.0529589
  outer loop
    vertex 6.857818415761777 5.498754672354979 -40.7855610369909
    vertex 7.848211772411777 3.98817753233496 -40.61655555677451
    vertex 7.39070126600281 4.52027207676074 -42.39491751629782
  endloop
endfacet
facet normal 0.410568 0.905992 -0.103013
  outer loop
    vertex 5.592984677938885 9.980942185365365 -7.100434285438908
    vertex 3.797821496389374 10.78696479285509 -7.166320825576418
    vertex 4.712714779947795 10.5690400810712 -5.436551064006893
  endloop
endfacet
facet normal -0.186034 0.976951 -0.104679
  outer loop
    vertex -2.968143273251232 10.3485488577274 -15.68206379500797
    vertex -2.005362458728772 10.71199241117188 -14.00115564440571
    vertex -1.035909607268433 10.71400721671754 -15.70524481392812
  endloop
endfacet
facet normal -0.103507 0.993375 -0.0499177
  outer loop
    vertex -1.020725557167837 9.64432123900634 -29.24731920598631
    vertex -1.986821250254637 9.62898663472412 -27.54923703116554
    vertex -0.0434696604877641 9.831029058877627 -27.55816772779855
  endloop
endfacet
facet normal 0.272799 0.961317 -0.0380798
  outer loop
    vertex 0.9652301544424834 6.972907435279257 -63.03043983425918
    vertex 2.850560056698276 6.439158608057042 -62.99854293665983
    vertex 1.923206678620598 6.634952843621101 -64.69920436843753
  endloop
endfacet
facet normal 0.525203 0.850084 -0.0389732
  outer loop
    vertex 3.713818640192091 5.830742649406202 -64.6360593730862
    vertex 2.850560056698276 6.439158608057042 -62.99854293665983
    vertex 4.510357530275345 5.418409824732732 -62.89572238375917
  endloop
endfacet
facet normal 0.62854 0.776766 -0.0396476
  outer loop
    vertex 4.510357530275345 5.418409824732732 -62.89572238375917
    vertex 3.729234600991285 6.133816660645874 -61.26293490703267
    vertex 5.248232359097059 4.910267085354124 -61.15346353385639
  endloop
endfacet
facet normal -0.928601 0.357156 -0.100694
  outer loop
    vertex -10.25872114002017 2.983462923533061 -16.72460360037407
    vertex -10.01619817773452 4.064903118188554 -15.12534202755452
    vertex -9.580930512810216 4.69583824773138 -16.90149922000865
  endloop
endfacet
facet normal -0.891085 0.450947 -0.0511411
  outer loop
    vertex -8.677638810247821 4.400785029228202 -28.84607251179461
    vertex -9.21484230766473 3.54699381612504 -27.01428698204056
    vertex -8.328686664454837 5.279472608376611 -27.17822945423653
  endloop
endfacet
facet normal 0.592249 0.805188 -0.0302274
  outer loop
    vertex 3.667280789099268 4.892590060748517 -74.78312060607436
    vertex 2.847367523840985 5.557830827681924 -73.12730060944756
    vertex 4.484319012494254 4.357649947428618 -73.02436604755415
  endloop
endfacet
facet normal -0.209797 0.976527 -0.0487867
  outer loop
    vertex -1.020953451729345 9.376984568068545 -32.6244406518689
    vertex -1.958695127674979 9.091597040693181 -34.30427759468828
    vertex -2.921698152062382 8.968837902262543 -32.62027294539038
  endloop
endfacet
facet normal 0.624766 0.779168 -0.0506331
  outer loop
    vertex 6.331845177210417 7.713619950309583 -25.67175615012991
    vertex 5.538410659370923 8.456354723615339 -24.03243149430534
    vertex 7.077968985408445 7.228772927316657 -23.92633989902592
  endloop
endfacet
facet normal -0.972847 0.216125 -0.0828163
  outer loop
    vertex -11.49332199048876 1.684539441347548 -4.877723694951854
    vertex -11.2223415842928 3.298817536571048 -3.848166626112923
    vertex -11.03742028959645 3.374259238529169 -5.823565642301732
  endloop
endfacet
facet normal -0.718691 0.693807 -0.0459894
  outer loop
    vertex -4.605005989167784 5.684173173113111 -59.52276792172252
    vertex -5.274924741716908 4.882879216646179 -61.14226030591878
    vertex -5.87148776518234 4.380983310243665 -59.39130948237909
  endloop
endfacet
facet normal 0.492627 0.868592 -0.0535429
  outer loop
    vertex 5.584791361837239 9.678372334487186 -10.49389825804599
    vertex 4.711855637189639 10.27529901665378 -8.841867605588341
    vertex 6.424845523144214 9.309165550555374 -8.754304199281274
  endloop
endfacet
facet normal 0.327003 0.943474 -0.0540919
  outer loop
    vertex 3.797821496389374 10.78696479285509 -7.166320825576418
    vertex 2.851725022688053 11.21115232920902 -5.487076907274758
    vertex 4.712714779947795 10.5690400810712 -5.436551064006893
  endloop
endfacet
facet normal -0.632389 0.765723 -0.117271
  outer loop
    vertex -3.767836698460478 6.111889537603035 -61.24444913881756
    vertex -5.274924741716908 4.882879216646179 -61.14226030591878
    vertex -4.605005989167784 5.684173173113111 -59.52276792172252
  endloop
endfacet
facet normal -0.518626 0.854064 -0.0400078
  outer loop
    vertex -2.939781759644944 6.691296112983256 -59.60977893227931
    vertex -3.767836698460478 6.111889537603035 -61.24444913881756
    vertex -4.605005989167784 5.684173173113111 -59.52276792172252
  endloop
endfacet
facet normal -0.682242 0.726521 -0.0819325
  outer loop
    vertex -8.69854636661522 7.955620207146874 -2.693899846515989
    vertex -7.31025525567048 9.150923491476794 -3.654890904765335
    vertex -8.645909277096511 7.782408981795625 -4.668120883818211
  endloop
endfacet
facet normal -0.972699 0.218185 -0.0790665
  outer loop
    vertex -11.49332199048876 1.684539441347548 -4.877723694951854
    vertex -11.03742028959645 3.374259238529169 -5.823565642301732
    vertex -11.34636680147064 1.641600684217728 -6.804099404778355
  endloop
endfacet
facet normal 0.565168 0.824208 -0.0355937
  outer loop
    vertex 3.685733359425632 5.209392844200059 -71.39094430181839
    vertex 2.847366925250384 5.855364032346689 -69.74468432383192
    vertex 4.460878339054397 4.753124852317465 -69.64829212134754
  endloop
endfacet
facet normal -0.993401 0.0805961 -0.0815961
  outer loop
    vertex -10.31079263400813 1.262707919591016e-15 -21.46341463414643
    vertex -10.2552226933315 1.63384811142569 -20.52613233416354
    vertex -10.09450883328556 1.689244931105237 -22.4280453724045
  endloop
endfacet
facet normal -0.00598886 0.998586 -0.0528254
  outer loop
    vertex 0.9169001527453124 10.99278211633416 -12.3128862792058
    vertex -0.05735304819522994 10.89700450232458 -14.01296888096765
    vertex -1.047481541855631 10.98078345023647 -12.31699953709139
  endloop
endfacet
facet normal -0.993446 0.0828657 -0.0787278
  outer loop
    vertex -10.09450883328556 1.689244931105237 -22.4280453724045
    vertex -9.940952576386289 1.676388103427704 -24.37926551812691
    vertex -10.15722832800887 1.243901716010488e-15 -23.41463414634155
  endloop
endfacet
facet normal 0.162211 0.98529 -0.0537666
  outer loop
    vertex 1.888910761814886 11.27609404583746 -7.20175539882099
    vertex 0.8991007030616093 11.53139291782528 -5.50952256826013
    vertex 2.851725022688053 11.21115232920902 -5.487076907274758
  endloop
endfacet
facet normal -0.993832 0.0863536 -0.0695815
  outer loop
    vertex -9.850099716010341 1.206289308849432e-15 -27.31707317073179
    vertex -9.761306309681141 1.802589462065769 -26.34821804773043
    vertex -9.650014024232734 1.595473073919685 -28.19484487134236
  endloop
endfacet
facet normal 0.0846294 0.990936 -0.104324
  outer loop
    vertex 1.900817282156136 10.73111038035819 -14.00023671802343
    vertex -0.05735304819522994 10.89700450232458 -14.01296888096765
    vertex 0.9169001527453124 10.99278211633416 -12.3128862792058
  endloop
endfacet
facet normal 0.4623 0.878033 -0.12384
  outer loop
    vertex 1.939044637479302 5.793543352561242 -74.84688851211325
    vertex 2.847367523840985 5.557830827681924 -73.12730060944756
    vertex 3.667280789099268 4.892590060748517 -74.78312060607436
  endloop
endfacet
facet normal -0.992785 0.101689 -0.0635325
  outer loop
    vertex -9.389406798012553 1.149870698107847e-15 -33.17073170731715
    vertex -9.243297976583284 2.050641835713481 -32.17166388924053
    vertex -9.146099269893151 1.727140547870898 -34.2083232044163
  endloop
endfacet
facet normal 0.887535 0.458313 -0.0472381
  outer loop
    vertex 7.455089590687061 4.913472227899875 -39.02535894159487
    vertex 8.354396775726014 3.190694713500343 -38.84341542656654
    vertex 7.848211772411777 3.98817753233496 -40.61655555677451
  endloop
endfacet
facet normal -0.994065 0.0854955 -0.0672688
  outer loop
    vertex -10.36670022645834 1.91792503388888 -18.51772433245076
    vertex -10.2552226933315 1.63384811142569 -20.52613233416354
    vertex -10.46435694000739 1.281514123171545e-15 -19.51219512195132
  endloop
endfacet
facet normal 0.248793 0.967066 -0.0537073
  outer loop
    vertex 1.888910761814886 11.27609404583746 -7.20175539882099
    vertex 3.797821496389374 10.78696479285509 -7.166320825576418
    vertex 2.857584184954917 10.93326334956413 -8.887577226741817
  endloop
endfacet
facet normal -0.992769 0.0922278 -0.0768322
  outer loop
    vertex -9.146099269893151 1.727140547870898 -34.2083232044163
    vertex -9.005767979460284 1.673894591765858 -36.0854966052553
    vertex -9.23584249201329 1.131064494527319e-15 -35.12195121951227
  endloop
endfacet
facet normal -0.989949 0.10106 -0.0989362
  outer loop
    vertex -8.928713880014765 1.093452087366263e-15 -39.02439024390252
    vertex -8.861454132634577 1.596216838750549 -38.06689926646002
    vertex -8.604223096974671 2.002436374992032 -40.22579420639696
  endloop
endfacet
facet normal 0.3351 0.940665 -0.0534443
  outer loop
    vertex 2.857584184954917 10.93326334956413 -8.887577226741817
    vertex 4.711855637189639 10.27529901665378 -8.841867605588341
    vertex 3.799024011158599 10.50269255608945 -10.56308058504456
  endloop
endfacet
facet normal 0.326933 0.939431 -0.10288
  outer loop
    vertex 4.712714779947795 10.5690400810712 -5.436551064006893
    vertex 2.851725022688053 11.21115232920902 -5.487076907274758
    vertex 3.788177019629153 11.07308490874131 -3.771959232170262
  endloop
endfacet
facet normal -0.528917 0.847775 -0.0390343
  outer loop
    vertex -4.528023963001489 5.403663086803267 -62.89564516833698
    vertex -2.884936450759167 6.424256960625754 -62.99359945671687
    vertex -3.707323997056164 5.836217776675403 -64.62165018959055
  endloop
endfacet
facet normal 0.0792871 0.995405 -0.053692
  outer loop
    vertex 0.9147233713963722 11.26126538025645 -8.915250023960782
    vertex -0.07577237880477182 11.43177859773196 -7.216746749553756
    vertex 1.888910761814886 11.27609404583746 -7.20175539882099
  endloop
endfacet
facet normal -0.399293 0.910361 -0.108665
  outer loop
    vertex -4.785665675860876 8.44356135179536 -29.15465252182746
    vertex -3.893038726591389 9.032139384235062 -27.50372208540261
    vertex -2.954073275039722 9.240646798969641 -29.20717622237754
  endloop
endfacet
facet normal 0.248688 0.963074 -0.103166
  outer loop
    vertex 1.888910761814886 11.27609404583746 -7.20175539882099
    vertex 2.851725022688053 11.21115232920902 -5.487076907274758
    vertex 3.797821496389374 10.78696479285509 -7.166320825576418
  endloop
endfacet
facet normal -0.0924305 0.994268 -0.0537359
  outer loop
    vertex -2.03597954654761 11.25013565121942 -7.205931832713493
    vertex -0.07577237880477182 11.43177859773196 -7.216746749553756
    vertex -1.056250037517096 11.24874682408431 -8.916851223458382
  endloop
endfacet
facet normal -0.606233 0.788393 -0.104485
  outer loop
    vertex -6.470285241268589 8.618796588870927 -15.5370257722997
    vertex -5.66700271607318 9.004865838647952 -17.2846608386601
    vertex -7.230736639782512 7.816197172744906 -17.18082541686403
  endloop
endfacet
facet normal -0.991354 0.113117 -0.0664964
  outer loop
    vertex -8.007328044019189 9.806148658830934e-16 -50.73170731707322
    vertex -7.865475195010348 1.934525236956841 -49.55569817829475
    vertex -7.750530384585571 1.685385233185822 -51.69314954555951
  endloop
endfacet
facet normal 0.325381 0.94447 -0.0458559
  outer loop
    vertex 3.771254611212578 7.918828339820072 -41.02850703615589
    vertex 2.853935356398749 8.152668822860619 -42.72126705282585
    vertex 1.913777067593063 8.557387048295057 -41.05660584935541
  endloop
endfacet
facet normal -0.850243 0.515942 -0.104356
  outer loop
    vertex -9.580930512810216 4.69583824773138 -16.90149922000865
    vertex -9.154699624208337 5.7218276653222 -15.30167127786399
    vertex -8.55290435972595 6.358794000373535 -17.05561918936821
  endloop
endfacet
facet normal 0.991856 0.100634 -0.0780608
  outer loop
    vertex 10.77148555200592 0 -15.60975609756107
    vertex 10.61991414759866 2.177423483008472 -14.72856083814047
    vertex 10.92504985800518 0 -13.65853658536594
  endloop
endfacet
facet normal -0.778731 0.618811 -0.103201
  outer loop
    vertex -9.231218069246232 6.096207603149187 -11.91193604037382
    vertex -8.613369382420206 7.141430932488607 -10.30674951226839
    vertex -7.990577882018814 7.635432554507243 -12.04406731709043
  endloop
endfacet
facet normal 0.990855 0.11011 -0.077982
  outer loop
    vertex 9.389406798012553 0 -33.17073170731715
    vertex 9.236819919807413 2.078575693463508 -32.17459640488199
    vertex 9.542971104011816 0 -31.21951219512203
  endloop
endfacet
facet normal 0.580153 0.807318 -0.107979
  outer loop
    vertex 4.674019631412118 8.202697575562228 -32.51637167720322
    vertex 5.504502832931339 7.836716003173931 -30.79062335537026
    vertex 6.267410486206131 7.070843698440175 -32.41778853973304
  endloop
endfacet
facet normal 0.346298 0.937106 -0.0437085
  outer loop
    vertex 3.761130657673119 7.330988587501495 -47.78157708772461
    vertex 2.852373618098843 7.587836423299381 -49.47477859291159
    vertex 1.917814824239268 8.010754024149316 -47.81188677891759
  endloop
endfacet
facet normal -0.537676 0.836589 -0.104993
  outer loop
    vertex -6.472369822771446 8.281112402160275 -18.927231737223
    vertex -5.66700271607318 9.004865838647952 -17.2846608386601
    vertex -4.819062833181683 9.332859764328125 -19.0135496394494
  endloop
endfacet
facet normal -0.989761 0.125689 -0.0676458
  outer loop
    vertex -7.213333208552835 1.941151639816842 -57.55966395563082
    vertex -7.100581010080194 1.740409924227918 -59.58238648372394
    vertex -7.393070820022137 9.053900515609807e-16 -58.5365853658537
  endloop
endfacet
facet normal -0.990721 0.114213 -0.0736691
  outer loop
    vertex -7.085942208023612 8.677776443999245e-16 -62.43902439024394
    vertex -6.96761109563101 1.66563201037415 -61.44805888713587
    vertex -6.833861667811225 1.558292095634161 -63.41317043741532
  endloop
endfacet
facet normal -0.844649 0.533523 -0.043828
  outer loop
    vertex -6.617239305786842 3.992551239996297 -54.27569683749257
    vertex -7.128298873531353 3.328049372320609 -52.51565797327692
    vertex -6.084727786975925 4.967978715676725 -52.66422631977882
  endloop
endfacet
facet normal -0.52139 0.846117 -0.110626
  outer loop
    vertex -5.556367044801831 7.136954388986731 -37.54872606013618
    vertex -4.73568923773836 7.857138302890077 -35.90835863112771
    vertex -3.856143893794826 8.175682524939697 -37.61737258146647
  endloop
endfacet
facet normal -0.376927 0.925294 -0.0419276
  outer loop
    vertex -1.986385536865031 7.445031551211197 -54.56721504007251
    vertex -2.899080575299184 6.997935133198697 -56.22903267199372
    vertex -3.794011159042731 6.71067499964244 -54.52314977390427
  endloop
endfacet
facet normal 0.420158 0.901503 -0.103727
  outer loop
    vertex 3.799024011158599 10.50269255608945 -10.56308058504456
    vertex 4.711855637189639 10.27529901665378 -8.841867605588341
    vertex 5.584791361837239 9.678372334487186 -10.49389825804599
  endloop
endfacet
facet normal -0.346975 0.931159 -0.112032
  outer loop
    vertex -3.869162853309287 7.576035418419231 -44.38450213421317
    vertex -2.955104862532434 8.11607786368541 -42.72685063170277
    vertex -2.01735209973552 8.260348420652278 -44.43206141998337
  endloop
endfacet
facet normal -0.346835 0.932205 -0.103442
  outer loop
    vertex -4.843188485946621 10.21425143788871 -8.839589368290008
    vertex -3.933751691951857 10.73768349611871 -7.171769799328594
    vertex -2.995196711622708 10.89603570536177 -8.891646120456748
  endloop
endfacet
facet normal -0.901307 0.420736 -0.103092
  outer loop
    vertex -8.182648671267867 2.885605181982088 -42.22848252274048
    vertex -7.89581089439306 3.887912229146512 -40.64564013976621
    vertex -7.430322897875246 4.452137183745701 -42.41259273105043
  endloop
endfacet
facet normal 0.898232 0.427221 -0.103257
  outer loop
    vertex 7.39070126600281 4.52027207676074 -42.39491751629782
    vertex 7.848211772411777 3.98817753233496 -40.61655555677451
    vertex 8.168584279490586 2.93020203924936 -42.20695999113778
  endloop
endfacet
facet normal 0.993094 0.0874923 -0.0781582
  outer loop
    vertex 8.007328044019189 0 -50.73170731707322
    vertex 7.958602683844929 1.413286519399901 -49.7687526711677
    vertex 8.16089235001845 0 -48.7804878048781
  endloop
endfacet
facet normal 0.543539 0.833141 -0.102185
  outer loop
    vertex 7.287707713480094 9.363247061695755 -1.713809338896476
    vertex 5.639375109135572 10.44106092302508 -1.693878467235054
    vertex 6.563377897469135 10.04599773915037 0
  endloop
endfacet
facet normal -0.994032 0.0731699 -0.0809118
  outer loop
    vertex -11.38574277600297 1.394351344654714e-15 -7.804878048780534
    vertex -11.34636680147064 1.641600684217728 -6.804099404778355
    vertex -11.18271805441124 1.690293993731665 -8.770552299254566
  endloop
endfacet
facet normal -0.361493 0.926463 -0.104826
  outer loop
    vertex -4.807775403456757 9.639209896205434 -15.60729617666055
    vertex -3.888389131062169 10.18409441078461 -13.9620512448688
    vertex -2.968143273251232 10.3485488577274 -15.68206379500797
  endloop
endfacet
facet normal -0.987268 0.130656 -0.090723
  outer loop
    vertex -6.64735862064524 1.682114397478361 -65.34945959457265
    vertex -6.453486677957804 1.827937855041065 -67.24920742265115
    vertex -6.778813596025086 8.30165237238868e-16 -66.34146341463418
  endloop
endfacet
facet normal -0.270477 0.957095 -0.103982
  outer loop
    vertex -2.005362458728772 10.71199241117188 -14.00115564440571
    vertex -3.888389131062169 10.18409441078461 -13.9620512448688
    vertex -2.969239559664032 10.62625954856276 -12.28304973135272
  endloop
endfacet
facet normal 0.441144 0.895923 -0.0521002
  outer loop
    vertex 4.709174895579217 9.389755269525066 -19.00254530365147
    vertex 3.811418302463499 9.927567685235161 -17.35574748820305
    vertex 5.568900674629604 9.067133540131032 -17.27090592419844
  endloop
endfacet
facet normal -0.0923424 0.990383 -0.103026
  outer loop
    vertex -2.03597954654761 11.25013565121942 -7.205931832713493
    vertex -1.069631705709799 11.51719780398577 -5.504824965637795
    vertex -0.07577237880477182 11.43177859773196 -7.216746749553756
  endloop
endfacet
facet normal 0.242657 0.964643 -0.102866
  outer loop
    vertex 3.841819446432008 11.23043224474286 -1.659682600851262
    vertex 1.931301821729204 11.71172726421519 -1.653100664189639
    vertex 2.945825845689588 11.632803191272 0
  endloop
endfacet
facet normal 0.990994 0.0902702 -0.0989054
  outer loop
    vertex 10.61991414759866 2.177423483008472 -14.72856083814047
    vertex 10.86383085136045 1.733821521952273 -12.68948100010528
    vertex 10.92504985800518 0 -13.65853658536594
  endloop
endfacet
facet normal -0.00623316 0.994612 -0.103484
  outer loop
    vertex -1.056250037517096 11.24874682408431 -8.916851223458382
    vertex -0.07577237880477182 11.43177859773196 -7.216746749553756
    vertex 0.9147233713963722 11.26126538025645 -8.915250023960782
  endloop
endfacet
facet normal 0.410267 0.904085 -0.119628
  outer loop
    vertex 1.923206678620598 6.634952843621101 -64.69920436843753
    vertex 2.850560056698276 6.439158608057042 -62.99854293665983
    vertex 3.713818640192091 5.830742649406202 -64.6360593730862
  endloop
endfacet
facet normal 0.591715 0.796253 -0.125912
  outer loop
    vertex 4.484319012494254 4.357649947428618 -73.02436604755415
    vertex 2.847367523840985 5.557830827681924 -73.12730060944756
    vertex 3.685733359425632 5.209392844200059 -71.39094430181839
  endloop
endfacet
facet normal -0.988725 0.13261 -0.0695538
  outer loop
    vertex -6.625249290025824 8.113590336583399e-16 -68.2926829268293
    vertex -6.453486677957804 1.827937855041065 -67.24920742265115
    vertex -6.334637418437095 1.666543912229653 -69.24639115980678
  endloop
endfacet
facet normal 0.593422 0.803813 -0.0416534
  outer loop
    vertex 4.598905709328253 6.027650555470856 -56.1395478182941
    vertex 3.763127818774586 6.728960587693879 -54.51296255345176
    vertex 5.35301781448188 5.561308318678859 -54.39527158046803
  endloop
endfacet
facet normal -0.99439 0.0720234 -0.0774633
  outer loop
    vertex -11.49332199048876 1.684539441347548 -4.877723694951854
    vertex -11.34636680147064 1.641600684217728 -6.804099404778355
    vertex -11.53930708200224 1.413157548235243e-15 -5.853658536585404
  endloop
endfacet
facet normal 0.744898 0.664909 -0.054984
  outer loop
    vertex 8.643073957285848 7.522035595479417 -6.887881373055692
    vertex 7.980325280789624 8.398155132369107 -5.271771878119456
    vertex 9.279918002921256 6.954067300028797 -5.128532565670969
  endloop
endfacet
facet normal -0.171591 0.983522 -0.0569303
  outer loop
    vertex -2.03597954654761 11.25013565121942 -7.205931832713493
    vertex -2.899933484855108 11.1991961841951 -5.481949092094338
    vertex -1.069631705709799 11.51719780398577 -5.504824965637795
  endloop
endfacet
facet normal -0.993827 0.0786715 -0.0782159
  outer loop
    vertex -10.46435694000739 1.281514123171545e-15 -19.51219512195132
    vertex -10.2552226933315 1.63384811142569 -20.52613233416354
    vertex -10.31079263400813 1.262707919591016e-15 -21.46341463414643
  endloop
endfacet
facet normal -0.418763 0.906664 -0.0509689
  outer loop
    vertex -4.67173895474941 10.58764360194948 -5.431581011573997
    vertex -5.87817700976967 10.13004143432985 -3.659516923085035
    vertex -3.934036646709818 11.0207558788438 -3.788131773931521
  endloop
endfacet
facet normal -0.993463 0.0831789 -0.0781872
  outer loop
    vertex -10.15722832800887 1.243901716010488e-15 -23.41463414634155
    vertex -9.940952576386289 1.676388103427704 -24.37926551812691
    vertex -10.00366402200961 1.22509551242996e-15 -25.36585365853667
  endloop
endfacet
facet normal -0.992565 0.0871405 -0.0849758
  outer loop
    vertex -10.00366402200961 1.22509551242996e-15 -25.36585365853667
    vertex -9.940952576386289 1.676388103427704 -24.37926551812691
    vertex -9.761306309681141 1.802589462065769 -26.34821804773043
  endloop
endfacet
facet normal -0.99279 0.0908992 -0.0781343
  outer loop
    vertex -10.00366402200961 1.22509551242996e-15 -25.36585365853667
    vertex -9.761306309681141 1.802589462065769 -26.34821804773043
    vertex -9.850099716010341 1.206289308849432e-15 -27.31707317073179
  endloop
endfacet
facet normal 0.622601 0.780682 -0.0538788
  outer loop
    vertex 6.428729728939284 9.629708611488645 -5.356657554575801
    vertex 7.980325280789624 8.398155132369107 -5.271771878119456
    vertex 7.224206540115429 8.881362020547765 -7.007694314162707
  endloop
endfacet
facet normal -0.988377 0.129216 -0.0800884
  outer loop
    vertex -6.334637418437095 1.666543912229653 -69.24639115980678
    vertex -6.17691530428418 1.660653556254819 -71.20235620470083
    vertex -6.47168498402656 7.925528300778116e-16 -70.24390243902442
  endloop
endfacet
facet normal -0.987729 0.132964 -0.081928
  outer loop
    vertex -6.318120678027298 7.737466264972835e-16 -72.19512195121953
    vertex -6.17691530428418 1.660653556254819 -71.20235620470083
    vertex -6.012612015871977 1.679431400100715 -73.15273054065048
  endloop
endfacet
facet normal -0.99102 0.108609 -0.077995
  outer loop
    vertex -9.542971104011816 1.168676901688375e-15 -31.21951219512203
    vertex -9.243297976583284 2.050641835713481 -32.17166388924053
    vertex -9.389406798012553 1.149870698107847e-15 -33.17073170731715
  endloop
endfacet
facet normal -0.992738 0.0914763 -0.0781301
  outer loop
    vertex -9.23584249201329 1.131064494527319e-15 -35.12195121951227
    vertex -9.005767979460284 1.673894591765858 -36.0854966052553
    vertex -9.082278186014028 1.112258290946791e-15 -37.07317073170739
  endloop
endfacet
facet normal 0.360962 0.926558 -0.105817
  outer loop
    vertex 2.866641243616073 10.10119124024605 -19.05828063345263
    vertex 3.811418302463499 9.927567685235161 -17.35574748820305
    vertex 4.709174895579217 9.389755269525066 -19.00254530365147
  endloop
endfacet
facet normal -0.994362 0.0715599 -0.078258
  outer loop
    vertex -11.53930708200224 1.413157548235243e-15 -5.853658536585404
    vertex -11.34636680147064 1.641600684217728 -6.804099404778355
    vertex -11.38574277600297 1.394351344654714e-15 -7.804878048780534
  endloop
endfacet
facet normal -0.993035 0.090151 -0.0758611
  outer loop
    vertex -9.082278186014028 1.112258290946791e-15 -37.07317073170739
    vertex -9.005767979460284 1.673894591765858 -36.0854966052553
    vertex -8.861454132634577 1.596216838750549 -38.06689926646002
  endloop
endfacet
facet normal -0.422262 0.900784 -0.101409
  outer loop
    vertex -5.723742733523471 9.906195487085672 -7.104179503938659
    vertex -4.67173895474941 10.58764360194948 -5.431581011573997
    vertex -3.933751691951857 10.73768349611871 -7.171769799328594
  endloop
endfacet
facet normal -0.992986 0.0887195 -0.0781497
  outer loop
    vertex -9.082278186014028 1.112258290946791e-15 -37.07317073170739
    vertex -8.861454132634577 1.596216838750549 -38.06689926646002
    vertex -8.928713880014765 1.093452087366263e-15 -39.02439024390252
  endloop
endfacet
facet normal -0.983685 0.148807 -0.101091
  outer loop
    vertex -6.012612015871977 1.679431400100715 -73.15273054065048
    vertex -5.782624929219335 1.92728064258194 -75.02582716276545
    vertex -6.164556372028035 7.549404229167553e-16 -74.14634146341466
  endloop
endfacet
facet normal -0.270579 0.961246 -0.0528587
  outer loop
    vertex -2.968143273251232 10.3485488577274 -15.68206379500797
    vertex -3.888389131062169 10.18409441078461 -13.9620512448688
    vertex -2.005362458728772 10.71199241117188 -14.00115564440571
  endloop
endfacet
facet normal 0.926392 0.373547 -0.0475437
  outer loop
    vertex 8.748596988746661 2.437751916929465 -37.07820264106249
    vertex 8.354396775726014 3.190694713500343 -38.84341542656654
    vertex 8.004177157076219 4.260799894350396 -37.25974627437171
  endloop
endfacet
facet normal -0.989723 0.119925 -0.0778929
  outer loop
    vertex -8.16089235001845 9.994210694636217e-16 -48.7804878048781
    vertex -7.865475195010348 1.934525236956841 -49.55569817829475
    vertex -8.007328044019189 9.806148658830934e-16 -50.73170731707322
  endloop
endfacet
facet normal -0.823102 0.565558 -0.0514467
  outer loop
    vertex -9.789004215859523 5.445034328375097 -10.14624471037088
    vertex -8.613369382420206 7.141430932488607 -10.30674951226839
    vertex -9.231218069246232 6.096207603149187 -11.91193604037382
  endloop
endfacet
facet normal -0.606527 0.793349 -0.0521815
  outer loop
    vertex -7.230736639782512 7.816197172744906 -17.18082541686403
    vertex -5.66700271607318 9.004865838647952 -17.2846608386601
    vertex -6.472369822771446 8.281112402160275 -18.927231737223
  endloop
endfacet
facet normal -0.988544 0.143369 -0.0471764
  outer loop
    vertex -6.010992066028773 7.361342193362271e-16 -76.09756097560977
    vertex -5.782624929219335 1.92728064258194 -75.02582716276545
    vertex -5.753929551656766 1.457788990200969 -77.05389537703589
  endloop
endfacet
facet normal 0.994208 0.091815 -0.0558636
  outer loop
    vertex 10.56121055195861 1.689733401153141 -16.5748597387471
    vertex 10.61991414759866 2.177423483008472 -14.72856083814047
    vertex 10.77148555200592 0 -15.60975609756107
  endloop
endfacet
facet normal -0.32719 0.943212 -0.0574319
  outer loop
    vertex -4.67173895474941 10.58764360194948 -5.431581011573997
    vertex -2.899933484855108 11.1991961841951 -5.481949092094338
    vertex -3.933751691951857 10.73768349611871 -7.171769799328594
  endloop
endfacet
facet normal 0.992641 0.103216 -0.0633223
  outer loop
    vertex 9.141856489000768 1.760713033430219 -34.18136231300927
    vertex 9.236819919807413 2.078575693463508 -32.17459640488199
    vertex 9.389406798012553 0 -33.17073170731715
  endloop
endfacet
facet normal 0.968501 0.238612 -0.071207
  outer loop
    vertex 11.62652142442705 2.176209469405728 -2.17993274415542
    vertex 11.33702686102174 3.577957525731325 -1.420201590602623
    vertex 11.8363356408327 1.975135083368811 0
  endloop
endfacet
facet normal -0.98977 0.119531 -0.0778966
  outer loop
    vertex -7.393070820022137 9.053900515609807e-16 -58.5365853658537
    vertex -7.100581010080194 1.740409924227918 -59.58238648372394
    vertex -7.239506514022874 8.865838479804526e-16 -60.48780487804882
  endloop
endfacet
facet normal 0.475242 0.87817 -0.0544267
  outer loop
    vertex 6.563377897469135 10.04599773915037 0
    vertex 5.639375109135572 10.44106092302508 -1.693878467235054
    vertex 4.82034509583564 10.98927991986072 0
  endloop
endfacet
facet normal -0.990129 0.118212 -0.0753064
  outer loop
    vertex -7.239506514022874 8.865838479804526e-16 -60.48780487804882
    vertex -7.100581010080194 1.740409924227918 -59.58238648372394
    vertex -6.96761109563101 1.66563201037415 -61.44805888713587
  endloop
endfacet
facet normal -0.422346 0.904844 -0.0536794
  outer loop
    vertex -5.723742733523471 9.906195487085672 -7.104179503938659
    vertex -3.933751691951857 10.73768349611871 -7.171769799328594
    vertex -4.843188485946621 10.21425143788871 -8.839589368290008
  endloop
endfacet
facet normal -0.990106 0.1167 -0.077923
  outer loop
    vertex -7.239506514022874 8.865838479804526e-16 -60.48780487804882
    vertex -6.96761109563101 1.66563201037415 -61.44805888713587
    vertex -7.085942208023612 8.677776443999245e-16 -62.43902439024394
  endloop
endfacet
facet normal 0.962552 0.268369 -0.0383591
  outer loop
    vertex 8.517493712655471 3.489442003252469 -35.51944687851874
    vertex 9.060625782120358 1.505660625995844 -35.76953751022101
    vertex 8.748596988746661 2.437751916929465 -37.07820264106249
  endloop
endfacet
facet normal 0.164356 0.98493 -0.0538432
  outer loop
    vertex 2.945825845689588 11.632803191272 0
    vertex 1.931301821729204 11.71172726421519 -1.653100664189639
    vertex 0.9909521456679778 11.95901391608007 0
  endloop
endfacet
facet normal -0.888275 0.455918 -0.0557287
  outer loop
    vertex -10.01619817773452 4.064903118188554 -15.12534202755452
    vertex -9.154699624208337 5.7218276653222 -15.30167127786399
    vertex -9.580930512810216 4.69583824773138 -16.90149922000865
  endloop
endfacet
facet normal 0.923195 0.371778 -0.0974215
  outer loop
    vertex 5.236845509372129 2.877238745117353 -76.5523012049416
    vertex 5.750974984175047 1.467805471137728 -77.0589130299899
    vertex 4.999421657250131 3.021094218511087 -78.25322293334547
  endloop
endfacet
facet normal 0.993901 0.080326 -0.07555
  outer loop
    vertex 11.07861416400445 0 -11.70731707317081
    vertex 10.86383085136045 1.733821521952273 -12.68948100010528
    vertex 11.01050118868264 1.825987058020575 -10.66196062388632
  endloop
endfacet
facet normal -0.987496 0.137155 -0.0777176
  outer loop
    vertex -6.778813596025086 8.30165237238868e-16 -66.34146341463418
    vertex -6.453486677957804 1.827937855041065 -67.24920742265115
    vertex -6.625249290025824 8.113590336583399e-16 -68.2926829268293
  endloop
endfacet
facet normal 0.992792 0.100458 -0.0653568
  outer loop
    vertex 8.243996296011554 1.538251382604157 -45.91666617440764
    vertex 8.347681947016598 1.825834188965717 -43.89961069470378
    vertex 8.468020962016977 0 -44.87804878048787
  endloop
endfacet
facet normal 0.991289 0.0957748 -0.0904054
  outer loop
    vertex 7.764823492730491 1.629137343462868 -51.66485670861361
    vertex 7.958602683844929 1.413286519399901 -49.7687526711677
    vertex 8.007328044019189 0 -50.73170731707322
  endloop
endfacet
facet normal 0.692636 0.713899 -0.102974
  outer loop
    vertex 7.224206540115429 8.881362020547765 -7.007694314162707
    vertex 7.980325280789624 8.398155132369107 -5.271771878119456
    vertex 8.643073957285848 7.522035595479417 -6.887881373055692
  endloop
endfacet
facet normal 0.075939 0.995666 -0.0536815
  outer loop
    vertex 0.8991007030616093 11.53139291782528 -5.50952256826013
    vertex -0.1261974693880357 11.70504104079176 -3.739165186663671
    vertex 1.873577877662065 11.547736306702 -3.827876514533172
  endloop
endfacet
facet normal -0.107024 0.988355 -0.108167
  outer loop
    vertex -0.03067737190709564 9.299559666810229 -34.31170482888437
    vertex -1.958695127674979 9.091597040693181 -34.30427759468828
    vertex -1.020953451729345 9.376984568068545 -32.6244406518689
  endloop
endfacet
facet normal 0.97996 0.188505 -0.0643814
  outer loop
    vertex 11.18977940809905 3.081365394065418 -5.002555307207345
    vertex 11.547066382855 1.268353096815838 -4.872616564213961
    vertex 11.33797352697457 1.690420227839135 -6.819465884755963
  endloop
endfacet
facet normal -0.988386 0.130545 -0.0777877
  outer loop
    vertex -6.47168498402656 7.925528300778116e-16 -70.24390243902442
    vertex -6.17691530428418 1.660653556254819 -71.20235620470083
    vertex -6.318120678027298 7.737466264972835e-16 -72.19512195121953
  endloop
endfacet
facet normal 0.241762 0.968831 -0.0540105
  outer loop
    vertex 2.851725022688053 11.21115232920902 -5.487076907274758
    vertex 1.873577877662065 11.547736306702 -3.827876514533172
    vertex 3.788177019629153 11.07308490874131 -3.771959232170262
  endloop
endfacet
facet normal 0.551133 0.832657 -0.0541722
  outer loop
    vertex 5.623839311387834 10.27145243420194 -3.681433673348879
    vertex 7.260539724080162 9.1888051834188 -3.670977387963048
    vertex 6.428729728939284 9.629708611488645 -5.356657554575801
  endloop
endfacet
facet normal -0.953457 0.296989 -0.0521337
  outer loop
    vertex -7.213333208552835 1.941151639816842 -57.55966395563082
    vertex -7.502435419055345 1.356974454886214 -55.60023461868691
    vertex -6.950547681092527 3.082246274750976 -55.86521638838492
  endloop
endfacet
facet normal -0.95471 0.280152 -0.100223
  outer loop
    vertex -7.640497169487925 3.151529462226188 -47.4583588527576
    vertex -8.117885968524412 1.404077386164942 -47.79545048665788
    vertex -8.160711811360791 1.962835973755653 -45.8256085408558
  endloop
endfacet
facet normal -0.984126 0.159681 -0.0774524
  outer loop
    vertex -6.164556372028035 7.549404229167553e-16 -74.14634146341466
    vertex -5.782624929219335 1.92728064258194 -75.02582716276545
    vertex -6.010992066028773 7.361342193362271e-16 -76.09756097560977
  endloop
endfacet
facet normal 0.495361 0.860824 -0.11662
  outer loop
    vertex 2.877222887291202 7.008098925095468 -56.21553194837065
    vertex 3.763127818774586 6.728960587693879 -54.51296255345176
    vertex 4.598905709328253 6.027650555470856 -56.1395478182941
  endloop
endfacet
facet normal -0.216823 0.970011 -0.109849
  outer loop
    vertex -2.94577098128785 8.684934230092642 -35.94695586631737
    vertex -1.958695127674979 9.091597040693181 -34.30427759468828
    vertex -1.015005920944042 9.110062744753318 -36.00389193825301
  endloop
endfacet
facet normal 0.758484 0.650849 -0.033131
  outer loop
    vertex 3.752438966817508 4.471982619695273 -78.29869947057708
    vertex 4.999421657250131 3.021094218511087 -78.25322293334547
    vertex 4.36941290326929 3.666372755594512 -80
  endloop
endfacet
facet normal 0.398328 0.911509 -0.102406
  outer loop
    vertex 4.82034509583564 10.98927991986072 0
    vertex 5.639375109135572 10.44106092302508 -1.693878467235054
    vertex 3.841819446432008 11.23043224474286 -1.659682600851262
  endloop
endfacet
facet normal 0.0819412 0.991435 -0.101697
  outer loop
    vertex 0.9909521456679778 11.95901391608007 0
    vertex 1.931301821729204 11.71172726421519 -1.653100664189639
    vertex -1.508098659096156e-14 11.8651202798569 -1.71380933889648
  endloop
endfacet
facet normal 0.162132 0.981327 -0.103489
  outer loop
    vertex 0.8991007030616093 11.53139291782528 -5.50952256826013
    vertex 1.873577877662065 11.547736306702 -3.827876514533172
    vertex 2.851725022688053 11.21115232920902 -5.487076907274758
  endloop
endfacet
facet normal -0.255977 0.965139 -0.0546029
  outer loop
    vertex -2.899933484855108 11.1991961841951 -5.481949092094338
    vertex -3.934036646709818 11.0207558788438 -3.788131773931521
    vertex -2.049812622430771 11.51942932309344 -3.806983340832688
  endloop
endfacet
facet normal -0.938446 0.342403 -0.0456049
  outer loop
    vertex -7.24015418921767 3.703042594030265 -49.14530843993099
    vertex -7.380747608831684 3.108862876651367 -50.71333258788756
    vertex -7.865475195010348 1.934525236956841 -49.55569817829475
  endloop
endfacet
facet normal -0.951672 0.289596 -0.102252
  outer loop
    vertex -7.842245594312874 3.367107721227535 -44.03295044891313
    vertex -8.393509391942537 1.605825653889462 -43.89053195015252
    vertex -8.182648671267867 2.885605181982088 -42.22848252274048
  endloop
endfacet
facet normal -0.107299 0.993029 -0.0487878
  outer loop
    vertex -1.015005920944042 9.110062744753318 -36.00389193825301
    vertex -1.958695127674979 9.091597040693181 -34.30427759468828
    vertex -0.03067737190709564 9.299559666810229 -34.31170482888437
  endloop
endfacet
facet normal 0.496934 0.858474 -0.126801
  outer loop
    vertex 2.012020121263086 5.480908725756349 -78.28873295563069
    vertex 2.829002249300276 5.2608979831877 -76.57649639335744
    vertex 3.752438966817508 4.471982619695273 -78.29869947057708
  endloop
endfacet
facet normal -0.685256 0.724418 -0.0751184
  outer loop
    vertex -8.645909277096511 7.782408981795625 -4.668120883818211
    vertex -7.31025525567048 9.150923491476794 -3.654890904765335
    vertex -7.272891366393361 8.982885438881244 -5.616243833364239
  endloop
endfacet
facet normal 0.885891 0.450953 -0.108805
  outer loop
    vertex 8.004177157076219 4.260799894350396 -37.25974627437171
    vertex 8.354396775726014 3.190694713500343 -38.84341542656654
    vertex 7.455089590687061 4.913472227899875 -39.02535894159487
  endloop
endfacet
facet normal 0.993846 0.0784318 -0.0782174
  outer loop
    vertex 10.46435694000739 0 -19.51219512195132
    vertex 10.41622001400091 1.654346803004619 -18.46495038875353
    vertex 10.61792124600666 0 -17.56097560975619
  endloop
endfacet
facet normal -0.327167 0.939579 -0.100758
  outer loop
    vertex -4.67173895474941 10.58764360194948 -5.431581011573997
    vertex -3.934036646709818 11.0207558788438 -3.788131773931521
    vertex -2.899933484855108 11.1991961841951 -5.481949092094338
  endloop
endfacet
facet normal 0.993817 0.0788058 -0.0782151
  outer loop
    vertex 10.92504985800518 0 -13.65853658536594
    vertex 10.86383085136045 1.733821521952273 -12.68948100010528
    vertex 11.07861416400445 0 -11.70731707317081
  endloop
endfacet
facet normal 0.991123 0.110134 -0.0744687
  outer loop
    vertex 6.844883601974191 1.50734185285884 -63.41809094277386
    vertex 6.982181596458487 1.603053791818743 -61.44920561042029
    vertex 7.085942208023612 0 -62.43902439024394
  endloop
endfacet
facet normal -0.989294 0.106959 -0.0992828
  outer loop
    vertex -8.468020962016977 1.037033476624678e-15 -44.87804878048787
    vertex -8.393509391942537 1.605825653889462 -43.89053195015252
    vertex -8.160711811360791 1.962835973755653 -45.8256085408558
  endloop
endfacet
facet normal 0.990638 0.113798 -0.0754028
  outer loop
    vertex 7.239506514022874 0 -60.48780487804882
    vertex 6.982181596458487 1.603053791818743 -61.44920561042029
    vertex 7.119377903996975 1.679349635265184 -59.53158126195228
  endloop
endfacet
facet normal 0.904605 0.42246 -0.0567192
  outer loop
    vertex 8.910121051024863 5.100306337119844 -22.02474573735824
    vertex 9.653574384552728 3.527681452402711 -21.88085670424637
    vertex 9.15440446820295 4.362447916939113 -23.62447323667352
  endloop
endfacet
facet normal 0.933652 0.353641 -0.0568559
  outer loop
    vertex 10.0210619941795 2.837608604294417 -20.13843105645749
    vertex 9.653574384552728 3.527681452402711 -21.88085670424637
    vertex 9.390404878446397 4.485606262761226 -20.24420845785877
  endloop
endfacet
facet normal 0.99118 0.107131 -0.0780076
  outer loop
    vertex 8.468020962016977 0 -44.87804878048787
    vertex 8.347681947016598 1.825834188965717 -43.89961069470378
    vertex 8.62158526801624 0 -42.92682926829275
  endloop
endfacet
facet normal 0.945996 0.30814 -0.100701
  outer loop
    vertex 7.764823492730491 1.629137343462868 -51.66485670861361
    vertex 7.705879883818644 1.352270648026945 -53.06578441092469
    vertex 7.107809219216794 3.376003818053352 -52.49159830688644
  endloop
endfacet
facet normal -0.755687 0.654154 -0.0319318
  outer loop
    vertex -4.369412903269299 3.666372755594502 -80
    vertex -4.989015441991056 3.034733311547276 -78.27644252332033
    vertex -3.720545759728309 4.499409727648884 -78.29029637864087
  endloop
endfacet
facet normal -0.923625 0.380372 -0.0472707
  outer loop
    vertex -6.492602947428894 3.681114857533045 -57.64112970048127
    vertex -6.622817285786772 3.181368973076361 -59.11815872950429
    vertex -7.213333208552835 1.941151639816842 -57.55966395563082
  endloop
endfacet
facet normal 0.987469 0.134447 -0.0826407
  outer loop
    vertex 11.8363356408327 1.975135083368811 0
    vertex 11.84932654085872 1.103073363950626 -1.263514605816002
    vertex 11.62652142442705 2.176209469405728 -2.17993274415542
  endloop
endfacet
facet normal -0.57177 0.816422 -0.0808388
  outer loop
    vertex -7.31025525567048 9.150923491476794 -3.654890904765335
    vertex -5.985069391471743 9.925164768660103 -5.20852914505568
    vertex -7.272891366393361 8.982885438881244 -5.616243833364239
  endloop
endfacet
facet normal -0.814496 0.578662 -0.0417867
  outer loop
    vertex -5.767880436265703 4.071924491115099 -62.76377980774677
    vertex -6.382787220166178 3.336618988752865 -60.96066988531918
    vertex -5.274924741716908 4.882879216646179 -61.14226030591878
  endloop
endfacet
facet normal 0.68007 0.731059 -0.0552897
  outer loop
    vertex 7.980325280789624 8.398155132369107 -5.271771878119456
    vertex 7.260539724080162 9.1888051834188 -3.670977387963048
    vertex 8.681952659582636 7.879150307397607 -3.504129637103006
  endloop
endfacet
facet normal 0.781908 0.615518 -0.0987846
  outer loop
    vertex 9.857346081275841 6.611654109682061 -1.660187467210253
    vertex 8.755930590109735 8.020344754376962 -1.600781435065898
    vertex 9.469686112756747 7.370552552276032 0
  endloop
endfacet
facet normal 0.963317 0.263502 -0.0508567
  outer loop
    vertex 11.0008408359837 4.100610907640883 -3.300415655901086
    vertex 11.50407784271027 2.186917895336548 -3.683542380289465
    vertex 11.18977940809905 3.081365394065418 -5.002555307207345
  endloop
endfacet
facet normal 0.955695 0.292298 -0.0347605
  outer loop
    vertex 7.107809219216794 3.376003818053352 -52.49159830688644
    vertex 7.705879883818644 1.352270648026945 -53.06578441092469
    vertex 7.308784660248144 2.501686153184254 -54.31808621054433
  endloop
endfacet
facet normal 0.67562 0.729973 -0.103328
  outer loop
    vertex 8.127378859508912 8.828686928077603 0
    vertex 8.755930590109735 8.020344754376962 -1.600781435065898
    vertex 7.287707713480094 9.363247061695755 -1.713809338896476
  endloop
endfacet
facet normal -0.888687 0.447322 -0.100693
  outer loop
    vertex -7.514037434808911 4.819987649361211 -39.04494983627897
    vertex -8.347148772387607 3.182461004541808 -38.96675685138177
    vertex -7.914747730141034 4.422057830169496 -37.27617083474661
  endloop
endfacet
facet normal -0.79459 0.599034 -0.0989195
  outer loop
    vertex -5.703705683395571 3.688630790518724 -66.16737467999008
    vertex -4.783953513483425 4.63983245235791 -67.79519830192437
    vertex -5.782860155120953 3.246558677044002 -68.20864014228205
  endloop
endfacet
facet normal 0.621817 0.776253 -0.103804
  outer loop
    vertex 6.428729728939284 9.629708611488645 -5.356657554575801
    vertex 7.260539724080162 9.1888051834188 -3.670977387963048
    vertex 7.980325280789624 8.398155132369107 -5.271771878119456
  endloop
endfacet
facet normal 0.989907 0.118707 -0.077408
  outer loop
    vertex 6.625249290025824 0 -68.2926829268293
    vertex 6.364863272653828 1.5446141742032 -69.25384274542115
    vertex 6.515728869745239 1.589978364588115 -67.25497898779352
  endloop
endfacet
facet normal 0.988066 0.12554 -0.0892519
  outer loop
    vertex 6.171667654931864 1.680174714844219 -71.20194320574001
    vertex 6.364863272653828 1.5446141742032 -69.25384274542115
    vertex 6.47168498402656 0 -70.24390243902442
  endloop
endfacet
facet normal 0.957098 0.274575 -0.0925874
  outer loop
    vertex 7.625850174688527 3.207699083441602 -47.35572149112256
    vertex 7.859232152396961 3.016711929951585 -45.50958256975785
    vertex 8.243996296011554 1.538251382604157 -45.91666617440764
  endloop
endfacet
facet normal 0.933848 0.342509 -0.103032
  outer loop
    vertex 6.171667654931864 1.680174714844219 -71.20194320574001
    vertex 6.11859981913338 1.235529532855961 -73.16107196166976
    vertex 5.483961426479997 3.000561695456086 -73.04573267071054
  endloop
endfacet
facet normal -0.994544 0.0689616 -0.0782723
  outer loop
    vertex -11.84643569400077 1.450769955396299e-15 -1.95121951219513
    vertex -11.64855885367888 1.623224762136742 -3.03534551175191
    vertex -11.6928713880015 1.431963751815771e-15 -3.90243902439026
  endloop
endfacet
facet normal -0.974498 0.211464 -0.0750727
  outer loop
    vertex -11.49332199048876 1.684539441347548 -4.877723694951854
    vertex -11.64855885367888 1.623224762136742 -3.03534551175191
    vertex -11.2223415842928 3.298817536571048 -3.848166626112923
  endloop
endfacet
facet normal 0.867777 0.486789 -0.0999994
  outer loop
    vertex 10.5536850144779 5.711368716444897 0
    vertex 10.77719385909545 4.987778865699907 -1.582807748611908
    vertex 9.857346081275841 6.611654109682061 -1.660187467210253
  endloop
endfacet
facet normal 0.99285 0.0902397 -0.078139
  outer loop
    vertex 9.850099716010341 0 -27.31707317073179
    vertex 9.756093079550272 1.788226484334462 -26.44638697386737
    vertex 10.00366402200961 0 -25.36585365853667
  endloop
endfacet
facet normal 0.993864 0.0787092 -0.0777138
  outer loop
    vertex 10.61792124600666 0 -17.56097560975619
    vertex 10.41622001400091 1.654346803004619 -18.46495038875353
    vertex 10.56121055195861 1.689733401153141 -16.5748597387471
  endloop
endfacet
facet normal 0.792863 0.607018 -0.0538273
  outer loop
    vertex 8.681952659582636 7.879150307397607 -3.504129637103006
    vertex 9.878774462735107 6.318789568625341 -3.471634045470494
    vertex 9.279918002921256 6.954067300028797 -5.128532565670969
  endloop
endfacet
facet normal 0.696789 0.710078 -0.101359
  outer loop
    vertex 5.321817404798193 5.218496873433482 -57.76894065555887
    vertex 5.654983217222517 4.638047520306769 -59.54498970692087
    vertex 4.527854930572782 5.742438326074768 -59.55650167534802
  endloop
endfacet
facet normal -0.857395 0.510216 -0.067482
  outer loop
    vertex -10.10030275256815 5.151039336605518 -8.412024200282845
    vertex -10.3380392850771 4.986749745956632 -6.633610112769061
    vertex -9.326592229652142 6.554896771321096 -7.628184403925478
  endloop
endfacet
facet normal 0.957313 0.275052 -0.0888687
  outer loop
    vertex 9.141856489000768 1.760713033430219 -34.18136231300927
    vertex 8.749007156630622 3.30989057071249 -33.61845399058292
    vertex 9.236819919807413 2.078575693463508 -32.17459640488199
  endloop
endfacet
facet normal -0.911077 0.398908 -0.103977
  outer loop
    vertex -8.967024069200733 4.996476250662403 -22.04398372200632
    vertex -9.745936895410676 3.326917358079873 -21.62419540063398
    vertex -9.467984338876525 4.314125534898185 -20.272269520515
  endloop
endfacet
facet normal -0.86168 0.499685 -0.0884436
  outer loop
    vertex -9.326592229652142 6.554896771321096 -7.628184403925478
    vertex -10.3380392850771 4.986749745956632 -6.633610112769061
    vertex -9.599370223384536 6.424293493727894 -5.708465974788437
  endloop
endfacet
facet normal 0.990616 0.112258 -0.0779632
  outer loop
    vertex 7.085942208023612 0 -62.43902439024394
    vertex 6.982181596458487 1.603053791818743 -61.44920561042029
    vertex 7.239506514022874 0 -60.48780487804882
  endloop
endfacet
facet normal -0.992495 0.0940876 -0.078111
  outer loop
    vertex -8.62158526801624 1.055839680205206e-15 -42.92682926829275
    vertex -8.393509391942537 1.605825653889462 -43.89053195015252
    vertex -8.468020962016977 1.037033476624678e-15 -44.87804878048787
  endloop
endfacet
facet normal 0.893755 0.44511 -0.0554852
  outer loop
    vertex 8.15416729887157 5.062019459487606 -30.52501584233882
    vertex 8.99219818832451 3.410154572657139 -30.27750292506757
    vertex 8.608626656749774 3.94956626505957 -32.12883642553202
  endloop
endfacet
facet normal -0.928776 0.361305 -0.0826717
  outer loop
    vertex -10.51836935595453 4.947726211123699 -4.778236628723687
    vertex -10.3380392850771 4.986749745956632 -6.633610112769061
    vertex -11.03742028959645 3.374259238529169 -5.823565642301732
  endloop
endfacet
facet normal -0.596933 0.7933 -0.119774
  outer loop
    vertex -4.482930115229282 4.358075322652605 -73.03325391126073
    vertex -3.615075765914306 5.257992194425674 -71.3980623905652
    vertex -2.932373808781368 5.517536098702087 -73.08149704063129
  endloop
endfacet
facet normal 0.931736 0.350662 -0.0943619
  outer loop
    vertex 5.949425189496484 3.259974649951772 -66.27515297250814
    vertex 6.208409440858832 3.094608322471577 -64.3324492285435
    vertex 6.666722370342423 1.60122063605931 -65.35667828412555
  endloop
endfacet
facet normal -0.967266 0.242531 -0.0746709
  outer loop
    vertex -10.2552226933315 1.63384811142569 -20.52613233416354
    vertex -9.745936895410676 3.326917358079873 -21.62419540063398
    vertex -10.09450883328556 1.689244931105237 -22.4280453724045
  endloop
endfacet
facet normal -0.922866 0.379927 -0.0630414
  outer loop
    vertex -6.012612015871977 1.679431400100715 -73.15273054065048
    vertex -5.450960762097573 3.005523932978888 -73.38290228614781
    vertex -5.782624929219335 1.92728064258194 -75.02582716276545
  endloop
endfacet
facet normal 0.903075 0.417836 -0.0993455
  outer loop
    vertex 9.390404878446397 4.485606262761226 -20.24420845785877
    vertex 9.653574384552728 3.527681452402711 -21.88085670424637
    vertex 8.910121051024863 5.100306337119844 -22.02474573735824
  endloop
endfacet
facet normal 0.993097 0.0876 -0.0780047
  outer loop
    vertex 7.958602683844929 1.413286519399901 -49.7687526711677
    vertex 8.110942998767838 1.443889938437949 -47.7949040630876
    vertex 8.16089235001845 0 -48.7804878048781
  endloop
endfacet
facet normal -0.922206 0.379546 -0.0740342
  outer loop
    vertex -6.17691530428418 1.660653556254819 -71.20235620470083
    vertex -5.51261150842254 3.114586613068461 -72.02347279451205
    vertex -6.012612015871977 1.679431400100715 -73.15273054065048
  endloop
endfacet
facet normal 0.734688 0.676328 -0.053046
  outer loop
    vertex 9.469686112756747 7.370552552276032 0
    vertex 8.755930590109735 8.020344754376962 -1.600781435065898
    vertex 8.127378859508912 8.828686928077603 0
  endloop
endfacet
facet normal -0.971945 0.220156 -0.0827871
  outer loop
    vertex -11.03742028959645 3.374259238529169 -5.823565642301732
    vertex -10.85731505234729 3.437581407069819 -7.769663549074692
    vertex -11.34636680147064 1.641600684217728 -6.804099404778355
  endloop
endfacet
facet normal 0.994289 0.0725661 -0.0782522
  outer loop
    vertex 10.00366402200961 0 -25.36585365853667
    vertex 9.985272776289731 1.465313163946992 -24.24069957643349
    vertex 10.15722832800887 0 -23.41463414634155
  endloop
endfacet
facet normal -0.993179 0.0836278 -0.081254
  outer loop
    vertex -9.650014024232734 1.595473073919685 -28.19484487134236
    vertex -9.480087437556408 1.642913066523072 -30.2230557044499
    vertex -9.696535410011078 1.187483105268904e-15 -29.26829268292691
  endloop
endfacet
facet normal -0.956918 0.288426 -0.0334359
  outer loop
    vertex -7.344794174135042 2.406671782566231 -54.26768296743661
    vertex -7.710009593395466 1.336255330566136 -53.0490532883836
    vertex -7.128298873531353 3.328049372320609 -52.51565797327692
  endloop
endfacet
facet normal 0.973232 0.215335 -0.0803109
  outer loop
    vertex 11.33797352697457 1.690420227839135 -6.819465884755963
    vertex 11.19268290692864 1.611847364421183 -8.790817995617846
    vertex 10.87829428667818 3.257743846702729 -8.187581702958422
  endloop
endfacet
facet normal 0.993132 0.0899091 -0.0748699
  outer loop
    vertex 8.314456656017715 0 -46.82926829268299
    vertex 8.110942998767838 1.443889938437949 -47.7949040630876
    vertex 8.243996296011554 1.538251382604157 -45.91666617440764
  endloop
endfacet
facet normal 0.993152 0.0769689 -0.0878886
  outer loop
    vertex 11.01050118868264 1.825987058020575 -10.66196062388632
    vertex 11.19268290692864 1.611847364421183 -8.790817995617846
    vertex 11.23217847000371 0 -9.756097560975665
  endloop
endfacet
facet normal 0.994454 0.0725118 -0.0761824
  outer loop
    vertex 11.38574277600297 0 -7.804878048780534
    vertex 11.19268290692864 1.611847364421183 -8.790817995617846
    vertex 11.33797352697457 1.690420227839135 -6.819465884755963
  endloop
endfacet
facet normal -0.878157 0.461575 -0.125652
  outer loop
    vertex -5.782624929219335 1.92728064258194 -75.02582716276545
    vertex -5.450960762097573 3.005523932978888 -73.38290228614781
    vertex -4.922029453489002 3.624839048354827 -74.80447962923196
  endloop
endfacet
facet normal -0.958592 0.270606 -0.0887313
  outer loop
    vertex -9.243297976583284 2.050641835713481 -32.17166388924053
    vertex -8.768601641424533 3.257241405284626 -33.62015567040743
    vertex -9.146099269893151 1.727140547870898 -34.2083232044163
  endloop
endfacet
facet normal -0.990138 0.0983876 -0.0997321
  outer loop
    vertex -9.542971104011816 1.168676901688375e-15 -31.21951219512203
    vertex -9.480087437556408 1.642913066523072 -30.2230557044499
    vertex -9.243297976583284 2.050641835713481 -32.17166388924053
  endloop
endfacet
facet normal -0.946347 0.304988 -0.106812
  outer loop
    vertex -7.128298873531353 3.328049372320609 -52.51565797327692
    vertex -7.710009593395466 1.336255330566136 -53.0490532883836
    vertex -7.750530384585571 1.685385233185822 -51.69314954555951
  endloop
endfacet
facet normal -0.87638 0.47662 -0.069215
  outer loop
    vertex -10.70874548774727 4.899734241203454 -2.84055247580422
    vertex -10.89809137960259 4.780346093531994 -1.265226042720416
    vertex -9.933080958849121 6.489605682968763 -1.713809338896473
  endloop
endfacet
facet normal -0.993274 0.103915 -0.0510707
  outer loop
    vertex -8.160711811360791 1.962835973755653 -45.8256085408558
    vertex -8.117885968524412 1.404077386164942 -47.79545048665788
    vertex -8.314456656017715 1.01822727304415e-15 -46.82926829268299
  endloop
endfacet
facet normal -0.813881 0.569742 -0.113984
  outer loop
    vertex -5.274924741716908 4.882879216646179 -61.14226030591878
    vertex -6.382787220166178 3.336618988752865 -60.96066988531918
    vertex -5.87148776518234 4.380983310243665 -59.39130948237909
  endloop
endfacet
facet normal -0.826212 0.561615 -0.0442844
  outer loop
    vertex -5.703705683395571 3.688630790518724 -66.16737467999008
    vertex -6.215295865063985 3.080655881234448 -64.33300340947838
    vertex -5.172052113439255 4.600631783844088 -64.52040799187969
  endloop
endfacet
facet normal 0.968011 0.244346 -0.0569989
  outer loop
    vertex 8.168584279490586 2.93020203924936 -42.20695999113778
    vertex 8.609271278023687 1.245650304542443 -41.94420749367021
    vertex 8.347681947016598 1.825834188965717 -43.89961069470378
  endloop
endfacet
facet normal 0.995653 0.0687477 -0.0628362
  outer loop
    vertex 10.46435694000739 0 -19.51219512195132
    vertex 10.32302115958928 1.159849577297114 -20.4827243973893
    vertex 10.41622001400091 1.654346803004619 -18.46495038875353
  endloop
endfacet
facet normal 0.985515 0.120185 -0.119647
  outer loop
    vertex 7.194959432928182 2.047008218882028 -57.42585907186348
    vertex 7.4974547339982 1.384398719441049 -55.59984263027175
    vertex 7.5466351260214 0 -56.58536585365859
  endloop
endfacet
facet normal -0.966506 0.242609 -0.0837104
  outer loop
    vertex -9.658438371380742 3.169142683909294 -23.31484062087097
    vertex -9.464788612177191 3.253374076314305 -25.30656871362749
    vertex -9.940952576386289 1.676388103427704 -24.37926551812691
  endloop
endfacet
facet normal -0.993906 0.0776616 -0.0782221
  outer loop
    vertex -11.07861416400445 1.356738937493658e-15 -11.70731707317081
    vertex -10.83467428903179 1.703596028297365 -13.11547802450318
    vertex -10.92504985800518 1.337932733913129e-15 -13.65853658536594
  endloop
endfacet
facet normal 0.806931 0.58111 -0.105709
  outer loop
    vertex 5.248232359097059 4.910267085354124 -61.15346353385639
    vertex 5.654983217222517 4.638047520306769 -59.54498970692087
    vertex 6.313994065731355 3.461617469805174 -60.98156239200934
  endloop
endfacet
facet normal -0.988212 0.10705 -0.109445
  outer loop
    vertex -8.16089235001845 9.994210694636217e-16 -48.7804878048781
    vertex -8.117885968524412 1.404077386164942 -47.79545048665788
    vertex -7.865475195010348 1.934525236956841 -49.55569817829475
  endloop
endfacet
facet normal 0.91844 0.390741 -0.0615578
  outer loop
    vertex 9.443256615151848 4.971017288131269 -16.8770995974723
    vertex 10.17362360638366 3.304541796927824 -16.55808247640721
    vertex 9.864805497842074 3.727695446038358 -18.47965024645421
  endloop
endfacet
facet normal 0.859055 0.495976 -0.126616
  outer loop
    vertex 4.36941290326929 3.666372755594512 -80
    vertex 4.999421657250131 3.021094218511087 -78.25322293334547
    vertex 5.359878397722647 1.950836196057469 -80
  endloop
endfacet
facet normal -0.987236 0.113366 -0.111862
  outer loop
    vertex -7.5466351260214 9.241962551415088e-16 -56.58536585365859
    vertex -7.502435419055345 1.356974454886214 -55.60023461868691
    vertex -7.213333208552835 1.941151639816842 -57.55966395563082
  endloop
endfacet
facet normal 0.923193 0.371782 -0.0974334
  outer loop
    vertex 5.790312542583346 1.928342105565386 -74.92889154743781
    vertex 5.750974984175047 1.467805471137728 -77.0589130299899
    vertex 5.236845509372129 2.877238745117353 -76.5523012049416
  endloop
endfacet
facet normal -0.937099 0.338351 -0.0858156
  outer loop
    vertex -7.213333208552835 1.941151639816842 -57.55966395563082
    vertex -6.622817285786772 3.181368973076361 -59.11815872950429
    vertex -7.100581010080194 1.740409924227918 -59.58238648372394
  endloop
endfacet
facet normal 0.988513 0.142917 -0.0491563
  outer loop
    vertex 6.010992066028773 0 -76.09756097560977
    vertex 5.750974984175047 1.467805471137728 -77.0589130299899
    vertex 5.790312542583346 1.928342105565386 -74.92889154743781
  endloop
endfacet
facet normal 0.919844 0.38422 -0.0791316
  outer loop
    vertex 5.750974984175047 1.467805471137728 -77.0589130299899
    vertex 5.637940130136412 1.422617897434089 -78.59226231128805
    vertex 4.999421657250131 3.021094218511087 -78.25322293334547
  endloop
endfacet
facet normal -0.891128 0.450981 -0.0500657
  outer loop
    vertex -7.89581089439306 3.887912229146512 -40.64564013976621
    vertex -8.347148772387607 3.182461004541808 -38.96675685138177
    vertex -7.514037434808911 4.819987649361211 -39.04494983627897
  endloop
endfacet
facet normal -0.959244 0.275594 -0.0624373
  outer loop
    vertex -8.861454132634577 1.596216838750549 -38.06689926646002
    vertex -8.347148772387607 3.182461004541808 -38.96675685138177
    vertex -8.604223096974671 2.002436374992032 -40.22579420639696
  endloop
endfacet
facet normal 0.914425 0.401104 -0.0542408
  outer loop
    vertex 11.34980690040765 3.896393630456211 0
    vertex 10.77719385909545 4.987778865699907 -1.582807748611908
    vertex 10.5536850144779 5.711368716444897 0
  endloop
endfacet
facet normal 0.993561 0.0819909 -0.0781949
  outer loop
    vertex 9.082278186014028 0 -37.07317073170739
    vertex 9.060625782120358 1.505660625995844 -35.76953751022101
    vertex 9.23584249201329 0 -35.12195121951227
  endloop
endfacet
facet normal -0.959729 0.264372 -0.0950132
  outer loop
    vertex -9.761306309681141 1.802589462065769 -26.34821804773043
    vertex -9.464788612177191 3.253374076314305 -25.30656871362749
    vertex -9.21484230766473 3.54699381612504 -27.01428698204056
  endloop
endfacet
facet normal 0.899109 0.432306 -0.0686665
  outer loop
    vertex 8.045751359198892 4.728996270392154 -33.89246386893308
    vertex 8.749007156630622 3.30989057071249 -33.61845399058292
    vertex 8.517493712655471 3.489442003252469 -35.51944687851874
  endloop
endfacet
facet normal 0.989905 0.118396 -0.0779072
  outer loop
    vertex 6.47168498402656 0 -70.24390243902442
    vertex 6.364863272653828 1.5446141742032 -69.25384274542115
    vertex 6.625249290025824 0 -68.2926829268293
  endloop
endfacet
facet normal -0.683389 0.727014 -0.0665643
  outer loop
    vertex -8.462007650746891 7.755127924014649 -6.63092379982071
    vertex -7.268781206503939 8.818772784462746 -7.26419686232032
    vertex -8.048482359914455 7.958521086780932 -8.654965579541507
  endloop
endfacet
facet normal -0.991611 0.0787615 -0.102488
  outer loop
    vertex -10.61792124600666 1.300320326752073e-15 -17.56097560975619
    vertex -10.61659576244006 1.294188371863023 -16.57921864934487
    vertex -10.36670022645834 1.91792503388888 -18.51772433245076
  endloop
endfacet
facet normal -0.995429 0.0796296 -0.0527364
  outer loop
    vertex -10.66035218285262 1.964423194120565 -14.7412680418218
    vertex -10.61659576244006 1.294188371863023 -16.57921864934487
    vertex -10.77148555200592 1.319126530332601e-15 -15.60975609756107
  endloop
endfacet
facet normal 0.9935 0.0827322 -0.0781901
  outer loop
    vertex 8.928713880014765 0 -39.02439024390252
    vertex 8.854733129445282 1.485026515595497 -38.39311352724322
    vertex 9.082278186014028 0 -37.07317073170739
  endloop
endfacet
facet normal -0.753837 0.655666 -0.0428009
  outer loop
    vertex -4.454511920075921 5.119742460439586 -66.24580450602635
    vertex -4.783953513483425 4.63983245235791 -67.79519830192437
    vertex -5.703705683395571 3.688630790518724 -66.16737467999008
  endloop
endfacet
facet normal -0.994712 0.0664785 -0.0782855
  outer loop
    vertex -11.23217847000371 1.375545141074186e-15 -9.756097560975665
    vertex -11.08421421342251 1.488204869976083 -10.37240851081167
    vertex -11.07861416400445 1.356738937493658e-15 -11.70731707317081
  endloop
endfacet
facet normal -0.994174 0.0706316 -0.0814175
  outer loop
    vertex -11.6928713880015 1.431963751815771e-15 -3.90243902439026
    vertex -11.64855885367888 1.623224762136742 -3.03534551175191
    vertex -11.49332199048876 1.684539441347548 -4.877723694951854
  endloop
endfacet
facet normal -0.921267 0.383128 -0.0669327
  outer loop
    vertex -5.562153524363528 3.322954413134026 -70.14886103743926
    vertex -5.51261150842254 3.114586613068461 -72.02347279451205
    vertex -6.17691530428418 1.660653556254819 -71.20235620470083
  endloop
endfacet
facet normal -0.902171 0.426033 -0.0677067
  outer loop
    vertex -8.525483756925295 3.471352330536854 -35.51236851188894
    vertex -8.768601641424533 3.257241405284626 -33.62015567040743
    vertex -8.084910594058494 4.65901886987497 -33.90967736633857
  endloop
endfacet
facet normal -0.633437 0.771126 -0.064201
  outer loop
    vertex -4.47740107778959 4.736711508991142 -69.65616261517049
    vertex -4.783953513483425 4.63983245235791 -67.79519830192437
    vertex -3.635521058807061 5.56575015641974 -68.00486521606317
  endloop
endfacet
facet normal 0.994248 0.0968595 -0.0457064
  outer loop
    vertex 8.775149574015503 0 -40.97560975609763
    vertex 8.609271278023687 1.245650304542443 -41.94420749367021
    vertex 8.62321848902106 1.937187043540053 -40.17533245139973
  endloop
endfacet
facet normal 0.993556 0.0654786 -0.0925131
  outer loop
    vertex 11.33797352697457 1.690420227839135 -6.819465884755963
    vertex 11.547066382855 1.268353096815838 -4.872616564213961
    vertex 11.53930708200224 0 -5.853658536585404
  endloop
endfacet
facet normal -0.995014 0.0824492 -0.0561143
  outer loop
    vertex -11.8363356408327 1.975135083368808 0
    vertex -11.80024303410202 1.434126368467031 -1.434900520218463
    vertex -12.00000000000003 1.469576158976827e-15 0
  endloop
endfacet
facet normal 0.991543 0.118157 -0.0536753
  outer loop
    vertex 6.318120678027298 0 -72.19512195121953
    vertex 6.11859981913338 1.235529532855961 -73.16107196166976
    vertex 6.171667654931864 1.680174714844219 -71.20194320574001
  endloop
endfacet
facet normal -0.774579 0.630721 -0.0471043
  outer loop
    vertex -8.613369382420206 7.141430932488607 -10.30674951226839
    vertex -9.294818492157317 6.391136555619069 -9.147410098478488
    vertex -8.048482359914455 7.958521086780932 -8.654965579541507
  endloop
endfacet
facet normal 0.982033 0.13863 -0.128036
  outer loop
    vertex 5.790312542583346 1.928342105565386 -74.92889154743781
    vertex 6.11859981913338 1.235529532855961 -73.16107196166976
    vertex 6.164556372028035 0 -74.14634146341466
  endloop
endfacet
facet normal -0.993713 0.102057 -0.0460249
  outer loop
    vertex -8.604223096974671 2.002436374992032 -40.22579420639696
    vertex -8.588741276744853 1.36061985282723 -41.98323861247606
    vertex -8.775149574015503 1.074645883785734e-15 -40.97560975609763
  endloop
endfacet
facet normal -0.966774 0.246629 -0.0672524
  outer loop
    vertex -8.393509391942537 1.605825653889462 -43.89053195015252
    vertex -8.588741276744853 1.36061985282723 -41.98323861247606
    vertex -8.182648671267867 2.885605181982088 -42.22848252274048
  endloop
endfacet
facet normal -0.995106 0.0602478 -0.0783166
  outer loop
    vertex -12.00000000000003 1.469576158976827e-15 0
    vertex -11.80024303410202 1.434126368467031 -1.434900520218463
    vertex -11.84643569400077 1.450769955396299e-15 -1.95121951219513
  endloop
endfacet
facet normal -0.936058 0.337883 -0.0981326
  outer loop
    vertex -11.34980690040765 3.896393630456188 0
    vertex -10.89809137960259 4.780346093531994 -1.265226042720416
    vertex -11.43894019642319 3.165452809453815 -1.666502262832586
  endloop
endfacet
facet normal -0.877538 0.46779 -0.105351
  outer loop
    vertex -9.933080958849121 6.489605682968763 -1.713809338896473
    vertex -10.89809137960259 4.780346093531994 -1.265226042720416
    vertex -10.55368501447791 5.711368716444871 0
  endloop
endfacet
facet normal 0.993325 0.088337 -0.0741799
  outer loop
    vertex 9.63406699324339 1.685495896596221 -28.20274459099395
    vertex 9.756093079550272 1.788226484334462 -26.44638697386737
    vertex 9.850099716010341 0 -27.31707317073179
  endloop
endfacet
facet normal -0.857056 0.506861 -0.0924484
  outer loop
    vertex -8.298300901822882 5.797079600593319 -23.85406455095776
    vertex -9.079926489959199 4.440486474098483 -24.04559430159333
    vertex -8.967024069200733 4.996476250662403 -22.04398372200632
  endloop
endfacet
facet normal -0.85563 0.512395 -0.0731271
  outer loop
    vertex -9.326592229652142 6.554896771321096 -7.628184403925478
    vertex -9.294818492157317 6.391136555619069 -9.147410098478488
    vertex -10.10030275256815 5.151039336605518 -8.412024200282845
  endloop
endfacet
facet normal 0.992088 0.0747956 -0.10083
  outer loop
    vertex 10.1111878850371 1.721858989831847 -22.15009248107771
    vertex 10.32302115958928 1.159849577297114 -20.4827243973893
    vertex 10.31079263400813 0 -21.46341463414643
  endloop
endfacet
facet normal 0.976442 0.194789 -0.0928379
  outer loop
    vertex 10.41622001400091 1.654346803004619 -18.46495038875353
    vertex 10.32302115958928 1.159849577297114 -20.4827243973893
    vertex 10.0210619941795 2.837608604294417 -20.13843105645749
  endloop
endfacet
facet normal 0.801024 0.58685 -0.118185
  outer loop
    vertex 5.972972162090921 4.690210793324677 -55.97882168203986
    vertex 6.518797412132311 3.727896615690838 -57.05776851209713
    vertex 5.321817404798193 5.218496873433482 -57.76894065555887
  endloop
endfacet
facet normal 0.993182 0.0864838 -0.0781651
  outer loop
    vertex 7.700199432020663 0 -54.63414634146346
    vertex 7.705879883818644 1.352270648026945 -53.06578441092469
    vertex 7.853763738019925 0 -52.68292682926835
  endloop
endfacet
facet normal -0.989224 0.123992 -0.0778536
  outer loop
    vertex -5.857427760029509 7.173280157556989e-16 -78.0487804878049
    vertex -5.635653343123158 1.435330213052081 -78.58073535318005
    vertex -5.703863454030247 1.084048985575999e-15 -80
  endloop
endfacet
facet normal -0.854199 0.515753 -0.0658984
  outer loop
    vertex -10.10030275256815 5.151039336605518 -8.412024200282845
    vertex -9.294818492157317 6.391136555619069 -9.147410098478488
    vertex -9.789004215859523 5.445034328375097 -10.14624471037088
  endloop
endfacet
facet normal -0.976803 0.172237 -0.127241
  outer loop
    vertex -5.703863454030247 1.084048985575999e-15 -80
    vertex -5.635653343123158 1.435330213052081 -78.58073535318005
    vertex -5.359878397722651 1.950836196057456 -80
  endloop
endfacet
facet normal -0.993272 0.0854373 -0.0781722
  outer loop
    vertex -7.853763738019925 9.618086623025653e-16 -52.68292682926835
    vertex -7.710009593395466 1.336255330566136 -53.0490532883836
    vertex -7.700199432020663 9.430024587220371e-16 -54.63414634146346
  endloop
endfacet
facet normal 0.824779 0.554057 -0.112959
  outer loop
    vertex 5.751942504988888 4.095358613302546 -62.7567695854636
    vertex 6.208409440858832 3.094608322471577 -64.3324492285435
    vertex 5.16721499474709 4.605835012796251 -64.52234355883085
  endloop
endfacet
facet normal -0.921499 0.376662 -0.0946848
  outer loop
    vertex -8.677638810247821 4.400785029228202 -28.84607251179461
    vertex -9.273951925398354 2.911022070913388 -28.96894820398388
    vertex -9.21484230766473 3.54699381612504 -27.01428698204056
  endloop
endfacet
facet normal -0.779953 0.61677 -0.106147
  outer loop
    vertex -9.469686112756762 7.370552552276013 0
    vertex -8.760378216900438 8.064496261035947 -1.17971491328493
    vertex -9.933080958849121 6.489605682968763 -1.713809338896473
  endloop
endfacet
facet normal -0.679072 0.726357 -0.106147
  outer loop
    vertex -7.287707713480118 9.363247061695738 -1.713809338896475
    vertex -8.760378216900438 8.064496261035947 -1.17971491328493
    vertex -8.127378859508932 8.828686928077586 0
  endloop
endfacet
facet normal -0.971653 0.224095 -0.0753122
  outer loop
    vertex -11.34636680147064 1.641600684217728 -6.804099404778355
    vertex -10.85731505234729 3.437581407069819 -7.769663549074692
    vertex -11.18271805441124 1.690293993731665 -8.770552299254566
  endloop
endfacet
facet normal -0.458938 0.885536 -0.0721286
  outer loop
    vertex -5.723742733523471 9.906195487085672 -7.104179503938659
    vertex -5.985069391471743 9.925164768660103 -5.20852914505568
    vertex -4.67173895474941 10.58764360194948 -5.431581011573997
  endloop
endfacet
facet normal 0.91323 0.397205 -0.0907673
  outer loop
    vertex 9.178883690619177 3.644149839355341 -26.99032182435637
    vertex 9.190988108787989 3.181302578422335 -28.89399284670647
    vertex 8.597526819640557 4.55142605942645 -28.86917466852399
  endloop
endfacet
facet normal -0.787193 0.611988 -0.0761495
  outer loop
    vertex -9.933080958849121 6.489605682968763 -1.713809338896473
    vertex -8.760378216900438 8.064496261035947 -1.17971491328493
    vertex -8.69854636661522 7.955620207146874 -2.693899846515989
  endloop
endfacet
facet normal 0.847921 0.519124 -0.107427
  outer loop
    vertex 9.279918002921256 6.954067300028797 -5.128532565670969
    vertex 9.878774462735107 6.318789568625341 -3.471634045470494
    vertex 10.4031135077495 5.148672033924428 -4.987438159803042
  endloop
endfacet
facet normal 0.936936 0.3362 -0.0954969
  outer loop
    vertex 10.55444740832272 3.797738116810452 -9.950042424170457
    vertex 10.67570596738171 2.963032060167539 -11.69896487281265
    vertex 10.11895243446228 4.506045356057436 -11.72913802015905
  endloop
endfacet
facet normal 0.990153 0.0926041 -0.104984
  outer loop
    vertex 8.347681947016598 1.825834188965717 -43.89961069470378
    vertex 8.609271278023687 1.245650304542443 -41.94420749367021
    vertex 8.62158526801624 0 -42.92682926829275
  endloop
endfacet
facet normal 0.98936 0.122896 -0.0778643
  outer loop
    vertex 5.703863454030247 0 -80
    vertex 5.637940130136412 1.422617897434089 -78.59226231128805
    vertex 5.857427760029509 0 -78.0487804878049
  endloop
endfacet
facet normal 0.976669 0.172213 -0.128297
  outer loop
    vertex 5.359878397722647 1.950836196057469 -80
    vertex 5.637940130136412 1.422617897434089 -78.59226231128805
    vertex 5.703863454030247 0 -80
  endloop
endfacet
facet normal -0.914112 0.400968 -0.060201
  outer loop
    vertex -8.347148772387607 3.182461004541808 -38.96675685138177
    vertex -8.645159635484086 2.792548463114398 -37.03866579713792
    vertex -7.914747730141034 4.422057830169496 -37.27617083474661
  endloop
endfacet
facet normal -0.82562 0.55265 -0.113705
  outer loop
    vertex -5.172052113439255 4.600631783844088 -64.52040799187969
    vertex -6.215295865063985 3.080655881234448 -64.33300340947838
    vertex -5.767880436265703 4.071924491115099 -62.76377980774677
  endloop
endfacet
facet normal 0.893156 0.4375 -0.10424
  outer loop
    vertex 8.597526819640557 4.55142605942645 -28.86917466852399
    vertex 8.99219818832451 3.410154572657139 -30.27750292506757
    vertex 8.15416729887157 5.062019459487606 -30.52501584233882
  endloop
endfacet
facet normal -0.570981 0.819193 -0.053881
  outer loop
    vertex -6.500502889675692 9.255744386371946 -8.762089925229827
    vertex -7.268781206503939 8.818772784462746 -7.26419686232032
    vertex -5.723742733523471 9.906195487085672 -7.104179503938659
  endloop
endfacet
facet normal 0.939165 0.336253 -0.0700281
  outer loop
    vertex 6.666722370342423 1.60122063605931 -65.35667828412555
    vertex 6.208409440858832 3.094608322471577 -64.3324492285435
    vertex 6.844883601974191 1.50734185285884 -63.41809094277386
  endloop
endfacet
facet normal 0.896794 0.43717 -0.0681431
  outer loop
    vertex 7.215958768010385 4.298126207326323 -45.75447682831336
    vertex 7.859232152396961 3.016711929951585 -45.50958256975785
    vertex 7.625850174688527 3.207699083441602 -47.35572149112256
  endloop
endfacet
facet normal -0.86689 0.492994 -0.0738869
  outer loop
    vertex -9.599370223384536 6.424293493727894 -5.708465974788437
    vertex -10.3380392850771 4.986749745956632 -6.633610112769061
    vertex -10.51836935595453 4.947726211123699 -4.778236628723687
  endloop
endfacet
facet normal 0.967435 0.244988 -0.0636366
  outer loop
    vertex 11.8363356408327 1.975135083368811 0
    vertex 11.33702686102174 3.577957525731325 -1.420201590602623
    vertex 11.34980690040765 3.896393630456211 0
  endloop
endfacet
facet normal 0.946188 0.305933 -0.105515
  outer loop
    vertex 7.107809219216794 3.376003818053352 -52.49159830688644
    vertex 7.441621572628618 2.965475122996418 -50.68849786189887
    vertex 7.764823492730491 1.629137343462868 -51.66485670861361
  endloop
endfacet
facet normal -0.876183 0.477624 -0.0646402
  outer loop
    vertex -7.128298873531353 3.328049372320609 -52.51565797327692
    vertex -7.380747608831684 3.108862876651367 -50.71333258788756
    vertex -6.614370757962558 4.489653042670963 -50.89879202756435
  endloop
endfacet
facet normal -0.938036 0.339675 -0.0686298
  outer loop
    vertex -6.833861667811225 1.558292095634161 -63.41317043741532
    vertex -6.215295865063985 3.080655881234448 -64.33300340947838
    vertex -6.64735862064524 1.682114397478361 -65.34945959457265
  endloop
endfacet
facet normal 0.878144 0.475299 -0.0543572
  outer loop
    vertex 6.562914097676979 4.566593465539598 -50.88390620515827
    vertex 7.441621572628618 2.965475122996418 -50.68849786189887
    vertex 7.107809219216794 3.376003818053352 -52.49159830688644
  endloop
endfacet
facet normal -0.945737 0.310839 -0.0946657
  outer loop
    vertex -7.750530384585571 1.685385233185822 -51.69314954555951
    vertex -7.380747608831684 3.108862876651367 -50.71333258788756
    vertex -7.128298873531353 3.328049372320609 -52.51565797327692
  endloop
endfacet
facet normal -0.992127 0.0866516 -0.0904147
  outer loop
    vertex -8.62158526801624 1.055839680205206e-15 -42.92682926829275
    vertex -8.588741276744853 1.36061985282723 -41.98323861247606
    vertex -8.393509391942537 1.605825653889462 -43.89053195015252
  endloop
endfacet
facet normal 0.994566 0.077577 -0.0694215
  outer loop
    vertex 10.15722832800887 0 -23.41463414634155
    vertex 9.985272776289731 1.465313163946992 -24.24069957643349
    vertex 10.1111878850371 1.721858989831847 -22.15009248107771
  endloop
endfacet
facet normal 0.929972 0.361705 -0.0657356
  outer loop
    vertex 10.77719385909545 4.987778865699907 -1.582807748611908
    vertex 11.33702686102174 3.577957525731325 -1.420201590602623
    vertex 11.0008408359837 4.100610907640883 -3.300415655901086
  endloop
endfacet
facet normal 0.957799 0.27356 -0.0882381
  outer loop
    vertex 8.243996296011554 1.538251382604157 -45.91666617440764
    vertex 7.859232152396961 3.016711929951585 -45.50958256975785
    vertex 8.347681947016598 1.825834188965717 -43.89961069470378
  endloop
endfacet
facet normal 0.699055 0.712862 -0.0561315
  outer loop
    vertex 4.527854930572782 5.742438326074768 -59.55650167534802
    vertex 5.654983217222517 4.638047520306769 -59.54498970692087
    vertex 5.248232359097059 4.910267085354124 -61.15346353385639
  endloop
endfacet
facet normal -0.967652 0.24161 -0.0726279
  outer loop
    vertex -10.09450883328556 1.689244931105237 -22.4280453724045
    vertex -9.745936895410676 3.326917358079873 -21.62419540063398
    vertex -9.658438371380742 3.169142683909294 -23.31484062087097
  endloop
endfacet
facet normal -0.993273 0.0854311 -0.0781723
  outer loop
    vertex -9.696535410011078 1.187483105268904e-15 -29.26829268292691
    vertex -9.480087437556408 1.642913066523072 -30.2230557044499
    vertex -9.542971104011816 1.168676901688375e-15 -31.21951219512203
  endloop
endfacet
facet normal 0.913266 0.402657 -0.0617506
  outer loop
    vertex 7.124900359631014 3.924666597742777 -49.11808155506509
    vertex 7.762567267232065 2.547987986943506 -48.66414721399595
    vertex 7.441621572628618 2.965475122996418 -50.68849786189887
  endloop
endfacet
facet normal 0.994385 0.0712328 -0.0782598
  outer loop
    vertex 11.23217847000371 0 -9.756097560975665
    vertex 11.19268290692864 1.611847364421183 -8.790817995617846
    vertex 11.38574277600297 0 -7.804878048780534
  endloop
endfacet
facet normal -0.642904 0.758214 -0.10856
  outer loop
    vertex -8.048482359914455 7.958521086780932 -8.654965579541507
    vertex -7.268781206503939 8.818772784462746 -7.26419686232032
    vertex -6.500502889675692 9.255744386371946 -8.762089925229827
  endloop
endfacet
facet normal -0.915813 0.396158 -0.0659267
  outer loop
    vertex -9.21484230766473 3.54699381612504 -27.01428698204056
    vertex -9.464788612177191 3.253374076314305 -25.30656871362749
    vertex -8.8528789323691 4.644658788418124 -25.44651708943007
  endloop
endfacet
facet normal -0.96364 0.26111 -0.0567481
  outer loop
    vertex -9.916728717580344 3.580128156660856 -18.51054377720563
    vertex -9.98323692477465 3.030927603992034 -19.90815501971029
    vertex -10.36670022645834 1.91792503388888 -18.51772433245076
  endloop
endfacet
facet normal -0.970824 0.220449 -0.0943515
  outer loop
    vertex -10.46820995855846 3.198196333749185 -13.3941021849926
    vertex -10.83467428903179 1.703596028297365 -13.11547802450318
    vertex -10.84102880918713 2.311618279809744 -11.62946727999017
  endloop
endfacet
facet normal 0.993076 0.087703 -0.0781568
  outer loop
    vertex 8.16089235001845 0 -48.7804878048781
    vertex 8.110942998767838 1.443889938437949 -47.7949040630876
    vertex 8.314456656017715 0 -46.82926829268299
  endloop
endfacet
facet normal 0.870663 0.488449 -0.0579979
  outer loop
    vertex 5.751942504988888 4.095358613302546 -62.7567695854636
    vertex 6.549041081356298 2.721254964115958 -62.36321412572798
    vertex 6.208409440858832 3.094608322471577 -64.3324492285435
  endloop
endfacet
facet normal 0.831073 0.547848 -0.0958105
  outer loop
    vertex 5.949425189496484 3.259974649951772 -66.27515297250814
    vertex 5.96671726204377 2.925699706417122 -68.03655545155388
    vertex 5.047937331271791 4.327707240982833 -67.98944894732286
  endloop
endfacet
facet normal -0.969621 0.232575 -0.0757963
  outer loop
    vertex -9.650014024232734 1.595473073919685 -28.19484487134236
    vertex -9.273951925398354 2.911022070913388 -28.96894820398388
    vertex -9.480087437556408 1.642913066523072 -30.2230557044499
  endloop
endfacet
facet normal 0.94872 0.310756 -0.0579699
  outer loop
    vertex 8.347681947016598 1.825834188965717 -43.89961069470378
    vertex 7.859232152396961 3.016711929951585 -45.50958256975785
    vertex 7.811025536665611 3.448757315567103 -43.98247954945088
  endloop
endfacet
facet normal 0.961358 0.253918 -0.106379
  outer loop
    vertex 8.748596988746661 2.437751916929465 -37.07820264106249
    vertex 8.854733129445282 1.485026515595497 -38.39311352724322
    vertex 8.354396775726014 3.190694713500343 -38.84341542656654
  endloop
endfacet
facet normal -0.971841 0.22561 -0.068009
  outer loop
    vertex -10.66035218285262 1.964423194120565 -14.7412680418218
    vertex -10.83467428903179 1.703596028297365 -13.11547802450318
    vertex -10.46820995855846 3.198196333749185 -13.3941021849926
  endloop
endfacet
facet normal 0.0356988 0.996078 -0.080952
  outer loop
    vertex -1.508098659096156e-14 11.8651202798569 -1.71380933889648
    vertex 0.9151454774381808 11.74357860482312 -2.805758122308169
    vertex -0.1261974693880357 11.70504104079176 -3.739165186663671
  endloop
endfacet
facet normal 0.937373 0.339377 -0.078451
  outer loop
    vertex 6.364863272653828 1.5446141742032 -69.25384274542115
    vertex 5.96671726204377 2.925699706417122 -68.03655545155388
    vertex 6.515728869745239 1.589978364588115 -67.25497898779352
  endloop
endfacet
facet normal 0.953208 0.282986 -0.106366
  outer loop
    vertex 7.308784660248144 2.501686153184254 -54.31808621054433
    vertex 7.4974547339982 1.384398719441049 -55.59984263027175
    vertex 6.993881461093509 2.984590753296076 -55.85535324165395
  endloop
endfacet
facet normal 0.96017 0.261561 -0.0982853
  outer loop
    vertex 7.441621572628618 2.965475122996418 -50.68849786189887
    vertex 7.762567267232065 2.547987986943506 -48.66414721399595
    vertex 7.958602683844929 1.413286519399901 -49.7687526711677
  endloop
endfacet
facet normal 0.712882 0.700226 -0.0385095
  outer loop
    vertex 4.970673740742081 3.56901076314209 -74.72179059573492
    vertex 4.275754348919296 4.177705496470007 -76.51802485291664
    vertex 3.667280789099268 4.892590060748517 -74.78312060607436
  endloop
endfacet
facet normal 0.942271 0.318761 -0.102556
  outer loop
    vertex 6.208409440858832 3.094608322471577 -64.3324492285435
    vertex 6.549041081356298 2.721254964115958 -62.36321412572798
    vertex 6.844883601974191 1.50734185285884 -63.41809094277386
  endloop
endfacet
facet normal -0.923022 0.377608 -0.0737734
  outer loop
    vertex -9.658438371380742 3.169142683909294 -23.31484062087097
    vertex -9.079926489959199 4.440486474098483 -24.04559430159333
    vertex -9.464788612177191 3.253374076314305 -25.30656871362749
  endloop
endfacet
facet normal -0.852402 0.518531 -0.0673538
  outer loop
    vertex -6.382787220166178 3.336618988752865 -60.96066988531918
    vertex -6.622817285786772 3.181368973076361 -59.11815872950429
    vertex -5.87148776518234 4.380983310243665 -59.39130948237909
  endloop
endfacet
facet normal -0.970124 0.226879 -0.0859377
  outer loop
    vertex -10.36670022645834 1.91792503388888 -18.51772433245076
    vertex -9.98323692477465 3.030927603992034 -19.90815501971029
    vertex -10.2552226933315 1.63384811142569 -20.52613233416354
  endloop
endfacet
facet normal 0.798153 0.592708 -0.107933
  outer loop
    vertex 5.236845509372129 2.877238745117353 -76.5523012049416
    vertex 4.275754348919296 4.177705496470007 -76.51802485291664
    vertex 4.970673740742081 3.56901076314209 -74.72179059573492
  endloop
endfacet
facet normal -0.961582 0.256935 -0.0966654
  outer loop
    vertex -8.861454132634577 1.596216838750549 -38.06689926646002
    vertex -8.645159635484086 2.792548463114398 -37.03866579713792
    vertex -8.347148772387607 3.182461004541808 -38.96675685138177
  endloop
endfacet
facet normal -0.993287 0.0852669 -0.0781734
  outer loop
    vertex -8.314456656017715 1.01822727304415e-15 -46.82926829268299
    vertex -8.117885968524412 1.404077386164942 -47.79545048665788
    vertex -8.16089235001845 9.994210694636217e-16 -48.7804878048781
  endloop
endfacet
facet normal -0.965765 0.249186 -0.0721442
  outer loop
    vertex -9.940952576386289 1.676388103427704 -24.37926551812691
    vertex -9.464788612177191 3.253374076314305 -25.30656871362749
    vertex -9.761306309681141 1.802589462065769 -26.34821804773043
  endloop
endfacet
facet normal 0.876985 0.467997 -0.108977
  outer loop
    vertex 7.124900359631014 3.924666597742777 -49.11808155506509
    vertex 7.441621572628618 2.965475122996418 -50.68849786189887
    vertex 6.562914097676979 4.566593465539598 -50.88390620515827
  endloop
endfacet
facet normal -0.871975 0.486052 -0.0584191
  outer loop
    vertex -6.215295865063985 3.080655881234448 -64.33300340947838
    vertex -6.55005042025592 2.714086500126005 -62.38627704587208
    vertex -5.767880436265703 4.071924491115099 -62.76377980774677
  endloop
endfacet
facet normal -0.685154 0.724642 -0.0738729
  outer loop
    vertex -7.272891366393361 8.982885438881244 -5.616243833364239
    vertex -7.268781206503939 8.818772784462746 -7.26419686232032
    vertex -8.462007650746891 7.755127924014649 -6.63092379982071
  endloop
endfacet
facet normal -0.951232 0.286861 -0.11344
  outer loop
    vertex -6.950547681092527 3.082246274750976 -55.86521638838492
    vertex -7.502435419055345 1.356974454886214 -55.60023461868691
    vertex -7.344794174135042 2.406671782566231 -54.26768296743661
  endloop
endfacet
facet normal 0.961975 0.267082 -0.0572026
  outer loop
    vertex 8.354396775726014 3.190694713500343 -38.84341542656654
    vertex 8.854733129445282 1.485026515595497 -38.39311352724322
    vertex 8.62321848902106 1.937187043540053 -40.17533245139973
  endloop
endfacet
facet normal 0.965092 0.250434 -0.0766897
  outer loop
    vertex 9.468648713346189 1.696966561206627 -30.24697262316184
    vertex 9.190988108787989 3.181302578422335 -28.89399284670647
    vertex 9.63406699324339 1.685495896596221 -28.20274459099395
  endloop
endfacet
facet normal 0.992791 0.0908908 -0.0781343
  outer loop
    vertex 7.5466351260214 0 -56.58536585365859
    vertex 7.4974547339982 1.384398719441049 -55.59984263027175
    vertex 7.700199432020663 0 -54.63414634146346
  endloop
endfacet
facet normal -0.992238 0.0823415 -0.0931807
  outer loop
    vertex -10.92504985800518 1.337932733913129e-15 -13.65853658536594
    vertex -10.83467428903179 1.703596028297365 -13.11547802450318
    vertex -10.66035218285262 1.964423194120565 -14.7412680418218
  endloop
endfacet
facet normal -0.941535 0.321294 -0.101404
  outer loop
    vertex -6.833861667811225 1.558292095634161 -63.41317043741532
    vertex -6.55005042025592 2.714086500126005 -62.38627704587208
    vertex -6.215295865063985 3.080655881234448 -64.33300340947838
  endloop
endfacet
facet normal 0.989193 0.124243 -0.0778512
  outer loop
    vertex 5.857427760029509 0 -78.0487804878049
    vertex 5.750974984175047 1.467805471137728 -77.0589130299899
    vertex 6.010992066028773 0 -76.09756097560977
  endloop
endfacet
facet normal -0.968562 0.23024 -0.0942234
  outer loop
    vertex -10.2552226933315 1.63384811142569 -20.52613233416354
    vertex -9.98323692477465 3.030927603992034 -19.90815501971029
    vertex -9.745936895410676 3.326917358079873 -21.62419540063398
  endloop
endfacet
facet normal -0.875592 0.472475 -0.10053
  outer loop
    vertex -6.614370757962558 4.489653042670963 -50.89879202756435
    vertex -7.380747608831684 3.108862876651367 -50.71333258788756
    vertex -7.24015418921767 3.703042594030265 -49.14530843993099
  endloop
endfacet
facet normal 0.933836 0.351166 -0.0680672
  outer loop
    vertex 9.15440446820295 4.362447916939113 -23.62447323667352
    vertex 9.789118022798355 2.726013916422668 -23.35916870361313
    vertex 9.57866084990685 2.926373475496963 -25.21282126190679
  endloop
endfacet
facet normal -0.992954 0.0890758 -0.0781472
  outer loop
    vertex -7.700199432020663 9.430024587220371e-16 -54.63414634146346
    vertex -7.502435419055345 1.356974454886214 -55.60023461868691
    vertex -7.5466351260214 9.241962551415088e-16 -56.58536585365859
  endloop
endfacet
facet normal 0.939188 0.337657 -0.0625534
  outer loop
    vertex 10.11895243446228 4.506045356057436 -11.72913802015905
    vertex 10.67570596738171 2.963032060167539 -11.69896487281265
    vertex 10.40749007124052 3.40712713753687 -13.32882970296509
  endloop
endfacet
facet normal 0.918187 0.383145 -0.100657
  outer loop
    vertex 9.923209316610453 4.304881091143555 -15.0346145294428
    vertex 10.17362360638366 3.304541796927824 -16.55808247640721
    vertex 9.443256615151848 4.971017288131269 -16.8770995974723
  endloop
endfacet
facet normal -0.923582 0.381204 -0.0409986
  outer loop
    vertex -5.359878397722651 1.950836196057456 -80
    vertex -5.635653343123158 1.435330213052081 -78.58073535318005
    vertex -4.989015441991056 3.034733311547276 -78.27644252332033
  endloop
endfacet
facet normal 0.934753 0.350637 -0.0573665
  outer loop
    vertex 6.515728869745239 1.589978364588115 -67.25497898779352
    vertex 5.96671726204377 2.925699706417122 -68.03655545155388
    vertex 5.949425189496484 3.259974649951772 -66.27515297250814
  endloop
endfacet
facet normal -0.660098 0.748643 -0.0616735
  outer loop
    vertex -4.482930115229282 4.358075322652605 -73.03325391126073
    vertex -4.79617972283242 4.234589977650432 -71.17947555188917
    vertex -3.615075765914306 5.257992194425674 -71.3980623905652
  endloop
endfacet
facet normal 0.598254 0.792743 -0.116835
  outer loop
    vertex 3.667280789099268 4.892590060748517 -74.78312060607436
    vertex 4.275754348919296 4.177705496470007 -76.51802485291664
    vertex 2.829002249300276 5.2608979831877 -76.57649639335744
  endloop
endfacet
facet normal 0.994024 0.0877486 -0.0649335
  outer loop
    vertex 9.23584249201329 0 -35.12195121951227
    vertex 9.060625782120358 1.505660625995844 -35.76953751022101
    vertex 9.141856489000768 1.760713033430219 -34.18136231300927
  endloop
endfacet
facet normal 0.968998 0.226964 -0.0976198
  outer loop
    vertex 10.40749007124052 3.40712713753687 -13.32882970296509
    vertex 10.67570596738171 2.963032060167539 -11.69896487281265
    vertex 10.86383085136045 1.733821521952273 -12.68948100010528
  endloop
endfacet
facet normal 0.899092 0.426549 -0.09844
  outer loop
    vertex 8.608626656749774 3.94956626505957 -32.12883642553202
    vertex 8.749007156630622 3.30989057071249 -33.61845399058292
    vertex 8.045751359198892 4.728996270392154 -33.89246386893308
  endloop
endfacet
facet normal 0.957763 0.279878 -0.066021
  outer loop
    vertex 7.764823492730491 1.629137343462868 -51.66485670861361
    vertex 7.441621572628618 2.965475122996418 -50.68849786189887
    vertex 7.958602683844929 1.413286519399901 -49.7687526711677
  endloop
endfacet
facet normal 0.973631 0.213589 -0.0801414
  outer loop
    vertex 10.86383085136045 1.733821521952273 -12.68948100010528
    vertex 10.67570596738171 2.963032060167539 -11.69896487281265
    vertex 11.01050118868264 1.825987058020575 -10.66196062388632
  endloop
endfacet
facet normal -0.948102 0.305933 -0.086645
  outer loop
    vertex -7.865475195010348 1.934525236956841 -49.55569817829475
    vertex -7.380747608831684 3.108862876651367 -50.71333258788756
    vertex -7.750530384585571 1.685385233185822 -51.69314954555951
  endloop
endfacet
facet normal 0.925821 0.362176 -0.108096
  outer loop
    vertex 5.678581982628102 3.223468166298632 -69.50669508147178
    vertex 5.96671726204377 2.925699706417122 -68.03655545155388
    vertex 6.364863272653828 1.5446141742032 -69.25384274542115
  endloop
endfacet
facet normal -0.995095 0.0604286 -0.0783157
  outer loop
    vertex -10.77148555200592 1.319126530332601e-15 -15.60975609756107
    vertex -10.61659576244006 1.294188371863023 -16.57921864934487
    vertex -10.61792124600666 1.300320326752073e-15 -17.56097560975619
  endloop
endfacet
facet normal 0.990054 0.0938701 -0.104795
  outer loop
    vertex 8.62321848902106 1.937187043540053 -40.17533245139973
    vertex 8.854733129445282 1.485026515595497 -38.39311352724322
    vertex 8.928713880014765 0 -39.02439024390252
  endloop
endfacet
facet normal -0.995091 0.0699411 -0.0700154
  outer loop
    vertex -11.18271805441124 1.690293993731665 -8.770552299254566
    vertex -11.08421421342251 1.488204869976083 -10.37240851081167
    vertex -11.23217847000371 1.375545141074186e-15 -9.756097560975665
  endloop
endfacet
facet normal -0.803768 0.587028 -0.0967164
  outer loop
    vertex -5.51261150842254 3.114586613068461 -72.02347279451205
    vertex -4.79617972283242 4.234589977650432 -71.17947555188917
    vertex -4.482930115229282 4.358075322652605 -73.03325391126073
  endloop
endfacet
facet normal -0.810685 0.57501 -0.110245
  outer loop
    vertex -4.357092971015117 4.092823882220204 -76.51784628589964
    vertex -5.284941411460633 2.854688358622817 -76.15272461966902
    vertex -4.922029453489002 3.624839048354827 -74.80447962923196
  endloop
endfacet
facet normal -0.635596 0.765269 -0.10189
  outer loop
    vertex -3.635521058807061 5.56575015641974 -68.00486521606317
    vertex -4.783953513483425 4.63983245235791 -67.79519830192437
    vertex -4.454511920075921 5.119742460439586 -66.24580450602635
  endloop
endfacet
facet normal 0.995435 0.0545064 -0.0783425
  outer loop
    vertex 11.53930708200224 0 -5.853658536585404
    vertex 11.547066382855 1.268353096815838 -4.872616564213961
    vertex 11.6928713880015 0 -3.90243902439026
  endloop
endfacet
facet normal -0.902297 0.419903 -0.0976862
  outer loop
    vertex -8.084910594058494 4.65901886987497 -33.90967736633857
    vertex -8.768601641424533 3.257241405284626 -33.62015567040743
    vertex -8.648008066644055 3.858956041857438 -32.14758000451273
  endloop
endfacet
facet normal -0.913155 0.394196 -0.103715
  outer loop
    vertex -7.914747730141034 4.422057830169496 -37.27617083474661
    vertex -8.645159635484086 2.792548463114398 -37.03866579713792
    vertex -8.525483756925295 3.471352330536854 -35.51236851188894
  endloop
endfacet
facet normal -0.963517 0.250318 -0.0947412
  outer loop
    vertex -9.480087437556408 1.642913066523072 -30.2230557044499
    vertex -9.273951925398354 2.911022070913388 -28.96894820398388
    vertex -9.052431774701935 3.21190927528976 -30.42682480289551
  endloop
endfacet
facet normal -0.919183 0.386253 -0.0768858
  outer loop
    vertex -4.989015441991056 3.034733311547276 -78.27644252332033
    vertex -5.635653343123158 1.435330213052081 -78.58073535318005
    vertex -5.753929551656766 1.457788990200969 -77.05389537703589
  endloop
endfacet
facet normal -0.914793 0.401265 -0.0462579
  outer loop
    vertex -10.55368501447791 5.711368716444871 0
    vertex -10.89809137960259 4.780346093531994 -1.265226042720416
    vertex -11.34980690040765 3.896393630456188 0
  endloop
endfacet
facet normal 0.994361 0.071563 -0.0782579
  outer loop
    vertex 8.62158526801624 0 -42.92682926829275
    vertex 8.609271278023687 1.245650304542443 -41.94420749367021
    vertex 8.775149574015503 0 -40.97560975609763
  endloop
endfacet
facet normal -0.961419 0.271334 -0.0452884
  outer loop
    vertex -8.525483756925295 3.471352330536854 -35.51236851188894
    vertex -8.645159635484086 2.792548463114398 -37.03866579713792
    vertex -9.005767979460284 1.673894591765858 -36.0854966052553
  endloop
endfacet
facet normal 0.992004 0.0991571 -0.0780724
  outer loop
    vertex 6.164556372028035 0 -74.14634146341466
    vertex 6.11859981913338 1.235529532855961 -73.16107196166976
    vertex 6.318120678027298 0 -72.19512195121953
  endloop
endfacet
facet normal 0.932939 0.345358 -0.101743
  outer loop
    vertex 9.653574384552728 3.527681452402711 -21.88085670424637
    vertex 9.789118022798355 2.726013916422668 -23.35916870361313
    vertex 9.15440446820295 4.362447916939113 -23.62447323667352
  endloop
endfacet
facet normal 0.995497 0.0824893 -0.0466978
  outer loop
    vertex 12.00000000000003 0 0
    vertex 11.84932654085872 1.103073363950626 -1.263514605816002
    vertex 11.8363356408327 1.975135083368811 0
  endloop
endfacet
facet normal -0.807026 0.588896 -0.0437184
  outer loop
    vertex -4.922029453489002 3.624839048354827 -74.80447962923196
    vertex -5.450960762097573 3.005523932978888 -73.38290228614781
    vertex -4.482930115229282 4.358075322652605 -73.03325391126073
  endloop
endfacet
facet normal -0.874065 0.474412 -0.104614
  outer loop
    vertex -5.767880436265703 4.071924491115099 -62.76377980774677
    vertex -6.55005042025592 2.714086500126005 -62.38627704587208
    vertex -6.382787220166178 3.336618988752865 -60.96066988531918
  endloop
endfacet
facet normal -0.994219 0.063257 -0.0867543
  outer loop
    vertex -11.84643569400077 1.450769955396299e-15 -1.95121951219513
    vertex -11.80024303410202 1.434126368467031 -1.434900520218463
    vertex -11.64855885367888 1.623224762136742 -3.03534551175191
  endloop
endfacet
facet normal 0.99585 0.0462527 -0.0783751
  outer loop
    vertex 11.84643569400077 0 -1.95121951219513
    vertex 11.84932654085872 1.103073363950626 -1.263514605816002
    vertex 12.00000000000003 0 0
  endloop
endfacet
facet normal -0.993862 0.0782355 -0.0782186
  outer loop
    vertex -8.775149574015503 1.074645883785734e-15 -40.97560975609763
    vertex -8.588741276744853 1.36061985282723 -41.98323861247606
    vertex -8.62158526801624 1.055839680205206e-15 -42.92682926829275
  endloop
endfacet
facet normal -0.914922 0.393247 -0.090969
  outer loop
    vertex -9.464788612177191 3.253374076314305 -25.30656871362749
    vertex -9.079926489959199 4.440486474098483 -24.04559430159333
    vertex -8.8528789323691 4.644658788418124 -25.44651708943007
  endloop
endfacet
facet normal -0.786202 0.616752 -0.0387706
  outer loop
    vertex -4.47740107778959 4.736711508991142 -69.65616261517049
    vertex -4.79617972283242 4.234589977650432 -71.17947555188917
    vertex -5.562153524363528 3.322954413134026 -70.14886103743926
  endloop
endfacet
facet normal 0.995142 0.0491495 -0.0853017
  outer loop
    vertex 11.547066382855 1.268353096815838 -4.872616564213961
    vertex 11.72744562154903 0.998958314901561 -2.923507432990297
    vertex 11.6928713880015 0 -3.90243902439026
  endloop
endfacet
facet normal 0.9596 0.265197 -0.0940131
  outer loop
    vertex 8.99219818832451 3.410154572657139 -30.27750292506757
    vertex 9.190988108787989 3.181302578422335 -28.89399284670647
    vertex 9.468648713346189 1.696966561206627 -30.24697262316184
  endloop
endfacet
facet normal -0.989205 0.123769 -0.078449
  outer loop
    vertex -5.753929551656766 1.457788990200969 -77.05389537703589
    vertex -5.635653343123158 1.435330213052081 -78.58073535318005
    vertex -5.857427760029509 7.173280157556989e-16 -78.0487804878049
  endloop
endfacet
facet normal -0.976842 0.190936 -0.0965605
  outer loop
    vertex -11.43894019642319 3.165452809453815 -1.666502262832586
    vertex -11.80024303410202 1.434126368467031 -1.434900520218463
    vertex -11.8363356408327 1.975135083368808 0
  endloop
endfacet
facet normal 0.43807 0.895389 -0.0798324
  outer loop
    vertex 5.623839311387834 10.27145243420194 -3.681433673348879
    vertex 4.715520754802412 10.79924732113275 -2.74603755927321
    vertex 5.639375109135572 10.44106092302508 -1.693878467235054
  endloop
endfacet
facet normal 0.966771 0.243331 -0.0783874
  outer loop
    vertex 7.958602683844929 1.413286519399901 -49.7687526711677
    vertex 7.762567267232065 2.547987986943506 -48.66414721399595
    vertex 8.110942998767838 1.443889938437949 -47.7949040630876
  endloop
endfacet
facet normal 0.834441 0.548597 -0.0524283
  outer loop
    vertex 5.047937331271791 4.327707240982833 -67.98944894732286
    vertex 5.96671726204377 2.925699706417122 -68.03655545155388
    vertex 5.678581982628102 3.223468166298632 -69.50669508147178
  endloop
endfacet
facet normal -0.735014 0.676628 -0.0439169
  outer loop
    vertex -8.127378859508932 8.828686928077586 0
    vertex -8.760378216900438 8.064496261035947 -1.17971491328493
    vertex -9.469686112756762 7.370552552276013 0
  endloop
endfacet
facet normal 0.995367 0.0557422 -0.0783371
  outer loop
    vertex 10.31079263400813 0 -21.46341463414643
    vertex 10.32302115958928 1.159849577297114 -20.4827243973893
    vertex 10.46435694000739 0 -19.51219512195132
  endloop
endfacet
facet normal -0.922131 0.37384 -0.0995901
  outer loop
    vertex -5.782624929219335 1.92728064258194 -75.02582716276545
    vertex -5.284941411460633 2.854688358622817 -76.15272461966902
    vertex -5.753929551656766 1.457788990200969 -77.05389537703589
  endloop
endfacet
facet normal -0.966607 0.243474 -0.079947
  outer loop
    vertex -9.005767979460284 1.673894591765858 -36.0854966052553
    vertex -8.645159635484086 2.792548463114398 -37.03866579713792
    vertex -8.861454132634577 1.596216838750549 -38.06689926646002
  endloop
endfacet
facet normal 0.949925 0.30182 -0.0809141
  outer loop
    vertex 6.844883601974191 1.50734185285884 -63.41809094277386
    vertex 6.549041081356298 2.721254964115958 -62.36321412572798
    vertex 6.982181596458487 1.603053791818743 -61.44920561042029
  endloop
endfacet
facet normal -0.853306 0.512109 -0.0980427
  outer loop
    vertex -5.87148776518234 4.380983310243665 -59.39130948237909
    vertex -6.622817285786772 3.181368973076361 -59.11815872950429
    vertex -6.492602947428894 3.681114857533045 -57.64112970048127
  endloop
endfacet
facet normal 0.873016 0.47592 -0.106506
  outer loop
    vertex 6.313994065731355 3.461617469805174 -60.98156239200934
    vertex 6.549041081356298 2.721254964115958 -62.36321412572798
    vertex 5.751942504988888 4.095358613302546 -62.7567695854636
  endloop
endfacet
facet normal 0.987585 0.13956 -0.0721063
  outer loop
    vertex 11.50407784271027 2.186917895336548 -3.683542380289465
    vertex 11.72744562154903 0.998958314901561 -2.923507432990297
    vertex 11.547066382855 1.268353096815838 -4.872616564213961
  endloop
endfacet
facet normal -0.460225 0.883712 -0.0851236
  outer loop
    vertex -4.67173895474941 10.58764360194948 -5.431581011573997
    vertex -5.985069391471743 9.925164768660103 -5.20852914505568
    vertex -5.87817700976967 10.13004143432985 -3.659516923085035
  endloop
endfacet
facet normal 0.858539 0.512251 -0.0225537
  outer loop
    vertex 6.993881461093509 2.984590753296076 -55.85535324165395
    vertex 6.518797412132311 3.727896615690838 -57.05776851209713
    vertex 5.972972162090921 4.690210793324677 -55.97882168203986
  endloop
endfacet
facet normal -0.932805 0.348314 -0.0924828
  outer loop
    vertex -9.467984338876525 4.314125534898185 -20.272269520515
    vertex -9.98323692477465 3.030927603992034 -19.90815501971029
    vertex -9.916728717580344 3.580128156660856 -18.51054377720563
  endloop
endfacet
facet normal 0.973209 0.212616 -0.0875133
  outer loop
    vertex 9.57866084990685 2.926373475496963 -25.21282126190679
    vertex 9.789118022798355 2.726013916422668 -23.35916870361313
    vertex 9.985272776289731 1.465313163946992 -24.24069957643349
  endloop
endfacet
facet normal -0.890722 0.454123 -0.0196473
  outer loop
    vertex -4.922029453489002 3.624839048354827 -74.80447962923196
    vertex -5.284941411460633 2.854688358622817 -76.15272461966902
    vertex -5.782624929219335 1.92728064258194 -75.02582716276545
  endloop
endfacet
facet normal -0.948824 0.305176 -0.0812484
  outer loop
    vertex -6.96761109563101 1.66563201037415 -61.44805888713587
    vertex -6.55005042025592 2.714086500126005 -62.38627704587208
    vertex -6.833861667811225 1.558292095634161 -63.41317043741532
  endloop
endfacet
facet normal -0.662289 0.741727 -0.105896
  outer loop
    vertex -3.615075765914306 5.257992194425674 -71.3980623905652
    vertex -4.79617972283242 4.234589977650432 -71.17947555188917
    vertex -4.47740107778959 4.736711508991142 -69.65616261517049
  endloop
endfacet
facet normal 0.320614 0.940165 -0.115307
  outer loop
    vertex 3.841819446432008 11.23043224474286 -1.659682600851262
    vertex 4.715520754802412 10.79924732113275 -2.74603755927321
    vertex 2.852836914265294 11.4311502805826 -2.772998617122658
  endloop
endfacet
facet normal 0.321522 0.946136 -0.0380861
  outer loop
    vertex 2.852836914265294 11.4311502805826 -2.772998617122658
    vertex 4.715520754802412 10.79924732113275 -2.74603755927321
    vertex 3.788177019629153 11.07308490874131 -3.771959232170262
  endloop
endfacet
facet normal -0.924737 0.375348 -0.0630441
  outer loop
    vertex -9.052431774701935 3.21190927528976 -30.42682480289551
    vertex -9.273951925398354 2.911022070913388 -28.96894820398388
    vertex -8.677638810247821 4.400785029228202 -28.84607251179461
  endloop
endfacet
facet normal 0.89684 0.432255 -0.093982
  outer loop
    vertex 7.811025536665611 3.448757315567103 -43.98247954945088
    vertex 7.859232152396961 3.016711929951585 -45.50958256975785
    vertex 7.215958768010385 4.298126207326323 -45.75447682831336
  endloop
endfacet
facet normal 0.993978 0.091728 -0.0599496
  outer loop
    vertex 7.853763738019925 0 -52.68292682926835
    vertex 7.705879883818644 1.352270648026945 -53.06578441092469
    vertex 7.764823492730491 1.629137343462868 -51.66485670861361
  endloop
endfacet
facet normal 0.915038 0.390452 -0.101255
  outer loop
    vertex 7.625850174688527 3.207699083441602 -47.35572149112256
    vertex 7.762567267232065 2.547987986943506 -48.66414721399595
    vertex 7.124900359631014 3.924666597742777 -49.11808155506509
  endloop
endfacet
facet normal -0.932349 0.355172 -0.0676668
  outer loop
    vertex -9.745936895410676 3.326917358079873 -21.62419540063398
    vertex -9.98323692477465 3.030927603992034 -19.90815501971029
    vertex -9.467984338876525 4.314125534898185 -20.272269520515
  endloop
endfacet
facet normal -0.860538 0.505112 -0.0658518
  outer loop
    vertex -8.8528789323691 4.644658788418124 -25.44651708943007
    vertex -9.079926489959199 4.440486474098483 -24.04559430159333
    vertex -8.298300901822882 5.797079600593319 -23.85406455095776
  endloop
endfacet
facet normal -0.994293 0.0923117 -0.0534834
  outer loop
    vertex -7.750530384585571 1.685385233185822 -51.69314954555951
    vertex -7.710009593395466 1.336255330566136 -53.0490532883836
    vertex -7.853763738019925 9.618086623025653e-16 -52.68292682926835
  endloop
endfacet
facet normal 0.243934 0.968881 -0.0420142
  outer loop
    vertex 3.841819446432008 11.23043224474286 -1.659682600851262
    vertex 2.852836914265294 11.4311502805826 -2.772998617122658
    vertex 1.931301821729204 11.71172726421519 -1.653100664189639
  endloop
endfacet
facet normal 0.996023 0.0423446 -0.0783887
  outer loop
    vertex 11.6928713880015 0 -3.90243902439026
    vertex 11.72744562154903 0.998958314901561 -2.923507432990297
    vertex 11.84643569400077 0 -1.95121951219513
  endloop
endfacet
facet normal 0.402265 0.907439 -0.1214
  outer loop
    vertex 3.788177019629153 11.07308490874131 -3.771959232170262
    vertex 4.715520754802412 10.79924732113275 -2.74603755927321
    vertex 5.623839311387834 10.27145243420194 -3.681433673348879
  endloop
endfacet
facet normal -0.821155 0.557548 -0.121837
  outer loop
    vertex -9.789004215859523 5.445034328375097 -10.14624471037088
    vertex -9.294818492157317 6.391136555619069 -9.147410098478488
    vertex -8.613369382420206 7.141430932488607 -10.30674951226839
  endloop
endfacet
facet normal 0.966508 0.252092 -0.0480889
  outer loop
    vertex 10.1111878850371 1.721858989831847 -22.15009248107771
    vertex 9.789118022798355 2.726013916422668 -23.35916870361313
    vertex 9.653574384552728 3.527681452402711 -21.88085670424637
  endloop
endfacet
facet normal 0.0724684 0.989916 -0.121719
  outer loop
    vertex -0.1261974693880357 11.70504104079176 -3.739165186663671
    vertex 0.9151454774381808 11.74357860482312 -2.805758122308169
    vertex 1.873577877662065 11.547736306702 -3.827876514533172
  endloop
endfacet
facet normal 0.242191 0.962977 -0.118401
  outer loop
    vertex 1.873577877662065 11.547736306702 -3.827876514533172
    vertex 2.852836914265294 11.4311502805826 -2.772998617122658
    vertex 3.788177019629153 11.07308490874131 -3.771959232170262
  endloop
endfacet
facet normal 0.0804567 0.995812 -0.0434115
  outer loop
    vertex 1.931301821729204 11.71172726421519 -1.653100664189639
    vertex 0.9151454774381808 11.74357860482312 -2.805758122308169
    vertex -1.508098659096156e-14 11.8651202798569 -1.71380933889648
  endloop
endfacet
facet normal 0.160022 0.980511 -0.113977
  outer loop
    vertex 2.852836914265294 11.4311502805826 -2.772998617122658
    vertex 0.9151454774381808 11.74357860482312 -2.805758122308169
    vertex 1.931301821729204 11.71172726421519 -1.653100664189639
  endloop
endfacet
facet normal 0.924866 0.378098 -0.0408113
  outer loop
    vertex 4.999421657250131 3.021094218511087 -78.25322293334547
    vertex 5.637940130136412 1.422617897434089 -78.59226231128805
    vertex 5.359878397722647 1.950836196057469 -80
  endloop
endfacet
facet normal -0.978354 0.194844 -0.0697032
  outer loop
    vertex -11.64855885367888 1.623224762136742 -3.03534551175191
    vertex -11.80024303410202 1.434126368467031 -1.434900520218463
    vertex -11.43894019642319 3.165452809453815 -1.666502262832586
  endloop
endfacet
facet normal 0.401095 0.915134 -0.0406449
  outer loop
    vertex 5.639375109135572 10.44106092302508 -1.693878467235054
    vertex 4.715520754802412 10.79924732113275 -2.74603755927321
    vertex 3.841819446432008 11.23043224474286 -1.659682600851262
  endloop
endfacet
facet normal 0.159705 0.986384 -0.0392409
  outer loop
    vertex 1.873577877662065 11.547736306702 -3.827876514533172
    vertex 0.9151454774381808 11.74357860482312 -2.805758122308169
    vertex 2.852836914265294 11.4311502805826 -2.772998617122658
  endloop
endfacet
facet normal -0.92285 0.37833 -0.0722039
  outer loop
    vertex -5.51261150842254 3.114586613068461 -72.02347279451205
    vertex -5.450960762097573 3.005523932978888 -73.38290228614781
    vertex -6.012612015871977 1.679431400100715 -73.15273054065048
  endloop
endfacet
facet normal 0.938777 0.343658 -0.0244453
  outer loop
    vertex 6.982181596458487 1.603053791818743 -61.44920561042029
    vertex 6.549041081356298 2.721254964115958 -62.36321412572798
    vertex 6.313994065731355 3.461617469805174 -60.98156239200934
  endloop
endfacet
facet normal -0.799918 0.594209 -0.0839481
  outer loop
    vertex -4.482930115229282 4.358075322652605 -73.03325391126073
    vertex -5.450960762097573 3.005523932978888 -73.38290228614781
    vertex -5.51261150842254 3.114586613068461 -72.02347279451205
  endloop
endfacet
facet normal -0.939643 0.340014 -0.0382308
  outer loop
    vertex -6.382787220166178 3.336618988752865 -60.96066988531918
    vertex -6.55005042025592 2.714086500126005 -62.38627704587208
    vertex -6.96761109563101 1.66563201037415 -61.44805888713587
  endloop
endfacet
facet normal 0.929204 0.35874 -0.0887981
  outer loop
    vertex 11.34980690040765 3.896393630456211 0
    vertex 11.33702686102174 3.577957525731325 -1.420201590602623
    vertex 10.77719385909545 4.987778865699907 -1.582807748611908
  endloop
endfacet
facet normal -0.808568 0.582074 -0.0860677
  outer loop
    vertex -5.562153524363528 3.322954413134026 -70.14886103743926
    vertex -4.79617972283242 4.234589977650432 -71.17947555188917
    vertex -5.51261150842254 3.114586613068461 -72.02347279451205
  endloop
endfacet
facet normal 0.9152 0.397604 -0.0657313
  outer loop
    vertex 8.597526819640557 4.55142605942645 -28.86917466852399
    vertex 9.190988108787989 3.181302578422335 -28.89399284670647
    vertex 8.99219818832451 3.410154572657139 -30.27750292506757
  endloop
endfacet
facet normal 0.989399 0.123396 -0.0765726
  outer loop
    vertex 5.857427760029509 0 -78.0487804878049
    vertex 5.637940130136412 1.422617897434089 -78.59226231128805
    vertex 5.750974984175047 1.467805471137728 -77.0589130299899
  endloop
endfacet
facet normal 0.973909 0.21062 -0.0845035
  outer loop
    vertex 9.985272776289731 1.465313163946992 -24.24069957643349
    vertex 9.789118022798355 2.726013916422668 -23.35916870361313
    vertex 10.1111878850371 1.721858989831847 -22.15009248107771
  endloop
endfacet
facet normal 0.961088 0.273677 -0.0375649
  outer loop
    vertex 8.110942998767838 1.443889938437949 -47.7949040630876
    vertex 7.762567267232065 2.547987986943506 -48.66414721399595
    vertex 7.625850174688527 3.207699083441602 -47.35572149112256
  endloop
endfacet
facet normal 0.996108 0.0447355 -0.0759426
  outer loop
    vertex 11.84643569400077 0 -1.95121951219513
    vertex 11.72744562154903 0.998958314901561 -2.923507432990297
    vertex 11.84932654085872 1.103073363950626 -1.263514605816002
  endloop
endfacet
facet normal 0.987415 0.135822 -0.0810173
  outer loop
    vertex 11.84932654085872 1.103073363950626 -1.263514605816002
    vertex 11.72744562154903 0.998958314901561 -2.923507432990297
    vertex 11.62652142442705 2.176209469405728 -2.17993274415542
  endloop
endfacet
facet normal 0.976882 0.184811 -0.10745
  outer loop
    vertex 11.18977940809905 3.081365394065418 -5.002555307207345
    vertex 11.50407784271027 2.186917895336548 -3.683542380289465
    vertex 11.547066382855 1.268353096815838 -4.872616564213961
  endloop
endfacet
facet normal 0.987672 0.134866 -0.0794687
  outer loop
    vertex 11.62652142442705 2.176209469405728 -2.17993274415542
    vertex 11.72744562154903 0.998958314901561 -2.923507432990297
    vertex 11.50407784271027 2.186917895336548 -3.683542380289465
  endloop
endfacet
facet normal -0.92974 -0.352841 -0.10529
  outer loop
    vertex -7.640356583529398 -3.151805859049749 -47.45867097714883
    vertex -7.866384399892579 -1.927028127343687 -49.5671871257314
    vertex -7.240154190343914 -3.703042591939835 -49.14530843928534
  endloop
endfacet
facet normal 0.966688 -0.247351 -0.0658128
  outer loop
    vertex 11.01050118854729 -1.825987058830353 -10.66196062389954
    vertex 11.19268290691282 -1.611847364519014 -8.790817995639584
    vertex 10.5544474080866 -3.797738117337075 -9.950042424727908
  endloop
endfacet
facet normal -0.929565 -0.351741 -0.110397
  outer loop
    vertex -8.160711811486303 -1.962835973266092 -45.82560854075989
    vertex -7.415234618479546 -3.931893481245155 -45.82897801392689
    vertex -7.842245595339423 -3.367107718942627 -44.03295044838173
  endloop
endfacet
facet normal 0.754137 -0.646684 -0.114353
  outer loop
    vertex 4.989348474115294 -3.038356464819577 -78.24889325976959
    vertex 4.27161874079393 -4.182845065269594 -76.50992591276513
    vertex 3.752438966817512 -4.471982619695269 -78.29869947057706
  endloop
endfacet
facet normal -0.960362 -0.273133 -0.0557067
  outer loop
    vertex -7.640356583529398 -3.151805859049749 -47.45867097714883
    vertex -8.117885968717868 -1.404077385039425 -47.7954504866731
    vertex -7.866384399892579 -1.927028127343687 -49.5671871257314
  endloop
endfacet
facet normal 0.800014 -0.596714 -0.0625308
  outer loop
    vertex 5.224313791457265 -2.903317536254409 -76.53140747259371
    vertex 4.27161874079393 -4.182845065269594 -76.50992591276513
    vertex 4.989348474115294 -3.038356464819577 -78.24889325976959
  endloop
endfacet
facet normal 0.890271 -0.441426 -0.112074
  outer loop
    vertex 10.77731847600371 -4.9875473826034 -1.582606095329091
    vertex 9.882122467622175 -6.313785549699064 -3.470038063543462
    vertex 11.0008408357352 -4.100610908226598 -3.300415656260329
  endloop
endfacet
facet normal -0.245242 -0.966611 -0.0742903
  outer loop
    vertex -2.03985559936416 -11.52330091788567 -3.78065580804042
    vertex -1.962773006584219 -11.70324001909201 -1.693878467238584
    vertex -3.852598256919253 -11.22223533554052 -1.71380933889648
  endloop
endfacet
facet normal -0.257508 -0.962473 -0.0856516
  outer loop
    vertex -3.852598256919253 -11.22223533554052 -1.71380933889648
    vertex -3.98286476507089 -11.00980212341901 -3.709294452894545
    vertex -2.03985559936416 -11.52330091788567 -3.78065580804042
  endloop
endfacet
facet normal 0.545059 -0.834974 -0.075685
  outer loop
    vertex 7.28770771348012 -9.363247061695736 -1.713809338896479
    vertex 5.639375109138791 -10.44106092302297 -1.693878467239176
    vertex 5.619981338219238 -10.27374065563057 -3.679462374345593
  endloop
endfacet
facet normal 0.549964 -0.831193 -0.0815978
  outer loop
    vertex 5.619981338219238 -10.27374065563057 -3.679462374345593
    vertex 7.258617955359536 -9.192075144234881 -3.65350911562067
    vertex 7.28770771348012 -9.363247061695736 -1.713809338896479
  endloop
endfacet
facet normal 0.951111 -0.305759 -0.0435841
  outer loop
    vertex 9.917894781364009 -4.317391865949713 -15.03319019897288
    vertex 10.17362360619571 -3.304541797302645 -16.55808247720719
    vertex 10.6214196826182 -2.173709542438041 -14.719290250159
  endloop
endfacet
facet normal 0.94212 -0.31869 -0.10415
  outer loop
    vertex 9.237750263748278 -2.078296769007843 -32.16384158102254
    vertex 9.018097954504801 -3.33416274043112 -30.30792791260877
    vertex 8.608626656024324 -3.949566266542009 -32.12883642605539
  endloop
endfacet
facet normal 0.968264 -0.224904 -0.109008
  outer loop
    vertex 10.5544474080866 -3.797738117337075 -9.950042424727908
    vertex 11.19268290691282 -1.611847364519014 -8.790817995639584
    vertex 10.87829428662443 -3.257743846781029 -8.187581703327227
  endloop
endfacet
facet normal 0.680804 -0.728665 -0.0745123
  outer loop
    vertex 7.28770771348012 -9.363247061695736 -1.713809338896479
    vertex 7.258617955359536 -9.192075144234881 -3.65350911562067
    vertex 8.692240850606604 -7.868531270640089 -3.497885261756647
  endloop
endfacet
facet normal 0.676305 -0.732157 -0.0809799
  outer loop
    vertex 8.692240850606604 -7.868531270640089 -3.497885261756647
    vertex 8.760817215888705 -8.015161066198498 -1.599457355601245
    vertex 7.28770771348012 -9.363247061695736 -1.713809338896479
  endloop
endfacet
facet normal 0.9287 -0.354419 -0.109102
  outer loop
    vertex 11.18959543266599 -3.082041135786043 -5.002529243087616
    vertex 11.0008408357352 -4.100610908226598 -3.300415656260329
    vertex 10.40125955094978 -5.15244325355579 -4.987286353286163
  endloop
endfacet
facet normal -0.426201 -0.901365 -0.0767726
  outer loop
    vertex -6.017719298268486 -10.10576306035478 -3.026913242687985
    vertex -5.930402190274379 -10.00546240403043 -4.689252084756129
    vertex -3.98286476507089 -11.00980212341901 -3.709294452894545
  endloop
endfacet
facet normal 0.957984 -0.260068 -0.120958
  outer loop
    vertex 11.33797352697457 -1.690420227839141 -6.819465884755962
    vertex 11.18959543266599 -3.082041135786043 -5.002529243087616
    vertex 10.68995783962609 -4.192867238171243 -6.571295854037034
  endloop
endfacet
facet normal 0.93754 -0.345459 -0.040948
  outer loop
    vertex 8.623218488805549 -1.937187044461155 -40.17533245150621
    vertex 7.848212133560748 -3.988176897751856 -40.61655511866126
    vertex 8.168591549764509 -2.930189186575188 -42.20692817962458
  endloop
endfacet
facet normal 0.931953 -0.352663 -0.0842224
  outer loop
    vertex 7.119305219068254 -1.67963379687822 -59.53165112971128
    vertex 6.543893501260115 -3.445838320768179 -58.50320819019787
    vertex 6.31380812791738 -3.461885872100439 -60.98199445494669
  endloop
endfacet
facet normal -0.957426 -0.284732 -0.0475805
  outer loop
    vertex -10.25822076430781 -2.985184810965237 -16.72459696400665
    vertex -10.01771991180455 -4.061033512425509 -15.12590499825652
    vertex -10.6603521828514 -1.964423194129002 -14.74126804181762
  endloop
endfacet
facet normal -0.438635 -0.897384 -0.0479826
  outer loop
    vertex -3.98286476507089 -11.00980212341901 -3.709294452894545
    vertex -5.930402190274379 -10.00546240403043 -4.689252084756129
    vertex -4.565524797454026 -10.63131099966681 -5.461531911837989
  endloop
endfacet
facet normal 0.948686 -0.294469 -0.11525
  outer loop
    vertex 9.917894781364009 -4.317391865949713 -15.03319019897288
    vertex 10.6214196826182 -2.173709542438041 -14.719290250159
    vertex 10.40749007096914 -3.40712713821731 -13.32882970355237
  endloop
endfacet
facet normal -0.909822 -0.40211 -0.102621
  outer loop
    vertex -5.075626329450541 -3.449012242717415 -74.50175907898729
    vertex -5.459413015438683 -3.197238802057638 -72.08571614787407
    vertex -6.015700324441146 -1.653230770619635 -73.20380450899368
  endloop
endfacet
facet normal 0.933472 -0.355767 -0.0453873
  outer loop
    vertex 10.68995783962609 -4.192867238171243 -6.571295854037034
    vertex 11.18959543266599 -3.082041135786043 -5.002529243087616
    vertex 10.40125955094978 -5.15244325355579 -4.987286353286163
  endloop
endfacet
facet normal 0.869553 -0.489024 -0.0688018
  outer loop
    vertex 9.860201850912576 -6.607577982903214 -1.658889211483101
    vertex 9.882122467622175 -6.313785549699064 -3.470038063543462
    vertex 10.77731847600371 -4.9875473826034 -1.582606095329091
  endloop
endfacet
facet normal -0.938418 -0.342331 -0.0467117
  outer loop
    vertex -8.182610298563988 -2.88569778324189 -42.2285510210243
    vertex -7.895781715946294 -3.887925955045962 -40.64589570714996
    vertex -8.603532253103063 -2.004938085297723 -40.22713369369379
  endloop
endfacet
facet normal 0.961889 -0.25512 -0.0984059
  outer loop
    vertex 10.41622001391407 -1.654346803297413 -18.46495038925968
    vertex 10.17362360619571 -3.304541797302645 -16.55808247720719
    vertex 9.864805497454773 -3.727695446938748 -18.47965024701361
  endloop
endfacet
facet normal 0.898982 -0.420774 -0.121576
  outer loop
    vertex 5.678581982548008 -3.22346816643083 -69.5066950815276
    vertex 5.2256797970633 -3.676964932279343 -71.28608340105826
    vertex 6.171667654931833 -1.680174714844336 -71.20194320573999
  endloop
endfacet
facet normal 0.966677 -0.25371 -0.034146
  outer loop
    vertex 11.33797352697457 -1.690420227839141 -6.819465884755962
    vertex 10.68995783962609 -4.192867238171243 -6.571295854037034
    vertex 10.87829428662443 -3.257743846781029 -8.187581703327227
  endloop
endfacet
facet normal -0.934485 -0.353723 -0.0402297
  outer loop
    vertex -7.640356583529398 -3.151805859049749 -47.45867097714883
    vertex -7.415234618479546 -3.931893481245155 -45.82897801392689
    vertex -8.160711811486303 -1.962835973266092 -45.82560854075989
  endloop
endfacet
facet normal 0.963109 -0.261623 -0.0630494
  outer loop
    vertex 9.473685427639689 -1.675214815179551 -30.23240665151451
    vertex 9.018097954504801 -3.33416274043112 -30.30792791260877
    vertex 9.237750263748278 -2.078296769007843 -32.16384158102254
  endloop
endfacet
facet normal 0.968018 -0.233302 -0.0922608
  outer loop
    vertex 10.6214196826182 -2.173709542438041 -14.719290250159
    vertex 10.17362360619571 -3.304541797302645 -16.55808247720719
    vertex 10.56121055195858 -1.689733401153317 -16.57485973874709
  endloop
endfacet
facet normal -0.573141 -0.815287 -0.0825599
  outer loop
    vertex -5.723742733941949 -9.906195486873962 -7.104179503607679
    vertex -5.930402190274379 -10.00546240403043 -4.689252084756129
    vertex -7.400180225389594 -8.88096902918608 -5.590357325665905
  endloop
endfacet
facet normal -0.935692 -0.345434 -0.071806
  outer loop
    vertex -11.22192016663451 -3.29983367473715 -3.849662023305887
    vertex -10.70853538856048 -4.899876550718207 -2.842227651129676
    vertex -11.43844214552317 -3.166902909789558 -1.667686056092427
  endloop
endfacet
facet normal 0.879833 -0.460577 -0.117312
  outer loop
    vertex 5.491419176375818 -2.996859593274099 -72.98513463196035
    vertex 4.935521602458675 -3.618586511416314 -74.71337471141996
    vertex 5.787966100791741 -1.938773302814618 -74.91518205544519
  endloop
endfacet
facet normal 0.784273 -0.615756 -0.0758896
  outer loop
    vertex 9.860201850912576 -6.607577982903214 -1.658889211483101
    vertex 8.760817215888705 -8.015161066198498 -1.599457355601245
    vertex 8.692240850606604 -7.868531270640089 -3.497885261756647
  endloop
endfacet
facet normal 0.791773 -0.604377 -0.088455
  outer loop
    vertex 8.692240850606604 -7.868531270640089 -3.497885261756647
    vertex 9.882122467622175 -6.313785549699064 -3.470038063543462
    vertex 9.860201850912576 -6.607577982903214 -1.658889211483101
  endloop
endfacet
facet normal 0.784233 -0.609185 -0.117778
  outer loop
    vertex 4.622794499297486 -4.961849105440466 -66.30598669062782
    vertex 5.949425189496599 -3.259974649951626 -66.27515297250775
    vertex 5.167214994668781 -4.605835012880656 -64.52234355886
  endloop
endfacet
facet normal -0.944172 -0.312376 -0.104693
  outer loop
    vertex -9.242448856310107 -2.050485189707853 -32.18262797742445
    vertex -8.648008067339264 -3.858956040430034 -32.14758000383665
    vertex -9.057605106404884 -3.196449574515413 -30.43038463090101
  endloop
endfacet
facet normal -0.95398 -0.293687 -0.060584
  outer loop
    vertex -7.842245595339423 -3.367107718942627 -44.03295044838173
    vertex -8.393509392161752 -1.605825652736426 -43.89053195016977
    vertex -8.160711811486303 -1.962835973266092 -45.82560854075989
  endloop
endfacet
facet normal 0.960819 -0.258392 -0.1003
  outer loop
    vertex 10.02057511313808 -2.839214737702358 -20.13882154753102
    vertex 9.653524967747797 -3.527744620231258 -21.88117097378541
    vertex 10.1112771544232 -1.720689350075794 -22.15146837354609
  endloop
endfacet
facet normal -0.993515 -0.103684 -0.0466723
  outer loop
    vertex -11.07861416400445 1.356738937493658e-15 -11.70731707317081
    vertex -10.83467428903699 -1.70359602839508 -13.11547802424506
    vertex -10.84102880919841 -2.31161827997601 -11.62946727940946
  endloop
endfacet
facet normal -0.986928 -0.105537 -0.121797
  outer loop
    vertex -10.84102880919841 -2.31161827997601 -11.62946727940946
    vertex -11.08421421349899 -1.488204869692837 -10.37240851032747
    vertex -11.07861416400445 1.356738937493658e-15 -11.70731707317081
  endloop
endfacet
facet normal 0.829192 -0.554126 -0.0733797
  outer loop
    vertex 6.543893501260115 -3.445838320768179 -58.50320819019787
    vertex 5.654964669137629 -4.638068799982269 -59.54500046534817
    vertex 6.31380812791738 -3.461885872100439 -60.98199445494669
  endloop
endfacet
facet normal -0.910122 -0.410575 -0.0557333
  outer loop
    vertex -6.647358951875641 -1.682111332826197 -65.34946506717731
    vertex -6.430291318701795 -1.902978410408361 -67.2670862500058
    vertex -5.666324297955323 -3.744626227308983 -66.17560485894964
  endloop
endfacet
facet normal 0.9038 -0.426934 -0.0295372
  outer loop
    vertex 5.2256797970633 -3.676964932279343 -71.28608340105826
    vertex 5.491419176375818 -2.996859593274099 -72.98513463196035
    vertex 6.171667654931833 -1.680174714844336 -71.20194320573999
  endloop
endfacet
facet normal 0.96918 -0.233441 -0.0787171
  outer loop
    vertex 10.56121055195858 -1.689733401153317 -16.57485973874709
    vertex 10.17362360619571 -3.304541797302645 -16.55808247720719
    vertex 10.41622001391407 -1.654346803297413 -18.46495038925968
  endloop
endfacet
facet normal 0.980154 -0.188715 -0.0607063
  outer loop
    vertex 10.1112771544232 -1.720689350075794 -22.15146837354609
    vertex 10.3228681474465 -1.156278010741472 -20.48971574941609
    vertex 10.02057511313808 -2.839214737702358 -20.13882154753102
  endloop
endfacet
facet normal -0.968669 -0.231642 -0.0895665
  outer loop
    vertex -10.59920179871226 -3.665426287210999 -9.973122401457557
    vertex -10.85684758911446 -3.43709888791428 -7.777176744849861
    vertex -11.18271805441152 -1.690293993728159 -8.770552299257719
  endloop
endfacet
facet normal 0.892988 -0.448495 -0.0377484
  outer loop
    vertex 11.0008408357352 -4.100610908226598 -3.300415656260329
    vertex 9.882122467622175 -6.313785549699064 -3.470038063543462
    vertex 10.40125955094978 -5.15244325355579 -4.987286353286163
  endloop
endfacet
facet normal 0.937522 -0.344992 -0.0450825
  outer loop
    vertex 5.787966100791741 -1.938773302814618 -74.91518205544519
    vertex 6.102401313914177 -1.31367719118948 -73.15979711166099
    vertex 5.491419176375818 -2.996859593274099 -72.98513463196035
  endloop
endfacet
facet normal 0.966282 -0.237135 -0.100326
  outer loop
    vertex 8.168591549764509 -2.930189186575188 -42.20692817962458
    vertex 8.609271277846013 -1.24565030577825 -41.94420749365598
    vertex 8.623218488805549 -1.937187044461155 -40.17533245150621
  endloop
endfacet
facet normal -0.955594 -0.272174 -0.112971
  outer loop
    vertex -10.01771991180455 -4.061033512425509 -15.12590499825652
    vertex -10.46820995885202 -3.198196332976567 -13.39410218429373
    vertex -10.6603521828514 -1.964423194129002 -14.74126804181762
  endloop
endfacet
facet normal -0.909041 -0.412421 -0.0596048
  outer loop
    vertex -6.430291318701795 -1.902978410408361 -67.2670862500058
    vertex -5.676354073830328 -3.416244655095908 -68.29479741646416
    vertex -5.666324297955323 -3.744626227308983 -66.17560485894964
  endloop
endfacet
facet normal -0.902771 -0.425067 -0.0657527
  outer loop
    vertex -6.015700324441146 -1.653230770619635 -73.20380450899368
    vertex -5.834524941781924 -1.746037033051814 -75.09134721347708
    vertex -5.075626329450541 -3.449012242717415 -74.50175907898729
  endloop
endfacet
facet normal -0.965548 -0.241567 -0.0967603
  outer loop
    vertex -8.603532253103063 -2.004938085297723 -40.22713369369379
    vertex -8.588729755166108 -1.36068865567187 -41.98324641358774
    vertex -8.182610298563988 -2.88569778324189 -42.2285510210243
  endloop
endfacet
facet normal 0.958228 -0.273879 -0.0823914
  outer loop
    vertex 9.633495774225434 -1.689033832989412 -28.2021386211604
    vertex 9.756064784094567 -1.788388662989679 -26.44636907431492
    vertex 9.178883690063481 -3.644149840637034 -26.9903218249096
  endloop
endfacet
facet normal -0.863864 -0.500749 -0.0546648
  outer loop
    vertex -9.467984339356065 -4.314125533972587 -20.27226951984683
    vertex -8.913896080805676 -5.045942328967414 -22.32478415217107
    vertex -8.462237736785804 -6.031213574301 -20.43687115037757
  endloop
endfacet
facet normal -0.782202 -0.620165 -0.0596254
  outer loop
    vertex -4.397740433172881 -4.453005871999892 -72.95210606683615
    vertex -5.459413015438683 -3.197238802057638 -72.08571614787407
    vertex -5.075626329450541 -3.449012242717415 -74.50175907898729
  endloop
endfacet
facet normal -0.440703 -0.88677 -0.139353
  outer loop
    vertex -3.98286476507089 -11.00980212341901 -3.709294452894545
    vertex -4.838130111260944 -10.75553417687224 -2.622551260973467
    vertex -6.017719298268486 -10.10576306035478 -3.026913242687985
  endloop
endfacet
facet normal -0.968633 -0.232072 -0.0888428
  outer loop
    vertex -11.18271805441152 -1.690293993728159 -8.770552299257719
    vertex -11.08421421349899 -1.488204869692837 -10.37240851032747
    vertex -10.59920179871226 -3.665426287210999 -9.973122401457557
  endloop
endfacet
facet normal 0.815837 -0.577185 -0.0355959
  outer loop
    vertex 5.321817402741423 -5.218496875495414 -57.76894065587522
    vertex 5.654964669137629 -4.638068799982269 -59.54500046534817
    vertex 6.543893501260115 -3.445838320768179 -58.50320819019787
  endloop
endfacet
facet normal 0.990601 -0.135557 -0.0182594
  outer loop
    vertex 8.748596988193826 -2.437751918732498 -37.07820264167973
    vertex 8.854733129440843 -1.485026515757061 -38.3931135269593
    vertex 9.082278186014028 0 -37.07317073170739
  endloop
endfacet
facet normal 0.981251 -0.134028 -0.138501
  outer loop
    vertex 9.082278186014028 0 -37.07317073170739
    vertex 9.060625781982761 -1.505660626447983 -35.76953751100393
    vertex 8.748596988193826 -2.437751918732498 -37.07820264167973
  endloop
endfacet
facet normal 0.936953 -0.328266 -0.119835
  outer loop
    vertex 8.623218488805549 -1.937187044461155 -40.17533245150621
    vertex 8.354396775183574 -3.190694714734526 -38.84341542741032
    vertex 7.848212133560748 -3.988176897751856 -40.61655511866126
  endloop
endfacet
facet normal 0.957288 -0.273806 -0.0928936
  outer loop
    vertex 8.517481788068947 -3.489484298135288 -35.51938335286712
    vertex 9.060625781982761 -1.505660626447983 -35.76953751100393
    vertex 9.142060808182578 -1.760245989236694 -34.17993519979823
  endloop
endfacet
facet normal 0.788563 -0.614111 -0.0321846
  outer loop
    vertex 5.047937331217959 -4.327707241043711 -67.98944894733869
    vertex 5.949425189496599 -3.259974649951626 -66.27515297250775
    vertex 4.622794499297486 -4.961849105440466 -66.30598669062782
  endloop
endfacet
facet normal -0.93786 -0.335859 -0.0872804
  outer loop
    vertex -10.70853538856048 -4.899876550718207 -2.842227651129676
    vertex -10.89801338726482 -4.780311882920803 -1.266308173617464
    vertex -11.43844214552317 -3.166902909789558 -1.667686056092427
  endloop
endfacet
facet normal -0.975426 -0.198503 -0.0956092
  outer loop
    vertex -10.6603521828514 -1.964423194129002 -14.74126804181762
    vertex -10.61659576250266 -1.294188371346967 -16.57921864934882
    vertex -10.25822076430781 -2.985184810965237 -16.72459696400665
  endloop
endfacet
facet normal -0.680931 -0.729249 -0.0672957
  outer loop
    vertex -8.698033506537868 -7.954944626243125 -2.704501791162565
    vertex -7.403952523943863 -9.078554685233078 -3.622654948879784
    vertex -7.287707713480099 -9.363247061695752 -1.713809338896475
  endloop
endfacet
facet normal -0.450437 -0.889642 -0.0751158
  outer loop
    vertex -4.565524797454026 -10.63131099966681 -5.461531911837989
    vertex -5.930402190274379 -10.00546240403043 -4.689252084756129
    vertex -5.723742733941949 -9.906195486873962 -7.104179503607679
  endloop
endfacet
facet normal -0.780065 -0.619783 -0.0858394
  outer loop
    vertex -5.676354073830328 -3.416244655095908 -68.29479741646416
    vertex -5.60501529168739 -3.24259748036334 -70.19686578917536
    vertex -4.477401055848357 -4.736711531384015 -69.65616259990874
  endloop
endfacet
facet normal 0.798793 -0.592909 -0.101923
  outer loop
    vertex 6.543893501260115 -3.445838320768179 -58.50320819019787
    vertex 6.518389547988931 -3.727854964677752 -57.0625299454703
    vertex 5.321817402741423 -5.218496875495414 -57.76894065587522
  endloop
endfacet
facet normal -0.749982 -0.651462 -0.11456
  outer loop
    vertex -4.26264946350551 -4.20893216982925 -76.3587855688229
    vertex -4.987209404011382 -3.038451548268604 -78.27147717352786
    vertex -3.705616043154279 -4.513316772483015 -78.27455256353382
  endloop
endfacet
facet normal -0.956168 -0.282115 -0.0784529
  outer loop
    vertex -9.000267594946544 -1.6967128977054 -36.1008453134139
    vertex -8.523717059892318 -3.476172698154453 -35.51004345156086
    vertex -9.145015323887437 -1.731525724496976 -34.211503787814
  endloop
endfacet
facet normal -0.769276 -0.632022 -0.0936107
  outer loop
    vertex -8.460458558099333 -7.756647177409253 -6.632389548305452
    vertex -9.32658901146489 -6.554531283128633 -7.630888131209319
    vertex -8.04848236031571 -7.958521086428783 -8.654965579062278
  endloop
endfacet
facet normal 0.946509 -0.319113 -0.0478247
  outer loop
    vertex 8.608626656024324 -3.949566266542009 -32.12883642605539
    vertex 8.749096552039688 -3.30972508281107 -33.61813560556117
    vertex 9.237750263748278 -2.078296769007843 -32.16384158102254
  endloop
endfacet
facet normal -0.816084 -0.56892 -0.101673
  outer loop
    vertex -8.462237736785804 -6.031213574301 -20.43687115037757
    vertex -8.913896080805676 -5.045942328967414 -22.32478415217107
    vertex -7.848390762927369 -6.598408284992174 -22.19016768574138
  endloop
endfacet
facet normal 0.957018 -0.275535 -0.090535
  outer loop
    vertex 9.142060808182578 -1.760245989236694 -34.17993519979823
    vertex 8.749096552039688 -3.30972508281107 -33.61813560556117
    vertex 8.517481788068947 -3.489484298135288 -35.51938335286712
  endloop
endfacet
facet normal 0.931305 -0.35517 -0.0807814
  outer loop
    vertex 6.31380812791738 -3.461885872100439 -60.98199445494669
    vertex 6.982181596452046 -1.603053791846969 -61.44920561041979
    vertex 7.119305219068254 -1.67963379687822 -59.53165112971128
  endloop
endfacet
facet normal 0.992435 -0.0824343 -0.0909766
  outer loop
    vertex 10.00366402200961 0 -25.36585365853667
    vertex 9.984801480023801 -1.468217017585795 -24.24126190154372
    vertex 9.756064784094567 -1.788388662989679 -26.44636907431492
  endloop
endfacet
facet normal -0.568673 -0.819137 -0.0750054
  outer loop
    vertex -7.400180225389594 -8.88096902918608 -5.590357325665905
    vertex -7.267596140225197 -8.819715663317314 -7.264527969756662
    vertex -5.723742733941949 -9.906195486873962 -7.104179503607679
  endloop
endfacet
facet normal 0.32756 -0.937225 -0.119639
  outer loop
    vertex 1.061143071395232 -5.876226766846867 -76.60227744453906
    vertex 2.82408772734544 -5.263933312285696 -76.57206766309798
    vertex 1.929391202056919 -5.796600798967859 -74.84887206896737
  endloop
endfacet
facet normal 0.927069 -0.368987 -0.0662623
  outer loop
    vertex 6.171667654931833 -1.680174714844336 -71.20194320573999
    vertex 6.364863272633293 -1.544614174288352 -69.25384274541956
    vertex 5.678581982548008 -3.22346816643083 -69.5066950815276
  endloop
endfacet
facet normal -0.967839 -0.244794 -0.0579976
  outer loop
    vertex -9.057605106404884 -3.196449574515413 -30.43038463090101
    vertex -9.509786021170356 -1.454897822765111 -30.23524782986899
    vertex -9.242448856310107 -2.050485189707853 -32.18262797742445
  endloop
endfacet
facet normal 0.964037 -0.25956 -0.0571095
  outer loop
    vertex 9.178883690063481 -3.644149840637034 -26.9903218249096
    vertex 9.189746472414235 -3.185624726802862 -28.89092501497654
    vertex 9.633495774225434 -1.689033832989412 -28.2021386211604
  endloop
endfacet
facet normal -0.927722 -0.365923 -0.0736992
  outer loop
    vertex -10.85684758911446 -3.43709888791428 -7.777176744849861
    vertex -10.33047596454149 -5.006485163491511 -6.610974539074707
    vertex -11.03916560088071 -3.367730221429015 -5.826586564414654
  endloop
endfacet
facet normal -0.675512 -0.732965 -0.0802913
  outer loop
    vertex -7.287707713480099 -9.363247061695752 -1.713809338896475
    vertex -8.759965493887597 -8.064116322737476 -1.186842781530414
    vertex -8.698033506537868 -7.954944626243125 -2.704501791162565
  endloop
endfacet
facet normal -0.933493 -0.350019 -0.0779613
  outer loop
    vertex -6.964501116862539 -1.671952644911647 -61.4677775698442
    vertex -6.382420163225166 -3.337387839733607 -60.96027668479205
    vertex -7.107390257458664 -1.70772071190232 -59.59626649709016
  endloop
endfacet
facet normal 0.825516 -0.560929 -0.0623033
  outer loop
    vertex 5.949425189496599 -3.259974649951626 -66.27515297250775
    vertex 6.208409440833255 -3.094608322523183 -64.33244922854183
    vertex 5.167214994668781 -4.605835012880656 -64.52234355886
  endloop
endfacet
facet normal -0.957777 -0.272222 -0.0925147
  outer loop
    vertex -8.523717059892318 -3.476172698154453 -35.51004345156086
    vertex -8.76810403907111 -3.258526012403202 -33.62039753098253
    vertex -9.145015323887437 -1.731525724496976 -34.211503787814
  endloop
endfacet
facet normal 0.973562 -0.171355 -0.151046
  outer loop
    vertex 7.700199432020663 0 -54.63414634146346
    vertex 7.707954919506819 -1.3425408448663 -53.06110370168481
    vertex 7.309225913023918 -2.500574737190659 -54.31735374665907
  endloop
endfacet
facet normal -0.806739 -0.588393 -0.0544635
  outer loop
    vertex -4.26264946350551 -4.20893216982925 -76.3587855688229
    vertex -5.348836843041555 -2.745280205976863 -76.08213859927126
    vertex -4.987209404011382 -3.038451548268604 -78.27147717352786
  endloop
endfacet
facet normal -0.784756 -0.6121 -0.0974223
  outer loop
    vertex -4.477401055848357 -4.736711531384015 -69.65616259990874
    vertex -4.795688144338347 -4.634780632122388 -67.73272382450861
    vertex -5.676354073830328 -3.416244655095908 -68.29479741646416
  endloop
endfacet
facet normal -0.325382 -0.937127 -0.126174
  outer loop
    vertex -1.949880232068542 -5.788169299191125 -74.86779504098089
    vertex -2.862141514583107 -5.246091845857418 -76.54137181702305
    vertex -0.99042446236385 -5.889699372352699 -76.58798609609146
  endloop
endfacet
facet normal -0.938006 -0.326998 -0.114962
  outer loop
    vertex -7.895781715946294 -3.887925955045962 -40.64589570714996
    vertex -8.345051175106017 -3.185341100933967 -38.97861533637894
    vertex -8.603532253103063 -2.004938085297723 -40.22713369369379
  endloop
endfacet
facet normal -0.920027 -0.375966 -0.110456
  outer loop
    vertex -7.213164966967396 -1.94172208364752 -57.55984440841078
    vertex -6.492702597878458 -3.681001323650938 -57.64073972272288
    vertex -6.950535299180421 -3.082275080188592 -55.86521183473729
  endloop
endfacet
facet normal -0.921891 -0.381342 -0.0685129
  outer loop
    vertex -10.1023484011835 -5.146788438461174 -8.413395632156989
    vertex -10.85684758911446 -3.43709888791428 -7.777176744849861
    vertex -10.59920179871226 -3.665426287210999 -9.973122401457557
  endloop
endfacet
facet normal 0.988155 -0.152997 0.0118733
  outer loop
    vertex 7.309225913023918 -2.500574737190659 -54.31735374665907
    vertex 7.497454733712385 -1.384398720998676 -55.59984263024926
    vertex 7.700199432020663 0 -54.63414634146346
  endloop
endfacet
facet normal -0.598422 -0.799806 -0.0469222
  outer loop
    vertex -2.862141514583107 -5.246091845857418 -76.54137181702305
    vertex -4.26264946350551 -4.20893216982925 -76.3587855688229
    vertex -3.705616043154279 -4.513316772483015 -78.27455256353382
  endloop
endfacet
facet normal 0.328426 -0.943841 -0.0360615
  outer loop
    vertex 2.012053268759725 -5.48091418155705 -78.28852273602645
    vertex 2.82408772734544 -5.263933312285696 -76.57206766309798
    vertex 1.061143071395232 -5.876226766846867 -76.60227744453906
  endloop
endfacet
facet normal -0.960147 -0.261841 -0.0977609
  outer loop
    vertex -9.908156668555442 -3.606592078792584 -18.49834276494749
    vertex -10.25822076430781 -2.985184810965237 -16.72459696400665
    vertex -10.36670491767717 -1.917915794151924 -18.51768707735971
  endloop
endfacet
facet normal -0.896861 -0.43935 -0.0510994
  outer loop
    vertex -8.411074274419642 -5.136809986908884 -27.24709781237679
    vertex -9.21495356145781 -3.496319740412578 -27.24282176262582
    vertex -8.761634826211917 -4.242697535333622 -28.78183642488997
  endloop
endfacet
facet normal -0.948512 -0.312746 -0.0501553
  outer loop
    vertex -9.242448856310107 -2.050485189707853 -32.18262797742445
    vertex -8.76810403907111 -3.258526012403202 -33.62039753098253
    vertex -8.648008067339264 -3.858956040430034 -32.14758000383665
  endloop
endfacet
facet normal 0.96872 -0.239839 -0.0637084
  outer loop
    vertex 10.6214196826182 -2.173709542438041 -14.719290250159
    vertex 10.86390102541236 -1.733624490167073 -12.68899503180412
    vertex 10.40749007096914 -3.40712713821731 -13.32882970355237
  endloop
endfacet
facet normal -0.914191 -0.395572 -0.088193
  outer loop
    vertex -6.323750828688663 -1.709395606606606 -69.23973972840129
    vertex -5.676354073830328 -3.416244655095908 -68.29479741646416
    vertex -6.430291318701795 -1.902978410408361 -67.2670862500058
  endloop
endfacet
facet normal -0.464593 -0.884895 -0.0333727
  outer loop
    vertex -1.949880232068542 -5.788169299191125 -74.86779504098089
    vertex -3.690177099289559 -4.87909593104393 -74.74510314902794
    vertex -2.862141514583107 -5.246091845857418 -76.54137181702305
  endloop
endfacet
facet normal 0.461917 -0.886266 -0.0341281
  outer loop
    vertex 1.929391202056919 -5.796600798967859 -74.84887206896737
    vertex 2.82408772734544 -5.263933312285696 -76.57206766309798
    vertex 3.666544621840805 -4.894121094858905 -74.77316225701823
  endloop
endfacet
facet normal 0.91212 -0.392734 -0.117464
  outer loop
    vertex 6.993881459954839 -2.984590755859935 -55.85535324217474
    vertex 6.518389547988931 -3.727854964677752 -57.0625299454703
    vertex 7.19424800634932 -2.049346220125364 -57.42641925060338
  endloop
endfacet
facet normal 0.961952 -0.253671 -0.101483
  outer loop
    vertex 11.62652142442704 -2.17620946940581 -2.179932744155356
    vertex 11.3370154947415 -3.577999552082032 -1.420178601000218
    vertex 11.0008408357352 -4.100610908226598 -3.300415656260329
  endloop
endfacet
facet normal -0.974682 -0.207177 -0.084098
  outer loop
    vertex -11.43844214552317 -3.166902909789558 -1.667686056092427
    vertex -11.64855885367899 -1.623224762135816 -3.035345511752131
    vertex -11.22192016663451 -3.29983367473715 -3.849662023305887
  endloop
endfacet
facet normal -0.936473 -0.337903 -0.0940207
  outer loop
    vertex -6.382420163225166 -3.337387839733607 -60.96027668479205
    vertex -6.626815209935469 -3.173797245450746 -59.11396385650717
    vertex -7.107390257458664 -1.70772071190232 -59.59626649709016
  endloop
endfacet
facet normal 0.9719 -0.22533 -0.0680987
  outer loop
    vertex 9.756064784094567 -1.788388662989679 -26.44636907431492
    vertex 9.984801480023801 -1.468217017585795 -24.24126190154372
    vertex 9.578660849480045 -2.926373476732149 -25.2128212625076
  endloop
endfacet
facet normal 0.969202 -0.241529 -0.0480761
  outer loop
    vertex 10.5544474080866 -3.797738117337075 -9.950042424727908
    vertex 10.67570596727784 -2.963032060642372 -11.69896487247094
    vertex 11.01050118854729 -1.825987058830353 -10.66196062389954
  endloop
endfacet
facet normal 0.960437 -0.267839 -0.0763039
  outer loop
    vertex 11.0008408357352 -4.100610908226598 -3.300415656260329
    vertex 11.50407784258232 -2.186917895970527 -3.683542380382278
    vertex 11.62652142442704 -2.17620946940581 -2.179932744155356
  endloop
endfacet
facet normal -0.325704 -0.944969 -0.0308225
  outer loop
    vertex -0.99042446236385 -5.889699372352699 -76.58798609609146
    vertex -2.862141514583107 -5.246091845857418 -76.54137181702305
    vertex -1.96973188075882 -5.496965897341923 -78.28014555995739
  endloop
endfacet
facet normal -0.919286 -0.387344 -0.0698408
  outer loop
    vertex -6.323750828688663 -1.709395606606606 -69.23973972840129
    vertex -5.60501529168739 -3.24259748036334 -70.19686578917536
    vertex -5.676354073830328 -3.416244655095908 -68.29479741646416
  endloop
endfacet
facet normal -0.913213 -0.393381 -0.106269
  outer loop
    vertex -9.467984339356065 -4.314125533972587 -20.27226951984683
    vertex -9.781225350099851 -3.221021212290125 -21.62685932534833
    vertex -8.913896080805676 -5.045942328967414 -22.32478415217107
  endloop
endfacet
facet normal -0.975073 -0.166292 -0.1469
  outer loop
    vertex -7.345149330304126 -2.405578688556912 -54.26771832738179
    vertex -7.709648674478995 -1.331220057479734 -53.06447798032639
    vertex -7.700199432020663 9.430024587220371e-16 -54.63414634146346
  endloop
endfacet
facet normal -0.914548 -0.38347 -0.128659
  outer loop
    vertex -5.666324297955323 -3.744626227308983 -66.17560485894964
    vertex -6.157393585961837 -3.198069437215662 -64.31395541028093
    vertex -6.647358951875641 -1.682111332826197 -65.34946506717731
  endloop
endfacet
facet normal 0.173769 -0.976058 -0.130829
  outer loop
    vertex -6.257350182880614e-15 -5.837758709517444 -78.29869947057736
    vertex 2.012053268759725 -5.48091418155705 -78.28852273602645
    vertex 1.061143071395232 -5.876226766846867 -76.60227744453906
  endloop
endfacet
facet normal -0.922167 -0.373046 -0.102204
  outer loop
    vertex -10.17195939183611 -4.380827231433635 -11.75049733364301
    vertex -10.46820995885202 -3.198196332976567 -13.39410218429373
    vertex -9.721432518334195 -5.007429782121664 -13.52840241835703
  endloop
endfacet
facet normal 0.957837 -0.266281 -0.1079
  outer loop
    vertex 9.178883690063481 -3.644149840637034 -26.9903218249096
    vertex 9.756064784094567 -1.788388662989679 -26.44636907431492
    vertex 9.578660849480045 -2.926373476732149 -25.2128212625076
  endloop
endfacet
facet normal -0.489344 -0.862844 -0.126658
  outer loop
    vertex -1.96973188075882 -5.496965897341923 -78.28014555995739
    vertex -2.862141514583107 -5.246091845857418 -76.54137181702305
    vertex -3.705616043154279 -4.513316772483015 -78.27455256353382
  endloop
endfacet
facet normal -0.872337 -0.482313 -0.0800144
  outer loop
    vertex -10.70853538856048 -4.899876550718207 -2.842227651129676
    vertex -9.771273417040804 -6.441704235058638 -3.766615949316694
    vertex -9.933080958849111 -6.489605682968782 -1.713809338896473
  endloop
endfacet
facet normal -0.492869 -0.869621 -0.0289612
  outer loop
    vertex -2.851931727015126 -4.939690650907846 -80
    vertex -1.96973188075882 -5.496965897341923 -78.28014555995739
    vertex -3.705616043154279 -4.513316772483015 -78.27455256353382
  endloop
endfacet
facet normal -0.766638 -0.636545 -0.0841171
  outer loop
    vertex -9.32658901146489 -6.554531283128633 -7.630888131209319
    vertex -9.289514067784971 -6.397508102218691 -9.157038985095319
    vertex -8.04848236031571 -7.958521086428783 -8.654965579062278
  endloop
endfacet
facet normal 0.174697 -0.984282 -0.0258932
  outer loop
    vertex 0.9904654944533532 -5.61720895165198 -80
    vertex 2.012053268759725 -5.48091418155705 -78.28852273602645
    vertex -6.257350182880614e-15 -5.837758709517444 -78.29869947057736
  endloop
endfacet
facet normal 0.965435 -0.25643 -0.0466785
  outer loop
    vertex 10.02057511313808 -2.839214737702358 -20.13882154753102
    vertex 10.41622001391407 -1.654346803297413 -18.46495038925968
    vertex 9.864805497454773 -3.727695446938748 -18.47965024701361
  endloop
endfacet
facet normal -0.256993 -0.964891 -0.0542228
  outer loop
    vertex -2.03985559936416 -11.52330091788567 -3.78065580804042
    vertex -3.98286476507089 -11.00980212341901 -3.709294452894545
    vertex -2.844091705364879 -11.21345680983468 -5.482574122104148
  endloop
endfacet
facet normal -0.973606 -0.224464 -0.0413184
  outer loop
    vertex -10.59920179871226 -3.665426287210999 -9.973122401457557
    vertex -11.08421421349899 -1.488204869692837 -10.37240851032747
    vertex -10.84102880919841 -2.31161827997601 -11.62946727940946
  endloop
endfacet
facet normal -0.922991 -0.374705 -0.0876529
  outer loop
    vertex -10.1023484011835 -5.146788438461174 -8.413395632156989
    vertex -10.33047596454149 -5.006485163491511 -6.610974539074707
    vertex -10.85684758911446 -3.43709888791428 -7.777176744849861
  endloop
endfacet
facet normal -0.989327 -0.145696 0.00212403
  outer loop
    vertex -7.700199432020663 9.430024587220371e-16 -54.63414634146346
    vertex -7.502435419329104 -1.35697445336313 -55.60023461870845
    vertex -7.345149330304126 -2.405578688556912 -54.26771832738179
  endloop
endfacet
facet normal -0.408834 -0.90595 -0.11004
  outer loop
    vertex -4.772525659142226 -8.144418572144417 -32.5312794176421
    vertex -2.921756606998797 -8.968820136798575 -32.62025751649377
    vertex -3.893523042508094 -8.742215180343058 -30.87544821352819
  endloop
endfacet
facet normal -0.420131 -0.90623 -0.0473078
  outer loop
    vertex -2.945771743442206 -8.684933973464423 -35.94695584368774
    vertex -4.73568930833785 -7.857138263542363 -35.90835859625704
    vertex -3.856143895372767 -8.175682524224836 -37.61737258112871
  endloop
endfacet
facet normal 0.371151 -0.921385 -0.115308
  outer loop
    vertex 1.937911281636201 -7.459127868953497 -54.55083670445703
    vertex 3.761030488546131 -6.731812468157749 -54.49433461996963
    vertex 2.90169887159616 -7.284253381457031 -52.84597840155951
  endloop
endfacet
facet normal 0.889248 -0.455837 -0.0380839
  outer loop
    vertex 4.935521602458675 -3.618586511416314 -74.71337471141996
    vertex 5.224313791457265 -2.903317536254409 -76.53140747259371
    vertex 5.787966100791741 -1.938773302814618 -74.91518205544519
  endloop
endfacet
facet normal -0.951222 -0.304775 -0.0478437
  outer loop
    vertex -10.84102880919841 -2.31161827997601 -11.62946727940946
    vertex -10.46820995885202 -3.198196332976567 -13.39410218429373
    vertex -10.17195939183611 -4.380827231433635 -11.75049733364301
  endloop
endfacet
facet normal -0.231617 -0.966399 -0.111477
  outer loop
    vertex -2.025034802009038 -8.531759064063293 -41.05641536182812
    vertex -2.954424134620912 -8.116337148513884 -42.72671379357413
    vertex -1.038599624608859 -8.572817295148401 -42.75000721716643
  endloop
endfacet
facet normal -0.120798 -0.986234 -0.112919
  outer loop
    vertex -1.038599624608859 -8.572817295148401 -42.75000721716643
    vertex -2.017352101534568 -8.26034842022568 -44.43206141982576
    vertex -0.02955292872737409 -8.501415321742117 -44.45308053772007
  endloop
endfacet
facet normal -0.319902 -0.942452 -0.0971989
  outer loop
    vertex -2.844091705364879 -11.21345680983468 -5.482574122104148
    vertex -3.98286476507089 -11.00980212341901 -3.709294452894545
    vertex -4.565524797454026 -10.63131099966681 -5.461531911837989
  endloop
endfacet
facet normal -0.117658 -0.986731 -0.111889
  outer loop
    vertex -1.037078263716929 -8.841133827873824 -39.36698053554767
    vertex -2.025034802009038 -8.531759064063293 -41.05641536182812
    vertex -0.03232605764785205 -8.767278946276278 -41.07485833838906
  endloop
endfacet
facet normal -0.225391 -0.973163 -0.0464031
  outer loop
    vertex -2.962443332739089 -8.396345981939186 -39.34306180248033
    vertex -2.025034802009038 -8.531759064063293 -41.05641536182812
    vertex -1.037078263716929 -8.841133827873824 -39.36698053554767
  endloop
endfacet
facet normal -0.113569 -0.987354 -0.110609
  outer loop
    vertex -1.015005921357935 -9.110062744706708 -36.00389193825929
    vertex -2.010656071991864 -8.808370397093507 -37.67466919710407
    vertex -0.03511915676606112 -9.033142687293283 -37.69662901013878
  endloop
endfacet
facet normal -0.787236 -0.611909 -0.0763307
  outer loop
    vertex -9.771273417040804 -6.441704235058638 -3.766615949316694
    vertex -8.698033506537868 -7.954944626243125 -2.704501791162565
    vertex -9.933080958849111 -6.489605682968782 -1.713809338896473
  endloop
endfacet
facet normal -0.202199 -0.973414 -0.107609
  outer loop
    vertex -1.994236327724331 -9.899287466841715 -24.16514608344194
    vertex -2.993640148935027 -9.504869000489197 -25.85509222227444
    vertex -1.036253933476084 -9.910314561923775 -25.86545835033081
  endloop
endfacet
facet normal -0.244816 -0.962736 -0.114915
  outer loop
    vertex -1.004098602112472 -8.040522786871714 -49.51638430996075
    vertex -1.998223718923909 -7.990855927077382 -47.81459959328946
    vertex -2.948655987006209 -7.550791634668832 -49.47655798946298
  endloop
endfacet
facet normal -0.252516 -0.960618 -0.115969
  outer loop
    vertex -1.001460969321377 -7.772853562683424 -52.89462713263788
    vertex -1.990735031599054 -7.71884596809408 -51.18790471080262
    vertex -2.939827469225814 -7.268373201930586 -52.85275969500384
  endloop
endfacet
facet normal -0.239988 -0.969798 -0.0435522
  outer loop
    vertex -2.968376748061214 -7.827598561072487 -46.10404838884865
    vertex -1.998223718923909 -7.990855927077382 -47.81459959328946
    vertex -1.029498925708131 -8.30662217223081 -46.12129169782936
  endloop
endfacet
facet normal -0.244814 -0.968664 -0.0419108
  outer loop
    vertex -2.948655987006209 -7.550791634668832 -49.47655798946298
    vertex -1.990735031599054 -7.71884596809408 -51.18790471080262
    vertex -1.004098602112472 -8.040522786871714 -49.51638430996075
  endloop
endfacet
facet normal -0.252486 -0.96674 -0.0407987
  outer loop
    vertex -2.939827469225814 -7.268373201930586 -52.85275969500384
    vertex -1.986385538259937 -7.445031550844472 -54.56721504000567
    vertex -1.001460969321377 -7.772853562683424 -52.89462713263788
  endloop
endfacet
facet normal -0.136182 -0.983655 -0.117806
  outer loop
    vertex -0.9989135263368841 -7.505020693450693 -56.27316032134419
    vertex -1.995403223896935 -7.167475182620152 -57.93966638438049
    vertex -0.01863179661679538 -7.437872835521081 -57.96702526986044
  endloop
endfacet
facet normal -0.13595 -0.989959 -0.038711
  outer loop
    vertex -0.01863179661679538 -7.437872835521081 -57.96702526986044
    vertex -1.995403223896935 -7.167475182620152 -57.93966638438049
    vertex -1.017869941022171 -7.235470569263471 -59.63383184873801
  endloop
endfacet
facet normal -0.207905 -0.976912 -0.0491824
  outer loop
    vertex -2.974310882060334 -9.233851660205021 -29.21081765219568
    vertex -2.014627973518918 -9.352099094097714 -30.91884842191738
    vertex -1.048904917243521 -9.642610512862944 -29.23072959473224
  endloop
endfacet
facet normal -0.239252 -0.964301 -0.113498
  outer loop
    vertex -1.029498925708131 -8.30662217223081 -46.12129169782936
    vertex -2.017352101534568 -8.26034842022568 -44.43206141982576
    vertex -2.968376748061214 -7.827598561072487 -46.10404838884865
  endloop
endfacet
facet normal -0.107693 -0.98825 -0.108462
  outer loop
    vertex -1.048904917243521 -9.642610512862944 -29.23072959473224
    vertex -2.014627973518918 -9.352099094097714 -30.91884842191738
    vertex -0.04070956004134151 -9.564881431682196 -30.9400143145661
  endloop
endfacet
facet normal -0.12073 -0.991735 -0.0434354
  outer loop
    vertex -0.02955292872737409 -8.501415321742117 -44.45308053772007
    vertex -2.017352101534568 -8.26034842022568 -44.43206141982576
    vertex -1.029498925708131 -8.30662217223081 -46.12129169782936
  endloop
endfacet
facet normal -0.271885 -0.955 -0.118548
  outer loop
    vertex -1.017869941022171 -7.235470569263471 -59.63383184873801
    vertex -1.995403223896935 -7.167475182620152 -57.93966638438049
    vertex -2.939781762317749 -6.691296111831251 -59.60977893202016
  endloop
endfacet
facet normal -0.117664 -0.992057 -0.0444827
  outer loop
    vertex -0.03232605764785205 -8.767278946276278 -41.07485833838906
    vertex -2.025034802009038 -8.531759064063293 -41.05641536182812
    vertex -1.038599624608859 -8.572817295148401 -42.75000721716643
  endloop
endfacet
facet normal -0.225009 -0.968047 -0.110705
  outer loop
    vertex -1.037078263716929 -8.841133827873824 -39.36698053554767
    vertex -2.010656071991864 -8.808370397093507 -37.67466919710407
    vertex -2.962443332739089 -8.396345981939186 -39.34306180248033
  endloop
endfacet
facet normal -0.272676 -0.961345 -0.0382629
  outer loop
    vertex -2.939781762317749 -6.691296111831251 -59.60977893202016
    vertex -1.977226344960068 -6.896328763007856 -61.3179315438252
    vertex -1.017869941022171 -7.235470569263471 -59.63383184873801
  endloop
endfacet
facet normal -0.113434 -0.992478 -0.0460433
  outer loop
    vertex -0.03511915676606112 -9.033142687293283 -37.69662901013878
    vertex -2.010656071991864 -8.808370397093507 -37.67466919710407
    vertex -1.037078263716929 -8.841133827873824 -39.36698053554767
  endloop
endfacet
facet normal 0.55905 -0.821359 -0.113278
  outer loop
    vertex 4.638973096281813 -6.977020733917151 -46.01580293589353
    vertex 3.761130657193272 -7.330988587861139 -47.78157708644193
    vertex 5.418547953697307 -6.220491326897131 -47.65390925596175
  endloop
endfacet
facet normal -0.232063 -0.971638 -0.0454647
  outer loop
    vertex -1.038599624608859 -8.572817295148401 -42.75000721716643
    vertex -2.954424134620912 -8.116337148513884 -42.72671379357413
    vertex -2.017352101534568 -8.26034842022568 -44.43206141982576
  endloop
endfacet
facet normal -0.104739 -0.988653 -0.107676
  outer loop
    vertex -1.036253933476084 -9.910314561923775 -25.86545835033081
    vertex -2.010825428421701 -9.624900608672601 -27.53806620190112
    vertex -0.04357848109122927 -9.830779369670957 -27.56133417737384
  endloop
endfacet
facet normal -0.107562 -0.99303 -0.0481761
  outer loop
    vertex -0.04070956004134151 -9.564881431682196 -30.9400143145661
    vertex -2.014627973518918 -9.352099094097714 -30.91884842191738
    vertex -1.020995729491009 -9.376982606594911 -32.62440728224158
  endloop
endfacet
facet normal -0.314171 -0.942864 -0.110926
  outer loop
    vertex -3.873379658569392 -8.459663035814723 -34.25281929202009
    vertex -1.958721998892724 -9.091592403801965 -34.3042632818611
    vertex -2.921756606998797 -8.968820136798575 -32.62025751649377
  endloop
endfacet
facet normal -0.433914 -0.899913 -0.0433056
  outer loop
    vertex -1.949716323761288 -6.069368381896207 -71.47439350178145
    vertex -3.568153357909934 -5.295477811566892 -71.3397890144126
    vertex -2.82360480108894 -5.566686161748239 -73.16418448183205
  endloop
endfacet
facet normal 0.371336 -0.927555 -0.0418532
  outer loop
    vertex 2.884191446556828 -7.005121348110876 -56.21685418320278
    vertex 3.761030488546131 -6.731812468157749 -54.49433461996963
    vertex 1.937911281636201 -7.459127868953497 -54.55083670445703
  endloop
endfacet
facet normal 0.528161 -0.841838 -0.111152
  outer loop
    vertex 4.662096171545594 -7.592518083508629 -39.26689901296319
    vertex 3.771254610701948 -7.918828340153014 -41.02850703512619
    vertex 5.467085459319818 -6.870746647238062 -40.9083477725486
  endloop
endfacet
facet normal -0.207526 -0.972276 -0.107762
  outer loop
    vertex -1.048904917243521 -9.642610512862944 -29.23072959473224
    vertex -2.010825428421701 -9.624900608672601 -27.53806620190112
    vertex -2.974310882060334 -9.233851660205021 -29.21081765219568
  endloop
endfacet
facet normal -0.924452 -0.377694 -0.052297
  outer loop
    vertex -9.721432518334195 -5.007429782121664 -13.52840241835703
    vertex -10.46820995885202 -3.198196332976567 -13.39410218429373
    vertex -10.01771991180455 -4.061033512425509 -15.12590499825652
  endloop
endfacet
facet normal 0.254908 -0.966129 -0.0402184
  outer loop
    vertex 1.923519510894538 -7.186633388478895 -57.94539434569216
    vertex 2.884191446556828 -7.005121348110876 -56.21685418320278
    vertex 0.9609793054731267 -7.51046675782817 -56.26692733230515
  endloop
endfacet
facet normal 0.385085 -0.915319 -0.117902
  outer loop
    vertex 3.776756998137774 -6.416247634771538 -57.87326213094752
    vertex 2.884191446556828 -7.005121348110876 -56.21685418320278
    vertex 1.923519510894538 -7.186633388478895 -57.94539434569216
  endloop
endfacet
facet normal -0.104533 -0.993313 -0.0490121
  outer loop
    vertex -0.04357848109122927 -9.830779369670957 -27.56133417737384
    vertex -2.010825428421701 -9.624900608672601 -27.53806620190112
    vertex -1.048904917243521 -9.642610512862944 -29.23072959473224
  endloop
endfacet
facet normal 0.247033 -0.968167 -0.0403431
  outer loop
    vertex 1.937911281636201 -7.459127868953497 -54.55083670445703
    vertex 2.90169887159616 -7.284253381457031 -52.84597840155951
    vertex 0.9564713104902071 -7.778608140640728 -52.89348786500213
  endloop
endfacet
facet normal 0.196639 -0.979261 -0.048787
  outer loop
    vertex 1.907350056952017 -9.374210337055443 -30.9232843920967
    vertex 2.881204420232068 -9.264960190395156 -29.19098628338992
    vertex 0.9310810216827419 -9.654355237747369 -29.23508675461503
  endloop
endfacet
facet normal -0.314201 -0.948244 -0.0459487
  outer loop
    vertex -2.945771743442206 -8.684933973464423 -35.94695584368774
    vertex -1.958721998892724 -9.091592403801965 -34.3042632818611
    vertex -3.873379658569392 -8.459663035814723 -34.25281929202009
  endloop
endfacet
facet normal -0.893134 -0.437384 -0.104913
  outer loop
    vertex -8.411074274419642 -5.136809986908884 -27.24709781237679
    vertex -8.808139221945673 -4.662213643838873 -25.84544256027628
    vertex -9.21495356145781 -3.496319740412578 -27.24282176262582
  endloop
endfacet
facet normal 0.46052 -0.886582 -0.0435154
  outer loop
    vertex 4.595904912921746 -6.686171737165962 -49.38395497600702
    vertex 2.850442857787071 -7.58808990075213 -49.48039339241936
    vertex 3.756954746299265 -7.036880984313181 -51.11716204087595
  endloop
endfacet
facet normal 0.229013 -0.972407 -0.0444774
  outer loop
    vertex 1.917814823964231 -8.010754024216519 -47.81188677890083
    vertex 2.871984926261274 -7.864963452075509 -46.08630104297606
    vertex 0.952500937403544 -8.314904942990886 -46.13263026739374
  endloop
endfacet
facet normal -0.546012 -0.830728 -0.108451
  outer loop
    vertex -6.445191335621209 -7.962772276764913 -22.3079418271881
    vertex -4.724767129802792 -9.081557510788647 -22.39983358965366
    vertex -5.651245880464963 -8.699375131541533 -20.66284163046714
  endloop
endfacet
facet normal 0.599016 -0.799492 -0.0446306
  outer loop
    vertex 3.752438966817512 -4.471982619695269 -78.29869947057706
    vertex 4.27161874079393 -4.182845065269594 -76.50992591276513
    vertex 2.82408772734544 -5.263933312285696 -76.57206766309798
  endloop
endfacet
facet normal 0.384847 -0.922173 -0.0385882
  outer loop
    vertex 1.923519510894538 -7.186633388478895 -57.94539434569216
    vertex 2.872284252646355 -6.72151870754592 -59.59841827593584
    vertex 3.776756998137774 -6.416247634771538 -57.87326213094752
  endloop
endfacet
facet normal 0.486467 -0.866898 -0.108805
  outer loop
    vertex 3.776085574762886 -8.793607308280572 -30.87511375295004
    vertex 5.522314706363359 -7.823758565064267 -30.79494299658043
    vertex 4.695493498810881 -8.495116187917349 -29.14265187872527
  endloop
endfacet
facet normal -0.499201 -0.865563 -0.0399995
  outer loop
    vertex -3.798845753558676 -6.402852505029199 -57.87699787260389
    vertex -2.899080576529139 -6.9979351327247 -56.22903267157648
    vertex -4.627251637629117 -6.004898885983046 -56.14980201518983
  endloop
endfacet
facet normal 0.1919 -0.975513 -0.107464
  outer loop
    vertex 0.9340401843739348 -9.920338230960157 -25.86712580066992
    vertex 2.891420708024778 -9.536012620448556 -25.86055321054339
    vertex 1.904676468562904 -9.916959794536281 -24.16450868720307
  endloop
endfacet
facet normal 0.436014 -0.89886 -0.0440759
  outer loop
    vertex 4.661248710944614 -7.279381997726439 -42.64356227444603
    vertex 2.852115461767447 -8.152893298729246 -42.72621283913587
    vertex 3.785939571861355 -7.619411044993294 -44.36805147210873
  endloop
endfacet
facet normal -0.419175 -0.901257 -0.109674
  outer loop
    vertex -3.873379658569392 -8.459663035814723 -34.25281929202009
    vertex -4.73568930833785 -7.857138263542363 -35.90835859625704
    vertex -2.945771743442206 -8.684933973464423 -35.94695584368774
  endloop
endfacet
facet normal 0.214762 -0.975555 -0.0465787
  outer loop
    vertex 1.913777067243576 -8.557387048374592 -41.05660584933835
    vertex 2.870409610165147 -8.42908020849344 -39.33310967670534
    vertex 0.9466460634058358 -8.850502733803532 -39.3767166150224
  endloop
endfacet
facet normal 0.410807 -0.90507 -0.10994
  outer loop
    vertex 2.852571252161936 -8.714684072256345 -35.96272936624577
    vertex 4.66619927047443 -7.900167378667756 -35.8912648814715
    vertex 3.789998158979568 -8.49844552664787 -34.24005555503074
  endloop
endfacet
facet normal -0.202837 -0.978001 -0.0486998
  outer loop
    vertex -1.036253933476084 -9.910314561923775 -25.86545835033081
    vertex -2.993640148935027 -9.504869000489197 -25.85509222227444
    vertex -2.010825428421701 -9.624900608672601 -27.53806620190112
  endloop
endfacet
facet normal 0.247304 -0.961953 -0.116133
  outer loop
    vertex 0.9564713104902071 -7.778608140640728 -52.89348786500213
    vertex 2.90169887159616 -7.284253381457031 -52.84597840155951
    vertex 1.919758165184754 -7.736670252569248 -51.18955530752545
  endloop
endfacet
facet normal 0.306803 -0.950581 -0.0476312
  outer loop
    vertex 1.908318347392401 -9.102944179427304 -34.29632073762043
    vertex 2.852571252161936 -8.714684072256345 -35.96272936624577
    vertex 3.789998158979568 -8.49844552664787 -34.24005555503074
  endloop
endfacet
facet normal 0.25524 -0.959823 -0.116588
  outer loop
    vertex 0.9609793054731267 -7.51046675782817 -56.26692733230515
    vertex 2.884191446556828 -7.005121348110876 -56.21685418320278
    vertex 1.937911281636201 -7.459127868953497 -54.55083670445703
  endloop
endfacet
facet normal 0.357106 -0.933067 -0.0431521
  outer loop
    vertex 1.919758165184754 -7.736670252569248 -51.18955530752545
    vertex 2.90169887159616 -7.284253381457031 -52.84597840155951
    vertex 3.756954746299265 -7.036880984313181 -51.11716204087595
  endloop
endfacet
facet normal 0.229345 -0.966802 -0.112668
  outer loop
    vertex 0.952500937403544 -8.314904942990886 -46.13263026739374
    vertex 2.871984926261274 -7.864963452075509 -46.08630104297606
    vertex 1.915832642695853 -8.28430503975617 -44.43425867320903
  endloop
endfacet
facet normal 0.336058 -0.940799 -0.0443047
  outer loop
    vertex 1.915832642695853 -8.28430503975617 -44.43425867320903
    vertex 2.871984926261274 -7.864963452075509 -46.08630104297606
    vertex 3.785939571861355 -7.619411044993294 -44.36805147210873
  endloop
endfacet
facet normal 0.215066 -0.970331 -0.110469
  outer loop
    vertex 0.9466460634058358 -8.850502733803532 -39.3767166150224
    vertex 2.870409610165147 -8.42908020849344 -39.33310967670534
    vertex 1.91120524320723 -8.830467167345397 -37.67485976841279
  endloop
endfacet
facet normal 0.357552 -0.926895 -0.11412
  outer loop
    vertex 3.756954746299265 -7.036880984313181 -51.11716204087595
    vertex 2.850442857787071 -7.58808990075213 -49.48039339241936
    vertex 1.919758165184754 -7.736670252569248 -51.18955530752545
  endloop
endfacet
facet normal 0.315736 -0.947694 -0.0467579
  outer loop
    vertex 1.91120524320723 -8.830467167345397 -37.67485976841279
    vertex 2.870409610165147 -8.42908020849344 -39.33310967670534
    vertex 3.784681078599229 -8.209293344499493 -37.61408511601118
  endloop
endfacet
facet normal -0.309392 -0.949672 -0.0489776
  outer loop
    vertex -3.893523042508094 -8.742215180343058 -30.87544821352819
    vertex -2.921756606998797 -8.968820136798575 -32.62025751649377
    vertex -2.014627973518918 -9.352099094097714 -30.91884842191738
  endloop
endfacet
facet normal 0.316018 -0.942352 -0.110027
  outer loop
    vertex 3.784681078599229 -8.209293344499493 -37.61408511601118
    vertex 2.852571252161936 -8.714684072256345 -35.96272936624577
    vertex 1.91120524320723 -8.830467167345397 -37.67485976841279
  endloop
endfacet
facet normal -0.598425 -0.792729 -0.116053
  outer loop
    vertex -5.396809541238369 -5.516896809923876 -54.41275985329779
    vertex -3.794011160318659 -6.710674998900619 -54.52314977413047
    vertex -4.655750955113429 -6.315831740036218 -52.77669071750994
  endloop
endfacet
facet normal -0.100399 -0.989245 -0.106368
  outer loop
    vertex -1.033632095427017 -10.4458932769296 -19.09859220709186
    vertex -2.027845842480684 -10.16446990099904 -20.77747524256447
    vertex -0.05020738101505319 -10.36322174609389 -20.79569426326133
  endloop
endfacet
facet normal 0.410774 -0.910535 -0.0468038
  outer loop
    vertex 3.784681078599229 -8.209293344499493 -37.61408511601118
    vertex 4.66619927047443 -7.900167378667756 -35.8912648814715
    vertex 2.852571252161936 -8.714684072256345 -35.96272936624577
  endloop
endfacet
facet normal 0.336402 -0.934978 -0.112468
  outer loop
    vertex 3.785939571861355 -7.619411044993294 -44.36805147210873
    vertex 2.852115461767447 -8.152893298729246 -42.72621283913587
    vertex 1.915832642695853 -8.28430503975617 -44.43425867320903
  endloop
endfacet
facet normal 0.462087 -0.880433 -0.106363
  outer loop
    vertex 3.787342661610378 -9.364197726109442 -24.12784847652919
    vertex 5.536917034768818 -8.45682339462787 -24.0378464205594
    vertex 4.704292467493896 -9.093496813955412 -22.38497694724407
  endloop
endfacet
facet normal -0.325395 -0.939273 -0.109012
  outer loop
    vertex -2.010656071991864 -8.808370397093507 -37.67466919710407
    vertex -2.945771743442206 -8.684933973464423 -35.94695584368774
    vertex -3.856143895372767 -8.175682524224836 -37.61737258112871
  endloop
endfacet
facet normal -0.100329 -0.993674 -0.0504578
  outer loop
    vertex -0.05020738101505319 -10.36322174609389 -20.79569426326133
    vertex -2.027845842480684 -10.16446990099904 -20.77747524256447
    vertex -1.03441994242136 -10.17825635322145 -22.48127152874861
  endloop
endfacet
facet normal 0.291637 -0.950374 -0.108335
  outer loop
    vertex 1.914533971159006 -9.644403267154825 -27.53947211652968
    vertex 3.814197130408214 -9.066246888274915 -27.49749535799355
    vertex 2.891420708024778 -9.536012620448556 -25.86055321054339
  endloop
endfacet
facet normal -0.191019 -0.975898 -0.105526
  outer loop
    vertex -1.033632095427017 -10.4458932769296 -19.09859220709186
    vertex -2.006096465683667 -10.44065038564944 -17.38676126049488
    vertex -2.971979648589797 -10.07024564155209 -19.06383887163636
  endloop
endfacet
facet normal 0.306988 -0.945413 -0.109328
  outer loop
    vertex 3.789998158979568 -8.49844552664787 -34.24005555503074
    vertex 2.856801169058663 -8.992068324892756 -32.59183217171898
    vertex 1.908318347392401 -9.102944179427304 -34.29632073762043
  endloop
endfacet
facet normal -0.190894 -0.980271 -0.0512734
  outer loop
    vertex -2.971979648589797 -10.07024564155209 -19.06383887163636
    vertex -2.027845842480684 -10.16446990099904 -20.77747524256447
    vertex -1.033632095427017 -10.4458932769296 -19.09859220709186
  endloop
endfacet
facet normal 0.399258 -0.915573 -0.0481495
  outer loop
    vertex 4.667678766502251 -8.206429674524458 -32.51502175372255
    vertex 2.856801169058663 -8.992068324892756 -32.59183217171898
    vertex 3.789998158979568 -8.49844552664787 -34.24005555503074
  endloop
endfacet
facet normal -0.402319 -0.914637 -0.0397365
  outer loop
    vertex -1.977226344960068 -6.896328763007856 -61.3179315438252
    vertex -3.7678348434692 -6.111890775036755 -61.24444812345398
    vertex -2.884936451196547 -6.424256960413018 -62.99359945690605
  endloop
endfacet
facet normal 0.39952 -0.910256 -0.108709
  outer loop
    vertex 4.667678766502251 -8.206429674524458 -32.51502175372255
    vertex 3.776085574762886 -8.793607308280572 -30.87511375295004
    vertex 2.856801169058663 -8.992068324892756 -32.59183217171898
  endloop
endfacet
facet normal -0.408316 -0.911665 -0.0463182
  outer loop
    vertex -3.873379658569392 -8.459663035814723 -34.25281929202009
    vertex -2.921756606998797 -8.968820136798575 -32.62025751649377
    vertex -4.772525659142226 -8.144418572144417 -32.5312794176421
  endloop
endfacet
facet normal -0.279148 -0.958892 -0.0510138
  outer loop
    vertex -2.971979648589797 -10.07024564155209 -19.06383887163636
    vertex -2.006096465683667 -10.44065038564944 -17.38676126049488
    vertex -3.921805700829255 -9.884826495310989 -17.35165804413868
  endloop
endfacet
facet normal 0.449989 -0.891904 -0.0449177
  outer loop
    vertex 2.871984926261274 -7.864963452075509 -46.08630104297606
    vertex 3.761130657193272 -7.330988587861139 -47.78157708644193
    vertex 4.638973096281813 -6.977020733917151 -46.01580293589353
  endloop
endfacet
facet normal 0.2918 -0.95524 -0.0486735
  outer loop
    vertex 2.881204420232068 -9.264960190395156 -29.19098628338992
    vertex 3.814197130408214 -9.066246888274915 -27.49749535799355
    vertex 1.914533971159006 -9.644403267154825 -27.53947211652968
  endloop
endfacet
facet normal 0.424026 -0.904435 -0.0468965
  outer loop
    vertex 2.870409610165147 -8.42908020849344 -39.33310967670534
    vertex 3.771254610701948 -7.918828340153014 -41.02850703512619
    vertex 4.662096171545594 -7.592518083508629 -39.26689901296319
  endloop
endfacet
facet normal -0.600829 -0.79101 -0.115356
  outer loop
    vertex -3.690177099289559 -4.87909593104393 -74.74510314902794
    vertex -4.26264946350551 -4.20893216982925 -76.3587855688229
    vertex -2.862141514583107 -5.246091845857418 -76.54137181702305
  endloop
endfacet
facet normal 0.263584 -0.963844 -0.0390906
  outer loop
    vertex 1.925430200156049 -6.910470142635079 -61.32403796300805
    vertex 2.872284252646355 -6.72151870754592 -59.59841827593584
    vertex 0.9622860528495069 -7.241722357480819 -59.65083748532698
  endloop
endfacet
facet normal -0.356762 -0.933202 -0.0430761
  outer loop
    vertex -1.998223718923909 -7.990855927077382 -47.81459959328946
    vertex -3.858020688381343 -7.282368365854124 -47.76020939980942
    vertex -2.948655987006209 -7.550791634668832 -49.47655798946298
  endloop
endfacet
facet normal 0.486657 -0.872288 -0.0477392
  outer loop
    vertex 4.667678766502251 -8.206429674524458 -32.51502175372255
    vertex 5.522314706363359 -7.823758565064267 -30.79494299658043
    vertex 3.776085574762886 -8.793607308280572 -30.87511375295004
  endloop
endfacet
facet normal -0.36766 -0.929021 -0.0417789
  outer loop
    vertex -2.939827469225814 -7.268373201930586 -52.85275969500384
    vertex -1.990735031599054 -7.71884596809408 -51.18790471080262
    vertex -3.845861136511147 -6.987034923892737 -51.13555964689524
  endloop
endfacet
facet normal -0.339207 -0.931965 -0.127983
  outer loop
    vertex -0.9904654944533653 -5.617208951651978 -80
    vertex -1.96973188075882 -5.496965897341923 -78.28014555995739
    vertex -2.851931727015126 -4.939690650907846 -80
  endloop
endfacet
facet normal 0.339196 -0.931932 -0.128252
  outer loop
    vertex 2.851931727015124 -4.939690650907847 -80
    vertex 2.012053268759725 -5.48091418155705 -78.28852273602645
    vertex 0.9904654944533532 -5.61720895165198 -80
  endloop
endfacet
facet normal -0.28741 -0.956435 -0.0512578
  outer loop
    vertex -3.922472614628715 -9.597244440290625 -20.73807748969578
    vertex -2.957884172981974 -9.793524440963518 -22.48420711492322
    vertex -2.027845842480684 -10.16446990099904 -20.77747524256447
  endloop
endfacet
facet normal -0.356585 -0.927314 -0.113736
  outer loop
    vertex -2.968376748061214 -7.827598561072487 -46.10404838884865
    vertex -3.858020688381343 -7.282368365854124 -47.76020939980942
    vertex -1.998223718923909 -7.990855927077382 -47.81459959328946
  endloop
endfacet
facet normal -0.367332 -0.922956 -0.114979
  outer loop
    vertex -3.845861136511147 -6.987034923892737 -51.13555964689524
    vertex -1.990735031599054 -7.71884596809408 -51.18790471080262
    vertex -2.948655987006209 -7.550791634668832 -49.47655798946298
  endloop
endfacet
facet normal -0.375991 -0.920746 -0.104203
  outer loop
    vertex -3.922472614628715 -9.597244440290625 -20.73807748969578
    vertex -4.724767129802792 -9.081557510788647 -22.39983358965366
    vertex -2.957884172981974 -9.793524440963518 -22.48420711492322
  endloop
endfacet
facet normal 0.509374 -0.859556 -0.0412464
  outer loop
    vertex 3.72923460060923 -6.133816660894682 -61.26293490685324
    vertex 4.527855338694695 -5.74243802436412 -59.55650147490294
    vertex 2.872284252646355 -6.72151870754592 -59.59841827593584
  endloop
endfacet
facet normal -0.139586 -0.989471 -0.0382595
  outer loop
    vertex -0.01591871615246525 -7.17190935845886 -61.34648370193956
    vertex -1.977226344960068 -6.896328763007856 -61.3179315438252
    vertex -0.9942330135372509 -6.968739673811875 -63.03159092160636
  endloop
endfacet
facet normal -0.139853 -0.98308 -0.118303
  outer loop
    vertex -1.017869941022171 -7.235470569263471 -59.63383184873801
    vertex -1.977226344960068 -6.896328763007856 -61.3179315438252
    vertex -0.01591871615246525 -7.17190935845886 -61.34648370193956
  endloop
endfacet
facet normal -0.130888 -0.984599 -0.115903
  outer loop
    vertex -1.001460969321377 -7.772853562683424 -52.89462713263788
    vertex -1.986385538259937 -7.445031550844472 -54.56721504000567
    vertex -0.02134501325524047 -7.703787155243504 -54.58818426762161
  endloop
endfacet
facet normal -0.126928 -0.985259 -0.114688
  outer loop
    vertex -1.004098602112472 -8.040522786871714 -49.51638430996075
    vertex -1.990735031599054 -7.71884596809408 -51.18790471080262
    vertex -0.02404495207323224 -7.969675224484779 -51.20967086650329
  endloop
endfacet
facet normal -0.123329 -0.985878 -0.11329
  outer loop
    vertex -1.029498925708131 -8.30662217223081 -46.12129169782936
    vertex -1.998223718923909 -7.990855927077382 -47.81459959328946
    vertex -0.02680479169641996 -8.235549415653962 -47.83132557949374
  endloop
endfacet
facet normal -0.130872 -0.990554 -0.0409218
  outer loop
    vertex -0.02134501325524047 -7.703787155243504 -54.58818426762161
    vertex -1.986385538259937 -7.445031550844472 -54.56721504000567
    vertex -0.9989135263368841 -7.505020693450693 -56.27316032134419
  endloop
endfacet
facet normal 0.263964 -0.957305 -0.117855
  outer loop
    vertex 0.9622860528495069 -7.241722357480819 -59.65083748532698
    vertex 2.872284252646355 -6.72151870754592 -59.59841827593584
    vertex 1.923519510894538 -7.186633388478895 -57.94539434569216
  endloop
endfacet
facet normal 0.345433 -0.931701 -0.112291
  outer loop
    vertex 1.917814823964231 -8.010754024216519 -47.81188677890083
    vertex 3.761130657193272 -7.330988587861139 -47.78157708644193
    vertex 2.871984926261274 -7.864963452075509 -46.08630104297606
  endloop
endfacet
facet normal -0.126861 -0.991024 -0.0421728
  outer loop
    vertex -0.02404495207323224 -7.969675224484779 -51.20967086650329
    vertex -1.990735031599054 -7.71884596809408 -51.18790471080262
    vertex -1.001460969321377 -7.772853562683424 -52.89462713263788
  endloop
endfacet
facet normal 0.185979 -0.981252 -0.0505582
  outer loop
    vertex 1.904676468562904 -9.916959794536281 -24.16450868720307
    vertex 2.872911804803398 -9.822116321262001 -22.44360539126195
    vertex 0.9306667645078727 -10.18834218926811 -22.48032131151176
  endloop
endfacet
facet normal -0.123421 -0.991415 -0.0431639
  outer loop
    vertex -0.02680479169641996 -8.235549415653962 -47.83132557949374
    vertex -1.998223718923909 -7.990855927077382 -47.81459959328946
    vertex -1.004098602112472 -8.040522786871714 -49.51638430996075
  endloop
endfacet
facet normal -0.27887 -0.954462 -0.105988
  outer loop
    vertex -2.006096465683667 -10.44065038564944 -17.38676126049488
    vertex -2.986132423116751 -10.3427148403568 -15.69009014394134
    vertex -3.921805700829255 -9.884826495310989 -17.35165804413868
  endloop
endfacet
facet normal 0.324612 -0.939401 -0.110243
  outer loop
    vertex 1.913777067243576 -8.557387048374592 -41.05660584933835
    vertex 3.771254610701948 -7.918828340153014 -41.02850703512619
    vertex 2.870409610165147 -8.42908020849344 -39.33310967670534
  endloop
endfacet
facet normal 0.197015 -0.974373 -0.108549
  outer loop
    vertex 0.9310810216827419 -9.654355237747369 -29.23508675461503
    vertex 2.881204420232068 -9.264960190395156 -29.19098628338992
    vertex 1.914533971159006 -9.644403267154825 -27.53947211652968
  endloop
endfacet
facet normal -0.462065 -0.88534 -0.0516597
  outer loop
    vertex -5.651245880464963 -8.699375131541533 -20.66284163046714
    vertex -4.724767129802792 -9.081557510788647 -22.39983358965366
    vertex -3.922472614628715 -9.597244440290625 -20.73807748969578
  endloop
endfacet
facet normal -0.911217 -0.404889 -0.0758237
  outer loop
    vertex -9.434586804533037 -3.3298800940633 -25.34919301613707
    vertex -8.851345793005132 -4.836206717676466 -24.31474908447856
    vertex -9.598951056731496 -3.326479030393117 -23.39209594774309
  endloop
endfacet
facet normal 0.282262 -0.957983 -0.0509543
  outer loop
    vertex 1.904676468562904 -9.916959794536281 -24.16450868720307
    vertex 2.891420708024778 -9.536012620448556 -25.86055321054339
    vertex 3.787342661610378 -9.364197726109442 -24.12784847652919
  endloop
endfacet
facet normal -0.840134 -0.539968 -0.0510723
  outer loop
    vertex -9.721432518334195 -5.007429782121664 -13.52840241835703
    vertex -9.147555385628092 -5.731466803253584 -15.31365083314083
    vertex -8.609777318698118 -6.72340523778592 -13.67265126217375
  endloop
endfacet
facet normal -0.402525 -0.90779 -0.117862
  outer loop
    vertex -2.939781762317749 -6.691296111831251 -59.60977893202016
    vertex -3.7678348434692 -6.111890775036755 -61.24444812345398
    vertex -1.977226344960068 -6.896328763007856 -61.3179315438252
  endloop
endfacet
facet normal -0.989999 -0.124807 -0.0657633
  outer loop
    vertex -7.393070820022137 9.053900515609807e-16 -58.5365853658537
    vertex -7.107390257458664 -1.70772071190232 -59.59626649709016
    vertex -7.213164966967396 -1.94172208364752 -57.55984440841078
  endloop
endfacet
facet normal 0.29751 -0.948656 -0.107424
  outer loop
    vertex 3.776085574762886 -8.793607308280572 -30.87511375295004
    vertex 2.881204420232068 -9.264960190395156 -29.19098628338992
    vertex 1.907350056952017 -9.374210337055443 -30.9232843920967
  endloop
endfacet
facet normal -0.498825 -0.858758 -0.117081
  outer loop
    vertex -4.627251637629117 -6.004898885983046 -56.14980201518983
    vertex -2.899080576529139 -6.9979351327247 -56.22903267157648
    vertex -3.794011160318659 -6.710674998900619 -54.52314977413047
  endloop
endfacet
facet normal 0.46103 -0.880037 -0.113959
  outer loop
    vertex 3.761130657193272 -7.330988587861139 -47.78157708644193
    vertex 2.850442857787071 -7.58808990075213 -49.48039339241936
    vertex 4.595904912921746 -6.686171737165962 -49.38395497600702
  endloop
endfacet
facet normal -0.546337 -0.836176 -0.048217
  outer loop
    vertex -5.57071388302264 -8.43404155247668 -24.04375588108832
    vertex -4.724767129802792 -9.081557510788647 -22.39983358965366
    vertex -6.445191335621209 -7.962772276764913 -22.3079418271881
  endloop
endfacet
facet normal 0.276073 -0.955264 -0.106083
  outer loop
    vertex 3.811522786752347 -9.642709391358016 -20.72787033626192
    vertex 2.866641242735411 -10.10119124049359 -19.05828063348173
    vertex 1.904012405116335 -10.18818322885067 -20.78009035465616
  endloop
endfacet
facet normal -0.467127 -0.877885 -0.105406
  outer loop
    vertex -5.57071388302264 -8.43404155247668 -24.04375588108832
    vertex -3.854654824975596 -9.335768258960389 -24.13868620323575
    vertex -4.724767129802792 -9.081557510788647 -22.39983358965366
  endloop
endfacet
facet normal -0.290179 -0.95559 -0.0514198
  outer loop
    vertex -3.854654824975596 -9.335768258960389 -24.13868620323575
    vertex -2.993640148935027 -9.504869000489197 -25.85509222227444
    vertex -1.994236327724331 -9.899287466841715 -24.16514608344194
  endloop
endfacet
facet normal 0.4362 -0.892716 -0.113079
  outer loop
    vertex 3.771254610701948 -7.918828340153014 -41.02850703512619
    vertex 2.852115461767447 -8.152893298729246 -42.72621283913587
    vertex 4.661248710944614 -7.279381997726439 -42.64356227444603
  endloop
endfacet
facet normal 0.954938 -0.292188 -0.052149
  outer loop
    vertex 7.19424800634932 -2.049346220125364 -57.42641925060338
    vertex 7.497454733712385 -1.384398720998676 -55.59984263024926
    vertex 6.993881459954839 -2.984590755859935 -55.85535324217474
  endloop
endfacet
facet normal -0.466774 -0.882862 -0.051739
  outer loop
    vertex -5.57071388302264 -8.43404155247668 -24.04375588108832
    vertex -4.799407391354337 -8.740210213549551 -25.77786620421314
    vertex -3.854654824975596 -9.335768258960389 -24.13868620323575
  endloop
endfacet
facet normal 0.180796 -0.982174 -0.0514562
  outer loop
    vertex 1.904012405116335 -10.18818322885067 -20.78009035465616
    vertex 2.866641242735411 -10.10119124049359 -19.05828063348173
    vertex 0.928098895777786 -10.45616083081575 -19.09400144192733
  endloop
endfacet
facet normal 0.55838 -0.828496 -0.0425036
  outer loop
    vertex 3.761130657193272 -7.330988587861139 -47.78157708644193
    vertex 4.595904912921746 -6.686171737165962 -49.38395497600702
    vertex 5.418547953697307 -6.220491326897131 -47.65390925596175
  endloop
endfacet
facet normal -0.486354 -0.872719 -0.0426713
  outer loop
    vertex -4.655750955113429 -6.315831740036218 -52.77669071750994
    vertex -3.794011160318659 -6.710674998900619 -54.52314977413047
    vertex -2.939827469225814 -7.268373201930586 -52.85275969500384
  endloop
endfacet
facet normal -0.208957 -0.971992 -0.107554
  outer loop
    vertex -2.014627973518918 -9.352099094097714 -30.91884842191738
    vertex -2.921756606998797 -8.968820136798575 -32.62025751649377
    vertex -1.020995729491009 -9.376982606594911 -32.62440728224158
  endloop
endfacet
facet normal -0.216125 -0.975219 -0.0473021
  outer loop
    vertex -1.015005921357935 -9.110062744706708 -36.00389193825929
    vertex -2.945771743442206 -8.684933973464423 -35.94695584368774
    vertex -2.010656071991864 -8.808370397093507 -37.67466919710407
  endloop
endfacet
facet normal -0.526066 -0.848806 -0.052747
  outer loop
    vertex -6.497202853342526 -8.597914331787942 -15.54319789751903
    vertex -5.678757608547504 -8.995914859511622 -17.3012356220248
    vertex -4.826913060979144 -9.627904023502902 -15.62702404344597
  endloop
endfacet
facet normal -0.923916 -0.368392 -0.103278
  outer loop
    vertex -4.987209404011382 -3.038451548268604 -78.27147717352786
    vertex -5.348836843041555 -2.745280205976863 -76.08213859927126
    vertex -5.754473749951302 -1.454714145992634 -77.05677740721335
  endloop
endfacet
facet normal 0.527509 -0.848346 -0.0451945
  outer loop
    vertex 3.771254610701948 -7.918828340153014 -41.02850703512619
    vertex 4.661248710944614 -7.279381997726439 -42.64356227444603
    vertex 5.467085459319818 -6.870746647238062 -40.9083477725486
  endloop
endfacet
facet normal 0.268874 -0.957401 -0.105309
  outer loop
    vertex 1.903237971271742 -10.45947673150783 -17.3919214808957
    vertex 3.811418301573043 -9.927567685576069 -17.35574748821442
    vertex 2.86154531502872 -10.37883977072566 -15.67827609348581
  endloop
endfacet
facet normal -0.194881 -0.975111 -0.105738
  outer loop
    vertex -2.027845842480684 -10.16446990099904 -20.77747524256447
    vertex -2.957884172981974 -9.793524440963518 -22.48420711492322
    vertex -1.03441994242136 -10.17825635322145 -22.48127152874861
  endloop
endfacet
facet normal 0.192596 -0.980064 -0.0487904
  outer loop
    vertex 1.914533971159006 -9.644403267154825 -27.53947211652968
    vertex 2.891420708024778 -9.536012620448556 -25.86055321054339
    vertex 0.9340401843739348 -9.920338230960157 -25.86712580066992
  endloop
endfacet
facet normal 0.186183 -0.976727 -0.106494
  outer loop
    vertex 0.9306667645078727 -10.18834218926811 -22.48032131151176
    vertex 2.872911804803398 -9.822116321262001 -22.44360539126195
    vertex 1.904012405116335 -10.18818322885067 -20.78009035465616
  endloop
endfacet
facet normal -0.992629 -0.0929555 -0.0777609
  outer loop
    vertex -9.23584249201329 1.131064494527319e-15 -35.12195121951227
    vertex -9.000267594946544 -1.6967128977054 -36.1008453134139
    vertex -9.145015323887437 -1.731525724496976 -34.211503787814
  endloop
endfacet
facet normal 0.507805 -0.85374 -0.115163
  outer loop
    vertex 2.872284252646355 -6.72151870754592 -59.59841827593584
    vertex 4.527855338694695 -5.74243802436412 -59.55650147490294
    vertex 3.776756998137774 -6.416247634771538 -57.87326213094752
  endloop
endfacet
facet normal -0.965167 -0.248903 -0.0806257
  outer loop
    vertex -9.938126036738559 -1.688004463614212 -24.39004657184982
    vertex -9.434586804533037 -3.3298800940633 -25.34919301613707
    vertex -9.598951056731496 -3.326479030393117 -23.39209594774309
  endloop
endfacet
facet normal 0.370597 -0.927396 -0.0509345
  outer loop
    vertex 2.872911804803398 -9.822116321262001 -22.44360539126195
    vertex 3.787342661610378 -9.364197726109442 -24.12784847652919
    vertex 4.704292467493896 -9.093496813955412 -22.38497694724407
  endloop
endfacet
facet normal -0.598634 -0.8 -0.0404605
  outer loop
    vertex -4.627251637629117 -6.004898885983046 -56.14980201518983
    vertex -3.794011160318659 -6.710674998900619 -54.52314977413047
    vertex -5.396809541238369 -5.516896809923876 -54.41275985329779
  endloop
endfacet
facet normal 0.275868 -0.959866 -0.0505476
  outer loop
    vertex 1.904012405116335 -10.18818322885067 -20.78009035465616
    vertex 2.872911804803398 -9.822116321262001 -22.44360539126195
    vertex 3.811522786752347 -9.642709391358016 -20.72787033626192
  endloop
endfacet
facet normal -0.88689 -0.450492 -0.102391
  outer loop
    vertex -10.01771991180455 -4.061033512425509 -15.12590499825652
    vertex -9.147555385628092 -5.731466803253584 -15.31365083314083
    vertex -9.721432518334195 -5.007429782121664 -13.52840241835703
  endloop
endfacet
facet normal 0.396282 -0.91729 -0.0392459
  outer loop
    vertex 1.925430200156049 -6.910470142635079 -61.32403796300805
    vertex 2.850560056635527 -6.439158608084368 -62.99854293666509
    vertex 3.72923460060923 -6.133816660894682 -61.26293490685324
  endloop
endfacet
facet normal -0.993382 -0.0831571 -0.0792308
  outer loop
    vertex -10.15722832800887 1.243901716010488e-15 -23.41463414634155
    vertex -9.938126036738559 -1.688004463614212 -24.39004657184982
    vertex -10.09450883328959 -1.689244931052953 -22.42804537246366
  endloop
endfacet
facet normal 0.921536 -0.383812 -0.0588185
  outer loop
    vertex 7.19424800634932 -2.049346220125364 -57.42641925060338
    vertex 6.518389547988931 -3.727854964677752 -57.0625299454703
    vertex 6.543893501260115 -3.445838320768179 -58.50320819019787
  endloop
endfacet
facet normal -0.920501 -0.382902 -0.0778699
  outer loop
    vertex -6.173239704688491 -1.667580468144856 -71.22454836555258
    vertex -5.60501529168739 -3.24259748036334 -70.19686578917536
    vertex -6.323750828688663 -1.709395606606606 -69.23973972840129
  endloop
endfacet
facet normal 0.180992 -0.977799 -0.105597
  outer loop
    vertex 0.928098895777786 -10.45616083081575 -19.09400144192733
    vertex 2.866641242735411 -10.10119124049359 -19.05828063348173
    vertex 1.903237971271742 -10.45947673150783 -17.3919214808957
  endloop
endfacet
facet normal 0.39125 -0.918963 -0.0493034
  outer loop
    vertex 4.695493498810881 -8.495116187917349 -29.14265187872527
    vertex 2.881204420232068 -9.264960190395156 -29.19098628338992
    vertex 3.776085574762886 -8.793607308280572 -30.87511375295004
  endloop
endfacet
facet normal 0.282025 -0.953519 -0.106126
  outer loop
    vertex 1.904676468562904 -9.916959794536281 -24.16450868720307
    vertex 3.787342661610378 -9.364197726109442 -24.12784847652919
    vertex 2.872911804803398 -9.822116321262001 -22.44360539126195
  endloop
endfacet
facet normal 0.443236 -0.895744 -0.0344025
  outer loop
    vertex 1.926815204747313 -6.076427572874715 -71.47742061615563
    vertex 2.834861288928017 -5.563366639987568 -73.13696442100493
    vertex 3.685733359279968 -5.20939284430137 -71.39094430183654
  endloop
endfacet
facet normal -0.258511 -0.965142 -0.0409092
  outer loop
    vertex -0.9989135263368841 -7.505020693450693 -56.27316032134419
    vertex -2.899080576529139 -6.9979351327247 -56.22903267157648
    vertex -1.995403223896935 -7.167475182620152 -57.93966638438049
  endloop
endfacet
facet normal 0.461848 -0.88553 -0.0503343
  outer loop
    vertex 4.704432596004739 -8.792813507389988 -25.76533451780148
    vertex 5.536917034768818 -8.45682339462787 -24.0378464205594
    vertex 3.787342661610378 -9.364197726109442 -24.12784847652919
  endloop
endfacet
facet normal 0.955686 -0.282996 -0.0811053
  outer loop
    vertex 7.626134282354412 -3.207151327165738 -47.355092227342
    vertex 8.110942998558587 -1.443889939619899 -47.79490406307315
    vertex 8.246687415285212 -1.523795956073968 -45.91657890634067
  endloop
endfacet
facet normal 0.396079 -0.910653 -0.117615
  outer loop
    vertex 1.925430200156049 -6.910470142635079 -61.32403796300805
    vertex 3.72923460060923 -6.133816660894682 -61.26293490685324
    vertex 2.872284252646355 -6.72151870754592 -59.59841827593584
  endloop
endfacet
facet normal -0.0067924 -0.998509 -0.0541616
  outer loop
    vertex 0.9026066940340247 -11.53121946699561 -5.508250161357121
    vertex -1.060143142519425 -11.51800646439037 -5.505693255719617
    vertex -0.07735833515570535 -11.43212894116808 -7.212160352692904
  endloop
endfacet
facet normal -0.711064 -0.695803 -0.101221
  outer loop
    vertex -8.04848236031571 -7.958521086428783 -8.654965579062278
    vertex -8.616433441873994 -7.137233401700952 -10.31080484368106
    vertex -7.297794084211419 -8.471093226867703 -10.4049850636354
  endloop
endfacet
facet normal -0.0956021 -0.989925 -0.104444
  outer loop
    vertex -2.022048660912052 -10.70799315129203 -14.01191853080089
    vertex -0.06226587984788345 -10.89647577161355 -14.01934431885918
    vertex -1.049467517100239 -10.98013958131711 -12.32274503437804
  endloop
endfacet
facet normal -0.965953 -0.246947 -0.0771481
  outer loop
    vertex -9.938126036738559 -1.688004463614212 -24.39004657184982
    vertex -9.598951056731496 -3.326479030393117 -23.39209594774309
    vertex -10.09450883328959 -1.689244931052953 -22.42804537246366
  endloop
endfacet
facet normal -0.0941138 -0.994144 -0.0531156
  outer loop
    vertex -2.031006054150938 -10.97880151444288 -10.60863209322958
    vertex -1.049467517100239 -10.98013958131711 -12.32274503437804
    vertex -0.06867933366619527 -11.16393755269836 -10.62049641763204
  endloop
endfacet
facet normal -0.990039 -0.117271 -0.0779177
  outer loop
    vertex -7.239506514022874 8.865838479804526e-16 -60.48780487804882
    vertex -7.107390257458664 -1.70772071190232 -59.59626649709016
    vertex -7.393070820022137 9.053900515609807e-16 -58.5365853658537
  endloop
endfacet
facet normal -0.376299 -0.919392 -0.114533
  outer loop
    vertex -2.939827469225814 -7.268373201930586 -52.85275969500384
    vertex -3.794011160318659 -6.710674998900619 -54.52314977413047
    vertex -1.986385538259937 -7.445031550844472 -54.56721504000567
  endloop
endfacet
facet normal 0.946145 -0.307698 -0.100659
  outer loop
    vertex 7.811261537554213 -3.448404032458318 -43.9815493208032
    vertex 8.347740456662374 -1.825717316003958 -43.89920172225511
    vertex 8.168591549764509 -2.930189186575188 -42.20692817962458
  endloop
endfacet
facet normal -0.792351 -0.601182 -0.103733
  outer loop
    vertex -8.609777318698118 -6.72340523778592 -13.67265126217375
    vertex -9.147555385628092 -5.731466803253584 -15.31365083314083
    vertex -7.953594314481975 -7.284746209430947 -15.43157985729964
  endloop
endfacet
facet normal -0.986321 -0.133832 -0.0962334
  outer loop
    vertex -6.778813596025086 8.30165237238868e-16 -66.34146341463418
    vertex -6.430291318701795 -1.902978410408361 -67.2670862500058
    vertex -6.647358951875641 -1.682111332826197 -65.34946506717731
  endloop
endfacet
facet normal -0.276979 -0.95353 -0.11859
  outer loop
    vertex -1.977226344960068 -6.896328763007856 -61.3179315438252
    vertex -2.884936451196547 -6.424256960413018 -62.99359945690605
    vertex -0.9942330135372509 -6.968739673811875 -63.03159092160636
  endloop
endfacet
facet normal -0.187226 -0.980965 -0.0515225
  outer loop
    vertex -1.038132635211884 -10.71355345893961 -15.70826220638023
    vertex -2.986132423116751 -10.3427148403568 -15.69009014394134
    vertex -2.006096465683667 -10.44065038564944 -17.38676126049488
  endloop
endfacet
facet normal -0.354872 -0.933427 -0.0527232
  outer loop
    vertex -2.98928329997341 -10.61992868383272 -12.29173073735471
    vertex -4.836082475947452 -9.920734973577634 -12.23992775416506
    vertex -3.920272327487797 -10.17117980476863 -13.97016117404502
  endloop
endfacet
facet normal -0.0923978 -0.990375 -0.103054
  outer loop
    vertex -0.07735833515570535 -11.43212894116808 -7.212160352692904
    vertex -1.060143142519425 -11.51800646439037 -5.505693255719617
    vertex -2.037253777515971 -11.24983135989898 -7.206852222448851
  endloop
endfacet
facet normal -0.977499 -0.201915 -0.0610422
  outer loop
    vertex -10.25822076430781 -2.985184810965237 -16.72459696400665
    vertex -10.61659576250266 -1.294188371346967 -16.57921864934882
    vertex -10.36670491767717 -1.917915794151924 -18.51768707735971
  endloop
endfacet
facet normal -0.720575 -0.692637 -0.0320203
  outer loop
    vertex -3.690177099289559 -4.87909593104393 -74.74510314902794
    vertex -5.075626329450541 -3.449012242717415 -74.50175907898729
    vertex -4.26264946350551 -4.20893216982925 -76.3587855688229
  endloop
endfacet
facet normal -0.258614 -0.958994 -0.115974
  outer loop
    vertex -1.986385538259937 -7.445031550844472 -54.56721504000567
    vertex -2.899080576529139 -6.9979351327247 -56.22903267157648
    vertex -0.9989135263368841 -7.505020693450693 -56.27316032134419
  endloop
endfacet
facet normal 0.870233 -0.481691 -0.10329
  outer loop
    vertex 9.152210839603814 -6.215717943651651 -11.90103720553691
    vertex 10.11895243415679 -4.506045356643515 -11.72913802067566
    vertex 9.72118428535522 -5.56840115172532 -10.1261043898532
  endloop
endfacet
facet normal -0.441183 -0.891312 -0.104504
  outer loop
    vertex -3.920272327487797 -10.17117980476863 -13.97016117404502
    vertex -4.836082475947452 -9.920734973577634 -12.23992775416506
    vertex -5.694566173028016 -9.30170249312593 -13.89539353523008
  endloop
endfacet
facet normal 0.351439 -0.93474 -0.0524594
  outer loop
    vertex 2.86154531502872 -10.37883977072566 -15.67827609348581
    vertex 3.811418301573043 -9.927567685576069 -17.35574748821442
    vertex 4.701609159771122 -9.690229963984457 -15.62109004183906
  endloop
endfacet
facet normal -0.988308 -0.131179 -0.0777086
  outer loop
    vertex -6.47168498402656 7.925528300778116e-16 -70.24390243902442
    vertex -6.173239704688491 -1.667580468144856 -71.22454836555258
    vertex -6.323750828688663 -1.709395606606606 -69.23973972840129
  endloop
endfacet
facet normal 0.871523 -0.487422 -0.0535502
  outer loop
    vertex 9.62370240144258 -5.196076388749511 -13.50850291470577
    vertex 10.11895243415679 -4.506045356643515 -11.72913802067566
    vertex 9.152210839603814 -6.215717943651651 -11.90103720553691
  endloop
endfacet
facet normal -0.337631 -0.940156 -0.0459625
  outer loop
    vertex -3.879429360175922 -7.868139471451715 -41.00867132656933
    vertex -2.954424134620912 -8.116337148513884 -42.72671379357413
    vertex -2.025034802009038 -8.531759064063293 -41.05641536182812
  endloop
endfacet
facet normal -0.509151 -0.859362 -0.047562
  outer loop
    vertex -5.580896996956303 -7.452334542372768 -34.17450367759687
    vertex -4.73568930833785 -7.857138263542363 -35.90835859625704
    vertex -3.873379658569392 -8.459663035814723 -34.25281929202009
  endloop
endfacet
facet normal 0.479412 -0.876495 -0.0438242
  outer loop
    vertex 2.90169887159616 -7.284253381457031 -52.84597840155951
    vertex 3.761030488546131 -6.731812468157749 -54.49433461996963
    vertex 4.592236580069297 -6.363999393936924 -52.75776403929863
  endloop
endfacet
facet normal -0.986402 -0.1389 -0.0878502
  outer loop
    vertex -6.164556372028035 7.549404229167553e-16 -74.14634146341466
    vertex -5.834524941781924 -1.746037033051814 -75.09134721347708
    vertex -6.015700324441146 -1.653230770619635 -73.20380450899368
  endloop
endfacet
facet normal -0.607069 -0.787778 -0.104274
  outer loop
    vertex -7.232908344717751 -7.814097065616626 -17.18166940387566
    vertex -5.678757608547504 -8.995914859511622 -17.3012356220248
    vertex -6.497202853342526 -8.597914331787942 -15.54319789751903
  endloop
endfacet
facet normal -0.99262 -0.0927466 -0.0781209
  outer loop
    vertex -9.082278186014028 1.112258290946791e-15 -37.07317073170739
    vertex -9.000267594946544 -1.6967128977054 -36.1008453134139
    vertex -9.23584249201329 1.131064494527319e-15 -35.12195121951227
  endloop
endfacet
facet normal 0.567588 -0.8218 -0.0498868
  outer loop
    vertex 4.695493498810881 -8.495116187917349 -29.14265187872527
    vertex 5.522314706363359 -7.823758565064267 -30.79494299658043
    vertex 6.307589803528028 -7.387509315623628 -29.04691573051958
  endloop
endfacet
facet normal -0.3547 -0.929163 -0.104138
  outer loop
    vertex -3.93014978793493 -10.45381674699401 -10.56920842674803
    vertex -4.836082475947452 -9.920734973577634 -12.23992775416506
    vertex -2.98928329997341 -10.61992868383272 -12.29173073735471
  endloop
endfacet
facet normal 0.628078 -0.769225 -0.117519
  outer loop
    vertex 5.248232359046685 -4.910267085403953 -61.15346353389123
    vertex 4.527855338694695 -5.74243802436412 -59.55650147490294
    vertex 3.72923460060923 -6.133816660894682 -61.26293490685324
  endloop
endfacet
facet normal -0.451354 -0.886162 -0.104862
  outer loop
    vertex -4.826913060979144 -9.627904023502902 -15.62702404344597
    vertex -5.678757608547504 -8.995914859511622 -17.3012356220248
    vertex -3.921805700829255 -9.884826495310989 -17.35165804413868
  endloop
endfacet
facet normal -0.730508 -0.673817 -0.111038
  outer loop
    vertex -4.527994382517789 -5.403688651224265 -62.89563759662859
    vertex -5.274010742372162 -4.883914744161411 -61.14184307405249
    vertex -5.738679570035201 -4.113447537859868 -62.76028849933262
  endloop
endfacet
facet normal -0.993414 -0.0837665 -0.0781833
  outer loop
    vertex -10.00366402200961 1.22509551242996e-15 -25.36585365853667
    vertex -9.938126036738559 -1.688004463614212 -24.39004657184982
    vertex -10.15722832800887 1.243901716010488e-15 -23.41463414634155
  endloop
endfacet
facet normal -0.859028 -0.49596 -0.12686
  outer loop
    vertex -4.369412903269291 -3.66637275559451 -80
    vertex -4.987209404011382 -3.038451548268604 -78.27147717352786
    vertex -5.359878397722647 -1.950836196057469 -80
  endloop
endfacet
facet normal -0.633028 -0.773087 -0.0401524
  outer loop
    vertex -3.7678348434692 -6.111890775036755 -61.24444812345398
    vertex -5.274010742372162 -4.883914744161411 -61.14184307405249
    vertex -4.527994382517789 -5.403688651224265 -62.89563759662859
  endloop
endfacet
facet normal 0.540534 -0.839764 -0.0511796
  outer loop
    vertex 4.704292467493896 -9.093496813955412 -22.38497694724407
    vertex 5.536917034768818 -8.45682339462787 -24.0378464205594
    vertex 6.353668239856514 -8.037369313512141 -22.29419247011465
  endloop
endfacet
facet normal 0.515145 -0.850695 -0.104612
  outer loop
    vertex 4.701609159771122 -9.690229963984457 -15.62109004183906
    vertex 6.391680714530026 -8.677709164594246 -15.53232584053241
    vertex 5.57600237839462 -9.374163946513747 -13.88549175630346
  endloop
endfacet
facet normal -0.994128 -0.085205 -0.0667038
  outer loop
    vertex -10.46435694000739 1.281514123171545e-15 -19.51219512195132
    vertex -10.25718756236053 -1.618014146722242 -20.532975722541
    vertex -10.36670491767717 -1.917915794151924 -18.51768707735971
  endloop
endfacet
facet normal 0.27234 -0.9549 -0.118307
  outer loop
    vertex 0.9652301543335055 -6.972907435295646 -63.03043983424279
    vertex 2.850560056635527 -6.439158608084368 -62.99854293666509
    vertex 1.925430200156049 -6.910470142635079 -61.32403796300805
  endloop
endfacet
facet normal -0.277236 -0.960059 -0.0377814
  outer loop
    vertex -2.884936451196547 -6.424256960413018 -62.99359945690605
    vertex -1.942114703918431 -6.629349461688355 -64.70034416934851
    vertex -0.9942330135372509 -6.968739673811875 -63.03159092160636
  endloop
endfacet
facet normal 0.818645 -0.571765 -0.0539031
  outer loop
    vertex 9.72118428535522 -5.56840115172532 -10.1261043898532
    vertex 8.592463152390884 -7.170385294896883 -10.27570497601671
    vertex 9.152210839603814 -6.215717943651651 -11.90103720553691
  endloop
endfacet
facet normal -0.00599156 -0.994566 -0.103935
  outer loop
    vertex -1.049467517100239 -10.98013958131711 -12.32274503437804
    vertex 0.915624749129288 -10.9925180435657 -12.31757614705794
    vertex -0.06867933366619527 -11.16393755269836 -10.62049641763204
  endloop
endfacet
facet normal -0.363042 -0.930324 -0.0519363
  outer loop
    vertex -2.986132423116751 -10.3427148403568 -15.69009014394134
    vertex -4.826913060979144 -9.627904023502902 -15.62702404344597
    vertex -3.921805700829255 -9.884826495310989 -17.35165804413868
  endloop
endfacet
facet normal -0.441219 -0.895873 -0.052315
  outer loop
    vertex -5.694566173028016 -9.30170249312593 -13.89539353523008
    vertex -4.826913060979144 -9.627904023502902 -15.62702404344597
    vertex -3.920272327487797 -10.17117980476863 -13.97016117404502
  endloop
endfacet
facet normal -0.183189 -0.977547 -0.104135
  outer loop
    vertex -2.98928329997341 -10.61992868383272 -12.29173073735471
    vertex -1.049467517100239 -10.98013958131711 -12.32274503437804
    vertex -2.031006054150938 -10.97880151444288 -10.60863209322958
  endloop
endfacet
facet normal 0.269063 -0.961759 -0.0512301
  outer loop
    vertex 2.866641242735411 -10.10119124049359 -19.05828063348173
    vertex 3.811418301573043 -9.927567685576069 -17.35574748821442
    vertex 1.903237971271742 -10.45947673150783 -17.3919214808957
  endloop
endfacet
facet normal 0.914823 -0.390443 -0.10321
  outer loop
    vertex 10.40749007096914 -3.40712713821731 -13.32882970355237
    vertex 10.11895243415679 -4.506045356643515 -11.72913802067566
    vertex 9.62370240144258 -5.196076388749511 -13.50850291470577
  endloop
endfacet
facet normal -0.272764 -0.956399 -0.104408
  outer loop
    vertex -2.98928329997341 -10.61992868383272 -12.29173073735471
    vertex -3.920272327487797 -10.17117980476863 -13.97016117404502
    vertex -2.022048660912052 -10.70799315129203 -14.01191853080089
  endloop
endfacet
facet normal -0.183133 -0.981674 -0.0527164
  outer loop
    vertex -2.022048660912052 -10.70799315129203 -14.01191853080089
    vertex -1.049467517100239 -10.98013958131711 -12.32274503437804
    vertex -2.98928329997341 -10.61992868383272 -12.29173073735471
  endloop
endfacet
facet normal -0.363109 -0.925825 -0.104878
  outer loop
    vertex -3.920272327487797 -10.17117980476863 -13.97016117404502
    vertex -4.826913060979144 -9.627904023502902 -15.62702404344597
    vertex -2.986132423116751 -10.3427148403568 -15.69009014394134
  endloop
endfacet
facet normal -0.18692 -0.976724 -0.105216
  outer loop
    vertex -1.038132635211884 -10.71355345893961 -15.70826220638023
    vertex -2.022048660912052 -10.70799315129203 -14.01191853080089
    vertex -2.986132423116751 -10.3427148403568 -15.69009014394134
  endloop
endfacet
facet normal 0.295355 -0.954733 -0.0353531
  outer loop
    vertex 1.926815204747313 -6.076427572874715 -71.47742061615563
    vertex 2.844938321261801 -5.856572033503365 -69.74436849556147
    vertex 0.9730166036219197 -6.433738381295075 -69.79645005345566
  endloop
endfacet
facet normal 0.706382 -0.705806 -0.0535041
  outer loop
    vertex 7.90424166333881 -7.725820905340774 -12.0347669937064
    vertex 8.592463152390884 -7.170385294896883 -10.27570497601671
    vertex 7.197807744541192 -8.556837995433851 -10.39890895002858
  endloop
endfacet
facet normal -0.910544 -0.407176 -0.071536
  outer loop
    vertex -8.851345793005132 -4.836206717676466 -24.31474908447856
    vertex -8.913896080805676 -5.045942328967414 -22.32478415217107
    vertex -9.598951056731496 -3.326479030393117 -23.39209594774309
  endloop
endfacet
facet normal 0.515243 -0.855451 -0.0522255
  outer loop
    vertex 4.701609159771122 -9.690229963984457 -15.62109004183906
    vertex 5.568900673818356 -9.067133540612961 -17.27090592437521
    vertex 6.391680714530026 -8.677709164594246 -15.53232584053241
  endloop
endfacet
facet normal -0.842653 -0.527845 -0.106378
  outer loop
    vertex -7.514037435881954 -4.819987647774829 -39.0449498356861
    vertex -7.895781715946294 -3.887925955045962 -40.64589570714996
    vertex -6.907635855389293 -5.433957675687763 -40.80193066405496
  endloop
endfacet
facet normal 0.430137 -0.901231 -0.0525814
  outer loop
    vertex 4.701609159771122 -9.690229963984457 -15.62109004183906
    vertex 5.57600237839462 -9.374163946513747 -13.88549175630346
    vertex 3.79825379385922 -10.21845294633633 -13.95729371203319
  endloop
endfacet
facet normal -0.723145 -0.679493 -0.123896
  outer loop
    vertex -3.690177099289559 -4.87909593104393 -74.74510314902794
    vertex -4.397740433172881 -4.453005871999892 -72.95210606683615
    vertex -5.075626329450541 -3.449012242717415 -74.50175907898729
  endloop
endfacet
facet normal -0.52904 -0.840501 -0.11694
  outer loop
    vertex -2.884936451196547 -6.424256960413018 -62.99359945690605
    vertex -3.7678348434692 -6.111890775036755 -61.24444812345398
    vertex -4.527994382517789 -5.403688651224265 -62.89563759662859
  endloop
endfacet
facet normal -0.431646 -0.900469 -0.0532593
  outer loop
    vertex -5.707165911715427 -9.60594824737038 -10.50231376775431
    vertex -4.836082475947452 -9.920734973577634 -12.23992775416506
    vertex -3.93014978793493 -10.45381674699401 -10.56920842674803
  endloop
endfacet
facet normal 0.171004 -0.979771 -0.103954
  outer loop
    vertex 1.890409293959715 -11.00442182975111 -10.6018730242243
    vertex 0.915624749129288 -10.9925180435657 -12.31757614705794
    vertex 2.853065122877751 -10.65806286713987 -12.28275657499178
  endloop
endfacet
facet normal -0.445591 -0.888255 -0.111587
  outer loop
    vertex -3.879429360175922 -7.868139471451715 -41.00867132656933
    vertex -4.725118429649592 -7.236800551566676 -42.65724513804359
    vertex -2.954424134620912 -8.116337148513884 -42.72671379357413
  endloop
endfacet
facet normal -0.603256 -0.789977 -0.109635
  outer loop
    vertex -6.316775041080494 -6.663670148715065 -35.80814493464766
    vertex -4.73568930833785 -7.857138263542363 -35.90835859625704
    vertex -5.580896996956303 -7.452334542372768 -34.17450367759687
  endloop
endfacet
facet normal -0.584088 -0.802918 -0.119011
  outer loop
    vertex -2.82360480108894 -5.566686161748239 -73.16418448183205
    vertex -3.568153357909934 -5.295477811566892 -71.3397890144126
    vertex -4.397740433172881 -4.453005871999892 -72.95210606683615
  endloop
endfacet
facet normal 0.836988 -0.536963 -0.105462
  outer loop
    vertex 6.85781841443476 -5.498754673962248 -40.7855610373703
    vertex 7.848212133560748 -3.988176897751856 -40.61655511866126
    vertex 7.455089589674195 -4.913472229372708 -39.02535894204212
  endloop
endfacet
facet normal 0.00561054 -0.991581 -0.129364
  outer loop
    vertex 1.061143071395232 -5.876226766846867 -76.60227744453906
    vertex -0.001162364219066134 -6.106642429798851 -74.88220646483798
    vertex -0.99042446236385 -5.889699372352699 -76.58798609609146
  endloop
endfacet
facet normal 0.654546 -0.748372 -0.107276
  outer loop
    vertex 6.307589803528028 -7.387509315623628 -29.04691573051958
    vertex 5.522314706363359 -7.823758565064267 -30.79494299658043
    vertex 7.001697454797919 -6.547234997673629 -30.67366806617751
  endloop
endfacet
facet normal 0.70582 -0.700811 -0.103354
  outer loop
    vertex 7.197807744541192 -8.556837995433851 -10.39890895002858
    vertex 8.592463152390884 -7.170385294896883 -10.27570497601671
    vertex 7.943990688790551 -8.063747173478125 -8.646613692157667
  endloop
endfacet
facet normal -0.972756 -0.217872 -0.0792355
  outer loop
    vertex -11.34617975870307 -1.638683600799 -6.811754324079796
    vertex -11.03916560088071 -3.367730221429015 -5.826586564414654
    vertex -11.49297725181298 -1.686094940480524 -4.879190134010766
  endloop
endfacet
facet normal -0.170247 -0.977023 -0.12823
  outer loop
    vertex -6.257350182880614e-15 -5.837758709517444 -78.29869947057736
    vertex -0.99042446236385 -5.889699372352699 -76.58798609609146
    vertex -1.96973188075882 -5.496965897341923 -78.28014555995739
  endloop
endfacet
facet normal -0.160921 -0.979002 -0.125135
  outer loop
    vertex -0.001162364219066134 -6.106642429798851 -74.88220646483798
    vertex -0.9814714590611714 -6.162726641669646 -73.18276499298703
    vertex -1.949880232068542 -5.788169299191125 -74.86779504098089
  endloop
endfacet
facet normal 0.525487 -0.842607 -0.117797
  outer loop
    vertex 3.72923460060923 -6.133816660894682 -61.26293490685324
    vertex 2.850560056635527 -6.439158608084368 -62.99854293666509
    vertex 4.510357530203176 -5.418409824790739 -62.89572238377936
  endloop
endfacet
facet normal 0.443648 -0.887802 -0.122406
  outer loop
    vertex 3.685733359279968 -5.20939284430137 -71.39094430183654
    vertex 2.844938321261801 -5.856572033503365 -69.74436849556147
    vertex 1.926815204747313 -6.076427572874715 -71.47742061615563
  endloop
endfacet
facet normal -0.904025 -0.414124 -0.106025
  outer loop
    vertex -6.617239307187956 -3.992551237767176 -54.27569683688157
    vertex -7.129519085497052 -3.326960120225553 -52.50746261350879
    vertex -7.345149330304126 -2.405578688556912 -54.26771832738179
  endloop
endfacet
facet normal -0.967891 -0.245103 -0.0557727
  outer loop
    vertex -11.8363356408327 -1.97513508336881 0
    vertex -11.43844214552317 -3.166902909789558 -1.667686056092427
    vertex -11.34980690040765 -3.896393630456211 0
  endloop
endfacet
facet normal -0.161435 -0.98637 -0.031824
  outer loop
    vertex -0.001162364219066134 -6.106642429798851 -74.88220646483798
    vertex -1.949880232068542 -5.788169299191125 -74.86779504098089
    vertex -0.99042446236385 -5.889699372352699 -76.58798609609146
  endloop
endfacet
facet normal -0.755004 -0.653583 -0.0528993
  outer loop
    vertex -7.199471906515171 -7.479695532949233 -20.56334083951213
    vertex -8.462237736785804 -6.031213574301 -20.43687115037757
    vertex -7.848390762927369 -6.598408284992174 -22.19016768574138
  endloop
endfacet
facet normal 0.624373 -0.773859 -0.106305
  outer loop
    vertex 6.353668239856514 -8.037369313512141 -22.29419247011465
    vertex 5.536917034768818 -8.45682339462787 -24.0378464205594
    vertex 7.077968984490011 -7.228772928182009 -23.9263398993339
  endloop
endfacet
facet normal 0.307962 -0.950814 -0.0333478
  outer loop
    vertex 1.929391202056919 -5.796600798967859 -74.84887206896737
    vertex 2.834861288928017 -5.563366639987568 -73.13696442100493
    vertex 0.978540825945509 -6.162866255239333 -73.18686102175751
  endloop
endfacet
facet normal 0.00637882 -0.999624 -0.0266575
  outer loop
    vertex -6.257350182880614e-15 -5.837758709517444 -78.29869947057736
    vertex 1.061143071395232 -5.876226766846867 -76.60227744453906
    vertex -0.99042446236385 -5.889699372352699 -76.58798609609146
  endloop
endfacet
facet normal 0.307978 -0.94339 -0.123141
  outer loop
    vertex 0.978540825945509 -6.162866255239333 -73.18686102175751
    vertex 2.834861288928017 -5.563366639987568 -73.13696442100493
    vertex 1.926815204747313 -6.076427572874715 -71.47742061615563
  endloop
endfacet
facet normal -0.170673 -0.984921 -0.0283187
  outer loop
    vertex -6.257350182880614e-15 -5.837758709517444 -78.29869947057736
    vertex -1.96973188075882 -5.496965897341923 -78.28014555995739
    vertex -0.9904654944533653 -5.617208951651978 -80
  endloop
endfacet
facet normal 0.430093 -0.896742 -0.104282
  outer loop
    vertex 3.79825379385922 -10.21845294633633 -13.95729371203319
    vertex 5.57600237839462 -9.374163946513747 -13.88549175630346
    vertex 4.707667854033169 -9.983252685852479 -12.22910930513843
  endloop
endfacet
facet normal 0.771184 -0.628163 -0.103374
  outer loop
    vertex 9.152210839603814 -6.215717943651651 -11.90103720553691
    vertex 8.592463152390884 -7.170385294896883 -10.27570497601671
    vertex 7.90424166333881 -7.725820905340774 -12.0347669937064
  endloop
endfacet
facet normal 0.501224 -0.864879 -0.0275349
  outer loop
    vertex 3.752438966817512 -4.471982619695269 -78.29869947057706
    vertex 2.012053268759725 -5.48091418155705 -78.28852273602645
    vertex 2.851931727015124 -4.939690650907847 -80
  endloop
endfacet
facet normal -0.000328809 -0.992343 -0.123516
  outer loop
    vertex 0.978540825945509 -6.162866255239333 -73.18686102175751
    vertex -0.00786224249120383 -6.373376379516886 -71.49297007705435
    vertex -0.9814714590611714 -6.162726641669646 -73.18276499298703
  endloop
endfacet
facet normal -0.637527 -0.759775 -0.127676
  outer loop
    vertex -2.851931727015126 -4.939690650907846 -80
    vertex -3.705616043154279 -4.513316772483015 -78.27455256353382
    vertex -4.369412903269291 -3.66637275559451 -80
  endloop
endfacet
facet normal -0.835913 -0.546129 -0.0547045
  outer loop
    vertex -10.5536850144779 -5.711368716444892 0
    vertex -9.933080958849111 -6.489605682968782 -1.713809338896473
    vertex -9.469686112756751 -7.370552552276027 0
  endloop
endfacet
facet normal -0.781397 -0.620221 -0.0688891
  outer loop
    vertex -9.59878744410338 -6.424978393850496 -5.709779323084695
    vertex -9.32658901146489 -6.554531283128633 -7.630888131209319
    vertex -8.460458558099333 -7.756647177409253 -6.632389548305452
  endloop
endfacet
facet normal -0.00615132 -0.998585 -0.0528221
  outer loop
    vertex -1.049467517100239 -10.98013958131711 -12.32274503437804
    vertex -0.06226587984788345 -10.89647577161355 -14.01934431885918
    vertex 0.915624749129288 -10.9925180435657 -12.31757614705794
  endloop
endfacet
facet normal 0.835927 -0.546138 -0.0544021
  outer loop
    vertex 9.46968611275677 -7.370552552276002 0
    vertex 9.860201850912576 -6.607577982903214 -1.658889211483101
    vertex 10.55368501447792 -5.711368716444857 0
  endloop
endfacet
facet normal 0.929017 -0.356779 -0.0981663
  outer loop
    vertex 10.87829428662443 -3.257743846781029 -8.187581703327227
    vertex 10.68995783962609 -4.192867238171243 -6.571295854037034
    vertex 10.2324911454707 -4.894193344831931 -8.351698617007417
  endloop
endfacet
facet normal 0.0815425 -0.995247 -0.0532339
  outer loop
    vertex -0.06867933366619527 -11.16393755269836 -10.62049641763204
    vertex 0.915624749129288 -10.9925180435657 -12.31757614705794
    vertex 1.890409293959715 -11.00442182975111 -10.6018730242243
  endloop
endfacet
facet normal -0.00014029 -0.999453 -0.0330644
  outer loop
    vertex -0.001162364219066134 -6.106642429798851 -74.88220646483798
    vertex 0.978540825945509 -6.162866255239333 -73.18686102175751
    vertex -0.9814714590611714 -6.162726641669646 -73.18276499298703
  endloop
endfacet
facet normal -0.375391 -0.925375 -0.0525586
  outer loop
    vertex -4.724767129802792 -9.081557510788647 -22.39983358965366
    vertex -3.854654824975596 -9.335768258960389 -24.13868620323575
    vertex -2.957884172981974 -9.793524440963518 -22.48420711492322
  endloop
endfacet
facet normal 0.894116 -0.444489 -0.0546488
  outer loop
    vertex 10.2324911454707 -4.894193344831931 -8.351698617007417
    vertex 10.68995783962609 -4.192867238171243 -6.571295854037034
    vertex 9.809165615614557 -5.943537153769388 -6.742893992766096
  endloop
endfacet
facet normal 0.840507 -0.538654 -0.0583088
  outer loop
    vertex 8.996279847852129 -5.476335796800782 -18.65253913261078
    vertex 9.443087889946815 -4.971327454091783 -16.87716081152889
    vertex 8.475017194499991 -6.464237592236149 -17.04021077464522
  endloop
endfacet
facet normal 0.637454 -0.759688 -0.12856
  outer loop
    vertex 4.369412903269297 -3.666372755594505 -80
    vertex 3.752438966817512 -4.471982619695269 -78.29869947057706
    vertex 2.851931727015124 -4.939690650907847 -80
  endloop
endfacet
facet normal 0.622863 -0.780491 -0.0536228
  outer loop
    vertex 7.224206539747089 -8.881362020821248 -7.007694314420259
    vertex 7.989368247485532 -8.390760300474609 -5.260660800915105
    vertex 6.427746925424731 -9.630500116403907 -5.355225910741039
  endloop
endfacet
facet normal -0.154646 -0.980291 -0.122941
  outer loop
    vertex -0.00786224249120383 -6.373376379516886 -71.49297007705435
    vertex -0.9911791772519509 -6.430874607160921 -69.79758898530145
    vertex -1.949716323761288 -6.069368381896207 -71.47439350178145
  endloop
endfacet
facet normal -8.89287e-16 -0.991702 -0.12856
  outer loop
    vertex 0.9904654944533532 -5.61720895165198 -80
    vertex -6.257350182880614e-15 -5.837758709517444 -78.29869947057736
    vertex -0.9904654944533653 -5.617208951651978 -80
  endloop
endfacet
facet normal 0.89494 -0.434454 -0.101648
  outer loop
    vertex 9.864805497454773 -3.727695446938748 -18.47965024701361
    vertex 9.443087889946815 -4.971327454091783 -16.87716081152889
    vertex 8.996279847852129 -5.476335796800782 -18.65253913261078
  endloop
endfacet
facet normal 0.903927 -0.415168 -0.102724
  outer loop
    vertex 9.72118428535522 -5.56840115172532 -10.1261043898532
    vertex 10.5544474080866 -3.797738117337075 -9.950042424727908
    vertex 10.2324911454707 -4.894193344831931 -8.351698617007417
  endloop
endfacet
facet normal 0.857915 -0.503439 -0.102625
  outer loop
    vertex 9.226089971653428 -6.576405746074658 -8.512625205885726
    vertex 10.2324911454707 -4.894193344831931 -8.351698617007417
    vertex 9.809165615614557 -5.943537153769388 -6.742893992766096
  endloop
endfacet
facet normal -0.391121 -0.912983 -0.116133
  outer loop
    vertex -1.995403223896935 -7.167475182620152 -57.93966638438049
    vertex -2.899080576529139 -6.9979351327247 -56.22903267157648
    vertex -3.798845753558676 -6.402852505029199 -57.87699787260389
  endloop
endfacet
facet normal -0.267088 -0.962208 -0.0530963
  outer loop
    vertex -3.93014978793493 -10.45381674699401 -10.56920842674803
    vertex -2.98928329997341 -10.61992868383272 -12.29173073735471
    vertex -2.031006054150938 -10.97880151444288 -10.60863209322958
  endloop
endfacet
facet normal 0.410654 -0.910195 -0.0539309
  outer loop
    vertex 5.592984677526676 -9.980942185581657 -7.100434285601818
    vertex 3.797821495940781 -10.78696479300717 -7.16632082564664
    vertex 4.711855636702222 -10.275299016867 -8.841867605707257
  endloop
endfacet
facet normal -0.00137638 -0.992534 -0.121964
  outer loop
    vertex 0.9730166036219197 -6.433738381295075 -69.79645005345566
    vertex -0.01036193094481162 -6.63963829407992 -68.10975055939136
    vertex -0.9911791772519509 -6.430874607160921 -69.79758898530145
  endloop
endfacet
facet normal -0.656938 -0.746842 -0.103243
  outer loop
    vertex -7.297794084211419 -8.471093226867703 -10.4049850636354
    vertex -7.99250792166975 -7.633366835630015 -12.04446570914228
    vertex -6.520603478905715 -8.912784382657479 -12.15515146537663
  endloop
endfacet
facet normal -0.582133 -0.811315 -0.0537534
  outer loop
    vertex -7.297794084211419 -8.471093226867703 -10.4049850636354
    vertex -6.520603478905715 -8.912784382657479 -12.15515146537663
    vertex -5.707165911715427 -9.60594824737038 -10.50231376775431
  endloop
endfacet
facet normal -0.154899 -0.987351 -0.033835
  outer loop
    vertex -0.00786224249120383 -6.373376379516886 -71.49297007705435
    vertex -1.949716323761288 -6.069368381896207 -71.47439350178145
    vertex -0.9814714590611714 -6.162726641669646 -73.18276499298703
  endloop
endfacet
facet normal -0.727374 -0.678408 -0.103391
  outer loop
    vertex -7.99250792166975 -7.633366835630015 -12.04446570914228
    vertex -8.609777318698118 -6.72340523778592 -13.67265126217375
    vertex -7.272753147529784 -8.137788070203218 -13.79827647890317
  endloop
endfacet
facet normal -0.947848 -0.300224 -0.107001
  outer loop
    vertex -10.59920179871226 -3.665426287210999 -9.973122401457557
    vertex -10.84102880919841 -2.31161827997601 -11.62946727940946
    vertex -10.17195939183611 -4.380827231433635 -11.75049733364301
  endloop
endfacet
facet normal -0.41094 -0.910819 -0.0392014
  outer loop
    vertex -2.870858663550365 -6.138513284358552 -66.36877677236045
    vertex -1.942114703918431 -6.629349461688355 -64.70034416934851
    vertex -3.706883623013744 -5.836528965167368 -64.62131260374348
  endloop
endfacet
facet normal -0.754163 -0.648373 -0.104172
  outer loop
    vertex -7.902692979630499 -6.943028509738727 -18.81255014363705
    vertex -8.462237736785804 -6.031213574301 -20.43687115037757
    vertex -7.199471906515171 -7.479695532949233 -20.56334083951213
  endloop
endfacet
facet normal 0.613293 -0.787959 -0.0547045
  outer loop
    vertex 6.563377897469162 -10.04599773915035 0
    vertex 7.28770771348012 -9.363247061695736 -1.713809338896479
    vertex 8.127378859508937 -8.828686928077579 0
  endloop
endfacet
facet normal 0.859165 -0.508815 -0.0542433
  outer loop
    vertex 9.226089971653428 -6.576405746074658 -8.512625205885726
    vertex 9.72118428535522 -5.56840115172532 -10.1261043898532
    vertex 10.2324911454707 -4.894193344831931 -8.351698617007417
  endloop
endfacet
facet normal -0.657383 -0.751648 -0.0536017
  outer loop
    vertex -7.99250792166975 -7.633366835630015 -12.04446570914228
    vertex -7.272753147529784 -8.137788070203218 -13.79827647890317
    vertex -6.520603478905715 -8.912784382657479 -12.15515146537663
  endloop
endfacet
facet normal -0.168703 -0.980701 -0.0988224
  outer loop
    vertex -2.03985559936416 -11.52330091788567 -3.78065580804042
    vertex -2.844091705364879 -11.21345680983468 -5.482574122104148
    vertex -1.060143142519425 -11.51800646439037 -5.505693255719617
  endloop
endfacet
facet normal -0.838609 -0.534395 -0.105625
  outer loop
    vertex -9.231218069653742 -6.096207602615662 -11.9119360397888
    vertex -9.721432518334195 -5.007429782121664 -13.52840241835703
    vertex -8.609777318698118 -6.72340523778592 -13.67265126217375
  endloop
endfacet
facet normal 0.905553 -0.420764 -0.0541477
  outer loop
    vertex 9.72118428535522 -5.56840115172532 -10.1261043898532
    vertex 10.11895243415679 -4.506045356643515 -11.72913802067566
    vertex 10.5544474080866 -3.797738117337075 -9.950042424727908
  endloop
endfacet
facet normal 0.863319 -0.495173 -0.0973872
  outer loop
    vertex 9.161849751919606 -4.346613735523552 -23.62543249925411
    vertex 8.910121050416482 -5.100306338108339 -22.02474573782745
    vertex 8.344457253313511 -5.739340037091649 -23.79002559040028
  endloop
endfacet
facet normal 0.719188 -0.687016 -0.103814
  outer loop
    vertex 7.17015028938749 -8.229510298147705 -13.78700631737913
    vertex 8.533825512445421 -6.821031727143878 -13.66089913483469
    vertex 7.90424166333881 -7.725820905340774 -12.0347669937064
  endloop
endfacet
facet normal 0.170795 -0.983891 -0.0528011
  outer loop
    vertex 2.853065122877751 -10.65806286713987 -12.28275657499178
    vertex 0.915624749129288 -10.9925180435657 -12.31757614705794
    vertex 1.895947880885716 -10.73218231855689 -13.99760217898003
  endloop
endfacet
facet normal 0.324227 -0.944441 -0.05392
  outer loop
    vertex 2.945825845689624 -11.63280319127199 0
    vertex 3.850257934374891 -11.22758893174893 -1.659118276288512
    vertex 4.820345095835666 -10.98927991986071 0
  endloop
endfacet
facet normal 0.758728 -0.649167 -0.0539729
  outer loop
    vertex 7.943990688790551 -8.063747173478125 -8.646613692157667
    vertex 8.592463152390884 -7.170385294896883 -10.27570497601671
    vertex 9.226089971653428 -6.576405746074658 -8.512625205885726
  endloop
endfacet
facet normal 0.814344 -0.578077 -0.0516826
  outer loop
    vertex 8.344457253313511 -5.739340037091649 -23.79002559040028
    vertex 8.910121050416482 -5.100306338108339 -22.02474573782745
    vertex 7.772363942651364 -6.689705834654292 -22.17432185590276
  endloop
endfacet
facet normal -0.14874 -0.988228 -0.0357968
  outer loop
    vertex -0.01036193094481162 -6.63963829407992 -68.10975055939136
    vertex -1.950980543882222 -6.348346200653873 -68.08782205895236
    vertex -0.9911791772519509 -6.430874607160921 -69.79758898530145
  endloop
endfacet
facet normal 0.64781 -0.754719 -0.103646
  outer loop
    vertex 6.407205057273096 -8.99556629232689 -12.14566278729843
    vertex 7.90424166333881 -7.725820905340774 -12.0347669937064
    vertex 7.197807744541192 -8.556837995433851 -10.39890895002858
  endloop
endfacet
facet normal -0.00143697 -0.999396 -0.0347276
  outer loop
    vertex -0.00786224249120383 -6.373376379516886 -71.49297007705435
    vertex 0.9730166036219197 -6.433738381295075 -69.79645005345566
    vertex -0.9911791772519509 -6.430874607160921 -69.79758898530145
  endloop
endfacet
facet normal 0.648212 -0.759598 -0.0532151
  outer loop
    vertex 6.407205057273096 -8.99556629232689 -12.14566278729843
    vertex 7.17015028938749 -8.229510298147705 -13.78700631737913
    vertex 7.90424166333881 -7.725820905340774 -12.0347669937064
  endloop
endfacet
facet normal -0.613293 -0.787959 -0.0547045
  outer loop
    vertex -8.127378859508914 -8.828686928077602 0
    vertex -7.287707713480099 -9.363247061695752 -1.713809338896475
    vertex -6.56337789746914 -10.04599773915037 0
  endloop
endfacet
facet normal -0.806043 -0.582542 -0.10459
  outer loop
    vertex -8.552904360300953 -6.358793999673214 -17.05561918881411
    vertex -9.060851151208828 -5.366191495566891 -18.66959326404771
    vertex -7.902692979630499 -6.943028509738727 -18.81255014363705
  endloop
endfacet
facet normal 0.503552 -0.857702 -0.103838
  outer loop
    vertex 4.707667854033169 -9.983252685852479 -12.22910930513843
    vertex 6.407205057273096 -8.99556629232689 -12.14566278729843
    vertex 5.584791361296433 -9.678372334783791 -10.49389825821612
  endloop
endfacet
facet normal 0.757978 -0.644113 -0.102896
  outer loop
    vertex 7.943990688790551 -8.063747173478125 -8.646613692157667
    vertex 9.226089971653428 -6.576405746074658 -8.512625205885726
    vertex 8.643073956970365 -7.522035595799657 -6.887881373408193
  endloop
endfacet
facet normal -0.728028 -0.683459 -0.0534791
  outer loop
    vertex -8.609777318698118 -6.72340523778592 -13.67265126217375
    vertex -7.953594314481975 -7.284746209430947 -15.43157985729964
    vertex -7.272753147529784 -8.137788070203218 -13.79827647890317
  endloop
endfacet
facet normal -0.324213 -0.944401 -0.0547045
  outer loop
    vertex -4.82034509583564 -10.98927991986072 0
    vertex -3.852598256919253 -11.22223533554052 -1.71380933889648
    vertex -2.945825845689586 -11.632803191272 0
  endloop
endfacet
facet normal -0.148686 -0.981451 -0.121021
  outer loop
    vertex -0.01036193094481162 -6.63963829407992 -68.10975055939136
    vertex -0.992554131918183 -6.700062904813078 -66.41300815700519
    vertex -1.950980543882222 -6.348346200653873 -68.08782205895236
  endloop
endfacet
facet normal -0.741938 -0.668425 -0.0523066
  outer loop
    vertex -8.552904360300953 -6.358793999673214 -17.05561918881411
    vertex -7.902692979630499 -6.943028509738727 -18.81255014363705
    vertex -7.232908344717751 -7.814097065616626 -17.18166940387566
  endloop
endfacet
facet normal -0.741129 -0.663162 -0.10461
  outer loop
    vertex -7.953594314481975 -7.284746209430947 -15.43157985729964
    vertex -8.552904360300953 -6.358793999673214 -17.05561918881411
    vertex -7.232908344717751 -7.814097065616626 -17.18166940387566
  endloop
endfacet
facet normal 0.784929 -0.6108 -0.103973
  outer loop
    vertex 7.86286844793235 -7.384089992737293 -15.41844759341695
    vertex 9.076944575731359 -5.847976042839242 -15.27701042497461
    vertex 8.533825512445421 -6.821031727143878 -13.66089913483469
  endloop
endfacet
facet normal 8.94982e-16 -0.998544 -0.0539524
  outer loop
    vertex -0.9909521456679741 -11.95901391608007 0
    vertex -0.00903399581611738 -11.86925804817069 -1.661190323591772
    vertex 0.9909521456680122 -11.95901391608007 0
  endloop
endfacet
facet normal 0.930544 -0.361177 -0.0603249
  outer loop
    vertex 10.5544474080866 -3.797738117337075 -9.950042424727908
    vertex 10.87829428662443 -3.257743846781029 -8.187581703327227
    vertex 10.2324911454707 -4.894193344831931 -8.351698617007417
  endloop
endfacet
facet normal -0.581876 -0.806739 -0.102918
  outer loop
    vertex -6.500431986665495 -9.255790230772959 -8.76213101680924
    vertex -7.297794084211419 -8.471093226867703 -10.4049850636354
    vertex -5.707165911715427 -9.60594824737038 -10.50231376775431
  endloop
endfacet
facet normal -0.431481 -0.896148 -0.103649
  outer loop
    vertex -4.843188486452363 -10.2142514376738 -8.839589368004164
    vertex -5.707165911715427 -9.60594824737038 -10.50231376775431
    vertex -3.93014978793493 -10.45381674699401 -10.56920842674803
  endloop
endfacet
facet normal 0.719799 -0.692153 -0.0530465
  outer loop
    vertex 7.17015028938749 -8.229510298147705 -13.78700631737913
    vertex 7.86286844793235 -7.384089992737293 -15.41844759341695
    vertex 8.533825512445421 -6.821031727143878 -13.66089913483469
  endloop
endfacet
facet normal -0.900001 -0.423233 -0.104269
  outer loop
    vertex -9.580930513247967 -4.695838246955428 -16.9014992193533
    vertex -9.908156668555442 -3.606592078792584 -18.49834276494749
    vertex -9.060851151208828 -5.366191495566891 -18.66959326404771
  endloop
endfacet
facet normal 0.839777 -0.533608 -0.100183
  outer loop
    vertex 8.475017194499991 -6.464237592236149 -17.04021077464522
    vertex 9.443087889946815 -4.971327454091783 -16.87716081152889
    vertex 9.076944575731359 -5.847976042839242 -15.27701042497461
  endloop
endfacet
facet normal 0.878681 -0.466917 -0.0995429
  outer loop
    vertex 9.076944575731359 -5.847976042839242 -15.27701042497461
    vertex 9.917894781364009 -4.317391865949713 -15.03319019897288
    vertex 9.62370240144258 -5.196076388749511 -13.50850291470577
  endloop
endfacet
facet normal -0.877652 -0.476182 -0.0545749
  outer loop
    vertex -9.231218069653742 -6.096207602615662 -11.9119360397888
    vertex -10.17195939183611 -4.380827231433635 -11.75049733364301
    vertex -9.721432518334195 -5.007429782121664 -13.52840241835703
  endloop
endfacet
facet normal -0.779778 -0.623809 -0.0530093
  outer loop
    vertex -7.99250792166975 -7.633366835630015 -12.04446570914228
    vertex -9.231218069653742 -6.096207602615662 -11.9119360397888
    vertex -8.609777318698118 -6.72340523778592 -13.67265126217375
  endloop
endfacet
facet normal 0.778343 -0.625804 -0.050502
  outer loop
    vertex 7.665829180802983 -5.982445999626401 -28.92035350206627
    vertex 8.271616729970125 -5.371029214472119 -27.16035526181407
    vertex 7.04161915482076 -6.889495953794152 -27.30089144640654
  endloop
endfacet
facet normal 0.35142 -0.93036 -0.104568
  outer loop
    vertex 2.86154531502872 -10.37883977072566 -15.67827609348581
    vertex 4.701609159771122 -9.690229963984457 -15.62109004183906
    vertex 3.79825379385922 -10.21845294633633 -13.95729371203319
  endloop
endfacet
facet normal -0.267003 -0.9581 -0.103698
  outer loop
    vertex -2.988658395582911 -10.89805314670406 -8.888922819210945
    vertex -3.93014978793493 -10.45381674699401 -10.56920842674803
    vertex -2.031006054150938 -10.97880151444288 -10.60863209322958
  endloop
endfacet
facet normal 0.931362 -0.350084 -0.100029
  outer loop
    vertex 9.390404877961396 -4.485606263679121 -20.24420845839239
    vertex 10.02057511313808 -2.839214737702358 -20.13882154753102
    vertex 9.864805497454773 -3.727695446938748 -18.47965024701361
  endloop
endfacet
facet normal 0.785811 -0.6162 -0.0528929
  outer loop
    vertex 7.86286844793235 -7.384089992737293 -15.41844759341695
    vertex 8.475017194499991 -6.464237592236149 -17.04021077464522
    vertex 9.076944575731359 -5.847976042839242 -15.27701042497461
  endloop
endfacet
facet normal 0.886162 -0.460469 -0.0518156
  outer loop
    vertex 9.178883690063481 -3.644149840637034 -26.9903218249096
    vertex 8.271616729970125 -5.371029214472119 -27.16035526181407
    vertex 8.599200116667394 -4.548413392725712 -28.86828619334781
  endloop
endfacet
facet normal 0.572175 -0.81839 -0.0534202
  outer loop
    vertex 6.407205057273096 -8.99556629232689 -12.14566278729843
    vertex 7.197807744541192 -8.556837995433851 -10.39890895002858
    vertex 5.584791361296433 -9.678372334783791 -10.49389825821612
  endloop
endfacet
facet normal -0.670938 -0.739647 -0.0525705
  outer loop
    vertex -7.953594314481975 -7.284746209430947 -15.43157985729964
    vertex -7.232908344717751 -7.814097065616626 -17.18166940387566
    vertex -6.497202853342526 -8.597914331787942 -15.54319789751903
  endloop
endfacet
facet normal -0.697763 -0.708518 -0.105491
  outer loop
    vertex -7.199471906515171 -7.479695532949233 -20.56334083951213
    vertex -7.848390762927369 -6.598408284992174 -22.19016768574138
    vertex -6.445191335621209 -7.962772276764913 -22.3079418271881
  endloop
endfacet
facet normal 0.79896 -0.592223 -0.104563
  outer loop
    vertex 7.819235228551777 -7.038617223200917 -18.79783247039798
    vertex 8.996279847852129 -5.476335796800782 -18.65253913261078
    vertex 8.475017194499991 -6.464237592236149 -17.04021077464522
  endloop
endfacet
facet normal -0.645825 -0.762484 -0.039086
  outer loop
    vertex -3.706883623013744 -5.836528965167368 -64.62131260374348
    vertex -5.171805764560875 -4.600912259540927 -64.52037806102538
    vertex -4.449577610324489 -5.124348395643097 -66.24276383418635
  endloop
endfacet
facet normal 0.878827 -0.47356 -0.05835
  outer loop
    vertex 9.076944575731359 -5.847976042839242 -15.27701042497461
    vertex 9.443087889946815 -4.971327454091783 -16.87716081152889
    vertex 9.917894781364009 -4.317391865949713 -15.03319019897288
  endloop
endfacet
facet normal -0.851586 -0.521555 -0.0527495
  outer loop
    vertex -8.552904360300953 -6.358793999673214 -17.05561918881411
    vertex -9.580930513247967 -4.695838246955428 -16.9014992193533
    vertex -9.060851151208828 -5.366191495566891 -18.66959326404771
  endloop
endfacet
facet normal -0.28704 -0.957213 -0.036757
  outer loop
    vertex -0.992554131918183 -6.700062904813078 -66.41300815700519
    vertex -2.870858663550365 -6.138513284358552 -66.36877677236045
    vertex -1.950980543882222 -6.348346200653873 -68.08782205895236
  endloop
endfacet
facet normal 0.145434 -0.988716 -0.0359046
  outer loop
    vertex 0.9730166036219197 -6.433738381295075 -69.79645005345566
    vertex 1.929437834438452 -6.355242150634189 -68.08398755511318
    vertex -0.01036193094481162 -6.63963829407992 -68.10975055939136
  endloop
endfacet
facet normal 0.856002 -0.50654 -0.103333
  outer loop
    vertex 8.412210489574669 -6.103562648979779 -20.41623435564989
    vertex 9.390404877961396 -4.485606263679121 -20.24420845839239
    vertex 8.996279847852129 -5.476335796800782 -18.65253913261078
  endloop
endfacet
facet normal -0.543371 -0.8314 -0.116284
  outer loop
    vertex -2.870858663550365 -6.138513284358552 -66.36877677236045
    vertex -3.706883623013744 -5.836528965167368 -64.62131260374348
    vertex -4.449577610324489 -5.124348395643097 -66.24276383418635
  endloop
endfacet
facet normal -0.00175092 -0.992753 -0.120157
  outer loop
    vertex 0.9685296881503055 -6.70368564201376 -66.41165343492551
    vertex -0.01355342458715192 -6.905874826540277 -64.7268284141938
    vertex -0.992554131918183 -6.700062904813078 -66.41300815700519
  endloop
endfacet
facet normal 0.916621 -0.396415 -0.0515915
  outer loop
    vertex 9.917894781364009 -4.317391865949713 -15.03319019897288
    vertex 10.40749007096914 -3.40712713821731 -13.32882970355237
    vertex 9.62370240144258 -5.196076388749511 -13.50850291470577
  endloop
endfacet
facet normal -0.901728 -0.429092 -0.0526057
  outer loop
    vertex -9.908156668555442 -3.606592078792584 -18.49834276494749
    vertex -9.467984339356065 -4.314125533972587 -20.27226951984683
    vertex -9.060851151208828 -5.366191495566891 -18.66959326404771
  endloop
endfacet
facet normal -0.930276 -0.362465 -0.0566135
  outer loop
    vertex -9.580930513247967 -4.695838246955428 -16.9014992193533
    vertex -10.25822076430781 -2.985184810965237 -16.72459696400665
    vertex -9.908156668555442 -3.606592078792584 -18.49834276494749
  endloop
endfacet
facet normal -0.698405 -0.71389 -0.0509139
  outer loop
    vertex -7.848390762927369 -6.598408284992174 -22.19016768574138
    vertex -7.03645933191528 -7.268388063517984 -23.9336107060429
    vertex -6.445191335621209 -7.962772276764913 -22.3079418271881
  endloop
endfacet
facet normal 0.831621 -0.552775 -0.0533452
  outer loop
    vertex 9.076944575731359 -5.847976042839242 -15.27701042497461
    vertex 9.62370240144258 -5.196076388749511 -13.50850291470577
    vertex 8.533825512445421 -6.821031727143878 -13.66089913483469
  endloop
endfacet
facet normal 0.892564 -0.438946 -0.103232
  outer loop
    vertex 9.809165615614557 -5.943537153769388 -6.742893992766096
    vertex 10.68995783962609 -4.192867238171243 -6.571295854037034
    vertex 10.40125955094978 -5.15244325355579 -4.987286353286163
  endloop
endfacet
facet normal 0.138965 -0.989577 -0.0377529
  outer loop
    vertex 0.9685296881503055 -6.70368564201376 -66.41165343492551
    vertex 1.923206678534164 -6.634952843647528 -64.69920436842075
    vertex -0.01355342458715192 -6.905874826540277 -64.7268284141938
  endloop
endfacet
facet normal 0.805519 -0.59007 -0.0543822
  outer loop
    vertex 9.226089971653428 -6.576405746074658 -8.512625205885726
    vertex 9.809165615614557 -5.943537153769388 -6.742893992766096
    vertex 8.643073956970365 -7.522035595799657 -6.887881373408193
  endloop
endfacet
facet normal 0.762307 -0.638531 -0.105667
  outer loop
    vertex 7.077968984490011 -7.228772928182009 -23.9263398993339
    vertex 8.344457253313511 -5.739340037091649 -23.79002559040028
    vertex 7.772363942651364 -6.689705834654292 -22.17432185590276
  endloop
endfacet
facet normal 0.85704 -0.512383 -0.0542874
  outer loop
    vertex 8.412210489574669 -6.103562648979779 -20.41623435564989
    vertex 8.910121050416482 -5.100306338108339 -22.02474573782745
    vertex 9.390404877961396 -4.485606263679121 -20.24420845839239
  endloop
endfacet
facet normal 0.5037 -0.862251 -0.0530114
  outer loop
    vertex 4.707667854033169 -9.983252685852479 -12.22910930513843
    vertex 5.57600237839462 -9.374163946513747 -13.88549175630346
    vertex 6.407205057273096 -8.99556629232689 -12.14566278729843
  endloop
endfacet
facet normal 0.835569 -0.54022 -0.0999308
  outer loop
    vertex 8.599200116667394 -4.548413392725712 -28.86828619334781
    vertex 8.271616729970125 -5.371029214472119 -27.16035526181407
    vertex 7.665829180802983 -5.982445999626401 -28.92035350206627
  endloop
endfacet
facet normal 0.799928 -0.597812 -0.0523046
  outer loop
    vertex 7.819235228551777 -7.038617223200917 -18.79783247039798
    vertex 8.412210489574669 -6.103562648979779 -20.41623435564989
    vertex 8.996279847852129 -5.476335796800782 -18.65253913261078
  endloop
endfacet
facet normal 0.763129 -0.644215 -0.0511948
  outer loop
    vertex 7.077968984490011 -7.228772928182009 -23.9263398993339
    vertex 7.721224593853282 -6.337870249305483 -25.54849685444638
    vertex 8.344457253313511 -5.739340037091649 -23.79002559040028
  endloop
endfacet
facet normal -0.00182076 -0.999327 -0.0366421
  outer loop
    vertex -0.01036193094481162 -6.63963829407992 -68.10975055939136
    vertex 0.9685296881503055 -6.70368564201376 -66.41165343492551
    vertex -0.992554131918183 -6.700062904813078 -66.41300815700519
  endloop
endfacet
facet normal -0.64354 -0.763617 -0.052393
  outer loop
    vertex -6.500431986665495 -9.255790230772959 -8.76213101680924
    vertex -8.04848236031571 -7.958521086428783 -8.654965579062278
    vertex -7.297794084211419 -8.471093226867703 -10.4049850636354
  endloop
endfacet
facet normal 0.813283 -0.572281 -0.105192
  outer loop
    vertex 7.772363942651364 -6.689705834654292 -22.17432185590276
    vertex 8.910121050416482 -5.100306338108339 -22.02474573782745
    vertex 8.412210489574669 -6.103562648979779 -20.41623435564989
  endloop
endfacet
facet normal 0.896438 -0.44011 -0.0519715
  outer loop
    vertex 9.390404877961396 -4.485606263679121 -20.24420845839239
    vertex 9.864805497454773 -3.727695446938748 -18.47965024701361
    vertex 8.996279847852129 -5.476335796800782 -18.65253913261078
  endloop
endfacet
facet normal -0.644997 -0.755097 -0.117506
  outer loop
    vertex -3.706883623013744 -5.836528965167368 -64.62131260374348
    vertex -4.527994382517789 -5.403688651224265 -62.89563759662859
    vertex -5.171805764560875 -4.600912259540927 -64.52037806102538
  endloop
endfacet
facet normal -0.684464 -0.727189 -0.0520173
  outer loop
    vertex -7.902692979630499 -6.943028509738727 -18.81255014363705
    vertex -7.199471906515171 -7.479695532949233 -20.56334083951213
    vertex -6.472369823579408 -8.281112401569271 -18.9272317368177
  endloop
endfacet
facet normal -0.0957989 -0.994025 -0.0523072
  outer loop
    vertex -1.038132635211884 -10.71355345893961 -15.70826220638023
    vertex -0.06226587984788345 -10.89647577161355 -14.01934431885918
    vertex -2.022048660912052 -10.70799315129203 -14.01191853080089
  endloop
endfacet
facet normal 0.139215 -0.983065 -0.11917
  outer loop
    vertex 1.923206678534164 -6.634952843647528 -64.69920436842075
    vertex 0.9652301543335055 -6.972907435295646 -63.03043983424279
    vertex -0.01355342458715192 -6.905874826540277 -64.7268284141938
  endloop
endfacet
facet normal 0.825312 -0.562573 -0.0487043
  outer loop
    vertex 6.910275460083952 -5.852086036640558 -37.41570863785181
    vertex 7.455089589674195 -4.913472229372708 -39.02535894204212
    vertex 8.004177156156471 -4.26079989599446 -37.25974627487169
  endloop
endfacet
facet normal -0.624014 -0.779502 -0.0546206
  outer loop
    vertex -7.03645933191528 -7.268388063517984 -23.9336107060429
    vertex -6.416488520765167 -7.641921186519685 -25.68570613428773
    vertex -5.57071388302264 -8.43404155247668 -24.04375588108832
  endloop
endfacet
facet normal 0.733854 -0.677277 -0.0524765
  outer loop
    vertex 7.142151941853609 -7.898426820014063 -17.16949538833759
    vertex 7.819235228551777 -7.038617223200917 -18.79783247039798
    vertex 8.475017194499991 -6.464237592236149 -17.04021077464522
  endloop
endfacet
facet normal -0.620047 -0.782885 -0.0512989
  outer loop
    vertex -7.199471906515171 -7.479695532949233 -20.56334083951213
    vertex -6.445191335621209 -7.962772276764913 -22.3079418271881
    vertex -5.651245880464963 -8.699375131541533 -20.66284163046714
  endloop
endfacet
facet normal -0.296396 -0.954374 -0.0363223
  outer loop
    vertex -0.9911791772519509 -6.430874607160921 -69.79758898530145
    vertex -2.843442616494791 -5.857920440325167 -69.73725777198617
    vertex -1.949716323761288 -6.069368381896207 -71.47439350178145
  endloop
endfacet
facet normal -0.730878 -0.680901 -0.046816
  outer loop
    vertex -4.527994382517789 -5.403688651224265 -62.89563759662859
    vertex -5.738679570035201 -4.113447537859868 -62.76028849933262
    vertex -5.171805764560875 -4.600912259540927 -64.52037806102538
  endloop
endfacet
facet normal 0.777438 -0.6199 -0.106368
  outer loop
    vertex 7.04161915482076 -6.889495953794152 -27.30089144640654
    vertex 8.271616729970125 -5.371029214472119 -27.16035526181407
    vertex 7.721224593853282 -6.337870249305483 -25.54849685444638
  endloop
endfacet
facet normal 0.827781 -0.550977 -0.105844
  outer loop
    vertex 7.721224593853282 -6.337870249305483 -25.54849685444638
    vertex 8.816841002345297 -4.721217662156294 -25.39552311183366
    vertex 8.344457253313511 -5.739340037091649 -23.79002559040028
  endloop
endfacet
facet normal 0.410515 -0.911078 -0.0376106
  outer loop
    vertex 2.847849652609043 -6.149568372565893 -66.36477937368451
    vertex 3.71381864010409 -5.83074264946068 -64.63605937310305
    vertex 1.923206678534164 -6.634952843647528 -64.69920436842075
  endloop
endfacet
facet normal -0.542319 -0.839207 -0.0402707
  outer loop
    vertex -2.870858663550365 -6.138513284358552 -66.36877677236045
    vertex -4.449577610324489 -5.124348395643097 -66.24276383418635
    vertex -3.620715829974062 -5.57545785710593 -68.00417211544014
  endloop
endfacet
facet normal -0.0940427 -0.990142 -0.103805
  outer loop
    vertex -1.05625003807221 -11.24874682404154 -8.916851223340002
    vertex -2.031006054150938 -10.97880151444288 -10.60863209322958
    vertex -0.06867933366619527 -11.16393755269836 -10.62049641763204
  endloop
endfacet
facet normal 0.645846 -0.76214 -0.0450084
  outer loop
    vertex 4.622794499297486 -4.961849105440466 -66.30598669062782
    vertex 5.167214994668781 -4.605835012880656 -64.52234355886
    vertex 3.71381864010409 -5.83074264946068 -64.63605937310305
  endloop
endfacet
facet normal 0.690092 -0.721894 -0.0513964
  outer loop
    vertex 6.353668239856514 -8.037369313512141 -22.29419247011465
    vertex 7.077968984490011 -7.228772928182009 -23.9263398993339
    vertex 7.772363942651364 -6.689705834654292 -22.17432185590276
  endloop
endfacet
facet normal -0.712197 -0.694233 -0.104002
  outer loop
    vertex -7.03645933191528 -7.268388063517984 -23.9336107060429
    vertex -7.790488181898245 -6.250508591548667 -25.56461692785678
    vertex -6.416488520765167 -7.641921186519685 -25.68570613428773
  endloop
endfacet
facet normal -0.807116 -0.58809 -0.0520903
  outer loop
    vertex -9.060851151208828 -5.366191495566891 -18.66959326404771
    vertex -8.462237736785804 -6.031213574301 -20.43687115037757
    vertex -7.902692979630499 -6.943028509738727 -18.81255014363705
  endloop
endfacet
facet normal 0.730988 -0.680908 -0.0449604
  outer loop
    vertex 5.167214994668781 -4.605835012880656 -64.52234355886
    vertex 5.753867579331803 -4.092579838336787 -62.75731204734098
    vertex 4.510357530203176 -5.418409824790739 -62.89572238377936
  endloop
endfacet
facet normal -0.00210295 -0.999265 -0.0382725
  outer loop
    vertex 0.9652301543335055 -6.972907435295646 -63.03043983424279
    vertex -0.9942330135372509 -6.968739673811875 -63.03159092160636
    vertex -0.01355342458715192 -6.905874826540277 -64.7268284141938
  endloop
endfacet
facet normal -0.712832 -0.6995 -0.0506936
  outer loop
    vertex -7.790488181898245 -6.250508591548667 -25.56461692785678
    vertex -7.115753457527167 -6.811175664892093 -27.31604327914521
    vertex -6.416488520765167 -7.641921186519685 -25.68570613428773
  endloop
endfacet
facet normal 0.570137 -0.81398 -0.111265
  outer loop
    vertex 5.313148265458001 -5.96068870538176 -51.01610474637933
    vertex 4.595904912921746 -6.686171737165962 -49.38395497600702
    vertex 3.756954746299265 -7.036880984313181 -51.11716204087595
  endloop
endfacet
facet normal -0.791049 -0.610147 -0.0442823
  outer loop
    vertex -7.115753457527167 -6.811175664892093 -27.31604327914521
    vertex -8.411074274419642 -5.136809986908884 -27.24709781237679
    vertex -7.728824273989196 -5.898711920478771 -28.9367341441698
  endloop
endfacet
facet normal 0.645367 -0.754934 -0.116515
  outer loop
    vertex 5.167214994668781 -4.605835012880656 -64.52234355886
    vertex 4.510357530203176 -5.418409824790739 -62.89572238377936
    vertex 3.71381864010409 -5.83074264946068 -64.63605937310305
  endloop
endfacet
facet normal -0.683874 -0.722036 -0.104786
  outer loop
    vertex -7.902692979630499 -6.943028509738727 -18.81255014363705
    vertex -6.472369823579408 -8.281112401569271 -18.9272317368177
    vertex -7.232908344717751 -7.814097065616626 -17.18166940387566
  endloop
endfacet
facet normal 0.919589 -0.380265 -0.0987618
  outer loop
    vertex 8.816841002345297 -4.721217662156294 -25.39552311183366
    vertex 9.578660849480045 -2.926373476732149 -25.2128212625076
    vertex 9.161849751919606 -4.346613735523552 -23.62543249925411
  endloop
endfacet
facet normal 0.543685 -0.83179 -0.111952
  outer loop
    vertex 5.444174010396758 -6.547205771943641 -44.28134056652073
    vertex 4.661248710944614 -7.279381997726439 -42.64356227444603
    vertex 3.785939571861355 -7.619411044993294 -44.36805147210873
  endloop
endfacet
facet normal 0.704976 -0.707416 -0.0507171
  outer loop
    vertex 6.331845176155202 -7.713619951149651 -25.67175615038645
    vertex 7.04161915482076 -6.889495953794152 -27.30089144640654
    vertex 7.721224593853282 -6.337870249305483 -25.54849685444638
  endloop
endfacet
facet normal -0.00204236 -0.992948 -0.118532
  outer loop
    vertex 0.9652301543335055 -6.972907435295646 -63.03043983424279
    vertex -0.01591871615246525 -7.17190935845886 -61.34648370193956
    vertex -0.9942330135372509 -6.968739673811875 -63.03159092160636
  endloop
endfacet
facet normal 0.863957 -0.499653 -0.0626526
  outer loop
    vertex 8.816841002345297 -4.721217662156294 -25.39552311183366
    vertex 9.161849751919606 -4.346613735523552 -23.62543249925411
    vertex 8.344457253313511 -5.739340037091649 -23.79002559040028
  endloop
endfacet
facet normal 0.58459 -0.809606 -0.0528389
  outer loop
    vertex 5.57600237839462 -9.374163946513747 -13.88549175630346
    vertex 6.391680714530026 -8.677709164594246 -15.53232584053241
    vertex 7.17015028938749 -8.229510298147705 -13.78700631737913
  endloop
endfacet
facet normal -0.788336 -0.605345 -0.109922
  outer loop
    vertex -7.790488181898245 -6.250508591548667 -25.56461692785678
    vertex -8.411074274419642 -5.136809986908884 -27.24709781237679
    vertex -7.115753457527167 -6.811175664892093 -27.31604327914521
  endloop
endfacet
facet normal -0.784943 -0.614105 -0.0820923
  outer loop
    vertex -9.59878744410338 -6.424978393850496 -5.709779323084695
    vertex -8.460458558099333 -7.756647177409253 -6.632389548305452
    vertex -8.644432374955134 -7.783876405047431 -4.669592106242622
  endloop
endfacet
facet normal -0.868348 -0.489249 -0.0812906
  outer loop
    vertex -10.51852052028179 -4.946975351401023 -4.780559227206962
    vertex -9.59878744410338 -6.424978393850496 -5.709779323084695
    vertex -9.771273417040804 -6.441704235058638 -3.766615949316694
  endloop
endfacet
facet normal 0.748309 -0.66132 -0.0518604
  outer loop
    vertex 7.111622817902681 -7.564812346404493 -20.54906838169451
    vertex 7.772363942651364 -6.689705834654292 -22.17432185590276
    vertex 8.412210489574669 -6.103562648979779 -20.41623435564989
  endloop
endfacet
facet normal 0.584321 -0.804828 -0.104024
  outer loop
    vertex 6.407205057273096 -8.99556629232689 -12.14566278729843
    vertex 5.57600237839462 -9.374163946513747 -13.88549175630346
    vertex 7.17015028938749 -8.229510298147705 -13.78700631737913
  endloop
endfacet
facet normal 0.817626 -0.566461 -0.103003
  outer loop
    vertex 9.226089971653428 -6.576405746074658 -8.512625205885726
    vertex 8.592463152390884 -7.170385294896883 -10.27570497601671
    vertex 9.72118428535522 -5.56840115172532 -10.1261043898532
  endloop
endfacet
facet normal -0.74253 -0.667958 -0.0498091
  outer loop
    vertex -6.352666633183198 -6.992507579816671 -32.4350896137027
    vertex -7.653210343474323 -5.556568171381143 -32.3036633534143
    vertex -7.019758835820771 -6.129706701492325 -34.06086459087091
  endloop
endfacet
facet normal -0.670392 -0.734649 -0.10424
  outer loop
    vertex -7.953594314481975 -7.284746209430947 -15.43157985729964
    vertex -6.497202853342526 -8.597914331787942 -15.54319789751903
    vertex -7.272753147529784 -8.137788070203218 -13.79827647890317
  endloop
endfacet
facet normal 0.921168 -0.385756 -0.0514066
  outer loop
    vertex 8.816841002345297 -4.721217662156294 -25.39552311183366
    vertex 9.178883690063481 -3.644149840637034 -26.9903218249096
    vertex 9.578660849480045 -2.926373476732149 -25.2128212625076
  endloop
endfacet
facet normal -0.994405 -0.0719997 -0.0773013
  outer loop
    vertex -11.53930708200224 1.413157548235243e-15 -5.853658536585404
    vertex -11.34617975870307 -1.638683600799 -6.811754324079796
    vertex -11.49297725181298 -1.686094940480524 -4.879190134010766
  endloop
endfacet
facet normal 0.639389 -0.761454 -0.106628
  outer loop
    vertex 6.331845176155202 -7.713619951149651 -25.67175615038645
    vertex 5.536471139996015 -8.137998079842877 -27.41059063465212
    vertex 7.04161915482076 -6.889495953794152 -27.30089144640654
  endloop
endfacet
facet normal 0.704377 -0.701845 -0.106144
  outer loop
    vertex 7.077968984490011 -7.228772928182009 -23.9263398993339
    vertex 6.331845176155202 -7.713619951149651 -25.67175615038645
    vertex 7.721224593853282 -6.337870249305483 -25.54849685444638
  endloop
endfacet
facet normal -0.84802 -0.518738 -0.108505
  outer loop
    vertex -7.728824273989196 -5.898711920478771 -28.9367341441698
    vertex -8.411074274419642 -5.136809986908884 -27.24709781237679
    vertex -8.761634826211917 -4.242697535333622 -28.78183642488997
  endloop
endfacet
facet normal -0.623833 -0.774611 -0.103973
  outer loop
    vertex -7.03645933191528 -7.268388063517984 -23.9336107060429
    vertex -5.57071388302264 -8.43404155247668 -24.04375588108832
    vertex -6.445191335621209 -7.962772276764913 -22.3079418271881
  endloop
endfacet
facet normal -0.648162 -0.759845 -0.05021
  outer loop
    vertex -7.115753457527167 -6.811175664892093 -27.31604327914521
    vertex -6.385794820710087 -7.318530007245208 -29.06112577956649
    vertex -5.62433033151185 -8.076280474213537 -27.42358279236147
  endloop
endfacet
facet normal 0.675647 -0.735386 -0.0520433
  outer loop
    vertex 7.819235228551777 -7.038617223200917 -18.79783247039798
    vertex 6.37314413934921 -8.358987690175782 -18.9143890004499
    vertex 7.111622817902681 -7.564812346404493 -20.54906838169451
  endloop
endfacet
facet normal -0.726975 -0.678294 -0.106887
  outer loop
    vertex -7.115753457527167 -6.811175664892093 -27.31604327914521
    vertex -7.728824273989196 -5.898711920478771 -28.9367341441698
    vertex -6.385794820710087 -7.318530007245208 -29.06112577956649
  endloop
endfacet
facet normal -0.647647 -0.75444 -0.106648
  outer loop
    vertex -7.115753457527167 -6.811175664892093 -27.31604327914521
    vertex -5.62433033151185 -8.076280474213537 -27.42358279236147
    vertex -6.416488520765167 -7.641921186519685 -25.68570613428773
  endloop
endfacet
facet normal -0.8637 -0.501694 -0.0482142
  outer loop
    vertex -8.084849649386678 -4.659136635257126 -33.90960118332518
    vertex -7.653210343474323 -5.556568171381143 -32.3036633534143
    vertex -8.648008067339264 -3.858956040430034 -32.14758000383665
  endloop
endfacet
facet normal -0.727753 -0.684016 -0.0499743
  outer loop
    vertex -7.728824273989196 -5.898711920478771 -28.9367341441698
    vertex -7.069545641139219 -6.47212133649821 -30.68906027850888
    vertex -6.385794820710087 -7.318530007245208 -29.06112577956649
  endloop
endfacet
facet normal 0.639796 -0.766901 -0.0502296
  outer loop
    vertex 5.536471139996015 -8.137998079842877 -27.41059063465212
    vertex 6.307589803528028 -7.387509315623628 -29.04691573051958
    vertex 7.04161915482076 -6.889495953794152 -27.30089144640654
  endloop
endfacet
facet normal 0.730575 -0.673417 -0.113003
  outer loop
    vertex 5.753867579331803 -4.092579838336787 -62.75731204734098
    vertex 5.248232359046685 -4.910267085403953 -61.15346353389123
    vertex 4.510357530203176 -5.418409824790739 -62.89572238377936
  endloop
endfacet
facet normal -0.576017 -0.815938 -0.0494824
  outer loop
    vertex -5.603528625991374 -7.765347046506956 -30.79959360375739
    vertex -4.777345222728158 -8.448520988808667 -29.151896723445
    vertex -6.385794820710087 -7.318530007245208 -29.06112577956649
  endloop
endfacet
facet normal -0.422006 -0.899132 -0.116068
  outer loop
    vertex -2.870858663550365 -6.138513284358552 -66.36877677236045
    vertex -3.620715829974062 -5.57545785710593 -68.00417211544014
    vertex -1.950980543882222 -6.348346200653873 -68.08782205895236
  endloop
endfacet
facet normal 0.807225 -0.588485 -0.0455377
  outer loop
    vertex 5.753867579331803 -4.092579838336787 -62.75731204734098
    vertex 6.31380812791738 -3.461885872100439 -60.98199445494669
    vertex 5.248232359046685 -4.910267085403953 -61.15346353389123
  endloop
endfacet
facet normal -0.619547 -0.777815 -0.105665
  outer loop
    vertex -7.199471906515171 -7.479695532949233 -20.56334083951213
    vertex -5.651245880464963 -8.699375131541533 -20.66284163046714
    vertex -6.472369823579408 -8.281112401569271 -18.9272317368177
  endloop
endfacet
facet normal 0.283523 -0.951444 -0.119874
  outer loop
    vertex 0.9685296881503055 -6.70368564201376 -66.41165343492551
    vertex 2.847849652609043 -6.149568372565893 -66.36477937368451
    vertex 1.923206678534164 -6.634952843647528 -64.69920436842075
  endloop
endfacet
facet normal -0.575577 -0.810654 -0.107473
  outer loop
    vertex -6.385794820710087 -7.318530007245208 -29.06112577956649
    vertex -4.777345222728158 -8.448520988808667 -29.151896723445
    vertex -5.62433033151185 -8.076280474213537 -27.42358279236147
  endloop
endfacet
facet normal 0.720333 -0.691824 -0.0499975
  outer loop
    vertex 6.307589803528028 -7.387509315623628 -29.04691573051958
    vertex 7.001697454797919 -6.547234997673629 -30.67366806617751
    vertex 7.665829180802983 -5.982445999626401 -28.92035350206627
  endloop
endfacet
facet normal 0.719661 -0.686052 -0.106865
  outer loop
    vertex 6.307589803528028 -7.387509315623628 -29.04691573051958
    vertex 7.665829180802983 -5.982445999626401 -28.92035350206627
    vertex 7.04161915482076 -6.889495953794152 -27.30089144640654
  endloop
endfacet
facet normal -0.910759 -0.409371 -0.0541533
  outer loop
    vertex -9.789004216187717 -5.445034327884833 -10.14624470975471
    vertex -10.59920179871226 -3.665426287210999 -9.973122401457557
    vertex -10.17195939183611 -4.380827231433635 -11.75049733364301
  endloop
endfacet
facet normal -0.00414929 -0.992994 -0.118093
  outer loop
    vertex 0.9622860528495069 -7.241722357480819 -59.65083748532698
    vertex -0.01863179661679538 -7.437872835521081 -57.96702526986044
    vertex -1.017869941022171 -7.235470569263471 -59.63383184873801
  endloop
endfacet
facet normal 0.554575 -0.822523 -0.126107
  outer loop
    vertex 2.847849652609043 -6.149568372565893 -66.36477937368451
    vertex 4.622794499297486 -4.961849105440466 -66.30598669062782
    vertex 3.71381864010409 -5.83074264946068 -64.63605937310305
  endloop
endfacet
facet normal 0.133873 -0.983979 -0.117742
  outer loop
    vertex 1.925430200156049 -6.910470142635079 -61.32403796300805
    vertex 0.9622860528495069 -7.241722357480819 -59.65083748532698
    vertex -0.01591871615246525 -7.17190935845886 -61.34648370193956
  endloop
endfacet
facet normal 0.567338 -0.816488 -0.107118
  outer loop
    vertex 5.536471139996015 -8.137998079842877 -27.41059063465212
    vertex 4.695493498810881 -8.495116187917349 -29.14265187872527
    vertex 6.307589803528028 -7.387509315623628 -29.04691573051958
  endloop
endfacet
facet normal -0.810543 -0.576333 -0.104212
  outer loop
    vertex -7.019758835820771 -6.129706701492325 -34.06086459087091
    vertex -7.653210343474323 -5.556568171381143 -32.3036633534143
    vertex -8.084849649386678 -4.659136635257126 -33.90960118332518
  endloop
endfacet
facet normal -0.747818 -0.653894 -0.114854
  outer loop
    vertex -5.171805764560875 -4.600912259540927 -64.52037806102538
    vertex -5.666324297955323 -3.744626227308983 -66.17560485894964
    vertex -4.449577610324489 -5.124348395643097 -66.24276383418635
  endloop
endfacet
facet normal -0.142526 -0.982625 -0.118889
  outer loop
    vertex -0.9942330135372509 -6.968739673811875 -63.03159092160636
    vertex -1.942114703918431 -6.629349461688355 -64.70034416934851
    vertex -0.01355342458715192 -6.905874826540277 -64.7268284141938
  endloop
endfacet
facet normal 0.128631 -0.990866 -0.040493
  outer loop
    vertex 0.9622860528495069 -7.241722357480819 -59.65083748532698
    vertex 1.923519510894538 -7.186633388478895 -57.94539434569216
    vertex -0.01863179661679538 -7.437872835521081 -57.96702526986044
  endloop
endfacet
facet normal 0.49263 -0.864098 -0.103201
  outer loop
    vertex 5.592984677526676 -9.980942185581657 -7.100434285601818
    vertex 4.711855636702222 -10.275299016867 -8.841867605707257
    vertex 6.424845522691354 -9.30916555084745 -8.754304199495355
  endloop
endfacet
facet normal -0.799148 -0.591515 -0.107104
  outer loop
    vertex -7.728824273989196 -5.898711920478771 -28.9367341441698
    vertex -8.243567940345674 -4.911646519199935 -30.54739258168064
    vertex -7.069545641139219 -6.47212133649821 -30.68906027850888
  endloop
endfacet
facet normal 0.790852 -0.60287 -0.105364
  outer loop
    vertex 7.001697454797919 -6.547234997673629 -30.67366806617751
    vertex 8.156275275115926 -5.058605997349265 -30.52512463061584
    vertex 7.665829180802983 -5.982445999626401 -28.92035350206627
  endloop
endfacet
facet normal -0.0034908 -0.999228 -0.0391263
  outer loop
    vertex 0.9622860528495069 -7.241722357480819 -59.65083748532698
    vertex -1.017869941022171 -7.235470569263471 -59.63383184873801
    vertex -0.01591871615246525 -7.17190935845886 -61.34648370193956
  endloop
endfacet
facet normal 0.689552 -0.716516 -0.105468
  outer loop
    vertex 7.111622817902681 -7.564812346404493 -20.54906838169451
    vertex 6.353668239856514 -8.037369313512141 -22.29419247011465
    vertex 7.772363942651364 -6.689705834654292 -22.17432185590276
  endloop
endfacet
facet normal 0.675156 -0.730189 -0.104822
  outer loop
    vertex 7.142151941853609 -7.898426820014063 -17.16949538833759
    vertex 6.37314413934921 -8.358987690175782 -18.9143890004499
    vertex 7.819235228551777 -7.038617223200917 -18.79783247039798
  endloop
endfacet
facet normal 0.128696 -0.984852 -0.116209
  outer loop
    vertex 1.923519510894538 -7.186633388478895 -57.94539434569216
    vertex 0.9609793054731267 -7.51046675782817 -56.26692733230515
    vertex -0.01863179661679538 -7.437872835521081 -57.96702526986044
  endloop
endfacet
facet normal 0.133806 -0.990238 -0.0390603
  outer loop
    vertex 0.9652301543335055 -6.972907435295646 -63.03043983424279
    vertex 1.925430200156049 -6.910470142635079 -61.32403796300805
    vertex -0.01591871615246525 -7.17190935845886 -61.34648370193956
  endloop
endfacet
facet normal -0.496739 -0.861156 -0.107982
  outer loop
    vertex -3.893523042508094 -8.742215180343058 -30.87544821352819
    vertex -4.777345222728158 -8.448520988808667 -29.151896723445
    vertex -5.603528625991374 -7.765347046506956 -30.79959360375739
  endloop
endfacet
facet normal -0.741776 -0.662017 -0.107248
  outer loop
    vertex -7.069545641139219 -6.47212133649821 -30.68906027850888
    vertex -7.653210343474323 -5.556568171381143 -32.3036633534143
    vertex -6.352666633183198 -6.992507579816671 -32.4350896137027
  endloop
endfacet
facet normal -0.901171 -0.420529 -0.105097
  outer loop
    vertex -8.761634826211917 -4.242697535333622 -28.78183642488997
    vertex -9.057605106404884 -3.196449574515413 -30.43038463090101
    vertex -8.243567940345674 -4.911646519199935 -30.54739258168064
  endloop
endfacet
facet normal 0.858073 -0.511289 -0.047898
  outer loop
    vertex 7.588342669896089 -5.647087400901534 -32.28656054105932
    vertex 8.045752496720088 -4.72899442105949 -33.89246331517917
    vertex 8.608626656024324 -3.949566266542009 -32.12883642605539
  endloop
endfacet
facet normal -0.849536 -0.525126 -0.050315
  outer loop
    vertex -7.728824273989196 -5.898711920478771 -28.9367341441698
    vertex -8.761634826211917 -4.242697535333622 -28.78183642488997
    vertex -8.243567940345674 -4.911646519199935 -30.54739258168064
  endloop
endfacet
facet normal -0.662815 -0.747148 -0.0494564
  outer loop
    vertex -7.069545641139219 -6.47212133649821 -30.68906027850888
    vertex -6.352666633183198 -6.992507579816671 -32.4350896137027
    vertex -5.603528625991374 -7.765347046506956 -30.79959360375739
  endloop
endfacet
facet normal 0.733182 -0.671973 -0.104392
  outer loop
    vertex 7.86286844793235 -7.384089992737293 -15.41844759341695
    vertex 7.142151941853609 -7.898426820014063 -17.16949538833759
    vertex 8.475017194499991 -6.464237592236149 -17.04021077464522
  endloop
endfacet
facet normal 0.856509 -0.50481 -0.107508
  outer loop
    vertex 7.588342669896089 -5.647087400901534 -32.28656054105932
    vertex 8.608626656024324 -3.949566266542009 -32.12883642605539
    vertex 8.156275275115926 -5.058605997349265 -30.52512463061584
  endloop
endfacet
facet normal 0.837702 -0.543178 -0.0566823
  outer loop
    vertex 8.156275275115926 -5.058605997349265 -30.52512463061584
    vertex 8.599200116667394 -4.548413392725712 -28.86828619334781
    vertex 7.665829180802983 -5.982445999626401 -28.92035350206627
  endloop
endfacet
facet normal 0.791622 -0.608808 -0.0518419
  outer loop
    vertex 7.001697454797919 -6.547234997673629 -30.67366806617751
    vertex 7.588342669896089 -5.647087400901534 -32.28656054105932
    vertex 8.156275275115926 -5.058605997349265 -30.52512463061584
  endloop
endfacet
facet normal -0.51453 -0.851174 -0.10374
  outer loop
    vertex -6.520603478905715 -8.912784382657479 -12.15515146537663
    vertex -4.836082475947452 -9.920734973577634 -12.23992775416506
    vertex -5.707165911715427 -9.60594824737038 -10.50231376775431
  endloop
endfacet
facet normal 0.899476 -0.424353 -0.104243
  outer loop
    vertex 7.309225913023918 -2.500574737190659 -54.31735374665907
    vertex 7.107809218040376 -3.376003820435419 -52.49159830740297
    vertex 6.589250721410274 -4.041237490672887 -54.2580210930219
  endloop
endfacet
facet normal -0.589921 -0.800216 -0.107922
  outer loop
    vertex -6.352666633183198 -6.992507579816671 -32.4350896137027
    vertex -4.772525659142226 -8.144418572144417 -32.5312794176421
    vertex -5.603528625991374 -7.765347046506956 -30.79959360375739
  endloop
endfacet
facet normal -0.301822 -0.952118 -0.0487365
  outer loop
    vertex -2.974310882060334 -9.233851660205021 -29.21081765219568
    vertex -2.010825428421701 -9.624900608672601 -27.53806620190112
    vertex -3.912495024456173 -9.023977474024639 -27.50081900798563
  endloop
endfacet
facet normal -0.662245 -0.74155 -0.107402
  outer loop
    vertex -7.069545641139219 -6.47212133649821 -30.68906027850888
    vertex -5.603528625991374 -7.765347046506956 -30.79959360375739
    vertex -6.385794820710087 -7.318530007245208 -29.06112577956649
  endloop
endfacet
facet normal 0.74757 -0.65583 -0.105009
  outer loop
    vertex 7.819235228551777 -7.038617223200917 -18.79783247039798
    vertex 7.111622817902681 -7.564812346404493 -20.54906838169451
    vertex 8.412210489574669 -6.103562648979779 -20.41623435564989
  endloop
endfacet
facet normal 0.734458 -0.67682 -0.0498525
  outer loop
    vertex 6.267410763105436 -7.070843759388194 -32.41778562644678
    vertex 6.958105115052566 -6.201464121733484 -34.04514150860379
    vertex 7.588342669896089 -5.647087400901534 -32.28656054105932
  endloop
endfacet
facet normal 0.125251 -0.985347 -0.115771
  outer loop
    vertex 1.937911281636201 -7.459127868953497 -54.55083670445703
    vertex 0.9564713104902071 -7.778608140640728 -52.89348786500213
    vertex -0.02134501325524047 -7.703787155243504 -54.58818426762161
  endloop
endfacet
facet normal 0.828966 -0.556967 -0.0510237
  outer loop
    vertex 7.721224593853282 -6.337870249305483 -25.54849685444638
    vertex 8.271616729970125 -5.371029214472119 -27.16035526181407
    vertex 8.816841002345297 -4.721217662156294 -25.39552311183366
  endloop
endfacet
facet normal -0.00239184 -0.993272 -0.115783
  outer loop
    vertex 0.9609793054731267 -7.51046675782817 -56.26692733230515
    vertex -0.02134501325524047 -7.703787155243504 -54.58818426762161
    vertex -0.9989135263368841 -7.505020693450693 -56.27316032134419
  endloop
endfacet
facet normal -0.903575 -0.425331 -0.0514312
  outer loop
    vertex -9.057605106404884 -3.196449574515413 -30.43038463090101
    vertex -8.648008067339264 -3.858956040430034 -32.14758000383665
    vertex -8.243567940345674 -4.911646519199935 -30.54739258168064
  endloop
endfacet
facet normal -0.501814 -0.863221 -0.0550566
  outer loop
    vertex -4.843188486452363 -10.2142514376738 -8.839589368004164
    vertex -6.500431986665495 -9.255790230772959 -8.76213101680924
    vertex -5.707165911715427 -9.60594824737038 -10.50231376775431
  endloop
endfacet
facet normal 0.805849 -0.58971 -0.0533807
  outer loop
    vertex 7.54026114820129 -5.259800044348621 -35.65955419164299
    vertex 8.045752496720088 -4.72899442105949 -33.89246331517917
    vertex 6.958105115052566 -6.201464121733484 -34.04514150860379
  endloop
endfacet
facet normal 0.12458 -0.991351 -0.0412632
  outer loop
    vertex 0.9609793054731267 -7.51046675782817 -56.26692733230515
    vertex 1.937911281636201 -7.459127868953497 -54.55083670445703
    vertex -0.02134501325524047 -7.703787155243504 -54.58818426762161
  endloop
endfacet
facet normal -0.00291176 -0.999095 -0.0424301
  outer loop
    vertex 0.9564713104902071 -7.778608140640728 -52.89348786500213
    vertex -1.001460969321377 -7.772853562683424 -52.89462713263788
    vertex -0.02134501325524047 -7.703787155243504 -54.58818426762161
  endloop
endfacet
facet normal 0.733755 -0.670853 -0.107517
  outer loop
    vertex 7.001697454797919 -6.547234997673629 -30.67366806617751
    vertex 6.267410763105436 -7.070843759388194 -32.41778562644678
    vertex 7.588342669896089 -5.647087400901534 -32.28656054105932
  endloop
endfacet
facet normal -0.00285325 -0.993432 -0.114389
  outer loop
    vertex 0.9564713104902071 -7.778608140640728 -52.89348786500213
    vertex -0.02404495207323224 -7.969675224484779 -51.20967086650329
    vertex -1.001460969321377 -7.772853562683424 -52.89462713263788
  endloop
endfacet
facet normal 0.840786 -0.539608 -0.0436084
  outer loop
    vertex 6.589250721410274 -4.041237490672887 -54.2580210930219
    vertex 7.107809218040376 -3.376003820435419 -52.49159830740297
    vertex 6.048197429207342 -5.014387240594364 -52.64801434181462
  endloop
endfacet
facet normal 0.669493 -0.734862 -0.108433
  outer loop
    vertex 6.267410763105436 -7.070843759388194 -32.41778562644678
    vertex 5.496424477154089 -7.516449195174738 -34.15813546319354
    vertex 6.958105115052566 -6.201464121733484 -34.04514150860379
  endloop
endfacet
facet normal 0.805103 -0.583861 -0.104475
  outer loop
    vertex 6.958105115052566 -6.201464121733484 -34.04514150860379
    vertex 8.045752496720088 -4.72899442105949 -33.89246331517917
    vertex 7.588342669896089 -5.647087400901534 -32.28656054105932
  endloop
endfacet
facet normal -0.590318 -0.805686 -0.0489321
  outer loop
    vertex -6.352666633183198 -6.992507579816671 -32.4350896137027
    vertex -5.580896996956303 -7.452334542372768 -34.17450367759687
    vertex -4.772525659142226 -8.144418572144417 -32.5312794176421
  endloop
endfacet
facet normal -0.758059 -0.643104 -0.108459
  outer loop
    vertex -7.019758835820771 -6.129706701492325 -34.06086459087091
    vertex -7.591215246350956 -5.18361841996024 -35.67654524305394
    vertex -6.316775041080494 -6.663670148715065 -35.80814493464766
  endloop
endfacet
facet normal -0.907991 -0.416235 -0.0479761
  outer loop
    vertex -6.617239307187956 -3.992551237767176 -54.27569683688157
    vertex -7.345149330304126 -2.405578688556912 -54.26771832738179
    vertex -6.950535299180421 -3.082275080188592 -55.86521183473729
  endloop
endfacet
facet normal -0.00264556 -0.99915 -0.0411392
  outer loop
    vertex 0.9609793054731267 -7.51046675782817 -56.26692733230515
    vertex -0.9989135263368841 -7.505020693450693 -56.27316032134419
    vertex -0.01863179661679538 -7.437872835521081 -57.96702526986044
  endloop
endfacet
facet normal 0.903976 -0.424436 -0.0517752
  outer loop
    vertex 6.993881459954839 -2.984590755859935 -55.85535324217474
    vertex 7.309225913023918 -2.500574737190659 -54.31735374665907
    vertex 6.589250721410274 -4.041237490672887 -54.2580210930219
  endloop
endfacet
facet normal -0.678023 -0.733428 -0.0486559
  outer loop
    vertex -7.019758835820771 -6.129706701492325 -34.06086459087091
    vertex -6.316775041080494 -6.663670148715065 -35.80814493464766
    vertex -5.580896996956303 -7.452334542372768 -34.17450367759687
  endloop
endfacet
facet normal 0.870334 -0.48117 -0.104858
  outer loop
    vertex 7.626134282354412 -3.207151327165738 -47.355092227342
    vertex 7.214279396506114 -4.301004844083976 -45.75408346376302
    vertex 6.736683770569488 -4.779336164707711 -47.52323441851645
  endloop
endfacet
facet normal -0.873192 -0.475489 -0.106982
  outer loop
    vertex -6.775204421198724 -4.722237419218495 -47.54018890589661
    vertex -7.415234618479546 -3.931893481245155 -45.82897801392689
    vertex -7.640356583529398 -3.151805859049749 -47.45867097714883
  endloop
endfacet
facet normal -0.508777 -0.853924 -0.109362
  outer loop
    vertex -5.580896996956303 -7.452334542372768 -34.17450367759687
    vertex -3.873379658569392 -8.459663035814723 -34.25281929202009
    vertex -4.772525659142226 -8.144418572144417 -32.5312794176421
  endloop
endfacet
facet normal 0.873968 -0.47391 -0.107651
  outer loop
    vertex 8.517481788068947 -3.489484298135288 -35.51938335286712
    vertex 8.045752496720088 -4.72899442105949 -33.89246331517917
    vertex 7.54026114820129 -5.259800044348621 -35.65955419164299
  endloop
endfacet
facet normal 0.855908 -0.50384 -0.116478
  outer loop
    vertex 5.973146165257117 -4.689927194213208 -55.97930816991529
    vertex 6.993881459954839 -2.984590755859935 -55.85535324217474
    vertex 6.589250721410274 -4.041237490672887 -54.2580210930219
  endloop
endfacet
facet normal 0.596212 -0.801411 -0.0476617
  outer loop
    vertex 6.251152096844163 -6.726860102636181 -35.79333697009812
    vertex 4.66619927047443 -7.900167378667756 -35.8912648814715
    vertex 5.487614115884125 -7.191322737237951 -37.534890522174
  endloop
endfacet
facet normal 0.119348 -0.991918 -0.0430574
  outer loop
    vertex 0.9564713104902071 -7.778608140640728 -52.89348786500213
    vertex 1.919758165184754 -7.736670252569248 -51.18955530752545
    vertex -0.02404495207323224 -7.969675224484779 -51.20967086650329
  endloop
endfacet
facet normal -0.497074 -0.86633 -0.0488938
  outer loop
    vertex -4.772525659142226 -8.144418572144417 -32.5312794176421
    vertex -3.893523042508094 -8.742215180343058 -30.87544821352819
    vertex -5.603528625991374 -7.765347046506956 -30.79959360375739
  endloop
endfacet
facet normal 0.499735 -0.859319 -0.108794
  outer loop
    vertex 4.667678766502251 -8.206429674524458 -32.51502175372255
    vertex 3.789998158979568 -8.49844552664787 -34.24005555503074
    vertex 5.496424477154089 -7.516449195174738 -34.15813546319354
  endloop
endfacet
facet normal 0.119406 -0.986306 -0.113765
  outer loop
    vertex 1.919758165184754 -7.736670252569248 -51.18955530752545
    vertex 0.9536306531980095 -8.046752912360793 -49.51526848876166
    vertex -0.02404495207323224 -7.969675224484779 -51.20967086650329
  endloop
endfacet
facet normal -0.67739 -0.727623 -0.108202
  outer loop
    vertex -6.352666633183198 -6.992507579816671 -32.4350896137027
    vertex -7.019758835820771 -6.129706701492325 -34.06086459087091
    vertex -5.580896996956303 -7.452334542372768 -34.17450367759687
  endloop
endfacet
facet normal -0.775352 -0.629738 -0.0475443
  outer loop
    vertex -6.277917135588305 -6.331702273772142 -39.18049076243898
    vertex -7.514037435881954 -4.819987647774829 -39.0449498356861
    vertex -6.907635855389293 -5.433957675687763 -40.80193066405496
  endloop
endfacet
facet normal -0.823066 -0.558676 -0.102192
  outer loop
    vertex -7.591215246350956 -5.18361841996024 -35.67654524305394
    vertex -7.938454165826246 -4.378611707903564 -37.28074818403922
    vertex -6.965951199983022 -5.783723809004814 -37.43176257543938
  endloop
endfacet
facet normal -0.811339 -0.582087 -0.0538846
  outer loop
    vertex -7.019758835820771 -6.129706701492325 -34.06086459087091
    vertex -8.084849649386678 -4.659136635257126 -33.90960118332518
    vertex -7.591215246350956 -5.18361841996024 -35.67654524305394
  endloop
endfacet
facet normal -0.856295 -0.504745 -0.109504
  outer loop
    vertex -6.617239307187956 -3.992551237767176 -54.27569683688157
    vertex -6.950535299180421 -3.082275080188592 -55.86521183473729
    vertex -6.024468571938078 -4.616776062120564 -56.03374115331067
  endloop
endfacet
facet normal -0.00309733 -0.993568 -0.113198
  outer loop
    vertex 0.9536306531980095 -8.046752912360793 -49.51526848876166
    vertex -0.02680479169641996 -8.235549415653962 -47.83132557949374
    vertex -1.004098602112472 -8.040522786871714 -49.51638430996075
  endloop
endfacet
facet normal 0.670098 -0.740695 -0.0483753
  outer loop
    vertex 5.496424477154089 -7.516449195174738 -34.15813546319354
    vertex 6.251152096844163 -6.726860102636181 -35.79333697009812
    vertex 6.958105115052566 -6.201464121733484 -34.04514150860379
  endloop
endfacet
facet normal 0.824151 -0.555949 -0.108147
  outer loop
    vertex 6.910275460083952 -5.852086036640558 -37.41570863785181
    vertex 8.004177156156471 -4.26079989599446 -37.25974627487169
    vertex 7.54026114820129 -5.259800044348621 -35.65955419164299
  endloop
endfacet
facet normal 0.513736 -0.850842 -0.110198
  outer loop
    vertex 5.487614115884125 -7.191322737237951 -37.534890522174
    vertex 4.66619927047443 -7.900167378667756 -35.8912648814715
    vertex 3.784681078599229 -8.209293344499493 -37.61408511601118
  endloop
endfacet
facet normal 0.752501 -0.656808 -0.0484277
  outer loop
    vertex 6.251152096844163 -6.726860102636181 -35.79333697009812
    vertex 6.910275460083952 -5.852086036640558 -37.41570863785181
    vertex 7.54026114820129 -5.259800044348621 -35.65955419164299
  endloop
endfacet
facet normal -0.759017 -0.649269 -0.048402
  outer loop
    vertex -7.591215246350956 -5.18361841996024 -35.67654524305394
    vertex -6.965951199983022 -5.783723809004814 -37.43176257543938
    vertex -6.316775041080494 -6.663670148715065 -35.80814493464766
  endloop
endfacet
facet normal 0.115158 -0.992363 -0.0442117
  outer loop
    vertex 0.9536306531980095 -8.046752912360793 -49.51526848876166
    vertex 1.917814823964231 -8.010754024216519 -47.81188677890083
    vertex -0.02680479169641996 -8.235549415653962 -47.83132557949374
  endloop
endfacet
facet normal -0.346708 -0.936457 -0.0533155
  outer loop
    vertex -2.988658395582911 -10.89805314670406 -8.888922819210945
    vertex -4.843188486452363 -10.2142514376738 -8.839589368004164
    vertex -3.93014978793493 -10.45381674699401 -10.56920842674803
  endloop
endfacet
facet normal 0.75165 -0.650588 -0.108434
  outer loop
    vertex 6.251152096844163 -6.726860102636181 -35.79333697009812
    vertex 7.54026114820129 -5.259800044348621 -35.65955419164299
    vertex 6.958105115052566 -6.201464121733484 -34.04514150860379
  endloop
endfacet
facet normal -0.780512 -0.614636 -0.11412
  outer loop
    vertex -6.084727788628646 -4.967978713718447 -52.66422631924881
    vertex -6.617239307187956 -3.992551237767176 -54.27569683688157
    vertex -5.396809541238369 -5.516896809923876 -54.41275985329779
  endloop
endfacet
facet normal 0.876086 -0.479987 -0.0456673
  outer loop
    vertex 8.004177156156471 -4.26079989599446 -37.25974627487169
    vertex 8.517481788068947 -3.489484298135288 -35.51938335286712
    vertex 7.54026114820129 -5.259800044348621 -35.65955419164299
  endloop
endfacet
facet normal 0.115215 -0.986946 -0.112527
  outer loop
    vertex 1.917814823964231 -8.010754024216519 -47.81188677890083
    vertex 0.952500937403544 -8.314904942990886 -46.13263026739374
    vertex -0.02680479169641996 -8.235549415653962 -47.83132557949374
  endloop
endfacet
facet normal -0.862422 -0.494998 -0.105854
  outer loop
    vertex -9.467984339356065 -4.314125533972587 -20.27226951984683
    vertex -8.462237736785804 -6.031213574301 -20.43687115037757
    vertex -9.060851151208828 -5.366191495566891 -18.66959326404771
  endloop
endfacet
facet normal 0.77608 -0.62023 -0.114084
  outer loop
    vertex 5.357786350750336 -5.556449779526755 -54.3976923613995
    vertex 6.589250721410274 -4.041237490672887 -54.2580210930219
    vertex 6.048197429207342 -5.014387240594364 -52.64801434181462
  endloop
endfacet
facet normal 0.923948 -0.366313 -0.110163
  outer loop
    vertex 8.004177156156471 -4.26079989599446 -37.25974627487169
    vertex 8.748596988193826 -2.437751918732498 -37.07820264167973
    vertex 8.517481788068947 -3.489484298135288 -35.51938335286712
  endloop
endfacet
facet normal 0.595779 -0.795686 -0.109231
  outer loop
    vertex 5.496424477154089 -7.516449195174738 -34.15813546319354
    vertex 4.66619927047443 -7.900167378667756 -35.8912648814715
    vertex 6.251152096844163 -6.726860102636181 -35.79333697009812
  endloop
endfacet
facet normal 0.884531 -0.454278 -0.106001
  outer loop
    vertex 8.816841002345297 -4.721217662156294 -25.39552311183366
    vertex 8.271616729970125 -5.371029214472119 -27.16035526181407
    vertex 9.178883690063481 -3.644149840637034 -26.9903218249096
  endloop
endfacet
facet normal 0.871559 -0.487809 -0.0492638
  outer loop
    vertex 7.125148321143367 -3.924199288895284 -49.11818650979976
    vertex 7.626134282354412 -3.207151327165738 -47.355092227342
    vertex 6.736683770569488 -4.779336164707711 -47.52323441851645
  endloop
endfacet
facet normal 0.580127 -0.813061 -0.048821
  outer loop
    vertex 6.267410763105436 -7.070843759388194 -32.41778562644678
    vertex 4.667678766502251 -8.206429674524458 -32.51502175372255
    vertex 5.496424477154089 -7.516449195174738 -34.15813546319354
  endloop
endfacet
facet normal -0.823785 -0.564023 -0.0570695
  outer loop
    vertex -7.938454165826246 -4.378611707903564 -37.28074818403922
    vertex -7.514037435881954 -4.819987647774829 -39.0449498356861
    vertex -6.965951199983022 -5.783723809004814 -37.43176257543938
  endloop
endfacet
facet normal 0.499932 -0.864732 -0.0480306
  outer loop
    vertex 3.789998158979568 -8.49844552664787 -34.24005555503074
    vertex 4.66619927047443 -7.900167378667756 -35.8912648814715
    vertex 5.496424477154089 -7.516449195174738 -34.15813546319354
  endloop
endfacet
facet normal -0.875859 -0.479865 -0.0509901
  outer loop
    vertex -6.775204421198724 -4.722237419218495 -47.54018890589661
    vertex -7.640356583529398 -3.151805859049749 -47.45867097714883
    vertex -7.240154190343914 -3.703042591939835 -49.14530843928534
  endloop
endfacet
facet normal -0.993013 -0.0910299 -0.0750922
  outer loop
    vertex -8.859110112515516 -1.602802699341219 -38.0813427633709
    vertex -9.000267594946544 -1.6967128977054 -36.1008453134139
    vertex -9.082278186014028 1.112258290946791e-15 -37.07317073170739
  endloop
endfacet
facet normal -0.00315441 -0.999043 -0.043626
  outer loop
    vertex 0.9536306531980095 -8.046752912360793 -49.51526848876166
    vertex -1.004098602112472 -8.040522786871714 -49.51638430996075
    vertex -0.02404495207323224 -7.969675224484779 -51.20967086650329
  endloop
endfacet
facet normal 0.83938 -0.532414 -0.109441
  outer loop
    vertex 6.048197429207342 -5.014387240594364 -52.64801434181462
    vertex 7.107809218040376 -3.376003820435419 -52.49159830740297
    vertex 6.556209076454613 -4.576438246204104 -50.88227955939055
  endloop
endfacet
facet normal -0.902569 -0.426838 -0.0563725
  outer loop
    vertex -7.430322898980941 -4.452137181993892 -42.41259273043968
    vertex -8.182610298563988 -2.88569778324189 -42.2285510210243
    vertex -7.842245595339423 -3.367107718942627 -44.03295044838173
  endloop
endfacet
facet normal -0.00442727 -0.999017 -0.0441173
  outer loop
    vertex 0.952500937403544 -8.314904942990886 -46.13263026739374
    vertex -1.029498925708131 -8.30662217223081 -46.12129169782936
    vertex -0.02680479169641996 -8.235549415653962 -47.83132557949374
  endloop
endfacet
facet normal -0.693809 -0.71857 -0.0478082
  outer loop
    vertex -6.965951199983022 -5.783723809004814 -37.43176257543938
    vertex -6.277917135588305 -6.331702273772142 -39.18049076243898
    vertex -5.556367046287773 -7.136954387870007 -37.54872605973381
  endloop
endfacet
facet normal -0.00479936 -0.993567 -0.11314
  outer loop
    vertex 0.952500937403544 -8.314904942990886 -46.13263026739374
    vertex -0.02955292872737409 -8.501415321742117 -44.45308053772007
    vertex -1.029498925708131 -8.30662217223081 -46.12129169782936
  endloop
endfacet
facet normal 0.899463 -0.433586 -0.0544985
  outer loop
    vertex 7.811261537554213 -3.448404032458318 -43.9815493208032
    vertex 8.168591549764509 -2.930189186575188 -42.20692817962458
    vertex 7.390701264845633 -4.520272078584169 -42.39491751675242
  endloop
endfacet
facet normal -0.774283 -0.623326 -0.109316
  outer loop
    vertex -6.965951199983022 -5.783723809004814 -37.43176257543938
    vertex -7.514037435881954 -4.819987647774829 -39.0449498356861
    vertex -6.277917135588305 -6.331702273772142 -39.18049076243898
  endloop
endfacet
facet normal 0.111288 -0.987509 -0.111541
  outer loop
    vertex 1.915832642695853 -8.28430503975617 -44.43425867320903
    vertex 0.9480153794702736 -8.582589246695504 -42.75906711071923
    vertex -0.02955292872737409 -8.501415321742117 -44.45308053772007
  endloop
endfacet
facet normal 0.815041 -0.569473 -0.106813
  outer loop
    vertex 6.097533425239278 -5.364922543610144 -49.27824159708587
    vertex 7.125148321143367 -3.924199288895284 -49.11818650979976
    vertex 6.736683770569488 -4.779336164707711 -47.52323441851645
  endloop
endfacet
facet normal 0.785472 -0.609009 -0.110193
  outer loop
    vertex 6.182080310561482 -6.05340369151303 -42.53691556516319
    vertex 7.390701264845633 -4.520272078584169 -42.39491751675242
    vertex 6.85781841443476 -5.498754673962248 -40.7855610373703
  endloop
endfacet
facet normal 0.0816966 -0.991249 -0.10369
  outer loop
    vertex 0.9147233708429133 -11.26126538030497 -8.915250023915638
    vertex -0.06867933366619527 -11.16393755269836 -10.62049641763204
    vertex 1.890409293959715 -11.00442182975111 -10.6018730242243
  endloop
endfacet
facet normal -0.790938 -0.601887 -0.110223
  outer loop
    vertex -6.907635855389293 -5.433957675687763 -40.80193066405496
    vertex -7.430322898980941 -4.452137181993892 -42.41259273043968
    vertex -6.235702121951044 -5.996410891845487 -42.55225456350878
  endloop
endfacet
facet normal -0.800272 -0.597585 -0.0495662
  outer loop
    vertex -8.243567940345674 -4.911646519199935 -30.54739258168064
    vertex -7.653210343474323 -5.556568171381143 -32.3036633534143
    vertex -7.069545641139219 -6.47212133649821 -30.68906027850888
  endloop
endfacet
facet normal 0.858169 -0.501197 -0.111119
  outer loop
    vertex 6.800152475823402 -5.14126886034038 -44.15473649979022
    vertex 7.811261537554213 -3.448404032458318 -43.9815493208032
    vertex 7.390701264845633 -4.520272078584169 -42.39491751675242
  endloop
endfacet
facet normal -0.862592 -0.493529 -0.111193
  outer loop
    vertex -7.430322898980941 -4.452137181993892 -42.41259273043968
    vertex -7.842245595339423 -3.367107718942627 -44.03295044838173
    vertex -6.844249357564426 -5.080219092683429 -44.1713892647575
  endloop
endfacet
facet normal -0.81571 -0.577177 -0.0385168
  outer loop
    vertex -6.189741874481728 -5.657547100468263 -45.92344546637487
    vertex -7.415234618479546 -3.931893481245155 -45.82897801392689
    vertex -6.775204421198724 -4.722237419218495 -47.54018890589661
  endloop
endfacet
facet normal -0.825419 -0.553257 -0.112202
  outer loop
    vertex -6.775204421198724 -4.722237419218495 -47.54018890589661
    vertex -7.240154190343914 -3.703042591939835 -49.14530843928534
    vertex -6.139574993602102 -5.314853697735437 -49.29408844852021
  endloop
endfacet
facet normal -0.0051187 -0.998978 -0.0449153
  outer loop
    vertex 0.9480153794702736 -8.582589246695504 -42.75906711071923
    vertex -1.038599624608859 -8.572817295148401 -42.75000721716643
    vertex -0.02955292872737409 -8.501415321742117 -44.45308053772007
  endloop
endfacet
facet normal 0.686177 -0.719218 -0.109025
  outer loop
    vertex 6.251152096844163 -6.726860102636181 -35.79333697009812
    vertex 5.487614115884125 -7.191322737237951 -37.534890522174
    vertex 6.910275460083952 -5.852086036640558 -37.41570863785181
  endloop
endfacet
facet normal -0.00539909 -0.993681 -0.112109
  outer loop
    vertex 0.9480153794702736 -8.582589246695504 -42.75906711071923
    vertex -0.03232605764785205 -8.767278946276278 -41.07485833838906
    vertex -1.038599624608859 -8.572817295148401 -42.75000721716643
  endloop
endfacet
facet normal 0.797661 -0.600782 -0.0528993
  outer loop
    vertex 6.736683770569488 -4.779336164707711 -47.52323441851645
    vertex 7.214279396506114 -4.301004844083976 -45.75408346376302
    vertex 6.141971474758501 -5.711175177802638 -45.90784607967782
  endloop
endfacet
facet normal 0.686773 -0.725297 -0.0478321
  outer loop
    vertex 5.487614115884125 -7.191322737237951 -37.534890522174
    vertex 6.218329236110493 -6.3918907105887 -39.16539489761811
    vertex 6.910275460083952 -5.852086036640558 -37.41570863785181
  endloop
endfacet
facet normal -0.619512 -0.777293 -0.109641
  outer loop
    vertex -6.277917135588305 -6.331702273772142 -39.18049076243898
    vertex -4.742266703252765 -7.54126816319065 -39.2823396528422
    vertex -5.556367046287773 -7.136954387870007 -37.54872605973381
  endloop
endfacet
facet normal 0.111233 -0.992766 -0.0452053
  outer loop
    vertex 0.952500937403544 -8.314904942990886 -46.13263026739374
    vertex 1.915832642695853 -8.28430503975617 -44.43425867320903
    vertex -0.02955292872737409 -8.501415321742117 -44.45308053772007
  endloop
endfacet
facet normal 0.107545 -0.993121 -0.0463058
  outer loop
    vertex 0.9480153794702736 -8.582589246695504 -42.75906711071923
    vertex 1.913777067243576 -8.557387048374592 -41.05660584933835
    vertex -0.03232605764785205 -8.767278946276278 -41.07485833838906
  endloop
endfacet
facet normal -0.709399 -0.696179 -0.109945
  outer loop
    vertex -6.277917135588305 -6.331702273772142 -39.18049076243898
    vertex -6.907635855389293 -5.433957675687763 -40.80193066405496
    vertex -5.529717749266642 -6.819015288588893 -40.9224108938639
  endloop
endfacet
facet normal -0.286964 -0.950413 -0.119862
  outer loop
    vertex -0.992554131918183 -6.700062904813078 -66.41300815700519
    vertex -1.942114703918431 -6.629349461688355 -64.70034416934851
    vertex -2.870858663550365 -6.138513284358552 -66.36877677236045
  endloop
endfacet
facet normal 0.107598 -0.98804 -0.110453
  outer loop
    vertex 1.913777067243576 -8.557387048374592 -41.05660584933835
    vertex 0.9466460634058358 -8.850502733803532 -39.3767166150224
    vertex -0.03232605764785205 -8.767278946276278 -41.07485833838906
  endloop
endfacet
facet normal -0.743771 -0.659001 -0.111904
  outer loop
    vertex -6.189741874481728 -5.657547100468263 -45.92344546637487
    vertex -6.775204421198724 -4.722237419218495 -47.54018890589661
    vertex -5.469135494220647 -6.174536924846059 -47.6684076511005
  endloop
endfacet
facet normal 0.703617 -0.709028 -0.0469347
  outer loop
    vertex 5.467085459319818 -6.870746647238062 -40.9083477725486
    vertex 6.182080310561482 -6.05340369151303 -42.53691556516319
    vertex 6.85781841443476 -5.498754673962248 -40.7855610373703
  endloop
endfacet
facet normal -0.693104 -0.712542 -0.109048
  outer loop
    vertex -6.965951199983022 -5.783723809004814 -37.43176257543938
    vertex -5.556367046287773 -7.136954387870007 -37.54872605973381
    vertex -6.316775041080494 -6.663670148715065 -35.80814493464766
  endloop
endfacet
facet normal -0.710188 -0.702447 -0.0469089
  outer loop
    vertex -6.907635855389293 -5.433957675687763 -40.80193066405496
    vertex -6.235702121951044 -5.996410891845487 -42.55225456350878
    vertex -5.529717749266642 -6.819015288588893 -40.9224108938639
  endloop
endfacet
facet normal -0.00523884 -0.993796 -0.111095
  outer loop
    vertex 0.9466460634058358 -8.850502733803532 -39.3767166150224
    vertex -0.03511915676606112 -9.033142687293283 -37.69662901013878
    vertex -1.037078263716929 -8.841133827873824 -39.36698053554767
  endloop
endfacet
facet normal 0.70294 -0.702704 -0.10992
  outer loop
    vertex 5.467085459319818 -6.870746647238062 -40.9083477725486
    vertex 6.85781841443476 -5.498754673962248 -40.7855610373703
    vertex 6.218329236110493 -6.3918907105887 -39.16539489761811
  endloop
endfacet
facet normal 0.103979 -0.993457 -0.0472366
  outer loop
    vertex 0.9466460634058358 -8.850502733803532 -39.3767166150224
    vertex 1.91120524320723 -8.830467167345397 -37.67485976841279
    vertex -0.03511915676606112 -9.033142687293283 -37.69662901013878
  endloop
endfacet
facet normal 0.786559 -0.61575 -0.0466655
  outer loop
    vertex 6.182080310561482 -6.05340369151303 -42.53691556516319
    vertex 6.800152475823402 -5.14126886034038 -44.15473649979022
    vertex 7.390701264845633 -4.520272078584169 -42.39491751675242
  endloop
endfacet
facet normal -0.864752 -0.499861 -0.0484092
  outer loop
    vertex -7.842245595339423 -3.367107718942627 -44.03295044838173
    vertex -7.415234618479546 -3.931893481245155 -45.82897801392689
    vertex -6.844249357564426 -5.080219092683429 -44.1713892647575
  endloop
endfacet
facet normal -0.433461 -0.89442 -0.110112
  outer loop
    vertex -4.742266703252765 -7.54126816319065 -39.2823396528422
    vertex -2.962443332739089 -8.396345981939186 -39.34306180248033
    vertex -3.856143895372767 -8.175682524224836 -37.61737258112871
  endloop
endfacet
facet normal 0.859671 -0.508883 -0.0447576
  outer loop
    vertex 6.800152475823402 -5.14126886034038 -44.15473649979022
    vertex 7.214279396506114 -4.301004844083976 -45.75408346376302
    vertex 7.811261537554213 -3.448404032458318 -43.9815493208032
  endloop
endfacet
facet normal 0.738298 -0.665132 -0.111874
  outer loop
    vertex 5.418547953697307 -6.220491326897131 -47.65390925596175
    vertex 6.736683770569488 -4.779336164707711 -47.52323441851645
    vertex 6.141971474758501 -5.711175177802638 -45.90784607967782
  endloop
endfacet
facet normal -0.792134 -0.608562 -0.0466353
  outer loop
    vertex -7.430322898980941 -4.452137181993892 -42.41259273043968
    vertex -6.844249357564426 -5.080219092683429 -44.1713892647575
    vertex -6.235702121951044 -5.996410891845487 -42.55225456350878
  endloop
endfacet
facet normal -0.522144 -0.851583 -0.0465911
  outer loop
    vertex -4.742266703252765 -7.54126816319065 -39.2823396528422
    vertex -3.856143895372767 -8.175682524224836 -37.61737258112871
    vertex -5.556367046287773 -7.136954387870007 -37.54872605973381
  endloop
endfacet
facet normal -0.620005 -0.783176 -0.0472098
  outer loop
    vertex -6.277917135588305 -6.331702273772142 -39.18049076243898
    vertex -5.529717749266642 -6.819015288588893 -40.9224108938639
    vertex -4.742266703252765 -7.54126816319065 -39.2823396528422
  endloop
endfacet
facet normal -0.990051 -0.117227 -0.0778304
  outer loop
    vertex -6.964501116862539 -1.671952644911647 -61.4677775698442
    vertex -7.107390257458664 -1.70772071190232 -59.59626649709016
    vertex -7.239506514022874 8.865838479804526e-16 -60.48780487804882
  endloop
endfacet
facet normal -0.00494409 -0.998924 -0.0461058
  outer loop
    vertex 0.9466460634058358 -8.850502733803532 -39.3767166150224
    vertex -1.037078263716929 -8.841133827873824 -39.36698053554767
    vertex -0.03232605764785205 -8.767278946276278 -41.07485833838906
  endloop
endfacet
facet normal -0.325257 -0.944423 -0.0476808
  outer loop
    vertex -2.962443332739089 -8.396345981939186 -39.34306180248033
    vertex -2.010656071991864 -8.808370397093507 -37.67466919710407
    vertex -3.856143895372767 -8.175682524224836 -37.61737258112871
  endloop
endfacet
facet normal 0.51413 -0.856442 -0.0466641
  outer loop
    vertex 5.487614115884125 -7.191322737237951 -37.534890522174
    vertex 3.784681078599229 -8.209293344499493 -37.61408511601118
    vertex 4.662096171545594 -7.592518083508629 -39.26689901296319
  endloop
endfacet
facet normal -0.862034 -0.495229 -0.107913
  outer loop
    vertex -8.648008067339264 -3.858956040430034 -32.14758000383665
    vertex -7.653210343474323 -5.556568171381143 -32.3036633534143
    vertex -8.243567940345674 -4.911646519199935 -30.54739258168064
  endloop
endfacet
facet normal 0.104161 -0.988503 -0.109604
  outer loop
    vertex 1.91120524320723 -8.830467167345397 -37.67485976841279
    vertex 0.9423878867745004 -9.117939696140207 -36.00289459636224
    vertex -0.03511915676606112 -9.033142687293283 -37.69662901013878
  endloop
endfacet
facet normal -0.718165 -0.686869 -0.111581
  outer loop
    vertex -5.347631612280109 -5.190724441180445 -57.78058983375487
    vertex -5.870241271389158 -4.382695908730012 -59.39098629383837
    vertex -4.605005991431455 -5.684173171322655 -59.52276792129358
  endloop
endfacet
facet normal -0.756871 -0.651652 -0.0499512
  outer loop
    vertex -5.434614533195344 -5.847506749666508 -51.04075971493867
    vertex -6.619008704253336 -4.482688255229442 -50.8996779386934
    vertex -6.084727788628646 -4.967978713718447 -52.66422631924881
  endloop
endfacet
facet normal 0.101145 -0.993688 -0.0485173
  outer loop
    vertex 0.9423878867745004 -9.117939696140207 -36.00289459636224
    vertex 1.908318347392401 -9.102944179427304 -34.29632073762043
    vertex -0.0306851688531586 -9.299560061689508 -34.31169948464437
  endloop
endfacet
facet normal -0.00399529 -0.998854 -0.0477019
  outer loop
    vertex 0.9423878867745004 -9.117939696140207 -36.00289459636224
    vertex -1.015005921357935 -9.110062744706708 -36.00389193825929
    vertex -0.03511915676606112 -9.033142687293283 -37.69662901013878
  endloop
endfacet
facet normal 0.611617 -0.783465 -0.110033
  outer loop
    vertex 5.487614115884125 -7.191322737237951 -37.534890522174
    vertex 4.662096171545594 -7.592518083508629 -39.26689901296319
    vertex 6.218329236110493 -6.3918907105887 -39.16539489761811
  endloop
endfacet
facet normal 0.207519 -0.972149 -0.108915
  outer loop
    vertex 0.9423878867745004 -9.117939696140207 -36.00289459636224
    vertex 2.852571252161936 -8.714684072256345 -35.96272936624577
    vertex 1.908318347392401 -9.102944179427304 -34.29632073762043
  endloop
endfacet
facet normal 0.423828 -0.89898 -0.110475
  outer loop
    vertex 3.784681078599229 -8.209293344499493 -37.61408511601118
    vertex 2.870409610165147 -8.42908020849344 -39.33310967670534
    vertex 4.662096171545594 -7.592518083508629 -39.26689901296319
  endloop
endfacet
facet normal -0.686408 -0.718191 -0.114216
  outer loop
    vertex -5.434614533195344 -5.847506749666508 -51.04075971493867
    vertex -6.084727788628646 -4.967978713718447 -52.66422631924881
    vertex -4.655750955113429 -6.315831740036218 -52.77669071750994
  endloop
endfacet
facet normal -0.744767 -0.665809 -0.0449435
  outer loop
    vertex -6.775204421198724 -4.722237419218495 -47.54018890589661
    vertex -6.139574993602102 -5.314853697735437 -49.29408844852021
    vertex -5.469135494220647 -6.174536924846059 -47.6684076511005
  endloop
endfacet
facet normal -0.00394464 -0.994032 -0.10902
  outer loop
    vertex 0.9423878867745004 -9.117939696140207 -36.00289459636224
    vertex -0.0306851688531586 -9.299560061689508 -34.31169948464437
    vertex -1.015005921357935 -9.110062744706708 -36.00389193825929
  endloop
endfacet
facet normal 0.101139 -0.988942 -0.108462
  outer loop
    vertex 1.908318347392401 -9.102944179427304 -34.29632073762043
    vertex 0.9372224092683599 -9.385988075745614 -32.62109154491479
    vertex -0.0306851688531586 -9.299560061689508 -34.31169948464437
  endloop
endfacet
facet normal 0.815727 -0.576271 -0.0500156
  outer loop
    vertex 6.097533425239278 -5.364922543610144 -49.27824159708587
    vertex 6.556209076454613 -4.576438246204104 -50.88227955939055
    vertex 7.125148321143367 -3.924199288895284 -49.11818650979976
  endloop
endfacet
facet normal -0.433865 -0.899778 -0.0464819
  outer loop
    vertex -3.879429360175922 -7.868139471451715 -41.00867132656933
    vertex -2.962443332739089 -8.396345981939186 -39.34306180248033
    vertex -4.742266703252765 -7.54126816319065 -39.2823396528422
  endloop
endfacet
facet normal -0.00451127 -0.998814 -0.048479
  outer loop
    vertex 0.9372224092683599 -9.385988075745614 -32.62109154491479
    vertex -1.020995729491009 -9.376982606594911 -32.62440728224158
    vertex -0.0306851688531586 -9.299560061689508 -34.31169948464437
  endloop
endfacet
facet normal -0.537641 -0.841885 -0.0466086
  outer loop
    vertex -5.529717749266642 -6.819015288588893 -40.9224108938639
    vertex -4.725118429649592 -7.236800551566676 -42.65724513804359
    vertex -3.879429360175922 -7.868139471451715 -41.00867132656933
  endloop
endfacet
facet normal 0.73918 -0.672005 -0.0449745
  outer loop
    vertex 5.418547953697307 -6.220491326897131 -47.65390925596175
    vertex 6.097533425239278 -5.364922543610144 -49.27824159708587
    vertex 6.736683770569488 -4.779336164707711 -47.52323441851645
  endloop
endfacet
facet normal -0.991058 -0.108261 -0.077998
  outer loop
    vertex -6.932377902024348 8.489714408193961e-16 -64.39024390243907
    vertex -6.843288156618671 -1.513146868591406 -63.421993000854
    vertex -7.085942208023612 8.677776443999245e-16 -62.43902439024394
  endloop
endfacet
facet normal 0.991081 -0.108052 -0.0779997
  outer loop
    vertex 7.085942208023612 0 -62.43902439024394
    vertex 6.844178879543534 -1.510314770432628 -63.41870346387369
    vertex 6.932377902024348 0 -64.39024390243907
  endloop
endfacet
facet normal -0.988365 -0.130703 -0.077786
  outer loop
    vertex -7.393070820022137 9.053900515609807e-16 -58.5365853658537
    vertex -7.213164966967396 -1.94172208364752 -57.55984440841078
    vertex -7.5466351260214 9.241962551415088e-16 -56.58536585365859
  endloop
endfacet
facet normal 0.987394 -0.137891 -0.0777096
  outer loop
    vertex 7.5466351260214 0 -56.58536585365859
    vertex 7.19424800634932 -2.049346220125364 -57.42641925060338
    vertex 7.393070820022137 0 -58.5365853658537
  endloop
endfacet
facet normal -0.991244 -0.10653 -0.0780126
  outer loop
    vertex -7.853763738019925 9.618086623025653e-16 -52.68292682926835
    vertex -7.750530384585581 -1.685385233185765 -51.69314954555954
    vertex -8.007328044019189 9.806148658830934e-16 -50.73170731707322
  endloop
endfacet
facet normal 0.991652 -0.102638 -0.0780447
  outer loop
    vertex 8.007328044019189 0 -50.73170731707322
    vertex 7.765901842508922 -1.624988182810335 -51.66225775902949
    vertex 7.853763738019925 0 -52.68292682926835
  endloop
endfacet
facet normal -0.990025 -0.117388 -0.0779166
  outer loop
    vertex -8.314456656017715 1.01822727304415e-15 -46.82926829268299
    vertex -8.160711811486303 -1.962835973266092 -45.82560854075989
    vertex -8.468020962016977 1.037033476624678e-15 -44.87804878048787
  endloop
endfacet
facet normal 0.992785 -0.090952 -0.0781339
  outer loop
    vertex 8.468020962016977 0 -44.87804878048787
    vertex 8.246687415285212 -1.523795956073968 -45.91657890634067
    vertex 8.314456656017715 0 -46.82926829268299
  endloop
endfacet
facet normal -0.990432 -0.113878 -0.0779487
  outer loop
    vertex -8.775149574015503 1.074645883785734e-15 -40.97560975609763
    vertex -8.603532253103063 -2.004938085297723 -40.22713369369379
    vertex -8.928713880014765 1.093452087366263e-15 -39.02439024390252
  endloop
endfacet
facet normal 0.990875 -0.109929 -0.0779836
  outer loop
    vertex 8.928713880014765 0 -39.02439024390252
    vertex 8.623218488805549 -1.937187044461155 -40.17533245150621
    vertex 8.775149574015503 0 -40.97560975609763
  endloop
endfacet
facet normal 0.797056 -0.594535 -0.105971
  outer loop
    vertex 6.141971474758501 -5.711175177802638 -45.90784607967782
    vertex 7.214279396506114 -4.301004844083976 -45.75408346376302
    vertex 6.800152475823402 -5.14126886034038 -44.15473649979022
  endloop
endfacet
facet normal 0.201424 -0.973494 -0.10834
  outer loop
    vertex 0.9372224092683599 -9.385988075745614 -32.62109154491479
    vertex 2.856801169058663 -8.992068324892756 -32.59183217171898
    vertex 1.907350056952017 -9.374210337055443 -30.9232843920967
  endloop
endfacet
facet normal -0.992584 -0.0931409 -0.078118
  outer loop
    vertex -9.23584249201329 1.131064494527319e-15 -35.12195121951227
    vertex -9.145015323887437 -1.731525724496976 -34.211503787814
    vertex -9.389406798012553 1.149870698107847e-15 -33.17073170731715
  endloop
endfacet
facet normal -0.812837 -0.570921 -0.115521
  outer loop
    vertex -6.844249357564426 -5.080219092683429 -44.1713892647575
    vertex -7.415234618479546 -3.931893481245155 -45.82897801392689
    vertex -6.189741874481728 -5.657547100468263 -45.92344546637487
  endloop
endfacet
facet normal 0.777227 -0.627845 -0.0415829
  outer loop
    vertex 5.357786350750336 -5.556449779526755 -54.3976923613995
    vertex 5.973146165257117 -4.689927194213208 -55.97930816991529
    vertex 6.589250721410274 -4.041237490672887 -54.2580210930219
  endloop
endfacet
facet normal 0.721084 -0.69132 -0.0459846
  outer loop
    vertex 5.444174010396758 -6.547205771943641 -44.28134056652073
    vertex 6.141971474758501 -5.711175177802638 -45.90784607967782
    vertex 6.800152475823402 -5.14126886034038 -44.15473649979022
  endloop
endfacet
facet normal 0.992439 -0.0946745 -0.0781067
  outer loop
    vertex 9.389406798012553 0 -33.17073170731715
    vertex 9.142060808182578 -1.760245989236694 -34.17993519979823
    vertex 9.23584249201329 0 -35.12195121951227
  endloop
endfacet
facet normal -0.63529 -0.764316 -0.110578
  outer loop
    vertex -6.235702121951044 -5.996410891845487 -42.55225456350878
    vertex -4.725118429649592 -7.236800551566676 -42.65724513804359
    vertex -5.529717749266642 -6.819015288588893 -40.9224108938639
  endloop
endfacet
facet normal -0.826926 -0.560615 -0.04364
  outer loop
    vertex -7.240154190343914 -3.703042591939835 -49.14530843928534
    vertex -6.619008704253336 -4.482688255229442 -50.8996779386934
    vertex -6.139574993602102 -5.314853697735437 -49.29408844852021
  endloop
endfacet
facet normal -0.537317 -0.836145 -0.110237
  outer loop
    vertex -5.529717749266642 -6.819015288588893 -40.9224108938639
    vertex -3.879429360175922 -7.868139471451715 -41.00867132656933
    vertex -4.742266703252765 -7.54126816319065 -39.2823396528422
  endloop
endfacet
facet normal -0.727172 -0.684916 -0.0459564
  outer loop
    vertex -6.844249357564426 -5.080219092683429 -44.1713892647575
    vertex -6.189741874481728 -5.657547100468263 -45.92344546637487
    vertex -5.500738361661298 -6.4982827448161 -44.29561674588427
  endloop
endfacet
facet normal 0.207283 -0.977108 -0.0478914
  outer loop
    vertex 1.91120524320723 -8.830467167345397 -37.67485976841279
    vertex 2.852571252161936 -8.714684072256345 -35.96272936624577
    vertex 0.9423878867745004 -9.117939696140207 -36.00289459636224
  endloop
endfacet
facet normal -0.993775 -0.0793404 -0.0782118
  outer loop
    vertex -9.696535410011078 1.187483105268904e-15 -29.26829268292691
    vertex -9.654215992650048 -1.551424279335504 -28.23219950872146
    vertex -9.850099716010341 1.206289308849432e-15 -27.31707317073179
  endloop
endfacet
facet normal 0.612081 -0.789401 -0.0469392
  outer loop
    vertex 4.662096171545594 -7.592518083508629 -39.26689901296319
    vertex 5.467085459319818 -6.870746647238062 -40.9083477725486
    vertex 6.218329236110493 -6.3918907105887 -39.16539489761811
  endloop
endfacet
facet normal -0.337392 -0.934831 -0.11071
  outer loop
    vertex -3.879429360175922 -7.868139471451715 -41.00867132656933
    vertex -2.025034802009038 -8.531759064063293 -41.05641536182812
    vertex -2.962443332739089 -8.396345981939186 -39.34306180248033
  endloop
endfacet
facet normal -0.781789 -0.622078 -0.0427205
  outer loop
    vertex -6.617239307187956 -3.992551237767176 -54.27569683688157
    vertex -6.024468571938078 -4.616776062120564 -56.03374115331067
    vertex -5.396809541238369 -5.516896809923876 -54.41275985329779
  endloop
endfacet
facet normal -0.652388 -0.756532 -0.0452705
  outer loop
    vertex -6.189741874481728 -5.657547100468263 -45.92344546637487
    vertex -5.469135494220647 -6.174536924846059 -47.6684076511005
    vertex -4.706455884699868 -6.930165268853768 -46.03170649363192
  endloop
endfacet
facet normal 0.201495 -0.978289 -0.0484874
  outer loop
    vertex 1.908318347392401 -9.102944179427304 -34.29632073762043
    vertex 2.856801169058663 -8.992068324892756 -32.59183217171898
    vertex 0.9372224092683599 -9.385988075745614 -32.62109154491479
  endloop
endfacet
facet normal 0.993189 -0.0864085 -0.0781656
  outer loop
    vertex 9.850099716010341 0 -27.31707317073179
    vertex 9.633495774225434 -1.689033832989412 -28.2021386211604
    vertex 9.696535410011078 0 -29.26829268292691
  endloop
endfacet
facet normal 0.720312 -0.684733 -0.110868
  outer loop
    vertex 6.182080310561482 -6.05340369151303 -42.53691556516319
    vertex 5.444174010396758 -6.547205771943641 -44.28134056652073
    vertex 6.800152475823402 -5.14126886034038 -44.15473649979022
  endloop
endfacet
facet normal -0.726286 -0.678388 -0.110895
  outer loop
    vertex -6.844249357564426 -5.080219092683429 -44.1713892647575
    vertex -5.500738361661298 -6.4982827448161 -44.29561674588427
    vertex -6.235702121951044 -5.996410891845487 -42.55225456350878
  endloop
endfacet
facet normal -0.687308 -0.725106 -0.0427716
  outer loop
    vertex -6.084727788628646 -4.967978713718447 -52.66422631924881
    vertex -5.396809541238369 -5.516896809923876 -54.41275985329779
    vertex -4.655750955113429 -6.315831740036218 -52.77669071750994
  endloop
endfacet
facet normal -0.651767 -0.750168 -0.111574
  outer loop
    vertex -6.189741874481728 -5.657547100468263 -45.92344546637487
    vertex -4.706455884699868 -6.930165268853768 -46.03170649363192
    vertex -5.500738361661298 -6.4982827448161 -44.29561674588427
  endloop
endfacet
facet normal -0.552323 -0.832381 -0.0456252
  outer loop
    vertex -4.706455884699868 -6.930165268853768 -46.03170649363192
    vertex -3.86916285526454 -7.576035417446676 -44.38450213391882
    vertex -5.500738361661298 -6.4982827448161 -44.29561674588427
  endloop
endfacet
facet normal -0.347292 -0.936682 -0.0448962
  outer loop
    vertex -2.968376748061214 -7.827598561072487 -46.10404838884865
    vertex -2.017352101534568 -8.26034842022568 -44.43206141982576
    vertex -3.86916285526454 -7.576035417446676 -44.38450213391882
  endloop
endfacet
facet normal -0.857508 -0.512188 -0.0483996
  outer loop
    vertex -6.950535299180421 -3.082275080188592 -55.86521183473729
    vertex -6.492702597878458 -3.681001323650938 -57.64073972272288
    vertex -6.024468571938078 -4.616776062120564 -56.03374115331067
  endloop
endfacet
facet normal 0.64542 -0.762501 -0.0449916
  outer loop
    vertex 4.638973096281813 -6.977020733917151 -46.01580293589353
    vertex 5.418547953697307 -6.220491326897131 -47.65390925596175
    vertex 6.141971474758501 -5.711175177802638 -45.90784607967782
  endloop
endfacet
facet normal -0.669675 -0.741338 -0.0442088
  outer loop
    vertex -6.139574993602102 -5.314853697735437 -49.29408844852021
    vertex -5.434614533195344 -5.847506749666508 -51.04075971493867
    vertex -4.686116155789729 -6.621143035020324 -49.40589393622613
  endloop
endfacet
facet normal -0.459801 -0.886882 -0.0449807
  outer loop
    vertex -4.706455884699868 -6.930165268853768 -46.03170649363192
    vertex -3.858020688381343 -7.282368365854124 -47.76020939980942
    vertex -2.968376748061214 -7.827598561072487 -46.10404838884865
  endloop
endfacet
facet normal 0.745496 -0.66466 -0.0496302
  outer loop
    vertex 5.313148265458001 -5.96068870538176 -51.01610474637933
    vertex 6.048197429207342 -5.014387240594364 -52.64801434181462
    vertex 6.556209076454613 -4.576438246204104 -50.88227955939055
  endloop
endfacet
facet normal -0.459581 -0.881064 -0.111856
  outer loop
    vertex -4.706455884699868 -6.930165268853768 -46.03170649363192
    vertex -2.968376748061214 -7.827598561072487 -46.10404838884865
    vertex -3.86916285526454 -7.576035417446676 -44.38450213391882
  endloop
endfacet
facet normal 0.644826 -0.756081 -0.111988
  outer loop
    vertex 5.444174010396758 -6.547205771943641 -44.28134056652073
    vertex 4.638973096281813 -6.977020733917151 -46.01580293589353
    vertex 6.141971474758501 -5.711175177802638 -45.90784607967782
  endloop
endfacet
facet normal 0.7821 -0.611497 -0.119962
  outer loop
    vertex 4.460878338938159 -4.753124852423322 -69.64829212137751
    vertex 5.678581982548008 -3.22346816643083 -69.5066950815276
    vertex 5.047937331217959 -4.327707241043711 -67.98944894733869
  endloop
endfacet
facet normal -0.756329 -0.645127 -0.108523
  outer loop
    vertex -6.139574993602102 -5.314853697735437 -49.29408844852021
    vertex -6.619008704253336 -4.482688255229442 -50.8996779386934
    vertex -5.434614533195344 -5.847506749666508 -51.04075971493867
  endloop
endfacet
facet normal -0.993514 -0.0825548 -0.0781913
  outer loop
    vertex -10.15722832800887 1.243901716010488e-15 -23.41463414634155
    vertex -10.09450883328959 -1.689244931052953 -22.42804537246366
    vertex -10.31079263400813 1.262707919591016e-15 -21.46341463414643
  endloop
endfacet
facet normal -0.567349 -0.815791 -0.112256
  outer loop
    vertex -5.469135494220647 -6.174536924846059 -47.6684076511005
    vertex -3.858020688381343 -7.282368365854124 -47.76020939980942
    vertex -4.706455884699868 -6.930165268853768 -46.03170649363192
  endloop
endfacet
facet normal 0.544084 -0.837825 -0.0449634
  outer loop
    vertex 5.444174010396758 -6.547205771943641 -44.28134056652073
    vertex 3.785939571861355 -7.619411044993294 -44.36805147210873
    vertex 4.638973096281813 -6.977020733917151 -46.01580293589353
  endloop
endfacet
facet normal 0.0977115 -0.994011 -0.0489369
  outer loop
    vertex 0.9372224092683599 -9.385988075745614 -32.62109154491479
    vertex 1.907350056952017 -9.374210337055443 -30.9232843920967
    vertex -0.04070956004134151 -9.564881431682196 -30.9400143145661
  endloop
endfacet
facet normal -0.485464 -0.87283 -0.0499203
  outer loop
    vertex -4.777345222728158 -8.448520988808667 -29.151896723445
    vertex -3.912495024456173 -9.023977474024639 -27.50081900798563
    vertex -5.62433033151185 -8.076280474213537 -27.42358279236147
  endloop
endfacet
facet normal -0.635842 -0.770431 -0.0462687
  outer loop
    vertex -5.500738361661298 -6.4982827448161 -44.29561674588427
    vertex -4.725118429649592 -7.236800551566676 -42.65724513804359
    vertex -6.235702121951044 -5.996410891845487 -42.55225456350878
  endloop
endfacet
facet normal -0.00438825 -0.994104 -0.108341
  outer loop
    vertex 0.9372224092683599 -9.385988075745614 -32.62109154491479
    vertex -0.04070956004134151 -9.564881431682196 -30.9400143145661
    vertex -1.020995729491009 -9.376982606594911 -32.62440728224158
  endloop
endfacet
facet normal 0.44974 -0.886034 -0.1126
  outer loop
    vertex 3.785939571861355 -7.619411044993294 -44.36805147210873
    vertex 2.871984926261274 -7.864963452075509 -46.08630104297606
    vertex 4.638973096281813 -6.977020733917151 -46.01580293589353
  endloop
endfacet
facet normal -0.668974 -0.734702 -0.112632
  outer loop
    vertex -6.139574993602102 -5.314853697735437 -49.29408844852021
    vertex -4.686116155789729 -6.621143035020324 -49.40589393622613
    vertex -5.469135494220647 -6.174536924846059 -47.6684076511005
  endloop
endfacet
facet normal -0.99331 -0.0842299 -0.0789919
  outer loop
    vertex -9.783321455025751 -1.680783153863843 -26.34439008229106
    vertex -9.938126036738559 -1.688004463614212 -24.39004657184982
    vertex -10.00366402200961 1.22509551242996e-15 -25.36585365853667
  endloop
endfacet
facet normal -0.797925 -0.60124 -0.0427318
  outer loop
    vertex -5.347631612280109 -5.190724441180445 -57.78058983375487
    vertex -6.492702597878458 -3.681001323650938 -57.64073972272288
    vertex -5.870241271389158 -4.382695908730012 -59.39098629383837
  endloop
endfacet
facet normal 0.744762 -0.658112 -0.110538
  outer loop
    vertex 6.097533425239278 -5.364922543610144 -49.27824159708587
    vertex 5.313148265458001 -5.96068870538176 -51.01610474637933
    vertex 6.556209076454613 -4.576438246204104 -50.88227955939055
  endloop
endfacet
facet normal 0.990276 -0.115234 -0.0779364
  outer loop
    vertex 7.393070820022137 0 -58.5365853658537
    vertex 7.119305219068254 -1.67963379687822 -59.53165112971128
    vertex 7.239506514022874 0 -60.48780487804882
  endloop
endfacet
facet normal -0.472702 -0.880151 -0.0434479
  outer loop
    vertex -3.845861136511147 -6.987034923892737 -51.13555964689524
    vertex -2.948655987006209 -7.550791634668832 -49.47655798946298
    vertex -4.686116155789729 -6.621143035020324 -49.40589393622613
  endloop
endfacet
facet normal 0.990194 -0.127269 -0.0575998
  outer loop
    vertex 7.19424800634932 -2.049346220125364 -57.42641925060338
    vertex 7.119305219068254 -1.67963379687822 -59.53165112971128
    vertex 7.393070820022137 0 -58.5365853658537
  endloop
endfacet
facet normal 0.540344 -0.83478 -0.105693
  outer loop
    vertex 5.560164782864948 -8.758781174277127 -20.65306021215743
    vertex 4.704292467493896 -9.093496813955412 -22.38497694724407
    vertex 6.353668239856514 -8.037369313512141 -22.29419247011465
  endloop
endfacet
facet normal -0.00603227 -0.998782 -0.0489773
  outer loop
    vertex 0.9310810216827419 -9.654355237747369 -29.23508675461503
    vertex -1.048904917243521 -9.642610512862944 -29.23072959473224
    vertex -0.04070956004134151 -9.564881431682196 -30.9400143145661
  endloop
endfacet
facet normal -0.583531 -0.804139 -0.113367
  outer loop
    vertex -5.434614533195344 -5.847506749666508 -51.04075971493867
    vertex -3.845861136511147 -6.987034923892737 -51.13555964689524
    vertex -4.686116155789729 -6.621143035020324 -49.40589393622613
  endloop
endfacet
facet normal -0.583989 -0.810604 -0.043332
  outer loop
    vertex -5.434614533195344 -5.847506749666508 -51.04075971493867
    vertex -4.655750955113429 -6.315831740036218 -52.77669071750994
    vertex -3.845861136511147 -6.987034923892737 -51.13555964689524
  endloop
endfacet
facet normal 0.680918 -0.731145 -0.0421719
  outer loop
    vertex 4.592236580069297 -6.363999393936924 -52.75776403929863
    vertex 5.357786350750336 -5.556449779526755 -54.3976923613995
    vertex 6.048197429207342 -5.014387240594364 -52.64801434181462
  endloop
endfacet
facet normal 0.57021 -0.820205 -0.04609
  outer loop
    vertex 5.313148265458001 -5.96068870538176 -51.01610474637933
    vertex 3.756954746299265 -7.036880984313181 -51.11716204087595
    vertex 4.592236580069297 -6.363999393936924 -52.75776403929863
  endloop
endfacet
facet normal -0.551959 -0.826421 -0.111218
  outer loop
    vertex -3.86916285526454 -7.576035417446676 -44.38450213391882
    vertex -4.725118429649592 -7.236800551566676 -42.65724513804359
    vertex -5.500738361661298 -6.4982827448161 -44.29561674588427
  endloop
endfacet
facet normal -0.461957 -0.880656 -0.105076
  outer loop
    vertex -5.651245880464963 -8.699375131541533 -20.66284163046714
    vertex -3.922472614628715 -9.597244440290625 -20.73807748969578
    vertex -4.809571637528853 -9.337995508310016 -19.0108269480135
  endloop
endfacet
facet normal 0.680001 -0.724336 -0.113735
  outer loop
    vertex 5.313148265458001 -5.96068870538176 -51.01610474637933
    vertex 4.592236580069297 -6.363999393936924 -52.75776403929863
    vertex 6.048197429207342 -5.014387240594364 -52.64801434181462
  endloop
endfacet
facet normal 0.9934 -0.0839228 -0.0781823
  outer loop
    vertex 10.31079263400813 0 -21.46341463414643
    vertex 10.1112771544232 -1.720689350075794 -22.15146837354609
    vertex 10.15722832800887 0 -23.41463414634155
  endloop
endfacet
facet normal 0.0977616 -0.989371 -0.107645
  outer loop
    vertex 1.907350056952017 -9.374210337055443 -30.9232843920967
    vertex 0.9310810216827419 -9.654355237747369 -29.23508675461503
    vertex -0.04070956004134151 -9.564881431682196 -30.9400143145661
  endloop
endfacet
facet normal 0.297498 -0.95346 -0.0490827
  outer loop
    vertex 2.856801169058663 -8.992068324892756 -32.59183217171898
    vertex 3.776085574762886 -8.793607308280572 -30.87511375295004
    vertex 1.907350056952017 -9.374210337055443 -30.9232843920967
  endloop
endfacet
facet normal 0.370513 -0.922735 -0.106206
  outer loop
    vertex 3.811522786752347 -9.642709391358016 -20.72787033626192
    vertex 2.872911804803398 -9.822116321262001 -22.44360539126195
    vertex 4.704292467493896 -9.093496813955412 -22.38497694724407
  endloop
endfacet
facet normal -0.486035 -0.866407 -0.114495
  outer loop
    vertex -4.655750955113429 -6.315831740036218 -52.77669071750994
    vertex -2.939827469225814 -7.268373201930586 -52.85275969500384
    vertex -3.845861136511147 -6.987034923892737 -51.13555964689524
  endloop
endfacet
facet normal -0.567755 -0.82199 -0.0445802
  outer loop
    vertex -4.686116155789729 -6.621143035020324 -49.40589393622613
    vertex -3.858020688381343 -7.282368365854124 -47.76020939980942
    vertex -5.469135494220647 -6.174536924846059 -47.6684076511005
  endloop
endfacet
facet normal -0.391223 -0.919386 -0.0409135
  outer loop
    vertex -2.939781762317749 -6.691296111831251 -59.60977893202016
    vertex -1.995403223896935 -7.167475182620152 -57.93966638438049
    vertex -3.798845753558676 -6.402852505029199 -57.87699787260389
  endloop
endfacet
facet normal 0.479592 -0.870219 -0.112739
  outer loop
    vertex 3.756954746299265 -7.036880984313181 -51.11716204087595
    vertex 2.90169887159616 -7.284253381457031 -52.84597840155951
    vertex 4.592236580069297 -6.363999393936924 -52.75776403929863
  endloop
endfacet
facet normal 0.496212 -0.867236 -0.0409264
  outer loop
    vertex 4.598905707059388 -6.027650557178729 -56.13954781852846
    vertex 2.884191446556828 -7.005121348110876 -56.21685418320278
    vertex 3.776756998137774 -6.416247634771538 -57.87326213094752
  endloop
endfacet
facet normal -0.287216 -0.951994 -0.105897
  outer loop
    vertex -3.922472614628715 -9.597244440290625 -20.73807748969578
    vertex -2.027845842480684 -10.16446990099904 -20.77747524256447
    vertex -2.971979648589797 -10.07024564155209 -19.06383887163636
  endloop
endfacet
facet normal 0.699766 -0.705201 -0.114101
  outer loop
    vertex 5.357786350750336 -5.556449779526755 -54.3976923613995
    vertex 4.598905707059388 -6.027650557178729 -56.13954781852846
    vertex 5.973146165257117 -4.689927194213208 -55.97930816991529
  endloop
endfacet
facet normal -0.704882 -0.699829 -0.115674
  outer loop
    vertex -6.024468571938078 -4.616776062120564 -56.03374115331067
    vertex -4.627251637629117 -6.004898885983046 -56.14980201518983
    vertex -5.396809541238369 -5.516896809923876 -54.41275985329779
  endloop
endfacet
facet normal 0.699473 -0.71331 -0.0438935
  outer loop
    vertex 4.598905707059388 -6.027650557178729 -56.13954781852846
    vertex 5.321817402741423 -5.218496875495414 -57.76894065587522
    vertex 5.973146165257117 -4.689927194213208 -55.97930816991529
  endloop
endfacet
facet normal -0.47231 -0.874089 -0.113541
  outer loop
    vertex -2.948655987006209 -7.550791634668832 -49.47655798946298
    vertex -3.858020688381343 -7.282368365854124 -47.76020939980942
    vertex -4.686116155789729 -6.621143035020324 -49.40589393622613
  endloop
endfacet
facet normal 0.553972 -0.830997 -0.0505842
  outer loop
    vertex 6.331845176155202 -7.713619951149651 -25.67175615038645
    vertex 4.704432596004739 -8.792813507389988 -25.76533451780148
    vertex 5.536471139996015 -8.137998079842877 -27.41059063465212
  endloop
endfacet
facet normal -0.705916 -0.707097 -0.0411902
  outer loop
    vertex -6.024468571938078 -4.616776062120564 -56.03374115331067
    vertex -5.347631612280109 -5.190724441180445 -57.78058983375487
    vertex -4.627251637629117 -6.004898885983046 -56.14980201518983
  endloop
endfacet
facet normal 0.6139 -0.788286 -0.0416196
  outer loop
    vertex 3.776756998137774 -6.416247634771538 -57.87326213094752
    vertex 4.527855338694695 -5.74243802436412 -59.55650147490294
    vertex 5.321817402741423 -5.218496875495414 -57.76894065587522
  endloop
endfacet
facet normal 0.928606 -0.358432 -0.0960033
  outer loop
    vertex 7.19424800634932 -2.049346220125364 -57.42641925060338
    vertex 6.543893501260115 -3.445838320768179 -58.50320819019787
    vertex 7.119305219068254 -1.67963379687822 -59.53165112971128
  endloop
endfacet
facet normal -0.796632 -0.593694 -0.113599
  outer loop
    vertex -6.024468571938078 -4.616776062120564 -56.03374115331067
    vertex -6.492702597878458 -3.681001323650938 -57.64073972272288
    vertex -5.347631612280109 -5.190724441180445 -57.78058983375487
  endloop
endfacet
facet normal 0.613427 -0.781216 -0.115792
  outer loop
    vertex 4.598905707059388 -6.027650557178729 -56.13954781852846
    vertex 3.776756998137774 -6.416247634771538 -57.87326213094752
    vertex 5.321817402741423 -5.218496875495414 -57.76894065587522
  endloop
endfacet
facet normal 0.420214 -0.905861 -0.05325
  outer loop
    vertex 4.707667854033169 -9.983252685852479 -12.22910930513843
    vertex 5.584791361296433 -9.678372334783791 -10.49389825821612
    vertex 3.799024010581511 -10.50269255629269 -10.56308058511039
  endloop
endfacet
facet normal -0.617378 -0.785616 -0.0406499
  outer loop
    vertex -5.347631612280109 -5.190724441180445 -57.78058983375487
    vertex -4.605005991431455 -5.684173171322655 -59.52276792129358
    vertex -3.798845753558676 -6.402852505029199 -57.87699787260389
  endloop
endfacet
facet normal -0.616615 -0.77862 -0.116346
  outer loop
    vertex -5.347631612280109 -5.190724441180445 -57.78058983375487
    vertex -3.798845753558676 -6.402852505029199 -57.87699787260389
    vertex -4.627251637629117 -6.004898885983046 -56.14980201518983
  endloop
endfacet
facet normal -0.179057 -0.982379 -0.0535838
  outer loop
    vertex -1.05625003807221 -11.24874682404154 -8.916851223340002
    vertex -2.988658395582911 -10.89805314670406 -8.888922819210945
    vertex -2.031006054150938 -10.97880151444288 -10.60863209322958
  endloop
endfacet
facet normal -0.518448 -0.847204 -0.116004
  outer loop
    vertex -4.605005991431455 -5.684173171322655 -59.52276792129358
    vertex -2.939781762317749 -6.691296111831251 -59.60977893202016
    vertex -3.798845753558676 -6.402852505029199 -57.87699787260389
  endloop
endfacet
facet normal 0.66021 -0.742535 -0.112975
  outer loop
    vertex 3.701346939063206 -5.521430375330646 -68.01291758871855
    vertex 5.047937331217959 -4.327707241043711 -67.98944894733869
    vertex 4.622794499297486 -4.961849105440466 -66.30598669062782
  endloop
endfacet
facet normal -0.989122 -0.116064 -0.0903708
  outer loop
    vertex -6.932377902024348 8.489714408193961e-16 -64.39024390243907
    vertex -6.647358951875641 -1.682111332826197 -65.34946506717731
    vertex -6.843288156618671 -1.513146868591406 -63.421993000854
  endloop
endfacet
facet normal -0.989319 -0.123231 -0.0778611
  outer loop
    vertex -6.778813596025086 8.30165237238868e-16 -66.34146341463418
    vertex -6.647358951875641 -1.682111332826197 -65.34946506717731
    vertex -6.932377902024348 8.489714408193961e-16 -64.39024390243907
  endloop
endfacet
facet normal 0.635354 -0.770346 -0.0537807
  outer loop
    vertex 7.197807744541192 -8.556837995433851 -10.39890895002858
    vertex 7.943990688790551 -8.063747173478125 -8.646613692157667
    vertex 6.424845522691354 -9.30916555084745 -8.754304199495355
  endloop
endfacet
facet normal 0.095184 -0.994235 -0.0493711
  outer loop
    vertex 0.9310810216827419 -9.654355237747369 -29.23508675461503
    vertex 1.914533971159006 -9.644403267154825 -27.53947211652968
    vertex -0.04357848109122927 -9.830779369670957 -27.56133417737384
  endloop
endfacet
facet normal 0.597679 -0.800031 -0.0522422
  outer loop
    vertex 7.142151941853609 -7.898426820014063 -17.16949538833759
    vertex 5.568900673818356 -9.067133540612961 -17.27090592437521
    vertex 6.37314413934921 -8.358987690175782 -18.9143890004499
  endloop
endfacet
facet normal 0.990041 -0.117251 -0.0779179
  outer loop
    vertex 6.932377902024348 0 -64.39024390243907
    vertex 6.666641643083821 -1.601523855295596 -65.35677579291053
    vertex 6.778813596025086 0 -66.34146341463418
  endloop
endfacet
facet normal -0.964957 -0.250745 -0.0773613
  outer loop
    vertex -9.783321455025751 -1.680783153863843 -26.34439008229106
    vertex -9.434586804533037 -3.3298800940633 -25.34919301613707
    vertex -9.938126036738559 -1.688004463614212 -24.39004657184982
  endloop
endfacet
facet normal 0.98995 -0.112733 -0.0853791
  outer loop
    vertex 6.844178879543534 -1.510314770432628 -63.41870346387369
    vertex 6.666641643083821 -1.601523855295596 -65.35677579291053
    vertex 6.932377902024348 0 -64.39024390243907
  endloop
endfacet
facet normal 0.176082 -0.98299 -0.0522133
  outer loop
    vertex 1.903237971271742 -10.45947673150783 -17.3919214808957
    vertex 2.86154531502872 -10.37883977072566 -15.67827609348581
    vertex 0.9272246089654358 -10.72377645672391 -15.70756580290906
  endloop
endfacet
facet normal 0.611242 -0.789759 -0.0516223
  outer loop
    vertex 7.111622817902681 -7.564812346404493 -20.54906838169451
    vertex 5.560164782864948 -8.758781174277127 -20.65306021215743
    vertex 6.353668239856514 -8.037369313512141 -22.29419247011465
  endloop
endfacet
facet normal 0.261393 -0.963806 -0.0524511
  outer loop
    vertex 2.86154531502872 -10.37883977072566 -15.67827609348581
    vertex 3.79825379385922 -10.21845294633633 -13.95729371203319
    vertex 1.895947880885716 -10.73218231855689 -13.99760217898003
  endloop
endfacet
facet normal -0.537551 -0.841658 -0.0514871
  outer loop
    vertex -5.651245880464963 -8.699375131541533 -20.66284163046714
    vertex -4.809571637528853 -9.337995508310016 -19.0108269480135
    vertex -6.472369823579408 -8.281112401569271 -18.9272317368177
  endloop
endfacet
facet normal -0.00613513 -0.994093 -0.108356
  outer loop
    vertex 0.9310810216827419 -9.654355237747369 -29.23508675461503
    vertex -0.04357848109122927 -9.830779369670957 -27.56133417737384
    vertex -1.048904917243521 -9.642610512862944 -29.23072959473224
  endloop
endfacet
facet normal -0.0969272 -0.993931 -0.0520187
  outer loop
    vertex -0.05371728941883786 -10.63014732990315 -17.40390394978843
    vertex -2.006096465683667 -10.44065038564944 -17.38676126049488
    vertex -1.033632095427017 -10.4458932769296 -19.09859220709186
  endloop
endfacet
facet normal -0.992775 -0.0910627 -0.0781331
  outer loop
    vertex -10.46435694000739 1.281514123171545e-15 -19.51219512195132
    vertex -10.36670491767717 -1.917915794151924 -18.51768707735971
    vertex -10.61792124600666 1.300320326752073e-15 -17.56097560975619
  endloop
endfacet
facet normal 0.610918 -0.784669 -0.105229
  outer loop
    vertex 7.111622817902681 -7.564812346404493 -20.54906838169451
    vertex 6.37314413934921 -8.358987690175782 -18.9143890004499
    vertex 5.560164782864948 -8.758781174277127 -20.65306021215743
  endloop
endfacet
facet normal 0.342797 -0.937928 -0.0527396
  outer loop
    vertex 3.79825379385922 -10.21845294633633 -13.95729371203319
    vertex 4.707667854033169 -9.983252685852479 -12.22910930513843
    vertex 2.853065122877751 -10.65806286713987 -12.28275657499178
  endloop
endfacet
facet normal -0.876185 -0.470805 -0.10316
  outer loop
    vertex -9.231218069653742 -6.096207602615662 -11.9119360397888
    vertex -9.789004216187717 -5.445034327884833 -10.14624470975471
    vertex -10.17195939183611 -4.380827231433635 -11.75049733364301
  endloop
endfacet
facet normal 0.145568 -0.981927 -0.12095
  outer loop
    vertex -0.01036193094481162 -6.63963829407992 -68.10975055939136
    vertex 1.929437834438452 -6.355242150634189 -68.08398755511318
    vertex 0.9685296881503055 -6.70368564201376 -66.41165343492551
  endloop
endfacet
facet normal 0.796312 -0.594182 -0.113295
  outer loop
    vertex 4.430314706117182 -4.414081149478702 -73.01057896135327
    vertex 5.491419176375818 -2.996859593274099 -72.98513463196035
    vertex 5.2256797970633 -3.676964932279343 -71.28608340105826
  endloop
endfacet
facet normal 0.661275 -0.742874 -0.10418
  outer loop
    vertex 7.17015028938749 -8.229510298147705 -13.78700631737913
    vertex 6.391680714530026 -8.677709164594246 -15.53232584053241
    vertex 7.86286844793235 -7.384089992737293 -15.41844759341695
  endloop
endfacet
facet normal 0.452286 -0.890389 -0.05143
  outer loop
    vertex 5.560164782864948 -8.758781174277127 -20.65306021215743
    vertex 3.811522786752347 -9.642709391358016 -20.72787033626192
    vertex 4.704292467493896 -9.093496813955412 -22.38497694724407
  endloop
endfacet
facet normal 0.628891 -0.776112 -0.0463287
  outer loop
    vertex 6.182080310561482 -6.05340369151303 -42.53691556516319
    vertex 4.661248710944614 -7.279381997726439 -42.64356227444603
    vertex 5.444174010396758 -6.547205771943641 -44.28134056652073
  endloop
endfacet
facet normal -0.00629893 -0.998555 -0.0533605
  outer loop
    vertex 0.9147233708429133 -11.26126538030497 -8.915250023915638
    vertex -1.05625003807221 -11.24874682404154 -8.916851223340002
    vertex -0.06867933366619527 -11.16393755269836 -10.62049641763204
  endloop
endfacet
facet normal 0.556557 -0.830329 -0.0282387
  outer loop
    vertex 2.847849652609043 -6.149568372565893 -66.36477937368451
    vertex 3.701346939063206 -5.521430375330646 -68.01291758871855
    vertex 4.622794499297486 -4.961849105440466 -66.30598669062782
  endloop
endfacet
facet normal -0.370966 -0.927226 -0.0513539
  outer loop
    vertex -3.922472614628715 -9.597244440290625 -20.73807748969578
    vertex -2.971979648589797 -10.07024564155209 -19.06383887163636
    vertex -4.809571637528853 -9.337995508310016 -19.0108269480135
  endloop
endfacet
facet normal -0.00510612 -0.998654 -0.0516067
  outer loop
    vertex 0.928098895777786 -10.45616083081575 -19.09400144192733
    vertex -1.033632095427017 -10.4458932769296 -19.09859220709186
    vertex -0.05020738101505319 -10.36322174609389 -20.79569426326133
  endloop
endfacet
facet normal -0.00517599 -0.998627 -0.052126
  outer loop
    vertex 0.9272246089654358 -10.72377645672391 -15.70756580290906
    vertex -1.038132635211884 -10.71355345893961 -15.70826220638023
    vertex -0.05371728941883786 -10.63014732990315 -17.40390394978843
  endloop
endfacet
facet normal -0.0969848 -0.989733 -0.104989
  outer loop
    vertex -1.038132635211884 -10.71355345893961 -15.70826220638023
    vertex -2.006096465683667 -10.44065038564944 -17.38676126049488
    vertex -0.05371728941883786 -10.63014732990315 -17.40390394978843
  endloop
endfacet
facet normal -0.142342 -0.989085 -0.0380816
  outer loop
    vertex -0.01355342458715192 -6.905874826540277 -64.7268284141938
    vertex -1.942114703918431 -6.629349461688355 -64.70034416934851
    vertex -0.992554131918183 -6.700062904813078 -66.41300815700519
  endloop
endfacet
facet normal 0.989831 -0.119024 -0.0779014
  outer loop
    vertex 6.778813596025086 0 -66.34146341463418
    vertex 6.515728869737693 -1.589978364617169 -67.25497898779916
    vertex 6.625249290025824 0 -68.2926829268293
  endloop
endfacet
facet normal 0.767511 -0.631767 -0.108617
  outer loop
    vertex 6.218329236110493 -6.3918907105887 -39.16539489761811
    vertex 7.455089589674195 -4.913472229372708 -39.02535894204212
    vertex 6.910275460083952 -5.852086036640558 -37.41570863785181
  endloop
endfacet
facet normal 0.0895007 -0.994673 -0.0511442
  outer loop
    vertex 0.9306667645078727 -10.18834218926811 -22.48032131151176
    vertex 1.904012405116335 -10.18818322885067 -20.78009035465616
    vertex -0.05020738101505319 -10.36322174609389 -20.79569426326133
  endloop
endfacet
facet normal 0.0870807 -0.994852 -0.0518275
  outer loop
    vertex 0.928098895777786 -10.45616083081575 -19.09400144192733
    vertex 1.903237971271742 -10.45947673150783 -17.3919214808957
    vertex -0.05371728941883786 -10.63014732990315 -17.40390394978843
  endloop
endfacet
facet normal -0.00510125 -0.998695 -0.0508123
  outer loop
    vertex 0.9306667645078727 -10.18834218926811 -22.48032131151176
    vertex -1.03441994242136 -10.17825635322145 -22.48127152874861
    vertex -0.04684528155659445 -10.09684906398811 -24.18044464132119
  endloop
endfacet
facet normal 0.59739 -0.795097 -0.10462
  outer loop
    vertex 6.391680714530026 -8.677709164594246 -15.53232584053241
    vertex 5.568900673818356 -9.067133540612961 -17.27090592437521
    vertex 7.142151941853609 -7.898426820014063 -17.16949538833759
  endloop
endfacet
facet normal -0.00512319 -0.998744 -0.0498391
  outer loop
    vertex 0.9340401843739348 -9.920338230960157 -25.86712580066992
    vertex -1.036253933476084 -9.910314561923775 -25.86545835033081
    vertex -0.04357848109122927 -9.830779369670957 -27.56133417737384
  endloop
endfacet
facet normal 0.993802 -0.0789989 -0.0782139
  outer loop
    vertex 10.77148555200592 0 -15.60975609756107
    vertex 10.56121055195858 -1.689733401153317 -16.57485973874709
    vertex 10.61792124600666 0 -17.56097560975619
  endloop
endfacet
facet normal 0.283465 -0.958277 -0.0367876
  outer loop
    vertex 0.9685296881503055 -6.70368564201376 -66.41165343492551
    vertex 1.929437834438452 -6.355242150634189 -68.08398755511318
    vertex 2.847849652609043 -6.149568372565893 -66.36477937368451
  endloop
endfacet
facet normal 0.783563 -0.619929 -0.0414419
  outer loop
    vertex 4.460878338938159 -4.753124852423322 -69.64829212137751
    vertex 5.2256797970633 -3.676964932279343 -71.28608340105826
    vertex 5.678581982548008 -3.22346816643083 -69.5066950815276
  endloop
endfacet
facet normal -0.562816 -0.81981 -0.105589
  outer loop
    vertex -6.416488520765167 -7.641921186519685 -25.68570613428773
    vertex -4.799407391354337 -8.740210213549551 -25.77786620421314
    vertex -5.57071388302264 -8.43404155247668 -24.04375588108832
  endloop
endfacet
facet normal -0.565723 -0.815703 -0.120776
  outer loop
    vertex -3.620715829974062 -5.57545785710593 -68.00417211544014
    vertex -4.477401055848357 -4.736711531384015 -69.65616259990874
    vertex -2.843442616494791 -5.857920440325167 -69.73725777198617
  endloop
endfacet
facet normal 0.66316 -0.747238 -0.0430578
  outer loop
    vertex 3.701346939063206 -5.521430375330646 -68.01291758871855
    vertex 4.460878338938159 -4.753124852423322 -69.64829212137751
    vertex 5.047937331217959 -4.327707241043711 -67.98944894733869
  endloop
endfacet
facet normal 0.661658 -0.748629 -0.0419983
  outer loop
    vertex 6.097533425239278 -5.364922543610144 -49.27824159708587
    vertex 4.595904912921746 -6.686171737165962 -49.38395497600702
    vertex 5.313148265458001 -5.96068870538176 -51.01610474637933
  endloop
endfacet
facet normal 0.0920817 -0.994469 -0.0505211
  outer loop
    vertex 0.9340401843739348 -9.920338230960157 -25.86712580066992
    vertex 1.904676468562904 -9.916959794536281 -24.16450868720307
    vertex -0.04684528155659445 -10.09684906398811 -24.18044464132119
  endloop
endfacet
facet normal 0.661712 -0.747905 -0.0526723
  outer loop
    vertex 7.86286844793235 -7.384089992737293 -15.41844759341695
    vertex 6.391680714530026 -8.677709164594246 -15.53232584053241
    vertex 7.142151941853609 -7.898426820014063 -17.16949538833759
  endloop
endfacet
facet normal -0.909467 -0.40483 -0.0947786
  outer loop
    vertex -9.789004216187717 -5.445034327884833 -10.14624470975471
    vertex -10.1023484011835 -5.146788438461174 -8.413395632156989
    vertex -10.59920179871226 -3.665426287210999 -9.973122401457557
  endloop
endfacet
facet normal -0.992807 -0.0907105 -0.0781356
  outer loop
    vertex -10.77148555200592 1.319126530332601e-15 -15.60975609756107
    vertex -10.6603521828514 -1.964423194129002 -14.74126804181762
    vertex -10.92504985800518 1.337932733913129e-15 -13.65853658536594
  endloop
endfacet
facet normal -0.296936 -0.947204 -0.120968
  outer loop
    vertex -1.950980543882222 -6.348346200653873 -68.08782205895236
    vertex -2.843442616494791 -5.857920440325167 -69.73725777198617
    vertex -0.9911791772519509 -6.430874607160921 -69.79758898530145
  endloop
endfacet
facet normal -0.289636 -0.951228 -0.106192
  outer loop
    vertex -3.854654824975596 -9.335768258960389 -24.13868620323575
    vertex -1.994236327724331 -9.899287466841715 -24.16514608344194
    vertex -2.957884172981974 -9.793524440963518 -22.48420711492322
  endloop
endfacet
facet normal 0.693159 -0.718748 -0.0541421
  outer loop
    vertex 7.943990688790551 -8.063747173478125 -8.646613692157667
    vertex 8.643073956970365 -7.522035595799657 -6.887881373408193
    vertex 7.224206539747089 -8.881362020821248 -7.007694314420259
  endloop
endfacet
facet normal 0.38192 -0.918045 -0.106444
  outer loop
    vertex 3.787342661610378 -9.364197726109442 -24.12784847652919
    vertex 2.891420708024778 -9.536012620448556 -25.86055321054339
    vertex 4.704432596004739 -8.792813507389988 -25.76533451780148
  endloop
endfacet
facet normal 0.0953934 -0.989633 -0.107359
  outer loop
    vertex 1.914533971159006 -9.644403267154825 -27.53947211652968
    vertex 0.9340401843739348 -9.920338230960157 -25.86712580066992
    vertex -0.04357848109122927 -9.830779369670957 -27.56133417737384
  endloop
endfacet
facet normal 0.849317 -0.525545 -0.0496239
  outer loop
    vertex 9.809165615614557 -5.943537153769388 -6.742893992766096
    vertex 10.40125955094978 -5.15244325355579 -4.987286353286163
    vertex 9.269717419565676 -6.968009187767201 -5.12585746766151
  endloop
endfacet
facet normal 0.452207 -0.885661 -0.105425
  outer loop
    vertex 5.560164782864948 -8.758781174277127 -20.65306021215743
    vertex 4.709174894655469 -9.389755269977176 -19.00254530377835
    vertex 3.811522786752347 -9.642709391358016 -20.72787033626192
  endloop
endfacet
facet normal -0.0900894 -0.994457 -0.0542173
  outer loop
    vertex -0.07183621418144343 -11.70012505248568 -3.807470413853181
    vertex -2.03985559936416 -11.52330091788567 -3.78065580804042
    vertex -1.060143142519425 -11.51800646439037 -5.505693255719617
  endloop
endfacet
facet normal -0.594462 -0.797374 -0.103971
  outer loop
    vertex -7.272753147529784 -8.137788070203218 -13.79827647890317
    vertex -5.694566173028016 -9.30170249312593 -13.89539353523008
    vertex -6.520603478905715 -8.912784382657479 -12.15515146537663
  endloop
endfacet
facet normal -0.690028 -0.719922 -0.0746638
  outer loop
    vertex -8.460458558099333 -7.756647177409253 -6.632389548305452
    vertex -7.400180225389594 -8.88096902918608 -5.590357325665905
    vertex -8.644432374955134 -7.783876405047431 -4.669592106242622
  endloop
endfacet
facet normal 0.989815 -0.118153 -0.0794119
  outer loop
    vertex 6.778813596025086 0 -66.34146341463418
    vertex 6.666641643083821 -1.601523855295596 -65.35677579291053
    vertex 6.515728869737693 -1.589978364617169 -67.25497898779916
  endloop
endfacet
facet normal 0.929852 -0.359976 -0.0761154
  outer loop
    vertex 6.666641643083821 -1.601523855295596 -65.35677579291053
    vertex 5.949425189496599 -3.259974649951626 -66.27515297250775
    vertex 6.515728869737693 -1.589978364617169 -67.25497898779916
  endloop
endfacet
facet normal -0.421408 -0.905928 -0.0413473
  outer loop
    vertex -3.620715829974062 -5.57545785710593 -68.00417211544014
    vertex -2.843442616494791 -5.857920440325167 -69.73725777198617
    vertex -1.950980543882222 -6.348346200653873 -68.08782205895236
  endloop
endfacet
facet normal -0.78804 -0.611012 -0.0752102
  outer loop
    vertex -9.59878744410338 -6.424978393850496 -5.709779323084695
    vertex -8.644432374955134 -7.783876405047431 -4.669592106242622
    vertex -9.771273417040804 -6.441704235058638 -3.766615949316694
  endloop
endfacet
facet normal 0.772056 -0.633303 -0.0534593
  outer loop
    vertex 8.533825512445421 -6.821031727143878 -13.66089913483469
    vertex 9.152210839603814 -6.215717943651651 -11.90103720553691
    vertex 7.90424166333881 -7.725820905340774 -12.0347669937064
  endloop
endfacet
facet normal -0.399959 -0.91018 -0.107726
  outer loop
    vertex -4.777345222728158 -8.448520988808667 -29.151896723445
    vertex -2.974310882060334 -9.233851660205021 -29.21081765219568
    vertex -3.912495024456173 -9.023977474024639 -27.50081900798563
  endloop
endfacet
facet normal 0.361076 -0.931122 -0.0513468
  outer loop
    vertex 4.709174894655469 -9.389755269977176 -19.00254530377835
    vertex 2.866641242735411 -10.10119124049359 -19.05828063348173
    vertex 3.811522786752347 -9.642709391358016 -20.72787033626192
  endloop
endfacet
facet normal -0.370732 -0.922701 -0.105739
  outer loop
    vertex -2.971979648589797 -10.07024564155209 -19.06383887163636
    vertex -3.921805700829255 -9.884826495310989 -17.35165804413868
    vertex -4.809571637528853 -9.337995508310016 -19.0108269480135
  endloop
endfacet
facet normal 0.08955 -0.990371 -0.105572
  outer loop
    vertex 1.904012405116335 -10.18818322885067 -20.78009035465616
    vertex 0.928098895777786 -10.45616083081575 -19.09400144192733
    vertex -0.05020738101505319 -10.36322174609389 -20.79569426326133
  endloop
endfacet
facet normal -0.00495848 -0.994433 -0.105252
  outer loop
    vertex 0.928098895777786 -10.45616083081575 -19.09400144192733
    vertex -0.05371728941883786 -10.63014732990315 -17.40390394978843
    vertex -1.033632095427017 -10.4458932769296 -19.09859220709186
  endloop
endfacet
facet normal -0.485257 -0.867816 -0.106865
  outer loop
    vertex -3.912495024456173 -9.023977474024639 -27.50081900798563
    vertex -4.799407391354337 -8.740210213549551 -25.77786620421314
    vertex -5.62433033151185 -8.076280474213537 -27.42358279236147
  endloop
endfacet
facet normal 0.0870403 -0.990655 -0.105012
  outer loop
    vertex 1.903237971271742 -10.45947673150783 -17.3919214808957
    vertex 0.9272246089654358 -10.72377645672391 -15.70756580290906
    vertex -0.05371728941883786 -10.63014732990315 -17.40390394978843
  endloop
endfacet
facet normal -0.00505211 -0.994336 -0.106163
  outer loop
    vertex 0.9306667645078727 -10.18834218926811 -22.48032131151176
    vertex -0.05020738101505319 -10.36322174609389 -20.79569426326133
    vertex -1.03441994242136 -10.17825635322145 -22.48127152874861
  endloop
endfacet
facet normal 0.628439 -0.769967 -0.110524
  outer loop
    vertex 5.467085459319818 -6.870746647238062 -40.9083477725486
    vertex 4.661248710944614 -7.279381997726439 -42.64356227444603
    vertex 6.182080310561482 -6.05340369151303 -42.53691556516319
  endloop
endfacet
facet normal -0.525802 -0.844171 -0.104436
  outer loop
    vertex -6.497202853342526 -8.597914331787942 -15.54319789751903
    vertex -4.826913060979144 -9.627904023502902 -15.62702404344597
    vertex -5.694566173028016 -9.30170249312593 -13.89539353523008
  endloop
endfacet
facet normal 0.571907 -0.813767 -0.103464
  outer loop
    vertex 7.197807744541192 -8.556837995433851 -10.39890895002858
    vertex 6.424845522691354 -9.30916555084745 -8.754304199495355
    vertex 5.584791361296433 -9.678372334783791 -10.49389825821612
  endloop
endfacet
facet normal 0.0921305 -0.990062 -0.106253
  outer loop
    vertex 1.904676468562904 -9.916959794536281 -24.16450868720307
    vertex 0.9306667645078727 -10.18834218926811 -22.48032131151176
    vertex -0.04684528155659445 -10.09684906398811 -24.18044464132119
  endloop
endfacet
facet normal -0.00514869 -0.994241 -0.107041
  outer loop
    vertex 0.9340401843739348 -9.920338230960157 -25.86712580066992
    vertex -0.04684528155659445 -10.09684906398811 -24.18044464132119
    vertex -1.036253933476084 -9.910314561923775 -25.86545835033081
  endloop
endfacet
facet normal 0.0843 -0.99096 -0.104368
  outer loop
    vertex 0.915624749129288 -10.9925180435657 -12.31757614705794
    vertex -0.06226587984788345 -10.89647577161355 -14.01934431885918
    vertex 1.895947880885716 -10.73218231855689 -13.99760217898003
  endloop
endfacet
facet normal -0.411317 -0.903741 -0.118616
  outer loop
    vertex -3.706883623013744 -5.836528965167368 -64.62131260374348
    vertex -1.942114703918431 -6.629349461688355 -64.70034416934851
    vertex -2.884936451196547 -6.424256960413018 -62.99359945690605
  endloop
endfacet
facet normal 0.44137 -0.891212 -0.104566
  outer loop
    vertex 4.701609159771122 -9.690229963984457 -15.62109004183906
    vertex 3.811418301573043 -9.927567685576069 -17.35574748821442
    vertex 5.568900673818356 -9.067133540612961 -17.27090592437521
  endloop
endfacet
facet normal 0.159427 -0.979314 -0.124607
  outer loop
    vertex -0.001162364219066134 -6.106642429798851 -74.88220646483798
    vertex 1.929391202056919 -5.796600798967859 -74.84887206896737
    vertex 0.978540825945509 -6.162866255239333 -73.18686102175751
  endloop
endfacet
facet normal -0.00682992 -0.994689 -0.102696
  outer loop
    vertex -0.07183621418144343 -11.70012505248568 -3.807470413853181
    vertex -1.060143142519425 -11.51800646439037 -5.505693255719617
    vertex 0.9026066940340247 -11.53121946699561 -5.508250161357121
  endloop
endfacet
facet normal 0.426632 -0.896338 -0.120678
  outer loop
    vertex 2.847849652609043 -6.149568372565893 -66.36477937368451
    vertex 1.929437834438452 -6.355242150634189 -68.08398755511318
    vertex 3.701346939063206 -5.521430375330646 -68.01291758871855
  endloop
endfacet
facet normal 0.768363 -0.638172 -0.0485228
  outer loop
    vertex 6.85781841443476 -5.498754673962248 -40.7855610373703
    vertex 7.455089589674195 -4.913472229372708 -39.02535894204212
    vertex 6.218329236110493 -6.3918907105887 -39.16539489761811
  endloop
endfacet
facet normal 0.176127 -0.978795 -0.10459
  outer loop
    vertex 2.86154531502872 -10.37883977072566 -15.67827609348581
    vertex 1.895947880885716 -10.73218231855689 -13.99760217898003
    vertex 0.9272246089654358 -10.72377645672391 -15.70756580290906
  endloop
endfacet
facet normal 0.98818 -0.132107 -0.0777714
  outer loop
    vertex 6.47168498402656 0 -70.24390243902442
    vertex 6.171667654931833 -1.680174714844336 -71.20194320573999
    vertex 6.318120678027298 0 -72.19512195121953
  endloop
endfacet
facet normal 0.660762 -0.741808 -0.114521
  outer loop
    vertex 5.418547953697307 -6.220491326897131 -47.65390925596175
    vertex 4.595904912921746 -6.686171737165962 -49.38395497600702
    vertex 6.097533425239278 -5.364922543610144 -49.27824159708587
  endloop
endfacet
facet normal 0.0792273 -0.991498 -0.103226
  outer loop
    vertex 0.9026066940340247 -11.53121946699561 -5.508250161357121
    vertex -0.07735833515570535 -11.43212894116808 -7.212160352692904
    vertex 1.88891076133093 -11.27609404591944 -7.201755398809548
  endloop
endfacet
facet normal 0.295542 -0.947556 -0.121628
  outer loop
    vertex 0.9730166036219197 -6.433738381295075 -69.79645005345566
    vertex 2.844938321261801 -5.856572033503365 -69.74436849556147
    vertex 1.929437834438452 -6.355242150634189 -68.08398755511318
  endloop
endfacet
facet normal 0.261353 -0.959581 -0.104395
  outer loop
    vertex 3.79825379385922 -10.21845294633633 -13.95729371203319
    vertex 2.853065122877751 -10.65806286713987 -12.28275657499178
    vertex 1.895947880885716 -10.73218231855689 -13.99760217898003
  endloop
endfacet
facet normal 0.342726 -0.933642 -0.104173
  outer loop
    vertex 4.707667854033169 -9.983252685852479 -12.22910930513843
    vertex 3.799024010581511 -10.50269255629269 -10.56308058511039
    vertex 2.853065122877751 -10.65806286713987 -12.28275657499178
  endloop
endfacet
facet normal 0.426694 -0.903674 -0.0361345
  outer loop
    vertex 1.929437834438452 -6.355242150634189 -68.08398755511318
    vertex 2.844938321261801 -5.856572033503365 -69.74436849556147
    vertex 3.701346939063206 -5.521430375330646 -68.01291758871855
  endloop
endfacet
facet normal 0.70381 -0.698352 -0.130215
  outer loop
    vertex 4.460878338938159 -4.753124852423322 -69.64829212137751
    vertex 3.685733359279968 -5.20939284430137 -71.39094430183654
    vertex 5.2256797970633 -3.676964932279343 -71.28608340105826
  endloop
endfacet
facet normal 0.16697 -0.984518 -0.0533354
  outer loop
    vertex 2.857584184417625 -10.93326334970234 -8.887577226769121
    vertex 0.9147233708429133 -11.26126538030497 -8.915250023915638
    vertex 1.890409293959715 -11.00442182975111 -10.6018730242243
  endloop
endfacet
facet normal 0.993574 -0.0818286 -0.078196
  outer loop
    vertex 11.23217847000371 0 -9.756097560975665
    vertex 11.01050118854729 -1.825987058830353 -10.66196062389954
    vertex 11.07861416400445 0 -11.70731707317081
  endloop
endfacet
facet normal -0.988297 -0.13122 -0.0777807
  outer loop
    vertex -6.47168498402656 7.925528300778116e-16 -70.24390243902442
    vertex -6.323750828688663 -1.709395606606606 -69.23973972840129
    vertex -6.625249290025824 8.113590336583399e-16 -68.2926829268293
  endloop
endfacet
facet normal -0.309186 -0.944814 -0.108311
  outer loop
    vertex -3.893523042508094 -8.742215180343058 -30.87544821352819
    vertex -2.014627973518918 -9.352099094097714 -30.91884842191738
    vertex -2.974310882060334 -9.233851660205021 -29.21081765219568
  endloop
endfacet
facet normal -0.179053 -0.978397 -0.103341
  outer loop
    vertex -1.05625003807221 -11.24874682404154 -8.916851223340002
    vertex -2.037253777515971 -11.24983135989898 -7.206852222448851
    vertex -2.988658395582911 -10.89805314670406 -8.888922819210945
  endloop
endfacet
facet normal -0.594818 -0.802121 -0.0528586
  outer loop
    vertex -6.497202853342526 -8.597914331787942 -15.54319789751903
    vertex -5.694566173028016 -9.30170249312593 -13.89539353523008
    vertex -7.272753147529784 -8.137788070203218 -13.79827647890317
  endloop
endfacet
facet normal 0.994206 -0.0737075 -0.0782457
  outer loop
    vertex 11.53930708200224 0 -5.853658536585404
    vertex 11.33797352697457 -1.690420227839141 -6.819465884755962
    vertex 11.38574277600297 0 -7.804878048780534
  endloop
endfacet
facet normal 0.254888 -0.965518 -0.0529757
  outer loop
    vertex 3.799024010581511 -10.50269255629269 -10.56308058511039
    vertex 1.890409293959715 -11.00442182975111 -10.6018730242243
    vertex 2.853065122877751 -10.65806286713987 -12.28275657499178
  endloop
endfacet
facet normal -0.988022 -0.133293 -0.077759
  outer loop
    vertex -6.164556372028035 7.549404229167553e-16 -74.14634146341466
    vertex -6.015700324441146 -1.653230770619635 -73.20380450899368
    vertex -6.318120678027298 7.737466264972835e-16 -72.19512195121953
  endloop
endfacet
facet normal -0.501603 -0.859061 -0.102022
  outer loop
    vertex -4.843188486452363 -10.2142514376738 -8.839589368004164
    vertex -5.723742733941949 -9.906195486873962 -7.104179503607679
    vertex -6.500431986665495 -9.255790230772959 -8.76213101680924
  endloop
endfacet
facet normal -0.101195 -0.99358 -0.0505714
  outer loop
    vertex -0.04684528155659445 -10.09684906398811 -24.18044464132119
    vertex -1.994236327724331 -9.899287466841715 -24.16514608344194
    vertex -1.036253933476084 -9.910314561923775 -25.86545835033081
  endloop
endfacet
facet normal -0.563097 -0.824845 -0.0505115
  outer loop
    vertex -5.62433033151185 -8.076280474213537 -27.42358279236147
    vertex -4.799407391354337 -8.740210213549551 -25.77786620421314
    vertex -6.416488520765167 -7.641921186519685 -25.68570613428773
  endloop
endfacet
facet normal -0.994131 -0.0747083 -0.0782398
  outer loop
    vertex -11.23217847000371 1.375545141074186e-15 -9.756097560975665
    vertex -11.18271805441152 -1.690293993728159 -8.770552299257719
    vertex -11.38574277600297 1.394351344654714e-15 -7.804878048780534
  endloop
endfacet
facet normal 0.800143 -0.598328 -0.0421243
  outer loop
    vertex 4.430314706117182 -4.414081149478702 -73.01057896135327
    vertex 4.935521602458675 -3.618586511416314 -74.71337471141996
    vertex 5.491419176375818 -2.996859593274099 -72.98513463196035
  endloop
endfacet
facet normal 0.167008 -0.980515 -0.103436
  outer loop
    vertex 2.857584184417625 -10.93326334970234 -8.887577226769121
    vertex 1.88891076133093 -11.27609404591944 -7.201755398809548
    vertex 0.9147233708429133 -11.26126538030497 -8.915250023915638
  endloop
endfacet
facet normal 0.634977 -0.765623 -0.103079
  outer loop
    vertex 7.943990688790551 -8.063747173478125 -8.646613692157667
    vertex 7.224206539747089 -8.881362020821248 -7.007694314420259
    vertex 6.424845522691354 -9.30916555084745 -8.754304199495355
  endloop
endfacet
facet normal 0.254837 -0.961389 -0.103869
  outer loop
    vertex 3.799024010581511 -10.50269255629269 -10.56308058511039
    vertex 2.857584184417625 -10.93326334970234 -8.887577226769121
    vertex 1.890409293959715 -11.00442182975111 -10.6018730242243
  endloop
endfacet
facet normal 0.830496 -0.54731 -0.103572
  outer loop
    vertex 9.62370240144258 -5.196076388749511 -13.50850291470577
    vertex 9.152210839603814 -6.215717943651651 -11.90103720553691
    vertex 8.533825512445421 -6.821031727143878 -13.66089913483469
  endloop
endfacet
facet normal 0.564664 -0.816361 -0.121278
  outer loop
    vertex 3.701346939063206 -5.521430375330646 -68.01291758871855
    vertex 2.844938321261801 -5.856572033503365 -69.74436849556147
    vertex 4.460878338938159 -4.753124852423322 -69.64829212137751
  endloop
endfacet
facet normal 0.80458 -0.584983 -0.102205
  outer loop
    vertex 9.809165615614557 -5.943537153769388 -6.742893992766096
    vertex 9.269717419565676 -6.968009187767201 -5.12585746766151
    vertex 8.643073956970365 -7.522035595799657 -6.887881373408193
  endloop
endfacet
facet normal 0.38107 -0.923187 -0.0501175
  outer loop
    vertex 2.891420708024778 -9.536012620448556 -25.86055321054339
    vertex 3.814197130408214 -9.066246888274915 -27.49749535799355
    vertex 4.704432596004739 -8.792813507389988 -25.76533451780148
  endloop
endfacet
facet normal 0.527886 -0.847728 -0.0519042
  outer loop
    vertex 5.560164782864948 -8.758781174277127 -20.65306021215743
    vertex 6.37314413934921 -8.358987690175782 -18.9143890004499
    vertex 4.709174894655469 -9.389755269977176 -19.00254530377835
  endloop
endfacet
facet normal 0.401942 -0.914076 -0.0539203
  outer loop
    vertex 5.619981338219238 -10.27374065563057 -3.679462374345593
    vertex 3.793009455291084 -11.07218488954759 -3.762891434794181
    vertex 4.712714779586996 -10.56904008122237 -5.436551064119598
  endloop
endfacet
facet normal 0.705975 -0.707862 -0.0230393
  outer loop
    vertex 3.685733359279968 -5.20939284430137 -71.39094430183654
    vertex 4.430314706117182 -4.414081149478702 -73.01057896135327
    vertex 5.2256797970633 -3.676964932279343 -71.28608340105826
  endloop
endfacet
facet normal -0.514703 -0.855725 -0.0530712
  outer loop
    vertex -5.694566173028016 -9.30170249312593 -13.89539353523008
    vertex -4.836082475947452 -9.920734973577634 -12.23992775416506
    vertex -6.520603478905715 -8.912784382657479 -12.15515146537663
  endloop
endfacet
facet normal 0.33488 -0.936579 -0.103324
  outer loop
    vertex 4.711855636702222 -10.275299016867 -8.841867605707257
    vertex 3.797821495940781 -10.78696479300717 -7.16632082564664
    vertex 2.857584184417625 -10.93326334970234 -8.887577226769121
  endloop
endfacet
facet normal -0.400194 -0.915104 -0.0492816
  outer loop
    vertex -3.893523042508094 -8.742215180343058 -30.87544821352819
    vertex -2.974310882060334 -9.233851660205021 -29.21081765219568
    vertex -4.777345222728158 -8.448520988808667 -29.151896723445
  endloop
endfacet
facet normal 0.481336 -0.874837 -0.0545616
  outer loop
    vertex 6.427746925424731 -9.630500116403907 -5.355225910741039
    vertex 4.712714779586996 -10.56904008122237 -5.436551064119598
    vertex 5.592984677526676 -9.980942185581657 -7.100434285601818
  endloop
endfacet
facet normal -0.878593 -0.475128 -0.0482482
  outer loop
    vertex -7.591215246350956 -5.18361841996024 -35.67654524305394
    vertex -8.523717059892318 -3.476172698154453 -35.51004345156086
    vertex -7.938454165826246 -4.378611707903564 -37.28074818403922
  endloop
endfacet
facet normal 0.560244 -0.826569 -0.0539491
  outer loop
    vertex 7.224206539747089 -8.881362020821248 -7.007694314420259
    vertex 5.592984677526676 -9.980942185581657 -7.100434285601818
    vertex 6.424845522691354 -9.30916555084745 -8.754304199495355
  endloop
endfacet
facet normal -0.871164 -0.485443 -0.0736047
  outer loop
    vertex -10.51852052028179 -4.946975351401023 -4.780559227206962
    vertex -9.771273417040804 -6.441704235058638 -3.766615949316694
    vertex -10.70853538856048 -4.899876550718207 -2.842227651129676
  endloop
endfacet
facet normal 0.15153 -0.980831 -0.122508
  outer loop
    vertex -0.00786224249120383 -6.373376379516886 -71.49297007705435
    vertex 1.926815204747313 -6.076427572874715 -71.47742061615563
    vertex 0.9730166036219197 -6.433738381295075 -69.79645005345566
  endloop
endfacet
facet normal 0.560002 -0.822091 -0.10278
  outer loop
    vertex 7.224206539747089 -8.881362020821248 -7.007694314420259
    vertex 6.427746925424731 -9.630500116403907 -5.355225910741039
    vertex 5.592984677526676 -9.980942185581657 -7.100434285601818
  endloop
endfacet
facet normal 0.481273 -0.870594 -0.10219
  outer loop
    vertex 6.427746925424731 -9.630500116403907 -5.355225910741039
    vertex 5.619981338219238 -10.27374065563057 -3.679462374345593
    vertex 4.712714779586996 -10.56904008122237 -5.436551064119598
  endloop
endfacet
facet normal 0.220596 -0.969052 -0.110793
  outer loop
    vertex 0.9480153794702736 -8.582589246695504 -42.75906711071923
    vertex 2.852115461767447 -8.152893298729246 -42.72621283913587
    vertex 1.913777067243576 -8.557387048374592 -41.05660584933835
  endloop
endfacet
facet normal 0.706839 -0.697756 -0.116257
  outer loop
    vertex 4.430314706117182 -4.414081149478702 -73.01057896135327
    vertex 3.666544621840805 -4.894121094858905 -74.77316225701823
    vertex 4.935521602458675 -3.618586511416314 -74.71337471141996
  endloop
endfacet
facet normal 0.346298 -0.937101 -0.0438185
  outer loop
    vertex 1.917814823964231 -8.010754024216519 -47.81188677890083
    vertex 2.850442857787071 -7.58808990075213 -49.48039339241936
    vertex 3.761130657193272 -7.330988587861139 -47.78157708644193
  endloop
endfacet
facet normal -0.844625 -0.533559 -0.0438582
  outer loop
    vertex -6.084727788628646 -4.967978713718447 -52.66422631924881
    vertex -7.129519085497052 -3.326960120225553 -52.50746261350879
    vertex -6.617239307187956 -3.992551237767176 -54.27569683688157
  endloop
endfacet
facet normal 0.527714 -0.842913 -0.104957
  outer loop
    vertex 6.37314413934921 -8.358987690175782 -18.9143890004499
    vertex 5.568900673818356 -9.067133540612961 -17.27090592437521
    vertex 4.709174894655469 -9.389755269977176 -19.00254530377835
  endloop
endfacet
facet normal -0.787909 -0.611243 -0.0747025
  outer loop
    vertex -8.644432374955134 -7.783876405047431 -4.669592106242622
    vertex -8.698033506537868 -7.954944626243125 -2.704501791162565
    vertex -9.771273417040804 -6.441704235058638 -3.766615949316694
  endloop
endfacet
facet normal -0.972887 -0.216058 -0.0825171
  outer loop
    vertex -11.03916560088071 -3.367730221429015 -5.826586564414654
    vertex -11.22192016663451 -3.29983367473715 -3.849662023305887
    vertex -11.49297725181298 -1.686094940480524 -4.879190134010766
  endloop
endfacet
facet normal 0.325381 -0.944466 -0.0459468
  outer loop
    vertex 1.913777067243576 -8.557387048374592 -41.05660584933835
    vertex 2.852115461767447 -8.152893298729246 -42.72621283913587
    vertex 3.771254610701948 -7.918828340153014 -41.02850703512619
  endloop
endfacet
facet normal 0.235492 -0.965297 -0.112898
  outer loop
    vertex 0.9536306531980095 -8.046752912360793 -49.51526848876166
    vertex 2.850442857787071 -7.58808990075213 -49.48039339241936
    vertex 1.917814823964231 -8.010754024216519 -47.81188677890083
  endloop
endfacet
facet normal -0.101186 -0.989183 -0.106202
  outer loop
    vertex -1.03441994242136 -10.17825635322145 -22.48127152874861
    vertex -1.994236327724331 -9.899287466841715 -24.16514608344194
    vertex -0.04684528155659445 -10.09684906398811 -24.18044464132119
  endloop
endfacet
facet normal 0.984005 -0.160424 -0.0774429
  outer loop
    vertex 6.164556372028035 0 -74.14634146341466
    vertex 5.787966100791741 -1.938773302814618 -74.91518205544519
    vertex 6.010992066028773 0 -76.09756097560977
  endloop
endfacet
facet normal -0.422639 -0.900804 -0.0996434
  outer loop
    vertex -3.938181708311159 -10.734781522226 -7.187014918326478
    vertex -4.565524797454026 -10.63131099966681 -5.461531911837989
    vertex -5.723742733941949 -9.906195486873962 -7.104179503607679
  endloop
endfacet
facet normal -0.989333 -0.123114 -0.0778622
  outer loop
    vertex -5.857427760029509 7.173280157556989e-16 -78.0487804878049
    vertex -5.754473749951302 -1.454714145992634 -77.05677740721335
    vertex -6.010992066028773 7.361342193362271e-16 -76.09756097560977
  endloop
endfacet
facet normal -0.272819 -0.960639 -0.0523669
  outer loop
    vertex -2.022048660912052 -10.70799315129203 -14.01191853080089
    vertex -3.920272327487797 -10.17117980476863 -13.97016117404502
    vertex -2.986132423116751 -10.3427148403568 -15.69009014394134
  endloop
endfacet
facet normal -0.994291 -0.0725462 -0.0782524
  outer loop
    vertex -11.53930708200224 1.413157548235243e-15 -5.853658536585404
    vertex -11.49297725181298 -1.686094940480524 -4.879190134010766
    vertex -11.6928713880015 1.431963751815771e-15 -3.90243902439026
  endloop
endfacet
facet normal -0.931541 -0.35605 -0.0738869
  outer loop
    vertex -11.03916560088071 -3.367730221429015 -5.826586564414654
    vertex -10.51852052028179 -4.946975351401023 -4.780559227206962
    vertex -11.22192016663451 -3.29983367473715 -3.849662023305887
  endloop
endfacet
facet normal 0.624649 -0.779267 -0.0505554
  outer loop
    vertex 7.077968984490011 -7.228772928182009 -23.9263398993339
    vertex 5.536917034768818 -8.45682339462787 -24.0378464205594
    vertex 6.331845176155202 -7.713619951149651 -25.67175615038645
  endloop
endfacet
facet normal 0.565002 -0.824326 -0.0354891
  outer loop
    vertex 4.460878338938159 -4.753124852423322 -69.64829212137751
    vertex 2.844938321261801 -5.856572033503365 -69.74436849556147
    vertex 3.685733359279968 -5.20939284430137 -71.39094430183654
  endloop
endfacet
facet normal 0.58644 -0.800523 -0.123493
  outer loop
    vertex 3.685733359279968 -5.20939284430137 -71.39094430183654
    vertex 2.834861288928017 -5.563366639987568 -73.13696442100493
    vertex 4.430314706117182 -4.414081149478702 -73.01057896135327
  endloop
endfacet
facet normal 0.654809 -0.754188 -0.0492616
  outer loop
    vertex 7.001697454797919 -6.547234997673629 -30.67366806617751
    vertex 5.522314706363359 -7.823758565064267 -30.79494299658043
    vertex 6.267410763105436 -7.070843759388194 -32.41778562644678
  endloop
endfacet
facet normal -0.93255 -0.351399 -0.0828795
  outer loop
    vertex -10.51852052028179 -4.946975351401023 -4.780559227206962
    vertex -10.70853538856048 -4.899876550718207 -2.842227651129676
    vertex -11.22192016663451 -3.29983367473715 -3.849662023305887
  endloop
endfacet
facet normal -0.603704 -0.795801 -0.0473529
  outer loop
    vertex -5.556367046287773 -7.136954387870007 -37.54872605973381
    vertex -4.73568930833785 -7.857138263542363 -35.90835859625704
    vertex -6.316775041080494 -6.663670148715065 -35.80814493464766
  endloop
endfacet
facet normal -0.320435 -0.94538 -0.0598115
  outer loop
    vertex -3.938181708311159 -10.734781522226 -7.187014918326478
    vertex -2.844091705364879 -11.21345680983468 -5.482574122104148
    vertex -4.565524797454026 -10.63131099966681 -5.461531911837989
  endloop
endfacet
facet normal -0.44583 -0.893968 -0.0453583
  outer loop
    vertex -2.954424134620912 -8.116337148513884 -42.72671379357413
    vertex -4.725118429649592 -7.236800551566676 -42.65724513804359
    vertex -3.86916285526454 -7.576035417446676 -44.38450213391882
  endloop
endfacet
facet normal -0.843829 -0.534111 -0.0517442
  outer loop
    vertex -6.907635855389293 -5.433957675687763 -40.80193066405496
    vertex -7.895781715946294 -3.887925955045962 -40.64589570714996
    vertex -7.430322898980941 -4.452137181993892 -42.41259273043968
  endloop
endfacet
facet normal 0.837815 -0.543379 -0.0529589
  outer loop
    vertex 7.390701264845633 -4.520272078584169 -42.39491751675242
    vertex 7.848212133560748 -3.988176897751856 -40.61655511866126
    vertex 6.85781841443476 -5.498754673962248 -40.7855610373703
  endloop
endfacet
facet normal 0.410568 -0.905992 -0.103013
  outer loop
    vertex 4.712714779586996 -10.56904008122237 -5.436551064119598
    vertex 3.797821495940781 -10.78696479300717 -7.16632082564664
    vertex 5.592984677526676 -9.980942185581657 -7.100434285601818
  endloop
endfacet
facet normal 0.272799 -0.961317 -0.0380798
  outer loop
    vertex 1.923206678534164 -6.634952843647528 -64.69920436842075
    vertex 2.850560056635527 -6.439158608084368 -62.99854293666509
    vertex 0.9652301543335055 -6.972907435295646 -63.03043983424279
  endloop
endfacet
facet normal 0.525203 -0.850084 -0.0389732
  outer loop
    vertex 4.510357530203176 -5.418409824790739 -62.89572238377936
    vertex 2.850560056635527 -6.439158608084368 -62.99854293666509
    vertex 3.71381864010409 -5.83074264946068 -64.63605937310305
  endloop
endfacet
facet normal 0.62854 -0.776766 -0.0396476
  outer loop
    vertex 5.248232359046685 -4.910267085403953 -61.15346353389123
    vertex 3.72923460060923 -6.133816660894682 -61.26293490685324
    vertex 4.510357530203176 -5.418409824790739 -62.89572238377936
  endloop
endfacet
facet normal -0.877016 -0.468645 -0.105906
  outer loop
    vertex -8.084849649386678 -4.659136635257126 -33.90960118332518
    vertex -8.523717059892318 -3.476172698154453 -35.51004345156086
    vertex -7.591215246350956 -5.18361841996024 -35.67654524305394
  endloop
endfacet
facet normal -0.928571 -0.35723 -0.100709
  outer loop
    vertex -9.580930513247967 -4.695838246955428 -16.9014992193533
    vertex -10.01771991180455 -4.061033512425509 -15.12590499825652
    vertex -10.25822076430781 -2.985184810965237 -16.72459696400665
  endloop
endfacet
facet normal -0.46628 -0.87572 -0.125289
  outer loop
    vertex -1.949880232068542 -5.788169299191125 -74.86779504098089
    vertex -2.82360480108894 -5.566686161748239 -73.16418448183205
    vertex -3.690177099289559 -4.87909593104393 -74.74510314902794
  endloop
endfacet
facet normal -0.209802 -0.976526 -0.0487863
  outer loop
    vertex -2.921756606998797 -8.968820136798575 -32.62025751649377
    vertex -1.958721998892724 -9.091592403801965 -34.3042632818611
    vertex -1.020995729491009 -9.376982606594911 -32.62440728224158
  endloop
endfacet
facet normal -0.39126 -0.918918 -0.0500621
  outer loop
    vertex -3.912495024456173 -9.023977474024639 -27.50081900798563
    vertex -2.993640148935027 -9.504869000489197 -25.85509222227444
    vertex -4.799407391354337 -8.740210213549551 -25.77786620421314
  endloop
endfacet
facet normal -0.718586 -0.693912 -0.0460581
  outer loop
    vertex -5.870241271389158 -4.382695908730012 -59.39098629383837
    vertex -5.274010742372162 -4.883914744161411 -61.14184307405249
    vertex -4.605005991431455 -5.684173171322655 -59.52276792129358
  endloop
endfacet
facet normal 0.492627 -0.868592 -0.0535429
  outer loop
    vertex 6.424845522691354 -9.30916555084745 -8.754304199495355
    vertex 4.711855636702222 -10.275299016867 -8.841867605707257
    vertex 5.584791361296433 -9.678372334783791 -10.49389825821612
  endloop
endfacet
facet normal 0.220655 -0.974267 -0.0459974
  outer loop
    vertex 1.915832642695853 -8.28430503975617 -44.43425867320903
    vertex 2.852115461767447 -8.152893298729246 -42.72621283913587
    vertex 0.9480153794702736 -8.582589246695504 -42.75906711071923
  endloop
endfacet
facet normal 0.327003 -0.943474 -0.0540919
  outer loop
    vertex 4.712714779586996 -10.56904008122237 -5.436551064119598
    vertex 2.851725022291961 -11.21115232930757 -5.487076907301853
    vertex 3.797821495940781 -10.78696479300717 -7.16632082564664
  endloop
endfacet
facet normal -0.632324 -0.765783 -0.117225
  outer loop
    vertex -4.605005991431455 -5.684173171322655 -59.52276792129358
    vertex -5.274010742372162 -4.883914744161411 -61.14184307405249
    vertex -3.7678348434692 -6.111890775036755 -61.24444812345398
  endloop
endfacet
facet normal -0.518626 -0.854064 -0.0400077
  outer loop
    vertex -4.605005991431455 -5.684173171322655 -59.52276792129358
    vertex -3.7678348434692 -6.111890775036755 -61.24444812345398
    vertex -2.939781762317749 -6.691296111831251 -59.60977893202016
  endloop
endfacet
facet normal -0.843123 -0.526232 -0.110561
  outer loop
    vertex -6.619008704253336 -4.482688255229442 -50.8996779386934
    vertex -7.129519085497052 -3.326960120225553 -52.50746261350879
    vertex -6.084727788628646 -4.967978713718447 -52.66422631924881
  endloop
endfacet
facet normal 0.162376 -0.985258 -0.0538603
  outer loop
    vertex 2.851725022291961 -11.21115232930757 -5.487076907301853
    vertex 0.9026066940340247 -11.53121946699561 -5.508250161357121
    vertex 1.88891076133093 -11.27609404591944 -7.201755398809548
  endloop
endfacet
facet normal 0.993109 -0.0867821 -0.0787622
  outer loop
    vertex 9.633495774225434 -1.689033832989412 -28.2021386211604
    vertex 9.473685427639689 -1.675214815179551 -30.23240665151451
    vertex 9.696535410011078 0 -29.26829268292691
  endloop
endfacet
facet normal 0.235569 -0.970867 -0.0438748
  outer loop
    vertex 1.919758165184754 -7.736670252569248 -51.18955530752545
    vertex 2.850442857787071 -7.58808990075213 -49.48039339241936
    vertex 0.9536306531980095 -8.046752912360793 -49.51526848876166
  endloop
endfacet
facet normal 0.992645 -0.103144 -0.0633852
  outer loop
    vertex 9.389406798012553 0 -33.17073170731715
    vertex 9.237750263748278 -2.078296769007843 -32.16384158102254
    vertex 9.142060808182578 -1.760245989236694 -34.17993519979823
  endloop
endfacet
facet normal 0.887535 -0.458313 -0.0472381
  outer loop
    vertex 7.848212133560748 -3.988176897751856 -40.61655511866126
    vertex 8.354396775183574 -3.190694714734526 -38.84341542741032
    vertex 7.455089589674195 -4.913472229372708 -39.02535894204212
  endloop
endfacet
facet normal 0.248793 -0.967066 -0.0537073
  outer loop
    vertex 2.857584184417625 -10.93326334970234 -8.887577226769121
    vertex 3.797821495940781 -10.78696479300717 -7.16632082564664
    vertex 1.88891076133093 -11.27609404591944 -7.201755398809548
  endloop
endfacet
facet normal 0.3351 -0.940665 -0.0534443
  outer loop
    vertex 3.799024010581511 -10.50269255629269 -10.56308058511039
    vertex 4.711855636702222 -10.275299016867 -8.841867605707257
    vertex 2.857584184417625 -10.93326334970234 -8.887577226769121
  endloop
endfacet
facet normal 0.326934 -0.939443 -0.102765
  outer loop
    vertex 3.793009455291084 -11.07218488954759 -3.762891434794181
    vertex 2.851725022291961 -11.21115232930757 -5.487076907301853
    vertex 4.712714779586996 -10.56904008122237 -5.436551064119598
  endloop
endfacet
facet normal -0.528915 -0.847777 -0.0390256
  outer loop
    vertex -3.706883623013744 -5.836528965167368 -64.62131260374348
    vertex -2.884936451196547 -6.424256960413018 -62.99359945690605
    vertex -4.527994382517789 -5.403688651224265 -62.89563759662859
  endloop
endfacet
facet normal 0.0792754 -0.995406 -0.0536854
  outer loop
    vertex 1.88891076133093 -11.27609404591944 -7.201755398809548
    vertex -0.07735833515570535 -11.43212894116808 -7.212160352692904
    vertex 0.9147233708429133 -11.26126538030497 -8.915250023915638
  endloop
endfacet
facet normal 0.248688 -0.963074 -0.103166
  outer loop
    vertex 3.797821495940781 -10.78696479300717 -7.16632082564664
    vertex 2.851725022291961 -11.21115232930757 -5.487076907301853
    vertex 1.88891076133093 -11.27609404591944 -7.201755398809548
  endloop
endfacet
facet normal 0.0782044 -0.995471 -0.0540546
  outer loop
    vertex 1.896118676946681 -11.54517684746405 -3.813830093998314
    vertex -0.07183621418144343 -11.70012505248568 -3.807470413853181
    vertex 0.9026066940340247 -11.53121946699561 -5.508250161357121
  endloop
endfacet
facet normal 0.159045 -0.986687 -0.0339482
  outer loop
    vertex 1.061143071395232 -5.876226766846867 -76.60227744453906
    vertex 1.929391202056919 -5.796600798967859 -74.84887206896737
    vertex -0.001162364219066134 -6.106642429798851 -74.88220646483798
  endloop
endfacet
facet normal 0.994207 -0.091644 -0.0561627
  outer loop
    vertex 10.77148555200592 0 -15.60975609756107
    vertex 10.6214196826182 -2.173709542438041 -14.719290250159
    vertex 10.56121055195858 -1.689733401153317 -16.57485973874709
  endloop
endfacet
facet normal 0.553769 -0.825866 -0.106236
  outer loop
    vertex 6.331845176155202 -7.713619951149651 -25.67175615038645
    vertex 5.536917034768818 -8.45682339462787 -24.0378464205594
    vertex 4.704432596004739 -8.792813507389988 -25.76533451780148
  endloop
endfacet
facet normal -0.0926246 -0.994248 -0.0537681
  outer loop
    vertex -1.05625003807221 -11.24874682404154 -8.916851223340002
    vertex -0.07735833515570535 -11.43212894116808 -7.212160352692904
    vertex -2.037253777515971 -11.24983135989898 -7.206852222448851
  endloop
endfacet
facet normal 0.991327 -0.0957083 -0.0900623
  outer loop
    vertex 8.007328044019189 0 -50.73170731707322
    vertex 7.959325923257347 -1.414594711678595 -49.75679724902373
    vertex 7.765901842508922 -1.624988182810335 -51.66225775902949
  endloop
endfacet
facet normal -0.993887 -0.0779084 -0.0782206
  outer loop
    vertex -10.31079263400813 1.262707919591016e-15 -21.46341463414643
    vertex -10.25718756236053 -1.618014146722242 -20.532975722541
    vertex -10.46435694000739 1.281514123171545e-15 -19.51219512195132
  endloop
endfacet
facet normal 0.151891 -0.987802 -0.0343095
  outer loop
    vertex 0.978540825945509 -6.162866255239333 -73.18686102175751
    vertex 1.926815204747313 -6.076427572874715 -71.47742061615563
    vertex -0.00786224249120383 -6.373376379516886 -71.49297007705435
  endloop
endfacet
facet normal -0.993334 -0.0847073 -0.0781771
  outer loop
    vertex -9.850099716010341 1.206289308849432e-15 -27.31707317073179
    vertex -9.783321455025751 -1.680783153863843 -26.34439008229106
    vertex -10.00366402200961 1.22509551242996e-15 -25.36585365853667
  endloop
endfacet
facet normal 0.0840696 -0.995075 -0.0525184
  outer loop
    vertex 1.895947880885716 -10.73218231855689 -13.99760217898003
    vertex -0.06226587984788345 -10.89647577161355 -14.01934431885918
    vertex 0.9272246089654358 -10.72377645672391 -15.70756580290906
  endloop
endfacet
facet normal -0.99102 -0.108611 -0.077995
  outer loop
    vertex -9.389406798012553 1.149870698107847e-15 -33.17073170731715
    vertex -9.242448856310107 -2.050485189707853 -32.18262797742445
    vertex -9.542971104011816 1.168676901688375e-15 -31.21951219512203
  endloop
endfacet
facet normal 0.579807 -0.807506 -0.108434
  outer loop
    vertex 6.267410763105436 -7.070843759388194 -32.41778562644678
    vertex 5.522314706363359 -7.823758565064267 -30.79494299658043
    vertex 4.667678766502251 -8.206429674524458 -32.51502175372255
  endloop
endfacet
facet normal -0.992952 -0.0890999 -0.078147
  outer loop
    vertex -8.928713880014765 1.093452087366263e-15 -39.02439024390252
    vertex -8.859110112515516 -1.602802699341219 -38.0813427633709
    vertex -9.082278186014028 1.112258290946791e-15 -37.07317073170739
  endloop
endfacet
facet normal -0.52139 -0.846117 -0.110626
  outer loop
    vertex -3.856143895372767 -8.175682524224836 -37.61737258112871
    vertex -4.73568930833785 -7.857138263542363 -35.90835859625704
    vertex -5.556367046287773 -7.136954387870007 -37.54872605973381
  endloop
endfacet
facet normal -0.376927 -0.925294 -0.0419276
  outer loop
    vertex -3.794011160318659 -6.710674998900619 -54.52314977413047
    vertex -2.899080576529139 -6.9979351327247 -56.22903267157648
    vertex -1.986385538259937 -7.445031550844472 -54.56721504000567
  endloop
endfacet
facet normal -0.712011 -0.699937 -0.0559394
  outer loop
    vertex -7.297794084211419 -8.471093226867703 -10.4049850636354
    vertex -8.616433441873994 -7.137233401700952 -10.31080484368106
    vertex -7.99250792166975 -7.633366835630015 -12.04446570914228
  endloop
endfacet
facet normal 0.420158 -0.901503 -0.103727
  outer loop
    vertex 5.584791361296433 -9.678372334783791 -10.49389825821612
    vertex 4.711855636702222 -10.275299016867 -8.841867605707257
    vertex 3.799024010581511 -10.50269255629269 -10.56308058511039
  endloop
endfacet
facet normal -0.793666 -0.606069 -0.0526706
  outer loop
    vertex -7.953594314481975 -7.284746209430947 -15.43157985729964
    vertex -9.147555385628092 -5.731466803253584 -15.31365083314083
    vertex -8.552904360300953 -6.358793999673214 -17.05561918881411
  endloop
endfacet
facet normal -0.346975 -0.93116 -0.112026
  outer loop
    vertex -2.017352101534568 -8.26034842022568 -44.43206141982576
    vertex -2.954424134620912 -8.116337148513884 -42.72671379357413
    vertex -3.86916285526454 -7.576035417446676 -44.38450213391882
  endloop
endfacet
facet normal 0.495837 -0.860654 -0.115845
  outer loop
    vertex 4.598905707059388 -6.027650557178729 -56.13954781852846
    vertex 3.761030488546131 -6.731812468157749 -54.49433461996963
    vertex 2.884191446556828 -7.005121348110876 -56.21685418320278
  endloop
endfacet
facet normal 0.593372 -0.79663 -0.115287
  outer loop
    vertex 4.592236580069297 -6.363999393936924 -52.75776403929863
    vertex 3.761030488546131 -6.731812468157749 -54.49433461996963
    vertex 5.357786350750336 -5.556449779526755 -54.3976923613995
  endloop
endfacet
facet normal -0.195809 -0.979334 -0.0506348
  outer loop
    vertex -2.957884172981974 -9.793524440963518 -22.48420711492322
    vertex -1.994236327724331 -9.899287466841715 -24.16514608344194
    vertex -1.03441994242136 -10.17825635322145 -22.48127152874861
  endloop
endfacet
facet normal -0.99437 -0.0714359 -0.0782586
  outer loop
    vertex -11.38574277600297 1.394351344654714e-15 -7.804878048780534
    vertex -11.34617975870307 -1.638683600799 -6.811754324079796
    vertex -11.53930708200224 1.413157548235243e-15 -5.853658536585404
  endloop
endfacet
facet normal -0.901304 -0.420742 -0.103092
  outer loop
    vertex -7.430322898980941 -4.452137181993892 -42.41259273043968
    vertex -7.895781715946294 -3.887925955045962 -40.64589570714996
    vertex -8.182610298563988 -2.88569778324189 -42.2285510210243
  endloop
endfacet
facet normal 0.898232 -0.42722 -0.103258
  outer loop
    vertex 8.168591549764509 -2.930189186575188 -42.20692817962458
    vertex 7.848212133560748 -3.988176897751856 -40.61655511866126
    vertex 7.390701264845633 -4.520272078584169 -42.39491751675242
  endloop
endfacet
facet normal -0.989778 -0.119467 -0.0778972
  outer loop
    vertex -8.007328044019189 9.806148658830934e-16 -50.73170731707322
    vertex -7.866384399892579 -1.927028127343687 -49.5671871257314
    vertex -8.16089235001845 9.994210694636217e-16 -48.7804878048781
  endloop
endfacet
facet normal 0.692639 -0.71391 -0.10288
  outer loop
    vertex 8.643073956970365 -7.522035595799657 -6.887881373408193
    vertex 7.989368247485532 -8.390760300474609 -5.260660800915105
    vertex 7.224206539747089 -8.881362020821248 -7.007694314420259
  endloop
endfacet
facet normal -0.607017 -0.792965 -0.052323
  outer loop
    vertex -6.472369823579408 -8.281112401569271 -18.9272317368177
    vertex -5.678757608547504 -8.995914859511622 -17.3012356220248
    vertex -7.232908344717751 -7.814097065616626 -17.18166940387566
  endloop
endfacet
facet normal 0.543539 -0.833141 -0.102185
  outer loop
    vertex 6.563377897469162 -10.04599773915035 0
    vertex 5.639375109138791 -10.44106092302297 -1.693878467239176
    vertex 7.28770771348012 -9.363247061695736 -1.713809338896479
  endloop
endfacet
facet normal -0.823201 -0.565407 -0.0515335
  outer loop
    vertex -9.231218069653742 -6.096207602615662 -11.9119360397888
    vertex -8.616433441873994 -7.137233401700952 -10.31080484368106
    vertex -9.789004216187717 -5.445034327884833 -10.14624470975471
  endloop
endfacet
facet normal 0.441144 -0.895923 -0.0521002
  outer loop
    vertex 5.568900673818356 -9.067133540612961 -17.27090592437521
    vertex 3.811418301573043 -9.927567685576069 -17.35574748821442
    vertex 4.709174894655469 -9.389755269977176 -19.00254530377835
  endloop
endfacet
facet normal -0.261146 -0.959901 -0.101948
  outer loop
    vertex -2.037253777515971 -11.24983135989898 -7.206852222448851
    vertex -2.844091705364879 -11.21345680983468 -5.482574122104148
    vertex -3.938181708311159 -10.734781522226 -7.187014918326478
  endloop
endfacet
facet normal -0.452026 -0.890509 -0.0516313
  outer loop
    vertex -3.921805700829255 -9.884826495310989 -17.35165804413868
    vertex -5.678757608547504 -8.995914859511622 -17.3012356220248
    vertex -4.809571637528853 -9.337995508310016 -19.0108269480135
  endloop
endfacet
facet normal 0.0815469 -0.991369 -0.102653
  outer loop
    vertex -0.00903399581611738 -11.86925804817069 -1.661190323591772
    vertex 1.939784874289221 -11.71211454874952 -1.630670751565322
    vertex 0.9909521456680122 -11.95901391608007 0
  endloop
endfacet
facet normal -0.0825247 -0.99132 -0.102342
  outer loop
    vertex -0.9909521456679741 -11.95901391608007 0
    vertex -1.962773006584219 -11.70324001909201 -1.693878467238584
    vertex -0.00903399581611738 -11.86925804817069 -1.661190323591772
  endloop
endfacet
facet normal -0.99005 -0.117175 -0.0779186
  outer loop
    vertex -7.085942208023612 8.677776443999245e-16 -62.43902439024394
    vertex -6.964501116862539 -1.671952644911647 -61.4677775698442
    vertex -7.239506514022874 8.865838479804526e-16 -60.48780487804882
  endloop
endfacet
facet normal -0.00623326 -0.994619 -0.103417
  outer loop
    vertex 0.9147233708429133 -11.26126538030497 -8.915250023915638
    vertex -0.07735833515570535 -11.43212894116808 -7.212160352692904
    vertex -1.05625003807221 -11.24874682404154 -8.916851223340002
  endloop
endfacet
facet normal 0.410267 -0.904085 -0.119628
  outer loop
    vertex 3.71381864010409 -5.83074264946068 -64.63605937310305
    vertex 2.850560056635527 -6.439158608084368 -62.99854293666509
    vertex 1.923206678534164 -6.634952843647528 -64.69920436842075
  endloop
endfacet
facet normal -0.261663 -0.963673 -0.0535365
  outer loop
    vertex -2.037253777515971 -11.24983135989898 -7.206852222448851
    vertex -3.938181708311159 -10.734781522226 -7.187014918326478
    vertex -2.988658395582911 -10.89805314670406 -8.888922819210945
  endloop
endfacet
facet normal -0.422375 -0.904829 -0.053697
  outer loop
    vertex -4.843188486452363 -10.2142514376738 -8.839589368004164
    vertex -3.938181708311159 -10.734781522226 -7.187014918326478
    vertex -5.723742733941949 -9.906195486873962 -7.104179503607679
  endloop
endfacet
facet normal -0.391576 -0.913975 -0.106384
  outer loop
    vertex -4.799407391354337 -8.740210213549551 -25.77786620421314
    vertex -2.993640148935027 -9.504869000489197 -25.85509222227444
    vertex -3.854654824975596 -9.335768258960389 -24.13868620323575
  endloop
endfacet
facet normal -0.0051358 -0.994486 -0.104743
  outer loop
    vertex 0.9272246089654358 -10.72377645672391 -15.70756580290906
    vertex -0.06226587984788345 -10.89647577161355 -14.01934431885918
    vertex -1.038132635211884 -10.71355345893961 -15.70826220638023
  endloop
endfacet
facet normal 0.991875 -0.100454 -0.0780622
  outer loop
    vertex 10.92504985800518 0 -13.65853658536594
    vertex 10.6214196826182 -2.173709542438041 -14.719290250159
    vertex 10.77148555200592 0 -15.60975609756107
  endloop
endfacet
facet normal -0.888058 -0.456394 -0.0552903
  outer loop
    vertex -9.580930513247967 -4.695838246955428 -16.9014992193533
    vertex -9.147555385628092 -5.731466803253584 -15.31365083314083
    vertex -10.01771991180455 -4.061033512425509 -15.12590499825652
  endloop
endfacet
facet normal -0.986681 -0.142935 -0.0776535
  outer loop
    vertex -6.625249290025824 8.113590336583399e-16 -68.2926829268293
    vertex -6.430291318701795 -1.902978410408361 -67.2670862500058
    vertex -6.778813596025086 8.30165237238868e-16 -66.34146341463418
  endloop
endfacet
facet normal 0.993126 -0.0871305 -0.0781607
  outer loop
    vertex 9.696535410011078 0 -29.26829268292691
    vertex 9.473685427639689 -1.675214815179551 -30.23240665151451
    vertex 9.542971104011816 0 -31.21951219512203
  endloop
endfacet
facet normal 0.989951 -0.0999128 -0.100076
  outer loop
    vertex 9.542971104011816 0 -31.21951219512203
    vertex 9.473685427639689 -1.675214815179551 -30.23240665151451
    vertex 9.237750263748278 -2.078296769007843 -32.16384158102254
  endloop
endfacet
facet normal 0.990858 -0.110085 -0.0779822
  outer loop
    vertex 9.542971104011816 0 -31.21951219512203
    vertex 9.237750263748278 -2.078296769007843 -32.16384158102254
    vertex 9.389406798012553 0 -33.17073170731715
  endloop
endfacet
facet normal 0.360962 -0.926558 -0.105817
  outer loop
    vertex 4.709174894655469 -9.389755269977176 -19.00254530377835
    vertex 3.811418301573043 -9.927567685576069 -17.35574748821442
    vertex 2.866641242735411 -10.10119124049359 -19.05828063348173
  endloop
endfacet
facet normal -0.988308 -0.131136 -0.0777816
  outer loop
    vertex -6.318120678027298 7.737466264972835e-16 -72.19512195121953
    vertex -6.173239704688491 -1.667580468144856 -71.22454836555258
    vertex -6.47168498402656 7.925528300778116e-16 -70.24390243902442
  endloop
endfacet
facet normal 0.74426 -0.660181 -0.101178
  outer loop
    vertex 9.269717419565676 -6.968009187767201 -5.12585746766151
    vertex 8.692240850606604 -7.868531270640089 -3.497885261756647
    vertex 7.989368247485532 -8.390760300474609 -5.260660800915105
  endloop
endfacet
facet normal 0.926392 -0.373547 -0.0475437
  outer loop
    vertex 8.004177156156471 -4.26079989599446 -37.25974627487169
    vertex 8.354396775183574 -3.190694714734526 -38.84341542741032
    vertex 8.748596988193826 -2.437751918732498 -37.07820264167973
  endloop
endfacet
facet normal -0.301465 -0.947285 -0.108486
  outer loop
    vertex -2.010825428421701 -9.624900608672601 -27.53806620190112
    vertex -2.993640148935027 -9.504869000489197 -25.85509222227444
    vertex -3.912495024456173 -9.023977474024639 -27.50081900798563
  endloop
endfacet
facet normal -0.993378 -0.0802141 -0.0822596
  outer loop
    vertex -10.09450883328959 -1.689244931052953 -22.42804537246366
    vertex -10.25718756236053 -1.618014146722242 -20.532975722541
    vertex -10.31079263400813 1.262707919591016e-15 -21.46341463414643
  endloop
endfacet
facet normal 0.993088 -0.0875637 -0.0781577
  outer loop
    vertex 8.16089235001845 0 -48.7804878048781
    vertex 7.959325923257347 -1.414594711678595 -49.75679724902373
    vertex 8.007328044019189 0 -50.73170731707322
  endloop
endfacet
facet normal -0.986463 -0.14444 -0.0776363
  outer loop
    vertex -6.010992066028773 7.361342193362271e-16 -76.09756097560977
    vertex -5.834524941781924 -1.746037033051814 -75.09134721347708
    vertex -6.164556372028035 7.549404229167553e-16 -74.14634146341466
  endloop
endfacet
facet normal 0.550687 -0.832945 -0.0542783
  outer loop
    vertex 6.427746925424731 -9.630500116403907 -5.355225910741039
    vertex 7.258617955359536 -9.192075144234881 -3.65350911562067
    vertex 5.619981338219238 -10.27374065563057 -3.679462374345593
  endloop
endfacet
facet normal -0.993905 -0.0820792 -0.0735965
  outer loop
    vertex -9.654215992650048 -1.551424279335504 -28.23219950872146
    vertex -9.783321455025751 -1.680783153863843 -26.34439008229106
    vertex -9.850099716010341 1.206289308849432e-15 -27.31707317073179
  endloop
endfacet
facet normal 0.475902 -0.872992 -0.10678
  outer loop
    vertex 4.704432596004739 -8.792813507389988 -25.76533451780148
    vertex 3.814197130408214 -9.066246888274915 -27.49749535799355
    vertex 5.536471139996015 -8.137998079842877 -27.41059063465212
  endloop
endfacet
facet normal -0.99276 -0.10184 -0.0636861
  outer loop
    vertex -9.145015323887437 -1.731525724496976 -34.211503787814
    vertex -9.242448856310107 -2.050485189707853 -32.18262797742445
    vertex -9.389406798012553 1.149870698107847e-15 -33.17073170731715
  endloop
endfacet
facet normal 0.9685 -0.238614 -0.0712068
  outer loop
    vertex 11.8363356408327 -1.975135083368799 0
    vertex 11.3370154947415 -3.577999552082032 -1.420178601000218
    vertex 11.62652142442704 -2.17620946940581 -2.179932744155356
  endloop
endfacet
facet normal -0.58039 -0.813556 -0.0357026
  outer loop
    vertex -3.690177099289559 -4.87909593104393 -74.74510314902794
    vertex -2.82360480108894 -5.566686161748239 -73.16418448183205
    vertex -4.397740433172881 -4.453005871999892 -72.95210606683615
  endloop
endfacet
facet normal 0.162267 -0.981332 -0.103228
  outer loop
    vertex 2.851725022291961 -11.21115232930757 -5.487076907301853
    vertex 1.896118676946681 -11.54517684746405 -3.813830093998314
    vertex 0.9026066940340247 -11.53121946699561 -5.508250161357121
  endloop
endfacet
facet normal 0.475242 -0.87817 -0.0544267
  outer loop
    vertex 4.820345095835666 -10.98927991986071 0
    vertex 5.639375109138791 -10.44106092302297 -1.693878467239176
    vertex 6.563377897469162 -10.04599773915035 0
  endloop
endfacet
facet normal 0.744792 -0.66496 -0.0557959
  outer loop
    vertex 9.269717419565676 -6.968009187767201 -5.12585746766151
    vertex 7.989368247485532 -8.390760300474609 -5.260660800915105
    vertex 8.643073956970365 -7.522035595799657 -6.887881373408193
  endloop
endfacet
facet normal 0.962552 -0.26837 -0.0383582
  outer loop
    vertex 8.748596988193826 -2.437751918732498 -37.07820264167973
    vertex 9.060625781982761 -1.505660626447983 -35.76953751100393
    vertex 8.517481788068947 -3.489484298135288 -35.51938335286712
  endloop
endfacet
facet normal -0.989934 -0.101204 -0.0989414
  outer loop
    vertex -8.603532253103063 -2.004938085297723 -40.22713369369379
    vertex -8.859110112515516 -1.602802699341219 -38.0813427633709
    vertex -8.928713880014765 1.093452087366263e-15 -39.02439024390252
  endloop
endfacet
facet normal 0.164359 -0.984949 -0.0534959
  outer loop
    vertex 0.9909521456680122 -11.95901391608007 0
    vertex 1.939784874289221 -11.71211454874952 -1.630670751565322
    vertex 2.945825845689624 -11.63280319127199 0
  endloop
endfacet
facet normal -0.164351 -0.984899 -0.0544267
  outer loop
    vertex -2.945825845689586 -11.632803191272 0
    vertex -1.962773006584219 -11.70324001909201 -1.693878467238584
    vertex -0.9909521456679741 -11.95901391608007 0
  endloop
endfacet
facet normal -0.994027 -0.0731044 -0.0810254
  outer loop
    vertex -11.18271805441152 -1.690293993728159 -8.770552299257719
    vertex -11.34617975870307 -1.638683600799 -6.811754324079796
    vertex -11.38574277600297 1.394351344654714e-15 -7.804878048780534
  endloop
endfacet
facet normal -0.778814 -0.618702 -0.103228
  outer loop
    vertex -7.99250792166975 -7.633366835630015 -12.04446570914228
    vertex -8.616433441873994 -7.137233401700952 -10.31080484368106
    vertex -9.231218069653742 -6.096207602615662 -11.9119360397888
  endloop
endfacet
facet normal -0.685836 -0.72316 -0.081661
  outer loop
    vertex -8.644432374955134 -7.783876405047431 -4.669592106242622
    vertex -7.403952523943863 -9.078554685233078 -3.622654948879784
    vertex -8.698033506537868 -7.954944626243125 -2.704501791162565
  endloop
endfacet
facet normal 0.593924 -0.803454 -0.0414095
  outer loop
    vertex 5.357786350750336 -5.556449779526755 -54.3976923613995
    vertex 3.761030488546131 -6.731812468157749 -54.49433461996963
    vertex 4.598905707059388 -6.027650557178729 -56.13954781852846
  endloop
endfacet
facet normal -0.850239 -0.515931 -0.104444
  outer loop
    vertex -8.552904360300953 -6.358793999673214 -17.05561918881411
    vertex -9.147555385628092 -5.731466803253584 -15.31365083314083
    vertex -9.580930513247967 -4.695838246955428 -16.9014992193533
  endloop
endfacet
facet normal -0.568578 -0.817976 -0.0873708
  outer loop
    vertex -7.403952523943863 -9.078554685233078 -3.622654948879784
    vertex -6.017719298268486 -10.10576306035478 -3.026913242687985
    vertex -7.287707713480099 -9.363247061695752 -1.713809338896475
  endloop
endfacet
facet normal 0.993902 -0.0803211 -0.0755414
  outer loop
    vertex 11.01050118854729 -1.825987058830353 -10.66196062389954
    vertex 10.86390102541236 -1.733624490167073 -12.68899503180412
    vertex 11.07861416400445 0 -11.70731707317081
  endloop
endfacet
facet normal -0.537195 -0.836812 -0.105677
  outer loop
    vertex -4.809571637528853 -9.337995508310016 -19.0108269480135
    vertex -5.678757608547504 -8.995914859511622 -17.3012356220248
    vertex -6.472369823579408 -8.281112401569271 -18.9272317368177
  endloop
endfacet
facet normal -0.306654 -0.943942 -0.122217
  outer loop
    vertex -1.949716323761288 -6.069368381896207 -71.47439350178145
    vertex -2.82360480108894 -5.566686161748239 -73.16418448183205
    vertex -0.9814714590611714 -6.162726641669646 -73.18276499298703
  endloop
endfacet
facet normal 0.99287 -0.100109 -0.0647164
  outer loop
    vertex 8.468020962016977 0 -44.87804878048787
    vertex 8.347740456662374 -1.825717316003958 -43.89920172225511
    vertex 8.246687415285212 -1.523795956073968 -45.91657890634067
  endloop
endfacet
facet normal -0.991353 -0.112911 -0.0668574
  outer loop
    vertex -7.750530384585581 -1.685385233185765 -51.69314954555954
    vertex -7.866384399892579 -1.927028127343687 -49.5671871257314
    vertex -8.007328044019189 9.806148658830934e-16 -50.73170731707322
  endloop
endfacet
facet normal -0.346512 -0.932275 -0.103887
  outer loop
    vertex -2.988658395582911 -10.89805314670406 -8.888922819210945
    vertex -3.938181708311159 -10.734781522226 -7.187014918326478
    vertex -4.843188486452363 -10.2142514376738 -8.839589368004164
  endloop
endfacet
facet normal 0.757287 -0.652187 -0.0341984
  outer loop
    vertex 4.369412903269297 -3.666372755594505 -80
    vertex 4.989348474115294 -3.038356464819577 -78.24889325976959
    vertex 3.752438966817512 -4.471982619695269 -78.29869947057706
  endloop
endfacet
facet normal -0.107026 -0.988355 -0.108167
  outer loop
    vertex -1.020995729491009 -9.376982606594911 -32.62440728224158
    vertex -1.958721998892724 -9.091592403801965 -34.3042632818611
    vertex -0.0306851688531586 -9.299560061689508 -34.31169948464437
  endloop
endfacet
facet normal 0.979954 -0.188534 -0.0643745
  outer loop
    vertex 11.33797352697457 -1.690420227839141 -6.819465884755962
    vertex 11.54706638281785 -1.26835309715663 -4.872616564210319
    vertex 11.18959543266599 -3.082041135786043 -5.002529243087616
  endloop
endfacet
facet normal -0.953456 -0.296992 -0.0521232
  outer loop
    vertex -6.950535299180421 -3.082275080188592 -55.86521183473729
    vertex -7.502435419329104 -1.35697445336313 -55.60023461870845
    vertex -7.213164966967396 -1.94172208364752 -57.55984440841078
  endloop
endfacet
facet normal 0.390764 -0.914131 -0.10802
  outer loop
    vertex 4.695493498810881 -8.495116187917349 -29.14265187872527
    vertex 3.814197130408214 -9.066246888274915 -27.49749535799355
    vertex 2.881204420232068 -9.264960190395156 -29.19098628338992
  endloop
endfacet
facet normal -0.991076 -0.113032 -0.0706582
  outer loop
    vertex -6.843288156618671 -1.513146868591406 -63.421993000854
    vertex -6.964501116862539 -1.671952644911647 -61.4677775698442
    vertex -7.085942208023612 8.677776443999245e-16 -62.43902439024394
  endloop
endfacet
facet normal -0.954705 -0.280166 -0.100227
  outer loop
    vertex -8.160711811486303 -1.962835973266092 -45.82560854075989
    vertex -8.117885968717868 -1.404077385039425 -47.7954504866731
    vertex -7.640356583529398 -3.151805859049749 -47.45867097714883
  endloop
endfacet
facet normal -0.16873 -0.983943 -0.0581965
  outer loop
    vertex -1.060143142519425 -11.51800646439037 -5.505693255719617
    vertex -2.844091705364879 -11.21345680983468 -5.482574122104148
    vertex -2.037253777515971 -11.24983135989898 -7.206852222448851
  endloop
endfacet
facet normal 0.461694 -0.878252 -0.124546
  outer loop
    vertex 3.666544621840805 -4.894121094858905 -74.77316225701823
    vertex 2.834861288928017 -5.563366639987568 -73.13696442100493
    vertex 1.929391202056919 -5.796600798967859 -74.84887206896737
  endloop
endfacet
facet normal 0.991009 -0.0902117 -0.0988036
  outer loop
    vertex 10.92504985800518 0 -13.65853658536594
    vertex 10.86390102541236 -1.733624490167073 -12.68899503180412
    vertex 10.6214196826182 -2.173709542438041 -14.719290250159
  endloop
endfacet
facet normal -0.216823 -0.970011 -0.109849
  outer loop
    vertex -1.015005921357935 -9.110062744706708 -36.00389193825929
    vertex -1.958721998892724 -9.091592403801965 -34.3042632818611
    vertex -2.945771743442206 -8.684933973464423 -35.94695584368774
  endloop
endfacet
facet normal -0.436311 -0.892305 -0.115861
  outer loop
    vertex -2.843442616494791 -5.857920440325167 -69.73725777198617
    vertex -3.568153357909934 -5.295477811566892 -71.3397890144126
    vertex -1.949716323761288 -6.069368381896207 -71.47439350178145
  endloop
endfacet
facet normal 0.398674 -0.911381 -0.102198
  outer loop
    vertex 3.850257934374891 -11.22758893174893 -1.659118276288512
    vertex 5.639375109138791 -10.44106092302297 -1.693878467239176
    vertex 4.820345095835666 -10.98927991986071 0
  endloop
endfacet
facet normal -0.988275 -0.137274 -0.0668466
  outer loop
    vertex -6.323750828688663 -1.709395606606606 -69.23973972840129
    vertex -6.430291318701795 -1.902978410408361 -67.2670862500058
    vertex -6.625249290025824 8.113590336583399e-16 -68.2926829268293
  endloop
endfacet
facet normal 0.243082 -0.964516 -0.103058
  outer loop
    vertex 2.945825845689624 -11.63280319127199 0
    vertex 1.939784874289221 -11.71211454874952 -1.630670751565322
    vertex 3.850257934374891 -11.22758893174893 -1.659118276288512
  endloop
endfacet
facet normal 0.93213 -0.348548 -0.0982236
  outer loop
    vertex 5.491419176375818 -2.996859593274099 -72.98513463196035
    vertex 6.102401313914177 -1.31367719118948 -73.15979711166099
    vertex 6.171667654931833 -1.680174714844336 -71.20194320573999
  endloop
endfacet
facet normal 0.242962 -0.968499 -0.0545803
  outer loop
    vertex 3.793009455291084 -11.07218488954759 -3.762891434794181
    vertex 1.896118676946681 -11.54517684746405 -3.813830093998314
    vertex 2.851725022291961 -11.21115232930757 -5.487076907301853
  endloop
endfacet
facet normal 0.585905 -0.809692 -0.0333671
  outer loop
    vertex 4.430314706117182 -4.414081149478702 -73.01057896135327
    vertex 2.834861288928017 -5.563366639987568 -73.13696442100493
    vertex 3.666544621840805 -4.894121094858905 -74.77316225701823
  endloop
endfacet
facet normal 0.496947 -0.8585 -0.126575
  outer loop
    vertex 3.752438966817512 -4.471982619695269 -78.29869947057706
    vertex 2.82408772734544 -5.263933312285696 -76.57206766309798
    vertex 2.012053268759725 -5.48091418155705 -78.28852273602645
  endloop
endfacet
facet normal -0.244372 -0.964331 -0.101723
  outer loop
    vertex -3.852598256919253 -11.22223533554052 -1.71380933889648
    vertex -1.962773006584219 -11.70324001909201 -1.693878467238584
    vertex -2.945825845689586 -11.632803191272 0
  endloop
endfacet
facet normal 0.92194 -0.375084 -0.0966372
  outer loop
    vertex 4.989348474115294 -3.038356464819577 -78.24889325976959
    vertex 5.747492213441602 -1.481803443675053 -77.05758360009918
    vertex 5.224313791457265 -2.903317536254409 -76.53140747259371
  endloop
endfacet
facet normal -0.938653 -0.341825 -0.0456831
  outer loop
    vertex -7.866384399892579 -1.927028127343687 -49.5671871257314
    vertex -7.378715468360062 -3.111656839923172 -50.72333888237613
    vertex -7.240154190343914 -3.703042591939835 -49.14530843928534
  endloop
endfacet
facet normal -0.988026 -0.13217 -0.0796004
  outer loop
    vertex -6.015700324441146 -1.653230770619635 -73.20380450899368
    vertex -6.173239704688491 -1.667580468144856 -71.22454836555258
    vertex -6.318120678027298 7.737466264972835e-16 -72.19512195121953
  endloop
endfacet
facet normal -0.951672 -0.289596 -0.102251
  outer loop
    vertex -8.182610298563988 -2.88569778324189 -42.2285510210243
    vertex -8.393509392161752 -1.605825652736426 -43.89053195016977
    vertex -7.842245595339423 -3.367107718942627 -44.03295044838173
  endloop
endfacet
facet normal 0.475805 -0.878131 -0.0499663
  outer loop
    vertex 5.536471139996015 -8.137998079842877 -27.41059063465212
    vertex 3.814197130408214 -9.066246888274915 -27.49749535799355
    vertex 4.695493498810881 -8.495116187917349 -29.14265187872527
  endloop
endfacet
facet normal -0.107301 -0.993029 -0.0487873
  outer loop
    vertex -0.0306851688531586 -9.299560061689508 -34.31169948464437
    vertex -1.958721998892724 -9.091592403801965 -34.3042632818611
    vertex -1.015005921357935 -9.110062744706708 -36.00389193825929
  endloop
endfacet
facet normal -0.689673 -0.720365 -0.0736572
  outer loop
    vertex -7.400180225389594 -8.88096902918608 -5.590357325665905
    vertex -7.403952523943863 -9.078554685233078 -3.622654948879784
    vertex -8.644432374955134 -7.783876405047431 -4.669592106242622
  endloop
endfacet
facet normal 0.885891 -0.450953 -0.108805
  outer loop
    vertex 7.455089589674195 -4.913472229372708 -39.02535894204212
    vertex 8.354396775183574 -3.190694714734526 -38.84341542741032
    vertex 8.004177156156471 -4.26079989599446 -37.25974627487169
  endloop
endfacet
facet normal -0.989056 -0.13468 -0.0602466
  outer loop
    vertex -5.754473749951302 -1.454714145992634 -77.05677740721335
    vertex -5.834524941781924 -1.746037033051814 -75.09134721347708
    vertex -6.010992066028773 7.361342193362271e-16 -76.09756097560977
  endloop
endfacet
facet normal 0.680523 -0.730669 -0.0548819
  outer loop
    vertex 8.692240850606604 -7.868531270640089 -3.497885261756647
    vertex 7.258617955359536 -9.192075144234881 -3.65350911562067
    vertex 7.989368247485532 -8.390760300474609 -5.260660800915105
  endloop
endfacet
facet normal 0.946108 -0.3076 -0.101301
  outer loop
    vertex 7.107809218040376 -3.376003820435419 -52.49159830740297
    vertex 7.707954919506819 -1.3425408448663 -53.06110370168481
    vertex 7.765901842508922 -1.624988182810335 -51.66225775902949
  endloop
endfacet
facet normal 0.993846 -0.0784318 -0.0782174
  outer loop
    vertex 10.61792124600666 0 -17.56097560975619
    vertex 10.41622001391407 -1.654346803297413 -18.46495038925968
    vertex 10.46435694000739 0 -19.51219512195132
  endloop
endfacet
facet normal 0.993818 -0.0787965 -0.0782151
  outer loop
    vertex 11.07861416400445 0 -11.70731707317081
    vertex 10.86390102541236 -1.733624490167073 -12.68899503180412
    vertex 10.92504985800518 0 -13.65853658536594
  endloop
endfacet
facet normal 0.622254 -0.775887 -0.103921
  outer loop
    vertex 7.989368247485532 -8.390760300474609 -5.260660800915105
    vertex 7.258617955359536 -9.192075144234881 -3.65350911562067
    vertex 6.427746925424731 -9.630500116403907 -5.355225910741039
  endloop
endfacet
facet normal -0.833435 -0.545151 -0.0905277
  outer loop
    vertex -7.790488181898245 -6.250508591548667 -25.56461692785678
    vertex -8.091045431934251 -6.112403806725147 -23.62921997135199
    vertex -8.851345793005132 -4.836206717676466 -24.31474908447856
  endloop
endfacet
facet normal 0.991099 -0.110236 -0.0746371
  outer loop
    vertex 7.085942208023612 0 -62.43902439024394
    vertex 6.982181596452046 -1.603053791846969 -61.44920561041979
    vertex 6.844178879543534 -1.510314770432628 -63.41870346387369
  endloop
endfacet
facet normal -0.989294 -0.106959 -0.0992828
  outer loop
    vertex -8.160711811486303 -1.962835973266092 -45.82560854075989
    vertex -8.393509392161752 -1.605825652736426 -43.89053195016977
    vertex -8.468020962016977 1.037033476624678e-15 -44.87804878048787
  endloop
endfacet
facet normal 0.990639 -0.113808 -0.0753853
  outer loop
    vertex 7.119305219068254 -1.67963379687822 -59.53165112971128
    vertex 6.982181596452046 -1.603053791846969 -61.44920561041979
    vertex 7.239506514022874 0 -60.48780487804882
  endloop
endfacet
facet normal 0.904606 -0.422465 -0.0566593
  outer loop
    vertex 9.161849751919606 -4.346613735523552 -23.62543249925411
    vertex 9.653524967747797 -3.527744620231258 -21.88117097378541
    vertex 8.910121050416482 -5.100306338108339 -22.02474573782745
  endloop
endfacet
facet normal 0.933623 -0.35371 -0.0569041
  outer loop
    vertex 9.390404877961396 -4.485606263679121 -20.24420845839239
    vertex 9.653524967747797 -3.527744620231258 -21.88117097378541
    vertex 10.02057511313808 -2.839214737702358 -20.13882154753102
  endloop
endfacet
facet normal 0.991181 -0.107124 -0.0780076
  outer loop
    vertex 8.62158526801624 0 -42.92682926829275
    vertex 8.347740456662374 -1.825717316003958 -43.89920172225511
    vertex 8.468020962016977 0 -44.87804878048787
  endloop
endfacet
facet normal 0.955872 -0.291757 -0.0344429
  outer loop
    vertex 7.309225913023918 -2.500574737190659 -54.31735374665907
    vertex 7.707954919506819 -1.3425408448663 -53.06110370168481
    vertex 7.107809218040376 -3.376003820435419 -52.49159830740297
  endloop
endfacet
facet normal -0.307978 -0.950773 -0.0343436
  outer loop
    vertex -0.9814714590611714 -6.162726641669646 -73.18276499298703
    vertex -2.82360480108894 -5.566686161748239 -73.16418448183205
    vertex -1.949880232068542 -5.788169299191125 -74.86779504098089
  endloop
endfacet
facet normal -0.754491 -0.655554 -0.0315215
  outer loop
    vertex -3.705616043154279 -4.513316772483015 -78.27455256353382
    vertex -4.987209404011382 -3.038451548268604 -78.27147717352786
    vertex -4.369412903269291 -3.66637275559451 -80
  endloop
endfacet
facet normal -0.814406 -0.578794 -0.0417148
  outer loop
    vertex -5.274010742372162 -4.883914744161411 -61.14184307405249
    vertex -6.382420163225166 -3.337387839733607 -60.96027668479205
    vertex -5.738679570035201 -4.113447537859868 -62.76028849933262
  endloop
endfacet
facet normal 0.987481 -0.134351 -0.0826507
  outer loop
    vertex 11.62652142442704 -2.17620946940581 -2.179932744155356
    vertex 11.84972206473031 -1.101091038391292 -1.260843159016623
    vertex 11.8363356408327 -1.975135083368799 0
  endloop
endfacet
facet normal -0.566597 -0.823344 -0.0327388
  outer loop
    vertex -4.477401055848357 -4.736711531384015 -69.65616259990874
    vertex -3.568153357909934 -5.295477811566892 -71.3397890144126
    vertex -2.843442616494791 -5.857920440325167 -69.73725777198617
  endloop
endfacet
facet normal 0.957403 -0.273308 -0.0931831
  outer loop
    vertex 8.246687415285212 -1.523795956073968 -45.91657890634067
    vertex 7.863712937111496 -3.006632075306608 -45.50223476870986
    vertex 7.626134282354412 -3.207151327165738 -47.355092227342
  endloop
endfacet
facet normal -0.888455 -0.447539 -0.10177
  outer loop
    vertex -7.938454165826246 -4.378611707903564 -37.28074818403922
    vertex -8.345051175106017 -3.185341100933967 -38.97861533637894
    vertex -7.514037435881954 -4.819987647774829 -39.0449498356861
  endloop
endfacet
facet normal 0.963317 -0.263502 -0.050857
  outer loop
    vertex 11.18959543266599 -3.082041135786043 -5.002529243087616
    vertex 11.50407784258232 -2.186917895970527 -3.683542380382278
    vertex 11.0008408357352 -4.100610908226598 -3.300415656260329
  endloop
endfacet
facet normal 0.782222 -0.61512 -0.0987716
  outer loop
    vertex 9.46968611275677 -7.370552552276002 0
    vertex 8.760817215888705 -8.015161066198498 -1.599457355601245
    vertex 9.860201850912576 -6.607577982903214 -1.658889211483101
  endloop
endfacet
facet normal 0.675843 -0.729741 -0.103509
  outer loop
    vertex 7.28770771348012 -9.363247061695736 -1.713809338896479
    vertex 8.760817215888705 -8.015161066198498 -1.599457355601245
    vertex 8.127378859508937 -8.828686928077579 0
  endloop
endfacet
facet normal -0.962036 -0.259805 -0.0835954
  outer loop
    vertex -9.654215992650048 -1.551424279335504 -28.23219950872146
    vertex -9.21495356145781 -3.496319740412578 -27.24282176262582
    vertex -9.783321455025751 -1.680783153863843 -26.34439008229106
  endloop
endfacet
facet normal 0.957335 -0.274994 -0.0888197
  outer loop
    vertex 9.237750263748278 -2.078296769007843 -32.16384158102254
    vertex 8.749096552039688 -3.30972508281107 -33.61813560556117
    vertex 9.142060808182578 -1.760245989236694 -34.17993519979823
  endloop
endfacet
facet normal -0.923627 -0.380414 -0.0468885
  outer loop
    vertex -7.213164966967396 -1.94172208364752 -57.55984440841078
    vertex -6.626815209935469 -3.173797245450746 -59.11396385650717
    vertex -6.492702597878458 -3.681001323650938 -57.64073972272288
  endloop
endfacet
facet normal 0.989907 -0.118707 -0.077408
  outer loop
    vertex 6.515728869737693 -1.589978364617169 -67.25497898779916
    vertex 6.364863272633293 -1.544614174288352 -69.25384274541956
    vertex 6.625249290025824 0 -68.2926829268293
  endloop
endfacet
facet normal 0.988066 -0.12554 -0.0892519
  outer loop
    vertex 6.47168498402656 0 -70.24390243902442
    vertex 6.364863272633293 -1.544614174288352 -69.25384274541956
    vertex 6.171667654931833 -1.680174714844336 -71.20194320573999
  endloop
endfacet
facet normal -0.962252 -0.257198 -0.0890008
  outer loop
    vertex -9.783321455025751 -1.680783153863843 -26.34439008229106
    vertex -9.21495356145781 -3.496319740412578 -27.24282176262582
    vertex -9.434586804533037 -3.3298800940633 -25.34919301613707
  endloop
endfacet
facet normal -0.974487 -0.21154 -0.0750132
  outer loop
    vertex -11.22192016663451 -3.29983367473715 -3.849662023305887
    vertex -11.64855885367899 -1.623224762135816 -3.035345511752131
    vertex -11.49297725181298 -1.686094940480524 -4.879190134010766
  endloop
endfacet
facet normal -0.994544 -0.0689616 -0.0782723
  outer loop
    vertex -11.6928713880015 1.431963751815771e-15 -3.90243902439026
    vertex -11.64855885367899 -1.623224762135816 -3.035345511752131
    vertex -11.84643569400077 1.450769955396299e-15 -1.95121951219513
  endloop
endfacet
facet normal -0.919274 -0.386217 -0.07597
  outer loop
    vertex -6.015700324441146 -1.653230770619635 -73.20380450899368
    vertex -5.459413015438683 -3.197238802057638 -72.08571614787407
    vertex -6.173239704688491 -1.667580468144856 -71.22454836555258
  endloop
endfacet
facet normal 0.867884 -0.486614 -0.0999196
  outer loop
    vertex 9.860201850912576 -6.607577982903214 -1.658889211483101
    vertex 10.77731847600371 -4.9875473826034 -1.582606095329091
    vertex 10.55368501447792 -5.711368716444857 0
  endloop
endfacet
facet normal 0.992849 -0.0902479 -0.0781389
  outer loop
    vertex 10.00366402200961 0 -25.36585365853667
    vertex 9.756064784094567 -1.788388662989679 -26.44636907431492
    vertex 9.850099716010341 0 -27.31707317073179
  endloop
endfacet
facet normal 0.993864 -0.0787092 -0.0777138
  outer loop
    vertex 10.56121055195858 -1.689733401153317 -16.57485973874709
    vertex 10.41622001391407 -1.654346803297413 -18.46495038925968
    vertex 10.61792124600666 0 -17.56097560975619
  endloop
endfacet
facet normal 0.696788 -0.71008 -0.101358
  outer loop
    vertex 4.527855338694695 -5.74243802436412 -59.55650147490294
    vertex 5.654964669137629 -4.638068799982269 -59.54500046534817
    vertex 5.321817402741423 -5.218496875495414 -57.76894065587522
  endloop
endfacet
facet normal -0.919799 -0.384121 -0.0801271
  outer loop
    vertex -6.173239704688491 -1.667580468144856 -71.22454836555258
    vertex -5.459413015438683 -3.197238802057638 -72.08571614787407
    vertex -5.60501529168739 -3.24259748036334 -70.19686578917536
  endloop
endfacet
facet normal -0.857106 -0.510533 -0.068741
  outer loop
    vertex -9.32658901146489 -6.554531283128633 -7.630888131209319
    vertex -10.33047596454149 -5.006485163491511 -6.610974539074707
    vertex -10.1023484011835 -5.146788438461174 -8.413395632156989
  endloop
endfacet
facet normal 0.895905 -0.441149 -0.0523709
  outer loop
    vertex 8.608626656024324 -3.949566266542009 -32.12883642605539
    vertex 9.018097954504801 -3.33416274043112 -30.30792791260877
    vertex 8.156275275115926 -5.058605997349265 -30.52512463061584
  endloop
endfacet
facet normal -0.861298 -0.50037 -0.0882926
  outer loop
    vertex -9.59878744410338 -6.424978393850496 -5.709779323084695
    vertex -10.33047596454149 -5.006485163491511 -6.610974539074707
    vertex -9.32658901146489 -6.554531283128633 -7.630888131209319
  endloop
endfacet
facet normal 0.990616 -0.112258 -0.0779632
  outer loop
    vertex 7.239506514022874 0 -60.48780487804882
    vertex 6.982181596452046 -1.603053791846969 -61.44920561041979
    vertex 7.085942208023612 0 -62.43902439024394
  endloop
endfacet
facet normal -0.992495 -0.0940876 -0.078111
  outer loop
    vertex -8.468020962016977 1.037033476624678e-15 -44.87804878048787
    vertex -8.393509392161752 -1.605825652736426 -43.89053195016977
    vertex -8.62158526801624 1.055839680205206e-15 -42.92682926829275
  endloop
endfacet
facet normal -0.928597 -0.361541 -0.0836435
  outer loop
    vertex -11.03916560088071 -3.367730221429015 -5.826586564414654
    vertex -10.33047596454149 -5.006485163491511 -6.610974539074707
    vertex -10.51852052028179 -4.946975351401023 -4.780559227206962
  endloop
endfacet
facet normal 0.931728 -0.350685 -0.0943589
  outer loop
    vertex 6.666641643083821 -1.601523855295596 -65.35677579291053
    vertex 6.208409440833255 -3.094608322523183 -64.33244922854183
    vertex 5.949425189496599 -3.259974649951626 -66.27515297250775
  endloop
endfacet
facet normal -0.911067 -0.406307 -0.0698013
  outer loop
    vertex -8.913896080805676 -5.045942328967414 -22.32478415217107
    vertex -9.781225350099851 -3.221021212290125 -21.62685932534833
    vertex -9.598951056731496 -3.326479030393117 -23.39209594774309
  endloop
endfacet
facet normal 0.793432 -0.606266 -0.053912
  outer loop
    vertex 9.269717419565676 -6.968009187767201 -5.12585746766151
    vertex 9.882122467622175 -6.313785549699064 -3.470038063543462
    vertex 8.692240850606604 -7.868531270640089 -3.497885261756647
  endloop
endfacet
facet normal -0.78676 -0.610532 -0.090882
  outer loop
    vertex -5.676354073830328 -3.416244655095908 -68.29479741646416
    vertex -4.795688144338347 -4.634780632122388 -67.73272382450861
    vertex -5.666324297955323 -3.744626227308983 -66.17560485894964
  endloop
endfacet
facet normal -0.971983 -0.219896 -0.0830293
  outer loop
    vertex -11.34617975870307 -1.638683600799 -6.811754324079796
    vertex -10.85684758911446 -3.43709888791428 -7.777176744849861
    vertex -11.03916560088071 -3.367730221429015 -5.826586564414654
  endloop
endfacet
facet normal -0.989738 -0.0948663 -0.106858
  outer loop
    vertex -9.242448856310107 -2.050485189707853 -32.18262797742445
    vertex -9.509786021170356 -1.454897822765111 -30.23524782986899
    vertex -9.542971104011816 1.168676901688375e-15 -31.21951219512203
  endloop
endfacet
facet normal -0.957198 -0.28752 -0.0332422
  outer loop
    vertex -7.129519085497052 -3.326960120225553 -52.50746261350879
    vertex -7.709648674478995 -1.331220057479734 -53.06447798032639
    vertex -7.345149330304126 -2.405578688556912 -54.26771832738179
  endloop
endfacet
facet normal 0.903072 -0.417843 -0.0993422
  outer loop
    vertex 8.910121050416482 -5.100306338108339 -22.02474573782745
    vertex 9.653524967747797 -3.527744620231258 -21.88117097378541
    vertex 9.390404877961396 -4.485606263679121 -20.24420845839239
  endloop
endfacet
facet normal -0.831932 -0.548204 -0.0857969
  outer loop
    vertex -8.851345793005132 -4.836206717676466 -24.31474908447856
    vertex -8.808139221945673 -4.662213643838873 -25.84544256027628
    vertex -7.790488181898245 -6.250508591548667 -25.56461692785678
  endloop
endfacet
facet normal 0.734688 -0.676328 -0.0530372
  outer loop
    vertex 8.127378859508937 -8.828686928077579 0
    vertex 8.760817215888705 -8.015161066198498 -1.599457355601245
    vertex 9.46968611275677 -7.370552552276002 0
  endloop
endfacet
facet normal -0.946345 -0.304942 -0.106968
  outer loop
    vertex -7.750530384585581 -1.685385233185765 -51.69314954555954
    vertex -7.709648674478995 -1.331220057479734 -53.06447798032639
    vertex -7.129519085497052 -3.326960120225553 -52.50746261350879
  endloop
endfacet
facet normal 0.994279 -0.072711 -0.0782514
  outer loop
    vertex 10.15722832800887 0 -23.41463414634155
    vertex 9.984801480023801 -1.468217017585795 -24.24126190154372
    vertex 10.00366402200961 0 -25.36585365853667
  endloop
endfacet
facet normal -0.994137 -0.0774834 -0.0754163
  outer loop
    vertex -9.696535410011078 1.187483105268904e-15 -29.26829268292691
    vertex -9.509786021170356 -1.454897822765111 -30.23524782986899
    vertex -9.654215992650048 -1.551424279335504 -28.23219950872146
  endloop
endfacet
facet normal 0.973232 -0.215335 -0.0803109
  outer loop
    vertex 10.87829428662443 -3.257743846781029 -8.187581703327227
    vertex 11.19268290691282 -1.611847364519014 -8.790817995639584
    vertex 11.33797352697457 -1.690420227839141 -6.819465884755962
  endloop
endfacet
facet normal 0.993121 -0.0894351 -0.0755764
  outer loop
    vertex 8.246687415285212 -1.523795956073968 -45.91657890634067
    vertex 8.110942998558587 -1.443889939619899 -47.79490406307315
    vertex 8.314456656017715 0 -46.82926829268299
  endloop
endfacet
facet normal 0.993152 -0.0769689 -0.0878886
  outer loop
    vertex 11.23217847000371 0 -9.756097560975665
    vertex 11.19268290691282 -1.611847364519014 -8.790817995639584
    vertex 11.01050118854729 -1.825987058830353 -10.66196062389954
  endloop
endfacet
facet normal 0.994454 -0.0725118 -0.0761824
  outer loop
    vertex 11.33797352697457 -1.690420227839141 -6.819465884755962
    vertex 11.19268290691282 -1.611847364519014 -8.790817995639584
    vertex 11.38574277600297 0 -7.804878048780534
  endloop
endfacet
facet normal -0.988327 -0.106619 -0.108825
  outer loop
    vertex -7.866384399892579 -1.927028127343687 -49.5671871257314
    vertex -8.117885968717868 -1.404077385039425 -47.7954504866731
    vertex -8.16089235001845 9.994210694636217e-16 -48.7804878048781
  endloop
endfacet
facet normal -0.96868 -0.236952 -0.0742481
  outer loop
    vertex -10.09450883328959 -1.689244931052953 -22.42804537246366
    vertex -9.781225350099851 -3.221021212290125 -21.62685932534833
    vertex -10.25718756236053 -1.618014146722242 -20.532975722541
  endloop
endfacet
facet normal -0.876382 -0.476617 -0.0692095
  outer loop
    vertex -9.933080958849111 -6.489605682968782 -1.713809338896473
    vertex -10.89801338726482 -4.780311882920803 -1.266308173617464
    vertex -10.70853538856048 -4.899876550718207 -2.842227651129676
  endloop
endfacet
facet normal 0.995656 -0.0687326 -0.0628122
  outer loop
    vertex 10.41622001391407 -1.654346803297413 -18.46495038925968
    vertex 10.3228681474465 -1.156278010741472 -20.48971574941609
    vertex 10.46435694000739 0 -19.51219512195132
  endloop
endfacet
facet normal 0.99309 -0.0876344 -0.0780556
  outer loop
    vertex 8.16089235001845 0 -48.7804878048781
    vertex 8.110942998558587 -1.443889939619899 -47.79490406307315
    vertex 7.959325923257347 -1.414594711678595 -49.75679724902373
  endloop
endfacet
facet normal -0.993274 -0.103915 -0.0510707
  outer loop
    vertex -8.314456656017715 1.01822727304415e-15 -46.82926829268299
    vertex -8.117885968717868 -1.404077385039425 -47.7954504866731
    vertex -8.160711811486303 -1.962835973266092 -45.82560854075989
  endloop
endfacet
facet normal 0.859095 -0.495999 -0.126256
  outer loop
    vertex 5.359878397722652 -1.950836196057454 -80
    vertex 4.989348474115294 -3.038356464819577 -78.24889325976959
    vertex 4.369412903269297 -3.666372755594505 -80
  endloop
endfacet
facet normal -0.820649 -0.5693 -0.049333
  outer loop
    vertex -5.171805764560875 -4.600912259540927 -64.52037806102538
    vertex -6.157393585961837 -3.198069437215662 -64.31395541028093
    vertex -5.666324297955323 -3.744626227308983 -66.17560485894964
  endloop
endfacet
facet normal 0.968012 -0.244345 -0.0569968
  outer loop
    vertex 8.347740456662374 -1.825717316003958 -43.89920172225511
    vertex 8.609271277846013 -1.24565030577825 -41.94420749365598
    vertex 8.168591549764509 -2.930189186575188 -42.20692817962458
  endloop
endfacet
facet normal -0.813791 -0.569869 -0.113989
  outer loop
    vertex -5.870241271389158 -4.382695908730012 -59.39098629383837
    vertex -6.382420163225166 -3.337387839733607 -60.96027668479205
    vertex -5.274010742372162 -4.883914744161411 -61.14184307405249
  endloop
endfacet
facet normal 0.921755 -0.375324 -0.0974695
  outer loop
    vertex 5.224313791457265 -2.903317536254409 -76.53140747259371
    vertex 5.747492213441602 -1.481803443675053 -77.05758360009918
    vertex 5.787966100791741 -1.938773302814618 -74.91518205544519
  endloop
endfacet
facet normal 0.985484 -0.12029 -0.119797
  outer loop
    vertex 7.5466351260214 0 -56.58536585365859
    vertex 7.497454733712385 -1.384398720998676 -55.59984263024926
    vertex 7.19424800634932 -2.049346220125364 -57.42641925060338
  endloop
endfacet
facet normal -0.993906 -0.0776616 -0.0782221
  outer loop
    vertex -10.92504985800518 1.337932733913129e-15 -13.65853658536594
    vertex -10.83467428903699 -1.70359602839508 -13.11547802424506
    vertex -11.07861416400445 1.356738937493658e-15 -11.70731707317081
  endloop
endfacet
facet normal 0.806914 -0.581134 -0.1057
  outer loop
    vertex 6.31380812791738 -3.461885872100439 -60.98199445494669
    vertex 5.654964669137629 -4.638068799982269 -59.54500046534817
    vertex 5.248232359046685 -4.910267085403953 -61.15346353389123
  endloop
endfacet
facet normal 0.988377 -0.143789 -0.0493422
  outer loop
    vertex 5.787966100791741 -1.938773302814618 -74.91518205544519
    vertex 5.747492213441602 -1.481803443675053 -77.05758360009918
    vertex 6.010992066028773 0 -76.09756097560977
  endloop
endfacet
facet normal -0.95852 -0.270897 -0.0886192
  outer loop
    vertex -9.145015323887437 -1.731525724496976 -34.211503787814
    vertex -8.76810403907111 -3.258526012403202 -33.62039753098253
    vertex -9.242448856310107 -2.050485189707853 -32.18262797742445
  endloop
endfacet
facet normal 0.918434 -0.390757 -0.0615532
  outer loop
    vertex 9.864805497454773 -3.727695446938748 -18.47965024701361
    vertex 10.17362360619571 -3.304541797302645 -16.55808247720719
    vertex 9.443087889946815 -4.971327454091783 -16.87716081152889
  endloop
endfacet
facet normal -0.98723 -0.11339 -0.111896
  outer loop
    vertex -7.213164966967396 -1.94172208364752 -57.55984440841078
    vertex -7.502435419329104 -1.35697445336313 -55.60023461870845
    vertex -7.5466351260214 9.241962551415088e-16 -56.58536585365859
  endloop
endfacet
facet normal -0.540879 -0.834657 -0.103914
  outer loop
    vertex -7.287707713480099 -9.363247061695752 -1.713809338896475
    vertex -5.64494905494199 -10.457884876889 -1.472128910508534
    vertex -6.56337789746914 -10.04599773915037 0
  endloop
endfacet
facet normal -0.401925 -0.909829 -0.103286
  outer loop
    vertex -4.82034509583564 -10.98927991986072 0
    vertex -5.64494905494199 -10.457884876889 -1.472128910508534
    vertex -3.852598256919253 -11.22223533554052 -1.71380933889648
  endloop
endfacet
facet normal 0.914426 -0.401104 -0.0542344
  outer loop
    vertex 10.55368501447792 -5.711368716444857 0
    vertex 10.77731847600371 -4.9875473826034 -1.582606095329091
    vertex 11.34980690040765 -3.896393630456185 0
  endloop
endfacet
facet normal -0.93776 -0.336125 -0.087332
  outer loop
    vertex -7.107390257458664 -1.70772071190232 -59.59626649709016
    vertex -6.626815209935469 -3.173797245450746 -59.11396385650717
    vertex -7.213164966967396 -1.94172208364752 -57.55984440841078
  endloop
endfacet
facet normal 0.993561 -0.0819909 -0.0781949
  outer loop
    vertex 9.23584249201329 0 -35.12195121951227
    vertex 9.060625781982761 -1.505660626447983 -35.76953751100393
    vertex 9.082278186014028 0 -37.07317073170739
  endloop
endfacet
facet normal 0.899112 -0.4323 -0.068659
  outer loop
    vertex 8.517481788068947 -3.489484298135288 -35.51938335286712
    vertex 8.749096552039688 -3.30972508281107 -33.61813560556117
    vertex 8.045752496720088 -4.72899442105949 -33.89246331517917
  endloop
endfacet
facet normal 0.989905 -0.118396 -0.0779072
  outer loop
    vertex 6.625249290025824 0 -68.2926829268293
    vertex 6.364863272633293 -1.544614174288352 -69.25384274541956
    vertex 6.47168498402656 0 -70.24390243902442
  endloop
endfacet
facet normal 0.991048 -0.120438 -0.0576071
  outer loop
    vertex 6.171667654931833 -1.680174714844336 -71.20194320573999
    vertex 6.102401313914177 -1.31367719118948 -73.15979711166099
    vertex 6.318120678027298 0 -72.19512195121953
  endloop
endfacet
facet normal -0.547693 -0.834686 -0.0577233
  outer loop
    vertex -6.017719298268486 -10.10576306035478 -3.026913242687985
    vertex -5.64494905494199 -10.457884876889 -1.472128910508534
    vertex -7.287707713480099 -9.363247061695752 -1.713809338896475
  endloop
endfacet
facet normal -0.891122 -0.450992 -0.0500777
  outer loop
    vertex -7.514037435881954 -4.819987647774829 -39.0449498356861
    vertex -8.345051175106017 -3.185341100933967 -38.97861533637894
    vertex -7.895781715946294 -3.887925955045962 -40.64589570714996
  endloop
endfacet
facet normal 0.982009 -0.140886 -0.125734
  outer loop
    vertex 6.164556372028035 0 -74.14634146341466
    vertex 6.102401313914177 -1.31367719118948 -73.15979711166099
    vertex 5.787966100791741 -1.938773302814618 -74.91518205544519
  endloop
endfacet
facet normal -0.991611 -0.0787615 -0.102488
  outer loop
    vertex -10.36670491767717 -1.917915794151924 -18.51768707735971
    vertex -10.61659576250266 -1.294188371346967 -16.57921864934882
    vertex -10.61792124600666 1.300320326752073e-15 -17.56097560975619
  endloop
endfacet
facet normal -0.995429 -0.0796296 -0.0527364
  outer loop
    vertex -10.77148555200592 1.319126530332601e-15 -15.60975609756107
    vertex -10.61659576250266 -1.294188371346967 -16.57921864934882
    vertex -10.6603521828514 -1.964423194129002 -14.74126804181762
  endloop
endfacet
facet normal -0.683287 -0.727106 -0.0666052
  outer loop
    vertex -8.04848236031571 -7.958521086428783 -8.654965579062278
    vertex -7.267596140225197 -8.819715663317314 -7.264527969756662
    vertex -8.460458558099333 -7.756647177409253 -6.632389548305452
  endloop
endfacet
facet normal 0.9935 -0.0827322 -0.0781901
  outer loop
    vertex 9.082278186014028 0 -37.07317073170739
    vertex 8.854733129440843 -1.485026515757061 -38.3931135269593
    vertex 8.928713880014765 0 -39.02439024390252
  endloop
endfacet
facet normal -0.994994 -0.0824476 -0.0564702
  outer loop
    vertex -12.00000000000003 1.469576158976827e-15 0
    vertex -11.79860202941111 -1.444998251338681 -1.43886853052942
    vertex -11.8363356408327 -1.97513508336881 0
  endloop
endfacet
facet normal -0.994712 -0.0664785 -0.0782855
  outer loop
    vertex -11.07861416400445 1.356738937493658e-15 -11.70731707317081
    vertex -11.08421421349899 -1.488204869692837 -10.37240851032747
    vertex -11.23217847000371 1.375545141074186e-15 -9.756097560975665
  endloop
endfacet
facet normal -0.994167 -0.0706634 -0.0814773
  outer loop
    vertex -11.49297725181298 -1.686094940480524 -4.879190134010766
    vertex -11.64855885367899 -1.623224762135816 -3.035345511752131
    vertex -11.6928713880015 1.431963751815771e-15 -3.90243902439026
  endloop
endfacet
facet normal -0.995079 -0.0607078 -0.0783144
  outer loop
    vertex -11.84643569400077 1.450769955396299e-15 -1.95121951219513
    vertex -11.79860202941111 -1.444998251338681 -1.43886853052942
    vertex -12.00000000000003 1.469576158976827e-15 0
  endloop
endfacet
facet normal -0.85562 -0.51236 -0.0735015
  outer loop
    vertex -10.1023484011835 -5.146788438461174 -8.413395632156989
    vertex -9.289514067784971 -6.397508102218691 -9.157038985095319
    vertex -9.32658901146489 -6.554531283128633 -7.630888131209319
  endloop
endfacet
facet normal -0.959091 -0.276114 -0.0624886
  outer loop
    vertex -8.603532253103063 -2.004938085297723 -40.22713369369379
    vertex -8.345051175106017 -3.185341100933967 -38.97861533637894
    vertex -8.859110112515516 -1.602802699341219 -38.0813427633709
  endloop
endfacet
facet normal 0.994248 -0.0968595 -0.0457064
  outer loop
    vertex 8.623218488805549 -1.937187044461155 -40.17533245150621
    vertex 8.609271277846013 -1.24565030577825 -41.94420749365598
    vertex 8.775149574015503 0 -40.97560975609763
  endloop
endfacet
facet normal 0.993556 -0.0654786 -0.0925131
  outer loop
    vertex 11.53930708200224 0 -5.853658536585404
    vertex 11.54706638281785 -1.26835309715663 -4.872616564210319
    vertex 11.33797352697457 -1.690420227839141 -6.819465884755962
  endloop
endfacet
facet normal 0.976438 -0.194766 -0.0929288
  outer loop
    vertex 10.02057511313808 -2.839214737702358 -20.13882154753102
    vertex 10.3228681474465 -1.156278010741472 -20.48971574941609
    vertex 10.41622001391407 -1.654346803297413 -18.46495038925968
  endloop
endfacet
facet normal -0.902134 -0.426128 -0.0675918
  outer loop
    vertex -8.084849649386678 -4.659136635257126 -33.90960118332518
    vertex -8.76810403907111 -3.258526012403202 -33.62039753098253
    vertex -8.523717059892318 -3.476172698154453 -35.51004345156086
  endloop
endfacet
facet normal -0.750363 -0.659662 -0.0424448
  outer loop
    vertex -5.666324297955323 -3.744626227308983 -66.17560485894964
    vertex -4.795688144338347 -4.634780632122388 -67.73272382450861
    vertex -4.449577610324489 -5.124348395643097 -66.24276383418635
  endloop
endfacet
facet normal -0.993708 -0.10218 -0.0458619
  outer loop
    vertex -8.775149574015503 1.074645883785734e-15 -40.97560975609763
    vertex -8.588729755166108 -1.36068865567187 -41.98324641358774
    vertex -8.603532253103063 -2.004938085297723 -40.22713369369379
  endloop
endfacet
facet normal -0.966771 -0.246639 -0.0672542
  outer loop
    vertex -8.182610298563988 -2.88569778324189 -42.2285510210243
    vertex -8.588729755166108 -1.36068865567187 -41.98324641358774
    vertex -8.393509392161752 -1.605825652736426 -43.89053195016977
  endloop
endfacet
facet normal -0.774427 -0.630893 -0.0472922
  outer loop
    vertex -8.04848236031571 -7.958521086428783 -8.654965579062278
    vertex -9.289514067784971 -6.397508102218691 -9.157038985095319
    vertex -8.616433441873994 -7.137233401700952 -10.31080484368106
  endloop
endfacet
facet normal -0.854054 -0.516028 -0.06562
  outer loop
    vertex -9.789004216187717 -5.445034327884833 -10.14624470975471
    vertex -9.289514067784971 -6.397508102218691 -9.157038985095319
    vertex -10.1023484011835 -5.146788438461174 -8.413395632156989
  endloop
endfacet
facet normal -0.936045 -0.337937 -0.0980731
  outer loop
    vertex -11.43844214552317 -3.166902909789558 -1.667686056092427
    vertex -10.89801338726482 -4.780311882920803 -1.266308173617464
    vertex -11.34980690040765 -3.896393630456211 0
  endloop
endfacet
facet normal -0.877531 -0.467806 -0.105342
  outer loop
    vertex -10.5536850144779 -5.711368716444892 0
    vertex -10.89801338726482 -4.780311882920803 -1.266308173617464
    vertex -9.933080958849111 -6.489605682968782 -1.713809338896473
  endloop
endfacet
facet normal 0.993304 -0.0884251 -0.0743456
  outer loop
    vertex 9.850099716010341 0 -27.31707317073179
    vertex 9.756064784094567 -1.788388662989679 -26.44636907431492
    vertex 9.633495774225434 -1.689033832989412 -28.2021386211604
  endloop
endfacet
facet normal -0.74595 -0.662463 -0.0685707
  outer loop
    vertex -7.03645933191528 -7.268388063517984 -23.9336107060429
    vertex -8.091045431934251 -6.112403806725147 -23.62921997135199
    vertex -7.790488181898245 -6.250508591548667 -25.56461692785678
  endloop
endfacet
facet normal -0.632645 -0.771811 -0.0637874
  outer loop
    vertex -3.620715829974062 -5.57545785710593 -68.00417211544014
    vertex -4.795688144338347 -4.634780632122388 -67.73272382450861
    vertex -4.477401055848357 -4.736711531384015 -69.65616259990874
  endloop
endfacet
facet normal 0.918985 -0.385984 -0.0805156
  outer loop
    vertex 4.989348474115294 -3.038356464819577 -78.24889325976959
    vertex 5.637979825882468 -1.42231410743432 -78.59271755161295
    vertex 5.747492213441602 -1.481803443675053 -77.05758360009918
  endloop
endfacet
facet normal 0.800953 -0.586954 -0.118146
  outer loop
    vertex 5.321817402741423 -5.218496875495414 -57.76894065587522
    vertex 6.518389547988931 -3.727854964677752 -57.0625299454703
    vertex 5.973146165257117 -4.689927194213208 -55.97930816991529
  endloop
endfacet
facet normal -0.989224 -0.123992 -0.0778536
  outer loop
    vertex -5.703863454030247 1.084048985575999e-15 -80
    vertex -5.635653343123297 -1.435330213051454 -78.5807353531803
    vertex -5.857427760029509 7.173280157556989e-16 -78.0487804878049
  endloop
endfacet
facet normal -0.787189 -0.611993 -0.0761466
  outer loop
    vertex -8.698033506537868 -7.954944626243125 -2.704501791162565
    vertex -8.759965493887597 -8.064116322737476 -1.186842781530414
    vertex -9.933080958849111 -6.489605682968782 -1.713809338896473
  endloop
endfacet
facet normal 0.896973 -0.436865 -0.0677343
  outer loop
    vertex 7.626134282354412 -3.207151327165738 -47.355092227342
    vertex 7.863712937111496 -3.006632075306608 -45.50223476870986
    vertex 7.214279396506114 -4.301004844083976 -45.75408346376302
  endloop
endfacet
facet normal -0.976803 -0.172237 -0.127241
  outer loop
    vertex -5.359878397722647 -1.950836196057469 -80
    vertex -5.635653343123297 -1.435330213051454 -78.5807353531803
    vertex -5.703863454030247 1.084048985575999e-15 -80
  endloop
endfacet
facet normal 0.992085 -0.0746606 -0.100964
  outer loop
    vertex 10.31079263400813 0 -21.46341463414643
    vertex 10.3228681474465 -1.156278010741472 -20.48971574941609
    vertex 10.1112771544232 -1.720689350075794 -22.15146837354609
  endloop
endfacet
facet normal 0.993237 -0.0858527 -0.0781694
  outer loop
    vertex 7.853763738019925 0 -52.68292682926835
    vertex 7.707954919506819 -1.3425408448663 -53.06110370168481
    vertex 7.700199432020663 0 -54.63414634146346
  endloop
endfacet
facet normal 0.824777 -0.554047 -0.113024
  outer loop
    vertex 5.167214994668781 -4.605835012880656 -64.52234355886
    vertex 6.208409440833255 -3.094608322523183 -64.33244922854183
    vertex 5.753867579331803 -4.092579838336787 -62.75731204734098
  endloop
endfacet
facet normal -0.780034 -0.61668 -0.106079
  outer loop
    vertex -9.933080958849111 -6.489605682968782 -1.713809338896473
    vertex -8.759965493887597 -8.064116322737476 -1.186842781530414
    vertex -9.469686112756751 -7.370552552276027 0
  endloop
endfacet
facet normal -0.678989 -0.726445 -0.106079
  outer loop
    vertex -8.127378859508914 -8.828686928077602 0
    vertex -8.759965493887597 -8.064116322737476 -1.186842781530414
    vertex -7.287707713480099 -9.363247061695752 -1.713809338896475
  endloop
endfacet
facet normal 0.894764 -0.433875 -0.105595
  outer loop
    vertex 8.156275275115926 -5.058605997349265 -30.52512463061584
    vertex 9.018097954504801 -3.33416274043112 -30.30792791260877
    vertex 8.599200116667394 -4.548413392725712 -28.86828619334781
  endloop
endfacet
facet normal 0.847383 -0.519884 -0.107995
  outer loop
    vertex 10.40125955094978 -5.15244325355579 -4.987286353286163
    vertex 9.882122467622175 -6.313785549699064 -3.470038063543462
    vertex 9.269717419565676 -6.968009187767201 -5.12585746766151
  endloop
endfacet
facet normal 0.936936 -0.3362 -0.0954969
  outer loop
    vertex 10.11895243415679 -4.506045356643515 -11.72913802067566
    vertex 10.67570596727784 -2.963032060642372 -11.69896487247094
    vertex 10.5544474080866 -3.797738117337075 -9.950042424727908
  endloop
endfacet
facet normal 0.990153 -0.0926027 -0.104982
  outer loop
    vertex 8.62158526801624 0 -42.92682926829275
    vertex 8.609271277846013 -1.24565030577825 -41.94420749365598
    vertex 8.347740456662374 -1.825717316003958 -43.89920172225511
  endloop
endfacet
facet normal -0.993299 -0.0851263 -0.0781743
  outer loop
    vertex -7.700199432020663 9.430024587220371e-16 -54.63414634146346
    vertex -7.709648674478995 -1.331220057479734 -53.06447798032639
    vertex -7.853763738019925 9.618086623025653e-16 -52.68292682926835
  endloop
endfacet
facet normal 0.989363 -0.12287 -0.0778646
  outer loop
    vertex 5.857427760029509 0 -78.0487804878049
    vertex 5.637979825882468 -1.42231410743432 -78.59271755161295
    vertex 5.703863454030247 0 -80
  endloop
endfacet
facet normal 0.946274 -0.305659 -0.105532
  outer loop
    vertex 7.765901842508922 -1.624988182810335 -51.66225775902949
    vertex 7.443844888368508 -2.962564089958369 -50.67593763094213
    vertex 7.107809218040376 -3.376003820435419 -52.49159830740297
  endloop
endfacet
facet normal 0.91323 -0.397241 -0.0906159
  outer loop
    vertex 8.599200116667394 -4.548413392725712 -28.86828619334781
    vertex 9.189746472414235 -3.185624726802862 -28.89092501497654
    vertex 9.178883690063481 -3.644149840637034 -26.9903218249096
  endloop
endfacet
facet normal 0.976665 -0.172212 -0.128328
  outer loop
    vertex 5.703863454030247 0 -80
    vertex 5.637979825882468 -1.42231410743432 -78.59271755161295
    vertex 5.359878397722652 -1.950836196057454 -80
  endloop
endfacet
facet normal -0.820841 -0.560641 -0.109097
  outer loop
    vertex -5.738679570035201 -4.113447537859868 -62.76028849933262
    vertex -6.157393585961837 -3.198069437215662 -64.31395541028093
    vertex -5.171805764560875 -4.600912259540927 -64.52037806102538
  endloop
endfacet
facet normal -0.971679 -0.224025 -0.075184
  outer loop
    vertex -11.18271805441152 -1.690293993728159 -8.770552299257719
    vertex -10.85684758911446 -3.43709888791428 -7.777176744849861
    vertex -11.34617975870307 -1.638683600799 -6.811754324079796
  endloop
endfacet
facet normal -0.821146 -0.568211 -0.0534368
  outer loop
    vertex -8.913896080805676 -5.045942328967414 -22.32478415217107
    vertex -8.091045431934251 -6.112403806725147 -23.62921997135199
    vertex -7.848390762927369 -6.598408284992174 -22.19016768574138
  endloop
endfacet
facet normal -0.912557 -0.402838 -0.0704359
  outer loop
    vertex -9.21495356145781 -3.496319740412578 -27.24282176262582
    vertex -8.808139221945673 -4.662213643838873 -25.84544256027628
    vertex -9.434586804533037 -3.3298800940633 -25.34919301613707
  endloop
endfacet
facet normal -0.570928 -0.819228 -0.05392
  outer loop
    vertex -5.723742733941949 -9.906195486873962 -7.104179503607679
    vertex -7.267596140225197 -8.819715663317314 -7.264527969756662
    vertex -6.500431986665495 -9.255790230772959 -8.76213101680924
  endloop
endfacet
facet normal 0.939109 -0.336374 -0.0701968
  outer loop
    vertex 6.844178879543534 -1.510314770432628 -63.41870346387369
    vertex 6.208409440833255 -3.094608322523183 -64.33244922854183
    vertex 6.666641643083821 -1.601523855295596 -65.35677579291053
  endloop
endfacet
facet normal -0.866709 -0.493443 -0.0729972
  outer loop
    vertex -10.51852052028179 -4.946975351401023 -4.780559227206962
    vertex -10.33047596454149 -5.006485163491511 -6.610974539074707
    vertex -9.59878744410338 -6.424978393850496 -5.709779323084695
  endloop
endfacet
facet normal 0.967435 -0.244988 -0.0636382
  outer loop
    vertex 11.34980690040765 -3.896393630456185 0
    vertex 11.3370154947415 -3.577999552082032 -1.420178601000218
    vertex 11.8363356408327 -1.975135083368799 0
  endloop
endfacet
facet normal -0.571268 -0.816924 -0.0792976
  outer loop
    vertex -7.403952523943863 -9.078554685233078 -3.622654948879784
    vertex -5.930402190274379 -10.00546240403043 -4.689252084756129
    vertex -6.017719298268486 -10.10576306035478 -3.026913242687985
  endloop
endfacet
facet normal 0.877836 -0.475896 -0.0541016
  outer loop
    vertex 7.107809218040376 -3.376003820435419 -52.49159830740297
    vertex 7.443844888368508 -2.962564089958369 -50.67593763094213
    vertex 6.556209076454613 -4.576438246204104 -50.88227955939055
  endloop
endfacet
facet normal -0.935755 -0.346658 -0.0647319
  outer loop
    vertex -6.647358951875641 -1.682111332826197 -65.34946506717731
    vertex -6.157393585961837 -3.198069437215662 -64.31395541028093
    vertex -6.843288156618671 -1.513146868591406 -63.421993000854
  endloop
endfacet
facet normal -0.915125 -0.398537 -0.0609444
  outer loop
    vertex -7.938454165826246 -4.378611707903564 -37.28074818403922
    vertex -8.638801358252213 -2.800473130499793 -37.08453012910672
    vertex -8.345051175106017 -3.185341100933967 -38.97861533637894
  endloop
endfacet
facet normal -0.572955 -0.815376 -0.0829739
  outer loop
    vertex -7.400180225389594 -8.88096902918608 -5.590357325665905
    vertex -5.930402190274379 -10.00546240403043 -4.689252084756129
    vertex -7.403952523943863 -9.078554685233078 -3.622654948879784
  endloop
endfacet
facet normal -0.992127 -0.0866533 -0.090412
  outer loop
    vertex -8.393509392161752 -1.605825652736426 -43.89053195016977
    vertex -8.588729755166108 -1.36068865567187 -41.98324641358774
    vertex -8.62158526801624 1.055839680205206e-15 -42.92682926829275
  endloop
endfacet
facet normal -0.876364 -0.477269 -0.06481
  outer loop
    vertex -6.619008704253336 -4.482688255229442 -50.8996779386934
    vertex -7.378715468360062 -3.111656839923172 -50.72333888237613
    vertex -7.129519085497052 -3.326960120225553 -52.50746261350879
  endloop
endfacet
facet normal 0.994552 -0.077631 -0.0695697
  outer loop
    vertex 10.1112771544232 -1.720689350075794 -22.15146837354609
    vertex 9.984801480023801 -1.468217017585795 -24.24126190154372
    vertex 10.15722832800887 0 -23.41463414634155
  endloop
endfacet
facet normal 0.929976 -0.361695 -0.0657408
  outer loop
    vertex 11.0008408357352 -4.100610908226598 -3.300415656260329
    vertex 11.3370154947415 -3.577999552082032 -1.420178601000218
    vertex 10.77731847600371 -4.9875473826034 -1.582606095329091
  endloop
endfacet
facet normal -0.966446 -0.242286 -0.0853185
  outer loop
    vertex -9.598951056731496 -3.326479030393117 -23.39209594774309
    vertex -9.781225350099851 -3.221021212290125 -21.62685932534833
    vertex -10.09450883328959 -1.689244931052953 -22.42804537246366
  endloop
endfacet
facet normal 0.699053 -0.712863 -0.0561328
  outer loop
    vertex 5.248232359046685 -4.910267085403953 -61.15346353389123
    vertex 5.654964669137629 -4.638068799982269 -59.54500046534817
    vertex 4.527855338694695 -5.74243802436412 -59.55650147490294
  endloop
endfacet
facet normal -0.994064 -0.0756009 -0.0782346
  outer loop
    vertex -9.542971104011816 1.168676901688375e-15 -31.21951219512203
    vertex -9.509786021170356 -1.454897822765111 -30.23524782986899
    vertex -9.696535410011078 1.187483105268904e-15 -29.26829268292691
  endloop
endfacet
facet normal -0.945739 -0.310857 -0.0945821
  outer loop
    vertex -7.129519085497052 -3.326960120225553 -52.50746261350879
    vertex -7.378715468360062 -3.111656839923172 -50.72333888237613
    vertex -7.750530384585581 -1.685385233185765 -51.69314954555954
  endloop
endfacet
facet normal 0.994385 -0.0712328 -0.0782598
  outer loop
    vertex 11.38574277600297 0 -7.804878048780534
    vertex 11.19268290691282 -1.611847364519014 -8.790817995639584
    vertex 11.23217847000371 0 -9.756097560975665
  endloop
endfacet
facet normal -0.642902 -0.758217 -0.108555
  outer loop
    vertex -6.500431986665495 -9.255790230772959 -8.76213101680924
    vertex -7.267596140225197 -8.819715663317314 -7.264527969756662
    vertex -8.04848236031571 -7.958521086428783 -8.654965579062278
  endloop
endfacet
facet normal -0.970824 -0.220449 -0.0943515
  outer loop
    vertex -10.84102880919841 -2.31161827997601 -11.62946727940946
    vertex -10.83467428903699 -1.70359602839508 -13.11547802424506
    vertex -10.46820995885202 -3.198196332976567 -13.39410218429373
  endloop
endfacet
facet normal 0.993076 -0.087703 -0.0781568
  outer loop
    vertex 8.314456656017715 0 -46.82926829268299
    vertex 8.110942998558587 -1.443889939619899 -47.79490406307315
    vertex 8.16089235001845 0 -48.7804878048781
  endloop
endfacet
facet normal -0.83661 -0.54529 -0.0523636
  outer loop
    vertex -7.790488181898245 -6.250508591548667 -25.56461692785678
    vertex -8.808139221945673 -4.662213643838873 -25.84544256027628
    vertex -8.411074274419642 -5.136809986908884 -27.24709781237679
  endloop
endfacet
facet normal 0.958125 -0.272253 -0.0887392
  outer loop
    vertex 8.347740456662374 -1.825717316003958 -43.89920172225511
    vertex 7.863712937111496 -3.006632075306608 -45.50223476870986
    vertex 8.246687415285212 -1.523795956073968 -45.91657890634067
  endloop
endfacet
facet normal 0.831073 -0.547848 -0.0958105
  outer loop
    vertex 5.047937331217959 -4.327707241043711 -67.98944894733869
    vertex 5.966717262013109 -2.925699706477448 -68.0365554515662
    vertex 5.949425189496599 -3.259974649951626 -66.27515297250775
  endloop
endfacet
facet normal 0.961358 -0.253918 -0.106379
  outer loop
    vertex 8.354396775183574 -3.190694714734526 -38.84341542741032
    vertex 8.854733129440843 -1.485026515757061 -38.3931135269593
    vertex 8.748596988193826 -2.437751918732498 -37.07820264167973
  endloop
endfacet
facet normal -0.852604 -0.518252 -0.0669394
  outer loop
    vertex -5.870241271389158 -4.382695908730012 -59.39098629383837
    vertex -6.626815209935469 -3.173797245450746 -59.11396385650717
    vertex -6.382420163225166 -3.337387839733607 -60.96027668479205
  endloop
endfacet
facet normal -0.970512 -0.227063 -0.080921
  outer loop
    vertex -9.509786021170356 -1.454897822765111 -30.23524782986899
    vertex -9.276685590116582 -2.901728789761349 -28.97111054746985
    vertex -9.654215992650048 -1.551424279335504 -28.23219950872146
  endloop
endfacet
facet normal -0.963493 -0.262247 -0.0539268
  outer loop
    vertex -10.36670491767717 -1.917915794151924 -18.51768707735971
    vertex -9.999972878755749 -2.991493301277698 -19.84913338383075
    vertex -9.908156668555442 -3.606592078792584 -18.49834276494749
  endloop
endfacet
facet normal -0.971841 -0.22561 -0.068009
  outer loop
    vertex -10.46820995885202 -3.198196332976567 -13.39410218429373
    vertex -10.83467428903699 -1.70359602839508 -13.11547802424506
    vertex -10.6603521828514 -1.964423194129002 -14.74126804181762
  endloop
endfacet
facet normal 0.796571 -0.594906 -0.10752
  outer loop
    vertex 4.935521602458675 -3.618586511416314 -74.71337471141996
    vertex 4.27161874079393 -4.182845065269594 -76.50992591276513
    vertex 5.224313791457265 -2.903317536254409 -76.53140747259371
  endloop
endfacet
facet normal 0.937373 -0.339377 -0.078451
  outer loop
    vertex 6.515728869737693 -1.589978364617169 -67.25497898779916
    vertex 5.966717262013109 -2.925699706477448 -68.0365554515662
    vertex 6.364863272633293 -1.544614174288352 -69.25384274541956
  endloop
endfacet
facet normal 0.953207 -0.282983 -0.106385
  outer loop
    vertex 6.993881459954839 -2.984590755859935 -55.85535324217474
    vertex 7.497454733712385 -1.384398720998676 -55.59984263024926
    vertex 7.309225913023918 -2.500574737190659 -54.31735374665907
  endloop
endfacet
facet normal -0.970614 -0.224678 -0.0861814
  outer loop
    vertex -10.25718756236053 -1.618014146722242 -20.532975722541
    vertex -9.999972878755749 -2.991493301277698 -19.84913338383075
    vertex -10.36670491767717 -1.917915794151924 -18.51768707735971
  endloop
endfacet
facet normal 0.70929 -0.703718 -0.0410904
  outer loop
    vertex 3.666544621840805 -4.894121094858905 -74.77316225701823
    vertex 4.27161874079393 -4.182845065269594 -76.50992591276513
    vertex 4.935521602458675 -3.618586511416314 -74.71337471141996
  endloop
endfacet
facet normal 0.91305 -0.4031 -0.0620442
  outer loop
    vertex 7.443844888368508 -2.962564089958369 -50.67593763094213
    vertex 7.758459657531717 -2.558199747250359 -48.67317654441622
    vertex 7.125148321143367 -3.924199288895284 -49.11818650979976
  endloop
endfacet
facet normal -0.909492 -0.414813 -0.0274835
  outer loop
    vertex -5.834524941781924 -1.746037033051814 -75.09134721347708
    vertex -5.348836843041555 -2.745280205976863 -76.08213859927126
    vertex -5.075626329450541 -3.449012242717415 -74.50175907898729
  endloop
endfacet
facet normal 0.948749 -0.310747 -0.0575504
  outer loop
    vertex 7.811261537554213 -3.448404032458318 -43.9815493208032
    vertex 7.863712937111496 -3.006632075306608 -45.50223476870986
    vertex 8.347740456662374 -1.825717316003958 -43.89920172225511
  endloop
endfacet
facet normal 0.870591 -0.488542 -0.0583003
  outer loop
    vertex 6.208409440833255 -3.094608322523183 -64.33244922854183
    vertex 6.544086539952149 -2.729005336854428 -62.38348791416171
    vertex 5.753867579331803 -4.092579838336787 -62.75731204734098
  endloop
endfacet
facet normal -0.835744 -0.542737 -0.0834725
  outer loop
    vertex -8.851345793005132 -4.836206717676466 -24.31474908447856
    vertex -8.091045431934251 -6.112403806725147 -23.62921997135199
    vertex -8.913896080805676 -5.045942328967414 -22.32478415217107
  endloop
endfacet
facet normal -0.993287 -0.0852669 -0.0781734
  outer loop
    vertex -8.16089235001845 9.994210694636217e-16 -48.7804878048781
    vertex -8.117885968717868 -1.404077385039425 -47.7954504866731
    vertex -8.314456656017715 1.01822727304415e-15 -46.82926829268299
  endloop
endfacet
facet normal 0.876784 -0.468214 -0.10966
  outer loop
    vertex 6.556209076454613 -4.576438246204104 -50.88227955939055
    vertex 7.443844888368508 -2.962564089958369 -50.67593763094213
    vertex 7.125148321143367 -3.924199288895284 -49.11818650979976
  endloop
endfacet
facet normal -0.686675 -0.722459 -0.0808133
  outer loop
    vertex -8.460458558099333 -7.756647177409253 -6.632389548305452
    vertex -7.267596140225197 -8.819715663317314 -7.264527969756662
    vertex -7.400180225389594 -8.88096902918608 -5.590357325665905
  endloop
endfacet
facet normal -0.129532 -0.988307 -0.0804353
  outer loop
    vertex -2.03985559936416 -11.52330091788567 -3.78065580804042
    vertex -1.053084118203116 -11.73328297277965 -2.789694018944593
    vertex -1.962773006584219 -11.70324001909201 -1.693878467238584
  endloop
endfacet
facet normal 0.989042 -0.125445 -0.0778393
  outer loop
    vertex 6.010992066028773 0 -76.09756097560977
    vertex 5.747492213441602 -1.481803443675053 -77.05758360009918
    vertex 5.857427760029509 0 -78.0487804878049
  endloop
endfacet
facet normal 0.942196 -0.31902 -0.102434
  outer loop
    vertex 6.844178879543534 -1.510314770432628 -63.41870346387369
    vertex 6.544086539952149 -2.729005336854428 -62.38348791416171
    vertex 6.208409440833255 -3.094608322523183 -64.33244922854183
  endloop
endfacet
facet normal -0.95123 -0.28686 -0.11346
  outer loop
    vertex -7.345149330304126 -2.405578688556912 -54.26771832738179
    vertex -7.502435419329104 -1.35697445336313 -55.60023461870845
    vertex -6.950535299180421 -3.082275080188592 -55.86521183473729
  endloop
endfacet
facet normal 0.961975 -0.267082 -0.0572026
  outer loop
    vertex 8.623218488805549 -1.937187044461155 -40.17533245150621
    vertex 8.854733129440843 -1.485026515757061 -38.3931135269593
    vertex 8.354396775183574 -3.190694714734526 -38.84341542741032
  endloop
endfacet
facet normal 0.965024 -0.250392 -0.0776651
  outer loop
    vertex 9.633495774225434 -1.689033832989412 -28.2021386211604
    vertex 9.189746472414235 -3.185624726802862 -28.89092501497654
    vertex 9.473685427639689 -1.675214815179551 -30.23240665151451
  endloop
endfacet
facet normal 0.992791 -0.0908908 -0.0781343
  outer loop
    vertex 7.700199432020663 0 -54.63414634146346
    vertex 7.497454733712385 -1.384398720998676 -55.59984263024926
    vertex 7.5466351260214 0 -56.58536585365859
  endloop
endfacet
facet normal 0.960201 -0.261543 -0.098032
  outer loop
    vertex 7.959325923257347 -1.414594711678595 -49.75679724902373
    vertex 7.758459657531717 -2.558199747250359 -48.67317654441622
    vertex 7.443844888368508 -2.962564089958369 -50.67593763094213
  endloop
endfacet
facet normal -0.475333 -0.878338 -0.0507994
  outer loop
    vertex -6.56337789746914 -10.04599773915037 0
    vertex -5.64494905494199 -10.457884876889 -1.472128910508534
    vertex -4.82034509583564 -10.98927991986072 0
  endloop
endfacet
facet normal -0.992238 -0.0823415 -0.0931807
  outer loop
    vertex -10.6603521828514 -1.964423194129002 -14.74126804181762
    vertex -10.83467428903699 -1.70359602839508 -13.11547802424506
    vertex -10.92504985800518 1.337932733913129e-15 -13.65853658536594
  endloop
endfacet
facet normal -0.659049 -0.750237 -0.0529145
  outer loop
    vertex -3.568153357909934 -5.295477811566892 -71.3397890144126
    vertex -4.833858124484044 -4.199751101534421 -71.1109877212814
    vertex -4.397740433172881 -4.453005871999892 -72.95210606683615
  endloop
endfacet
facet normal -0.8757 -0.472359 -0.10013
  outer loop
    vertex -7.240154190343914 -3.703042591939835 -49.14530843928534
    vertex -7.378715468360062 -3.111656839923172 -50.72333888237613
    vertex -6.619008704253336 -4.482688255229442 -50.8996779386934
  endloop
endfacet
facet normal -0.961438 -0.257421 -0.0968011
  outer loop
    vertex -8.345051175106017 -3.185341100933967 -38.97861533637894
    vertex -8.638801358252213 -2.800473130499793 -37.08453012910672
    vertex -8.859110112515516 -1.602802699341219 -38.0813427633709
  endloop
endfacet
facet normal -0.992954 -0.0890758 -0.0781472
  outer loop
    vertex -7.5466351260214 9.241962551415088e-16 -56.58536585365859
    vertex -7.502435419329104 -1.35697445336313 -55.60023461870845
    vertex -7.700199432020663 9.430024587220371e-16 -54.63414634146346
  endloop
endfacet
facet normal 0.939188 -0.337657 -0.0625534
  outer loop
    vertex 10.40749007096914 -3.40712713821731 -13.32882970355237
    vertex 10.67570596727784 -2.963032060642372 -11.69896487247094
    vertex 10.11895243415679 -4.506045356643515 -11.72913802067566
  endloop
endfacet
facet normal 0.918184 -0.383185 -0.100534
  outer loop
    vertex 9.443087889946815 -4.971327454091783 -16.87716081152889
    vertex 10.17362360619571 -3.304541797302645 -16.55808247720719
    vertex 9.917894781364009 -4.317391865949713 -15.03319019897288
  endloop
endfacet
facet normal -0.923492 -0.381431 -0.0408985
  outer loop
    vertex -4.987209404011382 -3.038451548268604 -78.27147717352786
    vertex -5.635653343123297 -1.435330213051454 -78.5807353531803
    vertex -5.359878397722647 -1.950836196057469 -80
  endloop
endfacet
facet normal 0.934753 -0.350637 -0.0573665
  outer loop
    vertex 5.949425189496599 -3.259974649951626 -66.27515297250775
    vertex 5.966717262013109 -2.925699706477448 -68.0365554515662
    vertex 6.515728869737693 -1.589978364617169 -67.25497898779916
  endloop
endfacet
facet normal -0.969839 -0.226482 -0.090096
  outer loop
    vertex -9.781225350099851 -3.221021212290125 -21.62685932534833
    vertex -9.999972878755749 -2.991493301277698 -19.84913338383075
    vertex -10.25718756236053 -1.618014146722242 -20.532975722541
  endloop
endfacet
facet normal 0.934113 -0.350397 -0.0682249
  outer loop
    vertex 9.578660849480045 -2.926373476732149 -25.2128212625076
    vertex 9.787062370210466 -2.728421550590455 -23.37611889868956
    vertex 9.161849751919606 -4.346613735523552 -23.62543249925411
  endloop
endfacet
facet normal -0.866358 -0.49596 -0.058722
  outer loop
    vertex -5.738679570035201 -4.113447537859868 -62.76028849933262
    vertex -6.494663639782003 -2.826687355029724 -62.47467920659241
    vertex -6.157393585961837 -3.198069437215662 -64.31395541028093
  endloop
endfacet
facet normal -0.794165 -0.59842 -0.105804
  outer loop
    vertex -4.397740433172881 -4.453005871999892 -72.95210606683615
    vertex -4.833858124484044 -4.199751101534421 -71.1109877212814
    vertex -5.459413015438683 -3.197238802057638 -72.08571614787407
  endloop
endfacet
facet normal 0.957832 -0.279559 -0.0663622
  outer loop
    vertex 7.959325923257347 -1.414594711678595 -49.75679724902373
    vertex 7.443844888368508 -2.962564089958369 -50.67593763094213
    vertex 7.765901842508922 -1.624988182810335 -51.66225775902949
  endloop
endfacet
facet normal 0.597505 -0.793323 -0.116733
  outer loop
    vertex 2.82408772734544 -5.263933312285696 -76.57206766309798
    vertex 4.27161874079393 -4.182845065269594 -76.50992591276513
    vertex 3.666544621840805 -4.894121094858905 -74.77316225701823
  endloop
endfacet
facet normal 0.994023 -0.0877309 -0.0649743
  outer loop
    vertex 9.142060808182578 -1.760245989236694 -34.17993519979823
    vertex 9.060625781982761 -1.505660626447983 -35.76953751100393
    vertex 9.23584249201329 0 -35.12195121951227
  endloop
endfacet
facet normal 0.969001 -0.226949 -0.0976245
  outer loop
    vertex 10.86390102541236 -1.733624490167073 -12.68899503180412
    vertex 10.67570596727784 -2.963032060642372 -11.69896487247094
    vertex 10.40749007096914 -3.40712713821731 -13.32882970355237
  endloop
endfacet
facet normal -0.939343 -0.326053 -0.106413
  outer loop
    vertex -6.157393585961837 -3.198069437215662 -64.31395541028093
    vertex -6.494663639782003 -2.826687355029724 -62.47467920659241
    vertex -6.843288156618671 -1.513146868591406 -63.421993000854
  endloop
endfacet
facet normal 0.991354 -0.105497 -0.0780213
  outer loop
    vertex 6.318120678027298 0 -72.19512195121953
    vertex 6.102401313914177 -1.31367719118948 -73.15979711166099
    vertex 6.164556372028035 0 -74.14634146341466
  endloop
endfacet
facet normal 0.899097 -0.426535 -0.0984479
  outer loop
    vertex 8.045752496720088 -4.72899442105949 -33.89246331517917
    vertex 8.749096552039688 -3.30972508281107 -33.61813560556117
    vertex 8.608626656024324 -3.949566266542009 -32.12883642605539
  endloop
endfacet
facet normal 0.973632 -0.213583 -0.0801475
  outer loop
    vertex 11.01050118854729 -1.825987058830353 -10.66196062389954
    vertex 10.67570596727784 -2.963032060642372 -11.69896487247094
    vertex 10.86390102541236 -1.733624490167073 -12.68899503180412
  endloop
endfacet
facet normal 0.925821 -0.362176 -0.108096
  outer loop
    vertex 6.364863272633293 -1.544614174288352 -69.25384274541956
    vertex 5.966717262013109 -2.925699706477448 -68.0365554515662
    vertex 5.678581982548008 -3.22346816643083 -69.5066950815276
  endloop
endfacet
facet normal -0.807969 -0.577404 -0.117435
  outer loop
    vertex -5.075626329450541 -3.449012242717415 -74.50175907898729
    vertex -5.348836843041555 -2.745280205976863 -76.08213859927126
    vertex -4.26264946350551 -4.20893216982925 -76.3587855688229
  endloop
endfacet
facet normal -0.995095 -0.0604286 -0.0783157
  outer loop
    vertex -10.61792124600666 1.300320326752073e-15 -17.56097560975619
    vertex -10.61659576250266 -1.294188371346967 -16.57921864934882
    vertex -10.77148555200592 1.319126530332601e-15 -15.60975609756107
  endloop
endfacet
facet normal 0.990054 -0.0938701 -0.104795
  outer loop
    vertex 8.928713880014765 0 -39.02439024390252
    vertex 8.854733129440843 -1.485026515757061 -38.3931135269593
    vertex 8.623218488805549 -1.937187044461155 -40.17533245150621
  endloop
endfacet
facet normal -0.995091 -0.0699411 -0.0700154
  outer loop
    vertex -11.23217847000371 1.375545141074186e-15 -9.756097560975665
    vertex -11.08421421349899 -1.488204869692837 -10.37240851032747
    vertex -11.18271805441152 -1.690293993728159 -8.770552299257719
  endloop
endfacet
facet normal -0.913918 -0.392919 -0.101822
  outer loop
    vertex -8.523717059892318 -3.476172698154453 -35.51004345156086
    vertex -8.638801358252213 -2.800473130499793 -37.08453012910672
    vertex -7.938454165826246 -4.378611707903564 -37.28074818403922
  endloop
endfacet
facet normal -0.948118 -0.305942 -0.0864418
  outer loop
    vertex -7.750530384585581 -1.685385233185765 -51.69314954555954
    vertex -7.378715468360062 -3.111656839923172 -50.72333888237613
    vertex -7.866384399892579 -1.927028127343687 -49.5671871257314
  endloop
endfacet
facet normal 0.995435 -0.0545064 -0.0783425
  outer loop
    vertex 11.6928713880015 0 -3.90243902439026
    vertex 11.54706638281785 -1.26835309715663 -4.872616564210319
    vertex 11.53930708200224 0 -5.853658536585404
  endloop
endfacet
facet normal -0.902263 -0.419985 -0.0976452
  outer loop
    vertex -8.648008067339264 -3.858956040430034 -32.14758000383665
    vertex -8.76810403907111 -3.258526012403202 -33.62039753098253
    vertex -8.084849649386678 -4.659136635257126 -33.90960118332518
  endloop
endfacet
facet normal -0.960899 -0.2729 -0.0468813
  outer loop
    vertex -9.000267594946544 -1.6967128977054 -36.1008453134139
    vertex -8.638801358252213 -2.800473130499793 -37.08453012910672
    vertex -8.523717059892318 -3.476172698154453 -35.51004345156086
  endloop
endfacet
facet normal -0.919091 -0.386534 -0.0765764
  outer loop
    vertex -5.754473749951302 -1.454714145992634 -77.05677740721335
    vertex -5.635653343123297 -1.435330213051454 -78.5807353531803
    vertex -4.987209404011382 -3.038451548268604 -78.27147717352786
  endloop
endfacet
facet normal -0.914792 -0.401265 -0.0462855
  outer loop
    vertex -11.34980690040765 -3.896393630456211 0
    vertex -10.89801338726482 -4.780311882920803 -1.266308173617464
    vertex -10.5536850144779 -5.711368716444892 0
  endloop
endfacet
facet normal -0.968565 -0.243828 -0.0492895
  outer loop
    vertex -9.654215992650048 -1.551424279335504 -28.23219950872146
    vertex -9.276685590116582 -2.901728789761349 -28.97111054746985
    vertex -9.21495356145781 -3.496319740412578 -27.24282176262582
  endloop
endfacet
facet normal 0.994361 -0.071563 -0.0782579
  outer loop
    vertex 8.775149574015503 0 -40.97560975609763
    vertex 8.609271277846013 -1.24565030577825 -41.94420749365598
    vertex 8.62158526801624 0 -42.92682926829275
  endloop
endfacet
facet normal -0.965963 -0.239987 -0.0965511
  outer loop
    vertex -9.057605106404884 -3.196449574515413 -30.43038463090101
    vertex -9.276685590116582 -2.901728789761349 -28.97111054746985
    vertex -9.509786021170356 -1.454897822765111 -30.23524782986899
  endloop
endfacet
facet normal 0.933156 -0.344964 -0.101091
  outer loop
    vertex 9.161849751919606 -4.346613735523552 -23.62543249925411
    vertex 9.787062370210466 -2.728421550590455 -23.37611889868956
    vertex 9.653524967747797 -3.527744620231258 -21.88117097378541
  endloop
endfacet
facet normal -0.867422 -0.487406 -0.100076
  outer loop
    vertex -6.382420163225166 -3.337387839733607 -60.96027668479205
    vertex -6.494663639782003 -2.826687355029724 -62.47467920659241
    vertex -5.738679570035201 -4.113447537859868 -62.76028849933262
  endloop
endfacet
facet normal 0.995501 -0.0824896 -0.0466143
  outer loop
    vertex 11.8363356408327 -1.975135083368799 0
    vertex 11.84972206473031 -1.101091038391292 -1.260843159016623
    vertex 12.00000000000003 0 0
  endloop
endfacet
facet normal -0.994237 -0.0635292 -0.0863501
  outer loop
    vertex -11.64855885367899 -1.623224762135816 -3.035345511752131
    vertex -11.79860202941111 -1.444998251338681 -1.43886853052942
    vertex -11.84643569400077 1.450769955396299e-15 -1.95121951219513
  endloop
endfacet
facet normal -0.912634 -0.402475 -0.0715098
  outer loop
    vertex -9.434586804533037 -3.3298800940633 -25.34919301613707
    vertex -8.808139221945673 -4.662213643838873 -25.84544256027628
    vertex -8.851345793005132 -4.836206717676466 -24.31474908447856
  endloop
endfacet
facet normal 0.961482 -0.259985 -0.089216
  outer loop
    vertex 9.473685427639689 -1.675214815179551 -30.23240665151451
    vertex 9.189746472414235 -3.185624726802862 -28.89092501497654
    vertex 9.018097954504801 -3.33416274043112 -30.30792791260877
  endloop
endfacet
facet normal -0.993861 -0.0782395 -0.0782186
  outer loop
    vertex -8.62158526801624 1.055839680205206e-15 -42.92682926829275
    vertex -8.588729755166108 -1.36068865567187 -41.98324641358774
    vertex -8.775149574015503 1.074645883785734e-15 -40.97560975609763
  endloop
endfacet
facet normal 0.995854 -0.0461686 -0.0783754
  outer loop
    vertex 12.00000000000003 0 0
    vertex 11.84972206473031 -1.101091038391292 -1.260843159016623
    vertex 11.84643569400077 0 -1.95121951219513
  endloop
endfacet
facet normal -0.636083 -0.764649 -0.103488
  outer loop
    vertex -4.449577610324489 -5.124348395643097 -66.24276383418635
    vertex -4.795688144338347 -4.634780632122388 -67.73272382450861
    vertex -3.620715829974062 -5.57545785710593 -68.00417211544014
  endloop
endfacet
facet normal -0.924901 -0.368474 -0.0937315
  outer loop
    vertex -9.21495356145781 -3.496319740412578 -27.24282176262582
    vertex -9.276685590116582 -2.901728789761349 -28.97111054746985
    vertex -8.761634826211917 -4.242697535333622 -28.78183642488997
  endloop
endfacet
facet normal -0.79245 -0.609165 -0.0306727
  outer loop
    vertex -5.60501529168739 -3.24259748036334 -70.19686578917536
    vertex -4.833858124484044 -4.199751101534421 -71.1109877212814
    vertex -4.477401055848357 -4.736711531384015 -69.65616259990874
  endloop
endfacet
facet normal -0.989197 -0.123675 -0.0786991
  outer loop
    vertex -5.857427760029509 7.173280157556989e-16 -78.0487804878049
    vertex -5.635653343123297 -1.435330213051454 -78.5807353531803
    vertex -5.754473749951302 -1.454714145992634 -77.05677740721335
  endloop
endfacet
facet normal -0.747797 -0.656982 -0.0957849
  outer loop
    vertex -7.848390762927369 -6.598408284992174 -22.19016768574138
    vertex -8.091045431934251 -6.112403806725147 -23.62921997135199
    vertex -7.03645933191528 -7.268388063517984 -23.9336107060429
  endloop
endfacet
facet normal -0.735007 -0.676622 -0.044125
  outer loop
    vertex -9.469686112756751 -7.370552552276027 0
    vertex -8.759965493887597 -8.064116322737476 -1.186842781530414
    vertex -8.127378859508914 -8.828686928077602 0
  endloop
endfacet
facet normal 0.437899 -0.895481 -0.0797371
  outer loop
    vertex 5.639375109138791 -10.44106092302297 -1.693878467239176
    vertex 4.714025484646968 -10.80051475230669 -2.738879909505439
    vertex 5.619981338219238 -10.27374065563057 -3.679462374345593
  endloop
endfacet
facet normal -0.369908 -0.926081 -0.0744399
  outer loop
    vertex -3.852598256919253 -11.22223533554052 -1.71380933889648
    vertex -4.838130111260944 -10.75553417687224 -2.622551260973467
    vertex -3.98286476507089 -11.00980212341901 -3.709294452894545
  endloop
endfacet
facet normal 0.834441 -0.548597 -0.0524283
  outer loop
    vertex 5.678581982548008 -3.22346816643083 -69.5066950815276
    vertex 5.966717262013109 -2.925699706477448 -68.0365554515662
    vertex 5.047937331217959 -4.327707241043711 -67.98944894733869
  endloop
endfacet
facet normal -0.976764 -0.191523 -0.0961798
  outer loop
    vertex -11.8363356408327 -1.97513508336881 0
    vertex -11.79860202941111 -1.444998251338681 -1.43886853052942
    vertex -11.43844214552317 -3.166902909789558 -1.667686056092427
  endloop
endfacet
facet normal 0.995139 -0.0490918 -0.0853766
  outer loop
    vertex 11.6928713880015 0 -3.90243902439026
    vertex 11.7272027397146 -0.996387089200773 -2.92935179121945
    vertex 11.54706638281785 -1.26835309715663 -4.872616564210319
  endloop
endfacet
facet normal 0.995377 -0.055573 -0.0783378
  outer loop
    vertex 10.46435694000739 0 -19.51219512195132
    vertex 10.3228681474465 -1.156278010741472 -20.48971574941609
    vertex 10.31079263400813 0 -21.46341463414643
  endloop
endfacet
facet normal -0.96625 -0.244716 -0.080472
  outer loop
    vertex -8.859110112515516 -1.602802699341219 -38.0813427633709
    vertex -8.638801358252213 -2.800473130499793 -37.08453012910672
    vertex -9.000267594946544 -1.6967128977054 -36.1008453134139
  endloop
endfacet
facet normal 0.949723 -0.302489 -0.0807906
  outer loop
    vertex 6.982181596452046 -1.603053791846969 -61.44920561041979
    vertex 6.544086539952149 -2.729005336854428 -62.38348791416171
    vertex 6.844178879543534 -1.510314770432628 -63.41870346387369
  endloop
endfacet
facet normal -0.853551 -0.511626 -0.0984417
  outer loop
    vertex -6.492702597878458 -3.681001323650938 -57.64073972272288
    vertex -6.626815209935469 -3.173797245450746 -59.11396385650717
    vertex -5.870241271389158 -4.382695908730012 -59.39098629383837
  endloop
endfacet
facet normal 0.872666 -0.476698 -0.105891
  outer loop
    vertex 5.753867579331803 -4.092579838336787 -62.75731204734098
    vertex 6.544086539952149 -2.729005336854428 -62.38348791416171
    vertex 6.31380812791738 -3.461885872100439 -60.98199445494669
  endloop
endfacet
facet normal 0.858546 -0.51223 -0.0227886
  outer loop
    vertex 5.973146165257117 -4.689927194213208 -55.97930816991529
    vertex 6.518389547988931 -3.727854964677752 -57.0625299454703
    vertex 6.993881459954839 -2.984590755859935 -55.85535324217474
  endloop
endfacet
facet normal -0.933704 -0.345522 -0.0938719
  outer loop
    vertex -9.908156668555442 -3.606592078792584 -18.49834276494749
    vertex -9.999972878755749 -2.991493301277698 -19.84913338383075
    vertex -9.467984339356065 -4.314125533972587 -20.27226951984683
  endloop
endfacet
facet normal -0.661877 -0.741285 -0.111429
  outer loop
    vertex -4.477401055848357 -4.736711531384015 -69.65616259990874
    vertex -4.833858124484044 -4.199751101534421 -71.1109877212814
    vertex -3.568153357909934 -5.295477811566892 -71.3397890144126
  endloop
endfacet
facet normal 0.966603 -0.244011 -0.0783436
  outer loop
    vertex 8.110942998558587 -1.443889939619899 -47.79490406307315
    vertex 7.758459657531717 -2.558199747250359 -48.67317654441622
    vertex 7.959325923257347 -1.414594711678595 -49.75679724902373
  endloop
endfacet
facet normal 0.987604 -0.139462 -0.0720305
  outer loop
    vertex 11.54706638281785 -1.26835309715663 -4.872616564210319
    vertex 11.7272027397146 -0.996387089200773 -2.92935179121945
    vertex 11.50407784258232 -2.186917895970527 -3.683542380382278
  endloop
endfacet
facet normal -0.396601 -0.917081 -0.0408692
  outer loop
    vertex -5.64494905494199 -10.457884876889 -1.472128910508534
    vertex -4.838130111260944 -10.75553417687224 -2.622551260973467
    vertex -3.852598256919253 -11.22223533554052 -1.71380933889648
  endloop
endfacet
facet normal -0.00584053 -0.99343 -0.114296
  outer loop
    vertex -0.00903399581611738 -11.86925804817069 -1.661190323591772
    vertex -1.053084118203116 -11.73328297277965 -2.789694018944593
    vertex 0.9102617519646966 -11.74610146374493 -2.778606273003453
  endloop
endfacet
facet normal -0.821337 -0.557276 -0.121857
  outer loop
    vertex -8.616433441873994 -7.137233401700952 -10.31080484368106
    vertex -9.289514067784971 -6.397508102218691 -9.157038985095319
    vertex -9.789004216187717 -5.445034327884833 -10.14624470975471
  endloop
endfacet
facet normal -0.93301 -0.353132 -0.0692119
  outer loop
    vertex -9.467984339356065 -4.314125533972587 -20.27226951984683
    vertex -9.999972878755749 -2.991493301277698 -19.84913338383075
    vertex -9.781225350099851 -3.221021212290125 -21.62685932534833
  endloop
endfacet
facet normal 0.973178 -0.212765 -0.0874908
  outer loop
    vertex 9.984801480023801 -1.468217017585795 -24.24126190154372
    vertex 9.787062370210466 -2.728421550590455 -23.37611889868956
    vertex 9.578660849480045 -2.926373476732149 -25.2128212625076
  endloop
endfacet
facet normal -0.928377 -0.365823 -0.0654939
  outer loop
    vertex -8.761634826211917 -4.242697535333622 -28.78183642488997
    vertex -9.276685590116582 -2.901728789761349 -28.97111054746985
    vertex -9.057605106404884 -3.196449574515413 -30.43038463090101
  endloop
endfacet
facet normal 0.966495 -0.252073 -0.0484463
  outer loop
    vertex 9.653524967747797 -3.527744620231258 -21.88117097378541
    vertex 9.787062370210466 -2.728421550590455 -23.37611889868956
    vertex 10.1112771544232 -1.720689350075794 -22.15146837354609
  endloop
endfacet
facet normal 0.0809707 -0.995783 -0.0431363
  outer loop
    vertex -0.00903399581611738 -11.86925804817069 -1.661190323591772
    vertex 0.9102617519646966 -11.74610146374493 -2.778606273003453
    vertex 1.939784874289221 -11.71211454874952 -1.630670751565322
  endloop
endfacet
facet normal 0.897055 -0.431703 -0.0944722
  outer loop
    vertex 7.214279396506114 -4.301004844083976 -45.75408346376302
    vertex 7.863712937111496 -3.006632075306608 -45.50223476870986
    vertex 7.811261537554213 -3.448404032458318 -43.9815493208032
  endloop
endfacet
facet normal 0.914743 -0.391259 -0.100801
  outer loop
    vertex 7.125148321143367 -3.924199288895284 -49.11818650979976
    vertex 7.758459657531717 -2.558199747250359 -48.67317654441622
    vertex 7.626134282354412 -3.207151327165738 -47.355092227342
  endloop
endfacet
facet normal 0.99405 -0.0911753 -0.059588
  outer loop
    vertex 7.765901842508922 -1.624988182810335 -51.66225775902949
    vertex 7.707954919506819 -1.3425408448663 -53.06110370168481
    vertex 7.853763738019925 0 -52.68292682926835
  endloop
endfacet
facet normal -0.928217 -0.360671 -0.0912659
  outer loop
    vertex -5.754473749951302 -1.454714145992634 -77.05677740721335
    vertex -5.348836843041555 -2.745280205976863 -76.08213859927126
    vertex -5.834524941781924 -1.746037033051814 -75.09134721347708
  endloop
endfacet
facet normal -0.00630572 -0.999234 -0.0386332
  outer loop
    vertex 0.9102617519646966 -11.74610146374493 -2.778606273003453
    vertex -1.053084118203116 -11.73328297277965 -2.789694018944593
    vertex -0.07183621418144343 -11.70012505248568 -3.807470413853181
  endloop
endfacet
facet normal -0.994293 -0.0923111 -0.0534823
  outer loop
    vertex -7.853763738019925 9.618086623025653e-16 -52.68292682926835
    vertex -7.709648674478995 -1.331220057479734 -53.06447798032639
    vertex -7.750530384585581 -1.685385233185765 -51.69314954555954
  endloop
endfacet
facet normal -0.08389 -0.995575 -0.0423463
  outer loop
    vertex -1.962773006584219 -11.70324001909201 -1.693878467238584
    vertex -1.053084118203116 -11.73328297277965 -2.789694018944593
    vertex -0.00903399581611738 -11.86925804817069 -1.661190323591772
  endloop
endfacet
facet normal -0.0904619 -0.988713 -0.119426
  outer loop
    vertex -0.07183621418144343 -11.70012505248568 -3.807470413853181
    vertex -1.053084118203116 -11.73328297277965 -2.789694018944593
    vertex -2.03985559936416 -11.52330091788567 -3.78065580804042
  endloop
endfacet
facet normal 0.996028 -0.042237 -0.0783891
  outer loop
    vertex 11.84643569400077 0 -1.95121951219513
    vertex 11.7272027397146 -0.996387089200773 -2.92935179121945
    vertex 11.6928713880015 0 -3.90243902439026
  endloop
endfacet
facet normal 0.402151 -0.907552 -0.120929
  outer loop
    vertex 5.619981338219238 -10.27374065563057 -3.679462374345593
    vertex 4.714025484646968 -10.80051475230669 -2.738879909505439
    vertex 3.793009455291084 -11.07218488954759 -3.762891434794181
  endloop
endfacet
facet normal 0.0775619 -0.989947 -0.118274
  outer loop
    vertex 1.896118676946681 -11.54517684746405 -3.813830093998314
    vertex 0.9102617519646966 -11.74610146374493 -2.778606273003453
    vertex -0.07183621418144343 -11.70012505248568 -3.807470413853181
  endloop
endfacet
facet normal 0.320515 -0.94018 -0.115467
  outer loop
    vertex 2.848143020577303 -11.43213090294375 -2.775338659150776
    vertex 4.714025484646968 -10.80051475230669 -2.738879909505439
    vertex 3.850257934374891 -11.22758893174893 -1.659118276288512
  endloop
endfacet
facet normal -0.946424 -0.311798 -0.084041
  outer loop
    vertex -6.843288156618671 -1.513146868591406 -63.421993000854
    vertex -6.494663639782003 -2.826687355029724 -62.47467920659241
    vertex -6.964501116862539 -1.671952644911647 -61.4677775698442
  endloop
endfacet
facet normal 0.321069 -0.946304 -0.037721
  outer loop
    vertex 3.793009455291084 -11.07218488954759 -3.762891434794181
    vertex 4.714025484646968 -10.80051475230669 -2.738879909505439
    vertex 2.848143020577303 -11.43213090294375 -2.775338659150776
  endloop
endfacet
facet normal -0.810831 -0.580267 -0.0764375
  outer loop
    vertex -5.459413015438683 -3.197238802057638 -72.08571614787407
    vertex -4.833858124484044 -4.199751101534421 -71.1109877212814
    vertex -5.60501529168739 -3.24259748036334 -70.19686578917536
  endloop
endfacet
facet normal 0.159083 -0.980703 -0.113637
  outer loop
    vertex 0.9102617519646966 -11.74610146374493 -2.778606273003453
    vertex 2.848143020577303 -11.43213090294375 -2.775338659150776
    vertex 1.939784874289221 -11.71211454874952 -1.630670751565322
  endloop
endfacet
facet normal 0.92431 -0.379527 -0.0401224
  outer loop
    vertex 5.359878397722652 -1.950836196057454 -80
    vertex 5.637979825882468 -1.42231410743432 -78.59271755161295
    vertex 4.989348474115294 -3.038356464819577 -78.24889325976959
  endloop
endfacet
facet normal 0.245016 -0.968588 -0.0424806
  outer loop
    vertex 1.939784874289221 -11.71211454874952 -1.630670751565322
    vertex 2.848143020577303 -11.43213090294375 -2.775338659150776
    vertex 3.850257934374891 -11.22758893174893 -1.659118276288512
  endloop
endfacet
facet normal 0.243234 -0.962741 -0.118182
  outer loop
    vertex 3.793009455291084 -11.07218488954759 -3.762891434794181
    vertex 2.848143020577303 -11.43213090294375 -2.775338659150776
    vertex 1.896118676946681 -11.54517684746405 -3.813830093998314
  endloop
endfacet
facet normal 0.401448 -0.914975 -0.0407541
  outer loop
    vertex 3.850257934374891 -11.22758893174893 -1.659118276288512
    vertex 4.714025484646968 -10.80051475230669 -2.738879909505439
    vertex 5.639375109138791 -10.44106092302297 -1.693878467239176
  endloop
endfacet
facet normal 0.159873 -0.986359 -0.039191
  outer loop
    vertex 1.896118676946681 -11.54517684746405 -3.813830093998314
    vertex 2.848143020577303 -11.43213090294375 -2.775338659150776
    vertex 0.9102617519646966 -11.74610146374493 -2.778606273003453
  endloop
endfacet
facet normal -0.978234 -0.195291 -0.0701365
  outer loop
    vertex -11.43844214552317 -3.166902909789558 -1.667686056092427
    vertex -11.79860202941111 -1.444998251338681 -1.43886853052942
    vertex -11.64855885367899 -1.623224762135816 -3.035345511752131
  endloop
endfacet
facet normal 0.93864 -0.343946 -0.0256317
  outer loop
    vertex 6.31380812791738 -3.461885872100439 -60.98199445494669
    vertex 6.544086539952149 -2.729005336854428 -62.38348791416171
    vertex 6.982181596452046 -1.603053791846969 -61.44920561041979
  endloop
endfacet
facet normal -0.938589 -0.341988 -0.0457627
  outer loop
    vertex -6.964501116862539 -1.671952644911647 -61.4677775698442
    vertex -6.494663639782003 -2.826687355029724 -62.47467920659241
    vertex -6.382420163225166 -3.337387839733607 -60.96027668479205
  endloop
endfacet
facet normal 0.929207 -0.358733 -0.0887948
  outer loop
    vertex 10.77731847600371 -4.9875473826034 -1.582606095329091
    vertex 11.3370154947415 -3.577999552082032 -1.420178601000218
    vertex 11.34980690040765 -3.896393630456185 0
  endloop
endfacet
facet normal 0.914939 -0.397625 -0.0691497
  outer loop
    vertex 9.018097954504801 -3.33416274043112 -30.30792791260877
    vertex 9.189746472414235 -3.185624726802862 -28.89092501497654
    vertex 8.599200116667394 -4.548413392725712 -28.86828619334781
  endloop
endfacet
facet normal 0.989436 -0.123831 -0.0753824
  outer loop
    vertex 5.747492213441602 -1.481803443675053 -77.05758360009918
    vertex 5.637979825882468 -1.42231410743432 -78.59271755161295
    vertex 5.857427760029509 0 -78.0487804878049
  endloop
endfacet
facet normal 0.973888 -0.210756 -0.0844022
  outer loop
    vertex 10.1112771544232 -1.720689350075794 -22.15146837354609
    vertex 9.787062370210466 -2.728421550590455 -23.37611889868956
    vertex 9.984801480023801 -1.468217017585795 -24.24126190154372
  endloop
endfacet
facet normal 0.961025 -0.273792 -0.0383207
  outer loop
    vertex 7.626134282354412 -3.207151327165738 -47.355092227342
    vertex 7.758459657531717 -2.558199747250359 -48.67317654441622
    vertex 8.110942998558587 -1.443889939619899 -47.79490406307315
  endloop
endfacet
facet normal 0.996112 -0.0446449 -0.0759465
  outer loop
    vertex 11.84972206473031 -1.101091038391292 -1.260843159016623
    vertex 11.7272027397146 -0.996387089200773 -2.92935179121945
    vertex 11.84643569400077 0 -1.95121951219513
  endloop
endfacet
facet normal 0.987427 -0.13573 -0.0810247
  outer loop
    vertex 11.62652142442704 -2.17620946940581 -2.179932744155356
    vertex 11.7272027397146 -0.996387089200773 -2.92935179121945
    vertex 11.84972206473031 -1.101091038391292 -1.260843159016623
  endloop
endfacet
facet normal -0.456357 -0.885126 -0.0910453
  outer loop
    vertex -6.017719298268486 -10.10576306035478 -3.026913242687985
    vertex -4.838130111260944 -10.75553417687224 -2.622551260973467
    vertex -5.64494905494199 -10.457884876889 -1.472128910508534
  endloop
endfacet
facet normal 0.976874 -0.18484 -0.107473
  outer loop
    vertex 11.54706638281785 -1.26835309715663 -4.872616564210319
    vertex 11.50407784258232 -2.186917895970527 -3.683542380382278
    vertex 11.18959543266599 -3.082041135786043 -5.002529243087616
  endloop
endfacet
facet normal 0.987686 -0.134765 -0.0794705
  outer loop
    vertex 11.50407784258232 -2.186917895970527 -3.683542380382278
    vertex 11.7272027397146 -0.996387089200773 -2.92935179121945
    vertex 11.62652142442704 -2.17620946940581 -2.179932744155356
  endloop
endfacet
endsolid Created by Gmsh
