time,xx,yy,zz,yz,xz,xy
0,0,0,0,0,0,0
0.01,-0.086005434,-0.2048099,-0.006009943,-0.44605622,-0.39557806,-0.49343228
0.02,-3.0203464e-05,-5.730961e-06,2.2262572e-09,-1.0263239e-07,9.655288e-09,1.793854e-05
0.03,-3.7346217e-05,-4.9853015e-06,1.4968918e-09,-1.5456996e-07,-5.6950266e-06,1.8213277e-05
0.04,-3.7354745e-05,-4.831645e-06,1.2145159e-09,-1.7281117e-07,-5.9017966e-06,1.814502e-05
0.05,-3.7311216e-05,-4.844271e-06,1.2692906e-09,-1.6832045e-07,-5.8341193e-06,1.8138773e-05
0.060000000000000005,-3.7306614e-05,-4.8468764e-06,1.2767382e-09,-1.677459e-07,-5.826953e-06,1.813841e-05
0.07,-3.7307513e-05,-4.8468883e-06,1.2761985e-09,-1.6779902e-07,-5.827996e-06,1.8138702e-05
0.08,-3.7307665e-05,-4.8468314e-06,1.2759971e-09,-1.6781534e-07,-5.828223e-06,1.8138735e-05
0.09,-3.7307655e-05,-4.8468287e-06,1.2760015e-09,-1.6781476e-07,-5.8282094e-06,1.813873e-05
0.09999999999999999,-2.2429278e-05,-6.795153e-06,1.4459034e-08,1.0262572e-06,1.4430831e-05,1.23954105e-05
0.10999999999999999,-4.466481e-06,-9.189132e-06,3.0398805e-08,2.4672836e-06,3.8866034e-05,5.53089e-06
0.11999999999999998,1.3541735e-05,-1.1549145e-05,4.625667e-08,3.9029505e-06,6.335347e-05,-1.3725603e-06
0.12999999999999998,3.1575768e-05,-1.389479e-05,6.20791e-08,5.3362637e-06,8.7877685e-05,-8.292827e-06
0.13999999999999999,4.963817e-05,-1.6234528e-05,7.7886156e-08,6.76857e-06,0.00011244378,-1.522307e-05
0.15,6.772831e-05,-1.856679e-05,9.367467e-08,8.1996495e-06,0.00013705014,-2.2163551e-05
0.16,8.584955e-05,-2.0887284e-05,1.09439384e-07,9.629236e-06,0.0001616988,-2.9117242e-05
0.17,0.00010399829,-2.3199356e-05,1.2518363e-07,1.1057463e-05,0.0001863868,-3.6081434e-05
0.18000000000000002,0.00012217404,-2.5503394e-05,1.4090772e-07,1.2484338e-05,0.00021111361,-4.3055792e-05
0.19000000000000003,0.00014037677,-2.7798933e-05,1.5661077e-07,1.3909801e-05,0.00023587885,-5.004047e-05
0.20000000000000004,0.00015860582,-3.0086157e-05,1.7229259e-07,1.5333826e-05,0.00026068167,-5.7035133e-05
0.21000000000000005,0.00017685725,-3.2369302e-05,1.8795784e-07,1.6756621e-05,0.0002855192,-6.403661e-05
0.22000000000000006,0.00019513864,-3.4639117e-05,2.0359555e-07,1.8177649e-05,0.00031039605,-7.1051436e-05
0.23000000000000007,0.00021344499,-3.6900023e-05,2.1920981e-07,1.9597057e-05,0.00033530817,-7.8075864e-05
0.24000000000000007,0.00023177607,-3.91522e-05,2.3480082e-07,2.1014852e-05,0.0003602553,-8.5109765e-05
0.25000000000000006,0.00025013162,-4.1395448e-05,2.50368e-07,2.2430992e-05,0.0003852368,-9.215311e-05
0.26000000000000006,0.00026851127,-4.362965e-05,2.6591087e-07,2.3845429e-05,0.0004102521,-9.920579e-05
0.2700000000000001,0.0002869112,-4.5858833e-05,2.814337e-07,2.5258358e-05,0.00043529837,-0.000106264735
0.2800000000000001,0.00030533862,-4.8074384e-05,2.9692646e-07,2.6669291e-05,0.00046037982,-0.00011333613
0.2900000000000001,0.00032378905,-5.027993e-05,3.1239225e-07,2.8078322e-05,0.00048549296,-0.00012041672
0.3000000000000001,0.00034225805,-5.248065e-05,3.2783697e-07,2.9485735e-05,0.0005106348,-0.00012750279
0.3100000000000001,0.00036074966,-5.4671942e-05,3.4325552e-07,3.0891286e-05,0.0005358075,-0.00013459778
0.3200000000000001,0.0003792637,-5.685291e-05,3.5864605e-07,3.229485e-05,0.0005610105,-0.00014170185
0.3300000000000001,0.0003978032,-5.9019385e-05,3.7400324e-07,3.369616e-05,0.0005862451,-0.00014881782
0.34000000000000014,0.00041635928,-6.1180544e-05,3.893369e-07,3.509563e-05,0.0006115054,-0.00015593859
0.35000000000000014,0.00043493658,-6.333178e-05,4.046423e-07,3.6493067e-05,0.00063679414,-0.00016306785
0.36000000000000015,0.00045353442,-6.547273e-05,4.1991822e-07,3.788838e-05,0.0006621102,-0.00017020543
0.37000000000000016,0.00047215255,-6.7603134e-05,4.35164e-07,3.928151e-05,0.0006874531,-0.00017735129
0.38000000000000017,0.0004907902,-6.9723304e-05,4.5037956e-07,4.067244e-05,0.00071282196,-0.00018450504
0.3900000000000002,0.0005094475,-7.1832685e-05,4.6556397e-07,4.2061103e-05,0.00073821633,-0.00019166688
0.4000000000000002,0.0005281281,-7.392635e-05,4.807112e-07,4.3447206e-05,0.0007636382,-0.00019884025
0.4100000000000002,0.0005468267,-7.600936e-05,4.958261e-07,4.483092e-05,0.00078908366,-0.00020602088
0.4200000000000002,0.0005655436,-7.808146e-05,5.109086e-07,4.6212255e-05,0.0008145526,-0.00021320913
0.4300000000000002,0.0005842789,-8.014208e-05,5.259577e-07,4.7591155e-05,0.0008400447,-0.00022040524
0.4400000000000002,0.0006030267,-8.219735e-05,5.409799e-07,4.8967886e-05,0.000865556,-0.00022760448
0.45000000000000023,0.00062179286,-8.424113e-05,5.5596877e-07,5.034218e-05,0.0008910896,-0.00023481167
0.46000000000000024,0.00064057735,-8.627184e-05,5.7092126e-07,5.1713843e-05,0.00091664493,-0.00024202728
0.47000000000000025,0.0006593804,-8.828883e-05,5.858364e-07,5.3082797e-05,0.0009422219,-0.00024925164
0.48000000000000026,0.00067819585,-9.029802e-05,6.0072e-07,5.4449287e-05,0.0009678162,-0.00025647995
0.49000000000000027,0.00069703045,-9.229268e-05,6.1556534e-07,5.581303e-05,0.0009934315,-0.00026371764
0.5000000000000002,0.0007158823,-9.4273535e-05,6.3037197e-07,5.717395e-05,0.0010190664,-0.00027096353
0.5100000000000002,0.0007347442,-9.624769e-05,6.451473e-07,5.8532358e-05,0.0010447161,-0.00027821198
0.5200000000000002,0.0007536227,-9.820872e-05,6.598849e-07,5.9887996e-05,0.0010703838,-0.0002854683
0.5300000000000002,0.00077251706,-0.00010015624,6.745834e-07,6.124075e-05,0.001096069,-0.00029273218
0.5400000000000003,0.00079142407,-0.00010209314,6.892454e-07,6.259071e-05,0.0011217692,-0.00030000115
0.5500000000000003,0.00081034494,-0.000104017345,7.0386835e-07,6.393775e-05,0.0011474843,-0.00030727664
0.5600000000000003,0.00082928257,-0.00010592702,7.184508e-07,6.528183e-05,0.0011732166,-0.00031456043
0.5700000000000003,0.000848231,-0.00010782542,7.329943e-07,6.662291e-05,0.0011989612,-0.0003218488
0.5800000000000003,0.00086719485,-0.00010970951,7.4749676e-07,6.7960966e-05,0.0012247211,-0.0003291449
0.5900000000000003,0.0008861675,-0.00011158415,7.61962e-07,6.929609e-05,0.0012504914,-0.00033644412
0.6000000000000003,0.0009051528,-0.000113446215,7.7638737e-07,7.06282e-05,0.001276274,-0.00034374933
0.6100000000000003,0.0009241486,-0.000115296825,7.9077313e-07,7.195726e-05,0.0013020672,-0.00035105908
0.6200000000000003,0.00094315724,-0.000117134325,8.05118e-07,7.328325e-05,0.0013278727,-0.00035837505
0.6300000000000003,0.00096217636,-0.00011895772,8.194188e-07,7.4605894e-05,0.001353687,-0.00036569664
0.6400000000000003,0.0009812075,-0.00012076891,8.336794e-07,7.5925476e-05,0.001379513,-0.0003730237
0.6500000000000004,0.0010002487,-0.00012256607,8.478957e-07,7.7241704e-05,0.0014053469,-0.00038035618
0.6600000000000004,0.0010193001,-0.00012435096,8.6207046e-07,7.855473e-05,0.0014311898,-0.00038769344
0.6700000000000004,0.0010383612,-0.00012612264,8.7620197e-07,7.9864454e-05,0.0014570404,-0.00039503563
0.6800000000000004,0.0010574321,-0.00012788044,8.90289e-07,8.1170794e-05,0.0014828981,-0.0004023831
0.6900000000000004,0.0010765122,-0.00012962536,9.0433264e-07,8.2473794e-05,0.0015087627,-0.0004097351
0.7000000000000004,0.001095601,-0.00013135656,9.183314e-07,8.377336e-05,0.001534633,-0.0004170919
0.7100000000000004,0.0011146982,-0.00013307476,9.3228607e-07,8.506952e-05,0.0015605087,-0.00042445306
0.7200000000000004,0.0011338034,-0.00013477913,9.4619503e-07,8.6362175e-05,0.0015863887,-0.00043181865
0.7300000000000004,0.0011529074,-0.00013646903,9.600518e-07,8.765071e-05,0.001612261,-0.00043918518
0.7400000000000004,0.001171819,-0.00013817304,9.7389e-07,8.893601e-05,0.0016378781,-0.00044647272
0.7500000000000004,0.0011904936,-0.00013989511,9.877074e-07,9.0217494e-05,0.0016631826,-0.00045366297
0.7600000000000005,0.0012089339,-0.00014163568,1.0015059e-06,9.149532e-05,0.001688179,-0.00046075677
0.7700000000000005,0.0012271401,-0.00014339518,1.0152866e-06,9.276958e-05,0.0017128681,-0.0004677539
0.7800000000000005,0.0012451215,-0.00014517296,1.0290503e-06,9.404042e-05,0.0017372629,-0.00047465815
0.7900000000000005,0.0012628668,-0.00014697049,1.0427979e-06,9.53078e-05,0.0017613495,-0.00048146467
0.8000000000000005,0.0012803792,-0.00014878795,1.0565308e-06,9.657186e-05,0.0017851328,-0.00048817464
0.8100000000000005,0.0012976673,-0.00015062478,1.0702498e-06,9.783273e-05,0.0018086245,-0.0004947913
0.8200000000000005,0.0013147272,-0.0001524816,1.0839555e-06,9.909043e-05,0.0018318207,-0.0005013132
0.8300000000000005,0.0013315516,-0.00015435969,1.0976494e-06,0.000100345,0.0018547125,-0.00050773687
0.8400000000000005,0.0013481366,-0.00015626,1.1113332e-06,0.00010159654,0.0018772958,-0.0005140607
0.8500000000000005,0.0013644866,-0.00015818255,1.1250083e-06,0.00010284519,0.0018995772,-0.00052028627
0.8600000000000005,0.0013806032,-0.00016012753,1.1386754e-06,0.00010409102,0.0019215593,-0.00052641396
0.8700000000000006,0.0013964839,-0.00016209553,1.1523356e-06,0.0001053341,0.0019432402,-0.00053244276
0.8800000000000006,0.0014121289,-0.000164087,1.1659902e-06,0.00010657452,0.0019646208,-0.00053837255
0.8900000000000006,0.0014275402,-0.00016610211,1.1796401e-06,0.00010781237,0.0019857043,-0.0005442039
0.9000000000000006,0.0014427176,-0.00016814124,1.1932864e-06,0.00010904773,0.0020064916,-0.0005499366
0.9100000000000006,0.001457661,-0.00017020482,1.20693e-06,0.00011028068,0.0020269835,-0.00055557047
0.9200000000000006,0.001472373,-0.00017229293,1.2205722e-06,0.00011151131,0.002047184,-0.0005611064
0.9300000000000006,0.0014868429,-0.00017440719,1.2342143e-06,0.00011273966,0.0020670802,-0.0005665398
0.01,-0.086005434,-0.2048099,-0.006009943,-0.44605622,-0.39557806,-0.49343228
0.02,-3.0203464e-05,-5.730961e-06,2.2262572e-09,-1.0263239e-07,9.655288e-09,1.793854e-05
0.03,-3.7346217e-05,-4.9853015e-06,1.4968918e-09,-1.5456996e-07,-5.6950266e-06,1.8213277e-05
0.04,-3.7354745e-05,-4.831645e-06,1.2145159e-09,-1.7281117e-07,-5.9017966e-06,1.814502e-05
0.05,-3.7311216e-05,-4.844271e-06,1.2692906e-09,-1.6832045e-07,-5.8341193e-06,1.8138773e-05
0.060000000000000005,-3.7306614e-05,-4.8468764e-06,1.2767382e-09,-1.677459e-07,-5.826953e-06,1.813841e-05
0.07,-3.7307513e-05,-4.8468883e-06,1.2761985e-09,-1.6779902e-07,-5.827996e-06,1.8138702e-05
0.08,-3.7307665e-05,-4.8468314e-06,1.2759971e-09,-1.6781534e-07,-5.828223e-06,1.8138735e-05
0.09,-3.7307655e-05,-4.8468287e-06,1.2760015e-09,-1.6781476e-07,-5.8282094e-06,1.813873e-05
0.09999999999999999,-2.2429278e-05,-6.795153e-06,1.4459034e-08,1.0262572e-06,1.4430831e-05,1.23954105e-05
0.01,-0.086005434,-0.2048099,-0.006009943,-0.44605622,-0.39557806,-0.49343228
0.02,-3.0203464e-05,-5.730961e-06,2.2262572e-09,-1.0263239e-07,9.655288e-09,1.793854e-05
0.03,-3.7346217e-05,-4.9853015e-06,1.4968918e-09,-1.5456996e-07,-5.6950266e-06,1.8213277e-05
0.04,-3.7354745e-05,-4.831645e-06,1.2145159e-09,-1.7281117e-07,-5.9017966e-06,1.814502e-05
0.05,-3.7311216e-05,-4.844271e-06,1.2692906e-09,-1.6832045e-07,-5.8341193e-06,1.8138773e-05
0.060000000000000005,-3.7306614e-05,-4.8468764e-06,1.2767382e-09,-1.677459e-07,-5.826953e-06,1.813841e-05
0.07,-3.7307513e-05,-4.8468883e-06,1.2761985e-09,-1.6779902e-07,-5.827996e-06,1.8138702e-05
0.08,-3.7307665e-05,-4.8468314e-06,1.2759971e-09,-1.6781534e-07,-5.828223e-06,1.8138735e-05
0.09,-3.7307655e-05,-4.8468287e-06,1.2760015e-09,-1.6781476e-07,-5.8282094e-06,1.813873e-05
0.01,-0.086005434,-0.2048099,-0.006009943,-0.44605622,-0.39557806,-0.49343228
0.02,-3.0203464e-05,-5.730961e-06,2.2262572e-09,-1.0263239e-07,9.655288e-09,1.793854e-05
0.03,-3.7346217e-05,-4.9853015e-06,1.4968918e-09,-1.5456996e-07,-5.6950266e-06,1.8213277e-05
0.04,-3.7354745e-05,-4.831645e-06,1.2145159e-09,-1.7281117e-07,-5.9017966e-06,1.814502e-05
0.05,-3.7311216e-05,-4.844271e-06,1.2692906e-09,-1.6832045e-07,-5.8341193e-06,1.8138773e-05
0.060000000000000005,-3.7306614e-05,-4.8468764e-06,1.2767382e-09,-1.677459e-07,-5.826953e-06,1.813841e-05
0.07,-3.7307513e-05,-4.8468883e-06,1.2761985e-09,-1.6779902e-07,-5.827996e-06,1.8138702e-05
0.08,-3.7307665e-05,-4.8468314e-06,1.2759971e-09,-1.6781534e-07,-5.828223e-06,1.8138735e-05
0.09,-3.7307655e-05,-4.8468287e-06,1.2760015e-09,-1.6781476e-07,-5.8282094e-06,1.813873e-05
0.01,-0.086005434,-0.2048099,-0.006009943,-0.44605622,-0.39557806,-0.49343228
0.02,-3.0203464e-05,-5.730961e-06,2.2262572e-09,-1.0263239e-07,9.655288e-09,1.793854e-05
0.03,-3.7346217e-05,-4.9853015e-06,1.4968918e-09,-1.5456996e-07,-5.6950266e-06,1.8213277e-05
0.04,-3.7354745e-05,-4.831645e-06,1.2145159e-09,-1.7281117e-07,-5.9017966e-06,1.814502e-05
0.05,-3.7311216e-05,-4.844271e-06,1.2692906e-09,-1.6832045e-07,-5.8341193e-06,1.8138773e-05
0.060000000000000005,-3.7306614e-05,-4.8468764e-06,1.2767382e-09,-1.677459e-07,-5.826953e-06,1.813841e-05
0.07,-3.7307513e-05,-4.8468883e-06,1.2761985e-09,-1.6779902e-07,-5.827996e-06,1.8138702e-05
0.08,-3.7307665e-05,-4.8468314e-06,1.2759971e-09,-1.6781534e-07,-5.828223e-06,1.8138735e-05
0.09,-3.7307655e-05,-4.8468287e-06,1.2760015e-09,-1.6781476e-07,-5.8282094e-06,1.813873e-05
0.09999999999999999,-2.2429278e-05,-6.795153e-06,1.4459034e-08,1.0262572e-06,1.4430831e-05,1.23954105e-05
0.10999999999999999,-4.466481e-06,-9.189132e-06,3.0398805e-08,2.4672836e-06,3.8866034e-05,5.53089e-06
0.01,-0.086005434,-0.2048099,-0.006009943,-0.44605622,-0.39557806,-0.49343228
0.02,-3.0203464e-05,-5.730961e-06,2.2262572e-09,-1.0263239e-07,9.655288e-09,1.793854e-05
0.03,-3.7346217e-05,-4.9853015e-06,1.4968918e-09,-1.5456996e-07,-5.6950266e-06,1.8213277e-05
0.04,-3.7354745e-05,-4.831645e-06,1.2145159e-09,-1.7281117e-07,-5.9017966e-06,1.814502e-05
0.05,-3.7311216e-05,-4.844271e-06,1.2692906e-09,-1.6832045e-07,-5.8341193e-06,1.8138773e-05
0.01,-0.086005434,-0.2048099,-0.006009943,-0.44605622,-0.39557806,-0.49343228
0.02,-3.0203464e-05,-5.730961e-06,2.2262572e-09,-1.0263239e-07,9.655288e-09,1.793854e-05
0.03,-3.7346217e-05,-4.9853015e-06,1.4968918e-09,-1.5456996e-07,-5.6950266e-06,1.8213277e-05
0.04,-3.7354745e-05,-4.831645e-06,1.2145159e-09,-1.7281117e-07,-5.9017966e-06,1.814502e-05
0.05,-3.7311216e-05,-4.844271e-06,1.2692906e-09,-1.6832045e-07,-5.8341193e-06,1.8138773e-05
0.060000000000000005,-3.7306614e-05,-4.8468764e-06,1.2767382e-09,-1.677459e-07,-5.826953e-06,1.813841e-05
0.07,-3.7307513e-05,-4.8468883e-06,1.2761985e-09,-1.6779902e-07,-5.827996e-06,1.8138702e-05
0.01,-0.086005434,-0.2048099,-0.006009943,-0.44605622,-0.39557806,-0.49343228
0.02,-3.0203464e-05,-5.730961e-06,2.2262572e-09,-1.0263239e-07,9.655288e-09,1.793854e-05
0.03,-3.7346217e-05,-4.9853015e-06,1.4968918e-09,-1.5456996e-07,-5.6950266e-06,1.8213277e-05
0.04,-3.7354745e-05,-4.831645e-06,1.2145159e-09,-1.7281117e-07,-5.9017966e-06,1.814502e-05
0.05,-3.7311216e-05,-4.844271e-06,1.2692906e-09,-1.6832045e-07,-5.8341193e-06,1.8138773e-05
0.060000000000000005,-3.7306614e-05,-4.8468764e-06,1.2767382e-09,-1.677459e-07,-5.826953e-06,1.813841e-05
0.07,-3.7307513e-05,-4.8468883e-06,1.2761985e-09,-1.6779902e-07,-5.827996e-06,1.8138702e-05
0.08,-3.7307665e-05,-4.8468314e-06,1.2759971e-09,-1.6781534e-07,-5.828223e-06,1.8138735e-05
0.09,-3.7307655e-05,-4.8468287e-06,1.2760015e-09,-1.6781476e-07,-5.8282094e-06,1.813873e-05
0.09999999999999999,-2.2429278e-05,-6.795153e-06,1.4459034e-08,1.0262572e-06,1.4430831e-05,1.23954105e-05
0.10999999999999999,-4.466481e-06,-9.189132e-06,3.0398805e-08,2.4672836e-06,3.8866034e-05,5.53089e-06
0.01,-0.086005434,-0.2048099,-0.006009943,-0.44605622,-0.39557806,-0.49343228
0.02,-3.0203464e-05,-5.730961e-06,2.2262572e-09,-1.0263239e-07,9.655288e-09,1.793854e-05
0.03,-3.7346217e-05,-4.9853015e-06,1.4968918e-09,-1.5456996e-07,-5.6950266e-06,1.8213277e-05
0.04,-3.7354745e-05,-4.831645e-06,1.2145159e-09,-1.7281117e-07,-5.9017966e-06,1.814502e-05
0.05,-3.7311216e-05,-4.844271e-06,1.2692906e-09,-1.6832045e-07,-5.8341193e-06,1.8138773e-05
0.060000000000000005,-3.7306614e-05,-4.8468764e-06,1.2767382e-09,-1.677459e-07,-5.826953e-06,1.813841e-05
0.07,-3.7307513e-05,-4.8468883e-06,1.2761985e-09,-1.6779902e-07,-5.827996e-06,1.8138702e-05
0.08,-3.7307665e-05,-4.8468314e-06,1.2759971e-09,-1.6781534e-07,-5.828223e-06,1.8138735e-05
0.09,-3.7307655e-05,-4.8468287e-06,1.2760015e-09,-1.6781476e-07,-5.8282094e-06,1.813873e-05
0.09999999999999999,-2.2429278e-05,-6.795153e-06,1.4459034e-08,1.0262572e-06,1.4430831e-05,1.23954105e-05
0.10999999999999999,-4.466481e-06,-9.189132e-06,3.0398805e-08,2.4672836e-06,3.8866034e-05,5.53089e-06
0.11999999999999998,1.3541735e-05,-1.1549145e-05,4.625667e-08,3.9029505e-06,6.335347e-05,-1.3725603e-06
0.12999999999999998,3.1575768e-05,-1.389479e-05,6.20791e-08,5.3362637e-06,8.7877685e-05,-8.292827e-06
0.13999999999999999,4.963817e-05,-1.6234528e-05,7.7886156e-08,6.76857e-06,0.00011244378,-1.522307e-05
0.15,6.772831e-05,-1.856679e-05,9.367467e-08,8.1996495e-06,0.00013705014,-2.2163551e-05
0.16,8.584955e-05,-2.0887284e-05,1.09439384e-07,9.629236e-06,0.0001616988,-2.9117242e-05
0.17,0.00010399829,-2.3199356e-05,1.2518363e-07,1.1057463e-05,0.0001863868,-3.6081434e-05
0.18000000000000002,0.00012217404,-2.5503394e-05,1.4090772e-07,1.2484338e-05,0.00021111361,-4.3055792e-05
0.19000000000000003,0.00014037677,-2.7798933e-05,1.5661077e-07,1.3909801e-05,0.00023587885,-5.004047e-05
0.20000000000000004,0.00015860582,-3.0086157e-05,1.7229259e-07,1.5333826e-05,0.00026068167,-5.7035133e-05
0.21000000000000005,0.00017685725,-3.2369302e-05,1.8795784e-07,1.6756621e-05,0.0002855192,-6.403661e-05
0.22000000000000006,0.00019513864,-3.4639117e-05,2.0359555e-07,1.8177649e-05,0.00031039605,-7.1051436e-05
0.23000000000000007,0.00021344499,-3.6900023e-05,2.1920981e-07,1.9597057e-05,0.00033530817,-7.8075864e-05
0.24000000000000007,0.00023177607,-3.91522e-05,2.3480082e-07,2.1014852e-05,0.0003602553,-8.5109765e-05
0.25000000000000006,0.00025013162,-4.1395448e-05,2.50368e-07,2.2430992e-05,0.0003852368,-9.215311e-05
0.26000000000000006,0.00026851127,-4.362965e-05,2.6591087e-07,2.3845429e-05,0.0004102521,-9.920579e-05
0.2700000000000001,0.0002869112,-4.5858833e-05,2.814337e-07,2.5258358e-05,0.00043529837,-0.000106264735
0.2800000000000001,0.00030533862,-4.8074384e-05,2.9692646e-07,2.6669291e-05,0.00046037982,-0.00011333613
0.2900000000000001,0.00032378905,-5.027993e-05,3.1239225e-07,2.8078322e-05,0.00048549296,-0.00012041672
0.3000000000000001,0.00034225805,-5.248065e-05,3.2783697e-07,2.9485735e-05,0.0005106348,-0.00012750279
0.3100000000000001,0.00036074966,-5.4671942e-05,3.4325552e-07,3.0891286e-05,0.0005358075,-0.00013459778
0.3200000000000001,0.0003792637,-5.685291e-05,3.5864605e-07,3.229485e-05,0.0005610105,-0.00014170185
0.3300000000000001,0.0003978032,-5.9019385e-05,3.7400324e-07,3.369616e-05,0.0005862451,-0.00014881782
0.34000000000000014,0.00041635928,-6.1180544e-05,3.893369e-07,3.509563e-05,0.0006115054,-0.00015593859
0.35000000000000014,0.00043493658,-6.333178e-05,4.046423e-07,3.6493067e-05,0.00063679414,-0.00016306785
0.36000000000000015,0.00045353442,-6.547273e-05,4.1991822e-07,3.788838e-05,0.0006621102,-0.00017020543
0.37000000000000016,0.00047215255,-6.7603134e-05,4.35164e-07,3.928151e-05,0.0006874531,-0.00017735129
0.38000000000000017,0.0004907902,-6.9723304e-05,4.5037956e-07,4.067244e-05,0.00071282196,-0.00018450504
0.3900000000000002,0.0005094475,-7.1832685e-05,4.6556397e-07,4.2061103e-05,0.00073821633,-0.00019166688
0.4000000000000002,0.0005281281,-7.392635e-05,4.807112e-07,4.3447206e-05,0.0007636382,-0.00019884025
0.4100000000000002,0.0005468267,-7.600936e-05,4.958261e-07,4.483092e-05,0.00078908366,-0.00020602088
0.4200000000000002,0.0005655436,-7.808146e-05,5.109086e-07,4.6212255e-05,0.0008145526,-0.00021320913
0.4300000000000002,0.0005842789,-8.014208e-05,5.259577e-07,4.7591155e-05,0.0008400447,-0.00022040524
0.4400000000000002,0.0006030267,-8.219735e-05,5.409799e-07,4.8967886e-05,0.000865556,-0.00022760448
0.45000000000000023,0.00062179286,-8.424113e-05,5.5596877e-07,5.034218e-05,0.0008910896,-0.00023481167
0.46000000000000024,0.00064057735,-8.627184e-05,5.7092126e-07,5.1713843e-05,0.00091664493,-0.00024202728
0.47000000000000025,0.0006593804,-8.828883e-05,5.858364e-07,5.3082797e-05,0.0009422219,-0.00024925164
0.48000000000000026,0.00067819585,-9.029802e-05,6.0072e-07,5.4449287e-05,0.0009678162,-0.00025647995
0.49000000000000027,0.00069703045,-9.229268e-05,6.1556534e-07,5.581303e-05,0.0009934315,-0.00026371764
0.5000000000000002,0.0007158823,-9.4273535e-05,6.3037197e-07,5.717395e-05,0.0010190664,-0.00027096353
0.5100000000000002,0.0007347442,-9.624769e-05,6.451473e-07,5.8532358e-05,0.0010447161,-0.00027821198
0.5200000000000002,0.0007536227,-9.820872e-05,6.598849e-07,5.9887996e-05,0.0010703838,-0.0002854683
0.5300000000000002,0.00077251706,-0.00010015624,6.745834e-07,6.124075e-05,0.001096069,-0.00029273218
0.5400000000000003,0.00079142407,-0.00010209314,6.892454e-07,6.259071e-05,0.0011217692,-0.00030000115
0.5500000000000003,0.00081034494,-0.000104017345,7.0386835e-07,6.393775e-05,0.0011474843,-0.00030727664
0.5600000000000003,0.00082928257,-0.00010592702,7.184508e-07,6.528183e-05,0.0011732166,-0.00031456043
0.5700000000000003,0.000848231,-0.00010782542,7.329943e-07,6.662291e-05,0.0011989612,-0.0003218488
0.5800000000000003,0.00086719485,-0.00010970951,7.4749676e-07,6.7960966e-05,0.0012247211,-0.0003291449
0.5900000000000003,0.0008861675,-0.00011158415,7.61962e-07,6.929609e-05,0.0012504914,-0.00033644412
0.6000000000000003,0.0009051528,-0.000113446215,7.7638737e-07,7.06282e-05,0.001276274,-0.00034374933
0.6100000000000003,0.0009241486,-0.000115296825,7.9077313e-07,7.195726e-05,0.0013020672,-0.00035105908
0.6200000000000003,0.00094315724,-0.000117134325,8.05118e-07,7.328325e-05,0.0013278727,-0.00035837505
0.6300000000000003,0.00096217636,-0.00011895772,8.194188e-07,7.4605894e-05,0.001353687,-0.00036569664
0.6400000000000003,0.0009812075,-0.00012076891,8.336794e-07,7.5925476e-05,0.001379513,-0.0003730237
0.6500000000000004,0.0010002487,-0.00012256607,8.478957e-07,7.7241704e-05,0.0014053469,-0.00038035618
0.6600000000000004,0.0010193001,-0.00012435096,8.6207046e-07,7.855473e-05,0.0014311898,-0.00038769344
0.6700000000000004,0.0010383612,-0.00012612264,8.7620197e-07,7.9864454e-05,0.0014570404,-0.00039503563
0.6800000000000004,0.0010574321,-0.00012788044,8.90289e-07,8.1170794e-05,0.0014828981,-0.0004023831
0.6900000000000004,0.0010765122,-0.00012962536,9.0433264e-07,8.2473794e-05,0.0015087627,-0.0004097351
0.7000000000000004,0.001095601,-0.00013135656,9.183314e-07,8.377336e-05,0.001534633,-0.0004170919
0.7100000000000004,0.0011146982,-0.00013307476,9.3228607e-07,8.506952e-05,0.0015605087,-0.00042445306
0.7200000000000004,0.0011338034,-0.00013477913,9.4619503e-07,8.6362175e-05,0.0015863887,-0.00043181865
0.7300000000000004,0.0011529074,-0.00013646903,9.600518e-07,8.765071e-05,0.001612261,-0.00043918518
0.7400000000000004,0.001171819,-0.00013817304,9.7389e-07,8.893601e-05,0.0016378781,-0.00044647272
0.7500000000000004,0.0011904936,-0.00013989511,9.877074e-07,9.0217494e-05,0.0016631826,-0.00045366297
0.7600000000000005,0.0012089339,-0.00014163568,1.0015059e-06,9.149532e-05,0.001688179,-0.00046075677
0.7700000000000005,0.0012271401,-0.00014339518,1.0152866e-06,9.276958e-05,0.0017128681,-0.0004677539
0.7800000000000005,0.0012451215,-0.00014517296,1.0290503e-06,9.404042e-05,0.0017372629,-0.00047465815
0.7900000000000005,0.0012628668,-0.00014697049,1.0427979e-06,9.53078e-05,0.0017613495,-0.00048146467
0.8000000000000005,0.0012803792,-0.00014878795,1.0565308e-06,9.657186e-05,0.0017851328,-0.00048817464
0.8100000000000005,0.0012976673,-0.00015062478,1.0702498e-06,9.783273e-05,0.0018086245,-0.0004947913
0.8200000000000005,0.0013147272,-0.0001524816,1.0839555e-06,9.909043e-05,0.0018318207,-0.0005013132
0.8300000000000005,0.0013315516,-0.00015435969,1.0976494e-06,0.000100345,0.0018547125,-0.00050773687
0.8400000000000005,0.0013481366,-0.00015626,1.1113332e-06,0.00010159654,0.0018772958,-0.0005140607
0.8500000000000005,0.0013644866,-0.00015818255,1.1250083e-06,0.00010284519,0.0018995772,-0.00052028627
0.8600000000000005,0.0013806032,-0.00016012753,1.1386754e-06,0.00010409102,0.0019215593,-0.00052641396
0.8700000000000006,0.0013964839,-0.00016209553,1.1523356e-06,0.0001053341,0.0019432402,-0.00053244276
0.8800000000000006,0.0014121289,-0.000164087,1.1659902e-06,0.00010657452,0.0019646208,-0.00053837255
0.8900000000000006,0.0014275402,-0.00016610211,1.1796401e-06,0.00010781237,0.0019857043,-0.0005442039
0.9000000000000006,0.0014427176,-0.00016814124,1.1932864e-06,0.00010904773,0.0020064916,-0.0005499366
0.9100000000000006,0.001457661,-0.00017020482,1.20693e-06,0.00011028068,0.0020269835,-0.00055557047
0.9200000000000006,0.001472373,-0.00017229293,1.2205722e-06,0.00011151131,0.002047184,-0.0005611064
0.9300000000000006,0.0014868429,-0.00017440719,1.2342143e-06,0.00011273966,0.0020670802,-0.0005665398
0.9400000000000006,0.0015010824,-0.00017654683,1.2478575e-06,0.00011396591,0.002086688,-0.00057187537
0.9500000000000006,0.001515078,-0.0001787137,1.2615031e-06,0.00011519002,0.0021059916,-0.00057710725
0.9600000000000006,0.0015288471,-0.00018090633,1.2751518e-06,0.00011641224,0.0021250134,-0.0005822425
0.9700000000000006,0.0015423824,-0.00018312571,1.2888044e-06,0.000117632524,0.0021437453,-0.00058727793
0.9800000000000006,0.001555681,-0.00018537267,1.3024622e-06,0.00011885098,0.0021621843,-0.00059221225
0.9900000000000007,0.00156874,-0.00018764805,1.3161269e-06,0.000120067685,0.0021803284,-0.000597044
1.0000000000000007,0.0015815615,-0.00018995212,1.3297999e-06,0.00012128276,0.0021981802,-0.00060177385
1.0100000000000007,0.0015941536,-0.00019228425,1.3434815e-06,0.00012249632,0.0022157517,-0.00060640497
1.0200000000000007,0.0016065093,-0.00019464553,1.3571726e-06,0.00012370838,0.0022330345,-0.0006109344
1.0300000000000007,0.0016186316,-0.00019703609,1.3708747e-06,0.00012491904,0.0022500337,-0.0006153631
1.0400000000000007,0.0016305093,-0.00019945776,1.3845894e-06,0.00012612836,0.0022667355,-0.00061968627
1.0500000000000007,0.0016421591,-0.00020190905,1.3983175e-06,0.00012733655,0.0022831627,-0.0006239107
1.0600000000000007,0.0016535678,-0.00020439169,1.41206e-06,0.00012854353,0.0022992992,-0.0006280306
1.0700000000000007,0.0016648058,-0.00020689963,1.4258153e-06,0.00012974978,0.002315237,-0.00063207437
1.0800000000000007,0.0016759214,-0.000209421,1.439571e-06,0.00013095493,0.0023310327,-0.0006360645
1.0900000000000007,0.0016867847,-0.0002119736,1.4533354e-06,0.00013215833,0.0023465268,-0.0006399457
1.1000000000000008,0.0016974129,-0.00021455841,1.4671175e-06,0.00013336084,0.0023617395,-0.0006437241
1.1100000000000008,0.0017078024,-0.00021717633,1.4809194e-06,0.00013456258,0.0023766693,-0.0006473982
1.1200000000000008,0.0017179536,-0.00021982777,1.4947423e-06,0.00013576366,0.0023913172,-0.00065096794
1.1300000000000008,0.0017278696,-0.00022251271,1.5085868e-06,0.00013696417,0.0024056886,-0.00065443455
1.1400000000000008,0.0017375504,-0.0002252315,1.5224539e-06,0.00013816415,0.0024197844,-0.00065779773
1.1500000000000008,0.0017469999,-0.00022798401,1.5363443e-06,0.00013936369,0.0024336106,-0.000661059
1.1600000000000008,0.0017562094,-0.00023077174,1.5502595e-06,0.00014056286,0.002447157,-0.0006642145
1.1700000000000008,0.0017651846,-0.00023359452,1.5642007e-06,0.00014176178,0.0024604315,-0.00066726643
1.1800000000000008,0.0017739253,-0.00023645264,1.5781687e-06,0.0001429605,0.0024734358,-0.0006702146
1.1900000000000008,0.001782438,-0.00023934568,1.5921638e-06,0.00014415912,0.0024861784,-0.00067306147
1.2000000000000008,0.0017907154,-0.00024227481,1.6061872e-06,0.00014535766,0.0024986516,-0.0006758038
1.2100000000000009,0.0017987571,-0.0002452407,1.6202407e-06,0.00014655624,0.0025108552,-0.0006784413
1.2200000000000009,0.0018065698,-0.00024824284,1.6343246e-06,0.00014775494,0.002522799,-0.00068097643
1.2300000000000009,0.0018141462,-0.00025128244,1.6484402e-06,0.00014895381,0.0025344754,-0.0006834062
1.2400000000000009,0.0018214941,-0.00025435904,1.6625881e-06,0.00015015296,0.0025458944,-0.00068573345
1.2500000000000009,0.0018286065,-0.00025747376,1.6767697e-06,0.00015135243,0.0025570488,-0.00068795524
1.260000000000001,0.0018450445,-0.0002590633,1.6890772e-06,0.00015249278,0.002579875,-0.0006941897
1.270000000000001,0.0018616605,-0.00026059352,1.7012129e-06,0.00015362039,0.0026027064,-0.00070048776
1.280000000000001,0.0018783142,-0.0002621013,1.7132837e-06,0.00015474329,0.0026255373,-0.00070680457
1.290000000000001,0.0018949611,-0.00026359715,1.725303e-06,0.00015586197,0.0026483545,-0.000713119
1.300000000000001,0.0019116082,-0.00026507862,1.7372695e-06,0.00015697647,0.0026711642,-0.0007194348
1.310000000000001,0.0019282526,-0.00026654662,1.7491827e-06,0.00015808672,0.0026939646,-0.00072575064
1.320000000000001,0.0019448943,-0.0002680016,1.7610437e-06,0.00015919276,0.0027167553,-0.0007320661
1.330000000000001,0.0019615295,-0.0002694457,1.7728535e-06,0.00016029457,0.002739533,-0.000738379
1.340000000000001,0.0019781683,-0.00027087092,1.7846056e-06,0.000161392,0.0027623032,-0.0007446968
1.350000000000001,0.0019948003,-0.00027228435,1.7963042e-06,0.00016248504,0.0027850603,-0.0007510119
1.360000000000001,0.002011428,-0.0002736851,1.8079503e-06,0.00016357383,0.002807805,-0.0007573261
1.370000000000001,0.0020280525,-0.00027507235,1.8195432e-06,0.00016465834,0.0028305382,-0.00076364016
1.380000000000001,0.002044672,-0.0002764461,1.8310816e-06,0.00016573846,0.0028532578,-0.00076995336
1.390000000000001,0.0020612932,-0.00027780057,1.8425602e-06,0.00016681402,0.0028759665,-0.0007762708
1.400000000000001,0.0020779069,-0.0002791426,1.853984e-06,0.00016788508,0.0028986605,-0.0007825855
1.410000000000001,0.0020945116,-0.0002804746,1.8653567e-06,0.00016895187,0.002921338,-0.00078889646
1.420000000000001,0.002111119,-0.00028178646,1.8766692e-06,0.0001700141,0.002944004,-0.00079521263
1.430000000000001,0.0021277135,-0.00028308976,1.8879299e-06,0.00017107191,0.0029666515,-0.00080152234
1.440000000000001,0.0021443095,-0.0002843738,1.8991313e-06,0.00017212519,0.002989286,-0.00080783654
1.450000000000001,0.0021608942,-0.0002856462,1.9102772e-06,0.00017317384,0.0030119012,-0.00081414636
1.460000000000001,0.0021774794,-0.00028690108,1.9213655e-06,0.00017421806,0.0030345037,-0.00082045945
1.470000000000001,0.002194051,-0.0002881466,1.9324007e-06,0.00017525775,0.0030570854,-0.0008267662
1.480000000000001,0.0022106173,-0.00028937776,1.9433805e-06,0.00017629302,0.003079649,-0.0008330728
1.490000000000001,0.002227177,-0.00029059444,1.9543036e-06,0.00017732369,0.0031021948,-0.0008393784
1.500000000000001,0.0022437288,-0.00029179727,1.9651702e-06,0.0001783498,0.003124721,-0.0008456823
1.5100000000000011,0.00226028,-0.00029297988,1.9759743e-06,0.00017937113,0.0031472312,-0.00085199
1.5200000000000011,0.0022768152,-0.00029415387,1.986725e-06,0.00018038785,0.003169718,-0.00085829024
1.5300000000000011,0.0022933448,-0.00029531276,1.9974193e-06,0.00018140009,0.003192185,-0.0008645906
1.5400000000000011,0.0023098667,-0.00029645674,2.0080554e-06,0.00018240763,0.0032146315,-0.0008708897
1.5500000000000012,0.002326386,-0.00029758076,2.0186285e-06,0.00018341033,0.003237059,-0.0008771918
1.5600000000000012,0.0023428886,-0.0002986958,2.0291473e-06,0.00018440836,0.0032594616,-0.0008834863
1.5700000000000012,0.0023593896,-0.0002997913,2.039605e-06,0.00018540169,0.0032818445,-0.0008897844
1.5800000000000012,0.0023758805,-0.0003008714,2.0500022e-06,0.00018639016,0.0033042047,-0.00089608046
1.5900000000000012,0.0023923554,-0.00030194246,2.060346e-06,0.00018737403,0.0033265383,-0.00090236944
1.6000000000000012,0.0024088223,-0.00030299873,2.070633e-06,0.00018835333,0.0033488485,-0.0009086577
1.6100000000000012,0.0024252848,-0.00030403523,2.0808563e-06,0.00018932771,0.0033711367,-0.00091494824
1.6200000000000012,0.0024417292,-0.00030506257,2.0910247e-06,0.00019029736,0.003393397,-0.0009212308
1.6300000000000012,0.0024594737,-0.00030604817,2.101858e-06,0.00019133625,0.0034170756,-0.0009280578
1.6400000000000012,0.002482542,-0.00030686648,2.1155686e-06,0.00019267353,0.003446836,-0.0009371558
1.6500000000000012,0.0025044228,-0.00030844385,2.1296555e-06,0.00019400638,0.003477857,-0.000945228
1.6600000000000013,0.002525254,-0.00031038077,2.1438505e-06,0.00019532854,0.00350861,-0.00095274166
1.6700000000000013,0.0025458364,-0.00031236326,2.157965e-06,0.00019664019,0.0035391822,-0.0009601424
1.6800000000000013,0.0025662049,-0.0003143485,2.171918e-06,0.00019793582,0.003569511,-0.0009674458
1.6900000000000013,0.00258617,-0.0003163028,2.185564e-06,0.00019920274,0.0035993042,-0.0009745985
1.7000000000000013,0.002605443,-0.00031808534,2.1986236e-06,0.00020042057,0.0036278851,-0.0009815987
1.7100000000000013,0.002625915,-0.00031976693,2.211933e-06,0.00020167102,0.0036575545,-0.0009890865
1.7200000000000013,0.002645664,-0.00032162966,2.2250072e-06,0.000202888,0.003686882,-0.0009961227
1.7300000000000013,0.0026617576,-0.00032436982,2.2393401e-06,0.00020416302,0.0037119503,-0.0010014218
1.7400000000000013,0.0026778977,-0.00032746614,2.2554293e-06,0.00020558466,0.0037370517,-0.0010067981
1.7500000000000013,0.0026942424,-0.00033029317,2.2710706e-06,0.00020698007,0.0037627248,-0.0010123975
1.7600000000000013,0.002709052,-0.00033161248,2.2821466e-06,0.00020801982,0.0037855813,-0.0010181426
1.7700000000000014,0.0027256832,-0.00033252183,2.2921672e-06,0.00020898522,0.0038087706,-0.0010245654
1.7800000000000014,0.0027430484,-0.00033337134,2.3020852e-06,0.00020994573,0.0038323507,-0.0010312211
1.7900000000000014,0.0027605286,-0.0003341969,2.3119292e-06,0.00021090091,0.0038560305,-0.0010379199
1.8000000000000014,0.0027783485,-0.00033494603,2.3216369e-06,0.00021184867,0.0038801078,-0.0010447698
1.8100000000000014,0.002796341,-0.00033564915,2.331241e-06,0.0002127898,0.0039043727,-0.0010516965
1.8200000000000014,0.0028145486,-0.00033629735,2.3407322e-06,0.00021372407,0.003928877,-0.0010587199
1.8300000000000014,0.002832982,-0.00033688813,2.350107e-06,0.0002146513,0.003953632,-0.001065845
1.8400000000000014,0.002851644,-0.00033742038,2.3593632e-06,0.00021557137,0.003978639,-0.0010730732
1.8500000000000014,0.002870535,-0.0003378933,2.3684997e-06,0.00021648422,0.004003896,-0.0010804052
1.8600000000000014,0.0028896525,-0.00033830653,2.3775158e-06,0.00021738975,0.004029398,-0.0010878402
1.8700000000000014,0.0029097563,-0.0003384552,2.3864902e-06,0.00021830868,0.004055726,-0.0010958327
1.8800000000000014,0.0029287194,-0.0003388517,2.3949947e-06,0.00021916683,0.004081282,-0.0011030942
1.8900000000000015,0.00294828,-0.00033918247,2.4037502e-06,0.00022005409,0.0041073123,-0.0011107156
1.9000000000000015,0.0029682012,-0.0003393686,2.4123044e-06,0.00022093127,0.004133638,-0.0011185259
1.9100000000000015,0.002988428,-0.00033948722,2.4208719e-06,0.00022181423,0.0041601947,-0.0011264988
1.9200000000000015,0.003008694,-0.0003395499,2.4293392e-06,0.00022269088,0.004186744,-0.0011345092
1.9300000000000015,0.0030288873,-0.00033959287,2.4377205e-06,0.00022356023,0.004213181,-0.0011424947
1.9400000000000015,0.0030489624,-0.0003396266,2.4460285e-06,0.00022442272,0.004239448,-0.001150434
1.9500000000000015,0.0030688718,-0.0003396582,2.4542696e-06,0.00022527839,0.00426549,-0.0011583065
1.9600000000000015,0.003088567,-0.00033969502,2.4624483e-06,0.00022612713,0.0042912527,-0.0011660903
1.9700000000000015,0.0031080006,-0.00033974418,2.4705687e-06,0.00022696871,0.004316684,-0.0011737639
1.9800000000000015,0.0031271277,-0.00033981254,2.4786325e-06,0.00022780286,0.004341735,-0.0011813066
1.9900000000000015,0.003145904,-0.0003399069,2.4866417e-06,0.00022862914,0.00436636,-0.0011886975
2.0000000000000013,0.003164296,-0.0003400327,2.4945953e-06,0.00022944712,0.004390527,-0.0011959205
2.010000000000001,0.0031822687,-0.0003401956,2.5024924e-06,0.00023025628,0.0044142017,-0.0012029584
0.01,-0.086005434,-0.2048099,-0.006009943,-0.44605622,-0.39557806,-0.49343228
0.02,-3.0203464e-05,-5.730961e-06,2.2262572e-09,-1.0263239e-07,9.655288e-09,1.793854e-05
0.03,-3.7346217e-05,-4.9853015e-06,1.4968918e-09,-1.5456996e-07,-5.6950266e-06,1.8213277e-05
0.04,-3.7354745e-05,-4.831645e-06,1.2145159e-09,-1.7281117e-07,-5.9017966e-06,1.814502e-05
0.05,-3.7311216e-05,-4.844271e-06,1.2692906e-09,-1.6832045e-07,-5.8341193e-06,1.8138773e-05
0.060000000000000005,-3.7306614e-05,-4.8468764e-06,1.2767382e-09,-1.677459e-07,-5.826953e-06,1.813841e-05
0.07,-3.7307513e-05,-4.8468883e-06,1.2761985e-09,-1.6779902e-07,-5.827996e-06,1.8138702e-05
0.08,-3.7307665e-05,-4.8468314e-06,1.2759971e-09,-1.6781534e-07,-5.828223e-06,1.8138735e-05
0.09,-3.7307655e-05,-4.8468287e-06,1.2760015e-09,-1.6781476e-07,-5.8282094e-06,1.813873e-05
0.09999999999999999,-2.2429278e-05,-6.795153e-06,1.4459034e-08,1.0262572e-06,1.4430831e-05,1.23954105e-05
0.10999999999999999,-4.466481e-06,-9.189132e-06,3.0398805e-08,2.4672836e-06,3.8866034e-05,5.53089e-06
0.11999999999999998,1.3541735e-05,-1.1549145e-05,4.625667e-08,3.9029505e-06,6.335347e-05,-1.3725603e-06
0.12999999999999998,3.1575768e-05,-1.389479e-05,6.20791e-08,5.3362637e-06,8.7877685e-05,-8.292827e-06
0.13999999999999999,4.963817e-05,-1.6234528e-05,7.7886156e-08,6.76857e-06,0.00011244378,-1.522307e-05
0.15,6.772831e-05,-1.856679e-05,9.367467e-08,8.1996495e-06,0.00013705014,-2.2163551e-05
0.16,8.584955e-05,-2.0887284e-05,1.09439384e-07,9.629236e-06,0.0001616988,-2.9117242e-05
0.17,0.00010399829,-2.3199356e-05,1.2518363e-07,1.1057463e-05,0.0001863868,-3.6081434e-05
0.18000000000000002,0.00012217404,-2.5503394e-05,1.4090772e-07,1.2484338e-05,0.00021111361,-4.3055792e-05
0.19000000000000003,0.00014037677,-2.7798933e-05,1.5661077e-07,1.3909801e-05,0.00023587885,-5.004047e-05
0.20000000000000004,0.00015860582,-3.0086157e-05,1.7229259e-07,1.5333826e-05,0.00026068167,-5.7035133e-05
0.21000000000000005,0.00017685725,-3.2369302e-05,1.8795784e-07,1.6756621e-05,0.0002855192,-6.403661e-05
0.22000000000000006,0.00019513864,-3.4639117e-05,2.0359555e-07,1.8177649e-05,0.00031039605,-7.1051436e-05
0.23000000000000007,0.00021344499,-3.6900023e-05,2.1920981e-07,1.9597057e-05,0.00033530817,-7.8075864e-05
0.24000000000000007,0.00023177607,-3.91522e-05,2.3480082e-07,2.1014852e-05,0.0003602553,-8.5109765e-05
0.25000000000000006,0.00025013162,-4.1395448e-05,2.50368e-07,2.2430992e-05,0.0003852368,-9.215311e-05
0.26000000000000006,0.00026851127,-4.362965e-05,2.6591087e-07,2.3845429e-05,0.0004102521,-9.920579e-05
0.2700000000000001,0.0002869112,-4.5858833e-05,2.814337e-07,2.5258358e-05,0.00043529837,-0.000106264735
0.2800000000000001,0.00030533862,-4.8074384e-05,2.9692646e-07,2.6669291e-05,0.00046037982,-0.00011333613
0.2900000000000001,0.00032378905,-5.027993e-05,3.1239225e-07,2.8078322e-05,0.00048549296,-0.00012041672
0.3000000000000001,0.00034225805,-5.248065e-05,3.2783697e-07,2.9485735e-05,0.0005106348,-0.00012750279
0.3100000000000001,0.00036074966,-5.4671942e-05,3.4325552e-07,3.0891286e-05,0.0005358075,-0.00013459778
0.3200000000000001,0.0003792637,-5.685291e-05,3.5864605e-07,3.229485e-05,0.0005610105,-0.00014170185
0.3300000000000001,0.0003978032,-5.9019385e-05,3.7400324e-07,3.369616e-05,0.0005862451,-0.00014881782
0.34000000000000014,0.00041635928,-6.1180544e-05,3.893369e-07,3.509563e-05,0.0006115054,-0.00015593859
0.35000000000000014,0.00043493658,-6.333178e-05,4.046423e-07,3.6493067e-05,0.00063679414,-0.00016306785
0.36000000000000015,0.00045353442,-6.547273e-05,4.1991822e-07,3.788838e-05,0.0006621102,-0.00017020543
0.37000000000000016,0.00047215255,-6.7603134e-05,4.35164e-07,3.928151e-05,0.0006874531,-0.00017735129
0.38000000000000017,0.0004907902,-6.9723304e-05,4.5037956e-07,4.067244e-05,0.00071282196,-0.00018450504
0.3900000000000002,0.0005094475,-7.1832685e-05,4.6556397e-07,4.2061103e-05,0.00073821633,-0.00019166688
0.4000000000000002,0.0005281281,-7.392635e-05,4.807112e-07,4.3447206e-05,0.0007636382,-0.00019884025
0.4100000000000002,0.0005468267,-7.600936e-05,4.958261e-07,4.483092e-05,0.00078908366,-0.00020602088
0.4200000000000002,0.0005655436,-7.808146e-05,5.109086e-07,4.6212255e-05,0.0008145526,-0.00021320913
0.4300000000000002,0.0005842789,-8.014208e-05,5.259577e-07,4.7591155e-05,0.0008400447,-0.00022040524
0.4400000000000002,0.0006030267,-8.219735e-05,5.409799e-07,4.8967886e-05,0.000865556,-0.00022760448
0.45000000000000023,0.00062179286,-8.424113e-05,5.5596877e-07,5.034218e-05,0.0008910896,-0.00023481167
0.46000000000000024,0.00064057735,-8.627184e-05,5.7092126e-07,5.1713843e-05,0.00091664493,-0.00024202728
0.47000000000000025,0.0006593804,-8.828883e-05,5.858364e-07,5.3082797e-05,0.0009422219,-0.00024925164
0.48000000000000026,0.00067819585,-9.029802e-05,6.0072e-07,5.4449287e-05,0.0009678162,-0.00025647995
0.49000000000000027,0.00069703045,-9.229268e-05,6.1556534e-07,5.581303e-05,0.0009934315,-0.00026371764
0.5000000000000002,0.0007158823,-9.4273535e-05,6.3037197e-07,5.717395e-05,0.0010190664,-0.00027096353
0.5100000000000002,0.0007347442,-9.624769e-05,6.451473e-07,5.8532358e-05,0.0010447161,-0.00027821198
0.5200000000000002,0.0007536227,-9.820872e-05,6.598849e-07,5.9887996e-05,0.0010703838,-0.0002854683
0.5300000000000002,0.00077251706,-0.00010015624,6.745834e-07,6.124075e-05,0.001096069,-0.00029273218
0.5400000000000003,0.00079142407,-0.00010209314,6.892454e-07,6.259071e-05,0.0011217692,-0.00030000115
0.5500000000000003,0.00081034494,-0.000104017345,7.0386835e-07,6.393775e-05,0.0011474843,-0.00030727664
0.5600000000000003,0.00082928257,-0.00010592702,7.184508e-07,6.528183e-05,0.0011732166,-0.00031456043
0.5700000000000003,0.000848231,-0.00010782542,7.329943e-07,6.662291e-05,0.0011989612,-0.0003218488
0.5800000000000003,0.00086719485,-0.00010970951,7.4749676e-07,6.7960966e-05,0.0012247211,-0.0003291449
0.5900000000000003,0.0008861675,-0.00011158415,7.61962e-07,6.929609e-05,0.0012504914,-0.00033644412
0.6000000000000003,0.0009051528,-0.000113446215,7.7638737e-07,7.06282e-05,0.001276274,-0.00034374933
0.6100000000000003,0.0009241486,-0.000115296825,7.9077313e-07,7.195726e-05,0.0013020672,-0.00035105908
0.6200000000000003,0.00094315724,-0.000117134325,8.05118e-07,7.328325e-05,0.0013278727,-0.00035837505
0.6300000000000003,0.00096217636,-0.00011895772,8.194188e-07,7.4605894e-05,0.001353687,-0.00036569664
0.6400000000000003,0.0009812075,-0.00012076891,8.336794e-07,7.5925476e-05,0.001379513,-0.0003730237
0.6500000000000004,0.0010002487,-0.00012256607,8.478957e-07,7.7241704e-05,0.0014053469,-0.00038035618
0.6600000000000004,0.0010193001,-0.00012435096,8.6207046e-07,7.855473e-05,0.0014311898,-0.00038769344
0.6700000000000004,0.0010383612,-0.00012612264,8.7620197e-07,7.9864454e-05,0.0014570404,-0.00039503563
0.6800000000000004,0.0010574321,-0.00012788044,8.90289e-07,8.1170794e-05,0.0014828981,-0.0004023831
0.6900000000000004,0.0010765122,-0.00012962536,9.0433264e-07,8.2473794e-05,0.0015087627,-0.0004097351
0.7000000000000004,0.001095601,-0.00013135656,9.183314e-07,8.377336e-05,0.001534633,-0.0004170919
0.7100000000000004,0.0011146982,-0.00013307476,9.3228607e-07,8.506952e-05,0.0015605087,-0.00042445306
0.7200000000000004,0.0011338034,-0.00013477913,9.4619503e-07,8.6362175e-05,0.0015863887,-0.00043181865
0.7300000000000004,0.0011529074,-0.00013646903,9.600518e-07,8.765071e-05,0.001612261,-0.00043918518
0.7400000000000004,0.001171819,-0.00013817304,9.7389e-07,8.893601e-05,0.0016378781,-0.00044647272
0.7500000000000004,0.0011904936,-0.00013989511,9.877074e-07,9.0217494e-05,0.0016631826,-0.00045366297
0.7600000000000005,0.0012089339,-0.00014163568,1.0015059e-06,9.149532e-05,0.001688179,-0.00046075677
0.7700000000000005,0.0012271401,-0.00014339518,1.0152866e-06,9.276958e-05,0.0017128681,-0.0004677539
0.7800000000000005,0.0012451215,-0.00014517296,1.0290503e-06,9.404042e-05,0.0017372629,-0.00047465815
0.7900000000000005,0.0012628668,-0.00014697049,1.0427979e-06,9.53078e-05,0.0017613495,-0.00048146467
0.8000000000000005,0.0012803792,-0.00014878795,1.0565308e-06,9.657186e-05,0.0017851328,-0.00048817464
0.8100000000000005,0.0012976673,-0.00015062478,1.0702498e-06,9.783273e-05,0.0018086245,-0.0004947913
0.8200000000000005,0.0013147272,-0.0001524816,1.0839555e-06,9.909043e-05,0.0018318207,-0.0005013132
0.8300000000000005,0.0013315516,-0.00015435969,1.0976494e-06,0.000100345,0.0018547125,-0.00050773687
0.8400000000000005,0.0013481366,-0.00015626,1.1113332e-06,0.00010159654,0.0018772958,-0.0005140607
0.8500000000000005,0.0013644866,-0.00015818255,1.1250083e-06,0.00010284519,0.0018995772,-0.00052028627
0.8600000000000005,0.0013806032,-0.00016012753,1.1386754e-06,0.00010409102,0.0019215593,-0.00052641396
0.8700000000000006,0.0013964839,-0.00016209553,1.1523356e-06,0.0001053341,0.0019432402,-0.00053244276
0.8800000000000006,0.0014121289,-0.000164087,1.1659902e-06,0.00010657452,0.0019646208,-0.00053837255
0.8900000000000006,0.0014275402,-0.00016610211,1.1796401e-06,0.00010781237,0.0019857043,-0.0005442039
0.9000000000000006,0.0014427176,-0.00016814124,1.1932864e-06,0.00010904773,0.0020064916,-0.0005499366
0.9100000000000006,0.001457661,-0.00017020482,1.20693e-06,0.00011028068,0.0020269835,-0.00055557047
0.01,-0.086005434,-0.2048099,-0.006009943,-0.44605622,-0.39557806,-0.49343228
0.02,-3.0203464e-05,-5.730961e-06,2.2262572e-09,-1.0263239e-07,9.655288e-09,1.793854e-05
0.03,-3.7346217e-05,-4.9853015e-06,1.4968918e-09,-1.5456996e-07,-5.6950266e-06,1.8213277e-05
0.04,-3.7354745e-05,-4.831645e-06,1.2145159e-09,-1.7281117e-07,-5.9017966e-06,1.814502e-05
0.05,-3.7311216e-05,-4.844271e-06,1.2692906e-09,-1.6832045e-07,-5.8341193e-06,1.8138773e-05
0.060000000000000005,-3.7306614e-05,-4.8468764e-06,1.2767382e-09,-1.677459e-07,-5.826953e-06,1.813841e-05
0.07,-3.7307513e-05,-4.8468883e-06,1.2761985e-09,-1.6779902e-07,-5.827996e-06,1.8138702e-05
0.08,-3.7307665e-05,-4.8468314e-06,1.2759971e-09,-1.6781534e-07,-5.828223e-06,1.8138735e-05
0.09,-3.7307655e-05,-4.8468287e-06,1.2760015e-09,-1.6781476e-07,-5.8282094e-06,1.813873e-05
0.09999999999999999,-2.2429278e-05,-6.795153e-06,1.4459034e-08,1.0262572e-06,1.4430831e-05,1.23954105e-05
0.10999999999999999,-4.466481e-06,-9.189132e-06,3.0398805e-08,2.4672836e-06,3.8866034e-05,5.53089e-06
0.11999999999999998,1.3541735e-05,-1.1549145e-05,4.625667e-08,3.9029505e-06,6.335347e-05,-1.3725603e-06
0.12999999999999998,3.1575768e-05,-1.389479e-05,6.20791e-08,5.3362637e-06,8.7877685e-05,-8.292827e-06
0.13999999999999999,4.963817e-05,-1.6234528e-05,7.7886156e-08,6.76857e-06,0.00011244378,-1.522307e-05
0.15,6.772831e-05,-1.856679e-05,9.367467e-08,8.1996495e-06,0.00013705014,-2.2163551e-05
0.16,8.584955e-05,-2.0887284e-05,1.09439384e-07,9.629236e-06,0.0001616988,-2.9117242e-05
0.17,0.00010399829,-2.3199356e-05,1.2518363e-07,1.1057463e-05,0.0001863868,-3.6081434e-05
0.18000000000000002,0.00012217404,-2.5503394e-05,1.4090772e-07,1.2484338e-05,0.00021111361,-4.3055792e-05
0.19000000000000003,0.00014037677,-2.7798933e-05,1.5661077e-07,1.3909801e-05,0.00023587885,-5.004047e-05
0.20000000000000004,0.00015860582,-3.0086157e-05,1.7229259e-07,1.5333826e-05,0.00026068167,-5.7035133e-05
0.21000000000000005,0.00017685725,-3.2369302e-05,1.8795784e-07,1.6756621e-05,0.0002855192,-6.403661e-05
0.22000000000000006,0.00019513864,-3.4639117e-05,2.0359555e-07,1.8177649e-05,0.00031039605,-7.1051436e-05
0.23000000000000007,0.00021344499,-3.6900023e-05,2.1920981e-07,1.9597057e-05,0.00033530817,-7.8075864e-05
0.24000000000000007,0.00023177607,-3.91522e-05,2.3480082e-07,2.1014852e-05,0.0003602553,-8.5109765e-05
0.25000000000000006,0.00025013162,-4.1395448e-05,2.50368e-07,2.2430992e-05,0.0003852368,-9.215311e-05
0.26000000000000006,0.00026851127,-4.362965e-05,2.6591087e-07,2.3845429e-05,0.0004102521,-9.920579e-05
0.2700000000000001,0.0002869112,-4.5858833e-05,2.814337e-07,2.5258358e-05,0.00043529837,-0.000106264735
0.2800000000000001,0.00030533862,-4.8074384e-05,2.9692646e-07,2.6669291e-05,0.00046037982,-0.00011333613
0.2900000000000001,0.00032378905,-5.027993e-05,3.1239225e-07,2.8078322e-05,0.00048549296,-0.00012041672
0.3000000000000001,0.00034225805,-5.248065e-05,3.2783697e-07,2.9485735e-05,0.0005106348,-0.00012750279
0.3100000000000001,0.00036074966,-5.4671942e-05,3.4325552e-07,3.0891286e-05,0.0005358075,-0.00013459778
0.3200000000000001,0.0003792637,-5.685291e-05,3.5864605e-07,3.229485e-05,0.0005610105,-0.00014170185
0.3300000000000001,0.0003978032,-5.9019385e-05,3.7400324e-07,3.369616e-05,0.0005862451,-0.00014881782
0.34000000000000014,0.00041635928,-6.1180544e-05,3.893369e-07,3.509563e-05,0.0006115054,-0.00015593859
0.35000000000000014,0.00043493658,-6.333178e-05,4.046423e-07,3.6493067e-05,0.00063679414,-0.00016306785
0.36000000000000015,0.00045353442,-6.547273e-05,4.1991822e-07,3.788838e-05,0.0006621102,-0.00017020543
0.37000000000000016,0.00047215255,-6.7603134e-05,4.35164e-07,3.928151e-05,0.0006874531,-0.00017735129
0.38000000000000017,0.0004907902,-6.9723304e-05,4.5037956e-07,4.067244e-05,0.00071282196,-0.00018450504
0.3900000000000002,0.0005094475,-7.1832685e-05,4.6556397e-07,4.2061103e-05,0.00073821633,-0.00019166688
0.4000000000000002,0.0005281281,-7.392635e-05,4.807112e-07,4.3447206e-05,0.0007636382,-0.00019884025
0.4100000000000002,0.0005468267,-7.600936e-05,4.958261e-07,4.483092e-05,0.00078908366,-0.00020602088
0.4200000000000002,0.0005655436,-7.808146e-05,5.109086e-07,4.6212255e-05,0.0008145526,-0.00021320913
0.4300000000000002,0.0005842789,-8.014208e-05,5.259577e-07,4.7591155e-05,0.0008400447,-0.00022040524
0.4400000000000002,0.0006030267,-8.219735e-05,5.409799e-07,4.8967886e-05,0.000865556,-0.00022760448
0.45000000000000023,0.00062179286,-8.424113e-05,5.5596877e-07,5.034218e-05,0.0008910896,-0.00023481167
0.46000000000000024,0.00064057735,-8.627184e-05,5.7092126e-07,5.1713843e-05,0.00091664493,-0.00024202728
0.47000000000000025,0.0006593804,-8.828883e-05,5.858364e-07,5.3082797e-05,0.0009422219,-0.00024925164
0.48000000000000026,0.00067819585,-9.029802e-05,6.0072e-07,5.4449287e-05,0.0009678162,-0.00025647995
0.49000000000000027,0.00069703045,-9.229268e-05,6.1556534e-07,5.581303e-05,0.0009934315,-0.00026371764
0.5000000000000002,0.0007158823,-9.4273535e-05,6.3037197e-07,5.717395e-05,0.0010190664,-0.00027096353
0.5100000000000002,0.0007347442,-9.624769e-05,6.451473e-07,5.8532358e-05,0.0010447161,-0.00027821198
0.5200000000000002,0.0007536227,-9.820872e-05,6.598849e-07,5.9887996e-05,0.0010703838,-0.0002854683
0.5300000000000002,0.00077251706,-0.00010015624,6.745834e-07,6.124075e-05,0.001096069,-0.00029273218
0.5400000000000003,0.00079142407,-0.00010209314,6.892454e-07,6.259071e-05,0.0011217692,-0.00030000115
0.5500000000000003,0.00081034494,-0.000104017345,7.0386835e-07,6.393775e-05,0.0011474843,-0.00030727664
0.5600000000000003,0.00082928257,-0.00010592702,7.184508e-07,6.528183e-05,0.0011732166,-0.00031456043
0.5700000000000003,0.000848231,-0.00010782542,7.329943e-07,6.662291e-05,0.0011989612,-0.0003218488
0.5800000000000003,0.00086719485,-0.00010970951,7.4749676e-07,6.7960966e-05,0.0012247211,-0.0003291449
0.5900000000000003,0.0008861675,-0.00011158415,7.61962e-07,6.929609e-05,0.0012504914,-0.00033644412
0.6000000000000003,0.0009051528,-0.000113446215,7.7638737e-07,7.06282e-05,0.001276274,-0.00034374933
0.6100000000000003,0.0009241486,-0.000115296825,7.9077313e-07,7.195726e-05,0.0013020672,-0.00035105908
0.6200000000000003,0.00094315724,-0.000117134325,8.05118e-07,7.328325e-05,0.0013278727,-0.00035837505
0.6300000000000003,0.00096217636,-0.00011895772,8.194188e-07,7.4605894e-05,0.001353687,-0.00036569664
0.6400000000000003,0.0009812075,-0.00012076891,8.336794e-07,7.5925476e-05,0.001379513,-0.0003730237
0.6500000000000004,0.0010002487,-0.00012256607,8.478957e-07,7.7241704e-05,0.0014053469,-0.00038035618
0.6600000000000004,0.0010193001,-0.00012435096,8.6207046e-07,7.855473e-05,0.0014311898,-0.00038769344
0.6700000000000004,0.0010383612,-0.00012612264,8.7620197e-07,7.9864454e-05,0.0014570404,-0.00039503563
0.6800000000000004,0.0010574321,-0.00012788044,8.90289e-07,8.1170794e-05,0.0014828981,-0.0004023831
0.6900000000000004,0.0010765122,-0.00012962536,9.0433264e-07,8.2473794e-05,0.0015087627,-0.0004097351
0.7000000000000004,0.001095601,-0.00013135656,9.183314e-07,8.377336e-05,0.001534633,-0.0004170919
0.7100000000000004,0.0011146982,-0.00013307476,9.3228607e-07,8.506952e-05,0.0015605087,-0.00042445306
0.7200000000000004,0.0011338034,-0.00013477913,9.4619503e-07,8.6362175e-05,0.0015863887,-0.00043181865
0.7300000000000004,0.0011529074,-0.00013646903,9.600518e-07,8.765071e-05,0.001612261,-0.00043918518
0.7400000000000004,0.001171819,-0.00013817304,9.7389e-07,8.893601e-05,0.0016378781,-0.00044647272
0.7500000000000004,0.0011904936,-0.00013989511,9.877074e-07,9.0217494e-05,0.0016631826,-0.00045366297
0.7600000000000005,0.0012089339,-0.00014163568,1.0015059e-06,9.149532e-05,0.001688179,-0.00046075677
0.7700000000000005,0.0012271401,-0.00014339518,1.0152866e-06,9.276958e-05,0.0017128681,-0.0004677539
0.7800000000000005,0.0012451215,-0.00014517296,1.0290503e-06,9.404042e-05,0.0017372629,-0.00047465815
0.7900000000000005,0.0012628668,-0.00014697049,1.0427979e-06,9.53078e-05,0.0017613495,-0.00048146467
0.8000000000000005,0.0012803792,-0.00014878795,1.0565308e-06,9.657186e-05,0.0017851328,-0.00048817464
0.8100000000000005,0.0012976673,-0.00015062478,1.0702498e-06,9.783273e-05,0.0018086245,-0.0004947913
0.8200000000000005,0.0013147272,-0.0001524816,1.0839555e-06,9.909043e-05,0.0018318207,-0.0005013132
0.8300000000000005,0.0013315516,-0.00015435969,1.0976494e-06,0.000100345,0.0018547125,-0.00050773687
0.8400000000000005,0.0013481366,-0.00015626,1.1113332e-06,0.00010159654,0.0018772958,-0.0005140607
0.8500000000000005,0.0013644866,-0.00015818255,1.1250083e-06,0.00010284519,0.0018995772,-0.00052028627
0.8600000000000005,0.0013806032,-0.00016012753,1.1386754e-06,0.00010409102,0.0019215593,-0.00052641396
0.8700000000000006,0.0013964839,-0.00016209553,1.1523356e-06,0.0001053341,0.0019432402,-0.00053244276
0.8800000000000006,0.0014121289,-0.000164087,1.1659902e-06,0.00010657452,0.0019646208,-0.00053837255
0.8900000000000006,0.0014275402,-0.00016610211,1.1796401e-06,0.00010781237,0.0019857043,-0.0005442039
0.9000000000000006,0.0014427176,-0.00016814124,1.1932864e-06,0.00010904773,0.0020064916,-0.0005499366
0.9100000000000006,0.001457661,-0.00017020482,1.20693e-06,0.00011028068,0.0020269835,-0.00055557047
0.9200000000000006,0.001472373,-0.00017229293,1.2205722e-06,0.00011151131,0.002047184,-0.0005611064
0.9300000000000006,0.0014868429,-0.00017440719,1.2342143e-06,0.00011273966,0.0020670802,-0.0005665398
0.9400000000000006,0.0015010824,-0.00017654683,1.2478575e-06,0.00011396591,0.002086688,-0.00057187537
0.9500000000000006,0.001515078,-0.0001787137,1.2615031e-06,0.00011519002,0.0021059916,-0.00057710725
0.9600000000000006,0.0015288471,-0.00018090633,1.2751518e-06,0.00011641224,0.0021250134,-0.0005822425
0.9700000000000006,0.0015423824,-0.00018312571,1.2888044e-06,0.000117632524,0.0021437453,-0.00058727793
0.9800000000000006,0.001555681,-0.00018537267,1.3024622e-06,0.00011885098,0.0021621843,-0.00059221225
0.9900000000000007,0.00156874,-0.00018764805,1.3161269e-06,0.000120067685,0.0021803284,-0.000597044
1.0000000000000007,0.0015815615,-0.00018995212,1.3297999e-06,0.00012128276,0.0021981802,-0.00060177385
1.0100000000000007,0.0015941536,-0.00019228425,1.3434815e-06,0.00012249632,0.0022157517,-0.00060640497
1.0200000000000007,0.0016065093,-0.00019464553,1.3571726e-06,0.00012370838,0.0022330345,-0.0006109344
1.0300000000000007,0.0016186316,-0.00019703609,1.3708747e-06,0.00012491904,0.0022500337,-0.0006153631
1.0400000000000007,0.0016305093,-0.00019945776,1.3845894e-06,0.00012612836,0.0022667355,-0.00061968627
1.0500000000000007,0.0016421591,-0.00020190905,1.3983175e-06,0.00012733655,0.0022831627,-0.0006239107
1.0600000000000007,0.0016535678,-0.00020439169,1.41206e-06,0.00012854353,0.0022992992,-0.0006280306
1.0700000000000007,0.0016648058,-0.00020689963,1.4258153e-06,0.00012974978,0.002315237,-0.00063207437
1.0800000000000007,0.0016759214,-0.000209421,1.439571e-06,0.00013095493,0.0023310327,-0.0006360645
1.0900000000000007,0.0016867847,-0.0002119736,1.4533354e-06,0.00013215833,0.0023465268,-0.0006399457
1.1000000000000008,0.0016974129,-0.00021455841,1.4671175e-06,0.00013336084,0.0023617395,-0.0006437241
1.1100000000000008,0.0017078024,-0.00021717633,1.4809194e-06,0.00013456258,0.0023766693,-0.0006473982
1.1200000000000008,0.0017179536,-0.00021982777,1.4947423e-06,0.00013576366,0.0023913172,-0.00065096794
1.1300000000000008,0.0017278696,-0.00022251271,1.5085868e-06,0.00013696417,0.0024056886,-0.00065443455
1.1400000000000008,0.0017375504,-0.0002252315,1.5224539e-06,0.00013816415,0.0024197844,-0.00065779773
1.1500000000000008,0.0017469999,-0.00022798401,1.5363443e-06,0.00013936369,0.0024336106,-0.000661059
1.1600000000000008,0.0017562094,-0.00023077174,1.5502595e-06,0.00014056286,0.002447157,-0.0006642145
1.1700000000000008,0.0017651846,-0.00023359452,1.5642007e-06,0.00014176178,0.0024604315,-0.00066726643
1.1800000000000008,0.0017739253,-0.00023645264,1.5781687e-06,0.0001429605,0.0024734358,-0.0006702146
1.1900000000000008,0.001782438,-0.00023934568,1.5921638e-06,0.00014415912,0.0024861784,-0.00067306147
1.2000000000000008,0.0017907154,-0.00024227481,1.6061872e-06,0.00014535766,0.0024986516,-0.0006758038
1.2100000000000009,0.0017987571,-0.0002452407,1.6202407e-06,0.00014655624,0.0025108552,-0.0006784413
1.2200000000000009,0.0018065698,-0.00024824284,1.6343246e-06,0.00014775494,0.002522799,-0.00068097643
1.2300000000000009,0.0018141462,-0.00025128244,1.6484402e-06,0.00014895381,0.0025344754,-0.0006834062
1.2400000000000009,0.0018214941,-0.00025435904,1.6625881e-06,0.00015015296,0.0025458944,-0.00068573345
1.2500000000000009,0.0018286065,-0.00025747376,1.6767697e-06,0.00015135243,0.0025570488,-0.00068795524
1.260000000000001,0.0018450445,-0.0002590633,1.6890772e-06,0.00015249278,0.002579875,-0.0006941897
1.270000000000001,0.0018616605,-0.00026059352,1.7012129e-06,0.00015362039,0.0026027064,-0.00070048776
1.280000000000001,0.0018783142,-0.0002621013,1.7132837e-06,0.00015474329,0.0026255373,-0.00070680457
1.290000000000001,0.0018949611,-0.00026359715,1.725303e-06,0.00015586197,0.0026483545,-0.000713119
1.300000000000001,0.0019116082,-0.00026507862,1.7372695e-06,0.00015697647,0.0026711642,-0.0007194348
1.310000000000001,0.0019282526,-0.00026654662,1.7491827e-06,0.00015808672,0.0026939646,-0.00072575064
1.320000000000001,0.0019448943,-0.0002680016,1.7610437e-06,0.00015919276,0.0027167553,-0.0007320661
1.330000000000001,0.0019615295,-0.0002694457,1.7728535e-06,0.00016029457,0.002739533,-0.000738379
1.340000000000001,0.0019781683,-0.00027087092,1.7846056e-06,0.000161392,0.0027623032,-0.0007446968
1.350000000000001,0.0019948003,-0.00027228435,1.7963042e-06,0.00016248504,0.0027850603,-0.0007510119
1.360000000000001,0.002011428,-0.0002736851,1.8079503e-06,0.00016357383,0.002807805,-0.0007573261
1.370000000000001,0.0020280525,-0.00027507235,1.8195432e-06,0.00016465834,0.0028305382,-0.00076364016
1.380000000000001,0.002044672,-0.0002764461,1.8310816e-06,0.00016573846,0.0028532578,-0.00076995336
1.390000000000001,0.0020612932,-0.00027780057,1.8425602e-06,0.00016681402,0.0028759665,-0.0007762708
1.400000000000001,0.0020779069,-0.0002791426,1.853984e-06,0.00016788508,0.0028986605,-0.0007825855
1.410000000000001,0.0020945116,-0.0002804746,1.8653567e-06,0.00016895187,0.002921338,-0.00078889646
1.420000000000001,0.002111119,-0.00028178646,1.8766692e-06,0.0001700141,0.002944004,-0.00079521263
1.430000000000001,0.0021277135,-0.00028308976,1.8879299e-06,0.00017107191,0.0029666515,-0.00080152234
1.440000000000001,0.0021443095,-0.0002843738,1.8991313e-06,0.00017212519,0.002989286,-0.00080783654
1.450000000000001,0.0021608942,-0.0002856462,1.9102772e-06,0.00017317384,0.0030119012,-0.00081414636
1.460000000000001,0.0021774794,-0.00028690108,1.9213655e-06,0.00017421806,0.0030345037,-0.00082045945
1.470000000000001,0.002194051,-0.0002881466,1.9324007e-06,0.00017525775,0.0030570854,-0.0008267662
1.480000000000001,0.0022106173,-0.00028937776,1.9433805e-06,0.00017629302,0.003079649,-0.0008330728
1.490000000000001,0.002227177,-0.00029059444,1.9543036e-06,0.00017732369,0.0031021948,-0.0008393784
1.500000000000001,0.0022437288,-0.00029179727,1.9651702e-06,0.0001783498,0.003124721,-0.0008456823
1.5100000000000011,0.00226028,-0.00029297988,1.9759743e-06,0.00017937113,0.0031472312,-0.00085199
1.5200000000000011,0.0022768152,-0.00029415387,1.986725e-06,0.00018038785,0.003169718,-0.00085829024
1.5300000000000011,0.0022933448,-0.00029531276,1.9974193e-06,0.00018140009,0.003192185,-0.0008645906
1.5400000000000011,0.0023098667,-0.00029645674,2.0080554e-06,0.00018240763,0.0032146315,-0.0008708897
1.5500000000000012,0.002326386,-0.00029758076,2.0186285e-06,0.00018341033,0.003237059,-0.0008771918
1.5600000000000012,0.0023428886,-0.0002986958,2.0291473e-06,0.00018440836,0.0032594616,-0.0008834863
1.5700000000000012,0.0023593896,-0.0002997913,2.039605e-06,0.00018540169,0.0032818445,-0.0008897844
1.5800000000000012,0.0023758805,-0.0003008714,2.0500022e-06,0.00018639016,0.0033042047,-0.00089608046
1.5900000000000012,0.0023923554,-0.00030194246,2.060346e-06,0.00018737403,0.0033265383,-0.00090236944
1.6000000000000012,0.0024088223,-0.00030299873,2.070633e-06,0.00018835333,0.0033488485,-0.0009086577
1.6100000000000012,0.0024252848,-0.00030403523,2.0808563e-06,0.00018932771,0.0033711367,-0.00091494824
1.6200000000000012,0.0024417292,-0.00030506257,2.0910247e-06,0.00019029736,0.003393397,-0.0009212308
1.6300000000000012,0.0024594737,-0.00030604817,2.101858e-06,0.00019133625,0.0034170756,-0.0009280578
1.6400000000000012,0.002482542,-0.00030686648,2.1155686e-06,0.00019267353,0.003446836,-0.0009371558
1.6500000000000012,0.0025044228,-0.00030844385,2.1296555e-06,0.00019400638,0.003477857,-0.000945228
1.6600000000000013,0.002525254,-0.00031038077,2.1438505e-06,0.00019532854,0.00350861,-0.00095274166
1.6700000000000013,0.0025458364,-0.00031236326,2.157965e-06,0.00019664019,0.0035391822,-0.0009601424
1.6800000000000013,0.0025662049,-0.0003143485,2.171918e-06,0.00019793582,0.003569511,-0.0009674458
1.6900000000000013,0.00258617,-0.0003163028,2.185564e-06,0.00019920274,0.0035993042,-0.0009745985
1.7000000000000013,0.002605443,-0.00031808534,2.1986236e-06,0.00020042057,0.0036278851,-0.0009815987
1.7100000000000013,0.002625915,-0.00031976693,2.211933e-06,0.00020167102,0.0036575545,-0.0009890865
1.7200000000000013,0.002645664,-0.00032162966,2.2250072e-06,0.000202888,0.003686882,-0.0009961227
1.7300000000000013,0.0026617576,-0.00032436982,2.2393401e-06,0.00020416302,0.0037119503,-0.0010014218
1.7400000000000013,0.0026778977,-0.00032746614,2.2554293e-06,0.00020558466,0.0037370517,-0.0010067981
1.7500000000000013,0.0026942424,-0.00033029317,2.2710706e-06,0.00020698007,0.0037627248,-0.0010123975
1.7600000000000013,0.002709052,-0.00033161248,2.2821466e-06,0.00020801982,0.0037855813,-0.0010181426
1.7700000000000014,0.0027256832,-0.00033252183,2.2921672e-06,0.00020898522,0.0038087706,-0.0010245654
1.7800000000000014,0.0027430484,-0.00033337134,2.3020852e-06,0.00020994573,0.0038323507,-0.0010312211
1.7900000000000014,0.0027605286,-0.0003341969,2.3119292e-06,0.00021090091,0.0038560305,-0.0010379199
1.8000000000000014,0.0027783485,-0.00033494603,2.3216369e-06,0.00021184867,0.0038801078,-0.0010447698
1.8100000000000014,0.002796341,-0.00033564915,2.331241e-06,0.0002127898,0.0039043727,-0.0010516965
1.8200000000000014,0.0028145486,-0.00033629735,2.3407322e-06,0.00021372407,0.003928877,-0.0010587199
1.8300000000000014,0.002832982,-0.00033688813,2.350107e-06,0.0002146513,0.003953632,-0.001065845
1.8400000000000014,0.002851644,-0.00033742038,2.3593632e-06,0.00021557137,0.003978639,-0.0010730732
1.8500000000000014,0.002870535,-0.0003378933,2.3684997e-06,0.00021648422,0.004003896,-0.0010804052
1.8600000000000014,0.0028896525,-0.00033830653,2.3775158e-06,0.00021738975,0.004029398,-0.0010878402
1.8700000000000014,0.0029097563,-0.0003384552,2.3864902e-06,0.00021830868,0.004055726,-0.0010958327
1.8800000000000014,0.0029287194,-0.0003388517,2.3949947e-06,0.00021916683,0.004081282,-0.0011030942
1.8900000000000015,0.00294828,-0.00033918247,2.4037502e-06,0.00022005409,0.0041073123,-0.0011107156
1.9000000000000015,0.0029682012,-0.0003393686,2.4123044e-06,0.00022093127,0.004133638,-0.0011185259
1.9100000000000015,0.002988428,-0.00033948722,2.4208719e-06,0.00022181423,0.0041601947,-0.0011264988
1.9200000000000015,0.003008694,-0.0003395499,2.4293392e-06,0.00022269088,0.004186744,-0.0011345092
1.9300000000000015,0.0030288873,-0.00033959287,2.4377205e-06,0.00022356023,0.004213181,-0.0011424947
1.9400000000000015,0.0030489624,-0.0003396266,2.4460285e-06,0.00022442272,0.004239448,-0.001150434
1.9500000000000015,0.0030688718,-0.0003396582,2.4542696e-06,0.00022527839,0.00426549,-0.0011583065
1.9600000000000015,0.003088567,-0.00033969502,2.4624483e-06,0.00022612713,0.0042912527,-0.0011660903
1.9700000000000015,0.0031080006,-0.00033974418,2.4705687e-06,0.00022696871,0.004316684,-0.0011737639
1.9800000000000015,0.0031271277,-0.00033981254,2.4786325e-06,0.00022780286,0.004341735,-0.0011813066
1.9900000000000015,0.003145904,-0.0003399069,2.4866417e-06,0.00022862914,0.00436636,-0.0011886975
2.0000000000000013,0.003164296,-0.0003400327,2.4945953e-06,0.00022944712,0.004390527,-0.0011959205
2.010000000000001,0.0031822687,-0.0003401956,2.5024924e-06,0.00023025628,0.0044142017,-0.0012029584
2.020000000000001,0.0031997988,-0.0003403999,2.510331e-06,0.00023105612,0.004437365,-0.0012097989
2.0300000000000007,0.003216856,-0.00034065105,2.5181098e-06,0.00023184616,0.0044599883,-0.0012164267
2.0400000000000005,0.0032331597,-0.00034108013,2.525898e-06,0.00023262505,0.004481884,-0.0012226689
2.0500000000000003,0.0032456045,-0.0003422289,2.5319532e-06,0.00023319159,0.0045013735,-0.0012265289
2.06,0.0032612013,-0.00034329083,2.5389334e-06,0.00023386134,0.004524298,-0.0012318671
2.07,0.0032773651,-0.00034411135,2.546108e-06,0.0002345631,0.0045471485,-0.0012376314
2.0799999999999996,0.003293169,-0.00034491872,2.5534691e-06,0.00023528145,0.004569307,-0.0012433348
2.0899999999999994,0.0033084974,-0.00034577498,2.5610293e-06,0.00023601388,0.0045907013,-0.0012488896
2.099999999999999,0.0033232807,-0.0003467121,2.568798e-06,0.00023675938,0.0046112984,-0.0012542492
2.109999999999999,0.0033375595,-0.0003477314,2.5767663e-06,0.00023751723,0.004631172,-0.0012594257
2.1199999999999988,0.003350181,-0.00034907906,2.5852587e-06,0.00023830053,0.004648935,-0.0012639008
2.1299999999999986,0.0033630172,-0.00035044304,2.5955774e-06,0.0002392532,0.004665577,-0.0012688608
2.1399999999999983,0.0033800132,-0.00035068777,2.6027744e-06,0.00023998997,0.004688641,-0.0012754048
2.149999999999998,0.0033963013,-0.00035107852,2.6139392e-06,0.00024108375,0.0047072438,-0.0012826519
2.159999999999998,0.0034143294,-0.00035036914,2.621924e-06,0.0002419448,0.0047287685,-0.0012904836
2.1699999999999977,0.0034317812,-0.0003500882,2.6294686e-06,0.00024274131,0.00475067,-0.0012976851
2.1799999999999975,0.0034489357,-0.00034996987,2.6366458e-06,0.00024349413,0.004772633,-0.0013045776
2.1899999999999973,0.0034658338,-0.00034997083,2.6436867e-06,0.00024422724,0.0047945343,-0.0013112669
2.199999999999997,0.0034825916,-0.0003500181,2.6506284e-06,0.00024494823,0.0048163687,-0.0013178571
2.209999999999997,0.0034992613,-0.00035008244,2.657489e-06,0.00024566046,0.0048381407,-0.0013243915
2.2199999999999966,0.0035158726,-0.00035014897,2.6642797e-06,0.0002463658,0.004859851,-0.0013308941
2.2299999999999964,0.003532434,-0.0003502124,2.6709974e-06,0.00024706428,0.0048815045,-0.0013373707
2.239999999999996,0.0035489528,-0.0003502711,2.677651e-06,0.00024775686,0.0049030986,-0.0013438271
2.249999999999996,0.0035654434,-0.00035031865,2.6842517e-06,0.0002484449,0.004924631,-0.0013502771
2.259999999999996,0.0035819006,-0.00035035424,2.690783e-06,0.00024912693,0.0049461066,-0.0013567138
2.2699999999999956,0.0035983026,-0.00035038922,2.697232e-06,0.00024980112,0.00496753,-0.001363117
2.2799999999999954,0.003614656,-0.00035042662,2.703624e-06,0.00025046963,0.0049888957,-0.0013694948
2.289999999999995,0.003630959,-0.00035046547,2.7099418e-06,0.00025113093,0.005010212,-0.001375842
2.299999999999995,0.0036471854,-0.00035052127,2.7161636e-06,0.00025178216,0.0050314935,-0.0013821308
2.3099999999999947,0.0036632842,-0.00035062627,2.722236e-06,0.0002524165,0.005052783,-0.001388303
2.3199999999999945,0.0036792934,-0.0003507898,2.7282629e-06,0.00025304325,0.0050740642,-0.0013943986
2.3299999999999943,0.0036949718,-0.00035114007,2.7334402e-06,0.00025358048,0.0050959326,-0.0014000015
2.339999999999994,0.0037105836,-0.00035149785,2.7375702e-06,0.00025402007,0.0051185624,-0.0014053924
2.349999999999994,0.0037181133,-0.00035350624,2.7477788e-06,0.00025490698,0.005127916,-0.0014080885
2.3599999999999937,0.003727888,-0.0003544601,2.7574697e-06,0.00025580975,0.005139723,-0.0014122288
2.3699999999999934,0.0037396713,-0.0003546541,2.764592e-06,0.0002565211,0.0051551485,-0.0014170549
2.3799999999999932,0.0037510684,-0.00035529007,2.7717822e-06,0.00025721436,0.005170493,-0.0014214045
2.389999999999993,0.0037630158,-0.00035587445,2.7788515e-06,0.00025790112,0.0051865275,-0.0014259974
2.399999999999993,0.003775225,-0.0003564575,2.7857245e-06,0.00025857068,0.0052029747,-0.0014306516
2.4099999999999926,0.003788981,-0.0003566474,2.7920867e-06,0.00025921856,0.005221054,-0.0014360546
2.4199999999999924,0.0038041288,-0.00035653857,2.797971e-06,0.00025984252,0.005240668,-0.001442086
2.429999999999992,0.0038205371,-0.00035616723,2.8034096e-06,0.00026044296,0.005261629,-0.0014486772
2.439999999999992,0.0038383321,-0.0003555024,2.8083516e-06,0.0002610173,0.0052840956,-0.0014558885
2.4499999999999917,0.0038575064,-0.0003545439,2.8127884e-06,0.00026156465,0.005308042,-0.001463715
2.4599999999999915,0.0038778232,-0.00035334195,2.8167633e-06,0.00026208555,0.0053331964,-0.0014720395
2.4699999999999913,0.0038985377,-0.00035212928,2.8206982e-06,0.00026260444,0.0053586583,-0.0014804836
2.479999999999991,0.003920315,-0.00035070535,2.8245995e-06,0.00026313507,0.0053851358,-0.0014894808
2.489999999999991,0.00394165,-0.0003493007,2.8285667e-06,0.0002636688,0.0054108487,-0.0014983075
2.4999999999999907,0.003961327,-0.00034820827,2.8330508e-06,0.0002642281,0.0054344865,-0.0015063997
2.5099999999999905,0.0039797835,-0.0003473111,2.8378422e-06,0.00026480158,0.0054568006,-0.0015139846
2.5199999999999902,0.0039970246,-0.00034662551,2.8429602e-06,0.0002653901,0.0054777195,-0.0015210466
2.52999999999999,0.0040127905,-0.0003462044,2.8484817e-06,0.00026599702,0.005496937,-0.0015274652
2.53999999999999,0.0040270663,-0.0003460476,2.8543955e-06,0.00026662138,0.005514492,-0.0015332357
2.5499999999999896,0.004038449,-0.0003461809,2.856287e-06,0.00026684738,0.0055323546,-0.0015367992
2.5599999999999894,0.0040502828,-0.00034754828,2.860763e-06,0.00026725206,0.0055507184,-0.0015402554
2.569999999999989,0.0040601613,-0.00034922964,2.866928e-06,0.00026778932,0.005565509,-0.0015431471
2.579999999999989,0.004066561,-0.00035151315,2.8745046e-06,0.00026841447,0.005576121,-0.0015446035
2.5899999999999888,0.004072999,-0.00035386428,2.8849402e-06,0.00026930278,0.005585261,-0.0015467448
2.5999999999999885,0.0040891645,-0.00035288924,2.8932932e-06,0.00027020523,0.0056032515,-0.0015547544
2.6099999999999883,0.0041064867,-0.00035106816,2.8976904e-06,0.00027078486,0.0056227255,-0.0015625558
2.619999999999988,0.0041222987,-0.00035017327,2.9018795e-06,0.00027129255,0.0056420797,-0.001569062
2.629999999999988,0.00413763,-0.00034957347,2.9060625e-06,0.00027178257,0.005661248,-0.0015752095
2.6399999999999877,0.0041527892,-0.00034906532,2.9102296e-06,0.00027226572,0.005680332,-0.0015812428
2.6499999999999875,0.0041678874,-0.00034858202,2.914374e-06,0.00027274518,0.005699352,-0.0015872424
2.6599999999999873,0.0041829636,-0.00034809986,2.9184937e-06,0.00027322213,0.0057183127,-0.0015932366
2.669999999999987,0.0041980273,-0.00034760986,2.9225864e-06,0.00027369682,0.005737209,-0.001599234
2.679999999999987,0.004213078,-0.0003471086,2.92665e-06,0.00027416923,0.005756038,-0.0016052357
2.6899999999999866,0.004228112,-0.00034659478,2.9306818e-06,0.00027463917,0.0057747927,-0.0016112406
2.6999999999999864,0.004243124,-0.00034606806,2.9346784e-06,0.00027510631,0.005793472,-0.0016172458
2.709999999999986,0.0042581093,-0.00034552848,2.9386367e-06,0.00027557038,0.0058120713,-0.001623249
2.719999999999986,0.004273061,-0.00034497725,2.9425496e-06,0.00027603057,0.005830591,-0.0016292445
2.7299999999999858,0.0042879796,-0.0003444149,2.946427e-06,0.00027648782,0.0058490257,-0.0016352354
2.7399999999999856,0.00430287,-0.00034383623,2.9502671e-06,0.00027694224,0.005867372,-0.0016412267
2.7499999999999853,0.0043177186,-0.00034324315,2.9540436e-06,0.00027739123,0.005885637,-0.001647204
2.759999999999985,0.004332519,-0.0003426432,2.9577768e-06,0.00027783628,0.0059038145,-0.001653166
2.769999999999985,0.0043472783,-0.00034203124,2.9614614e-06,0.0002782772,0.0059219045,-0.0016591173
2.7799999999999847,0.004361993,-0.00034140763,2.9650964e-06,0.00027871382,0.005939905,-0.0016650563
2.7899999999999845,0.004376663,-0.00034077256,2.968681e-06,0.00027914607,0.0059578167,-0.0016709821
2.7999999999999843,0.0043912856,-0.00034012613,2.9722146e-06,0.0002795739,0.005975638,-0.001676894
2.809999999999984,0.0044058603,-0.0003394686,2.9756966e-06,0.0002799972,0.005993368,-0.0016827914
2.819999999999984,0.0044203866,-0.00033880008,2.9791267e-06,0.00028041602,0.006011007,-0.0016886736
2.8299999999999836,0.004434863,-0.00033812068,2.982505e-06,0.00028083025,0.006028553,-0.0016945404
2.8399999999999834,0.0044492893,-0.00033743057,2.985831e-06,0.00028123992,0.0060460065,-0.0017003911
2.849999999999983,0.004463664,-0.0003367299,2.9891055e-06,0.000281645,0.0060633654,-0.0017062254
2.859999999999983,0.0044779866,-0.00033601877,2.9923272e-06,0.00028204545,0.0060806307,-0.001712043
2.869999999999983,0.004492257,-0.0003352975,2.9954977e-06,0.00028244135,0.0060978006,-0.0017178433
2.8799999999999826,0.004506474,-0.0003345659,2.9986159e-06,0.00028283263,0.0061148745,-0.0017236264
2.8899999999999824,0.0045206365,-0.0003338244,3.0016822e-06,0.0002832193,0.0061318525,-0.0017293915
2.899999999999982,0.004534745,-0.00033307303,3.0046979e-06,0.00028360143,0.0061487327,-0.0017351388
2.909999999999982,0.0045487867,-0.00033231525,3.0076371e-06,0.00028397646,0.006165527,-0.0017408535
2.9199999999999817,0.004562767,-0.00033155762,3.010555e-06,0.00028434917,0.0061822147,-0.00174655
2.9299999999999815,0.004576701,-0.00033078465,3.013412e-06,0.00028471672,0.006198807,-0.001752232
2.9399999999999813,0.0045905686,-0.00033000752,3.0162114e-06,0.00028507877,0.006215306,-0.0017578853
2.949999999999981,0.0046043633,-0.00032923045,3.0189453e-06,0.0002854344,0.0062317154,-0.0017635024
2.959999999999981,0.004618067,-0.00032846362,3.0215924e-06,0.00028578096,0.0062480513,-0.0017690625
2.9699999999999807,0.00463163,-0.00032773268,3.0240735e-06,0.00028610975,0.0062643643,-0.001774506
2.9799999999999804,0.004644937,-0.0003271027,3.0261458e-06,0.00028639444,0.0062808385,-0.0017796751
2.9899999999999802,0.0046579014,-0.00032665982,3.0266533e-06,0.00028652334,0.0062985076,-0.0017841903
2.99999999999998,0.0046667843,-0.00032774083,3.0296912e-06,0.00028679328,0.006311399,-0.0017866968
3.00999999999998,0.0046703126,-0.0003309468,3.0420467e-06,0.00028779838,0.006313745,-0.0017877092
3.0199999999999796,0.004677379,-0.00033106166,3.0495664e-06,0.0002885307,0.0063212393,-0.0017912543
3.0299999999999794,0.004684836,-0.00033097848,3.054237e-06,0.0002890113,0.006331376,-0.001794393
3.039999999999979,0.004693212,-0.00033105834,3.058446e-06,0.0002894431,0.006342838,-0.0017977384
3.049999999999979,0.0047036004,-0.00033065918,3.0617443e-06,0.00028982098,0.006356105,-0.0018020303
3.0599999999999787,0.004716576,-0.00032957378,3.0638007e-06,0.0002901272,0.006371892,-0.0018075668
3.0699999999999785,0.0047322265,-0.00032781545,3.064644e-06,0.0002903637,0.0063901,-0.0018143596
3.0799999999999783,0.004750505,-0.00032540507,3.064335e-06,0.00029053478,0.006410617,-0.0018223869
3.089999999999978,0.004771234,-0.00032238613,3.0629776e-06,0.00029064712,0.0064331973,-0.0018315691
3.099999999999978,0.004794106,-0.00031883872,3.0607641e-06,0.00029071333,0.0064574545,-0.001841761
3.1099999999999777,0.004818374,-0.00031496256,3.058227e-06,0.00029077003,0.006482442,-0.0018526408
3.1199999999999775,0.0048429985,-0.00031098962,3.0556157e-06,0.00029082503,0.006507251,-0.0018636598
3.1299999999999772,0.0048663993,-0.00030729885,3.053427e-06,0.0002908999,0.0065304865,-0.0018740487
3.139999999999977,0.004887278,-0.00030416492,3.0520064e-06,0.00029100847,0.006551084,-0.0018831894
3.149999999999977,0.0049046963,-0.0003017706,3.0515057e-06,0.00029115286,0.0065684295,-0.0018906387
3.1599999999999766,0.0049182624,-0.00030017953,3.0518856e-06,0.00029132518,0.00658243,-0.0018962146
3.1699999999999764,0.0049332744,-0.00029805247,3.050826e-06,0.00029139975,0.0065998854,-0.0019026787
3.179999999999976,0.004939119,-0.0002983161,3.0497677e-06,0.00029131497,0.0066083805,-0.0019033093
3.189999999999976,0.0049396753,-0.0003012655,3.0520391e-06,0.0002913891,0.0066155293,-0.0019011435
3.1999999999999758,0.004940767,-0.00030436798,3.057193e-06,0.00029172457,0.0066215927,-0.0019000891
3.2099999999999755,0.004947166,-0.0003066824,3.0686135e-06,0.0002926991,0.0066271327,-0.0019028402
3.2199999999999753,0.0049592396,-0.0003047894,3.0730014e-06,0.0002932608,0.0066393353,-0.001909402
3.229999999999975,0.004971637,-0.00030299212,3.0751119e-06,0.00029360483,0.0066523417,-0.0019153061
3.239999999999975,0.004983809,-0.0003016002,3.0766462e-06,0.0002938719,0.006665429,-0.0019206731
3.2499999999999747,0.0049956664,-0.00030045203,3.0778956e-06,0.00029409816,0.006678472,-0.0019256779
3.2599999999999745,0.005006848,-0.0002995505,3.0777164e-06,0.00029417683,0.0066921953,-0.0019298588
3.2699999999999743,0.0050119986,-0.0003007213,3.079423e-06,0.00029430186,0.006700287,-0.0019305067
3.279999999999974,0.005010414,-0.00030505186,3.0920623e-06,0.00029525574,0.0066977954,-0.001928822
3.289999999999974,0.0050143446,-0.00030489964,3.0965602e-06,0.0002957106,0.0067038,-0.0019308688
3.2999999999999736,0.005018765,-0.00030536493,3.1008337e-06,0.0002961143,0.006711139,-0.0019326174
3.3099999999999734,0.005024399,-0.000305679,3.1047286e-06,0.00029649242,0.006718897,-0.0019348348
3.319999999999973,0.005032756,-0.00030512142,3.1069783e-06,0.00029677202,0.006729632,-0.001938488
3.329999999999973,0.0050450712,-0.00030339902,3.1070715e-06,0.00029692362,0.0067439987,-0.0019441101
3.3399999999999728,0.0050620153,-0.00030035418,3.1047427e-06,0.0002969322,0.0067623556,-0.0019519991
3.3499999999999726,0.0050829127,-0.0002963313,3.1004572e-06,0.0002968202,0.0067837406,-0.0019616568
3.3599999999999723,0.005107134,-0.00029176573,3.095975e-06,0.00029672665,0.006806926,-0.0019728576
3.369999999999972,0.0051297043,-0.00028779195,3.092927e-06,0.00029672735,0.006826751,-0.0019830468
3.379999999999972,0.0051471847,-0.00028526515,3.0926067e-06,0.0002968898,0.006841306,-0.0019906715
3.3899999999999717,0.005159312,-0.00028403694,3.0946892e-06,0.00029719295,0.0068513937,-0.0019958152
3.3999999999999715,0.0051657194,-0.00028279293,3.0911624e-06,0.00029696035,0.006861115,-0.0019978045
3.4099999999999713,0.0051725605,-0.0002837915,3.091493e-06,0.00029697208,0.00687218,-0.0019992979
3.419999999999971,0.0051769335,-0.00028593594,3.0955603e-06,0.00029726047,0.006878205,-0.0019995628
3.429999999999971,0.0051765735,-0.0002896889,3.1042227e-06,0.0002978799,0.006879445,-0.0019977277
3.4399999999999706,0.0051850425,-0.0002892618,3.1117472e-06,0.00029864625,0.0068888343,-0.0020032576
3.4499999999999704,0.005198271,-0.00028579377,3.1116483e-06,0.00029887026,0.0069001312,-0.0020103091
3.45999999999997,0.0052089207,-0.00028410414,3.111552e-06,0.00029899387,0.0069111804,-0.0020149904
3.46999999999997,0.005219191,-0.0002828558,3.11166e-06,0.00029911118,0.006922066,-0.002019335
3.47999999999997,0.0052293874,-0.00028170334,3.1118532e-06,0.00029923086,0.006932841,-0.0020236364
3.4899999999999696,0.0052395663,-0.00028056715,3.1120892e-06,0.00029935336,0.006943503,-0.0020279442
3.4999999999999694,0.0052497257,-0.00027942713,3.112345e-06,0.00029947763,0.006954044,-0.0020322609
3.509999999999969,0.0052598487,-0.00027828087,3.1126042e-06,0.00029960222,0.0069644614,-0.0020365764
3.519999999999969,0.0052699246,-0.00027712923,3.1128811e-06,0.00029972842,0.00697474,-0.0020408917
3.5299999999999687,0.0052799466,-0.00027596366,3.1131246e-06,0.00029985185,0.006984893,-0.0020451937
3.5399999999999685,0.0052898857,-0.00027480154,3.1133598e-06,0.00029997388,0.0069949105,-0.0020494682
3.5499999999999683,0.0052997516,-0.00027363485,3.1135758e-06,0.00030009393,0.007004791,-0.0020537216
3.559999999999968,0.005309537,-0.0002724648,3.1137681e-06,0.00030021154,0.0070145344,-0.002057949
3.569999999999968,0.005319238,-0.0002712919,3.113934e-06,0.0003003264,0.00702414,-0.0020621482
3.5799999999999677,0.0053288518,-0.00027011673,3.1140714e-06,0.00030043826,0.007033607,-0.0020663168
3.5899999999999674,0.005338376,-0.00026893962,3.1141783e-06,0.0003005469,0.007042934,-0.0020704535
3.5999999999999672,0.005347808,-0.00026776094,3.114254e-06,0.00030065226,0.0070521217,-0.0020745571
3.609999999999967,0.0053571467,-0.000266581,3.114298e-06,0.00030075424,0.0070611686,-0.0020786265
3.619999999999967,0.0053663915,-0.00026539998,3.114309e-06,0.00030085276,0.0070700743,-0.0020826613
3.6299999999999666,0.0053755403,-0.00026421814,3.1142874e-06,0.00030094778,0.0070788385,-0.0020866606
3.6399999999999664,0.0053845937,-0.00026303562,3.1142347e-06,0.0003010395,0.00708746,-0.0020906248
3.649999999999966,0.005393519,-0.00026185455,3.1140312e-06,0.0003011165,0.0070959968,-0.0020945037
3.659999999999966,0.0054022814,-0.00026073697,3.1138864e-06,0.00030119505,0.0071043777,-0.0020983052
3.6699999999999657,0.0054109506,-0.00025961042,3.113561e-06,0.00030125675,0.007112702,-0.0021020335
3.6799999999999655,0.0054193237,-0.00025855628,3.112702e-06,0.00030126423,0.0071212025,-0.0021054612
3.6899999999999653,0.005427279,-0.00025734384,3.1084248e-06,0.00030096175,0.0071317465,-0.0021080887
3.699999999999965,0.0054275035,-0.00026123298,3.1155928e-06,0.00030142826,0.007131368,-0.0021062114
3.709999999999965,0.005426351,-0.000265662,3.1309826e-06,0.00030263086,0.0071269465,-0.0021052815
3.7199999999999647,0.0054245577,-0.00026657915,3.138406e-06,0.00030328086,0.0071249125,-0.0021044435
3.7299999999999645,0.0054221936,-0.00026733655,3.1418522e-06,0.00030357658,0.007129194,-0.0021037098
3.7399999999999642,0.005425012,-0.0002669423,3.143082e-06,0.0003037336,0.0071348334,-0.0021052093
3.749999999999964,0.0054309657,-0.00026560025,3.1422046e-06,0.00030375057,0.0071423477,-0.002108179
3.759999999999964,0.0054417667,-0.00026299042,3.138712e-06,0.0003036041,0.007154212,-0.0021135658
3.7699999999999636,0.005455568,-0.0002594157,3.1332222e-06,0.000303326,0.007166663,-0.0021202452
3.7799999999999634,0.005467528,-0.00025780688,3.1319744e-06,0.00030333,0.0071748323,-0.0021250595
3.789999999999963,0.0054829754,-0.00025747737,3.1349239e-06,0.00030367813,0.0071888906,-0.0021302348
3.799999999999963,0.005473841,-0.00025903078,3.1351533e-06,0.00030359588,0.0071823183,-0.0021253207
3.8099999999999627,0.005470564,-0.00026209134,3.137423e-06,0.00030365033,0.007185454,-0.0021218634
3.8199999999999625,0.005477061,-0.00026433275,3.1471634e-06,0.0003044732,0.007193448,-0.0021250052
3.8299999999999623,0.005496725,-0.00026035422,3.1472728e-06,0.0003047673,0.007212043,-0.0021346954
3.839999999999962,0.0055039655,-0.00025887732,3.146283e-06,0.00030478614,0.0072204815,-0.0021378824
3.849999999999962,0.005517082,-0.00025733036,3.145643e-06,0.00030486085,0.0072354074,-0.0021434005
3.8599999999999617,0.005529492,-0.00025589787,3.1440431e-06,0.00030483596,0.007249271,-0.002148091
3.8699999999999615,0.0055582495,-0.00025317777,3.1405473e-06,0.00030476754,0.0072844625,-0.0021585876
3.8799999999999613,0.005574358,-0.0002576643,3.1544625e-06,0.00030589974,0.007302686,-0.0021617506
3.889999999999961,0.0055726483,-0.00026018525,3.1651675e-06,0.00030678808,0.007308196,-0.002161621
3.899999999999961,0.0055748946,-0.00025917313,3.1675695e-06,0.0003070925,0.0073147085,-0.0021637897
3.9099999999999606,0.0055798306,-0.0002580676,3.1682985e-06,0.00030724716,0.0073218145,-0.0021665513
3.9199999999999604,0.00558766,-0.00025640876,3.167762e-06,0.0003073172,0.0073299943,-0.0021704955
3.92999999999996,0.0055977935,-0.00025360074,3.1646841e-06,0.00030721555,0.007339814,-0.0021758918
3.93999999999996,0.0056115505,-0.0002495383,3.159011e-06,0.0003069452,0.007351622,-0.0021831621
3.9499999999999598,0.0056297705,-0.00024449866,3.151708e-06,0.00030658435,0.007365949,-0.002192412
3.9599999999999596,0.0056519127,-0.00023884754,3.1438365e-06,0.00030621278,0.0073827244,-0.0022032834
3.9699999999999593,0.0056769443,-0.00023313452,3.1365507e-06,0.00030590824,0.0074017555,-0.0022150825
3.979999999999959,0.005703115,-0.00022910717,3.1336613e-06,0.0003059314,0.007421889,-0.00222612
3.989999999999959,0.0057240175,-0.00022789212,3.136146e-06,0.00030630015,0.0074400804,-0.002233407
3.9999999999999587,0.005727527,-0.00022647454,3.1328714e-06,0.0003060966,0.0074489443,-0.0022349048
4.009999999999959,0.005738635,-0.00022697575,3.1350717e-06,0.00030632442,0.0074632037,-0.0022382245
4.019999999999959,0.005745024,-0.00022648333,3.137413e-06,0.00030660085,0.0074716634,-0.0022415973
4.0299999999999585,0.005758783,-0.00022444314,3.137254e-06,0.00030674803,0.00748597,-0.0022476017
4.039999999999958,0.005770398,-0.00022327401,3.1377726e-06,0.00030690653,0.0074990015,-0.0022522556
4.049999999999958,0.0057810727,-0.00022201859,3.1379566e-06,0.00030703572,0.0075115,-0.002256723
4.059999999999958,0.005791597,-0.00022073212,3.1379916e-06,0.00030715144,0.0075235716,-0.002261137
4.069999999999958,0.0058018942,-0.00021941024,3.1378745e-06,0.0003072535,0.0075352206,-0.002265478
4.079999999999957,0.005811941,-0.00021804763,3.1375878e-06,0.0003073405,0.007546438,-0.0022697404
4.089999999999957,0.005821734,-0.00021664075,3.13712e-06,0.0003074115,0.0075572175,-0.0022739246
4.099999999999957,0.0058312784,-0.00021518584,3.136462e-06,0.0003074659,0.0075675542,-0.002278033
4.109999999999957,0.0058405753,-0.00021367993,3.1356067e-06,0.00030750313,0.007577446,-0.0022820667
4.119999999999957,0.0058496264,-0.00021212046,3.1345478e-06,0.00030752274,0.007586888,-0.002286027
4.129999999999956,0.005858431,-0.00021050459,3.133278e-06,0.0003075242,0.007595879,-0.0022899134
4.139999999999956,0.0058670035,-0.00020883858,3.1318943e-06,0.00030751622,0.0076043704,-0.0022937611
4.149999999999956,0.0058751283,-0.00020711572,3.1308139e-06,0.0003075368,0.007611726,-0.0022976794
4.159999999999956,0.0058836364,-0.00020498308,3.1292698e-06,0.00030753546,0.007618607,-0.002301953
4.1699999999999555,0.0058921366,-0.00020268944,3.1274049e-06,0.0003075116,0.007625023,-0.0023062606
4.179999999999955,0.0059005003,-0.00020025755,3.1252052e-06,0.0003074626,0.0076310155,-0.002310558
4.189999999999955,0.005908682,-0.00019769616,3.1226634e-06,0.0003073872,0.00763658,-0.0023148258
4.199999999999955,0.005918753,-0.00019496644,3.120216e-06,0.00030733593,0.0076439097,-0.0023198517
4.209999999999955,0.0059258486,-0.00019246612,3.1175657e-06,0.00030724276,0.0076479986,-0.0023235795
4.2199999999999545,0.005932171,-0.00018970034,3.1141064e-06,0.00030708584,0.0076517016,-0.0023272135
4.229999999999954,0.005938603,-0.00018641129,3.1095663e-06,0.00030685414,0.007654832,-0.0023311563
4.239999999999954,0.0059455265,-0.00018285203,3.1044758e-06,0.00030658473,0.0076575186,-0.0023353247
4.249999999999954,0.005950865,-0.00017943532,3.0991105e-06,0.0003062751,0.0076580616,-0.0023387237
4.259999999999954,0.005948377,-0.0001833596,3.1071918e-06,0.0003068058,0.007648986,-0.002334531
4.269999999999953,0.005944912,-0.00018449088,3.111639e-06,0.00030716654,0.007650116,-0.0023330215
4.279999999999953,0.005943225,-0.00018432876,3.113914e-06,0.0003073959,0.0076512564,-0.002332763
4.289999999999953,0.0059442194,-0.00018103006,3.1100385e-06,0.00030722225,0.0076541747,-0.0023352993
4.299999999999953,0.005951854,-0.00017279183,3.0964552e-06,0.000306414,0.0076597654,-0.0023428416
4.3099999999999525,0.005967977,-0.00016205228,3.0782821e-06,0.00030531888,0.0076660262,-0.002354269
4.319999999999952,0.0059876535,-0.00015437642,3.0671088e-06,0.00030471457,0.007669601,-0.0023648036
4.329999999999952,0.0060049305,-0.00014943235,3.062888e-06,0.0003046139,0.0076726926,-0.0023734253
4.339999999999952,0.0060291826,-0.00014275106,3.0583524e-06,0.00030461355,0.007687857,-0.0023861402
4.349999999999952,0.006044821,-0.0001373071,3.0537506e-06,0.00030451387,0.0076947142,-0.0023943824
4.3599999999999515,0.006053743,-0.00013327278,3.0493097e-06,0.00030433846,0.0076986416,-0.0023993538
4.369999999999951,0.0060553793,-0.00012929273,3.0429517e-06,0.00030395575,0.0076958872,-0.0024016877
4.379999999999951,0.006057034,-0.0001264308,3.0381682e-06,0.00030365927,0.007692633,-0.002403114
4.389999999999951,0.0060642064,-0.00012668545,3.043509e-06,0.0003041653,0.00769452,-0.0024056192
4.399999999999951,0.0060736355,-0.00012316057,3.0445362e-06,0.0003044865,0.0077022216,-0.0024119848
4.40999999999995,0.0060859993,-0.000115406736,3.0368321e-06,0.0003042218,0.0077112126,-0.0024213556
4.41999999999995,0.0060965074,-0.0001103457,3.032641e-06,0.00030412353,0.0077129346,-0.0024276602
4.42999999999995,0.006103275,-0.00010303551,3.0232043e-06,0.0003036441,0.0077130604,-0.0024341994
4.43999999999995,0.0061129997,-9.614282e-05,3.0144192e-06,0.0003032062,0.0077132042,-0.0024412307
4.4499999999999496,0.0061239195,-8.85674e-05,3.0048632e-06,0.0003027349,0.007713848,-0.002449107
4.459999999999949,0.006136297,-8.0798985e-05,2.9956138e-06,0.00030230617,0.007715065,-0.0024575752
4.469999999999949,0.0061468133,-7.293394e-05,2.9861878e-06,0.00030185943,0.007714075,-0.0024653762
4.479999999999949,0.0061550876,-6.494496e-05,2.9758805e-06,0.00030132977,0.0077112373,-0.0024723492
4.489999999999949,0.0061606388,-6.309812e-05,2.9725256e-06,0.00030112066,0.0077088824,-0.0024729967
4.4999999999999485,0.006157816,-6.310191e-05,2.9704008e-06,0.00030092252,0.0077095493,-0.0024707988
4.509999999999948,0.0061543505,-6.381834e-05,2.9696737e-06,0.00030081577,0.007709885,-0.002468289
4.519999999999948,0.0061506876,-6.392989e-05,2.967843e-06,0.00030063788,0.0077104936,-0.0024663
4.529999999999948,0.0061475793,-6.393794e-05,2.9657267e-06,0.00030043742,0.0077104624,-0.0024645834
4.539999999999948,0.006144954,-6.359956e-05,2.9628761e-06,0.0003001857,0.007710067,-0.0024632863
4.549999999999947,0.0061427257,-6.357641e-05,2.9595951e-06,0.00029987647,0.00770963,-0.0024615577
4.559999999999947,0.006136477,-6.911723e-05,2.9647376e-06,0.00030004894,0.0077062547,-0.0024543654
4.569999999999947,0.0061255638,-7.370065e-05,2.9711819e-06,0.00030039166,0.00770468,-0.002448937
4.579999999999947,0.0061208433,-7.5593496e-05,2.9764092e-06,0.00030076967,0.0077010896,-0.0024471772
4.589999999999947,0.0061183604,-7.4889525e-05,2.977996e-06,0.00030094926,0.0076980074,-0.0024478417
4.599999999999946,0.006118821,-7.152939e-05,2.972729e-06,0.00030063267,0.007695764,-0.002450018
4.609999999999946,0.006120022,-6.727935e-05,2.9632604e-06,0.00029996783,0.0076936944,-0.0024526955
4.619999999999946,0.006124297,-6.1313855e-05,2.9493908e-06,0.00029898246,0.007691381,-0.0024571682
4.629999999999946,0.006130787,-5.48331e-05,2.9333814e-06,0.00029782217,0.0076879007,-0.0024622432
4.6399999999999455,0.006137407,-4.9120124e-05,2.917925e-06,0.00029666818,0.0076827826,-0.0024665045
4.649999999999945,0.006142668,-4.607547e-05,2.9077755e-06,0.00029586517,0.0076762475,-0.0024685478
4.659999999999945,0.006143704,-4.678976e-05,2.9059026e-06,0.0002956327,0.007668727,-0.0024671792
4.669999999999945,0.0061378046,-5.1560502e-05,2.910571e-06,0.00029579297,0.007661751,-0.0024607042
4.679999999999945,0.0061280555,-5.1332125e-05,2.9099747e-06,0.00029572682,0.007657994,-0.002459794
4.689999999999944,0.0061311284,-4.8311846e-05,2.9059045e-06,0.00029549794,0.007651858,-0.0024623745
4.699999999999944,0.0061282753,-4.6353678e-05,2.8999493e-06,0.0002950261,0.00764596,-0.0024623463
4.709999999999944,0.0061273333,-4.5015768e-05,2.8952434e-06,0.00029463688,0.0076389345,-0.0024624527
4.719999999999944,0.0061255577,-4.3552027e-05,2.8901347e-06,0.00029421487,0.0076317536,-0.002462477
4.729999999999944,0.0061239284,-4.2185387e-05,2.885233e-06,0.00029380608,0.007624103,-0.0024624688
4.739999999999943,0.0061216704,-4.0874595e-05,2.8781444e-06,0.00029319015,0.007617473,-0.002461467
4.749999999999943,0.0061149513,-5.035587e-05,2.8948311e-06,0.0002942096,0.007603803,-0.0024529458
4.759999999999943,0.0061040893,-5.1461866e-05,2.8981162e-06,0.00029443862,0.007600059,-0.0024497407
4.769999999999943,0.006097012,-5.1381186e-05,2.897667e-06,0.0002943824,0.00759493,-0.0024478952
4.7799999999999425,0.0060912566,-4.7590158e-05,2.8879135e-06,0.00029364738,0.0075889314,-0.0024488152
4.789999999999942,0.0060923044,-3.562368e-05,2.86085e-06,0.00029172664,0.007582133,-0.0024573603
4.799999999999942,0.0061010495,-1.5924785e-05,2.8163095e-06,0.0002885622,0.007565856,-0.0024723834
4.809999999999942,0.006109681,1.3776941e-05,2.7468984e-06,0.00028355504,0.007532907,-0.0024926132
4.819999999999942,0.0061033415,6.212339e-05,2.6289497e-06,0.00027488425,0.007463097,-0.0025181994
4.8299999999999415,0.0060020504,0.00016498237,2.3633486e-06,0.00025487426,0.0072532212,-0.00254352
4.839999999999941,0.0060629076,0.00011920041,2.4017297e-06,0.00025561496,0.007118971,-0.0025032274
4.849999999999941,0.0060579563,9.1123715e-05,2.442835e-06,0.0002580121,0.007161295,-0.0024832536
4.859999999999941,0.006023164,9.628581e-05,2.426074e-06,0.00025666496,0.007162296,-0.0024784522
4.869999999999941,0.005972343,0.00013737234,2.3235416e-06,0.0002490388,0.0070993127,-0.002486724
4.87999999999994,0.0055572456,0.0002943694,1.8476045e-06,0.00021129767,0.0065977634,-0.0024334767
4.88999999999994,0.00080739474,-0.00011750122,1.1439158e-06,0.00010554416,0.0014088234,-0.00041495368
4.89999999999994,0.0007023405,-4.6139696e-05,4.6333963e-07,4.2768588e-05,0.00066764007,-0.00027564974
4.90999999999994,-2.5714453e-05,-4.8743973e-06,4.4032546e-09,1.8437879e-07,-1.6897299e-06,1.1467953e-05
4.9199999999999395,-4.4118107e-05,-3.3367762e-06,-7.158243e-09,-8.976697e-07,-1.562444e-05,1.9863328e-05
4.929999999999939,-3.7212572e-05,-4.8615057e-06,1.4119202e-09,-1.547996e-07,-5.6781155e-06,1.8068922e-05
4.939999999999939,-3.7059996e-05,-4.8895467e-06,1.5198177e-09,-1.4648487e-07,-5.4983025e-06,1.806205e-05
4.949999999999939,-3.729586e-05,-4.848016e-06,1.2850497e-09,-1.6698664e-07,-5.8134838e-06,1.8134902e-05
4.959999999999939,-3.731336e-05,-4.8456955e-06,1.2700098e-09,-1.6833202e-07,-5.8359196e-06,1.8140388e-05
4.9699999999999385,-3.730824e-05,-4.8467377e-06,1.275462e-09,-1.678623e-07,-5.828978e-06,1.813891e-05
4.979999999999938,-3.730753e-05,-4.846854e-06,1.2761321e-09,-1.6780353e-07,-5.828044e-06,1.8138693e-05
4.989999999999938,-3.730763e-05,-4.8468337e-06,1.2760274e-09,-1.6781252e-07,-5.828175e-06,1.813872e-05
4.999999999999938,-3.730765e-05,-4.8468296e-06,1.2760045e-09,-1.678145e-07,-5.8282058e-06,1.8138728e-05
5.009999999999938,-3.730765e-05,-4.8468296e-06,1.2760062e-09,-1.6781436e-07,-5.828204e-06,1.8138728e-05
5.019999999999937,-3.7307647e-05,-4.84683e-06,1.276007e-09,-1.678143e-07,-5.828203e-06,1.8138728e-05
5.029999999999937,-3.7307647e-05,-4.84683e-06,1.2760069e-09,-1.6781432e-07,-5.828203e-06,1.8138728e-05
5.039999999999937,-3.7307647e-05,-4.84683e-06,1.2760067e-09,-1.6781432e-07,-5.828203e-06,1.8138728e-05
5.049999999999937,-3.7307647e-05,-4.84683e-06,1.2760067e-09,-1.6781432e-07,-5.828203e-06,1.8138728e-05
5.0599999999999365,-3.7307647e-05,-4.84683e-06,1.2760067e-09,-1.6781432e-07,-5.828203e-06,1.8138728e-05
5.069999999999936,-3.7307647e-05,-4.84683e-06,1.2760069e-09,-1.6781432e-07,-5.828203e-06,1.8138728e-05
5.079999999999936,-3.7307647e-05,-4.84683e-06,1.2760067e-09,-1.6781432e-07,-5.828203e-06,1.8138728e-05
5.089999999999936,-3.7307647e-05,-4.84683e-06,1.2760069e-09,-1.678143e-07,-5.828203e-06,1.8138728e-05
5.099999999999936,-3.7307647e-05,-4.84683e-06,1.2760069e-09,-1.678143e-07,-5.828203e-06,1.8138728e-05
5.1099999999999355,-3.7307647e-05,-4.84683e-06,1.2760067e-09,-1.6781432e-07,-5.828203e-06,1.8138728e-05
5.119999999999935,-3.7307647e-05,-4.84683e-06,1.276007e-09,-1.678143e-07,-5.828203e-06,1.8138728e-05
5.129999999999935,-3.7307647e-05,-4.84683e-06,1.2760069e-09,-1.6781432e-07,-5.828203e-06,1.8138728e-05
5.139999999999935,-3.7307647e-05,-4.84683e-06,1.2760069e-09,-1.678143e-07,-5.828203e-06,1.8138728e-05
5.149999999999935,-3.7307647e-05,-4.84683e-06,1.2760069e-09,-1.678143e-07,-5.828203e-06,1.8138728e-05
5.159999999999934,-3.7307647e-05,-4.84683e-06,1.2760067e-09,-1.6781432e-07,-5.828203e-06,1.8138728e-05
5.169999999999934,-3.7307647e-05,-4.84683e-06,1.2760067e-09,-1.6781432e-07,-5.828203e-06,1.8138728e-05
5.179999999999934,-3.7307647e-05,-4.84683e-06,1.2760069e-09,-1.6781432e-07,-5.828203e-06,1.8138728e-05
5.189999999999934,-3.7307647e-05,-4.84683e-06,1.2760067e-09,-1.6781432e-07,-5.828203e-06,1.8138728e-05
5.199999999999934,-3.7307647e-05,-4.84683e-06,1.2760069e-09,-1.6781432e-07,-5.828203e-06,1.8138728e-05
5.209999999999933,-3.7307647e-05,-4.84683e-06,1.2760067e-09,-1.6781432e-07,-5.828203e-06,1.8138728e-05
5.219999999999933,-3.7307647e-05,-4.84683e-06,1.2760067e-09,-1.6781432e-07,-5.828203e-06,1.8138728e-05
5.229999999999933,-3.7307647e-05,-4.84683e-06,1.2760069e-09,-1.6781432e-07,-5.828203e-06,1.8138728e-05
5.239999999999933,-3.7307647e-05,-4.84683e-06,1.2760069e-09,-1.678143e-07,-5.828203e-06,1.8138728e-05
5.2499999999999325,-3.7307647e-05,-4.84683e-06,1.2760067e-09,-1.6781432e-07,-5.828203e-06,1.8138728e-05
5.259999999999932,-3.7307647e-05,-4.84683e-06,1.2760069e-09,-1.6781432e-07,-5.828203e-06,1.8138728e-05
5.269999999999932,-3.7307647e-05,-4.84683e-06,1.2760069e-09,-1.678143e-07,-5.828203e-06,1.8138728e-05
5.279999999999932,-3.7307647e-05,-4.84683e-06,1.2760069e-09,-1.678143e-07,-5.828203e-06,1.8138728e-05
5.289999999999932,-3.7307647e-05,-4.84683e-06,1.2760067e-09,-1.6781432e-07,-5.828203e-06,1.8138728e-05
5.299999999999931,-3.7307647e-05,-4.84683e-06,1.2760069e-09,-1.678143e-07,-5.828203e-06,1.8138728e-05
5.309999999999931,-3.7307647e-05,-4.84683e-06,1.2760067e-09,-1.6781432e-07,-5.828203e-06,1.8138728e-05
5.319999999999931,-3.7307647e-05,-4.84683e-06,1.2760067e-09,-1.6781432e-07,-5.828203e-06,1.8138728e-05
5.329999999999931,-3.7307647e-05,-4.84683e-06,1.2760067e-09,-1.6781432e-07,-5.828203e-06,1.8138728e-05
5.339999999999931,-3.7307647e-05,-4.84683e-06,1.2760067e-09,-1.6781432e-07,-5.828203e-06,1.8138728e-05
5.34999999999993,-3.7307647e-05,-4.84683e-06,1.2760067e-09,-1.6781432e-07,-5.828203e-06,1.8138728e-05
5.35999999999993,-3.7307647e-05,-4.84683e-06,1.2760067e-09,-1.6781432e-07,-5.828203e-06,1.8138728e-05
5.36999999999993,-3.7307647e-05,-4.84683e-06,1.2760069e-09,-1.6781432e-07,-5.828203e-06,1.8138728e-05
5.37999999999993,-3.7307647e-05,-4.84683e-06,1.2760067e-09,-1.6781432e-07,-5.828203e-06,1.8138728e-05
5.3899999999999295,-3.7307647e-05,-4.8468296e-06,1.2760066e-09,-1.6781433e-07,-5.828203e-06,1.8138728e-05
5.399999999999929,-3.7307647e-05,-4.84683e-06,1.2760067e-09,-1.6781432e-07,-5.828203e-06,1.8138728e-05
5.409999999999929,-3.7307647e-05,-4.84683e-06,1.2760069e-09,-1.6781432e-07,-5.828203e-06,1.8138728e-05
5.419999999999929,-3.7307647e-05,-4.84683e-06,1.2760067e-09,-1.6781432e-07,-5.828203e-06,1.8138728e-05
5.429999999999929,-3.7307647e-05,-4.84683e-06,1.2760069e-09,-1.678143e-07,-5.828203e-06,1.8138728e-05
5.4399999999999284,-3.7307647e-05,-4.84683e-06,1.2760069e-09,-1.6781432e-07,-5.828203e-06,1.8138728e-05
5.449999999999928,-3.7307647e-05,-4.84683e-06,1.2760066e-09,-1.6781432e-07,-5.828203e-06,1.8138728e-05
5.459999999999928,-3.7307647e-05,-4.84683e-06,1.2760067e-09,-1.6781432e-07,-5.828203e-06,1.8138728e-05
5.469999999999928,-3.7307647e-05,-4.84683e-06,1.2760067e-09,-1.6781432e-07,-5.828203e-06,1.8138728e-05
5.479999999999928,-3.7307647e-05,-4.84683e-06,1.2760067e-09,-1.6781432e-07,-5.828203e-06,1.8138728e-05
5.489999999999927,-3.7307647e-05,-4.84683e-06,1.2760069e-09,-1.6781432e-07,-5.828203e-06,1.8138728e-05
5.499999999999927,-3.7307647e-05,-4.84683e-06,1.2760067e-09,-1.6781432e-07,-5.828203e-06,1.8138728e-05
5.509999999999927,-3.7307647e-05,-4.84683e-06,1.2760069e-09,-1.6781432e-07,-5.828203e-06,1.8138728e-05
5.519999999999927,-3.7307647e-05,-4.84683e-06,1.276007e-09,-1.678143e-07,-5.828203e-06,1.8138728e-05
5.5299999999999265,-3.7307647e-05,-4.84683e-06,1.2760067e-09,-1.6781432e-07,-5.828203e-06,1.8138728e-05
5.539999999999926,-3.7307647e-05,-4.84683e-06,1.2760067e-09,-1.6781432e-07,-5.828203e-06,1.8138728e-05
5.549999999999926,-3.7307647e-05,-4.84683e-06,1.2760067e-09,-1.6781432e-07,-5.828203e-06,1.8138728e-05
5.559999999999926,-3.7307647e-05,-4.84683e-06,1.2760069e-09,-1.6781432e-07,-5.828203e-06,1.8138728e-05
5.569999999999926,-3.7307647e-05,-4.84683e-06,1.2760067e-09,-1.6781432e-07,-5.828203e-06,1.8138728e-05
5.5799999999999255,-3.7307647e-05,-4.84683e-06,1.2760069e-09,-1.6781432e-07,-5.828203e-06,1.8138728e-05
5.589999999999925,-3.7307647e-05,-4.84683e-06,1.2760069e-09,-1.6781432e-07,-5.828203e-06,1.8138728e-05
5.599999999999925,-3.7307647e-05,-4.84683e-06,1.2760067e-09,-1.6781432e-07,-5.828203e-06,1.8138728e-05
5.609999999999925,-3.7307647e-05,-4.84683e-06,1.2760067e-09,-1.6781432e-07,-5.828203e-06,1.8138728e-05
5.619999999999925,-3.7307647e-05,-4.84683e-06,1.2760069e-09,-1.6781432e-07,-5.828203e-06,1.8138728e-05
5.629999999999924,-3.7307647e-05,-4.84683e-06,1.2760069e-09,-1.6781432e-07,-5.828203e-06,1.8138728e-05
5.639999999999924,-3.7307647e-05,-4.8468296e-06,1.2760066e-09,-1.6781433e-07,-5.828203e-06,1.8138728e-05
5.649999999999924,-3.7307647e-05,-4.84683e-06,1.2760069e-09,-1.6781432e-07,-5.828203e-06,1.8138728e-05
5.659999999999924,-3.7307647e-05,-4.84683e-06,1.276007e-09,-1.678143e-07,-5.828203e-06,1.8138728e-05
5.6699999999999235,-3.7307647e-05,-4.84683e-06,1.2760069e-09,-1.678143e-07,-5.828203e-06,1.8138728e-05
5.679999999999923,-3.7307647e-05,-4.84683e-06,1.2760069e-09,-1.678143e-07,-5.828203e-06,1.8138728e-05
5.689999999999923,-3.7307647e-05,-4.84683e-06,1.2760066e-09,-1.6781433e-07,-5.828203e-06,1.8138728e-05
5.699999999999923,-3.7307647e-05,-4.84683e-06,1.2760067e-09,-1.6781432e-07,-5.828203e-06,1.8138728e-05
5.709999999999923,-3.7307647e-05,-4.84683e-06,1.2760066e-09,-1.6781432e-07,-5.828203e-06,1.8138728e-05
5.7199999999999225,-3.7307647e-05,-4.84683e-06,1.2760066e-09,-1.6781432e-07,-5.828203e-06,1.8138728e-05
5.729999999999922,-3.7307647e-05,-4.84683e-06,1.2760069e-09,-1.6781432e-07,-5.828203e-06,1.8138728e-05
5.739999999999922,-3.7307647e-05,-4.84683e-06,1.2760067e-09,-1.6781432e-07,-5.828203e-06,1.8138728e-05
5.749999999999922,-3.7307647e-05,-4.84683e-06,1.2760067e-09,-1.6781432e-07,-5.828203e-06,1.8138728e-05
5.759999999999922,-3.7307647e-05,-4.84683e-06,1.2760069e-09,-1.678143e-07,-5.828203e-06,1.8138728e-05
5.769999999999921,-3.7307647e-05,-4.84683e-06,1.2760069e-09,-1.678143e-07,-5.828203e-06,1.8138728e-05
5.779999999999921,-3.7307647e-05,-4.84683e-06,1.2760067e-09,-1.6781432e-07,-5.828203e-06,1.8138728e-05
5.789999999999921,-3.7307647e-05,-4.84683e-06,1.2760069e-09,-1.678143e-07,-5.828203e-06,1.8138728e-05
5.799999999999921,-3.7307647e-05,-4.84683e-06,1.2760067e-09,-1.6781432e-07,-5.828203e-06,1.8138728e-05
5.809999999999921,-3.7307647e-05,-4.84683e-06,1.2760069e-09,-1.678143e-07,-5.828203e-06,1.8138728e-05
5.81999999999992,-3.7307647e-05,-4.84683e-06,1.2760067e-09,-1.6781432e-07,-5.828203e-06,1.8138728e-05
5.82999999999992,-3.7307647e-05,-4.84683e-06,1.2760067e-09,-1.6781432e-07,-5.828203e-06,1.8138728e-05
5.83999999999992,-3.7307647e-05,-4.84683e-06,1.2760071e-09,-1.6781429e-07,-5.828203e-06,1.8138728e-05
5.84999999999992,-3.7307647e-05,-4.84683e-06,1.2760067e-09,-1.6781432e-07,-5.828203e-06,1.8138728e-05
5.8599999999999195,-3.7307647e-05,-4.84683e-06,1.2760067e-09,-1.6781432e-07,-5.828203e-06,1.8138728e-05
5.869999999999919,-3.7307647e-05,-4.84683e-06,1.2760069e-09,-1.6781432e-07,-5.828203e-06,1.8138728e-05
5.879999999999919,-3.7307647e-05,-4.84683e-06,1.2760069e-09,-1.678143e-07,-5.828203e-06,1.8138728e-05
5.889999999999919,-3.7307647e-05,-4.84683e-06,1.2760069e-09,-1.6781432e-07,-5.828203e-06,1.8138728e-05
5.899999999999919,-3.7307647e-05,-4.84683e-06,1.2760067e-09,-1.6781432e-07,-5.828203e-06,1.8138728e-05
5.909999999999918,-3.7307647e-05,-4.84683e-06,1.2760069e-09,-1.678143e-07,-5.828203e-06,1.8138728e-05
5.919999999999918,-3.7307647e-05,-4.84683e-06,1.276007e-09,-1.678143e-07,-5.828203e-06,1.8138728e-05
5.929999999999918,-3.7307647e-05,-4.84683e-06,1.2760069e-09,-1.678143e-07,-5.828203e-06,1.8138728e-05
5.939999999999918,-3.7307647e-05,-4.84683e-06,1.2760067e-09,-1.6781432e-07,-5.828203e-06,1.8138728e-05
5.949999999999918,-3.7307647e-05,-4.84683e-06,1.2760066e-09,-1.6781433e-07,-5.828203e-06,1.8138728e-05
5.959999999999917,-3.7307647e-05,-4.84683e-06,1.2760069e-09,-1.678143e-07,-5.828203e-06,1.8138728e-05
5.969999999999917,-3.7307647e-05,-4.84683e-06,1.276007e-09,-1.678143e-07,-5.828203e-06,1.8138728e-05
5.979999999999917,-3.7307647e-05,-4.84683e-06,1.2760067e-09,-1.6781432e-07,-5.828203e-06,1.8138728e-05
5.989999999999917,-3.7307647e-05,-4.84683e-06,1.2760067e-09,-1.6781432e-07,-5.828203e-06,1.8138728e-05
5.9999999999999165,-3.7307647e-05,-4.84683e-06,1.2760069e-09,-1.678143e-07,-5.828203e-06,1.8138728e-05
6.009999999999916,-3.7307647e-05,-4.84683e-06,1.2760067e-09,-1.6781432e-07,-5.828203e-06,1.8138728e-05
6.019999999999916,-3.7307647e-05,-4.84683e-06,1.2760069e-09,-1.678143e-07,-5.828203e-06,1.8138728e-05
6.029999999999916,-3.7307647e-05,-4.84683e-06,1.2760067e-09,-1.6781432e-07,-5.828203e-06,1.8138728e-05
6.039999999999916,-3.7307647e-05,-4.84683e-06,1.2760069e-09,-1.678143e-07,-5.828203e-06,1.8138728e-05
6.0499999999999154,-3.7307647e-05,-4.84683e-06,1.2760067e-09,-1.6781432e-07,-5.828203e-06,1.8138728e-05
6.059999999999915,-3.7307647e-05,-4.84683e-06,1.2760067e-09,-1.6781432e-07,-5.828203e-06,1.8138728e-05
6.069999999999915,-3.7307647e-05,-4.84683e-06,1.2760067e-09,-1.6781432e-07,-5.828203e-06,1.8138728e-05
6.079999999999915,-3.7307647e-05,-4.84683e-06,1.2760067e-09,-1.6781432e-07,-5.828203e-06,1.8138728e-05
6.089999999999915,-3.7307647e-05,-4.84683e-06,1.2760066e-09,-1.6781433e-07,-5.828203e-06,1.8138728e-05
6.099999999999914,-3.7307647e-05,-4.84683e-06,1.2760067e-09,-1.6781432e-07,-5.828203e-06,1.8138728e-05
6.109999999999914,-3.7307647e-05,-4.84683e-06,1.2760066e-09,-1.6781433e-07,-5.828203e-06,1.8138728e-05
6.119999999999914,-3.7307647e-05,-4.8468296e-06,1.2760066e-09,-1.6781432e-07,-5.828203e-06,1.8138728e-05
6.129999999999914,-3.7307647e-05,-4.84683e-06,1.276007e-09,-1.678143e-07,-5.828203e-06,1.8138728e-05
6.1399999999999135,-3.7307647e-05,-4.84683e-06,1.2760067e-09,-1.6781432e-07,-5.828203e-06,1.8138728e-05
6.149999999999913,-3.7307647e-05,-4.84683e-06,1.2760067e-09,-1.6781432e-07,-5.828203e-06,1.8138728e-05
6.159999999999913,-3.7307647e-05,-4.84683e-06,1.2760066e-09,-1.6781432e-07,-5.828203e-06,1.8138728e-05
6.169999999999913,-3.7307647e-05,-4.84683e-06,1.2760069e-09,-1.6781432e-07,-5.828203e-06,1.8138728e-05
6.179999999999913,-3.7307647e-05,-4.84683e-06,1.2760067e-09,-1.6781432e-07,-5.828203e-06,1.8138728e-05
6.1899999999999125,-3.7307647e-05,-4.84683e-06,1.2760069e-09,-1.678143e-07,-5.828203e-06,1.8138728e-05
6.199999999999912,-3.7307647e-05,-4.84683e-06,1.2760067e-09,-1.6781432e-07,-5.828203e-06,1.8138728e-05
6.209999999999912,-3.7307647e-05,-4.84683e-06,1.2760069e-09,-1.678143e-07,-5.828203e-06,1.8138728e-05
6.219999999999912,-3.7307647e-05,-4.84683e-06,1.2760069e-09,-1.678143e-07,-5.828203e-06,1.8138728e-05
6.229999999999912,-3.7307647e-05,-4.84683e-06,1.2760067e-09,-1.6781432e-07,-5.828203e-06,1.8138728e-05
6.239999999999911,-3.7307647e-05,-4.84683e-06,1.2760067e-09,-1.6781432e-07,-5.828203e-06,1.8138728e-05
6.249999999999911,-3.7307647e-05,-4.84683e-06,1.2760069e-09,-1.6781432e-07,-5.828203e-06,1.8138728e-05
6.259999999999911,-3.7307647e-05,-4.8468296e-06,1.2760066e-09,-1.6781433e-07,-5.828203e-06,1.8138728e-05
6.269999999999911,-3.7307647e-05,-4.84683e-06,1.2760067e-09,-1.6781432e-07,-5.828203e-06,1.8138728e-05
6.2799999999999105,-3.7307647e-05,-4.8468296e-06,1.2760067e-09,-1.6781432e-07,-5.828203e-06,1.8138728e-05
6.28999999999991,-3.7307647e-05,-4.84683e-06,1.2760069e-09,-1.6781432e-07,-5.828203e-06,1.8138728e-05
6.29999999999991,-3.7307647e-05,-4.84683e-06,1.276007e-09,-1.678143e-07,-5.828203e-06,1.8138728e-05
6.30999999999991,-3.7307647e-05,-4.8468296e-06,1.2760067e-09,-1.6781432e-07,-5.828203e-06,1.8138728e-05
6.31999999999991,-3.7307647e-05,-4.84683e-06,1.2760069e-09,-1.678143e-07,-5.828203e-06,1.8138728e-05
6.3299999999999095,-3.7307647e-05,-4.84683e-06,1.2760067e-09,-1.6781432e-07,-5.828203e-06,1.8138728e-05
6.339999999999909,-3.7307647e-05,-4.84683e-06,1.2760067e-09,-1.6781432e-07,-5.828203e-06,1.8138728e-05
6.349999999999909,-3.7307647e-05,-4.84683e-06,1.2760067e-09,-1.6781432e-07,-5.828203e-06,1.8138728e-05
6.359999999999909,-3.7307647e-05,-4.84683e-06,1.2760067e-09,-1.6781432e-07,-5.828203e-06,1.8138728e-05
6.369999999999909,-3.7307647e-05,-4.84683e-06,1.2760067e-09,-1.6781432e-07,-5.828203e-06,1.8138728e-05
6.379999999999908,-3.7307647e-05,-4.84683e-06,1.2760067e-09,-1.6781432e-07,-5.828203e-06,1.8138728e-05
6.389999999999908,-3.7307647e-05,-4.84683e-06,1.2760067e-09,-1.6781432e-07,-5.828203e-06,1.8138728e-05
6.399999999999908,-3.7307647e-05,-4.84683e-06,1.2760067e-09,-1.6781432e-07,-5.828203e-06,1.8138728e-05
6.409999999999908,-3.7307647e-05,-4.84683e-06,1.2760069e-09,-1.6781432e-07,-5.828203e-06,1.8138728e-05
6.419999999999908,-3.7307647e-05,-4.84683e-06,1.276007e-09,-1.678143e-07,-5.828203e-06,1.8138728e-05
6.429999999999907,-3.7307647e-05,-4.84683e-06,1.2760071e-09,-1.678143e-07,-5.828203e-06,1.8138728e-05
6.439999999999907,-3.7307647e-05,-4.84683e-06,1.2760067e-09,-1.6781432e-07,-5.828203e-06,1.8138728e-05
6.449999999999907,-3.7307647e-05,-4.84683e-06,1.2760066e-09,-1.6781433e-07,-5.828203e-06,1.8138728e-05
6.459999999999907,-3.7307647e-05,-4.84683e-06,1.2760069e-09,-1.6781432e-07,-5.828203e-06,1.8138728e-05
6.4699999999999065,-3.7307647e-05,-4.84683e-06,1.2760069e-09,-1.678143e-07,-5.828203e-06,1.8138728e-05
6.479999999999906,-3.7307647e-05,-4.84683e-06,1.2760067e-09,-1.6781432e-07,-5.828203e-06,1.8138728e-05
6.489999999999906,-3.7307647e-05,-4.84683e-06,1.2760067e-09,-1.6781432e-07,-5.828203e-06,1.8138728e-05
6.499999999999906,-3.7307647e-05,-4.84683e-06,1.2760067e-09,-1.6781432e-07,-5.828203e-06,1.8138728e-05
6.509999999999906,-3.7307647e-05,-4.84683e-06,1.2760069e-09,-1.678143e-07,-5.828203e-06,1.8138728e-05
6.519999999999905,-3.7307647e-05,-4.84683e-06,1.2760069e-09,-1.6781432e-07,-5.828203e-06,1.8138728e-05
6.529999999999905,-3.7307647e-05,-4.8468296e-06,1.2760066e-09,-1.6781433e-07,-5.828203e-06,1.8138728e-05
6.539999999999905,-3.7307647e-05,-4.84683e-06,1.276007e-09,-1.678143e-07,-5.828203e-06,1.8138728e-05
6.549999999999905,-3.7307647e-05,-4.84683e-06,1.2760069e-09,-1.678143e-07,-5.828203e-06,1.8138728e-05
6.559999999999905,-3.7307647e-05,-4.84683e-06,1.276007e-09,-1.678143e-07,-5.828203e-06,1.8138728e-05
6.569999999999904,-3.7307647e-05,-4.84683e-06,1.2760066e-09,-1.6781432e-07,-5.828203e-06,1.8138728e-05
6.579999999999904,-3.7307647e-05,-4.8468296e-06,1.2760066e-09,-1.6781432e-07,-5.828203e-06,1.8138728e-05
6.589999999999904,-3.7307647e-05,-4.8468296e-06,1.2760066e-09,-1.6781433e-07,-5.828203e-06,1.8138728e-05
6.599999999999904,-3.7307647e-05,-4.84683e-06,1.2760069e-09,-1.678143e-07,-5.828203e-06,1.8138728e-05
6.6099999999999035,-3.7307647e-05,-4.84683e-06,1.2760067e-09,-1.6781432e-07,-5.828203e-06,1.8138728e-05
6.619999999999903,-3.7307647e-05,-4.84683e-06,1.2760069e-09,-1.678143e-07,-5.828203e-06,1.8138728e-05
6.629999999999903,-3.7307647e-05,-4.84683e-06,1.2760069e-09,-1.678143e-07,-5.828203e-06,1.8138728e-05
6.639999999999903,-3.7307647e-05,-4.84683e-06,1.2760067e-09,-1.6781432e-07,-5.828203e-06,1.8138728e-05
6.649999999999903,-3.7307647e-05,-4.84683e-06,1.2760067e-09,-1.6781432e-07,-5.828203e-06,1.8138728e-05
6.659999999999902,-3.7307647e-05,-4.84683e-06,1.2760067e-09,-1.6781432e-07,-5.828203e-06,1.8138728e-05
6.669999999999902,-3.7307647e-05,-4.84683e-06,1.2760066e-09,-1.6781432e-07,-5.828203e-06,1.8138728e-05
6.679999999999902,-3.7307647e-05,-4.84683e-06,1.2760069e-09,-1.678143e-07,-5.828203e-06,1.8138728e-05
6.689999999999902,-3.7307647e-05,-4.8468296e-06,1.2760066e-09,-1.6781433e-07,-5.828203e-06,1.8138728e-05
6.699999999999902,-3.7307647e-05,-4.84683e-06,1.2760069e-09,-1.678143e-07,-5.828203e-06,1.8138728e-05
6.709999999999901,-3.7307647e-05,-4.84683e-06,1.2760069e-09,-1.6781432e-07,-5.828203e-06,1.8138728e-05
6.719999999999901,-3.7307647e-05,-4.84683e-06,1.2760069e-09,-1.678143e-07,-5.828203e-06,1.8138728e-05
6.729999999999901,-3.7307647e-05,-4.84683e-06,1.2760069e-09,-1.6781432e-07,-5.828203e-06,1.8138728e-05
6.739999999999901,-3.7307647e-05,-4.84683e-06,1.2760067e-09,-1.6781432e-07,-5.828203e-06,1.8138728e-05
6.7499999999999005,-3.7307647e-05,-4.84683e-06,1.2760069e-09,-1.6781432e-07,-5.828203e-06,1.8138728e-05
6.7599999999999,-3.7307647e-05,-4.84683e-06,1.2760067e-09,-1.6781432e-07,-5.828203e-06,1.8138728e-05
6.7699999999999,-3.7307647e-05,-4.84683e-06,1.2760069e-09,-1.678143e-07,-5.828203e-06,1.8138728e-05
6.7799999999999,-3.7307647e-05,-4.84683e-06,1.2760069e-09,-1.6781432e-07,-5.828203e-06,1.8138728e-05
6.7899999999999,-3.7307647e-05,-4.84683e-06,1.2760067e-09,-1.6781432e-07,-5.828203e-06,1.8138728e-05
6.7999999999998995,-3.7307647e-05,-4.84683e-06,1.276007e-09,-1.678143e-07,-5.828203e-06,1.8138728e-05
6.809999999999899,-3.7307647e-05,-4.84683e-06,1.2760069e-09,-1.6781432e-07,-5.828203e-06,1.8138728e-05
6.819999999999899,-3.7307647e-05,-4.84683e-06,1.2760067e-09,-1.6781432e-07,-5.828203e-06,1.8138728e-05
6.829999999999899,-3.7307647e-05,-4.84683e-06,1.276007e-09,-1.678143e-07,-5.828203e-06,1.8138728e-05
6.839999999999899,-3.7307647e-05,-4.84683e-06,1.2760069e-09,-1.678143e-07,-5.828203e-06,1.8138728e-05
6.849999999999898,-3.7307647e-05,-4.84683e-06,1.2760069e-09,-1.678143e-07,-5.828203e-06,1.8138728e-05
6.859999999999898,-3.7307647e-05,-4.84683e-06,1.2760067e-09,-1.6781432e-07,-5.828203e-06,1.8138728e-05
6.869999999999898,-3.7307647e-05,-4.84683e-06,1.2760069e-09,-1.6781432e-07,-5.828203e-06,1.8138728e-05
6.879999999999898,-3.7307647e-05,-4.84683e-06,1.276007e-09,-1.678143e-07,-5.828203e-06,1.8138728e-05
6.8899999999998975,-3.7307647e-05,-4.84683e-06,1.2760069e-09,-1.6781432e-07,-5.828203e-06,1.8138728e-05
6.899999999999897,-3.7307647e-05,-4.84683e-06,1.2760069e-09,-1.678143e-07,-5.828203e-06,1.8138728e-05
6.909999999999897,-3.7307647e-05,-4.8468296e-06,1.2760066e-09,-1.6781432e-07,-5.828203e-06,1.8138728e-05
6.919999999999897,-3.7307647e-05,-4.8468296e-06,1.2760066e-09,-1.6781433e-07,-5.828203e-06,1.8138728e-05
6.929999999999897,-3.7307647e-05,-4.84683e-06,1.2760069e-09,-1.6781432e-07,-5.828203e-06,1.8138728e-05
6.9399999999998965,-3.730765e-05,-4.84683e-06,1.2760067e-09,-1.6781432e-07,-5.828203e-06,1.8138728e-05
6.949999999999896,-3.7307647e-05,-4.84683e-06,1.2760066e-09,-1.6781433e-07,-5.828203e-06,1.8138728e-05
6.959999999999896,-3.7307647e-05,-4.84683e-06,1.2760069e-09,-1.6781432e-07,-5.828203e-06,1.8138728e-05
6.969999999999896,-3.7307647e-05,-4.84683e-06,1.2760067e-09,-1.6781432e-07,-5.828203e-06,1.8138728e-05
6.979999999999896,-3.7307647e-05,-4.84683e-06,1.2760066e-09,-1.6781432e-07,-5.828203e-06,1.8138728e-05
6.989999999999895,-3.7307647e-05,-4.8468296e-06,1.2760066e-09,-1.6781433e-07,-5.828203e-06,1.8138728e-05
6.999999999999895,-3.7307647e-05,-4.8468296e-06,1.2760064e-09,-1.6781435e-07,-5.828203e-06,1.8138728e-05
7.009999999999895,-3.7307647e-05,-4.84683e-06,1.2760069e-09,-1.678143e-07,-5.828203e-06,1.8138728e-05
7.019999999999895,-3.7307647e-05,-4.8468296e-06,1.2760066e-09,-1.6781432e-07,-5.828203e-06,1.8138728e-05
7.0299999999998946,-3.7307647e-05,-4.84683e-06,1.2760067e-09,-1.6781432e-07,-5.828203e-06,1.8138728e-05
7.039999999999894,-3.7307647e-05,-4.84683e-06,1.2760067e-09,-1.6781432e-07,-5.828203e-06,1.8138728e-05
7.049999999999894,-3.7307647e-05,-4.84683e-06,1.2760067e-09,-1.6781432e-07,-5.828203e-06,1.8138728e-05
7.059999999999894,-3.7307647e-05,-4.84683e-06,1.2760066e-09,-1.6781433e-07,-5.828203e-06,1.8138728e-05
7.069999999999894,-3.7307647e-05,-4.84683e-06,1.2760067e-09,-1.6781432e-07,-5.828203e-06,1.8138728e-05
7.0799999999998935,-3.7307647e-05,-4.84683e-06,1.2760069e-09,-1.6781432e-07,-5.828203e-06,1.8138728e-05
7.089999999999893,-3.7307647e-05,-4.8468296e-06,1.2760065e-09,-1.6781433e-07,-5.828203e-06,1.8138728e-05
7.099999999999893,-3.7307647e-05,-4.8468296e-06,1.2760067e-09,-1.6781432e-07,-5.828203e-06,1.8138728e-05
7.109999999999893,-3.7307647e-05,-4.84683e-06,1.2760067e-09,-1.6781432e-07,-5.828203e-06,1.8138728e-05
7.119999999999893,-3.7307647e-05,-4.84683e-06,1.2760067e-09,-1.6781432e-07,-5.828203e-06,1.8138728e-05
7.129999999999892,-3.7307647e-05,-4.84683e-06,1.2760067e-09,-1.6781432e-07,-5.828203e-06,1.8138728e-05
7.139999999999892,-3.7307647e-05,-4.8468296e-06,1.2760064e-09,-1.6781435e-07,-5.828203e-06,1.8138728e-05
7.149999999999892,-3.7307647e-05,-4.8468296e-06,1.2760065e-09,-1.6781433e-07,-5.828203e-06,1.8138728e-05
7.159999999999892,-3.7307647e-05,-4.84683e-06,1.2760066e-09,-1.6781432e-07,-5.828203e-06,1.8138728e-05
7.169999999999892,-3.7307647e-05,-4.84683e-06,1.2760065e-09,-1.6781433e-07,-5.828203e-06,1.8138728e-05
7.179999999999891,-3.7307647e-05,-4.84683e-06,1.2760066e-09,-1.6781433e-07,-5.828203e-06,1.8138728e-05
7.189999999999891,-3.7307647e-05,-4.8468296e-06,1.2760065e-09,-1.6781433e-07,-5.828203e-06,1.8138728e-05
7.199999999999891,-3.7307647e-05,-4.84683e-06,1.2760067e-09,-1.6781432e-07,-5.828203e-06,1.8138728e-05
7.209999999999891,-3.7307647e-05,-4.84683e-06,1.2760066e-09,-1.6781433e-07,-5.828203e-06,1.8138728e-05
7.2199999999998905,-3.7307647e-05,-4.84683e-06,1.2760065e-09,-1.6781433e-07,-5.828203e-06,1.8138728e-05
7.22999999999989,-3.7307647e-05,-4.84683e-06,1.2760067e-09,-1.6781432e-07,-5.828203e-06,1.8138728e-05
7.23999999999989,-3.7307647e-05,-4.84683e-06,1.2760067e-09,-1.6781432e-07,-5.828203e-06,1.8138728e-05
7.24999999999989,-3.7307647e-05,-4.84683e-06,1.2760066e-09,-1.6781432e-07,-5.828203e-06,1.8138728e-05
7.25999999999989,-3.7307647e-05,-4.8468296e-06,1.2760065e-09,-1.6781433e-07,-5.828203e-06,1.8138728e-05
7.269999999999889,-3.7307647e-05,-4.8468296e-06,1.2760065e-09,-1.6781433e-07,-5.828203e-06,1.8138728e-05
7.279999999999889,-3.7307647e-05,-4.84683e-06,1.2760065e-09,-1.6781433e-07,-5.828203e-06,1.8138728e-05
7.289999999999889,-3.7307647e-05,-4.8468296e-06,1.2760066e-09,-1.6781433e-07,-5.828203e-06,1.8138728e-05
7.299999999999889,-3.7307647e-05,-4.84683e-06,1.276007e-09,-1.678143e-07,-5.828203e-06,1.8138728e-05
7.309999999999889,-3.7307647e-05,-4.84683e-06,1.2760067e-09,-1.6781432e-07,-5.828203e-06,1.8138728e-05
7.319999999999888,-3.7307647e-05,-4.8468296e-06,1.2760064e-09,-1.6781435e-07,-5.828203e-06,1.8138728e-05
7.329999999999888,-3.7307647e-05,-4.84683e-06,1.2760069e-09,-1.6781432e-07,-5.828203e-06,1.8138728e-05
7.339999999999888,-3.7307647e-05,-4.8468296e-06,1.2760067e-09,-1.6781432e-07,-5.828203e-06,1.8138728e-05
7.349999999999888,-3.7307647e-05,-4.84683e-06,1.2760067e-09,-1.6781432e-07,-5.828203e-06,1.8138728e-05
7.3599999999998875,-3.7307647e-05,-4.84683e-06,1.276007e-09,-1.678143e-07,-5.828203e-06,1.8138728e-05
7.369999999999887,-3.7307647e-05,-4.84683e-06,1.2760067e-09,-1.6781432e-07,-5.828203e-06,1.8138728e-05
7.379999999999887,-3.7307647e-05,-4.84683e-06,1.2760066e-09,-1.6781433e-07,-5.828203e-06,1.8138728e-05
7.389999999999887,-3.7307647e-05,-4.84683e-06,1.2760066e-09,-1.6781432e-07,-5.828203e-06,1.8138728e-05
7.399999999999887,-3.7307647e-05,-4.8468296e-06,1.2760064e-09,-1.6781435e-07,-5.828203e-06,1.8138728e-05
7.4099999999998865,-3.7307647e-05,-4.84683e-06,1.2760066e-09,-1.6781433e-07,-5.828203e-06,1.8138728e-05
7.419999999999886,-3.730765e-05,-4.84683e-06,1.2760069e-09,-1.6781432e-07,-5.828203e-06,1.8138728e-05
7.429999999999886,-3.7307647e-05,-4.84683e-06,1.2760067e-09,-1.6781433e-07,-5.828203e-06,1.8138728e-05
7.439999999999886,-3.7307647e-05,-4.84683e-06,1.2760069e-09,-1.678143e-07,-5.828203e-06,1.8138728e-05
7.449999999999886,-3.7307647e-05,-4.84683e-06,1.2760069e-09,-1.678143e-07,-5.828203e-06,1.8138728e-05
7.459999999999885,-3.730765e-05,-4.84683e-06,1.276007e-09,-1.678143e-07,-5.828203e-06,1.8138728e-05
7.469999999999885,-3.7307647e-05,-4.84683e-06,1.2760066e-09,-1.6781433e-07,-5.828203e-06,1.8138728e-05
7.479999999999885,-3.7307647e-05,-4.84683e-06,1.276007e-09,-1.678143e-07,-5.828203e-06,1.8138728e-05
7.489999999999885,-3.7307647e-05,-4.84683e-06,1.2760069e-09,-1.678143e-07,-5.828203e-06,1.8138728e-05
7.4999999999998845,-3.7307647e-05,-4.8468296e-06,1.2760065e-09,-1.6781433e-07,-5.828203e-06,1.8138728e-05
7.509999999999884,-3.7307647e-05,-4.84683e-06,1.2760067e-09,-1.6781432e-07,-5.828203e-06,1.8138728e-05
7.519999999999884,-3.7307647e-05,-4.84683e-06,1.2760066e-09,-1.6781433e-07,-5.828203e-06,1.8138728e-05
7.529999999999884,-3.730765e-05,-4.84683e-06,1.2760067e-09,-1.6781433e-07,-5.828203e-06,1.8138728e-05
7.539999999999884,-3.7307647e-05,-4.84683e-06,1.2760066e-09,-1.6781433e-07,-5.828203e-06,1.8138728e-05
7.5499999999998835,-3.7307647e-05,-4.84683e-06,1.2760069e-09,-1.6781432e-07,-5.828203e-06,1.8138728e-05
7.559999999999883,-3.7307647e-05,-4.84683e-06,1.2760067e-09,-1.6781432e-07,-5.828203e-06,1.8138728e-05
7.569999999999883,-3.7307647e-05,-4.84683e-06,1.2760067e-09,-1.6781432e-07,-5.828203e-06,1.8138728e-05
7.579999999999883,-3.730765e-05,-4.84683e-06,1.2760071e-09,-1.6781429e-07,-5.828203e-06,1.8138728e-05
7.589999999999883,-3.7307647e-05,-4.84683e-06,1.2760067e-09,-1.6781432e-07,-5.828203e-06,1.8138728e-05
7.599999999999882,-3.7307647e-05,-4.8468296e-06,1.2760065e-09,-1.6781435e-07,-5.828203e-06,1.8138728e-05
7.609999999999882,-3.7307647e-05,-4.84683e-06,1.2760067e-09,-1.6781432e-07,-5.828203e-06,1.8138728e-05
7.619999999999882,-3.7307647e-05,-4.84683e-06,1.2760069e-09,-1.678143e-07,-5.828203e-06,1.8138728e-05
7.629999999999882,-3.7307647e-05,-4.84683e-06,1.2760066e-09,-1.6781433e-07,-5.828203e-06,1.8138728e-05
7.6399999999998816,-3.7307647e-05,-4.84683e-06,1.2760066e-09,-1.6781433e-07,-5.828203e-06,1.8138728e-05
7.649999999999881,-3.7307647e-05,-4.84683e-06,1.2760067e-09,-1.6781432e-07,-5.828203e-06,1.8138728e-05
7.659999999999881,-3.7307647e-05,-4.8468296e-06,1.2760066e-09,-1.6781433e-07,-5.828203e-06,1.8138728e-05
7.669999999999881,-3.7307647e-05,-4.84683e-06,1.2760067e-09,-1.6781432e-07,-5.828203e-06,1.8138728e-05
7.679999999999881,-3.7307647e-05,-4.8468296e-06,1.2760067e-09,-1.6781432e-07,-5.828203e-06,1.8138728e-05
7.6899999999998805,-3.7307647e-05,-4.8468296e-06,1.2760063e-09,-1.6781435e-07,-5.828203e-06,1.8138728e-05
7.69999999999988,-3.7307647e-05,-4.84683e-06,1.2760067e-09,-1.6781432e-07,-5.828203e-06,1.8138728e-05
7.70999999999988,-3.7307647e-05,-4.84683e-06,1.2760065e-09,-1.6781433e-07,-5.828203e-06,1.8138728e-05
7.71999999999988,-3.7307647e-05,-4.84683e-06,1.2760066e-09,-1.6781433e-07,-5.828203e-06,1.8138728e-05
7.72999999999988,-3.7307647e-05,-4.84683e-06,1.2760067e-09,-1.6781432e-07,-5.828203e-06,1.8138728e-05
7.739999999999879,-3.7307647e-05,-4.84683e-06,1.2760065e-09,-1.6781433e-07,-5.828203e-06,1.8138728e-05
7.749999999999879,-3.7307647e-05,-4.84683e-06,1.2760067e-09,-1.6781432e-07,-5.828203e-06,1.8138728e-05
7.759999999999879,-3.7307647e-05,-4.84683e-06,1.2760066e-09,-1.6781433e-07,-5.828203e-06,1.8138728e-05
7.769999999999879,-3.7307647e-05,-4.84683e-06,1.2760067e-09,-1.6781432e-07,-5.828203e-06,1.8138728e-05
7.779999999999879,-3.7307647e-05,-4.84683e-06,1.2760069e-09,-1.6781432e-07,-5.828203e-06,1.8138728e-05
7.789999999999878,-3.730765e-05,-4.84683e-06,1.2760069e-09,-1.6781432e-07,-5.828203e-06,1.8138728e-05
7.799999999999878,-3.730765e-05,-4.84683e-06,1.2760067e-09,-1.6781432e-07,-5.828203e-06,1.8138728e-05
7.809999999999878,-3.7307647e-05,-4.84683e-06,1.2760067e-09,-1.6781432e-07,-5.828203e-06,1.8138728e-05
7.819999999999878,-3.7307647e-05,-4.84683e-06,1.2760067e-09,-1.6781432e-07,-5.828203e-06,1.8138728e-05
7.8299999999998775,-3.7307647e-05,-4.84683e-06,1.2760069e-09,-1.678143e-07,-5.828203e-06,1.8138728e-05
7.839999999999877,-3.7307647e-05,-4.8468296e-06,1.2760065e-09,-1.6781433e-07,-5.828203e-06,1.8138728e-05
7.849999999999877,-3.7307647e-05,-4.84683e-06,1.276007e-09,-1.678143e-07,-5.828203e-06,1.8138728e-05
7.859999999999877,-3.730765e-05,-4.84683e-06,1.276007e-09,-1.678143e-07,-5.828203e-06,1.8138728e-05
7.869999999999877,-3.7307647e-05,-4.8468296e-06,1.2760064e-09,-1.6781435e-07,-5.828203e-06,1.8138728e-05
7.879999999999876,-3.7307647e-05,-4.84683e-06,1.2760069e-09,-1.6781432e-07,-5.828203e-06,1.8138728e-05
7.889999999999876,-3.7307647e-05,-4.84683e-06,1.2760066e-09,-1.6781432e-07,-5.828203e-06,1.8138728e-05
7.899999999999876,-3.7307647e-05,-4.84683e-06,1.276007e-09,-1.678143e-07,-5.828203e-06,1.8138728e-05
7.909999999999876,-3.7307647e-05,-4.84683e-06,1.2760067e-09,-1.6781432e-07,-5.828203e-06,1.8138728e-05
7.919999999999876,-3.7307647e-05,-4.84683e-06,1.2760069e-09,-1.678143e-07,-5.828203e-06,1.8138728e-05
7.929999999999875,-3.7307647e-05,-4.84683e-06,1.2760069e-09,-1.6781432e-07,-5.828203e-06,1.8138728e-05
7.939999999999875,-3.7307647e-05,-4.84683e-06,1.2760066e-09,-1.6781433e-07,-5.828203e-06,1.8138728e-05
7.949999999999875,-3.7307647e-05,-4.84683e-06,1.2760065e-09,-1.6781433e-07,-5.828203e-06,1.8138728e-05
7.959999999999875,-3.7307647e-05,-4.84683e-06,1.2760067e-09,-1.6781432e-07,-5.828203e-06,1.8138728e-05
7.9699999999998745,-3.7307647e-05,-4.84683e-06,1.2760066e-09,-1.6781433e-07,-5.828203e-06,1.8138728e-05
7.979999999999874,-3.7307647e-05,-4.84683e-06,1.2760065e-09,-1.6781433e-07,-5.828203e-06,1.8138728e-05
7.989999999999874,-3.7307647e-05,-4.84683e-06,1.2760069e-09,-1.6781432e-07,-5.828203e-06,1.8138728e-05
7.999999999999874,-3.7307647e-05,-4.8468296e-06,1.2760065e-09,-1.6781433e-07,-5.828203e-06,1.8138728e-05
8.009999999999874,-3.7307647e-05,-4.84683e-06,1.2760069e-09,-1.678143e-07,-5.828203e-06,1.8138728e-05
8.019999999999873,-3.7307647e-05,-4.8468296e-06,1.2760066e-09,-1.6781433e-07,-5.828203e-06,1.8138728e-05
8.029999999999873,-3.7307647e-05,-4.8468296e-06,1.2760066e-09,-1.6781432e-07,-5.828203e-06,1.8138728e-05
8.039999999999873,-3.7307647e-05,-4.8468296e-06,1.2760066e-09,-1.6781433e-07,-5.828203e-06,1.8138728e-05
8.049999999999873,-3.7307647e-05,-4.84683e-06,1.2760067e-09,-1.6781432e-07,-5.828203e-06,1.8138728e-05
8.059999999999873,-3.7307647e-05,-4.84683e-06,1.2760067e-09,-1.6781432e-07,-5.828203e-06,1.8138728e-05
8.069999999999872,-3.7307647e-05,-4.84683e-06,1.2760066e-09,-1.6781433e-07,-5.828203e-06,1.8138728e-05
8.079999999999872,-3.7307647e-05,-4.84683e-06,1.2760067e-09,-1.6781432e-07,-5.828203e-06,1.8138728e-05
8.089999999999872,-3.7307647e-05,-4.8468296e-06,1.2760065e-09,-1.6781433e-07,-5.828203e-06,1.8138728e-05
8.099999999999872,-3.7307647e-05,-4.84683e-06,1.2760066e-09,-1.6781433e-07,-5.828203e-06,1.8138728e-05
8.109999999999872,-3.730765e-05,-4.84683e-06,1.2760067e-09,-1.6781432e-07,-5.828203e-06,1.8138728e-05
8.119999999999871,-3.7307647e-05,-4.8468296e-06,1.2760064e-09,-1.6781435e-07,-5.828203e-06,1.8138728e-05
8.129999999999871,-3.7307647e-05,-4.84683e-06,1.2760069e-09,-1.6781432e-07,-5.828203e-06,1.8138728e-05
8.139999999999871,-3.7307647e-05,-4.84683e-06,1.2760067e-09,-1.6781432e-07,-5.828203e-06,1.8138728e-05
8.14999999999987,-3.7307647e-05,-4.8468296e-06,1.2760066e-09,-1.6781433e-07,-5.828203e-06,1.8138728e-05
8.15999999999987,-3.7307647e-05,-4.84683e-06,1.2760066e-09,-1.6781433e-07,-5.828203e-06,1.8138728e-05
8.16999999999987,-3.7307647e-05,-4.8468296e-06,1.2760065e-09,-1.6781433e-07,-5.828203e-06,1.8138728e-05
8.17999999999987,-3.7307647e-05,-4.84683e-06,1.2760069e-09,-1.6781432e-07,-5.828203e-06,1.8138728e-05
8.18999999999987,-3.7307647e-05,-4.84683e-06,1.2760066e-09,-1.6781433e-07,-5.828203e-06,1.8138728e-05
8.19999999999987,-3.7307647e-05,-4.84683e-06,1.2760065e-09,-1.6781433e-07,-5.828203e-06,1.8138728e-05
8.20999999999987,-3.7307647e-05,-4.8468296e-06,1.2760066e-09,-1.6781433e-07,-5.828203e-06,1.8138728e-05
8.21999999999987,-3.7307647e-05,-4.84683e-06,1.2760066e-09,-1.6781433e-07,-5.828203e-06,1.8138728e-05
8.229999999999869,-3.730765e-05,-4.84683e-06,1.2760067e-09,-1.6781432e-07,-5.828203e-06,1.8138728e-05
8.239999999999869,-3.7307647e-05,-4.84683e-06,1.2760069e-09,-1.678143e-07,-5.828203e-06,1.8138728e-05
8.249999999999869,-3.7307647e-05,-4.84683e-06,1.2760066e-09,-1.6781433e-07,-5.828203e-06,1.8138728e-05
8.259999999999868,-3.7307647e-05,-4.84683e-06,1.2760066e-09,-1.6781433e-07,-5.828203e-06,1.8138728e-05
8.269999999999868,-3.7307647e-05,-4.8468296e-06,1.2760066e-09,-1.6781433e-07,-5.828203e-06,1.8138728e-05
8.279999999999868,-3.7307647e-05,-4.84683e-06,1.2760066e-09,-1.6781433e-07,-5.828203e-06,1.8138728e-05
8.289999999999868,-3.7307647e-05,-4.84683e-06,1.2760066e-09,-1.6781432e-07,-5.828203e-06,1.8138728e-05
8.299999999999867,-3.7307647e-05,-4.84683e-06,1.2760066e-09,-1.6781433e-07,-5.828203e-06,1.8138728e-05
8.309999999999867,-3.7307647e-05,-4.84683e-06,1.2760069e-09,-1.6781432e-07,-5.828203e-06,1.8138728e-05
8.319999999999867,-3.7307647e-05,-4.84683e-06,1.2760067e-09,-1.6781432e-07,-5.828203e-06,1.8138728e-05
8.329999999999867,-3.7307647e-05,-4.84683e-06,1.2760067e-09,-1.6781432e-07,-5.828203e-06,1.8138728e-05
8.339999999999867,-3.7307647e-05,-4.84683e-06,1.2760069e-09,-1.6781432e-07,-5.828203e-06,1.8138728e-05
8.349999999999866,-3.7307647e-05,-4.84683e-06,1.2760066e-09,-1.6781433e-07,-5.828203e-06,1.8138728e-05
8.359999999999866,-3.7307647e-05,-4.84683e-06,1.276007e-09,-1.678143e-07,-5.828203e-06,1.8138728e-05
8.369999999999866,-3.7307647e-05,-4.84683e-06,1.2760066e-09,-1.6781433e-07,-5.828203e-06,1.8138728e-05
8.379999999999866,-3.7307647e-05,-4.84683e-06,1.2760067e-09,-1.6781432e-07,-5.828203e-06,1.8138728e-05
8.389999999999866,-3.7307647e-05,-4.84683e-06,1.2760069e-09,-1.6781432e-07,-5.828203e-06,1.8138728e-05
8.399999999999865,-3.7307647e-05,-4.84683e-06,1.2760069e-09,-1.6781432e-07,-5.828203e-06,1.8138728e-05
8.409999999999865,-3.7307647e-05,-4.84683e-06,1.2760065e-09,-1.6781433e-07,-5.828203e-06,1.8138728e-05
8.419999999999865,-3.7307647e-05,-4.84683e-06,1.2760067e-09,-1.6781432e-07,-5.828203e-06,1.8138728e-05
8.429999999999865,-3.7307647e-05,-4.84683e-06,1.2760069e-09,-1.6781432e-07,-5.828203e-06,1.8138728e-05
8.439999999999864,-3.7307647e-05,-4.84683e-06,1.2760066e-09,-1.6781433e-07,-5.828203e-06,1.8138728e-05
8.449999999999864,-3.7307647e-05,-4.8468296e-06,1.2760065e-09,-1.6781433e-07,-5.828203e-06,1.8138728e-05
8.459999999999864,-3.7307647e-05,-4.84683e-06,1.2760067e-09,-1.6781432e-07,-5.828203e-06,1.8138728e-05
8.469999999999864,-3.7307647e-05,-4.84683e-06,1.2760069e-09,-1.678143e-07,-5.828203e-06,1.8138728e-05
8.479999999999864,-3.7307647e-05,-4.84683e-06,1.2760064e-09,-1.6781435e-07,-5.828203e-06,1.8138728e-05
8.489999999999863,-3.7307647e-05,-4.84683e-06,1.2760066e-09,-1.6781433e-07,-5.828203e-06,1.8138728e-05
8.499999999999863,-3.730765e-05,-4.84683e-06,1.2760069e-09,-1.6781432e-07,-5.828203e-06,1.8138728e-05
8.509999999999863,-3.7307647e-05,-4.84683e-06,1.2760065e-09,-1.6781433e-07,-5.828203e-06,1.8138728e-05
8.519999999999863,-3.730765e-05,-4.84683e-06,1.2760072e-09,-1.6781429e-07,-5.828203e-06,1.8138728e-05
8.529999999999863,-3.7307647e-05,-4.84683e-06,1.2760067e-09,-1.6781432e-07,-5.828203e-06,1.8138728e-05
8.539999999999862,-3.730765e-05,-4.84683e-06,1.2760067e-09,-1.6781432e-07,-5.828203e-06,1.8138728e-05
8.549999999999862,-3.730765e-05,-4.84683e-06,1.2760067e-09,-1.6781432e-07,-5.828203e-06,1.8138728e-05
8.559999999999862,-3.7307647e-05,-4.84683e-06,1.2760066e-09,-1.6781433e-07,-5.828203e-06,1.8138728e-05
8.569999999999862,-3.7307647e-05,-4.84683e-06,1.2760067e-09,-1.6781432e-07,-5.828203e-06,1.8138728e-05
8.579999999999862,-3.7307647e-05,-4.8468296e-06,1.2760065e-09,-1.6781433e-07,-5.828203e-06,1.8138728e-05
8.589999999999861,-3.7307647e-05,-4.84683e-06,1.2760069e-09,-1.6781432e-07,-5.828203e-06,1.8138728e-05
8.599999999999861,-3.7307647e-05,-4.84683e-06,1.2760066e-09,-1.6781433e-07,-5.828203e-06,1.8138728e-05
8.60999999999986,-3.7307647e-05,-4.8468296e-06,1.2760065e-09,-1.6781433e-07,-5.828203e-06,1.8138728e-05
8.61999999999986,-3.7307647e-05,-4.8468296e-06,1.2760065e-09,-1.6781435e-07,-5.828203e-06,1.8138728e-05
8.62999999999986,-3.7307647e-05,-4.84683e-06,1.2760065e-09,-1.6781433e-07,-5.828203e-06,1.8138728e-05
8.63999999999986,-3.730765e-05,-4.84683e-06,1.2760067e-09,-1.6781432e-07,-5.828203e-06,1.8138728e-05
8.64999999999986,-3.7307647e-05,-4.84683e-06,1.2760067e-09,-1.6781432e-07,-5.828203e-06,1.8138728e-05
8.65999999999986,-3.730765e-05,-4.84683e-06,1.2760066e-09,-1.6781433e-07,-5.828203e-06,1.8138728e-05
8.66999999999986,-3.7307647e-05,-4.84683e-06,1.2760067e-09,-1.6781432e-07,-5.828203e-06,1.8138728e-05
8.67999999999986,-3.7307647e-05,-4.84683e-06,1.2760069e-09,-1.6781432e-07,-5.828203e-06,1.8138728e-05
8.68999999999986,-3.7307647e-05,-4.84683e-06,1.2760067e-09,-1.6781432e-07,-5.828203e-06,1.8138728e-05
8.699999999999859,-3.7307647e-05,-4.84683e-06,1.2760067e-09,-1.6781432e-07,-5.828203e-06,1.8138728e-05
8.709999999999859,-3.7307647e-05,-4.84683e-06,1.2760067e-09,-1.6781432e-07,-5.828203e-06,1.8138728e-05
8.719999999999859,-3.7307647e-05,-4.84683e-06,1.2760066e-09,-1.6781433e-07,-5.828203e-06,1.8138728e-05
8.729999999999858,-3.7307647e-05,-4.84683e-06,1.2760069e-09,-1.6781432e-07,-5.828203e-06,1.8138728e-05
8.739999999999858,-3.7307647e-05,-4.84683e-06,1.2760069e-09,-1.6781432e-07,-5.828203e-06,1.8138728e-05
8.749999999999858,-3.7307647e-05,-4.8468296e-06,1.2760066e-09,-1.6781433e-07,-5.828203e-06,1.8138728e-05
8.759999999999858,-3.7307647e-05,-4.84683e-06,1.2760069e-09,-1.6781432e-07,-5.828203e-06,1.8138728e-05
8.769999999999857,-3.7307647e-05,-4.84683e-06,1.2760067e-09,-1.6781432e-07,-5.828203e-06,1.8138728e-05
8.779999999999857,-3.7307647e-05,-4.84683e-06,1.2760069e-09,-1.6781432e-07,-5.828203e-06,1.8138728e-05
8.789999999999857,-3.7307647e-05,-4.84683e-06,1.2760066e-09,-1.6781433e-07,-5.828203e-06,1.8138728e-05
8.799999999999857,-3.7307647e-05,-4.84683e-06,1.276007e-09,-1.678143e-07,-5.828203e-06,1.8138728e-05
8.809999999999857,-3.730765e-05,-4.84683e-06,1.276007e-09,-1.678143e-07,-5.828203e-06,1.8138728e-05
8.819999999999856,-3.7307647e-05,-4.84683e-06,1.2760069e-09,-1.678143e-07,-5.828203e-06,1.8138728e-05
8.829999999999856,-3.7307647e-05,-4.8468296e-06,1.2760066e-09,-1.6781433e-07,-5.828203e-06,1.8138728e-05
8.839999999999856,-3.7307647e-05,-4.8468296e-06,1.2760066e-09,-1.6781433e-07,-5.828203e-06,1.8138728e-05
8.849999999999856,-3.7307647e-05,-4.84683e-06,1.2760065e-09,-1.6781433e-07,-5.828203e-06,1.8138728e-05
8.859999999999856,-3.7307647e-05,-4.8468296e-06,1.2760065e-09,-1.6781433e-07,-5.828203e-06,1.8138728e-05
8.869999999999855,-3.7307647e-05,-4.84683e-06,1.2760069e-09,-1.678143e-07,-5.828203e-06,1.8138728e-05
8.879999999999855,-3.7307647e-05,-4.84683e-06,1.2760067e-09,-1.6781432e-07,-5.828203e-06,1.8138728e-05
8.889999999999855,-3.7307647e-05,-4.84683e-06,1.2760067e-09,-1.6781433e-07,-5.828203e-06,1.8138728e-05
8.899999999999855,-3.7307647e-05,-4.8468296e-06,1.2760065e-09,-1.6781433e-07,-5.828203e-06,1.8138728e-05
8.909999999999854,-3.7307647e-05,-4.84683e-06,1.2760067e-09,-1.6781432e-07,-5.828203e-06,1.8138728e-05
8.919999999999854,-3.7307647e-05,-4.84683e-06,1.2760067e-09,-1.6781432e-07,-5.828203e-06,1.8138728e-05
8.929999999999854,-3.7307647e-05,-4.8468296e-06,1.2760065e-09,-1.6781433e-07,-5.828203e-06,1.8138728e-05
8.939999999999854,-3.730765e-05,-4.84683e-06,1.2760067e-09,-1.6781432e-07,-5.828203e-06,1.8138728e-05
8.949999999999854,-3.7307647e-05,-4.8468296e-06,1.2760066e-09,-1.6781433e-07,-5.828203e-06,1.8138728e-05
8.959999999999853,-3.7307647e-05,-4.84683e-06,1.2760069e-09,-1.678143e-07,-5.828203e-06,1.8138728e-05
8.969999999999853,-3.7307647e-05,-4.84683e-06,1.2760067e-09,-1.6781432e-07,-5.828203e-06,1.8138728e-05
8.979999999999853,-3.7307647e-05,-4.8468296e-06,1.2760066e-09,-1.6781433e-07,-5.828203e-06,1.8138728e-05
8.989999999999853,-3.7307647e-05,-4.84683e-06,1.2760066e-09,-1.6781433e-07,-5.828203e-06,1.8138728e-05
8.999999999999853,-3.730765e-05,-4.84683e-06,1.2760066e-09,-1.6781433e-07,-5.828203e-06,1.8138728e-05
9.009999999999852,-3.7307647e-05,-4.84683e-06,1.276007e-09,-1.678143e-07,-5.828203e-06,1.8138728e-05
9.019999999999852,-3.7307647e-05,-4.84683e-06,1.2760065e-09,-1.6781435e-07,-5.828203e-06,1.8138728e-05
9.029999999999852,-3.7307647e-05,-4.8468296e-06,1.2760064e-09,-1.6781435e-07,-5.828203e-06,1.8138728e-05
9.039999999999852,-3.730765e-05,-4.84683e-06,1.2760067e-09,-1.6781432e-07,-5.828203e-06,1.8138728e-05
9.049999999999851,-3.7307647e-05,-4.84683e-06,1.2760069e-09,-1.678143e-07,-5.828203e-06,1.8138728e-05
9.059999999999851,-3.7307647e-05,-4.8468296e-06,1.2760063e-09,-1.6781435e-07,-5.828203e-06,1.8138728e-05
9.069999999999851,-3.7307647e-05,-4.8468296e-06,1.2760067e-09,-1.6781432e-07,-5.828203e-06,1.8138728e-05
9.07999999999985,-3.730765e-05,-4.84683e-06,1.276007e-09,-1.678143e-07,-5.828203e-06,1.8138728e-05
9.08999999999985,-3.7307647e-05,-4.84683e-06,1.2760066e-09,-1.6781433e-07,-5.828203e-06,1.8138728e-05
9.09999999999985,-3.730765e-05,-4.84683e-06,1.2760069e-09,-1.6781432e-07,-5.828203e-06,1.8138728e-05
9.10999999999985,-3.730765e-05,-4.84683e-06,1.2760069e-09,-1.6781432e-07,-5.828203e-06,1.8138728e-05
9.11999999999985,-3.7307647e-05,-4.84683e-06,1.2760067e-09,-1.6781432e-07,-5.828203e-06,1.8138728e-05
9.12999999999985,-3.7307647e-05,-4.84683e-06,1.2760067e-09,-1.6781432e-07,-5.828203e-06,1.8138728e-05
9.13999999999985,-3.7307647e-05,-4.84683e-06,1.2760067e-09,-1.6781432e-07,-5.828203e-06,1.8138728e-05
9.14999999999985,-3.730765e-05,-4.84683e-06,1.276007e-09,-1.678143e-07,-5.828203e-06,1.8138728e-05
9.15999999999985,-3.730765e-05,-4.84683e-06,1.2760066e-09,-1.6781433e-07,-5.828203e-06,1.8138728e-05
9.169999999999849,-3.7307647e-05,-4.8468296e-06,1.2760063e-09,-1.6781435e-07,-5.828203e-06,1.8138728e-05
9.179999999999849,-3.730765e-05,-4.84683e-06,1.276007e-09,-1.678143e-07,-5.828203e-06,1.8138728e-05
9.189999999999849,-3.7307647e-05,-4.84683e-06,1.2760067e-09,-1.6781432e-07,-5.828203e-06,1.8138728e-05
9.199999999999848,-3.7307647e-05,-4.84683e-06,1.2760066e-09,-1.6781433e-07,-5.828203e-06,1.8138728e-05
9.209999999999848,-3.7307647e-05,-4.84683e-06,1.276007e-09,-1.678143e-07,-5.828203e-06,1.8138728e-05
9.219999999999848,-3.7307647e-05,-4.8468296e-06,1.2760065e-09,-1.6781435e-07,-5.828203e-06,1.8138728e-05
9.229999999999848,-3.7307647e-05,-4.84683e-06,1.2760067e-09,-1.6781432e-07,-5.828203e-06,1.8138728e-05
9.239999999999847,-3.7307647e-05,-4.84683e-06,1.2760072e-09,-1.6781429e-07,-5.828203e-06,1.8138728e-05
9.249999999999847,-3.730765e-05,-4.84683e-06,1.2760067e-09,-1.6781432e-07,-5.828203e-06,1.8138728e-05
9.259999999999847,-3.730765e-05,-4.84683e-06,1.2760069e-09,-1.6781432e-07,-5.828203e-06,1.8138728e-05
9.269999999999847,-3.730765e-05,-4.84683e-06,1.276007e-09,-1.678143e-07,-5.828203e-06,1.8138728e-05
9.279999999999847,-3.7307647e-05,-4.8468296e-06,1.2760065e-09,-1.6781435e-07,-5.828203e-06,1.8138728e-05
9.289999999999846,-3.7307647e-05,-4.84683e-06,1.2760071e-09,-1.678143e-07,-5.828203e-06,1.8138728e-05
9.299999999999846,-3.7307647e-05,-4.84683e-06,1.2760069e-09,-1.678143e-07,-5.828203e-06,1.8138728e-05
9.309999999999846,-3.7307647e-05,-4.8468296e-06,1.2760064e-09,-1.6781435e-07,-5.828203e-06,1.8138728e-05
9.319999999999846,-3.7307647e-05,-4.84683e-06,1.2760069e-09,-1.6781432e-07,-5.828203e-06,1.8138728e-05
9.329999999999846,-3.7307647e-05,-4.84683e-06,1.2760067e-09,-1.6781432e-07,-5.828203e-06,1.8138728e-05
9.339999999999845,-3.730765e-05,-4.84683e-06,1.2760067e-09,-1.6781432e-07,-5.828203e-06,1.8138728e-05
9.349999999999845,-3.7307647e-05,-4.84683e-06,1.2760066e-09,-1.6781433e-07,-5.828203e-06,1.8138728e-05
9.359999999999845,-3.7307647e-05,-4.84683e-06,1.2760067e-09,-1.6781432e-07,-5.828203e-06,1.8138728e-05
9.369999999999845,-3.730765e-05,-4.84683e-06,1.2760065e-09,-1.6781433e-07,-5.828203e-06,1.8138728e-05
9.379999999999844,-3.7307647e-05,-4.84683e-06,1.2760066e-09,-1.6781433e-07,-5.828203e-06,1.8138728e-05
9.389999999999844,-3.7307647e-05,-4.84683e-06,1.2760067e-09,-1.6781432e-07,-5.828203e-06,1.8138728e-05
9.399999999999844,-3.730765e-05,-4.84683e-06,1.2760065e-09,-1.6781433e-07,-5.828203e-06,1.8138728e-05
9.409999999999844,-3.730765e-05,-4.84683e-06,1.2760065e-09,-1.6781433e-07,-5.828203e-06,1.8138728e-05
9.419999999999844,-3.7307647e-05,-4.84683e-06,1.2760067e-09,-1.6781432e-07,-5.828203e-06,1.8138728e-05
9.429999999999843,-3.7307647e-05,-4.8468296e-06,1.2760066e-09,-1.6781433e-07,-5.828203e-06,1.8138728e-05
9.439999999999843,-3.7307647e-05,-4.84683e-06,1.2760067e-09,-1.6781433e-07,-5.828203e-06,1.8138728e-05
9.449999999999843,-3.7307647e-05,-4.84683e-06,1.2760066e-09,-1.6781433e-07,-5.828203e-06,1.8138728e-05
9.459999999999843,-3.7307647e-05,-4.84683e-06,1.2760069e-09,-1.6781432e-07,-5.828203e-06,1.8138728e-05
9.469999999999843,-3.7307647e-05,-4.84683e-06,1.2760069e-09,-1.6781432e-07,-5.828203e-06,1.8138728e-05
9.479999999999842,-3.7307647e-05,-4.84683e-06,1.2760072e-09,-1.6781429e-07,-5.828203e-06,1.8138728e-05
9.489999999999842,-3.7307647e-05,-4.84683e-06,1.2760067e-09,-1.6781432e-07,-5.828203e-06,1.8138728e-05
9.499999999999842,-3.7307647e-05,-4.84683e-06,1.2760066e-09,-1.6781433e-07,-5.828203e-06,1.8138728e-05
9.509999999999842,-3.7307647e-05,-4.84683e-06,1.2760066e-09,-1.6781433e-07,-5.828203e-06,1.8138728e-05
9.519999999999841,-3.7307647e-05,-4.84683e-06,1.2760066e-09,-1.6781433e-07,-5.828203e-06,1.8138728e-05
9.529999999999841,-3.730765e-05,-4.84683e-06,1.276007e-09,-1.678143e-07,-5.828203e-06,1.8138728e-05
9.539999999999841,-3.7307647e-05,-4.84683e-06,1.2760069e-09,-1.6781432e-07,-5.828203e-06,1.8138728e-05
9.54999999999984,-3.7307647e-05,-4.84683e-06,1.2760067e-09,-1.6781432e-07,-5.828203e-06,1.8138728e-05
9.55999999999984,-3.7307647e-05,-4.8468296e-06,1.2760066e-09,-1.6781433e-07,-5.828203e-06,1.8138728e-05
9.56999999999984,-3.7307647e-05,-4.8468296e-06,1.2760065e-09,-1.6781433e-07,-5.828203e-06,1.8138728e-05
9.57999999999984,-3.730765e-05,-4.84683e-06,1.2760066e-09,-1.6781433e-07,-5.828203e-06,1.8138728e-05
9.58999999999984,-3.730765e-05,-4.84683e-06,1.2760067e-09,-1.6781432e-07,-5.828203e-06,1.8138728e-05
9.59999999999984,-3.7307647e-05,-4.84683e-06,1.2760069e-09,-1.678143e-07,-5.828203e-06,1.8138728e-05
9.60999999999984,-3.730765e-05,-4.84683e-06,1.276007e-09,-1.678143e-07,-5.828203e-06,1.8138728e-05
9.61999999999984,-3.730765e-05,-4.84683e-06,1.2760067e-09,-1.6781432e-07,-5.828203e-06,1.8138728e-05
9.62999999999984,-3.7307647e-05,-4.84683e-06,1.276007e-09,-1.678143e-07,-5.828203e-06,1.8138728e-05
9.639999999999839,-3.7307647e-05,-4.84683e-06,1.2760067e-09,-1.6781432e-07,-5.828203e-06,1.8138728e-05
9.649999999999839,-3.7307647e-05,-4.84683e-06,1.2760069e-09,-1.678143e-07,-5.828203e-06,1.8138728e-05
9.659999999999838,-3.730765e-05,-4.84683e-06,1.2760065e-09,-1.6781433e-07,-5.828203e-06,1.8138728e-05
9.669999999999838,-3.7307647e-05,-4.8468296e-06,1.2760065e-09,-1.6781433e-07,-5.828203e-06,1.8138728e-05
9.679999999999838,-3.7307647e-05,-4.84683e-06,1.2760069e-09,-1.6781432e-07,-5.828203e-06,1.8138728e-05
9.689999999999838,-3.730765e-05,-4.84683e-06,1.2760069e-09,-1.6781432e-07,-5.828203e-06,1.8138728e-05
9.699999999999838,-3.7307647e-05,-4.84683e-06,1.2760066e-09,-1.6781433e-07,-5.828203e-06,1.8138728e-05
9.709999999999837,-3.7307647e-05,-4.84683e-06,1.2760069e-09,-1.6781432e-07,-5.828203e-06,1.8138728e-05
9.719999999999837,-3.7307647e-05,-4.8468296e-06,1.2760065e-09,-1.6781433e-07,-5.828203e-06,1.8138728e-05
9.729999999999837,-3.730765e-05,-4.84683e-06,1.2760065e-09,-1.6781433e-07,-5.828203e-06,1.8138728e-05
9.739999999999837,-3.730765e-05,-4.84683e-06,1.2760066e-09,-1.6781433e-07,-5.828203e-06,1.8138728e-05
9.749999999999837,-3.7307647e-05,-4.84683e-06,1.2760067e-09,-1.6781432e-07,-5.828203e-06,1.8138728e-05
9.759999999999836,-3.730765e-05,-4.84683e-06,1.276007e-09,-1.678143e-07,-5.828203e-06,1.8138728e-05
9.769999999999836,-3.730765e-05,-4.84683e-06,1.2760067e-09,-1.6781432e-07,-5.828203e-06,1.8138728e-05
9.779999999999836,-3.7307647e-05,-4.84683e-06,1.2760067e-09,-1.6781432e-07,-5.828203e-06,1.8138728e-05
9.789999999999836,-3.7307647e-05,-4.84683e-06,1.2760067e-09,-1.6781432e-07,-5.828203e-06,1.8138728e-05
9.799999999999836,-3.730765e-05,-4.84683e-06,1.276007e-09,-1.678143e-07,-5.828203e-06,1.8138728e-05
9.809999999999835,-3.730765e-05,-4.84683e-06,1.2760067e-09,-1.6781432e-07,-5.828203e-06,1.8138728e-05
9.819999999999835,-3.7307647e-05,-4.84683e-06,1.2760066e-09,-1.6781433e-07,-5.828203e-06,1.8138728e-05
9.829999999999835,-3.7307647e-05,-4.8468296e-06,1.2760063e-09,-1.6781435e-07,-5.828203e-06,1.8138728e-05
9.839999999999835,-3.7307647e-05,-4.84683e-06,1.2760066e-09,-1.6781433e-07,-5.828203e-06,1.8138728e-05
9.849999999999834,-3.730765e-05,-4.84683e-06,1.2760069e-09,-1.6781432e-07,-5.828203e-06,1.8138728e-05
9.859999999999834,-3.7307647e-05,-4.84683e-06,1.2760066e-09,-1.6781433e-07,-5.828203e-06,1.8138728e-05
9.869999999999834,-3.7307647e-05,-4.84683e-06,1.2760067e-09,-1.6781432e-07,-5.828203e-06,1.8138728e-05
9.879999999999834,-3.7307647e-05,-4.8468296e-06,1.2760063e-09,-1.6781435e-07,-5.828203e-06,1.8138728e-05
9.889999999999834,-3.7307647e-05,-4.84683e-06,1.2760067e-09,-1.6781432e-07,-5.828203e-06,1.8138728e-05
9.899999999999833,-3.7307647e-05,-4.84683e-06,1.2760069e-09,-1.6781432e-07,-5.828203e-06,1.8138728e-05
9.909999999999833,-3.7307647e-05,-4.84683e-06,1.2760069e-09,-1.6781432e-07,-5.828203e-06,1.8138728e-05
9.919999999999833,-3.7307647e-05,-4.8468296e-06,1.2760066e-09,-1.6781433e-07,-5.828203e-06,1.8138728e-05
9.929999999999833,-3.7307647e-05,-4.8468296e-06,1.2760065e-09,-1.6781433e-07,-5.828203e-06,1.8138728e-05
9.939999999999833,-3.7307647e-05,-4.84683e-06,1.2760067e-09,-1.6781432e-07,-5.828203e-06,1.8138728e-05
9.949999999999832,-3.730765e-05,-4.84683e-06,1.2760066e-09,-1.6781433e-07,-5.828203e-06,1.8138728e-05
9.959999999999832,-3.7307647e-05,-4.84683e-06,1.2760067e-09,-1.6781432e-07,-5.828203e-06,1.8138728e-05
9.969999999999832,-3.7307647e-05,-4.84683e-06,1.276007e-09,-1.678143e-07,-5.828203e-06,1.8138728e-05
9.979999999999832,-3.730765e-05,-4.84683e-06,1.2760067e-09,-1.6781432e-07,-5.828203e-06,1.8138728e-05
9.989999999999831,-3.7307647e-05,-4.84683e-06,1.2760067e-09,-1.6781432e-07,-5.828203e-06,1.8138728e-05
9.999999999999831,-3.7307647e-05,-4.84683e-06,1.2760066e-09,-1.6781432e-07,-5.828203e-06,1.8138728e-05
10.009999999999831,-3.7307647e-05,-4.84683e-06,1.2760066e-09,-1.6781433e-07,-5.828203e-06,1.8138728e-05
10.01999999999983,-3.7307647e-05,-4.84683e-06,1.2760067e-09,-1.6781432e-07,-5.828203e-06,1.8138728e-05
10.02999999999983,-3.7307647e-05,-4.8468296e-06,1.2760063e-09,-1.6781435e-07,-5.828203e-06,1.8138728e-05
10.03999999999983,-3.7307647e-05,-4.84683e-06,1.2760066e-09,-1.6781433e-07,-5.828203e-06,1.8138728e-05
10.04999999999983,-3.7307647e-05,-4.8468296e-06,1.2760064e-09,-1.6781435e-07,-5.828203e-06,1.8138728e-05
10.05999999999983,-3.7307647e-05,-4.84683e-06,1.2760069e-09,-1.678143e-07,-5.828203e-06,1.8138728e-05
10.06999999999983,-3.7307647e-05,-4.84683e-06,1.2760065e-09,-1.6781435e-07,-5.828203e-06,1.8138728e-05
10.07999999999983,-3.7307647e-05,-4.8468296e-06,1.2760065e-09,-1.6781435e-07,-5.828203e-06,1.8138728e-05
10.08999999999983,-3.730765e-05,-4.84683e-06,1.2760065e-09,-1.6781433e-07,-5.828203e-06,1.8138728e-05
10.09999999999983,-3.7307647e-05,-4.84683e-06,1.2760069e-09,-1.6781432e-07,-5.828203e-06,1.8138728e-05
10.109999999999829,-3.730765e-05,-4.84683e-06,1.2760067e-09,-1.6781432e-07,-5.828203e-06,1.8138728e-05
10.119999999999829,-3.7307647e-05,-4.84683e-06,1.2760067e-09,-1.6781432e-07,-5.828203e-06,1.8138728e-05
10.129999999999828,-3.7307647e-05,-4.84683e-06,1.2760066e-09,-1.6781433e-07,-5.828203e-06,1.8138728e-05
10.139999999999828,-3.7307647e-05,-4.84683e-06,1.2760067e-09,-1.6781432e-07,-5.828203e-06,1.8138728e-05
10.149999999999828,-3.7307647e-05,-4.8468296e-06,1.2760064e-09,-1.6781435e-07,-5.828203e-06,1.8138728e-05
10.159999999999828,-3.7307647e-05,-4.84683e-06,1.276007e-09,-1.678143e-07,-5.828203e-06,1.8138728e-05
10.169999999999828,-3.7307647e-05,-4.8468296e-06,1.2760066e-09,-1.6781433e-07,-5.828203e-06,1.8138728e-05
10.179999999999827,-3.730765e-05,-4.84683e-06,1.276007e-09,-1.678143e-07,-5.828203e-06,1.8138728e-05
10.189999999999827,-3.7307647e-05,-4.84683e-06,1.2760069e-09,-1.6781432e-07,-5.828203e-06,1.8138728e-05
10.199999999999827,-3.7307647e-05,-4.84683e-06,1.2760065e-09,-1.6781433e-07,-5.828203e-06,1.8138728e-05
10.209999999999827,-3.7307647e-05,-4.8468296e-06,1.2760066e-09,-1.6781432e-07,-5.828203e-06,1.8138728e-05
10.219999999999827,-3.730765e-05,-4.84683e-06,1.2760066e-09,-1.6781433e-07,-5.828203e-06,1.8138728e-05
10.229999999999826,-3.730765e-05,-4.84683e-06,1.276007e-09,-1.678143e-07,-5.828203e-06,1.8138728e-05
10.239999999999826,-3.7307647e-05,-4.8468296e-06,1.2760065e-09,-1.6781433e-07,-5.828203e-06,1.8138728e-05
10.249999999999826,-3.7307647e-05,-4.84683e-06,1.2760067e-09,-1.6781432e-07,-5.828203e-06,1.8138728e-05
10.259999999999826,-3.7307647e-05,-4.84683e-06,1.2760069e-09,-1.6781432e-07,-5.828203e-06,1.8138728e-05
10.269999999999825,-3.730765e-05,-4.84683e-06,1.2760067e-09,-1.6781432e-07,-5.828203e-06,1.8138728e-05
10.279999999999825,-3.7307647e-05,-4.84683e-06,1.2760066e-09,-1.6781433e-07,-5.828203e-06,1.8138728e-05
10.289999999999825,-3.7307647e-05,-4.8468296e-06,1.2760065e-09,-1.6781433e-07,-5.828203e-06,1.8138728e-05
10.299999999999825,-3.7307647e-05,-4.84683e-06,1.2760067e-09,-1.6781432e-07,-5.828203e-06,1.8138728e-05
10.309999999999825,-3.730765e-05,-4.84683e-06,1.2760067e-09,-1.6781432e-07,-5.828203e-06,1.8138728e-05
10.319999999999824,-3.730765e-05,-4.84683e-06,1.2760066e-09,-1.6781433e-07,-5.828203e-06,1.8138728e-05
10.329999999999824,-3.7307647e-05,-4.84683e-06,1.2760066e-09,-1.6781433e-07,-5.828203e-06,1.8138728e-05
10.339999999999824,-3.7307647e-05,-4.8468296e-06,1.2760063e-09,-1.6781435e-07,-5.828203e-06,1.8138728e-05
10.349999999999824,-3.7307647e-05,-4.8468296e-06,1.2760065e-09,-1.6781433e-07,-5.828203e-06,1.8138728e-05
10.359999999999824,-3.7307647e-05,-4.84683e-06,1.2760066e-09,-1.6781433e-07,-5.828203e-06,1.8138728e-05
10.369999999999823,-3.7307647e-05,-4.8468296e-06,1.2760065e-09,-1.6781433e-07,-5.828203e-06,1.8138728e-05
10.379999999999823,-3.7307647e-05,-4.84683e-06,1.2760069e-09,-1.6781432e-07,-5.828203e-06,1.8138728e-05
10.389999999999823,-3.7307647e-05,-4.84683e-06,1.2760065e-09,-1.6781433e-07,-5.828203e-06,1.8138728e-05
10.399999999999823,-3.7307647e-05,-4.8468296e-06,1.2760066e-09,-1.6781433e-07,-5.828203e-06,1.8138728e-05
10.409999999999823,-3.7307647e-05,-4.84683e-06,1.2760069e-09,-1.6781432e-07,-5.828203e-06,1.8138728e-05
10.419999999999822,-3.7307647e-05,-4.84683e-06,1.2760071e-09,-1.678143e-07,-5.828203e-06,1.8138728e-05
10.429999999999822,-3.7307647e-05,-4.84683e-06,1.2760069e-09,-1.6781432e-07,-5.828203e-06,1.8138728e-05
10.439999999999822,-3.7307647e-05,-4.84683e-06,1.2760067e-09,-1.6781432e-07,-5.828203e-06,1.8138728e-05
10.449999999999822,-3.7307647e-05,-4.84683e-06,1.2760066e-09,-1.6781433e-07,-5.828203e-06,1.8138728e-05
10.459999999999821,-3.7307647e-05,-4.84683e-06,1.2760066e-09,-1.6781432e-07,-5.828203e-06,1.8138728e-05
10.469999999999821,-3.7307647e-05,-4.84683e-06,1.2760066e-09,-1.6781433e-07,-5.828203e-06,1.8138728e-05
10.479999999999821,-3.7307647e-05,-4.84683e-06,1.2760069e-09,-1.678143e-07,-5.828203e-06,1.8138728e-05
10.48999999999982,-3.7307647e-05,-4.8468296e-06,1.2760069e-09,-1.678143e-07,-5.828203e-06,1.8138728e-05
10.49999999999982,-3.7307647e-05,-4.84683e-06,1.276007e-09,-1.678143e-07,-5.828203e-06,1.8138728e-05
10.50999999999982,-3.7307647e-05,-4.84683e-06,1.2760069e-09,-1.6781432e-07,-5.828203e-06,1.8138728e-05
10.51999999999982,-3.7307647e-05,-4.84683e-06,1.2760065e-09,-1.6781433e-07,-5.828203e-06,1.8138728e-05
10.52999999999982,-3.7307647e-05,-4.84683e-06,1.2760066e-09,-1.6781432e-07,-5.828203e-06,1.8138728e-05
10.53999999999982,-3.7307647e-05,-4.84683e-06,1.2760069e-09,-1.6781432e-07,-5.828203e-06,1.8138728e-05
0.01,-0.086005434,-0.2048099,-0.006009943,-0.44605622,-0.39557806,-0.49343228
0.02,-3.0203464e-05,-5.730961e-06,2.2262572e-09,-1.0263239e-07,9.655288e-09,1.793854e-05
0.03,-3.7346217e-05,-4.9853015e-06,1.4968918e-09,-1.5456996e-07,-5.6950266e-06,1.8213277e-05
0.04,-3.7354745e-05,-4.831645e-06,1.2145159e-09,-1.7281117e-07,-5.9017966e-06,1.814502e-05
0.05,-3.7311216e-05,-4.844271e-06,1.2692906e-09,-1.6832045e-07,-5.8341193e-06,1.8138773e-05
0.060000000000000005,-3.7306614e-05,-4.8468764e-06,1.2767382e-09,-1.677459e-07,-5.826953e-06,1.813841e-05
0.07,-3.7307513e-05,-4.8468883e-06,1.2761985e-09,-1.6779902e-07,-5.827996e-06,1.8138702e-05
0.08,-3.7307665e-05,-4.8468314e-06,1.2759971e-09,-1.6781534e-07,-5.828223e-06,1.8138735e-05
0.09,-3.7307655e-05,-4.8468287e-06,1.2760015e-09,-1.6781476e-07,-5.8282094e-06,1.813873e-05
0.09999999999999999,-2.2429278e-05,-6.795153e-06,1.4459034e-08,1.0262572e-06,1.4430831e-05,1.23954105e-05
0.10999999999999999,-4.466481e-06,-9.189132e-06,3.0398805e-08,2.4672836e-06,3.8866034e-05,5.53089e-06
0.11999999999999998,1.3541735e-05,-1.1549145e-05,4.625667e-08,3.9029505e-06,6.335347e-05,-1.3725603e-06
0.12999999999999998,3.1575768e-05,-1.389479e-05,6.20791e-08,5.3362637e-06,8.7877685e-05,-8.292827e-06
0.13999999999999999,4.963817e-05,-1.6234528e-05,7.7886156e-08,6.76857e-06,0.00011244378,-1.522307e-05
0.15,6.772831e-05,-1.856679e-05,9.367467e-08,8.1996495e-06,0.00013705014,-2.2163551e-05
0.16,8.584955e-05,-2.0887284e-05,1.09439384e-07,9.629236e-06,0.0001616988,-2.9117242e-05
0.17,0.00010399829,-2.3199356e-05,1.2518363e-07,1.1057463e-05,0.0001863868,-3.6081434e-05
0.18000000000000002,0.00012217404,-2.5503394e-05,1.4090772e-07,1.2484338e-05,0.00021111361,-4.3055792e-05
0.19000000000000003,0.00014037677,-2.7798933e-05,1.5661077e-07,1.3909801e-05,0.00023587885,-5.004047e-05
0.20000000000000004,0.00015860582,-3.0086157e-05,1.7229259e-07,1.5333826e-05,0.00026068167,-5.7035133e-05
0.21000000000000005,0.00017685725,-3.2369302e-05,1.8795784e-07,1.6756621e-05,0.0002855192,-6.403661e-05
0.22000000000000006,0.00019513864,-3.4639117e-05,2.0359555e-07,1.8177649e-05,0.00031039605,-7.1051436e-05
0.23000000000000007,0.00021344499,-3.6900023e-05,2.1920981e-07,1.9597057e-05,0.00033530817,-7.8075864e-05
0.24000000000000007,0.00023177607,-3.91522e-05,2.3480082e-07,2.1014852e-05,0.0003602553,-8.5109765e-05
0.25000000000000006,0.00025013162,-4.1395448e-05,2.50368e-07,2.2430992e-05,0.0003852368,-9.215311e-05
0.26000000000000006,0.00026851127,-4.362965e-05,2.6591087e-07,2.3845429e-05,0.0004102521,-9.920579e-05
0.2700000000000001,0.0002869112,-4.5858833e-05,2.814337e-07,2.5258358e-05,0.00043529837,-0.000106264735
0.2800000000000001,0.00030533862,-4.8074384e-05,2.9692646e-07,2.6669291e-05,0.00046037982,-0.00011333613
0.2900000000000001,0.00032378905,-5.027993e-05,3.1239225e-07,2.8078322e-05,0.00048549296,-0.00012041672
0.3000000000000001,0.00034225805,-5.248065e-05,3.2783697e-07,2.9485735e-05,0.0005106348,-0.00012750279
0.3100000000000001,0.00036074966,-5.4671942e-05,3.4325552e-07,3.0891286e-05,0.0005358075,-0.00013459778
0.3200000000000001,0.0003792637,-5.685291e-05,3.5864605e-07,3.229485e-05,0.0005610105,-0.00014170185
0.3300000000000001,0.0003978032,-5.9019385e-05,3.7400324e-07,3.369616e-05,0.0005862451,-0.00014881782
0.34000000000000014,0.00041635928,-6.1180544e-05,3.893369e-07,3.509563e-05,0.0006115054,-0.00015593859
0.35000000000000014,0.00043493658,-6.333178e-05,4.046423e-07,3.6493067e-05,0.00063679414,-0.00016306785
0.36000000000000015,0.00045353442,-6.547273e-05,4.1991822e-07,3.788838e-05,0.0006621102,-0.00017020543
0.37000000000000016,0.00047215255,-6.7603134e-05,4.35164e-07,3.928151e-05,0.0006874531,-0.00017735129
0.38000000000000017,0.0004907902,-6.9723304e-05,4.5037956e-07,4.067244e-05,0.00071282196,-0.00018450504
0.3900000000000002,0.0005094475,-7.1832685e-05,4.6556397e-07,4.2061103e-05,0.00073821633,-0.00019166688
0.4000000000000002,0.0005281281,-7.392635e-05,4.807112e-07,4.3447206e-05,0.0007636382,-0.00019884025
0.4100000000000002,0.0005468267,-7.600936e-05,4.958261e-07,4.483092e-05,0.00078908366,-0.00020602088
0.4200000000000002,0.0005655436,-7.808146e-05,5.109086e-07,4.6212255e-05,0.0008145526,-0.00021320913
0.4300000000000002,0.0005842789,-8.014208e-05,5.259577e-07,4.7591155e-05,0.0008400447,-0.00022040524
0.4400000000000002,0.0006030267,-8.219735e-05,5.409799e-07,4.8967886e-05,0.000865556,-0.00022760448
0.45000000000000023,0.00062179286,-8.424113e-05,5.5596877e-07,5.034218e-05,0.0008910896,-0.00023481167
0.46000000000000024,0.00064057735,-8.627184e-05,5.7092126e-07,5.1713843e-05,0.00091664493,-0.00024202728
0.47000000000000025,0.0006593804,-8.828883e-05,5.858364e-07,5.3082797e-05,0.0009422219,-0.00024925164
0.48000000000000026,0.00067819585,-9.029802e-05,6.0072e-07,5.4449287e-05,0.0009678162,-0.00025647995
0.49000000000000027,0.00069703045,-9.229268e-05,6.1556534e-07,5.581303e-05,0.0009934315,-0.00026371764
0.5000000000000002,0.0007158823,-9.4273535e-05,6.3037197e-07,5.717395e-05,0.0010190664,-0.00027096353
0.5100000000000002,0.0007347442,-9.624769e-05,6.451473e-07,5.8532358e-05,0.0010447161,-0.00027821198
0.5200000000000002,0.0007536227,-9.820872e-05,6.598849e-07,5.9887996e-05,0.0010703838,-0.0002854683
0.5300000000000002,0.00077251706,-0.00010015624,6.745834e-07,6.124075e-05,0.001096069,-0.00029273218
0.5400000000000003,0.00079142407,-0.00010209314,6.892454e-07,6.259071e-05,0.0011217692,-0.00030000115
0.5500000000000003,0.00081034494,-0.000104017345,7.0386835e-07,6.393775e-05,0.0011474843,-0.00030727664
0.5600000000000003,0.00082928257,-0.00010592702,7.184508e-07,6.528183e-05,0.0011732166,-0.00031456043
0.5700000000000003,0.000848231,-0.00010782542,7.329943e-07,6.662291e-05,0.0011989612,-0.0003218488
0.5800000000000003,0.00086719485,-0.00010970951,7.4749676e-07,6.7960966e-05,0.0012247211,-0.0003291449
0.5900000000000003,0.0008861675,-0.00011158415,7.61962e-07,6.929609e-05,0.0012504914,-0.00033644412
0.6000000000000003,0.0009051528,-0.000113446215,7.7638737e-07,7.06282e-05,0.001276274,-0.00034374933
0.6100000000000003,0.0009241486,-0.000115296825,7.9077313e-07,7.195726e-05,0.0013020672,-0.00035105908
0.6200000000000003,0.00094315724,-0.000117134325,8.05118e-07,7.328325e-05,0.0013278727,-0.00035837505
0.6300000000000003,0.00096217636,-0.00011895772,8.194188e-07,7.4605894e-05,0.001353687,-0.00036569664
0.6400000000000003,0.0009812075,-0.00012076891,8.336794e-07,7.5925476e-05,0.001379513,-0.0003730237
0.6500000000000004,0.0010002487,-0.00012256607,8.478957e-07,7.7241704e-05,0.0014053469,-0.00038035618
0.6600000000000004,0.0010193001,-0.00012435096,8.6207046e-07,7.855473e-05,0.0014311898,-0.00038769344
0.6700000000000004,0.0010383612,-0.00012612264,8.7620197e-07,7.9864454e-05,0.0014570404,-0.00039503563
0.6800000000000004,0.0010574321,-0.00012788044,8.90289e-07,8.1170794e-05,0.0014828981,-0.0004023831
0.6900000000000004,0.0010765122,-0.00012962536,9.0433264e-07,8.2473794e-05,0.0015087627,-0.0004097351
0.7000000000000004,0.001095601,-0.00013135656,9.183314e-07,8.377336e-05,0.001534633,-0.0004170919
0.7100000000000004,0.0011146982,-0.00013307476,9.3228607e-07,8.506952e-05,0.0015605087,-0.00042445306
0.7200000000000004,0.0011338034,-0.00013477913,9.4619503e-07,8.6362175e-05,0.0015863887,-0.00043181865
0.7300000000000004,0.0011529074,-0.00013646903,9.600518e-07,8.765071e-05,0.001612261,-0.00043918518
0.7400000000000004,0.001171819,-0.00013817304,9.7389e-07,8.893601e-05,0.0016378781,-0.00044647272
0.7500000000000004,0.0011904936,-0.00013989511,9.877074e-07,9.0217494e-05,0.0016631826,-0.00045366297
0.7600000000000005,0.0012089339,-0.00014163568,1.0015059e-06,9.149532e-05,0.001688179,-0.00046075677
0.7700000000000005,0.0012271401,-0.00014339518,1.0152866e-06,9.276958e-05,0.0017128681,-0.0004677539
0.7800000000000005,0.0012451215,-0.00014517296,1.0290503e-06,9.404042e-05,0.0017372629,-0.00047465815
0.7900000000000005,0.0012628668,-0.00014697049,1.0427979e-06,9.53078e-05,0.0017613495,-0.00048146467
0.8000000000000005,0.0012803792,-0.00014878795,1.0565308e-06,9.657186e-05,0.0017851328,-0.00048817464
0.8100000000000005,0.0012976673,-0.00015062478,1.0702498e-06,9.783273e-05,0.0018086245,-0.0004947913
0.8200000000000005,0.0013147272,-0.0001524816,1.0839555e-06,9.909043e-05,0.0018318207,-0.0005013132
0.8300000000000005,0.0013315516,-0.00015435969,1.0976494e-06,0.000100345,0.0018547125,-0.00050773687
0.8400000000000005,0.0013481366,-0.00015626,1.1113332e-06,0.00010159654,0.0018772958,-0.0005140607
0.8500000000000005,0.0013644866,-0.00015818255,1.1250083e-06,0.00010284519,0.0018995772,-0.00052028627
0.8600000000000005,0.0013806032,-0.00016012753,1.1386754e-06,0.00010409102,0.0019215593,-0.00052641396
0.8700000000000006,0.0013964839,-0.00016209553,1.1523356e-06,0.0001053341,0.0019432402,-0.00053244276
0.8800000000000006,0.0014121289,-0.000164087,1.1659902e-06,0.00010657452,0.0019646208,-0.00053837255
0.8900000000000006,0.0014275402,-0.00016610211,1.1796401e-06,0.00010781237,0.0019857043,-0.0005442039
0.9000000000000006,0.0014427176,-0.00016814124,1.1932864e-06,0.00010904773,0.0020064916,-0.0005499366
0.9100000000000006,0.001457661,-0.00017020482,1.20693e-06,0.00011028068,0.0020269835,-0.00055557047
0.9200000000000006,0.001472373,-0.00017229293,1.2205722e-06,0.00011151131,0.002047184,-0.0005611064
0.9300000000000006,0.0014868429,-0.00017440719,1.2342143e-06,0.00011273966,0.0020670802,-0.0005665398
0.9400000000000006,0.0015010824,-0.00017654683,1.2478575e-06,0.00011396591,0.002086688,-0.00057187537
0.9500000000000006,0.001515078,-0.0001787137,1.2615031e-06,0.00011519002,0.0021059916,-0.00057710725
0.9600000000000006,0.0015288471,-0.00018090633,1.2751518e-06,0.00011641224,0.0021250134,-0.0005822425
0.9700000000000006,0.0015423824,-0.00018312571,1.2888044e-06,0.000117632524,0.0021437453,-0.00058727793
0.9800000000000006,0.001555681,-0.00018537267,1.3024622e-06,0.00011885098,0.0021621843,-0.00059221225
0.9900000000000007,0.00156874,-0.00018764805,1.3161269e-06,0.000120067685,0.0021803284,-0.000597044
1.0000000000000007,0.0015815615,-0.00018995212,1.3297999e-06,0.00012128276,0.0021981802,-0.00060177385
1.0100000000000007,0.0015941536,-0.00019228425,1.3434815e-06,0.00012249632,0.0022157517,-0.00060640497
1.0200000000000007,0.0016065093,-0.00019464553,1.3571726e-06,0.00012370838,0.0022330345,-0.0006109344
1.0300000000000007,0.0016186316,-0.00019703609,1.3708747e-06,0.00012491904,0.0022500337,-0.0006153631
1.0400000000000007,0.0016305093,-0.00019945776,1.3845894e-06,0.00012612836,0.0022667355,-0.00061968627
1.0500000000000007,0.0016421591,-0.00020190905,1.3983175e-06,0.00012733655,0.0022831627,-0.0006239107
1.0600000000000007,0.0016535678,-0.00020439169,1.41206e-06,0.00012854353,0.0022992992,-0.0006280306
1.0700000000000007,0.0016648058,-0.00020689963,1.4258153e-06,0.00012974978,0.002315237,-0.00063207437
1.0800000000000007,0.0016759214,-0.000209421,1.439571e-06,0.00013095493,0.0023310327,-0.0006360645
1.0900000000000007,0.0016867847,-0.0002119736,1.4533354e-06,0.00013215833,0.0023465268,-0.0006399457
1.1000000000000008,0.0016974129,-0.00021455841,1.4671175e-06,0.00013336084,0.0023617395,-0.0006437241
1.1100000000000008,0.0017078024,-0.00021717633,1.4809194e-06,0.00013456258,0.0023766693,-0.0006473982
1.1200000000000008,0.0017179536,-0.00021982777,1.4947423e-06,0.00013576366,0.0023913172,-0.00065096794
1.1300000000000008,0.0017278696,-0.00022251271,1.5085868e-06,0.00013696417,0.0024056886,-0.00065443455
1.1400000000000008,0.0017375504,-0.0002252315,1.5224539e-06,0.00013816415,0.0024197844,-0.00065779773
1.1500000000000008,0.0017469999,-0.00022798401,1.5363443e-06,0.00013936369,0.0024336106,-0.000661059
1.1600000000000008,0.0017562094,-0.00023077174,1.5502595e-06,0.00014056286,0.002447157,-0.0006642145
1.1700000000000008,0.0017651846,-0.00023359452,1.5642007e-06,0.00014176178,0.0024604315,-0.00066726643
1.1800000000000008,0.0017739253,-0.00023645264,1.5781687e-06,0.0001429605,0.0024734358,-0.0006702146
1.1900000000000008,0.001782438,-0.00023934568,1.5921638e-06,0.00014415912,0.0024861784,-0.00067306147
1.2000000000000008,0.0017907154,-0.00024227481,1.6061872e-06,0.00014535766,0.0024986516,-0.0006758038
1.2100000000000009,0.0017987571,-0.0002452407,1.6202407e-06,0.00014655624,0.0025108552,-0.0006784413
1.2200000000000009,0.0018065698,-0.00024824284,1.6343246e-06,0.00014775494,0.002522799,-0.00068097643
1.2300000000000009,0.0018141462,-0.00025128244,1.6484402e-06,0.00014895381,0.0025344754,-0.0006834062
1.2400000000000009,0.0018214941,-0.00025435904,1.6625881e-06,0.00015015296,0.0025458944,-0.00068573345
1.2500000000000009,0.0018286065,-0.00025747376,1.6767697e-06,0.00015135243,0.0025570488,-0.00068795524
1.260000000000001,0.0018450445,-0.0002590633,1.6890772e-06,0.00015249278,0.002579875,-0.0006941897
1.270000000000001,0.0018616605,-0.00026059352,1.7012129e-06,0.00015362039,0.0026027064,-0.00070048776
1.280000000000001,0.0018783142,-0.0002621013,1.7132837e-06,0.00015474329,0.0026255373,-0.00070680457
1.290000000000001,0.0018949611,-0.00026359715,1.725303e-06,0.00015586197,0.0026483545,-0.000713119
1.300000000000001,0.0019116082,-0.00026507862,1.7372695e-06,0.00015697647,0.0026711642,-0.0007194348
1.310000000000001,0.0019282526,-0.00026654662,1.7491827e-06,0.00015808672,0.0026939646,-0.00072575064
1.320000000000001,0.0019448943,-0.0002680016,1.7610437e-06,0.00015919276,0.0027167553,-0.0007320661
1.330000000000001,0.0019615295,-0.0002694457,1.7728535e-06,0.00016029457,0.002739533,-0.000738379
1.340000000000001,0.0019781683,-0.00027087092,1.7846056e-06,0.000161392,0.0027623032,-0.0007446968
1.350000000000001,0.0019948003,-0.00027228435,1.7963042e-06,0.00016248504,0.0027850603,-0.0007510119
1.360000000000001,0.002011428,-0.0002736851,1.8079503e-06,0.00016357383,0.002807805,-0.0007573261
1.370000000000001,0.0020280525,-0.00027507235,1.8195432e-06,0.00016465834,0.0028305382,-0.00076364016
1.380000000000001,0.002044672,-0.0002764461,1.8310816e-06,0.00016573846,0.0028532578,-0.00076995336
1.390000000000001,0.0020612932,-0.00027780057,1.8425602e-06,0.00016681402,0.0028759665,-0.0007762708
1.400000000000001,0.0020779069,-0.0002791426,1.853984e-06,0.00016788508,0.0028986605,-0.0007825855
1.410000000000001,0.0020945116,-0.0002804746,1.8653567e-06,0.00016895187,0.002921338,-0.00078889646
1.420000000000001,0.002111119,-0.00028178646,1.8766692e-06,0.0001700141,0.002944004,-0.00079521263
1.430000000000001,0.0021277135,-0.00028308976,1.8879299e-06,0.00017107191,0.0029666515,-0.00080152234
1.440000000000001,0.0021443095,-0.0002843738,1.8991313e-06,0.00017212519,0.002989286,-0.00080783654
1.450000000000001,0.0021608942,-0.0002856462,1.9102772e-06,0.00017317384,0.0030119012,-0.00081414636
1.460000000000001,0.0021774794,-0.00028690108,1.9213655e-06,0.00017421806,0.0030345037,-0.00082045945
1.470000000000001,0.002194051,-0.0002881466,1.9324007e-06,0.00017525775,0.0030570854,-0.0008267662
1.480000000000001,0.0022106173,-0.00028937776,1.9433805e-06,0.00017629302,0.003079649,-0.0008330728
1.490000000000001,0.002227177,-0.00029059444,1.9543036e-06,0.00017732369,0.0031021948,-0.0008393784
1.500000000000001,0.0022437288,-0.00029179727,1.9651702e-06,0.0001783498,0.003124721,-0.0008456823
0.01,-0.086005434,-0.2048099,-0.006009943,-0.44605622,-0.39557806,-0.49343228
0.02,-3.0203464e-05,-5.730961e-06,2.2262572e-09,-1.0263239e-07,9.655288e-09,1.793854e-05
0.03,-3.7346217e-05,-4.9853015e-06,1.4968918e-09,-1.5456996e-07,-5.6950266e-06,1.8213277e-05
0.04,-3.7354745e-05,-4.831645e-06,1.2145159e-09,-1.7281117e-07,-5.9017966e-06,1.814502e-05
0.05,-3.7311216e-05,-4.844271e-06,1.2692906e-09,-1.6832045e-07,-5.8341193e-06,1.8138773e-05
0.060000000000000005,-3.7306614e-05,-4.8468764e-06,1.2767382e-09,-1.677459e-07,-5.826953e-06,1.813841e-05
0.07,-3.7307513e-05,-4.8468883e-06,1.2761985e-09,-1.6779902e-07,-5.827996e-06,1.8138702e-05
0.08,-3.7307665e-05,-4.8468314e-06,1.2759971e-09,-1.6781534e-07,-5.828223e-06,1.8138735e-05
0.09,-3.7307655e-05,-4.8468287e-06,1.2760015e-09,-1.6781476e-07,-5.8282094e-06,1.813873e-05
0.09999999999999999,-2.2429278e-05,-6.795153e-06,1.4459034e-08,1.0262572e-06,1.4430831e-05,1.23954105e-05
0.10999999999999999,-4.466481e-06,-9.189132e-06,3.0398805e-08,2.4672836e-06,3.8866034e-05,5.53089e-06
0.11999999999999998,1.3541735e-05,-1.1549145e-05,4.625667e-08,3.9029505e-06,6.335347e-05,-1.3725603e-06
0.12999999999999998,3.1575768e-05,-1.389479e-05,6.20791e-08,5.3362637e-06,8.7877685e-05,-8.292827e-06
0.13999999999999999,4.963817e-05,-1.6234528e-05,7.7886156e-08,6.76857e-06,0.00011244378,-1.522307e-05
0.15,6.772831e-05,-1.856679e-05,9.367467e-08,8.1996495e-06,0.00013705014,-2.2163551e-05
0.16,8.584955e-05,-2.0887284e-05,1.09439384e-07,9.629236e-06,0.0001616988,-2.9117242e-05
0.17,0.00010399829,-2.3199356e-05,1.2518363e-07,1.1057463e-05,0.0001863868,-3.6081434e-05
0.18000000000000002,0.00012217404,-2.5503394e-05,1.4090772e-07,1.2484338e-05,0.00021111361,-4.3055792e-05
0.19000000000000003,0.00014037677,-2.7798933e-05,1.5661077e-07,1.3909801e-05,0.00023587885,-5.004047e-05
0.20000000000000004,0.00015860582,-3.0086157e-05,1.7229259e-07,1.5333826e-05,0.00026068167,-5.7035133e-05
0.21000000000000005,0.00017685725,-3.2369302e-05,1.8795784e-07,1.6756621e-05,0.0002855192,-6.403661e-05
0.22000000000000006,0.00019513864,-3.4639117e-05,2.0359555e-07,1.8177649e-05,0.00031039605,-7.1051436e-05
0.23000000000000007,0.00021344499,-3.6900023e-05,2.1920981e-07,1.9597057e-05,0.00033530817,-7.8075864e-05
0.24000000000000007,0.00023177607,-3.91522e-05,2.3480082e-07,2.1014852e-05,0.0003602553,-8.5109765e-05
0.25000000000000006,0.00025013162,-4.1395448e-05,2.50368e-07,2.2430992e-05,0.0003852368,-9.215311e-05
0.26000000000000006,0.00026851127,-4.362965e-05,2.6591087e-07,2.3845429e-05,0.0004102521,-9.920579e-05
0.2700000000000001,0.0002869112,-4.5858833e-05,2.814337e-07,2.5258358e-05,0.00043529837,-0.000106264735
0.2800000000000001,0.00030533862,-4.8074384e-05,2.9692646e-07,2.6669291e-05,0.00046037982,-0.00011333613
0.2900000000000001,0.00032378905,-5.027993e-05,3.1239225e-07,2.8078322e-05,0.00048549296,-0.00012041672
0.3000000000000001,0.00034225805,-5.248065e-05,3.2783697e-07,2.9485735e-05,0.0005106348,-0.00012750279
0.3100000000000001,0.00036074966,-5.4671942e-05,3.4325552e-07,3.0891286e-05,0.0005358075,-0.00013459778
0.3200000000000001,0.0003792637,-5.685291e-05,3.5864605e-07,3.229485e-05,0.0005610105,-0.00014170185
0.3300000000000001,0.0003978032,-5.9019385e-05,3.7400324e-07,3.369616e-05,0.0005862451,-0.00014881782
0.34000000000000014,0.00041635928,-6.1180544e-05,3.893369e-07,3.509563e-05,0.0006115054,-0.00015593859
0.35000000000000014,0.00043493658,-6.333178e-05,4.046423e-07,3.6493067e-05,0.00063679414,-0.00016306785
0.36000000000000015,0.00045353442,-6.547273e-05,4.1991822e-07,3.788838e-05,0.0006621102,-0.00017020543
0.37000000000000016,0.00047215255,-6.7603134e-05,4.35164e-07,3.928151e-05,0.0006874531,-0.00017735129
0.38000000000000017,0.0004907902,-6.9723304e-05,4.5037956e-07,4.067244e-05,0.00071282196,-0.00018450504
0.3900000000000002,0.0005094475,-7.1832685e-05,4.6556397e-07,4.2061103e-05,0.00073821633,-0.00019166688
0.4000000000000002,0.0005281281,-7.392635e-05,4.807112e-07,4.3447206e-05,0.0007636382,-0.00019884025
0.4100000000000002,0.0005468267,-7.600936e-05,4.958261e-07,4.483092e-05,0.00078908366,-0.00020602088
0.4200000000000002,0.0005655436,-7.808146e-05,5.109086e-07,4.6212255e-05,0.0008145526,-0.00021320913
0.4300000000000002,0.0005842789,-8.014208e-05,5.259577e-07,4.7591155e-05,0.0008400447,-0.00022040524
0.4400000000000002,0.0006030267,-8.219735e-05,5.409799e-07,4.8967886e-05,0.000865556,-0.00022760448
0.45000000000000023,0.00062179286,-8.424113e-05,5.5596877e-07,5.034218e-05,0.0008910896,-0.00023481167
0.46000000000000024,0.00064057735,-8.627184e-05,5.7092126e-07,5.1713843e-05,0.00091664493,-0.00024202728
0.47000000000000025,0.0006593804,-8.828883e-05,5.858364e-07,5.3082797e-05,0.0009422219,-0.00024925164
0.48000000000000026,0.00067819585,-9.029802e-05,6.0072e-07,5.4449287e-05,0.0009678162,-0.00025647995
0.49000000000000027,0.00069703045,-9.229268e-05,6.1556534e-07,5.581303e-05,0.0009934315,-0.00026371764
0.5000000000000002,0.0007158823,-9.4273535e-05,6.3037197e-07,5.717395e-05,0.0010190664,-0.00027096353
0.5100000000000002,0.0007347442,-9.624769e-05,6.451473e-07,5.8532358e-05,0.0010447161,-0.00027821198
0.5200000000000002,0.0007536227,-9.820872e-05,6.598849e-07,5.9887996e-05,0.0010703838,-0.0002854683
0.5300000000000002,0.00077251706,-0.00010015624,6.745834e-07,6.124075e-05,0.001096069,-0.00029273218
0.5400000000000003,0.00079142407,-0.00010209314,6.892454e-07,6.259071e-05,0.0011217692,-0.00030000115
0.5500000000000003,0.00081034494,-0.000104017345,7.0386835e-07,6.393775e-05,0.0011474843,-0.00030727664
0.5600000000000003,0.00082928257,-0.00010592702,7.184508e-07,6.528183e-05,0.0011732166,-0.00031456043
0.5700000000000003,0.000848231,-0.00010782542,7.329943e-07,6.662291e-05,0.0011989612,-0.0003218488
0.5800000000000003,0.00086719485,-0.00010970951,7.4749676e-07,6.7960966e-05,0.0012247211,-0.0003291449
0.5900000000000003,0.0008861675,-0.00011158415,7.61962e-07,6.929609e-05,0.0012504914,-0.00033644412
0.6000000000000003,0.0009051528,-0.000113446215,7.7638737e-07,7.06282e-05,0.001276274,-0.00034374933
0.6100000000000003,0.0009241486,-0.000115296825,7.9077313e-07,7.195726e-05,0.0013020672,-0.00035105908
0.6200000000000003,0.00094315724,-0.000117134325,8.05118e-07,7.328325e-05,0.0013278727,-0.00035837505
0.6300000000000003,0.00096217636,-0.00011895772,8.194188e-07,7.4605894e-05,0.001353687,-0.00036569664
0.6400000000000003,0.0009812075,-0.00012076891,8.336794e-07,7.5925476e-05,0.001379513,-0.0003730237
0.6500000000000004,0.0010002487,-0.00012256607,8.478957e-07,7.7241704e-05,0.0014053469,-0.00038035618
0.6600000000000004,0.0010193001,-0.00012435096,8.6207046e-07,7.855473e-05,0.0014311898,-0.00038769344
0.6700000000000004,0.0010383612,-0.00012612264,8.7620197e-07,7.9864454e-05,0.0014570404,-0.00039503563
0.6800000000000004,0.0010574321,-0.00012788044,8.90289e-07,8.1170794e-05,0.0014828981,-0.0004023831
0.6900000000000004,0.0010765122,-0.00012962536,9.0433264e-07,8.2473794e-05,0.0015087627,-0.0004097351
0.7000000000000004,0.001095601,-0.00013135656,9.183314e-07,8.377336e-05,0.001534633,-0.0004170919
0.7100000000000004,0.0011146982,-0.00013307476,9.3228607e-07,8.506952e-05,0.0015605087,-0.00042445306
0.7200000000000004,0.0011338034,-0.00013477913,9.4619503e-07,8.6362175e-05,0.0015863887,-0.00043181865
0.7300000000000004,0.0011529074,-0.00013646903,9.600518e-07,8.765071e-05,0.001612261,-0.00043918518
0.7400000000000004,0.001171819,-0.00013817304,9.7389e-07,8.893601e-05,0.0016378781,-0.00044647272
0.7500000000000004,0.0011904936,-0.00013989511,9.877074e-07,9.0217494e-05,0.0016631826,-0.00045366297
0.7600000000000005,0.0012089339,-0.00014163568,1.0015059e-06,9.149532e-05,0.001688179,-0.00046075677
0.7700000000000005,0.0012271401,-0.00014339518,1.0152866e-06,9.276958e-05,0.0017128681,-0.0004677539
0.7800000000000005,0.0012451215,-0.00014517296,1.0290503e-06,9.404042e-05,0.0017372629,-0.00047465815
0.7900000000000005,0.0012628668,-0.00014697049,1.0427979e-06,9.53078e-05,0.0017613495,-0.00048146467
0.8000000000000005,0.0012803792,-0.00014878795,1.0565308e-06,9.657186e-05,0.0017851328,-0.00048817464
0.8100000000000005,0.0012976673,-0.00015062478,1.0702498e-06,9.783273e-05,0.0018086245,-0.0004947913
0.8200000000000005,0.0013147272,-0.0001524816,1.0839555e-06,9.909043e-05,0.0018318207,-0.0005013132
0.8300000000000005,0.0013315516,-0.00015435969,1.0976494e-06,0.000100345,0.0018547125,-0.00050773687
0.8400000000000005,0.0013481366,-0.00015626,1.1113332e-06,0.00010159654,0.0018772958,-0.0005140607
0.01,-0.086005434,-0.2048099,-0.006009943,-0.44605622,-0.39557806,-0.49343228
0.02,-3.0203464e-05,-5.730961e-06,2.2262572e-09,-1.0263239e-07,9.655288e-09,1.793854e-05
0.03,-3.7346217e-05,-4.9853015e-06,1.4968918e-09,-1.5456996e-07,-5.6950266e-06,1.8213277e-05
0.04,-3.7354745e-05,-4.831645e-06,1.2145159e-09,-1.7281117e-07,-5.9017966e-06,1.814502e-05
0.05,-3.7311216e-05,-4.844271e-06,1.2692906e-09,-1.6832045e-07,-5.8341193e-06,1.8138773e-05
0.060000000000000005,-3.7306614e-05,-4.8468764e-06,1.2767382e-09,-1.677459e-07,-5.826953e-06,1.813841e-05
0.07,-3.7307513e-05,-4.8468883e-06,1.2761985e-09,-1.6779902e-07,-5.827996e-06,1.8138702e-05
0.08,-3.7307665e-05,-4.8468314e-06,1.2759971e-09,-1.6781534e-07,-5.828223e-06,1.8138735e-05
0.09,-3.7307655e-05,-4.8468287e-06,1.2760015e-09,-1.6781476e-07,-5.8282094e-06,1.813873e-05
0.09999999999999999,-2.2429278e-05,-6.795153e-06,1.4459034e-08,1.0262572e-06,1.4430831e-05,1.23954105e-05
0.10999999999999999,-4.466481e-06,-9.189132e-06,3.0398805e-08,2.4672836e-06,3.8866034e-05,5.53089e-06
0.11999999999999998,1.3541735e-05,-1.1549145e-05,4.625667e-08,3.9029505e-06,6.335347e-05,-1.3725603e-06
0.12999999999999998,3.1575768e-05,-1.389479e-05,6.20791e-08,5.3362637e-06,8.7877685e-05,-8.292827e-06
0.13999999999999999,4.963817e-05,-1.6234528e-05,7.7886156e-08,6.76857e-06,0.00011244378,-1.522307e-05
0.15,6.772831e-05,-1.856679e-05,9.367467e-08,8.1996495e-06,0.00013705014,-2.2163551e-05
0.16,8.584955e-05,-2.0887284e-05,1.09439384e-07,9.629236e-06,0.0001616988,-2.9117242e-05
0.17,0.00010399829,-2.3199356e-05,1.2518363e-07,1.1057463e-05,0.0001863868,-3.6081434e-05
0.18000000000000002,0.00012217404,-2.5503394e-05,1.4090772e-07,1.2484338e-05,0.00021111361,-4.3055792e-05
0.19000000000000003,0.00014037677,-2.7798933e-05,1.5661077e-07,1.3909801e-05,0.00023587885,-5.004047e-05
0.20000000000000004,0.00015860582,-3.0086157e-05,1.7229259e-07,1.5333826e-05,0.00026068167,-5.7035133e-05
0.21000000000000005,0.00017685725,-3.2369302e-05,1.8795784e-07,1.6756621e-05,0.0002855192,-6.403661e-05
0.22000000000000006,0.00019513864,-3.4639117e-05,2.0359555e-07,1.8177649e-05,0.00031039605,-7.1051436e-05
0.23000000000000007,0.00021344499,-3.6900023e-05,2.1920981e-07,1.9597057e-05,0.00033530817,-7.8075864e-05
0.24000000000000007,0.00023177607,-3.91522e-05,2.3480082e-07,2.1014852e-05,0.0003602553,-8.5109765e-05
0.25000000000000006,0.00025013162,-4.1395448e-05,2.50368e-07,2.2430992e-05,0.0003852368,-9.215311e-05
0.26000000000000006,0.00026851127,-4.362965e-05,2.6591087e-07,2.3845429e-05,0.0004102521,-9.920579e-05
0.2700000000000001,0.0002869112,-4.5858833e-05,2.814337e-07,2.5258358e-05,0.00043529837,-0.000106264735
0.2800000000000001,0.00030533862,-4.8074384e-05,2.9692646e-07,2.6669291e-05,0.00046037982,-0.00011333613
0.2900000000000001,0.00032378905,-5.027993e-05,3.1239225e-07,2.8078322e-05,0.00048549296,-0.00012041672
0.3000000000000001,0.00034225805,-5.248065e-05,3.2783697e-07,2.9485735e-05,0.0005106348,-0.00012750279
0.3100000000000001,0.00036074966,-5.4671942e-05,3.4325552e-07,3.0891286e-05,0.0005358075,-0.00013459778
0.3200000000000001,0.0003792637,-5.685291e-05,3.5864605e-07,3.229485e-05,0.0005610105,-0.00014170185
0.3300000000000001,0.0003978032,-5.9019385e-05,3.7400324e-07,3.369616e-05,0.0005862451,-0.00014881782
0.34000000000000014,0.00041635928,-6.1180544e-05,3.893369e-07,3.509563e-05,0.0006115054,-0.00015593859
0.35000000000000014,0.00043493658,-6.333178e-05,4.046423e-07,3.6493067e-05,0.00063679414,-0.00016306785
0.36000000000000015,0.00045353442,-6.547273e-05,4.1991822e-07,3.788838e-05,0.0006621102,-0.00017020543
0.37000000000000016,0.00047215255,-6.7603134e-05,4.35164e-07,3.928151e-05,0.0006874531,-0.00017735129
0.38000000000000017,0.0004907902,-6.9723304e-05,4.5037956e-07,4.067244e-05,0.00071282196,-0.00018450504
0.3900000000000002,0.0005094475,-7.1832685e-05,4.6556397e-07,4.2061103e-05,0.00073821633,-0.00019166688
0.4000000000000002,0.0005281281,-7.392635e-05,4.807112e-07,4.3447206e-05,0.0007636382,-0.00019884025
0.4100000000000002,0.0005468267,-7.600936e-05,4.958261e-07,4.483092e-05,0.00078908366,-0.00020602088
0.4200000000000002,0.0005655436,-7.808146e-05,5.109086e-07,4.6212255e-05,0.0008145526,-0.00021320913
0.4300000000000002,0.0005842789,-8.014208e-05,5.259577e-07,4.7591155e-05,0.0008400447,-0.00022040524
0.4400000000000002,0.0006030267,-8.219735e-05,5.409799e-07,4.8967886e-05,0.000865556,-0.00022760448
0.45000000000000023,0.00062179286,-8.424113e-05,5.5596877e-07,5.034218e-05,0.0008910896,-0.00023481167
0.46000000000000024,0.00064057735,-8.627184e-05,5.7092126e-07,5.1713843e-05,0.00091664493,-0.00024202728
0.47000000000000025,0.0006593804,-8.828883e-05,5.858364e-07,5.3082797e-05,0.0009422219,-0.00024925164
0.48000000000000026,0.00067819585,-9.029802e-05,6.0072e-07,5.4449287e-05,0.0009678162,-0.00025647995
0.49000000000000027,0.00069703045,-9.229268e-05,6.1556534e-07,5.581303e-05,0.0009934315,-0.00026371764
0.5000000000000002,0.0007158823,-9.4273535e-05,6.3037197e-07,5.717395e-05,0.0010190664,-0.00027096353
0.5100000000000002,0.0007347442,-9.624769e-05,6.451473e-07,5.8532358e-05,0.0010447161,-0.00027821198
0.5200000000000002,0.0007536227,-9.820872e-05,6.598849e-07,5.9887996e-05,0.0010703838,-0.0002854683
0.5300000000000002,0.00077251706,-0.00010015624,6.745834e-07,6.124075e-05,0.001096069,-0.00029273218
0.5400000000000003,0.00079142407,-0.00010209314,6.892454e-07,6.259071e-05,0.0011217692,-0.00030000115
0.5500000000000003,0.00081034494,-0.000104017345,7.0386835e-07,6.393775e-05,0.0011474843,-0.00030727664
0.5600000000000003,0.00082928257,-0.00010592702,7.184508e-07,6.528183e-05,0.0011732166,-0.00031456043
0.5700000000000003,0.000848231,-0.00010782542,7.329943e-07,6.662291e-05,0.0011989612,-0.0003218488
0.5800000000000003,0.00086719485,-0.00010970951,7.4749676e-07,6.7960966e-05,0.0012247211,-0.0003291449
0.5900000000000003,0.0008861675,-0.00011158415,7.61962e-07,6.929609e-05,0.0012504914,-0.00033644412
0.6000000000000003,0.0009051528,-0.000113446215,7.7638737e-07,7.06282e-05,0.001276274,-0.00034374933
0.6100000000000003,0.0009241486,-0.000115296825,7.9077313e-07,7.195726e-05,0.0013020672,-0.00035105908
0.6200000000000003,0.00094315724,-0.000117134325,8.05118e-07,7.328325e-05,0.0013278727,-0.00035837505
0.6300000000000003,0.00096217636,-0.00011895772,8.194188e-07,7.4605894e-05,0.001353687,-0.00036569664
0.6400000000000003,0.0009812075,-0.00012076891,8.336794e-07,7.5925476e-05,0.001379513,-0.0003730237
0.6500000000000004,0.0010002487,-0.00012256607,8.478957e-07,7.7241704e-05,0.0014053469,-0.00038035618
0.6600000000000004,0.0010193001,-0.00012435096,8.6207046e-07,7.855473e-05,0.0014311898,-0.00038769344
0.6700000000000004,0.0010383612,-0.00012612264,8.7620197e-07,7.9864454e-05,0.0014570404,-0.00039503563
0.6800000000000004,0.0010574321,-0.00012788044,8.90289e-07,8.1170794e-05,0.0014828981,-0.0004023831
0.6900000000000004,0.0010765122,-0.00012962536,9.0433264e-07,8.2473794e-05,0.0015087627,-0.0004097351
0.7000000000000004,0.001095601,-0.00013135656,9.183314e-07,8.377336e-05,0.001534633,-0.0004170919
0.7100000000000004,0.0011146982,-0.00013307476,9.3228607e-07,8.506952e-05,0.0015605087,-0.00042445306
0.7200000000000004,0.0011338034,-0.00013477913,9.4619503e-07,8.6362175e-05,0.0015863887,-0.00043181865
0.7300000000000004,0.0011529074,-0.00013646903,9.600518e-07,8.765071e-05,0.001612261,-0.00043918518
0.7400000000000004,0.001171819,-0.00013817304,9.7389e-07,8.893601e-05,0.0016378781,-0.00044647272
0.7500000000000004,0.0011904936,-0.00013989511,9.877074e-07,9.0217494e-05,0.0016631826,-0.00045366297
0.7600000000000005,0.0012089339,-0.00014163568,1.0015059e-06,9.149532e-05,0.001688179,-0.00046075677
0.7700000000000005,0.0012271401,-0.00014339518,1.0152866e-06,9.276958e-05,0.0017128681,-0.0004677539
0.7800000000000005,0.0012451215,-0.00014517296,1.0290503e-06,9.404042e-05,0.0017372629,-0.00047465815
0.7900000000000005,0.0012628668,-0.00014697049,1.0427979e-06,9.53078e-05,0.0017613495,-0.00048146467
0.8000000000000005,0.0012803792,-0.00014878795,1.0565308e-06,9.657186e-05,0.0017851328,-0.00048817464
0.8100000000000005,0.0012976673,-0.00015062478,1.0702498e-06,9.783273e-05,0.0018086245,-0.0004947913
0.8200000000000005,0.0013147272,-0.0001524816,1.0839555e-06,9.909043e-05,0.0018318207,-0.0005013132
0.8300000000000005,0.0013315516,-0.00015435969,1.0976494e-06,0.000100345,0.0018547125,-0.00050773687
0.8400000000000005,0.0013481366,-0.00015626,1.1113332e-06,0.00010159654,0.0018772958,-0.0005140607
0.8500000000000005,0.0013644866,-0.00015818255,1.1250083e-06,0.00010284519,0.0018995772,-0.00052028627
0.8600000000000005,0.0013806032,-0.00016012753,1.1386754e-06,0.00010409102,0.0019215593,-0.00052641396
0.8700000000000006,0.0013964839,-0.00016209553,1.1523356e-06,0.0001053341,0.0019432402,-0.00053244276
0.8800000000000006,0.0014121289,-0.000164087,1.1659902e-06,0.00010657452,0.0019646208,-0.00053837255
0.8900000000000006,0.0014275402,-0.00016610211,1.1796401e-06,0.00010781237,0.0019857043,-0.0005442039
0.9000000000000006,0.0014427176,-0.00016814124,1.1932864e-06,0.00010904773,0.0020064916,-0.0005499366
0.9100000000000006,0.001457661,-0.00017020482,1.20693e-06,0.00011028068,0.0020269835,-0.00055557047
0.9200000000000006,0.001472373,-0.00017229293,1.2205722e-06,0.00011151131,0.002047184,-0.0005611064
0.9300000000000006,0.0014868429,-0.00017440719,1.2342143e-06,0.00011273966,0.0020670802,-0.0005665398
0.9400000000000006,0.0015010824,-0.00017654683,1.2478575e-06,0.00011396591,0.002086688,-0.00057187537
0.9500000000000006,0.001515078,-0.0001787137,1.2615031e-06,0.00011519002,0.0021059916,-0.00057710725
0.9600000000000006,0.0015288471,-0.00018090633,1.2751518e-06,0.00011641224,0.0021250134,-0.0005822425
0.9700000000000006,0.0015423824,-0.00018312571,1.2888044e-06,0.000117632524,0.0021437453,-0.00058727793
0.9800000000000006,0.001555681,-0.00018537267,1.3024622e-06,0.00011885098,0.0021621843,-0.00059221225
0.9900000000000007,0.00156874,-0.00018764805,1.3161269e-06,0.000120067685,0.0021803284,-0.000597044
1.0000000000000007,0.0015815615,-0.00018995212,1.3297999e-06,0.00012128276,0.0021981802,-0.00060177385
1.0100000000000007,0.0015941536,-0.00019228425,1.3434815e-06,0.00012249632,0.0022157517,-0.00060640497
1.0200000000000007,0.0016065093,-0.00019464553,1.3571726e-06,0.00012370838,0.0022330345,-0.0006109344
1.0300000000000007,0.0016186316,-0.00019703609,1.3708747e-06,0.00012491904,0.0022500337,-0.0006153631
1.0400000000000007,0.0016305093,-0.00019945776,1.3845894e-06,0.00012612836,0.0022667355,-0.00061968627
1.0500000000000007,0.0016421591,-0.00020190905,1.3983175e-06,0.00012733655,0.0022831627,-0.0006239107
1.0600000000000007,0.0016535678,-0.00020439169,1.41206e-06,0.00012854353,0.0022992992,-0.0006280306
1.0700000000000007,0.0016648058,-0.00020689963,1.4258153e-06,0.00012974978,0.002315237,-0.00063207437
1.0800000000000007,0.0016759214,-0.000209421,1.439571e-06,0.00013095493,0.0023310327,-0.0006360645
1.0900000000000007,0.0016867847,-0.0002119736,1.4533354e-06,0.00013215833,0.0023465268,-0.0006399457
1.1000000000000008,0.0016974129,-0.00021455841,1.4671175e-06,0.00013336084,0.0023617395,-0.0006437241
1.1100000000000008,0.0017078024,-0.00021717633,1.4809194e-06,0.00013456258,0.0023766693,-0.0006473982
1.1200000000000008,0.0017179536,-0.00021982777,1.4947423e-06,0.00013576366,0.0023913172,-0.00065096794
1.1300000000000008,0.0017278696,-0.00022251271,1.5085868e-06,0.00013696417,0.0024056886,-0.00065443455
1.1400000000000008,0.0017375504,-0.0002252315,1.5224539e-06,0.00013816415,0.0024197844,-0.00065779773
1.1500000000000008,0.0017469999,-0.00022798401,1.5363443e-06,0.00013936369,0.0024336106,-0.000661059
1.1600000000000008,0.0017562094,-0.00023077174,1.5502595e-06,0.00014056286,0.002447157,-0.0006642145
1.1700000000000008,0.0017651846,-0.00023359452,1.5642007e-06,0.00014176178,0.0024604315,-0.00066726643
1.1800000000000008,0.0017739253,-0.00023645264,1.5781687e-06,0.0001429605,0.0024734358,-0.0006702146
1.1900000000000008,0.001782438,-0.00023934568,1.5921638e-06,0.00014415912,0.0024861784,-0.00067306147
1.2000000000000008,0.0017907154,-0.00024227481,1.6061872e-06,0.00014535766,0.0024986516,-0.0006758038
1.2100000000000009,0.0017987571,-0.0002452407,1.6202407e-06,0.00014655624,0.0025108552,-0.0006784413
1.2200000000000009,0.0018065698,-0.00024824284,1.6343246e-06,0.00014775494,0.002522799,-0.00068097643
1.2300000000000009,0.0018141462,-0.00025128244,1.6484402e-06,0.00014895381,0.0025344754,-0.0006834062
1.2400000000000009,0.0018214941,-0.00025435904,1.6625881e-06,0.00015015296,0.0025458944,-0.00068573345
1.2500000000000009,0.0018286065,-0.00025747376,1.6767697e-06,0.00015135243,0.0025570488,-0.00068795524
1.260000000000001,0.0018450445,-0.0002590633,1.6890772e-06,0.00015249278,0.002579875,-0.0006941897
1.270000000000001,0.0018616605,-0.00026059352,1.7012129e-06,0.00015362039,0.0026027064,-0.00070048776
1.280000000000001,0.0018783142,-0.0002621013,1.7132837e-06,0.00015474329,0.0026255373,-0.00070680457
1.290000000000001,0.0018949611,-0.00026359715,1.725303e-06,0.00015586197,0.0026483545,-0.000713119
1.300000000000001,0.0019116082,-0.00026507862,1.7372695e-06,0.00015697647,0.0026711642,-0.0007194348
1.310000000000001,0.0019282526,-0.00026654662,1.7491827e-06,0.00015808672,0.0026939646,-0.00072575064
1.320000000000001,0.0019448943,-0.0002680016,1.7610437e-06,0.00015919276,0.0027167553,-0.0007320661
1.330000000000001,0.0019615295,-0.0002694457,1.7728535e-06,0.00016029457,0.002739533,-0.000738379
1.340000000000001,0.0019781683,-0.00027087092,1.7846056e-06,0.000161392,0.0027623032,-0.0007446968
1.350000000000001,0.0019948003,-0.00027228435,1.7963042e-06,0.00016248504,0.0027850603,-0.0007510119
1.360000000000001,0.002011428,-0.0002736851,1.8079503e-06,0.00016357383,0.002807805,-0.0007573261
1.370000000000001,0.0020280525,-0.00027507235,1.8195432e-06,0.00016465834,0.0028305382,-0.00076364016
1.380000000000001,0.002044672,-0.0002764461,1.8310816e-06,0.00016573846,0.0028532578,-0.00076995336
1.390000000000001,0.0020612932,-0.00027780057,1.8425602e-06,0.00016681402,0.0028759665,-0.0007762708
1.400000000000001,0.0020779069,-0.0002791426,1.853984e-06,0.00016788508,0.0028986605,-0.0007825855
1.410000000000001,0.0020945116,-0.0002804746,1.8653567e-06,0.00016895187,0.002921338,-0.00078889646
1.420000000000001,0.002111119,-0.00028178646,1.8766692e-06,0.0001700141,0.002944004,-0.00079521263
1.430000000000001,0.0021277135,-0.00028308976,1.8879299e-06,0.00017107191,0.0029666515,-0.00080152234
1.440000000000001,0.0021443095,-0.0002843738,1.8991313e-06,0.00017212519,0.002989286,-0.00080783654
1.450000000000001,0.0021608942,-0.0002856462,1.9102772e-06,0.00017317384,0.0030119012,-0.00081414636
1.460000000000001,0.0021774794,-0.00028690108,1.9213655e-06,0.00017421806,0.0030345037,-0.00082045945
1.470000000000001,0.002194051,-0.0002881466,1.9324007e-06,0.00017525775,0.0030570854,-0.0008267662
1.480000000000001,0.0022106173,-0.00028937776,1.9433805e-06,0.00017629302,0.003079649,-0.0008330728
1.490000000000001,0.002227177,-0.00029059444,1.9543036e-06,0.00017732369,0.0031021948,-0.0008393784
1.500000000000001,0.0022437288,-0.00029179727,1.9651702e-06,0.0001783498,0.003124721,-0.0008456823
1.5100000000000011,0.00226028,-0.00029297988,1.9759743e-06,0.00017937113,0.0031472312,-0.00085199
1.5200000000000011,0.0022768152,-0.00029415387,1.986725e-06,0.00018038785,0.003169718,-0.00085829024
1.5300000000000011,0.0022933448,-0.00029531276,1.9974193e-06,0.00018140009,0.003192185,-0.0008645906
1.5400000000000011,0.0023098667,-0.00029645674,2.0080554e-06,0.00018240763,0.0032146315,-0.0008708897
1.5500000000000012,0.002326386,-0.00029758076,2.0186285e-06,0.00018341033,0.003237059,-0.0008771918
1.5600000000000012,0.0023428886,-0.0002986958,2.0291473e-06,0.00018440836,0.0032594616,-0.0008834863
0.01,-0.086005434,-0.2048099,-0.006009943,-0.44605622,-0.39557806,-0.49343228
0.02,-3.0203464e-05,-5.730961e-06,2.2262572e-09,-1.0263239e-07,9.655288e-09,1.793854e-05
0.03,-3.7346217e-05,-4.9853015e-06,1.4968918e-09,-1.5456996e-07,-5.6950266e-06,1.8213277e-05
0.04,-3.7354745e-05,-4.831645e-06,1.2145159e-09,-1.7281117e-07,-5.9017966e-06,1.814502e-05
0.05,-3.7311216e-05,-4.844271e-06,1.2692906e-09,-1.6832045e-07,-5.8341193e-06,1.8138773e-05
0.060000000000000005,-3.7306614e-05,-4.8468764e-06,1.2767382e-09,-1.677459e-07,-5.826953e-06,1.813841e-05
0.07,-3.7307513e-05,-4.8468883e-06,1.2761985e-09,-1.6779902e-07,-5.827996e-06,1.8138702e-05
0.08,-3.7307665e-05,-4.8468314e-06,1.2759971e-09,-1.6781534e-07,-5.828223e-06,1.8138735e-05
0.09,-3.7307655e-05,-4.8468287e-06,1.2760015e-09,-1.6781476e-07,-5.8282094e-06,1.813873e-05
0.09999999999999999,-2.2429278e-05,-6.795153e-06,1.4459034e-08,1.0262572e-06,1.4430831e-05,1.23954105e-05
0.10999999999999999,-4.466481e-06,-9.189132e-06,3.0398805e-08,2.4672836e-06,3.8866034e-05,5.53089e-06
0.11999999999999998,1.3541735e-05,-1.1549145e-05,4.625667e-08,3.9029505e-06,6.335347e-05,-1.3725603e-06
0.12999999999999998,3.1575768e-05,-1.389479e-05,6.20791e-08,5.3362637e-06,8.7877685e-05,-8.292827e-06
0.13999999999999999,4.963817e-05,-1.6234528e-05,7.7886156e-08,6.76857e-06,0.00011244378,-1.522307e-05
0.15,6.772831e-05,-1.856679e-05,9.367467e-08,8.1996495e-06,0.00013705014,-2.2163551e-05
0.16,8.584955e-05,-2.0887284e-05,1.09439384e-07,9.629236e-06,0.0001616988,-2.9117242e-05
0.17,0.00010399829,-2.3199356e-05,1.2518363e-07,1.1057463e-05,0.0001863868,-3.6081434e-05
0.18000000000000002,0.00012217404,-2.5503394e-05,1.4090772e-07,1.2484338e-05,0.00021111361,-4.3055792e-05
0.19000000000000003,0.00014037677,-2.7798933e-05,1.5661077e-07,1.3909801e-05,0.00023587885,-5.004047e-05
0.20000000000000004,0.00015860582,-3.0086157e-05,1.7229259e-07,1.5333826e-05,0.00026068167,-5.7035133e-05
0.21000000000000005,0.00017685725,-3.2369302e-05,1.8795784e-07,1.6756621e-05,0.0002855192,-6.403661e-05
0.22000000000000006,0.00019513864,-3.4639117e-05,2.0359555e-07,1.8177649e-05,0.00031039605,-7.1051436e-05
0.23000000000000007,0.00021344499,-3.6900023e-05,2.1920981e-07,1.9597057e-05,0.00033530817,-7.8075864e-05
0.24000000000000007,0.00023177607,-3.91522e-05,2.3480082e-07,2.1014852e-05,0.0003602553,-8.5109765e-05
0.25000000000000006,0.00025013162,-4.1395448e-05,2.50368e-07,2.2430992e-05,0.0003852368,-9.215311e-05
0.26000000000000006,0.00026851127,-4.362965e-05,2.6591087e-07,2.3845429e-05,0.0004102521,-9.920579e-05
0.2700000000000001,0.0002869112,-4.5858833e-05,2.814337e-07,2.5258358e-05,0.00043529837,-0.000106264735
0.2800000000000001,0.00030533862,-4.8074384e-05,2.9692646e-07,2.6669291e-05,0.00046037982,-0.00011333613
0.2900000000000001,0.00032378905,-5.027993e-05,3.1239225e-07,2.8078322e-05,0.00048549296,-0.00012041672
0.3000000000000001,0.00034225805,-5.248065e-05,3.2783697e-07,2.9485735e-05,0.0005106348,-0.00012750279
0.3100000000000001,0.00036074966,-5.4671942e-05,3.4325552e-07,3.0891286e-05,0.0005358075,-0.00013459778
0.3200000000000001,0.0003792637,-5.685291e-05,3.5864605e-07,3.229485e-05,0.0005610105,-0.00014170185
0.3300000000000001,0.0003978032,-5.9019385e-05,3.7400324e-07,3.369616e-05,0.0005862451,-0.00014881782
0.34000000000000014,0.00041635928,-6.1180544e-05,3.893369e-07,3.509563e-05,0.0006115054,-0.00015593859
0.35000000000000014,0.00043493658,-6.333178e-05,4.046423e-07,3.6493067e-05,0.00063679414,-0.00016306785
0.36000000000000015,0.00045353442,-6.547273e-05,4.1991822e-07,3.788838e-05,0.0006621102,-0.00017020543
0.37000000000000016,0.00047215255,-6.7603134e-05,4.35164e-07,3.928151e-05,0.0006874531,-0.00017735129
0.38000000000000017,0.0004907902,-6.9723304e-05,4.5037956e-07,4.067244e-05,0.00071282196,-0.00018450504
0.3900000000000002,0.0005094475,-7.1832685e-05,4.6556397e-07,4.2061103e-05,0.00073821633,-0.00019166688
0.4000000000000002,0.0005281281,-7.392635e-05,4.807112e-07,4.3447206e-05,0.0007636382,-0.00019884025
0.4100000000000002,0.0005468267,-7.600936e-05,4.958261e-07,4.483092e-05,0.00078908366,-0.00020602088
0.4200000000000002,0.0005655436,-7.808146e-05,5.109086e-07,4.6212255e-05,0.0008145526,-0.00021320913
0.4300000000000002,0.0005842789,-8.014208e-05,5.259577e-07,4.7591155e-05,0.0008400447,-0.00022040524
0.4400000000000002,0.0006030267,-8.219735e-05,5.409799e-07,4.8967886e-05,0.000865556,-0.00022760448
0.45000000000000023,0.00062179286,-8.424113e-05,5.5596877e-07,5.034218e-05,0.0008910896,-0.00023481167
0.46000000000000024,0.00064057735,-8.627184e-05,5.7092126e-07,5.1713843e-05,0.00091664493,-0.00024202728
0.47000000000000025,0.0006593804,-8.828883e-05,5.858364e-07,5.3082797e-05,0.0009422219,-0.00024925164
0.48000000000000026,0.00067819585,-9.029802e-05,6.0072e-07,5.4449287e-05,0.0009678162,-0.00025647995
0.49000000000000027,0.00069703045,-9.229268e-05,6.1556534e-07,5.581303e-05,0.0009934315,-0.00026371764
0.5000000000000002,0.0007158823,-9.4273535e-05,6.3037197e-07,5.717395e-05,0.0010190664,-0.00027096353
0.5100000000000002,0.0007347442,-9.624769e-05,6.451473e-07,5.8532358e-05,0.0010447161,-0.00027821198
0.5200000000000002,0.0007536227,-9.820872e-05,6.598849e-07,5.9887996e-05,0.0010703838,-0.0002854683
0.5300000000000002,0.00077251706,-0.00010015624,6.745834e-07,6.124075e-05,0.001096069,-0.00029273218
0.5400000000000003,0.00079142407,-0.00010209314,6.892454e-07,6.259071e-05,0.0011217692,-0.00030000115
0.5500000000000003,0.00081034494,-0.000104017345,7.0386835e-07,6.393775e-05,0.0011474843,-0.00030727664
0.5600000000000003,0.00082928257,-0.00010592702,7.184508e-07,6.528183e-05,0.0011732166,-0.00031456043
0.5700000000000003,0.000848231,-0.00010782542,7.329943e-07,6.662291e-05,0.0011989612,-0.0003218488
0.5800000000000003,0.00086719485,-0.00010970951,7.4749676e-07,6.7960966e-05,0.0012247211,-0.0003291449
0.5900000000000003,0.0008861675,-0.00011158415,7.61962e-07,6.929609e-05,0.0012504914,-0.00033644412
0.6000000000000003,0.0009051528,-0.000113446215,7.7638737e-07,7.06282e-05,0.001276274,-0.00034374933
0.6100000000000003,0.0009241486,-0.000115296825,7.9077313e-07,7.195726e-05,0.0013020672,-0.00035105908
0.6200000000000003,0.00094315724,-0.000117134325,8.05118e-07,7.328325e-05,0.0013278727,-0.00035837505
0.6300000000000003,0.00096217636,-0.00011895772,8.194188e-07,7.4605894e-05,0.001353687,-0.00036569664
0.6400000000000003,0.0009812075,-0.00012076891,8.336794e-07,7.5925476e-05,0.001379513,-0.0003730237
0.6500000000000004,0.0010002487,-0.00012256607,8.478957e-07,7.7241704e-05,0.0014053469,-0.00038035618
0.6600000000000004,0.0010193001,-0.00012435096,8.6207046e-07,7.855473e-05,0.0014311898,-0.00038769344
0.6700000000000004,0.0010383612,-0.00012612264,8.7620197e-07,7.9864454e-05,0.0014570404,-0.00039503563
0.6800000000000004,0.0010574321,-0.00012788044,8.90289e-07,8.1170794e-05,0.0014828981,-0.0004023831
0.6900000000000004,0.0010765122,-0.00012962536,9.0433264e-07,8.2473794e-05,0.0015087627,-0.0004097351
0.7000000000000004,0.001095601,-0.00013135656,9.183314e-07,8.377336e-05,0.001534633,-0.0004170919
0.7100000000000004,0.0011146982,-0.00013307476,9.3228607e-07,8.506952e-05,0.0015605087,-0.00042445306
0.7200000000000004,0.0011338034,-0.00013477913,9.4619503e-07,8.6362175e-05,0.0015863887,-0.00043181865
0.7300000000000004,0.0011529074,-0.00013646903,9.600518e-07,8.765071e-05,0.001612261,-0.00043918518
0.7400000000000004,0.001171819,-0.00013817304,9.7389e-07,8.893601e-05,0.0016378781,-0.00044647272
0.7500000000000004,0.0011904936,-0.00013989511,9.877074e-07,9.0217494e-05,0.0016631826,-0.00045366297
0.7600000000000005,0.0012089339,-0.00014163568,1.0015059e-06,9.149532e-05,0.001688179,-0.00046075677
0.7700000000000005,0.0012271401,-0.00014339518,1.0152866e-06,9.276958e-05,0.0017128681,-0.0004677539
0.7800000000000005,0.0012451215,-0.00014517296,1.0290503e-06,9.404042e-05,0.0017372629,-0.00047465815
0.7900000000000005,0.0012628668,-0.00014697049,1.0427979e-06,9.53078e-05,0.0017613495,-0.00048146467
0.8000000000000005,0.0012803792,-0.00014878795,1.0565308e-06,9.657186e-05,0.0017851328,-0.00048817464
0.8100000000000005,0.0012976673,-0.00015062478,1.0702498e-06,9.783273e-05,0.0018086245,-0.0004947913
0.8200000000000005,0.0013147272,-0.0001524816,1.0839555e-06,9.909043e-05,0.0018318207,-0.0005013132
0.8300000000000005,0.0013315516,-0.00015435969,1.0976494e-06,0.000100345,0.0018547125,-0.00050773687
0.8400000000000005,0.0013481366,-0.00015626,1.1113332e-06,0.00010159654,0.0018772958,-0.0005140607
0.8500000000000005,0.0013644866,-0.00015818255,1.1250083e-06,0.00010284519,0.0018995772,-0.00052028627
0.8600000000000005,0.0013806032,-0.00016012753,1.1386754e-06,0.00010409102,0.0019215593,-0.00052641396
0.8700000000000006,0.0013964839,-0.00016209553,1.1523356e-06,0.0001053341,0.0019432402,-0.00053244276
0.8800000000000006,0.0014121289,-0.000164087,1.1659902e-06,0.00010657452,0.0019646208,-0.00053837255
0.8900000000000006,0.0014275402,-0.00016610211,1.1796401e-06,0.00010781237,0.0019857043,-0.0005442039
0.9000000000000006,0.0014427176,-0.00016814124,1.1932864e-06,0.00010904773,0.0020064916,-0.0005499366
0.9100000000000006,0.001457661,-0.00017020482,1.20693e-06,0.00011028068,0.0020269835,-0.00055557047
0.9200000000000006,0.001472373,-0.00017229293,1.2205722e-06,0.00011151131,0.002047184,-0.0005611064
0.9300000000000006,0.0014868429,-0.00017440719,1.2342143e-06,0.00011273966,0.0020670802,-0.0005665398
0.9400000000000006,0.0015010824,-0.00017654683,1.2478575e-06,0.00011396591,0.002086688,-0.00057187537
0.9500000000000006,0.001515078,-0.0001787137,1.2615031e-06,0.00011519002,0.0021059916,-0.00057710725
0.9600000000000006,0.0015288471,-0.00018090633,1.2751518e-06,0.00011641224,0.0021250134,-0.0005822425
0.9700000000000006,0.0015423824,-0.00018312571,1.2888044e-06,0.000117632524,0.0021437453,-0.00058727793
0.9800000000000006,0.001555681,-0.00018537267,1.3024622e-06,0.00011885098,0.0021621843,-0.00059221225
0.9900000000000007,0.00156874,-0.00018764805,1.3161269e-06,0.000120067685,0.0021803284,-0.000597044
1.0000000000000007,0.0015815615,-0.00018995212,1.3297999e-06,0.00012128276,0.0021981802,-0.00060177385
1.0100000000000007,0.0015941536,-0.00019228425,1.3434815e-06,0.00012249632,0.0022157517,-0.00060640497
1.0200000000000007,0.0016065093,-0.00019464553,1.3571726e-06,0.00012370838,0.0022330345,-0.0006109344
1.0300000000000007,0.0016186316,-0.00019703609,1.3708747e-06,0.00012491904,0.0022500337,-0.0006153631
1.0400000000000007,0.0016305093,-0.00019945776,1.3845894e-06,0.00012612836,0.0022667355,-0.00061968627
1.0500000000000007,0.0016421591,-0.00020190905,1.3983175e-06,0.00012733655,0.0022831627,-0.0006239107
1.0600000000000007,0.0016535678,-0.00020439169,1.41206e-06,0.00012854353,0.0022992992,-0.0006280306
1.0700000000000007,0.0016648058,-0.00020689963,1.4258153e-06,0.00012974978,0.002315237,-0.00063207437
1.0800000000000007,0.0016759214,-0.000209421,1.439571e-06,0.00013095493,0.0023310327,-0.0006360645
1.0900000000000007,0.0016867847,-0.0002119736,1.4533354e-06,0.00013215833,0.0023465268,-0.0006399457
1.1000000000000008,0.0016974129,-0.00021455841,1.4671175e-06,0.00013336084,0.0023617395,-0.0006437241
1.1100000000000008,0.0017078024,-0.00021717633,1.4809194e-06,0.00013456258,0.0023766693,-0.0006473982
1.1200000000000008,0.0017179536,-0.00021982777,1.4947423e-06,0.00013576366,0.0023913172,-0.00065096794
1.1300000000000008,0.0017278696,-0.00022251271,1.5085868e-06,0.00013696417,0.0024056886,-0.00065443455
1.1400000000000008,0.0017375504,-0.0002252315,1.5224539e-06,0.00013816415,0.0024197844,-0.00065779773
1.1500000000000008,0.0017469999,-0.00022798401,1.5363443e-06,0.00013936369,0.0024336106,-0.000661059
1.1600000000000008,0.0017562094,-0.00023077174,1.5502595e-06,0.00014056286,0.002447157,-0.0006642145
1.1700000000000008,0.0017651846,-0.00023359452,1.5642007e-06,0.00014176178,0.0024604315,-0.00066726643
1.1800000000000008,0.0017739253,-0.00023645264,1.5781687e-06,0.0001429605,0.0024734358,-0.0006702146
1.1900000000000008,0.001782438,-0.00023934568,1.5921638e-06,0.00014415912,0.0024861784,-0.00067306147
1.2000000000000008,0.0017907154,-0.00024227481,1.6061872e-06,0.00014535766,0.0024986516,-0.0006758038
1.2100000000000009,0.0017987571,-0.0002452407,1.6202407e-06,0.00014655624,0.0025108552,-0.0006784413
1.2200000000000009,0.0018065698,-0.00024824284,1.6343246e-06,0.00014775494,0.002522799,-0.00068097643
1.2300000000000009,0.0018141462,-0.00025128244,1.6484402e-06,0.00014895381,0.0025344754,-0.0006834062
1.2400000000000009,0.0018214941,-0.00025435904,1.6625881e-06,0.00015015296,0.0025458944,-0.00068573345
1.2500000000000009,0.0018286065,-0.00025747376,1.6767697e-06,0.00015135243,0.0025570488,-0.00068795524
1.260000000000001,0.0018450445,-0.0002590633,1.6890772e-06,0.00015249278,0.002579875,-0.0006941897
1.270000000000001,0.0018616605,-0.00026059352,1.7012129e-06,0.00015362039,0.0026027064,-0.00070048776
1.280000000000001,0.0018783142,-0.0002621013,1.7132837e-06,0.00015474329,0.0026255373,-0.00070680457
1.290000000000001,0.0018949611,-0.00026359715,1.725303e-06,0.00015586197,0.0026483545,-0.000713119
1.300000000000001,0.0019116082,-0.00026507862,1.7372695e-06,0.00015697647,0.0026711642,-0.0007194348
1.310000000000001,0.0019282526,-0.00026654662,1.7491827e-06,0.00015808672,0.0026939646,-0.00072575064
1.320000000000001,0.0019448943,-0.0002680016,1.7610437e-06,0.00015919276,0.0027167553,-0.0007320661
1.330000000000001,0.0019615295,-0.0002694457,1.7728535e-06,0.00016029457,0.002739533,-0.000738379
1.340000000000001,0.0019781683,-0.00027087092,1.7846056e-06,0.000161392,0.0027623032,-0.0007446968
1.350000000000001,0.0019948003,-0.00027228435,1.7963042e-06,0.00016248504,0.0027850603,-0.0007510119
1.360000000000001,0.002011428,-0.0002736851,1.8079503e-06,0.00016357383,0.002807805,-0.0007573261
1.370000000000001,0.0020280525,-0.00027507235,1.8195432e-06,0.00016465834,0.0028305382,-0.00076364016
1.380000000000001,0.002044672,-0.0002764461,1.8310816e-06,0.00016573846,0.0028532578,-0.00076995336
1.390000000000001,0.0020612932,-0.00027780057,1.8425602e-06,0.00016681402,0.0028759665,-0.0007762708
1.400000000000001,0.0020779069,-0.0002791426,1.853984e-06,0.00016788508,0.0028986605,-0.0007825855
1.410000000000001,0.0020945116,-0.0002804746,1.8653567e-06,0.00016895187,0.002921338,-0.00078889646
1.420000000000001,0.002111119,-0.00028178646,1.8766692e-06,0.0001700141,0.002944004,-0.00079521263
1.430000000000001,0.0021277135,-0.00028308976,1.8879299e-06,0.00017107191,0.0029666515,-0.00080152234
1.440000000000001,0.0021443095,-0.0002843738,1.8991313e-06,0.00017212519,0.002989286,-0.00080783654
1.450000000000001,0.0021608942,-0.0002856462,1.9102772e-06,0.00017317384,0.0030119012,-0.00081414636
1.460000000000001,0.0021774794,-0.00028690108,1.9213655e-06,0.00017421806,0.0030345037,-0.00082045945
1.470000000000001,0.002194051,-0.0002881466,1.9324007e-06,0.00017525775,0.0030570854,-0.0008267662
1.480000000000001,0.0022106173,-0.00028937776,1.9433805e-06,0.00017629302,0.003079649,-0.0008330728
1.490000000000001,0.002227177,-0.00029059444,1.9543036e-06,0.00017732369,0.0031021948,-0.0008393784
1.500000000000001,0.0022437288,-0.00029179727,1.9651702e-06,0.0001783498,0.003124721,-0.0008456823
1.5100000000000011,0.00226028,-0.00029297988,1.9759743e-06,0.00017937113,0.0031472312,-0.00085199
1.5200000000000011,0.0022768152,-0.00029415387,1.986725e-06,0.00018038785,0.003169718,-0.00085829024
1.5300000000000011,0.0022933448,-0.00029531276,1.9974193e-06,0.00018140009,0.003192185,-0.0008645906
1.5400000000000011,0.0023098667,-0.00029645674,2.0080554e-06,0.00018240763,0.0032146315,-0.0008708897
1.5500000000000012,0.002326386,-0.00029758076,2.0186285e-06,0.00018341033,0.003237059,-0.0008771918
1.5600000000000012,0.0023428886,-0.0002986958,2.0291473e-06,0.00018440836,0.0032594616,-0.0008834863
1.5700000000000012,0.0023593896,-0.0002997913,2.039605e-06,0.00018540169,0.0032818445,-0.0008897844
1.5800000000000012,0.0023758805,-0.0003008714,2.0500022e-06,0.00018639016,0.0033042047,-0.00089608046
1.5900000000000012,0.0023923554,-0.00030194246,2.060346e-06,0.00018737403,0.0033265383,-0.00090236944
1.6000000000000012,0.0024088223,-0.00030299873,2.070633e-06,0.00018835333,0.0033488485,-0.0009086577
1.6100000000000012,0.0024252848,-0.00030403523,2.0808563e-06,0.00018932771,0.0033711367,-0.00091494824
1.6200000000000012,0.0024417292,-0.00030506257,2.0910247e-06,0.00019029736,0.003393397,-0.0009212308
1.6300000000000012,0.0024594737,-0.00030604817,2.101858e-06,0.00019133625,0.0034170756,-0.0009280578
1.6400000000000012,0.002482542,-0.00030686648,2.1155686e-06,0.00019267353,0.003446836,-0.0009371558
1.6500000000000012,0.0025044228,-0.00030844385,2.1296555e-06,0.00019400638,0.003477857,-0.000945228
1.6600000000000013,0.002525254,-0.00031038077,2.1438505e-06,0.00019532854,0.00350861,-0.00095274166
1.6700000000000013,0.0025458364,-0.00031236326,2.157965e-06,0.00019664019,0.0035391822,-0.0009601424
1.6800000000000013,0.0025662049,-0.0003143485,2.171918e-06,0.00019793582,0.003569511,-0.0009674458
1.6900000000000013,0.00258617,-0.0003163028,2.185564e-06,0.00019920274,0.0035993042,-0.0009745985
1.7000000000000013,0.002605443,-0.00031808534,2.1986236e-06,0.00020042057,0.0036278851,-0.0009815987
1.7100000000000013,0.002625915,-0.00031976693,2.211933e-06,0.00020167102,0.0036575545,-0.0009890865
1.7200000000000013,0.002645664,-0.00032162966,2.2250072e-06,0.000202888,0.003686882,-0.0009961227
1.7300000000000013,0.0026617576,-0.00032436982,2.2393401e-06,0.00020416302,0.0037119503,-0.0010014218
1.7400000000000013,0.0026778977,-0.00032746614,2.2554293e-06,0.00020558466,0.0037370517,-0.0010067981
1.7500000000000013,0.0026942424,-0.00033029317,2.2710706e-06,0.00020698007,0.0037627248,-0.0010123975
1.7600000000000013,0.002709052,-0.00033161248,2.2821466e-06,0.00020801982,0.0037855813,-0.0010181426
1.7700000000000014,0.0027256832,-0.00033252183,2.2921672e-06,0.00020898522,0.0038087706,-0.0010245654
1.7800000000000014,0.0027430484,-0.00033337134,2.3020852e-06,0.00020994573,0.0038323507,-0.0010312211
1.7900000000000014,0.0027605286,-0.0003341969,2.3119292e-06,0.00021090091,0.0038560305,-0.0010379199
1.8000000000000014,0.0027783485,-0.00033494603,2.3216369e-06,0.00021184867,0.0038801078,-0.0010447698
1.8100000000000014,0.002796341,-0.00033564915,2.331241e-06,0.0002127898,0.0039043727,-0.0010516965
1.8200000000000014,0.0028145486,-0.00033629735,2.3407322e-06,0.00021372407,0.003928877,-0.0010587199
1.8300000000000014,0.002832982,-0.00033688813,2.350107e-06,0.0002146513,0.003953632,-0.001065845
1.8400000000000014,0.002851644,-0.00033742038,2.3593632e-06,0.00021557137,0.003978639,-0.0010730732
1.8500000000000014,0.002870535,-0.0003378933,2.3684997e-06,0.00021648422,0.004003896,-0.0010804052
1.8600000000000014,0.0028896525,-0.00033830653,2.3775158e-06,0.00021738975,0.004029398,-0.0010878402
1.8700000000000014,0.0029097563,-0.0003384552,2.3864902e-06,0.00021830868,0.004055726,-0.0010958327
1.8800000000000014,0.0029287194,-0.0003388517,2.3949947e-06,0.00021916683,0.004081282,-0.0011030942
1.8900000000000015,0.00294828,-0.00033918247,2.4037502e-06,0.00022005409,0.0041073123,-0.0011107156
1.9000000000000015,0.0029682012,-0.0003393686,2.4123044e-06,0.00022093127,0.004133638,-0.0011185259
1.9100000000000015,0.002988428,-0.00033948722,2.4208719e-06,0.00022181423,0.0041601947,-0.0011264988
1.9200000000000015,0.003008694,-0.0003395499,2.4293392e-06,0.00022269088,0.004186744,-0.0011345092
1.9300000000000015,0.0030288873,-0.00033959287,2.4377205e-06,0.00022356023,0.004213181,-0.0011424947
1.9400000000000015,0.0030489624,-0.0003396266,2.4460285e-06,0.00022442272,0.004239448,-0.001150434
1.9500000000000015,0.0030688718,-0.0003396582,2.4542696e-06,0.00022527839,0.00426549,-0.0011583065
1.9600000000000015,0.003088567,-0.00033969502,2.4624483e-06,0.00022612713,0.0042912527,-0.0011660903
1.9700000000000015,0.0031080006,-0.00033974418,2.4705687e-06,0.00022696871,0.004316684,-0.0011737639
1.9800000000000015,0.0031271277,-0.00033981254,2.4786325e-06,0.00022780286,0.004341735,-0.0011813066
1.9900000000000015,0.003145904,-0.0003399069,2.4866417e-06,0.00022862914,0.00436636,-0.0011886975
2.0000000000000013,0.003164296,-0.0003400327,2.4945953e-06,0.00022944712,0.004390527,-0.0011959205
2.010000000000001,0.0031822687,-0.0003401956,2.5024924e-06,0.00023025628,0.0044142017,-0.0012029584
2.020000000000001,0.0031997988,-0.0003403999,2.510331e-06,0.00023105612,0.004437365,-0.0012097989
2.0300000000000007,0.003216856,-0.00034065105,2.5181098e-06,0.00023184616,0.0044599883,-0.0012164267
2.0400000000000005,0.0032331597,-0.00034108013,2.525898e-06,0.00023262505,0.004481884,-0.0012226689
2.0500000000000003,0.0032456045,-0.0003422289,2.5319532e-06,0.00023319159,0.0045013735,-0.0012265289
2.06,0.0032612013,-0.00034329083,2.5389334e-06,0.00023386134,0.004524298,-0.0012318671
2.07,0.0032773651,-0.00034411135,2.546108e-06,0.0002345631,0.0045471485,-0.0012376314
2.0799999999999996,0.003293169,-0.00034491872,2.5534691e-06,0.00023528145,0.004569307,-0.0012433348
2.0899999999999994,0.0033084974,-0.00034577498,2.5610293e-06,0.00023601388,0.0045907013,-0.0012488896
2.099999999999999,0.0033232807,-0.0003467121,2.568798e-06,0.00023675938,0.0046112984,-0.0012542492
2.109999999999999,0.0033375595,-0.0003477314,2.5767663e-06,0.00023751723,0.004631172,-0.0012594257
2.1199999999999988,0.003350181,-0.00034907906,2.5852587e-06,0.00023830053,0.004648935,-0.0012639008
2.1299999999999986,0.0033630172,-0.00035044304,2.5955774e-06,0.0002392532,0.004665577,-0.0012688608
2.1399999999999983,0.0033800132,-0.00035068777,2.6027744e-06,0.00023998997,0.004688641,-0.0012754048
2.149999999999998,0.0033963013,-0.00035107852,2.6139392e-06,0.00024108375,0.0047072438,-0.0012826519
2.159999999999998,0.0034143294,-0.00035036914,2.621924e-06,0.0002419448,0.0047287685,-0.0012904836
2.1699999999999977,0.0034317812,-0.0003500882,2.6294686e-06,0.00024274131,0.00475067,-0.0012976851
2.1799999999999975,0.0034489357,-0.00034996987,2.6366458e-06,0.00024349413,0.004772633,-0.0013045776
2.1899999999999973,0.0034658338,-0.00034997083,2.6436867e-06,0.00024422724,0.0047945343,-0.0013112669
2.199999999999997,0.0034825916,-0.0003500181,2.6506284e-06,0.00024494823,0.0048163687,-0.0013178571
2.209999999999997,0.0034992613,-0.00035008244,2.657489e-06,0.00024566046,0.0048381407,-0.0013243915
2.2199999999999966,0.0035158726,-0.00035014897,2.6642797e-06,0.0002463658,0.004859851,-0.0013308941
2.2299999999999964,0.003532434,-0.0003502124,2.6709974e-06,0.00024706428,0.0048815045,-0.0013373707
2.239999999999996,0.0035489528,-0.0003502711,2.677651e-06,0.00024775686,0.0049030986,-0.0013438271
2.249999999999996,0.0035654434,-0.00035031865,2.6842517e-06,0.0002484449,0.004924631,-0.0013502771
2.259999999999996,0.0035819006,-0.00035035424,2.690783e-06,0.00024912693,0.0049461066,-0.0013567138
2.2699999999999956,0.0035983026,-0.00035038922,2.697232e-06,0.00024980112,0.00496753,-0.001363117
2.2799999999999954,0.003614656,-0.00035042662,2.703624e-06,0.00025046963,0.0049888957,-0.0013694948
2.289999999999995,0.003630959,-0.00035046547,2.7099418e-06,0.00025113093,0.005010212,-0.001375842
2.299999999999995,0.0036471854,-0.00035052127,2.7161636e-06,0.00025178216,0.0050314935,-0.0013821308
2.3099999999999947,0.0036632842,-0.00035062627,2.722236e-06,0.0002524165,0.005052783,-0.001388303
2.3199999999999945,0.0036792934,-0.0003507898,2.7282629e-06,0.00025304325,0.0050740642,-0.0013943986
2.3299999999999943,0.0036949718,-0.00035114007,2.7334402e-06,0.00025358048,0.0050959326,-0.0014000015
2.339999999999994,0.0037105836,-0.00035149785,2.7375702e-06,0.00025402007,0.0051185624,-0.0014053924
2.349999999999994,0.0037181133,-0.00035350624,2.7477788e-06,0.00025490698,0.005127916,-0.0014080885
0.01,-0.086005434,-0.2048099,-0.006009943,-0.44605622,-0.39557806,-0.49343228
0.02,-3.0203464e-05,-5.730961e-06,2.2262572e-09,-1.0263239e-07,9.655288e-09,1.793854e-05
0.03,-3.7346217e-05,-4.9853015e-06,1.4968918e-09,-1.5456996e-07,-5.6950266e-06,1.8213277e-05
0.04,-3.7354745e-05,-4.831645e-06,1.2145159e-09,-1.7281117e-07,-5.9017966e-06,1.814502e-05
0.05,-3.7311216e-05,-4.844271e-06,1.2692906e-09,-1.6832045e-07,-5.8341193e-06,1.8138773e-05
0.060000000000000005,-3.7306614e-05,-4.8468764e-06,1.2767382e-09,-1.677459e-07,-5.826953e-06,1.813841e-05
0.07,-3.7307513e-05,-4.8468883e-06,1.2761985e-09,-1.6779902e-07,-5.827996e-06,1.8138702e-05
0.08,-3.7307665e-05,-4.8468314e-06,1.2759971e-09,-1.6781534e-07,-5.828223e-06,1.8138735e-05
0.09,-3.7307655e-05,-4.8468287e-06,1.2760015e-09,-1.6781476e-07,-5.8282094e-06,1.813873e-05
0.09999999999999999,-2.2429278e-05,-6.795153e-06,1.4459034e-08,1.0262572e-06,1.4430831e-05,1.23954105e-05
0.10999999999999999,-4.466481e-06,-9.189132e-06,3.0398805e-08,2.4672836e-06,3.8866034e-05,5.53089e-06
0.11999999999999998,1.3541735e-05,-1.1549145e-05,4.625667e-08,3.9029505e-06,6.335347e-05,-1.3725603e-06
0.12999999999999998,3.1575768e-05,-1.389479e-05,6.20791e-08,5.3362637e-06,8.7877685e-05,-8.292827e-06
0.13999999999999999,4.963817e-05,-1.6234528e-05,7.7886156e-08,6.76857e-06,0.00011244378,-1.522307e-05
0.15,6.772831e-05,-1.856679e-05,9.367467e-08,8.1996495e-06,0.00013705014,-2.2163551e-05
0.16,8.584955e-05,-2.0887284e-05,1.09439384e-07,9.629236e-06,0.0001616988,-2.9117242e-05
0.17,0.00010399829,-2.3199356e-05,1.2518363e-07,1.1057463e-05,0.0001863868,-3.6081434e-05
0.18000000000000002,0.00012217404,-2.5503394e-05,1.4090772e-07,1.2484338e-05,0.00021111361,-4.3055792e-05
0.19000000000000003,0.00014037677,-2.7798933e-05,1.5661077e-07,1.3909801e-05,0.00023587885,-5.004047e-05
0.20000000000000004,0.00015860582,-3.0086157e-05,1.7229259e-07,1.5333826e-05,0.00026068167,-5.7035133e-05
0.21000000000000005,0.00017685725,-3.2369302e-05,1.8795784e-07,1.6756621e-05,0.0002855192,-6.403661e-05
0.22000000000000006,0.00019513864,-3.4639117e-05,2.0359555e-07,1.8177649e-05,0.00031039605,-7.1051436e-05
0.23000000000000007,0.00021344499,-3.6900023e-05,2.1920981e-07,1.9597057e-05,0.00033530817,-7.8075864e-05
0.24000000000000007,0.00023177607,-3.91522e-05,2.3480082e-07,2.1014852e-05,0.0003602553,-8.5109765e-05
0.25000000000000006,0.00025013162,-4.1395448e-05,2.50368e-07,2.2430992e-05,0.0003852368,-9.215311e-05
0.26000000000000006,0.00026851127,-4.362965e-05,2.6591087e-07,2.3845429e-05,0.0004102521,-9.920579e-05
0.2700000000000001,0.0002869112,-4.5858833e-05,2.814337e-07,2.5258358e-05,0.00043529837,-0.000106264735
0.2800000000000001,0.00030533862,-4.8074384e-05,2.9692646e-07,2.6669291e-05,0.00046037982,-0.00011333613
0.2900000000000001,0.00032378905,-5.027993e-05,3.1239225e-07,2.8078322e-05,0.00048549296,-0.00012041672
0.3000000000000001,0.00034225805,-5.248065e-05,3.2783697e-07,2.9485735e-05,0.0005106348,-0.00012750279
0.3100000000000001,0.00036074966,-5.4671942e-05,3.4325552e-07,3.0891286e-05,0.0005358075,-0.00013459778
0.3200000000000001,0.0003792637,-5.685291e-05,3.5864605e-07,3.229485e-05,0.0005610105,-0.00014170185
0.3300000000000001,0.0003978032,-5.9019385e-05,3.7400324e-07,3.369616e-05,0.0005862451,-0.00014881782
0.34000000000000014,0.00041635928,-6.1180544e-05,3.893369e-07,3.509563e-05,0.0006115054,-0.00015593859
0.35000000000000014,0.00043493658,-6.333178e-05,4.046423e-07,3.6493067e-05,0.00063679414,-0.00016306785
0.36000000000000015,0.00045353442,-6.547273e-05,4.1991822e-07,3.788838e-05,0.0006621102,-0.00017020543
0.37000000000000016,0.00047215255,-6.7603134e-05,4.35164e-07,3.928151e-05,0.0006874531,-0.00017735129
0.38000000000000017,0.0004907902,-6.9723304e-05,4.5037956e-07,4.067244e-05,0.00071282196,-0.00018450504
0.3900000000000002,0.0005094475,-7.1832685e-05,4.6556397e-07,4.2061103e-05,0.00073821633,-0.00019166688
0.4000000000000002,0.0005281281,-7.392635e-05,4.807112e-07,4.3447206e-05,0.0007636382,-0.00019884025
0.4100000000000002,0.0005468267,-7.600936e-05,4.958261e-07,4.483092e-05,0.00078908366,-0.00020602088
0.4200000000000002,0.0005655436,-7.808146e-05,5.109086e-07,4.6212255e-05,0.0008145526,-0.00021320913
0.4300000000000002,0.0005842789,-8.014208e-05,5.259577e-07,4.7591155e-05,0.0008400447,-0.00022040524
0.4400000000000002,0.0006030267,-8.219735e-05,5.409799e-07,4.8967886e-05,0.000865556,-0.00022760448
0.45000000000000023,0.00062179286,-8.424113e-05,5.5596877e-07,5.034218e-05,0.0008910896,-0.00023481167
0.46000000000000024,0.00064057735,-8.627184e-05,5.7092126e-07,5.1713843e-05,0.00091664493,-0.00024202728
0.47000000000000025,0.0006593804,-8.828883e-05,5.858364e-07,5.3082797e-05,0.0009422219,-0.00024925164
0.48000000000000026,0.00067819585,-9.029802e-05,6.0072e-07,5.4449287e-05,0.0009678162,-0.00025647995
0.49000000000000027,0.00069703045,-9.229268e-05,6.1556534e-07,5.581303e-05,0.0009934315,-0.00026371764
0.5000000000000002,0.0007158823,-9.4273535e-05,6.3037197e-07,5.717395e-05,0.0010190664,-0.00027096353
0.5100000000000002,0.0007347442,-9.624769e-05,6.451473e-07,5.8532358e-05,0.0010447161,-0.00027821198
0.5200000000000002,0.0007536227,-9.820872e-05,6.598849e-07,5.9887996e-05,0.0010703838,-0.0002854683
0.5300000000000002,0.00077251706,-0.00010015624,6.745834e-07,6.124075e-05,0.001096069,-0.00029273218
0.5400000000000003,0.00079142407,-0.00010209314,6.892454e-07,6.259071e-05,0.0011217692,-0.00030000115
0.5500000000000003,0.00081034494,-0.000104017345,7.0386835e-07,6.393775e-05,0.0011474843,-0.00030727664
0.5600000000000003,0.00082928257,-0.00010592702,7.184508e-07,6.528183e-05,0.0011732166,-0.00031456043
0.5700000000000003,0.000848231,-0.00010782542,7.329943e-07,6.662291e-05,0.0011989612,-0.0003218488
0.5800000000000003,0.00086719485,-0.00010970951,7.4749676e-07,6.7960966e-05,0.0012247211,-0.0003291449
0.5900000000000003,0.0008861675,-0.00011158415,7.61962e-07,6.929609e-05,0.0012504914,-0.00033644412
0.6000000000000003,0.0009051528,-0.000113446215,7.7638737e-07,7.06282e-05,0.001276274,-0.00034374933
0.6100000000000003,0.0009241486,-0.000115296825,7.9077313e-07,7.195726e-05,0.0013020672,-0.00035105908
0.6200000000000003,0.00094315724,-0.000117134325,8.05118e-07,7.328325e-05,0.0013278727,-0.00035837505
0.6300000000000003,0.00096217636,-0.00011895772,8.194188e-07,7.4605894e-05,0.001353687,-0.00036569664
0.6400000000000003,0.0009812075,-0.00012076891,8.336794e-07,7.5925476e-05,0.001379513,-0.0003730237
0.6500000000000004,0.0010002487,-0.00012256607,8.478957e-07,7.7241704e-05,0.0014053469,-0.00038035618
0.6600000000000004,0.0010193001,-0.00012435096,8.6207046e-07,7.855473e-05,0.0014311898,-0.00038769344
0.6700000000000004,0.0010383612,-0.00012612264,8.7620197e-07,7.9864454e-05,0.0014570404,-0.00039503563
0.6800000000000004,0.0010574321,-0.00012788044,8.90289e-07,8.1170794e-05,0.0014828981,-0.0004023831
0.6900000000000004,0.0010765122,-0.00012962536,9.0433264e-07,8.2473794e-05,0.0015087627,-0.0004097351
0.7000000000000004,0.001095601,-0.00013135656,9.183314e-07,8.377336e-05,0.001534633,-0.0004170919
0.7100000000000004,0.0011146982,-0.00013307476,9.3228607e-07,8.506952e-05,0.0015605087,-0.00042445306
0.7200000000000004,0.0011338034,-0.00013477913,9.4619503e-07,8.6362175e-05,0.0015863887,-0.00043181865
0.7300000000000004,0.0011529074,-0.00013646903,9.600518e-07,8.765071e-05,0.001612261,-0.00043918518
0.7400000000000004,0.001171819,-0.00013817304,9.7389e-07,8.893601e-05,0.0016378781,-0.00044647272
0.7500000000000004,0.0011904936,-0.00013989511,9.877074e-07,9.0217494e-05,0.0016631826,-0.00045366297
0.7600000000000005,0.0012089339,-0.00014163568,1.0015059e-06,9.149532e-05,0.001688179,-0.00046075677
0.7700000000000005,0.0012271401,-0.00014339518,1.0152866e-06,9.276958e-05,0.0017128681,-0.0004677539
0.7800000000000005,0.0012451215,-0.00014517296,1.0290503e-06,9.404042e-05,0.0017372629,-0.00047465815
0.7900000000000005,0.0012628668,-0.00014697049,1.0427979e-06,9.53078e-05,0.0017613495,-0.00048146467
0.8000000000000005,0.0012803792,-0.00014878795,1.0565308e-06,9.657186e-05,0.0017851328,-0.00048817464
0.8100000000000005,0.0012976673,-0.00015062478,1.0702498e-06,9.783273e-05,0.0018086245,-0.0004947913
0.8200000000000005,0.0013147272,-0.0001524816,1.0839555e-06,9.909043e-05,0.0018318207,-0.0005013132
0.8300000000000005,0.0013315516,-0.00015435969,1.0976494e-06,0.000100345,0.0018547125,-0.00050773687
0.8400000000000005,0.0013481366,-0.00015626,1.1113332e-06,0.00010159654,0.0018772958,-0.0005140607
0.8500000000000005,0.0013644866,-0.00015818255,1.1250083e-06,0.00010284519,0.0018995772,-0.00052028627
0.8600000000000005,0.0013806032,-0.00016012753,1.1386754e-06,0.00010409102,0.0019215593,-0.00052641396
0.8700000000000006,0.0013964839,-0.00016209553,1.1523356e-06,0.0001053341,0.0019432402,-0.00053244276
0.8800000000000006,0.0014121289,-0.000164087,1.1659902e-06,0.00010657452,0.0019646208,-0.00053837255
0.8900000000000006,0.0014275402,-0.00016610211,1.1796401e-06,0.00010781237,0.0019857043,-0.0005442039
0.9000000000000006,0.0014427176,-0.00016814124,1.1932864e-06,0.00010904773,0.0020064916,-0.0005499366
0.9100000000000006,0.001457661,-0.00017020482,1.20693e-06,0.00011028068,0.0020269835,-0.00055557047
0.9200000000000006,0.001472373,-0.00017229293,1.2205722e-06,0.00011151131,0.002047184,-0.0005611064
0.9300000000000006,0.0014868429,-0.00017440719,1.2342143e-06,0.00011273966,0.0020670802,-0.0005665398
0.9400000000000006,0.0015010824,-0.00017654683,1.2478575e-06,0.00011396591,0.002086688,-0.00057187537
0.9500000000000006,0.001515078,-0.0001787137,1.2615031e-06,0.00011519002,0.0021059916,-0.00057710725
0.9600000000000006,0.0015288471,-0.00018090633,1.2751518e-06,0.00011641224,0.0021250134,-0.0005822425
0.9700000000000006,0.0015423824,-0.00018312571,1.2888044e-06,0.000117632524,0.0021437453,-0.00058727793
0.9800000000000006,0.001555681,-0.00018537267,1.3024622e-06,0.00011885098,0.0021621843,-0.00059221225
0.9900000000000007,0.00156874,-0.00018764805,1.3161269e-06,0.000120067685,0.0021803284,-0.000597044
1.0000000000000007,0.0015815615,-0.00018995212,1.3297999e-06,0.00012128276,0.0021981802,-0.00060177385
1.0100000000000007,0.0015941536,-0.00019228425,1.3434815e-06,0.00012249632,0.0022157517,-0.00060640497
1.0200000000000007,0.0016065093,-0.00019464553,1.3571726e-06,0.00012370838,0.0022330345,-0.0006109344
1.0300000000000007,0.0016186316,-0.00019703609,1.3708747e-06,0.00012491904,0.0022500337,-0.0006153631
1.0400000000000007,0.0016305093,-0.00019945776,1.3845894e-06,0.00012612836,0.0022667355,-0.00061968627
1.0500000000000007,0.0016421591,-0.00020190905,1.3983175e-06,0.00012733655,0.0022831627,-0.0006239107
1.0600000000000007,0.0016535678,-0.00020439169,1.41206e-06,0.00012854353,0.0022992992,-0.0006280306
1.0700000000000007,0.0016648058,-0.00020689963,1.4258153e-06,0.00012974978,0.002315237,-0.00063207437
1.0800000000000007,0.0016759214,-0.000209421,1.439571e-06,0.00013095493,0.0023310327,-0.0006360645
1.0900000000000007,0.0016867847,-0.0002119736,1.4533354e-06,0.00013215833,0.0023465268,-0.0006399457
1.1000000000000008,0.0016974129,-0.00021455841,1.4671175e-06,0.00013336084,0.0023617395,-0.0006437241
1.1100000000000008,0.0017078024,-0.00021717633,1.4809194e-06,0.00013456258,0.0023766693,-0.0006473982
1.1200000000000008,0.0017179536,-0.00021982777,1.4947423e-06,0.00013576366,0.0023913172,-0.00065096794
1.1300000000000008,0.0017278696,-0.00022251271,1.5085868e-06,0.00013696417,0.0024056886,-0.00065443455
1.1400000000000008,0.0017375504,-0.0002252315,1.5224539e-06,0.00013816415,0.0024197844,-0.00065779773
1.1500000000000008,0.0017469999,-0.00022798401,1.5363443e-06,0.00013936369,0.0024336106,-0.000661059
1.1600000000000008,0.0017562094,-0.00023077174,1.5502595e-06,0.00014056286,0.002447157,-0.0006642145
1.1700000000000008,0.0017651846,-0.00023359452,1.5642007e-06,0.00014176178,0.0024604315,-0.00066726643
1.1800000000000008,0.0017739253,-0.00023645264,1.5781687e-06,0.0001429605,0.0024734358,-0.0006702146
1.1900000000000008,0.001782438,-0.00023934568,1.5921638e-06,0.00014415912,0.0024861784,-0.00067306147
1.2000000000000008,0.0017907154,-0.00024227481,1.6061872e-06,0.00014535766,0.0024986516,-0.0006758038
1.2100000000000009,0.0017987571,-0.0002452407,1.6202407e-06,0.00014655624,0.0025108552,-0.0006784413
1.2200000000000009,0.0018065698,-0.00024824284,1.6343246e-06,0.00014775494,0.002522799,-0.00068097643
1.2300000000000009,0.0018141462,-0.00025128244,1.6484402e-06,0.00014895381,0.0025344754,-0.0006834062
1.2400000000000009,0.0018214941,-0.00025435904,1.6625881e-06,0.00015015296,0.0025458944,-0.00068573345
1.2500000000000009,0.0018286065,-0.00025747376,1.6767697e-06,0.00015135243,0.0025570488,-0.00068795524
1.260000000000001,0.0018450445,-0.0002590633,1.6890772e-06,0.00015249278,0.002579875,-0.0006941897
1.270000000000001,0.0018616605,-0.00026059352,1.7012129e-06,0.00015362039,0.0026027064,-0.00070048776
1.280000000000001,0.0018783142,-0.0002621013,1.7132837e-06,0.00015474329,0.0026255373,-0.00070680457
1.290000000000001,0.0018949611,-0.00026359715,1.725303e-06,0.00015586197,0.0026483545,-0.000713119
1.300000000000001,0.0019116082,-0.00026507862,1.7372695e-06,0.00015697647,0.0026711642,-0.0007194348
1.310000000000001,0.0019282526,-0.00026654662,1.7491827e-06,0.00015808672,0.0026939646,-0.00072575064
1.320000000000001,0.0019448943,-0.0002680016,1.7610437e-06,0.00015919276,0.0027167553,-0.0007320661
1.330000000000001,0.0019615295,-0.0002694457,1.7728535e-06,0.00016029457,0.002739533,-0.000738379
1.340000000000001,0.0019781683,-0.00027087092,1.7846056e-06,0.000161392,0.0027623032,-0.0007446968
1.350000000000001,0.0019948003,-0.00027228435,1.7963042e-06,0.00016248504,0.0027850603,-0.0007510119
1.360000000000001,0.002011428,-0.0002736851,1.8079503e-06,0.00016357383,0.002807805,-0.0007573261
1.370000000000001,0.0020280525,-0.00027507235,1.8195432e-06,0.00016465834,0.0028305382,-0.00076364016
1.380000000000001,0.002044672,-0.0002764461,1.8310816e-06,0.00016573846,0.0028532578,-0.00076995336
1.390000000000001,0.0020612932,-0.00027780057,1.8425602e-06,0.00016681402,0.0028759665,-0.0007762708
1.400000000000001,0.0020779069,-0.0002791426,1.853984e-06,0.00016788508,0.0028986605,-0.0007825855
1.410000000000001,0.0020945116,-0.0002804746,1.8653567e-06,0.00016895187,0.002921338,-0.00078889646
1.420000000000001,0.002111119,-0.00028178646,1.8766692e-06,0.0001700141,0.002944004,-0.00079521263
1.430000000000001,0.0021277135,-0.00028308976,1.8879299e-06,0.00017107191,0.0029666515,-0.00080152234
1.440000000000001,0.0021443095,-0.0002843738,1.8991313e-06,0.00017212519,0.002989286,-0.00080783654
1.450000000000001,0.0021608942,-0.0002856462,1.9102772e-06,0.00017317384,0.0030119012,-0.00081414636
1.460000000000001,0.0021774794,-0.00028690108,1.9213655e-06,0.00017421806,0.0030345037,-0.00082045945
1.470000000000001,0.002194051,-0.0002881466,1.9324007e-06,0.00017525775,0.0030570854,-0.0008267662
1.480000000000001,0.0022106173,-0.00028937776,1.9433805e-06,0.00017629302,0.003079649,-0.0008330728
1.490000000000001,0.002227177,-0.00029059444,1.9543036e-06,0.00017732369,0.0031021948,-0.0008393784
1.500000000000001,0.0022437288,-0.00029179727,1.9651702e-06,0.0001783498,0.003124721,-0.0008456823
1.5100000000000011,0.00226028,-0.00029297988,1.9759743e-06,0.00017937113,0.0031472312,-0.00085199
1.5200000000000011,0.0022768152,-0.00029415387,1.986725e-06,0.00018038785,0.003169718,-0.00085829024
1.5300000000000011,0.0022933448,-0.00029531276,1.9974193e-06,0.00018140009,0.003192185,-0.0008645906
1.5400000000000011,0.0023098667,-0.00029645674,2.0080554e-06,0.00018240763,0.0032146315,-0.0008708897
1.5500000000000012,0.002326386,-0.00029758076,2.0186285e-06,0.00018341033,0.003237059,-0.0008771918
1.5600000000000012,0.0023428886,-0.0002986958,2.0291473e-06,0.00018440836,0.0032594616,-0.0008834863
1.5700000000000012,0.0023593896,-0.0002997913,2.039605e-06,0.00018540169,0.0032818445,-0.0008897844
1.5800000000000012,0.0023758805,-0.0003008714,2.0500022e-06,0.00018639016,0.0033042047,-0.00089608046
1.5900000000000012,0.0023923554,-0.00030194246,2.060346e-06,0.00018737403,0.0033265383,-0.00090236944
1.6000000000000012,0.0024088223,-0.00030299873,2.070633e-06,0.00018835333,0.0033488485,-0.0009086577
1.6100000000000012,0.0024252848,-0.00030403523,2.0808563e-06,0.00018932771,0.0033711367,-0.00091494824
1.6200000000000012,0.0024417292,-0.00030506257,2.0910247e-06,0.00019029736,0.003393397,-0.0009212308
1.6300000000000012,0.0024594737,-0.00030604817,2.101858e-06,0.00019133625,0.0034170756,-0.0009280578
1.6400000000000012,0.002482542,-0.00030686648,2.1155686e-06,0.00019267353,0.003446836,-0.0009371558
1.6500000000000012,0.0025044228,-0.00030844385,2.1296555e-06,0.00019400638,0.003477857,-0.000945228
1.6600000000000013,0.002525254,-0.00031038077,2.1438505e-06,0.00019532854,0.00350861,-0.00095274166
1.6700000000000013,0.0025458364,-0.00031236326,2.157965e-06,0.00019664019,0.0035391822,-0.0009601424
1.6800000000000013,0.0025662049,-0.0003143485,2.171918e-06,0.00019793582,0.003569511,-0.0009674458
1.6900000000000013,0.00258617,-0.0003163028,2.185564e-06,0.00019920274,0.0035993042,-0.0009745985
1.7000000000000013,0.002605443,-0.00031808534,2.1986236e-06,0.00020042057,0.0036278851,-0.0009815987
1.7100000000000013,0.002625915,-0.00031976693,2.211933e-06,0.00020167102,0.0036575545,-0.0009890865
1.7200000000000013,0.002645664,-0.00032162966,2.2250072e-06,0.000202888,0.003686882,-0.0009961227
1.7300000000000013,0.0026617576,-0.00032436982,2.2393401e-06,0.00020416302,0.0037119503,-0.0010014218
1.7400000000000013,0.0026778977,-0.00032746614,2.2554293e-06,0.00020558466,0.0037370517,-0.0010067981
1.7500000000000013,0.0026942424,-0.00033029317,2.2710706e-06,0.00020698007,0.0037627248,-0.0010123975
1.7600000000000013,0.002709052,-0.00033161248,2.2821466e-06,0.00020801982,0.0037855813,-0.0010181426
1.7700000000000014,0.0027256832,-0.00033252183,2.2921672e-06,0.00020898522,0.0038087706,-0.0010245654
1.7800000000000014,0.0027430484,-0.00033337134,2.3020852e-06,0.00020994573,0.0038323507,-0.0010312211
1.7900000000000014,0.0027605286,-0.0003341969,2.3119292e-06,0.00021090091,0.0038560305,-0.0010379199
1.8000000000000014,0.0027783485,-0.00033494603,2.3216369e-06,0.00021184867,0.0038801078,-0.0010447698
1.8100000000000014,0.002796341,-0.00033564915,2.331241e-06,0.0002127898,0.0039043727,-0.0010516965
1.8200000000000014,0.0028145486,-0.00033629735,2.3407322e-06,0.00021372407,0.003928877,-0.0010587199
1.8300000000000014,0.002832982,-0.00033688813,2.350107e-06,0.0002146513,0.003953632,-0.001065845
1.8400000000000014,0.002851644,-0.00033742038,2.3593632e-06,0.00021557137,0.003978639,-0.0010730732
1.8500000000000014,0.002870535,-0.0003378933,2.3684997e-06,0.00021648422,0.004003896,-0.0010804052
1.8600000000000014,0.0028896525,-0.00033830653,2.3775158e-06,0.00021738975,0.004029398,-0.0010878402
1.8700000000000014,0.0029097563,-0.0003384552,2.3864902e-06,0.00021830868,0.004055726,-0.0010958327
1.8800000000000014,0.0029287194,-0.0003388517,2.3949947e-06,0.00021916683,0.004081282,-0.0011030942
1.8900000000000015,0.00294828,-0.00033918247,2.4037502e-06,0.00022005409,0.0041073123,-0.0011107156
1.9000000000000015,0.0029682012,-0.0003393686,2.4123044e-06,0.00022093127,0.004133638,-0.0011185259
1.9100000000000015,0.002988428,-0.00033948722,2.4208719e-06,0.00022181423,0.0041601947,-0.0011264988
1.9200000000000015,0.003008694,-0.0003395499,2.4293392e-06,0.00022269088,0.004186744,-0.0011345092
1.9300000000000015,0.0030288873,-0.00033959287,2.4377205e-06,0.00022356023,0.004213181,-0.0011424947
1.9400000000000015,0.0030489624,-0.0003396266,2.4460285e-06,0.00022442272,0.004239448,-0.001150434
1.9500000000000015,0.0030688718,-0.0003396582,2.4542696e-06,0.00022527839,0.00426549,-0.0011583065
1.9600000000000015,0.003088567,-0.00033969502,2.4624483e-06,0.00022612713,0.0042912527,-0.0011660903
1.9700000000000015,0.0031080006,-0.00033974418,2.4705687e-06,0.00022696871,0.004316684,-0.0011737639
1.9800000000000015,0.0031271277,-0.00033981254,2.4786325e-06,0.00022780286,0.004341735,-0.0011813066
1.9900000000000015,0.003145904,-0.0003399069,2.4866417e-06,0.00022862914,0.00436636,-0.0011886975
2.0000000000000013,0.003164296,-0.0003400327,2.4945953e-06,0.00022944712,0.004390527,-0.0011959205
2.010000000000001,0.0031822687,-0.0003401956,2.5024924e-06,0.00023025628,0.0044142017,-0.0012029584
2.020000000000001,0.0031997988,-0.0003403999,2.510331e-06,0.00023105612,0.004437365,-0.0012097989
2.0300000000000007,0.003216856,-0.00034065105,2.5181098e-06,0.00023184616,0.0044599883,-0.0012164267
2.0400000000000005,0.0032331597,-0.00034108013,2.525898e-06,0.00023262505,0.004481884,-0.0012226689
2.0500000000000003,0.0032456045,-0.0003422289,2.5319532e-06,0.00023319159,0.0045013735,-0.0012265289
2.06,0.0032612013,-0.00034329083,2.5389334e-06,0.00023386134,0.004524298,-0.0012318671
2.07,0.0032773651,-0.00034411135,2.546108e-06,0.0002345631,0.0045471485,-0.0012376314
2.0799999999999996,0.003293169,-0.00034491872,2.5534691e-06,0.00023528145,0.004569307,-0.0012433348
2.0899999999999994,0.0033084974,-0.00034577498,2.5610293e-06,0.00023601388,0.0045907013,-0.0012488896
2.099999999999999,0.0033232807,-0.0003467121,2.568798e-06,0.00023675938,0.0046112984,-0.0012542492
2.109999999999999,0.0033375595,-0.0003477314,2.5767663e-06,0.00023751723,0.004631172,-0.0012594257
2.1199999999999988,0.003350181,-0.00034907906,2.5852587e-06,0.00023830053,0.004648935,-0.0012639008
2.1299999999999986,0.0033630172,-0.00035044304,2.5955774e-06,0.0002392532,0.004665577,-0.0012688608
2.1399999999999983,0.0033800132,-0.00035068777,2.6027744e-06,0.00023998997,0.004688641,-0.0012754048
2.149999999999998,0.0033963013,-0.00035107852,2.6139392e-06,0.00024108375,0.0047072438,-0.0012826519
2.159999999999998,0.0034143294,-0.00035036914,2.621924e-06,0.0002419448,0.0047287685,-0.0012904836
2.1699999999999977,0.0034317812,-0.0003500882,2.6294686e-06,0.00024274131,0.00475067,-0.0012976851
2.1799999999999975,0.0034489357,-0.00034996987,2.6366458e-06,0.00024349413,0.004772633,-0.0013045776
2.1899999999999973,0.0034658338,-0.00034997083,2.6436867e-06,0.00024422724,0.0047945343,-0.0013112669
2.199999999999997,0.0034825916,-0.0003500181,2.6506284e-06,0.00024494823,0.0048163687,-0.0013178571
2.209999999999997,0.0034992613,-0.00035008244,2.657489e-06,0.00024566046,0.0048381407,-0.0013243915
2.2199999999999966,0.0035158726,-0.00035014897,2.6642797e-06,0.0002463658,0.004859851,-0.0013308941
2.2299999999999964,0.003532434,-0.0003502124,2.6709974e-06,0.00024706428,0.0048815045,-0.0013373707
2.239999999999996,0.0035489528,-0.0003502711,2.677651e-06,0.00024775686,0.0049030986,-0.0013438271
2.249999999999996,0.0035654434,-0.00035031865,2.6842517e-06,0.0002484449,0.004924631,-0.0013502771
2.259999999999996,0.0035819006,-0.00035035424,2.690783e-06,0.00024912693,0.0049461066,-0.0013567138
2.2699999999999956,0.0035983026,-0.00035038922,2.697232e-06,0.00024980112,0.00496753,-0.001363117
2.2799999999999954,0.003614656,-0.00035042662,2.703624e-06,0.00025046963,0.0049888957,-0.0013694948
2.289999999999995,0.003630959,-0.00035046547,2.7099418e-06,0.00025113093,0.005010212,-0.001375842
2.299999999999995,0.0036471854,-0.00035052127,2.7161636e-06,0.00025178216,0.0050314935,-0.0013821308
2.3099999999999947,0.0036632842,-0.00035062627,2.722236e-06,0.0002524165,0.005052783,-0.001388303
2.3199999999999945,0.0036792934,-0.0003507898,2.7282629e-06,0.00025304325,0.0050740642,-0.0013943986
2.3299999999999943,0.0036949718,-0.00035114007,2.7334402e-06,0.00025358048,0.0050959326,-0.0014000015
2.339999999999994,0.0037105836,-0.00035149785,2.7375702e-06,0.00025402007,0.0051185624,-0.0014053924
2.349999999999994,0.0037181133,-0.00035350624,2.7477788e-06,0.00025490698,0.005127916,-0.0014080885
2.3599999999999937,0.003727888,-0.0003544601,2.7574697e-06,0.00025580975,0.005139723,-0.0014122288
2.3699999999999934,0.0037396713,-0.0003546541,2.764592e-06,0.0002565211,0.0051551485,-0.0014170549
2.3799999999999932,0.0037510684,-0.00035529007,2.7717822e-06,0.00025721436,0.005170493,-0.0014214045
2.389999999999993,0.0037630158,-0.00035587445,2.7788515e-06,0.00025790112,0.0051865275,-0.0014259974
2.399999999999993,0.003775225,-0.0003564575,2.7857245e-06,0.00025857068,0.0052029747,-0.0014306516
2.4099999999999926,0.003788981,-0.0003566474,2.7920867e-06,0.00025921856,0.005221054,-0.0014360546
2.4199999999999924,0.0038041288,-0.00035653857,2.797971e-06,0.00025984252,0.005240668,-0.001442086
2.429999999999992,0.0038205371,-0.00035616723,2.8034096e-06,0.00026044296,0.005261629,-0.0014486772
2.439999999999992,0.0038383321,-0.0003555024,2.8083516e-06,0.0002610173,0.0052840956,-0.0014558885
2.4499999999999917,0.0038575064,-0.0003545439,2.8127884e-06,0.00026156465,0.005308042,-0.001463715
2.4599999999999915,0.0038778232,-0.00035334195,2.8167633e-06,0.00026208555,0.0053331964,-0.0014720395
2.4699999999999913,0.0038985377,-0.00035212928,2.8206982e-06,0.00026260444,0.0053586583,-0.0014804836
2.479999999999991,0.003920315,-0.00035070535,2.8245995e-06,0.00026313507,0.0053851358,-0.0014894808
2.489999999999991,0.00394165,-0.0003493007,2.8285667e-06,0.0002636688,0.0054108487,-0.0014983075
2.4999999999999907,0.003961327,-0.00034820827,2.8330508e-06,0.0002642281,0.0054344865,-0.0015063997
2.5099999999999905,0.0039797835,-0.0003473111,2.8378422e-06,0.00026480158,0.0054568006,-0.0015139846
2.5199999999999902,0.0039970246,-0.00034662551,2.8429602e-06,0.0002653901,0.0054777195,-0.0015210466
2.52999999999999,0.0040127905,-0.0003462044,2.8484817e-06,0.00026599702,0.005496937,-0.0015274652
2.53999999999999,0.0040270663,-0.0003460476,2.8543955e-06,0.00026662138,0.005514492,-0.0015332357
2.5499999999999896,0.004038449,-0.0003461809,2.856287e-06,0.00026684738,0.0055323546,-0.0015367992
2.5599999999999894,0.0040502828,-0.00034754828,2.860763e-06,0.00026725206,0.0055507184,-0.0015402554
2.569999999999989,0.0040601613,-0.00034922964,2.866928e-06,0.00026778932,0.005565509,-0.0015431471
2.579999999999989,0.004066561,-0.00035151315,2.8745046e-06,0.00026841447,0.005576121,-0.0015446035
2.5899999999999888,0.004072999,-0.00035386428,2.8849402e-06,0.00026930278,0.005585261,-0.0015467448
2.5999999999999885,0.0040891645,-0.00035288924,2.8932932e-06,0.00027020523,0.0056032515,-0.0015547544
2.6099999999999883,0.0041064867,-0.00035106816,2.8976904e-06,0.00027078486,0.0056227255,-0.0015625558
2.619999999999988,0.0041222987,-0.00035017327,2.9018795e-06,0.00027129255,0.0056420797,-0.001569062
2.629999999999988,0.00413763,-0.00034957347,2.9060625e-06,0.00027178257,0.005661248,-0.0015752095
2.6399999999999877,0.0041527892,-0.00034906532,2.9102296e-06,0.00027226572,0.005680332,-0.0015812428
2.6499999999999875,0.0041678874,-0.00034858202,2.914374e-06,0.00027274518,0.005699352,-0.0015872424
2.6599999999999873,0.0041829636,-0.00034809986,2.9184937e-06,0.00027322213,0.0057183127,-0.0015932366
2.669999999999987,0.0041980273,-0.00034760986,2.9225864e-06,0.00027369682,0.005737209,-0.001599234
2.679999999999987,0.004213078,-0.0003471086,2.92665e-06,0.00027416923,0.005756038,-0.0016052357
2.6899999999999866,0.004228112,-0.00034659478,2.9306818e-06,0.00027463917,0.0057747927,-0.0016112406
2.6999999999999864,0.004243124,-0.00034606806,2.9346784e-06,0.00027510631,0.005793472,-0.0016172458
2.709999999999986,0.0042581093,-0.00034552848,2.9386367e-06,0.00027557038,0.0058120713,-0.001623249
2.719999999999986,0.004273061,-0.00034497725,2.9425496e-06,0.00027603057,0.005830591,-0.0016292445
2.7299999999999858,0.0042879796,-0.0003444149,2.946427e-06,0.00027648782,0.0058490257,-0.0016352354
2.7399999999999856,0.00430287,-0.00034383623,2.9502671e-06,0.00027694224,0.005867372,-0.0016412267
2.7499999999999853,0.0043177186,-0.00034324315,2.9540436e-06,0.00027739123,0.005885637,-0.001647204
2.759999999999985,0.004332519,-0.0003426432,2.9577768e-06,0.00027783628,0.0059038145,-0.001653166
2.769999999999985,0.0043472783,-0.00034203124,2.9614614e-06,0.0002782772,0.0059219045,-0.0016591173
2.7799999999999847,0.004361993,-0.00034140763,2.9650964e-06,0.00027871382,0.005939905,-0.0016650563
2.7899999999999845,0.004376663,-0.00034077256,2.968681e-06,0.00027914607,0.0059578167,-0.0016709821
2.7999999999999843,0.0043912856,-0.00034012613,2.9722146e-06,0.0002795739,0.005975638,-0.001676894
2.809999999999984,0.0044058603,-0.0003394686,2.9756966e-06,0.0002799972,0.005993368,-0.0016827914
2.819999999999984,0.0044203866,-0.00033880008,2.9791267e-06,0.00028041602,0.006011007,-0.0016886736
2.8299999999999836,0.004434863,-0.00033812068,2.982505e-06,0.00028083025,0.006028553,-0.0016945404
2.8399999999999834,0.0044492893,-0.00033743057,2.985831e-06,0.00028123992,0.0060460065,-0.0017003911
2.849999999999983,0.004463664,-0.0003367299,2.9891055e-06,0.000281645,0.0060633654,-0.0017062254
2.859999999999983,0.0044779866,-0.00033601877,2.9923272e-06,0.00028204545,0.0060806307,-0.001712043
2.869999999999983,0.004492257,-0.0003352975,2.9954977e-06,0.00028244135,0.0060978006,-0.0017178433
2.8799999999999826,0.004506474,-0.0003345659,2.9986159e-06,0.00028283263,0.0061148745,-0.0017236264
2.8899999999999824,0.0045206365,-0.0003338244,3.0016822e-06,0.0002832193,0.0061318525,-0.0017293915
2.899999999999982,0.004534745,-0.00033307303,3.0046979e-06,0.00028360143,0.0061487327,-0.0017351388
2.909999999999982,0.0045487867,-0.00033231525,3.0076371e-06,0.00028397646,0.006165527,-0.0017408535
2.9199999999999817,0.004562767,-0.00033155762,3.010555e-06,0.00028434917,0.0061822147,-0.00174655
2.9299999999999815,0.004576701,-0.00033078465,3.013412e-06,0.00028471672,0.006198807,-0.001752232
2.9399999999999813,0.0045905686,-0.00033000752,3.0162114e-06,0.00028507877,0.006215306,-0.0017578853
2.949999999999981,0.0046043633,-0.00032923045,3.0189453e-06,0.0002854344,0.0062317154,-0.0017635024
2.959999999999981,0.004618067,-0.00032846362,3.0215924e-06,0.00028578096,0.0062480513,-0.0017690625
2.9699999999999807,0.00463163,-0.00032773268,3.0240735e-06,0.00028610975,0.0062643643,-0.001774506
2.9799999999999804,0.004644937,-0.0003271027,3.0261458e-06,0.00028639444,0.0062808385,-0.0017796751
2.9899999999999802,0.0046579014,-0.00032665982,3.0266533e-06,0.00028652334,0.0062985076,-0.0017841903
2.99999999999998,0.0046667843,-0.00032774083,3.0296912e-06,0.00028679328,0.006311399,-0.0017866968
3.00999999999998,0.0046703126,-0.0003309468,3.0420467e-06,0.00028779838,0.006313745,-0.0017877092
3.0199999999999796,0.004677379,-0.00033106166,3.0495664e-06,0.0002885307,0.0063212393,-0.0017912543
3.0299999999999794,0.004684836,-0.00033097848,3.054237e-06,0.0002890113,0.006331376,-0.001794393
3.039999999999979,0.004693212,-0.00033105834,3.058446e-06,0.0002894431,0.006342838,-0.0017977384
3.049999999999979,0.0047036004,-0.00033065918,3.0617443e-06,0.00028982098,0.006356105,-0.0018020303
3.0599999999999787,0.004716576,-0.00032957378,3.0638007e-06,0.0002901272,0.006371892,-0.0018075668
3.0699999999999785,0.0047322265,-0.00032781545,3.064644e-06,0.0002903637,0.0063901,-0.0018143596
3.0799999999999783,0.004750505,-0.00032540507,3.064335e-06,0.00029053478,0.006410617,-0.0018223869
3.089999999999978,0.004771234,-0.00032238613,3.0629776e-06,0.00029064712,0.0064331973,-0.0018315691
3.099999999999978,0.004794106,-0.00031883872,3.0607641e-06,0.00029071333,0.0064574545,-0.001841761
3.1099999999999777,0.004818374,-0.00031496256,3.058227e-06,0.00029077003,0.006482442,-0.0018526408
3.1199999999999775,0.0048429985,-0.00031098962,3.0556157e-06,0.00029082503,0.006507251,-0.0018636598
3.1299999999999772,0.0048663993,-0.00030729885,3.053427e-06,0.0002908999,0.0065304865,-0.0018740487
3.139999999999977,0.004887278,-0.00030416492,3.0520064e-06,0.00029100847,0.006551084,-0.0018831894
3.149999999999977,0.0049046963,-0.0003017706,3.0515057e-06,0.00029115286,0.0065684295,-0.0018906387
3.1599999999999766,0.0049182624,-0.00030017953,3.0518856e-06,0.00029132518,0.00658243,-0.0018962146
3.1699999999999764,0.0049332744,-0.00029805247,3.050826e-06,0.00029139975,0.0065998854,-0.0019026787
3.179999999999976,0.004939119,-0.0002983161,3.0497677e-06,0.00029131497,0.0066083805,-0.0019033093
3.189999999999976,0.0049396753,-0.0003012655,3.0520391e-06,0.0002913891,0.0066155293,-0.0019011435
3.1999999999999758,0.004940767,-0.00030436798,3.057193e-06,0.00029172457,0.0066215927,-0.0019000891
3.2099999999999755,0.004947166,-0.0003066824,3.0686135e-06,0.0002926991,0.0066271327,-0.0019028402
3.2199999999999753,0.0049592396,-0.0003047894,3.0730014e-06,0.0002932608,0.0066393353,-0.001909402
3.229999999999975,0.004971637,-0.00030299212,3.0751119e-06,0.00029360483,0.0066523417,-0.0019153061
3.239999999999975,0.004983809,-0.0003016002,3.0766462e-06,0.0002938719,0.006665429,-0.0019206731
3.2499999999999747,0.0049956664,-0.00030045203,3.0778956e-06,0.00029409816,0.006678472,-0.0019256779
3.2599999999999745,0.005006848,-0.0002995505,3.0777164e-06,0.00029417683,0.0066921953,-0.0019298588
3.2699999999999743,0.0050119986,-0.0003007213,3.079423e-06,0.00029430186,0.006700287,-0.0019305067
3.279999999999974,0.005010414,-0.00030505186,3.0920623e-06,0.00029525574,0.0066977954,-0.001928822
3.289999999999974,0.0050143446,-0.00030489964,3.0965602e-06,0.0002957106,0.0067038,-0.0019308688
3.2999999999999736,0.005018765,-0.00030536493,3.1008337e-06,0.0002961143,0.006711139,-0.0019326174
3.3099999999999734,0.005024399,-0.000305679,3.1047286e-06,0.00029649242,0.006718897,-0.0019348348
3.319999999999973,0.005032756,-0.00030512142,3.1069783e-06,0.00029677202,0.006729632,-0.001938488
3.329999999999973,0.0050450712,-0.00030339902,3.1070715e-06,0.00029692362,0.0067439987,-0.0019441101
3.3399999999999728,0.0050620153,-0.00030035418,3.1047427e-06,0.0002969322,0.0067623556,-0.0019519991
3.3499999999999726,0.0050829127,-0.0002963313,3.1004572e-06,0.0002968202,0.0067837406,-0.0019616568
3.3599999999999723,0.005107134,-0.00029176573,3.095975e-06,0.00029672665,0.006806926,-0.0019728576
3.369999999999972,0.0051297043,-0.00028779195,3.092927e-06,0.00029672735,0.006826751,-0.0019830468
3.379999999999972,0.0051471847,-0.00028526515,3.0926067e-06,0.0002968898,0.006841306,-0.0019906715
3.3899999999999717,0.005159312,-0.00028403694,3.0946892e-06,0.00029719295,0.0068513937,-0.0019958152
3.3999999999999715,0.0051657194,-0.00028279293,3.0911624e-06,0.00029696035,0.006861115,-0.0019978045
3.4099999999999713,0.0051725605,-0.0002837915,3.091493e-06,0.00029697208,0.00687218,-0.0019992979
3.419999999999971,0.0051769335,-0.00028593594,3.0955603e-06,0.00029726047,0.006878205,-0.0019995628
3.429999999999971,0.0051765735,-0.0002896889,3.1042227e-06,0.0002978799,0.006879445,-0.0019977277
3.4399999999999706,0.0051850425,-0.0002892618,3.1117472e-06,0.00029864625,0.0068888343,-0.0020032576
3.4499999999999704,0.005198271,-0.00028579377,3.1116483e-06,0.00029887026,0.0069001312,-0.0020103091
3.45999999999997,0.0052089207,-0.00028410414,3.111552e-06,0.00029899387,0.0069111804,-0.0020149904
3.46999999999997,0.005219191,-0.0002828558,3.11166e-06,0.00029911118,0.006922066,-0.002019335
3.47999999999997,0.0052293874,-0.00028170334,3.1118532e-06,0.00029923086,0.006932841,-0.0020236364
3.4899999999999696,0.0052395663,-0.00028056715,3.1120892e-06,0.00029935336,0.006943503,-0.0020279442
3.4999999999999694,0.0052497257,-0.00027942713,3.112345e-06,0.00029947763,0.006954044,-0.0020322609
3.509999999999969,0.0052598487,-0.00027828087,3.1126042e-06,0.00029960222,0.0069644614,-0.0020365764
3.519999999999969,0.0052699246,-0.00027712923,3.1128811e-06,0.00029972842,0.00697474,-0.0020408917
3.5299999999999687,0.0052799466,-0.00027596366,3.1131246e-06,0.00029985185,0.006984893,-0.0020451937
3.5399999999999685,0.0052898857,-0.00027480154,3.1133598e-06,0.00029997388,0.0069949105,-0.0020494682
3.5499999999999683,0.0052997516,-0.00027363485,3.1135758e-06,0.00030009393,0.007004791,-0.0020537216
3.559999999999968,0.005309537,-0.0002724648,3.1137681e-06,0.00030021154,0.0070145344,-0.002057949
3.569999999999968,0.005319238,-0.0002712919,3.113934e-06,0.0003003264,0.00702414,-0.0020621482
3.5799999999999677,0.0053288518,-0.00027011673,3.1140714e-06,0.00030043826,0.007033607,-0.0020663168
3.5899999999999674,0.005338376,-0.00026893962,3.1141783e-06,0.0003005469,0.007042934,-0.0020704535
3.5999999999999672,0.005347808,-0.00026776094,3.114254e-06,0.00030065226,0.0070521217,-0.0020745571
3.609999999999967,0.0053571467,-0.000266581,3.114298e-06,0.00030075424,0.0070611686,-0.0020786265
3.619999999999967,0.0053663915,-0.00026539998,3.114309e-06,0.00030085276,0.0070700743,-0.0020826613
3.6299999999999666,0.0053755403,-0.00026421814,3.1142874e-06,0.00030094778,0.0070788385,-0.0020866606
3.6399999999999664,0.0053845937,-0.00026303562,3.1142347e-06,0.0003010395,0.00708746,-0.0020906248
3.649999999999966,0.005393519,-0.00026185455,3.1140312e-06,0.0003011165,0.0070959968,-0.0020945037
3.659999999999966,0.0054022814,-0.00026073697,3.1138864e-06,0.00030119505,0.0071043777,-0.0020983052
3.6699999999999657,0.0054109506,-0.00025961042,3.113561e-06,0.00030125675,0.007112702,-0.0021020335
3.6799999999999655,0.0054193237,-0.00025855628,3.112702e-06,0.00030126423,0.0071212025,-0.0021054612
3.6899999999999653,0.005427279,-0.00025734384,3.1084248e-06,0.00030096175,0.0071317465,-0.0021080887
3.699999999999965,0.0054275035,-0.00026123298,3.1155928e-06,0.00030142826,0.007131368,-0.0021062114
3.709999999999965,0.005426351,-0.000265662,3.1309826e-06,0.00030263086,0.0071269465,-0.0021052815
3.7199999999999647,0.0054245577,-0.00026657915,3.138406e-06,0.00030328086,0.0071249125,-0.0021044435
3.7299999999999645,0.0054221936,-0.00026733655,3.1418522e-06,0.00030357658,0.007129194,-0.0021037098
3.7399999999999642,0.005425012,-0.0002669423,3.143082e-06,0.0003037336,0.0071348334,-0.0021052093
3.749999999999964,0.0054309657,-0.00026560025,3.1422046e-06,0.00030375057,0.0071423477,-0.002108179
3.759999999999964,0.0054417667,-0.00026299042,3.138712e-06,0.0003036041,0.007154212,-0.0021135658
3.7699999999999636,0.005455568,-0.0002594157,3.1332222e-06,0.000303326,0.007166663,-0.0021202452
3.7799999999999634,0.005467528,-0.00025780688,3.1319744e-06,0.00030333,0.0071748323,-0.0021250595
3.789999999999963,0.0054829754,-0.00025747737,3.1349239e-06,0.00030367813,0.0071888906,-0.0021302348
3.799999999999963,0.005473841,-0.00025903078,3.1351533e-06,0.00030359588,0.0071823183,-0.0021253207
3.8099999999999627,0.005470564,-0.00026209134,3.137423e-06,0.00030365033,0.007185454,-0.0021218634
3.8199999999999625,0.005477061,-0.00026433275,3.1471634e-06,0.0003044732,0.007193448,-0.0021250052
3.8299999999999623,0.005496725,-0.00026035422,3.1472728e-06,0.0003047673,0.007212043,-0.0021346954
3.839999999999962,0.0055039655,-0.00025887732,3.146283e-06,0.00030478614,0.0072204815,-0.0021378824
3.849999999999962,0.005517082,-0.00025733036,3.145643e-06,0.00030486085,0.0072354074,-0.0021434005
3.8599999999999617,0.005529492,-0.00025589787,3.1440431e-06,0.00030483596,0.007249271,-0.002148091
3.8699999999999615,0.0055582495,-0.00025317777,3.1405473e-06,0.00030476754,0.0072844625,-0.0021585876
3.8799999999999613,0.005574358,-0.0002576643,3.1544625e-06,0.00030589974,0.007302686,-0.0021617506
3.889999999999961,0.0055726483,-0.00026018525,3.1651675e-06,0.00030678808,0.007308196,-0.002161621
3.899999999999961,0.0055748946,-0.00025917313,3.1675695e-06,0.0003070925,0.0073147085,-0.0021637897
3.9099999999999606,0.0055798306,-0.0002580676,3.1682985e-06,0.00030724716,0.0073218145,-0.0021665513
3.9199999999999604,0.00558766,-0.00025640876,3.167762e-06,0.0003073172,0.0073299943,-0.0021704955
3.92999999999996,0.0055977935,-0.00025360074,3.1646841e-06,0.00030721555,0.007339814,-0.0021758918
3.93999999999996,0.0056115505,-0.0002495383,3.159011e-06,0.0003069452,0.007351622,-0.0021831621
3.9499999999999598,0.0056297705,-0.00024449866,3.151708e-06,0.00030658435,0.007365949,-0.002192412
3.9599999999999596,0.0056519127,-0.00023884754,3.1438365e-06,0.00030621278,0.0073827244,-0.0022032834
3.9699999999999593,0.0056769443,-0.00023313452,3.1365507e-06,0.00030590824,0.0074017555,-0.0022150825
3.979999999999959,0.005703115,-0.00022910717,3.1336613e-06,0.0003059314,0.007421889,-0.00222612
3.989999999999959,0.0057240175,-0.00022789212,3.136146e-06,0.00030630015,0.0074400804,-0.002233407
3.9999999999999587,0.005727527,-0.00022647454,3.1328714e-06,0.0003060966,0.0074489443,-0.0022349048
4.009999999999959,0.005738635,-0.00022697575,3.1350717e-06,0.00030632442,0.0074632037,-0.0022382245
4.019999999999959,0.005745024,-0.00022648333,3.137413e-06,0.00030660085,0.0074716634,-0.0022415973
4.0299999999999585,0.005758783,-0.00022444314,3.137254e-06,0.00030674803,0.00748597,-0.0022476017
4.039999999999958,0.005770398,-0.00022327401,3.1377726e-06,0.00030690653,0.0074990015,-0.0022522556
4.049999999999958,0.0057810727,-0.00022201859,3.1379566e-06,0.00030703572,0.0075115,-0.002256723
4.059999999999958,0.005791597,-0.00022073212,3.1379916e-06,0.00030715144,0.0075235716,-0.002261137
4.069999999999958,0.0058018942,-0.00021941024,3.1378745e-06,0.0003072535,0.0075352206,-0.002265478
4.079999999999957,0.005811941,-0.00021804763,3.1375878e-06,0.0003073405,0.007546438,-0.0022697404
4.089999999999957,0.005821734,-0.00021664075,3.13712e-06,0.0003074115,0.0075572175,-0.0022739246
4.099999999999957,0.0058312784,-0.00021518584,3.136462e-06,0.0003074659,0.0075675542,-0.002278033
4.109999999999957,0.0058405753,-0.00021367993,3.1356067e-06,0.00030750313,0.007577446,-0.0022820667
4.119999999999957,0.0058496264,-0.00021212046,3.1345478e-06,0.00030752274,0.007586888,-0.002286027
4.129999999999956,0.005858431,-0.00021050459,3.133278e-06,0.0003075242,0.007595879,-0.0022899134
4.139999999999956,0.0058670035,-0.00020883858,3.1318943e-06,0.00030751622,0.0076043704,-0.0022937611
4.149999999999956,0.0058751283,-0.00020711572,3.1308139e-06,0.0003075368,0.007611726,-0.0022976794
4.159999999999956,0.0058836364,-0.00020498308,3.1292698e-06,0.00030753546,0.007618607,-0.002301953
4.1699999999999555,0.0058921366,-0.00020268944,3.1274049e-06,0.0003075116,0.007625023,-0.0023062606
4.179999999999955,0.0059005003,-0.00020025755,3.1252052e-06,0.0003074626,0.0076310155,-0.002310558
4.189999999999955,0.005908682,-0.00019769616,3.1226634e-06,0.0003073872,0.00763658,-0.0023148258
4.199999999999955,0.005918753,-0.00019496644,3.120216e-06,0.00030733593,0.0076439097,-0.0023198517
4.209999999999955,0.0059258486,-0.00019246612,3.1175657e-06,0.00030724276,0.0076479986,-0.0023235795
4.2199999999999545,0.005932171,-0.00018970034,3.1141064e-06,0.00030708584,0.0076517016,-0.0023272135
4.229999999999954,0.005938603,-0.00018641129,3.1095663e-06,0.00030685414,0.007654832,-0.0023311563
4.239999999999954,0.0059455265,-0.00018285203,3.1044758e-06,0.00030658473,0.0076575186,-0.0023353247
4.249999999999954,0.005950865,-0.00017943532,3.0991105e-06,0.0003062751,0.0076580616,-0.0023387237
4.259999999999954,0.005948377,-0.0001833596,3.1071918e-06,0.0003068058,0.007648986,-0.002334531
4.269999999999953,0.005944912,-0.00018449088,3.111639e-06,0.00030716654,0.007650116,-0.0023330215
4.279999999999953,0.005943225,-0.00018432876,3.113914e-06,0.0003073959,0.0076512564,-0.002332763
4.289999999999953,0.0059442194,-0.00018103006,3.1100385e-06,0.00030722225,0.0076541747,-0.0023352993
4.299999999999953,0.005951854,-0.00017279183,3.0964552e-06,0.000306414,0.0076597654,-0.0023428416
4.3099999999999525,0.005967977,-0.00016205228,3.0782821e-06,0.00030531888,0.0076660262,-0.002354269
4.319999999999952,0.0059876535,-0.00015437642,3.0671088e-06,0.00030471457,0.007669601,-0.0023648036
4.329999999999952,0.0060049305,-0.00014943235,3.062888e-06,0.0003046139,0.0076726926,-0.0023734253
4.339999999999952,0.0060291826,-0.00014275106,3.0583524e-06,0.00030461355,0.007687857,-0.0023861402
4.349999999999952,0.006044821,-0.0001373071,3.0537506e-06,0.00030451387,0.0076947142,-0.0023943824
4.3599999999999515,0.006053743,-0.00013327278,3.0493097e-06,0.00030433846,0.0076986416,-0.0023993538
4.369999999999951,0.0060553793,-0.00012929273,3.0429517e-06,0.00030395575,0.0076958872,-0.0024016877
4.379999999999951,0.006057034,-0.0001264308,3.0381682e-06,0.00030365927,0.007692633,-0.002403114
4.389999999999951,0.0060642064,-0.00012668545,3.043509e-06,0.0003041653,0.00769452,-0.0024056192
4.399999999999951,0.0060736355,-0.00012316057,3.0445362e-06,0.0003044865,0.0077022216,-0.0024119848
4.40999999999995,0.0060859993,-0.000115406736,3.0368321e-06,0.0003042218,0.0077112126,-0.0024213556
4.41999999999995,0.0060965074,-0.0001103457,3.032641e-06,0.00030412353,0.0077129346,-0.0024276602
4.42999999999995,0.006103275,-0.00010303551,3.0232043e-06,0.0003036441,0.0077130604,-0.0024341994
4.43999999999995,0.0061129997,-9.614282e-05,3.0144192e-06,0.0003032062,0.0077132042,-0.0024412307
4.4499999999999496,0.0061239195,-8.85674e-05,3.0048632e-06,0.0003027349,0.007713848,-0.002449107
4.459999999999949,0.006136297,-8.0798985e-05,2.9956138e-06,0.00030230617,0.007715065,-0.0024575752
4.469999999999949,0.0061468133,-7.293394e-05,2.9861878e-06,0.00030185943,0.007714075,-0.0024653762
4.479999999999949,0.0061550876,-6.494496e-05,2.9758805e-06,0.00030132977,0.0077112373,-0.0024723492
4.489999999999949,0.0061606388,-6.309812e-05,2.9725256e-06,0.00030112066,0.0077088824,-0.0024729967
4.4999999999999485,0.006157816,-6.310191e-05,2.9704008e-06,0.00030092252,0.0077095493,-0.0024707988
4.509999999999948,0.0061543505,-6.381834e-05,2.9696737e-06,0.00030081577,0.007709885,-0.002468289
4.519999999999948,0.0061506876,-6.392989e-05,2.967843e-06,0.00030063788,0.0077104936,-0.0024663
4.529999999999948,0.0061475793,-6.393794e-05,2.9657267e-06,0.00030043742,0.0077104624,-0.0024645834
4.539999999999948,0.006144954,-6.359956e-05,2.9628761e-06,0.0003001857,0.007710067,-0.0024632863
4.549999999999947,0.0061427257,-6.357641e-05,2.9595951e-06,0.00029987647,0.00770963,-0.0024615577
4.559999999999947,0.006136477,-6.911723e-05,2.9647376e-06,0.00030004894,0.0077062547,-0.0024543654
4.569999999999947,0.0061255638,-7.370065e-05,2.9711819e-06,0.00030039166,0.00770468,-0.002448937
4.579999999999947,0.0061208433,-7.5593496e-05,2.9764092e-06,0.00030076967,0.0077010896,-0.0024471772
4.589999999999947,0.0061183604,-7.4889525e-05,2.977996e-06,0.00030094926,0.0076980074,-0.0024478417
4.599999999999946,0.006118821,-7.152939e-05,2.972729e-06,0.00030063267,0.007695764,-0.002450018
4.609999999999946,0.006120022,-6.727935e-05,2.9632604e-06,0.00029996783,0.0076936944,-0.0024526955
4.619999999999946,0.006124297,-6.1313855e-05,2.9493908e-06,0.00029898246,0.007691381,-0.0024571682
4.629999999999946,0.006130787,-5.48331e-05,2.9333814e-06,0.00029782217,0.0076879007,-0.0024622432
4.6399999999999455,0.006137407,-4.9120124e-05,2.917925e-06,0.00029666818,0.0076827826,-0.0024665045
4.649999999999945,0.006142668,-4.607547e-05,2.9077755e-06,0.00029586517,0.0076762475,-0.0024685478
4.659999999999945,0.006143704,-4.678976e-05,2.9059026e-06,0.0002956327,0.007668727,-0.0024671792
4.669999999999945,0.0061378046,-5.1560502e-05,2.910571e-06,0.00029579297,0.007661751,-0.0024607042
4.679999999999945,0.0061280555,-5.1332125e-05,2.9099747e-06,0.00029572682,0.007657994,-0.002459794
4.689999999999944,0.0061311284,-4.8311846e-05,2.9059045e-06,0.00029549794,0.007651858,-0.0024623745
4.699999999999944,0.0061282753,-4.6353678e-05,2.8999493e-06,0.0002950261,0.00764596,-0.0024623463
4.709999999999944,0.0061273333,-4.5015768e-05,2.8952434e-06,0.00029463688,0.0076389345,-0.0024624527
4.719999999999944,0.0061255577,-4.3552027e-05,2.8901347e-06,0.00029421487,0.0076317536,-0.002462477
4.729999999999944,0.0061239284,-4.2185387e-05,2.885233e-06,0.00029380608,0.007624103,-0.0024624688
4.739999999999943,0.0061216704,-4.0874595e-05,2.8781444e-06,0.00029319015,0.007617473,-0.002461467
4.749999999999943,0.0061149513,-5.035587e-05,2.8948311e-06,0.0002942096,0.007603803,-0.0024529458
4.759999999999943,0.0061040893,-5.1461866e-05,2.8981162e-06,0.00029443862,0.007600059,-0.0024497407
4.769999999999943,0.006097012,-5.1381186e-05,2.897667e-06,0.0002943824,0.00759493,-0.0024478952
4.7799999999999425,0.0060912566,-4.7590158e-05,2.8879135e-06,0.00029364738,0.0075889314,-0.0024488152
4.789999999999942,0.0060923044,-3.562368e-05,2.86085e-06,0.00029172664,0.007582133,-0.0024573603
4.799999999999942,0.0061010495,-1.5924785e-05,2.8163095e-06,0.0002885622,0.007565856,-0.0024723834
4.809999999999942,0.006109681,1.3776941e-05,2.7468984e-06,0.00028355504,0.007532907,-0.0024926132
4.819999999999942,0.0061033415,6.212339e-05,2.6289497e-06,0.00027488425,0.007463097,-0.0025181994
4.8299999999999415,0.0060020504,0.00016498237,2.3633486e-06,0.00025487426,0.0072532212,-0.00254352
4.839999999999941,0.0060629076,0.00011920041,2.4017297e-06,0.00025561496,0.007118971,-0.0025032274
4.849999999999941,0.0060579563,9.1123715e-05,2.442835e-06,0.0002580121,0.007161295,-0.0024832536
4.859999999999941,0.006023164,9.628581e-05,2.426074e-06,0.00025666496,0.007162296,-0.0024784522
4.869999999999941,0.005972343,0.00013737234,2.3235416e-06,0.0002490388,0.0070993127,-0.002486724
4.87999999999994,0.0055572456,0.0002943694,1.8476045e-06,0.00021129767,0.0065977634,-0.0024334767
4.88999999999994,0.00080739474,-0.00011750122,1.1439158e-06,0.00010554416,0.0014088234,-0.00041495368
4.89999999999994,0.0007023405,-4.6139696e-05,4.6333963e-07,4.2768588e-05,0.00066764007,-0.00027564974
4.90999999999994,-2.5714453e-05,-4.8743973e-06,4.4032546e-09,1.8437879e-07,-1.6897299e-06,1.1467953e-05
4.9199999999999395,-4.4118107e-05,-3.3367762e-06,-7.158243e-09,-8.976697e-07,-1.562444e-05,1.9863328e-05
4.929999999999939,-3.7212572e-05,-4.8615057e-06,1.4119202e-09,-1.547996e-07,-5.6781155e-06,1.8068922e-05
4.939999999999939,-3.7059996e-05,-4.8895467e-06,1.5198177e-09,-1.4648487e-07,-5.4983025e-06,1.806205e-05
4.949999999999939,-3.729586e-05,-4.848016e-06,1.2850497e-09,-1.6698664e-07,-5.8134838e-06,1.8134902e-05
4.959999999999939,-3.731336e-05,-4.8456955e-06,1.2700098e-09,-1.6833202e-07,-5.8359196e-06,1.8140388e-05
4.9699999999999385,-3.730824e-05,-4.8467377e-06,1.275462e-09,-1.678623e-07,-5.828978e-06,1.813891e-05
4.979999999999938,-3.730753e-05,-4.846854e-06,1.2761321e-09,-1.6780353e-07,-5.828044e-06,1.8138693e-05
4.989999999999938,-3.730763e-05,-4.8468337e-06,1.2760274e-09,-1.6781252e-07,-5.828175e-06,1.813872e-05
4.999999999999938,-3.730765e-05,-4.8468296e-06,1.2760045e-09,-1.678145e-07,-5.8282058e-06,1.8138728e-05
5.009999999999938,-3.730765e-05,-4.8468296e-06,1.2760062e-09,-1.6781436e-07,-5.828204e-06,1.8138728e-05
5.019999999999937,-3.7307647e-05,-4.84683e-06,1.276007e-09,-1.678143e-07,-5.828203e-06,1.8138728e-05
5.029999999999937,-3.7307647e-05,-4.84683e-06,1.2760069e-09,-1.6781432e-07,-5.828203e-06,1.8138728e-05
5.039999999999937,-3.7307647e-05,-4.84683e-06,1.2760067e-09,-1.6781432e-07,-5.828203e-06,1.8138728e-05
5.049999999999937,-3.7307647e-05,-4.84683e-06,1.2760067e-09,-1.6781432e-07,-5.828203e-06,1.8138728e-05
5.0599999999999365,-3.7307647e-05,-4.84683e-06,1.2760067e-09,-1.6781432e-07,-5.828203e-06,1.8138728e-05
5.069999999999936,-3.7307647e-05,-4.84683e-06,1.2760069e-09,-1.6781432e-07,-5.828203e-06,1.8138728e-05
5.079999999999936,-3.7307647e-05,-4.84683e-06,1.2760067e-09,-1.6781432e-07,-5.828203e-06,1.8138728e-05
5.089999999999936,-3.7307647e-05,-4.84683e-06,1.2760069e-09,-1.678143e-07,-5.828203e-06,1.8138728e-05
5.099999999999936,-3.7307647e-05,-4.84683e-06,1.2760069e-09,-1.678143e-07,-5.828203e-06,1.8138728e-05
5.1099999999999355,-3.7307647e-05,-4.84683e-06,1.2760067e-09,-1.6781432e-07,-5.828203e-06,1.8138728e-05
5.119999999999935,-3.7307647e-05,-4.84683e-06,1.276007e-09,-1.678143e-07,-5.828203e-06,1.8138728e-05
5.129999999999935,-3.7307647e-05,-4.84683e-06,1.2760069e-09,-1.6781432e-07,-5.828203e-06,1.8138728e-05
5.139999999999935,-3.7307647e-05,-4.84683e-06,1.2760069e-09,-1.678143e-07,-5.828203e-06,1.8138728e-05
5.149999999999935,-3.7307647e-05,-4.84683e-06,1.2760069e-09,-1.678143e-07,-5.828203e-06,1.8138728e-05
5.159999999999934,-3.7307647e-05,-4.84683e-06,1.2760067e-09,-1.6781432e-07,-5.828203e-06,1.8138728e-05
5.169999999999934,-3.7307647e-05,-4.84683e-06,1.2760067e-09,-1.6781432e-07,-5.828203e-06,1.8138728e-05
5.179999999999934,-3.7307647e-05,-4.84683e-06,1.2760069e-09,-1.6781432e-07,-5.828203e-06,1.8138728e-05
5.189999999999934,-3.7307647e-05,-4.84683e-06,1.2760067e-09,-1.6781432e-07,-5.828203e-06,1.8138728e-05
5.199999999999934,-3.7307647e-05,-4.84683e-06,1.2760069e-09,-1.6781432e-07,-5.828203e-06,1.8138728e-05
5.209999999999933,-3.7307647e-05,-4.84683e-06,1.2760067e-09,-1.6781432e-07,-5.828203e-06,1.8138728e-05
5.219999999999933,-3.7307647e-05,-4.84683e-06,1.2760067e-09,-1.6781432e-07,-5.828203e-06,1.8138728e-05
5.229999999999933,-3.7307647e-05,-4.84683e-06,1.2760069e-09,-1.6781432e-07,-5.828203e-06,1.8138728e-05
5.239999999999933,-3.7307647e-05,-4.84683e-06,1.2760069e-09,-1.678143e-07,-5.828203e-06,1.8138728e-05
5.2499999999999325,-3.7307647e-05,-4.84683e-06,1.2760067e-09,-1.6781432e-07,-5.828203e-06,1.8138728e-05
5.259999999999932,-3.7307647e-05,-4.84683e-06,1.2760069e-09,-1.6781432e-07,-5.828203e-06,1.8138728e-05
5.269999999999932,-3.7307647e-05,-4.84683e-06,1.2760069e-09,-1.678143e-07,-5.828203e-06,1.8138728e-05
5.279999999999932,-3.7307647e-05,-4.84683e-06,1.2760069e-09,-1.678143e-07,-5.828203e-06,1.8138728e-05
5.289999999999932,-3.7307647e-05,-4.84683e-06,1.2760067e-09,-1.6781432e-07,-5.828203e-06,1.8138728e-05
5.299999999999931,-3.7307647e-05,-4.84683e-06,1.2760069e-09,-1.678143e-07,-5.828203e-06,1.8138728e-05
5.309999999999931,-3.7307647e-05,-4.84683e-06,1.2760067e-09,-1.6781432e-07,-5.828203e-06,1.8138728e-05
5.319999999999931,-3.7307647e-05,-4.84683e-06,1.2760067e-09,-1.6781432e-07,-5.828203e-06,1.8138728e-05
5.329999999999931,-3.7307647e-05,-4.84683e-06,1.2760067e-09,-1.6781432e-07,-5.828203e-06,1.8138728e-05
5.339999999999931,-3.7307647e-05,-4.84683e-06,1.2760067e-09,-1.6781432e-07,-5.828203e-06,1.8138728e-05
5.34999999999993,-3.7307647e-05,-4.84683e-06,1.2760067e-09,-1.6781432e-07,-5.828203e-06,1.8138728e-05
5.35999999999993,-3.7307647e-05,-4.84683e-06,1.2760067e-09,-1.6781432e-07,-5.828203e-06,1.8138728e-05
5.36999999999993,-3.7307647e-05,-4.84683e-06,1.2760069e-09,-1.6781432e-07,-5.828203e-06,1.8138728e-05
5.37999999999993,-3.7307647e-05,-4.84683e-06,1.2760067e-09,-1.6781432e-07,-5.828203e-06,1.8138728e-05
5.3899999999999295,-3.7307647e-05,-4.8468296e-06,1.2760066e-09,-1.6781433e-07,-5.828203e-06,1.8138728e-05
5.399999999999929,-3.7307647e-05,-4.84683e-06,1.2760067e-09,-1.6781432e-07,-5.828203e-06,1.8138728e-05
5.409999999999929,-3.7307647e-05,-4.84683e-06,1.2760069e-09,-1.6781432e-07,-5.828203e-06,1.8138728e-05
5.419999999999929,-3.7307647e-05,-4.84683e-06,1.2760067e-09,-1.6781432e-07,-5.828203e-06,1.8138728e-05
5.429999999999929,-3.7307647e-05,-4.84683e-06,1.2760069e-09,-1.678143e-07,-5.828203e-06,1.8138728e-05
5.4399999999999284,-3.7307647e-05,-4.84683e-06,1.2760069e-09,-1.6781432e-07,-5.828203e-06,1.8138728e-05
5.449999999999928,-3.7307647e-05,-4.84683e-06,1.2760066e-09,-1.6781432e-07,-5.828203e-06,1.8138728e-05
5.459999999999928,-3.7307647e-05,-4.84683e-06,1.2760067e-09,-1.6781432e-07,-5.828203e-06,1.8138728e-05
5.469999999999928,-3.7307647e-05,-4.84683e-06,1.2760067e-09,-1.6781432e-07,-5.828203e-06,1.8138728e-05
5.479999999999928,-3.7307647e-05,-4.84683e-06,1.2760067e-09,-1.6781432e-07,-5.828203e-06,1.8138728e-05
5.489999999999927,-3.7307647e-05,-4.84683e-06,1.2760069e-09,-1.6781432e-07,-5.828203e-06,1.8138728e-05
5.499999999999927,-3.7307647e-05,-4.84683e-06,1.2760067e-09,-1.6781432e-07,-5.828203e-06,1.8138728e-05
5.509999999999927,-3.7307647e-05,-4.84683e-06,1.2760069e-09,-1.6781432e-07,-5.828203e-06,1.8138728e-05
5.519999999999927,-3.7307647e-05,-4.84683e-06,1.276007e-09,-1.678143e-07,-5.828203e-06,1.8138728e-05
5.5299999999999265,-3.7307647e-05,-4.84683e-06,1.2760067e-09,-1.6781432e-07,-5.828203e-06,1.8138728e-05
5.539999999999926,-3.7307647e-05,-4.84683e-06,1.2760067e-09,-1.6781432e-07,-5.828203e-06,1.8138728e-05
5.549999999999926,-3.7307647e-05,-4.84683e-06,1.2760067e-09,-1.6781432e-07,-5.828203e-06,1.8138728e-05
5.559999999999926,-3.7307647e-05,-4.84683e-06,1.2760069e-09,-1.6781432e-07,-5.828203e-06,1.8138728e-05
5.569999999999926,-3.7307647e-05,-4.84683e-06,1.2760067e-09,-1.6781432e-07,-5.828203e-06,1.8138728e-05
5.5799999999999255,-3.7307647e-05,-4.84683e-06,1.2760069e-09,-1.6781432e-07,-5.828203e-06,1.8138728e-05
5.589999999999925,-3.7307647e-05,-4.84683e-06,1.2760069e-09,-1.6781432e-07,-5.828203e-06,1.8138728e-05
5.599999999999925,-3.7307647e-05,-4.84683e-06,1.2760067e-09,-1.6781432e-07,-5.828203e-06,1.8138728e-05
5.609999999999925,-3.7307647e-05,-4.84683e-06,1.2760067e-09,-1.6781432e-07,-5.828203e-06,1.8138728e-05
5.619999999999925,-3.7307647e-05,-4.84683e-06,1.2760069e-09,-1.6781432e-07,-5.828203e-06,1.8138728e-05
5.629999999999924,-3.7307647e-05,-4.84683e-06,1.2760069e-09,-1.6781432e-07,-5.828203e-06,1.8138728e-05
5.639999999999924,-3.7307647e-05,-4.8468296e-06,1.2760066e-09,-1.6781433e-07,-5.828203e-06,1.8138728e-05
5.649999999999924,-3.7307647e-05,-4.84683e-06,1.2760069e-09,-1.6781432e-07,-5.828203e-06,1.8138728e-05
5.659999999999924,-3.7307647e-05,-4.84683e-06,1.276007e-09,-1.678143e-07,-5.828203e-06,1.8138728e-05
5.6699999999999235,-3.7307647e-05,-4.84683e-06,1.2760069e-09,-1.678143e-07,-5.828203e-06,1.8138728e-05
5.679999999999923,-3.7307647e-05,-4.84683e-06,1.2760069e-09,-1.678143e-07,-5.828203e-06,1.8138728e-05
5.689999999999923,-3.7307647e-05,-4.84683e-06,1.2760066e-09,-1.6781433e-07,-5.828203e-06,1.8138728e-05
5.699999999999923,-3.7307647e-05,-4.84683e-06,1.2760067e-09,-1.6781432e-07,-5.828203e-06,1.8138728e-05
5.709999999999923,-3.7307647e-05,-4.84683e-06,1.2760066e-09,-1.6781432e-07,-5.828203e-06,1.8138728e-05
5.7199999999999225,-3.7307647e-05,-4.84683e-06,1.2760066e-09,-1.6781432e-07,-5.828203e-06,1.8138728e-05
5.729999999999922,-3.7307647e-05,-4.84683e-06,1.2760069e-09,-1.6781432e-07,-5.828203e-06,1.8138728e-05
5.739999999999922,-3.7307647e-05,-4.84683e-06,1.2760067e-09,-1.6781432e-07,-5.828203e-06,1.8138728e-05
5.749999999999922,-3.7307647e-05,-4.84683e-06,1.2760067e-09,-1.6781432e-07,-5.828203e-06,1.8138728e-05
5.759999999999922,-3.7307647e-05,-4.84683e-06,1.2760069e-09,-1.678143e-07,-5.828203e-06,1.8138728e-05
5.769999999999921,-3.7307647e-05,-4.84683e-06,1.2760069e-09,-1.678143e-07,-5.828203e-06,1.8138728e-05
5.779999999999921,-3.7307647e-05,-4.84683e-06,1.2760067e-09,-1.6781432e-07,-5.828203e-06,1.8138728e-05
5.789999999999921,-3.7307647e-05,-4.84683e-06,1.2760069e-09,-1.678143e-07,-5.828203e-06,1.8138728e-05
5.799999999999921,-3.7307647e-05,-4.84683e-06,1.2760067e-09,-1.6781432e-07,-5.828203e-06,1.8138728e-05
5.809999999999921,-3.7307647e-05,-4.84683e-06,1.2760069e-09,-1.678143e-07,-5.828203e-06,1.8138728e-05
5.81999999999992,-3.7307647e-05,-4.84683e-06,1.2760067e-09,-1.6781432e-07,-5.828203e-06,1.8138728e-05
5.82999999999992,-3.7307647e-05,-4.84683e-06,1.2760067e-09,-1.6781432e-07,-5.828203e-06,1.8138728e-05
5.83999999999992,-3.7307647e-05,-4.84683e-06,1.2760071e-09,-1.6781429e-07,-5.828203e-06,1.8138728e-05
5.84999999999992,-3.7307647e-05,-4.84683e-06,1.2760067e-09,-1.6781432e-07,-5.828203e-06,1.8138728e-05
5.8599999999999195,-3.7307647e-05,-4.84683e-06,1.2760067e-09,-1.6781432e-07,-5.828203e-06,1.8138728e-05
5.869999999999919,-3.7307647e-05,-4.84683e-06,1.2760069e-09,-1.6781432e-07,-5.828203e-06,1.8138728e-05
5.879999999999919,-3.7307647e-05,-4.84683e-06,1.2760069e-09,-1.678143e-07,-5.828203e-06,1.8138728e-05
5.889999999999919,-3.7307647e-05,-4.84683e-06,1.2760069e-09,-1.6781432e-07,-5.828203e-06,1.8138728e-05
5.899999999999919,-3.7307647e-05,-4.84683e-06,1.2760067e-09,-1.6781432e-07,-5.828203e-06,1.8138728e-05
5.909999999999918,-3.7307647e-05,-4.84683e-06,1.2760069e-09,-1.678143e-07,-5.828203e-06,1.8138728e-05
5.919999999999918,-3.7307647e-05,-4.84683e-06,1.276007e-09,-1.678143e-07,-5.828203e-06,1.8138728e-05
5.929999999999918,-3.7307647e-05,-4.84683e-06,1.2760069e-09,-1.678143e-07,-5.828203e-06,1.8138728e-05
5.939999999999918,-3.7307647e-05,-4.84683e-06,1.2760067e-09,-1.6781432e-07,-5.828203e-06,1.8138728e-05
5.949999999999918,-3.7307647e-05,-4.84683e-06,1.2760066e-09,-1.6781433e-07,-5.828203e-06,1.8138728e-05
5.959999999999917,-3.7307647e-05,-4.84683e-06,1.2760069e-09,-1.678143e-07,-5.828203e-06,1.8138728e-05
5.969999999999917,-3.7307647e-05,-4.84683e-06,1.276007e-09,-1.678143e-07,-5.828203e-06,1.8138728e-05
5.979999999999917,-3.7307647e-05,-4.84683e-06,1.2760067e-09,-1.6781432e-07,-5.828203e-06,1.8138728e-05
5.989999999999917,-3.7307647e-05,-4.84683e-06,1.2760067e-09,-1.6781432e-07,-5.828203e-06,1.8138728e-05
5.9999999999999165,-3.7307647e-05,-4.84683e-06,1.2760069e-09,-1.678143e-07,-5.828203e-06,1.8138728e-05
6.009999999999916,-3.7307647e-05,-4.84683e-06,1.2760067e-09,-1.6781432e-07,-5.828203e-06,1.8138728e-05
6.019999999999916,-3.7307647e-05,-4.84683e-06,1.2760069e-09,-1.678143e-07,-5.828203e-06,1.8138728e-05
6.029999999999916,-3.7307647e-05,-4.84683e-06,1.2760067e-09,-1.6781432e-07,-5.828203e-06,1.8138728e-05
6.039999999999916,-3.7307647e-05,-4.84683e-06,1.2760069e-09,-1.678143e-07,-5.828203e-06,1.8138728e-05
6.0499999999999154,-3.7307647e-05,-4.84683e-06,1.2760067e-09,-1.6781432e-07,-5.828203e-06,1.8138728e-05
6.059999999999915,-3.7307647e-05,-4.84683e-06,1.2760067e-09,-1.6781432e-07,-5.828203e-06,1.8138728e-05
6.069999999999915,-3.7307647e-05,-4.84683e-06,1.2760067e-09,-1.6781432e-07,-5.828203e-06,1.8138728e-05
6.079999999999915,-3.7307647e-05,-4.84683e-06,1.2760067e-09,-1.6781432e-07,-5.828203e-06,1.8138728e-05
6.089999999999915,-3.7307647e-05,-4.84683e-06,1.2760066e-09,-1.6781433e-07,-5.828203e-06,1.8138728e-05
6.099999999999914,-3.7307647e-05,-4.84683e-06,1.2760067e-09,-1.6781432e-07,-5.828203e-06,1.8138728e-05
6.109999999999914,-3.7307647e-05,-4.84683e-06,1.2760066e-09,-1.6781433e-07,-5.828203e-06,1.8138728e-05
6.119999999999914,-3.7307647e-05,-4.8468296e-06,1.2760066e-09,-1.6781432e-07,-5.828203e-06,1.8138728e-05
6.129999999999914,-3.7307647e-05,-4.84683e-06,1.276007e-09,-1.678143e-07,-5.828203e-06,1.8138728e-05
6.1399999999999135,-3.7307647e-05,-4.84683e-06,1.2760067e-09,-1.6781432e-07,-5.828203e-06,1.8138728e-05
6.149999999999913,-3.7307647e-05,-4.84683e-06,1.2760067e-09,-1.6781432e-07,-5.828203e-06,1.8138728e-05
6.159999999999913,-3.7307647e-05,-4.84683e-06,1.2760066e-09,-1.6781432e-07,-5.828203e-06,1.8138728e-05
6.169999999999913,-3.7307647e-05,-4.84683e-06,1.2760069e-09,-1.6781432e-07,-5.828203e-06,1.8138728e-05
6.179999999999913,-3.7307647e-05,-4.84683e-06,1.2760067e-09,-1.6781432e-07,-5.828203e-06,1.8138728e-05
6.1899999999999125,-3.7307647e-05,-4.84683e-06,1.2760069e-09,-1.678143e-07,-5.828203e-06,1.8138728e-05
6.199999999999912,-3.7307647e-05,-4.84683e-06,1.2760067e-09,-1.6781432e-07,-5.828203e-06,1.8138728e-05
6.209999999999912,-3.7307647e-05,-4.84683e-06,1.2760069e-09,-1.678143e-07,-5.828203e-06,1.8138728e-05
6.219999999999912,-3.7307647e-05,-4.84683e-06,1.2760069e-09,-1.678143e-07,-5.828203e-06,1.8138728e-05
6.229999999999912,-3.7307647e-05,-4.84683e-06,1.2760067e-09,-1.6781432e-07,-5.828203e-06,1.8138728e-05
6.239999999999911,-3.7307647e-05,-4.84683e-06,1.2760067e-09,-1.6781432e-07,-5.828203e-06,1.8138728e-05
6.249999999999911,-3.7307647e-05,-4.84683e-06,1.2760069e-09,-1.6781432e-07,-5.828203e-06,1.8138728e-05
6.259999999999911,-3.7307647e-05,-4.8468296e-06,1.2760066e-09,-1.6781433e-07,-5.828203e-06,1.8138728e-05
6.269999999999911,-3.7307647e-05,-4.84683e-06,1.2760067e-09,-1.6781432e-07,-5.828203e-06,1.8138728e-05
6.2799999999999105,-3.7307647e-05,-4.8468296e-06,1.2760067e-09,-1.6781432e-07,-5.828203e-06,1.8138728e-05
6.28999999999991,-3.7307647e-05,-4.84683e-06,1.2760069e-09,-1.6781432e-07,-5.828203e-06,1.8138728e-05
6.29999999999991,-3.7307647e-05,-4.84683e-06,1.276007e-09,-1.678143e-07,-5.828203e-06,1.8138728e-05
6.30999999999991,-3.7307647e-05,-4.8468296e-06,1.2760067e-09,-1.6781432e-07,-5.828203e-06,1.8138728e-05
6.31999999999991,-3.7307647e-05,-4.84683e-06,1.2760069e-09,-1.678143e-07,-5.828203e-06,1.8138728e-05
6.3299999999999095,-3.7307647e-05,-4.84683e-06,1.2760067e-09,-1.6781432e-07,-5.828203e-06,1.8138728e-05
6.339999999999909,-3.7307647e-05,-4.84683e-06,1.2760067e-09,-1.6781432e-07,-5.828203e-06,1.8138728e-05
6.349999999999909,-3.7307647e-05,-4.84683e-06,1.2760067e-09,-1.6781432e-07,-5.828203e-06,1.8138728e-05
6.359999999999909,-3.7307647e-05,-4.84683e-06,1.2760067e-09,-1.6781432e-07,-5.828203e-06,1.8138728e-05
6.369999999999909,-3.7307647e-05,-4.84683e-06,1.2760067e-09,-1.6781432e-07,-5.828203e-06,1.8138728e-05
6.379999999999908,-3.7307647e-05,-4.84683e-06,1.2760067e-09,-1.6781432e-07,-5.828203e-06,1.8138728e-05
6.389999999999908,-3.7307647e-05,-4.84683e-06,1.2760067e-09,-1.6781432e-07,-5.828203e-06,1.8138728e-05
6.399999999999908,-3.7307647e-05,-4.84683e-06,1.2760067e-09,-1.6781432e-07,-5.828203e-06,1.8138728e-05
6.409999999999908,-3.7307647e-05,-4.84683e-06,1.2760069e-09,-1.6781432e-07,-5.828203e-06,1.8138728e-05
6.419999999999908,-3.7307647e-05,-4.84683e-06,1.276007e-09,-1.678143e-07,-5.828203e-06,1.8138728e-05
6.429999999999907,-3.7307647e-05,-4.84683e-06,1.2760071e-09,-1.678143e-07,-5.828203e-06,1.8138728e-05
6.439999999999907,-3.7307647e-05,-4.84683e-06,1.2760067e-09,-1.6781432e-07,-5.828203e-06,1.8138728e-05
6.449999999999907,-3.7307647e-05,-4.84683e-06,1.2760066e-09,-1.6781433e-07,-5.828203e-06,1.8138728e-05
6.459999999999907,-3.7307647e-05,-4.84683e-06,1.2760069e-09,-1.6781432e-07,-5.828203e-06,1.8138728e-05
6.4699999999999065,-3.7307647e-05,-4.84683e-06,1.2760069e-09,-1.678143e-07,-5.828203e-06,1.8138728e-05
6.479999999999906,-3.7307647e-05,-4.84683e-06,1.2760067e-09,-1.6781432e-07,-5.828203e-06,1.8138728e-05
6.489999999999906,-3.7307647e-05,-4.84683e-06,1.2760067e-09,-1.6781432e-07,-5.828203e-06,1.8138728e-05
6.499999999999906,-3.7307647e-05,-4.84683e-06,1.2760067e-09,-1.6781432e-07,-5.828203e-06,1.8138728e-05
6.509999999999906,-3.7307647e-05,-4.84683e-06,1.2760069e-09,-1.678143e-07,-5.828203e-06,1.8138728e-05
6.519999999999905,-3.7307647e-05,-4.84683e-06,1.2760069e-09,-1.6781432e-07,-5.828203e-06,1.8138728e-05
6.529999999999905,-3.7307647e-05,-4.8468296e-06,1.2760066e-09,-1.6781433e-07,-5.828203e-06,1.8138728e-05
6.539999999999905,-3.7307647e-05,-4.84683e-06,1.276007e-09,-1.678143e-07,-5.828203e-06,1.8138728e-05
6.549999999999905,-3.7307647e-05,-4.84683e-06,1.2760069e-09,-1.678143e-07,-5.828203e-06,1.8138728e-05
6.559999999999905,-3.7307647e-05,-4.84683e-06,1.276007e-09,-1.678143e-07,-5.828203e-06,1.8138728e-05
6.569999999999904,-3.7307647e-05,-4.84683e-06,1.2760066e-09,-1.6781432e-07,-5.828203e-06,1.8138728e-05
6.579999999999904,-3.7307647e-05,-4.8468296e-06,1.2760066e-09,-1.6781432e-07,-5.828203e-06,1.8138728e-05
6.589999999999904,-3.7307647e-05,-4.8468296e-06,1.2760066e-09,-1.6781433e-07,-5.828203e-06,1.8138728e-05
6.599999999999904,-3.7307647e-05,-4.84683e-06,1.2760069e-09,-1.678143e-07,-5.828203e-06,1.8138728e-05
6.6099999999999035,-3.7307647e-05,-4.84683e-06,1.2760067e-09,-1.6781432e-07,-5.828203e-06,1.8138728e-05
6.619999999999903,-3.7307647e-05,-4.84683e-06,1.2760069e-09,-1.678143e-07,-5.828203e-06,1.8138728e-05
6.629999999999903,-3.7307647e-05,-4.84683e-06,1.2760069e-09,-1.678143e-07,-5.828203e-06,1.8138728e-05
6.639999999999903,-3.7307647e-05,-4.84683e-06,1.2760067e-09,-1.6781432e-07,-5.828203e-06,1.8138728e-05
6.649999999999903,-3.7307647e-05,-4.84683e-06,1.2760067e-09,-1.6781432e-07,-5.828203e-06,1.8138728e-05
6.659999999999902,-3.7307647e-05,-4.84683e-06,1.2760067e-09,-1.6781432e-07,-5.828203e-06,1.8138728e-05
6.669999999999902,-3.7307647e-05,-4.84683e-06,1.2760066e-09,-1.6781432e-07,-5.828203e-06,1.8138728e-05
6.679999999999902,-3.7307647e-05,-4.84683e-06,1.2760069e-09,-1.678143e-07,-5.828203e-06,1.8138728e-05
6.689999999999902,-3.7307647e-05,-4.8468296e-06,1.2760066e-09,-1.6781433e-07,-5.828203e-06,1.8138728e-05
6.699999999999902,-3.7307647e-05,-4.84683e-06,1.2760069e-09,-1.678143e-07,-5.828203e-06,1.8138728e-05
6.709999999999901,-3.7307647e-05,-4.84683e-06,1.2760069e-09,-1.6781432e-07,-5.828203e-06,1.8138728e-05
6.719999999999901,-3.7307647e-05,-4.84683e-06,1.2760069e-09,-1.678143e-07,-5.828203e-06,1.8138728e-05
6.729999999999901,-3.7307647e-05,-4.84683e-06,1.2760069e-09,-1.6781432e-07,-5.828203e-06,1.8138728e-05
6.739999999999901,-3.7307647e-05,-4.84683e-06,1.2760067e-09,-1.6781432e-07,-5.828203e-06,1.8138728e-05
6.7499999999999005,-3.7307647e-05,-4.84683e-06,1.2760069e-09,-1.6781432e-07,-5.828203e-06,1.8138728e-05
6.7599999999999,-3.7307647e-05,-4.84683e-06,1.2760067e-09,-1.6781432e-07,-5.828203e-06,1.8138728e-05
6.7699999999999,-3.7307647e-05,-4.84683e-06,1.2760069e-09,-1.678143e-07,-5.828203e-06,1.8138728e-05
6.7799999999999,-3.7307647e-05,-4.84683e-06,1.2760069e-09,-1.6781432e-07,-5.828203e-06,1.8138728e-05
6.7899999999999,-3.7307647e-05,-4.84683e-06,1.2760067e-09,-1.6781432e-07,-5.828203e-06,1.8138728e-05
6.7999999999998995,-3.7307647e-05,-4.84683e-06,1.276007e-09,-1.678143e-07,-5.828203e-06,1.8138728e-05
6.809999999999899,-3.7307647e-05,-4.84683e-06,1.2760069e-09,-1.6781432e-07,-5.828203e-06,1.8138728e-05
6.819999999999899,-3.7307647e-05,-4.84683e-06,1.2760067e-09,-1.6781432e-07,-5.828203e-06,1.8138728e-05
6.829999999999899,-3.7307647e-05,-4.84683e-06,1.276007e-09,-1.678143e-07,-5.828203e-06,1.8138728e-05
6.839999999999899,-3.7307647e-05,-4.84683e-06,1.2760069e-09,-1.678143e-07,-5.828203e-06,1.8138728e-05
6.849999999999898,-3.7307647e-05,-4.84683e-06,1.2760069e-09,-1.678143e-07,-5.828203e-06,1.8138728e-05
6.859999999999898,-3.7307647e-05,-4.84683e-06,1.2760067e-09,-1.6781432e-07,-5.828203e-06,1.8138728e-05
6.869999999999898,-3.7307647e-05,-4.84683e-06,1.2760069e-09,-1.6781432e-07,-5.828203e-06,1.8138728e-05
6.879999999999898,-3.7307647e-05,-4.84683e-06,1.276007e-09,-1.678143e-07,-5.828203e-06,1.8138728e-05
6.8899999999998975,-3.7307647e-05,-4.84683e-06,1.2760069e-09,-1.6781432e-07,-5.828203e-06,1.8138728e-05
6.899999999999897,-3.7307647e-05,-4.84683e-06,1.2760069e-09,-1.678143e-07,-5.828203e-06,1.8138728e-05
6.909999999999897,-3.7307647e-05,-4.8468296e-06,1.2760066e-09,-1.6781432e-07,-5.828203e-06,1.8138728e-05
6.919999999999897,-3.7307647e-05,-4.8468296e-06,1.2760066e-09,-1.6781433e-07,-5.828203e-06,1.8138728e-05
6.929999999999897,-3.7307647e-05,-4.84683e-06,1.2760069e-09,-1.6781432e-07,-5.828203e-06,1.8138728e-05
6.9399999999998965,-3.730765e-05,-4.84683e-06,1.2760067e-09,-1.6781432e-07,-5.828203e-06,1.8138728e-05
6.949999999999896,-3.7307647e-05,-4.84683e-06,1.2760066e-09,-1.6781433e-07,-5.828203e-06,1.8138728e-05
6.959999999999896,-3.7307647e-05,-4.84683e-06,1.2760069e-09,-1.6781432e-07,-5.828203e-06,1.8138728e-05
6.969999999999896,-3.7307647e-05,-4.84683e-06,1.2760067e-09,-1.6781432e-07,-5.828203e-06,1.8138728e-05
6.979999999999896,-3.7307647e-05,-4.84683e-06,1.2760066e-09,-1.6781432e-07,-5.828203e-06,1.8138728e-05
6.989999999999895,-3.7307647e-05,-4.8468296e-06,1.2760066e-09,-1.6781433e-07,-5.828203e-06,1.8138728e-05
6.999999999999895,-3.7307647e-05,-4.8468296e-06,1.2760064e-09,-1.6781435e-07,-5.828203e-06,1.8138728e-05
7.009999999999895,-3.7307647e-05,-4.84683e-06,1.2760069e-09,-1.678143e-07,-5.828203e-06,1.8138728e-05
7.019999999999895,-3.7307647e-05,-4.8468296e-06,1.2760066e-09,-1.6781432e-07,-5.828203e-06,1.8138728e-05
7.0299999999998946,-3.7307647e-05,-4.84683e-06,1.2760067e-09,-1.6781432e-07,-5.828203e-06,1.8138728e-05
7.039999999999894,-3.7307647e-05,-4.84683e-06,1.2760067e-09,-1.6781432e-07,-5.828203e-06,1.8138728e-05
7.049999999999894,-3.7307647e-05,-4.84683e-06,1.2760067e-09,-1.6781432e-07,-5.828203e-06,1.8138728e-05
7.059999999999894,-3.7307647e-05,-4.84683e-06,1.2760066e-09,-1.6781433e-07,-5.828203e-06,1.8138728e-05
7.069999999999894,-3.7307647e-05,-4.84683e-06,1.2760067e-09,-1.6781432e-07,-5.828203e-06,1.8138728e-05
7.0799999999998935,-3.7307647e-05,-4.84683e-06,1.2760069e-09,-1.6781432e-07,-5.828203e-06,1.8138728e-05
7.089999999999893,-3.7307647e-05,-4.8468296e-06,1.2760065e-09,-1.6781433e-07,-5.828203e-06,1.8138728e-05
7.099999999999893,-3.7307647e-05,-4.8468296e-06,1.2760067e-09,-1.6781432e-07,-5.828203e-06,1.8138728e-05
7.109999999999893,-3.7307647e-05,-4.84683e-06,1.2760067e-09,-1.6781432e-07,-5.828203e-06,1.8138728e-05
7.119999999999893,-3.7307647e-05,-4.84683e-06,1.2760067e-09,-1.6781432e-07,-5.828203e-06,1.8138728e-05
7.129999999999892,-3.7307647e-05,-4.84683e-06,1.2760067e-09,-1.6781432e-07,-5.828203e-06,1.8138728e-05
7.139999999999892,-3.7307647e-05,-4.8468296e-06,1.2760064e-09,-1.6781435e-07,-5.828203e-06,1.8138728e-05
7.149999999999892,-3.7307647e-05,-4.8468296e-06,1.2760065e-09,-1.6781433e-07,-5.828203e-06,1.8138728e-05
7.159999999999892,-3.7307647e-05,-4.84683e-06,1.2760066e-09,-1.6781432e-07,-5.828203e-06,1.8138728e-05
7.169999999999892,-3.7307647e-05,-4.84683e-06,1.2760065e-09,-1.6781433e-07,-5.828203e-06,1.8138728e-05
7.179999999999891,-3.7307647e-05,-4.84683e-06,1.2760066e-09,-1.6781433e-07,-5.828203e-06,1.8138728e-05
7.189999999999891,-3.7307647e-05,-4.8468296e-06,1.2760065e-09,-1.6781433e-07,-5.828203e-06,1.8138728e-05
7.199999999999891,-3.7307647e-05,-4.84683e-06,1.2760067e-09,-1.6781432e-07,-5.828203e-06,1.8138728e-05
7.209999999999891,-3.7307647e-05,-4.84683e-06,1.2760066e-09,-1.6781433e-07,-5.828203e-06,1.8138728e-05
7.2199999999998905,-3.7307647e-05,-4.84683e-06,1.2760065e-09,-1.6781433e-07,-5.828203e-06,1.8138728e-05
7.22999999999989,-3.7307647e-05,-4.84683e-06,1.2760067e-09,-1.6781432e-07,-5.828203e-06,1.8138728e-05
7.23999999999989,-3.7307647e-05,-4.84683e-06,1.2760067e-09,-1.6781432e-07,-5.828203e-06,1.8138728e-05
7.24999999999989,-3.7307647e-05,-4.84683e-06,1.2760066e-09,-1.6781432e-07,-5.828203e-06,1.8138728e-05
7.25999999999989,-3.7307647e-05,-4.8468296e-06,1.2760065e-09,-1.6781433e-07,-5.828203e-06,1.8138728e-05
7.269999999999889,-3.7307647e-05,-4.8468296e-06,1.2760065e-09,-1.6781433e-07,-5.828203e-06,1.8138728e-05
7.279999999999889,-3.7307647e-05,-4.84683e-06,1.2760065e-09,-1.6781433e-07,-5.828203e-06,1.8138728e-05
7.289999999999889,-3.7307647e-05,-4.8468296e-06,1.2760066e-09,-1.6781433e-07,-5.828203e-06,1.8138728e-05
7.299999999999889,-3.7307647e-05,-4.84683e-06,1.276007e-09,-1.678143e-07,-5.828203e-06,1.8138728e-05
7.309999999999889,-3.7307647e-05,-4.84683e-06,1.2760067e-09,-1.6781432e-07,-5.828203e-06,1.8138728e-05
7.319999999999888,-3.7307647e-05,-4.8468296e-06,1.2760064e-09,-1.6781435e-07,-5.828203e-06,1.8138728e-05
7.329999999999888,-3.7307647e-05,-4.84683e-06,1.2760069e-09,-1.6781432e-07,-5.828203e-06,1.8138728e-05
7.339999999999888,-3.7307647e-05,-4.8468296e-06,1.2760067e-09,-1.6781432e-07,-5.828203e-06,1.8138728e-05
7.349999999999888,-3.7307647e-05,-4.84683e-06,1.2760067e-09,-1.6781432e-07,-5.828203e-06,1.8138728e-05
7.3599999999998875,-3.7307647e-05,-4.84683e-06,1.276007e-09,-1.678143e-07,-5.828203e-06,1.8138728e-05
7.369999999999887,-3.7307647e-05,-4.84683e-06,1.2760067e-09,-1.6781432e-07,-5.828203e-06,1.8138728e-05
7.379999999999887,-3.7307647e-05,-4.84683e-06,1.2760066e-09,-1.6781433e-07,-5.828203e-06,1.8138728e-05
7.389999999999887,-3.7307647e-05,-4.84683e-06,1.2760066e-09,-1.6781432e-07,-5.828203e-06,1.8138728e-05
7.399999999999887,-3.7307647e-05,-4.8468296e-06,1.2760064e-09,-1.6781435e-07,-5.828203e-06,1.8138728e-05
7.4099999999998865,-3.7307647e-05,-4.84683e-06,1.2760066e-09,-1.6781433e-07,-5.828203e-06,1.8138728e-05
7.419999999999886,-3.730765e-05,-4.84683e-06,1.2760069e-09,-1.6781432e-07,-5.828203e-06,1.8138728e-05
7.429999999999886,-3.7307647e-05,-4.84683e-06,1.2760067e-09,-1.6781433e-07,-5.828203e-06,1.8138728e-05
7.439999999999886,-3.7307647e-05,-4.84683e-06,1.2760069e-09,-1.678143e-07,-5.828203e-06,1.8138728e-05
7.449999999999886,-3.7307647e-05,-4.84683e-06,1.2760069e-09,-1.678143e-07,-5.828203e-06,1.8138728e-05
7.459999999999885,-3.730765e-05,-4.84683e-06,1.276007e-09,-1.678143e-07,-5.828203e-06,1.8138728e-05
7.469999999999885,-3.7307647e-05,-4.84683e-06,1.2760066e-09,-1.6781433e-07,-5.828203e-06,1.8138728e-05
7.479999999999885,-3.7307647e-05,-4.84683e-06,1.276007e-09,-1.678143e-07,-5.828203e-06,1.8138728e-05
7.489999999999885,-3.7307647e-05,-4.84683e-06,1.2760069e-09,-1.678143e-07,-5.828203e-06,1.8138728e-05
7.4999999999998845,-3.7307647e-05,-4.8468296e-06,1.2760065e-09,-1.6781433e-07,-5.828203e-06,1.8138728e-05
7.509999999999884,-3.7307647e-05,-4.84683e-06,1.2760067e-09,-1.6781432e-07,-5.828203e-06,1.8138728e-05
7.519999999999884,-3.7307647e-05,-4.84683e-06,1.2760066e-09,-1.6781433e-07,-5.828203e-06,1.8138728e-05
7.529999999999884,-3.730765e-05,-4.84683e-06,1.2760067e-09,-1.6781433e-07,-5.828203e-06,1.8138728e-05
7.539999999999884,-3.7307647e-05,-4.84683e-06,1.2760066e-09,-1.6781433e-07,-5.828203e-06,1.8138728e-05
7.5499999999998835,-3.7307647e-05,-4.84683e-06,1.2760069e-09,-1.6781432e-07,-5.828203e-06,1.8138728e-05
7.559999999999883,-3.7307647e-05,-4.84683e-06,1.2760067e-09,-1.6781432e-07,-5.828203e-06,1.8138728e-05
7.569999999999883,-3.7307647e-05,-4.84683e-06,1.2760067e-09,-1.6781432e-07,-5.828203e-06,1.8138728e-05
7.579999999999883,-3.730765e-05,-4.84683e-06,1.2760071e-09,-1.6781429e-07,-5.828203e-06,1.8138728e-05
7.589999999999883,-3.7307647e-05,-4.84683e-06,1.2760067e-09,-1.6781432e-07,-5.828203e-06,1.8138728e-05
7.599999999999882,-3.7307647e-05,-4.8468296e-06,1.2760065e-09,-1.6781435e-07,-5.828203e-06,1.8138728e-05
7.609999999999882,-3.7307647e-05,-4.84683e-06,1.2760067e-09,-1.6781432e-07,-5.828203e-06,1.8138728e-05
7.619999999999882,-3.7307647e-05,-4.84683e-06,1.2760069e-09,-1.678143e-07,-5.828203e-06,1.8138728e-05
7.629999999999882,-3.7307647e-05,-4.84683e-06,1.2760066e-09,-1.6781433e-07,-5.828203e-06,1.8138728e-05
7.6399999999998816,-3.7307647e-05,-4.84683e-06,1.2760066e-09,-1.6781433e-07,-5.828203e-06,1.8138728e-05
7.649999999999881,-3.7307647e-05,-4.84683e-06,1.2760067e-09,-1.6781432e-07,-5.828203e-06,1.8138728e-05
7.659999999999881,-3.7307647e-05,-4.8468296e-06,1.2760066e-09,-1.6781433e-07,-5.828203e-06,1.8138728e-05
7.669999999999881,-3.7307647e-05,-4.84683e-06,1.2760067e-09,-1.6781432e-07,-5.828203e-06,1.8138728e-05
7.679999999999881,-3.7307647e-05,-4.8468296e-06,1.2760067e-09,-1.6781432e-07,-5.828203e-06,1.8138728e-05
7.6899999999998805,-3.7307647e-05,-4.8468296e-06,1.2760063e-09,-1.6781435e-07,-5.828203e-06,1.8138728e-05
7.69999999999988,-3.7307647e-05,-4.84683e-06,1.2760067e-09,-1.6781432e-07,-5.828203e-06,1.8138728e-05
7.70999999999988,-3.7307647e-05,-4.84683e-06,1.2760065e-09,-1.6781433e-07,-5.828203e-06,1.8138728e-05
7.71999999999988,-3.7307647e-05,-4.84683e-06,1.2760066e-09,-1.6781433e-07,-5.828203e-06,1.8138728e-05
7.72999999999988,-3.7307647e-05,-4.84683e-06,1.2760067e-09,-1.6781432e-07,-5.828203e-06,1.8138728e-05
7.739999999999879,-3.7307647e-05,-4.84683e-06,1.2760065e-09,-1.6781433e-07,-5.828203e-06,1.8138728e-05
7.749999999999879,-3.7307647e-05,-4.84683e-06,1.2760067e-09,-1.6781432e-07,-5.828203e-06,1.8138728e-05
7.759999999999879,-3.7307647e-05,-4.84683e-06,1.2760066e-09,-1.6781433e-07,-5.828203e-06,1.8138728e-05
7.769999999999879,-3.7307647e-05,-4.84683e-06,1.2760067e-09,-1.6781432e-07,-5.828203e-06,1.8138728e-05
7.779999999999879,-3.7307647e-05,-4.84683e-06,1.2760069e-09,-1.6781432e-07,-5.828203e-06,1.8138728e-05
7.789999999999878,-3.730765e-05,-4.84683e-06,1.2760069e-09,-1.6781432e-07,-5.828203e-06,1.8138728e-05
7.799999999999878,-3.730765e-05,-4.84683e-06,1.2760067e-09,-1.6781432e-07,-5.828203e-06,1.8138728e-05
7.809999999999878,-3.7307647e-05,-4.84683e-06,1.2760067e-09,-1.6781432e-07,-5.828203e-06,1.8138728e-05
7.819999999999878,-3.7307647e-05,-4.84683e-06,1.2760067e-09,-1.6781432e-07,-5.828203e-06,1.8138728e-05
7.8299999999998775,-3.7307647e-05,-4.84683e-06,1.2760069e-09,-1.678143e-07,-5.828203e-06,1.8138728e-05
7.839999999999877,-3.7307647e-05,-4.8468296e-06,1.2760065e-09,-1.6781433e-07,-5.828203e-06,1.8138728e-05
7.849999999999877,-3.7307647e-05,-4.84683e-06,1.276007e-09,-1.678143e-07,-5.828203e-06,1.8138728e-05
7.859999999999877,-3.730765e-05,-4.84683e-06,1.276007e-09,-1.678143e-07,-5.828203e-06,1.8138728e-05
7.869999999999877,-3.7307647e-05,-4.8468296e-06,1.2760064e-09,-1.6781435e-07,-5.828203e-06,1.8138728e-05
7.879999999999876,-3.7307647e-05,-4.84683e-06,1.2760069e-09,-1.6781432e-07,-5.828203e-06,1.8138728e-05
7.889999999999876,-3.7307647e-05,-4.84683e-06,1.2760066e-09,-1.6781432e-07,-5.828203e-06,1.8138728e-05
7.899999999999876,-3.7307647e-05,-4.84683e-06,1.276007e-09,-1.678143e-07,-5.828203e-06,1.8138728e-05
7.909999999999876,-3.7307647e-05,-4.84683e-06,1.2760067e-09,-1.6781432e-07,-5.828203e-06,1.8138728e-05
7.919999999999876,-3.7307647e-05,-4.84683e-06,1.2760069e-09,-1.678143e-07,-5.828203e-06,1.8138728e-05
7.929999999999875,-3.7307647e-05,-4.84683e-06,1.2760069e-09,-1.6781432e-07,-5.828203e-06,1.8138728e-05
7.939999999999875,-3.7307647e-05,-4.84683e-06,1.2760066e-09,-1.6781433e-07,-5.828203e-06,1.8138728e-05
7.949999999999875,-3.7307647e-05,-4.84683e-06,1.2760065e-09,-1.6781433e-07,-5.828203e-06,1.8138728e-05
7.959999999999875,-3.7307647e-05,-4.84683e-06,1.2760067e-09,-1.6781432e-07,-5.828203e-06,1.8138728e-05
7.9699999999998745,-3.7307647e-05,-4.84683e-06,1.2760066e-09,-1.6781433e-07,-5.828203e-06,1.8138728e-05
7.979999999999874,-3.7307647e-05,-4.84683e-06,1.2760065e-09,-1.6781433e-07,-5.828203e-06,1.8138728e-05
7.989999999999874,-3.7307647e-05,-4.84683e-06,1.2760069e-09,-1.6781432e-07,-5.828203e-06,1.8138728e-05
7.999999999999874,-3.7307647e-05,-4.8468296e-06,1.2760065e-09,-1.6781433e-07,-5.828203e-06,1.8138728e-05
8.009999999999874,-3.7307647e-05,-4.84683e-06,1.2760069e-09,-1.678143e-07,-5.828203e-06,1.8138728e-05
8.019999999999873,-3.7307647e-05,-4.8468296e-06,1.2760066e-09,-1.6781433e-07,-5.828203e-06,1.8138728e-05
8.029999999999873,-3.7307647e-05,-4.8468296e-06,1.2760066e-09,-1.6781432e-07,-5.828203e-06,1.8138728e-05
8.039999999999873,-3.7307647e-05,-4.8468296e-06,1.2760066e-09,-1.6781433e-07,-5.828203e-06,1.8138728e-05
8.049999999999873,-3.7307647e-05,-4.84683e-06,1.2760067e-09,-1.6781432e-07,-5.828203e-06,1.8138728e-05
8.059999999999873,-3.7307647e-05,-4.84683e-06,1.2760067e-09,-1.6781432e-07,-5.828203e-06,1.8138728e-05
8.069999999999872,-3.7307647e-05,-4.84683e-06,1.2760066e-09,-1.6781433e-07,-5.828203e-06,1.8138728e-05
8.079999999999872,-3.7307647e-05,-4.84683e-06,1.2760067e-09,-1.6781432e-07,-5.828203e-06,1.8138728e-05
8.089999999999872,-3.7307647e-05,-4.8468296e-06,1.2760065e-09,-1.6781433e-07,-5.828203e-06,1.8138728e-05
8.099999999999872,-3.7307647e-05,-4.84683e-06,1.2760066e-09,-1.6781433e-07,-5.828203e-06,1.8138728e-05
8.109999999999872,-3.730765e-05,-4.84683e-06,1.2760067e-09,-1.6781432e-07,-5.828203e-06,1.8138728e-05
8.119999999999871,-3.7307647e-05,-4.8468296e-06,1.2760064e-09,-1.6781435e-07,-5.828203e-06,1.8138728e-05
8.129999999999871,-3.7307647e-05,-4.84683e-06,1.2760069e-09,-1.6781432e-07,-5.828203e-06,1.8138728e-05
8.139999999999871,-3.7307647e-05,-4.84683e-06,1.2760067e-09,-1.6781432e-07,-5.828203e-06,1.8138728e-05
8.14999999999987,-3.7307647e-05,-4.8468296e-06,1.2760066e-09,-1.6781433e-07,-5.828203e-06,1.8138728e-05
8.15999999999987,-3.7307647e-05,-4.84683e-06,1.2760066e-09,-1.6781433e-07,-5.828203e-06,1.8138728e-05
8.16999999999987,-3.7307647e-05,-4.8468296e-06,1.2760065e-09,-1.6781433e-07,-5.828203e-06,1.8138728e-05
8.17999999999987,-3.7307647e-05,-4.84683e-06,1.2760069e-09,-1.6781432e-07,-5.828203e-06,1.8138728e-05
8.18999999999987,-3.7307647e-05,-4.84683e-06,1.2760066e-09,-1.6781433e-07,-5.828203e-06,1.8138728e-05
8.19999999999987,-3.7307647e-05,-4.84683e-06,1.2760065e-09,-1.6781433e-07,-5.828203e-06,1.8138728e-05
8.20999999999987,-3.7307647e-05,-4.8468296e-06,1.2760066e-09,-1.6781433e-07,-5.828203e-06,1.8138728e-05
8.21999999999987,-3.7307647e-05,-4.84683e-06,1.2760066e-09,-1.6781433e-07,-5.828203e-06,1.8138728e-05
8.229999999999869,-3.730765e-05,-4.84683e-06,1.2760067e-09,-1.6781432e-07,-5.828203e-06,1.8138728e-05
8.239999999999869,-3.7307647e-05,-4.84683e-06,1.2760069e-09,-1.678143e-07,-5.828203e-06,1.8138728e-05
8.249999999999869,-3.7307647e-05,-4.84683e-06,1.2760066e-09,-1.6781433e-07,-5.828203e-06,1.8138728e-05
8.259999999999868,-3.7307647e-05,-4.84683e-06,1.2760066e-09,-1.6781433e-07,-5.828203e-06,1.8138728e-05
8.269999999999868,-3.7307647e-05,-4.8468296e-06,1.2760066e-09,-1.6781433e-07,-5.828203e-06,1.8138728e-05
8.279999999999868,-3.7307647e-05,-4.84683e-06,1.2760066e-09,-1.6781433e-07,-5.828203e-06,1.8138728e-05
8.289999999999868,-3.7307647e-05,-4.84683e-06,1.2760066e-09,-1.6781432e-07,-5.828203e-06,1.8138728e-05
8.299999999999867,-3.7307647e-05,-4.84683e-06,1.2760066e-09,-1.6781433e-07,-5.828203e-06,1.8138728e-05
8.309999999999867,-3.7307647e-05,-4.84683e-06,1.2760069e-09,-1.6781432e-07,-5.828203e-06,1.8138728e-05
8.319999999999867,-3.7307647e-05,-4.84683e-06,1.2760067e-09,-1.6781432e-07,-5.828203e-06,1.8138728e-05
8.329999999999867,-3.7307647e-05,-4.84683e-06,1.2760067e-09,-1.6781432e-07,-5.828203e-06,1.8138728e-05
8.339999999999867,-3.7307647e-05,-4.84683e-06,1.2760069e-09,-1.6781432e-07,-5.828203e-06,1.8138728e-05
8.349999999999866,-3.7307647e-05,-4.84683e-06,1.2760066e-09,-1.6781433e-07,-5.828203e-06,1.8138728e-05
8.359999999999866,-3.7307647e-05,-4.84683e-06,1.276007e-09,-1.678143e-07,-5.828203e-06,1.8138728e-05
8.369999999999866,-3.7307647e-05,-4.84683e-06,1.2760066e-09,-1.6781433e-07,-5.828203e-06,1.8138728e-05
8.379999999999866,-3.7307647e-05,-4.84683e-06,1.2760067e-09,-1.6781432e-07,-5.828203e-06,1.8138728e-05
8.389999999999866,-3.7307647e-05,-4.84683e-06,1.2760069e-09,-1.6781432e-07,-5.828203e-06,1.8138728e-05
8.399999999999865,-3.7307647e-05,-4.84683e-06,1.2760069e-09,-1.6781432e-07,-5.828203e-06,1.8138728e-05
8.409999999999865,-3.7307647e-05,-4.84683e-06,1.2760065e-09,-1.6781433e-07,-5.828203e-06,1.8138728e-05
8.419999999999865,-3.7307647e-05,-4.84683e-06,1.2760067e-09,-1.6781432e-07,-5.828203e-06,1.8138728e-05
8.429999999999865,-3.7307647e-05,-4.84683e-06,1.2760069e-09,-1.6781432e-07,-5.828203e-06,1.8138728e-05
8.439999999999864,-3.7307647e-05,-4.84683e-06,1.2760066e-09,-1.6781433e-07,-5.828203e-06,1.8138728e-05
8.449999999999864,-3.7307647e-05,-4.8468296e-06,1.2760065e-09,-1.6781433e-07,-5.828203e-06,1.8138728e-05
8.459999999999864,-3.7307647e-05,-4.84683e-06,1.2760067e-09,-1.6781432e-07,-5.828203e-06,1.8138728e-05
8.469999999999864,-3.7307647e-05,-4.84683e-06,1.2760069e-09,-1.678143e-07,-5.828203e-06,1.8138728e-05
8.479999999999864,-3.7307647e-05,-4.84683e-06,1.2760064e-09,-1.6781435e-07,-5.828203e-06,1.8138728e-05
8.489999999999863,-3.7307647e-05,-4.84683e-06,1.2760066e-09,-1.6781433e-07,-5.828203e-06,1.8138728e-05
8.499999999999863,-3.730765e-05,-4.84683e-06,1.2760069e-09,-1.6781432e-07,-5.828203e-06,1.8138728e-05
8.509999999999863,-3.7307647e-05,-4.84683e-06,1.2760065e-09,-1.6781433e-07,-5.828203e-06,1.8138728e-05
8.519999999999863,-3.730765e-05,-4.84683e-06,1.2760072e-09,-1.6781429e-07,-5.828203e-06,1.8138728e-05
8.529999999999863,-3.7307647e-05,-4.84683e-06,1.2760067e-09,-1.6781432e-07,-5.828203e-06,1.8138728e-05
8.539999999999862,-3.730765e-05,-4.84683e-06,1.2760067e-09,-1.6781432e-07,-5.828203e-06,1.8138728e-05
8.549999999999862,-3.730765e-05,-4.84683e-06,1.2760067e-09,-1.6781432e-07,-5.828203e-06,1.8138728e-05
8.559999999999862,-3.7307647e-05,-4.84683e-06,1.2760066e-09,-1.6781433e-07,-5.828203e-06,1.8138728e-05
8.569999999999862,-3.7307647e-05,-4.84683e-06,1.2760067e-09,-1.6781432e-07,-5.828203e-06,1.8138728e-05
8.579999999999862,-3.7307647e-05,-4.8468296e-06,1.2760065e-09,-1.6781433e-07,-5.828203e-06,1.8138728e-05
8.589999999999861,-3.7307647e-05,-4.84683e-06,1.2760069e-09,-1.6781432e-07,-5.828203e-06,1.8138728e-05
8.599999999999861,-3.7307647e-05,-4.84683e-06,1.2760066e-09,-1.6781433e-07,-5.828203e-06,1.8138728e-05
8.60999999999986,-3.7307647e-05,-4.8468296e-06,1.2760065e-09,-1.6781433e-07,-5.828203e-06,1.8138728e-05
8.61999999999986,-3.7307647e-05,-4.8468296e-06,1.2760065e-09,-1.6781435e-07,-5.828203e-06,1.8138728e-05
8.62999999999986,-3.7307647e-05,-4.84683e-06,1.2760065e-09,-1.6781433e-07,-5.828203e-06,1.8138728e-05
8.63999999999986,-3.730765e-05,-4.84683e-06,1.2760067e-09,-1.6781432e-07,-5.828203e-06,1.8138728e-05
8.64999999999986,-3.7307647e-05,-4.84683e-06,1.2760067e-09,-1.6781432e-07,-5.828203e-06,1.8138728e-05
8.65999999999986,-3.730765e-05,-4.84683e-06,1.2760066e-09,-1.6781433e-07,-5.828203e-06,1.8138728e-05
8.66999999999986,-3.7307647e-05,-4.84683e-06,1.2760067e-09,-1.6781432e-07,-5.828203e-06,1.8138728e-05
8.67999999999986,-3.7307647e-05,-4.84683e-06,1.2760069e-09,-1.6781432e-07,-5.828203e-06,1.8138728e-05
8.68999999999986,-3.7307647e-05,-4.84683e-06,1.2760067e-09,-1.6781432e-07,-5.828203e-06,1.8138728e-05
8.699999999999859,-3.7307647e-05,-4.84683e-06,1.2760067e-09,-1.6781432e-07,-5.828203e-06,1.8138728e-05
8.709999999999859,-3.7307647e-05,-4.84683e-06,1.2760067e-09,-1.6781432e-07,-5.828203e-06,1.8138728e-05
8.719999999999859,-3.7307647e-05,-4.84683e-06,1.2760066e-09,-1.6781433e-07,-5.828203e-06,1.8138728e-05
8.729999999999858,-3.7307647e-05,-4.84683e-06,1.2760069e-09,-1.6781432e-07,-5.828203e-06,1.8138728e-05
8.739999999999858,-3.7307647e-05,-4.84683e-06,1.2760069e-09,-1.6781432e-07,-5.828203e-06,1.8138728e-05
8.749999999999858,-3.7307647e-05,-4.8468296e-06,1.2760066e-09,-1.6781433e-07,-5.828203e-06,1.8138728e-05
8.759999999999858,-3.7307647e-05,-4.84683e-06,1.2760069e-09,-1.6781432e-07,-5.828203e-06,1.8138728e-05
8.769999999999857,-3.7307647e-05,-4.84683e-06,1.2760067e-09,-1.6781432e-07,-5.828203e-06,1.8138728e-05
8.779999999999857,-3.7307647e-05,-4.84683e-06,1.2760069e-09,-1.6781432e-07,-5.828203e-06,1.8138728e-05
8.789999999999857,-3.7307647e-05,-4.84683e-06,1.2760066e-09,-1.6781433e-07,-5.828203e-06,1.8138728e-05
8.799999999999857,-3.7307647e-05,-4.84683e-06,1.276007e-09,-1.678143e-07,-5.828203e-06,1.8138728e-05
8.809999999999857,-3.730765e-05,-4.84683e-06,1.276007e-09,-1.678143e-07,-5.828203e-06,1.8138728e-05
8.819999999999856,-3.7307647e-05,-4.84683e-06,1.2760069e-09,-1.678143e-07,-5.828203e-06,1.8138728e-05
8.829999999999856,-3.7307647e-05,-4.8468296e-06,1.2760066e-09,-1.6781433e-07,-5.828203e-06,1.8138728e-05
8.839999999999856,-3.7307647e-05,-4.8468296e-06,1.2760066e-09,-1.6781433e-07,-5.828203e-06,1.8138728e-05
8.849999999999856,-3.7307647e-05,-4.84683e-06,1.2760065e-09,-1.6781433e-07,-5.828203e-06,1.8138728e-05
8.859999999999856,-3.7307647e-05,-4.8468296e-06,1.2760065e-09,-1.6781433e-07,-5.828203e-06,1.8138728e-05
8.869999999999855,-3.7307647e-05,-4.84683e-06,1.2760069e-09,-1.678143e-07,-5.828203e-06,1.8138728e-05
8.879999999999855,-3.7307647e-05,-4.84683e-06,1.2760067e-09,-1.6781432e-07,-5.828203e-06,1.8138728e-05
8.889999999999855,-3.7307647e-05,-4.84683e-06,1.2760067e-09,-1.6781433e-07,-5.828203e-06,1.8138728e-05
8.899999999999855,-3.7307647e-05,-4.8468296e-06,1.2760065e-09,-1.6781433e-07,-5.828203e-06,1.8138728e-05
8.909999999999854,-3.7307647e-05,-4.84683e-06,1.2760067e-09,-1.6781432e-07,-5.828203e-06,1.8138728e-05
8.919999999999854,-3.7307647e-05,-4.84683e-06,1.2760067e-09,-1.6781432e-07,-5.828203e-06,1.8138728e-05
8.929999999999854,-3.7307647e-05,-4.8468296e-06,1.2760065e-09,-1.6781433e-07,-5.828203e-06,1.8138728e-05
8.939999999999854,-3.730765e-05,-4.84683e-06,1.2760067e-09,-1.6781432e-07,-5.828203e-06,1.8138728e-05
8.949999999999854,-3.7307647e-05,-4.8468296e-06,1.2760066e-09,-1.6781433e-07,-5.828203e-06,1.8138728e-05
8.959999999999853,-3.7307647e-05,-4.84683e-06,1.2760069e-09,-1.678143e-07,-5.828203e-06,1.8138728e-05
8.969999999999853,-3.7307647e-05,-4.84683e-06,1.2760067e-09,-1.6781432e-07,-5.828203e-06,1.8138728e-05
8.979999999999853,-3.7307647e-05,-4.8468296e-06,1.2760066e-09,-1.6781433e-07,-5.828203e-06,1.8138728e-05
8.989999999999853,-3.7307647e-05,-4.84683e-06,1.2760066e-09,-1.6781433e-07,-5.828203e-06,1.8138728e-05
8.999999999999853,-3.730765e-05,-4.84683e-06,1.2760066e-09,-1.6781433e-07,-5.828203e-06,1.8138728e-05
9.009999999999852,-3.7307647e-05,-4.84683e-06,1.276007e-09,-1.678143e-07,-5.828203e-06,1.8138728e-05
9.019999999999852,-3.7307647e-05,-4.84683e-06,1.2760065e-09,-1.6781435e-07,-5.828203e-06,1.8138728e-05
9.029999999999852,-3.7307647e-05,-4.8468296e-06,1.2760064e-09,-1.6781435e-07,-5.828203e-06,1.8138728e-05
9.039999999999852,-3.730765e-05,-4.84683e-06,1.2760067e-09,-1.6781432e-07,-5.828203e-06,1.8138728e-05
9.049999999999851,-3.7307647e-05,-4.84683e-06,1.2760069e-09,-1.678143e-07,-5.828203e-06,1.8138728e-05
9.059999999999851,-3.7307647e-05,-4.8468296e-06,1.2760063e-09,-1.6781435e-07,-5.828203e-06,1.8138728e-05
9.069999999999851,-3.7307647e-05,-4.8468296e-06,1.2760067e-09,-1.6781432e-07,-5.828203e-06,1.8138728e-05
9.07999999999985,-3.730765e-05,-4.84683e-06,1.276007e-09,-1.678143e-07,-5.828203e-06,1.8138728e-05
9.08999999999985,-3.7307647e-05,-4.84683e-06,1.2760066e-09,-1.6781433e-07,-5.828203e-06,1.8138728e-05
9.09999999999985,-3.730765e-05,-4.84683e-06,1.2760069e-09,-1.6781432e-07,-5.828203e-06,1.8138728e-05
9.10999999999985,-3.730765e-05,-4.84683e-06,1.2760069e-09,-1.6781432e-07,-5.828203e-06,1.8138728e-05
9.11999999999985,-3.7307647e-05,-4.84683e-06,1.2760067e-09,-1.6781432e-07,-5.828203e-06,1.8138728e-05
9.12999999999985,-3.7307647e-05,-4.84683e-06,1.2760067e-09,-1.6781432e-07,-5.828203e-06,1.8138728e-05
9.13999999999985,-3.7307647e-05,-4.84683e-06,1.2760067e-09,-1.6781432e-07,-5.828203e-06,1.8138728e-05
9.14999999999985,-3.730765e-05,-4.84683e-06,1.276007e-09,-1.678143e-07,-5.828203e-06,1.8138728e-05
9.15999999999985,-3.730765e-05,-4.84683e-06,1.2760066e-09,-1.6781433e-07,-5.828203e-06,1.8138728e-05
9.169999999999849,-3.7307647e-05,-4.8468296e-06,1.2760063e-09,-1.6781435e-07,-5.828203e-06,1.8138728e-05
9.179999999999849,-3.730765e-05,-4.84683e-06,1.276007e-09,-1.678143e-07,-5.828203e-06,1.8138728e-05
9.189999999999849,-3.7307647e-05,-4.84683e-06,1.2760067e-09,-1.6781432e-07,-5.828203e-06,1.8138728e-05
9.199999999999848,-3.7307647e-05,-4.84683e-06,1.2760066e-09,-1.6781433e-07,-5.828203e-06,1.8138728e-05
9.209999999999848,-3.7307647e-05,-4.84683e-06,1.276007e-09,-1.678143e-07,-5.828203e-06,1.8138728e-05
9.219999999999848,-3.7307647e-05,-4.8468296e-06,1.2760065e-09,-1.6781435e-07,-5.828203e-06,1.8138728e-05
9.229999999999848,-3.7307647e-05,-4.84683e-06,1.2760067e-09,-1.6781432e-07,-5.828203e-06,1.8138728e-05
9.239999999999847,-3.7307647e-05,-4.84683e-06,1.2760072e-09,-1.6781429e-07,-5.828203e-06,1.8138728e-05
9.249999999999847,-3.730765e-05,-4.84683e-06,1.2760067e-09,-1.6781432e-07,-5.828203e-06,1.8138728e-05
9.259999999999847,-3.730765e-05,-4.84683e-06,1.2760069e-09,-1.6781432e-07,-5.828203e-06,1.8138728e-05
9.269999999999847,-3.730765e-05,-4.84683e-06,1.276007e-09,-1.678143e-07,-5.828203e-06,1.8138728e-05
9.279999999999847,-3.7307647e-05,-4.8468296e-06,1.2760065e-09,-1.6781435e-07,-5.828203e-06,1.8138728e-05
9.289999999999846,-3.7307647e-05,-4.84683e-06,1.2760071e-09,-1.678143e-07,-5.828203e-06,1.8138728e-05
9.299999999999846,-3.7307647e-05,-4.84683e-06,1.2760069e-09,-1.678143e-07,-5.828203e-06,1.8138728e-05
9.309999999999846,-3.7307647e-05,-4.8468296e-06,1.2760064e-09,-1.6781435e-07,-5.828203e-06,1.8138728e-05
9.319999999999846,-3.7307647e-05,-4.84683e-06,1.2760069e-09,-1.6781432e-07,-5.828203e-06,1.8138728e-05
9.329999999999846,-3.7307647e-05,-4.84683e-06,1.2760067e-09,-1.6781432e-07,-5.828203e-06,1.8138728e-05
9.339999999999845,-3.730765e-05,-4.84683e-06,1.2760067e-09,-1.6781432e-07,-5.828203e-06,1.8138728e-05
9.349999999999845,-3.7307647e-05,-4.84683e-06,1.2760066e-09,-1.6781433e-07,-5.828203e-06,1.8138728e-05
9.359999999999845,-3.7307647e-05,-4.84683e-06,1.2760067e-09,-1.6781432e-07,-5.828203e-06,1.8138728e-05
9.369999999999845,-3.730765e-05,-4.84683e-06,1.2760065e-09,-1.6781433e-07,-5.828203e-06,1.8138728e-05
9.379999999999844,-3.7307647e-05,-4.84683e-06,1.2760066e-09,-1.6781433e-07,-5.828203e-06,1.8138728e-05
9.389999999999844,-3.7307647e-05,-4.84683e-06,1.2760067e-09,-1.6781432e-07,-5.828203e-06,1.8138728e-05
9.399999999999844,-3.730765e-05,-4.84683e-06,1.2760065e-09,-1.6781433e-07,-5.828203e-06,1.8138728e-05
9.409999999999844,-3.730765e-05,-4.84683e-06,1.2760065e-09,-1.6781433e-07,-5.828203e-06,1.8138728e-05
9.419999999999844,-3.7307647e-05,-4.84683e-06,1.2760067e-09,-1.6781432e-07,-5.828203e-06,1.8138728e-05
9.429999999999843,-3.7307647e-05,-4.8468296e-06,1.2760066e-09,-1.6781433e-07,-5.828203e-06,1.8138728e-05
9.439999999999843,-3.7307647e-05,-4.84683e-06,1.2760067e-09,-1.6781433e-07,-5.828203e-06,1.8138728e-05
9.449999999999843,-3.7307647e-05,-4.84683e-06,1.2760066e-09,-1.6781433e-07,-5.828203e-06,1.8138728e-05
9.459999999999843,-3.7307647e-05,-4.84683e-06,1.2760069e-09,-1.6781432e-07,-5.828203e-06,1.8138728e-05
9.469999999999843,-3.7307647e-05,-4.84683e-06,1.2760069e-09,-1.6781432e-07,-5.828203e-06,1.8138728e-05
9.479999999999842,-3.7307647e-05,-4.84683e-06,1.2760072e-09,-1.6781429e-07,-5.828203e-06,1.8138728e-05
9.489999999999842,-3.7307647e-05,-4.84683e-06,1.2760067e-09,-1.6781432e-07,-5.828203e-06,1.8138728e-05
9.499999999999842,-3.7307647e-05,-4.84683e-06,1.2760066e-09,-1.6781433e-07,-5.828203e-06,1.8138728e-05
9.509999999999842,-3.7307647e-05,-4.84683e-06,1.2760066e-09,-1.6781433e-07,-5.828203e-06,1.8138728e-05
9.519999999999841,-3.7307647e-05,-4.84683e-06,1.2760066e-09,-1.6781433e-07,-5.828203e-06,1.8138728e-05
9.529999999999841,-3.730765e-05,-4.84683e-06,1.276007e-09,-1.678143e-07,-5.828203e-06,1.8138728e-05
9.539999999999841,-3.7307647e-05,-4.84683e-06,1.2760069e-09,-1.6781432e-07,-5.828203e-06,1.8138728e-05
9.54999999999984,-3.7307647e-05,-4.84683e-06,1.2760067e-09,-1.6781432e-07,-5.828203e-06,1.8138728e-05
9.55999999999984,-3.7307647e-05,-4.8468296e-06,1.2760066e-09,-1.6781433e-07,-5.828203e-06,1.8138728e-05
9.56999999999984,-3.7307647e-05,-4.8468296e-06,1.2760065e-09,-1.6781433e-07,-5.828203e-06,1.8138728e-05
9.57999999999984,-3.730765e-05,-4.84683e-06,1.2760066e-09,-1.6781433e-07,-5.828203e-06,1.8138728e-05
9.58999999999984,-3.730765e-05,-4.84683e-06,1.2760067e-09,-1.6781432e-07,-5.828203e-06,1.8138728e-05
9.59999999999984,-3.7307647e-05,-4.84683e-06,1.2760069e-09,-1.678143e-07,-5.828203e-06,1.8138728e-05
9.60999999999984,-3.730765e-05,-4.84683e-06,1.276007e-09,-1.678143e-07,-5.828203e-06,1.8138728e-05
9.61999999999984,-3.730765e-05,-4.84683e-06,1.2760067e-09,-1.6781432e-07,-5.828203e-06,1.8138728e-05
9.62999999999984,-3.7307647e-05,-4.84683e-06,1.276007e-09,-1.678143e-07,-5.828203e-06,1.8138728e-05
9.639999999999839,-3.7307647e-05,-4.84683e-06,1.2760067e-09,-1.6781432e-07,-5.828203e-06,1.8138728e-05
9.649999999999839,-3.7307647e-05,-4.84683e-06,1.2760069e-09,-1.678143e-07,-5.828203e-06,1.8138728e-05
9.659999999999838,-3.730765e-05,-4.84683e-06,1.2760065e-09,-1.6781433e-07,-5.828203e-06,1.8138728e-05
9.669999999999838,-3.7307647e-05,-4.8468296e-06,1.2760065e-09,-1.6781433e-07,-5.828203e-06,1.8138728e-05
9.679999999999838,-3.7307647e-05,-4.84683e-06,1.2760069e-09,-1.6781432e-07,-5.828203e-06,1.8138728e-05
9.689999999999838,-3.730765e-05,-4.84683e-06,1.2760069e-09,-1.6781432e-07,-5.828203e-06,1.8138728e-05
9.699999999999838,-3.7307647e-05,-4.84683e-06,1.2760066e-09,-1.6781433e-07,-5.828203e-06,1.8138728e-05
9.709999999999837,-3.7307647e-05,-4.84683e-06,1.2760069e-09,-1.6781432e-07,-5.828203e-06,1.8138728e-05
9.719999999999837,-3.7307647e-05,-4.8468296e-06,1.2760065e-09,-1.6781433e-07,-5.828203e-06,1.8138728e-05
9.729999999999837,-3.730765e-05,-4.84683e-06,1.2760065e-09,-1.6781433e-07,-5.828203e-06,1.8138728e-05
9.739999999999837,-3.730765e-05,-4.84683e-06,1.2760066e-09,-1.6781433e-07,-5.828203e-06,1.8138728e-05
9.749999999999837,-3.7307647e-05,-4.84683e-06,1.2760067e-09,-1.6781432e-07,-5.828203e-06,1.8138728e-05
9.759999999999836,-3.730765e-05,-4.84683e-06,1.276007e-09,-1.678143e-07,-5.828203e-06,1.8138728e-05
9.769999999999836,-3.730765e-05,-4.84683e-06,1.2760067e-09,-1.6781432e-07,-5.828203e-06,1.8138728e-05
9.779999999999836,-3.7307647e-05,-4.84683e-06,1.2760067e-09,-1.6781432e-07,-5.828203e-06,1.8138728e-05
9.789999999999836,-3.7307647e-05,-4.84683e-06,1.2760067e-09,-1.6781432e-07,-5.828203e-06,1.8138728e-05
9.799999999999836,-3.730765e-05,-4.84683e-06,1.276007e-09,-1.678143e-07,-5.828203e-06,1.8138728e-05
9.809999999999835,-3.730765e-05,-4.84683e-06,1.2760067e-09,-1.6781432e-07,-5.828203e-06,1.8138728e-05
9.819999999999835,-3.7307647e-05,-4.84683e-06,1.2760066e-09,-1.6781433e-07,-5.828203e-06,1.8138728e-05
9.829999999999835,-3.7307647e-05,-4.8468296e-06,1.2760063e-09,-1.6781435e-07,-5.828203e-06,1.8138728e-05
9.839999999999835,-3.7307647e-05,-4.84683e-06,1.2760066e-09,-1.6781433e-07,-5.828203e-06,1.8138728e-05
9.849999999999834,-3.730765e-05,-4.84683e-06,1.2760069e-09,-1.6781432e-07,-5.828203e-06,1.8138728e-05
9.859999999999834,-3.7307647e-05,-4.84683e-06,1.2760066e-09,-1.6781433e-07,-5.828203e-06,1.8138728e-05
9.869999999999834,-3.7307647e-05,-4.84683e-06,1.2760067e-09,-1.6781432e-07,-5.828203e-06,1.8138728e-05
9.879999999999834,-3.7307647e-05,-4.8468296e-06,1.2760063e-09,-1.6781435e-07,-5.828203e-06,1.8138728e-05
9.889999999999834,-3.7307647e-05,-4.84683e-06,1.2760067e-09,-1.6781432e-07,-5.828203e-06,1.8138728e-05
9.899999999999833,-3.7307647e-05,-4.84683e-06,1.2760069e-09,-1.6781432e-07,-5.828203e-06,1.8138728e-05
9.909999999999833,-3.7307647e-05,-4.84683e-06,1.2760069e-09,-1.6781432e-07,-5.828203e-06,1.8138728e-05
9.919999999999833,-3.7307647e-05,-4.8468296e-06,1.2760066e-09,-1.6781433e-07,-5.828203e-06,1.8138728e-05
9.929999999999833,-3.7307647e-05,-4.8468296e-06,1.2760065e-09,-1.6781433e-07,-5.828203e-06,1.8138728e-05
9.939999999999833,-3.7307647e-05,-4.84683e-06,1.2760067e-09,-1.6781432e-07,-5.828203e-06,1.8138728e-05
9.949999999999832,-3.730765e-05,-4.84683e-06,1.2760066e-09,-1.6781433e-07,-5.828203e-06,1.8138728e-05
9.959999999999832,-3.7307647e-05,-4.84683e-06,1.2760067e-09,-1.6781432e-07,-5.828203e-06,1.8138728e-05
9.969999999999832,-3.7307647e-05,-4.84683e-06,1.276007e-09,-1.678143e-07,-5.828203e-06,1.8138728e-05
9.979999999999832,-3.730765e-05,-4.84683e-06,1.2760067e-09,-1.6781432e-07,-5.828203e-06,1.8138728e-05
9.989999999999831,-3.7307647e-05,-4.84683e-06,1.2760067e-09,-1.6781432e-07,-5.828203e-06,1.8138728e-05
9.999999999999831,-3.7307647e-05,-4.84683e-06,1.2760066e-09,-1.6781432e-07,-5.828203e-06,1.8138728e-05
10.009999999999831,-3.7307647e-05,-4.84683e-06,1.2760066e-09,-1.6781433e-07,-5.828203e-06,1.8138728e-05
10.01999999999983,-3.7307647e-05,-4.84683e-06,1.2760067e-09,-1.6781432e-07,-5.828203e-06,1.8138728e-05
10.02999999999983,-3.7307647e-05,-4.8468296e-06,1.2760063e-09,-1.6781435e-07,-5.828203e-06,1.8138728e-05
10.03999999999983,-3.7307647e-05,-4.84683e-06,1.2760066e-09,-1.6781433e-07,-5.828203e-06,1.8138728e-05
10.04999999999983,-3.7307647e-05,-4.8468296e-06,1.2760064e-09,-1.6781435e-07,-5.828203e-06,1.8138728e-05
10.05999999999983,-3.7307647e-05,-4.84683e-06,1.2760069e-09,-1.678143e-07,-5.828203e-06,1.8138728e-05
10.06999999999983,-3.7307647e-05,-4.84683e-06,1.2760065e-09,-1.6781435e-07,-5.828203e-06,1.8138728e-05
10.07999999999983,-3.7307647e-05,-4.8468296e-06,1.2760065e-09,-1.6781435e-07,-5.828203e-06,1.8138728e-05
10.08999999999983,-3.730765e-05,-4.84683e-06,1.2760065e-09,-1.6781433e-07,-5.828203e-06,1.8138728e-05
10.09999999999983,-3.7307647e-05,-4.84683e-06,1.2760069e-09,-1.6781432e-07,-5.828203e-06,1.8138728e-05
10.109999999999829,-3.730765e-05,-4.84683e-06,1.2760067e-09,-1.6781432e-07,-5.828203e-06,1.8138728e-05
10.119999999999829,-3.7307647e-05,-4.84683e-06,1.2760067e-09,-1.6781432e-07,-5.828203e-06,1.8138728e-05
10.129999999999828,-3.7307647e-05,-4.84683e-06,1.2760066e-09,-1.6781433e-07,-5.828203e-06,1.8138728e-05
10.139999999999828,-3.7307647e-05,-4.84683e-06,1.2760067e-09,-1.6781432e-07,-5.828203e-06,1.8138728e-05
10.149999999999828,-3.7307647e-05,-4.8468296e-06,1.2760064e-09,-1.6781435e-07,-5.828203e-06,1.8138728e-05
10.159999999999828,-3.7307647e-05,-4.84683e-06,1.276007e-09,-1.678143e-07,-5.828203e-06,1.8138728e-05
10.169999999999828,-3.7307647e-05,-4.8468296e-06,1.2760066e-09,-1.6781433e-07,-5.828203e-06,1.8138728e-05
10.179999999999827,-3.730765e-05,-4.84683e-06,1.276007e-09,-1.678143e-07,-5.828203e-06,1.8138728e-05
10.189999999999827,-3.7307647e-05,-4.84683e-06,1.2760069e-09,-1.6781432e-07,-5.828203e-06,1.8138728e-05
10.199999999999827,-3.7307647e-05,-4.84683e-06,1.2760065e-09,-1.6781433e-07,-5.828203e-06,1.8138728e-05
10.209999999999827,-3.7307647e-05,-4.8468296e-06,1.2760066e-09,-1.6781432e-07,-5.828203e-06,1.8138728e-05
10.219999999999827,-3.730765e-05,-4.84683e-06,1.2760066e-09,-1.6781433e-07,-5.828203e-06,1.8138728e-05
10.229999999999826,-3.730765e-05,-4.84683e-06,1.276007e-09,-1.678143e-07,-5.828203e-06,1.8138728e-05
10.239999999999826,-3.7307647e-05,-4.8468296e-06,1.2760065e-09,-1.6781433e-07,-5.828203e-06,1.8138728e-05
10.249999999999826,-3.7307647e-05,-4.84683e-06,1.2760067e-09,-1.6781432e-07,-5.828203e-06,1.8138728e-05
10.259999999999826,-3.7307647e-05,-4.84683e-06,1.2760069e-09,-1.6781432e-07,-5.828203e-06,1.8138728e-05
10.269999999999825,-3.730765e-05,-4.84683e-06,1.2760067e-09,-1.6781432e-07,-5.828203e-06,1.8138728e-05
10.279999999999825,-3.7307647e-05,-4.84683e-06,1.2760066e-09,-1.6781433e-07,-5.828203e-06,1.8138728e-05
10.289999999999825,-3.7307647e-05,-4.8468296e-06,1.2760065e-09,-1.6781433e-07,-5.828203e-06,1.8138728e-05
10.299999999999825,-3.7307647e-05,-4.84683e-06,1.2760067e-09,-1.6781432e-07,-5.828203e-06,1.8138728e-05
10.309999999999825,-3.730765e-05,-4.84683e-06,1.2760067e-09,-1.6781432e-07,-5.828203e-06,1.8138728e-05
10.319999999999824,-3.730765e-05,-4.84683e-06,1.2760066e-09,-1.6781433e-07,-5.828203e-06,1.8138728e-05
10.329999999999824,-3.7307647e-05,-4.84683e-06,1.2760066e-09,-1.6781433e-07,-5.828203e-06,1.8138728e-05
10.339999999999824,-3.7307647e-05,-4.8468296e-06,1.2760063e-09,-1.6781435e-07,-5.828203e-06,1.8138728e-05
10.349999999999824,-3.7307647e-05,-4.8468296e-06,1.2760065e-09,-1.6781433e-07,-5.828203e-06,1.8138728e-05
10.359999999999824,-3.7307647e-05,-4.84683e-06,1.2760066e-09,-1.6781433e-07,-5.828203e-06,1.8138728e-05
10.369999999999823,-3.7307647e-05,-4.8468296e-06,1.2760065e-09,-1.6781433e-07,-5.828203e-06,1.8138728e-05
10.379999999999823,-3.7307647e-05,-4.84683e-06,1.2760069e-09,-1.6781432e-07,-5.828203e-06,1.8138728e-05
10.389999999999823,-3.7307647e-05,-4.84683e-06,1.2760065e-09,-1.6781433e-07,-5.828203e-06,1.8138728e-05
10.399999999999823,-3.7307647e-05,-4.8468296e-06,1.2760066e-09,-1.6781433e-07,-5.828203e-06,1.8138728e-05
10.409999999999823,-3.7307647e-05,-4.84683e-06,1.2760069e-09,-1.6781432e-07,-5.828203e-06,1.8138728e-05
10.419999999999822,-3.7307647e-05,-4.84683e-06,1.2760071e-09,-1.678143e-07,-5.828203e-06,1.8138728e-05
10.429999999999822,-3.7307647e-05,-4.84683e-06,1.2760069e-09,-1.6781432e-07,-5.828203e-06,1.8138728e-05
10.439999999999822,-3.7307647e-05,-4.84683e-06,1.2760067e-09,-1.6781432e-07,-5.828203e-06,1.8138728e-05
10.449999999999822,-3.7307647e-05,-4.84683e-06,1.2760066e-09,-1.6781433e-07,-5.828203e-06,1.8138728e-05
10.459999999999821,-3.7307647e-05,-4.84683e-06,1.2760066e-09,-1.6781432e-07,-5.828203e-06,1.8138728e-05
10.469999999999821,-3.7307647e-05,-4.84683e-06,1.2760066e-09,-1.6781433e-07,-5.828203e-06,1.8138728e-05
10.479999999999821,-3.7307647e-05,-4.84683e-06,1.2760069e-09,-1.678143e-07,-5.828203e-06,1.8138728e-05
10.48999999999982,-3.7307647e-05,-4.8468296e-06,1.2760069e-09,-1.678143e-07,-5.828203e-06,1.8138728e-05
10.49999999999982,-3.7307647e-05,-4.84683e-06,1.276007e-09,-1.678143e-07,-5.828203e-06,1.8138728e-05
10.50999999999982,-3.7307647e-05,-4.84683e-06,1.2760069e-09,-1.6781432e-07,-5.828203e-06,1.8138728e-05
10.51999999999982,-3.7307647e-05,-4.84683e-06,1.2760065e-09,-1.6781433e-07,-5.828203e-06,1.8138728e-05
10.52999999999982,-3.7307647e-05,-4.84683e-06,1.2760066e-09,-1.6781432e-07,-5.828203e-06,1.8138728e-05
10.53999999999982,-3.7307647e-05,-4.84683e-06,1.2760069e-09,-1.6781432e-07,-5.828203e-06,1.8138728e-05
10.54999999999982,-3.7307647e-05,-4.84683e-06,1.2760066e-09,-1.6781433e-07,-5.828203e-06,1.8138728e-05
10.55999999999982,-3.7307647e-05,-4.84683e-06,1.2760067e-09,-1.6781432e-07,-5.828203e-06,1.8138728e-05
10.569999999999819,-3.730765e-05,-4.84683e-06,1.2760066e-09,-1.6781432e-07,-5.828203e-06,1.8138728e-05
10.579999999999819,-3.730765e-05,-4.84683e-06,1.2760069e-09,-1.6781432e-07,-5.828203e-06,1.8138728e-05
10.589999999999819,-3.7307647e-05,-4.84683e-06,1.2760066e-09,-1.6781433e-07,-5.828203e-06,1.8138728e-05
10.599999999999818,-3.7307647e-05,-4.84683e-06,1.2760067e-09,-1.6781432e-07,-5.828203e-06,1.8138728e-05
10.609999999999818,-3.730765e-05,-4.84683e-06,1.2760069e-09,-1.6781432e-07,-5.828203e-06,1.8138728e-05
10.619999999999818,-3.7307647e-05,-4.8468296e-06,1.2760065e-09,-1.6781433e-07,-5.828203e-06,1.8138728e-05
10.629999999999818,-3.730765e-05,-4.84683e-06,1.276007e-09,-1.678143e-07,-5.828203e-06,1.8138728e-05
10.639999999999818,-3.7307647e-05,-4.84683e-06,1.2760069e-09,-1.6781432e-07,-5.828203e-06,1.8138728e-05
10.649999999999817,-3.7307647e-05,-4.8468296e-06,1.2760065e-09,-1.6781433e-07,-5.828203e-06,1.8138728e-05
10.659999999999817,-3.7307647e-05,-4.8468296e-06,1.2760063e-09,-1.6781436e-07,-5.828203e-06,1.8138728e-05
10.669999999999817,-3.7307647e-05,-4.84683e-06,1.2760069e-09,-1.678143e-07,-5.828203e-06,1.8138728e-05
10.679999999999817,-3.7307647e-05,-4.84683e-06,1.2760066e-09,-1.6781433e-07,-5.828203e-06,1.8138728e-05
10.689999999999817,-3.7307647e-05,-4.84683e-06,1.2760065e-09,-1.6781435e-07,-5.828203e-06,1.8138728e-05
10.699999999999816,-3.7307647e-05,-4.8468296e-06,1.2760066e-09,-1.6781433e-07,-5.828203e-06,1.8138728e-05
10.709999999999816,-3.7307647e-05,-4.84683e-06,1.2760066e-09,-1.6781433e-07,-5.828203e-06,1.8138728e-05
10.719999999999816,-3.7307647e-05,-4.84683e-06,1.2760067e-09,-1.6781433e-07,-5.828203e-06,1.8138728e-05
10.729999999999816,-3.7307647e-05,-4.84683e-06,1.2760069e-09,-1.6781432e-07,-5.828203e-06,1.8138728e-05
10.739999999999815,-3.730765e-05,-4.84683e-06,1.2760066e-09,-1.6781433e-07,-5.828203e-06,1.8138728e-05
10.749999999999815,-3.730765e-05,-4.84683e-06,1.276007e-09,-1.678143e-07,-5.828203e-06,1.8138728e-05
10.759999999999815,-3.730765e-05,-4.84683e-06,1.2760067e-09,-1.6781432e-07,-5.828203e-06,1.8138728e-05
10.769999999999815,-3.7307647e-05,-4.84683e-06,1.2760067e-09,-1.6781432e-07,-5.828203e-06,1.8138728e-05
10.779999999999815,-3.7307647e-05,-4.84683e-06,1.276007e-09,-1.678143e-07,-5.828203e-06,1.8138728e-05
10.789999999999814,-3.7307647e-05,-4.84683e-06,1.2760066e-09,-1.6781433e-07,-5.828203e-06,1.8138728e-05
10.799999999999814,-3.730765e-05,-4.84683e-06,1.2760069e-09,-1.6781432e-07,-5.828203e-06,1.8138728e-05
10.809999999999814,-3.7307647e-05,-4.84683e-06,1.2760067e-09,-1.6781432e-07,-5.828203e-06,1.8138728e-05
10.819999999999814,-3.7307647e-05,-4.8468296e-06,1.2760066e-09,-1.6781433e-07,-5.828203e-06,1.8138728e-05
10.829999999999814,-3.7307647e-05,-4.84683e-06,1.2760067e-09,-1.6781432e-07,-5.828203e-06,1.8138728e-05
10.839999999999813,-3.7307647e-05,-4.84683e-06,1.2760066e-09,-1.6781433e-07,-5.828203e-06,1.8138728e-05
10.849999999999813,-3.730765e-05,-4.84683e-06,1.2760069e-09,-1.6781432e-07,-5.828203e-06,1.8138728e-05
10.859999999999813,-3.7307647e-05,-4.84683e-06,1.276007e-09,-1.678143e-07,-5.828203e-06,1.8138728e-05
10.869999999999813,-3.730765e-05,-4.84683e-06,1.2760071e-09,-1.678143e-07,-5.828203e-06,1.8138728e-05
10.879999999999812,-3.730765e-05,-4.84683e-06,1.276007e-09,-1.678143e-07,-5.828203e-06,1.8138728e-05
10.889999999999812,-3.730765e-05,-4.8468296e-06,1.2760064e-09,-1.6781435e-07,-5.828203e-06,1.8138728e-05
10.899999999999812,-3.7307647e-05,-4.84683e-06,1.2760069e-09,-1.6781432e-07,-5.828203e-06,1.8138728e-05
10.909999999999812,-3.7307647e-05,-4.84683e-06,1.2760064e-09,-1.6781435e-07,-5.828203e-06,1.8138728e-05
10.919999999999812,-3.7307647e-05,-4.84683e-06,1.276007e-09,-1.678143e-07,-5.828203e-06,1.8138728e-05
10.929999999999811,-3.7307647e-05,-4.84683e-06,1.2760067e-09,-1.6781432e-07,-5.828203e-06,1.8138728e-05
10.939999999999811,-3.7307647e-05,-4.84683e-06,1.2760067e-09,-1.6781432e-07,-5.828203e-06,1.8138728e-05
10.949999999999811,-3.730765e-05,-4.84683e-06,1.2760069e-09,-1.6781432e-07,-5.828203e-06,1.8138728e-05
10.95999999999981,-3.7307647e-05,-4.84683e-06,1.2760069e-09,-1.6781432e-07,-5.828203e-06,1.8138728e-05
10.96999999999981,-3.7307647e-05,-4.84683e-06,1.2760067e-09,-1.6781432e-07,-5.828203e-06,1.8138728e-05
10.97999999999981,-3.7307647e-05,-4.84683e-06,1.2760067e-09,-1.6781432e-07,-5.828203e-06,1.8138728e-05
10.98999999999981,-3.7307647e-05,-4.8468296e-06,1.2760062e-09,-1.6781436e-07,-5.828203e-06,1.8138728e-05
10.99999999999981,-3.7307647e-05,-4.84683e-06,1.2760067e-09,-1.6781432e-07,-5.828203e-06,1.8138728e-05
11.00999999999981,-3.7307647e-05,-4.8468296e-06,1.2760066e-09,-1.6781433e-07,-5.828203e-06,1.8138728e-05
11.01999999999981,-3.7307647e-05,-4.84683e-06,1.2760065e-09,-1.6781435e-07,-5.828203e-06,1.8138728e-05
11.02999999999981,-3.7307647e-05,-4.8468296e-06,1.2760064e-09,-1.6781435e-07,-5.828203e-06,1.8138728e-05
11.039999999999809,-3.7307647e-05,-4.84683e-06,1.2760067e-09,-1.6781432e-07,-5.828203e-06,1.8138728e-05
11.049999999999809,-3.730765e-05,-4.84683e-06,1.2760069e-09,-1.678143e-07,-5.828203e-06,1.8138728e-05
11.059999999999809,-3.7307647e-05,-4.84683e-06,1.276007e-09,-1.678143e-07,-5.828203e-06,1.8138728e-05
11.069999999999808,-3.7307647e-05,-4.84683e-06,1.2760066e-09,-1.6781432e-07,-5.828203e-06,1.8138728e-05
11.079999999999808,-3.730765e-05,-4.84683e-06,1.2760069e-09,-1.678143e-07,-5.828203e-06,1.8138728e-05
11.089999999999808,-3.7307647e-05,-4.84683e-06,1.2760064e-09,-1.6781435e-07,-5.828203e-06,1.8138728e-05
11.099999999999808,-3.730765e-05,-4.84683e-06,1.2760067e-09,-1.6781432e-07,-5.828203e-06,1.8138728e-05
11.109999999999808,-3.7307647e-05,-4.84683e-06,1.2760067e-09,-1.6781432e-07,-5.828203e-06,1.8138728e-05
11.119999999999807,-3.7307647e-05,-4.84683e-06,1.2760067e-09,-1.6781432e-07,-5.828203e-06,1.8138728e-05
11.129999999999807,-3.7307647e-05,-4.84683e-06,1.2760069e-09,-1.6781432e-07,-5.828203e-06,1.8138728e-05
11.139999999999807,-3.7307647e-05,-4.84683e-06,1.2760067e-09,-1.6781432e-07,-5.828203e-06,1.8138728e-05
11.149999999999807,-3.7307647e-05,-4.84683e-06,1.2760066e-09,-1.6781433e-07,-5.828203e-06,1.8138728e-05
11.159999999999807,-3.730765e-05,-4.84683e-06,1.2760069e-09,-1.678143e-07,-5.828203e-06,1.8138728e-05
11.169999999999806,-3.730765e-05,-4.84683e-06,1.2760069e-09,-1.6781432e-07,-5.828203e-06,1.8138728e-05
11.179999999999806,-3.7307647e-05,-4.8468296e-06,1.2760063e-09,-1.6781435e-07,-5.828203e-06,1.8138728e-05
11.189999999999806,-3.7307647e-05,-4.8468296e-06,1.2760065e-09,-1.6781433e-07,-5.828203e-06,1.8138728e-05
11.199999999999806,-3.7307647e-05,-4.84683e-06,1.2760069e-09,-1.678143e-07,-5.828203e-06,1.8138728e-05
11.209999999999805,-3.7307647e-05,-4.8468296e-06,1.2760065e-09,-1.6781433e-07,-5.828203e-06,1.8138728e-05
11.219999999999805,-3.730765e-05,-4.84683e-06,1.2760065e-09,-1.6781435e-07,-5.828203e-06,1.8138728e-05
11.229999999999805,-3.7307647e-05,-4.8468296e-06,1.2760064e-09,-1.6781435e-07,-5.828203e-06,1.8138728e-05
11.239999999999805,-3.7307647e-05,-4.84683e-06,1.2760069e-09,-1.6781432e-07,-5.828203e-06,1.8138728e-05
11.249999999999805,-3.730765e-05,-4.84683e-06,1.2760067e-09,-1.6781433e-07,-5.828203e-06,1.8138728e-05
11.259999999999804,-3.7307647e-05,-4.84683e-06,1.2760065e-09,-1.6781433e-07,-5.828203e-06,1.8138728e-05
11.269999999999804,-3.7307647e-05,-4.84683e-06,1.2760069e-09,-1.6781432e-07,-5.828203e-06,1.8138728e-05
11.279999999999804,-3.730765e-05,-4.84683e-06,1.2760069e-09,-1.6781432e-07,-5.828203e-06,1.8138728e-05
11.289999999999804,-3.730765e-05,-4.84683e-06,1.276007e-09,-1.678143e-07,-5.828203e-06,1.8138728e-05
11.299999999999804,-3.7307647e-05,-4.84683e-06,1.2760066e-09,-1.6781433e-07,-5.828203e-06,1.8138728e-05
11.309999999999803,-3.7307647e-05,-4.84683e-06,1.2760069e-09,-1.6781432e-07,-5.828203e-06,1.8138728e-05
11.319999999999803,-3.7307647e-05,-4.8468296e-06,1.2760066e-09,-1.6781433e-07,-5.828203e-06,1.8138728e-05
11.329999999999803,-3.7307647e-05,-4.84683e-06,1.2760066e-09,-1.6781433e-07,-5.828203e-06,1.8138728e-05
11.339999999999803,-3.7307647e-05,-4.84683e-06,1.2760069e-09,-1.678143e-07,-5.828203e-06,1.8138728e-05
11.349999999999802,-3.7307647e-05,-4.84683e-06,1.2760067e-09,-1.6781432e-07,-5.828203e-06,1.8138728e-05
11.359999999999802,-3.7307647e-05,-4.84683e-06,1.2760067e-09,-1.6781432e-07,-5.828203e-06,1.8138728e-05
11.369999999999802,-3.7307647e-05,-4.84683e-06,1.2760067e-09,-1.6781432e-07,-5.828203e-06,1.8138728e-05
11.379999999999802,-3.7307647e-05,-4.8468296e-06,1.2760066e-09,-1.6781433e-07,-5.828203e-06,1.8138728e-05
11.389999999999802,-3.7307647e-05,-4.84683e-06,1.2760065e-09,-1.6781433e-07,-5.828203e-06,1.8138728e-05
11.399999999999801,-3.730765e-05,-4.84683e-06,1.276007e-09,-1.678143e-07,-5.828203e-06,1.8138728e-05
11.409999999999801,-3.7307647e-05,-4.84683e-06,1.2760065e-09,-1.6781433e-07,-5.828203e-06,1.8138728e-05
11.419999999999801,-3.7307647e-05,-4.8468296e-06,1.2760065e-09,-1.6781433e-07,-5.828203e-06,1.8138728e-05
11.4299999999998,-3.7307647e-05,-4.84683e-06,1.276007e-09,-1.678143e-07,-5.828203e-06,1.8138728e-05
11.4399999999998,-3.730765e-05,-4.84683e-06,1.2760069e-09,-1.6781432e-07,-5.828203e-06,1.8138728e-05
11.4499999999998,-3.7307647e-05,-4.84683e-06,1.2760069e-09,-1.6781432e-07,-5.828203e-06,1.8138728e-05
11.4599999999998,-3.7307647e-05,-4.84683e-06,1.2760067e-09,-1.6781432e-07,-5.828203e-06,1.8138728e-05
11.4699999999998,-3.7307647e-05,-4.84683e-06,1.2760069e-09,-1.6781432e-07,-5.828203e-06,1.8138728e-05
11.4799999999998,-3.730765e-05,-4.84683e-06,1.2760069e-09,-1.6781432e-07,-5.828203e-06,1.8138728e-05
11.4899999999998,-3.730765e-05,-4.84683e-06,1.2760067e-09,-1.6781432e-07,-5.828203e-06,1.8138728e-05
11.4999999999998,-3.7307647e-05,-4.84683e-06,1.2760069e-09,-1.678143e-07,-5.828203e-06,1.8138728e-05
11.509999999999799,-3.730765e-05,-4.84683e-06,1.276007e-09,-1.678143e-07,-5.828203e-06,1.8138728e-05
11.519999999999799,-3.7307647e-05,-4.84683e-06,1.2760069e-09,-1.6781432e-07,-5.828203e-06,1.8138728e-05
11.529999999999799,-3.7307647e-05,-4.8468296e-06,1.2760066e-09,-1.6781432e-07,-5.828203e-06,1.8138728e-05
11.539999999999798,-3.7307647e-05,-4.8468296e-06,1.2760067e-09,-1.6781432e-07,-5.828203e-06,1.8138728e-05
11.549999999999798,-3.730765e-05,-4.84683e-06,1.2760069e-09,-1.678143e-07,-5.828203e-06,1.8138728e-05
11.559999999999798,-3.730765e-05,-4.84683e-06,1.2760069e-09,-1.678143e-07,-5.828203e-06,1.8138728e-05
11.569999999999798,-3.7307647e-05,-4.84683e-06,1.2760066e-09,-1.6781433e-07,-5.828203e-06,1.8138728e-05
11.579999999999798,-3.7307647e-05,-4.8468296e-06,1.2760064e-09,-1.6781435e-07,-5.828203e-06,1.8138728e-05
11.589999999999797,-3.7307647e-05,-4.84683e-06,1.2760067e-09,-1.6781432e-07,-5.828203e-06,1.8138728e-05
11.599999999999797,-3.7307647e-05,-4.84683e-06,1.2760066e-09,-1.6781432e-07,-5.828203e-06,1.8138728e-05
11.609999999999797,-3.730765e-05,-4.84683e-06,1.276007e-09,-1.678143e-07,-5.828203e-06,1.8138728e-05
11.619999999999797,-3.7307647e-05,-4.84683e-06,1.2760069e-09,-1.678143e-07,-5.828203e-06,1.8138728e-05
11.629999999999797,-3.7307647e-05,-4.84683e-06,1.2760066e-09,-1.6781433e-07,-5.828203e-06,1.8138728e-05
11.639999999999796,-3.730765e-05,-4.84683e-06,1.276007e-09,-1.678143e-07,-5.828203e-06,1.8138728e-05
11.649999999999796,-3.730765e-05,-4.84683e-06,1.2760067e-09,-1.6781433e-07,-5.828203e-06,1.8138728e-05
11.659999999999796,-3.730765e-05,-4.84683e-06,1.2760067e-09,-1.6781432e-07,-5.828203e-06,1.8138728e-05
11.669999999999796,-3.7307647e-05,-4.8468296e-06,1.2760064e-09,-1.6781435e-07,-5.828203e-06,1.8138728e-05
11.679999999999795,-3.730765e-05,-4.84683e-06,1.276007e-09,-1.678143e-07,-5.828203e-06,1.8138728e-05
11.689999999999795,-3.730765e-05,-4.84683e-06,1.2760066e-09,-1.6781433e-07,-5.828203e-06,1.8138728e-05
11.699999999999795,-3.7307647e-05,-4.84683e-06,1.2760067e-09,-1.6781432e-07,-5.828203e-06,1.8138728e-05
11.709999999999795,-3.7307647e-05,-4.84683e-06,1.2760067e-09,-1.6781432e-07,-5.828203e-06,1.8138728e-05
11.719999999999795,-3.730765e-05,-4.84683e-06,1.2760067e-09,-1.6781432e-07,-5.828203e-06,1.8138728e-05
11.729999999999794,-3.7307647e-05,-4.84683e-06,1.2760067e-09,-1.6781432e-07,-5.828203e-06,1.8138728e-05
11.739999999999794,-3.730765e-05,-4.84683e-06,1.2760067e-09,-1.6781432e-07,-5.828203e-06,1.8138728e-05
11.749999999999794,-3.7307647e-05,-4.84683e-06,1.2760066e-09,-1.6781433e-07,-5.828203e-06,1.8138728e-05
11.759999999999794,-3.7307647e-05,-4.8468296e-06,1.2760065e-09,-1.6781433e-07,-5.828203e-06,1.8138728e-05
11.769999999999794,-3.730765e-05,-4.84683e-06,1.2760066e-09,-1.6781433e-07,-5.828203e-06,1.8138728e-05
11.779999999999793,-3.7307647e-05,-4.8468296e-06,1.2760067e-09,-1.6781432e-07,-5.828203e-06,1.8138728e-05
11.789999999999793,-3.730765e-05,-4.84683e-06,1.2760065e-09,-1.6781435e-07,-5.828203e-06,1.8138728e-05
11.799999999999793,-3.730765e-05,-4.84683e-06,1.2760066e-09,-1.6781433e-07,-5.828203e-06,1.8138728e-05
11.809999999999793,-3.730765e-05,-4.84683e-06,1.2760065e-09,-1.6781433e-07,-5.828203e-06,1.8138728e-05
11.819999999999792,-3.7307647e-05,-4.84683e-06,1.2760066e-09,-1.6781433e-07,-5.828203e-06,1.8138728e-05
11.829999999999792,-3.7307647e-05,-4.84683e-06,1.2760067e-09,-1.6781432e-07,-5.828203e-06,1.8138728e-05
11.839999999999792,-3.7307647e-05,-4.84683e-06,1.2760069e-09,-1.678143e-07,-5.828203e-06,1.8138728e-05
11.849999999999792,-3.7307647e-05,-4.84683e-06,1.2760065e-09,-1.6781433e-07,-5.828203e-06,1.8138728e-05
11.859999999999792,-3.730765e-05,-4.84683e-06,1.2760066e-09,-1.6781433e-07,-5.828203e-06,1.8138728e-05
11.869999999999791,-3.7307647e-05,-4.84683e-06,1.2760066e-09,-1.6781433e-07,-5.828203e-06,1.8138728e-05
11.879999999999791,-3.7307647e-05,-4.84683e-06,1.2760065e-09,-1.6781433e-07,-5.828203e-06,1.8138728e-05
11.889999999999791,-3.7307647e-05,-4.84683e-06,1.2760066e-09,-1.6781433e-07,-5.828203e-06,1.8138728e-05
11.89999999999979,-3.7307647e-05,-4.84683e-06,1.2760067e-09,-1.6781432e-07,-5.828203e-06,1.8138728e-05
11.90999999999979,-3.7307647e-05,-4.84683e-06,1.2760069e-09,-1.6781432e-07,-5.828203e-06,1.8138728e-05
11.91999999999979,-3.730765e-05,-4.84683e-06,1.2760069e-09,-1.6781432e-07,-5.828203e-06,1.8138728e-05
11.92999999999979,-3.7307647e-05,-4.8468296e-06,1.2760067e-09,-1.6781432e-07,-5.828203e-06,1.8138728e-05
11.93999999999979,-3.730765e-05,-4.84683e-06,1.276007e-09,-1.678143e-07,-5.828203e-06,1.8138728e-05
11.94999999999979,-3.7307647e-05,-4.84683e-06,1.2760069e-09,-1.678143e-07,-5.828203e-06,1.8138728e-05
11.95999999999979,-3.7307647e-05,-4.84683e-06,1.2760069e-09,-1.6781432e-07,-5.828203e-06,1.8138728e-05
11.96999999999979,-3.730765e-05,-4.84683e-06,1.2760069e-09,-1.6781432e-07,-5.828203e-06,1.8138728e-05
11.979999999999789,-3.730765e-05,-4.84683e-06,1.2760066e-09,-1.6781433e-07,-5.828203e-06,1.8138728e-05
11.989999999999789,-3.7307647e-05,-4.84683e-06,1.2760064e-09,-1.6781435e-07,-5.828203e-06,1.8138728e-05
11.999999999999789,-3.730765e-05,-4.84683e-06,1.276007e-09,-1.678143e-07,-5.828203e-06,1.8138728e-05
12.009999999999788,-3.7307647e-05,-4.84683e-06,1.2760066e-09,-1.6781432e-07,-5.828203e-06,1.8138728e-05
12.019999999999788,-3.7307647e-05,-4.84683e-06,1.2760066e-09,-1.6781433e-07,-5.828203e-06,1.8138728e-05
12.029999999999788,-3.730765e-05,-4.84683e-06,1.2760067e-09,-1.6781432e-07,-5.828203e-06,1.8138728e-05
12.039999999999788,-3.730765e-05,-4.84683e-06,1.2760069e-09,-1.6781432e-07,-5.828203e-06,1.8138728e-05
12.049999999999788,-3.7307647e-05,-4.84683e-06,1.2760069e-09,-1.6781432e-07,-5.828203e-06,1.8138728e-05
12.059999999999787,-3.7307647e-05,-4.84683e-06,1.2760066e-09,-1.6781433e-07,-5.828203e-06,1.8138728e-05
12.069999999999787,-3.7307647e-05,-4.84683e-06,1.2760067e-09,-1.6781432e-07,-5.828203e-06,1.8138728e-05
12.079999999999787,-3.7307647e-05,-4.84683e-06,1.276007e-09,-1.678143e-07,-5.828203e-06,1.8138728e-05
12.089999999999787,-3.7307647e-05,-4.84683e-06,1.2760067e-09,-1.6781432e-07,-5.828203e-06,1.8138728e-05
12.099999999999786,-3.7307647e-05,-4.8468296e-06,1.2760063e-09,-1.6781436e-07,-5.828203e-06,1.8138728e-05
12.109999999999786,-3.7307647e-05,-4.84683e-06,1.2760067e-09,-1.6781432e-07,-5.828203e-06,1.8138728e-05
12.119999999999786,-3.7307647e-05,-4.84683e-06,1.2760067e-09,-1.6781432e-07,-5.828203e-06,1.8138728e-05
12.129999999999786,-3.7307647e-05,-4.84683e-06,1.2760067e-09,-1.6781432e-07,-5.828203e-06,1.8138728e-05
12.139999999999786,-3.7307647e-05,-4.84683e-06,1.2760067e-09,-1.6781432e-07,-5.828203e-06,1.8138728e-05
12.149999999999785,-3.730765e-05,-4.8468296e-06,1.2760064e-09,-1.6781435e-07,-5.828203e-06,1.8138728e-05
12.159999999999785,-3.7307647e-05,-4.84683e-06,1.2760065e-09,-1.6781433e-07,-5.828203e-06,1.8138728e-05
12.169999999999785,-3.7307647e-05,-4.84683e-06,1.2760066e-09,-1.6781433e-07,-5.828203e-06,1.8138728e-05
12.179999999999785,-3.730765e-05,-4.84683e-06,1.2760067e-09,-1.6781432e-07,-5.828203e-06,1.8138728e-05
12.189999999999785,-3.7307647e-05,-4.8468296e-06,1.2760063e-09,-1.6781435e-07,-5.828203e-06,1.8138728e-05
12.199999999999784,-3.7307647e-05,-4.84683e-06,1.2760069e-09,-1.6781432e-07,-5.828203e-06,1.8138728e-05
12.209999999999784,-3.7307647e-05,-4.84683e-06,1.2760067e-09,-1.6781432e-07,-5.828203e-06,1.8138728e-05
12.219999999999784,-3.7307647e-05,-4.84683e-06,1.2760067e-09,-1.6781432e-07,-5.828203e-06,1.8138728e-05
12.229999999999784,-3.730765e-05,-4.84683e-06,1.2760067e-09,-1.6781432e-07,-5.828203e-06,1.8138728e-05
12.239999999999783,-3.730765e-05,-4.84683e-06,1.2760066e-09,-1.6781433e-07,-5.828203e-06,1.8138728e-05
12.249999999999783,-3.730765e-05,-4.84683e-06,1.2760067e-09,-1.6781432e-07,-5.828203e-06,1.8138728e-05
12.259999999999783,-3.730765e-05,-4.84683e-06,1.2760069e-09,-1.6781432e-07,-5.828203e-06,1.8138728e-05
12.269999999999783,-3.7307647e-05,-4.84683e-06,1.276007e-09,-1.678143e-07,-5.828203e-06,1.8138728e-05
12.279999999999783,-3.7307647e-05,-4.8468296e-06,1.2760067e-09,-1.6781432e-07,-5.828203e-06,1.8138728e-05
12.289999999999782,-3.7307647e-05,-4.84683e-06,1.276007e-09,-1.678143e-07,-5.828203e-06,1.8138728e-05
12.299999999999782,-3.7307647e-05,-4.84683e-06,1.2760065e-09,-1.6781433e-07,-5.828203e-06,1.8138728e-05
12.309999999999782,-3.7307647e-05,-4.84683e-06,1.2760067e-09,-1.6781432e-07,-5.828203e-06,1.8138728e-05
12.319999999999782,-3.7307647e-05,-4.84683e-06,1.2760071e-09,-1.6781429e-07,-5.828203e-06,1.8138728e-05
12.329999999999782,-3.7307647e-05,-4.84683e-06,1.2760067e-09,-1.6781432e-07,-5.828203e-06,1.8138728e-05
12.339999999999781,-3.7307647e-05,-4.84683e-06,1.2760069e-09,-1.6781432e-07,-5.828203e-06,1.8138728e-05
12.349999999999781,-3.7307647e-05,-4.84683e-06,1.2760065e-09,-1.6781433e-07,-5.828203e-06,1.8138728e-05
12.359999999999781,-3.7307647e-05,-4.84683e-06,1.276007e-09,-1.678143e-07,-5.828203e-06,1.8138728e-05
12.36999999999978,-3.7307647e-05,-4.84683e-06,1.2760065e-09,-1.6781433e-07,-5.828203e-06,1.8138728e-05
12.37999999999978,-3.7307647e-05,-4.84683e-06,1.2760067e-09,-1.6781432e-07,-5.828203e-06,1.8138728e-05
12.38999999999978,-3.730765e-05,-4.84683e-06,1.276007e-09,-1.678143e-07,-5.828203e-06,1.8138728e-05
12.39999999999978,-3.7307647e-05,-4.84683e-06,1.2760067e-09,-1.6781432e-07,-5.828203e-06,1.8138728e-05
12.40999999999978,-3.7307647e-05,-4.84683e-06,1.2760069e-09,-1.678143e-07,-5.828203e-06,1.8138728e-05
12.41999999999978,-3.7307647e-05,-4.8468296e-06,1.2760065e-09,-1.6781433e-07,-5.828203e-06,1.8138728e-05
12.42999999999978,-3.7307647e-05,-4.8468296e-06,1.2760064e-09,-1.6781433e-07,-5.828203e-06,1.8138728e-05
12.43999999999978,-3.7307647e-05,-4.84683e-06,1.2760066e-09,-1.6781433e-07,-5.828203e-06,1.8138728e-05
12.449999999999779,-3.7307647e-05,-4.8468296e-06,1.2760065e-09,-1.6781433e-07,-5.828203e-06,1.8138728e-05
12.459999999999779,-3.730765e-05,-4.84683e-06,1.2760067e-09,-1.6781432e-07,-5.828203e-06,1.8138728e-05
12.469999999999779,-3.7307647e-05,-4.84683e-06,1.2760065e-09,-1.6781435e-07,-5.828203e-06,1.8138728e-05
12.479999999999778,-3.7307647e-05,-4.8468296e-06,1.2760066e-09,-1.6781433e-07,-5.828203e-06,1.8138728e-05
12.489999999999778,-3.7307647e-05,-4.8468296e-06,1.2760065e-09,-1.6781433e-07,-5.828203e-06,1.8138728e-05
12.499999999999778,-3.7307647e-05,-4.84683e-06,1.2760067e-09,-1.6781432e-07,-5.828203e-06,1.8138728e-05
12.509999999999778,-3.7307647e-05,-4.8468296e-06,1.2760064e-09,-1.6781435e-07,-5.828203e-06,1.8138728e-05
12.519999999999778,-3.7307647e-05,-4.84683e-06,1.2760066e-09,-1.6781433e-07,-5.828203e-06,1.8138728e-05
12.529999999999777,-3.7307647e-05,-4.84683e-06,1.2760066e-09,-1.6781433e-07,-5.828203e-06,1.8138728e-05
12.539999999999777,-3.7307647e-05,-4.8468296e-06,1.2760064e-09,-1.6781435e-07,-5.828203e-06,1.8138728e-05
12.549999999999777,-3.7307647e-05,-4.8468296e-06,1.2760065e-09,-1.6781433e-07,-5.828203e-06,1.8138728e-05
12.559999999999777,-3.730765e-05,-4.84683e-06,1.2760069e-09,-1.6781432e-07,-5.828203e-06,1.8138728e-05
12.569999999999776,-3.7307647e-05,-4.8468296e-06,1.2760066e-09,-1.6781432e-07,-5.828203e-06,1.8138728e-05
12.579999999999776,-3.7307647e-05,-4.84683e-06,1.2760065e-09,-1.6781435e-07,-5.828203e-06,1.8138728e-05
12.589999999999776,-3.7307647e-05,-4.8468296e-06,1.2760065e-09,-1.6781433e-07,-5.828203e-06,1.8138728e-05
12.599999999999776,-3.730765e-05,-4.84683e-06,1.2760067e-09,-1.6781432e-07,-5.828203e-06,1.8138728e-05
12.609999999999776,-3.7307647e-05,-4.8468296e-06,1.2760065e-09,-1.6781435e-07,-5.828203e-06,1.8138728e-05
12.619999999999775,-3.7307647e-05,-4.84683e-06,1.2760067e-09,-1.6781432e-07,-5.828203e-06,1.8138728e-05
12.629999999999775,-3.7307647e-05,-4.84683e-06,1.2760065e-09,-1.6781433e-07,-5.828203e-06,1.8138728e-05
12.639999999999775,-3.730765e-05,-4.84683e-06,1.2760069e-09,-1.6781432e-07,-5.828203e-06,1.8138728e-05
12.649999999999775,-3.7307647e-05,-4.8468296e-06,1.2760066e-09,-1.6781433e-07,-5.828203e-06,1.8138728e-05
12.659999999999775,-3.7307647e-05,-4.8468296e-06,1.2760066e-09,-1.6781433e-07,-5.828203e-06,1.8138728e-05
12.669999999999774,-3.7307647e-05,-4.84683e-06,1.2760066e-09,-1.6781433e-07,-5.828203e-06,1.8138728e-05
12.679999999999774,-3.730765e-05,-4.84683e-06,1.2760067e-09,-1.6781432e-07,-5.828203e-06,1.8138728e-05
12.689999999999774,-3.7307647e-05,-4.84683e-06,1.2760065e-09,-1.6781435e-07,-5.828203e-06,1.8138728e-05
12.699999999999774,-3.730765e-05,-4.84683e-06,1.2760067e-09,-1.6781433e-07,-5.828203e-06,1.8138728e-05
12.709999999999773,-3.7307647e-05,-4.84683e-06,1.2760066e-09,-1.6781433e-07,-5.828203e-06,1.8138728e-05
12.719999999999773,-3.7307647e-05,-4.8468296e-06,1.2760063e-09,-1.6781435e-07,-5.828203e-06,1.8138728e-05
12.729999999999773,-3.7307647e-05,-4.84683e-06,1.2760067e-09,-1.6781432e-07,-5.828203e-06,1.8138728e-05
12.739999999999773,-3.7307647e-05,-4.84683e-06,1.2760069e-09,-1.6781432e-07,-5.828203e-06,1.8138728e-05
12.749999999999773,-3.7307647e-05,-4.8468296e-06,1.2760065e-09,-1.6781433e-07,-5.828203e-06,1.8138728e-05
12.759999999999772,-3.730765e-05,-4.84683e-06,1.2760066e-09,-1.6781433e-07,-5.828203e-06,1.8138728e-05
12.769999999999772,-3.7307647e-05,-4.84683e-06,1.2760065e-09,-1.6781433e-07,-5.828203e-06,1.8138728e-05
12.779999999999772,-3.7307647e-05,-4.8468296e-06,1.2760065e-09,-1.6781433e-07,-5.828203e-06,1.8138728e-05
12.789999999999772,-3.7307647e-05,-4.8468296e-06,1.2760066e-09,-1.6781433e-07,-5.828203e-06,1.8138728e-05
12.799999999999772,-3.7307647e-05,-4.84683e-06,1.2760066e-09,-1.6781433e-07,-5.828203e-06,1.8138728e-05
12.809999999999771,-3.7307647e-05,-4.84683e-06,1.2760066e-09,-1.6781433e-07,-5.828203e-06,1.8138728e-05
12.819999999999771,-3.730765e-05,-4.84683e-06,1.2760069e-09,-1.6781432e-07,-5.828203e-06,1.8138728e-05
12.829999999999771,-3.7307647e-05,-4.84683e-06,1.2760069e-09,-1.6781432e-07,-5.828203e-06,1.8138728e-05
12.83999999999977,-3.730765e-05,-4.84683e-06,1.2760067e-09,-1.6781432e-07,-5.828203e-06,1.8138728e-05
12.84999999999977,-3.7307647e-05,-4.84683e-06,1.2760065e-09,-1.6781433e-07,-5.828203e-06,1.8138728e-05
12.85999999999977,-3.730765e-05,-4.8468296e-06,1.2760062e-09,-1.6781436e-07,-5.828203e-06,1.8138728e-05
12.86999999999977,-3.7307647e-05,-4.84683e-06,1.2760069e-09,-1.6781432e-07,-5.828203e-06,1.8138728e-05
12.87999999999977,-3.7307647e-05,-4.84683e-06,1.2760066e-09,-1.6781433e-07,-5.828203e-06,1.8138728e-05
12.88999999999977,-3.7307647e-05,-4.84683e-06,1.2760066e-09,-1.6781432e-07,-5.828203e-06,1.8138728e-05
12.89999999999977,-3.7307647e-05,-4.8468296e-06,1.2760066e-09,-1.6781433e-07,-5.828203e-06,1.8138728e-05
12.90999999999977,-3.7307647e-05,-4.8468296e-06,1.2760066e-09,-1.6781433e-07,-5.828203e-06,1.8138728e-05
12.919999999999769,-3.7307647e-05,-4.84683e-06,1.2760067e-09,-1.6781432e-07,-5.828203e-06,1.8138728e-05
12.929999999999769,-3.7307647e-05,-4.84683e-06,1.2760067e-09,-1.6781432e-07,-5.828203e-06,1.8138728e-05
12.939999999999769,-3.7307647e-05,-4.84683e-06,1.2760067e-09,-1.6781432e-07,-5.828203e-06,1.8138728e-05
12.949999999999768,-3.7307647e-05,-4.8468296e-06,1.2760065e-09,-1.6781433e-07,-5.828203e-06,1.8138728e-05
12.959999999999768,-3.7307647e-05,-4.84683e-06,1.2760071e-09,-1.678143e-07,-5.828203e-06,1.8138728e-05
12.969999999999768,-3.730765e-05,-4.84683e-06,1.2760071e-09,-1.678143e-07,-5.828203e-06,1.8138728e-05
12.979999999999768,-3.7307647e-05,-4.84683e-06,1.2760069e-09,-1.678143e-07,-5.828203e-06,1.8138728e-05
12.989999999999768,-3.7307647e-05,-4.8468296e-06,1.2760066e-09,-1.6781432e-07,-5.828203e-06,1.8138728e-05
12.999999999999767,-3.7307647e-05,-4.84683e-06,1.2760067e-09,-1.6781432e-07,-5.828203e-06,1.8138728e-05
13.009999999999767,-3.7307647e-05,-4.84683e-06,1.2760069e-09,-1.678143e-07,-5.828203e-06,1.8138728e-05
13.019999999999767,-3.730765e-05,-4.84683e-06,1.2760067e-09,-1.6781432e-07,-5.828203e-06,1.8138728e-05
13.029999999999767,-3.7307647e-05,-4.84683e-06,1.276007e-09,-1.678143e-07,-5.828203e-06,1.8138728e-05
13.039999999999766,-3.7307647e-05,-4.84683e-06,1.276007e-09,-1.678143e-07,-5.828203e-06,1.8138728e-05
13.049999999999766,-3.7307647e-05,-4.84683e-06,1.2760066e-09,-1.6781433e-07,-5.828203e-06,1.8138728e-05
13.059999999999766,-3.7307647e-05,-4.8468296e-06,1.2760065e-09,-1.6781435e-07,-5.828203e-06,1.8138728e-05
13.069999999999766,-3.7307647e-05,-4.84683e-06,1.2760069e-09,-1.678143e-07,-5.828203e-06,1.8138728e-05
13.079999999999766,-3.730765e-05,-4.84683e-06,1.2760067e-09,-1.6781432e-07,-5.828203e-06,1.8138728e-05
13.089999999999765,-3.7307647e-05,-4.84683e-06,1.2760067e-09,-1.6781433e-07,-5.828203e-06,1.8138728e-05
13.099999999999765,-3.7307647e-05,-4.84683e-06,1.2760067e-09,-1.6781432e-07,-5.828203e-06,1.8138728e-05
13.109999999999765,-3.7307647e-05,-4.84683e-06,1.2760066e-09,-1.6781433e-07,-5.828203e-06,1.8138728e-05
13.119999999999765,-3.7307647e-05,-4.84683e-06,1.2760067e-09,-1.6781432e-07,-5.828203e-06,1.8138728e-05
13.129999999999765,-3.7307647e-05,-4.8468296e-06,1.2760064e-09,-1.6781435e-07,-5.828203e-06,1.8138728e-05
13.139999999999764,-3.7307647e-05,-4.84683e-06,1.2760069e-09,-1.6781432e-07,-5.828203e-06,1.8138728e-05
13.149999999999764,-3.730765e-05,-4.84683e-06,1.2760069e-09,-1.6781432e-07,-5.828203e-06,1.8138728e-05
13.159999999999764,-3.730765e-05,-4.84683e-06,1.2760067e-09,-1.6781432e-07,-5.828203e-06,1.8138728e-05
13.169999999999764,-3.7307647e-05,-4.84683e-06,1.2760066e-09,-1.6781433e-07,-5.828203e-06,1.8138728e-05
13.179999999999763,-3.7307647e-05,-4.8468296e-06,1.2760065e-09,-1.6781435e-07,-5.828203e-06,1.8138728e-05
13.189999999999763,-3.7307647e-05,-4.84683e-06,1.2760067e-09,-1.6781432e-07,-5.828203e-06,1.8138728e-05
13.199999999999763,-3.7307647e-05,-4.8468296e-06,1.2760065e-09,-1.6781435e-07,-5.828203e-06,1.8138728e-05
13.209999999999763,-3.730765e-05,-4.84683e-06,1.2760066e-09,-1.6781433e-07,-5.828203e-06,1.8138728e-05
13.219999999999763,-3.7307647e-05,-4.84683e-06,1.2760066e-09,-1.6781433e-07,-5.828203e-06,1.8138728e-05
13.229999999999762,-3.730765e-05,-4.84683e-06,1.2760069e-09,-1.678143e-07,-5.828203e-06,1.8138728e-05
13.239999999999762,-3.7307647e-05,-4.8468296e-06,1.2760065e-09,-1.6781433e-07,-5.828203e-06,1.8138728e-05
13.249999999999762,-3.730765e-05,-4.84683e-06,1.2760067e-09,-1.6781432e-07,-5.828203e-06,1.8138728e-05
13.259999999999762,-3.7307647e-05,-4.84683e-06,1.2760069e-09,-1.6781432e-07,-5.828203e-06,1.8138728e-05
13.269999999999762,-3.730765e-05,-4.84683e-06,1.2760067e-09,-1.6781432e-07,-5.828203e-06,1.8138728e-05
13.279999999999761,-3.7307647e-05,-4.8468296e-06,1.2760065e-09,-1.6781433e-07,-5.828203e-06,1.8138728e-05
13.289999999999761,-3.730765e-05,-4.84683e-06,1.2760067e-09,-1.6781432e-07,-5.828203e-06,1.8138728e-05
13.299999999999761,-3.7307647e-05,-4.84683e-06,1.2760069e-09,-1.678143e-07,-5.828203e-06,1.8138728e-05
13.30999999999976,-3.7307647e-05,-4.84683e-06,1.2760067e-09,-1.6781432e-07,-5.828203e-06,1.8138728e-05
13.31999999999976,-3.7307647e-05,-4.84683e-06,1.2760065e-09,-1.6781433e-07,-5.828203e-06,1.8138728e-05
13.32999999999976,-3.730765e-05,-4.84683e-06,1.2760069e-09,-1.678143e-07,-5.828203e-06,1.8138728e-05
13.33999999999976,-3.7307647e-05,-4.8468296e-06,1.2760065e-09,-1.6781433e-07,-5.828203e-06,1.8138728e-05
13.34999999999976,-3.730765e-05,-4.84683e-06,1.2760069e-09,-1.6781432e-07,-5.828203e-06,1.8138728e-05
13.35999999999976,-3.7307647e-05,-4.84683e-06,1.2760066e-09,-1.6781432e-07,-5.828203e-06,1.8138728e-05
13.36999999999976,-3.7307647e-05,-4.84683e-06,1.2760066e-09,-1.6781433e-07,-5.828203e-06,1.8138728e-05
13.37999999999976,-3.7307647e-05,-4.84683e-06,1.2760065e-09,-1.6781435e-07,-5.828203e-06,1.8138728e-05
13.389999999999759,-3.7307647e-05,-4.8468296e-06,1.2760065e-09,-1.6781433e-07,-5.828203e-06,1.8138728e-05
13.399999999999759,-3.7307647e-05,-4.84683e-06,1.2760069e-09,-1.6781432e-07,-5.828203e-06,1.8138728e-05
13.409999999999759,-3.730765e-05,-4.84683e-06,1.276007e-09,-1.678143e-07,-5.828203e-06,1.8138728e-05
13.419999999999758,-3.7307647e-05,-4.8468296e-06,1.2760067e-09,-1.6781432e-07,-5.828203e-06,1.8138728e-05
13.429999999999758,-3.7307647e-05,-4.8468296e-06,1.2760064e-09,-1.6781435e-07,-5.828203e-06,1.8138728e-05
13.439999999999758,-3.7307647e-05,-4.84683e-06,1.2760069e-09,-1.6781432e-07,-5.828203e-06,1.8138728e-05
13.449999999999758,-3.7307647e-05,-4.8468296e-06,1.2760066e-09,-1.6781433e-07,-5.828203e-06,1.8138728e-05
13.459999999999757,-3.7307647e-05,-4.84683e-06,1.2760067e-09,-1.6781432e-07,-5.828203e-06,1.8138728e-05
13.469999999999757,-3.7307647e-05,-4.8468296e-06,1.2760065e-09,-1.6781433e-07,-5.828203e-06,1.8138728e-05
13.479999999999757,-3.7307647e-05,-4.8468296e-06,1.2760063e-09,-1.6781435e-07,-5.828203e-06,1.8138728e-05
13.489999999999757,-3.730765e-05,-4.84683e-06,1.2760073e-09,-1.6781428e-07,-5.828203e-06,1.8138728e-05
13.499999999999757,-3.7307647e-05,-4.84683e-06,1.2760067e-09,-1.6781433e-07,-5.828203e-06,1.8138728e-05
13.509999999999756,-3.7307647e-05,-4.84683e-06,1.2760067e-09,-1.6781432e-07,-5.828203e-06,1.8138728e-05
13.519999999999756,-3.730765e-05,-4.84683e-06,1.2760069e-09,-1.6781432e-07,-5.828203e-06,1.8138728e-05
13.529999999999756,-3.730765e-05,-4.8468296e-06,1.2760065e-09,-1.6781435e-07,-5.828203e-06,1.8138728e-05
13.539999999999756,-3.730765e-05,-4.84683e-06,1.2760067e-09,-1.6781432e-07,-5.828203e-06,1.8138728e-05
13.549999999999756,-3.7307647e-05,-4.84683e-06,1.2760069e-09,-1.6781432e-07,-5.828203e-06,1.8138728e-05
13.559999999999755,-3.7307647e-05,-4.84683e-06,1.2760066e-09,-1.6781433e-07,-5.828203e-06,1.8138728e-05
13.569999999999755,-3.7307647e-05,-4.84683e-06,1.2760066e-09,-1.6781433e-07,-5.828203e-06,1.8138728e-05
13.579999999999755,-3.7307647e-05,-4.84683e-06,1.2760069e-09,-1.6781432e-07,-5.828203e-06,1.8138728e-05
13.589999999999755,-3.730765e-05,-4.84683e-06,1.2760069e-09,-1.678143e-07,-5.828203e-06,1.8138728e-05
13.599999999999755,-3.730765e-05,-4.84683e-06,1.2760071e-09,-1.6781429e-07,-5.828203e-06,1.8138728e-05
13.609999999999754,-3.730765e-05,-4.84683e-06,1.2760069e-09,-1.6781432e-07,-5.828203e-06,1.8138728e-05
13.619999999999754,-3.7307647e-05,-4.8468296e-06,1.2760067e-09,-1.6781432e-07,-5.828203e-06,1.8138728e-05
13.629999999999754,-3.7307647e-05,-4.84683e-06,1.2760066e-09,-1.6781433e-07,-5.828203e-06,1.8138728e-05
13.639999999999754,-3.7307647e-05,-4.84683e-06,1.2760067e-09,-1.6781432e-07,-5.828203e-06,1.8138728e-05
13.649999999999753,-3.7307647e-05,-4.84683e-06,1.2760065e-09,-1.6781435e-07,-5.828203e-06,1.8138728e-05
13.659999999999753,-3.7307647e-05,-4.84683e-06,1.2760069e-09,-1.6781432e-07,-5.828203e-06,1.8138728e-05
13.669999999999753,-3.7307647e-05,-4.84683e-06,1.2760067e-09,-1.6781432e-07,-5.828203e-06,1.8138728e-05
13.679999999999753,-3.7307647e-05,-4.84683e-06,1.2760066e-09,-1.6781433e-07,-5.828203e-06,1.8138728e-05
13.689999999999753,-3.730765e-05,-4.84683e-06,1.276007e-09,-1.678143e-07,-5.828203e-06,1.8138728e-05
13.699999999999752,-3.7307647e-05,-4.84683e-06,1.2760066e-09,-1.6781433e-07,-5.828203e-06,1.8138728e-05
13.709999999999752,-3.7307647e-05,-4.8468296e-06,1.2760064e-09,-1.6781435e-07,-5.828203e-06,1.8138728e-05
13.719999999999752,-3.7307647e-05,-4.84683e-06,1.2760066e-09,-1.6781433e-07,-5.828203e-06,1.8138728e-05
13.729999999999752,-3.7307647e-05,-4.8468296e-06,1.2760066e-09,-1.6781432e-07,-5.828203e-06,1.8138728e-05
13.739999999999752,-3.730765e-05,-4.84683e-06,1.276007e-09,-1.678143e-07,-5.828203e-06,1.8138728e-05
13.749999999999751,-3.730765e-05,-4.84683e-06,1.2760067e-09,-1.6781432e-07,-5.828203e-06,1.8138728e-05
13.759999999999751,-3.730765e-05,-4.84683e-06,1.2760071e-09,-1.678143e-07,-5.828203e-06,1.8138728e-05
13.76999999999975,-3.730765e-05,-4.84683e-06,1.2760069e-09,-1.6781432e-07,-5.828203e-06,1.8138728e-05
13.77999999999975,-3.7307647e-05,-4.8468296e-06,1.2760067e-09,-1.6781432e-07,-5.828203e-06,1.8138728e-05
13.78999999999975,-3.730765e-05,-4.8468296e-06,1.2760065e-09,-1.6781433e-07,-5.828203e-06,1.8138728e-05
13.79999999999975,-3.730765e-05,-4.84683e-06,1.276007e-09,-1.678143e-07,-5.828203e-06,1.8138728e-05
13.80999999999975,-3.7307647e-05,-4.8468296e-06,1.2760065e-09,-1.6781433e-07,-5.828203e-06,1.8138728e-05
13.81999999999975,-3.7307647e-05,-4.84683e-06,1.2760066e-09,-1.6781433e-07,-5.828203e-06,1.8138728e-05
13.82999999999975,-3.7307647e-05,-4.8468296e-06,1.276006e-09,-1.6781438e-07,-5.828203e-06,1.8138728e-05
13.83999999999975,-3.730765e-05,-4.84683e-06,1.276007e-09,-1.678143e-07,-5.828203e-06,1.8138728e-05
13.84999999999975,-3.7307647e-05,-4.84683e-06,1.2760067e-09,-1.6781432e-07,-5.828203e-06,1.8138728e-05
13.859999999999749,-3.730765e-05,-4.84683e-06,1.2760067e-09,-1.6781432e-07,-5.828203e-06,1.8138728e-05
13.869999999999749,-3.7307647e-05,-4.84683e-06,1.2760069e-09,-1.678143e-07,-5.828203e-06,1.8138728e-05
13.879999999999749,-3.7307647e-05,-4.8468296e-06,1.2760064e-09,-1.6781435e-07,-5.828203e-06,1.8138728e-05
13.889999999999748,-3.7307647e-05,-4.84683e-06,1.2760066e-09,-1.6781433e-07,-5.828203e-06,1.8138728e-05
13.899999999999748,-3.7307647e-05,-4.84683e-06,1.2760066e-09,-1.6781433e-07,-5.828203e-06,1.8138728e-05
13.909999999999748,-3.7307647e-05,-4.8468296e-06,1.2760066e-09,-1.6781432e-07,-5.828203e-06,1.8138728e-05
13.919999999999748,-3.7307647e-05,-4.8468296e-06,1.2760064e-09,-1.6781435e-07,-5.828203e-06,1.8138728e-05
13.929999999999747,-3.7307647e-05,-4.8468296e-06,1.2760066e-09,-1.6781433e-07,-5.828203e-06,1.8138728e-05
13.939999999999747,-3.730765e-05,-4.8468296e-06,1.2760069e-09,-1.678143e-07,-5.828203e-06,1.8138728e-05
13.949999999999747,-3.730765e-05,-4.84683e-06,1.2760065e-09,-1.6781435e-07,-5.828203e-06,1.8138728e-05
13.959999999999747,-3.7307647e-05,-4.84683e-06,1.276007e-09,-1.678143e-07,-5.828203e-06,1.8138728e-05
13.969999999999747,-3.7307647e-05,-4.8468296e-06,1.2760065e-09,-1.6781435e-07,-5.828203e-06,1.8138728e-05
13.979999999999746,-3.730765e-05,-4.84683e-06,1.2760065e-09,-1.6781435e-07,-5.828203e-06,1.8138728e-05
13.989999999999746,-3.7307647e-05,-4.8468296e-06,1.2760062e-09,-1.6781436e-07,-5.828203e-06,1.8138728e-05
13.999999999999746,-3.7307647e-05,-4.84683e-06,1.2760066e-09,-1.6781433e-07,-5.828203e-06,1.8138728e-05
14.009999999999746,-3.7307647e-05,-4.84683e-06,1.2760072e-09,-1.6781429e-07,-5.828203e-06,1.8138728e-05
14.019999999999746,-3.730765e-05,-4.84683e-06,1.2760072e-09,-1.6781429e-07,-5.828203e-06,1.8138728e-05
14.029999999999745,-3.7307647e-05,-4.8468296e-06,1.2760064e-09,-1.6781435e-07,-5.828203e-06,1.8138728e-05
14.039999999999745,-3.7307647e-05,-4.8468296e-06,1.2760067e-09,-1.6781432e-07,-5.828203e-06,1.8138728e-05
14.049999999999745,-3.7307647e-05,-4.84683e-06,1.2760067e-09,-1.6781432e-07,-5.828203e-06,1.8138728e-05
14.059999999999745,-3.730765e-05,-4.84683e-06,1.2760066e-09,-1.6781433e-07,-5.828203e-06,1.8138728e-05
14.069999999999744,-3.7307647e-05,-4.84683e-06,1.2760066e-09,-1.6781433e-07,-5.828203e-06,1.8138728e-05
14.079999999999744,-3.7307647e-05,-4.8468296e-06,1.2760064e-09,-1.6781435e-07,-5.828203e-06,1.8138728e-05
14.089999999999744,-3.730765e-05,-4.84683e-06,1.2760072e-09,-1.6781429e-07,-5.828203e-06,1.8138728e-05
14.099999999999744,-3.730765e-05,-4.84683e-06,1.2760065e-09,-1.6781435e-07,-5.828203e-06,1.8138728e-05
14.109999999999744,-3.7307647e-05,-4.84683e-06,1.2760066e-09,-1.6781433e-07,-5.828203e-06,1.8138728e-05
14.119999999999743,-3.7307647e-05,-4.84683e-06,1.2760066e-09,-1.6781433e-07,-5.828203e-06,1.8138728e-05
14.129999999999743,-3.7307647e-05,-4.84683e-06,1.276007e-09,-1.678143e-07,-5.828203e-06,1.8138728e-05
14.139999999999743,-3.730765e-05,-4.84683e-06,1.2760069e-09,-1.6781432e-07,-5.828203e-06,1.8138728e-05
14.149999999999743,-3.7307647e-05,-4.8468296e-06,1.2760064e-09,-1.6781435e-07,-5.828203e-06,1.8138728e-05
14.159999999999743,-3.730765e-05,-4.84683e-06,1.2760069e-09,-1.6781432e-07,-5.828203e-06,1.8138728e-05
14.169999999999742,-3.7307647e-05,-4.8468296e-06,1.2760066e-09,-1.6781433e-07,-5.828203e-06,1.8138728e-05
14.179999999999742,-3.7307647e-05,-4.8468296e-06,1.2760063e-09,-1.6781435e-07,-5.828203e-06,1.8138728e-05
14.189999999999742,-3.730765e-05,-4.84683e-06,1.2760072e-09,-1.6781429e-07,-5.828203e-06,1.8138728e-05
14.199999999999742,-3.7307647e-05,-4.8468296e-06,1.2760066e-09,-1.6781433e-07,-5.828203e-06,1.8138728e-05
14.209999999999742,-3.7307647e-05,-4.8468296e-06,1.2760063e-09,-1.6781435e-07,-5.828203e-06,1.8138728e-05
14.219999999999741,-3.730765e-05,-4.84683e-06,1.2760069e-09,-1.6781432e-07,-5.828203e-06,1.8138728e-05
14.229999999999741,-3.730765e-05,-4.84683e-06,1.2760067e-09,-1.6781432e-07,-5.828203e-06,1.8138728e-05
14.23999999999974,-3.7307647e-05,-4.84683e-06,1.276007e-09,-1.678143e-07,-5.828203e-06,1.8138728e-05
14.24999999999974,-3.730765e-05,-4.84683e-06,1.2760064e-09,-1.6781435e-07,-5.828203e-06,1.8138728e-05
14.25999999999974,-3.7307647e-05,-4.84683e-06,1.2760069e-09,-1.678143e-07,-5.828203e-06,1.8138728e-05
14.26999999999974,-3.7307647e-05,-4.84683e-06,1.2760065e-09,-1.6781435e-07,-5.828203e-06,1.8138728e-05
14.27999999999974,-3.7307647e-05,-4.8468296e-06,1.2760065e-09,-1.6781433e-07,-5.828203e-06,1.8138728e-05
14.28999999999974,-3.730765e-05,-4.8468296e-06,1.2760065e-09,-1.6781433e-07,-5.828203e-06,1.8138728e-05
14.29999999999974,-3.7307647e-05,-4.84683e-06,1.2760066e-09,-1.6781433e-07,-5.828203e-06,1.8138728e-05
14.30999999999974,-3.7307647e-05,-4.84683e-06,1.2760071e-09,-1.6781429e-07,-5.828203e-06,1.8138728e-05
14.31999999999974,-3.730765e-05,-4.84683e-06,1.2760066e-09,-1.6781433e-07,-5.828203e-06,1.8138728e-05
14.329999999999739,-3.730765e-05,-4.84683e-06,1.2760069e-09,-1.678143e-07,-5.828203e-06,1.8138728e-05
14.339999999999739,-3.730765e-05,-4.84683e-06,1.2760071e-09,-1.6781429e-07,-5.828203e-06,1.8138728e-05
14.349999999999739,-3.7307647e-05,-4.84683e-06,1.2760069e-09,-1.6781432e-07,-5.828203e-06,1.8138728e-05
14.359999999999738,-3.730765e-05,-4.84683e-06,1.2760072e-09,-1.6781429e-07,-5.828203e-06,1.8138728e-05
14.369999999999738,-3.7307647e-05,-4.84683e-06,1.2760066e-09,-1.6781433e-07,-5.828203e-06,1.8138728e-05
14.379999999999738,-3.7307647e-05,-4.84683e-06,1.2760066e-09,-1.6781433e-07,-5.828203e-06,1.8138728e-05
14.389999999999738,-3.730765e-05,-4.84683e-06,1.2760069e-09,-1.6781432e-07,-5.828203e-06,1.8138728e-05
14.399999999999737,-3.7307647e-05,-4.84683e-06,1.2760071e-09,-1.6781429e-07,-5.828203e-06,1.8138728e-05
14.409999999999737,-3.730765e-05,-4.84683e-06,1.2760065e-09,-1.6781433e-07,-5.828203e-06,1.8138728e-05
14.419999999999737,-3.730765e-05,-4.84683e-06,1.2760069e-09,-1.6781432e-07,-5.828203e-06,1.8138728e-05
14.429999999999737,-3.7307647e-05,-4.8468296e-06,1.2760065e-09,-1.6781433e-07,-5.828203e-06,1.8138728e-05
14.439999999999737,-3.730765e-05,-4.84683e-06,1.2760066e-09,-1.6781432e-07,-5.828203e-06,1.8138728e-05
14.449999999999736,-3.730765e-05,-4.84683e-06,1.2760067e-09,-1.6781432e-07,-5.828203e-06,1.8138728e-05
14.459999999999736,-3.7307647e-05,-4.8468296e-06,1.2760064e-09,-1.6781435e-07,-5.828203e-06,1.8138728e-05
14.469999999999736,-3.7307647e-05,-4.84683e-06,1.2760066e-09,-1.6781433e-07,-5.828203e-06,1.8138728e-05
14.479999999999736,-3.730765e-05,-4.84683e-06,1.276007e-09,-1.678143e-07,-5.828203e-06,1.8138728e-05
14.489999999999736,-3.730765e-05,-4.84683e-06,1.2760067e-09,-1.6781433e-07,-5.828203e-06,1.8138728e-05
14.499999999999735,-3.7307647e-05,-4.84683e-06,1.2760067e-09,-1.6781432e-07,-5.828203e-06,1.8138728e-05
14.509999999999735,-3.7307647e-05,-4.8468296e-06,1.2760066e-09,-1.6781433e-07,-5.828203e-06,1.8138728e-05
14.519999999999735,-3.730765e-05,-4.84683e-06,1.2760071e-09,-1.6781429e-07,-5.828203e-06,1.8138728e-05
14.529999999999735,-3.730765e-05,-4.84683e-06,1.2760071e-09,-1.6781429e-07,-5.828203e-06,1.8138728e-05
14.539999999999734,-3.7307647e-05,-4.84683e-06,1.2760067e-09,-1.6781432e-07,-5.828203e-06,1.8138728e-05
14.549999999999734,-3.7307647e-05,-4.8468296e-06,1.2760063e-09,-1.6781435e-07,-5.828203e-06,1.8138728e-05
14.559999999999734,-3.7307647e-05,-4.8468296e-06,1.2760065e-09,-1.6781433e-07,-5.828203e-06,1.8138728e-05
14.569999999999734,-3.730765e-05,-4.8468296e-06,1.2760066e-09,-1.6781432e-07,-5.828203e-06,1.8138728e-05
14.579999999999734,-3.7307647e-05,-4.84683e-06,1.2760067e-09,-1.6781432e-07,-5.828203e-06,1.8138728e-05
14.589999999999733,-3.7307647e-05,-4.8468296e-06,1.2760064e-09,-1.6781435e-07,-5.828203e-06,1.8138728e-05
14.599999999999733,-3.7307647e-05,-4.8468296e-06,1.2760064e-09,-1.6781435e-07,-5.828203e-06,1.8138728e-05
14.609999999999733,-3.730765e-05,-4.84683e-06,1.2760069e-09,-1.6781432e-07,-5.828203e-06,1.8138728e-05
14.619999999999733,-3.730765e-05,-4.84683e-06,1.2760066e-09,-1.6781433e-07,-5.828203e-06,1.8138728e-05
14.629999999999733,-3.7307647e-05,-4.84683e-06,1.2760066e-09,-1.6781433e-07,-5.828203e-06,1.8138728e-05
14.639999999999732,-3.730765e-05,-4.84683e-06,1.2760069e-09,-1.6781432e-07,-5.828203e-06,1.8138728e-05
14.649999999999732,-3.7307647e-05,-4.8468296e-06,1.2760061e-09,-1.6781436e-07,-5.828203e-06,1.8138728e-05
14.659999999999732,-3.7307647e-05,-4.84683e-06,1.2760067e-09,-1.6781432e-07,-5.828203e-06,1.8138728e-05
14.669999999999732,-3.7307647e-05,-4.84683e-06,1.2760071e-09,-1.6781429e-07,-5.828203e-06,1.8138728e-05
14.679999999999731,-3.730765e-05,-4.84683e-06,1.2760067e-09,-1.6781432e-07,-5.828203e-06,1.8138728e-05
14.689999999999731,-3.730765e-05,-4.84683e-06,1.2760074e-09,-1.6781426e-07,-5.828203e-06,1.8138728e-05
14.699999999999731,-3.7307647e-05,-4.84683e-06,1.2760069e-09,-1.678143e-07,-5.828203e-06,1.8138728e-05
14.70999999999973,-3.730765e-05,-4.84683e-06,1.2760065e-09,-1.6781435e-07,-5.828203e-06,1.8138728e-05
14.71999999999973,-3.7307647e-05,-4.84683e-06,1.2760067e-09,-1.6781432e-07,-5.828203e-06,1.8138728e-05
14.72999999999973,-3.730765e-05,-4.84683e-06,1.2760069e-09,-1.6781432e-07,-5.828203e-06,1.8138728e-05
14.73999999999973,-3.7307647e-05,-4.8468296e-06,1.2760064e-09,-1.6781435e-07,-5.828203e-06,1.8138728e-05
14.74999999999973,-3.7307647e-05,-4.84683e-06,1.2760069e-09,-1.6781432e-07,-5.828203e-06,1.8138728e-05
14.75999999999973,-3.7307647e-05,-4.84683e-06,1.2760067e-09,-1.6781432e-07,-5.828203e-06,1.8138728e-05
14.76999999999973,-3.730765e-05,-4.84683e-06,1.2760067e-09,-1.6781432e-07,-5.828203e-06,1.8138728e-05
14.77999999999973,-3.7307647e-05,-4.84683e-06,1.2760069e-09,-1.678143e-07,-5.828203e-06,1.8138728e-05
14.78999999999973,-3.730765e-05,-4.84683e-06,1.2760067e-09,-1.6781433e-07,-5.828203e-06,1.8138728e-05
14.799999999999729,-3.7307647e-05,-4.84683e-06,1.2760066e-09,-1.6781432e-07,-5.828203e-06,1.8138728e-05
14.809999999999729,-3.7307647e-05,-4.84683e-06,1.2760066e-09,-1.6781433e-07,-5.828203e-06,1.8138728e-05
14.819999999999729,-3.730765e-05,-4.84683e-06,1.2760065e-09,-1.6781433e-07,-5.828203e-06,1.8138728e-05
14.829999999999728,-3.7307647e-05,-4.84683e-06,1.2760066e-09,-1.6781432e-07,-5.828203e-06,1.8138728e-05
14.839999999999728,-3.730765e-05,-4.84683e-06,1.2760069e-09,-1.678143e-07,-5.828203e-06,1.8138728e-05
14.849999999999728,-3.730765e-05,-4.84683e-06,1.276007e-09,-1.678143e-07,-5.828203e-06,1.8138728e-05
14.859999999999728,-3.7307647e-05,-4.84683e-06,1.2760071e-09,-1.6781429e-07,-5.828203e-06,1.8138728e-05
14.869999999999727,-3.730765e-05,-4.84683e-06,1.2760074e-09,-1.6781428e-07,-5.828203e-06,1.8138728e-05
14.879999999999727,-3.7307647e-05,-4.8468296e-06,1.2760067e-09,-1.6781432e-07,-5.828203e-06,1.8138728e-05
14.889999999999727,-3.730765e-05,-4.84683e-06,1.2760067e-09,-1.6781432e-07,-5.828203e-06,1.8138728e-05
14.899999999999727,-3.7307647e-05,-4.8468296e-06,1.2760065e-09,-1.6781433e-07,-5.828203e-06,1.8138728e-05
14.909999999999727,-3.730765e-05,-4.84683e-06,1.2760067e-09,-1.6781432e-07,-5.828203e-06,1.8138728e-05
14.919999999999726,-3.7307647e-05,-4.84683e-06,1.2760066e-09,-1.6781433e-07,-5.828203e-06,1.8138728e-05
14.929999999999726,-3.730765e-05,-4.8468296e-06,1.2760064e-09,-1.6781435e-07,-5.828203e-06,1.8138728e-05
14.939999999999726,-3.7307647e-05,-4.8468296e-06,1.2760065e-09,-1.6781433e-07,-5.828203e-06,1.8138728e-05
14.949999999999726,-3.7307647e-05,-4.84683e-06,1.2760064e-09,-1.6781435e-07,-5.828203e-06,1.8138728e-05
14.959999999999726,-3.730765e-05,-4.84683e-06,1.2760066e-09,-1.6781433e-07,-5.828203e-06,1.8138728e-05
14.969999999999725,-3.7307647e-05,-4.8468296e-06,1.2760065e-09,-1.6781433e-07,-5.828203e-06,1.8138728e-05
14.979999999999725,-3.7307647e-05,-4.84683e-06,1.276007e-09,-1.678143e-07,-5.828203e-06,1.8138728e-05
14.989999999999725,-3.730765e-05,-4.84683e-06,1.276007e-09,-1.678143e-07,-5.828203e-06,1.8138728e-05
14.999999999999725,-3.7307647e-05,-4.8468296e-06,1.2760067e-09,-1.6781432e-07,-5.828203e-06,1.8138728e-05
15.009999999999724,-3.730765e-05,-4.84683e-06,1.2760076e-09,-1.6781426e-07,-5.828203e-06,1.8138728e-05
15.019999999999724,-3.7307647e-05,-4.8468296e-06,1.2760065e-09,-1.6781433e-07,-5.828203e-06,1.8138728e-05
15.029999999999724,-3.730765e-05,-4.84683e-06,1.2760067e-09,-1.6781433e-07,-5.828203e-06,1.8138728e-05
15.039999999999724,-3.7307647e-05,-4.84683e-06,1.2760066e-09,-1.6781433e-07,-5.828203e-06,1.8138728e-05
15.049999999999724,-3.730765e-05,-4.84683e-06,1.2760069e-09,-1.6781432e-07,-5.828203e-06,1.8138728e-05
15.059999999999723,-3.7307647e-05,-4.8468296e-06,1.2760065e-09,-1.6781433e-07,-5.828203e-06,1.8138728e-05
15.069999999999723,-3.7307647e-05,-4.8468296e-06,1.2760065e-09,-1.6781433e-07,-5.828203e-06,1.8138728e-05
15.079999999999723,-3.730765e-05,-4.84683e-06,1.2760071e-09,-1.6781429e-07,-5.828203e-06,1.8138728e-05
15.089999999999723,-3.7307647e-05,-4.84683e-06,1.2760065e-09,-1.6781435e-07,-5.828203e-06,1.8138728e-05
15.099999999999723,-3.7307647e-05,-4.84683e-06,1.2760066e-09,-1.6781433e-07,-5.828203e-06,1.8138728e-05
15.109999999999722,-3.7307647e-05,-4.8468296e-06,1.2760067e-09,-1.6781432e-07,-5.828203e-06,1.8138728e-05
15.119999999999722,-3.7307647e-05,-4.8468296e-06,1.2760064e-09,-1.6781435e-07,-5.828203e-06,1.8138728e-05
15.129999999999722,-3.7307647e-05,-4.84683e-06,1.2760067e-09,-1.6781432e-07,-5.828203e-06,1.8138728e-05
15.139999999999722,-3.7307647e-05,-4.84683e-06,1.2760069e-09,-1.678143e-07,-5.828203e-06,1.8138728e-05
15.149999999999721,-3.7307647e-05,-4.84683e-06,1.2760071e-09,-1.6781429e-07,-5.828203e-06,1.8138728e-05
15.159999999999721,-3.7307647e-05,-4.84683e-06,1.2760069e-09,-1.678143e-07,-5.828203e-06,1.8138728e-05
15.169999999999721,-3.730765e-05,-4.8468296e-06,1.2760064e-09,-1.6781435e-07,-5.828203e-06,1.8138728e-05
15.17999999999972,-3.7307647e-05,-4.84683e-06,1.276007e-09,-1.678143e-07,-5.828203e-06,1.8138728e-05
15.18999999999972,-3.7307647e-05,-4.84683e-06,1.2760069e-09,-1.678143e-07,-5.828203e-06,1.8138728e-05
15.19999999999972,-3.7307647e-05,-4.84683e-06,1.2760069e-09,-1.6781432e-07,-5.828203e-06,1.8138728e-05
15.20999999999972,-3.7307647e-05,-4.8468296e-06,1.2760065e-09,-1.6781433e-07,-5.828203e-06,1.8138728e-05
15.21999999999972,-3.7307647e-05,-4.84683e-06,1.2760067e-09,-1.6781432e-07,-5.828203e-06,1.8138728e-05
15.22999999999972,-3.7307647e-05,-4.8468296e-06,1.2760064e-09,-1.6781435e-07,-5.828203e-06,1.8138728e-05
15.23999999999972,-3.730765e-05,-4.84683e-06,1.2760067e-09,-1.6781432e-07,-5.828203e-06,1.8138728e-05
15.24999999999972,-3.7307647e-05,-4.8468296e-06,1.2760064e-09,-1.6781435e-07,-5.828203e-06,1.8138728e-05
15.25999999999972,-3.7307647e-05,-4.84683e-06,1.2760067e-09,-1.6781432e-07,-5.828203e-06,1.8138728e-05
15.269999999999719,-3.7307647e-05,-4.84683e-06,1.2760066e-09,-1.6781433e-07,-5.828203e-06,1.8138728e-05
15.279999999999719,-3.730765e-05,-4.84683e-06,1.2760065e-09,-1.6781435e-07,-5.828203e-06,1.8138728e-05
15.289999999999718,-3.7307647e-05,-4.8468296e-06,1.2760064e-09,-1.6781435e-07,-5.828203e-06,1.8138728e-05
15.299999999999718,-3.730765e-05,-4.8468296e-06,1.2760066e-09,-1.6781432e-07,-5.828203e-06,1.8138728e-05
15.309999999999718,-3.7307647e-05,-4.84683e-06,1.2760067e-09,-1.6781432e-07,-5.828203e-06,1.8138728e-05
15.319999999999718,-3.730765e-05,-4.84683e-06,1.2760065e-09,-1.6781435e-07,-5.828203e-06,1.8138728e-05
15.329999999999718,-3.7307647e-05,-4.8468296e-06,1.2760064e-09,-1.6781433e-07,-5.828203e-06,1.8138728e-05
15.339999999999717,-3.7307647e-05,-4.8468296e-06,1.2760059e-09,-1.6781439e-07,-5.828203e-06,1.8138728e-05
15.349999999999717,-3.7307647e-05,-4.8468296e-06,1.2760063e-09,-1.6781435e-07,-5.828203e-06,1.8138728e-05
15.359999999999717,-3.7307647e-05,-4.8468296e-06,1.2760061e-09,-1.6781438e-07,-5.828203e-06,1.8138728e-05
15.369999999999717,-3.730765e-05,-4.84683e-06,1.2760071e-09,-1.6781429e-07,-5.828203e-06,1.8138728e-05
15.379999999999717,-3.730765e-05,-4.84683e-06,1.2760066e-09,-1.6781433e-07,-5.828203e-06,1.8138728e-05
15.389999999999716,-3.7307647e-05,-4.84683e-06,1.276007e-09,-1.678143e-07,-5.828203e-06,1.8138728e-05
15.399999999999716,-3.7307647e-05,-4.84683e-06,1.2760064e-09,-1.6781436e-07,-5.828203e-06,1.8138728e-05
15.409999999999716,-3.7307647e-05,-4.84683e-06,1.2760067e-09,-1.6781432e-07,-5.828203e-06,1.8138728e-05
15.419999999999716,-3.7307647e-05,-4.84683e-06,1.2760067e-09,-1.6781432e-07,-5.828203e-06,1.8138728e-05
15.429999999999715,-3.7307647e-05,-4.8468296e-06,1.2760066e-09,-1.6781432e-07,-5.828203e-06,1.8138728e-05
15.439999999999715,-3.7307647e-05,-4.8468296e-06,1.2760062e-09,-1.6781436e-07,-5.828203e-06,1.8138728e-05
15.449999999999715,-3.730765e-05,-4.8468296e-06,1.2760063e-09,-1.6781436e-07,-5.828203e-06,1.8138728e-05
15.459999999999715,-3.7307647e-05,-4.8468296e-06,1.2760063e-09,-1.6781436e-07,-5.828203e-06,1.8138728e-05
15.469999999999715,-3.7307647e-05,-4.84683e-06,1.2760069e-09,-1.678143e-07,-5.828203e-06,1.8138728e-05
15.479999999999714,-3.7307647e-05,-4.84683e-06,1.2760069e-09,-1.678143e-07,-5.828203e-06,1.8138728e-05
15.489999999999714,-3.7307647e-05,-4.8468296e-06,1.2760064e-09,-1.6781435e-07,-5.828203e-06,1.8138728e-05
15.499999999999714,-3.7307647e-05,-4.8468296e-06,1.2760065e-09,-1.6781433e-07,-5.828203e-06,1.8138728e-05
15.509999999999714,-3.7307647e-05,-4.84683e-06,1.2760067e-09,-1.6781432e-07,-5.828203e-06,1.8138728e-05
15.519999999999714,-3.7307647e-05,-4.84683e-06,1.2760067e-09,-1.6781432e-07,-5.828203e-06,1.8138728e-05
15.529999999999713,-3.7307647e-05,-4.84683e-06,1.2760065e-09,-1.6781435e-07,-5.828203e-06,1.8138728e-05
15.539999999999713,-3.730765e-05,-4.84683e-06,1.2760071e-09,-1.6781429e-07,-5.828203e-06,1.8138728e-05
15.549999999999713,-3.730765e-05,-4.84683e-06,1.276007e-09,-1.678143e-07,-5.828203e-06,1.8138728e-05
15.559999999999713,-3.7307647e-05,-4.84683e-06,1.276007e-09,-1.678143e-07,-5.828203e-06,1.8138728e-05
15.569999999999713,-3.730765e-05,-4.84683e-06,1.2760066e-09,-1.6781433e-07,-5.828203e-06,1.8138728e-05
15.579999999999712,-3.730765e-05,-4.84683e-06,1.2760073e-09,-1.6781429e-07,-5.828203e-06,1.8138728e-05
15.589999999999712,-3.730765e-05,-4.84683e-06,1.2760066e-09,-1.6781433e-07,-5.828203e-06,1.8138728e-05
15.599999999999712,-3.730765e-05,-4.84683e-06,1.2760071e-09,-1.6781429e-07,-5.828203e-06,1.8138728e-05
15.609999999999712,-3.7307647e-05,-4.84683e-06,1.2760066e-09,-1.6781433e-07,-5.828203e-06,1.8138728e-05
15.619999999999711,-3.730765e-05,-4.84683e-06,1.2760069e-09,-1.678143e-07,-5.828203e-06,1.8138728e-05
15.629999999999711,-3.7307647e-05,-4.84683e-06,1.2760067e-09,-1.6781432e-07,-5.828203e-06,1.8138728e-05
15.639999999999711,-3.730765e-05,-4.84683e-06,1.2760074e-09,-1.6781428e-07,-5.828203e-06,1.8138728e-05
15.64999999999971,-3.730765e-05,-4.84683e-06,1.2760066e-09,-1.6781433e-07,-5.828203e-06,1.8138728e-05
15.65999999999971,-3.730765e-05,-4.84683e-06,1.276007e-09,-1.678143e-07,-5.828203e-06,1.8138728e-05
15.66999999999971,-3.730765e-05,-4.84683e-06,1.2760071e-09,-1.678143e-07,-5.828203e-06,1.8138728e-05
15.67999999999971,-3.7307647e-05,-4.84683e-06,1.2760069e-09,-1.6781432e-07,-5.828203e-06,1.8138728e-05
15.68999999999971,-3.7307647e-05,-4.84683e-06,1.2760065e-09,-1.6781433e-07,-5.828203e-06,1.8138728e-05
15.69999999999971,-3.7307647e-05,-4.84683e-06,1.2760069e-09,-1.678143e-07,-5.828203e-06,1.8138728e-05
15.70999999999971,-3.7307647e-05,-4.8468296e-06,1.2760063e-09,-1.6781435e-07,-5.828203e-06,1.8138728e-05
15.71999999999971,-3.7307647e-05,-4.84683e-06,1.2760069e-09,-1.678143e-07,-5.828203e-06,1.8138728e-05
15.729999999999709,-3.730765e-05,-4.84683e-06,1.2760067e-09,-1.6781432e-07,-5.828203e-06,1.8138728e-05
15.739999999999709,-3.730765e-05,-4.84683e-06,1.2760067e-09,-1.6781432e-07,-5.828203e-06,1.8138728e-05
15.749999999999709,-3.730765e-05,-4.84683e-06,1.2760069e-09,-1.678143e-07,-5.828203e-06,1.8138728e-05
15.759999999999708,-3.7307647e-05,-4.8468296e-06,1.2760063e-09,-1.6781436e-07,-5.828203e-06,1.8138728e-05
15.769999999999708,-3.730765e-05,-4.84683e-06,1.2760066e-09,-1.6781433e-07,-5.828203e-06,1.8138728e-05
15.779999999999708,-3.7307647e-05,-4.8468296e-06,1.2760063e-09,-1.6781435e-07,-5.828203e-06,1.8138728e-05
15.789999999999708,-3.730765e-05,-4.84683e-06,1.2760067e-09,-1.6781433e-07,-5.828203e-06,1.8138728e-05
15.799999999999708,-3.7307647e-05,-4.84683e-06,1.2760067e-09,-1.6781432e-07,-5.828203e-06,1.8138728e-05
15.809999999999707,-3.7307647e-05,-4.84683e-06,1.2760067e-09,-1.6781432e-07,-5.828203e-06,1.8138728e-05
15.819999999999707,-3.730765e-05,-4.84683e-06,1.2760074e-09,-1.6781428e-07,-5.828203e-06,1.8138728e-05
15.829999999999707,-3.7307647e-05,-4.8468296e-06,1.2760064e-09,-1.6781435e-07,-5.828203e-06,1.8138728e-05
15.839999999999707,-3.7307647e-05,-4.8468296e-06,1.2760066e-09,-1.6781433e-07,-5.828203e-06,1.8138728e-05
15.849999999999707,-3.730765e-05,-4.84683e-06,1.2760071e-09,-1.6781429e-07,-5.828203e-06,1.8138728e-05
15.859999999999706,-3.7307647e-05,-4.84683e-06,1.2760071e-09,-1.6781429e-07,-5.828203e-06,1.8138728e-05
15.869999999999706,-3.7307647e-05,-4.8468296e-06,1.2760064e-09,-1.6781435e-07,-5.828203e-06,1.8138728e-05
15.879999999999706,-3.730765e-05,-4.84683e-06,1.2760065e-09,-1.6781433e-07,-5.828203e-06,1.8138728e-05
15.889999999999706,-3.7307647e-05,-4.8468296e-06,1.2760065e-09,-1.6781433e-07,-5.828203e-06,1.8138728e-05
15.899999999999705,-3.7307647e-05,-4.8468296e-06,1.2760064e-09,-1.6781435e-07,-5.828203e-06,1.8138728e-05
15.909999999999705,-3.7307647e-05,-4.8468296e-06,1.2760065e-09,-1.6781433e-07,-5.828203e-06,1.8138728e-05
15.919999999999705,-3.7307647e-05,-4.84683e-06,1.2760071e-09,-1.678143e-07,-5.828203e-06,1.8138728e-05
15.929999999999705,-3.7307647e-05,-4.8468296e-06,1.2760066e-09,-1.6781433e-07,-5.828203e-06,1.8138728e-05
15.939999999999705,-3.730765e-05,-4.84683e-06,1.2760074e-09,-1.6781428e-07,-5.828203e-06,1.8138728e-05
15.949999999999704,-3.730765e-05,-4.84683e-06,1.2760067e-09,-1.6781432e-07,-5.828203e-06,1.8138728e-05
15.959999999999704,-3.7307647e-05,-4.8468296e-06,1.2760066e-09,-1.6781432e-07,-5.828203e-06,1.8138728e-05
15.969999999999704,-3.7307647e-05,-4.8468296e-06,1.2760066e-09,-1.6781433e-07,-5.828203e-06,1.8138728e-05
15.979999999999704,-3.7307647e-05,-4.84683e-06,1.2760066e-09,-1.6781433e-07,-5.828203e-06,1.8138728e-05
15.989999999999704,-3.730765e-05,-4.84683e-06,1.276007e-09,-1.678143e-07,-5.828203e-06,1.8138728e-05
15.999999999999703,-3.730765e-05,-4.8468296e-06,1.2760064e-09,-1.6781435e-07,-5.828203e-06,1.8138728e-05
16.009999999999703,-3.7307647e-05,-4.84683e-06,1.2760066e-09,-1.6781433e-07,-5.828203e-06,1.8138728e-05
16.019999999999705,-3.7307647e-05,-4.8468296e-06,1.2760064e-09,-1.6781435e-07,-5.828203e-06,1.8138728e-05
16.029999999999706,-3.7307647e-05,-4.8468296e-06,1.2760064e-09,-1.6781435e-07,-5.828203e-06,1.8138728e-05
16.039999999999708,-3.7307647e-05,-4.8468296e-06,1.2760065e-09,-1.6781433e-07,-5.828203e-06,1.8138728e-05
16.04999999999971,-3.730765e-05,-4.84683e-06,1.2760065e-09,-1.6781433e-07,-5.828203e-06,1.8138728e-05
16.05999999999971,-3.7307647e-05,-4.84683e-06,1.276007e-09,-1.678143e-07,-5.828203e-06,1.8138728e-05
16.069999999999713,-3.730765e-05,-4.84683e-06,1.2760067e-09,-1.6781432e-07,-5.828203e-06,1.8138728e-05
16.079999999999714,-3.7307647e-05,-4.84683e-06,1.276007e-09,-1.678143e-07,-5.828203e-06,1.8138728e-05
16.089999999999716,-3.7307647e-05,-4.8468296e-06,1.2760061e-09,-1.6781436e-07,-5.828203e-06,1.8138728e-05
16.099999999999717,-3.7307647e-05,-4.84683e-06,1.2760071e-09,-1.6781429e-07,-5.828203e-06,1.8138728e-05
16.10999999999972,-3.7307647e-05,-4.8468296e-06,1.2760064e-09,-1.6781435e-07,-5.828203e-06,1.8138728e-05
16.11999999999972,-3.730765e-05,-4.84683e-06,1.2760064e-09,-1.6781435e-07,-5.828203e-06,1.8138728e-05
16.129999999999722,-3.7307647e-05,-4.84683e-06,1.276007e-09,-1.678143e-07,-5.828203e-06,1.8138728e-05
16.139999999999723,-3.7307647e-05,-4.84683e-06,1.2760071e-09,-1.6781429e-07,-5.828203e-06,1.8138728e-05
16.149999999999725,-3.730765e-05,-4.84683e-06,1.2760067e-09,-1.6781432e-07,-5.828203e-06,1.8138728e-05
16.159999999999727,-3.7307647e-05,-4.8468296e-06,1.2760064e-09,-1.6781435e-07,-5.828203e-06,1.8138728e-05
16.169999999999728,-3.730765e-05,-4.84683e-06,1.276007e-09,-1.678143e-07,-5.828203e-06,1.8138728e-05
16.17999999999973,-3.730765e-05,-4.84683e-06,1.2760066e-09,-1.6781433e-07,-5.828203e-06,1.8138728e-05
16.18999999999973,-3.730765e-05,-4.84683e-06,1.2760069e-09,-1.678143e-07,-5.828203e-06,1.8138728e-05
16.199999999999733,-3.730765e-05,-4.84683e-06,1.2760069e-09,-1.678143e-07,-5.828203e-06,1.8138728e-05
16.209999999999734,-3.7307647e-05,-4.8468296e-06,1.2760065e-09,-1.6781433e-07,-5.828203e-06,1.8138728e-05
16.219999999999736,-3.7307647e-05,-4.84683e-06,1.2760065e-09,-1.6781433e-07,-5.828203e-06,1.8138728e-05
16.229999999999738,-3.730765e-05,-4.84683e-06,1.276007e-09,-1.678143e-07,-5.828203e-06,1.8138728e-05
16.23999999999974,-3.730765e-05,-4.8468296e-06,1.2760066e-09,-1.6781433e-07,-5.828203e-06,1.8138728e-05
16.24999999999974,-3.7307647e-05,-4.84683e-06,1.2760073e-09,-1.6781428e-07,-5.828203e-06,1.8138728e-05
16.259999999999742,-3.730765e-05,-4.84683e-06,1.2760071e-09,-1.6781429e-07,-5.828203e-06,1.8138728e-05
16.269999999999744,-3.7307647e-05,-4.84683e-06,1.2760065e-09,-1.6781433e-07,-5.828203e-06,1.8138728e-05
16.279999999999745,-3.730765e-05,-4.84683e-06,1.276007e-09,-1.678143e-07,-5.828203e-06,1.8138728e-05
16.289999999999747,-3.7307647e-05,-4.84683e-06,1.276007e-09,-1.678143e-07,-5.828203e-06,1.8138728e-05
16.29999999999975,-3.7307647e-05,-4.8468296e-06,1.2760066e-09,-1.6781433e-07,-5.828203e-06,1.8138728e-05
16.30999999999975,-3.730765e-05,-4.84683e-06,1.2760069e-09,-1.678143e-07,-5.828203e-06,1.8138728e-05
16.31999999999975,-3.7307647e-05,-4.84683e-06,1.2760063e-09,-1.6781436e-07,-5.828203e-06,1.8138728e-05
16.329999999999753,-3.730765e-05,-4.84683e-06,1.276007e-09,-1.678143e-07,-5.828203e-06,1.8138728e-05
16.339999999999755,-3.7307647e-05,-4.84683e-06,1.2760071e-09,-1.6781429e-07,-5.828203e-06,1.8138728e-05
16.349999999999756,-3.730765e-05,-4.84683e-06,1.2760069e-09,-1.678143e-07,-5.828203e-06,1.8138728e-05
16.359999999999758,-3.7307647e-05,-4.84683e-06,1.276007e-09,-1.678143e-07,-5.828203e-06,1.8138728e-05
16.36999999999976,-3.7307647e-05,-4.84683e-06,1.2760065e-09,-1.6781433e-07,-5.828203e-06,1.8138728e-05
16.37999999999976,-3.730765e-05,-4.8468296e-06,1.2760065e-09,-1.6781433e-07,-5.828203e-06,1.8138728e-05
16.389999999999763,-3.730765e-05,-4.84683e-06,1.2760069e-09,-1.678143e-07,-5.828203e-06,1.8138728e-05
16.399999999999764,-3.7307647e-05,-4.84683e-06,1.2760067e-09,-1.6781432e-07,-5.828203e-06,1.8138728e-05
16.409999999999766,-3.730765e-05,-4.84683e-06,1.2760071e-09,-1.678143e-07,-5.828203e-06,1.8138728e-05
16.419999999999767,-3.730765e-05,-4.84683e-06,1.276007e-09,-1.678143e-07,-5.828203e-06,1.8138728e-05
16.42999999999977,-3.7307647e-05,-4.8468296e-06,1.2760065e-09,-1.6781433e-07,-5.828203e-06,1.8138728e-05
16.43999999999977,-3.730765e-05,-4.84683e-06,1.2760073e-09,-1.6781428e-07,-5.828203e-06,1.8138728e-05
16.449999999999772,-3.7307647e-05,-4.8468296e-06,1.2760061e-09,-1.6781438e-07,-5.828203e-06,1.8138728e-05
16.459999999999773,-3.7307647e-05,-4.84683e-06,1.2760067e-09,-1.6781432e-07,-5.828203e-06,1.8138728e-05
16.469999999999775,-3.730765e-05,-4.84683e-06,1.2760073e-09,-1.6781428e-07,-5.828203e-06,1.8138728e-05
16.479999999999777,-3.7307647e-05,-4.84683e-06,1.2760066e-09,-1.6781432e-07,-5.828203e-06,1.8138728e-05
16.489999999999778,-3.7307647e-05,-4.84683e-06,1.2760065e-09,-1.6781435e-07,-5.828203e-06,1.8138728e-05
16.49999999999978,-3.7307647e-05,-4.8468296e-06,1.2760065e-09,-1.6781433e-07,-5.828203e-06,1.8138728e-05
16.50999999999978,-3.7307647e-05,-4.84683e-06,1.2760069e-09,-1.678143e-07,-5.828203e-06,1.8138728e-05
16.519999999999783,-3.730765e-05,-4.8468296e-06,1.2760065e-09,-1.6781435e-07,-5.828203e-06,1.8138728e-05
16.529999999999784,-3.7307647e-05,-4.8468296e-06,1.2760064e-09,-1.6781435e-07,-5.828203e-06,1.8138728e-05
16.539999999999786,-3.730765e-05,-4.84683e-06,1.2760066e-09,-1.6781433e-07,-5.828203e-06,1.8138728e-05
16.549999999999788,-3.730765e-05,-4.84683e-06,1.276007e-09,-1.678143e-07,-5.828203e-06,1.8138728e-05
16.55999999999979,-3.7307647e-05,-4.84683e-06,1.2760072e-09,-1.6781429e-07,-5.828203e-06,1.8138728e-05
16.56999999999979,-3.7307647e-05,-4.8468296e-06,1.2760065e-09,-1.6781433e-07,-5.828203e-06,1.8138728e-05
16.579999999999792,-3.730765e-05,-4.84683e-06,1.2760071e-09,-1.678143e-07,-5.828203e-06,1.8138728e-05
16.589999999999794,-3.7307647e-05,-4.8468296e-06,1.2760063e-09,-1.6781436e-07,-5.828203e-06,1.8138728e-05
16.599999999999795,-3.7307647e-05,-4.84683e-06,1.2760069e-09,-1.678143e-07,-5.828203e-06,1.8138728e-05
16.609999999999797,-3.7307647e-05,-4.8468296e-06,1.2760067e-09,-1.6781432e-07,-5.828203e-06,1.8138728e-05
16.6199999999998,-3.730765e-05,-4.84683e-06,1.2760072e-09,-1.6781428e-07,-5.828203e-06,1.8138728e-05
16.6299999999998,-3.7307647e-05,-4.8468296e-06,1.2760067e-09,-1.6781432e-07,-5.828203e-06,1.8138728e-05
16.6399999999998,-3.7307647e-05,-4.84683e-06,1.2760066e-09,-1.6781433e-07,-5.828203e-06,1.8138728e-05
16.649999999999803,-3.730765e-05,-4.84683e-06,1.2760071e-09,-1.6781429e-07,-5.828203e-06,1.8138728e-05
16.659999999999805,-3.730765e-05,-4.84683e-06,1.2760067e-09,-1.6781432e-07,-5.828203e-06,1.8138728e-05
16.669999999999806,-3.730765e-05,-4.8468296e-06,1.2760066e-09,-1.6781432e-07,-5.828203e-06,1.8138728e-05
16.679999999999808,-3.730765e-05,-4.84683e-06,1.2760071e-09,-1.6781429e-07,-5.828203e-06,1.8138728e-05
16.68999999999981,-3.7307647e-05,-4.8468296e-06,1.2760064e-09,-1.6781435e-07,-5.828203e-06,1.8138728e-05
16.69999999999981,-3.7307647e-05,-4.8468296e-06,1.2760065e-09,-1.6781433e-07,-5.828203e-06,1.8138728e-05
16.709999999999813,-3.730765e-05,-4.84683e-06,1.2760072e-09,-1.6781428e-07,-5.828203e-06,1.8138728e-05
16.719999999999814,-3.7307647e-05,-4.8468296e-06,1.2760064e-09,-1.6781435e-07,-5.828203e-06,1.8138728e-05
16.729999999999816,-3.7307647e-05,-4.8468296e-06,1.2760061e-09,-1.6781438e-07,-5.828203e-06,1.8138728e-05
16.739999999999817,-3.7307647e-05,-4.84683e-06,1.2760065e-09,-1.6781433e-07,-5.828203e-06,1.8138728e-05
16.74999999999982,-3.7307647e-05,-4.84683e-06,1.2760065e-09,-1.6781433e-07,-5.828203e-06,1.8138728e-05
16.75999999999982,-3.7307647e-05,-4.84683e-06,1.2760067e-09,-1.6781432e-07,-5.828203e-06,1.8138728e-05
16.769999999999822,-3.7307647e-05,-4.84683e-06,1.2760066e-09,-1.6781432e-07,-5.828203e-06,1.8138728e-05
16.779999999999824,-3.7307647e-05,-4.84683e-06,1.2760066e-09,-1.6781433e-07,-5.828203e-06,1.8138728e-05
16.789999999999825,-3.730765e-05,-4.84683e-06,1.2760071e-09,-1.6781429e-07,-5.828203e-06,1.8138728e-05
16.799999999999827,-3.7307647e-05,-4.84683e-06,1.2760066e-09,-1.6781433e-07,-5.828203e-06,1.8138728e-05
16.809999999999828,-3.7307647e-05,-4.84683e-06,1.276007e-09,-1.6781429e-07,-5.828203e-06,1.8138728e-05
16.81999999999983,-3.730765e-05,-4.84683e-06,1.2760067e-09,-1.6781432e-07,-5.828203e-06,1.8138728e-05
16.82999999999983,-3.7307647e-05,-4.84683e-06,1.2760066e-09,-1.6781433e-07,-5.828203e-06,1.8138728e-05
16.839999999999833,-3.7307647e-05,-4.84683e-06,1.2760071e-09,-1.6781429e-07,-5.828203e-06,1.8138728e-05
16.849999999999834,-3.7307647e-05,-4.84683e-06,1.2760066e-09,-1.6781433e-07,-5.828203e-06,1.8138728e-05
16.859999999999836,-3.7307647e-05,-4.84683e-06,1.2760071e-09,-1.6781429e-07,-5.828203e-06,1.8138728e-05
16.869999999999838,-3.7307647e-05,-4.84683e-06,1.2760064e-09,-1.6781435e-07,-5.828203e-06,1.8138728e-05
16.87999999999984,-3.7307647e-05,-4.8468296e-06,1.2760066e-09,-1.6781432e-07,-5.828203e-06,1.8138728e-05
16.88999999999984,-3.7307647e-05,-4.84683e-06,1.2760065e-09,-1.6781435e-07,-5.828203e-06,1.8138728e-05
16.899999999999842,-3.7307647e-05,-4.8468296e-06,1.2760064e-09,-1.6781435e-07,-5.828203e-06,1.8138728e-05
16.909999999999844,-3.730765e-05,-4.8468296e-06,1.2760064e-09,-1.6781435e-07,-5.828203e-06,1.8138728e-05
16.919999999999845,-3.7307647e-05,-4.84683e-06,1.2760069e-09,-1.6781432e-07,-5.828203e-06,1.8138728e-05
16.929999999999847,-3.7307647e-05,-4.8468296e-06,1.2760066e-09,-1.6781433e-07,-5.828203e-06,1.8138728e-05
16.93999999999985,-3.730765e-05,-4.84683e-06,1.2760067e-09,-1.6781432e-07,-5.828203e-06,1.8138728e-05
16.94999999999985,-3.7307647e-05,-4.84683e-06,1.2760067e-09,-1.6781432e-07,-5.828203e-06,1.8138728e-05
16.95999999999985,-3.730765e-05,-4.84683e-06,1.2760069e-09,-1.678143e-07,-5.828203e-06,1.8138728e-05
16.969999999999853,-3.730765e-05,-4.84683e-06,1.2760069e-09,-1.678143e-07,-5.828203e-06,1.8138728e-05
16.979999999999855,-3.7307647e-05,-4.8468296e-06,1.2760063e-09,-1.6781435e-07,-5.828203e-06,1.8138728e-05
16.989999999999856,-3.7307647e-05,-4.8468296e-06,1.2760062e-09,-1.6781436e-07,-5.828203e-06,1.8138728e-05
16.999999999999858,-3.730765e-05,-4.84683e-06,1.2760076e-09,-1.6781426e-07,-5.828203e-06,1.8138728e-05
17.00999999999986,-3.7307647e-05,-4.8468296e-06,1.2760067e-09,-1.6781432e-07,-5.828203e-06,1.8138728e-05
17.01999999999986,-3.7307647e-05,-4.8468296e-06,1.2760064e-09,-1.6781433e-07,-5.828203e-06,1.8138728e-05
17.029999999999863,-3.7307647e-05,-4.8468296e-06,1.2760069e-09,-1.678143e-07,-5.828203e-06,1.8138728e-05
17.039999999999864,-3.7307647e-05,-4.8468296e-06,1.2760064e-09,-1.6781433e-07,-5.828203e-06,1.8138728e-05
17.049999999999866,-3.730765e-05,-4.84683e-06,1.2760074e-09,-1.6781428e-07,-5.828203e-06,1.8138728e-05
17.059999999999867,-3.730765e-05,-4.84683e-06,1.2760069e-09,-1.6781432e-07,-5.828203e-06,1.8138728e-05
17.06999999999987,-3.7307647e-05,-4.8468296e-06,1.2760065e-09,-1.6781433e-07,-5.828203e-06,1.8138728e-05
17.07999999999987,-3.7307647e-05,-4.84683e-06,1.2760067e-09,-1.6781432e-07,-5.828203e-06,1.8138728e-05
17.089999999999872,-3.7307647e-05,-4.84683e-06,1.2760066e-09,-1.6781433e-07,-5.828203e-06,1.8138728e-05
17.099999999999874,-3.7307647e-05,-4.8468296e-06,1.2760064e-09,-1.6781435e-07,-5.828203e-06,1.8138728e-05
17.109999999999875,-3.730765e-05,-4.84683e-06,1.276007e-09,-1.678143e-07,-5.828203e-06,1.8138728e-05
17.119999999999877,-3.7307647e-05,-4.84683e-06,1.2760064e-09,-1.6781435e-07,-5.828203e-06,1.8138728e-05
17.129999999999878,-3.730765e-05,-4.84683e-06,1.2760067e-09,-1.6781433e-07,-5.828203e-06,1.8138728e-05
17.13999999999988,-3.7307647e-05,-4.84683e-06,1.2760066e-09,-1.6781433e-07,-5.828203e-06,1.8138728e-05
17.14999999999988,-3.730765e-05,-4.84683e-06,1.2760066e-09,-1.6781433e-07,-5.828203e-06,1.8138728e-05
17.159999999999883,-3.7307647e-05,-4.84683e-06,1.276007e-09,-1.678143e-07,-5.828203e-06,1.8138728e-05
17.169999999999884,-3.7307647e-05,-4.8468296e-06,1.2760067e-09,-1.6781432e-07,-5.828203e-06,1.8138728e-05
17.179999999999886,-3.7307647e-05,-4.8468296e-06,1.2760067e-09,-1.6781432e-07,-5.828203e-06,1.8138728e-05
17.189999999999888,-3.7307647e-05,-4.8468296e-06,1.2760062e-09,-1.6781436e-07,-5.828203e-06,1.8138728e-05
17.19999999999989,-3.730765e-05,-4.84683e-06,1.2760064e-09,-1.6781435e-07,-5.828203e-06,1.8138728e-05
17.20999999999989,-3.7307647e-05,-4.84683e-06,1.2760067e-09,-1.6781432e-07,-5.828203e-06,1.8138728e-05
17.219999999999892,-3.730765e-05,-4.84683e-06,1.276007e-09,-1.678143e-07,-5.828203e-06,1.8138728e-05
17.229999999999894,-3.7307647e-05,-4.84683e-06,1.276007e-09,-1.678143e-07,-5.828203e-06,1.8138728e-05
17.239999999999895,-3.730765e-05,-4.84683e-06,1.276007e-09,-1.678143e-07,-5.828203e-06,1.8138728e-05
17.249999999999897,-3.730765e-05,-4.84683e-06,1.2760067e-09,-1.6781432e-07,-5.828203e-06,1.8138728e-05
17.2599999999999,-3.7307647e-05,-4.8468296e-06,1.2760065e-09,-1.6781433e-07,-5.828203e-06,1.8138728e-05
17.2699999999999,-3.7307647e-05,-4.8468296e-06,1.2760064e-09,-1.6781435e-07,-5.828203e-06,1.8138728e-05
17.2799999999999,-3.7307647e-05,-4.84683e-06,1.276007e-09,-1.678143e-07,-5.828203e-06,1.8138728e-05
17.289999999999903,-3.7307647e-05,-4.84683e-06,1.2760065e-09,-1.6781433e-07,-5.828203e-06,1.8138728e-05
17.299999999999905,-3.7307647e-05,-4.84683e-06,1.2760071e-09,-1.6781429e-07,-5.828203e-06,1.8138728e-05
17.309999999999906,-3.7307647e-05,-4.84683e-06,1.276007e-09,-1.678143e-07,-5.828203e-06,1.8138728e-05
17.319999999999908,-3.7307647e-05,-4.84683e-06,1.2760071e-09,-1.6781429e-07,-5.828203e-06,1.8138728e-05
17.32999999999991,-3.730765e-05,-4.84683e-06,1.2760066e-09,-1.6781433e-07,-5.828203e-06,1.8138728e-05
17.33999999999991,-3.7307647e-05,-4.84683e-06,1.2760071e-09,-1.6781429e-07,-5.828203e-06,1.8138728e-05
17.349999999999913,-3.7307647e-05,-4.84683e-06,1.2760069e-09,-1.6781432e-07,-5.828203e-06,1.8138728e-05
17.359999999999914,-3.7307647e-05,-4.8468296e-06,1.2760063e-09,-1.6781435e-07,-5.828203e-06,1.8138728e-05
17.369999999999916,-3.730765e-05,-4.8468296e-06,1.2760066e-09,-1.6781432e-07,-5.828203e-06,1.8138728e-05
17.379999999999917,-3.7307647e-05,-4.8468296e-06,1.2760064e-09,-1.6781435e-07,-5.828203e-06,1.8138728e-05
17.38999999999992,-3.730765e-05,-4.84683e-06,1.2760067e-09,-1.6781432e-07,-5.828203e-06,1.8138728e-05
17.39999999999992,-3.7307647e-05,-4.84683e-06,1.2760067e-09,-1.6781432e-07,-5.828203e-06,1.8138728e-05
17.409999999999922,-3.7307647e-05,-4.84683e-06,1.2760066e-09,-1.6781433e-07,-5.828203e-06,1.8138728e-05
17.419999999999924,-3.7307647e-05,-4.84683e-06,1.2760067e-09,-1.6781432e-07,-5.828203e-06,1.8138728e-05
17.429999999999925,-3.730765e-05,-4.8468296e-06,1.2760062e-09,-1.6781436e-07,-5.828203e-06,1.8138728e-05
17.439999999999927,-3.730765e-05,-4.84683e-06,1.2760071e-09,-1.6781429e-07,-5.828203e-06,1.8138728e-05
17.44999999999993,-3.730765e-05,-4.8468296e-06,1.2760066e-09,-1.6781432e-07,-5.828203e-06,1.8138728e-05
17.45999999999993,-3.730765e-05,-4.84683e-06,1.2760066e-09,-1.6781433e-07,-5.828203e-06,1.8138728e-05
17.46999999999993,-3.7307647e-05,-4.8468296e-06,1.2760063e-09,-1.6781436e-07,-5.828203e-06,1.8138728e-05
17.479999999999933,-3.730765e-05,-4.84683e-06,1.2760069e-09,-1.6781432e-07,-5.828203e-06,1.8138728e-05
17.489999999999934,-3.730765e-05,-4.84683e-06,1.2760071e-09,-1.678143e-07,-5.828203e-06,1.8138728e-05
17.499999999999936,-3.730765e-05,-4.84683e-06,1.276007e-09,-1.6781432e-07,-5.828203e-06,1.8138728e-05
17.509999999999938,-3.7307647e-05,-4.8468296e-06,1.2760066e-09,-1.6781433e-07,-5.828203e-06,1.8138728e-05
17.51999999999994,-3.7307647e-05,-4.84683e-06,1.2760067e-09,-1.6781432e-07,-5.828203e-06,1.8138728e-05
17.52999999999994,-3.7307647e-05,-4.8468296e-06,1.2760066e-09,-1.6781432e-07,-5.828203e-06,1.8138728e-05
17.539999999999942,-3.730765e-05,-4.8468296e-06,1.2760063e-09,-1.6781436e-07,-5.828203e-06,1.8138728e-05
17.549999999999944,-3.730765e-05,-4.8468296e-06,1.2760066e-09,-1.6781432e-07,-5.828203e-06,1.8138728e-05
17.559999999999945,-3.730765e-05,-4.84683e-06,1.276007e-09,-1.678143e-07,-5.828203e-06,1.8138728e-05
17.569999999999947,-3.730765e-05,-4.84683e-06,1.2760069e-09,-1.6781432e-07,-5.828203e-06,1.8138728e-05
17.57999999999995,-3.730765e-05,-4.84683e-06,1.2760069e-09,-1.6781432e-07,-5.828203e-06,1.8138728e-05
17.58999999999995,-3.7307647e-05,-4.8468296e-06,1.2760061e-09,-1.6781438e-07,-5.828203e-06,1.8138728e-05
17.59999999999995,-3.7307647e-05,-4.84683e-06,1.2760066e-09,-1.6781433e-07,-5.828203e-06,1.8138728e-05
17.609999999999953,-3.730765e-05,-4.8468296e-06,1.2760066e-09,-1.6781433e-07,-5.828203e-06,1.8138728e-05
17.619999999999955,-3.730765e-05,-4.84683e-06,1.2760065e-09,-1.6781433e-07,-5.828203e-06,1.8138728e-05
17.629999999999956,-3.7307647e-05,-4.8468296e-06,1.2760065e-09,-1.6781433e-07,-5.828203e-06,1.8138728e-05
17.639999999999958,-3.7307647e-05,-4.8468296e-06,1.2760061e-09,-1.6781436e-07,-5.828203e-06,1.8138728e-05
17.64999999999996,-3.7307647e-05,-4.8468296e-06,1.2760065e-09,-1.6781433e-07,-5.828203e-06,1.8138728e-05
17.65999999999996,-3.7307647e-05,-4.8468296e-06,1.2760065e-09,-1.6781433e-07,-5.828203e-06,1.8138728e-05
17.669999999999963,-3.7307647e-05,-4.84683e-06,1.2760072e-09,-1.6781429e-07,-5.828203e-06,1.8138728e-05
17.679999999999964,-3.730765e-05,-4.84683e-06,1.276007e-09,-1.678143e-07,-5.828203e-06,1.8138728e-05
17.689999999999966,-3.730765e-05,-4.8468296e-06,1.2760063e-09,-1.6781435e-07,-5.828203e-06,1.8138728e-05
17.699999999999967,-3.730765e-05,-4.84683e-06,1.2760067e-09,-1.6781433e-07,-5.828203e-06,1.8138728e-05
17.70999999999997,-3.7307647e-05,-4.8468296e-06,1.2760063e-09,-1.6781435e-07,-5.828203e-06,1.8138728e-05
17.71999999999997,-3.7307647e-05,-4.84683e-06,1.2760069e-09,-1.678143e-07,-5.828203e-06,1.8138728e-05
17.729999999999972,-3.7307647e-05,-4.84683e-06,1.2760067e-09,-1.6781432e-07,-5.828203e-06,1.8138728e-05
17.739999999999974,-3.7307647e-05,-4.84683e-06,1.276007e-09,-1.678143e-07,-5.828203e-06,1.8138728e-05
17.749999999999975,-3.730765e-05,-4.84683e-06,1.2760071e-09,-1.678143e-07,-5.828203e-06,1.8138728e-05
17.759999999999977,-3.7307647e-05,-4.8468296e-06,1.2760066e-09,-1.6781433e-07,-5.828203e-06,1.8138728e-05
17.76999999999998,-3.730765e-05,-4.84683e-06,1.2760069e-09,-1.6781432e-07,-5.828203e-06,1.8138728e-05
17.77999999999998,-3.730765e-05,-4.84683e-06,1.2760066e-09,-1.6781433e-07,-5.828203e-06,1.8138728e-05
17.78999999999998,-3.7307647e-05,-4.8468296e-06,1.2760064e-09,-1.6781435e-07,-5.828203e-06,1.8138728e-05
17.799999999999983,-3.730765e-05,-4.84683e-06,1.2760065e-09,-1.6781435e-07,-5.828203e-06,1.8138728e-05
17.809999999999985,-3.7307647e-05,-4.84683e-06,1.2760069e-09,-1.678143e-07,-5.828203e-06,1.8138728e-05
17.819999999999986,-3.7307647e-05,-4.8468296e-06,1.2760064e-09,-1.6781433e-07,-5.828203e-06,1.8138728e-05
17.829999999999988,-3.730765e-05,-4.8468296e-06,1.2760067e-09,-1.6781432e-07,-5.828203e-06,1.8138728e-05
17.83999999999999,-3.730765e-05,-4.84683e-06,1.2760066e-09,-1.6781432e-07,-5.828203e-06,1.8138728e-05
17.84999999999999,-3.7307647e-05,-4.84683e-06,1.2760073e-09,-1.6781428e-07,-5.828203e-06,1.8138728e-05
17.859999999999992,-3.730765e-05,-4.84683e-06,1.2760072e-09,-1.6781429e-07,-5.828203e-06,1.8138728e-05
17.869999999999994,-3.7307647e-05,-4.8468296e-06,1.2760064e-09,-1.6781435e-07,-5.828203e-06,1.8138728e-05
17.879999999999995,-3.730765e-05,-4.84683e-06,1.2760065e-09,-1.6781435e-07,-5.828203e-06,1.8138728e-05
17.889999999999997,-3.7307647e-05,-4.8468296e-06,1.276006e-09,-1.6781438e-07,-5.828203e-06,1.8138728e-05
17.9,-3.730765e-05,-4.8468296e-06,1.2760064e-09,-1.6781435e-07,-5.828203e-06,1.8138728e-05
17.91,-3.730765e-05,-4.84683e-06,1.2760067e-09,-1.6781433e-07,-5.828203e-06,1.8138728e-05
17.92,-3.730765e-05,-4.84683e-06,1.2760071e-09,-1.6781429e-07,-5.828203e-06,1.8138728e-05
17.930000000000003,-3.730765e-05,-4.84683e-06,1.2760066e-09,-1.6781432e-07,-5.828203e-06,1.8138728e-05
17.940000000000005,-3.7307647e-05,-4.84683e-06,1.276007e-09,-1.678143e-07,-5.828203e-06,1.8138728e-05
17.950000000000006,-3.730765e-05,-4.84683e-06,1.2760067e-09,-1.6781432e-07,-5.828203e-06,1.8138728e-05
17.960000000000008,-3.730765e-05,-4.84683e-06,1.2760069e-09,-1.6781432e-07,-5.828203e-06,1.8138728e-05
17.97000000000001,-3.7307647e-05,-4.8468296e-06,1.2760064e-09,-1.6781435e-07,-5.828203e-06,1.8138728e-05
17.98000000000001,-3.7307647e-05,-4.8468296e-06,1.2760064e-09,-1.6781435e-07,-5.828203e-06,1.8138728e-05
17.990000000000013,-3.730765e-05,-4.8468296e-06,1.2760066e-09,-1.6781432e-07,-5.828203e-06,1.8138728e-05
18.000000000000014,-3.7307647e-05,-4.84683e-06,1.276007e-09,-1.678143e-07,-5.828203e-06,1.8138728e-05
18.010000000000016,-3.730765e-05,-4.84683e-06,1.2760073e-09,-1.6781428e-07,-5.828203e-06,1.8138728e-05
18.020000000000017,-3.730765e-05,-4.84683e-06,1.2760066e-09,-1.6781433e-07,-5.828203e-06,1.8138728e-05
18.03000000000002,-3.7307647e-05,-4.84683e-06,1.2760069e-09,-1.678143e-07,-5.828203e-06,1.8138728e-05
18.04000000000002,-3.730765e-05,-4.84683e-06,1.2760069e-09,-1.6781432e-07,-5.828203e-06,1.8138728e-05
18.050000000000022,-3.7307647e-05,-4.84683e-06,1.2760072e-09,-1.6781429e-07,-5.828203e-06,1.8138728e-05
18.060000000000024,-3.7307647e-05,-4.8468296e-06,1.2760065e-09,-1.6781435e-07,-5.828203e-06,1.8138728e-05
18.070000000000025,-3.730765e-05,-4.84683e-06,1.2760069e-09,-1.678143e-07,-5.828203e-06,1.8138728e-05
18.080000000000027,-3.730765e-05,-4.84683e-06,1.2760067e-09,-1.6781432e-07,-5.828203e-06,1.8138728e-05
18.09000000000003,-3.7307647e-05,-4.8468296e-06,1.2760065e-09,-1.6781433e-07,-5.828203e-06,1.8138728e-05
18.10000000000003,-3.730765e-05,-4.84683e-06,1.2760067e-09,-1.6781432e-07,-5.828203e-06,1.8138728e-05
18.11000000000003,-3.7307647e-05,-4.8468296e-06,1.2760064e-09,-1.6781435e-07,-5.828203e-06,1.8138728e-05
18.120000000000033,-3.7307647e-05,-4.8468296e-06,1.2760063e-09,-1.6781436e-07,-5.828203e-06,1.8138728e-05
18.130000000000035,-3.7307647e-05,-4.8468296e-06,1.2760066e-09,-1.6781432e-07,-5.828203e-06,1.8138728e-05
18.140000000000036,-3.7307647e-05,-4.8468296e-06,1.2760057e-09,-1.6781439e-07,-5.828203e-06,1.8138728e-05
18.150000000000038,-3.7307647e-05,-4.8468296e-06,1.2760066e-09,-1.6781432e-07,-5.828203e-06,1.8138728e-05
18.16000000000004,-3.7307647e-05,-4.8468296e-06,1.2760066e-09,-1.6781433e-07,-5.828203e-06,1.8138728e-05
18.17000000000004,-3.730765e-05,-4.84683e-06,1.2760066e-09,-1.6781432e-07,-5.828203e-06,1.8138728e-05
18.180000000000042,-3.7307647e-05,-4.84683e-06,1.276007e-09,-1.678143e-07,-5.828203e-06,1.8138728e-05
18.190000000000044,-3.7307647e-05,-4.8468296e-06,1.2760064e-09,-1.6781435e-07,-5.828203e-06,1.8138728e-05
18.200000000000045,-3.7307647e-05,-4.8468296e-06,1.2760064e-09,-1.6781435e-07,-5.828203e-06,1.8138728e-05
18.210000000000047,-3.7307647e-05,-4.84683e-06,1.2760066e-09,-1.6781433e-07,-5.828203e-06,1.8138728e-05
18.22000000000005,-3.730765e-05,-4.8468296e-06,1.2760063e-09,-1.6781436e-07,-5.828203e-06,1.8138728e-05
18.23000000000005,-3.7307647e-05,-4.8468296e-06,1.2760066e-09,-1.6781432e-07,-5.828203e-06,1.8138728e-05
18.24000000000005,-3.730765e-05,-4.84683e-06,1.2760071e-09,-1.6781429e-07,-5.828203e-06,1.8138728e-05
18.250000000000053,-3.730765e-05,-4.84683e-06,1.2760069e-09,-1.6781432e-07,-5.828203e-06,1.8138728e-05
18.260000000000055,-3.7307647e-05,-4.8468296e-06,1.2760062e-09,-1.6781436e-07,-5.828203e-06,1.8138728e-05
18.270000000000056,-3.7307647e-05,-4.8468296e-06,1.2760061e-09,-1.6781438e-07,-5.828203e-06,1.8138728e-05
18.280000000000058,-3.7307647e-05,-4.8468296e-06,1.2760066e-09,-1.6781432e-07,-5.828203e-06,1.8138728e-05
18.29000000000006,-3.7307647e-05,-4.84683e-06,1.2760069e-09,-1.6781432e-07,-5.828203e-06,1.8138728e-05
18.30000000000006,-3.7307647e-05,-4.84683e-06,1.2760064e-09,-1.6781435e-07,-5.828203e-06,1.8138728e-05
18.310000000000063,-3.7307647e-05,-4.84683e-06,1.2760066e-09,-1.6781433e-07,-5.828203e-06,1.8138728e-05
18.320000000000064,-3.730765e-05,-4.84683e-06,1.2760069e-09,-1.6781432e-07,-5.828203e-06,1.8138728e-05
18.330000000000066,-3.7307647e-05,-4.8468296e-06,1.2760064e-09,-1.6781433e-07,-5.828203e-06,1.8138728e-05
18.340000000000067,-3.7307647e-05,-4.84683e-06,1.2760067e-09,-1.6781432e-07,-5.828203e-06,1.8138728e-05
18.35000000000007,-3.730765e-05,-4.84683e-06,1.2760066e-09,-1.6781433e-07,-5.828203e-06,1.8138728e-05
18.36000000000007,-3.7307647e-05,-4.8468296e-06,1.2760062e-09,-1.6781436e-07,-5.828203e-06,1.8138728e-05
18.370000000000072,-3.7307647e-05,-4.84683e-06,1.2760067e-09,-1.6781432e-07,-5.828203e-06,1.8138728e-05
18.380000000000074,-3.7307647e-05,-4.84683e-06,1.2760066e-09,-1.6781433e-07,-5.828203e-06,1.8138728e-05
18.390000000000075,-3.7307647e-05,-4.84683e-06,1.2760069e-09,-1.678143e-07,-5.828203e-06,1.8138728e-05
18.400000000000077,-3.7307647e-05,-4.8468296e-06,1.2760065e-09,-1.6781433e-07,-5.828203e-06,1.8138728e-05
18.41000000000008,-3.7307647e-05,-4.8468296e-06,1.2760063e-09,-1.6781436e-07,-5.828203e-06,1.8138728e-05
18.42000000000008,-3.7307647e-05,-4.8468296e-06,1.2760066e-09,-1.6781432e-07,-5.828203e-06,1.8138728e-05
18.43000000000008,-3.7307647e-05,-4.84683e-06,1.2760066e-09,-1.6781433e-07,-5.828203e-06,1.8138728e-05
18.440000000000083,-3.730765e-05,-4.8468296e-06,1.2760067e-09,-1.6781432e-07,-5.828203e-06,1.8138728e-05
18.450000000000085,-3.730765e-05,-4.84683e-06,1.2760066e-09,-1.6781433e-07,-5.828203e-06,1.8138728e-05
18.460000000000086,-3.7307647e-05,-4.8468296e-06,1.2760063e-09,-1.6781435e-07,-5.828203e-06,1.8138728e-05
18.470000000000088,-3.7307647e-05,-4.8468296e-06,1.2760066e-09,-1.6781433e-07,-5.828203e-06,1.8138728e-05
18.48000000000009,-3.730765e-05,-4.84683e-06,1.2760072e-09,-1.6781429e-07,-5.828203e-06,1.8138728e-05
18.49000000000009,-3.7307647e-05,-4.84683e-06,1.2760066e-09,-1.6781433e-07,-5.828203e-06,1.8138728e-05
18.500000000000092,-3.7307647e-05,-4.84683e-06,1.2760066e-09,-1.6781433e-07,-5.828203e-06,1.8138728e-05
18.510000000000094,-3.730765e-05,-4.8468296e-06,1.2760064e-09,-1.6781435e-07,-5.828203e-06,1.8138728e-05
18.520000000000095,-3.7307647e-05,-4.8468296e-06,1.2760066e-09,-1.6781432e-07,-5.828203e-06,1.8138728e-05
18.530000000000097,-3.7307647e-05,-4.8468296e-06,1.2760063e-09,-1.6781435e-07,-5.828203e-06,1.8138728e-05
18.5400000000001,-3.7307647e-05,-4.8468296e-06,1.2760063e-09,-1.6781436e-07,-5.828203e-06,1.8138728e-05
18.5500000000001,-3.7307647e-05,-4.8468296e-06,1.2760064e-09,-1.6781436e-07,-5.828203e-06,1.8138728e-05
18.5600000000001,-3.7307647e-05,-4.8468296e-06,1.2760065e-09,-1.6781433e-07,-5.828203e-06,1.8138728e-05
18.570000000000103,-3.7307647e-05,-4.84683e-06,1.2760069e-09,-1.678143e-07,-5.828203e-06,1.8138728e-05
18.580000000000105,-3.7307647e-05,-4.84683e-06,1.276007e-09,-1.678143e-07,-5.828203e-06,1.8138728e-05
18.590000000000106,-3.7307647e-05,-4.84683e-06,1.2760069e-09,-1.6781432e-07,-5.828203e-06,1.8138728e-05
18.600000000000108,-3.730765e-05,-4.8468296e-06,1.2760069e-09,-1.678143e-07,-5.828203e-06,1.8138728e-05
18.61000000000011,-3.7307647e-05,-4.8468296e-06,1.2760064e-09,-1.6781435e-07,-5.828203e-06,1.8138728e-05
18.62000000000011,-3.7307647e-05,-4.84683e-06,1.2760066e-09,-1.6781433e-07,-5.828203e-06,1.8138728e-05
18.630000000000113,-3.7307647e-05,-4.84683e-06,1.2760071e-09,-1.6781429e-07,-5.828203e-06,1.8138728e-05
18.640000000000114,-3.730765e-05,-4.84683e-06,1.2760069e-09,-1.6781432e-07,-5.828203e-06,1.8138728e-05
18.650000000000116,-3.730765e-05,-4.8468296e-06,1.2760064e-09,-1.6781435e-07,-5.828203e-06,1.8138728e-05
18.660000000000117,-3.730765e-05,-4.8468296e-06,1.2760064e-09,-1.6781435e-07,-5.828203e-06,1.8138728e-05
18.67000000000012,-3.7307647e-05,-4.8468296e-06,1.2760065e-09,-1.6781433e-07,-5.828203e-06,1.8138728e-05
18.68000000000012,-3.730765e-05,-4.84683e-06,1.276007e-09,-1.678143e-07,-5.828203e-06,1.8138728e-05
18.690000000000122,-3.730765e-05,-4.84683e-06,1.2760069e-09,-1.6781432e-07,-5.828203e-06,1.8138728e-05
18.700000000000124,-3.7307647e-05,-4.84683e-06,1.2760069e-09,-1.6781432e-07,-5.828203e-06,1.8138728e-05
18.710000000000125,-3.730765e-05,-4.84683e-06,1.2760065e-09,-1.6781435e-07,-5.828203e-06,1.8138728e-05
18.720000000000127,-3.730765e-05,-4.84683e-06,1.2760073e-09,-1.6781429e-07,-5.828203e-06,1.8138728e-05
18.73000000000013,-3.7307647e-05,-4.8468296e-06,1.2760066e-09,-1.6781433e-07,-5.828203e-06,1.8138728e-05
18.74000000000013,-3.730765e-05,-4.84683e-06,1.2760067e-09,-1.6781432e-07,-5.828203e-06,1.8138728e-05
18.75000000000013,-3.7307647e-05,-4.8468296e-06,1.2760063e-09,-1.6781435e-07,-5.828203e-06,1.8138728e-05
18.760000000000133,-3.730765e-05,-4.84683e-06,1.2760069e-09,-1.678143e-07,-5.828203e-06,1.8138728e-05
18.770000000000135,-3.730765e-05,-4.84683e-06,1.2760071e-09,-1.6781429e-07,-5.828203e-06,1.8138728e-05
18.780000000000136,-3.730765e-05,-4.84683e-06,1.2760071e-09,-1.678143e-07,-5.828203e-06,1.8138728e-05
18.790000000000138,-3.7307647e-05,-4.8468296e-06,1.2760069e-09,-1.678143e-07,-5.828203e-06,1.8138728e-05
18.80000000000014,-3.730765e-05,-4.84683e-06,1.2760063e-09,-1.6781436e-07,-5.828203e-06,1.8138728e-05
18.81000000000014,-3.7307647e-05,-4.8468296e-06,1.2760064e-09,-1.6781433e-07,-5.828203e-06,1.8138728e-05
18.820000000000142,-3.7307647e-05,-4.8468296e-06,1.2760063e-09,-1.6781436e-07,-5.828203e-06,1.8138728e-05
18.830000000000144,-3.730765e-05,-4.84683e-06,1.2760074e-09,-1.6781428e-07,-5.828203e-06,1.8138728e-05
18.840000000000146,-3.7307647e-05,-4.84683e-06,1.2760066e-09,-1.6781433e-07,-5.828203e-06,1.8138728e-05
18.850000000000147,-3.7307647e-05,-4.8468296e-06,1.2760063e-09,-1.6781435e-07,-5.828203e-06,1.8138728e-05
18.86000000000015,-3.7307647e-05,-4.84683e-06,1.276007e-09,-1.678143e-07,-5.828203e-06,1.8138728e-05
18.87000000000015,-3.7307647e-05,-4.8468296e-06,1.2760065e-09,-1.6781435e-07,-5.828203e-06,1.8138728e-05
18.88000000000015,-3.7307647e-05,-4.84683e-06,1.276007e-09,-1.678143e-07,-5.828203e-06,1.8138728e-05
18.890000000000153,-3.730765e-05,-4.84683e-06,1.2760069e-09,-1.6781432e-07,-5.828203e-06,1.8138728e-05
18.900000000000155,-3.7307647e-05,-4.84683e-06,1.2760063e-09,-1.6781436e-07,-5.828203e-06,1.8138728e-05
18.910000000000156,-3.730765e-05,-4.84683e-06,1.2760066e-09,-1.6781433e-07,-5.828203e-06,1.8138728e-05
18.920000000000158,-3.730765e-05,-4.84683e-06,1.2760067e-09,-1.6781432e-07,-5.828203e-06,1.8138728e-05
18.93000000000016,-3.730765e-05,-4.84683e-06,1.2760069e-09,-1.6781432e-07,-5.828203e-06,1.8138728e-05
18.94000000000016,-3.730765e-05,-4.84683e-06,1.2760066e-09,-1.6781433e-07,-5.828203e-06,1.8138728e-05
18.950000000000163,-3.730765e-05,-4.8468296e-06,1.2760062e-09,-1.6781436e-07,-5.828203e-06,1.8138728e-05
18.960000000000164,-3.7307647e-05,-4.8468296e-06,1.2760062e-09,-1.6781435e-07,-5.828203e-06,1.8138728e-05
18.970000000000166,-3.7307647e-05,-4.84683e-06,1.2760069e-09,-1.6781432e-07,-5.828203e-06,1.8138728e-05
18.980000000000167,-3.730765e-05,-4.84683e-06,1.2760071e-09,-1.6781429e-07,-5.828203e-06,1.8138728e-05
18.99000000000017,-3.7307647e-05,-4.84683e-06,1.2760066e-09,-1.6781433e-07,-5.828203e-06,1.8138728e-05
19.00000000000017,-3.730765e-05,-4.84683e-06,1.2760067e-09,-1.6781432e-07,-5.828203e-06,1.8138728e-05
19.010000000000172,-3.7307647e-05,-4.84683e-06,1.2760071e-09,-1.6781429e-07,-5.828203e-06,1.8138728e-05
19.020000000000174,-3.7307647e-05,-4.8468296e-06,1.2760063e-09,-1.6781435e-07,-5.828203e-06,1.8138728e-05
19.030000000000175,-3.730765e-05,-4.84683e-06,1.2760071e-09,-1.6781429e-07,-5.828203e-06,1.8138728e-05
19.040000000000177,-3.7307647e-05,-4.8468296e-06,1.276006e-09,-1.6781438e-07,-5.828203e-06,1.8138728e-05
19.05000000000018,-3.730765e-05,-4.84683e-06,1.276007e-09,-1.6781432e-07,-5.828203e-06,1.8138728e-05
19.06000000000018,-3.7307647e-05,-4.84683e-06,1.2760069e-09,-1.6781432e-07,-5.828203e-06,1.8138728e-05
19.07000000000018,-3.7307647e-05,-4.8468296e-06,1.2760064e-09,-1.6781435e-07,-5.828203e-06,1.8138728e-05
19.080000000000183,-3.730765e-05,-4.84683e-06,1.2760069e-09,-1.6781432e-07,-5.828203e-06,1.8138728e-05
19.090000000000185,-3.7307647e-05,-4.84683e-06,1.2760069e-09,-1.6781432e-07,-5.828203e-06,1.8138728e-05
19.100000000000186,-3.7307647e-05,-4.84683e-06,1.2760066e-09,-1.6781432e-07,-5.828203e-06,1.8138728e-05
19.110000000000188,-3.730765e-05,-4.84683e-06,1.2760067e-09,-1.6781432e-07,-5.828203e-06,1.8138728e-05
19.12000000000019,-3.730765e-05,-4.84683e-06,1.2760067e-09,-1.6781432e-07,-5.828203e-06,1.8138728e-05
19.13000000000019,-3.7307647e-05,-4.8468296e-06,1.2760063e-09,-1.6781436e-07,-5.828203e-06,1.8138728e-05
19.140000000000192,-3.7307647e-05,-4.8468296e-06,1.2760066e-09,-1.6781433e-07,-5.828203e-06,1.8138728e-05
19.150000000000194,-3.7307647e-05,-4.84683e-06,1.2760067e-09,-1.6781432e-07,-5.828203e-06,1.8138728e-05
19.160000000000196,-3.7307647e-05,-4.8468296e-06,1.2760065e-09,-1.6781433e-07,-5.828203e-06,1.8138728e-05
19.170000000000197,-3.7307647e-05,-4.8468296e-06,1.2760067e-09,-1.678143e-07,-5.828203e-06,1.8138728e-05
19.1800000000002,-3.7307647e-05,-4.8468296e-06,1.2760065e-09,-1.6781433e-07,-5.828203e-06,1.8138728e-05
19.1900000000002,-3.7307647e-05,-4.84683e-06,1.2760066e-09,-1.6781433e-07,-5.828203e-06,1.8138728e-05
19.200000000000202,-3.7307647e-05,-4.8468296e-06,1.2760067e-09,-1.678143e-07,-5.828203e-06,1.8138728e-05
19.210000000000203,-3.730765e-05,-4.84683e-06,1.2760067e-09,-1.6781432e-07,-5.828203e-06,1.8138728e-05
19.220000000000205,-3.7307647e-05,-4.8468296e-06,1.276006e-09,-1.6781438e-07,-5.828203e-06,1.8138728e-05
19.230000000000206,-3.7307647e-05,-4.8468296e-06,1.2760064e-09,-1.6781435e-07,-5.828203e-06,1.8138728e-05
19.240000000000208,-3.730765e-05,-4.8468296e-06,1.2760062e-09,-1.6781436e-07,-5.828203e-06,1.8138728e-05
19.25000000000021,-3.7307647e-05,-4.84683e-06,1.2760065e-09,-1.6781435e-07,-5.828203e-06,1.8138728e-05
19.26000000000021,-3.730765e-05,-4.84683e-06,1.276007e-09,-1.678143e-07,-5.828203e-06,1.8138728e-05
19.270000000000213,-3.730765e-05,-4.84683e-06,1.276007e-09,-1.678143e-07,-5.828203e-06,1.8138728e-05
19.280000000000214,-3.7307647e-05,-4.8468296e-06,1.2760064e-09,-1.6781435e-07,-5.828203e-06,1.8138728e-05
19.290000000000216,-3.730765e-05,-4.84683e-06,1.2760069e-09,-1.6781432e-07,-5.828203e-06,1.8138728e-05
19.300000000000217,-3.730765e-05,-4.84683e-06,1.2760071e-09,-1.6781429e-07,-5.828203e-06,1.8138728e-05
19.31000000000022,-3.7307647e-05,-4.8468296e-06,1.2760064e-09,-1.6781435e-07,-5.828203e-06,1.8138728e-05
19.32000000000022,-3.730765e-05,-4.84683e-06,1.2760071e-09,-1.6781429e-07,-5.828203e-06,1.8138728e-05
19.330000000000222,-3.730765e-05,-4.84683e-06,1.276007e-09,-1.678143e-07,-5.828203e-06,1.8138728e-05
19.340000000000224,-3.7307647e-05,-4.8468296e-06,1.2760067e-09,-1.6781432e-07,-5.828203e-06,1.8138728e-05
19.350000000000225,-3.730765e-05,-4.84683e-06,1.2760067e-09,-1.6781432e-07,-5.828203e-06,1.8138728e-05
19.360000000000227,-3.7307647e-05,-4.84683e-06,1.2760071e-09,-1.678143e-07,-5.828203e-06,1.8138728e-05
19.37000000000023,-3.7307647e-05,-4.8468296e-06,1.2760062e-09,-1.6781436e-07,-5.828203e-06,1.8138728e-05
19.38000000000023,-3.7307647e-05,-4.84683e-06,1.2760066e-09,-1.6781432e-07,-5.828203e-06,1.8138728e-05
19.39000000000023,-3.7307647e-05,-4.8468296e-06,1.2760064e-09,-1.6781433e-07,-5.828203e-06,1.8138728e-05
19.400000000000233,-3.7307647e-05,-4.84683e-06,1.2760069e-09,-1.6781432e-07,-5.828203e-06,1.8138728e-05
19.410000000000235,-3.7307647e-05,-4.84683e-06,1.2760071e-09,-1.6781429e-07,-5.828203e-06,1.8138728e-05
19.420000000000236,-3.7307647e-05,-4.84683e-06,1.2760069e-09,-1.6781432e-07,-5.828203e-06,1.8138728e-05
19.430000000000238,-3.7307647e-05,-4.8468296e-06,1.2760055e-09,-1.678144e-07,-5.828203e-06,1.8138728e-05
19.44000000000024,-3.7307647e-05,-4.8468296e-06,1.2760061e-09,-1.6781436e-07,-5.828203e-06,1.8138728e-05
19.45000000000024,-3.7307647e-05,-4.8468296e-06,1.2760064e-09,-1.6781435e-07,-5.828203e-06,1.8138728e-05
19.460000000000242,-3.7307647e-05,-4.8468296e-06,1.2760061e-09,-1.6781436e-07,-5.828203e-06,1.8138728e-05
19.470000000000244,-3.7307647e-05,-4.84683e-06,1.2760066e-09,-1.6781433e-07,-5.828203e-06,1.8138728e-05
19.480000000000246,-3.730765e-05,-4.8468296e-06,1.2760062e-09,-1.6781436e-07,-5.828203e-06,1.8138728e-05
19.490000000000247,-3.7307647e-05,-4.84683e-06,1.2760069e-09,-1.6781432e-07,-5.828203e-06,1.8138728e-05
19.50000000000025,-3.730765e-05,-4.8468296e-06,1.2760063e-09,-1.6781435e-07,-5.828203e-06,1.8138728e-05
19.51000000000025,-3.730765e-05,-4.8468296e-06,1.2760067e-09,-1.6781432e-07,-5.828203e-06,1.8138728e-05
19.520000000000252,-3.7307647e-05,-4.84683e-06,1.2760069e-09,-1.678143e-07,-5.828203e-06,1.8138728e-05
19.530000000000253,-3.7307647e-05,-4.84683e-06,1.2760069e-09,-1.678143e-07,-5.828203e-06,1.8138728e-05
19.540000000000255,-3.730765e-05,-4.84683e-06,1.2760072e-09,-1.6781429e-07,-5.828203e-06,1.8138728e-05
19.550000000000257,-3.730765e-05,-4.84683e-06,1.2760071e-09,-1.6781429e-07,-5.828203e-06,1.8138728e-05
19.560000000000258,-3.7307647e-05,-4.8468296e-06,1.2760062e-09,-1.6781436e-07,-5.828203e-06,1.8138728e-05
19.57000000000026,-3.730765e-05,-4.8468296e-06,1.2760064e-09,-1.6781435e-07,-5.828203e-06,1.8138728e-05
19.58000000000026,-3.7307647e-05,-4.8468296e-06,1.2760065e-09,-1.6781433e-07,-5.828203e-06,1.8138728e-05
19.590000000000263,-3.7307647e-05,-4.84683e-06,1.2760066e-09,-1.6781433e-07,-5.828203e-06,1.8138728e-05
19.600000000000264,-3.730765e-05,-4.8468296e-06,1.2760066e-09,-1.6781432e-07,-5.828203e-06,1.8138728e-05
19.610000000000266,-3.7307647e-05,-4.8468296e-06,1.2760065e-09,-1.6781433e-07,-5.828203e-06,1.8138728e-05
19.620000000000267,-3.7307647e-05,-4.84683e-06,1.2760069e-09,-1.678143e-07,-5.828203e-06,1.8138728e-05
19.63000000000027,-3.7307647e-05,-4.8468296e-06,1.2760064e-09,-1.6781435e-07,-5.828203e-06,1.8138728e-05
19.64000000000027,-3.730765e-05,-4.84683e-06,1.2760069e-09,-1.678143e-07,-5.828203e-06,1.8138728e-05
19.650000000000272,-3.7307647e-05,-4.8468296e-06,1.2760061e-09,-1.6781438e-07,-5.828203e-06,1.8138728e-05
19.660000000000274,-3.7307647e-05,-4.84683e-06,1.2760072e-09,-1.6781429e-07,-5.828203e-06,1.8138728e-05
19.670000000000275,-3.7307647e-05,-4.8468296e-06,1.2760064e-09,-1.6781435e-07,-5.828203e-06,1.8138728e-05
19.680000000000277,-3.7307647e-05,-4.8468296e-06,1.2760062e-09,-1.6781436e-07,-5.828203e-06,1.8138728e-05
19.69000000000028,-3.7307647e-05,-4.84683e-06,1.2760067e-09,-1.6781432e-07,-5.828203e-06,1.8138728e-05
19.70000000000028,-3.7307647e-05,-4.84683e-06,1.276007e-09,-1.678143e-07,-5.828203e-06,1.8138728e-05
19.71000000000028,-3.730765e-05,-4.84683e-06,1.2760073e-09,-1.6781429e-07,-5.828203e-06,1.8138728e-05
19.720000000000283,-3.7307647e-05,-4.84683e-06,1.2760067e-09,-1.6781432e-07,-5.828203e-06,1.8138728e-05
19.730000000000285,-3.730765e-05,-4.8468296e-06,1.2760064e-09,-1.6781435e-07,-5.828203e-06,1.8138728e-05
19.740000000000286,-3.7307647e-05,-4.8468296e-06,1.2760066e-09,-1.6781432e-07,-5.828203e-06,1.8138728e-05
19.750000000000288,-3.7307647e-05,-4.8468296e-06,1.2760066e-09,-1.6781432e-07,-5.828203e-06,1.8138728e-05
19.76000000000029,-3.7307647e-05,-4.84683e-06,1.2760073e-09,-1.6781428e-07,-5.828203e-06,1.8138728e-05
19.77000000000029,-3.7307647e-05,-4.8468296e-06,1.2760064e-09,-1.6781435e-07,-5.828203e-06,1.8138728e-05
19.780000000000292,-3.7307647e-05,-4.8468296e-06,1.2760065e-09,-1.6781433e-07,-5.828203e-06,1.8138728e-05
19.790000000000294,-3.7307647e-05,-4.8468296e-06,1.2760065e-09,-1.6781433e-07,-5.828203e-06,1.8138728e-05
19.800000000000296,-3.730765e-05,-4.84683e-06,1.2760066e-09,-1.6781433e-07,-5.828203e-06,1.8138728e-05
19.810000000000297,-3.730765e-05,-4.8468296e-06,1.2760062e-09,-1.6781436e-07,-5.828203e-06,1.8138728e-05
19.8200000000003,-3.730765e-05,-4.84683e-06,1.2760072e-09,-1.6781429e-07,-5.828203e-06,1.8138728e-05
19.8300000000003,-3.730765e-05,-4.84683e-06,1.276007e-09,-1.678143e-07,-5.828203e-06,1.8138728e-05
19.840000000000302,-3.7307647e-05,-4.8468296e-06,1.2760063e-09,-1.6781436e-07,-5.828203e-06,1.8138728e-05
19.850000000000303,-3.7307647e-05,-4.84683e-06,1.2760069e-09,-1.6781432e-07,-5.828203e-06,1.8138728e-05
19.860000000000305,-3.730765e-05,-4.8468296e-06,1.2760065e-09,-1.6781433e-07,-5.828203e-06,1.8138728e-05
19.870000000000307,-3.730765e-05,-4.84683e-06,1.2760069e-09,-1.6781432e-07,-5.828203e-06,1.8138728e-05
19.880000000000308,-3.730765e-05,-4.84683e-06,1.2760072e-09,-1.6781429e-07,-5.828203e-06,1.8138728e-05
19.89000000000031,-3.730765e-05,-4.84683e-06,1.2760069e-09,-1.6781432e-07,-5.828203e-06,1.8138728e-05
19.90000000000031,-3.730765e-05,-4.84683e-06,1.2760071e-09,-1.678143e-07,-5.828203e-06,1.8138728e-05
19.910000000000313,-3.7307647e-05,-4.84683e-06,1.2760066e-09,-1.6781433e-07,-5.828203e-06,1.8138728e-05
19.920000000000314,-3.7307647e-05,-4.84683e-06,1.2760066e-09,-1.6781433e-07,-5.828203e-06,1.8138728e-05
19.930000000000316,-3.730765e-05,-4.84683e-06,1.2760069e-09,-1.678143e-07,-5.828203e-06,1.8138728e-05
19.940000000000317,-3.730765e-05,-4.84683e-06,1.2760066e-09,-1.6781433e-07,-5.828203e-06,1.8138728e-05
19.95000000000032,-3.730765e-05,-4.84683e-06,1.2760069e-09,-1.6781432e-07,-5.828203e-06,1.8138728e-05
19.96000000000032,-3.7307647e-05,-4.8468296e-06,1.2760063e-09,-1.6781435e-07,-5.828203e-06,1.8138728e-05
19.970000000000322,-3.7307647e-05,-4.84683e-06,1.2760065e-09,-1.6781435e-07,-5.828203e-06,1.8138728e-05
19.980000000000324,-3.730765e-05,-4.84683e-06,1.2760073e-09,-1.6781429e-07,-5.828203e-06,1.8138728e-05
19.990000000000325,-3.730765e-05,-4.84683e-06,1.276007e-09,-1.6781432e-07,-5.828203e-06,1.8138728e-05
20.000000000000327,-3.730765e-05,-4.84683e-06,1.2760071e-09,-1.6781429e-07,-5.828203e-06,1.8138728e-05
20.01000000000033,-3.730765e-05,-4.84683e-06,1.276007e-09,-1.6781432e-07,-5.828203e-06,1.8138728e-05
20.02000000000033,-3.730765e-05,-4.84683e-06,1.276007e-09,-1.678143e-07,-5.828203e-06,1.8138728e-05
20.03000000000033,-3.7307647e-05,-4.84683e-06,1.2760064e-09,-1.6781435e-07,-5.828203e-06,1.8138728e-05
20.040000000000333,-3.7307647e-05,-4.84683e-06,1.2760066e-09,-1.6781432e-07,-5.828203e-06,1.8138728e-05
20.050000000000335,-3.7307647e-05,-4.8468296e-06,1.276006e-09,-1.6781439e-07,-5.828203e-06,1.8138728e-05
20.060000000000336,-3.730765e-05,-4.84683e-06,1.2760067e-09,-1.6781432e-07,-5.828203e-06,1.8138728e-05
20.070000000000338,-3.7307647e-05,-4.84683e-06,1.2760065e-09,-1.6781433e-07,-5.828203e-06,1.8138728e-05
20.08000000000034,-3.730765e-05,-4.8468296e-06,1.276007e-09,-1.6781429e-07,-5.828203e-06,1.8138728e-05
20.09000000000034,-3.730765e-05,-4.84683e-06,1.2760071e-09,-1.678143e-07,-5.828203e-06,1.8138728e-05
20.100000000000342,-3.7307647e-05,-4.8468296e-06,1.2760064e-09,-1.6781433e-07,-5.828203e-06,1.8138728e-05
20.110000000000344,-3.7307647e-05,-4.8468296e-06,1.2760064e-09,-1.6781435e-07,-5.828203e-06,1.8138728e-05
20.120000000000346,-3.7307647e-05,-4.84683e-06,1.2760066e-09,-1.6781433e-07,-5.828203e-06,1.8138728e-05
20.130000000000347,-3.730765e-05,-4.8468296e-06,1.2760065e-09,-1.6781433e-07,-5.828203e-06,1.8138728e-05
20.14000000000035,-3.7307647e-05,-4.8468296e-06,1.2760063e-09,-1.6781436e-07,-5.828203e-06,1.8138728e-05
20.15000000000035,-3.730765e-05,-4.84683e-06,1.2760073e-09,-1.6781428e-07,-5.828203e-06,1.8138728e-05
20.160000000000352,-3.730765e-05,-4.84683e-06,1.2760074e-09,-1.6781428e-07,-5.828203e-06,1.8138728e-05
20.170000000000353,-3.730765e-05,-4.84683e-06,1.2760066e-09,-1.6781433e-07,-5.828203e-06,1.8138728e-05
20.180000000000355,-3.7307647e-05,-4.8468296e-06,1.2760065e-09,-1.6781433e-07,-5.828203e-06,1.8138728e-05
20.190000000000357,-3.730765e-05,-4.84683e-06,1.2760067e-09,-1.6781432e-07,-5.828203e-06,1.8138728e-05
20.200000000000358,-3.7307647e-05,-4.84683e-06,1.2760066e-09,-1.6781433e-07,-5.828203e-06,1.8138728e-05
20.21000000000036,-3.730765e-05,-4.84683e-06,1.2760067e-09,-1.6781433e-07,-5.828203e-06,1.8138728e-05
20.22000000000036,-3.7307647e-05,-4.8468296e-06,1.2760059e-09,-1.6781439e-07,-5.828203e-06,1.8138728e-05
20.230000000000363,-3.7307647e-05,-4.8468296e-06,1.2760063e-09,-1.6781435e-07,-5.828203e-06,1.8138728e-05
20.240000000000364,-3.7307647e-05,-4.8468296e-06,1.2760065e-09,-1.6781433e-07,-5.828203e-06,1.8138728e-05
20.250000000000366,-3.730765e-05,-4.84683e-06,1.2760073e-09,-1.6781429e-07,-5.828203e-06,1.8138728e-05
20.260000000000367,-3.7307647e-05,-4.8468296e-06,1.2760064e-09,-1.6781433e-07,-5.828203e-06,1.8138728e-05
20.27000000000037,-3.7307647e-05,-4.8468296e-06,1.2760063e-09,-1.6781435e-07,-5.828203e-06,1.8138728e-05
20.28000000000037,-3.730765e-05,-4.84683e-06,1.2760073e-09,-1.6781429e-07,-5.828203e-06,1.8138728e-05
20.290000000000372,-3.730765e-05,-4.8468296e-06,1.2760063e-09,-1.6781436e-07,-5.828203e-06,1.8138728e-05
20.300000000000374,-3.7307647e-05,-4.8468296e-06,1.2760066e-09,-1.6781433e-07,-5.828203e-06,1.8138728e-05
20.310000000000375,-3.730765e-05,-4.84683e-06,1.2760066e-09,-1.6781433e-07,-5.828203e-06,1.8138728e-05
20.320000000000377,-3.730765e-05,-4.84683e-06,1.276007e-09,-1.678143e-07,-5.828203e-06,1.8138728e-05
20.33000000000038,-3.730765e-05,-4.8468296e-06,1.2760065e-09,-1.6781433e-07,-5.828203e-06,1.8138728e-05
20.34000000000038,-3.7307647e-05,-4.84683e-06,1.2760066e-09,-1.6781433e-07,-5.828203e-06,1.8138728e-05
20.35000000000038,-3.7307647e-05,-4.8468296e-06,1.2760066e-09,-1.6781433e-07,-5.828203e-06,1.8138728e-05
20.360000000000383,-3.730765e-05,-4.84683e-06,1.2760071e-09,-1.678143e-07,-5.828203e-06,1.8138728e-05
20.370000000000385,-3.730765e-05,-4.84683e-06,1.276007e-09,-1.678143e-07,-5.828203e-06,1.8138728e-05
0.01,-0.086005434,-0.2048099,-0.006009943,-0.44605622,-0.39557806,-0.49343228
0.02,-3.0203464e-05,-5.730961e-06,2.2262572e-09,-1.0263239e-07,9.655288e-09,1.793854e-05
0.03,-3.7346217e-05,-4.9853015e-06,1.4968918e-09,-1.5456996e-07,-5.6950266e-06,1.8213277e-05
0.04,-3.7354745e-05,-4.831645e-06,1.2145159e-09,-1.7281117e-07,-5.9017966e-06,1.814502e-05
0.05,-3.7311216e-05,-4.844271e-06,1.2692906e-09,-1.6832045e-07,-5.8341193e-06,1.8138773e-05
0.060000000000000005,-3.7306614e-05,-4.8468764e-06,1.2767382e-09,-1.677459e-07,-5.826953e-06,1.813841e-05
0.07,-3.7307513e-05,-4.8468883e-06,1.2761985e-09,-1.6779902e-07,-5.827996e-06,1.8138702e-05
0.08,-3.7307665e-05,-4.8468314e-06,1.2759971e-09,-1.6781534e-07,-5.828223e-06,1.8138735e-05
0.09,-3.7307655e-05,-4.8468287e-06,1.2760015e-09,-1.6781476e-07,-5.8282094e-06,1.813873e-05
0.09999999999999999,-2.2429278e-05,-6.795153e-06,1.4459034e-08,1.0262572e-06,1.4430831e-05,1.23954105e-05
0.10999999999999999,-4.466481e-06,-9.189132e-06,3.0398805e-08,2.4672836e-06,3.8866034e-05,5.53089e-06
0.11999999999999998,1.3541735e-05,-1.1549145e-05,4.625667e-08,3.9029505e-06,6.335347e-05,-1.3725603e-06
0.12999999999999998,3.1575768e-05,-1.389479e-05,6.20791e-08,5.3362637e-06,8.7877685e-05,-8.292827e-06
0.13999999999999999,4.963817e-05,-1.6234528e-05,7.7886156e-08,6.76857e-06,0.00011244378,-1.522307e-05
0.15,6.772831e-05,-1.856679e-05,9.367467e-08,8.1996495e-06,0.00013705014,-2.2163551e-05
0.16,8.584955e-05,-2.0887284e-05,1.09439384e-07,9.629236e-06,0.0001616988,-2.9117242e-05
0.17,0.00010399829,-2.3199356e-05,1.2518363e-07,1.1057463e-05,0.0001863868,-3.6081434e-05
0.18000000000000002,0.00012217404,-2.5503394e-05,1.4090772e-07,1.2484338e-05,0.00021111361,-4.3055792e-05
0.19000000000000003,0.00014037677,-2.7798933e-05,1.5661077e-07,1.3909801e-05,0.00023587885,-5.004047e-05
0.20000000000000004,0.00015860582,-3.0086157e-05,1.7229259e-07,1.5333826e-05,0.00026068167,-5.7035133e-05
0.21000000000000005,0.00017685725,-3.2369302e-05,1.8795784e-07,1.6756621e-05,0.0002855192,-6.403661e-05
0.22000000000000006,0.00019513864,-3.4639117e-05,2.0359555e-07,1.8177649e-05,0.00031039605,-7.1051436e-05
0.23000000000000007,0.00021344499,-3.6900023e-05,2.1920981e-07,1.9597057e-05,0.00033530817,-7.8075864e-05
0.24000000000000007,0.00023177607,-3.91522e-05,2.3480082e-07,2.1014852e-05,0.0003602553,-8.5109765e-05
0.25000000000000006,0.00025013162,-4.1395448e-05,2.50368e-07,2.2430992e-05,0.0003852368,-9.215311e-05
0.26000000000000006,0.00026851127,-4.362965e-05,2.6591087e-07,2.3845429e-05,0.0004102521,-9.920579e-05
0.2700000000000001,0.0002869112,-4.5858833e-05,2.814337e-07,2.5258358e-05,0.00043529837,-0.000106264735
0.2800000000000001,0.00030533862,-4.8074384e-05,2.9692646e-07,2.6669291e-05,0.00046037982,-0.00011333613
0.2900000000000001,0.00032378905,-5.027993e-05,3.1239225e-07,2.8078322e-05,0.00048549296,-0.00012041672
0.3000000000000001,0.00034225805,-5.248065e-05,3.2783697e-07,2.9485735e-05,0.0005106348,-0.00012750279
0.3100000000000001,0.00036074966,-5.4671942e-05,3.4325552e-07,3.0891286e-05,0.0005358075,-0.00013459778
0.3200000000000001,0.0003792637,-5.685291e-05,3.5864605e-07,3.229485e-05,0.0005610105,-0.00014170185
0.3300000000000001,0.0003978032,-5.9019385e-05,3.7400324e-07,3.369616e-05,0.0005862451,-0.00014881782
0.34000000000000014,0.00041635928,-6.1180544e-05,3.893369e-07,3.509563e-05,0.0006115054,-0.00015593859
0.35000000000000014,0.00043493658,-6.333178e-05,4.046423e-07,3.6493067e-05,0.00063679414,-0.00016306785
0.36000000000000015,0.00045353442,-6.547273e-05,4.1991822e-07,3.788838e-05,0.0006621102,-0.00017020543
0.37000000000000016,0.00047215255,-6.7603134e-05,4.35164e-07,3.928151e-05,0.0006874531,-0.00017735129
0.38000000000000017,0.0004907902,-6.9723304e-05,4.5037956e-07,4.067244e-05,0.00071282196,-0.00018450504
0.3900000000000002,0.0005094475,-7.1832685e-05,4.6556397e-07,4.2061103e-05,0.00073821633,-0.00019166688
0.4000000000000002,0.0005281281,-7.392635e-05,4.807112e-07,4.3447206e-05,0.0007636382,-0.00019884025
0.4100000000000002,0.0005468267,-7.600936e-05,4.958261e-07,4.483092e-05,0.00078908366,-0.00020602088
0.4200000000000002,0.0005655436,-7.808146e-05,5.109086e-07,4.6212255e-05,0.0008145526,-0.00021320913
0.4300000000000002,0.0005842789,-8.014208e-05,5.259577e-07,4.7591155e-05,0.0008400447,-0.00022040524
0.4400000000000002,0.0006030267,-8.219735e-05,5.409799e-07,4.8967886e-05,0.000865556,-0.00022760448
0.45000000000000023,0.00062179286,-8.424113e-05,5.5596877e-07,5.034218e-05,0.0008910896,-0.00023481167
0.46000000000000024,0.00064057735,-8.627184e-05,5.7092126e-07,5.1713843e-05,0.00091664493,-0.00024202728
0.47000000000000025,0.0006593804,-8.828883e-05,5.858364e-07,5.3082797e-05,0.0009422219,-0.00024925164
0.48000000000000026,0.00067819585,-9.029802e-05,6.0072e-07,5.4449287e-05,0.0009678162,-0.00025647995
0.49000000000000027,0.00069703045,-9.229268e-05,6.1556534e-07,5.581303e-05,0.0009934315,-0.00026371764
0.5000000000000002,0.0007158823,-9.4273535e-05,6.3037197e-07,5.717395e-05,0.0010190664,-0.00027096353
0.5100000000000002,0.0007347442,-9.624769e-05,6.451473e-07,5.8532358e-05,0.0010447161,-0.00027821198
0.5200000000000002,0.0007536227,-9.820872e-05,6.598849e-07,5.9887996e-05,0.0010703838,-0.0002854683
0.5300000000000002,0.00077251706,-0.00010015624,6.745834e-07,6.124075e-05,0.001096069,-0.00029273218
0.5400000000000003,0.00079142407,-0.00010209314,6.892454e-07,6.259071e-05,0.0011217692,-0.00030000115
0.5500000000000003,0.00081034494,-0.000104017345,7.0386835e-07,6.393775e-05,0.0011474843,-0.00030727664
0.5600000000000003,0.00082928257,-0.00010592702,7.184508e-07,6.528183e-05,0.0011732166,-0.00031456043
0.5700000000000003,0.000848231,-0.00010782542,7.329943e-07,6.662291e-05,0.0011989612,-0.0003218488
0.5800000000000003,0.00086719485,-0.00010970951,7.4749676e-07,6.7960966e-05,0.0012247211,-0.0003291449
0.5900000000000003,0.0008861675,-0.00011158415,7.61962e-07,6.929609e-05,0.0012504914,-0.00033644412
0.6000000000000003,0.0009051528,-0.000113446215,7.7638737e-07,7.06282e-05,0.001276274,-0.00034374933
0.6100000000000003,0.0009241486,-0.000115296825,7.9077313e-07,7.195726e-05,0.0013020672,-0.00035105908
0.6200000000000003,0.00094315724,-0.000117134325,8.05118e-07,7.328325e-05,0.0013278727,-0.00035837505
0.6300000000000003,0.00096217636,-0.00011895772,8.194188e-07,7.4605894e-05,0.001353687,-0.00036569664
0.6400000000000003,0.0009812075,-0.00012076891,8.336794e-07,7.5925476e-05,0.001379513,-0.0003730237
0.6500000000000004,0.0010002487,-0.00012256607,8.478957e-07,7.7241704e-05,0.0014053469,-0.00038035618
0.6600000000000004,0.0010193001,-0.00012435096,8.6207046e-07,7.855473e-05,0.0014311898,-0.00038769344
0.6700000000000004,0.0010383612,-0.00012612264,8.7620197e-07,7.9864454e-05,0.0014570404,-0.00039503563
0.6800000000000004,0.0010574321,-0.00012788044,8.90289e-07,8.1170794e-05,0.0014828981,-0.0004023831
0.6900000000000004,0.0010765122,-0.00012962536,9.0433264e-07,8.2473794e-05,0.0015087627,-0.0004097351
0.7000000000000004,0.001095601,-0.00013135656,9.183314e-07,8.377336e-05,0.001534633,-0.0004170919
0.7100000000000004,0.0011146982,-0.00013307476,9.3228607e-07,8.506952e-05,0.0015605087,-0.00042445306
0.7200000000000004,0.0011338034,-0.00013477913,9.4619503e-07,8.6362175e-05,0.0015863887,-0.00043181865
0.7300000000000004,0.0011529074,-0.00013646903,9.600518e-07,8.765071e-05,0.001612261,-0.00043918518
0.7400000000000004,0.001171819,-0.00013817304,9.7389e-07,8.893601e-05,0.0016378781,-0.00044647272
0.7500000000000004,0.0011904936,-0.00013989511,9.877074e-07,9.0217494e-05,0.0016631826,-0.00045366297
0.7600000000000005,0.0012089339,-0.00014163568,1.0015059e-06,9.149532e-05,0.001688179,-0.00046075677
0.7700000000000005,0.0012271401,-0.00014339518,1.0152866e-06,9.276958e-05,0.0017128681,-0.0004677539
0.7800000000000005,0.0012451215,-0.00014517296,1.0290503e-06,9.404042e-05,0.0017372629,-0.00047465815
0.7900000000000005,0.0012628668,-0.00014697049,1.0427979e-06,9.53078e-05,0.0017613495,-0.00048146467
0.8000000000000005,0.0012803792,-0.00014878795,1.0565308e-06,9.657186e-05,0.0017851328,-0.00048817464
0.8100000000000005,0.0012976673,-0.00015062478,1.0702498e-06,9.783273e-05,0.0018086245,-0.0004947913
0.8200000000000005,0.0013147272,-0.0001524816,1.0839555e-06,9.909043e-05,0.0018318207,-0.0005013132
0.8300000000000005,0.0013315516,-0.00015435969,1.0976494e-06,0.000100345,0.0018547125,-0.00050773687
0.8400000000000005,0.0013481366,-0.00015626,1.1113332e-06,0.00010159654,0.0018772958,-0.0005140607
0.8500000000000005,0.0013644866,-0.00015818255,1.1250083e-06,0.00010284519,0.0018995772,-0.00052028627
0.8600000000000005,0.0013806032,-0.00016012753,1.1386754e-06,0.00010409102,0.0019215593,-0.00052641396
0.8700000000000006,0.0013964839,-0.00016209553,1.1523356e-06,0.0001053341,0.0019432402,-0.00053244276
0.8800000000000006,0.0014121289,-0.000164087,1.1659902e-06,0.00010657452,0.0019646208,-0.00053837255
0.8900000000000006,0.0014275402,-0.00016610211,1.1796401e-06,0.00010781237,0.0019857043,-0.0005442039
0.9000000000000006,0.0014427176,-0.00016814124,1.1932864e-06,0.00010904773,0.0020064916,-0.0005499366
0.9100000000000006,0.001457661,-0.00017020482,1.20693e-06,0.00011028068,0.0020269835,-0.00055557047
0.9200000000000006,0.001472373,-0.00017229293,1.2205722e-06,0.00011151131,0.002047184,-0.0005611064
0.9300000000000006,0.0014868429,-0.00017440719,1.2342143e-06,0.00011273966,0.0020670802,-0.0005665398
0.9400000000000006,0.0015010824,-0.00017654683,1.2478575e-06,0.00011396591,0.002086688,-0.00057187537
0.9500000000000006,0.001515078,-0.0001787137,1.2615031e-06,0.00011519002,0.0021059916,-0.00057710725
0.9600000000000006,0.0015288471,-0.00018090633,1.2751518e-06,0.00011641224,0.0021250134,-0.0005822425
0.9700000000000006,0.0015423824,-0.00018312571,1.2888044e-06,0.000117632524,0.0021437453,-0.00058727793
0.9800000000000006,0.001555681,-0.00018537267,1.3024622e-06,0.00011885098,0.0021621843,-0.00059221225
0.9900000000000007,0.00156874,-0.00018764805,1.3161269e-06,0.000120067685,0.0021803284,-0.000597044
1.0000000000000007,0.0015815615,-0.00018995212,1.3297999e-06,0.00012128276,0.0021981802,-0.00060177385
1.0100000000000007,0.0015941536,-0.00019228425,1.3434815e-06,0.00012249632,0.0022157517,-0.00060640497
1.0200000000000007,0.0016065093,-0.00019464553,1.3571726e-06,0.00012370838,0.0022330345,-0.0006109344
1.0300000000000007,0.0016186316,-0.00019703609,1.3708747e-06,0.00012491904,0.0022500337,-0.0006153631
1.0400000000000007,0.0016305093,-0.00019945776,1.3845894e-06,0.00012612836,0.0022667355,-0.00061968627
1.0500000000000007,0.0016421591,-0.00020190905,1.3983175e-06,0.00012733655,0.0022831627,-0.0006239107
1.0600000000000007,0.0016535678,-0.00020439169,1.41206e-06,0.00012854353,0.0022992992,-0.0006280306
1.0700000000000007,0.0016648058,-0.00020689963,1.4258153e-06,0.00012974978,0.002315237,-0.00063207437
1.0800000000000007,0.0016759214,-0.000209421,1.439571e-06,0.00013095493,0.0023310327,-0.0006360645
1.0900000000000007,0.0016867847,-0.0002119736,1.4533354e-06,0.00013215833,0.0023465268,-0.0006399457
1.1000000000000008,0.0016974129,-0.00021455841,1.4671175e-06,0.00013336084,0.0023617395,-0.0006437241
1.1100000000000008,0.0017078024,-0.00021717633,1.4809194e-06,0.00013456258,0.0023766693,-0.0006473982
1.1200000000000008,0.0017179536,-0.00021982777,1.4947423e-06,0.00013576366,0.0023913172,-0.00065096794
1.1300000000000008,0.0017278696,-0.00022251271,1.5085868e-06,0.00013696417,0.0024056886,-0.00065443455
1.1400000000000008,0.0017375504,-0.0002252315,1.5224539e-06,0.00013816415,0.0024197844,-0.00065779773
1.1500000000000008,0.0017469999,-0.00022798401,1.5363443e-06,0.00013936369,0.0024336106,-0.000661059
1.1600000000000008,0.0017562094,-0.00023077174,1.5502595e-06,0.00014056286,0.002447157,-0.0006642145
1.1700000000000008,0.0017651846,-0.00023359452,1.5642007e-06,0.00014176178,0.0024604315,-0.00066726643
1.1800000000000008,0.0017739253,-0.00023645264,1.5781687e-06,0.0001429605,0.0024734358,-0.0006702146
1.1900000000000008,0.001782438,-0.00023934568,1.5921638e-06,0.00014415912,0.0024861784,-0.00067306147
1.2000000000000008,0.0017907154,-0.00024227481,1.6061872e-06,0.00014535766,0.0024986516,-0.0006758038
1.2100000000000009,0.0017987571,-0.0002452407,1.6202407e-06,0.00014655624,0.0025108552,-0.0006784413
1.2200000000000009,0.0018065698,-0.00024824284,1.6343246e-06,0.00014775494,0.002522799,-0.00068097643
1.2300000000000009,0.0018141462,-0.00025128244,1.6484402e-06,0.00014895381,0.0025344754,-0.0006834062
1.2400000000000009,0.0018214941,-0.00025435904,1.6625881e-06,0.00015015296,0.0025458944,-0.00068573345
1.2500000000000009,0.0018286065,-0.00025747376,1.6767697e-06,0.00015135243,0.0025570488,-0.00068795524
1.260000000000001,0.0018450445,-0.0002590633,1.6890772e-06,0.00015249278,0.002579875,-0.0006941897
1.270000000000001,0.0018616605,-0.00026059352,1.7012129e-06,0.00015362039,0.0026027064,-0.00070048776
1.280000000000001,0.0018783142,-0.0002621013,1.7132837e-06,0.00015474329,0.0026255373,-0.00070680457
1.290000000000001,0.0018949611,-0.00026359715,1.725303e-06,0.00015586197,0.0026483545,-0.000713119
1.300000000000001,0.0019116082,-0.00026507862,1.7372695e-06,0.00015697647,0.0026711642,-0.0007194348
1.310000000000001,0.0019282526,-0.00026654662,1.7491827e-06,0.00015808672,0.0026939646,-0.00072575064
1.320000000000001,0.0019448943,-0.0002680016,1.7610437e-06,0.00015919276,0.0027167553,-0.0007320661
1.330000000000001,0.0019615295,-0.0002694457,1.7728535e-06,0.00016029457,0.002739533,-0.000738379
1.340000000000001,0.0019781683,-0.00027087092,1.7846056e-06,0.000161392,0.0027623032,-0.0007446968
1.350000000000001,0.0019948003,-0.00027228435,1.7963042e-06,0.00016248504,0.0027850603,-0.0007510119
1.360000000000001,0.002011428,-0.0002736851,1.8079503e-06,0.00016357383,0.002807805,-0.0007573261
1.370000000000001,0.0020280525,-0.00027507235,1.8195432e-06,0.00016465834,0.0028305382,-0.00076364016
1.380000000000001,0.002044672,-0.0002764461,1.8310816e-06,0.00016573846,0.0028532578,-0.00076995336
1.390000000000001,0.0020612932,-0.00027780057,1.8425602e-06,0.00016681402,0.0028759665,-0.0007762708
1.400000000000001,0.0020779069,-0.0002791426,1.853984e-06,0.00016788508,0.0028986605,-0.0007825855
1.410000000000001,0.0020945116,-0.0002804746,1.8653567e-06,0.00016895187,0.002921338,-0.00078889646
1.420000000000001,0.002111119,-0.00028178646,1.8766692e-06,0.0001700141,0.002944004,-0.00079521263
1.430000000000001,0.0021277135,-0.00028308976,1.8879299e-06,0.00017107191,0.0029666515,-0.00080152234
1.440000000000001,0.0021443095,-0.0002843738,1.8991313e-06,0.00017212519,0.002989286,-0.00080783654
1.450000000000001,0.0021608942,-0.0002856462,1.9102772e-06,0.00017317384,0.0030119012,-0.00081414636
1.460000000000001,0.0021774794,-0.00028690108,1.9213655e-06,0.00017421806,0.0030345037,-0.00082045945
1.470000000000001,0.002194051,-0.0002881466,1.9324007e-06,0.00017525775,0.0030570854,-0.0008267662
1.480000000000001,0.0022106173,-0.00028937776,1.9433805e-06,0.00017629302,0.003079649,-0.0008330728
1.490000000000001,0.002227177,-0.00029059444,1.9543036e-06,0.00017732369,0.0031021948,-0.0008393784
1.500000000000001,0.0022437288,-0.00029179727,1.9651702e-06,0.0001783498,0.003124721,-0.0008456823
1.5100000000000011,0.00226028,-0.00029297988,1.9759743e-06,0.00017937113,0.0031472312,-0.00085199
1.5200000000000011,0.0022768152,-0.00029415387,1.986725e-06,0.00018038785,0.003169718,-0.00085829024
1.5300000000000011,0.0022933448,-0.00029531276,1.9974193e-06,0.00018140009,0.003192185,-0.0008645906
1.5400000000000011,0.0023098667,-0.00029645674,2.0080554e-06,0.00018240763,0.0032146315,-0.0008708897
1.5500000000000012,0.002326386,-0.00029758076,2.0186285e-06,0.00018341033,0.003237059,-0.0008771918
1.5600000000000012,0.0023428886,-0.0002986958,2.0291473e-06,0.00018440836,0.0032594616,-0.0008834863
1.5700000000000012,0.0023593896,-0.0002997913,2.039605e-06,0.00018540169,0.0032818445,-0.0008897844
1.5800000000000012,0.0023758805,-0.0003008714,2.0500022e-06,0.00018639016,0.0033042047,-0.00089608046
1.5900000000000012,0.0023923554,-0.00030194246,2.060346e-06,0.00018737403,0.0033265383,-0.00090236944
1.6000000000000012,0.0024088223,-0.00030299873,2.070633e-06,0.00018835333,0.0033488485,-0.0009086577
1.6100000000000012,0.0024252848,-0.00030403523,2.0808563e-06,0.00018932771,0.0033711367,-0.00091494824
1.6200000000000012,0.0024417292,-0.00030506257,2.0910247e-06,0.00019029736,0.003393397,-0.0009212308
1.6300000000000012,0.0024594737,-0.00030604817,2.101858e-06,0.00019133625,0.0034170756,-0.0009280578
1.6400000000000012,0.002482542,-0.00030686648,2.1155686e-06,0.00019267353,0.003446836,-0.0009371558
1.6500000000000012,0.0025044228,-0.00030844385,2.1296555e-06,0.00019400638,0.003477857,-0.000945228
1.6600000000000013,0.002525254,-0.00031038077,2.1438505e-06,0.00019532854,0.00350861,-0.00095274166
1.6700000000000013,0.0025458364,-0.00031236326,2.157965e-06,0.00019664019,0.0035391822,-0.0009601424
1.6800000000000013,0.0025662049,-0.0003143485,2.171918e-06,0.00019793582,0.003569511,-0.0009674458
1.6900000000000013,0.00258617,-0.0003163028,2.185564e-06,0.00019920274,0.0035993042,-0.0009745985
1.7000000000000013,0.002605443,-0.00031808534,2.1986236e-06,0.00020042057,0.0036278851,-0.0009815987
1.7100000000000013,0.002625915,-0.00031976693,2.211933e-06,0.00020167102,0.0036575545,-0.0009890865
1.7200000000000013,0.002645664,-0.00032162966,2.2250072e-06,0.000202888,0.003686882,-0.0009961227
1.7300000000000013,0.0026617576,-0.00032436982,2.2393401e-06,0.00020416302,0.0037119503,-0.0010014218
1.7400000000000013,0.0026778977,-0.00032746614,2.2554293e-06,0.00020558466,0.0037370517,-0.0010067981
1.7500000000000013,0.0026942424,-0.00033029317,2.2710706e-06,0.00020698007,0.0037627248,-0.0010123975
1.7600000000000013,0.002709052,-0.00033161248,2.2821466e-06,0.00020801982,0.0037855813,-0.0010181426
1.7700000000000014,0.0027256832,-0.00033252183,2.2921672e-06,0.00020898522,0.0038087706,-0.0010245654
1.7800000000000014,0.0027430484,-0.00033337134,2.3020852e-06,0.00020994573,0.0038323507,-0.0010312211
1.7900000000000014,0.0027605286,-0.0003341969,2.3119292e-06,0.00021090091,0.0038560305,-0.0010379199
1.8000000000000014,0.0027783485,-0.00033494603,2.3216369e-06,0.00021184867,0.0038801078,-0.0010447698
1.8100000000000014,0.002796341,-0.00033564915,2.331241e-06,0.0002127898,0.0039043727,-0.0010516965
1.8200000000000014,0.0028145486,-0.00033629735,2.3407322e-06,0.00021372407,0.003928877,-0.0010587199
1.8300000000000014,0.002832982,-0.00033688813,2.350107e-06,0.0002146513,0.003953632,-0.001065845
1.8400000000000014,0.002851644,-0.00033742038,2.3593632e-06,0.00021557137,0.003978639,-0.0010730732
1.8500000000000014,0.002870535,-0.0003378933,2.3684997e-06,0.00021648422,0.004003896,-0.0010804052
1.8600000000000014,0.0028896525,-0.00033830653,2.3775158e-06,0.00021738975,0.004029398,-0.0010878402
1.8700000000000014,0.0029097563,-0.0003384552,2.3864902e-06,0.00021830868,0.004055726,-0.0010958327
1.8800000000000014,0.0029287194,-0.0003388517,2.3949947e-06,0.00021916683,0.004081282,-0.0011030942
1.8900000000000015,0.00294828,-0.00033918247,2.4037502e-06,0.00022005409,0.0041073123,-0.0011107156
1.9000000000000015,0.0029682012,-0.0003393686,2.4123044e-06,0.00022093127,0.004133638,-0.0011185259
1.9100000000000015,0.002988428,-0.00033948722,2.4208719e-06,0.00022181423,0.0041601947,-0.0011264988
1.9200000000000015,0.003008694,-0.0003395499,2.4293392e-06,0.00022269088,0.004186744,-0.0011345092
1.9300000000000015,0.0030288873,-0.00033959287,2.4377205e-06,0.00022356023,0.004213181,-0.0011424947
1.9400000000000015,0.0030489624,-0.0003396266,2.4460285e-06,0.00022442272,0.004239448,-0.001150434
1.9500000000000015,0.0030688718,-0.0003396582,2.4542696e-06,0.00022527839,0.00426549,-0.0011583065
1.9600000000000015,0.003088567,-0.00033969502,2.4624483e-06,0.00022612713,0.0042912527,-0.0011660903
1.9700000000000015,0.0031080006,-0.00033974418,2.4705687e-06,0.00022696871,0.004316684,-0.0011737639
1.9800000000000015,0.0031271277,-0.00033981254,2.4786325e-06,0.00022780286,0.004341735,-0.0011813066
1.9900000000000015,0.003145904,-0.0003399069,2.4866417e-06,0.00022862914,0.00436636,-0.0011886975
2.0000000000000013,0.003164296,-0.0003400327,2.4945953e-06,0.00022944712,0.004390527,-0.0011959205
2.010000000000001,0.0031822687,-0.0003401956,2.5024924e-06,0.00023025628,0.0044142017,-0.0012029584
2.020000000000001,0.0031997988,-0.0003403999,2.510331e-06,0.00023105612,0.004437365,-0.0012097989
2.0300000000000007,0.003216856,-0.00034065105,2.5181098e-06,0.00023184616,0.0044599883,-0.0012164267
2.0400000000000005,0.0032331597,-0.00034108013,2.525898e-06,0.00023262505,0.004481884,-0.0012226689
2.0500000000000003,0.0032456045,-0.0003422289,2.5319532e-06,0.00023319159,0.0045013735,-0.0012265289
2.06,0.0032612013,-0.00034329083,2.5389334e-06,0.00023386134,0.004524298,-0.0012318671
2.07,0.0032773651,-0.00034411135,2.546108e-06,0.0002345631,0.0045471485,-0.0012376314
2.0799999999999996,0.003293169,-0.00034491872,2.5534691e-06,0.00023528145,0.004569307,-0.0012433348
2.0899999999999994,0.0033084974,-0.00034577498,2.5610293e-06,0.00023601388,0.0045907013,-0.0012488896
2.099999999999999,0.0033232807,-0.0003467121,2.568798e-06,0.00023675938,0.0046112984,-0.0012542492
2.109999999999999,0.0033375595,-0.0003477314,2.5767663e-06,0.00023751723,0.004631172,-0.0012594257
2.1199999999999988,0.003350181,-0.00034907906,2.5852587e-06,0.00023830053,0.004648935,-0.0012639008
2.1299999999999986,0.0033630172,-0.00035044304,2.5955774e-06,0.0002392532,0.004665577,-0.0012688608
2.1399999999999983,0.0033800132,-0.00035068777,2.6027744e-06,0.00023998997,0.004688641,-0.0012754048
2.149999999999998,0.0033963013,-0.00035107852,2.6139392e-06,0.00024108375,0.0047072438,-0.0012826519
2.159999999999998,0.0034143294,-0.00035036914,2.621924e-06,0.0002419448,0.0047287685,-0.0012904836
2.1699999999999977,0.0034317812,-0.0003500882,2.6294686e-06,0.00024274131,0.00475067,-0.0012976851
2.1799999999999975,0.0034489357,-0.00034996987,2.6366458e-06,0.00024349413,0.004772633,-0.0013045776
2.1899999999999973,0.0034658338,-0.00034997083,2.6436867e-06,0.00024422724,0.0047945343,-0.0013112669
2.199999999999997,0.0034825916,-0.0003500181,2.6506284e-06,0.00024494823,0.0048163687,-0.0013178571
2.209999999999997,0.0034992613,-0.00035008244,2.657489e-06,0.00024566046,0.0048381407,-0.0013243915
2.2199999999999966,0.0035158726,-0.00035014897,2.6642797e-06,0.0002463658,0.004859851,-0.0013308941
2.2299999999999964,0.003532434,-0.0003502124,2.6709974e-06,0.00024706428,0.0048815045,-0.0013373707
2.239999999999996,0.0035489528,-0.0003502711,2.677651e-06,0.00024775686,0.0049030986,-0.0013438271
2.249999999999996,0.0035654434,-0.00035031865,2.6842517e-06,0.0002484449,0.004924631,-0.0013502771
2.259999999999996,0.0035819006,-0.00035035424,2.690783e-06,0.00024912693,0.0049461066,-0.0013567138
2.2699999999999956,0.0035983026,-0.00035038922,2.697232e-06,0.00024980112,0.00496753,-0.001363117
2.2799999999999954,0.003614656,-0.00035042662,2.703624e-06,0.00025046963,0.0049888957,-0.0013694948
2.289999999999995,0.003630959,-0.00035046547,2.7099418e-06,0.00025113093,0.005010212,-0.001375842
2.299999999999995,0.0036471854,-0.00035052127,2.7161636e-06,0.00025178216,0.0050314935,-0.0013821308
2.3099999999999947,0.0036632842,-0.00035062627,2.722236e-06,0.0002524165,0.005052783,-0.001388303
2.3199999999999945,0.0036792934,-0.0003507898,2.7282629e-06,0.00025304325,0.0050740642,-0.0013943986
2.3299999999999943,0.0036949718,-0.00035114007,2.7334402e-06,0.00025358048,0.0050959326,-0.0014000015
2.339999999999994,0.0037105836,-0.00035149785,2.7375702e-06,0.00025402007,0.0051185624,-0.0014053924
2.349999999999994,0.0037181133,-0.00035350624,2.7477788e-06,0.00025490698,0.005127916,-0.0014080885
2.3599999999999937,0.003727888,-0.0003544601,2.7574697e-06,0.00025580975,0.005139723,-0.0014122288
2.3699999999999934,0.0037396713,-0.0003546541,2.764592e-06,0.0002565211,0.0051551485,-0.0014170549
2.3799999999999932,0.0037510684,-0.00035529007,2.7717822e-06,0.00025721436,0.005170493,-0.0014214045
2.389999999999993,0.0037630158,-0.00035587445,2.7788515e-06,0.00025790112,0.0051865275,-0.0014259974
2.399999999999993,0.003775225,-0.0003564575,2.7857245e-06,0.00025857068,0.0052029747,-0.0014306516
2.4099999999999926,0.003788981,-0.0003566474,2.7920867e-06,0.00025921856,0.005221054,-0.0014360546
2.4199999999999924,0.0038041288,-0.00035653857,2.797971e-06,0.00025984252,0.005240668,-0.001442086
2.429999999999992,0.0038205371,-0.00035616723,2.8034096e-06,0.00026044296,0.005261629,-0.0014486772
2.439999999999992,0.0038383321,-0.0003555024,2.8083516e-06,0.0002610173,0.0052840956,-0.0014558885
2.4499999999999917,0.0038575064,-0.0003545439,2.8127884e-06,0.00026156465,0.005308042,-0.001463715
2.4599999999999915,0.0038778232,-0.00035334195,2.8167633e-06,0.00026208555,0.0053331964,-0.0014720395
2.4699999999999913,0.0038985377,-0.00035212928,2.8206982e-06,0.00026260444,0.0053586583,-0.0014804836
2.479999999999991,0.003920315,-0.00035070535,2.8245995e-06,0.00026313507,0.0053851358,-0.0014894808
2.489999999999991,0.00394165,-0.0003493007,2.8285667e-06,0.0002636688,0.0054108487,-0.0014983075
2.4999999999999907,0.003961327,-0.00034820827,2.8330508e-06,0.0002642281,0.0054344865,-0.0015063997
2.5099999999999905,0.0039797835,-0.0003473111,2.8378422e-06,0.00026480158,0.0054568006,-0.0015139846
2.5199999999999902,0.0039970246,-0.00034662551,2.8429602e-06,0.0002653901,0.0054777195,-0.0015210466
2.52999999999999,0.0040127905,-0.0003462044,2.8484817e-06,0.00026599702,0.005496937,-0.0015274652
2.53999999999999,0.0040270663,-0.0003460476,2.8543955e-06,0.00026662138,0.005514492,-0.0015332357
2.5499999999999896,0.004038449,-0.0003461809,2.856287e-06,0.00026684738,0.0055323546,-0.0015367992
2.5599999999999894,0.0040502828,-0.00034754828,2.860763e-06,0.00026725206,0.0055507184,-0.0015402554
2.569999999999989,0.0040601613,-0.00034922964,2.866928e-06,0.00026778932,0.005565509,-0.0015431471
2.579999999999989,0.004066561,-0.00035151315,2.8745046e-06,0.00026841447,0.005576121,-0.0015446035
2.5899999999999888,0.004072999,-0.00035386428,2.8849402e-06,0.00026930278,0.005585261,-0.0015467448
2.5999999999999885,0.0040891645,-0.00035288924,2.8932932e-06,0.00027020523,0.0056032515,-0.0015547544
2.6099999999999883,0.0041064867,-0.00035106816,2.8976904e-06,0.00027078486,0.0056227255,-0.0015625558
2.619999999999988,0.0041222987,-0.00035017327,2.9018795e-06,0.00027129255,0.0056420797,-0.001569062
2.629999999999988,0.00413763,-0.00034957347,2.9060625e-06,0.00027178257,0.005661248,-0.0015752095
2.6399999999999877,0.0041527892,-0.00034906532,2.9102296e-06,0.00027226572,0.005680332,-0.0015812428
2.6499999999999875,0.0041678874,-0.00034858202,2.914374e-06,0.00027274518,0.005699352,-0.0015872424
2.6599999999999873,0.0041829636,-0.00034809986,2.9184937e-06,0.00027322213,0.0057183127,-0.0015932366
2.669999999999987,0.0041980273,-0.00034760986,2.9225864e-06,0.00027369682,0.005737209,-0.001599234
2.679999999999987,0.004213078,-0.0003471086,2.92665e-06,0.00027416923,0.005756038,-0.0016052357
2.6899999999999866,0.004228112,-0.00034659478,2.9306818e-06,0.00027463917,0.0057747927,-0.0016112406
2.6999999999999864,0.004243124,-0.00034606806,2.9346784e-06,0.00027510631,0.005793472,-0.0016172458
2.709999999999986,0.0042581093,-0.00034552848,2.9386367e-06,0.00027557038,0.0058120713,-0.001623249
2.719999999999986,0.004273061,-0.00034497725,2.9425496e-06,0.00027603057,0.005830591,-0.0016292445
2.7299999999999858,0.0042879796,-0.0003444149,2.946427e-06,0.00027648782,0.0058490257,-0.0016352354
2.7399999999999856,0.00430287,-0.00034383623,2.9502671e-06,0.00027694224,0.005867372,-0.0016412267
2.7499999999999853,0.0043177186,-0.00034324315,2.9540436e-06,0.00027739123,0.005885637,-0.001647204
2.759999999999985,0.004332519,-0.0003426432,2.9577768e-06,0.00027783628,0.0059038145,-0.001653166
2.769999999999985,0.0043472783,-0.00034203124,2.9614614e-06,0.0002782772,0.0059219045,-0.0016591173
2.7799999999999847,0.004361993,-0.00034140763,2.9650964e-06,0.00027871382,0.005939905,-0.0016650563
2.7899999999999845,0.004376663,-0.00034077256,2.968681e-06,0.00027914607,0.0059578167,-0.0016709821
2.7999999999999843,0.0043912856,-0.00034012613,2.9722146e-06,0.0002795739,0.005975638,-0.001676894
2.809999999999984,0.0044058603,-0.0003394686,2.9756966e-06,0.0002799972,0.005993368,-0.0016827914
2.819999999999984,0.0044203866,-0.00033880008,2.9791267e-06,0.00028041602,0.006011007,-0.0016886736
2.8299999999999836,0.004434863,-0.00033812068,2.982505e-06,0.00028083025,0.006028553,-0.0016945404
2.8399999999999834,0.0044492893,-0.00033743057,2.985831e-06,0.00028123992,0.0060460065,-0.0017003911
2.849999999999983,0.004463664,-0.0003367299,2.9891055e-06,0.000281645,0.0060633654,-0.0017062254
2.859999999999983,0.0044779866,-0.00033601877,2.9923272e-06,0.00028204545,0.0060806307,-0.001712043
2.869999999999983,0.004492257,-0.0003352975,2.9954977e-06,0.00028244135,0.0060978006,-0.0017178433
2.8799999999999826,0.004506474,-0.0003345659,2.9986159e-06,0.00028283263,0.0061148745,-0.0017236264
2.8899999999999824,0.0045206365,-0.0003338244,3.0016822e-06,0.0002832193,0.0061318525,-0.0017293915
2.899999999999982,0.004534745,-0.00033307303,3.0046979e-06,0.00028360143,0.0061487327,-0.0017351388
2.909999999999982,0.0045487867,-0.00033231525,3.0076371e-06,0.00028397646,0.006165527,-0.0017408535
2.9199999999999817,0.004562767,-0.00033155762,3.010555e-06,0.00028434917,0.0061822147,-0.00174655
2.9299999999999815,0.004576701,-0.00033078465,3.013412e-06,0.00028471672,0.006198807,-0.001752232
2.9399999999999813,0.0045905686,-0.00033000752,3.0162114e-06,0.00028507877,0.006215306,-0.0017578853
2.949999999999981,0.0046043633,-0.00032923045,3.0189453e-06,0.0002854344,0.0062317154,-0.0017635024
2.959999999999981,0.004618067,-0.00032846362,3.0215924e-06,0.00028578096,0.0062480513,-0.0017690625
2.9699999999999807,0.00463163,-0.00032773268,3.0240735e-06,0.00028610975,0.0062643643,-0.001774506
2.9799999999999804,0.004644937,-0.0003271027,3.0261458e-06,0.00028639444,0.0062808385,-0.0017796751
2.9899999999999802,0.0046579014,-0.00032665982,3.0266533e-06,0.00028652334,0.0062985076,-0.0017841903
2.99999999999998,0.0046667843,-0.00032774083,3.0296912e-06,0.00028679328,0.006311399,-0.0017866968
3.00999999999998,0.0046703126,-0.0003309468,3.0420467e-06,0.00028779838,0.006313745,-0.0017877092
3.0199999999999796,0.004677379,-0.00033106166,3.0495664e-06,0.0002885307,0.0063212393,-0.0017912543
3.0299999999999794,0.004684836,-0.00033097848,3.054237e-06,0.0002890113,0.006331376,-0.001794393
3.039999999999979,0.004693212,-0.00033105834,3.058446e-06,0.0002894431,0.006342838,-0.0017977384
3.049999999999979,0.0047036004,-0.00033065918,3.0617443e-06,0.00028982098,0.006356105,-0.0018020303
3.0599999999999787,0.004716576,-0.00032957378,3.0638007e-06,0.0002901272,0.006371892,-0.0018075668
3.0699999999999785,0.0047322265,-0.00032781545,3.064644e-06,0.0002903637,0.0063901,-0.0018143596
3.0799999999999783,0.004750505,-0.00032540507,3.064335e-06,0.00029053478,0.006410617,-0.0018223869
3.089999999999978,0.004771234,-0.00032238613,3.0629776e-06,0.00029064712,0.0064331973,-0.0018315691
3.099999999999978,0.004794106,-0.00031883872,3.0607641e-06,0.00029071333,0.0064574545,-0.001841761
3.1099999999999777,0.004818374,-0.00031496256,3.058227e-06,0.00029077003,0.006482442,-0.0018526408
3.1199999999999775,0.0048429985,-0.00031098962,3.0556157e-06,0.00029082503,0.006507251,-0.0018636598
3.1299999999999772,0.0048663993,-0.00030729885,3.053427e-06,0.0002908999,0.0065304865,-0.0018740487
3.139999999999977,0.004887278,-0.00030416492,3.0520064e-06,0.00029100847,0.006551084,-0.0018831894
3.149999999999977,0.0049046963,-0.0003017706,3.0515057e-06,0.00029115286,0.0065684295,-0.0018906387
3.1599999999999766,0.0049182624,-0.00030017953,3.0518856e-06,0.00029132518,0.00658243,-0.0018962146
3.1699999999999764,0.0049332744,-0.00029805247,3.050826e-06,0.00029139975,0.0065998854,-0.0019026787
3.179999999999976,0.004939119,-0.0002983161,3.0497677e-06,0.00029131497,0.0066083805,-0.0019033093
3.189999999999976,0.0049396753,-0.0003012655,3.0520391e-06,0.0002913891,0.0066155293,-0.0019011435
3.1999999999999758,0.004940767,-0.00030436798,3.057193e-06,0.00029172457,0.0066215927,-0.0019000891
3.2099999999999755,0.004947166,-0.0003066824,3.0686135e-06,0.0002926991,0.0066271327,-0.0019028402
3.2199999999999753,0.0049592396,-0.0003047894,3.0730014e-06,0.0002932608,0.0066393353,-0.001909402
3.229999999999975,0.004971637,-0.00030299212,3.0751119e-06,0.00029360483,0.0066523417,-0.0019153061
3.239999999999975,0.004983809,-0.0003016002,3.0766462e-06,0.0002938719,0.006665429,-0.0019206731
3.2499999999999747,0.0049956664,-0.00030045203,3.0778956e-06,0.00029409816,0.006678472,-0.0019256779
3.2599999999999745,0.005006848,-0.0002995505,3.0777164e-06,0.00029417683,0.0066921953,-0.0019298588
3.2699999999999743,0.0050119986,-0.0003007213,3.079423e-06,0.00029430186,0.006700287,-0.0019305067
3.279999999999974,0.005010414,-0.00030505186,3.0920623e-06,0.00029525574,0.0066977954,-0.001928822
3.289999999999974,0.0050143446,-0.00030489964,3.0965602e-06,0.0002957106,0.0067038,-0.0019308688
3.2999999999999736,0.005018765,-0.00030536493,3.1008337e-06,0.0002961143,0.006711139,-0.0019326174
3.3099999999999734,0.005024399,-0.000305679,3.1047286e-06,0.00029649242,0.006718897,-0.0019348348
3.319999999999973,0.005032756,-0.00030512142,3.1069783e-06,0.00029677202,0.006729632,-0.001938488
3.329999999999973,0.0050450712,-0.00030339902,3.1070715e-06,0.00029692362,0.0067439987,-0.0019441101
3.3399999999999728,0.0050620153,-0.00030035418,3.1047427e-06,0.0002969322,0.0067623556,-0.0019519991
3.3499999999999726,0.0050829127,-0.0002963313,3.1004572e-06,0.0002968202,0.0067837406,-0.0019616568
3.3599999999999723,0.005107134,-0.00029176573,3.095975e-06,0.00029672665,0.006806926,-0.0019728576
3.369999999999972,0.0051297043,-0.00028779195,3.092927e-06,0.00029672735,0.006826751,-0.0019830468
3.379999999999972,0.0051471847,-0.00028526515,3.0926067e-06,0.0002968898,0.006841306,-0.0019906715
3.3899999999999717,0.005159312,-0.00028403694,3.0946892e-06,0.00029719295,0.0068513937,-0.0019958152
3.3999999999999715,0.0051657194,-0.00028279293,3.0911624e-06,0.00029696035,0.006861115,-0.0019978045
3.4099999999999713,0.0051725605,-0.0002837915,3.091493e-06,0.00029697208,0.00687218,-0.0019992979
3.419999999999971,0.0051769335,-0.00028593594,3.0955603e-06,0.00029726047,0.006878205,-0.0019995628
3.429999999999971,0.0051765735,-0.0002896889,3.1042227e-06,0.0002978799,0.006879445,-0.0019977277
3.4399999999999706,0.0051850425,-0.0002892618,3.1117472e-06,0.00029864625,0.0068888343,-0.0020032576
3.4499999999999704,0.005198271,-0.00028579377,3.1116483e-06,0.00029887026,0.0069001312,-0.0020103091
3.45999999999997,0.0052089207,-0.00028410414,3.111552e-06,0.00029899387,0.0069111804,-0.0020149904
3.46999999999997,0.005219191,-0.0002828558,3.11166e-06,0.00029911118,0.006922066,-0.002019335
3.47999999999997,0.0052293874,-0.00028170334,3.1118532e-06,0.00029923086,0.006932841,-0.0020236364
3.4899999999999696,0.0052395663,-0.00028056715,3.1120892e-06,0.00029935336,0.006943503,-0.0020279442
3.4999999999999694,0.0052497257,-0.00027942713,3.112345e-06,0.00029947763,0.006954044,-0.0020322609
3.509999999999969,0.0052598487,-0.00027828087,3.1126042e-06,0.00029960222,0.0069644614,-0.0020365764
3.519999999999969,0.0052699246,-0.00027712923,3.1128811e-06,0.00029972842,0.00697474,-0.0020408917
3.5299999999999687,0.0052799466,-0.00027596366,3.1131246e-06,0.00029985185,0.006984893,-0.0020451937
3.5399999999999685,0.0052898857,-0.00027480154,3.1133598e-06,0.00029997388,0.0069949105,-0.0020494682
3.5499999999999683,0.0052997516,-0.00027363485,3.1135758e-06,0.00030009393,0.007004791,-0.0020537216
3.559999999999968,0.005309537,-0.0002724648,3.1137681e-06,0.00030021154,0.0070145344,-0.002057949
3.569999999999968,0.005319238,-0.0002712919,3.113934e-06,0.0003003264,0.00702414,-0.0020621482
3.5799999999999677,0.0053288518,-0.00027011673,3.1140714e-06,0.00030043826,0.007033607,-0.0020663168
3.5899999999999674,0.005338376,-0.00026893962,3.1141783e-06,0.0003005469,0.007042934,-0.0020704535
3.5999999999999672,0.005347808,-0.00026776094,3.114254e-06,0.00030065226,0.0070521217,-0.0020745571
3.609999999999967,0.0053571467,-0.000266581,3.114298e-06,0.00030075424,0.0070611686,-0.0020786265
3.619999999999967,0.0053663915,-0.00026539998,3.114309e-06,0.00030085276,0.0070700743,-0.0020826613
3.6299999999999666,0.0053755403,-0.00026421814,3.1142874e-06,0.00030094778,0.0070788385,-0.0020866606
3.6399999999999664,0.0053845937,-0.00026303562,3.1142347e-06,0.0003010395,0.00708746,-0.0020906248
3.649999999999966,0.005393519,-0.00026185455,3.1140312e-06,0.0003011165,0.0070959968,-0.0020945037
3.659999999999966,0.0054022814,-0.00026073697,3.1138864e-06,0.00030119505,0.0071043777,-0.0020983052
3.6699999999999657,0.0054109506,-0.00025961042,3.113561e-06,0.00030125675,0.007112702,-0.0021020335
3.6799999999999655,0.0054193237,-0.00025855628,3.112702e-06,0.00030126423,0.0071212025,-0.0021054612
3.6899999999999653,0.005427279,-0.00025734384,3.1084248e-06,0.00030096175,0.0071317465,-0.0021080887
3.699999999999965,0.0054275035,-0.00026123298,3.1155928e-06,0.00030142826,0.007131368,-0.0021062114
3.709999999999965,0.005426351,-0.000265662,3.1309826e-06,0.00030263086,0.0071269465,-0.0021052815
3.7199999999999647,0.0054245577,-0.00026657915,3.138406e-06,0.00030328086,0.0071249125,-0.0021044435
3.7299999999999645,0.0054221936,-0.00026733655,3.1418522e-06,0.00030357658,0.007129194,-0.0021037098
3.7399999999999642,0.005425012,-0.0002669423,3.143082e-06,0.0003037336,0.0071348334,-0.0021052093
3.749999999999964,0.0054309657,-0.00026560025,3.1422046e-06,0.00030375057,0.0071423477,-0.002108179
3.759999999999964,0.0054417667,-0.00026299042,3.138712e-06,0.0003036041,0.007154212,-0.0021135658
3.7699999999999636,0.005455568,-0.0002594157,3.1332222e-06,0.000303326,0.007166663,-0.0021202452
3.7799999999999634,0.005467528,-0.00025780688,3.1319744e-06,0.00030333,0.0071748323,-0.0021250595
3.789999999999963,0.0054829754,-0.00025747737,3.1349239e-06,0.00030367813,0.0071888906,-0.0021302348
3.799999999999963,0.005473841,-0.00025903078,3.1351533e-06,0.00030359588,0.0071823183,-0.0021253207
3.8099999999999627,0.005470564,-0.00026209134,3.137423e-06,0.00030365033,0.007185454,-0.0021218634
3.8199999999999625,0.005477061,-0.00026433275,3.1471634e-06,0.0003044732,0.007193448,-0.0021250052
3.8299999999999623,0.005496725,-0.00026035422,3.1472728e-06,0.0003047673,0.007212043,-0.0021346954
3.839999999999962,0.0055039655,-0.00025887732,3.146283e-06,0.00030478614,0.0072204815,-0.0021378824
3.849999999999962,0.005517082,-0.00025733036,3.145643e-06,0.00030486085,0.0072354074,-0.0021434005
3.8599999999999617,0.005529492,-0.00025589787,3.1440431e-06,0.00030483596,0.007249271,-0.002148091
3.8699999999999615,0.0055582495,-0.00025317777,3.1405473e-06,0.00030476754,0.0072844625,-0.0021585876
3.8799999999999613,0.005574358,-0.0002576643,3.1544625e-06,0.00030589974,0.007302686,-0.0021617506
3.889999999999961,0.0055726483,-0.00026018525,3.1651675e-06,0.00030678808,0.007308196,-0.002161621
3.899999999999961,0.0055748946,-0.00025917313,3.1675695e-06,0.0003070925,0.0073147085,-0.0021637897
3.9099999999999606,0.0055798306,-0.0002580676,3.1682985e-06,0.00030724716,0.0073218145,-0.0021665513
3.9199999999999604,0.00558766,-0.00025640876,3.167762e-06,0.0003073172,0.0073299943,-0.0021704955
3.92999999999996,0.0055977935,-0.00025360074,3.1646841e-06,0.00030721555,0.007339814,-0.0021758918
3.93999999999996,0.0056115505,-0.0002495383,3.159011e-06,0.0003069452,0.007351622,-0.0021831621
3.9499999999999598,0.0056297705,-0.00024449866,3.151708e-06,0.00030658435,0.007365949,-0.002192412
3.9599999999999596,0.0056519127,-0.00023884754,3.1438365e-06,0.00030621278,0.0073827244,-0.0022032834
3.9699999999999593,0.0056769443,-0.00023313452,3.1365507e-06,0.00030590824,0.0074017555,-0.0022150825
3.979999999999959,0.005703115,-0.00022910717,3.1336613e-06,0.0003059314,0.007421889,-0.00222612
3.989999999999959,0.0057240175,-0.00022789212,3.136146e-06,0.00030630015,0.0074400804,-0.002233407
3.9999999999999587,0.005727527,-0.00022647454,3.1328714e-06,0.0003060966,0.0074489443,-0.0022349048
4.009999999999959,0.005738635,-0.00022697575,3.1350717e-06,0.00030632442,0.0074632037,-0.0022382245
4.019999999999959,0.005745024,-0.00022648333,3.137413e-06,0.00030660085,0.0074716634,-0.0022415973
4.0299999999999585,0.005758783,-0.00022444314,3.137254e-06,0.00030674803,0.00748597,-0.0022476017
4.039999999999958,0.005770398,-0.00022327401,3.1377726e-06,0.00030690653,0.0074990015,-0.0022522556
4.049999999999958,0.0057810727,-0.00022201859,3.1379566e-06,0.00030703572,0.0075115,-0.002256723
4.059999999999958,0.005791597,-0.00022073212,3.1379916e-06,0.00030715144,0.0075235716,-0.002261137
4.069999999999958,0.0058018942,-0.00021941024,3.1378745e-06,0.0003072535,0.0075352206,-0.002265478
4.079999999999957,0.005811941,-0.00021804763,3.1375878e-06,0.0003073405,0.007546438,-0.0022697404
4.089999999999957,0.005821734,-0.00021664075,3.13712e-06,0.0003074115,0.0075572175,-0.0022739246
4.099999999999957,0.0058312784,-0.00021518584,3.136462e-06,0.0003074659,0.0075675542,-0.002278033
4.109999999999957,0.0058405753,-0.00021367993,3.1356067e-06,0.00030750313,0.007577446,-0.0022820667
4.119999999999957,0.0058496264,-0.00021212046,3.1345478e-06,0.00030752274,0.007586888,-0.002286027
4.129999999999956,0.005858431,-0.00021050459,3.133278e-06,0.0003075242,0.007595879,-0.0022899134
4.139999999999956,0.0058670035,-0.00020883858,3.1318943e-06,0.00030751622,0.0076043704,-0.0022937611
4.149999999999956,0.0058751283,-0.00020711572,3.1308139e-06,0.0003075368,0.007611726,-0.0022976794
4.159999999999956,0.0058836364,-0.00020498308,3.1292698e-06,0.00030753546,0.007618607,-0.002301953
4.1699999999999555,0.0058921366,-0.00020268944,3.1274049e-06,0.0003075116,0.007625023,-0.0023062606
4.179999999999955,0.0059005003,-0.00020025755,3.1252052e-06,0.0003074626,0.0076310155,-0.002310558
4.189999999999955,0.005908682,-0.00019769616,3.1226634e-06,0.0003073872,0.00763658,-0.0023148258
4.199999999999955,0.005918753,-0.00019496644,3.120216e-06,0.00030733593,0.0076439097,-0.0023198517
4.209999999999955,0.0059258486,-0.00019246612,3.1175657e-06,0.00030724276,0.0076479986,-0.0023235795
4.2199999999999545,0.005932171,-0.00018970034,3.1141064e-06,0.00030708584,0.0076517016,-0.0023272135
4.229999999999954,0.005938603,-0.00018641129,3.1095663e-06,0.00030685414,0.007654832,-0.0023311563
4.239999999999954,0.0059455265,-0.00018285203,3.1044758e-06,0.00030658473,0.0076575186,-0.0023353247
4.249999999999954,0.005950865,-0.00017943532,3.0991105e-06,0.0003062751,0.0076580616,-0.0023387237
4.259999999999954,0.005948377,-0.0001833596,3.1071918e-06,0.0003068058,0.007648986,-0.002334531
4.269999999999953,0.005944912,-0.00018449088,3.111639e-06,0.00030716654,0.007650116,-0.0023330215
4.279999999999953,0.005943225,-0.00018432876,3.113914e-06,0.0003073959,0.0076512564,-0.002332763
4.289999999999953,0.0059442194,-0.00018103006,3.1100385e-06,0.00030722225,0.0076541747,-0.0023352993
4.299999999999953,0.005951854,-0.00017279183,3.0964552e-06,0.000306414,0.0076597654,-0.0023428416
4.3099999999999525,0.005967977,-0.00016205228,3.0782821e-06,0.00030531888,0.0076660262,-0.002354269
4.319999999999952,0.0059876535,-0.00015437642,3.0671088e-06,0.00030471457,0.007669601,-0.0023648036
4.329999999999952,0.0060049305,-0.00014943235,3.062888e-06,0.0003046139,0.0076726926,-0.0023734253
4.339999999999952,0.0060291826,-0.00014275106,3.0583524e-06,0.00030461355,0.007687857,-0.0023861402
4.349999999999952,0.006044821,-0.0001373071,3.0537506e-06,0.00030451387,0.0076947142,-0.0023943824
4.3599999999999515,0.006053743,-0.00013327278,3.0493097e-06,0.00030433846,0.0076986416,-0.0023993538
4.369999999999951,0.0060553793,-0.00012929273,3.0429517e-06,0.00030395575,0.0076958872,-0.0024016877
4.379999999999951,0.006057034,-0.0001264308,3.0381682e-06,0.00030365927,0.007692633,-0.002403114
4.389999999999951,0.0060642064,-0.00012668545,3.043509e-06,0.0003041653,0.00769452,-0.0024056192
4.399999999999951,0.0060736355,-0.00012316057,3.0445362e-06,0.0003044865,0.0077022216,-0.0024119848
4.40999999999995,0.0060859993,-0.000115406736,3.0368321e-06,0.0003042218,0.0077112126,-0.0024213556
4.41999999999995,0.0060965074,-0.0001103457,3.032641e-06,0.00030412353,0.0077129346,-0.0024276602
4.42999999999995,0.006103275,-0.00010303551,3.0232043e-06,0.0003036441,0.0077130604,-0.0024341994
4.43999999999995,0.0061129997,-9.614282e-05,3.0144192e-06,0.0003032062,0.0077132042,-0.0024412307
4.4499999999999496,0.0061239195,-8.85674e-05,3.0048632e-06,0.0003027349,0.007713848,-0.002449107
4.459999999999949,0.006136297,-8.0798985e-05,2.9956138e-06,0.00030230617,0.007715065,-0.0024575752
4.469999999999949,0.0061468133,-7.293394e-05,2.9861878e-06,0.00030185943,0.007714075,-0.0024653762
4.479999999999949,0.0061550876,-6.494496e-05,2.9758805e-06,0.00030132977,0.0077112373,-0.0024723492
4.489999999999949,0.0061606388,-6.309812e-05,2.9725256e-06,0.00030112066,0.0077088824,-0.0024729967
4.4999999999999485,0.006157816,-6.310191e-05,2.9704008e-06,0.00030092252,0.0077095493,-0.0024707988
4.509999999999948,0.0061543505,-6.381834e-05,2.9696737e-06,0.00030081577,0.007709885,-0.002468289
4.519999999999948,0.0061506876,-6.392989e-05,2.967843e-06,0.00030063788,0.0077104936,-0.0024663
4.529999999999948,0.0061475793,-6.393794e-05,2.9657267e-06,0.00030043742,0.0077104624,-0.0024645834
4.539999999999948,0.006144954,-6.359956e-05,2.9628761e-06,0.0003001857,0.007710067,-0.0024632863
0.01,-0.086005434,-0.2048099,-0.006009943,-0.44605622,-0.39557806,-0.49343228
0.02,-3.0203464e-05,-5.730961e-06,2.2262572e-09,-1.0263239e-07,9.655288e-09,1.793854e-05
0.03,-3.7346217e-05,-4.9853015e-06,1.4968918e-09,-1.5456996e-07,-5.6950266e-06,1.8213277e-05
0.04,-3.7354745e-05,-4.831645e-06,1.2145159e-09,-1.7281117e-07,-5.9017966e-06,1.814502e-05
0.05,-3.7311216e-05,-4.844271e-06,1.2692906e-09,-1.6832045e-07,-5.8341193e-06,1.8138773e-05
0.060000000000000005,-3.7306614e-05,-4.8468764e-06,1.2767382e-09,-1.677459e-07,-5.826953e-06,1.813841e-05
0.07,-3.7307513e-05,-4.8468883e-06,1.2761985e-09,-1.6779902e-07,-5.827996e-06,1.8138702e-05
0.08,-3.7307665e-05,-4.8468314e-06,1.2759971e-09,-1.6781534e-07,-5.828223e-06,1.8138735e-05
0.09,-3.7307655e-05,-4.8468287e-06,1.2760015e-09,-1.6781476e-07,-5.8282094e-06,1.813873e-05
0.09999999999999999,-2.2429278e-05,-6.795153e-06,1.4459034e-08,1.0262572e-06,1.4430831e-05,1.23954105e-05
0.10999999999999999,-4.466481e-06,-9.189132e-06,3.0398805e-08,2.4672836e-06,3.8866034e-05,5.53089e-06
0.11999999999999998,1.3541735e-05,-1.1549145e-05,4.625667e-08,3.9029505e-06,6.335347e-05,-1.3725603e-06
0.12999999999999998,3.1575768e-05,-1.389479e-05,6.20791e-08,5.3362637e-06,8.7877685e-05,-8.292827e-06
0.13999999999999999,4.963817e-05,-1.6234528e-05,7.7886156e-08,6.76857e-06,0.00011244378,-1.522307e-05
0.15,6.772831e-05,-1.856679e-05,9.367467e-08,8.1996495e-06,0.00013705014,-2.2163551e-05
0.16,8.584955e-05,-2.0887284e-05,1.09439384e-07,9.629236e-06,0.0001616988,-2.9117242e-05
0.17,0.00010399829,-2.3199356e-05,1.2518363e-07,1.1057463e-05,0.0001863868,-3.6081434e-05
0.18000000000000002,0.00012217404,-2.5503394e-05,1.4090772e-07,1.2484338e-05,0.00021111361,-4.3055792e-05
0.19000000000000003,0.00014037677,-2.7798933e-05,1.5661077e-07,1.3909801e-05,0.00023587885,-5.004047e-05
0.20000000000000004,0.00015860582,-3.0086157e-05,1.7229259e-07,1.5333826e-05,0.00026068167,-5.7035133e-05
0.21000000000000005,0.00017685725,-3.2369302e-05,1.8795784e-07,1.6756621e-05,0.0002855192,-6.403661e-05
0.22000000000000006,0.00019513864,-3.4639117e-05,2.0359555e-07,1.8177649e-05,0.00031039605,-7.1051436e-05
0.23000000000000007,0.00021344499,-3.6900023e-05,2.1920981e-07,1.9597057e-05,0.00033530817,-7.8075864e-05
0.24000000000000007,0.00023177607,-3.91522e-05,2.3480082e-07,2.1014852e-05,0.0003602553,-8.5109765e-05
0.25000000000000006,0.00025013162,-4.1395448e-05,2.50368e-07,2.2430992e-05,0.0003852368,-9.215311e-05
0.26000000000000006,0.00026851127,-4.362965e-05,2.6591087e-07,2.3845429e-05,0.0004102521,-9.920579e-05
0.2700000000000001,0.0002869112,-4.5858833e-05,2.814337e-07,2.5258358e-05,0.00043529837,-0.000106264735
0.2800000000000001,0.00030533862,-4.8074384e-05,2.9692646e-07,2.6669291e-05,0.00046037982,-0.00011333613
0.2900000000000001,0.00032378905,-5.027993e-05,3.1239225e-07,2.8078322e-05,0.00048549296,-0.00012041672
0.3000000000000001,0.00034225805,-5.248065e-05,3.2783697e-07,2.9485735e-05,0.0005106348,-0.00012750279
0.3100000000000001,0.00036074966,-5.4671942e-05,3.4325552e-07,3.0891286e-05,0.0005358075,-0.00013459778
0.3200000000000001,0.0003792637,-5.685291e-05,3.5864605e-07,3.229485e-05,0.0005610105,-0.00014170185
0.3300000000000001,0.0003978032,-5.9019385e-05,3.7400324e-07,3.369616e-05,0.0005862451,-0.00014881782
0.34000000000000014,0.00041635928,-6.1180544e-05,3.893369e-07,3.509563e-05,0.0006115054,-0.00015593859
0.35000000000000014,0.00043493658,-6.333178e-05,4.046423e-07,3.6493067e-05,0.00063679414,-0.00016306785
0.36000000000000015,0.00045353442,-6.547273e-05,4.1991822e-07,3.788838e-05,0.0006621102,-0.00017020543
0.37000000000000016,0.00047215255,-6.7603134e-05,4.35164e-07,3.928151e-05,0.0006874531,-0.00017735129
0.38000000000000017,0.0004907902,-6.9723304e-05,4.5037956e-07,4.067244e-05,0.00071282196,-0.00018450504
0.3900000000000002,0.0005094475,-7.1832685e-05,4.6556397e-07,4.2061103e-05,0.00073821633,-0.00019166688
0.4000000000000002,0.0005281281,-7.392635e-05,4.807112e-07,4.3447206e-05,0.0007636382,-0.00019884025
0.4100000000000002,0.0005468267,-7.600936e-05,4.958261e-07,4.483092e-05,0.00078908366,-0.00020602088
0.4200000000000002,0.0005655436,-7.808146e-05,5.109086e-07,4.6212255e-05,0.0008145526,-0.00021320913
0.4300000000000002,0.0005842789,-8.014208e-05,5.259577e-07,4.7591155e-05,0.0008400447,-0.00022040524
0.4400000000000002,0.0006030267,-8.219735e-05,5.409799e-07,4.8967886e-05,0.000865556,-0.00022760448
0.45000000000000023,0.00062179286,-8.424113e-05,5.5596877e-07,5.034218e-05,0.0008910896,-0.00023481167
0.46000000000000024,0.00064057735,-8.627184e-05,5.7092126e-07,5.1713843e-05,0.00091664493,-0.00024202728
0.47000000000000025,0.0006593804,-8.828883e-05,5.858364e-07,5.3082797e-05,0.0009422219,-0.00024925164
0.48000000000000026,0.00067819585,-9.029802e-05,6.0072e-07,5.4449287e-05,0.0009678162,-0.00025647995
0.49000000000000027,0.00069703045,-9.229268e-05,6.1556534e-07,5.581303e-05,0.0009934315,-0.00026371764
0.5000000000000002,0.0007158823,-9.4273535e-05,6.3037197e-07,5.717395e-05,0.0010190664,-0.00027096353
0.5100000000000002,0.0007347442,-9.624769e-05,6.451473e-07,5.8532358e-05,0.0010447161,-0.00027821198
0.5200000000000002,0.0007536227,-9.820872e-05,6.598849e-07,5.9887996e-05,0.0010703838,-0.0002854683
0.5300000000000002,0.00077251706,-0.00010015624,6.745834e-07,6.124075e-05,0.001096069,-0.00029273218
0.5400000000000003,0.00079142407,-0.00010209314,6.892454e-07,6.259071e-05,0.0011217692,-0.00030000115
0.5500000000000003,0.00081034494,-0.000104017345,7.0386835e-07,6.393775e-05,0.0011474843,-0.00030727664
0.5600000000000003,0.00082928257,-0.00010592702,7.184508e-07,6.528183e-05,0.0011732166,-0.00031456043
0.5700000000000003,0.000848231,-0.00010782542,7.329943e-07,6.662291e-05,0.0011989612,-0.0003218488
0.5800000000000003,0.00086719485,-0.00010970951,7.4749676e-07,6.7960966e-05,0.0012247211,-0.0003291449
0.5900000000000003,0.0008861675,-0.00011158415,7.61962e-07,6.929609e-05,0.0012504914,-0.00033644412
0.6000000000000003,0.0009051528,-0.000113446215,7.7638737e-07,7.06282e-05,0.001276274,-0.00034374933
0.6100000000000003,0.0009241486,-0.000115296825,7.9077313e-07,7.195726e-05,0.0013020672,-0.00035105908
0.6200000000000003,0.00094315724,-0.000117134325,8.05118e-07,7.328325e-05,0.0013278727,-0.00035837505
0.6300000000000003,0.00096217636,-0.00011895772,8.194188e-07,7.4605894e-05,0.001353687,-0.00036569664
0.6400000000000003,0.0009812075,-0.00012076891,8.336794e-07,7.5925476e-05,0.001379513,-0.0003730237
0.6500000000000004,0.0010002487,-0.00012256607,8.478957e-07,7.7241704e-05,0.0014053469,-0.00038035618
0.6600000000000004,0.0010193001,-0.00012435096,8.6207046e-07,7.855473e-05,0.0014311898,-0.00038769344
0.6700000000000004,0.0010383612,-0.00012612264,8.7620197e-07,7.9864454e-05,0.0014570404,-0.00039503563
0.6800000000000004,0.0010574321,-0.00012788044,8.90289e-07,8.1170794e-05,0.0014828981,-0.0004023831
0.6900000000000004,0.0010765122,-0.00012962536,9.0433264e-07,8.2473794e-05,0.0015087627,-0.0004097351
0.7000000000000004,0.001095601,-0.00013135656,9.183314e-07,8.377336e-05,0.001534633,-0.0004170919
0.7100000000000004,0.0011146982,-0.00013307476,9.3228607e-07,8.506952e-05,0.0015605087,-0.00042445306
0.7200000000000004,0.0011338034,-0.00013477913,9.4619503e-07,8.6362175e-05,0.0015863887,-0.00043181865
0.7300000000000004,0.0011529074,-0.00013646903,9.600518e-07,8.765071e-05,0.001612261,-0.00043918518
0.7400000000000004,0.001171819,-0.00013817304,9.7389e-07,8.893601e-05,0.0016378781,-0.00044647272
0.7500000000000004,0.0011904936,-0.00013989511,9.877074e-07,9.0217494e-05,0.0016631826,-0.00045366297
0.7600000000000005,0.0012089339,-0.00014163568,1.0015059e-06,9.149532e-05,0.001688179,-0.00046075677
0.7700000000000005,0.0012271401,-0.00014339518,1.0152866e-06,9.276958e-05,0.0017128681,-0.0004677539
0.7800000000000005,0.0012451215,-0.00014517296,1.0290503e-06,9.404042e-05,0.0017372629,-0.00047465815
0.7900000000000005,0.0012628668,-0.00014697049,1.0427979e-06,9.53078e-05,0.0017613495,-0.00048146467
0.8000000000000005,0.0012803792,-0.00014878795,1.0565308e-06,9.657186e-05,0.0017851328,-0.00048817464
0.8100000000000005,0.0012976673,-0.00015062478,1.0702498e-06,9.783273e-05,0.0018086245,-0.0004947913
0.8200000000000005,0.0013147272,-0.0001524816,1.0839555e-06,9.909043e-05,0.0018318207,-0.0005013132
0.8300000000000005,0.0013315516,-0.00015435969,1.0976494e-06,0.000100345,0.0018547125,-0.00050773687
0.8400000000000005,0.0013481366,-0.00015626,1.1113332e-06,0.00010159654,0.0018772958,-0.0005140607
0.8500000000000005,0.0013644866,-0.00015818255,1.1250083e-06,0.00010284519,0.0018995772,-0.00052028627
0.8600000000000005,0.0013806032,-0.00016012753,1.1386754e-06,0.00010409102,0.0019215593,-0.00052641396
0.8700000000000006,0.0013964839,-0.00016209553,1.1523356e-06,0.0001053341,0.0019432402,-0.00053244276
0.8800000000000006,0.0014121289,-0.000164087,1.1659902e-06,0.00010657452,0.0019646208,-0.00053837255
0.8900000000000006,0.0014275402,-0.00016610211,1.1796401e-06,0.00010781237,0.0019857043,-0.0005442039
0.9000000000000006,0.0014427176,-0.00016814124,1.1932864e-06,0.00010904773,0.0020064916,-0.0005499366
0.9100000000000006,0.001457661,-0.00017020482,1.20693e-06,0.00011028068,0.0020269835,-0.00055557047
0.9200000000000006,0.001472373,-0.00017229293,1.2205722e-06,0.00011151131,0.002047184,-0.0005611064
0.9300000000000006,0.0014868429,-0.00017440719,1.2342143e-06,0.00011273966,0.0020670802,-0.0005665398
0.9400000000000006,0.0015010824,-0.00017654683,1.2478575e-06,0.00011396591,0.002086688,-0.00057187537
0.9500000000000006,0.001515078,-0.0001787137,1.2615031e-06,0.00011519002,0.0021059916,-0.00057710725
0.9600000000000006,0.0015288471,-0.00018090633,1.2751518e-06,0.00011641224,0.0021250134,-0.0005822425
0.9700000000000006,0.0015423824,-0.00018312571,1.2888044e-06,0.000117632524,0.0021437453,-0.00058727793
0.9800000000000006,0.001555681,-0.00018537267,1.3024622e-06,0.00011885098,0.0021621843,-0.00059221225
0.9900000000000007,0.00156874,-0.00018764805,1.3161269e-06,0.000120067685,0.0021803284,-0.000597044
1.0000000000000007,0.0015815615,-0.00018995212,1.3297999e-06,0.00012128276,0.0021981802,-0.00060177385
1.0100000000000007,0.0015941536,-0.00019228425,1.3434815e-06,0.00012249632,0.0022157517,-0.00060640497
1.0200000000000007,0.0016065093,-0.00019464553,1.3571726e-06,0.00012370838,0.0022330345,-0.0006109344
1.0300000000000007,0.0016186316,-0.00019703609,1.3708747e-06,0.00012491904,0.0022500337,-0.0006153631
1.0400000000000007,0.0016305093,-0.00019945776,1.3845894e-06,0.00012612836,0.0022667355,-0.00061968627
1.0500000000000007,0.0016421591,-0.00020190905,1.3983175e-06,0.00012733655,0.0022831627,-0.0006239107
1.0600000000000007,0.0016535678,-0.00020439169,1.41206e-06,0.00012854353,0.0022992992,-0.0006280306
1.0700000000000007,0.0016648058,-0.00020689963,1.4258153e-06,0.00012974978,0.002315237,-0.00063207437
1.0800000000000007,0.0016759214,-0.000209421,1.439571e-06,0.00013095493,0.0023310327,-0.0006360645
1.0900000000000007,0.0016867847,-0.0002119736,1.4533354e-06,0.00013215833,0.0023465268,-0.0006399457
1.1000000000000008,0.0016974129,-0.00021455841,1.4671175e-06,0.00013336084,0.0023617395,-0.0006437241
1.1100000000000008,0.0017078024,-0.00021717633,1.4809194e-06,0.00013456258,0.0023766693,-0.0006473982
1.1200000000000008,0.0017179536,-0.00021982777,1.4947423e-06,0.00013576366,0.0023913172,-0.00065096794
1.1300000000000008,0.0017278696,-0.00022251271,1.5085868e-06,0.00013696417,0.0024056886,-0.00065443455
1.1400000000000008,0.0017375504,-0.0002252315,1.5224539e-06,0.00013816415,0.0024197844,-0.00065779773
1.1500000000000008,0.0017469999,-0.00022798401,1.5363443e-06,0.00013936369,0.0024336106,-0.000661059
1.1600000000000008,0.0017562094,-0.00023077174,1.5502595e-06,0.00014056286,0.002447157,-0.0006642145
1.1700000000000008,0.0017651846,-0.00023359452,1.5642007e-06,0.00014176178,0.0024604315,-0.00066726643
1.1800000000000008,0.0017739253,-0.00023645264,1.5781687e-06,0.0001429605,0.0024734358,-0.0006702146
1.1900000000000008,0.001782438,-0.00023934568,1.5921638e-06,0.00014415912,0.0024861784,-0.00067306147
1.2000000000000008,0.0017907154,-0.00024227481,1.6061872e-06,0.00014535766,0.0024986516,-0.0006758038
1.2100000000000009,0.0017987571,-0.0002452407,1.6202407e-06,0.00014655624,0.0025108552,-0.0006784413
1.2200000000000009,0.0018065698,-0.00024824284,1.6343246e-06,0.00014775494,0.002522799,-0.00068097643
1.2300000000000009,0.0018141462,-0.00025128244,1.6484402e-06,0.00014895381,0.0025344754,-0.0006834062
1.2400000000000009,0.0018214941,-0.00025435904,1.6625881e-06,0.00015015296,0.0025458944,-0.00068573345
1.2500000000000009,0.0018286065,-0.00025747376,1.6767697e-06,0.00015135243,0.0025570488,-0.00068795524
1.260000000000001,0.0018450445,-0.0002590633,1.6890772e-06,0.00015249278,0.002579875,-0.0006941897
1.270000000000001,0.0018616605,-0.00026059352,1.7012129e-06,0.00015362039,0.0026027064,-0.00070048776
1.280000000000001,0.0018783142,-0.0002621013,1.7132837e-06,0.00015474329,0.0026255373,-0.00070680457
1.290000000000001,0.0018949611,-0.00026359715,1.725303e-06,0.00015586197,0.0026483545,-0.000713119
1.300000000000001,0.0019116082,-0.00026507862,1.7372695e-06,0.00015697647,0.0026711642,-0.0007194348
1.310000000000001,0.0019282526,-0.00026654662,1.7491827e-06,0.00015808672,0.0026939646,-0.00072575064
1.320000000000001,0.0019448943,-0.0002680016,1.7610437e-06,0.00015919276,0.0027167553,-0.0007320661
1.330000000000001,0.0019615295,-0.0002694457,1.7728535e-06,0.00016029457,0.002739533,-0.000738379
1.340000000000001,0.0019781683,-0.00027087092,1.7846056e-06,0.000161392,0.0027623032,-0.0007446968
1.350000000000001,0.0019948003,-0.00027228435,1.7963042e-06,0.00016248504,0.0027850603,-0.0007510119
1.360000000000001,0.002011428,-0.0002736851,1.8079503e-06,0.00016357383,0.002807805,-0.0007573261
1.370000000000001,0.0020280525,-0.00027507235,1.8195432e-06,0.00016465834,0.0028305382,-0.00076364016
1.380000000000001,0.002044672,-0.0002764461,1.8310816e-06,0.00016573846,0.0028532578,-0.00076995336
1.390000000000001,0.0020612932,-0.00027780057,1.8425602e-06,0.00016681402,0.0028759665,-0.0007762708
1.400000000000001,0.0020779069,-0.0002791426,1.853984e-06,0.00016788508,0.0028986605,-0.0007825855
1.410000000000001,0.0020945116,-0.0002804746,1.8653567e-06,0.00016895187,0.002921338,-0.00078889646
1.420000000000001,0.002111119,-0.00028178646,1.8766692e-06,0.0001700141,0.002944004,-0.00079521263
1.430000000000001,0.0021277135,-0.00028308976,1.8879299e-06,0.00017107191,0.0029666515,-0.00080152234
1.440000000000001,0.0021443095,-0.0002843738,1.8991313e-06,0.00017212519,0.002989286,-0.00080783654
1.450000000000001,0.0021608942,-0.0002856462,1.9102772e-06,0.00017317384,0.0030119012,-0.00081414636
1.460000000000001,0.0021774794,-0.00028690108,1.9213655e-06,0.00017421806,0.0030345037,-0.00082045945
1.470000000000001,0.002194051,-0.0002881466,1.9324007e-06,0.00017525775,0.0030570854,-0.0008267662
1.480000000000001,0.0022106173,-0.00028937776,1.9433805e-06,0.00017629302,0.003079649,-0.0008330728
1.490000000000001,0.002227177,-0.00029059444,1.9543036e-06,0.00017732369,0.0031021948,-0.0008393784
1.500000000000001,0.0022437288,-0.00029179727,1.9651702e-06,0.0001783498,0.003124721,-0.0008456823
1.5100000000000011,0.00226028,-0.00029297988,1.9759743e-06,0.00017937113,0.0031472312,-0.00085199
1.5200000000000011,0.0022768152,-0.00029415387,1.986725e-06,0.00018038785,0.003169718,-0.00085829024
1.5300000000000011,0.0022933448,-0.00029531276,1.9974193e-06,0.00018140009,0.003192185,-0.0008645906
1.5400000000000011,0.0023098667,-0.00029645674,2.0080554e-06,0.00018240763,0.0032146315,-0.0008708897
1.5500000000000012,0.002326386,-0.00029758076,2.0186285e-06,0.00018341033,0.003237059,-0.0008771918
1.5600000000000012,0.0023428886,-0.0002986958,2.0291473e-06,0.00018440836,0.0032594616,-0.0008834863
1.5700000000000012,0.0023593896,-0.0002997913,2.039605e-06,0.00018540169,0.0032818445,-0.0008897844
1.5800000000000012,0.0023758805,-0.0003008714,2.0500022e-06,0.00018639016,0.0033042047,-0.00089608046
1.5900000000000012,0.0023923554,-0.00030194246,2.060346e-06,0.00018737403,0.0033265383,-0.00090236944
1.6000000000000012,0.0024088223,-0.00030299873,2.070633e-06,0.00018835333,0.0033488485,-0.0009086577
1.6100000000000012,0.0024252848,-0.00030403523,2.0808563e-06,0.00018932771,0.0033711367,-0.00091494824
1.6200000000000012,0.0024417292,-0.00030506257,2.0910247e-06,0.00019029736,0.003393397,-0.0009212308
1.6300000000000012,0.0024594737,-0.00030604817,2.101858e-06,0.00019133625,0.0034170756,-0.0009280578
1.6400000000000012,0.002482542,-0.00030686648,2.1155686e-06,0.00019267353,0.003446836,-0.0009371558
1.6500000000000012,0.0025044228,-0.00030844385,2.1296555e-06,0.00019400638,0.003477857,-0.000945228
1.6600000000000013,0.002525254,-0.00031038077,2.1438505e-06,0.00019532854,0.00350861,-0.00095274166
1.6700000000000013,0.0025458364,-0.00031236326,2.157965e-06,0.00019664019,0.0035391822,-0.0009601424
1.6800000000000013,0.0025662049,-0.0003143485,2.171918e-06,0.00019793582,0.003569511,-0.0009674458
1.6900000000000013,0.00258617,-0.0003163028,2.185564e-06,0.00019920274,0.0035993042,-0.0009745985
1.7000000000000013,0.002605443,-0.00031808534,2.1986236e-06,0.00020042057,0.0036278851,-0.0009815987
1.7100000000000013,0.002625915,-0.00031976693,2.211933e-06,0.00020167102,0.0036575545,-0.0009890865
1.7200000000000013,0.002645664,-0.00032162966,2.2250072e-06,0.000202888,0.003686882,-0.0009961227
1.7300000000000013,0.0026617576,-0.00032436982,2.2393401e-06,0.00020416302,0.0037119503,-0.0010014218
1.7400000000000013,0.0026778977,-0.00032746614,2.2554293e-06,0.00020558466,0.0037370517,-0.0010067981
1.7500000000000013,0.0026942424,-0.00033029317,2.2710706e-06,0.00020698007,0.0037627248,-0.0010123975
1.7600000000000013,0.002709052,-0.00033161248,2.2821466e-06,0.00020801982,0.0037855813,-0.0010181426
1.7700000000000014,0.0027256832,-0.00033252183,2.2921672e-06,0.00020898522,0.0038087706,-0.0010245654
1.7800000000000014,0.0027430484,-0.00033337134,2.3020852e-06,0.00020994573,0.0038323507,-0.0010312211
1.7900000000000014,0.0027605286,-0.0003341969,2.3119292e-06,0.00021090091,0.0038560305,-0.0010379199
1.8000000000000014,0.0027783485,-0.00033494603,2.3216369e-06,0.00021184867,0.0038801078,-0.0010447698
1.8100000000000014,0.002796341,-0.00033564915,2.331241e-06,0.0002127898,0.0039043727,-0.0010516965
1.8200000000000014,0.0028145486,-0.00033629735,2.3407322e-06,0.00021372407,0.003928877,-0.0010587199
1.8300000000000014,0.002832982,-0.00033688813,2.350107e-06,0.0002146513,0.003953632,-0.001065845
1.8400000000000014,0.002851644,-0.00033742038,2.3593632e-06,0.00021557137,0.003978639,-0.0010730732
1.8500000000000014,0.002870535,-0.0003378933,2.3684997e-06,0.00021648422,0.004003896,-0.0010804052
1.8600000000000014,0.0028896525,-0.00033830653,2.3775158e-06,0.00021738975,0.004029398,-0.0010878402
1.8700000000000014,0.0029097563,-0.0003384552,2.3864902e-06,0.00021830868,0.004055726,-0.0010958327
1.8800000000000014,0.0029287194,-0.0003388517,2.3949947e-06,0.00021916683,0.004081282,-0.0011030942
1.8900000000000015,0.00294828,-0.00033918247,2.4037502e-06,0.00022005409,0.0041073123,-0.0011107156
1.9000000000000015,0.0029682012,-0.0003393686,2.4123044e-06,0.00022093127,0.004133638,-0.0011185259
1.9100000000000015,0.002988428,-0.00033948722,2.4208719e-06,0.00022181423,0.0041601947,-0.0011264988
1.9200000000000015,0.003008694,-0.0003395499,2.4293392e-06,0.00022269088,0.004186744,-0.0011345092
1.9300000000000015,0.0030288873,-0.00033959287,2.4377205e-06,0.00022356023,0.004213181,-0.0011424947
1.9400000000000015,0.0030489624,-0.0003396266,2.4460285e-06,0.00022442272,0.004239448,-0.001150434
1.9500000000000015,0.0030688718,-0.0003396582,2.4542696e-06,0.00022527839,0.00426549,-0.0011583065
1.9600000000000015,0.003088567,-0.00033969502,2.4624483e-06,0.00022612713,0.0042912527,-0.0011660903
1.9700000000000015,0.0031080006,-0.00033974418,2.4705687e-06,0.00022696871,0.004316684,-0.0011737639
1.9800000000000015,0.0031271277,-0.00033981254,2.4786325e-06,0.00022780286,0.004341735,-0.0011813066
1.9900000000000015,0.003145904,-0.0003399069,2.4866417e-06,0.00022862914,0.00436636,-0.0011886975
2.0000000000000013,0.003164296,-0.0003400327,2.4945953e-06,0.00022944712,0.004390527,-0.0011959205
2.010000000000001,0.0031822687,-0.0003401956,2.5024924e-06,0.00023025628,0.0044142017,-0.0012029584
2.020000000000001,0.0031997988,-0.0003403999,2.510331e-06,0.00023105612,0.004437365,-0.0012097989
2.0300000000000007,0.003216856,-0.00034065105,2.5181098e-06,0.00023184616,0.0044599883,-0.0012164267
2.0400000000000005,0.0032331597,-0.00034108013,2.525898e-06,0.00023262505,0.004481884,-0.0012226689
2.0500000000000003,0.0032456045,-0.0003422289,2.5319532e-06,0.00023319159,0.0045013735,-0.0012265289
2.06,0.0032612013,-0.00034329083,2.5389334e-06,0.00023386134,0.004524298,-0.0012318671
2.07,0.0032773651,-0.00034411135,2.546108e-06,0.0002345631,0.0045471485,-0.0012376314
2.0799999999999996,0.003293169,-0.00034491872,2.5534691e-06,0.00023528145,0.004569307,-0.0012433348
2.0899999999999994,0.0033084974,-0.00034577498,2.5610293e-06,0.00023601388,0.0045907013,-0.0012488896
2.099999999999999,0.0033232807,-0.0003467121,2.568798e-06,0.00023675938,0.0046112984,-0.0012542492
2.109999999999999,0.0033375595,-0.0003477314,2.5767663e-06,0.00023751723,0.004631172,-0.0012594257
2.1199999999999988,0.003350181,-0.00034907906,2.5852587e-06,0.00023830053,0.004648935,-0.0012639008
2.1299999999999986,0.0033630172,-0.00035044304,2.5955774e-06,0.0002392532,0.004665577,-0.0012688608
2.1399999999999983,0.0033800132,-0.00035068777,2.6027744e-06,0.00023998997,0.004688641,-0.0012754048
2.149999999999998,0.0033963013,-0.00035107852,2.6139392e-06,0.00024108375,0.0047072438,-0.0012826519
2.159999999999998,0.0034143294,-0.00035036914,2.621924e-06,0.0002419448,0.0047287685,-0.0012904836
2.1699999999999977,0.0034317812,-0.0003500882,2.6294686e-06,0.00024274131,0.00475067,-0.0012976851
2.1799999999999975,0.0034489357,-0.00034996987,2.6366458e-06,0.00024349413,0.004772633,-0.0013045776
2.1899999999999973,0.0034658338,-0.00034997083,2.6436867e-06,0.00024422724,0.0047945343,-0.0013112669
2.199999999999997,0.0034825916,-0.0003500181,2.6506284e-06,0.00024494823,0.0048163687,-0.0013178571
2.209999999999997,0.0034992613,-0.00035008244,2.657489e-06,0.00024566046,0.0048381407,-0.0013243915
2.2199999999999966,0.0035158726,-0.00035014897,2.6642797e-06,0.0002463658,0.004859851,-0.0013308941
2.2299999999999964,0.003532434,-0.0003502124,2.6709974e-06,0.00024706428,0.0048815045,-0.0013373707
2.239999999999996,0.0035489528,-0.0003502711,2.677651e-06,0.00024775686,0.0049030986,-0.0013438271
2.249999999999996,0.0035654434,-0.00035031865,2.6842517e-06,0.0002484449,0.004924631,-0.0013502771
2.259999999999996,0.0035819006,-0.00035035424,2.690783e-06,0.00024912693,0.0049461066,-0.0013567138
2.2699999999999956,0.0035983026,-0.00035038922,2.697232e-06,0.00024980112,0.00496753,-0.001363117
2.2799999999999954,0.003614656,-0.00035042662,2.703624e-06,0.00025046963,0.0049888957,-0.0013694948
2.289999999999995,0.003630959,-0.00035046547,2.7099418e-06,0.00025113093,0.005010212,-0.001375842
2.299999999999995,0.0036471854,-0.00035052127,2.7161636e-06,0.00025178216,0.0050314935,-0.0013821308
2.3099999999999947,0.0036632842,-0.00035062627,2.722236e-06,0.0002524165,0.005052783,-0.001388303
2.3199999999999945,0.0036792934,-0.0003507898,2.7282629e-06,0.00025304325,0.0050740642,-0.0013943986
2.3299999999999943,0.0036949718,-0.00035114007,2.7334402e-06,0.00025358048,0.0050959326,-0.0014000015
2.339999999999994,0.0037105836,-0.00035149785,2.7375702e-06,0.00025402007,0.0051185624,-0.0014053924
2.349999999999994,0.0037181133,-0.00035350624,2.7477788e-06,0.00025490698,0.005127916,-0.0014080885
2.3599999999999937,0.003727888,-0.0003544601,2.7574697e-06,0.00025580975,0.005139723,-0.0014122288
2.3699999999999934,0.0037396713,-0.0003546541,2.764592e-06,0.0002565211,0.0051551485,-0.0014170549
2.3799999999999932,0.0037510684,-0.00035529007,2.7717822e-06,0.00025721436,0.005170493,-0.0014214045
2.389999999999993,0.0037630158,-0.00035587445,2.7788515e-06,0.00025790112,0.0051865275,-0.0014259974
2.399999999999993,0.003775225,-0.0003564575,2.7857245e-06,0.00025857068,0.0052029747,-0.0014306516
2.4099999999999926,0.003788981,-0.0003566474,2.7920867e-06,0.00025921856,0.005221054,-0.0014360546
2.4199999999999924,0.0038041288,-0.00035653857,2.797971e-06,0.00025984252,0.005240668,-0.001442086
2.429999999999992,0.0038205371,-0.00035616723,2.8034096e-06,0.00026044296,0.005261629,-0.0014486772
2.439999999999992,0.0038383321,-0.0003555024,2.8083516e-06,0.0002610173,0.0052840956,-0.0014558885
2.4499999999999917,0.0038575064,-0.0003545439,2.8127884e-06,0.00026156465,0.005308042,-0.001463715
2.4599999999999915,0.0038778232,-0.00035334195,2.8167633e-06,0.00026208555,0.0053331964,-0.0014720395
2.4699999999999913,0.0038985377,-0.00035212928,2.8206982e-06,0.00026260444,0.0053586583,-0.0014804836
2.479999999999991,0.003920315,-0.00035070535,2.8245995e-06,0.00026313507,0.0053851358,-0.0014894808
2.489999999999991,0.00394165,-0.0003493007,2.8285667e-06,0.0002636688,0.0054108487,-0.0014983075
2.4999999999999907,0.003961327,-0.00034820827,2.8330508e-06,0.0002642281,0.0054344865,-0.0015063997
2.5099999999999905,0.0039797835,-0.0003473111,2.8378422e-06,0.00026480158,0.0054568006,-0.0015139846
2.5199999999999902,0.0039970246,-0.00034662551,2.8429602e-06,0.0002653901,0.0054777195,-0.0015210466
2.52999999999999,0.0040127905,-0.0003462044,2.8484817e-06,0.00026599702,0.005496937,-0.0015274652
2.53999999999999,0.0040270663,-0.0003460476,2.8543955e-06,0.00026662138,0.005514492,-0.0015332357
2.5499999999999896,0.004038449,-0.0003461809,2.856287e-06,0.00026684738,0.0055323546,-0.0015367992
2.5599999999999894,0.0040502828,-0.00034754828,2.860763e-06,0.00026725206,0.0055507184,-0.0015402554
2.569999999999989,0.0040601613,-0.00034922964,2.866928e-06,0.00026778932,0.005565509,-0.0015431471
2.579999999999989,0.004066561,-0.00035151315,2.8745046e-06,0.00026841447,0.005576121,-0.0015446035
2.5899999999999888,0.004072999,-0.00035386428,2.8849402e-06,0.00026930278,0.005585261,-0.0015467448
2.5999999999999885,0.0040891645,-0.00035288924,2.8932932e-06,0.00027020523,0.0056032515,-0.0015547544
2.6099999999999883,0.0041064867,-0.00035106816,2.8976904e-06,0.00027078486,0.0056227255,-0.0015625558
2.619999999999988,0.0041222987,-0.00035017327,2.9018795e-06,0.00027129255,0.0056420797,-0.001569062
2.629999999999988,0.00413763,-0.00034957347,2.9060625e-06,0.00027178257,0.005661248,-0.0015752095
2.6399999999999877,0.0041527892,-0.00034906532,2.9102296e-06,0.00027226572,0.005680332,-0.0015812428
2.6499999999999875,0.0041678874,-0.00034858202,2.914374e-06,0.00027274518,0.005699352,-0.0015872424
2.6599999999999873,0.0041829636,-0.00034809986,2.9184937e-06,0.00027322213,0.0057183127,-0.0015932366
2.669999999999987,0.0041980273,-0.00034760986,2.9225864e-06,0.00027369682,0.005737209,-0.001599234
2.679999999999987,0.004213078,-0.0003471086,2.92665e-06,0.00027416923,0.005756038,-0.0016052357
2.6899999999999866,0.004228112,-0.00034659478,2.9306818e-06,0.00027463917,0.0057747927,-0.0016112406
2.6999999999999864,0.004243124,-0.00034606806,2.9346784e-06,0.00027510631,0.005793472,-0.0016172458
2.709999999999986,0.0042581093,-0.00034552848,2.9386367e-06,0.00027557038,0.0058120713,-0.001623249
2.719999999999986,0.004273061,-0.00034497725,2.9425496e-06,0.00027603057,0.005830591,-0.0016292445
2.7299999999999858,0.0042879796,-0.0003444149,2.946427e-06,0.00027648782,0.0058490257,-0.0016352354
2.7399999999999856,0.00430287,-0.00034383623,2.9502671e-06,0.00027694224,0.005867372,-0.0016412267
2.7499999999999853,0.0043177186,-0.00034324315,2.9540436e-06,0.00027739123,0.005885637,-0.001647204
2.759999999999985,0.004332519,-0.0003426432,2.9577768e-06,0.00027783628,0.0059038145,-0.001653166
2.769999999999985,0.0043472783,-0.00034203124,2.9614614e-06,0.0002782772,0.0059219045,-0.0016591173
2.7799999999999847,0.004361993,-0.00034140763,2.9650964e-06,0.00027871382,0.005939905,-0.0016650563
2.7899999999999845,0.004376663,-0.00034077256,2.968681e-06,0.00027914607,0.0059578167,-0.0016709821
2.7999999999999843,0.0043912856,-0.00034012613,2.9722146e-06,0.0002795739,0.005975638,-0.001676894
2.809999999999984,0.0044058603,-0.0003394686,2.9756966e-06,0.0002799972,0.005993368,-0.0016827914
2.819999999999984,0.0044203866,-0.00033880008,2.9791267e-06,0.00028041602,0.006011007,-0.0016886736
2.8299999999999836,0.004434863,-0.00033812068,2.982505e-06,0.00028083025,0.006028553,-0.0016945404
2.8399999999999834,0.0044492893,-0.00033743057,2.985831e-06,0.00028123992,0.0060460065,-0.0017003911
2.849999999999983,0.004463664,-0.0003367299,2.9891055e-06,0.000281645,0.0060633654,-0.0017062254
2.859999999999983,0.0044779866,-0.00033601877,2.9923272e-06,0.00028204545,0.0060806307,-0.001712043
2.869999999999983,0.004492257,-0.0003352975,2.9954977e-06,0.00028244135,0.0060978006,-0.0017178433
2.8799999999999826,0.004506474,-0.0003345659,2.9986159e-06,0.00028283263,0.0061148745,-0.0017236264
2.8899999999999824,0.0045206365,-0.0003338244,3.0016822e-06,0.0002832193,0.0061318525,-0.0017293915
2.899999999999982,0.004534745,-0.00033307303,3.0046979e-06,0.00028360143,0.0061487327,-0.0017351388
2.909999999999982,0.0045487867,-0.00033231525,3.0076371e-06,0.00028397646,0.006165527,-0.0017408535
2.9199999999999817,0.004562767,-0.00033155762,3.010555e-06,0.00028434917,0.0061822147,-0.00174655
2.9299999999999815,0.004576701,-0.00033078465,3.013412e-06,0.00028471672,0.006198807,-0.001752232
2.9399999999999813,0.0045905686,-0.00033000752,3.0162114e-06,0.00028507877,0.006215306,-0.0017578853
2.949999999999981,0.0046043633,-0.00032923045,3.0189453e-06,0.0002854344,0.0062317154,-0.0017635024
2.959999999999981,0.004618067,-0.00032846362,3.0215924e-06,0.00028578096,0.0062480513,-0.0017690625
2.9699999999999807,0.00463163,-0.00032773268,3.0240735e-06,0.00028610975,0.0062643643,-0.001774506
2.9799999999999804,0.004644937,-0.0003271027,3.0261458e-06,0.00028639444,0.0062808385,-0.0017796751
2.9899999999999802,0.0046579014,-0.00032665982,3.0266533e-06,0.00028652334,0.0062985076,-0.0017841903
2.99999999999998,0.0046667843,-0.00032774083,3.0296912e-06,0.00028679328,0.006311399,-0.0017866968
3.00999999999998,0.0046703126,-0.0003309468,3.0420467e-06,0.00028779838,0.006313745,-0.0017877092
3.0199999999999796,0.004677379,-0.00033106166,3.0495664e-06,0.0002885307,0.0063212393,-0.0017912543
3.0299999999999794,0.004684836,-0.00033097848,3.054237e-06,0.0002890113,0.006331376,-0.001794393
3.039999999999979,0.004693212,-0.00033105834,3.058446e-06,0.0002894431,0.006342838,-0.0017977384
3.049999999999979,0.0047036004,-0.00033065918,3.0617443e-06,0.00028982098,0.006356105,-0.0018020303
3.0599999999999787,0.004716576,-0.00032957378,3.0638007e-06,0.0002901272,0.006371892,-0.0018075668
3.0699999999999785,0.0047322265,-0.00032781545,3.064644e-06,0.0002903637,0.0063901,-0.0018143596
3.0799999999999783,0.004750505,-0.00032540507,3.064335e-06,0.00029053478,0.006410617,-0.0018223869
3.089999999999978,0.004771234,-0.00032238613,3.0629776e-06,0.00029064712,0.0064331973,-0.0018315691
3.099999999999978,0.004794106,-0.00031883872,3.0607641e-06,0.00029071333,0.0064574545,-0.001841761
3.1099999999999777,0.004818374,-0.00031496256,3.058227e-06,0.00029077003,0.006482442,-0.0018526408
3.1199999999999775,0.0048429985,-0.00031098962,3.0556157e-06,0.00029082503,0.006507251,-0.0018636598
3.1299999999999772,0.0048663993,-0.00030729885,3.053427e-06,0.0002908999,0.0065304865,-0.0018740487
3.139999999999977,0.004887278,-0.00030416492,3.0520064e-06,0.00029100847,0.006551084,-0.0018831894
3.149999999999977,0.0049046963,-0.0003017706,3.0515057e-06,0.00029115286,0.0065684295,-0.0018906387
3.1599999999999766,0.0049182624,-0.00030017953,3.0518856e-06,0.00029132518,0.00658243,-0.0018962146
3.1699999999999764,0.0049332744,-0.00029805247,3.050826e-06,0.00029139975,0.0065998854,-0.0019026787
3.179999999999976,0.004939119,-0.0002983161,3.0497677e-06,0.00029131497,0.0066083805,-0.0019033093
3.189999999999976,0.0049396753,-0.0003012655,3.0520391e-06,0.0002913891,0.0066155293,-0.0019011435
3.1999999999999758,0.004940767,-0.00030436798,3.057193e-06,0.00029172457,0.0066215927,-0.0019000891
3.2099999999999755,0.004947166,-0.0003066824,3.0686135e-06,0.0002926991,0.0066271327,-0.0019028402
3.2199999999999753,0.0049592396,-0.0003047894,3.0730014e-06,0.0002932608,0.0066393353,-0.001909402
3.229999999999975,0.004971637,-0.00030299212,3.0751119e-06,0.00029360483,0.0066523417,-0.0019153061
3.239999999999975,0.004983809,-0.0003016002,3.0766462e-06,0.0002938719,0.006665429,-0.0019206731
3.2499999999999747,0.0049956664,-0.00030045203,3.0778956e-06,0.00029409816,0.006678472,-0.0019256779
3.2599999999999745,0.005006848,-0.0002995505,3.0777164e-06,0.00029417683,0.0066921953,-0.0019298588
3.2699999999999743,0.0050119986,-0.0003007213,3.079423e-06,0.00029430186,0.006700287,-0.0019305067
3.279999999999974,0.005010414,-0.00030505186,3.0920623e-06,0.00029525574,0.0066977954,-0.001928822
3.289999999999974,0.0050143446,-0.00030489964,3.0965602e-06,0.0002957106,0.0067038,-0.0019308688
3.2999999999999736,0.005018765,-0.00030536493,3.1008337e-06,0.0002961143,0.006711139,-0.0019326174
3.3099999999999734,0.005024399,-0.000305679,3.1047286e-06,0.00029649242,0.006718897,-0.0019348348
3.319999999999973,0.005032756,-0.00030512142,3.1069783e-06,0.00029677202,0.006729632,-0.001938488
3.329999999999973,0.0050450712,-0.00030339902,3.1070715e-06,0.00029692362,0.0067439987,-0.0019441101
3.3399999999999728,0.0050620153,-0.00030035418,3.1047427e-06,0.0002969322,0.0067623556,-0.0019519991
3.3499999999999726,0.0050829127,-0.0002963313,3.1004572e-06,0.0002968202,0.0067837406,-0.0019616568
3.3599999999999723,0.005107134,-0.00029176573,3.095975e-06,0.00029672665,0.006806926,-0.0019728576
3.369999999999972,0.0051297043,-0.00028779195,3.092927e-06,0.00029672735,0.006826751,-0.0019830468
3.379999999999972,0.0051471847,-0.00028526515,3.0926067e-06,0.0002968898,0.006841306,-0.0019906715
3.3899999999999717,0.005159312,-0.00028403694,3.0946892e-06,0.00029719295,0.0068513937,-0.0019958152
3.3999999999999715,0.0051657194,-0.00028279293,3.0911624e-06,0.00029696035,0.006861115,-0.0019978045
3.4099999999999713,0.0051725605,-0.0002837915,3.091493e-06,0.00029697208,0.00687218,-0.0019992979
3.419999999999971,0.0051769335,-0.00028593594,3.0955603e-06,0.00029726047,0.006878205,-0.0019995628
3.429999999999971,0.0051765735,-0.0002896889,3.1042227e-06,0.0002978799,0.006879445,-0.0019977277
3.4399999999999706,0.0051850425,-0.0002892618,3.1117472e-06,0.00029864625,0.0068888343,-0.0020032576
3.4499999999999704,0.005198271,-0.00028579377,3.1116483e-06,0.00029887026,0.0069001312,-0.0020103091
3.45999999999997,0.0052089207,-0.00028410414,3.111552e-06,0.00029899387,0.0069111804,-0.0020149904
3.46999999999997,0.005219191,-0.0002828558,3.11166e-06,0.00029911118,0.006922066,-0.002019335
3.47999999999997,0.0052293874,-0.00028170334,3.1118532e-06,0.00029923086,0.006932841,-0.0020236364
3.4899999999999696,0.0052395663,-0.00028056715,3.1120892e-06,0.00029935336,0.006943503,-0.0020279442
3.4999999999999694,0.0052497257,-0.00027942713,3.112345e-06,0.00029947763,0.006954044,-0.0020322609
3.509999999999969,0.0052598487,-0.00027828087,3.1126042e-06,0.00029960222,0.0069644614,-0.0020365764
3.519999999999969,0.0052699246,-0.00027712923,3.1128811e-06,0.00029972842,0.00697474,-0.0020408917
3.5299999999999687,0.0052799466,-0.00027596366,3.1131246e-06,0.00029985185,0.006984893,-0.0020451937
3.5399999999999685,0.0052898857,-0.00027480154,3.1133598e-06,0.00029997388,0.0069949105,-0.0020494682
3.5499999999999683,0.0052997516,-0.00027363485,3.1135758e-06,0.00030009393,0.007004791,-0.0020537216
3.559999999999968,0.005309537,-0.0002724648,3.1137681e-06,0.00030021154,0.0070145344,-0.002057949
3.569999999999968,0.005319238,-0.0002712919,3.113934e-06,0.0003003264,0.00702414,-0.0020621482
3.5799999999999677,0.0053288518,-0.00027011673,3.1140714e-06,0.00030043826,0.007033607,-0.0020663168
3.5899999999999674,0.005338376,-0.00026893962,3.1141783e-06,0.0003005469,0.007042934,-0.0020704535
3.5999999999999672,0.005347808,-0.00026776094,3.114254e-06,0.00030065226,0.0070521217,-0.0020745571
3.609999999999967,0.0053571467,-0.000266581,3.114298e-06,0.00030075424,0.0070611686,-0.0020786265
3.619999999999967,0.0053663915,-0.00026539998,3.114309e-06,0.00030085276,0.0070700743,-0.0020826613
3.6299999999999666,0.0053755403,-0.00026421814,3.1142874e-06,0.00030094778,0.0070788385,-0.0020866606
3.6399999999999664,0.0053845937,-0.00026303562,3.1142347e-06,0.0003010395,0.00708746,-0.0020906248
3.649999999999966,0.005393519,-0.00026185455,3.1140312e-06,0.0003011165,0.0070959968,-0.0020945037
3.659999999999966,0.0054022814,-0.00026073697,3.1138864e-06,0.00030119505,0.0071043777,-0.0020983052
3.6699999999999657,0.0054109506,-0.00025961042,3.113561e-06,0.00030125675,0.007112702,-0.0021020335
3.6799999999999655,0.0054193237,-0.00025855628,3.112702e-06,0.00030126423,0.0071212025,-0.0021054612
3.6899999999999653,0.005427279,-0.00025734384,3.1084248e-06,0.00030096175,0.0071317465,-0.0021080887
3.699999999999965,0.0054275035,-0.00026123298,3.1155928e-06,0.00030142826,0.007131368,-0.0021062114
3.709999999999965,0.005426351,-0.000265662,3.1309826e-06,0.00030263086,0.0071269465,-0.0021052815
3.7199999999999647,0.0054245577,-0.00026657915,3.138406e-06,0.00030328086,0.0071249125,-0.0021044435
3.7299999999999645,0.0054221936,-0.00026733655,3.1418522e-06,0.00030357658,0.007129194,-0.0021037098
3.7399999999999642,0.005425012,-0.0002669423,3.143082e-06,0.0003037336,0.0071348334,-0.0021052093
3.749999999999964,0.0054309657,-0.00026560025,3.1422046e-06,0.00030375057,0.0071423477,-0.002108179
3.759999999999964,0.0054417667,-0.00026299042,3.138712e-06,0.0003036041,0.007154212,-0.0021135658
3.7699999999999636,0.005455568,-0.0002594157,3.1332222e-06,0.000303326,0.007166663,-0.0021202452
3.7799999999999634,0.005467528,-0.00025780688,3.1319744e-06,0.00030333,0.0071748323,-0.0021250595
3.789999999999963,0.0054829754,-0.00025747737,3.1349239e-06,0.00030367813,0.0071888906,-0.0021302348
3.799999999999963,0.005473841,-0.00025903078,3.1351533e-06,0.00030359588,0.0071823183,-0.0021253207
3.8099999999999627,0.005470564,-0.00026209134,3.137423e-06,0.00030365033,0.007185454,-0.0021218634
3.8199999999999625,0.005477061,-0.00026433275,3.1471634e-06,0.0003044732,0.007193448,-0.0021250052
3.8299999999999623,0.005496725,-0.00026035422,3.1472728e-06,0.0003047673,0.007212043,-0.0021346954
3.839999999999962,0.0055039655,-0.00025887732,3.146283e-06,0.00030478614,0.0072204815,-0.0021378824
3.849999999999962,0.005517082,-0.00025733036,3.145643e-06,0.00030486085,0.0072354074,-0.0021434005
3.8599999999999617,0.005529492,-0.00025589787,3.1440431e-06,0.00030483596,0.007249271,-0.002148091
3.8699999999999615,0.0055582495,-0.00025317777,3.1405473e-06,0.00030476754,0.0072844625,-0.0021585876
3.8799999999999613,0.005574358,-0.0002576643,3.1544625e-06,0.00030589974,0.007302686,-0.0021617506
3.889999999999961,0.0055726483,-0.00026018525,3.1651675e-06,0.00030678808,0.007308196,-0.002161621
3.899999999999961,0.0055748946,-0.00025917313,3.1675695e-06,0.0003070925,0.0073147085,-0.0021637897
3.9099999999999606,0.0055798306,-0.0002580676,3.1682985e-06,0.00030724716,0.0073218145,-0.0021665513
3.9199999999999604,0.00558766,-0.00025640876,3.167762e-06,0.0003073172,0.0073299943,-0.0021704955
3.92999999999996,0.0055977935,-0.00025360074,3.1646841e-06,0.00030721555,0.007339814,-0.0021758918
3.93999999999996,0.0056115505,-0.0002495383,3.159011e-06,0.0003069452,0.007351622,-0.0021831621
3.9499999999999598,0.0056297705,-0.00024449866,3.151708e-06,0.00030658435,0.007365949,-0.002192412
3.9599999999999596,0.0056519127,-0.00023884754,3.1438365e-06,0.00030621278,0.0073827244,-0.0022032834
3.9699999999999593,0.0056769443,-0.00023313452,3.1365507e-06,0.00030590824,0.0074017555,-0.0022150825
3.979999999999959,0.005703115,-0.00022910717,3.1336613e-06,0.0003059314,0.007421889,-0.00222612
3.989999999999959,0.0057240175,-0.00022789212,3.136146e-06,0.00030630015,0.0074400804,-0.002233407
3.9999999999999587,0.005727527,-0.00022647454,3.1328714e-06,0.0003060966,0.0074489443,-0.0022349048
4.009999999999959,0.005738635,-0.00022697575,3.1350717e-06,0.00030632442,0.0074632037,-0.0022382245
4.019999999999959,0.005745024,-0.00022648333,3.137413e-06,0.00030660085,0.0074716634,-0.0022415973
4.0299999999999585,0.005758783,-0.00022444314,3.137254e-06,0.00030674803,0.00748597,-0.0022476017
4.039999999999958,0.005770398,-0.00022327401,3.1377726e-06,0.00030690653,0.0074990015,-0.0022522556
4.049999999999958,0.0057810727,-0.00022201859,3.1379566e-06,0.00030703572,0.0075115,-0.002256723
4.059999999999958,0.005791597,-0.00022073212,3.1379916e-06,0.00030715144,0.0075235716,-0.002261137
4.069999999999958,0.0058018942,-0.00021941024,3.1378745e-06,0.0003072535,0.0075352206,-0.002265478
4.079999999999957,0.005811941,-0.00021804763,3.1375878e-06,0.0003073405,0.007546438,-0.0022697404
4.089999999999957,0.005821734,-0.00021664075,3.13712e-06,0.0003074115,0.0075572175,-0.0022739246
4.099999999999957,0.0058312784,-0.00021518584,3.136462e-06,0.0003074659,0.0075675542,-0.002278033
4.109999999999957,0.0058405753,-0.00021367993,3.1356067e-06,0.00030750313,0.007577446,-0.0022820667
0.01,-0.086005434,-0.2048099,-0.006009943,-0.44605622,-0.39557806,-0.49343228
0.02,-3.0203464e-05,-5.730961e-06,2.2262572e-09,-1.0263239e-07,9.655288e-09,1.793854e-05
0.03,-3.7346217e-05,-4.9853015e-06,1.4968918e-09,-1.5456996e-07,-5.6950266e-06,1.8213277e-05
0.04,-3.7354745e-05,-4.831645e-06,1.2145159e-09,-1.7281117e-07,-5.9017966e-06,1.814502e-05
0.05,-3.7311216e-05,-4.844271e-06,1.2692906e-09,-1.6832045e-07,-5.8341193e-06,1.8138773e-05
0.060000000000000005,-3.7306614e-05,-4.8468764e-06,1.2767382e-09,-1.677459e-07,-5.826953e-06,1.813841e-05
0.07,-3.7307513e-05,-4.8468883e-06,1.2761985e-09,-1.6779902e-07,-5.827996e-06,1.8138702e-05
0.08,-3.7307665e-05,-4.8468314e-06,1.2759971e-09,-1.6781534e-07,-5.828223e-06,1.8138735e-05
0.09,-3.7307655e-05,-4.8468287e-06,1.2760015e-09,-1.6781476e-07,-5.8282094e-06,1.813873e-05
0.09999999999999999,-2.2429278e-05,-6.795153e-06,1.4459034e-08,1.0262572e-06,1.4430831e-05,1.23954105e-05
0.10999999999999999,-4.466481e-06,-9.189132e-06,3.0398805e-08,2.4672836e-06,3.8866034e-05,5.53089e-06
0.11999999999999998,1.3541735e-05,-1.1549145e-05,4.625667e-08,3.9029505e-06,6.335347e-05,-1.3725603e-06
0.12999999999999998,3.1575768e-05,-1.389479e-05,6.20791e-08,5.3362637e-06,8.7877685e-05,-8.292827e-06
0.13999999999999999,4.963817e-05,-1.6234528e-05,7.7886156e-08,6.76857e-06,0.00011244378,-1.522307e-05
0.15,6.772831e-05,-1.856679e-05,9.367467e-08,8.1996495e-06,0.00013705014,-2.2163551e-05
0.16,8.584955e-05,-2.0887284e-05,1.09439384e-07,9.629236e-06,0.0001616988,-2.9117242e-05
0.17,0.00010399829,-2.3199356e-05,1.2518363e-07,1.1057463e-05,0.0001863868,-3.6081434e-05
0.18000000000000002,0.00012217404,-2.5503394e-05,1.4090772e-07,1.2484338e-05,0.00021111361,-4.3055792e-05
0.19000000000000003,0.00014037677,-2.7798933e-05,1.5661077e-07,1.3909801e-05,0.00023587885,-5.004047e-05
0.20000000000000004,0.00015860582,-3.0086157e-05,1.7229259e-07,1.5333826e-05,0.00026068167,-5.7035133e-05
0.21000000000000005,0.00017685725,-3.2369302e-05,1.8795784e-07,1.6756621e-05,0.0002855192,-6.403661e-05
0.22000000000000006,0.00019513864,-3.4639117e-05,2.0359555e-07,1.8177649e-05,0.00031039605,-7.1051436e-05
0.23000000000000007,0.00021344499,-3.6900023e-05,2.1920981e-07,1.9597057e-05,0.00033530817,-7.8075864e-05
0.24000000000000007,0.00023177607,-3.91522e-05,2.3480082e-07,2.1014852e-05,0.0003602553,-8.5109765e-05
0.25000000000000006,0.00025013162,-4.1395448e-05,2.50368e-07,2.2430992e-05,0.0003852368,-9.215311e-05
0.26000000000000006,0.00026851127,-4.362965e-05,2.6591087e-07,2.3845429e-05,0.0004102521,-9.920579e-05
0.2700000000000001,0.0002869112,-4.5858833e-05,2.814337e-07,2.5258358e-05,0.00043529837,-0.000106264735
0.2800000000000001,0.00030533862,-4.8074384e-05,2.9692646e-07,2.6669291e-05,0.00046037982,-0.00011333613
0.2900000000000001,0.00032378905,-5.027993e-05,3.1239225e-07,2.8078322e-05,0.00048549296,-0.00012041672
0.3000000000000001,0.00034225805,-5.248065e-05,3.2783697e-07,2.9485735e-05,0.0005106348,-0.00012750279
0.3100000000000001,0.00036074966,-5.4671942e-05,3.4325552e-07,3.0891286e-05,0.0005358075,-0.00013459778
0.3200000000000001,0.0003792637,-5.685291e-05,3.5864605e-07,3.229485e-05,0.0005610105,-0.00014170185
0.3300000000000001,0.0003978032,-5.9019385e-05,3.7400324e-07,3.369616e-05,0.0005862451,-0.00014881782
0.34000000000000014,0.00041635928,-6.1180544e-05,3.893369e-07,3.509563e-05,0.0006115054,-0.00015593859
0.35000000000000014,0.00043493658,-6.333178e-05,4.046423e-07,3.6493067e-05,0.00063679414,-0.00016306785
0.36000000000000015,0.00045353442,-6.547273e-05,4.1991822e-07,3.788838e-05,0.0006621102,-0.00017020543
0.37000000000000016,0.00047215255,-6.7603134e-05,4.35164e-07,3.928151e-05,0.0006874531,-0.00017735129
0.38000000000000017,0.0004907902,-6.9723304e-05,4.5037956e-07,4.067244e-05,0.00071282196,-0.00018450504
0.3900000000000002,0.0005094475,-7.1832685e-05,4.6556397e-07,4.2061103e-05,0.00073821633,-0.00019166688
0.4000000000000002,0.0005281281,-7.392635e-05,4.807112e-07,4.3447206e-05,0.0007636382,-0.00019884025
0.4100000000000002,0.0005468267,-7.600936e-05,4.958261e-07,4.483092e-05,0.00078908366,-0.00020602088
0.4200000000000002,0.0005655436,-7.808146e-05,5.109086e-07,4.6212255e-05,0.0008145526,-0.00021320913
0.4300000000000002,0.0005842789,-8.014208e-05,5.259577e-07,4.7591155e-05,0.0008400447,-0.00022040524
0.4400000000000002,0.0006030267,-8.219735e-05,5.409799e-07,4.8967886e-05,0.000865556,-0.00022760448
0.45000000000000023,0.00062179286,-8.424113e-05,5.5596877e-07,5.034218e-05,0.0008910896,-0.00023481167
0.46000000000000024,0.00064057735,-8.627184e-05,5.7092126e-07,5.1713843e-05,0.00091664493,-0.00024202728
0.47000000000000025,0.0006593804,-8.828883e-05,5.858364e-07,5.3082797e-05,0.0009422219,-0.00024925164
0.48000000000000026,0.00067819585,-9.029802e-05,6.0072e-07,5.4449287e-05,0.0009678162,-0.00025647995
0.49000000000000027,0.00069703045,-9.229268e-05,6.1556534e-07,5.581303e-05,0.0009934315,-0.00026371764
0.5000000000000002,0.0007158823,-9.4273535e-05,6.3037197e-07,5.717395e-05,0.0010190664,-0.00027096353
0.5100000000000002,0.0007347442,-9.624769e-05,6.451473e-07,5.8532358e-05,0.0010447161,-0.00027821198
0.5200000000000002,0.0007536227,-9.820872e-05,6.598849e-07,5.9887996e-05,0.0010703838,-0.0002854683
0.5300000000000002,0.00077251706,-0.00010015624,6.745834e-07,6.124075e-05,0.001096069,-0.00029273218
0.5400000000000003,0.00079142407,-0.00010209314,6.892454e-07,6.259071e-05,0.0011217692,-0.00030000115
0.5500000000000003,0.00081034494,-0.000104017345,7.0386835e-07,6.393775e-05,0.0011474843,-0.00030727664
0.5600000000000003,0.00082928257,-0.00010592702,7.184508e-07,6.528183e-05,0.0011732166,-0.00031456043
0.5700000000000003,0.000848231,-0.00010782542,7.329943e-07,6.662291e-05,0.0011989612,-0.0003218488
0.5800000000000003,0.00086719485,-0.00010970951,7.4749676e-07,6.7960966e-05,0.0012247211,-0.0003291449
0.5900000000000003,0.0008861675,-0.00011158415,7.61962e-07,6.929609e-05,0.0012504914,-0.00033644412
0.6000000000000003,0.0009051528,-0.000113446215,7.7638737e-07,7.06282e-05,0.001276274,-0.00034374933
0.6100000000000003,0.0009241486,-0.000115296825,7.9077313e-07,7.195726e-05,0.0013020672,-0.00035105908
0.6200000000000003,0.00094315724,-0.000117134325,8.05118e-07,7.328325e-05,0.0013278727,-0.00035837505
0.6300000000000003,0.00096217636,-0.00011895772,8.194188e-07,7.4605894e-05,0.001353687,-0.00036569664
0.6400000000000003,0.0009812075,-0.00012076891,8.336794e-07,7.5925476e-05,0.001379513,-0.0003730237
0.6500000000000004,0.0010002487,-0.00012256607,8.478957e-07,7.7241704e-05,0.0014053469,-0.00038035618
0.6600000000000004,0.0010193001,-0.00012435096,8.6207046e-07,7.855473e-05,0.0014311898,-0.00038769344
0.6700000000000004,0.0010383612,-0.00012612264,8.7620197e-07,7.9864454e-05,0.0014570404,-0.00039503563
0.6800000000000004,0.0010574321,-0.00012788044,8.90289e-07,8.1170794e-05,0.0014828981,-0.0004023831
0.6900000000000004,0.0010765122,-0.00012962536,9.0433264e-07,8.2473794e-05,0.0015087627,-0.0004097351
0.7000000000000004,0.001095601,-0.00013135656,9.183314e-07,8.377336e-05,0.001534633,-0.0004170919
0.7100000000000004,0.0011146982,-0.00013307476,9.3228607e-07,8.506952e-05,0.0015605087,-0.00042445306
0.7200000000000004,0.0011338034,-0.00013477913,9.4619503e-07,8.6362175e-05,0.0015863887,-0.00043181865
0.7300000000000004,0.0011529074,-0.00013646903,9.600518e-07,8.765071e-05,0.001612261,-0.00043918518
0.7400000000000004,0.001171819,-0.00013817304,9.7389e-07,8.893601e-05,0.0016378781,-0.00044647272
0.7500000000000004,0.0011904936,-0.00013989511,9.877074e-07,9.0217494e-05,0.0016631826,-0.00045366297
0.7600000000000005,0.0012089339,-0.00014163568,1.0015059e-06,9.149532e-05,0.001688179,-0.00046075677
0.7700000000000005,0.0012271401,-0.00014339518,1.0152866e-06,9.276958e-05,0.0017128681,-0.0004677539
0.7800000000000005,0.0012451215,-0.00014517296,1.0290503e-06,9.404042e-05,0.0017372629,-0.00047465815
0.7900000000000005,0.0012628668,-0.00014697049,1.0427979e-06,9.53078e-05,0.0017613495,-0.00048146467
0.8000000000000005,0.0012803792,-0.00014878795,1.0565308e-06,9.657186e-05,0.0017851328,-0.00048817464
0.8100000000000005,0.0012976673,-0.00015062478,1.0702498e-06,9.783273e-05,0.0018086245,-0.0004947913
0.8200000000000005,0.0013147272,-0.0001524816,1.0839555e-06,9.909043e-05,0.0018318207,-0.0005013132
0.8300000000000005,0.0013315516,-0.00015435969,1.0976494e-06,0.000100345,0.0018547125,-0.00050773687
0.8400000000000005,0.0013481366,-0.00015626,1.1113332e-06,0.00010159654,0.0018772958,-0.0005140607
0.8500000000000005,0.0013644866,-0.00015818255,1.1250083e-06,0.00010284519,0.0018995772,-0.00052028627
0.8600000000000005,0.0013806032,-0.00016012753,1.1386754e-06,0.00010409102,0.0019215593,-0.00052641396
0.8700000000000006,0.0013964839,-0.00016209553,1.1523356e-06,0.0001053341,0.0019432402,-0.00053244276
0.8800000000000006,0.0014121289,-0.000164087,1.1659902e-06,0.00010657452,0.0019646208,-0.00053837255
0.8900000000000006,0.0014275402,-0.00016610211,1.1796401e-06,0.00010781237,0.0019857043,-0.0005442039
0.9000000000000006,0.0014427176,-0.00016814124,1.1932864e-06,0.00010904773,0.0020064916,-0.0005499366
0.9100000000000006,0.001457661,-0.00017020482,1.20693e-06,0.00011028068,0.0020269835,-0.00055557047
0.9200000000000006,0.001472373,-0.00017229293,1.2205722e-06,0.00011151131,0.002047184,-0.0005611064
0.9300000000000006,0.0014868429,-0.00017440719,1.2342143e-06,0.00011273966,0.0020670802,-0.0005665398
0.9400000000000006,0.0015010824,-0.00017654683,1.2478575e-06,0.00011396591,0.002086688,-0.00057187537
0.9500000000000006,0.001515078,-0.0001787137,1.2615031e-06,0.00011519002,0.0021059916,-0.00057710725
0.9600000000000006,0.0015288471,-0.00018090633,1.2751518e-06,0.00011641224,0.0021250134,-0.0005822425
0.9700000000000006,0.0015423824,-0.00018312571,1.2888044e-06,0.000117632524,0.0021437453,-0.00058727793
0.9800000000000006,0.001555681,-0.00018537267,1.3024622e-06,0.00011885098,0.0021621843,-0.00059221225
0.9900000000000007,0.00156874,-0.00018764805,1.3161269e-06,0.000120067685,0.0021803284,-0.000597044
1.0000000000000007,0.0015815615,-0.00018995212,1.3297999e-06,0.00012128276,0.0021981802,-0.00060177385
1.0100000000000007,0.0015941536,-0.00019228425,1.3434815e-06,0.00012249632,0.0022157517,-0.00060640497
1.0200000000000007,0.0016065093,-0.00019464553,1.3571726e-06,0.00012370838,0.0022330345,-0.0006109344
1.0300000000000007,0.0016186316,-0.00019703609,1.3708747e-06,0.00012491904,0.0022500337,-0.0006153631
1.0400000000000007,0.0016305093,-0.00019945776,1.3845894e-06,0.00012612836,0.0022667355,-0.00061968627
1.0500000000000007,0.0016421591,-0.00020190905,1.3983175e-06,0.00012733655,0.0022831627,-0.0006239107
1.0600000000000007,0.0016535678,-0.00020439169,1.41206e-06,0.00012854353,0.0022992992,-0.0006280306
1.0700000000000007,0.0016648058,-0.00020689963,1.4258153e-06,0.00012974978,0.002315237,-0.00063207437
1.0800000000000007,0.0016759214,-0.000209421,1.439571e-06,0.00013095493,0.0023310327,-0.0006360645
1.0900000000000007,0.0016867847,-0.0002119736,1.4533354e-06,0.00013215833,0.0023465268,-0.0006399457
1.1000000000000008,0.0016974129,-0.00021455841,1.4671175e-06,0.00013336084,0.0023617395,-0.0006437241
1.1100000000000008,0.0017078024,-0.00021717633,1.4809194e-06,0.00013456258,0.0023766693,-0.0006473982
1.1200000000000008,0.0017179536,-0.00021982777,1.4947423e-06,0.00013576366,0.0023913172,-0.00065096794
1.1300000000000008,0.0017278696,-0.00022251271,1.5085868e-06,0.00013696417,0.0024056886,-0.00065443455
1.1400000000000008,0.0017375504,-0.0002252315,1.5224539e-06,0.00013816415,0.0024197844,-0.00065779773
1.1500000000000008,0.0017469999,-0.00022798401,1.5363443e-06,0.00013936369,0.0024336106,-0.000661059
1.1600000000000008,0.0017562094,-0.00023077174,1.5502595e-06,0.00014056286,0.002447157,-0.0006642145
1.1700000000000008,0.0017651846,-0.00023359452,1.5642007e-06,0.00014176178,0.0024604315,-0.00066726643
1.1800000000000008,0.0017739253,-0.00023645264,1.5781687e-06,0.0001429605,0.0024734358,-0.0006702146
1.1900000000000008,0.001782438,-0.00023934568,1.5921638e-06,0.00014415912,0.0024861784,-0.00067306147
1.2000000000000008,0.0017907154,-0.00024227481,1.6061872e-06,0.00014535766,0.0024986516,-0.0006758038
1.2100000000000009,0.0017987571,-0.0002452407,1.6202407e-06,0.00014655624,0.0025108552,-0.0006784413
1.2200000000000009,0.0018065698,-0.00024824284,1.6343246e-06,0.00014775494,0.002522799,-0.00068097643
1.2300000000000009,0.0018141462,-0.00025128244,1.6484402e-06,0.00014895381,0.0025344754,-0.0006834062
1.2400000000000009,0.0018214941,-0.00025435904,1.6625881e-06,0.00015015296,0.0025458944,-0.00068573345
1.2500000000000009,0.0018286065,-0.00025747376,1.6767697e-06,0.00015135243,0.0025570488,-0.00068795524
1.260000000000001,0.0018450445,-0.0002590633,1.6890772e-06,0.00015249278,0.002579875,-0.0006941897
1.270000000000001,0.0018616605,-0.00026059352,1.7012129e-06,0.00015362039,0.0026027064,-0.00070048776
1.280000000000001,0.0018783142,-0.0002621013,1.7132837e-06,0.00015474329,0.0026255373,-0.00070680457
1.290000000000001,0.0018949611,-0.00026359715,1.725303e-06,0.00015586197,0.0026483545,-0.000713119
1.300000000000001,0.0019116082,-0.00026507862,1.7372695e-06,0.00015697647,0.0026711642,-0.0007194348
1.310000000000001,0.0019282526,-0.00026654662,1.7491827e-06,0.00015808672,0.0026939646,-0.00072575064
1.320000000000001,0.0019448943,-0.0002680016,1.7610437e-06,0.00015919276,0.0027167553,-0.0007320661
1.330000000000001,0.0019615295,-0.0002694457,1.7728535e-06,0.00016029457,0.002739533,-0.000738379
1.340000000000001,0.0019781683,-0.00027087092,1.7846056e-06,0.000161392,0.0027623032,-0.0007446968
1.350000000000001,0.0019948003,-0.00027228435,1.7963042e-06,0.00016248504,0.0027850603,-0.0007510119
1.360000000000001,0.002011428,-0.0002736851,1.8079503e-06,0.00016357383,0.002807805,-0.0007573261
1.370000000000001,0.0020280525,-0.00027507235,1.8195432e-06,0.00016465834,0.0028305382,-0.00076364016
1.380000000000001,0.002044672,-0.0002764461,1.8310816e-06,0.00016573846,0.0028532578,-0.00076995336
1.390000000000001,0.0020612932,-0.00027780057,1.8425602e-06,0.00016681402,0.0028759665,-0.0007762708
1.400000000000001,0.0020779069,-0.0002791426,1.853984e-06,0.00016788508,0.0028986605,-0.0007825855
1.410000000000001,0.0020945116,-0.0002804746,1.8653567e-06,0.00016895187,0.002921338,-0.00078889646
1.420000000000001,0.002111119,-0.00028178646,1.8766692e-06,0.0001700141,0.002944004,-0.00079521263
1.430000000000001,0.0021277135,-0.00028308976,1.8879299e-06,0.00017107191,0.0029666515,-0.00080152234
1.440000000000001,0.0021443095,-0.0002843738,1.8991313e-06,0.00017212519,0.002989286,-0.00080783654
1.450000000000001,0.0021608942,-0.0002856462,1.9102772e-06,0.00017317384,0.0030119012,-0.00081414636
1.460000000000001,0.0021774794,-0.00028690108,1.9213655e-06,0.00017421806,0.0030345037,-0.00082045945
1.470000000000001,0.002194051,-0.0002881466,1.9324007e-06,0.00017525775,0.0030570854,-0.0008267662
1.480000000000001,0.0022106173,-0.00028937776,1.9433805e-06,0.00017629302,0.003079649,-0.0008330728
1.490000000000001,0.002227177,-0.00029059444,1.9543036e-06,0.00017732369,0.0031021948,-0.0008393784
1.500000000000001,0.0022437288,-0.00029179727,1.9651702e-06,0.0001783498,0.003124721,-0.0008456823
1.5100000000000011,0.00226028,-0.00029297988,1.9759743e-06,0.00017937113,0.0031472312,-0.00085199
1.5200000000000011,0.0022768152,-0.00029415387,1.986725e-06,0.00018038785,0.003169718,-0.00085829024
1.5300000000000011,0.0022933448,-0.00029531276,1.9974193e-06,0.00018140009,0.003192185,-0.0008645906
1.5400000000000011,0.0023098667,-0.00029645674,2.0080554e-06,0.00018240763,0.0032146315,-0.0008708897
1.5500000000000012,0.002326386,-0.00029758076,2.0186285e-06,0.00018341033,0.003237059,-0.0008771918
1.5600000000000012,0.0023428886,-0.0002986958,2.0291473e-06,0.00018440836,0.0032594616,-0.0008834863
1.5700000000000012,0.0023593896,-0.0002997913,2.039605e-06,0.00018540169,0.0032818445,-0.0008897844
1.5800000000000012,0.0023758805,-0.0003008714,2.0500022e-06,0.00018639016,0.0033042047,-0.00089608046
1.5900000000000012,0.0023923554,-0.00030194246,2.060346e-06,0.00018737403,0.0033265383,-0.00090236944
1.6000000000000012,0.0024088223,-0.00030299873,2.070633e-06,0.00018835333,0.0033488485,-0.0009086577
1.6100000000000012,0.0024252848,-0.00030403523,2.0808563e-06,0.00018932771,0.0033711367,-0.00091494824
1.6200000000000012,0.0024417292,-0.00030506257,2.0910247e-06,0.00019029736,0.003393397,-0.0009212308
1.6300000000000012,0.0024594737,-0.00030604817,2.101858e-06,0.00019133625,0.0034170756,-0.0009280578
1.6400000000000012,0.002482542,-0.00030686648,2.1155686e-06,0.00019267353,0.003446836,-0.0009371558
1.6500000000000012,0.0025044228,-0.00030844385,2.1296555e-06,0.00019400638,0.003477857,-0.000945228
1.6600000000000013,0.002525254,-0.00031038077,2.1438505e-06,0.00019532854,0.00350861,-0.00095274166
1.6700000000000013,0.0025458364,-0.00031236326,2.157965e-06,0.00019664019,0.0035391822,-0.0009601424
1.6800000000000013,0.0025662049,-0.0003143485,2.171918e-06,0.00019793582,0.003569511,-0.0009674458
1.6900000000000013,0.00258617,-0.0003163028,2.185564e-06,0.00019920274,0.0035993042,-0.0009745985
1.7000000000000013,0.002605443,-0.00031808534,2.1986236e-06,0.00020042057,0.0036278851,-0.0009815987
1.7100000000000013,0.002625915,-0.00031976693,2.211933e-06,0.00020167102,0.0036575545,-0.0009890865
1.7200000000000013,0.002645664,-0.00032162966,2.2250072e-06,0.000202888,0.003686882,-0.0009961227
1.7300000000000013,0.0026617576,-0.00032436982,2.2393401e-06,0.00020416302,0.0037119503,-0.0010014218
1.7400000000000013,0.0026778977,-0.00032746614,2.2554293e-06,0.00020558466,0.0037370517,-0.0010067981
1.7500000000000013,0.0026942424,-0.00033029317,2.2710706e-06,0.00020698007,0.0037627248,-0.0010123975
1.7600000000000013,0.002709052,-0.00033161248,2.2821466e-06,0.00020801982,0.0037855813,-0.0010181426
1.7700000000000014,0.0027256832,-0.00033252183,2.2921672e-06,0.00020898522,0.0038087706,-0.0010245654
1.7800000000000014,0.0027430484,-0.00033337134,2.3020852e-06,0.00020994573,0.0038323507,-0.0010312211
1.7900000000000014,0.0027605286,-0.0003341969,2.3119292e-06,0.00021090091,0.0038560305,-0.0010379199
1.8000000000000014,0.0027783485,-0.00033494603,2.3216369e-06,0.00021184867,0.0038801078,-0.0010447698
1.8100000000000014,0.002796341,-0.00033564915,2.331241e-06,0.0002127898,0.0039043727,-0.0010516965
1.8200000000000014,0.0028145486,-0.00033629735,2.3407322e-06,0.00021372407,0.003928877,-0.0010587199
1.8300000000000014,0.002832982,-0.00033688813,2.350107e-06,0.0002146513,0.003953632,-0.001065845
1.8400000000000014,0.002851644,-0.00033742038,2.3593632e-06,0.00021557137,0.003978639,-0.0010730732
1.8500000000000014,0.002870535,-0.0003378933,2.3684997e-06,0.00021648422,0.004003896,-0.0010804052
1.8600000000000014,0.0028896525,-0.00033830653,2.3775158e-06,0.00021738975,0.004029398,-0.0010878402
1.8700000000000014,0.0029097563,-0.0003384552,2.3864902e-06,0.00021830868,0.004055726,-0.0010958327
1.8800000000000014,0.0029287194,-0.0003388517,2.3949947e-06,0.00021916683,0.004081282,-0.0011030942
1.8900000000000015,0.00294828,-0.00033918247,2.4037502e-06,0.00022005409,0.0041073123,-0.0011107156
1.9000000000000015,0.0029682012,-0.0003393686,2.4123044e-06,0.00022093127,0.004133638,-0.0011185259
1.9100000000000015,0.002988428,-0.00033948722,2.4208719e-06,0.00022181423,0.0041601947,-0.0011264988
1.9200000000000015,0.003008694,-0.0003395499,2.4293392e-06,0.00022269088,0.004186744,-0.0011345092
1.9300000000000015,0.0030288873,-0.00033959287,2.4377205e-06,0.00022356023,0.004213181,-0.0011424947
1.9400000000000015,0.0030489624,-0.0003396266,2.4460285e-06,0.00022442272,0.004239448,-0.001150434
1.9500000000000015,0.0030688718,-0.0003396582,2.4542696e-06,0.00022527839,0.00426549,-0.0011583065
1.9600000000000015,0.003088567,-0.00033969502,2.4624483e-06,0.00022612713,0.0042912527,-0.0011660903
1.9700000000000015,0.0031080006,-0.00033974418,2.4705687e-06,0.00022696871,0.004316684,-0.0011737639
1.9800000000000015,0.0031271277,-0.00033981254,2.4786325e-06,0.00022780286,0.004341735,-0.0011813066
1.9900000000000015,0.003145904,-0.0003399069,2.4866417e-06,0.00022862914,0.00436636,-0.0011886975
2.0000000000000013,0.003164296,-0.0003400327,2.4945953e-06,0.00022944712,0.004390527,-0.0011959205
2.010000000000001,0.0031822687,-0.0003401956,2.5024924e-06,0.00023025628,0.0044142017,-0.0012029584
2.020000000000001,0.0031997988,-0.0003403999,2.510331e-06,0.00023105612,0.004437365,-0.0012097989
2.0300000000000007,0.003216856,-0.00034065105,2.5181098e-06,0.00023184616,0.0044599883,-0.0012164267
2.0400000000000005,0.0032331597,-0.00034108013,2.525898e-06,0.00023262505,0.004481884,-0.0012226689
2.0500000000000003,0.0032456045,-0.0003422289,2.5319532e-06,0.00023319159,0.0045013735,-0.0012265289
2.06,0.0032612013,-0.00034329083,2.5389334e-06,0.00023386134,0.004524298,-0.0012318671
2.07,0.0032773651,-0.00034411135,2.546108e-06,0.0002345631,0.0045471485,-0.0012376314
2.0799999999999996,0.003293169,-0.00034491872,2.5534691e-06,0.00023528145,0.004569307,-0.0012433348
2.0899999999999994,0.0033084974,-0.00034577498,2.5610293e-06,0.00023601388,0.0045907013,-0.0012488896
2.099999999999999,0.0033232807,-0.0003467121,2.568798e-06,0.00023675938,0.0046112984,-0.0012542492
2.109999999999999,0.0033375595,-0.0003477314,2.5767663e-06,0.00023751723,0.004631172,-0.0012594257
2.1199999999999988,0.003350181,-0.00034907906,2.5852587e-06,0.00023830053,0.004648935,-0.0012639008
2.1299999999999986,0.0033630172,-0.00035044304,2.5955774e-06,0.0002392532,0.004665577,-0.0012688608
2.1399999999999983,0.0033800132,-0.00035068777,2.6027744e-06,0.00023998997,0.004688641,-0.0012754048
2.149999999999998,0.0033963013,-0.00035107852,2.6139392e-06,0.00024108375,0.0047072438,-0.0012826519
2.159999999999998,0.0034143294,-0.00035036914,2.621924e-06,0.0002419448,0.0047287685,-0.0012904836
2.1699999999999977,0.0034317812,-0.0003500882,2.6294686e-06,0.00024274131,0.00475067,-0.0012976851
2.1799999999999975,0.0034489357,-0.00034996987,2.6366458e-06,0.00024349413,0.004772633,-0.0013045776
2.1899999999999973,0.0034658338,-0.00034997083,2.6436867e-06,0.00024422724,0.0047945343,-0.0013112669
2.199999999999997,0.0034825916,-0.0003500181,2.6506284e-06,0.00024494823,0.0048163687,-0.0013178571
2.209999999999997,0.0034992613,-0.00035008244,2.657489e-06,0.00024566046,0.0048381407,-0.0013243915
2.2199999999999966,0.0035158726,-0.00035014897,2.6642797e-06,0.0002463658,0.004859851,-0.0013308941
2.2299999999999964,0.003532434,-0.0003502124,2.6709974e-06,0.00024706428,0.0048815045,-0.0013373707
2.239999999999996,0.0035489528,-0.0003502711,2.677651e-06,0.00024775686,0.0049030986,-0.0013438271
2.249999999999996,0.0035654434,-0.00035031865,2.6842517e-06,0.0002484449,0.004924631,-0.0013502771
2.259999999999996,0.0035819006,-0.00035035424,2.690783e-06,0.00024912693,0.0049461066,-0.0013567138
2.2699999999999956,0.0035983026,-0.00035038922,2.697232e-06,0.00024980112,0.00496753,-0.001363117
2.2799999999999954,0.003614656,-0.00035042662,2.703624e-06,0.00025046963,0.0049888957,-0.0013694948
2.289999999999995,0.003630959,-0.00035046547,2.7099418e-06,0.00025113093,0.005010212,-0.001375842
2.299999999999995,0.0036471854,-0.00035052127,2.7161636e-06,0.00025178216,0.0050314935,-0.0013821308
2.3099999999999947,0.0036632842,-0.00035062627,2.722236e-06,0.0002524165,0.005052783,-0.001388303
2.3199999999999945,0.0036792934,-0.0003507898,2.7282629e-06,0.00025304325,0.0050740642,-0.0013943986
2.3299999999999943,0.0036949718,-0.00035114007,2.7334402e-06,0.00025358048,0.0050959326,-0.0014000015
2.339999999999994,0.0037105836,-0.00035149785,2.7375702e-06,0.00025402007,0.0051185624,-0.0014053924
2.349999999999994,0.0037181133,-0.00035350624,2.7477788e-06,0.00025490698,0.005127916,-0.0014080885
2.3599999999999937,0.003727888,-0.0003544601,2.7574697e-06,0.00025580975,0.005139723,-0.0014122288
2.3699999999999934,0.0037396713,-0.0003546541,2.764592e-06,0.0002565211,0.0051551485,-0.0014170549
2.3799999999999932,0.0037510684,-0.00035529007,2.7717822e-06,0.00025721436,0.005170493,-0.0014214045
2.389999999999993,0.0037630158,-0.00035587445,2.7788515e-06,0.00025790112,0.0051865275,-0.0014259974
2.399999999999993,0.003775225,-0.0003564575,2.7857245e-06,0.00025857068,0.0052029747,-0.0014306516
2.4099999999999926,0.003788981,-0.0003566474,2.7920867e-06,0.00025921856,0.005221054,-0.0014360546
2.4199999999999924,0.0038041288,-0.00035653857,2.797971e-06,0.00025984252,0.005240668,-0.001442086
2.429999999999992,0.0038205371,-0.00035616723,2.8034096e-06,0.00026044296,0.005261629,-0.0014486772
2.439999999999992,0.0038383321,-0.0003555024,2.8083516e-06,0.0002610173,0.0052840956,-0.0014558885
2.4499999999999917,0.0038575064,-0.0003545439,2.8127884e-06,0.00026156465,0.005308042,-0.001463715
2.4599999999999915,0.0038778232,-0.00035334195,2.8167633e-06,0.00026208555,0.0053331964,-0.0014720395
2.4699999999999913,0.0038985377,-0.00035212928,2.8206982e-06,0.00026260444,0.0053586583,-0.0014804836
2.479999999999991,0.003920315,-0.00035070535,2.8245995e-06,0.00026313507,0.0053851358,-0.0014894808
2.489999999999991,0.00394165,-0.0003493007,2.8285667e-06,0.0002636688,0.0054108487,-0.0014983075
2.4999999999999907,0.003961327,-0.00034820827,2.8330508e-06,0.0002642281,0.0054344865,-0.0015063997
2.5099999999999905,0.0039797835,-0.0003473111,2.8378422e-06,0.00026480158,0.0054568006,-0.0015139846
2.5199999999999902,0.0039970246,-0.00034662551,2.8429602e-06,0.0002653901,0.0054777195,-0.0015210466
2.52999999999999,0.0040127905,-0.0003462044,2.8484817e-06,0.00026599702,0.005496937,-0.0015274652
2.53999999999999,0.0040270663,-0.0003460476,2.8543955e-06,0.00026662138,0.005514492,-0.0015332357
2.5499999999999896,0.004038449,-0.0003461809,2.856287e-06,0.00026684738,0.0055323546,-0.0015367992
2.5599999999999894,0.0040502828,-0.00034754828,2.860763e-06,0.00026725206,0.0055507184,-0.0015402554
2.569999999999989,0.0040601613,-0.00034922964,2.866928e-06,0.00026778932,0.005565509,-0.0015431471
2.579999999999989,0.004066561,-0.00035151315,2.8745046e-06,0.00026841447,0.005576121,-0.0015446035
2.5899999999999888,0.004072999,-0.00035386428,2.8849402e-06,0.00026930278,0.005585261,-0.0015467448
2.5999999999999885,0.0040891645,-0.00035288924,2.8932932e-06,0.00027020523,0.0056032515,-0.0015547544
2.6099999999999883,0.0041064867,-0.00035106816,2.8976904e-06,0.00027078486,0.0056227255,-0.0015625558
2.619999999999988,0.0041222987,-0.00035017327,2.9018795e-06,0.00027129255,0.0056420797,-0.001569062
2.629999999999988,0.00413763,-0.00034957347,2.9060625e-06,0.00027178257,0.005661248,-0.0015752095
2.6399999999999877,0.0041527892,-0.00034906532,2.9102296e-06,0.00027226572,0.005680332,-0.0015812428
2.6499999999999875,0.0041678874,-0.00034858202,2.914374e-06,0.00027274518,0.005699352,-0.0015872424
2.6599999999999873,0.0041829636,-0.00034809986,2.9184937e-06,0.00027322213,0.0057183127,-0.0015932366
2.669999999999987,0.0041980273,-0.00034760986,2.9225864e-06,0.00027369682,0.005737209,-0.001599234
2.679999999999987,0.004213078,-0.0003471086,2.92665e-06,0.00027416923,0.005756038,-0.0016052357
2.6899999999999866,0.004228112,-0.00034659478,2.9306818e-06,0.00027463917,0.0057747927,-0.0016112406
2.6999999999999864,0.004243124,-0.00034606806,2.9346784e-06,0.00027510631,0.005793472,-0.0016172458
2.709999999999986,0.0042581093,-0.00034552848,2.9386367e-06,0.00027557038,0.0058120713,-0.001623249
2.719999999999986,0.004273061,-0.00034497725,2.9425496e-06,0.00027603057,0.005830591,-0.0016292445
2.7299999999999858,0.0042879796,-0.0003444149,2.946427e-06,0.00027648782,0.0058490257,-0.0016352354
2.7399999999999856,0.00430287,-0.00034383623,2.9502671e-06,0.00027694224,0.005867372,-0.0016412267
2.7499999999999853,0.0043177186,-0.00034324315,2.9540436e-06,0.00027739123,0.005885637,-0.001647204
2.759999999999985,0.004332519,-0.0003426432,2.9577768e-06,0.00027783628,0.0059038145,-0.001653166
2.769999999999985,0.0043472783,-0.00034203124,2.9614614e-06,0.0002782772,0.0059219045,-0.0016591173
2.7799999999999847,0.004361993,-0.00034140763,2.9650964e-06,0.00027871382,0.005939905,-0.0016650563
2.7899999999999845,0.004376663,-0.00034077256,2.968681e-06,0.00027914607,0.0059578167,-0.0016709821
2.7999999999999843,0.0043912856,-0.00034012613,2.9722146e-06,0.0002795739,0.005975638,-0.001676894
2.809999999999984,0.0044058603,-0.0003394686,2.9756966e-06,0.0002799972,0.005993368,-0.0016827914
2.819999999999984,0.0044203866,-0.00033880008,2.9791267e-06,0.00028041602,0.006011007,-0.0016886736
2.8299999999999836,0.004434863,-0.00033812068,2.982505e-06,0.00028083025,0.006028553,-0.0016945404
2.8399999999999834,0.0044492893,-0.00033743057,2.985831e-06,0.00028123992,0.0060460065,-0.0017003911
2.849999999999983,0.004463664,-0.0003367299,2.9891055e-06,0.000281645,0.0060633654,-0.0017062254
2.859999999999983,0.0044779866,-0.00033601877,2.9923272e-06,0.00028204545,0.0060806307,-0.001712043
2.869999999999983,0.004492257,-0.0003352975,2.9954977e-06,0.00028244135,0.0060978006,-0.0017178433
2.8799999999999826,0.004506474,-0.0003345659,2.9986159e-06,0.00028283263,0.0061148745,-0.0017236264
2.8899999999999824,0.0045206365,-0.0003338244,3.0016822e-06,0.0002832193,0.0061318525,-0.0017293915
2.899999999999982,0.004534745,-0.00033307303,3.0046979e-06,0.00028360143,0.0061487327,-0.0017351388
2.909999999999982,0.0045487867,-0.00033231525,3.0076371e-06,0.00028397646,0.006165527,-0.0017408535
2.9199999999999817,0.004562767,-0.00033155762,3.010555e-06,0.00028434917,0.0061822147,-0.00174655
2.9299999999999815,0.004576701,-0.00033078465,3.013412e-06,0.00028471672,0.006198807,-0.001752232
2.9399999999999813,0.0045905686,-0.00033000752,3.0162114e-06,0.00028507877,0.006215306,-0.0017578853
2.949999999999981,0.0046043633,-0.00032923045,3.0189453e-06,0.0002854344,0.0062317154,-0.0017635024
2.959999999999981,0.004618067,-0.00032846362,3.0215924e-06,0.00028578096,0.0062480513,-0.0017690625
2.9699999999999807,0.00463163,-0.00032773268,3.0240735e-06,0.00028610975,0.0062643643,-0.001774506
2.9799999999999804,0.004644937,-0.0003271027,3.0261458e-06,0.00028639444,0.0062808385,-0.0017796751
2.9899999999999802,0.0046579014,-0.00032665982,3.0266533e-06,0.00028652334,0.0062985076,-0.0017841903
2.99999999999998,0.0046667843,-0.00032774083,3.0296912e-06,0.00028679328,0.006311399,-0.0017866968
3.00999999999998,0.0046703126,-0.0003309468,3.0420467e-06,0.00028779838,0.006313745,-0.0017877092
3.0199999999999796,0.004677379,-0.00033106166,3.0495664e-06,0.0002885307,0.0063212393,-0.0017912543
3.0299999999999794,0.004684836,-0.00033097848,3.054237e-06,0.0002890113,0.006331376,-0.001794393
3.039999999999979,0.004693212,-0.00033105834,3.058446e-06,0.0002894431,0.006342838,-0.0017977384
3.049999999999979,0.0047036004,-0.00033065918,3.0617443e-06,0.00028982098,0.006356105,-0.0018020303
3.0599999999999787,0.004716576,-0.00032957378,3.0638007e-06,0.0002901272,0.006371892,-0.0018075668
3.0699999999999785,0.0047322265,-0.00032781545,3.064644e-06,0.0002903637,0.0063901,-0.0018143596
3.0799999999999783,0.004750505,-0.00032540507,3.064335e-06,0.00029053478,0.006410617,-0.0018223869
3.089999999999978,0.004771234,-0.00032238613,3.0629776e-06,0.00029064712,0.0064331973,-0.0018315691
3.099999999999978,0.004794106,-0.00031883872,3.0607641e-06,0.00029071333,0.0064574545,-0.001841761
3.1099999999999777,0.004818374,-0.00031496256,3.058227e-06,0.00029077003,0.006482442,-0.0018526408
3.1199999999999775,0.0048429985,-0.00031098962,3.0556157e-06,0.00029082503,0.006507251,-0.0018636598
3.1299999999999772,0.0048663993,-0.00030729885,3.053427e-06,0.0002908999,0.0065304865,-0.0018740487
3.139999999999977,0.004887278,-0.00030416492,3.0520064e-06,0.00029100847,0.006551084,-0.0018831894
3.149999999999977,0.0049046963,-0.0003017706,3.0515057e-06,0.00029115286,0.0065684295,-0.0018906387
3.1599999999999766,0.0049182624,-0.00030017953,3.0518856e-06,0.00029132518,0.00658243,-0.0018962146
3.1699999999999764,0.0049332744,-0.00029805247,3.050826e-06,0.00029139975,0.0065998854,-0.0019026787
3.179999999999976,0.004939119,-0.0002983161,3.0497677e-06,0.00029131497,0.0066083805,-0.0019033093
3.189999999999976,0.0049396753,-0.0003012655,3.0520391e-06,0.0002913891,0.0066155293,-0.0019011435
3.1999999999999758,0.004940767,-0.00030436798,3.057193e-06,0.00029172457,0.0066215927,-0.0019000891
3.2099999999999755,0.004947166,-0.0003066824,3.0686135e-06,0.0002926991,0.0066271327,-0.0019028402
3.2199999999999753,0.0049592396,-0.0003047894,3.0730014e-06,0.0002932608,0.0066393353,-0.001909402
3.229999999999975,0.004971637,-0.00030299212,3.0751119e-06,0.00029360483,0.0066523417,-0.0019153061
3.239999999999975,0.004983809,-0.0003016002,3.0766462e-06,0.0002938719,0.006665429,-0.0019206731
3.2499999999999747,0.0049956664,-0.00030045203,3.0778956e-06,0.00029409816,0.006678472,-0.0019256779
3.2599999999999745,0.005006848,-0.0002995505,3.0777164e-06,0.00029417683,0.0066921953,-0.0019298588
3.2699999999999743,0.0050119986,-0.0003007213,3.079423e-06,0.00029430186,0.006700287,-0.0019305067
3.279999999999974,0.005010414,-0.00030505186,3.0920623e-06,0.00029525574,0.0066977954,-0.001928822
3.289999999999974,0.0050143446,-0.00030489964,3.0965602e-06,0.0002957106,0.0067038,-0.0019308688
3.2999999999999736,0.005018765,-0.00030536493,3.1008337e-06,0.0002961143,0.006711139,-0.0019326174
3.3099999999999734,0.005024399,-0.000305679,3.1047286e-06,0.00029649242,0.006718897,-0.0019348348
3.319999999999973,0.005032756,-0.00030512142,3.1069783e-06,0.00029677202,0.006729632,-0.001938488
3.329999999999973,0.0050450712,-0.00030339902,3.1070715e-06,0.00029692362,0.0067439987,-0.0019441101
3.3399999999999728,0.0050620153,-0.00030035418,3.1047427e-06,0.0002969322,0.0067623556,-0.0019519991
3.3499999999999726,0.0050829127,-0.0002963313,3.1004572e-06,0.0002968202,0.0067837406,-0.0019616568
3.3599999999999723,0.005107134,-0.00029176573,3.095975e-06,0.00029672665,0.006806926,-0.0019728576
3.369999999999972,0.0051297043,-0.00028779195,3.092927e-06,0.00029672735,0.006826751,-0.0019830468
3.379999999999972,0.0051471847,-0.00028526515,3.0926067e-06,0.0002968898,0.006841306,-0.0019906715
3.3899999999999717,0.005159312,-0.00028403694,3.0946892e-06,0.00029719295,0.0068513937,-0.0019958152
3.3999999999999715,0.0051657194,-0.00028279293,3.0911624e-06,0.00029696035,0.006861115,-0.0019978045
3.4099999999999713,0.0051725605,-0.0002837915,3.091493e-06,0.00029697208,0.00687218,-0.0019992979
3.419999999999971,0.0051769335,-0.00028593594,3.0955603e-06,0.00029726047,0.006878205,-0.0019995628
3.429999999999971,0.0051765735,-0.0002896889,3.1042227e-06,0.0002978799,0.006879445,-0.0019977277
3.4399999999999706,0.0051850425,-0.0002892618,3.1117472e-06,0.00029864625,0.0068888343,-0.0020032576
3.4499999999999704,0.005198271,-0.00028579377,3.1116483e-06,0.00029887026,0.0069001312,-0.0020103091
3.45999999999997,0.0052089207,-0.00028410414,3.111552e-06,0.00029899387,0.0069111804,-0.0020149904
3.46999999999997,0.005219191,-0.0002828558,3.11166e-06,0.00029911118,0.006922066,-0.002019335
3.47999999999997,0.0052293874,-0.00028170334,3.1118532e-06,0.00029923086,0.006932841,-0.0020236364
3.4899999999999696,0.0052395663,-0.00028056715,3.1120892e-06,0.00029935336,0.006943503,-0.0020279442
3.4999999999999694,0.0052497257,-0.00027942713,3.112345e-06,0.00029947763,0.006954044,-0.0020322609
3.509999999999969,0.0052598487,-0.00027828087,3.1126042e-06,0.00029960222,0.0069644614,-0.0020365764
3.519999999999969,0.0052699246,-0.00027712923,3.1128811e-06,0.00029972842,0.00697474,-0.0020408917
3.5299999999999687,0.0052799466,-0.00027596366,3.1131246e-06,0.00029985185,0.006984893,-0.0020451937
3.5399999999999685,0.0052898857,-0.00027480154,3.1133598e-06,0.00029997388,0.0069949105,-0.0020494682
3.5499999999999683,0.0052997516,-0.00027363485,3.1135758e-06,0.00030009393,0.007004791,-0.0020537216
3.559999999999968,0.005309537,-0.0002724648,3.1137681e-06,0.00030021154,0.0070145344,-0.002057949
3.569999999999968,0.005319238,-0.0002712919,3.113934e-06,0.0003003264,0.00702414,-0.0020621482
3.5799999999999677,0.0053288518,-0.00027011673,3.1140714e-06,0.00030043826,0.007033607,-0.0020663168
3.5899999999999674,0.005338376,-0.00026893962,3.1141783e-06,0.0003005469,0.007042934,-0.0020704535
3.5999999999999672,0.005347808,-0.00026776094,3.114254e-06,0.00030065226,0.0070521217,-0.0020745571
3.609999999999967,0.0053571467,-0.000266581,3.114298e-06,0.00030075424,0.0070611686,-0.0020786265
3.619999999999967,0.0053663915,-0.00026539998,3.114309e-06,0.00030085276,0.0070700743,-0.0020826613
3.6299999999999666,0.0053755403,-0.00026421814,3.1142874e-06,0.00030094778,0.0070788385,-0.0020866606
3.6399999999999664,0.0053845937,-0.00026303562,3.1142347e-06,0.0003010395,0.00708746,-0.0020906248
3.649999999999966,0.005393519,-0.00026185455,3.1140312e-06,0.0003011165,0.0070959968,-0.0020945037
3.659999999999966,0.0054022814,-0.00026073697,3.1138864e-06,0.00030119505,0.0071043777,-0.0020983052
3.6699999999999657,0.0054109506,-0.00025961042,3.113561e-06,0.00030125675,0.007112702,-0.0021020335
3.6799999999999655,0.0054193237,-0.00025855628,3.112702e-06,0.00030126423,0.0071212025,-0.0021054612
3.6899999999999653,0.005427279,-0.00025734384,3.1084248e-06,0.00030096175,0.0071317465,-0.0021080887
3.699999999999965,0.0054275035,-0.00026123298,3.1155928e-06,0.00030142826,0.007131368,-0.0021062114
3.709999999999965,0.005426351,-0.000265662,3.1309826e-06,0.00030263086,0.0071269465,-0.0021052815
3.7199999999999647,0.0054245577,-0.00026657915,3.138406e-06,0.00030328086,0.0071249125,-0.0021044435
3.7299999999999645,0.0054221936,-0.00026733655,3.1418522e-06,0.00030357658,0.007129194,-0.0021037098
3.7399999999999642,0.005425012,-0.0002669423,3.143082e-06,0.0003037336,0.0071348334,-0.0021052093
3.749999999999964,0.0054309657,-0.00026560025,3.1422046e-06,0.00030375057,0.0071423477,-0.002108179
3.759999999999964,0.0054417667,-0.00026299042,3.138712e-06,0.0003036041,0.007154212,-0.0021135658
3.7699999999999636,0.005455568,-0.0002594157,3.1332222e-06,0.000303326,0.007166663,-0.0021202452
3.7799999999999634,0.005467528,-0.00025780688,3.1319744e-06,0.00030333,0.0071748323,-0.0021250595
3.789999999999963,0.0054829754,-0.00025747737,3.1349239e-06,0.00030367813,0.0071888906,-0.0021302348
3.799999999999963,0.005473841,-0.00025903078,3.1351533e-06,0.00030359588,0.0071823183,-0.0021253207
3.8099999999999627,0.005470564,-0.00026209134,3.137423e-06,0.00030365033,0.007185454,-0.0021218634
0.01,-0.086005434,-0.2048099,-0.006009943,-0.44605622,-0.39557806,-0.49343228
0.02,-3.0203464e-05,-5.730961e-06,2.2262572e-09,-1.0263239e-07,9.655288e-09,1.793854e-05
0.03,-3.7346217e-05,-4.9853015e-06,1.4968918e-09,-1.5456996e-07,-5.6950266e-06,1.8213277e-05
0.04,-3.7354745e-05,-4.831645e-06,1.2145159e-09,-1.7281117e-07,-5.9017966e-06,1.814502e-05
0.05,-3.7311216e-05,-4.844271e-06,1.2692906e-09,-1.6832045e-07,-5.8341193e-06,1.8138773e-05
0.060000000000000005,-3.7306614e-05,-4.8468764e-06,1.2767382e-09,-1.677459e-07,-5.826953e-06,1.813841e-05
0.07,-3.7307513e-05,-4.8468883e-06,1.2761985e-09,-1.6779902e-07,-5.827996e-06,1.8138702e-05
0.08,-3.7307665e-05,-4.8468314e-06,1.2759971e-09,-1.6781534e-07,-5.828223e-06,1.8138735e-05
0.09,-3.7307655e-05,-4.8468287e-06,1.2760015e-09,-1.6781476e-07,-5.8282094e-06,1.813873e-05
0.09999999999999999,-2.2429278e-05,-6.795153e-06,1.4459034e-08,1.0262572e-06,1.4430831e-05,1.23954105e-05
0.10999999999999999,-4.466481e-06,-9.189132e-06,3.0398805e-08,2.4672836e-06,3.8866034e-05,5.53089e-06
0.11999999999999998,1.3541735e-05,-1.1549145e-05,4.625667e-08,3.9029505e-06,6.335347e-05,-1.3725603e-06
0.12999999999999998,3.1575768e-05,-1.389479e-05,6.20791e-08,5.3362637e-06,8.7877685e-05,-8.292827e-06
0.13999999999999999,4.963817e-05,-1.6234528e-05,7.7886156e-08,6.76857e-06,0.00011244378,-1.522307e-05
0.15,6.772831e-05,-1.856679e-05,9.367467e-08,8.1996495e-06,0.00013705014,-2.2163551e-05
0.16,8.584955e-05,-2.0887284e-05,1.09439384e-07,9.629236e-06,0.0001616988,-2.9117242e-05
0.17,0.00010399829,-2.3199356e-05,1.2518363e-07,1.1057463e-05,0.0001863868,-3.6081434e-05
0.18000000000000002,0.00012217404,-2.5503394e-05,1.4090772e-07,1.2484338e-05,0.00021111361,-4.3055792e-05
0.19000000000000003,0.00014037677,-2.7798933e-05,1.5661077e-07,1.3909801e-05,0.00023587885,-5.004047e-05
0.20000000000000004,0.00015860582,-3.0086157e-05,1.7229259e-07,1.5333826e-05,0.00026068167,-5.7035133e-05
0.21000000000000005,0.00017685725,-3.2369302e-05,1.8795784e-07,1.6756621e-05,0.0002855192,-6.403661e-05
0.22000000000000006,0.00019513864,-3.4639117e-05,2.0359555e-07,1.8177649e-05,0.00031039605,-7.1051436e-05
0.23000000000000007,0.00021344499,-3.6900023e-05,2.1920981e-07,1.9597057e-05,0.00033530817,-7.8075864e-05
0.24000000000000007,0.00023177607,-3.91522e-05,2.3480082e-07,2.1014852e-05,0.0003602553,-8.5109765e-05
0.25000000000000006,0.00025013162,-4.1395448e-05,2.50368e-07,2.2430992e-05,0.0003852368,-9.215311e-05
0.26000000000000006,0.00026851127,-4.362965e-05,2.6591087e-07,2.3845429e-05,0.0004102521,-9.920579e-05
0.2700000000000001,0.0002869112,-4.5858833e-05,2.814337e-07,2.5258358e-05,0.00043529837,-0.000106264735
0.2800000000000001,0.00030533862,-4.8074384e-05,2.9692646e-07,2.6669291e-05,0.00046037982,-0.00011333613
0.2900000000000001,0.00032378905,-5.027993e-05,3.1239225e-07,2.8078322e-05,0.00048549296,-0.00012041672
0.3000000000000001,0.00034225805,-5.248065e-05,3.2783697e-07,2.9485735e-05,0.0005106348,-0.00012750279
0.3100000000000001,0.00036074966,-5.4671942e-05,3.4325552e-07,3.0891286e-05,0.0005358075,-0.00013459778
0.3200000000000001,0.0003792637,-5.685291e-05,3.5864605e-07,3.229485e-05,0.0005610105,-0.00014170185
0.3300000000000001,0.0003978032,-5.9019385e-05,3.7400324e-07,3.369616e-05,0.0005862451,-0.00014881782
0.34000000000000014,0.00041635928,-6.1180544e-05,3.893369e-07,3.509563e-05,0.0006115054,-0.00015593859
0.35000000000000014,0.00043493658,-6.333178e-05,4.046423e-07,3.6493067e-05,0.00063679414,-0.00016306785
0.36000000000000015,0.00045353442,-6.547273e-05,4.1991822e-07,3.788838e-05,0.0006621102,-0.00017020543
0.37000000000000016,0.00047215255,-6.7603134e-05,4.35164e-07,3.928151e-05,0.0006874531,-0.00017735129
0.38000000000000017,0.0004907902,-6.9723304e-05,4.5037956e-07,4.067244e-05,0.00071282196,-0.00018450504
0.3900000000000002,0.0005094475,-7.1832685e-05,4.6556397e-07,4.2061103e-05,0.00073821633,-0.00019166688
0.4000000000000002,0.0005281281,-7.392635e-05,4.807112e-07,4.3447206e-05,0.0007636382,-0.00019884025
0.4100000000000002,0.0005468267,-7.600936e-05,4.958261e-07,4.483092e-05,0.00078908366,-0.00020602088
0.4200000000000002,0.0005655436,-7.808146e-05,5.109086e-07,4.6212255e-05,0.0008145526,-0.00021320913
0.4300000000000002,0.0005842789,-8.014208e-05,5.259577e-07,4.7591155e-05,0.0008400447,-0.00022040524
0.4400000000000002,0.0006030267,-8.219735e-05,5.409799e-07,4.8967886e-05,0.000865556,-0.00022760448
0.45000000000000023,0.00062179286,-8.424113e-05,5.5596877e-07,5.034218e-05,0.0008910896,-0.00023481167
0.46000000000000024,0.00064057735,-8.627184e-05,5.7092126e-07,5.1713843e-05,0.00091664493,-0.00024202728
0.47000000000000025,0.0006593804,-8.828883e-05,5.858364e-07,5.3082797e-05,0.0009422219,-0.00024925164
0.48000000000000026,0.00067819585,-9.029802e-05,6.0072e-07,5.4449287e-05,0.0009678162,-0.00025647995
0.49000000000000027,0.00069703045,-9.229268e-05,6.1556534e-07,5.581303e-05,0.0009934315,-0.00026371764
0.5000000000000002,0.0007158823,-9.4273535e-05,6.3037197e-07,5.717395e-05,0.0010190664,-0.00027096353
0.5100000000000002,0.0007347442,-9.624769e-05,6.451473e-07,5.8532358e-05,0.0010447161,-0.00027821198
0.5200000000000002,0.0007536227,-9.820872e-05,6.598849e-07,5.9887996e-05,0.0010703838,-0.0002854683
0.5300000000000002,0.00077251706,-0.00010015624,6.745834e-07,6.124075e-05,0.001096069,-0.00029273218
0.5400000000000003,0.00079142407,-0.00010209314,6.892454e-07,6.259071e-05,0.0011217692,-0.00030000115
0.5500000000000003,0.00081034494,-0.000104017345,7.0386835e-07,6.393775e-05,0.0011474843,-0.00030727664
0.5600000000000003,0.00082928257,-0.00010592702,7.184508e-07,6.528183e-05,0.0011732166,-0.00031456043
0.5700000000000003,0.000848231,-0.00010782542,7.329943e-07,6.662291e-05,0.0011989612,-0.0003218488
0.5800000000000003,0.00086719485,-0.00010970951,7.4749676e-07,6.7960966e-05,0.0012247211,-0.0003291449
0.5900000000000003,0.0008861675,-0.00011158415,7.61962e-07,6.929609e-05,0.0012504914,-0.00033644412
0.6000000000000003,0.0009051528,-0.000113446215,7.7638737e-07,7.06282e-05,0.001276274,-0.00034374933
0.6100000000000003,0.0009241486,-0.000115296825,7.9077313e-07,7.195726e-05,0.0013020672,-0.00035105908
0.6200000000000003,0.00094315724,-0.000117134325,8.05118e-07,7.328325e-05,0.0013278727,-0.00035837505
0.6300000000000003,0.00096217636,-0.00011895772,8.194188e-07,7.4605894e-05,0.001353687,-0.00036569664
0.6400000000000003,0.0009812075,-0.00012076891,8.336794e-07,7.5925476e-05,0.001379513,-0.0003730237
0.6500000000000004,0.0010002487,-0.00012256607,8.478957e-07,7.7241704e-05,0.0014053469,-0.00038035618
0.6600000000000004,0.0010193001,-0.00012435096,8.6207046e-07,7.855473e-05,0.0014311898,-0.00038769344
0.6700000000000004,0.0010383612,-0.00012612264,8.7620197e-07,7.9864454e-05,0.0014570404,-0.00039503563
0.6800000000000004,0.0010574321,-0.00012788044,8.90289e-07,8.1170794e-05,0.0014828981,-0.0004023831
0.6900000000000004,0.0010765122,-0.00012962536,9.0433264e-07,8.2473794e-05,0.0015087627,-0.0004097351
0.7000000000000004,0.001095601,-0.00013135656,9.183314e-07,8.377336e-05,0.001534633,-0.0004170919
0.7100000000000004,0.0011146982,-0.00013307476,9.3228607e-07,8.506952e-05,0.0015605087,-0.00042445306
0.7200000000000004,0.0011338034,-0.00013477913,9.4619503e-07,8.6362175e-05,0.0015863887,-0.00043181865
0.7300000000000004,0.0011529074,-0.00013646903,9.600518e-07,8.765071e-05,0.001612261,-0.00043918518
0.7400000000000004,0.001171819,-0.00013817304,9.7389e-07,8.893601e-05,0.0016378781,-0.00044647272
0.7500000000000004,0.0011904936,-0.00013989511,9.877074e-07,9.0217494e-05,0.0016631826,-0.00045366297
0.7600000000000005,0.0012089339,-0.00014163568,1.0015059e-06,9.149532e-05,0.001688179,-0.00046075677
0.7700000000000005,0.0012271401,-0.00014339518,1.0152866e-06,9.276958e-05,0.0017128681,-0.0004677539
0.7800000000000005,0.0012451215,-0.00014517296,1.0290503e-06,9.404042e-05,0.0017372629,-0.00047465815
0.7900000000000005,0.0012628668,-0.00014697049,1.0427979e-06,9.53078e-05,0.0017613495,-0.00048146467
0.8000000000000005,0.0012803792,-0.00014878795,1.0565308e-06,9.657186e-05,0.0017851328,-0.00048817464
0.8100000000000005,0.0012976673,-0.00015062478,1.0702498e-06,9.783273e-05,0.0018086245,-0.0004947913
0.8200000000000005,0.0013147272,-0.0001524816,1.0839555e-06,9.909043e-05,0.0018318207,-0.0005013132
0.8300000000000005,0.0013315516,-0.00015435969,1.0976494e-06,0.000100345,0.0018547125,-0.00050773687
0.8400000000000005,0.0013481366,-0.00015626,1.1113332e-06,0.00010159654,0.0018772958,-0.0005140607
0.8500000000000005,0.0013644866,-0.00015818255,1.1250083e-06,0.00010284519,0.0018995772,-0.00052028627
0.8600000000000005,0.0013806032,-0.00016012753,1.1386754e-06,0.00010409102,0.0019215593,-0.00052641396
0.8700000000000006,0.0013964839,-0.00016209553,1.1523356e-06,0.0001053341,0.0019432402,-0.00053244276
0.8800000000000006,0.0014121289,-0.000164087,1.1659902e-06,0.00010657452,0.0019646208,-0.00053837255
0.8900000000000006,0.0014275402,-0.00016610211,1.1796401e-06,0.00010781237,0.0019857043,-0.0005442039
0.9000000000000006,0.0014427176,-0.00016814124,1.1932864e-06,0.00010904773,0.0020064916,-0.0005499366
0.9100000000000006,0.001457661,-0.00017020482,1.20693e-06,0.00011028068,0.0020269835,-0.00055557047
0.9200000000000006,0.001472373,-0.00017229293,1.2205722e-06,0.00011151131,0.002047184,-0.0005611064
0.9300000000000006,0.0014868429,-0.00017440719,1.2342143e-06,0.00011273966,0.0020670802,-0.0005665398
0.9400000000000006,0.0015010824,-0.00017654683,1.2478575e-06,0.00011396591,0.002086688,-0.00057187537
0.9500000000000006,0.001515078,-0.0001787137,1.2615031e-06,0.00011519002,0.0021059916,-0.00057710725
0.9600000000000006,0.0015288471,-0.00018090633,1.2751518e-06,0.00011641224,0.0021250134,-0.0005822425
0.9700000000000006,0.0015423824,-0.00018312571,1.2888044e-06,0.000117632524,0.0021437453,-0.00058727793
0.9800000000000006,0.001555681,-0.00018537267,1.3024622e-06,0.00011885098,0.0021621843,-0.00059221225
0.9900000000000007,0.00156874,-0.00018764805,1.3161269e-06,0.000120067685,0.0021803284,-0.000597044
1.0000000000000007,0.0015815615,-0.00018995212,1.3297999e-06,0.00012128276,0.0021981802,-0.00060177385
1.0100000000000007,0.0015941536,-0.00019228425,1.3434815e-06,0.00012249632,0.0022157517,-0.00060640497
1.0200000000000007,0.0016065093,-0.00019464553,1.3571726e-06,0.00012370838,0.0022330345,-0.0006109344
1.0300000000000007,0.0016186316,-0.00019703609,1.3708747e-06,0.00012491904,0.0022500337,-0.0006153631
1.0400000000000007,0.0016305093,-0.00019945776,1.3845894e-06,0.00012612836,0.0022667355,-0.00061968627
1.0500000000000007,0.0016421591,-0.00020190905,1.3983175e-06,0.00012733655,0.0022831627,-0.0006239107
1.0600000000000007,0.0016535678,-0.00020439169,1.41206e-06,0.00012854353,0.0022992992,-0.0006280306
1.0700000000000007,0.0016648058,-0.00020689963,1.4258153e-06,0.00012974978,0.002315237,-0.00063207437
1.0800000000000007,0.0016759214,-0.000209421,1.439571e-06,0.00013095493,0.0023310327,-0.0006360645
1.0900000000000007,0.0016867847,-0.0002119736,1.4533354e-06,0.00013215833,0.0023465268,-0.0006399457
1.1000000000000008,0.0016974129,-0.00021455841,1.4671175e-06,0.00013336084,0.0023617395,-0.0006437241
1.1100000000000008,0.0017078024,-0.00021717633,1.4809194e-06,0.00013456258,0.0023766693,-0.0006473982
1.1200000000000008,0.0017179536,-0.00021982777,1.4947423e-06,0.00013576366,0.0023913172,-0.00065096794
1.1300000000000008,0.0017278696,-0.00022251271,1.5085868e-06,0.00013696417,0.0024056886,-0.00065443455
1.1400000000000008,0.0017375504,-0.0002252315,1.5224539e-06,0.00013816415,0.0024197844,-0.00065779773
1.1500000000000008,0.0017469999,-0.00022798401,1.5363443e-06,0.00013936369,0.0024336106,-0.000661059
1.1600000000000008,0.0017562094,-0.00023077174,1.5502595e-06,0.00014056286,0.002447157,-0.0006642145
1.1700000000000008,0.0017651846,-0.00023359452,1.5642007e-06,0.00014176178,0.0024604315,-0.00066726643
1.1800000000000008,0.0017739253,-0.00023645264,1.5781687e-06,0.0001429605,0.0024734358,-0.0006702146
1.1900000000000008,0.001782438,-0.00023934568,1.5921638e-06,0.00014415912,0.0024861784,-0.00067306147
1.2000000000000008,0.0017907154,-0.00024227481,1.6061872e-06,0.00014535766,0.0024986516,-0.0006758038
1.2100000000000009,0.0017987571,-0.0002452407,1.6202407e-06,0.00014655624,0.0025108552,-0.0006784413
1.2200000000000009,0.0018065698,-0.00024824284,1.6343246e-06,0.00014775494,0.002522799,-0.00068097643
1.2300000000000009,0.0018141462,-0.00025128244,1.6484402e-06,0.00014895381,0.0025344754,-0.0006834062
1.2400000000000009,0.0018214941,-0.00025435904,1.6625881e-06,0.00015015296,0.0025458944,-0.00068573345
1.2500000000000009,0.0018286065,-0.00025747376,1.6767697e-06,0.00015135243,0.0025570488,-0.00068795524
1.260000000000001,0.0018450445,-0.0002590633,1.6890772e-06,0.00015249278,0.002579875,-0.0006941897
1.270000000000001,0.0018616605,-0.00026059352,1.7012129e-06,0.00015362039,0.0026027064,-0.00070048776
1.280000000000001,0.0018783142,-0.0002621013,1.7132837e-06,0.00015474329,0.0026255373,-0.00070680457
1.290000000000001,0.0018949611,-0.00026359715,1.725303e-06,0.00015586197,0.0026483545,-0.000713119
1.300000000000001,0.0019116082,-0.00026507862,1.7372695e-06,0.00015697647,0.0026711642,-0.0007194348
1.310000000000001,0.0019282526,-0.00026654662,1.7491827e-06,0.00015808672,0.0026939646,-0.00072575064
1.320000000000001,0.0019448943,-0.0002680016,1.7610437e-06,0.00015919276,0.0027167553,-0.0007320661
1.330000000000001,0.0019615295,-0.0002694457,1.7728535e-06,0.00016029457,0.002739533,-0.000738379
1.340000000000001,0.0019781683,-0.00027087092,1.7846056e-06,0.000161392,0.0027623032,-0.0007446968
1.350000000000001,0.0019948003,-0.00027228435,1.7963042e-06,0.00016248504,0.0027850603,-0.0007510119
1.360000000000001,0.002011428,-0.0002736851,1.8079503e-06,0.00016357383,0.002807805,-0.0007573261
1.370000000000001,0.0020280525,-0.00027507235,1.8195432e-06,0.00016465834,0.0028305382,-0.00076364016
1.380000000000001,0.002044672,-0.0002764461,1.8310816e-06,0.00016573846,0.0028532578,-0.00076995336
1.390000000000001,0.0020612932,-0.00027780057,1.8425602e-06,0.00016681402,0.0028759665,-0.0007762708
1.400000000000001,0.0020779069,-0.0002791426,1.853984e-06,0.00016788508,0.0028986605,-0.0007825855
1.410000000000001,0.0020945116,-0.0002804746,1.8653567e-06,0.00016895187,0.002921338,-0.00078889646
1.420000000000001,0.002111119,-0.00028178646,1.8766692e-06,0.0001700141,0.002944004,-0.00079521263
1.430000000000001,0.0021277135,-0.00028308976,1.8879299e-06,0.00017107191,0.0029666515,-0.00080152234
1.440000000000001,0.0021443095,-0.0002843738,1.8991313e-06,0.00017212519,0.002989286,-0.00080783654
1.450000000000001,0.0021608942,-0.0002856462,1.9102772e-06,0.00017317384,0.0030119012,-0.00081414636
1.460000000000001,0.0021774794,-0.00028690108,1.9213655e-06,0.00017421806,0.0030345037,-0.00082045945
1.470000000000001,0.002194051,-0.0002881466,1.9324007e-06,0.00017525775,0.0030570854,-0.0008267662
1.480000000000001,0.0022106173,-0.00028937776,1.9433805e-06,0.00017629302,0.003079649,-0.0008330728
1.490000000000001,0.002227177,-0.00029059444,1.9543036e-06,0.00017732369,0.0031021948,-0.0008393784
1.500000000000001,0.0022437288,-0.00029179727,1.9651702e-06,0.0001783498,0.003124721,-0.0008456823
1.5100000000000011,0.00226028,-0.00029297988,1.9759743e-06,0.00017937113,0.0031472312,-0.00085199
1.5200000000000011,0.0022768152,-0.00029415387,1.986725e-06,0.00018038785,0.003169718,-0.00085829024
1.5300000000000011,0.0022933448,-0.00029531276,1.9974193e-06,0.00018140009,0.003192185,-0.0008645906
1.5400000000000011,0.0023098667,-0.00029645674,2.0080554e-06,0.00018240763,0.0032146315,-0.0008708897
1.5500000000000012,0.002326386,-0.00029758076,2.0186285e-06,0.00018341033,0.003237059,-0.0008771918
1.5600000000000012,0.0023428886,-0.0002986958,2.0291473e-06,0.00018440836,0.0032594616,-0.0008834863
1.5700000000000012,0.0023593896,-0.0002997913,2.039605e-06,0.00018540169,0.0032818445,-0.0008897844
1.5800000000000012,0.0023758805,-0.0003008714,2.0500022e-06,0.00018639016,0.0033042047,-0.00089608046
1.5900000000000012,0.0023923554,-0.00030194246,2.060346e-06,0.00018737403,0.0033265383,-0.00090236944
1.6000000000000012,0.0024088223,-0.00030299873,2.070633e-06,0.00018835333,0.0033488485,-0.0009086577
1.6100000000000012,0.0024252848,-0.00030403523,2.0808563e-06,0.00018932771,0.0033711367,-0.00091494824
1.6200000000000012,0.0024417292,-0.00030506257,2.0910247e-06,0.00019029736,0.003393397,-0.0009212308
1.6300000000000012,0.0024594737,-0.00030604817,2.101858e-06,0.00019133625,0.0034170756,-0.0009280578
1.6400000000000012,0.002482542,-0.00030686648,2.1155686e-06,0.00019267353,0.003446836,-0.0009371558
1.6500000000000012,0.0025044228,-0.00030844385,2.1296555e-06,0.00019400638,0.003477857,-0.000945228
1.6600000000000013,0.002525254,-0.00031038077,2.1438505e-06,0.00019532854,0.00350861,-0.00095274166
1.6700000000000013,0.0025458364,-0.00031236326,2.157965e-06,0.00019664019,0.0035391822,-0.0009601424
1.6800000000000013,0.0025662049,-0.0003143485,2.171918e-06,0.00019793582,0.003569511,-0.0009674458
1.6900000000000013,0.00258617,-0.0003163028,2.185564e-06,0.00019920274,0.0035993042,-0.0009745985
1.7000000000000013,0.002605443,-0.00031808534,2.1986236e-06,0.00020042057,0.0036278851,-0.0009815987
1.7100000000000013,0.002625915,-0.00031976693,2.211933e-06,0.00020167102,0.0036575545,-0.0009890865
1.7200000000000013,0.002645664,-0.00032162966,2.2250072e-06,0.000202888,0.003686882,-0.0009961227
1.7300000000000013,0.0026617576,-0.00032436982,2.2393401e-06,0.00020416302,0.0037119503,-0.0010014218
1.7400000000000013,0.0026778977,-0.00032746614,2.2554293e-06,0.00020558466,0.0037370517,-0.0010067981
1.7500000000000013,0.0026942424,-0.00033029317,2.2710706e-06,0.00020698007,0.0037627248,-0.0010123975
1.7600000000000013,0.002709052,-0.00033161248,2.2821466e-06,0.00020801982,0.0037855813,-0.0010181426
1.7700000000000014,0.0027256832,-0.00033252183,2.2921672e-06,0.00020898522,0.0038087706,-0.0010245654
1.7800000000000014,0.0027430484,-0.00033337134,2.3020852e-06,0.00020994573,0.0038323507,-0.0010312211
1.7900000000000014,0.0027605286,-0.0003341969,2.3119292e-06,0.00021090091,0.0038560305,-0.0010379199
1.8000000000000014,0.0027783485,-0.00033494603,2.3216369e-06,0.00021184867,0.0038801078,-0.0010447698
1.8100000000000014,0.002796341,-0.00033564915,2.331241e-06,0.0002127898,0.0039043727,-0.0010516965
1.8200000000000014,0.0028145486,-0.00033629735,2.3407322e-06,0.00021372407,0.003928877,-0.0010587199
1.8300000000000014,0.002832982,-0.00033688813,2.350107e-06,0.0002146513,0.003953632,-0.001065845
1.8400000000000014,0.002851644,-0.00033742038,2.3593632e-06,0.00021557137,0.003978639,-0.0010730732
1.8500000000000014,0.002870535,-0.0003378933,2.3684997e-06,0.00021648422,0.004003896,-0.0010804052
1.8600000000000014,0.0028896525,-0.00033830653,2.3775158e-06,0.00021738975,0.004029398,-0.0010878402
1.8700000000000014,0.0029097563,-0.0003384552,2.3864902e-06,0.00021830868,0.004055726,-0.0010958327
1.8800000000000014,0.0029287194,-0.0003388517,2.3949947e-06,0.00021916683,0.004081282,-0.0011030942
1.8900000000000015,0.00294828,-0.00033918247,2.4037502e-06,0.00022005409,0.0041073123,-0.0011107156
1.9000000000000015,0.0029682012,-0.0003393686,2.4123044e-06,0.00022093127,0.004133638,-0.0011185259
1.9100000000000015,0.002988428,-0.00033948722,2.4208719e-06,0.00022181423,0.0041601947,-0.0011264988
1.9200000000000015,0.003008694,-0.0003395499,2.4293392e-06,0.00022269088,0.004186744,-0.0011345092
1.9300000000000015,0.0030288873,-0.00033959287,2.4377205e-06,0.00022356023,0.004213181,-0.0011424947
1.9400000000000015,0.0030489624,-0.0003396266,2.4460285e-06,0.00022442272,0.004239448,-0.001150434
1.9500000000000015,0.0030688718,-0.0003396582,2.4542696e-06,0.00022527839,0.00426549,-0.0011583065
1.9600000000000015,0.003088567,-0.00033969502,2.4624483e-06,0.00022612713,0.0042912527,-0.0011660903
1.9700000000000015,0.0031080006,-0.00033974418,2.4705687e-06,0.00022696871,0.004316684,-0.0011737639
1.9800000000000015,0.0031271277,-0.00033981254,2.4786325e-06,0.00022780286,0.004341735,-0.0011813066
1.9900000000000015,0.003145904,-0.0003399069,2.4866417e-06,0.00022862914,0.00436636,-0.0011886975
2.0000000000000013,0.003164296,-0.0003400327,2.4945953e-06,0.00022944712,0.004390527,-0.0011959205
2.010000000000001,0.0031822687,-0.0003401956,2.5024924e-06,0.00023025628,0.0044142017,-0.0012029584
2.020000000000001,0.0031997988,-0.0003403999,2.510331e-06,0.00023105612,0.004437365,-0.0012097989
2.0300000000000007,0.003216856,-0.00034065105,2.5181098e-06,0.00023184616,0.0044599883,-0.0012164267
2.0400000000000005,0.0032331597,-0.00034108013,2.525898e-06,0.00023262505,0.004481884,-0.0012226689
2.0500000000000003,0.0032456045,-0.0003422289,2.5319532e-06,0.00023319159,0.0045013735,-0.0012265289
2.06,0.0032612013,-0.00034329083,2.5389334e-06,0.00023386134,0.004524298,-0.0012318671
2.07,0.0032773651,-0.00034411135,2.546108e-06,0.0002345631,0.0045471485,-0.0012376314
2.0799999999999996,0.003293169,-0.00034491872,2.5534691e-06,0.00023528145,0.004569307,-0.0012433348
2.0899999999999994,0.0033084974,-0.00034577498,2.5610293e-06,0.00023601388,0.0045907013,-0.0012488896
2.099999999999999,0.0033232807,-0.0003467121,2.568798e-06,0.00023675938,0.0046112984,-0.0012542492
2.109999999999999,0.0033375595,-0.0003477314,2.5767663e-06,0.00023751723,0.004631172,-0.0012594257
2.1199999999999988,0.003350181,-0.00034907906,2.5852587e-06,0.00023830053,0.004648935,-0.0012639008
2.1299999999999986,0.0033630172,-0.00035044304,2.5955774e-06,0.0002392532,0.004665577,-0.0012688608
2.1399999999999983,0.0033800132,-0.00035068777,2.6027744e-06,0.00023998997,0.004688641,-0.0012754048
2.149999999999998,0.0033963013,-0.00035107852,2.6139392e-06,0.00024108375,0.0047072438,-0.0012826519
2.159999999999998,0.0034143294,-0.00035036914,2.621924e-06,0.0002419448,0.0047287685,-0.0012904836
2.1699999999999977,0.0034317812,-0.0003500882,2.6294686e-06,0.00024274131,0.00475067,-0.0012976851
2.1799999999999975,0.0034489357,-0.00034996987,2.6366458e-06,0.00024349413,0.004772633,-0.0013045776
2.1899999999999973,0.0034658338,-0.00034997083,2.6436867e-06,0.00024422724,0.0047945343,-0.0013112669
2.199999999999997,0.0034825916,-0.0003500181,2.6506284e-06,0.00024494823,0.0048163687,-0.0013178571
2.209999999999997,0.0034992613,-0.00035008244,2.657489e-06,0.00024566046,0.0048381407,-0.0013243915
2.2199999999999966,0.0035158726,-0.00035014897,2.6642797e-06,0.0002463658,0.004859851,-0.0013308941
2.2299999999999964,0.003532434,-0.0003502124,2.6709974e-06,0.00024706428,0.0048815045,-0.0013373707
2.239999999999996,0.0035489528,-0.0003502711,2.677651e-06,0.00024775686,0.0049030986,-0.0013438271
2.249999999999996,0.0035654434,-0.00035031865,2.6842517e-06,0.0002484449,0.004924631,-0.0013502771
2.259999999999996,0.0035819006,-0.00035035424,2.690783e-06,0.00024912693,0.0049461066,-0.0013567138
2.2699999999999956,0.0035983026,-0.00035038922,2.697232e-06,0.00024980112,0.00496753,-0.001363117
2.2799999999999954,0.003614656,-0.00035042662,2.703624e-06,0.00025046963,0.0049888957,-0.0013694948
2.289999999999995,0.003630959,-0.00035046547,2.7099418e-06,0.00025113093,0.005010212,-0.001375842
2.299999999999995,0.0036471854,-0.00035052127,2.7161636e-06,0.00025178216,0.0050314935,-0.0013821308
2.3099999999999947,0.0036632842,-0.00035062627,2.722236e-06,0.0002524165,0.005052783,-0.001388303
2.3199999999999945,0.0036792934,-0.0003507898,2.7282629e-06,0.00025304325,0.0050740642,-0.0013943986
2.3299999999999943,0.0036949718,-0.00035114007,2.7334402e-06,0.00025358048,0.0050959326,-0.0014000015
2.339999999999994,0.0037105836,-0.00035149785,2.7375702e-06,0.00025402007,0.0051185624,-0.0014053924
2.349999999999994,0.0037181133,-0.00035350624,2.7477788e-06,0.00025490698,0.005127916,-0.0014080885
2.3599999999999937,0.003727888,-0.0003544601,2.7574697e-06,0.00025580975,0.005139723,-0.0014122288
2.3699999999999934,0.0037396713,-0.0003546541,2.764592e-06,0.0002565211,0.0051551485,-0.0014170549
2.3799999999999932,0.0037510684,-0.00035529007,2.7717822e-06,0.00025721436,0.005170493,-0.0014214045
2.389999999999993,0.0037630158,-0.00035587445,2.7788515e-06,0.00025790112,0.0051865275,-0.0014259974
2.399999999999993,0.003775225,-0.0003564575,2.7857245e-06,0.00025857068,0.0052029747,-0.0014306516
2.4099999999999926,0.003788981,-0.0003566474,2.7920867e-06,0.00025921856,0.005221054,-0.0014360546
2.4199999999999924,0.0038041288,-0.00035653857,2.797971e-06,0.00025984252,0.005240668,-0.001442086
2.429999999999992,0.0038205371,-0.00035616723,2.8034096e-06,0.00026044296,0.005261629,-0.0014486772
2.439999999999992,0.0038383321,-0.0003555024,2.8083516e-06,0.0002610173,0.0052840956,-0.0014558885
2.4499999999999917,0.0038575064,-0.0003545439,2.8127884e-06,0.00026156465,0.005308042,-0.001463715
2.4599999999999915,0.0038778232,-0.00035334195,2.8167633e-06,0.00026208555,0.0053331964,-0.0014720395
2.4699999999999913,0.0038985377,-0.00035212928,2.8206982e-06,0.00026260444,0.0053586583,-0.0014804836
2.479999999999991,0.003920315,-0.00035070535,2.8245995e-06,0.00026313507,0.0053851358,-0.0014894808
2.489999999999991,0.00394165,-0.0003493007,2.8285667e-06,0.0002636688,0.0054108487,-0.0014983075
2.4999999999999907,0.003961327,-0.00034820827,2.8330508e-06,0.0002642281,0.0054344865,-0.0015063997
2.5099999999999905,0.0039797835,-0.0003473111,2.8378422e-06,0.00026480158,0.0054568006,-0.0015139846
2.5199999999999902,0.0039970246,-0.00034662551,2.8429602e-06,0.0002653901,0.0054777195,-0.0015210466
2.52999999999999,0.0040127905,-0.0003462044,2.8484817e-06,0.00026599702,0.005496937,-0.0015274652
2.53999999999999,0.0040270663,-0.0003460476,2.8543955e-06,0.00026662138,0.005514492,-0.0015332357
2.5499999999999896,0.004038449,-0.0003461809,2.856287e-06,0.00026684738,0.0055323546,-0.0015367992
2.5599999999999894,0.0040502828,-0.00034754828,2.860763e-06,0.00026725206,0.0055507184,-0.0015402554
2.569999999999989,0.0040601613,-0.00034922964,2.866928e-06,0.00026778932,0.005565509,-0.0015431471
2.579999999999989,0.004066561,-0.00035151315,2.8745046e-06,0.00026841447,0.005576121,-0.0015446035
2.5899999999999888,0.004072999,-0.00035386428,2.8849402e-06,0.00026930278,0.005585261,-0.0015467448
2.5999999999999885,0.0040891645,-0.00035288924,2.8932932e-06,0.00027020523,0.0056032515,-0.0015547544
2.6099999999999883,0.0041064867,-0.00035106816,2.8976904e-06,0.00027078486,0.0056227255,-0.0015625558
2.619999999999988,0.0041222987,-0.00035017327,2.9018795e-06,0.00027129255,0.0056420797,-0.001569062
2.629999999999988,0.00413763,-0.00034957347,2.9060625e-06,0.00027178257,0.005661248,-0.0015752095
2.6399999999999877,0.0041527892,-0.00034906532,2.9102296e-06,0.00027226572,0.005680332,-0.0015812428
2.6499999999999875,0.0041678874,-0.00034858202,2.914374e-06,0.00027274518,0.005699352,-0.0015872424
2.6599999999999873,0.0041829636,-0.00034809986,2.9184937e-06,0.00027322213,0.0057183127,-0.0015932366
2.669999999999987,0.0041980273,-0.00034760986,2.9225864e-06,0.00027369682,0.005737209,-0.001599234
2.679999999999987,0.004213078,-0.0003471086,2.92665e-06,0.00027416923,0.005756038,-0.0016052357
2.6899999999999866,0.004228112,-0.00034659478,2.9306818e-06,0.00027463917,0.0057747927,-0.0016112406
2.6999999999999864,0.004243124,-0.00034606806,2.9346784e-06,0.00027510631,0.005793472,-0.0016172458
2.709999999999986,0.0042581093,-0.00034552848,2.9386367e-06,0.00027557038,0.0058120713,-0.001623249
2.719999999999986,0.004273061,-0.00034497725,2.9425496e-06,0.00027603057,0.005830591,-0.0016292445
2.7299999999999858,0.0042879796,-0.0003444149,2.946427e-06,0.00027648782,0.0058490257,-0.0016352354
2.7399999999999856,0.00430287,-0.00034383623,2.9502671e-06,0.00027694224,0.005867372,-0.0016412267
2.7499999999999853,0.0043177186,-0.00034324315,2.9540436e-06,0.00027739123,0.005885637,-0.001647204
2.759999999999985,0.004332519,-0.0003426432,2.9577768e-06,0.00027783628,0.0059038145,-0.001653166
2.769999999999985,0.0043472783,-0.00034203124,2.9614614e-06,0.0002782772,0.0059219045,-0.0016591173
2.7799999999999847,0.004361993,-0.00034140763,2.9650964e-06,0.00027871382,0.005939905,-0.0016650563
2.7899999999999845,0.004376663,-0.00034077256,2.968681e-06,0.00027914607,0.0059578167,-0.0016709821
2.7999999999999843,0.0043912856,-0.00034012613,2.9722146e-06,0.0002795739,0.005975638,-0.001676894
2.809999999999984,0.0044058603,-0.0003394686,2.9756966e-06,0.0002799972,0.005993368,-0.0016827914
2.819999999999984,0.0044203866,-0.00033880008,2.9791267e-06,0.00028041602,0.006011007,-0.0016886736
2.8299999999999836,0.004434863,-0.00033812068,2.982505e-06,0.00028083025,0.006028553,-0.0016945404
2.8399999999999834,0.0044492893,-0.00033743057,2.985831e-06,0.00028123992,0.0060460065,-0.0017003911
2.849999999999983,0.004463664,-0.0003367299,2.9891055e-06,0.000281645,0.0060633654,-0.0017062254
2.859999999999983,0.0044779866,-0.00033601877,2.9923272e-06,0.00028204545,0.0060806307,-0.001712043
2.869999999999983,0.004492257,-0.0003352975,2.9954977e-06,0.00028244135,0.0060978006,-0.0017178433
2.8799999999999826,0.004506474,-0.0003345659,2.9986159e-06,0.00028283263,0.0061148745,-0.0017236264
2.8899999999999824,0.0045206365,-0.0003338244,3.0016822e-06,0.0002832193,0.0061318525,-0.0017293915
2.899999999999982,0.004534745,-0.00033307303,3.0046979e-06,0.00028360143,0.0061487327,-0.0017351388
2.909999999999982,0.0045487867,-0.00033231525,3.0076371e-06,0.00028397646,0.006165527,-0.0017408535
2.9199999999999817,0.004562767,-0.00033155762,3.010555e-06,0.00028434917,0.0061822147,-0.00174655
2.9299999999999815,0.004576701,-0.00033078465,3.013412e-06,0.00028471672,0.006198807,-0.001752232
2.9399999999999813,0.0045905686,-0.00033000752,3.0162114e-06,0.00028507877,0.006215306,-0.0017578853
2.949999999999981,0.0046043633,-0.00032923045,3.0189453e-06,0.0002854344,0.0062317154,-0.0017635024
2.959999999999981,0.004618067,-0.00032846362,3.0215924e-06,0.00028578096,0.0062480513,-0.0017690625
2.9699999999999807,0.00463163,-0.00032773268,3.0240735e-06,0.00028610975,0.0062643643,-0.001774506
2.9799999999999804,0.004644937,-0.0003271027,3.0261458e-06,0.00028639444,0.0062808385,-0.0017796751
2.9899999999999802,0.0046579014,-0.00032665982,3.0266533e-06,0.00028652334,0.0062985076,-0.0017841903
2.99999999999998,0.0046667843,-0.00032774083,3.0296912e-06,0.00028679328,0.006311399,-0.0017866968
3.00999999999998,0.0046703126,-0.0003309468,3.0420467e-06,0.00028779838,0.006313745,-0.0017877092
3.0199999999999796,0.004677379,-0.00033106166,3.0495664e-06,0.0002885307,0.0063212393,-0.0017912543
3.0299999999999794,0.004684836,-0.00033097848,3.054237e-06,0.0002890113,0.006331376,-0.001794393
3.039999999999979,0.004693212,-0.00033105834,3.058446e-06,0.0002894431,0.006342838,-0.0017977384
3.049999999999979,0.0047036004,-0.00033065918,3.0617443e-06,0.00028982098,0.006356105,-0.0018020303
3.0599999999999787,0.004716576,-0.00032957378,3.0638007e-06,0.0002901272,0.006371892,-0.0018075668
3.0699999999999785,0.0047322265,-0.00032781545,3.064644e-06,0.0002903637,0.0063901,-0.0018143596
3.0799999999999783,0.004750505,-0.00032540507,3.064335e-06,0.00029053478,0.006410617,-0.0018223869
3.089999999999978,0.004771234,-0.00032238613,3.0629776e-06,0.00029064712,0.0064331973,-0.0018315691
3.099999999999978,0.004794106,-0.00031883872,3.0607641e-06,0.00029071333,0.0064574545,-0.001841761
3.1099999999999777,0.004818374,-0.00031496256,3.058227e-06,0.00029077003,0.006482442,-0.0018526408
3.1199999999999775,0.0048429985,-0.00031098962,3.0556157e-06,0.00029082503,0.006507251,-0.0018636598
3.1299999999999772,0.0048663993,-0.00030729885,3.053427e-06,0.0002908999,0.0065304865,-0.0018740487
3.139999999999977,0.004887278,-0.00030416492,3.0520064e-06,0.00029100847,0.006551084,-0.0018831894
3.149999999999977,0.0049046963,-0.0003017706,3.0515057e-06,0.00029115286,0.0065684295,-0.0018906387
3.1599999999999766,0.0049182624,-0.00030017953,3.0518856e-06,0.00029132518,0.00658243,-0.0018962146
3.1699999999999764,0.0049332744,-0.00029805247,3.050826e-06,0.00029139975,0.0065998854,-0.0019026787
3.179999999999976,0.004939119,-0.0002983161,3.0497677e-06,0.00029131497,0.0066083805,-0.0019033093
3.189999999999976,0.0049396753,-0.0003012655,3.0520391e-06,0.0002913891,0.0066155293,-0.0019011435
3.1999999999999758,0.004940767,-0.00030436798,3.057193e-06,0.00029172457,0.0066215927,-0.0019000891
3.2099999999999755,0.004947166,-0.0003066824,3.0686135e-06,0.0002926991,0.0066271327,-0.0019028402
3.2199999999999753,0.0049592396,-0.0003047894,3.0730014e-06,0.0002932608,0.0066393353,-0.001909402
3.229999999999975,0.004971637,-0.00030299212,3.0751119e-06,0.00029360483,0.0066523417,-0.0019153061
3.239999999999975,0.004983809,-0.0003016002,3.0766462e-06,0.0002938719,0.006665429,-0.0019206731
3.2499999999999747,0.0049956664,-0.00030045203,3.0778956e-06,0.00029409816,0.006678472,-0.0019256779
3.2599999999999745,0.005006848,-0.0002995505,3.0777164e-06,0.00029417683,0.0066921953,-0.0019298588
3.2699999999999743,0.0050119986,-0.0003007213,3.079423e-06,0.00029430186,0.006700287,-0.0019305067
3.279999999999974,0.005010414,-0.00030505186,3.0920623e-06,0.00029525574,0.0066977954,-0.001928822
3.289999999999974,0.0050143446,-0.00030489964,3.0965602e-06,0.0002957106,0.0067038,-0.0019308688
3.2999999999999736,0.005018765,-0.00030536493,3.1008337e-06,0.0002961143,0.006711139,-0.0019326174
3.3099999999999734,0.005024399,-0.000305679,3.1047286e-06,0.00029649242,0.006718897,-0.0019348348
3.319999999999973,0.005032756,-0.00030512142,3.1069783e-06,0.00029677202,0.006729632,-0.001938488
3.329999999999973,0.0050450712,-0.00030339902,3.1070715e-06,0.00029692362,0.0067439987,-0.0019441101
3.3399999999999728,0.0050620153,-0.00030035418,3.1047427e-06,0.0002969322,0.0067623556,-0.0019519991
3.3499999999999726,0.0050829127,-0.0002963313,3.1004572e-06,0.0002968202,0.0067837406,-0.0019616568
3.3599999999999723,0.005107134,-0.00029176573,3.095975e-06,0.00029672665,0.006806926,-0.0019728576
3.369999999999972,0.0051297043,-0.00028779195,3.092927e-06,0.00029672735,0.006826751,-0.0019830468
3.379999999999972,0.0051471847,-0.00028526515,3.0926067e-06,0.0002968898,0.006841306,-0.0019906715
3.3899999999999717,0.005159312,-0.00028403694,3.0946892e-06,0.00029719295,0.0068513937,-0.0019958152
3.3999999999999715,0.0051657194,-0.00028279293,3.0911624e-06,0.00029696035,0.006861115,-0.0019978045
3.4099999999999713,0.0051725605,-0.0002837915,3.091493e-06,0.00029697208,0.00687218,-0.0019992979
3.419999999999971,0.0051769335,-0.00028593594,3.0955603e-06,0.00029726047,0.006878205,-0.0019995628
3.429999999999971,0.0051765735,-0.0002896889,3.1042227e-06,0.0002978799,0.006879445,-0.0019977277
3.4399999999999706,0.0051850425,-0.0002892618,3.1117472e-06,0.00029864625,0.0068888343,-0.0020032576
3.4499999999999704,0.005198271,-0.00028579377,3.1116483e-06,0.00029887026,0.0069001312,-0.0020103091
3.45999999999997,0.0052089207,-0.00028410414,3.111552e-06,0.00029899387,0.0069111804,-0.0020149904
3.46999999999997,0.005219191,-0.0002828558,3.11166e-06,0.00029911118,0.006922066,-0.002019335
3.47999999999997,0.0052293874,-0.00028170334,3.1118532e-06,0.00029923086,0.006932841,-0.0020236364
3.4899999999999696,0.0052395663,-0.00028056715,3.1120892e-06,0.00029935336,0.006943503,-0.0020279442
3.4999999999999694,0.0052497257,-0.00027942713,3.112345e-06,0.00029947763,0.006954044,-0.0020322609
3.509999999999969,0.0052598487,-0.00027828087,3.1126042e-06,0.00029960222,0.0069644614,-0.0020365764
3.519999999999969,0.0052699246,-0.00027712923,3.1128811e-06,0.00029972842,0.00697474,-0.0020408917
3.5299999999999687,0.0052799466,-0.00027596366,3.1131246e-06,0.00029985185,0.006984893,-0.0020451937
3.5399999999999685,0.0052898857,-0.00027480154,3.1133598e-06,0.00029997388,0.0069949105,-0.0020494682
3.5499999999999683,0.0052997516,-0.00027363485,3.1135758e-06,0.00030009393,0.007004791,-0.0020537216
3.559999999999968,0.005309537,-0.0002724648,3.1137681e-06,0.00030021154,0.0070145344,-0.002057949
3.569999999999968,0.005319238,-0.0002712919,3.113934e-06,0.0003003264,0.00702414,-0.0020621482
3.5799999999999677,0.0053288518,-0.00027011673,3.1140714e-06,0.00030043826,0.007033607,-0.0020663168
3.5899999999999674,0.005338376,-0.00026893962,3.1141783e-06,0.0003005469,0.007042934,-0.0020704535
3.5999999999999672,0.005347808,-0.00026776094,3.114254e-06,0.00030065226,0.0070521217,-0.0020745571
3.609999999999967,0.0053571467,-0.000266581,3.114298e-06,0.00030075424,0.0070611686,-0.0020786265
3.619999999999967,0.0053663915,-0.00026539998,3.114309e-06,0.00030085276,0.0070700743,-0.0020826613
3.6299999999999666,0.0053755403,-0.00026421814,3.1142874e-06,0.00030094778,0.0070788385,-0.0020866606
3.6399999999999664,0.0053845937,-0.00026303562,3.1142347e-06,0.0003010395,0.00708746,-0.0020906248
3.649999999999966,0.005393519,-0.00026185455,3.1140312e-06,0.0003011165,0.0070959968,-0.0020945037
3.659999999999966,0.0054022814,-0.00026073697,3.1138864e-06,0.00030119505,0.0071043777,-0.0020983052
3.6699999999999657,0.0054109506,-0.00025961042,3.113561e-06,0.00030125675,0.007112702,-0.0021020335
3.6799999999999655,0.0054193237,-0.00025855628,3.112702e-06,0.00030126423,0.0071212025,-0.0021054612
3.6899999999999653,0.005427279,-0.00025734384,3.1084248e-06,0.00030096175,0.0071317465,-0.0021080887
3.699999999999965,0.0054275035,-0.00026123298,3.1155928e-06,0.00030142826,0.007131368,-0.0021062114
3.709999999999965,0.005426351,-0.000265662,3.1309826e-06,0.00030263086,0.0071269465,-0.0021052815
3.7199999999999647,0.0054245577,-0.00026657915,3.138406e-06,0.00030328086,0.0071249125,-0.0021044435
3.7299999999999645,0.0054221936,-0.00026733655,3.1418522e-06,0.00030357658,0.007129194,-0.0021037098
3.7399999999999642,0.005425012,-0.0002669423,3.143082e-06,0.0003037336,0.0071348334,-0.0021052093
3.749999999999964,0.0054309657,-0.00026560025,3.1422046e-06,0.00030375057,0.0071423477,-0.002108179
3.759999999999964,0.0054417667,-0.00026299042,3.138712e-06,0.0003036041,0.007154212,-0.0021135658
3.7699999999999636,0.005455568,-0.0002594157,3.1332222e-06,0.000303326,0.007166663,-0.0021202452
3.7799999999999634,0.005467528,-0.00025780688,3.1319744e-06,0.00030333,0.0071748323,-0.0021250595
3.789999999999963,0.0054829754,-0.00025747737,3.1349239e-06,0.00030367813,0.0071888906,-0.0021302348
3.799999999999963,0.005473841,-0.00025903078,3.1351533e-06,0.00030359588,0.0071823183,-0.0021253207
3.8099999999999627,0.005470564,-0.00026209134,3.137423e-06,0.00030365033,0.007185454,-0.0021218634
3.8199999999999625,0.005477061,-0.00026433275,3.1471634e-06,0.0003044732,0.007193448,-0.0021250052
3.8299999999999623,0.005496725,-0.00026035422,3.1472728e-06,0.0003047673,0.007212043,-0.0021346954
3.839999999999962,0.0055039655,-0.00025887732,3.146283e-06,0.00030478614,0.0072204815,-0.0021378824
3.849999999999962,0.005517082,-0.00025733036,3.145643e-06,0.00030486085,0.0072354074,-0.0021434005
3.8599999999999617,0.005529492,-0.00025589787,3.1440431e-06,0.00030483596,0.007249271,-0.002148091
3.8699999999999615,0.0055582495,-0.00025317777,3.1405473e-06,0.00030476754,0.0072844625,-0.0021585876
3.8799999999999613,0.005574358,-0.0002576643,3.1544625e-06,0.00030589974,0.007302686,-0.0021617506
3.889999999999961,0.0055726483,-0.00026018525,3.1651675e-06,0.00030678808,0.007308196,-0.002161621
3.899999999999961,0.0055748946,-0.00025917313,3.1675695e-06,0.0003070925,0.0073147085,-0.0021637897
3.9099999999999606,0.0055798306,-0.0002580676,3.1682985e-06,0.00030724716,0.0073218145,-0.0021665513
3.9199999999999604,0.00558766,-0.00025640876,3.167762e-06,0.0003073172,0.0073299943,-0.0021704955
3.92999999999996,0.0055977935,-0.00025360074,3.1646841e-06,0.00030721555,0.007339814,-0.0021758918
3.93999999999996,0.0056115505,-0.0002495383,3.159011e-06,0.0003069452,0.007351622,-0.0021831621
3.9499999999999598,0.0056297705,-0.00024449866,3.151708e-06,0.00030658435,0.007365949,-0.002192412
3.9599999999999596,0.0056519127,-0.00023884754,3.1438365e-06,0.00030621278,0.0073827244,-0.0022032834
3.9699999999999593,0.0056769443,-0.00023313452,3.1365507e-06,0.00030590824,0.0074017555,-0.0022150825
3.979999999999959,0.005703115,-0.00022910717,3.1336613e-06,0.0003059314,0.007421889,-0.00222612
3.989999999999959,0.0057240175,-0.00022789212,3.136146e-06,0.00030630015,0.0074400804,-0.002233407
3.9999999999999587,0.005727527,-0.00022647454,3.1328714e-06,0.0003060966,0.0074489443,-0.0022349048
4.009999999999959,0.005738635,-0.00022697575,3.1350717e-06,0.00030632442,0.0074632037,-0.0022382245
4.019999999999959,0.005745024,-0.00022648333,3.137413e-06,0.00030660085,0.0074716634,-0.0022415973
4.0299999999999585,0.005758783,-0.00022444314,3.137254e-06,0.00030674803,0.00748597,-0.0022476017
4.039999999999958,0.005770398,-0.00022327401,3.1377726e-06,0.00030690653,0.0074990015,-0.0022522556
4.049999999999958,0.0057810727,-0.00022201859,3.1379566e-06,0.00030703572,0.0075115,-0.002256723
4.059999999999958,0.005791597,-0.00022073212,3.1379916e-06,0.00030715144,0.0075235716,-0.002261137
4.069999999999958,0.0058018942,-0.00021941024,3.1378745e-06,0.0003072535,0.0075352206,-0.002265478
4.079999999999957,0.005811941,-0.00021804763,3.1375878e-06,0.0003073405,0.007546438,-0.0022697404
4.089999999999957,0.005821734,-0.00021664075,3.13712e-06,0.0003074115,0.0075572175,-0.0022739246
4.099999999999957,0.0058312784,-0.00021518584,3.136462e-06,0.0003074659,0.0075675542,-0.002278033
4.109999999999957,0.0058405753,-0.00021367993,3.1356067e-06,0.00030750313,0.007577446,-0.0022820667
4.119999999999957,0.0058496264,-0.00021212046,3.1345478e-06,0.00030752274,0.007586888,-0.002286027
4.129999999999956,0.005858431,-0.00021050459,3.133278e-06,0.0003075242,0.007595879,-0.0022899134
4.139999999999956,0.0058670035,-0.00020883858,3.1318943e-06,0.00030751622,0.0076043704,-0.0022937611
4.149999999999956,0.0058751283,-0.00020711572,3.1308139e-06,0.0003075368,0.007611726,-0.0022976794
4.159999999999956,0.0058836364,-0.00020498308,3.1292698e-06,0.00030753546,0.007618607,-0.002301953
4.1699999999999555,0.0058921366,-0.00020268944,3.1274049e-06,0.0003075116,0.007625023,-0.0023062606
4.179999999999955,0.0059005003,-0.00020025755,3.1252052e-06,0.0003074626,0.0076310155,-0.002310558
4.189999999999955,0.005908682,-0.00019769616,3.1226634e-06,0.0003073872,0.00763658,-0.0023148258
4.199999999999955,0.005918753,-0.00019496644,3.120216e-06,0.00030733593,0.0076439097,-0.0023198517
4.209999999999955,0.0059258486,-0.00019246612,3.1175657e-06,0.00030724276,0.0076479986,-0.0023235795
4.2199999999999545,0.005932171,-0.00018970034,3.1141064e-06,0.00030708584,0.0076517016,-0.0023272135
4.229999999999954,0.005938603,-0.00018641129,3.1095663e-06,0.00030685414,0.007654832,-0.0023311563
4.239999999999954,0.0059455265,-0.00018285203,3.1044758e-06,0.00030658473,0.0076575186,-0.0023353247
4.249999999999954,0.005950865,-0.00017943532,3.0991105e-06,0.0003062751,0.0076580616,-0.0023387237
4.259999999999954,0.005948377,-0.0001833596,3.1071918e-06,0.0003068058,0.007648986,-0.002334531
4.269999999999953,0.005944912,-0.00018449088,3.111639e-06,0.00030716654,0.007650116,-0.0023330215
4.279999999999953,0.005943225,-0.00018432876,3.113914e-06,0.0003073959,0.0076512564,-0.002332763
4.289999999999953,0.0059442194,-0.00018103006,3.1100385e-06,0.00030722225,0.0076541747,-0.0023352993
4.299999999999953,0.005951854,-0.00017279183,3.0964552e-06,0.000306414,0.0076597654,-0.0023428416
4.3099999999999525,0.005967977,-0.00016205228,3.0782821e-06,0.00030531888,0.0076660262,-0.002354269
4.319999999999952,0.0059876535,-0.00015437642,3.0671088e-06,0.00030471457,0.007669601,-0.0023648036
4.329999999999952,0.0060049305,-0.00014943235,3.062888e-06,0.0003046139,0.0076726926,-0.0023734253
4.339999999999952,0.0060291826,-0.00014275106,3.0583524e-06,0.00030461355,0.007687857,-0.0023861402
4.349999999999952,0.006044821,-0.0001373071,3.0537506e-06,0.00030451387,0.0076947142,-0.0023943824
4.3599999999999515,0.006053743,-0.00013327278,3.0493097e-06,0.00030433846,0.0076986416,-0.0023993538
4.369999999999951,0.0060553793,-0.00012929273,3.0429517e-06,0.00030395575,0.0076958872,-0.0024016877
4.379999999999951,0.006057034,-0.0001264308,3.0381682e-06,0.00030365927,0.007692633,-0.002403114
4.389999999999951,0.0060642064,-0.00012668545,3.043509e-06,0.0003041653,0.00769452,-0.0024056192
4.399999999999951,0.0060736355,-0.00012316057,3.0445362e-06,0.0003044865,0.0077022216,-0.0024119848
4.40999999999995,0.0060859993,-0.000115406736,3.0368321e-06,0.0003042218,0.0077112126,-0.0024213556
4.41999999999995,0.0060965074,-0.0001103457,3.032641e-06,0.00030412353,0.0077129346,-0.0024276602
4.42999999999995,0.006103275,-0.00010303551,3.0232043e-06,0.0003036441,0.0077130604,-0.0024341994
4.43999999999995,0.0061129997,-9.614282e-05,3.0144192e-06,0.0003032062,0.0077132042,-0.0024412307
4.4499999999999496,0.0061239195,-8.85674e-05,3.0048632e-06,0.0003027349,0.007713848,-0.002449107
4.459999999999949,0.006136297,-8.0798985e-05,2.9956138e-06,0.00030230617,0.007715065,-0.0024575752
4.469999999999949,0.0061468133,-7.293394e-05,2.9861878e-06,0.00030185943,0.007714075,-0.0024653762
4.479999999999949,0.0061550876,-6.494496e-05,2.9758805e-06,0.00030132977,0.0077112373,-0.0024723492
4.489999999999949,0.0061606388,-6.309812e-05,2.9725256e-06,0.00030112066,0.0077088824,-0.0024729967
4.4999999999999485,0.006157816,-6.310191e-05,2.9704008e-06,0.00030092252,0.0077095493,-0.0024707988
4.509999999999948,0.0061543505,-6.381834e-05,2.9696737e-06,0.00030081577,0.007709885,-0.002468289
4.519999999999948,0.0061506876,-6.392989e-05,2.967843e-06,0.00030063788,0.0077104936,-0.0024663
4.529999999999948,0.0061475793,-6.393794e-05,2.9657267e-06,0.00030043742,0.0077104624,-0.0024645834
4.539999999999948,0.006144954,-6.359956e-05,2.9628761e-06,0.0003001857,0.007710067,-0.0024632863
4.549999999999947,0.0061427257,-6.357641e-05,2.9595951e-06,0.00029987647,0.00770963,-0.0024615577
4.559999999999947,0.006136477,-6.911723e-05,2.9647376e-06,0.00030004894,0.0077062547,-0.0024543654
4.569999999999947,0.0061255638,-7.370065e-05,2.9711819e-06,0.00030039166,0.00770468,-0.002448937
4.579999999999947,0.0061208433,-7.5593496e-05,2.9764092e-06,0.00030076967,0.0077010896,-0.0024471772
4.589999999999947,0.0061183604,-7.4889525e-05,2.977996e-06,0.00030094926,0.0076980074,-0.0024478417
4.599999999999946,0.006118821,-7.152939e-05,2.972729e-06,0.00030063267,0.007695764,-0.002450018
4.609999999999946,0.006120022,-6.727935e-05,2.9632604e-06,0.00029996783,0.0076936944,-0.0024526955
4.619999999999946,0.006124297,-6.1313855e-05,2.9493908e-06,0.00029898246,0.007691381,-0.0024571682
4.629999999999946,0.006130787,-5.48331e-05,2.9333814e-06,0.00029782217,0.0076879007,-0.0024622432
4.6399999999999455,0.006137407,-4.9120124e-05,2.917925e-06,0.00029666818,0.0076827826,-0.0024665045
4.649999999999945,0.006142668,-4.607547e-05,2.9077755e-06,0.00029586517,0.0076762475,-0.0024685478
4.659999999999945,0.006143704,-4.678976e-05,2.9059026e-06,0.0002956327,0.007668727,-0.0024671792
4.669999999999945,0.0061378046,-5.1560502e-05,2.910571e-06,0.00029579297,0.007661751,-0.0024607042
4.679999999999945,0.0061280555,-5.1332125e-05,2.9099747e-06,0.00029572682,0.007657994,-0.002459794
4.689999999999944,0.0061311284,-4.8311846e-05,2.9059045e-06,0.00029549794,0.007651858,-0.0024623745
4.699999999999944,0.0061282753,-4.6353678e-05,2.8999493e-06,0.0002950261,0.00764596,-0.0024623463
4.709999999999944,0.0061273333,-4.5015768e-05,2.8952434e-06,0.00029463688,0.0076389345,-0.0024624527
4.719999999999944,0.0061255577,-4.3552027e-05,2.8901347e-06,0.00029421487,0.0076317536,-0.002462477
4.729999999999944,0.0061239284,-4.2185387e-05,2.885233e-06,0.00029380608,0.007624103,-0.0024624688
4.739999999999943,0.0061216704,-4.0874595e-05,2.8781444e-06,0.00029319015,0.007617473,-0.002461467
4.749999999999943,0.0061149513,-5.035587e-05,2.8948311e-06,0.0002942096,0.007603803,-0.0024529458
4.759999999999943,0.0061040893,-5.1461866e-05,2.8981162e-06,0.00029443862,0.007600059,-0.0024497407
4.769999999999943,0.006097012,-5.1381186e-05,2.897667e-06,0.0002943824,0.00759493,-0.0024478952
4.7799999999999425,0.0060912566,-4.7590158e-05,2.8879135e-06,0.00029364738,0.0075889314,-0.0024488152
4.789999999999942,0.0060923044,-3.562368e-05,2.86085e-06,0.00029172664,0.007582133,-0.0024573603
4.799999999999942,0.0061010495,-1.5924785e-05,2.8163095e-06,0.0002885622,0.007565856,-0.0024723834
4.809999999999942,0.006109681,1.3776941e-05,2.7468984e-06,0.00028355504,0.007532907,-0.0024926132
4.819999999999942,0.0061033415,6.212339e-05,2.6289497e-06,0.00027488425,0.007463097,-0.0025181994
4.8299999999999415,0.0060020504,0.00016498237,2.3633486e-06,0.00025487426,0.0072532212,-0.00254352
4.839999999999941,0.0060629076,0.00011920041,2.4017297e-06,0.00025561496,0.007118971,-0.0025032274
4.849999999999941,0.0060579563,9.1123715e-05,2.442835e-06,0.0002580121,0.007161295,-0.0024832536
4.859999999999941,0.006023164,9.628581e-05,2.426074e-06,0.00025666496,0.007162296,-0.0024784522
4.869999999999941,0.005972343,0.00013737234,2.3235416e-06,0.0002490388,0.0070993127,-0.002486724
4.87999999999994,0.0055572456,0.0002943694,1.8476045e-06,0.00021129767,0.0065977634,-0.0024334767
4.88999999999994,0.00080739474,-0.00011750122,1.1439158e-06,0.00010554416,0.0014088234,-0.00041495368
4.89999999999994,0.0007023405,-4.6139696e-05,4.6333963e-07,4.2768588e-05,0.00066764007,-0.00027564974
4.90999999999994,-2.5714453e-05,-4.8743973e-06,4.4032546e-09,1.8437879e-07,-1.6897299e-06,1.1467953e-05
4.9199999999999395,-4.4118107e-05,-3.3367762e-06,-7.158243e-09,-8.976697e-07,-1.562444e-05,1.9863328e-05
4.929999999999939,-3.7212572e-05,-4.8615057e-06,1.4119202e-09,-1.547996e-07,-5.6781155e-06,1.8068922e-05
4.939999999999939,-3.7059996e-05,-4.8895467e-06,1.5198177e-09,-1.4648487e-07,-5.4983025e-06,1.806205e-05
4.949999999999939,-3.729586e-05,-4.848016e-06,1.2850497e-09,-1.6698664e-07,-5.8134838e-06,1.8134902e-05
4.959999999999939,-3.731336e-05,-4.8456955e-06,1.2700098e-09,-1.6833202e-07,-5.8359196e-06,1.8140388e-05
4.9699999999999385,-3.730824e-05,-4.8467377e-06,1.275462e-09,-1.678623e-07,-5.828978e-06,1.813891e-05
4.979999999999938,-3.730753e-05,-4.846854e-06,1.2761321e-09,-1.6780353e-07,-5.828044e-06,1.8138693e-05
4.989999999999938,-3.730763e-05,-4.8468337e-06,1.2760274e-09,-1.6781252e-07,-5.828175e-06,1.813872e-05
4.999999999999938,-3.730765e-05,-4.8468296e-06,1.2760045e-09,-1.678145e-07,-5.8282058e-06,1.8138728e-05
5.009999999999938,-3.730765e-05,-4.8468296e-06,1.2760062e-09,-1.6781436e-07,-5.828204e-06,1.8138728e-05
5.019999999999937,-3.7307647e-05,-4.84683e-06,1.276007e-09,-1.678143e-07,-5.828203e-06,1.8138728e-05
5.029999999999937,-3.7307647e-05,-4.84683e-06,1.2760069e-09,-1.6781432e-07,-5.828203e-06,1.8138728e-05
5.039999999999937,-3.7307647e-05,-4.84683e-06,1.2760067e-09,-1.6781432e-07,-5.828203e-06,1.8138728e-05
5.049999999999937,-3.7307647e-05,-4.84683e-06,1.2760067e-09,-1.6781432e-07,-5.828203e-06,1.8138728e-05
5.0599999999999365,-3.7307647e-05,-4.84683e-06,1.2760067e-09,-1.6781432e-07,-5.828203e-06,1.8138728e-05
5.069999999999936,-3.7307647e-05,-4.84683e-06,1.2760069e-09,-1.6781432e-07,-5.828203e-06,1.8138728e-05
5.079999999999936,-3.7307647e-05,-4.84683e-06,1.2760067e-09,-1.6781432e-07,-5.828203e-06,1.8138728e-05
5.089999999999936,-3.7307647e-05,-4.84683e-06,1.2760069e-09,-1.678143e-07,-5.828203e-06,1.8138728e-05
5.099999999999936,-3.7307647e-05,-4.84683e-06,1.2760069e-09,-1.678143e-07,-5.828203e-06,1.8138728e-05
5.1099999999999355,-3.7307647e-05,-4.84683e-06,1.2760067e-09,-1.6781432e-07,-5.828203e-06,1.8138728e-05
5.119999999999935,-3.7307647e-05,-4.84683e-06,1.276007e-09,-1.678143e-07,-5.828203e-06,1.8138728e-05
5.129999999999935,-3.7307647e-05,-4.84683e-06,1.2760069e-09,-1.6781432e-07,-5.828203e-06,1.8138728e-05
5.139999999999935,-3.7307647e-05,-4.84683e-06,1.2760069e-09,-1.678143e-07,-5.828203e-06,1.8138728e-05
5.149999999999935,-3.7307647e-05,-4.84683e-06,1.2760069e-09,-1.678143e-07,-5.828203e-06,1.8138728e-05
5.159999999999934,-3.7307647e-05,-4.84683e-06,1.2760067e-09,-1.6781432e-07,-5.828203e-06,1.8138728e-05
5.169999999999934,-3.7307647e-05,-4.84683e-06,1.2760067e-09,-1.6781432e-07,-5.828203e-06,1.8138728e-05
5.179999999999934,-3.7307647e-05,-4.84683e-06,1.2760069e-09,-1.6781432e-07,-5.828203e-06,1.8138728e-05
5.189999999999934,-3.7307647e-05,-4.84683e-06,1.2760067e-09,-1.6781432e-07,-5.828203e-06,1.8138728e-05
5.199999999999934,-3.7307647e-05,-4.84683e-06,1.2760069e-09,-1.6781432e-07,-5.828203e-06,1.8138728e-05
5.209999999999933,-3.7307647e-05,-4.84683e-06,1.2760067e-09,-1.6781432e-07,-5.828203e-06,1.8138728e-05
5.219999999999933,-3.7307647e-05,-4.84683e-06,1.2760067e-09,-1.6781432e-07,-5.828203e-06,1.8138728e-05
5.229999999999933,-3.7307647e-05,-4.84683e-06,1.2760069e-09,-1.6781432e-07,-5.828203e-06,1.8138728e-05
5.239999999999933,-3.7307647e-05,-4.84683e-06,1.2760069e-09,-1.678143e-07,-5.828203e-06,1.8138728e-05
5.2499999999999325,-3.7307647e-05,-4.84683e-06,1.2760067e-09,-1.6781432e-07,-5.828203e-06,1.8138728e-05
5.259999999999932,-3.7307647e-05,-4.84683e-06,1.2760069e-09,-1.6781432e-07,-5.828203e-06,1.8138728e-05
5.269999999999932,-3.7307647e-05,-4.84683e-06,1.2760069e-09,-1.678143e-07,-5.828203e-06,1.8138728e-05
5.279999999999932,-3.7307647e-05,-4.84683e-06,1.2760069e-09,-1.678143e-07,-5.828203e-06,1.8138728e-05
5.289999999999932,-3.7307647e-05,-4.84683e-06,1.2760067e-09,-1.6781432e-07,-5.828203e-06,1.8138728e-05
5.299999999999931,-3.7307647e-05,-4.84683e-06,1.2760069e-09,-1.678143e-07,-5.828203e-06,1.8138728e-05
5.309999999999931,-3.7307647e-05,-4.84683e-06,1.2760067e-09,-1.6781432e-07,-5.828203e-06,1.8138728e-05
5.319999999999931,-3.7307647e-05,-4.84683e-06,1.2760067e-09,-1.6781432e-07,-5.828203e-06,1.8138728e-05
5.329999999999931,-3.7307647e-05,-4.84683e-06,1.2760067e-09,-1.6781432e-07,-5.828203e-06,1.8138728e-05
5.339999999999931,-3.7307647e-05,-4.84683e-06,1.2760067e-09,-1.6781432e-07,-5.828203e-06,1.8138728e-05
5.34999999999993,-3.7307647e-05,-4.84683e-06,1.2760067e-09,-1.6781432e-07,-5.828203e-06,1.8138728e-05
5.35999999999993,-3.7307647e-05,-4.84683e-06,1.2760067e-09,-1.6781432e-07,-5.828203e-06,1.8138728e-05
5.36999999999993,-3.7307647e-05,-4.84683e-06,1.2760069e-09,-1.6781432e-07,-5.828203e-06,1.8138728e-05
5.37999999999993,-3.7307647e-05,-4.84683e-06,1.2760067e-09,-1.6781432e-07,-5.828203e-06,1.8138728e-05
5.3899999999999295,-3.7307647e-05,-4.8468296e-06,1.2760066e-09,-1.6781433e-07,-5.828203e-06,1.8138728e-05
5.399999999999929,-3.7307647e-05,-4.84683e-06,1.2760067e-09,-1.6781432e-07,-5.828203e-06,1.8138728e-05
5.409999999999929,-3.7307647e-05,-4.84683e-06,1.2760069e-09,-1.6781432e-07,-5.828203e-06,1.8138728e-05
5.419999999999929,-3.7307647e-05,-4.84683e-06,1.2760067e-09,-1.6781432e-07,-5.828203e-06,1.8138728e-05
5.429999999999929,-3.7307647e-05,-4.84683e-06,1.2760069e-09,-1.678143e-07,-5.828203e-06,1.8138728e-05
5.4399999999999284,-3.7307647e-05,-4.84683e-06,1.2760069e-09,-1.6781432e-07,-5.828203e-06,1.8138728e-05
5.449999999999928,-3.7307647e-05,-4.84683e-06,1.2760066e-09,-1.6781432e-07,-5.828203e-06,1.8138728e-05
5.459999999999928,-3.7307647e-05,-4.84683e-06,1.2760067e-09,-1.6781432e-07,-5.828203e-06,1.8138728e-05
5.469999999999928,-3.7307647e-05,-4.84683e-06,1.2760067e-09,-1.6781432e-07,-5.828203e-06,1.8138728e-05
5.479999999999928,-3.7307647e-05,-4.84683e-06,1.2760067e-09,-1.6781432e-07,-5.828203e-06,1.8138728e-05
5.489999999999927,-3.7307647e-05,-4.84683e-06,1.2760069e-09,-1.6781432e-07,-5.828203e-06,1.8138728e-05
5.499999999999927,-3.7307647e-05,-4.84683e-06,1.2760067e-09,-1.6781432e-07,-5.828203e-06,1.8138728e-05
5.509999999999927,-3.7307647e-05,-4.84683e-06,1.2760069e-09,-1.6781432e-07,-5.828203e-06,1.8138728e-05
5.519999999999927,-3.7307647e-05,-4.84683e-06,1.276007e-09,-1.678143e-07,-5.828203e-06,1.8138728e-05
5.5299999999999265,-3.7307647e-05,-4.84683e-06,1.2760067e-09,-1.6781432e-07,-5.828203e-06,1.8138728e-05
5.539999999999926,-3.7307647e-05,-4.84683e-06,1.2760067e-09,-1.6781432e-07,-5.828203e-06,1.8138728e-05
5.549999999999926,-3.7307647e-05,-4.84683e-06,1.2760067e-09,-1.6781432e-07,-5.828203e-06,1.8138728e-05
5.559999999999926,-3.7307647e-05,-4.84683e-06,1.2760069e-09,-1.6781432e-07,-5.828203e-06,1.8138728e-05
5.569999999999926,-3.7307647e-05,-4.84683e-06,1.2760067e-09,-1.6781432e-07,-5.828203e-06,1.8138728e-05
5.5799999999999255,-3.7307647e-05,-4.84683e-06,1.2760069e-09,-1.6781432e-07,-5.828203e-06,1.8138728e-05
5.589999999999925,-3.7307647e-05,-4.84683e-06,1.2760069e-09,-1.6781432e-07,-5.828203e-06,1.8138728e-05
5.599999999999925,-3.7307647e-05,-4.84683e-06,1.2760067e-09,-1.6781432e-07,-5.828203e-06,1.8138728e-05
5.609999999999925,-3.7307647e-05,-4.84683e-06,1.2760067e-09,-1.6781432e-07,-5.828203e-06,1.8138728e-05
5.619999999999925,-3.7307647e-05,-4.84683e-06,1.2760069e-09,-1.6781432e-07,-5.828203e-06,1.8138728e-05
5.629999999999924,-3.7307647e-05,-4.84683e-06,1.2760069e-09,-1.6781432e-07,-5.828203e-06,1.8138728e-05
5.639999999999924,-3.7307647e-05,-4.8468296e-06,1.2760066e-09,-1.6781433e-07,-5.828203e-06,1.8138728e-05
5.649999999999924,-3.7307647e-05,-4.84683e-06,1.2760069e-09,-1.6781432e-07,-5.828203e-06,1.8138728e-05
5.659999999999924,-3.7307647e-05,-4.84683e-06,1.276007e-09,-1.678143e-07,-5.828203e-06,1.8138728e-05
5.6699999999999235,-3.7307647e-05,-4.84683e-06,1.2760069e-09,-1.678143e-07,-5.828203e-06,1.8138728e-05
5.679999999999923,-3.7307647e-05,-4.84683e-06,1.2760069e-09,-1.678143e-07,-5.828203e-06,1.8138728e-05
5.689999999999923,-3.7307647e-05,-4.84683e-06,1.2760066e-09,-1.6781433e-07,-5.828203e-06,1.8138728e-05
5.699999999999923,-3.7307647e-05,-4.84683e-06,1.2760067e-09,-1.6781432e-07,-5.828203e-06,1.8138728e-05
5.709999999999923,-3.7307647e-05,-4.84683e-06,1.2760066e-09,-1.6781432e-07,-5.828203e-06,1.8138728e-05
5.7199999999999225,-3.7307647e-05,-4.84683e-06,1.2760066e-09,-1.6781432e-07,-5.828203e-06,1.8138728e-05
5.729999999999922,-3.7307647e-05,-4.84683e-06,1.2760069e-09,-1.6781432e-07,-5.828203e-06,1.8138728e-05
5.739999999999922,-3.7307647e-05,-4.84683e-06,1.2760067e-09,-1.6781432e-07,-5.828203e-06,1.8138728e-05
5.749999999999922,-3.7307647e-05,-4.84683e-06,1.2760067e-09,-1.6781432e-07,-5.828203e-06,1.8138728e-05
5.759999999999922,-3.7307647e-05,-4.84683e-06,1.2760069e-09,-1.678143e-07,-5.828203e-06,1.8138728e-05
5.769999999999921,-3.7307647e-05,-4.84683e-06,1.2760069e-09,-1.678143e-07,-5.828203e-06,1.8138728e-05
5.779999999999921,-3.7307647e-05,-4.84683e-06,1.2760067e-09,-1.6781432e-07,-5.828203e-06,1.8138728e-05
5.789999999999921,-3.7307647e-05,-4.84683e-06,1.2760069e-09,-1.678143e-07,-5.828203e-06,1.8138728e-05
5.799999999999921,-3.7307647e-05,-4.84683e-06,1.2760067e-09,-1.6781432e-07,-5.828203e-06,1.8138728e-05
5.809999999999921,-3.7307647e-05,-4.84683e-06,1.2760069e-09,-1.678143e-07,-5.828203e-06,1.8138728e-05
5.81999999999992,-3.7307647e-05,-4.84683e-06,1.2760067e-09,-1.6781432e-07,-5.828203e-06,1.8138728e-05
5.82999999999992,-3.7307647e-05,-4.84683e-06,1.2760067e-09,-1.6781432e-07,-5.828203e-06,1.8138728e-05
5.83999999999992,-3.7307647e-05,-4.84683e-06,1.2760071e-09,-1.6781429e-07,-5.828203e-06,1.8138728e-05
5.84999999999992,-3.7307647e-05,-4.84683e-06,1.2760067e-09,-1.6781432e-07,-5.828203e-06,1.8138728e-05
5.8599999999999195,-3.7307647e-05,-4.84683e-06,1.2760067e-09,-1.6781432e-07,-5.828203e-06,1.8138728e-05
5.869999999999919,-3.7307647e-05,-4.84683e-06,1.2760069e-09,-1.6781432e-07,-5.828203e-06,1.8138728e-05
5.879999999999919,-3.7307647e-05,-4.84683e-06,1.2760069e-09,-1.678143e-07,-5.828203e-06,1.8138728e-05
5.889999999999919,-3.7307647e-05,-4.84683e-06,1.2760069e-09,-1.6781432e-07,-5.828203e-06,1.8138728e-05
5.899999999999919,-3.7307647e-05,-4.84683e-06,1.2760067e-09,-1.6781432e-07,-5.828203e-06,1.8138728e-05
5.909999999999918,-3.7307647e-05,-4.84683e-06,1.2760069e-09,-1.678143e-07,-5.828203e-06,1.8138728e-05
5.919999999999918,-3.7307647e-05,-4.84683e-06,1.276007e-09,-1.678143e-07,-5.828203e-06,1.8138728e-05
5.929999999999918,-3.7307647e-05,-4.84683e-06,1.2760069e-09,-1.678143e-07,-5.828203e-06,1.8138728e-05
5.939999999999918,-3.7307647e-05,-4.84683e-06,1.2760067e-09,-1.6781432e-07,-5.828203e-06,1.8138728e-05
5.949999999999918,-3.7307647e-05,-4.84683e-06,1.2760066e-09,-1.6781433e-07,-5.828203e-06,1.8138728e-05
5.959999999999917,-3.7307647e-05,-4.84683e-06,1.2760069e-09,-1.678143e-07,-5.828203e-06,1.8138728e-05
5.969999999999917,-3.7307647e-05,-4.84683e-06,1.276007e-09,-1.678143e-07,-5.828203e-06,1.8138728e-05
5.979999999999917,-3.7307647e-05,-4.84683e-06,1.2760067e-09,-1.6781432e-07,-5.828203e-06,1.8138728e-05
5.989999999999917,-3.7307647e-05,-4.84683e-06,1.2760067e-09,-1.6781432e-07,-5.828203e-06,1.8138728e-05
5.9999999999999165,-3.7307647e-05,-4.84683e-06,1.2760069e-09,-1.678143e-07,-5.828203e-06,1.8138728e-05
6.009999999999916,-3.7307647e-05,-4.84683e-06,1.2760067e-09,-1.6781432e-07,-5.828203e-06,1.8138728e-05
6.019999999999916,-3.7307647e-05,-4.84683e-06,1.2760069e-09,-1.678143e-07,-5.828203e-06,1.8138728e-05
6.029999999999916,-3.7307647e-05,-4.84683e-06,1.2760067e-09,-1.6781432e-07,-5.828203e-06,1.8138728e-05
6.039999999999916,-3.7307647e-05,-4.84683e-06,1.2760069e-09,-1.678143e-07,-5.828203e-06,1.8138728e-05
6.0499999999999154,-3.7307647e-05,-4.84683e-06,1.2760067e-09,-1.6781432e-07,-5.828203e-06,1.8138728e-05
6.059999999999915,-3.7307647e-05,-4.84683e-06,1.2760067e-09,-1.6781432e-07,-5.828203e-06,1.8138728e-05
6.069999999999915,-3.7307647e-05,-4.84683e-06,1.2760067e-09,-1.6781432e-07,-5.828203e-06,1.8138728e-05
6.079999999999915,-3.7307647e-05,-4.84683e-06,1.2760067e-09,-1.6781432e-07,-5.828203e-06,1.8138728e-05
6.089999999999915,-3.7307647e-05,-4.84683e-06,1.2760066e-09,-1.6781433e-07,-5.828203e-06,1.8138728e-05
6.099999999999914,-3.7307647e-05,-4.84683e-06,1.2760067e-09,-1.6781432e-07,-5.828203e-06,1.8138728e-05
6.109999999999914,-3.7307647e-05,-4.84683e-06,1.2760066e-09,-1.6781433e-07,-5.828203e-06,1.8138728e-05
6.119999999999914,-3.7307647e-05,-4.8468296e-06,1.2760066e-09,-1.6781432e-07,-5.828203e-06,1.8138728e-05
6.129999999999914,-3.7307647e-05,-4.84683e-06,1.276007e-09,-1.678143e-07,-5.828203e-06,1.8138728e-05
6.1399999999999135,-3.7307647e-05,-4.84683e-06,1.2760067e-09,-1.6781432e-07,-5.828203e-06,1.8138728e-05
6.149999999999913,-3.7307647e-05,-4.84683e-06,1.2760067e-09,-1.6781432e-07,-5.828203e-06,1.8138728e-05
6.159999999999913,-3.7307647e-05,-4.84683e-06,1.2760066e-09,-1.6781432e-07,-5.828203e-06,1.8138728e-05
6.169999999999913,-3.7307647e-05,-4.84683e-06,1.2760069e-09,-1.6781432e-07,-5.828203e-06,1.8138728e-05
6.179999999999913,-3.7307647e-05,-4.84683e-06,1.2760067e-09,-1.6781432e-07,-5.828203e-06,1.8138728e-05
6.1899999999999125,-3.7307647e-05,-4.84683e-06,1.2760069e-09,-1.678143e-07,-5.828203e-06,1.8138728e-05
6.199999999999912,-3.7307647e-05,-4.84683e-06,1.2760067e-09,-1.6781432e-07,-5.828203e-06,1.8138728e-05
6.209999999999912,-3.7307647e-05,-4.84683e-06,1.2760069e-09,-1.678143e-07,-5.828203e-06,1.8138728e-05
6.219999999999912,-3.7307647e-05,-4.84683e-06,1.2760069e-09,-1.678143e-07,-5.828203e-06,1.8138728e-05
6.229999999999912,-3.7307647e-05,-4.84683e-06,1.2760067e-09,-1.6781432e-07,-5.828203e-06,1.8138728e-05
6.239999999999911,-3.7307647e-05,-4.84683e-06,1.2760067e-09,-1.6781432e-07,-5.828203e-06,1.8138728e-05
6.249999999999911,-3.7307647e-05,-4.84683e-06,1.2760069e-09,-1.6781432e-07,-5.828203e-06,1.8138728e-05
6.259999999999911,-3.7307647e-05,-4.8468296e-06,1.2760066e-09,-1.6781433e-07,-5.828203e-06,1.8138728e-05
6.269999999999911,-3.7307647e-05,-4.84683e-06,1.2760067e-09,-1.6781432e-07,-5.828203e-06,1.8138728e-05
6.2799999999999105,-3.7307647e-05,-4.8468296e-06,1.2760067e-09,-1.6781432e-07,-5.828203e-06,1.8138728e-05
6.28999999999991,-3.7307647e-05,-4.84683e-06,1.2760069e-09,-1.6781432e-07,-5.828203e-06,1.8138728e-05
6.29999999999991,-3.7307647e-05,-4.84683e-06,1.276007e-09,-1.678143e-07,-5.828203e-06,1.8138728e-05
6.30999999999991,-3.7307647e-05,-4.8468296e-06,1.2760067e-09,-1.6781432e-07,-5.828203e-06,1.8138728e-05
6.31999999999991,-3.7307647e-05,-4.84683e-06,1.2760069e-09,-1.678143e-07,-5.828203e-06,1.8138728e-05
6.3299999999999095,-3.7307647e-05,-4.84683e-06,1.2760067e-09,-1.6781432e-07,-5.828203e-06,1.8138728e-05
6.339999999999909,-3.7307647e-05,-4.84683e-06,1.2760067e-09,-1.6781432e-07,-5.828203e-06,1.8138728e-05
6.349999999999909,-3.7307647e-05,-4.84683e-06,1.2760067e-09,-1.6781432e-07,-5.828203e-06,1.8138728e-05
6.359999999999909,-3.7307647e-05,-4.84683e-06,1.2760067e-09,-1.6781432e-07,-5.828203e-06,1.8138728e-05
6.369999999999909,-3.7307647e-05,-4.84683e-06,1.2760067e-09,-1.6781432e-07,-5.828203e-06,1.8138728e-05
6.379999999999908,-3.7307647e-05,-4.84683e-06,1.2760067e-09,-1.6781432e-07,-5.828203e-06,1.8138728e-05
6.389999999999908,-3.7307647e-05,-4.84683e-06,1.2760067e-09,-1.6781432e-07,-5.828203e-06,1.8138728e-05
6.399999999999908,-3.7307647e-05,-4.84683e-06,1.2760067e-09,-1.6781432e-07,-5.828203e-06,1.8138728e-05
6.409999999999908,-3.7307647e-05,-4.84683e-06,1.2760069e-09,-1.6781432e-07,-5.828203e-06,1.8138728e-05
6.419999999999908,-3.7307647e-05,-4.84683e-06,1.276007e-09,-1.678143e-07,-5.828203e-06,1.8138728e-05
6.429999999999907,-3.7307647e-05,-4.84683e-06,1.2760071e-09,-1.678143e-07,-5.828203e-06,1.8138728e-05
6.439999999999907,-3.7307647e-05,-4.84683e-06,1.2760067e-09,-1.6781432e-07,-5.828203e-06,1.8138728e-05
6.449999999999907,-3.7307647e-05,-4.84683e-06,1.2760066e-09,-1.6781433e-07,-5.828203e-06,1.8138728e-05
6.459999999999907,-3.7307647e-05,-4.84683e-06,1.2760069e-09,-1.6781432e-07,-5.828203e-06,1.8138728e-05
6.4699999999999065,-3.7307647e-05,-4.84683e-06,1.2760069e-09,-1.678143e-07,-5.828203e-06,1.8138728e-05
6.479999999999906,-3.7307647e-05,-4.84683e-06,1.2760067e-09,-1.6781432e-07,-5.828203e-06,1.8138728e-05
6.489999999999906,-3.7307647e-05,-4.84683e-06,1.2760067e-09,-1.6781432e-07,-5.828203e-06,1.8138728e-05
6.499999999999906,-3.7307647e-05,-4.84683e-06,1.2760067e-09,-1.6781432e-07,-5.828203e-06,1.8138728e-05
6.509999999999906,-3.7307647e-05,-4.84683e-06,1.2760069e-09,-1.678143e-07,-5.828203e-06,1.8138728e-05
6.519999999999905,-3.7307647e-05,-4.84683e-06,1.2760069e-09,-1.6781432e-07,-5.828203e-06,1.8138728e-05
6.529999999999905,-3.7307647e-05,-4.8468296e-06,1.2760066e-09,-1.6781433e-07,-5.828203e-06,1.8138728e-05
6.539999999999905,-3.7307647e-05,-4.84683e-06,1.276007e-09,-1.678143e-07,-5.828203e-06,1.8138728e-05
6.549999999999905,-3.7307647e-05,-4.84683e-06,1.2760069e-09,-1.678143e-07,-5.828203e-06,1.8138728e-05
6.559999999999905,-3.7307647e-05,-4.84683e-06,1.276007e-09,-1.678143e-07,-5.828203e-06,1.8138728e-05
6.569999999999904,-3.7307647e-05,-4.84683e-06,1.2760066e-09,-1.6781432e-07,-5.828203e-06,1.8138728e-05
6.579999999999904,-3.7307647e-05,-4.8468296e-06,1.2760066e-09,-1.6781432e-07,-5.828203e-06,1.8138728e-05
6.589999999999904,-3.7307647e-05,-4.8468296e-06,1.2760066e-09,-1.6781433e-07,-5.828203e-06,1.8138728e-05
6.599999999999904,-3.7307647e-05,-4.84683e-06,1.2760069e-09,-1.678143e-07,-5.828203e-06,1.8138728e-05
6.6099999999999035,-3.7307647e-05,-4.84683e-06,1.2760067e-09,-1.6781432e-07,-5.828203e-06,1.8138728e-05
6.619999999999903,-3.7307647e-05,-4.84683e-06,1.2760069e-09,-1.678143e-07,-5.828203e-06,1.8138728e-05
6.629999999999903,-3.7307647e-05,-4.84683e-06,1.2760069e-09,-1.678143e-07,-5.828203e-06,1.8138728e-05
6.639999999999903,-3.7307647e-05,-4.84683e-06,1.2760067e-09,-1.6781432e-07,-5.828203e-06,1.8138728e-05
6.649999999999903,-3.7307647e-05,-4.84683e-06,1.2760067e-09,-1.6781432e-07,-5.828203e-06,1.8138728e-05
6.659999999999902,-3.7307647e-05,-4.84683e-06,1.2760067e-09,-1.6781432e-07,-5.828203e-06,1.8138728e-05
6.669999999999902,-3.7307647e-05,-4.84683e-06,1.2760066e-09,-1.6781432e-07,-5.828203e-06,1.8138728e-05
6.679999999999902,-3.7307647e-05,-4.84683e-06,1.2760069e-09,-1.678143e-07,-5.828203e-06,1.8138728e-05
6.689999999999902,-3.7307647e-05,-4.8468296e-06,1.2760066e-09,-1.6781433e-07,-5.828203e-06,1.8138728e-05
6.699999999999902,-3.7307647e-05,-4.84683e-06,1.2760069e-09,-1.678143e-07,-5.828203e-06,1.8138728e-05
6.709999999999901,-3.7307647e-05,-4.84683e-06,1.2760069e-09,-1.6781432e-07,-5.828203e-06,1.8138728e-05
6.719999999999901,-3.7307647e-05,-4.84683e-06,1.2760069e-09,-1.678143e-07,-5.828203e-06,1.8138728e-05
6.729999999999901,-3.7307647e-05,-4.84683e-06,1.2760069e-09,-1.6781432e-07,-5.828203e-06,1.8138728e-05
6.739999999999901,-3.7307647e-05,-4.84683e-06,1.2760067e-09,-1.6781432e-07,-5.828203e-06,1.8138728e-05
6.7499999999999005,-3.7307647e-05,-4.84683e-06,1.2760069e-09,-1.6781432e-07,-5.828203e-06,1.8138728e-05
6.7599999999999,-3.7307647e-05,-4.84683e-06,1.2760067e-09,-1.6781432e-07,-5.828203e-06,1.8138728e-05
6.7699999999999,-3.7307647e-05,-4.84683e-06,1.2760069e-09,-1.678143e-07,-5.828203e-06,1.8138728e-05
6.7799999999999,-3.7307647e-05,-4.84683e-06,1.2760069e-09,-1.6781432e-07,-5.828203e-06,1.8138728e-05
6.7899999999999,-3.7307647e-05,-4.84683e-06,1.2760067e-09,-1.6781432e-07,-5.828203e-06,1.8138728e-05
6.7999999999998995,-3.7307647e-05,-4.84683e-06,1.276007e-09,-1.678143e-07,-5.828203e-06,1.8138728e-05
6.809999999999899,-3.7307647e-05,-4.84683e-06,1.2760069e-09,-1.6781432e-07,-5.828203e-06,1.8138728e-05
6.819999999999899,-3.7307647e-05,-4.84683e-06,1.2760067e-09,-1.6781432e-07,-5.828203e-06,1.8138728e-05
6.829999999999899,-3.7307647e-05,-4.84683e-06,1.276007e-09,-1.678143e-07,-5.828203e-06,1.8138728e-05
6.839999999999899,-3.7307647e-05,-4.84683e-06,1.2760069e-09,-1.678143e-07,-5.828203e-06,1.8138728e-05
6.849999999999898,-3.7307647e-05,-4.84683e-06,1.2760069e-09,-1.678143e-07,-5.828203e-06,1.8138728e-05
6.859999999999898,-3.7307647e-05,-4.84683e-06,1.2760067e-09,-1.6781432e-07,-5.828203e-06,1.8138728e-05
6.869999999999898,-3.7307647e-05,-4.84683e-06,1.2760069e-09,-1.6781432e-07,-5.828203e-06,1.8138728e-05
6.879999999999898,-3.7307647e-05,-4.84683e-06,1.276007e-09,-1.678143e-07,-5.828203e-06,1.8138728e-05
6.8899999999998975,-3.7307647e-05,-4.84683e-06,1.2760069e-09,-1.6781432e-07,-5.828203e-06,1.8138728e-05
6.899999999999897,-3.7307647e-05,-4.84683e-06,1.2760069e-09,-1.678143e-07,-5.828203e-06,1.8138728e-05
6.909999999999897,-3.7307647e-05,-4.8468296e-06,1.2760066e-09,-1.6781432e-07,-5.828203e-06,1.8138728e-05
6.919999999999897,-3.7307647e-05,-4.8468296e-06,1.2760066e-09,-1.6781433e-07,-5.828203e-06,1.8138728e-05
6.929999999999897,-3.7307647e-05,-4.84683e-06,1.2760069e-09,-1.6781432e-07,-5.828203e-06,1.8138728e-05
6.9399999999998965,-3.730765e-05,-4.84683e-06,1.2760067e-09,-1.6781432e-07,-5.828203e-06,1.8138728e-05
6.949999999999896,-3.7307647e-05,-4.84683e-06,1.2760066e-09,-1.6781433e-07,-5.828203e-06,1.8138728e-05
6.959999999999896,-3.7307647e-05,-4.84683e-06,1.2760069e-09,-1.6781432e-07,-5.828203e-06,1.8138728e-05
6.969999999999896,-3.7307647e-05,-4.84683e-06,1.2760067e-09,-1.6781432e-07,-5.828203e-06,1.8138728e-05
6.979999999999896,-3.7307647e-05,-4.84683e-06,1.2760066e-09,-1.6781432e-07,-5.828203e-06,1.8138728e-05
6.989999999999895,-3.7307647e-05,-4.8468296e-06,1.2760066e-09,-1.6781433e-07,-5.828203e-06,1.8138728e-05
6.999999999999895,-3.7307647e-05,-4.8468296e-06,1.2760064e-09,-1.6781435e-07,-5.828203e-06,1.8138728e-05
7.009999999999895,-3.7307647e-05,-4.84683e-06,1.2760069e-09,-1.678143e-07,-5.828203e-06,1.8138728e-05
7.019999999999895,-3.7307647e-05,-4.8468296e-06,1.2760066e-09,-1.6781432e-07,-5.828203e-06,1.8138728e-05
7.0299999999998946,-3.7307647e-05,-4.84683e-06,1.2760067e-09,-1.6781432e-07,-5.828203e-06,1.8138728e-05
7.039999999999894,-3.7307647e-05,-4.84683e-06,1.2760067e-09,-1.6781432e-07,-5.828203e-06,1.8138728e-05
7.049999999999894,-3.7307647e-05,-4.84683e-06,1.2760067e-09,-1.6781432e-07,-5.828203e-06,1.8138728e-05
7.059999999999894,-3.7307647e-05,-4.84683e-06,1.2760066e-09,-1.6781433e-07,-5.828203e-06,1.8138728e-05
7.069999999999894,-3.7307647e-05,-4.84683e-06,1.2760067e-09,-1.6781432e-07,-5.828203e-06,1.8138728e-05
7.0799999999998935,-3.7307647e-05,-4.84683e-06,1.2760069e-09,-1.6781432e-07,-5.828203e-06,1.8138728e-05
7.089999999999893,-3.7307647e-05,-4.8468296e-06,1.2760065e-09,-1.6781433e-07,-5.828203e-06,1.8138728e-05
7.099999999999893,-3.7307647e-05,-4.8468296e-06,1.2760067e-09,-1.6781432e-07,-5.828203e-06,1.8138728e-05
7.109999999999893,-3.7307647e-05,-4.84683e-06,1.2760067e-09,-1.6781432e-07,-5.828203e-06,1.8138728e-05
7.119999999999893,-3.7307647e-05,-4.84683e-06,1.2760067e-09,-1.6781432e-07,-5.828203e-06,1.8138728e-05
7.129999999999892,-3.7307647e-05,-4.84683e-06,1.2760067e-09,-1.6781432e-07,-5.828203e-06,1.8138728e-05
7.139999999999892,-3.7307647e-05,-4.8468296e-06,1.2760064e-09,-1.6781435e-07,-5.828203e-06,1.8138728e-05
7.149999999999892,-3.7307647e-05,-4.8468296e-06,1.2760065e-09,-1.6781433e-07,-5.828203e-06,1.8138728e-05
7.159999999999892,-3.7307647e-05,-4.84683e-06,1.2760066e-09,-1.6781432e-07,-5.828203e-06,1.8138728e-05
7.169999999999892,-3.7307647e-05,-4.84683e-06,1.2760065e-09,-1.6781433e-07,-5.828203e-06,1.8138728e-05
7.179999999999891,-3.7307647e-05,-4.84683e-06,1.2760066e-09,-1.6781433e-07,-5.828203e-06,1.8138728e-05
7.189999999999891,-3.7307647e-05,-4.8468296e-06,1.2760065e-09,-1.6781433e-07,-5.828203e-06,1.8138728e-05
7.199999999999891,-3.7307647e-05,-4.84683e-06,1.2760067e-09,-1.6781432e-07,-5.828203e-06,1.8138728e-05
7.209999999999891,-3.7307647e-05,-4.84683e-06,1.2760066e-09,-1.6781433e-07,-5.828203e-06,1.8138728e-05
7.2199999999998905,-3.7307647e-05,-4.84683e-06,1.2760065e-09,-1.6781433e-07,-5.828203e-06,1.8138728e-05
7.22999999999989,-3.7307647e-05,-4.84683e-06,1.2760067e-09,-1.6781432e-07,-5.828203e-06,1.8138728e-05
7.23999999999989,-3.7307647e-05,-4.84683e-06,1.2760067e-09,-1.6781432e-07,-5.828203e-06,1.8138728e-05
7.24999999999989,-3.7307647e-05,-4.84683e-06,1.2760066e-09,-1.6781432e-07,-5.828203e-06,1.8138728e-05
7.25999999999989,-3.7307647e-05,-4.8468296e-06,1.2760065e-09,-1.6781433e-07,-5.828203e-06,1.8138728e-05
7.269999999999889,-3.7307647e-05,-4.8468296e-06,1.2760065e-09,-1.6781433e-07,-5.828203e-06,1.8138728e-05
7.279999999999889,-3.7307647e-05,-4.84683e-06,1.2760065e-09,-1.6781433e-07,-5.828203e-06,1.8138728e-05
7.289999999999889,-3.7307647e-05,-4.8468296e-06,1.2760066e-09,-1.6781433e-07,-5.828203e-06,1.8138728e-05
7.299999999999889,-3.7307647e-05,-4.84683e-06,1.276007e-09,-1.678143e-07,-5.828203e-06,1.8138728e-05
7.309999999999889,-3.7307647e-05,-4.84683e-06,1.2760067e-09,-1.6781432e-07,-5.828203e-06,1.8138728e-05
7.319999999999888,-3.7307647e-05,-4.8468296e-06,1.2760064e-09,-1.6781435e-07,-5.828203e-06,1.8138728e-05
7.329999999999888,-3.7307647e-05,-4.84683e-06,1.2760069e-09,-1.6781432e-07,-5.828203e-06,1.8138728e-05
7.339999999999888,-3.7307647e-05,-4.8468296e-06,1.2760067e-09,-1.6781432e-07,-5.828203e-06,1.8138728e-05
7.349999999999888,-3.7307647e-05,-4.84683e-06,1.2760067e-09,-1.6781432e-07,-5.828203e-06,1.8138728e-05
7.3599999999998875,-3.7307647e-05,-4.84683e-06,1.276007e-09,-1.678143e-07,-5.828203e-06,1.8138728e-05
7.369999999999887,-3.7307647e-05,-4.84683e-06,1.2760067e-09,-1.6781432e-07,-5.828203e-06,1.8138728e-05
7.379999999999887,-3.7307647e-05,-4.84683e-06,1.2760066e-09,-1.6781433e-07,-5.828203e-06,1.8138728e-05
7.389999999999887,-3.7307647e-05,-4.84683e-06,1.2760066e-09,-1.6781432e-07,-5.828203e-06,1.8138728e-05
7.399999999999887,-3.7307647e-05,-4.8468296e-06,1.2760064e-09,-1.6781435e-07,-5.828203e-06,1.8138728e-05
7.4099999999998865,-3.7307647e-05,-4.84683e-06,1.2760066e-09,-1.6781433e-07,-5.828203e-06,1.8138728e-05
7.419999999999886,-3.730765e-05,-4.84683e-06,1.2760069e-09,-1.6781432e-07,-5.828203e-06,1.8138728e-05
7.429999999999886,-3.7307647e-05,-4.84683e-06,1.2760067e-09,-1.6781433e-07,-5.828203e-06,1.8138728e-05
7.439999999999886,-3.7307647e-05,-4.84683e-06,1.2760069e-09,-1.678143e-07,-5.828203e-06,1.8138728e-05
7.449999999999886,-3.7307647e-05,-4.84683e-06,1.2760069e-09,-1.678143e-07,-5.828203e-06,1.8138728e-05
7.459999999999885,-3.730765e-05,-4.84683e-06,1.276007e-09,-1.678143e-07,-5.828203e-06,1.8138728e-05
7.469999999999885,-3.7307647e-05,-4.84683e-06,1.2760066e-09,-1.6781433e-07,-5.828203e-06,1.8138728e-05
7.479999999999885,-3.7307647e-05,-4.84683e-06,1.276007e-09,-1.678143e-07,-5.828203e-06,1.8138728e-05
7.489999999999885,-3.7307647e-05,-4.84683e-06,1.2760069e-09,-1.678143e-07,-5.828203e-06,1.8138728e-05
7.4999999999998845,-3.7307647e-05,-4.8468296e-06,1.2760065e-09,-1.6781433e-07,-5.828203e-06,1.8138728e-05
7.509999999999884,-3.7307647e-05,-4.84683e-06,1.2760067e-09,-1.6781432e-07,-5.828203e-06,1.8138728e-05
7.519999999999884,-3.7307647e-05,-4.84683e-06,1.2760066e-09,-1.6781433e-07,-5.828203e-06,1.8138728e-05
7.529999999999884,-3.730765e-05,-4.84683e-06,1.2760067e-09,-1.6781433e-07,-5.828203e-06,1.8138728e-05
7.539999999999884,-3.7307647e-05,-4.84683e-06,1.2760066e-09,-1.6781433e-07,-5.828203e-06,1.8138728e-05
7.5499999999998835,-3.7307647e-05,-4.84683e-06,1.2760069e-09,-1.6781432e-07,-5.828203e-06,1.8138728e-05
7.559999999999883,-3.7307647e-05,-4.84683e-06,1.2760067e-09,-1.6781432e-07,-5.828203e-06,1.8138728e-05
7.569999999999883,-3.7307647e-05,-4.84683e-06,1.2760067e-09,-1.6781432e-07,-5.828203e-06,1.8138728e-05
7.579999999999883,-3.730765e-05,-4.84683e-06,1.2760071e-09,-1.6781429e-07,-5.828203e-06,1.8138728e-05
7.589999999999883,-3.7307647e-05,-4.84683e-06,1.2760067e-09,-1.6781432e-07,-5.828203e-06,1.8138728e-05
7.599999999999882,-3.7307647e-05,-4.8468296e-06,1.2760065e-09,-1.6781435e-07,-5.828203e-06,1.8138728e-05
7.609999999999882,-3.7307647e-05,-4.84683e-06,1.2760067e-09,-1.6781432e-07,-5.828203e-06,1.8138728e-05
7.619999999999882,-3.7307647e-05,-4.84683e-06,1.2760069e-09,-1.678143e-07,-5.828203e-06,1.8138728e-05
7.629999999999882,-3.7307647e-05,-4.84683e-06,1.2760066e-09,-1.6781433e-07,-5.828203e-06,1.8138728e-05
7.6399999999998816,-3.7307647e-05,-4.84683e-06,1.2760066e-09,-1.6781433e-07,-5.828203e-06,1.8138728e-05
7.649999999999881,-3.7307647e-05,-4.84683e-06,1.2760067e-09,-1.6781432e-07,-5.828203e-06,1.8138728e-05
7.659999999999881,-3.7307647e-05,-4.8468296e-06,1.2760066e-09,-1.6781433e-07,-5.828203e-06,1.8138728e-05
7.669999999999881,-3.7307647e-05,-4.84683e-06,1.2760067e-09,-1.6781432e-07,-5.828203e-06,1.8138728e-05
7.679999999999881,-3.7307647e-05,-4.8468296e-06,1.2760067e-09,-1.6781432e-07,-5.828203e-06,1.8138728e-05
7.6899999999998805,-3.7307647e-05,-4.8468296e-06,1.2760063e-09,-1.6781435e-07,-5.828203e-06,1.8138728e-05
7.69999999999988,-3.7307647e-05,-4.84683e-06,1.2760067e-09,-1.6781432e-07,-5.828203e-06,1.8138728e-05
7.70999999999988,-3.7307647e-05,-4.84683e-06,1.2760065e-09,-1.6781433e-07,-5.828203e-06,1.8138728e-05
7.71999999999988,-3.7307647e-05,-4.84683e-06,1.2760066e-09,-1.6781433e-07,-5.828203e-06,1.8138728e-05
7.72999999999988,-3.7307647e-05,-4.84683e-06,1.2760067e-09,-1.6781432e-07,-5.828203e-06,1.8138728e-05
7.739999999999879,-3.7307647e-05,-4.84683e-06,1.2760065e-09,-1.6781433e-07,-5.828203e-06,1.8138728e-05
7.749999999999879,-3.7307647e-05,-4.84683e-06,1.2760067e-09,-1.6781432e-07,-5.828203e-06,1.8138728e-05
7.759999999999879,-3.7307647e-05,-4.84683e-06,1.2760066e-09,-1.6781433e-07,-5.828203e-06,1.8138728e-05
7.769999999999879,-3.7307647e-05,-4.84683e-06,1.2760067e-09,-1.6781432e-07,-5.828203e-06,1.8138728e-05
7.779999999999879,-3.7307647e-05,-4.84683e-06,1.2760069e-09,-1.6781432e-07,-5.828203e-06,1.8138728e-05
7.789999999999878,-3.730765e-05,-4.84683e-06,1.2760069e-09,-1.6781432e-07,-5.828203e-06,1.8138728e-05
7.799999999999878,-3.730765e-05,-4.84683e-06,1.2760067e-09,-1.6781432e-07,-5.828203e-06,1.8138728e-05
7.809999999999878,-3.7307647e-05,-4.84683e-06,1.2760067e-09,-1.6781432e-07,-5.828203e-06,1.8138728e-05
7.819999999999878,-3.7307647e-05,-4.84683e-06,1.2760067e-09,-1.6781432e-07,-5.828203e-06,1.8138728e-05
7.8299999999998775,-3.7307647e-05,-4.84683e-06,1.2760069e-09,-1.678143e-07,-5.828203e-06,1.8138728e-05
7.839999999999877,-3.7307647e-05,-4.8468296e-06,1.2760065e-09,-1.6781433e-07,-5.828203e-06,1.8138728e-05
7.849999999999877,-3.7307647e-05,-4.84683e-06,1.276007e-09,-1.678143e-07,-5.828203e-06,1.8138728e-05
7.859999999999877,-3.730765e-05,-4.84683e-06,1.276007e-09,-1.678143e-07,-5.828203e-06,1.8138728e-05
7.869999999999877,-3.7307647e-05,-4.8468296e-06,1.2760064e-09,-1.6781435e-07,-5.828203e-06,1.8138728e-05
7.879999999999876,-3.7307647e-05,-4.84683e-06,1.2760069e-09,-1.6781432e-07,-5.828203e-06,1.8138728e-05
7.889999999999876,-3.7307647e-05,-4.84683e-06,1.2760066e-09,-1.6781432e-07,-5.828203e-06,1.8138728e-05
7.899999999999876,-3.7307647e-05,-4.84683e-06,1.276007e-09,-1.678143e-07,-5.828203e-06,1.8138728e-05
7.909999999999876,-3.7307647e-05,-4.84683e-06,1.2760067e-09,-1.6781432e-07,-5.828203e-06,1.8138728e-05
7.919999999999876,-3.7307647e-05,-4.84683e-06,1.2760069e-09,-1.678143e-07,-5.828203e-06,1.8138728e-05
7.929999999999875,-3.7307647e-05,-4.84683e-06,1.2760069e-09,-1.6781432e-07,-5.828203e-06,1.8138728e-05
7.939999999999875,-3.7307647e-05,-4.84683e-06,1.2760066e-09,-1.6781433e-07,-5.828203e-06,1.8138728e-05
7.949999999999875,-3.7307647e-05,-4.84683e-06,1.2760065e-09,-1.6781433e-07,-5.828203e-06,1.8138728e-05
7.959999999999875,-3.7307647e-05,-4.84683e-06,1.2760067e-09,-1.6781432e-07,-5.828203e-06,1.8138728e-05
7.9699999999998745,-3.7307647e-05,-4.84683e-06,1.2760066e-09,-1.6781433e-07,-5.828203e-06,1.8138728e-05
7.979999999999874,-3.7307647e-05,-4.84683e-06,1.2760065e-09,-1.6781433e-07,-5.828203e-06,1.8138728e-05
7.989999999999874,-3.7307647e-05,-4.84683e-06,1.2760069e-09,-1.6781432e-07,-5.828203e-06,1.8138728e-05
7.999999999999874,-3.7307647e-05,-4.8468296e-06,1.2760065e-09,-1.6781433e-07,-5.828203e-06,1.8138728e-05
8.009999999999874,-3.7307647e-05,-4.84683e-06,1.2760069e-09,-1.678143e-07,-5.828203e-06,1.8138728e-05
8.019999999999873,-3.7307647e-05,-4.8468296e-06,1.2760066e-09,-1.6781433e-07,-5.828203e-06,1.8138728e-05
8.029999999999873,-3.7307647e-05,-4.8468296e-06,1.2760066e-09,-1.6781432e-07,-5.828203e-06,1.8138728e-05
8.039999999999873,-3.7307647e-05,-4.8468296e-06,1.2760066e-09,-1.6781433e-07,-5.828203e-06,1.8138728e-05
8.049999999999873,-3.7307647e-05,-4.84683e-06,1.2760067e-09,-1.6781432e-07,-5.828203e-06,1.8138728e-05
8.059999999999873,-3.7307647e-05,-4.84683e-06,1.2760067e-09,-1.6781432e-07,-5.828203e-06,1.8138728e-05
8.069999999999872,-3.7307647e-05,-4.84683e-06,1.2760066e-09,-1.6781433e-07,-5.828203e-06,1.8138728e-05
8.079999999999872,-3.7307647e-05,-4.84683e-06,1.2760067e-09,-1.6781432e-07,-5.828203e-06,1.8138728e-05
8.089999999999872,-3.7307647e-05,-4.8468296e-06,1.2760065e-09,-1.6781433e-07,-5.828203e-06,1.8138728e-05
8.099999999999872,-3.7307647e-05,-4.84683e-06,1.2760066e-09,-1.6781433e-07,-5.828203e-06,1.8138728e-05
8.109999999999872,-3.730765e-05,-4.84683e-06,1.2760067e-09,-1.6781432e-07,-5.828203e-06,1.8138728e-05
8.119999999999871,-3.7307647e-05,-4.8468296e-06,1.2760064e-09,-1.6781435e-07,-5.828203e-06,1.8138728e-05
8.129999999999871,-3.7307647e-05,-4.84683e-06,1.2760069e-09,-1.6781432e-07,-5.828203e-06,1.8138728e-05
8.139999999999871,-3.7307647e-05,-4.84683e-06,1.2760067e-09,-1.6781432e-07,-5.828203e-06,1.8138728e-05
8.14999999999987,-3.7307647e-05,-4.8468296e-06,1.2760066e-09,-1.6781433e-07,-5.828203e-06,1.8138728e-05
8.15999999999987,-3.7307647e-05,-4.84683e-06,1.2760066e-09,-1.6781433e-07,-5.828203e-06,1.8138728e-05
8.16999999999987,-3.7307647e-05,-4.8468296e-06,1.2760065e-09,-1.6781433e-07,-5.828203e-06,1.8138728e-05
8.17999999999987,-3.7307647e-05,-4.84683e-06,1.2760069e-09,-1.6781432e-07,-5.828203e-06,1.8138728e-05
8.18999999999987,-3.7307647e-05,-4.84683e-06,1.2760066e-09,-1.6781433e-07,-5.828203e-06,1.8138728e-05
8.19999999999987,-3.7307647e-05,-4.84683e-06,1.2760065e-09,-1.6781433e-07,-5.828203e-06,1.8138728e-05
8.20999999999987,-3.7307647e-05,-4.8468296e-06,1.2760066e-09,-1.6781433e-07,-5.828203e-06,1.8138728e-05
8.21999999999987,-3.7307647e-05,-4.84683e-06,1.2760066e-09,-1.6781433e-07,-5.828203e-06,1.8138728e-05
8.229999999999869,-3.730765e-05,-4.84683e-06,1.2760067e-09,-1.6781432e-07,-5.828203e-06,1.8138728e-05
8.239999999999869,-3.7307647e-05,-4.84683e-06,1.2760069e-09,-1.678143e-07,-5.828203e-06,1.8138728e-05
8.249999999999869,-3.7307647e-05,-4.84683e-06,1.2760066e-09,-1.6781433e-07,-5.828203e-06,1.8138728e-05
8.259999999999868,-3.7307647e-05,-4.84683e-06,1.2760066e-09,-1.6781433e-07,-5.828203e-06,1.8138728e-05
8.269999999999868,-3.7307647e-05,-4.8468296e-06,1.2760066e-09,-1.6781433e-07,-5.828203e-06,1.8138728e-05
8.279999999999868,-3.7307647e-05,-4.84683e-06,1.2760066e-09,-1.6781433e-07,-5.828203e-06,1.8138728e-05
8.289999999999868,-3.7307647e-05,-4.84683e-06,1.2760066e-09,-1.6781432e-07,-5.828203e-06,1.8138728e-05
8.299999999999867,-3.7307647e-05,-4.84683e-06,1.2760066e-09,-1.6781433e-07,-5.828203e-06,1.8138728e-05
8.309999999999867,-3.7307647e-05,-4.84683e-06,1.2760069e-09,-1.6781432e-07,-5.828203e-06,1.8138728e-05
8.319999999999867,-3.7307647e-05,-4.84683e-06,1.2760067e-09,-1.6781432e-07,-5.828203e-06,1.8138728e-05
8.329999999999867,-3.7307647e-05,-4.84683e-06,1.2760067e-09,-1.6781432e-07,-5.828203e-06,1.8138728e-05
8.339999999999867,-3.7307647e-05,-4.84683e-06,1.2760069e-09,-1.6781432e-07,-5.828203e-06,1.8138728e-05
8.349999999999866,-3.7307647e-05,-4.84683e-06,1.2760066e-09,-1.6781433e-07,-5.828203e-06,1.8138728e-05
8.359999999999866,-3.7307647e-05,-4.84683e-06,1.276007e-09,-1.678143e-07,-5.828203e-06,1.8138728e-05
8.369999999999866,-3.7307647e-05,-4.84683e-06,1.2760066e-09,-1.6781433e-07,-5.828203e-06,1.8138728e-05
8.379999999999866,-3.7307647e-05,-4.84683e-06,1.2760067e-09,-1.6781432e-07,-5.828203e-06,1.8138728e-05
8.389999999999866,-3.7307647e-05,-4.84683e-06,1.2760069e-09,-1.6781432e-07,-5.828203e-06,1.8138728e-05
8.399999999999865,-3.7307647e-05,-4.84683e-06,1.2760069e-09,-1.6781432e-07,-5.828203e-06,1.8138728e-05
8.409999999999865,-3.7307647e-05,-4.84683e-06,1.2760065e-09,-1.6781433e-07,-5.828203e-06,1.8138728e-05
8.419999999999865,-3.7307647e-05,-4.84683e-06,1.2760067e-09,-1.6781432e-07,-5.828203e-06,1.8138728e-05
8.429999999999865,-3.7307647e-05,-4.84683e-06,1.2760069e-09,-1.6781432e-07,-5.828203e-06,1.8138728e-05
8.439999999999864,-3.7307647e-05,-4.84683e-06,1.2760066e-09,-1.6781433e-07,-5.828203e-06,1.8138728e-05
8.449999999999864,-3.7307647e-05,-4.8468296e-06,1.2760065e-09,-1.6781433e-07,-5.828203e-06,1.8138728e-05
8.459999999999864,-3.7307647e-05,-4.84683e-06,1.2760067e-09,-1.6781432e-07,-5.828203e-06,1.8138728e-05
8.469999999999864,-3.7307647e-05,-4.84683e-06,1.2760069e-09,-1.678143e-07,-5.828203e-06,1.8138728e-05
8.479999999999864,-3.7307647e-05,-4.84683e-06,1.2760064e-09,-1.6781435e-07,-5.828203e-06,1.8138728e-05
8.489999999999863,-3.7307647e-05,-4.84683e-06,1.2760066e-09,-1.6781433e-07,-5.828203e-06,1.8138728e-05
8.499999999999863,-3.730765e-05,-4.84683e-06,1.2760069e-09,-1.6781432e-07,-5.828203e-06,1.8138728e-05
8.509999999999863,-3.7307647e-05,-4.84683e-06,1.2760065e-09,-1.6781433e-07,-5.828203e-06,1.8138728e-05
8.519999999999863,-3.730765e-05,-4.84683e-06,1.2760072e-09,-1.6781429e-07,-5.828203e-06,1.8138728e-05
8.529999999999863,-3.7307647e-05,-4.84683e-06,1.2760067e-09,-1.6781432e-07,-5.828203e-06,1.8138728e-05
8.539999999999862,-3.730765e-05,-4.84683e-06,1.2760067e-09,-1.6781432e-07,-5.828203e-06,1.8138728e-05
8.549999999999862,-3.730765e-05,-4.84683e-06,1.2760067e-09,-1.6781432e-07,-5.828203e-06,1.8138728e-05
8.559999999999862,-3.7307647e-05,-4.84683e-06,1.2760066e-09,-1.6781433e-07,-5.828203e-06,1.8138728e-05
8.569999999999862,-3.7307647e-05,-4.84683e-06,1.2760067e-09,-1.6781432e-07,-5.828203e-06,1.8138728e-05
8.579999999999862,-3.7307647e-05,-4.8468296e-06,1.2760065e-09,-1.6781433e-07,-5.828203e-06,1.8138728e-05
8.589999999999861,-3.7307647e-05,-4.84683e-06,1.2760069e-09,-1.6781432e-07,-5.828203e-06,1.8138728e-05
8.599999999999861,-3.7307647e-05,-4.84683e-06,1.2760066e-09,-1.6781433e-07,-5.828203e-06,1.8138728e-05
8.60999999999986,-3.7307647e-05,-4.8468296e-06,1.2760065e-09,-1.6781433e-07,-5.828203e-06,1.8138728e-05
8.61999999999986,-3.7307647e-05,-4.8468296e-06,1.2760065e-09,-1.6781435e-07,-5.828203e-06,1.8138728e-05
8.62999999999986,-3.7307647e-05,-4.84683e-06,1.2760065e-09,-1.6781433e-07,-5.828203e-06,1.8138728e-05
8.63999999999986,-3.730765e-05,-4.84683e-06,1.2760067e-09,-1.6781432e-07,-5.828203e-06,1.8138728e-05
8.64999999999986,-3.7307647e-05,-4.84683e-06,1.2760067e-09,-1.6781432e-07,-5.828203e-06,1.8138728e-05
8.65999999999986,-3.730765e-05,-4.84683e-06,1.2760066e-09,-1.6781433e-07,-5.828203e-06,1.8138728e-05
8.66999999999986,-3.7307647e-05,-4.84683e-06,1.2760067e-09,-1.6781432e-07,-5.828203e-06,1.8138728e-05
8.67999999999986,-3.7307647e-05,-4.84683e-06,1.2760069e-09,-1.6781432e-07,-5.828203e-06,1.8138728e-05
8.68999999999986,-3.7307647e-05,-4.84683e-06,1.2760067e-09,-1.6781432e-07,-5.828203e-06,1.8138728e-05
8.699999999999859,-3.7307647e-05,-4.84683e-06,1.2760067e-09,-1.6781432e-07,-5.828203e-06,1.8138728e-05
8.709999999999859,-3.7307647e-05,-4.84683e-06,1.2760067e-09,-1.6781432e-07,-5.828203e-06,1.8138728e-05
8.719999999999859,-3.7307647e-05,-4.84683e-06,1.2760066e-09,-1.6781433e-07,-5.828203e-06,1.8138728e-05
8.729999999999858,-3.7307647e-05,-4.84683e-06,1.2760069e-09,-1.6781432e-07,-5.828203e-06,1.8138728e-05
8.739999999999858,-3.7307647e-05,-4.84683e-06,1.2760069e-09,-1.6781432e-07,-5.828203e-06,1.8138728e-05
8.749999999999858,-3.7307647e-05,-4.8468296e-06,1.2760066e-09,-1.6781433e-07,-5.828203e-06,1.8138728e-05
8.759999999999858,-3.7307647e-05,-4.84683e-06,1.2760069e-09,-1.6781432e-07,-5.828203e-06,1.8138728e-05
8.769999999999857,-3.7307647e-05,-4.84683e-06,1.2760067e-09,-1.6781432e-07,-5.828203e-06,1.8138728e-05
8.779999999999857,-3.7307647e-05,-4.84683e-06,1.2760069e-09,-1.6781432e-07,-5.828203e-06,1.8138728e-05
8.789999999999857,-3.7307647e-05,-4.84683e-06,1.2760066e-09,-1.6781433e-07,-5.828203e-06,1.8138728e-05
8.799999999999857,-3.7307647e-05,-4.84683e-06,1.276007e-09,-1.678143e-07,-5.828203e-06,1.8138728e-05
8.809999999999857,-3.730765e-05,-4.84683e-06,1.276007e-09,-1.678143e-07,-5.828203e-06,1.8138728e-05
8.819999999999856,-3.7307647e-05,-4.84683e-06,1.2760069e-09,-1.678143e-07,-5.828203e-06,1.8138728e-05
8.829999999999856,-3.7307647e-05,-4.8468296e-06,1.2760066e-09,-1.6781433e-07,-5.828203e-06,1.8138728e-05
8.839999999999856,-3.7307647e-05,-4.8468296e-06,1.2760066e-09,-1.6781433e-07,-5.828203e-06,1.8138728e-05
8.849999999999856,-3.7307647e-05,-4.84683e-06,1.2760065e-09,-1.6781433e-07,-5.828203e-06,1.8138728e-05
8.859999999999856,-3.7307647e-05,-4.8468296e-06,1.2760065e-09,-1.6781433e-07,-5.828203e-06,1.8138728e-05
8.869999999999855,-3.7307647e-05,-4.84683e-06,1.2760069e-09,-1.678143e-07,-5.828203e-06,1.8138728e-05
8.879999999999855,-3.7307647e-05,-4.84683e-06,1.2760067e-09,-1.6781432e-07,-5.828203e-06,1.8138728e-05
8.889999999999855,-3.7307647e-05,-4.84683e-06,1.2760067e-09,-1.6781433e-07,-5.828203e-06,1.8138728e-05
8.899999999999855,-3.7307647e-05,-4.8468296e-06,1.2760065e-09,-1.6781433e-07,-5.828203e-06,1.8138728e-05
8.909999999999854,-3.7307647e-05,-4.84683e-06,1.2760067e-09,-1.6781432e-07,-5.828203e-06,1.8138728e-05
8.919999999999854,-3.7307647e-05,-4.84683e-06,1.2760067e-09,-1.6781432e-07,-5.828203e-06,1.8138728e-05
8.929999999999854,-3.7307647e-05,-4.8468296e-06,1.2760065e-09,-1.6781433e-07,-5.828203e-06,1.8138728e-05
8.939999999999854,-3.730765e-05,-4.84683e-06,1.2760067e-09,-1.6781432e-07,-5.828203e-06,1.8138728e-05
8.949999999999854,-3.7307647e-05,-4.8468296e-06,1.2760066e-09,-1.6781433e-07,-5.828203e-06,1.8138728e-05
8.959999999999853,-3.7307647e-05,-4.84683e-06,1.2760069e-09,-1.678143e-07,-5.828203e-06,1.8138728e-05
8.969999999999853,-3.7307647e-05,-4.84683e-06,1.2760067e-09,-1.6781432e-07,-5.828203e-06,1.8138728e-05
8.979999999999853,-3.7307647e-05,-4.8468296e-06,1.2760066e-09,-1.6781433e-07,-5.828203e-06,1.8138728e-05
8.989999999999853,-3.7307647e-05,-4.84683e-06,1.2760066e-09,-1.6781433e-07,-5.828203e-06,1.8138728e-05
8.999999999999853,-3.730765e-05,-4.84683e-06,1.2760066e-09,-1.6781433e-07,-5.828203e-06,1.8138728e-05
9.009999999999852,-3.7307647e-05,-4.84683e-06,1.276007e-09,-1.678143e-07,-5.828203e-06,1.8138728e-05
9.019999999999852,-3.7307647e-05,-4.84683e-06,1.2760065e-09,-1.6781435e-07,-5.828203e-06,1.8138728e-05
9.029999999999852,-3.7307647e-05,-4.8468296e-06,1.2760064e-09,-1.6781435e-07,-5.828203e-06,1.8138728e-05
9.039999999999852,-3.730765e-05,-4.84683e-06,1.2760067e-09,-1.6781432e-07,-5.828203e-06,1.8138728e-05
9.049999999999851,-3.7307647e-05,-4.84683e-06,1.2760069e-09,-1.678143e-07,-5.828203e-06,1.8138728e-05
9.059999999999851,-3.7307647e-05,-4.8468296e-06,1.2760063e-09,-1.6781435e-07,-5.828203e-06,1.8138728e-05
9.069999999999851,-3.7307647e-05,-4.8468296e-06,1.2760067e-09,-1.6781432e-07,-5.828203e-06,1.8138728e-05
9.07999999999985,-3.730765e-05,-4.84683e-06,1.276007e-09,-1.678143e-07,-5.828203e-06,1.8138728e-05
9.08999999999985,-3.7307647e-05,-4.84683e-06,1.2760066e-09,-1.6781433e-07,-5.828203e-06,1.8138728e-05
9.09999999999985,-3.730765e-05,-4.84683e-06,1.2760069e-09,-1.6781432e-07,-5.828203e-06,1.8138728e-05
9.10999999999985,-3.730765e-05,-4.84683e-06,1.2760069e-09,-1.6781432e-07,-5.828203e-06,1.8138728e-05
9.11999999999985,-3.7307647e-05,-4.84683e-06,1.2760067e-09,-1.6781432e-07,-5.828203e-06,1.8138728e-05
9.12999999999985,-3.7307647e-05,-4.84683e-06,1.2760067e-09,-1.6781432e-07,-5.828203e-06,1.8138728e-05
9.13999999999985,-3.7307647e-05,-4.84683e-06,1.2760067e-09,-1.6781432e-07,-5.828203e-06,1.8138728e-05
9.14999999999985,-3.730765e-05,-4.84683e-06,1.276007e-09,-1.678143e-07,-5.828203e-06,1.8138728e-05
9.15999999999985,-3.730765e-05,-4.84683e-06,1.2760066e-09,-1.6781433e-07,-5.828203e-06,1.8138728e-05
9.169999999999849,-3.7307647e-05,-4.8468296e-06,1.2760063e-09,-1.6781435e-07,-5.828203e-06,1.8138728e-05
9.179999999999849,-3.730765e-05,-4.84683e-06,1.276007e-09,-1.678143e-07,-5.828203e-06,1.8138728e-05
9.189999999999849,-3.7307647e-05,-4.84683e-06,1.2760067e-09,-1.6781432e-07,-5.828203e-06,1.8138728e-05
9.199999999999848,-3.7307647e-05,-4.84683e-06,1.2760066e-09,-1.6781433e-07,-5.828203e-06,1.8138728e-05
9.209999999999848,-3.7307647e-05,-4.84683e-06,1.276007e-09,-1.678143e-07,-5.828203e-06,1.8138728e-05
9.219999999999848,-3.7307647e-05,-4.8468296e-06,1.2760065e-09,-1.6781435e-07,-5.828203e-06,1.8138728e-05
9.229999999999848,-3.7307647e-05,-4.84683e-06,1.2760067e-09,-1.6781432e-07,-5.828203e-06,1.8138728e-05
9.239999999999847,-3.7307647e-05,-4.84683e-06,1.2760072e-09,-1.6781429e-07,-5.828203e-06,1.8138728e-05
9.249999999999847,-3.730765e-05,-4.84683e-06,1.2760067e-09,-1.6781432e-07,-5.828203e-06,1.8138728e-05
9.259999999999847,-3.730765e-05,-4.84683e-06,1.2760069e-09,-1.6781432e-07,-5.828203e-06,1.8138728e-05
9.269999999999847,-3.730765e-05,-4.84683e-06,1.276007e-09,-1.678143e-07,-5.828203e-06,1.8138728e-05
9.279999999999847,-3.7307647e-05,-4.8468296e-06,1.2760065e-09,-1.6781435e-07,-5.828203e-06,1.8138728e-05
9.289999999999846,-3.7307647e-05,-4.84683e-06,1.2760071e-09,-1.678143e-07,-5.828203e-06,1.8138728e-05
9.299999999999846,-3.7307647e-05,-4.84683e-06,1.2760069e-09,-1.678143e-07,-5.828203e-06,1.8138728e-05
9.309999999999846,-3.7307647e-05,-4.8468296e-06,1.2760064e-09,-1.6781435e-07,-5.828203e-06,1.8138728e-05
9.319999999999846,-3.7307647e-05,-4.84683e-06,1.2760069e-09,-1.6781432e-07,-5.828203e-06,1.8138728e-05
9.329999999999846,-3.7307647e-05,-4.84683e-06,1.2760067e-09,-1.6781432e-07,-5.828203e-06,1.8138728e-05
9.339999999999845,-3.730765e-05,-4.84683e-06,1.2760067e-09,-1.6781432e-07,-5.828203e-06,1.8138728e-05
9.349999999999845,-3.7307647e-05,-4.84683e-06,1.2760066e-09,-1.6781433e-07,-5.828203e-06,1.8138728e-05
9.359999999999845,-3.7307647e-05,-4.84683e-06,1.2760067e-09,-1.6781432e-07,-5.828203e-06,1.8138728e-05
9.369999999999845,-3.730765e-05,-4.84683e-06,1.2760065e-09,-1.6781433e-07,-5.828203e-06,1.8138728e-05
9.379999999999844,-3.7307647e-05,-4.84683e-06,1.2760066e-09,-1.6781433e-07,-5.828203e-06,1.8138728e-05
9.389999999999844,-3.7307647e-05,-4.84683e-06,1.2760067e-09,-1.6781432e-07,-5.828203e-06,1.8138728e-05
9.399999999999844,-3.730765e-05,-4.84683e-06,1.2760065e-09,-1.6781433e-07,-5.828203e-06,1.8138728e-05
9.409999999999844,-3.730765e-05,-4.84683e-06,1.2760065e-09,-1.6781433e-07,-5.828203e-06,1.8138728e-05
9.419999999999844,-3.7307647e-05,-4.84683e-06,1.2760067e-09,-1.6781432e-07,-5.828203e-06,1.8138728e-05
9.429999999999843,-3.7307647e-05,-4.8468296e-06,1.2760066e-09,-1.6781433e-07,-5.828203e-06,1.8138728e-05
9.439999999999843,-3.7307647e-05,-4.84683e-06,1.2760067e-09,-1.6781433e-07,-5.828203e-06,1.8138728e-05
9.449999999999843,-3.7307647e-05,-4.84683e-06,1.2760066e-09,-1.6781433e-07,-5.828203e-06,1.8138728e-05
9.459999999999843,-3.7307647e-05,-4.84683e-06,1.2760069e-09,-1.6781432e-07,-5.828203e-06,1.8138728e-05
9.469999999999843,-3.7307647e-05,-4.84683e-06,1.2760069e-09,-1.6781432e-07,-5.828203e-06,1.8138728e-05
9.479999999999842,-3.7307647e-05,-4.84683e-06,1.2760072e-09,-1.6781429e-07,-5.828203e-06,1.8138728e-05
9.489999999999842,-3.7307647e-05,-4.84683e-06,1.2760067e-09,-1.6781432e-07,-5.828203e-06,1.8138728e-05
9.499999999999842,-3.7307647e-05,-4.84683e-06,1.2760066e-09,-1.6781433e-07,-5.828203e-06,1.8138728e-05
9.509999999999842,-3.7307647e-05,-4.84683e-06,1.2760066e-09,-1.6781433e-07,-5.828203e-06,1.8138728e-05
9.519999999999841,-3.7307647e-05,-4.84683e-06,1.2760066e-09,-1.6781433e-07,-5.828203e-06,1.8138728e-05
9.529999999999841,-3.730765e-05,-4.84683e-06,1.276007e-09,-1.678143e-07,-5.828203e-06,1.8138728e-05
9.539999999999841,-3.7307647e-05,-4.84683e-06,1.2760069e-09,-1.6781432e-07,-5.828203e-06,1.8138728e-05
9.54999999999984,-3.7307647e-05,-4.84683e-06,1.2760067e-09,-1.6781432e-07,-5.828203e-06,1.8138728e-05
9.55999999999984,-3.7307647e-05,-4.8468296e-06,1.2760066e-09,-1.6781433e-07,-5.828203e-06,1.8138728e-05
9.56999999999984,-3.7307647e-05,-4.8468296e-06,1.2760065e-09,-1.6781433e-07,-5.828203e-06,1.8138728e-05
9.57999999999984,-3.730765e-05,-4.84683e-06,1.2760066e-09,-1.6781433e-07,-5.828203e-06,1.8138728e-05
9.58999999999984,-3.730765e-05,-4.84683e-06,1.2760067e-09,-1.6781432e-07,-5.828203e-06,1.8138728e-05
9.59999999999984,-3.7307647e-05,-4.84683e-06,1.2760069e-09,-1.678143e-07,-5.828203e-06,1.8138728e-05
9.60999999999984,-3.730765e-05,-4.84683e-06,1.276007e-09,-1.678143e-07,-5.828203e-06,1.8138728e-05
9.61999999999984,-3.730765e-05,-4.84683e-06,1.2760067e-09,-1.6781432e-07,-5.828203e-06,1.8138728e-05
9.62999999999984,-3.7307647e-05,-4.84683e-06,1.276007e-09,-1.678143e-07,-5.828203e-06,1.8138728e-05
9.639999999999839,-3.7307647e-05,-4.84683e-06,1.2760067e-09,-1.6781432e-07,-5.828203e-06,1.8138728e-05
9.649999999999839,-3.7307647e-05,-4.84683e-06,1.2760069e-09,-1.678143e-07,-5.828203e-06,1.8138728e-05
9.659999999999838,-3.730765e-05,-4.84683e-06,1.2760065e-09,-1.6781433e-07,-5.828203e-06,1.8138728e-05
9.669999999999838,-3.7307647e-05,-4.8468296e-06,1.2760065e-09,-1.6781433e-07,-5.828203e-06,1.8138728e-05
9.679999999999838,-3.7307647e-05,-4.84683e-06,1.2760069e-09,-1.6781432e-07,-5.828203e-06,1.8138728e-05
9.689999999999838,-3.730765e-05,-4.84683e-06,1.2760069e-09,-1.6781432e-07,-5.828203e-06,1.8138728e-05
9.699999999999838,-3.7307647e-05,-4.84683e-06,1.2760066e-09,-1.6781433e-07,-5.828203e-06,1.8138728e-05
9.709999999999837,-3.7307647e-05,-4.84683e-06,1.2760069e-09,-1.6781432e-07,-5.828203e-06,1.8138728e-05
9.719999999999837,-3.7307647e-05,-4.8468296e-06,1.2760065e-09,-1.6781433e-07,-5.828203e-06,1.8138728e-05
9.729999999999837,-3.730765e-05,-4.84683e-06,1.2760065e-09,-1.6781433e-07,-5.828203e-06,1.8138728e-05
9.739999999999837,-3.730765e-05,-4.84683e-06,1.2760066e-09,-1.6781433e-07,-5.828203e-06,1.8138728e-05
9.749999999999837,-3.7307647e-05,-4.84683e-06,1.2760067e-09,-1.6781432e-07,-5.828203e-06,1.8138728e-05
9.759999999999836,-3.730765e-05,-4.84683e-06,1.276007e-09,-1.678143e-07,-5.828203e-06,1.8138728e-05
9.769999999999836,-3.730765e-05,-4.84683e-06,1.2760067e-09,-1.6781432e-07,-5.828203e-06,1.8138728e-05
9.779999999999836,-3.7307647e-05,-4.84683e-06,1.2760067e-09,-1.6781432e-07,-5.828203e-06,1.8138728e-05
9.789999999999836,-3.7307647e-05,-4.84683e-06,1.2760067e-09,-1.6781432e-07,-5.828203e-06,1.8138728e-05
9.799999999999836,-3.730765e-05,-4.84683e-06,1.276007e-09,-1.678143e-07,-5.828203e-06,1.8138728e-05
9.809999999999835,-3.730765e-05,-4.84683e-06,1.2760067e-09,-1.6781432e-07,-5.828203e-06,1.8138728e-05
9.819999999999835,-3.7307647e-05,-4.84683e-06,1.2760066e-09,-1.6781433e-07,-5.828203e-06,1.8138728e-05
9.829999999999835,-3.7307647e-05,-4.8468296e-06,1.2760063e-09,-1.6781435e-07,-5.828203e-06,1.8138728e-05
9.839999999999835,-3.7307647e-05,-4.84683e-06,1.2760066e-09,-1.6781433e-07,-5.828203e-06,1.8138728e-05
9.849999999999834,-3.730765e-05,-4.84683e-06,1.2760069e-09,-1.6781432e-07,-5.828203e-06,1.8138728e-05
9.859999999999834,-3.7307647e-05,-4.84683e-06,1.2760066e-09,-1.6781433e-07,-5.828203e-06,1.8138728e-05
9.869999999999834,-3.7307647e-05,-4.84683e-06,1.2760067e-09,-1.6781432e-07,-5.828203e-06,1.8138728e-05
9.879999999999834,-3.7307647e-05,-4.8468296e-06,1.2760063e-09,-1.6781435e-07,-5.828203e-06,1.8138728e-05
9.889999999999834,-3.7307647e-05,-4.84683e-06,1.2760067e-09,-1.6781432e-07,-5.828203e-06,1.8138728e-05
9.899999999999833,-3.7307647e-05,-4.84683e-06,1.2760069e-09,-1.6781432e-07,-5.828203e-06,1.8138728e-05
9.909999999999833,-3.7307647e-05,-4.84683e-06,1.2760069e-09,-1.6781432e-07,-5.828203e-06,1.8138728e-05
9.919999999999833,-3.7307647e-05,-4.8468296e-06,1.2760066e-09,-1.6781433e-07,-5.828203e-06,1.8138728e-05
9.929999999999833,-3.7307647e-05,-4.8468296e-06,1.2760065e-09,-1.6781433e-07,-5.828203e-06,1.8138728e-05
9.939999999999833,-3.7307647e-05,-4.84683e-06,1.2760067e-09,-1.6781432e-07,-5.828203e-06,1.8138728e-05
9.949999999999832,-3.730765e-05,-4.84683e-06,1.2760066e-09,-1.6781433e-07,-5.828203e-06,1.8138728e-05
9.959999999999832,-3.7307647e-05,-4.84683e-06,1.2760067e-09,-1.6781432e-07,-5.828203e-06,1.8138728e-05
9.969999999999832,-3.7307647e-05,-4.84683e-06,1.276007e-09,-1.678143e-07,-5.828203e-06,1.8138728e-05
9.979999999999832,-3.730765e-05,-4.84683e-06,1.2760067e-09,-1.6781432e-07,-5.828203e-06,1.8138728e-05
9.989999999999831,-3.7307647e-05,-4.84683e-06,1.2760067e-09,-1.6781432e-07,-5.828203e-06,1.8138728e-05
9.999999999999831,-3.7307647e-05,-4.84683e-06,1.2760066e-09,-1.6781432e-07,-5.828203e-06,1.8138728e-05
10.009999999999831,-3.7307647e-05,-4.84683e-06,1.2760066e-09,-1.6781433e-07,-5.828203e-06,1.8138728e-05
10.01999999999983,-3.7307647e-05,-4.84683e-06,1.2760067e-09,-1.6781432e-07,-5.828203e-06,1.8138728e-05
10.02999999999983,-3.7307647e-05,-4.8468296e-06,1.2760063e-09,-1.6781435e-07,-5.828203e-06,1.8138728e-05
10.03999999999983,-3.7307647e-05,-4.84683e-06,1.2760066e-09,-1.6781433e-07,-5.828203e-06,1.8138728e-05
10.04999999999983,-3.7307647e-05,-4.8468296e-06,1.2760064e-09,-1.6781435e-07,-5.828203e-06,1.8138728e-05
10.05999999999983,-3.7307647e-05,-4.84683e-06,1.2760069e-09,-1.678143e-07,-5.828203e-06,1.8138728e-05
10.06999999999983,-3.7307647e-05,-4.84683e-06,1.2760065e-09,-1.6781435e-07,-5.828203e-06,1.8138728e-05
10.07999999999983,-3.7307647e-05,-4.8468296e-06,1.2760065e-09,-1.6781435e-07,-5.828203e-06,1.8138728e-05
10.08999999999983,-3.730765e-05,-4.84683e-06,1.2760065e-09,-1.6781433e-07,-5.828203e-06,1.8138728e-05
10.09999999999983,-3.7307647e-05,-4.84683e-06,1.2760069e-09,-1.6781432e-07,-5.828203e-06,1.8138728e-05
10.109999999999829,-3.730765e-05,-4.84683e-06,1.2760067e-09,-1.6781432e-07,-5.828203e-06,1.8138728e-05
10.119999999999829,-3.7307647e-05,-4.84683e-06,1.2760067e-09,-1.6781432e-07,-5.828203e-06,1.8138728e-05
10.129999999999828,-3.7307647e-05,-4.84683e-06,1.2760066e-09,-1.6781433e-07,-5.828203e-06,1.8138728e-05
10.139999999999828,-3.7307647e-05,-4.84683e-06,1.2760067e-09,-1.6781432e-07,-5.828203e-06,1.8138728e-05
10.149999999999828,-3.7307647e-05,-4.8468296e-06,1.2760064e-09,-1.6781435e-07,-5.828203e-06,1.8138728e-05
10.159999999999828,-3.7307647e-05,-4.84683e-06,1.276007e-09,-1.678143e-07,-5.828203e-06,1.8138728e-05
10.169999999999828,-3.7307647e-05,-4.8468296e-06,1.2760066e-09,-1.6781433e-07,-5.828203e-06,1.8138728e-05
10.179999999999827,-3.730765e-05,-4.84683e-06,1.276007e-09,-1.678143e-07,-5.828203e-06,1.8138728e-05
10.189999999999827,-3.7307647e-05,-4.84683e-06,1.2760069e-09,-1.6781432e-07,-5.828203e-06,1.8138728e-05
10.199999999999827,-3.7307647e-05,-4.84683e-06,1.2760065e-09,-1.6781433e-07,-5.828203e-06,1.8138728e-05
10.209999999999827,-3.7307647e-05,-4.8468296e-06,1.2760066e-09,-1.6781432e-07,-5.828203e-06,1.8138728e-05
10.219999999999827,-3.730765e-05,-4.84683e-06,1.2760066e-09,-1.6781433e-07,-5.828203e-06,1.8138728e-05
10.229999999999826,-3.730765e-05,-4.84683e-06,1.276007e-09,-1.678143e-07,-5.828203e-06,1.8138728e-05
10.239999999999826,-3.7307647e-05,-4.8468296e-06,1.2760065e-09,-1.6781433e-07,-5.828203e-06,1.8138728e-05
10.249999999999826,-3.7307647e-05,-4.84683e-06,1.2760067e-09,-1.6781432e-07,-5.828203e-06,1.8138728e-05
10.259999999999826,-3.7307647e-05,-4.84683e-06,1.2760069e-09,-1.6781432e-07,-5.828203e-06,1.8138728e-05
10.269999999999825,-3.730765e-05,-4.84683e-06,1.2760067e-09,-1.6781432e-07,-5.828203e-06,1.8138728e-05
10.279999999999825,-3.7307647e-05,-4.84683e-06,1.2760066e-09,-1.6781433e-07,-5.828203e-06,1.8138728e-05
10.289999999999825,-3.7307647e-05,-4.8468296e-06,1.2760065e-09,-1.6781433e-07,-5.828203e-06,1.8138728e-05
10.299999999999825,-3.7307647e-05,-4.84683e-06,1.2760067e-09,-1.6781432e-07,-5.828203e-06,1.8138728e-05
10.309999999999825,-3.730765e-05,-4.84683e-06,1.2760067e-09,-1.6781432e-07,-5.828203e-06,1.8138728e-05
10.319999999999824,-3.730765e-05,-4.84683e-06,1.2760066e-09,-1.6781433e-07,-5.828203e-06,1.8138728e-05
10.329999999999824,-3.7307647e-05,-4.84683e-06,1.2760066e-09,-1.6781433e-07,-5.828203e-06,1.8138728e-05
10.339999999999824,-3.7307647e-05,-4.8468296e-06,1.2760063e-09,-1.6781435e-07,-5.828203e-06,1.8138728e-05
10.349999999999824,-3.7307647e-05,-4.8468296e-06,1.2760065e-09,-1.6781433e-07,-5.828203e-06,1.8138728e-05
10.359999999999824,-3.7307647e-05,-4.84683e-06,1.2760066e-09,-1.6781433e-07,-5.828203e-06,1.8138728e-05
10.369999999999823,-3.7307647e-05,-4.8468296e-06,1.2760065e-09,-1.6781433e-07,-5.828203e-06,1.8138728e-05
10.379999999999823,-3.7307647e-05,-4.84683e-06,1.2760069e-09,-1.6781432e-07,-5.828203e-06,1.8138728e-05
10.389999999999823,-3.7307647e-05,-4.84683e-06,1.2760065e-09,-1.6781433e-07,-5.828203e-06,1.8138728e-05
10.399999999999823,-3.7307647e-05,-4.8468296e-06,1.2760066e-09,-1.6781433e-07,-5.828203e-06,1.8138728e-05
10.409999999999823,-3.7307647e-05,-4.84683e-06,1.2760069e-09,-1.6781432e-07,-5.828203e-06,1.8138728e-05
10.419999999999822,-3.7307647e-05,-4.84683e-06,1.2760071e-09,-1.678143e-07,-5.828203e-06,1.8138728e-05
10.429999999999822,-3.7307647e-05,-4.84683e-06,1.2760069e-09,-1.6781432e-07,-5.828203e-06,1.8138728e-05
10.439999999999822,-3.7307647e-05,-4.84683e-06,1.2760067e-09,-1.6781432e-07,-5.828203e-06,1.8138728e-05
10.449999999999822,-3.7307647e-05,-4.84683e-06,1.2760066e-09,-1.6781433e-07,-5.828203e-06,1.8138728e-05
10.459999999999821,-3.7307647e-05,-4.84683e-06,1.2760066e-09,-1.6781432e-07,-5.828203e-06,1.8138728e-05
10.469999999999821,-3.7307647e-05,-4.84683e-06,1.2760066e-09,-1.6781433e-07,-5.828203e-06,1.8138728e-05
10.479999999999821,-3.7307647e-05,-4.84683e-06,1.2760069e-09,-1.678143e-07,-5.828203e-06,1.8138728e-05
10.48999999999982,-3.7307647e-05,-4.8468296e-06,1.2760069e-09,-1.678143e-07,-5.828203e-06,1.8138728e-05
10.49999999999982,-3.7307647e-05,-4.84683e-06,1.276007e-09,-1.678143e-07,-5.828203e-06,1.8138728e-05
10.50999999999982,-3.7307647e-05,-4.84683e-06,1.2760069e-09,-1.6781432e-07,-5.828203e-06,1.8138728e-05
10.51999999999982,-3.7307647e-05,-4.84683e-06,1.2760065e-09,-1.6781433e-07,-5.828203e-06,1.8138728e-05
10.52999999999982,-3.7307647e-05,-4.84683e-06,1.2760066e-09,-1.6781432e-07,-5.828203e-06,1.8138728e-05
10.53999999999982,-3.7307647e-05,-4.84683e-06,1.2760069e-09,-1.6781432e-07,-5.828203e-06,1.8138728e-05
10.54999999999982,-3.7307647e-05,-4.84683e-06,1.2760066e-09,-1.6781433e-07,-5.828203e-06,1.8138728e-05
10.55999999999982,-3.7307647e-05,-4.84683e-06,1.2760067e-09,-1.6781432e-07,-5.828203e-06,1.8138728e-05
10.569999999999819,-3.730765e-05,-4.84683e-06,1.2760066e-09,-1.6781432e-07,-5.828203e-06,1.8138728e-05
10.579999999999819,-3.730765e-05,-4.84683e-06,1.2760069e-09,-1.6781432e-07,-5.828203e-06,1.8138728e-05
10.589999999999819,-3.7307647e-05,-4.84683e-06,1.2760066e-09,-1.6781433e-07,-5.828203e-06,1.8138728e-05
10.599999999999818,-3.7307647e-05,-4.84683e-06,1.2760067e-09,-1.6781432e-07,-5.828203e-06,1.8138728e-05
10.609999999999818,-3.730765e-05,-4.84683e-06,1.2760069e-09,-1.6781432e-07,-5.828203e-06,1.8138728e-05
10.619999999999818,-3.7307647e-05,-4.8468296e-06,1.2760065e-09,-1.6781433e-07,-5.828203e-06,1.8138728e-05
10.629999999999818,-3.730765e-05,-4.84683e-06,1.276007e-09,-1.678143e-07,-5.828203e-06,1.8138728e-05
10.639999999999818,-3.7307647e-05,-4.84683e-06,1.2760069e-09,-1.6781432e-07,-5.828203e-06,1.8138728e-05
10.649999999999817,-3.7307647e-05,-4.8468296e-06,1.2760065e-09,-1.6781433e-07,-5.828203e-06,1.8138728e-05
10.659999999999817,-3.7307647e-05,-4.8468296e-06,1.2760063e-09,-1.6781436e-07,-5.828203e-06,1.8138728e-05
10.669999999999817,-3.7307647e-05,-4.84683e-06,1.2760069e-09,-1.678143e-07,-5.828203e-06,1.8138728e-05
10.679999999999817,-3.7307647e-05,-4.84683e-06,1.2760066e-09,-1.6781433e-07,-5.828203e-06,1.8138728e-05
10.689999999999817,-3.7307647e-05,-4.84683e-06,1.2760065e-09,-1.6781435e-07,-5.828203e-06,1.8138728e-05
10.699999999999816,-3.7307647e-05,-4.8468296e-06,1.2760066e-09,-1.6781433e-07,-5.828203e-06,1.8138728e-05
10.709999999999816,-3.7307647e-05,-4.84683e-06,1.2760066e-09,-1.6781433e-07,-5.828203e-06,1.8138728e-05
10.719999999999816,-3.7307647e-05,-4.84683e-06,1.2760067e-09,-1.6781433e-07,-5.828203e-06,1.8138728e-05
10.729999999999816,-3.7307647e-05,-4.84683e-06,1.2760069e-09,-1.6781432e-07,-5.828203e-06,1.8138728e-05
10.739999999999815,-3.730765e-05,-4.84683e-06,1.2760066e-09,-1.6781433e-07,-5.828203e-06,1.8138728e-05
10.749999999999815,-3.730765e-05,-4.84683e-06,1.276007e-09,-1.678143e-07,-5.828203e-06,1.8138728e-05
10.759999999999815,-3.730765e-05,-4.84683e-06,1.2760067e-09,-1.6781432e-07,-5.828203e-06,1.8138728e-05
10.769999999999815,-3.7307647e-05,-4.84683e-06,1.2760067e-09,-1.6781432e-07,-5.828203e-06,1.8138728e-05
10.779999999999815,-3.7307647e-05,-4.84683e-06,1.276007e-09,-1.678143e-07,-5.828203e-06,1.8138728e-05
10.789999999999814,-3.7307647e-05,-4.84683e-06,1.2760066e-09,-1.6781433e-07,-5.828203e-06,1.8138728e-05
10.799999999999814,-3.730765e-05,-4.84683e-06,1.2760069e-09,-1.6781432e-07,-5.828203e-06,1.8138728e-05
10.809999999999814,-3.7307647e-05,-4.84683e-06,1.2760067e-09,-1.6781432e-07,-5.828203e-06,1.8138728e-05
10.819999999999814,-3.7307647e-05,-4.8468296e-06,1.2760066e-09,-1.6781433e-07,-5.828203e-06,1.8138728e-05
10.829999999999814,-3.7307647e-05,-4.84683e-06,1.2760067e-09,-1.6781432e-07,-5.828203e-06,1.8138728e-05
10.839999999999813,-3.7307647e-05,-4.84683e-06,1.2760066e-09,-1.6781433e-07,-5.828203e-06,1.8138728e-05
10.849999999999813,-3.730765e-05,-4.84683e-06,1.2760069e-09,-1.6781432e-07,-5.828203e-06,1.8138728e-05
10.859999999999813,-3.7307647e-05,-4.84683e-06,1.276007e-09,-1.678143e-07,-5.828203e-06,1.8138728e-05
10.869999999999813,-3.730765e-05,-4.84683e-06,1.2760071e-09,-1.678143e-07,-5.828203e-06,1.8138728e-05
10.879999999999812,-3.730765e-05,-4.84683e-06,1.276007e-09,-1.678143e-07,-5.828203e-06,1.8138728e-05
10.889999999999812,-3.730765e-05,-4.8468296e-06,1.2760064e-09,-1.6781435e-07,-5.828203e-06,1.8138728e-05
10.899999999999812,-3.7307647e-05,-4.84683e-06,1.2760069e-09,-1.6781432e-07,-5.828203e-06,1.8138728e-05
10.909999999999812,-3.7307647e-05,-4.84683e-06,1.2760064e-09,-1.6781435e-07,-5.828203e-06,1.8138728e-05
10.919999999999812,-3.7307647e-05,-4.84683e-06,1.276007e-09,-1.678143e-07,-5.828203e-06,1.8138728e-05
10.929999999999811,-3.7307647e-05,-4.84683e-06,1.2760067e-09,-1.6781432e-07,-5.828203e-06,1.8138728e-05
10.939999999999811,-3.7307647e-05,-4.84683e-06,1.2760067e-09,-1.6781432e-07,-5.828203e-06,1.8138728e-05
10.949999999999811,-3.730765e-05,-4.84683e-06,1.2760069e-09,-1.6781432e-07,-5.828203e-06,1.8138728e-05
10.95999999999981,-3.7307647e-05,-4.84683e-06,1.2760069e-09,-1.6781432e-07,-5.828203e-06,1.8138728e-05
10.96999999999981,-3.7307647e-05,-4.84683e-06,1.2760067e-09,-1.6781432e-07,-5.828203e-06,1.8138728e-05
10.97999999999981,-3.7307647e-05,-4.84683e-06,1.2760067e-09,-1.6781432e-07,-5.828203e-06,1.8138728e-05
10.98999999999981,-3.7307647e-05,-4.8468296e-06,1.2760062e-09,-1.6781436e-07,-5.828203e-06,1.8138728e-05
10.99999999999981,-3.7307647e-05,-4.84683e-06,1.2760067e-09,-1.6781432e-07,-5.828203e-06,1.8138728e-05
11.00999999999981,-3.7307647e-05,-4.8468296e-06,1.2760066e-09,-1.6781433e-07,-5.828203e-06,1.8138728e-05
11.01999999999981,-3.7307647e-05,-4.84683e-06,1.2760065e-09,-1.6781435e-07,-5.828203e-06,1.8138728e-05
11.02999999999981,-3.7307647e-05,-4.8468296e-06,1.2760064e-09,-1.6781435e-07,-5.828203e-06,1.8138728e-05
11.039999999999809,-3.7307647e-05,-4.84683e-06,1.2760067e-09,-1.6781432e-07,-5.828203e-06,1.8138728e-05
11.049999999999809,-3.730765e-05,-4.84683e-06,1.2760069e-09,-1.678143e-07,-5.828203e-06,1.8138728e-05
11.059999999999809,-3.7307647e-05,-4.84683e-06,1.276007e-09,-1.678143e-07,-5.828203e-06,1.8138728e-05
11.069999999999808,-3.7307647e-05,-4.84683e-06,1.2760066e-09,-1.6781432e-07,-5.828203e-06,1.8138728e-05
11.079999999999808,-3.730765e-05,-4.84683e-06,1.2760069e-09,-1.678143e-07,-5.828203e-06,1.8138728e-05
11.089999999999808,-3.7307647e-05,-4.84683e-06,1.2760064e-09,-1.6781435e-07,-5.828203e-06,1.8138728e-05
11.099999999999808,-3.730765e-05,-4.84683e-06,1.2760067e-09,-1.6781432e-07,-5.828203e-06,1.8138728e-05
11.109999999999808,-3.7307647e-05,-4.84683e-06,1.2760067e-09,-1.6781432e-07,-5.828203e-06,1.8138728e-05
11.119999999999807,-3.7307647e-05,-4.84683e-06,1.2760067e-09,-1.6781432e-07,-5.828203e-06,1.8138728e-05
11.129999999999807,-3.7307647e-05,-4.84683e-06,1.2760069e-09,-1.6781432e-07,-5.828203e-06,1.8138728e-05
11.139999999999807,-3.7307647e-05,-4.84683e-06,1.2760067e-09,-1.6781432e-07,-5.828203e-06,1.8138728e-05
11.149999999999807,-3.7307647e-05,-4.84683e-06,1.2760066e-09,-1.6781433e-07,-5.828203e-06,1.8138728e-05
11.159999999999807,-3.730765e-05,-4.84683e-06,1.2760069e-09,-1.678143e-07,-5.828203e-06,1.8138728e-05
11.169999999999806,-3.730765e-05,-4.84683e-06,1.2760069e-09,-1.6781432e-07,-5.828203e-06,1.8138728e-05
11.179999999999806,-3.7307647e-05,-4.8468296e-06,1.2760063e-09,-1.6781435e-07,-5.828203e-06,1.8138728e-05
11.189999999999806,-3.7307647e-05,-4.8468296e-06,1.2760065e-09,-1.6781433e-07,-5.828203e-06,1.8138728e-05
11.199999999999806,-3.7307647e-05,-4.84683e-06,1.2760069e-09,-1.678143e-07,-5.828203e-06,1.8138728e-05
11.209999999999805,-3.7307647e-05,-4.8468296e-06,1.2760065e-09,-1.6781433e-07,-5.828203e-06,1.8138728e-05
11.219999999999805,-3.730765e-05,-4.84683e-06,1.2760065e-09,-1.6781435e-07,-5.828203e-06,1.8138728e-05
11.229999999999805,-3.7307647e-05,-4.8468296e-06,1.2760064e-09,-1.6781435e-07,-5.828203e-06,1.8138728e-05
11.239999999999805,-3.7307647e-05,-4.84683e-06,1.2760069e-09,-1.6781432e-07,-5.828203e-06,1.8138728e-05
11.249999999999805,-3.730765e-05,-4.84683e-06,1.2760067e-09,-1.6781433e-07,-5.828203e-06,1.8138728e-05
11.259999999999804,-3.7307647e-05,-4.84683e-06,1.2760065e-09,-1.6781433e-07,-5.828203e-06,1.8138728e-05
11.269999999999804,-3.7307647e-05,-4.84683e-06,1.2760069e-09,-1.6781432e-07,-5.828203e-06,1.8138728e-05
11.279999999999804,-3.730765e-05,-4.84683e-06,1.2760069e-09,-1.6781432e-07,-5.828203e-06,1.8138728e-05
11.289999999999804,-3.730765e-05,-4.84683e-06,1.276007e-09,-1.678143e-07,-5.828203e-06,1.8138728e-05
11.299999999999804,-3.7307647e-05,-4.84683e-06,1.2760066e-09,-1.6781433e-07,-5.828203e-06,1.8138728e-05
11.309999999999803,-3.7307647e-05,-4.84683e-06,1.2760069e-09,-1.6781432e-07,-5.828203e-06,1.8138728e-05
11.319999999999803,-3.7307647e-05,-4.8468296e-06,1.2760066e-09,-1.6781433e-07,-5.828203e-06,1.8138728e-05
11.329999999999803,-3.7307647e-05,-4.84683e-06,1.2760066e-09,-1.6781433e-07,-5.828203e-06,1.8138728e-05
11.339999999999803,-3.7307647e-05,-4.84683e-06,1.2760069e-09,-1.678143e-07,-5.828203e-06,1.8138728e-05
11.349999999999802,-3.7307647e-05,-4.84683e-06,1.2760067e-09,-1.6781432e-07,-5.828203e-06,1.8138728e-05
11.359999999999802,-3.7307647e-05,-4.84683e-06,1.2760067e-09,-1.6781432e-07,-5.828203e-06,1.8138728e-05
11.369999999999802,-3.7307647e-05,-4.84683e-06,1.2760067e-09,-1.6781432e-07,-5.828203e-06,1.8138728e-05
11.379999999999802,-3.7307647e-05,-4.8468296e-06,1.2760066e-09,-1.6781433e-07,-5.828203e-06,1.8138728e-05
11.389999999999802,-3.7307647e-05,-4.84683e-06,1.2760065e-09,-1.6781433e-07,-5.828203e-06,1.8138728e-05
11.399999999999801,-3.730765e-05,-4.84683e-06,1.276007e-09,-1.678143e-07,-5.828203e-06,1.8138728e-05
11.409999999999801,-3.7307647e-05,-4.84683e-06,1.2760065e-09,-1.6781433e-07,-5.828203e-06,1.8138728e-05
11.419999999999801,-3.7307647e-05,-4.8468296e-06,1.2760065e-09,-1.6781433e-07,-5.828203e-06,1.8138728e-05
11.4299999999998,-3.7307647e-05,-4.84683e-06,1.276007e-09,-1.678143e-07,-5.828203e-06,1.8138728e-05
11.4399999999998,-3.730765e-05,-4.84683e-06,1.2760069e-09,-1.6781432e-07,-5.828203e-06,1.8138728e-05
11.4499999999998,-3.7307647e-05,-4.84683e-06,1.2760069e-09,-1.6781432e-07,-5.828203e-06,1.8138728e-05
11.4599999999998,-3.7307647e-05,-4.84683e-06,1.2760067e-09,-1.6781432e-07,-5.828203e-06,1.8138728e-05
11.4699999999998,-3.7307647e-05,-4.84683e-06,1.2760069e-09,-1.6781432e-07,-5.828203e-06,1.8138728e-05
11.4799999999998,-3.730765e-05,-4.84683e-06,1.2760069e-09,-1.6781432e-07,-5.828203e-06,1.8138728e-05
11.4899999999998,-3.730765e-05,-4.84683e-06,1.2760067e-09,-1.6781432e-07,-5.828203e-06,1.8138728e-05
11.4999999999998,-3.7307647e-05,-4.84683e-06,1.2760069e-09,-1.678143e-07,-5.828203e-06,1.8138728e-05
11.509999999999799,-3.730765e-05,-4.84683e-06,1.276007e-09,-1.678143e-07,-5.828203e-06,1.8138728e-05
11.519999999999799,-3.7307647e-05,-4.84683e-06,1.2760069e-09,-1.6781432e-07,-5.828203e-06,1.8138728e-05
11.529999999999799,-3.7307647e-05,-4.8468296e-06,1.2760066e-09,-1.6781432e-07,-5.828203e-06,1.8138728e-05
11.539999999999798,-3.7307647e-05,-4.8468296e-06,1.2760067e-09,-1.6781432e-07,-5.828203e-06,1.8138728e-05
11.549999999999798,-3.730765e-05,-4.84683e-06,1.2760069e-09,-1.678143e-07,-5.828203e-06,1.8138728e-05
11.559999999999798,-3.730765e-05,-4.84683e-06,1.2760069e-09,-1.678143e-07,-5.828203e-06,1.8138728e-05
11.569999999999798,-3.7307647e-05,-4.84683e-06,1.2760066e-09,-1.6781433e-07,-5.828203e-06,1.8138728e-05
11.579999999999798,-3.7307647e-05,-4.8468296e-06,1.2760064e-09,-1.6781435e-07,-5.828203e-06,1.8138728e-05
11.589999999999797,-3.7307647e-05,-4.84683e-06,1.2760067e-09,-1.6781432e-07,-5.828203e-06,1.8138728e-05
11.599999999999797,-3.7307647e-05,-4.84683e-06,1.2760066e-09,-1.6781432e-07,-5.828203e-06,1.8138728e-05
11.609999999999797,-3.730765e-05,-4.84683e-06,1.276007e-09,-1.678143e-07,-5.828203e-06,1.8138728e-05
11.619999999999797,-3.7307647e-05,-4.84683e-06,1.2760069e-09,-1.678143e-07,-5.828203e-06,1.8138728e-05
11.629999999999797,-3.7307647e-05,-4.84683e-06,1.2760066e-09,-1.6781433e-07,-5.828203e-06,1.8138728e-05
11.639999999999796,-3.730765e-05,-4.84683e-06,1.276007e-09,-1.678143e-07,-5.828203e-06,1.8138728e-05
11.649999999999796,-3.730765e-05,-4.84683e-06,1.2760067e-09,-1.6781433e-07,-5.828203e-06,1.8138728e-05
11.659999999999796,-3.730765e-05,-4.84683e-06,1.2760067e-09,-1.6781432e-07,-5.828203e-06,1.8138728e-05
11.669999999999796,-3.7307647e-05,-4.8468296e-06,1.2760064e-09,-1.6781435e-07,-5.828203e-06,1.8138728e-05
11.679999999999795,-3.730765e-05,-4.84683e-06,1.276007e-09,-1.678143e-07,-5.828203e-06,1.8138728e-05
11.689999999999795,-3.730765e-05,-4.84683e-06,1.2760066e-09,-1.6781433e-07,-5.828203e-06,1.8138728e-05
11.699999999999795,-3.7307647e-05,-4.84683e-06,1.2760067e-09,-1.6781432e-07,-5.828203e-06,1.8138728e-05
11.709999999999795,-3.7307647e-05,-4.84683e-06,1.2760067e-09,-1.6781432e-07,-5.828203e-06,1.8138728e-05
11.719999999999795,-3.730765e-05,-4.84683e-06,1.2760067e-09,-1.6781432e-07,-5.828203e-06,1.8138728e-05
11.729999999999794,-3.7307647e-05,-4.84683e-06,1.2760067e-09,-1.6781432e-07,-5.828203e-06,1.8138728e-05
11.739999999999794,-3.730765e-05,-4.84683e-06,1.2760067e-09,-1.6781432e-07,-5.828203e-06,1.8138728e-05
11.749999999999794,-3.7307647e-05,-4.84683e-06,1.2760066e-09,-1.6781433e-07,-5.828203e-06,1.8138728e-05
11.759999999999794,-3.7307647e-05,-4.8468296e-06,1.2760065e-09,-1.6781433e-07,-5.828203e-06,1.8138728e-05
11.769999999999794,-3.730765e-05,-4.84683e-06,1.2760066e-09,-1.6781433e-07,-5.828203e-06,1.8138728e-05
11.779999999999793,-3.7307647e-05,-4.8468296e-06,1.2760067e-09,-1.6781432e-07,-5.828203e-06,1.8138728e-05
11.789999999999793,-3.730765e-05,-4.84683e-06,1.2760065e-09,-1.6781435e-07,-5.828203e-06,1.8138728e-05
11.799999999999793,-3.730765e-05,-4.84683e-06,1.2760066e-09,-1.6781433e-07,-5.828203e-06,1.8138728e-05
11.809999999999793,-3.730765e-05,-4.84683e-06,1.2760065e-09,-1.6781433e-07,-5.828203e-06,1.8138728e-05
11.819999999999792,-3.7307647e-05,-4.84683e-06,1.2760066e-09,-1.6781433e-07,-5.828203e-06,1.8138728e-05
11.829999999999792,-3.7307647e-05,-4.84683e-06,1.2760067e-09,-1.6781432e-07,-5.828203e-06,1.8138728e-05
11.839999999999792,-3.7307647e-05,-4.84683e-06,1.2760069e-09,-1.678143e-07,-5.828203e-06,1.8138728e-05
11.849999999999792,-3.7307647e-05,-4.84683e-06,1.2760065e-09,-1.6781433e-07,-5.828203e-06,1.8138728e-05
11.859999999999792,-3.730765e-05,-4.84683e-06,1.2760066e-09,-1.6781433e-07,-5.828203e-06,1.8138728e-05
11.869999999999791,-3.7307647e-05,-4.84683e-06,1.2760066e-09,-1.6781433e-07,-5.828203e-06,1.8138728e-05
11.879999999999791,-3.7307647e-05,-4.84683e-06,1.2760065e-09,-1.6781433e-07,-5.828203e-06,1.8138728e-05
11.889999999999791,-3.7307647e-05,-4.84683e-06,1.2760066e-09,-1.6781433e-07,-5.828203e-06,1.8138728e-05
11.89999999999979,-3.7307647e-05,-4.84683e-06,1.2760067e-09,-1.6781432e-07,-5.828203e-06,1.8138728e-05
11.90999999999979,-3.7307647e-05,-4.84683e-06,1.2760069e-09,-1.6781432e-07,-5.828203e-06,1.8138728e-05
11.91999999999979,-3.730765e-05,-4.84683e-06,1.2760069e-09,-1.6781432e-07,-5.828203e-06,1.8138728e-05
11.92999999999979,-3.7307647e-05,-4.8468296e-06,1.2760067e-09,-1.6781432e-07,-5.828203e-06,1.8138728e-05
11.93999999999979,-3.730765e-05,-4.84683e-06,1.276007e-09,-1.678143e-07,-5.828203e-06,1.8138728e-05
11.94999999999979,-3.7307647e-05,-4.84683e-06,1.2760069e-09,-1.678143e-07,-5.828203e-06,1.8138728e-05
11.95999999999979,-3.7307647e-05,-4.84683e-06,1.2760069e-09,-1.6781432e-07,-5.828203e-06,1.8138728e-05
11.96999999999979,-3.730765e-05,-4.84683e-06,1.2760069e-09,-1.6781432e-07,-5.828203e-06,1.8138728e-05
11.979999999999789,-3.730765e-05,-4.84683e-06,1.2760066e-09,-1.6781433e-07,-5.828203e-06,1.8138728e-05
11.989999999999789,-3.7307647e-05,-4.84683e-06,1.2760064e-09,-1.6781435e-07,-5.828203e-06,1.8138728e-05
11.999999999999789,-3.730765e-05,-4.84683e-06,1.276007e-09,-1.678143e-07,-5.828203e-06,1.8138728e-05
12.009999999999788,-3.7307647e-05,-4.84683e-06,1.2760066e-09,-1.6781432e-07,-5.828203e-06,1.8138728e-05
12.019999999999788,-3.7307647e-05,-4.84683e-06,1.2760066e-09,-1.6781433e-07,-5.828203e-06,1.8138728e-05
12.029999999999788,-3.730765e-05,-4.84683e-06,1.2760067e-09,-1.6781432e-07,-5.828203e-06,1.8138728e-05
12.039999999999788,-3.730765e-05,-4.84683e-06,1.2760069e-09,-1.6781432e-07,-5.828203e-06,1.8138728e-05
12.049999999999788,-3.7307647e-05,-4.84683e-06,1.2760069e-09,-1.6781432e-07,-5.828203e-06,1.8138728e-05
12.059999999999787,-3.7307647e-05,-4.84683e-06,1.2760066e-09,-1.6781433e-07,-5.828203e-06,1.8138728e-05
12.069999999999787,-3.7307647e-05,-4.84683e-06,1.2760067e-09,-1.6781432e-07,-5.828203e-06,1.8138728e-05
12.079999999999787,-3.7307647e-05,-4.84683e-06,1.276007e-09,-1.678143e-07,-5.828203e-06,1.8138728e-05
12.089999999999787,-3.7307647e-05,-4.84683e-06,1.2760067e-09,-1.6781432e-07,-5.828203e-06,1.8138728e-05
12.099999999999786,-3.7307647e-05,-4.8468296e-06,1.2760063e-09,-1.6781436e-07,-5.828203e-06,1.8138728e-05
12.109999999999786,-3.7307647e-05,-4.84683e-06,1.2760067e-09,-1.6781432e-07,-5.828203e-06,1.8138728e-05
12.119999999999786,-3.7307647e-05,-4.84683e-06,1.2760067e-09,-1.6781432e-07,-5.828203e-06,1.8138728e-05
12.129999999999786,-3.7307647e-05,-4.84683e-06,1.2760067e-09,-1.6781432e-07,-5.828203e-06,1.8138728e-05
12.139999999999786,-3.7307647e-05,-4.84683e-06,1.2760067e-09,-1.6781432e-07,-5.828203e-06,1.8138728e-05
12.149999999999785,-3.730765e-05,-4.8468296e-06,1.2760064e-09,-1.6781435e-07,-5.828203e-06,1.8138728e-05
12.159999999999785,-3.7307647e-05,-4.84683e-06,1.2760065e-09,-1.6781433e-07,-5.828203e-06,1.8138728e-05
12.169999999999785,-3.7307647e-05,-4.84683e-06,1.2760066e-09,-1.6781433e-07,-5.828203e-06,1.8138728e-05
12.179999999999785,-3.730765e-05,-4.84683e-06,1.2760067e-09,-1.6781432e-07,-5.828203e-06,1.8138728e-05
12.189999999999785,-3.7307647e-05,-4.8468296e-06,1.2760063e-09,-1.6781435e-07,-5.828203e-06,1.8138728e-05
12.199999999999784,-3.7307647e-05,-4.84683e-06,1.2760069e-09,-1.6781432e-07,-5.828203e-06,1.8138728e-05
12.209999999999784,-3.7307647e-05,-4.84683e-06,1.2760067e-09,-1.6781432e-07,-5.828203e-06,1.8138728e-05
12.219999999999784,-3.7307647e-05,-4.84683e-06,1.2760067e-09,-1.6781432e-07,-5.828203e-06,1.8138728e-05
12.229999999999784,-3.730765e-05,-4.84683e-06,1.2760067e-09,-1.6781432e-07,-5.828203e-06,1.8138728e-05
12.239999999999783,-3.730765e-05,-4.84683e-06,1.2760066e-09,-1.6781433e-07,-5.828203e-06,1.8138728e-05
12.249999999999783,-3.730765e-05,-4.84683e-06,1.2760067e-09,-1.6781432e-07,-5.828203e-06,1.8138728e-05
12.259999999999783,-3.730765e-05,-4.84683e-06,1.2760069e-09,-1.6781432e-07,-5.828203e-06,1.8138728e-05
12.269999999999783,-3.7307647e-05,-4.84683e-06,1.276007e-09,-1.678143e-07,-5.828203e-06,1.8138728e-05
12.279999999999783,-3.7307647e-05,-4.8468296e-06,1.2760067e-09,-1.6781432e-07,-5.828203e-06,1.8138728e-05
12.289999999999782,-3.7307647e-05,-4.84683e-06,1.276007e-09,-1.678143e-07,-5.828203e-06,1.8138728e-05
12.299999999999782,-3.7307647e-05,-4.84683e-06,1.2760065e-09,-1.6781433e-07,-5.828203e-06,1.8138728e-05
12.309999999999782,-3.7307647e-05,-4.84683e-06,1.2760067e-09,-1.6781432e-07,-5.828203e-06,1.8138728e-05
12.319999999999782,-3.7307647e-05,-4.84683e-06,1.2760071e-09,-1.6781429e-07,-5.828203e-06,1.8138728e-05
12.329999999999782,-3.7307647e-05,-4.84683e-06,1.2760067e-09,-1.6781432e-07,-5.828203e-06,1.8138728e-05
12.339999999999781,-3.7307647e-05,-4.84683e-06,1.2760069e-09,-1.6781432e-07,-5.828203e-06,1.8138728e-05
12.349999999999781,-3.7307647e-05,-4.84683e-06,1.2760065e-09,-1.6781433e-07,-5.828203e-06,1.8138728e-05
12.359999999999781,-3.7307647e-05,-4.84683e-06,1.276007e-09,-1.678143e-07,-5.828203e-06,1.8138728e-05
12.36999999999978,-3.7307647e-05,-4.84683e-06,1.2760065e-09,-1.6781433e-07,-5.828203e-06,1.8138728e-05
12.37999999999978,-3.7307647e-05,-4.84683e-06,1.2760067e-09,-1.6781432e-07,-5.828203e-06,1.8138728e-05
12.38999999999978,-3.730765e-05,-4.84683e-06,1.276007e-09,-1.678143e-07,-5.828203e-06,1.8138728e-05
12.39999999999978,-3.7307647e-05,-4.84683e-06,1.2760067e-09,-1.6781432e-07,-5.828203e-06,1.8138728e-05
12.40999999999978,-3.7307647e-05,-4.84683e-06,1.2760069e-09,-1.678143e-07,-5.828203e-06,1.8138728e-05
12.41999999999978,-3.7307647e-05,-4.8468296e-06,1.2760065e-09,-1.6781433e-07,-5.828203e-06,1.8138728e-05
12.42999999999978,-3.7307647e-05,-4.8468296e-06,1.2760064e-09,-1.6781433e-07,-5.828203e-06,1.8138728e-05
12.43999999999978,-3.7307647e-05,-4.84683e-06,1.2760066e-09,-1.6781433e-07,-5.828203e-06,1.8138728e-05
12.449999999999779,-3.7307647e-05,-4.8468296e-06,1.2760065e-09,-1.6781433e-07,-5.828203e-06,1.8138728e-05
12.459999999999779,-3.730765e-05,-4.84683e-06,1.2760067e-09,-1.6781432e-07,-5.828203e-06,1.8138728e-05
12.469999999999779,-3.7307647e-05,-4.84683e-06,1.2760065e-09,-1.6781435e-07,-5.828203e-06,1.8138728e-05
12.479999999999778,-3.7307647e-05,-4.8468296e-06,1.2760066e-09,-1.6781433e-07,-5.828203e-06,1.8138728e-05
12.489999999999778,-3.7307647e-05,-4.8468296e-06,1.2760065e-09,-1.6781433e-07,-5.828203e-06,1.8138728e-05
12.499999999999778,-3.7307647e-05,-4.84683e-06,1.2760067e-09,-1.6781432e-07,-5.828203e-06,1.8138728e-05
12.509999999999778,-3.7307647e-05,-4.8468296e-06,1.2760064e-09,-1.6781435e-07,-5.828203e-06,1.8138728e-05
12.519999999999778,-3.7307647e-05,-4.84683e-06,1.2760066e-09,-1.6781433e-07,-5.828203e-06,1.8138728e-05
12.529999999999777,-3.7307647e-05,-4.84683e-06,1.2760066e-09,-1.6781433e-07,-5.828203e-06,1.8138728e-05
12.539999999999777,-3.7307647e-05,-4.8468296e-06,1.2760064e-09,-1.6781435e-07,-5.828203e-06,1.8138728e-05
12.549999999999777,-3.7307647e-05,-4.8468296e-06,1.2760065e-09,-1.6781433e-07,-5.828203e-06,1.8138728e-05
12.559999999999777,-3.730765e-05,-4.84683e-06,1.2760069e-09,-1.6781432e-07,-5.828203e-06,1.8138728e-05
12.569999999999776,-3.7307647e-05,-4.8468296e-06,1.2760066e-09,-1.6781432e-07,-5.828203e-06,1.8138728e-05
12.579999999999776,-3.7307647e-05,-4.84683e-06,1.2760065e-09,-1.6781435e-07,-5.828203e-06,1.8138728e-05
12.589999999999776,-3.7307647e-05,-4.8468296e-06,1.2760065e-09,-1.6781433e-07,-5.828203e-06,1.8138728e-05
12.599999999999776,-3.730765e-05,-4.84683e-06,1.2760067e-09,-1.6781432e-07,-5.828203e-06,1.8138728e-05
12.609999999999776,-3.7307647e-05,-4.8468296e-06,1.2760065e-09,-1.6781435e-07,-5.828203e-06,1.8138728e-05
12.619999999999775,-3.7307647e-05,-4.84683e-06,1.2760067e-09,-1.6781432e-07,-5.828203e-06,1.8138728e-05
12.629999999999775,-3.7307647e-05,-4.84683e-06,1.2760065e-09,-1.6781433e-07,-5.828203e-06,1.8138728e-05
12.639999999999775,-3.730765e-05,-4.84683e-06,1.2760069e-09,-1.6781432e-07,-5.828203e-06,1.8138728e-05
12.649999999999775,-3.7307647e-05,-4.8468296e-06,1.2760066e-09,-1.6781433e-07,-5.828203e-06,1.8138728e-05
12.659999999999775,-3.7307647e-05,-4.8468296e-06,1.2760066e-09,-1.6781433e-07,-5.828203e-06,1.8138728e-05
12.669999999999774,-3.7307647e-05,-4.84683e-06,1.2760066e-09,-1.6781433e-07,-5.828203e-06,1.8138728e-05
12.679999999999774,-3.730765e-05,-4.84683e-06,1.2760067e-09,-1.6781432e-07,-5.828203e-06,1.8138728e-05
12.689999999999774,-3.7307647e-05,-4.84683e-06,1.2760065e-09,-1.6781435e-07,-5.828203e-06,1.8138728e-05
12.699999999999774,-3.730765e-05,-4.84683e-06,1.2760067e-09,-1.6781433e-07,-5.828203e-06,1.8138728e-05
12.709999999999773,-3.7307647e-05,-4.84683e-06,1.2760066e-09,-1.6781433e-07,-5.828203e-06,1.8138728e-05
12.719999999999773,-3.7307647e-05,-4.8468296e-06,1.2760063e-09,-1.6781435e-07,-5.828203e-06,1.8138728e-05
12.729999999999773,-3.7307647e-05,-4.84683e-06,1.2760067e-09,-1.6781432e-07,-5.828203e-06,1.8138728e-05
12.739999999999773,-3.7307647e-05,-4.84683e-06,1.2760069e-09,-1.6781432e-07,-5.828203e-06,1.8138728e-05
12.749999999999773,-3.7307647e-05,-4.8468296e-06,1.2760065e-09,-1.6781433e-07,-5.828203e-06,1.8138728e-05
12.759999999999772,-3.730765e-05,-4.84683e-06,1.2760066e-09,-1.6781433e-07,-5.828203e-06,1.8138728e-05
12.769999999999772,-3.7307647e-05,-4.84683e-06,1.2760065e-09,-1.6781433e-07,-5.828203e-06,1.8138728e-05
12.779999999999772,-3.7307647e-05,-4.8468296e-06,1.2760065e-09,-1.6781433e-07,-5.828203e-06,1.8138728e-05
12.789999999999772,-3.7307647e-05,-4.8468296e-06,1.2760066e-09,-1.6781433e-07,-5.828203e-06,1.8138728e-05
12.799999999999772,-3.7307647e-05,-4.84683e-06,1.2760066e-09,-1.6781433e-07,-5.828203e-06,1.8138728e-05
12.809999999999771,-3.7307647e-05,-4.84683e-06,1.2760066e-09,-1.6781433e-07,-5.828203e-06,1.8138728e-05
12.819999999999771,-3.730765e-05,-4.84683e-06,1.2760069e-09,-1.6781432e-07,-5.828203e-06,1.8138728e-05
12.829999999999771,-3.7307647e-05,-4.84683e-06,1.2760069e-09,-1.6781432e-07,-5.828203e-06,1.8138728e-05
12.83999999999977,-3.730765e-05,-4.84683e-06,1.2760067e-09,-1.6781432e-07,-5.828203e-06,1.8138728e-05
12.84999999999977,-3.7307647e-05,-4.84683e-06,1.2760065e-09,-1.6781433e-07,-5.828203e-06,1.8138728e-05
12.85999999999977,-3.730765e-05,-4.8468296e-06,1.2760062e-09,-1.6781436e-07,-5.828203e-06,1.8138728e-05
12.86999999999977,-3.7307647e-05,-4.84683e-06,1.2760069e-09,-1.6781432e-07,-5.828203e-06,1.8138728e-05
12.87999999999977,-3.7307647e-05,-4.84683e-06,1.2760066e-09,-1.6781433e-07,-5.828203e-06,1.8138728e-05
12.88999999999977,-3.7307647e-05,-4.84683e-06,1.2760066e-09,-1.6781432e-07,-5.828203e-06,1.8138728e-05
12.89999999999977,-3.7307647e-05,-4.8468296e-06,1.2760066e-09,-1.6781433e-07,-5.828203e-06,1.8138728e-05
12.90999999999977,-3.7307647e-05,-4.8468296e-06,1.2760066e-09,-1.6781433e-07,-5.828203e-06,1.8138728e-05
12.919999999999769,-3.7307647e-05,-4.84683e-06,1.2760067e-09,-1.6781432e-07,-5.828203e-06,1.8138728e-05
12.929999999999769,-3.7307647e-05,-4.84683e-06,1.2760067e-09,-1.6781432e-07,-5.828203e-06,1.8138728e-05
12.939999999999769,-3.7307647e-05,-4.84683e-06,1.2760067e-09,-1.6781432e-07,-5.828203e-06,1.8138728e-05
12.949999999999768,-3.7307647e-05,-4.8468296e-06,1.2760065e-09,-1.6781433e-07,-5.828203e-06,1.8138728e-05
12.959999999999768,-3.7307647e-05,-4.84683e-06,1.2760071e-09,-1.678143e-07,-5.828203e-06,1.8138728e-05
12.969999999999768,-3.730765e-05,-4.84683e-06,1.2760071e-09,-1.678143e-07,-5.828203e-06,1.8138728e-05
12.979999999999768,-3.7307647e-05,-4.84683e-06,1.2760069e-09,-1.678143e-07,-5.828203e-06,1.8138728e-05
12.989999999999768,-3.7307647e-05,-4.8468296e-06,1.2760066e-09,-1.6781432e-07,-5.828203e-06,1.8138728e-05
12.999999999999767,-3.7307647e-05,-4.84683e-06,1.2760067e-09,-1.6781432e-07,-5.828203e-06,1.8138728e-05
13.009999999999767,-3.7307647e-05,-4.84683e-06,1.2760069e-09,-1.678143e-07,-5.828203e-06,1.8138728e-05
13.019999999999767,-3.730765e-05,-4.84683e-06,1.2760067e-09,-1.6781432e-07,-5.828203e-06,1.8138728e-05
13.029999999999767,-3.7307647e-05,-4.84683e-06,1.276007e-09,-1.678143e-07,-5.828203e-06,1.8138728e-05
13.039999999999766,-3.7307647e-05,-4.84683e-06,1.276007e-09,-1.678143e-07,-5.828203e-06,1.8138728e-05
13.049999999999766,-3.7307647e-05,-4.84683e-06,1.2760066e-09,-1.6781433e-07,-5.828203e-06,1.8138728e-05
13.059999999999766,-3.7307647e-05,-4.8468296e-06,1.2760065e-09,-1.6781435e-07,-5.828203e-06,1.8138728e-05
13.069999999999766,-3.7307647e-05,-4.84683e-06,1.2760069e-09,-1.678143e-07,-5.828203e-06,1.8138728e-05
13.079999999999766,-3.730765e-05,-4.84683e-06,1.2760067e-09,-1.6781432e-07,-5.828203e-06,1.8138728e-05
13.089999999999765,-3.7307647e-05,-4.84683e-06,1.2760067e-09,-1.6781433e-07,-5.828203e-06,1.8138728e-05
13.099999999999765,-3.7307647e-05,-4.84683e-06,1.2760067e-09,-1.6781432e-07,-5.828203e-06,1.8138728e-05
13.109999999999765,-3.7307647e-05,-4.84683e-06,1.2760066e-09,-1.6781433e-07,-5.828203e-06,1.8138728e-05
13.119999999999765,-3.7307647e-05,-4.84683e-06,1.2760067e-09,-1.6781432e-07,-5.828203e-06,1.8138728e-05
13.129999999999765,-3.7307647e-05,-4.8468296e-06,1.2760064e-09,-1.6781435e-07,-5.828203e-06,1.8138728e-05
13.139999999999764,-3.7307647e-05,-4.84683e-06,1.2760069e-09,-1.6781432e-07,-5.828203e-06,1.8138728e-05
13.149999999999764,-3.730765e-05,-4.84683e-06,1.2760069e-09,-1.6781432e-07,-5.828203e-06,1.8138728e-05
13.159999999999764,-3.730765e-05,-4.84683e-06,1.2760067e-09,-1.6781432e-07,-5.828203e-06,1.8138728e-05
13.169999999999764,-3.7307647e-05,-4.84683e-06,1.2760066e-09,-1.6781433e-07,-5.828203e-06,1.8138728e-05
13.179999999999763,-3.7307647e-05,-4.8468296e-06,1.2760065e-09,-1.6781435e-07,-5.828203e-06,1.8138728e-05
13.189999999999763,-3.7307647e-05,-4.84683e-06,1.2760067e-09,-1.6781432e-07,-5.828203e-06,1.8138728e-05
13.199999999999763,-3.7307647e-05,-4.8468296e-06,1.2760065e-09,-1.6781435e-07,-5.828203e-06,1.8138728e-05
13.209999999999763,-3.730765e-05,-4.84683e-06,1.2760066e-09,-1.6781433e-07,-5.828203e-06,1.8138728e-05
13.219999999999763,-3.7307647e-05,-4.84683e-06,1.2760066e-09,-1.6781433e-07,-5.828203e-06,1.8138728e-05
13.229999999999762,-3.730765e-05,-4.84683e-06,1.2760069e-09,-1.678143e-07,-5.828203e-06,1.8138728e-05
13.239999999999762,-3.7307647e-05,-4.8468296e-06,1.2760065e-09,-1.6781433e-07,-5.828203e-06,1.8138728e-05
13.249999999999762,-3.730765e-05,-4.84683e-06,1.2760067e-09,-1.6781432e-07,-5.828203e-06,1.8138728e-05
13.259999999999762,-3.7307647e-05,-4.84683e-06,1.2760069e-09,-1.6781432e-07,-5.828203e-06,1.8138728e-05
13.269999999999762,-3.730765e-05,-4.84683e-06,1.2760067e-09,-1.6781432e-07,-5.828203e-06,1.8138728e-05
13.279999999999761,-3.7307647e-05,-4.8468296e-06,1.2760065e-09,-1.6781433e-07,-5.828203e-06,1.8138728e-05
13.289999999999761,-3.730765e-05,-4.84683e-06,1.2760067e-09,-1.6781432e-07,-5.828203e-06,1.8138728e-05
13.299999999999761,-3.7307647e-05,-4.84683e-06,1.2760069e-09,-1.678143e-07,-5.828203e-06,1.8138728e-05
13.30999999999976,-3.7307647e-05,-4.84683e-06,1.2760067e-09,-1.6781432e-07,-5.828203e-06,1.8138728e-05
13.31999999999976,-3.7307647e-05,-4.84683e-06,1.2760065e-09,-1.6781433e-07,-5.828203e-06,1.8138728e-05
13.32999999999976,-3.730765e-05,-4.84683e-06,1.2760069e-09,-1.678143e-07,-5.828203e-06,1.8138728e-05
13.33999999999976,-3.7307647e-05,-4.8468296e-06,1.2760065e-09,-1.6781433e-07,-5.828203e-06,1.8138728e-05
13.34999999999976,-3.730765e-05,-4.84683e-06,1.2760069e-09,-1.6781432e-07,-5.828203e-06,1.8138728e-05
13.35999999999976,-3.7307647e-05,-4.84683e-06,1.2760066e-09,-1.6781432e-07,-5.828203e-06,1.8138728e-05
13.36999999999976,-3.7307647e-05,-4.84683e-06,1.2760066e-09,-1.6781433e-07,-5.828203e-06,1.8138728e-05
13.37999999999976,-3.7307647e-05,-4.84683e-06,1.2760065e-09,-1.6781435e-07,-5.828203e-06,1.8138728e-05
13.389999999999759,-3.7307647e-05,-4.8468296e-06,1.2760065e-09,-1.6781433e-07,-5.828203e-06,1.8138728e-05
13.399999999999759,-3.7307647e-05,-4.84683e-06,1.2760069e-09,-1.6781432e-07,-5.828203e-06,1.8138728e-05
13.409999999999759,-3.730765e-05,-4.84683e-06,1.276007e-09,-1.678143e-07,-5.828203e-06,1.8138728e-05
13.419999999999758,-3.7307647e-05,-4.8468296e-06,1.2760067e-09,-1.6781432e-07,-5.828203e-06,1.8138728e-05
13.429999999999758,-3.7307647e-05,-4.8468296e-06,1.2760064e-09,-1.6781435e-07,-5.828203e-06,1.8138728e-05
13.439999999999758,-3.7307647e-05,-4.84683e-06,1.2760069e-09,-1.6781432e-07,-5.828203e-06,1.8138728e-05
13.449999999999758,-3.7307647e-05,-4.8468296e-06,1.2760066e-09,-1.6781433e-07,-5.828203e-06,1.8138728e-05
13.459999999999757,-3.7307647e-05,-4.84683e-06,1.2760067e-09,-1.6781432e-07,-5.828203e-06,1.8138728e-05
13.469999999999757,-3.7307647e-05,-4.8468296e-06,1.2760065e-09,-1.6781433e-07,-5.828203e-06,1.8138728e-05
13.479999999999757,-3.7307647e-05,-4.8468296e-06,1.2760063e-09,-1.6781435e-07,-5.828203e-06,1.8138728e-05
13.489999999999757,-3.730765e-05,-4.84683e-06,1.2760073e-09,-1.6781428e-07,-5.828203e-06,1.8138728e-05
13.499999999999757,-3.7307647e-05,-4.84683e-06,1.2760067e-09,-1.6781433e-07,-5.828203e-06,1.8138728e-05
13.509999999999756,-3.7307647e-05,-4.84683e-06,1.2760067e-09,-1.6781432e-07,-5.828203e-06,1.8138728e-05
13.519999999999756,-3.730765e-05,-4.84683e-06,1.2760069e-09,-1.6781432e-07,-5.828203e-06,1.8138728e-05
13.529999999999756,-3.730765e-05,-4.8468296e-06,1.2760065e-09,-1.6781435e-07,-5.828203e-06,1.8138728e-05
13.539999999999756,-3.730765e-05,-4.84683e-06,1.2760067e-09,-1.6781432e-07,-5.828203e-06,1.8138728e-05
13.549999999999756,-3.7307647e-05,-4.84683e-06,1.2760069e-09,-1.6781432e-07,-5.828203e-06,1.8138728e-05
13.559999999999755,-3.7307647e-05,-4.84683e-06,1.2760066e-09,-1.6781433e-07,-5.828203e-06,1.8138728e-05
13.569999999999755,-3.7307647e-05,-4.84683e-06,1.2760066e-09,-1.6781433e-07,-5.828203e-06,1.8138728e-05
13.579999999999755,-3.7307647e-05,-4.84683e-06,1.2760069e-09,-1.6781432e-07,-5.828203e-06,1.8138728e-05
13.589999999999755,-3.730765e-05,-4.84683e-06,1.2760069e-09,-1.678143e-07,-5.828203e-06,1.8138728e-05
13.599999999999755,-3.730765e-05,-4.84683e-06,1.2760071e-09,-1.6781429e-07,-5.828203e-06,1.8138728e-05
13.609999999999754,-3.730765e-05,-4.84683e-06,1.2760069e-09,-1.6781432e-07,-5.828203e-06,1.8138728e-05
13.619999999999754,-3.7307647e-05,-4.8468296e-06,1.2760067e-09,-1.6781432e-07,-5.828203e-06,1.8138728e-05
13.629999999999754,-3.7307647e-05,-4.84683e-06,1.2760066e-09,-1.6781433e-07,-5.828203e-06,1.8138728e-05
13.639999999999754,-3.7307647e-05,-4.84683e-06,1.2760067e-09,-1.6781432e-07,-5.828203e-06,1.8138728e-05
13.649999999999753,-3.7307647e-05,-4.84683e-06,1.2760065e-09,-1.6781435e-07,-5.828203e-06,1.8138728e-05
13.659999999999753,-3.7307647e-05,-4.84683e-06,1.2760069e-09,-1.6781432e-07,-5.828203e-06,1.8138728e-05
13.669999999999753,-3.7307647e-05,-4.84683e-06,1.2760067e-09,-1.6781432e-07,-5.828203e-06,1.8138728e-05
13.679999999999753,-3.7307647e-05,-4.84683e-06,1.2760066e-09,-1.6781433e-07,-5.828203e-06,1.8138728e-05
13.689999999999753,-3.730765e-05,-4.84683e-06,1.276007e-09,-1.678143e-07,-5.828203e-06,1.8138728e-05
13.699999999999752,-3.7307647e-05,-4.84683e-06,1.2760066e-09,-1.6781433e-07,-5.828203e-06,1.8138728e-05
13.709999999999752,-3.7307647e-05,-4.8468296e-06,1.2760064e-09,-1.6781435e-07,-5.828203e-06,1.8138728e-05
13.719999999999752,-3.7307647e-05,-4.84683e-06,1.2760066e-09,-1.6781433e-07,-5.828203e-06,1.8138728e-05
13.729999999999752,-3.7307647e-05,-4.8468296e-06,1.2760066e-09,-1.6781432e-07,-5.828203e-06,1.8138728e-05
13.739999999999752,-3.730765e-05,-4.84683e-06,1.276007e-09,-1.678143e-07,-5.828203e-06,1.8138728e-05
13.749999999999751,-3.730765e-05,-4.84683e-06,1.2760067e-09,-1.6781432e-07,-5.828203e-06,1.8138728e-05
13.759999999999751,-3.730765e-05,-4.84683e-06,1.2760071e-09,-1.678143e-07,-5.828203e-06,1.8138728e-05
13.76999999999975,-3.730765e-05,-4.84683e-06,1.2760069e-09,-1.6781432e-07,-5.828203e-06,1.8138728e-05
13.77999999999975,-3.7307647e-05,-4.8468296e-06,1.2760067e-09,-1.6781432e-07,-5.828203e-06,1.8138728e-05
13.78999999999975,-3.730765e-05,-4.8468296e-06,1.2760065e-09,-1.6781433e-07,-5.828203e-06,1.8138728e-05
13.79999999999975,-3.730765e-05,-4.84683e-06,1.276007e-09,-1.678143e-07,-5.828203e-06,1.8138728e-05
13.80999999999975,-3.7307647e-05,-4.8468296e-06,1.2760065e-09,-1.6781433e-07,-5.828203e-06,1.8138728e-05
13.81999999999975,-3.7307647e-05,-4.84683e-06,1.2760066e-09,-1.6781433e-07,-5.828203e-06,1.8138728e-05
13.82999999999975,-3.7307647e-05,-4.8468296e-06,1.276006e-09,-1.6781438e-07,-5.828203e-06,1.8138728e-05
13.83999999999975,-3.730765e-05,-4.84683e-06,1.276007e-09,-1.678143e-07,-5.828203e-06,1.8138728e-05
13.84999999999975,-3.7307647e-05,-4.84683e-06,1.2760067e-09,-1.6781432e-07,-5.828203e-06,1.8138728e-05
13.859999999999749,-3.730765e-05,-4.84683e-06,1.2760067e-09,-1.6781432e-07,-5.828203e-06,1.8138728e-05
13.869999999999749,-3.7307647e-05,-4.84683e-06,1.2760069e-09,-1.678143e-07,-5.828203e-06,1.8138728e-05
13.879999999999749,-3.7307647e-05,-4.8468296e-06,1.2760064e-09,-1.6781435e-07,-5.828203e-06,1.8138728e-05
13.889999999999748,-3.7307647e-05,-4.84683e-06,1.2760066e-09,-1.6781433e-07,-5.828203e-06,1.8138728e-05
13.899999999999748,-3.7307647e-05,-4.84683e-06,1.2760066e-09,-1.6781433e-07,-5.828203e-06,1.8138728e-05
13.909999999999748,-3.7307647e-05,-4.8468296e-06,1.2760066e-09,-1.6781432e-07,-5.828203e-06,1.8138728e-05
13.919999999999748,-3.7307647e-05,-4.8468296e-06,1.2760064e-09,-1.6781435e-07,-5.828203e-06,1.8138728e-05
13.929999999999747,-3.7307647e-05,-4.8468296e-06,1.2760066e-09,-1.6781433e-07,-5.828203e-06,1.8138728e-05
13.939999999999747,-3.730765e-05,-4.8468296e-06,1.2760069e-09,-1.678143e-07,-5.828203e-06,1.8138728e-05
13.949999999999747,-3.730765e-05,-4.84683e-06,1.2760065e-09,-1.6781435e-07,-5.828203e-06,1.8138728e-05
13.959999999999747,-3.7307647e-05,-4.84683e-06,1.276007e-09,-1.678143e-07,-5.828203e-06,1.8138728e-05
13.969999999999747,-3.7307647e-05,-4.8468296e-06,1.2760065e-09,-1.6781435e-07,-5.828203e-06,1.8138728e-05
13.979999999999746,-3.730765e-05,-4.84683e-06,1.2760065e-09,-1.6781435e-07,-5.828203e-06,1.8138728e-05
13.989999999999746,-3.7307647e-05,-4.8468296e-06,1.2760062e-09,-1.6781436e-07,-5.828203e-06,1.8138728e-05
13.999999999999746,-3.7307647e-05,-4.84683e-06,1.2760066e-09,-1.6781433e-07,-5.828203e-06,1.8138728e-05
14.009999999999746,-3.7307647e-05,-4.84683e-06,1.2760072e-09,-1.6781429e-07,-5.828203e-06,1.8138728e-05
14.019999999999746,-3.730765e-05,-4.84683e-06,1.2760072e-09,-1.6781429e-07,-5.828203e-06,1.8138728e-05
14.029999999999745,-3.7307647e-05,-4.8468296e-06,1.2760064e-09,-1.6781435e-07,-5.828203e-06,1.8138728e-05
14.039999999999745,-3.7307647e-05,-4.8468296e-06,1.2760067e-09,-1.6781432e-07,-5.828203e-06,1.8138728e-05
14.049999999999745,-3.7307647e-05,-4.84683e-06,1.2760067e-09,-1.6781432e-07,-5.828203e-06,1.8138728e-05
14.059999999999745,-3.730765e-05,-4.84683e-06,1.2760066e-09,-1.6781433e-07,-5.828203e-06,1.8138728e-05
14.069999999999744,-3.7307647e-05,-4.84683e-06,1.2760066e-09,-1.6781433e-07,-5.828203e-06,1.8138728e-05
14.079999999999744,-3.7307647e-05,-4.8468296e-06,1.2760064e-09,-1.6781435e-07,-5.828203e-06,1.8138728e-05
14.089999999999744,-3.730765e-05,-4.84683e-06,1.2760072e-09,-1.6781429e-07,-5.828203e-06,1.8138728e-05
14.099999999999744,-3.730765e-05,-4.84683e-06,1.2760065e-09,-1.6781435e-07,-5.828203e-06,1.8138728e-05
14.109999999999744,-3.7307647e-05,-4.84683e-06,1.2760066e-09,-1.6781433e-07,-5.828203e-06,1.8138728e-05
14.119999999999743,-3.7307647e-05,-4.84683e-06,1.2760066e-09,-1.6781433e-07,-5.828203e-06,1.8138728e-05
14.129999999999743,-3.7307647e-05,-4.84683e-06,1.276007e-09,-1.678143e-07,-5.828203e-06,1.8138728e-05
14.139999999999743,-3.730765e-05,-4.84683e-06,1.2760069e-09,-1.6781432e-07,-5.828203e-06,1.8138728e-05
14.149999999999743,-3.7307647e-05,-4.8468296e-06,1.2760064e-09,-1.6781435e-07,-5.828203e-06,1.8138728e-05
14.159999999999743,-3.730765e-05,-4.84683e-06,1.2760069e-09,-1.6781432e-07,-5.828203e-06,1.8138728e-05
14.169999999999742,-3.7307647e-05,-4.8468296e-06,1.2760066e-09,-1.6781433e-07,-5.828203e-06,1.8138728e-05
14.179999999999742,-3.7307647e-05,-4.8468296e-06,1.2760063e-09,-1.6781435e-07,-5.828203e-06,1.8138728e-05
14.189999999999742,-3.730765e-05,-4.84683e-06,1.2760072e-09,-1.6781429e-07,-5.828203e-06,1.8138728e-05
14.199999999999742,-3.7307647e-05,-4.8468296e-06,1.2760066e-09,-1.6781433e-07,-5.828203e-06,1.8138728e-05
14.209999999999742,-3.7307647e-05,-4.8468296e-06,1.2760063e-09,-1.6781435e-07,-5.828203e-06,1.8138728e-05
14.219999999999741,-3.730765e-05,-4.84683e-06,1.2760069e-09,-1.6781432e-07,-5.828203e-06,1.8138728e-05
14.229999999999741,-3.730765e-05,-4.84683e-06,1.2760067e-09,-1.6781432e-07,-5.828203e-06,1.8138728e-05
14.23999999999974,-3.7307647e-05,-4.84683e-06,1.276007e-09,-1.678143e-07,-5.828203e-06,1.8138728e-05
14.24999999999974,-3.730765e-05,-4.84683e-06,1.2760064e-09,-1.6781435e-07,-5.828203e-06,1.8138728e-05
14.25999999999974,-3.7307647e-05,-4.84683e-06,1.2760069e-09,-1.678143e-07,-5.828203e-06,1.8138728e-05
14.26999999999974,-3.7307647e-05,-4.84683e-06,1.2760065e-09,-1.6781435e-07,-5.828203e-06,1.8138728e-05
14.27999999999974,-3.7307647e-05,-4.8468296e-06,1.2760065e-09,-1.6781433e-07,-5.828203e-06,1.8138728e-05
14.28999999999974,-3.730765e-05,-4.8468296e-06,1.2760065e-09,-1.6781433e-07,-5.828203e-06,1.8138728e-05
14.29999999999974,-3.7307647e-05,-4.84683e-06,1.2760066e-09,-1.6781433e-07,-5.828203e-06,1.8138728e-05
14.30999999999974,-3.7307647e-05,-4.84683e-06,1.2760071e-09,-1.6781429e-07,-5.828203e-06,1.8138728e-05
14.31999999999974,-3.730765e-05,-4.84683e-06,1.2760066e-09,-1.6781433e-07,-5.828203e-06,1.8138728e-05
14.329999999999739,-3.730765e-05,-4.84683e-06,1.2760069e-09,-1.678143e-07,-5.828203e-06,1.8138728e-05
14.339999999999739,-3.730765e-05,-4.84683e-06,1.2760071e-09,-1.6781429e-07,-5.828203e-06,1.8138728e-05
14.349999999999739,-3.7307647e-05,-4.84683e-06,1.2760069e-09,-1.6781432e-07,-5.828203e-06,1.8138728e-05
14.359999999999738,-3.730765e-05,-4.84683e-06,1.2760072e-09,-1.6781429e-07,-5.828203e-06,1.8138728e-05
14.369999999999738,-3.7307647e-05,-4.84683e-06,1.2760066e-09,-1.6781433e-07,-5.828203e-06,1.8138728e-05
14.379999999999738,-3.7307647e-05,-4.84683e-06,1.2760066e-09,-1.6781433e-07,-5.828203e-06,1.8138728e-05
14.389999999999738,-3.730765e-05,-4.84683e-06,1.2760069e-09,-1.6781432e-07,-5.828203e-06,1.8138728e-05
14.399999999999737,-3.7307647e-05,-4.84683e-06,1.2760071e-09,-1.6781429e-07,-5.828203e-06,1.8138728e-05
14.409999999999737,-3.730765e-05,-4.84683e-06,1.2760065e-09,-1.6781433e-07,-5.828203e-06,1.8138728e-05
14.419999999999737,-3.730765e-05,-4.84683e-06,1.2760069e-09,-1.6781432e-07,-5.828203e-06,1.8138728e-05
14.429999999999737,-3.7307647e-05,-4.8468296e-06,1.2760065e-09,-1.6781433e-07,-5.828203e-06,1.8138728e-05
14.439999999999737,-3.730765e-05,-4.84683e-06,1.2760066e-09,-1.6781432e-07,-5.828203e-06,1.8138728e-05
14.449999999999736,-3.730765e-05,-4.84683e-06,1.2760067e-09,-1.6781432e-07,-5.828203e-06,1.8138728e-05
14.459999999999736,-3.7307647e-05,-4.8468296e-06,1.2760064e-09,-1.6781435e-07,-5.828203e-06,1.8138728e-05
14.469999999999736,-3.7307647e-05,-4.84683e-06,1.2760066e-09,-1.6781433e-07,-5.828203e-06,1.8138728e-05
14.479999999999736,-3.730765e-05,-4.84683e-06,1.276007e-09,-1.678143e-07,-5.828203e-06,1.8138728e-05
14.489999999999736,-3.730765e-05,-4.84683e-06,1.2760067e-09,-1.6781433e-07,-5.828203e-06,1.8138728e-05
14.499999999999735,-3.7307647e-05,-4.84683e-06,1.2760067e-09,-1.6781432e-07,-5.828203e-06,1.8138728e-05
14.509999999999735,-3.7307647e-05,-4.8468296e-06,1.2760066e-09,-1.6781433e-07,-5.828203e-06,1.8138728e-05
14.519999999999735,-3.730765e-05,-4.84683e-06,1.2760071e-09,-1.6781429e-07,-5.828203e-06,1.8138728e-05
14.529999999999735,-3.730765e-05,-4.84683e-06,1.2760071e-09,-1.6781429e-07,-5.828203e-06,1.8138728e-05
14.539999999999734,-3.7307647e-05,-4.84683e-06,1.2760067e-09,-1.6781432e-07,-5.828203e-06,1.8138728e-05
14.549999999999734,-3.7307647e-05,-4.8468296e-06,1.2760063e-09,-1.6781435e-07,-5.828203e-06,1.8138728e-05
14.559999999999734,-3.7307647e-05,-4.8468296e-06,1.2760065e-09,-1.6781433e-07,-5.828203e-06,1.8138728e-05
14.569999999999734,-3.730765e-05,-4.8468296e-06,1.2760066e-09,-1.6781432e-07,-5.828203e-06,1.8138728e-05
14.579999999999734,-3.7307647e-05,-4.84683e-06,1.2760067e-09,-1.6781432e-07,-5.828203e-06,1.8138728e-05
14.589999999999733,-3.7307647e-05,-4.8468296e-06,1.2760064e-09,-1.6781435e-07,-5.828203e-06,1.8138728e-05
14.599999999999733,-3.7307647e-05,-4.8468296e-06,1.2760064e-09,-1.6781435e-07,-5.828203e-06,1.8138728e-05
14.609999999999733,-3.730765e-05,-4.84683e-06,1.2760069e-09,-1.6781432e-07,-5.828203e-06,1.8138728e-05
14.619999999999733,-3.730765e-05,-4.84683e-06,1.2760066e-09,-1.6781433e-07,-5.828203e-06,1.8138728e-05
14.629999999999733,-3.7307647e-05,-4.84683e-06,1.2760066e-09,-1.6781433e-07,-5.828203e-06,1.8138728e-05
14.639999999999732,-3.730765e-05,-4.84683e-06,1.2760069e-09,-1.6781432e-07,-5.828203e-06,1.8138728e-05
14.649999999999732,-3.7307647e-05,-4.8468296e-06,1.2760061e-09,-1.6781436e-07,-5.828203e-06,1.8138728e-05
14.659999999999732,-3.7307647e-05,-4.84683e-06,1.2760067e-09,-1.6781432e-07,-5.828203e-06,1.8138728e-05
14.669999999999732,-3.7307647e-05,-4.84683e-06,1.2760071e-09,-1.6781429e-07,-5.828203e-06,1.8138728e-05
14.679999999999731,-3.730765e-05,-4.84683e-06,1.2760067e-09,-1.6781432e-07,-5.828203e-06,1.8138728e-05
14.689999999999731,-3.730765e-05,-4.84683e-06,1.2760074e-09,-1.6781426e-07,-5.828203e-06,1.8138728e-05
14.699999999999731,-3.7307647e-05,-4.84683e-06,1.2760069e-09,-1.678143e-07,-5.828203e-06,1.8138728e-05
14.70999999999973,-3.730765e-05,-4.84683e-06,1.2760065e-09,-1.6781435e-07,-5.828203e-06,1.8138728e-05
14.71999999999973,-3.7307647e-05,-4.84683e-06,1.2760067e-09,-1.6781432e-07,-5.828203e-06,1.8138728e-05
14.72999999999973,-3.730765e-05,-4.84683e-06,1.2760069e-09,-1.6781432e-07,-5.828203e-06,1.8138728e-05
14.73999999999973,-3.7307647e-05,-4.8468296e-06,1.2760064e-09,-1.6781435e-07,-5.828203e-06,1.8138728e-05
14.74999999999973,-3.7307647e-05,-4.84683e-06,1.2760069e-09,-1.6781432e-07,-5.828203e-06,1.8138728e-05
14.75999999999973,-3.7307647e-05,-4.84683e-06,1.2760067e-09,-1.6781432e-07,-5.828203e-06,1.8138728e-05
14.76999999999973,-3.730765e-05,-4.84683e-06,1.2760067e-09,-1.6781432e-07,-5.828203e-06,1.8138728e-05
14.77999999999973,-3.7307647e-05,-4.84683e-06,1.2760069e-09,-1.678143e-07,-5.828203e-06,1.8138728e-05
14.78999999999973,-3.730765e-05,-4.84683e-06,1.2760067e-09,-1.6781433e-07,-5.828203e-06,1.8138728e-05
14.799999999999729,-3.7307647e-05,-4.84683e-06,1.2760066e-09,-1.6781432e-07,-5.828203e-06,1.8138728e-05
14.809999999999729,-3.7307647e-05,-4.84683e-06,1.2760066e-09,-1.6781433e-07,-5.828203e-06,1.8138728e-05
14.819999999999729,-3.730765e-05,-4.84683e-06,1.2760065e-09,-1.6781433e-07,-5.828203e-06,1.8138728e-05
14.829999999999728,-3.7307647e-05,-4.84683e-06,1.2760066e-09,-1.6781432e-07,-5.828203e-06,1.8138728e-05
14.839999999999728,-3.730765e-05,-4.84683e-06,1.2760069e-09,-1.678143e-07,-5.828203e-06,1.8138728e-05
14.849999999999728,-3.730765e-05,-4.84683e-06,1.276007e-09,-1.678143e-07,-5.828203e-06,1.8138728e-05
14.859999999999728,-3.7307647e-05,-4.84683e-06,1.2760071e-09,-1.6781429e-07,-5.828203e-06,1.8138728e-05
14.869999999999727,-3.730765e-05,-4.84683e-06,1.2760074e-09,-1.6781428e-07,-5.828203e-06,1.8138728e-05
14.879999999999727,-3.7307647e-05,-4.8468296e-06,1.2760067e-09,-1.6781432e-07,-5.828203e-06,1.8138728e-05
14.889999999999727,-3.730765e-05,-4.84683e-06,1.2760067e-09,-1.6781432e-07,-5.828203e-06,1.8138728e-05
14.899999999999727,-3.7307647e-05,-4.8468296e-06,1.2760065e-09,-1.6781433e-07,-5.828203e-06,1.8138728e-05
14.909999999999727,-3.730765e-05,-4.84683e-06,1.2760067e-09,-1.6781432e-07,-5.828203e-06,1.8138728e-05
14.919999999999726,-3.7307647e-05,-4.84683e-06,1.2760066e-09,-1.6781433e-07,-5.828203e-06,1.8138728e-05
14.929999999999726,-3.730765e-05,-4.8468296e-06,1.2760064e-09,-1.6781435e-07,-5.828203e-06,1.8138728e-05
14.939999999999726,-3.7307647e-05,-4.8468296e-06,1.2760065e-09,-1.6781433e-07,-5.828203e-06,1.8138728e-05
14.949999999999726,-3.7307647e-05,-4.84683e-06,1.2760064e-09,-1.6781435e-07,-5.828203e-06,1.8138728e-05
14.959999999999726,-3.730765e-05,-4.84683e-06,1.2760066e-09,-1.6781433e-07,-5.828203e-06,1.8138728e-05
14.969999999999725,-3.7307647e-05,-4.8468296e-06,1.2760065e-09,-1.6781433e-07,-5.828203e-06,1.8138728e-05
14.979999999999725,-3.7307647e-05,-4.84683e-06,1.276007e-09,-1.678143e-07,-5.828203e-06,1.8138728e-05
14.989999999999725,-3.730765e-05,-4.84683e-06,1.276007e-09,-1.678143e-07,-5.828203e-06,1.8138728e-05
14.999999999999725,-3.7307647e-05,-4.8468296e-06,1.2760067e-09,-1.6781432e-07,-5.828203e-06,1.8138728e-05
15.009999999999724,-3.730765e-05,-4.84683e-06,1.2760076e-09,-1.6781426e-07,-5.828203e-06,1.8138728e-05
15.019999999999724,-3.7307647e-05,-4.8468296e-06,1.2760065e-09,-1.6781433e-07,-5.828203e-06,1.8138728e-05
15.029999999999724,-3.730765e-05,-4.84683e-06,1.2760067e-09,-1.6781433e-07,-5.828203e-06,1.8138728e-05
15.039999999999724,-3.7307647e-05,-4.84683e-06,1.2760066e-09,-1.6781433e-07,-5.828203e-06,1.8138728e-05
15.049999999999724,-3.730765e-05,-4.84683e-06,1.2760069e-09,-1.6781432e-07,-5.828203e-06,1.8138728e-05
15.059999999999723,-3.7307647e-05,-4.8468296e-06,1.2760065e-09,-1.6781433e-07,-5.828203e-06,1.8138728e-05
15.069999999999723,-3.7307647e-05,-4.8468296e-06,1.2760065e-09,-1.6781433e-07,-5.828203e-06,1.8138728e-05
15.079999999999723,-3.730765e-05,-4.84683e-06,1.2760071e-09,-1.6781429e-07,-5.828203e-06,1.8138728e-05
15.089999999999723,-3.7307647e-05,-4.84683e-06,1.2760065e-09,-1.6781435e-07,-5.828203e-06,1.8138728e-05
15.099999999999723,-3.7307647e-05,-4.84683e-06,1.2760066e-09,-1.6781433e-07,-5.828203e-06,1.8138728e-05
15.109999999999722,-3.7307647e-05,-4.8468296e-06,1.2760067e-09,-1.6781432e-07,-5.828203e-06,1.8138728e-05
15.119999999999722,-3.7307647e-05,-4.8468296e-06,1.2760064e-09,-1.6781435e-07,-5.828203e-06,1.8138728e-05
15.129999999999722,-3.7307647e-05,-4.84683e-06,1.2760067e-09,-1.6781432e-07,-5.828203e-06,1.8138728e-05
15.139999999999722,-3.7307647e-05,-4.84683e-06,1.2760069e-09,-1.678143e-07,-5.828203e-06,1.8138728e-05
15.149999999999721,-3.7307647e-05,-4.84683e-06,1.2760071e-09,-1.6781429e-07,-5.828203e-06,1.8138728e-05
15.159999999999721,-3.7307647e-05,-4.84683e-06,1.2760069e-09,-1.678143e-07,-5.828203e-06,1.8138728e-05
15.169999999999721,-3.730765e-05,-4.8468296e-06,1.2760064e-09,-1.6781435e-07,-5.828203e-06,1.8138728e-05
15.17999999999972,-3.7307647e-05,-4.84683e-06,1.276007e-09,-1.678143e-07,-5.828203e-06,1.8138728e-05
15.18999999999972,-3.7307647e-05,-4.84683e-06,1.2760069e-09,-1.678143e-07,-5.828203e-06,1.8138728e-05
15.19999999999972,-3.7307647e-05,-4.84683e-06,1.2760069e-09,-1.6781432e-07,-5.828203e-06,1.8138728e-05
15.20999999999972,-3.7307647e-05,-4.8468296e-06,1.2760065e-09,-1.6781433e-07,-5.828203e-06,1.8138728e-05
15.21999999999972,-3.7307647e-05,-4.84683e-06,1.2760067e-09,-1.6781432e-07,-5.828203e-06,1.8138728e-05
15.22999999999972,-3.7307647e-05,-4.8468296e-06,1.2760064e-09,-1.6781435e-07,-5.828203e-06,1.8138728e-05
15.23999999999972,-3.730765e-05,-4.84683e-06,1.2760067e-09,-1.6781432e-07,-5.828203e-06,1.8138728e-05
15.24999999999972,-3.7307647e-05,-4.8468296e-06,1.2760064e-09,-1.6781435e-07,-5.828203e-06,1.8138728e-05
15.25999999999972,-3.7307647e-05,-4.84683e-06,1.2760067e-09,-1.6781432e-07,-5.828203e-06,1.8138728e-05
15.269999999999719,-3.7307647e-05,-4.84683e-06,1.2760066e-09,-1.6781433e-07,-5.828203e-06,1.8138728e-05
15.279999999999719,-3.730765e-05,-4.84683e-06,1.2760065e-09,-1.6781435e-07,-5.828203e-06,1.8138728e-05
15.289999999999718,-3.7307647e-05,-4.8468296e-06,1.2760064e-09,-1.6781435e-07,-5.828203e-06,1.8138728e-05
15.299999999999718,-3.730765e-05,-4.8468296e-06,1.2760066e-09,-1.6781432e-07,-5.828203e-06,1.8138728e-05
15.309999999999718,-3.7307647e-05,-4.84683e-06,1.2760067e-09,-1.6781432e-07,-5.828203e-06,1.8138728e-05
15.319999999999718,-3.730765e-05,-4.84683e-06,1.2760065e-09,-1.6781435e-07,-5.828203e-06,1.8138728e-05
15.329999999999718,-3.7307647e-05,-4.8468296e-06,1.2760064e-09,-1.6781433e-07,-5.828203e-06,1.8138728e-05
15.339999999999717,-3.7307647e-05,-4.8468296e-06,1.2760059e-09,-1.6781439e-07,-5.828203e-06,1.8138728e-05
15.349999999999717,-3.7307647e-05,-4.8468296e-06,1.2760063e-09,-1.6781435e-07,-5.828203e-06,1.8138728e-05
15.359999999999717,-3.7307647e-05,-4.8468296e-06,1.2760061e-09,-1.6781438e-07,-5.828203e-06,1.8138728e-05
15.369999999999717,-3.730765e-05,-4.84683e-06,1.2760071e-09,-1.6781429e-07,-5.828203e-06,1.8138728e-05
15.379999999999717,-3.730765e-05,-4.84683e-06,1.2760066e-09,-1.6781433e-07,-5.828203e-06,1.8138728e-05
15.389999999999716,-3.7307647e-05,-4.84683e-06,1.276007e-09,-1.678143e-07,-5.828203e-06,1.8138728e-05
15.399999999999716,-3.7307647e-05,-4.84683e-06,1.2760064e-09,-1.6781436e-07,-5.828203e-06,1.8138728e-05
15.409999999999716,-3.7307647e-05,-4.84683e-06,1.2760067e-09,-1.6781432e-07,-5.828203e-06,1.8138728e-05
15.419999999999716,-3.7307647e-05,-4.84683e-06,1.2760067e-09,-1.6781432e-07,-5.828203e-06,1.8138728e-05
15.429999999999715,-3.7307647e-05,-4.8468296e-06,1.2760066e-09,-1.6781432e-07,-5.828203e-06,1.8138728e-05
15.439999999999715,-3.7307647e-05,-4.8468296e-06,1.2760062e-09,-1.6781436e-07,-5.828203e-06,1.8138728e-05
15.449999999999715,-3.730765e-05,-4.8468296e-06,1.2760063e-09,-1.6781436e-07,-5.828203e-06,1.8138728e-05
15.459999999999715,-3.7307647e-05,-4.8468296e-06,1.2760063e-09,-1.6781436e-07,-5.828203e-06,1.8138728e-05
15.469999999999715,-3.7307647e-05,-4.84683e-06,1.2760069e-09,-1.678143e-07,-5.828203e-06,1.8138728e-05
15.479999999999714,-3.7307647e-05,-4.84683e-06,1.2760069e-09,-1.678143e-07,-5.828203e-06,1.8138728e-05
15.489999999999714,-3.7307647e-05,-4.8468296e-06,1.2760064e-09,-1.6781435e-07,-5.828203e-06,1.8138728e-05
15.499999999999714,-3.7307647e-05,-4.8468296e-06,1.2760065e-09,-1.6781433e-07,-5.828203e-06,1.8138728e-05
15.509999999999714,-3.7307647e-05,-4.84683e-06,1.2760067e-09,-1.6781432e-07,-5.828203e-06,1.8138728e-05
15.519999999999714,-3.7307647e-05,-4.84683e-06,1.2760067e-09,-1.6781432e-07,-5.828203e-06,1.8138728e-05
15.529999999999713,-3.7307647e-05,-4.84683e-06,1.2760065e-09,-1.6781435e-07,-5.828203e-06,1.8138728e-05
15.539999999999713,-3.730765e-05,-4.84683e-06,1.2760071e-09,-1.6781429e-07,-5.828203e-06,1.8138728e-05
15.549999999999713,-3.730765e-05,-4.84683e-06,1.276007e-09,-1.678143e-07,-5.828203e-06,1.8138728e-05
15.559999999999713,-3.7307647e-05,-4.84683e-06,1.276007e-09,-1.678143e-07,-5.828203e-06,1.8138728e-05
15.569999999999713,-3.730765e-05,-4.84683e-06,1.2760066e-09,-1.6781433e-07,-5.828203e-06,1.8138728e-05
15.579999999999712,-3.730765e-05,-4.84683e-06,1.2760073e-09,-1.6781429e-07,-5.828203e-06,1.8138728e-05
15.589999999999712,-3.730765e-05,-4.84683e-06,1.2760066e-09,-1.6781433e-07,-5.828203e-06,1.8138728e-05
15.599999999999712,-3.730765e-05,-4.84683e-06,1.2760071e-09,-1.6781429e-07,-5.828203e-06,1.8138728e-05
15.609999999999712,-3.7307647e-05,-4.84683e-06,1.2760066e-09,-1.6781433e-07,-5.828203e-06,1.8138728e-05
15.619999999999711,-3.730765e-05,-4.84683e-06,1.2760069e-09,-1.678143e-07,-5.828203e-06,1.8138728e-05
15.629999999999711,-3.7307647e-05,-4.84683e-06,1.2760067e-09,-1.6781432e-07,-5.828203e-06,1.8138728e-05
15.639999999999711,-3.730765e-05,-4.84683e-06,1.2760074e-09,-1.6781428e-07,-5.828203e-06,1.8138728e-05
15.64999999999971,-3.730765e-05,-4.84683e-06,1.2760066e-09,-1.6781433e-07,-5.828203e-06,1.8138728e-05
15.65999999999971,-3.730765e-05,-4.84683e-06,1.276007e-09,-1.678143e-07,-5.828203e-06,1.8138728e-05
15.66999999999971,-3.730765e-05,-4.84683e-06,1.2760071e-09,-1.678143e-07,-5.828203e-06,1.8138728e-05
15.67999999999971,-3.7307647e-05,-4.84683e-06,1.2760069e-09,-1.6781432e-07,-5.828203e-06,1.8138728e-05
15.68999999999971,-3.7307647e-05,-4.84683e-06,1.2760065e-09,-1.6781433e-07,-5.828203e-06,1.8138728e-05
15.69999999999971,-3.7307647e-05,-4.84683e-06,1.2760069e-09,-1.678143e-07,-5.828203e-06,1.8138728e-05
15.70999999999971,-3.7307647e-05,-4.8468296e-06,1.2760063e-09,-1.6781435e-07,-5.828203e-06,1.8138728e-05
15.71999999999971,-3.7307647e-05,-4.84683e-06,1.2760069e-09,-1.678143e-07,-5.828203e-06,1.8138728e-05
15.729999999999709,-3.730765e-05,-4.84683e-06,1.2760067e-09,-1.6781432e-07,-5.828203e-06,1.8138728e-05
15.739999999999709,-3.730765e-05,-4.84683e-06,1.2760067e-09,-1.6781432e-07,-5.828203e-06,1.8138728e-05
15.749999999999709,-3.730765e-05,-4.84683e-06,1.2760069e-09,-1.678143e-07,-5.828203e-06,1.8138728e-05
15.759999999999708,-3.7307647e-05,-4.8468296e-06,1.2760063e-09,-1.6781436e-07,-5.828203e-06,1.8138728e-05
15.769999999999708,-3.730765e-05,-4.84683e-06,1.2760066e-09,-1.6781433e-07,-5.828203e-06,1.8138728e-05
15.779999999999708,-3.7307647e-05,-4.8468296e-06,1.2760063e-09,-1.6781435e-07,-5.828203e-06,1.8138728e-05
15.789999999999708,-3.730765e-05,-4.84683e-06,1.2760067e-09,-1.6781433e-07,-5.828203e-06,1.8138728e-05
15.799999999999708,-3.7307647e-05,-4.84683e-06,1.2760067e-09,-1.6781432e-07,-5.828203e-06,1.8138728e-05
15.809999999999707,-3.7307647e-05,-4.84683e-06,1.2760067e-09,-1.6781432e-07,-5.828203e-06,1.8138728e-05
15.819999999999707,-3.730765e-05,-4.84683e-06,1.2760074e-09,-1.6781428e-07,-5.828203e-06,1.8138728e-05
15.829999999999707,-3.7307647e-05,-4.8468296e-06,1.2760064e-09,-1.6781435e-07,-5.828203e-06,1.8138728e-05
15.839999999999707,-3.7307647e-05,-4.8468296e-06,1.2760066e-09,-1.6781433e-07,-5.828203e-06,1.8138728e-05
15.849999999999707,-3.730765e-05,-4.84683e-06,1.2760071e-09,-1.6781429e-07,-5.828203e-06,1.8138728e-05
15.859999999999706,-3.7307647e-05,-4.84683e-06,1.2760071e-09,-1.6781429e-07,-5.828203e-06,1.8138728e-05
15.869999999999706,-3.7307647e-05,-4.8468296e-06,1.2760064e-09,-1.6781435e-07,-5.828203e-06,1.8138728e-05
15.879999999999706,-3.730765e-05,-4.84683e-06,1.2760065e-09,-1.6781433e-07,-5.828203e-06,1.8138728e-05
15.889999999999706,-3.7307647e-05,-4.8468296e-06,1.2760065e-09,-1.6781433e-07,-5.828203e-06,1.8138728e-05
15.899999999999705,-3.7307647e-05,-4.8468296e-06,1.2760064e-09,-1.6781435e-07,-5.828203e-06,1.8138728e-05
15.909999999999705,-3.7307647e-05,-4.8468296e-06,1.2760065e-09,-1.6781433e-07,-5.828203e-06,1.8138728e-05
15.919999999999705,-3.7307647e-05,-4.84683e-06,1.2760071e-09,-1.678143e-07,-5.828203e-06,1.8138728e-05
15.929999999999705,-3.7307647e-05,-4.8468296e-06,1.2760066e-09,-1.6781433e-07,-5.828203e-06,1.8138728e-05
15.939999999999705,-3.730765e-05,-4.84683e-06,1.2760074e-09,-1.6781428e-07,-5.828203e-06,1.8138728e-05
15.949999999999704,-3.730765e-05,-4.84683e-06,1.2760067e-09,-1.6781432e-07,-5.828203e-06,1.8138728e-05
15.959999999999704,-3.7307647e-05,-4.8468296e-06,1.2760066e-09,-1.6781432e-07,-5.828203e-06,1.8138728e-05
15.969999999999704,-3.7307647e-05,-4.8468296e-06,1.2760066e-09,-1.6781433e-07,-5.828203e-06,1.8138728e-05
15.979999999999704,-3.7307647e-05,-4.84683e-06,1.2760066e-09,-1.6781433e-07,-5.828203e-06,1.8138728e-05
15.989999999999704,-3.730765e-05,-4.84683e-06,1.276007e-09,-1.678143e-07,-5.828203e-06,1.8138728e-05
15.999999999999703,-3.730765e-05,-4.8468296e-06,1.2760064e-09,-1.6781435e-07,-5.828203e-06,1.8138728e-05
16.009999999999703,-3.7307647e-05,-4.84683e-06,1.2760066e-09,-1.6781433e-07,-5.828203e-06,1.8138728e-05
16.019999999999705,-3.7307647e-05,-4.8468296e-06,1.2760064e-09,-1.6781435e-07,-5.828203e-06,1.8138728e-05
16.029999999999706,-3.7307647e-05,-4.8468296e-06,1.2760064e-09,-1.6781435e-07,-5.828203e-06,1.8138728e-05
16.039999999999708,-3.7307647e-05,-4.8468296e-06,1.2760065e-09,-1.6781433e-07,-5.828203e-06,1.8138728e-05
16.04999999999971,-3.730765e-05,-4.84683e-06,1.2760065e-09,-1.6781433e-07,-5.828203e-06,1.8138728e-05
16.05999999999971,-3.7307647e-05,-4.84683e-06,1.276007e-09,-1.678143e-07,-5.828203e-06,1.8138728e-05
16.069999999999713,-3.730765e-05,-4.84683e-06,1.2760067e-09,-1.6781432e-07,-5.828203e-06,1.8138728e-05
16.079999999999714,-3.7307647e-05,-4.84683e-06,1.276007e-09,-1.678143e-07,-5.828203e-06,1.8138728e-05
16.089999999999716,-3.7307647e-05,-4.8468296e-06,1.2760061e-09,-1.6781436e-07,-5.828203e-06,1.8138728e-05
16.099999999999717,-3.7307647e-05,-4.84683e-06,1.2760071e-09,-1.6781429e-07,-5.828203e-06,1.8138728e-05
16.10999999999972,-3.7307647e-05,-4.8468296e-06,1.2760064e-09,-1.6781435e-07,-5.828203e-06,1.8138728e-05
16.11999999999972,-3.730765e-05,-4.84683e-06,1.2760064e-09,-1.6781435e-07,-5.828203e-06,1.8138728e-05
16.129999999999722,-3.7307647e-05,-4.84683e-06,1.276007e-09,-1.678143e-07,-5.828203e-06,1.8138728e-05
16.139999999999723,-3.7307647e-05,-4.84683e-06,1.2760071e-09,-1.6781429e-07,-5.828203e-06,1.8138728e-05
16.149999999999725,-3.730765e-05,-4.84683e-06,1.2760067e-09,-1.6781432e-07,-5.828203e-06,1.8138728e-05
16.159999999999727,-3.7307647e-05,-4.8468296e-06,1.2760064e-09,-1.6781435e-07,-5.828203e-06,1.8138728e-05
16.169999999999728,-3.730765e-05,-4.84683e-06,1.276007e-09,-1.678143e-07,-5.828203e-06,1.8138728e-05
16.17999999999973,-3.730765e-05,-4.84683e-06,1.2760066e-09,-1.6781433e-07,-5.828203e-06,1.8138728e-05
16.18999999999973,-3.730765e-05,-4.84683e-06,1.2760069e-09,-1.678143e-07,-5.828203e-06,1.8138728e-05
16.199999999999733,-3.730765e-05,-4.84683e-06,1.2760069e-09,-1.678143e-07,-5.828203e-06,1.8138728e-05
16.209999999999734,-3.7307647e-05,-4.8468296e-06,1.2760065e-09,-1.6781433e-07,-5.828203e-06,1.8138728e-05
16.219999999999736,-3.7307647e-05,-4.84683e-06,1.2760065e-09,-1.6781433e-07,-5.828203e-06,1.8138728e-05
16.229999999999738,-3.730765e-05,-4.84683e-06,1.276007e-09,-1.678143e-07,-5.828203e-06,1.8138728e-05
16.23999999999974,-3.730765e-05,-4.8468296e-06,1.2760066e-09,-1.6781433e-07,-5.828203e-06,1.8138728e-05
16.24999999999974,-3.7307647e-05,-4.84683e-06,1.2760073e-09,-1.6781428e-07,-5.828203e-06,1.8138728e-05
16.259999999999742,-3.730765e-05,-4.84683e-06,1.2760071e-09,-1.6781429e-07,-5.828203e-06,1.8138728e-05
16.269999999999744,-3.7307647e-05,-4.84683e-06,1.2760065e-09,-1.6781433e-07,-5.828203e-06,1.8138728e-05
16.279999999999745,-3.730765e-05,-4.84683e-06,1.276007e-09,-1.678143e-07,-5.828203e-06,1.8138728e-05
16.289999999999747,-3.7307647e-05,-4.84683e-06,1.276007e-09,-1.678143e-07,-5.828203e-06,1.8138728e-05
16.29999999999975,-3.7307647e-05,-4.8468296e-06,1.2760066e-09,-1.6781433e-07,-5.828203e-06,1.8138728e-05
16.30999999999975,-3.730765e-05,-4.84683e-06,1.2760069e-09,-1.678143e-07,-5.828203e-06,1.8138728e-05
16.31999999999975,-3.7307647e-05,-4.84683e-06,1.2760063e-09,-1.6781436e-07,-5.828203e-06,1.8138728e-05
16.329999999999753,-3.730765e-05,-4.84683e-06,1.276007e-09,-1.678143e-07,-5.828203e-06,1.8138728e-05
16.339999999999755,-3.7307647e-05,-4.84683e-06,1.2760071e-09,-1.6781429e-07,-5.828203e-06,1.8138728e-05
16.349999999999756,-3.730765e-05,-4.84683e-06,1.2760069e-09,-1.678143e-07,-5.828203e-06,1.8138728e-05
16.359999999999758,-3.7307647e-05,-4.84683e-06,1.276007e-09,-1.678143e-07,-5.828203e-06,1.8138728e-05
16.36999999999976,-3.7307647e-05,-4.84683e-06,1.2760065e-09,-1.6781433e-07,-5.828203e-06,1.8138728e-05
16.37999999999976,-3.730765e-05,-4.8468296e-06,1.2760065e-09,-1.6781433e-07,-5.828203e-06,1.8138728e-05
16.389999999999763,-3.730765e-05,-4.84683e-06,1.2760069e-09,-1.678143e-07,-5.828203e-06,1.8138728e-05
16.399999999999764,-3.7307647e-05,-4.84683e-06,1.2760067e-09,-1.6781432e-07,-5.828203e-06,1.8138728e-05
16.409999999999766,-3.730765e-05,-4.84683e-06,1.2760071e-09,-1.678143e-07,-5.828203e-06,1.8138728e-05
16.419999999999767,-3.730765e-05,-4.84683e-06,1.276007e-09,-1.678143e-07,-5.828203e-06,1.8138728e-05
16.42999999999977,-3.7307647e-05,-4.8468296e-06,1.2760065e-09,-1.6781433e-07,-5.828203e-06,1.8138728e-05
16.43999999999977,-3.730765e-05,-4.84683e-06,1.2760073e-09,-1.6781428e-07,-5.828203e-06,1.8138728e-05
16.449999999999772,-3.7307647e-05,-4.8468296e-06,1.2760061e-09,-1.6781438e-07,-5.828203e-06,1.8138728e-05
16.459999999999773,-3.7307647e-05,-4.84683e-06,1.2760067e-09,-1.6781432e-07,-5.828203e-06,1.8138728e-05
16.469999999999775,-3.730765e-05,-4.84683e-06,1.2760073e-09,-1.6781428e-07,-5.828203e-06,1.8138728e-05
16.479999999999777,-3.7307647e-05,-4.84683e-06,1.2760066e-09,-1.6781432e-07,-5.828203e-06,1.8138728e-05
16.489999999999778,-3.7307647e-05,-4.84683e-06,1.2760065e-09,-1.6781435e-07,-5.828203e-06,1.8138728e-05
16.49999999999978,-3.7307647e-05,-4.8468296e-06,1.2760065e-09,-1.6781433e-07,-5.828203e-06,1.8138728e-05
16.50999999999978,-3.7307647e-05,-4.84683e-06,1.2760069e-09,-1.678143e-07,-5.828203e-06,1.8138728e-05
16.519999999999783,-3.730765e-05,-4.8468296e-06,1.2760065e-09,-1.6781435e-07,-5.828203e-06,1.8138728e-05
16.529999999999784,-3.7307647e-05,-4.8468296e-06,1.2760064e-09,-1.6781435e-07,-5.828203e-06,1.8138728e-05
16.539999999999786,-3.730765e-05,-4.84683e-06,1.2760066e-09,-1.6781433e-07,-5.828203e-06,1.8138728e-05
16.549999999999788,-3.730765e-05,-4.84683e-06,1.276007e-09,-1.678143e-07,-5.828203e-06,1.8138728e-05
16.55999999999979,-3.7307647e-05,-4.84683e-06,1.2760072e-09,-1.6781429e-07,-5.828203e-06,1.8138728e-05
16.56999999999979,-3.7307647e-05,-4.8468296e-06,1.2760065e-09,-1.6781433e-07,-5.828203e-06,1.8138728e-05
16.579999999999792,-3.730765e-05,-4.84683e-06,1.2760071e-09,-1.678143e-07,-5.828203e-06,1.8138728e-05
16.589999999999794,-3.7307647e-05,-4.8468296e-06,1.2760063e-09,-1.6781436e-07,-5.828203e-06,1.8138728e-05
16.599999999999795,-3.7307647e-05,-4.84683e-06,1.2760069e-09,-1.678143e-07,-5.828203e-06,1.8138728e-05
16.609999999999797,-3.7307647e-05,-4.8468296e-06,1.2760067e-09,-1.6781432e-07,-5.828203e-06,1.8138728e-05
16.6199999999998,-3.730765e-05,-4.84683e-06,1.2760072e-09,-1.6781428e-07,-5.828203e-06,1.8138728e-05
16.6299999999998,-3.7307647e-05,-4.8468296e-06,1.2760067e-09,-1.6781432e-07,-5.828203e-06,1.8138728e-05
16.6399999999998,-3.7307647e-05,-4.84683e-06,1.2760066e-09,-1.6781433e-07,-5.828203e-06,1.8138728e-05
16.649999999999803,-3.730765e-05,-4.84683e-06,1.2760071e-09,-1.6781429e-07,-5.828203e-06,1.8138728e-05
16.659999999999805,-3.730765e-05,-4.84683e-06,1.2760067e-09,-1.6781432e-07,-5.828203e-06,1.8138728e-05
16.669999999999806,-3.730765e-05,-4.8468296e-06,1.2760066e-09,-1.6781432e-07,-5.828203e-06,1.8138728e-05
16.679999999999808,-3.730765e-05,-4.84683e-06,1.2760071e-09,-1.6781429e-07,-5.828203e-06,1.8138728e-05
16.68999999999981,-3.7307647e-05,-4.8468296e-06,1.2760064e-09,-1.6781435e-07,-5.828203e-06,1.8138728e-05
16.69999999999981,-3.7307647e-05,-4.8468296e-06,1.2760065e-09,-1.6781433e-07,-5.828203e-06,1.8138728e-05
16.709999999999813,-3.730765e-05,-4.84683e-06,1.2760072e-09,-1.6781428e-07,-5.828203e-06,1.8138728e-05
16.719999999999814,-3.7307647e-05,-4.8468296e-06,1.2760064e-09,-1.6781435e-07,-5.828203e-06,1.8138728e-05
16.729999999999816,-3.7307647e-05,-4.8468296e-06,1.2760061e-09,-1.6781438e-07,-5.828203e-06,1.8138728e-05
16.739999999999817,-3.7307647e-05,-4.84683e-06,1.2760065e-09,-1.6781433e-07,-5.828203e-06,1.8138728e-05
16.74999999999982,-3.7307647e-05,-4.84683e-06,1.2760065e-09,-1.6781433e-07,-5.828203e-06,1.8138728e-05
16.75999999999982,-3.7307647e-05,-4.84683e-06,1.2760067e-09,-1.6781432e-07,-5.828203e-06,1.8138728e-05
16.769999999999822,-3.7307647e-05,-4.84683e-06,1.2760066e-09,-1.6781432e-07,-5.828203e-06,1.8138728e-05
16.779999999999824,-3.7307647e-05,-4.84683e-06,1.2760066e-09,-1.6781433e-07,-5.828203e-06,1.8138728e-05
16.789999999999825,-3.730765e-05,-4.84683e-06,1.2760071e-09,-1.6781429e-07,-5.828203e-06,1.8138728e-05
16.799999999999827,-3.7307647e-05,-4.84683e-06,1.2760066e-09,-1.6781433e-07,-5.828203e-06,1.8138728e-05
16.809999999999828,-3.7307647e-05,-4.84683e-06,1.276007e-09,-1.6781429e-07,-5.828203e-06,1.8138728e-05
16.81999999999983,-3.730765e-05,-4.84683e-06,1.2760067e-09,-1.6781432e-07,-5.828203e-06,1.8138728e-05
16.82999999999983,-3.7307647e-05,-4.84683e-06,1.2760066e-09,-1.6781433e-07,-5.828203e-06,1.8138728e-05
16.839999999999833,-3.7307647e-05,-4.84683e-06,1.2760071e-09,-1.6781429e-07,-5.828203e-06,1.8138728e-05
16.849999999999834,-3.7307647e-05,-4.84683e-06,1.2760066e-09,-1.6781433e-07,-5.828203e-06,1.8138728e-05
16.859999999999836,-3.7307647e-05,-4.84683e-06,1.2760071e-09,-1.6781429e-07,-5.828203e-06,1.8138728e-05
16.869999999999838,-3.7307647e-05,-4.84683e-06,1.2760064e-09,-1.6781435e-07,-5.828203e-06,1.8138728e-05
16.87999999999984,-3.7307647e-05,-4.8468296e-06,1.2760066e-09,-1.6781432e-07,-5.828203e-06,1.8138728e-05
16.88999999999984,-3.7307647e-05,-4.84683e-06,1.2760065e-09,-1.6781435e-07,-5.828203e-06,1.8138728e-05
16.899999999999842,-3.7307647e-05,-4.8468296e-06,1.2760064e-09,-1.6781435e-07,-5.828203e-06,1.8138728e-05
16.909999999999844,-3.730765e-05,-4.8468296e-06,1.2760064e-09,-1.6781435e-07,-5.828203e-06,1.8138728e-05
16.919999999999845,-3.7307647e-05,-4.84683e-06,1.2760069e-09,-1.6781432e-07,-5.828203e-06,1.8138728e-05
16.929999999999847,-3.7307647e-05,-4.8468296e-06,1.2760066e-09,-1.6781433e-07,-5.828203e-06,1.8138728e-05
16.93999999999985,-3.730765e-05,-4.84683e-06,1.2760067e-09,-1.6781432e-07,-5.828203e-06,1.8138728e-05
16.94999999999985,-3.7307647e-05,-4.84683e-06,1.2760067e-09,-1.6781432e-07,-5.828203e-06,1.8138728e-05
16.95999999999985,-3.730765e-05,-4.84683e-06,1.2760069e-09,-1.678143e-07,-5.828203e-06,1.8138728e-05
16.969999999999853,-3.730765e-05,-4.84683e-06,1.2760069e-09,-1.678143e-07,-5.828203e-06,1.8138728e-05
16.979999999999855,-3.7307647e-05,-4.8468296e-06,1.2760063e-09,-1.6781435e-07,-5.828203e-06,1.8138728e-05
16.989999999999856,-3.7307647e-05,-4.8468296e-06,1.2760062e-09,-1.6781436e-07,-5.828203e-06,1.8138728e-05
16.999999999999858,-3.730765e-05,-4.84683e-06,1.2760076e-09,-1.6781426e-07,-5.828203e-06,1.8138728e-05
17.00999999999986,-3.7307647e-05,-4.8468296e-06,1.2760067e-09,-1.6781432e-07,-5.828203e-06,1.8138728e-05
17.01999999999986,-3.7307647e-05,-4.8468296e-06,1.2760064e-09,-1.6781433e-07,-5.828203e-06,1.8138728e-05
17.029999999999863,-3.7307647e-05,-4.8468296e-06,1.2760069e-09,-1.678143e-07,-5.828203e-06,1.8138728e-05
17.039999999999864,-3.7307647e-05,-4.8468296e-06,1.2760064e-09,-1.6781433e-07,-5.828203e-06,1.8138728e-05
17.049999999999866,-3.730765e-05,-4.84683e-06,1.2760074e-09,-1.6781428e-07,-5.828203e-06,1.8138728e-05
17.059999999999867,-3.730765e-05,-4.84683e-06,1.2760069e-09,-1.6781432e-07,-5.828203e-06,1.8138728e-05
17.06999999999987,-3.7307647e-05,-4.8468296e-06,1.2760065e-09,-1.6781433e-07,-5.828203e-06,1.8138728e-05
17.07999999999987,-3.7307647e-05,-4.84683e-06,1.2760067e-09,-1.6781432e-07,-5.828203e-06,1.8138728e-05
17.089999999999872,-3.7307647e-05,-4.84683e-06,1.2760066e-09,-1.6781433e-07,-5.828203e-06,1.8138728e-05
17.099999999999874,-3.7307647e-05,-4.8468296e-06,1.2760064e-09,-1.6781435e-07,-5.828203e-06,1.8138728e-05
17.109999999999875,-3.730765e-05,-4.84683e-06,1.276007e-09,-1.678143e-07,-5.828203e-06,1.8138728e-05
17.119999999999877,-3.7307647e-05,-4.84683e-06,1.2760064e-09,-1.6781435e-07,-5.828203e-06,1.8138728e-05
17.129999999999878,-3.730765e-05,-4.84683e-06,1.2760067e-09,-1.6781433e-07,-5.828203e-06,1.8138728e-05
17.13999999999988,-3.7307647e-05,-4.84683e-06,1.2760066e-09,-1.6781433e-07,-5.828203e-06,1.8138728e-05
17.14999999999988,-3.730765e-05,-4.84683e-06,1.2760066e-09,-1.6781433e-07,-5.828203e-06,1.8138728e-05
17.159999999999883,-3.7307647e-05,-4.84683e-06,1.276007e-09,-1.678143e-07,-5.828203e-06,1.8138728e-05
17.169999999999884,-3.7307647e-05,-4.8468296e-06,1.2760067e-09,-1.6781432e-07,-5.828203e-06,1.8138728e-05
17.179999999999886,-3.7307647e-05,-4.8468296e-06,1.2760067e-09,-1.6781432e-07,-5.828203e-06,1.8138728e-05
17.189999999999888,-3.7307647e-05,-4.8468296e-06,1.2760062e-09,-1.6781436e-07,-5.828203e-06,1.8138728e-05
17.19999999999989,-3.730765e-05,-4.84683e-06,1.2760064e-09,-1.6781435e-07,-5.828203e-06,1.8138728e-05
17.20999999999989,-3.7307647e-05,-4.84683e-06,1.2760067e-09,-1.6781432e-07,-5.828203e-06,1.8138728e-05
17.219999999999892,-3.730765e-05,-4.84683e-06,1.276007e-09,-1.678143e-07,-5.828203e-06,1.8138728e-05
17.229999999999894,-3.7307647e-05,-4.84683e-06,1.276007e-09,-1.678143e-07,-5.828203e-06,1.8138728e-05
17.239999999999895,-3.730765e-05,-4.84683e-06,1.276007e-09,-1.678143e-07,-5.828203e-06,1.8138728e-05
17.249999999999897,-3.730765e-05,-4.84683e-06,1.2760067e-09,-1.6781432e-07,-5.828203e-06,1.8138728e-05
17.2599999999999,-3.7307647e-05,-4.8468296e-06,1.2760065e-09,-1.6781433e-07,-5.828203e-06,1.8138728e-05
17.2699999999999,-3.7307647e-05,-4.8468296e-06,1.2760064e-09,-1.6781435e-07,-5.828203e-06,1.8138728e-05
17.2799999999999,-3.7307647e-05,-4.84683e-06,1.276007e-09,-1.678143e-07,-5.828203e-06,1.8138728e-05
17.289999999999903,-3.7307647e-05,-4.84683e-06,1.2760065e-09,-1.6781433e-07,-5.828203e-06,1.8138728e-05
17.299999999999905,-3.7307647e-05,-4.84683e-06,1.2760071e-09,-1.6781429e-07,-5.828203e-06,1.8138728e-05
17.309999999999906,-3.7307647e-05,-4.84683e-06,1.276007e-09,-1.678143e-07,-5.828203e-06,1.8138728e-05
17.319999999999908,-3.7307647e-05,-4.84683e-06,1.2760071e-09,-1.6781429e-07,-5.828203e-06,1.8138728e-05
17.32999999999991,-3.730765e-05,-4.84683e-06,1.2760066e-09,-1.6781433e-07,-5.828203e-06,1.8138728e-05
17.33999999999991,-3.7307647e-05,-4.84683e-06,1.2760071e-09,-1.6781429e-07,-5.828203e-06,1.8138728e-05
17.349999999999913,-3.7307647e-05,-4.84683e-06,1.2760069e-09,-1.6781432e-07,-5.828203e-06,1.8138728e-05
17.359999999999914,-3.7307647e-05,-4.8468296e-06,1.2760063e-09,-1.6781435e-07,-5.828203e-06,1.8138728e-05
17.369999999999916,-3.730765e-05,-4.8468296e-06,1.2760066e-09,-1.6781432e-07,-5.828203e-06,1.8138728e-05
17.379999999999917,-3.7307647e-05,-4.8468296e-06,1.2760064e-09,-1.6781435e-07,-5.828203e-06,1.8138728e-05
17.38999999999992,-3.730765e-05,-4.84683e-06,1.2760067e-09,-1.6781432e-07,-5.828203e-06,1.8138728e-05
17.39999999999992,-3.7307647e-05,-4.84683e-06,1.2760067e-09,-1.6781432e-07,-5.828203e-06,1.8138728e-05
17.409999999999922,-3.7307647e-05,-4.84683e-06,1.2760066e-09,-1.6781433e-07,-5.828203e-06,1.8138728e-05
17.419999999999924,-3.7307647e-05,-4.84683e-06,1.2760067e-09,-1.6781432e-07,-5.828203e-06,1.8138728e-05
17.429999999999925,-3.730765e-05,-4.8468296e-06,1.2760062e-09,-1.6781436e-07,-5.828203e-06,1.8138728e-05
17.439999999999927,-3.730765e-05,-4.84683e-06,1.2760071e-09,-1.6781429e-07,-5.828203e-06,1.8138728e-05
17.44999999999993,-3.730765e-05,-4.8468296e-06,1.2760066e-09,-1.6781432e-07,-5.828203e-06,1.8138728e-05
17.45999999999993,-3.730765e-05,-4.84683e-06,1.2760066e-09,-1.6781433e-07,-5.828203e-06,1.8138728e-05
17.46999999999993,-3.7307647e-05,-4.8468296e-06,1.2760063e-09,-1.6781436e-07,-5.828203e-06,1.8138728e-05
17.479999999999933,-3.730765e-05,-4.84683e-06,1.2760069e-09,-1.6781432e-07,-5.828203e-06,1.8138728e-05
17.489999999999934,-3.730765e-05,-4.84683e-06,1.2760071e-09,-1.678143e-07,-5.828203e-06,1.8138728e-05
17.499999999999936,-3.730765e-05,-4.84683e-06,1.276007e-09,-1.6781432e-07,-5.828203e-06,1.8138728e-05
17.509999999999938,-3.7307647e-05,-4.8468296e-06,1.2760066e-09,-1.6781433e-07,-5.828203e-06,1.8138728e-05
17.51999999999994,-3.7307647e-05,-4.84683e-06,1.2760067e-09,-1.6781432e-07,-5.828203e-06,1.8138728e-05
17.52999999999994,-3.7307647e-05,-4.8468296e-06,1.2760066e-09,-1.6781432e-07,-5.828203e-06,1.8138728e-05
17.539999999999942,-3.730765e-05,-4.8468296e-06,1.2760063e-09,-1.6781436e-07,-5.828203e-06,1.8138728e-05
17.549999999999944,-3.730765e-05,-4.8468296e-06,1.2760066e-09,-1.6781432e-07,-5.828203e-06,1.8138728e-05
17.559999999999945,-3.730765e-05,-4.84683e-06,1.276007e-09,-1.678143e-07,-5.828203e-06,1.8138728e-05
17.569999999999947,-3.730765e-05,-4.84683e-06,1.2760069e-09,-1.6781432e-07,-5.828203e-06,1.8138728e-05
17.57999999999995,-3.730765e-05,-4.84683e-06,1.2760069e-09,-1.6781432e-07,-5.828203e-06,1.8138728e-05
17.58999999999995,-3.7307647e-05,-4.8468296e-06,1.2760061e-09,-1.6781438e-07,-5.828203e-06,1.8138728e-05
17.59999999999995,-3.7307647e-05,-4.84683e-06,1.2760066e-09,-1.6781433e-07,-5.828203e-06,1.8138728e-05
17.609999999999953,-3.730765e-05,-4.8468296e-06,1.2760066e-09,-1.6781433e-07,-5.828203e-06,1.8138728e-05
17.619999999999955,-3.730765e-05,-4.84683e-06,1.2760065e-09,-1.6781433e-07,-5.828203e-06,1.8138728e-05
17.629999999999956,-3.7307647e-05,-4.8468296e-06,1.2760065e-09,-1.6781433e-07,-5.828203e-06,1.8138728e-05
17.639999999999958,-3.7307647e-05,-4.8468296e-06,1.2760061e-09,-1.6781436e-07,-5.828203e-06,1.8138728e-05
17.64999999999996,-3.7307647e-05,-4.8468296e-06,1.2760065e-09,-1.6781433e-07,-5.828203e-06,1.8138728e-05
17.65999999999996,-3.7307647e-05,-4.8468296e-06,1.2760065e-09,-1.6781433e-07,-5.828203e-06,1.8138728e-05
17.669999999999963,-3.7307647e-05,-4.84683e-06,1.2760072e-09,-1.6781429e-07,-5.828203e-06,1.8138728e-05
17.679999999999964,-3.730765e-05,-4.84683e-06,1.276007e-09,-1.678143e-07,-5.828203e-06,1.8138728e-05
17.689999999999966,-3.730765e-05,-4.8468296e-06,1.2760063e-09,-1.6781435e-07,-5.828203e-06,1.8138728e-05
17.699999999999967,-3.730765e-05,-4.84683e-06,1.2760067e-09,-1.6781433e-07,-5.828203e-06,1.8138728e-05
17.70999999999997,-3.7307647e-05,-4.8468296e-06,1.2760063e-09,-1.6781435e-07,-5.828203e-06,1.8138728e-05
17.71999999999997,-3.7307647e-05,-4.84683e-06,1.2760069e-09,-1.678143e-07,-5.828203e-06,1.8138728e-05
17.729999999999972,-3.7307647e-05,-4.84683e-06,1.2760067e-09,-1.6781432e-07,-5.828203e-06,1.8138728e-05
17.739999999999974,-3.7307647e-05,-4.84683e-06,1.276007e-09,-1.678143e-07,-5.828203e-06,1.8138728e-05
17.749999999999975,-3.730765e-05,-4.84683e-06,1.2760071e-09,-1.678143e-07,-5.828203e-06,1.8138728e-05
17.759999999999977,-3.7307647e-05,-4.8468296e-06,1.2760066e-09,-1.6781433e-07,-5.828203e-06,1.8138728e-05
17.76999999999998,-3.730765e-05,-4.84683e-06,1.2760069e-09,-1.6781432e-07,-5.828203e-06,1.8138728e-05
17.77999999999998,-3.730765e-05,-4.84683e-06,1.2760066e-09,-1.6781433e-07,-5.828203e-06,1.8138728e-05
17.78999999999998,-3.7307647e-05,-4.8468296e-06,1.2760064e-09,-1.6781435e-07,-5.828203e-06,1.8138728e-05
17.799999999999983,-3.730765e-05,-4.84683e-06,1.2760065e-09,-1.6781435e-07,-5.828203e-06,1.8138728e-05
17.809999999999985,-3.7307647e-05,-4.84683e-06,1.2760069e-09,-1.678143e-07,-5.828203e-06,1.8138728e-05
17.819999999999986,-3.7307647e-05,-4.8468296e-06,1.2760064e-09,-1.6781433e-07,-5.828203e-06,1.8138728e-05
17.829999999999988,-3.730765e-05,-4.8468296e-06,1.2760067e-09,-1.6781432e-07,-5.828203e-06,1.8138728e-05
17.83999999999999,-3.730765e-05,-4.84683e-06,1.2760066e-09,-1.6781432e-07,-5.828203e-06,1.8138728e-05
17.84999999999999,-3.7307647e-05,-4.84683e-06,1.2760073e-09,-1.6781428e-07,-5.828203e-06,1.8138728e-05
17.859999999999992,-3.730765e-05,-4.84683e-06,1.2760072e-09,-1.6781429e-07,-5.828203e-06,1.8138728e-05
17.869999999999994,-3.7307647e-05,-4.8468296e-06,1.2760064e-09,-1.6781435e-07,-5.828203e-06,1.8138728e-05
17.879999999999995,-3.730765e-05,-4.84683e-06,1.2760065e-09,-1.6781435e-07,-5.828203e-06,1.8138728e-05
17.889999999999997,-3.7307647e-05,-4.8468296e-06,1.276006e-09,-1.6781438e-07,-5.828203e-06,1.8138728e-05
17.9,-3.730765e-05,-4.8468296e-06,1.2760064e-09,-1.6781435e-07,-5.828203e-06,1.8138728e-05
17.91,-3.730765e-05,-4.84683e-06,1.2760067e-09,-1.6781433e-07,-5.828203e-06,1.8138728e-05
17.92,-3.730765e-05,-4.84683e-06,1.2760071e-09,-1.6781429e-07,-5.828203e-06,1.8138728e-05
17.930000000000003,-3.730765e-05,-4.84683e-06,1.2760066e-09,-1.6781432e-07,-5.828203e-06,1.8138728e-05
17.940000000000005,-3.7307647e-05,-4.84683e-06,1.276007e-09,-1.678143e-07,-5.828203e-06,1.8138728e-05
17.950000000000006,-3.730765e-05,-4.84683e-06,1.2760067e-09,-1.6781432e-07,-5.828203e-06,1.8138728e-05
17.960000000000008,-3.730765e-05,-4.84683e-06,1.2760069e-09,-1.6781432e-07,-5.828203e-06,1.8138728e-05
17.97000000000001,-3.7307647e-05,-4.8468296e-06,1.2760064e-09,-1.6781435e-07,-5.828203e-06,1.8138728e-05
17.98000000000001,-3.7307647e-05,-4.8468296e-06,1.2760064e-09,-1.6781435e-07,-5.828203e-06,1.8138728e-05
17.990000000000013,-3.730765e-05,-4.8468296e-06,1.2760066e-09,-1.6781432e-07,-5.828203e-06,1.8138728e-05
18.000000000000014,-3.7307647e-05,-4.84683e-06,1.276007e-09,-1.678143e-07,-5.828203e-06,1.8138728e-05
18.010000000000016,-3.730765e-05,-4.84683e-06,1.2760073e-09,-1.6781428e-07,-5.828203e-06,1.8138728e-05
18.020000000000017,-3.730765e-05,-4.84683e-06,1.2760066e-09,-1.6781433e-07,-5.828203e-06,1.8138728e-05
18.03000000000002,-3.7307647e-05,-4.84683e-06,1.2760069e-09,-1.678143e-07,-5.828203e-06,1.8138728e-05
18.04000000000002,-3.730765e-05,-4.84683e-06,1.2760069e-09,-1.6781432e-07,-5.828203e-06,1.8138728e-05
18.050000000000022,-3.7307647e-05,-4.84683e-06,1.2760072e-09,-1.6781429e-07,-5.828203e-06,1.8138728e-05
18.060000000000024,-3.7307647e-05,-4.8468296e-06,1.2760065e-09,-1.6781435e-07,-5.828203e-06,1.8138728e-05
18.070000000000025,-3.730765e-05,-4.84683e-06,1.2760069e-09,-1.678143e-07,-5.828203e-06,1.8138728e-05
18.080000000000027,-3.730765e-05,-4.84683e-06,1.2760067e-09,-1.6781432e-07,-5.828203e-06,1.8138728e-05
18.09000000000003,-3.7307647e-05,-4.8468296e-06,1.2760065e-09,-1.6781433e-07,-5.828203e-06,1.8138728e-05
18.10000000000003,-3.730765e-05,-4.84683e-06,1.2760067e-09,-1.6781432e-07,-5.828203e-06,1.8138728e-05
18.11000000000003,-3.7307647e-05,-4.8468296e-06,1.2760064e-09,-1.6781435e-07,-5.828203e-06,1.8138728e-05
18.120000000000033,-3.7307647e-05,-4.8468296e-06,1.2760063e-09,-1.6781436e-07,-5.828203e-06,1.8138728e-05
18.130000000000035,-3.7307647e-05,-4.8468296e-06,1.2760066e-09,-1.6781432e-07,-5.828203e-06,1.8138728e-05
18.140000000000036,-3.7307647e-05,-4.8468296e-06,1.2760057e-09,-1.6781439e-07,-5.828203e-06,1.8138728e-05
18.150000000000038,-3.7307647e-05,-4.8468296e-06,1.2760066e-09,-1.6781432e-07,-5.828203e-06,1.8138728e-05
18.16000000000004,-3.7307647e-05,-4.8468296e-06,1.2760066e-09,-1.6781433e-07,-5.828203e-06,1.8138728e-05
18.17000000000004,-3.730765e-05,-4.84683e-06,1.2760066e-09,-1.6781432e-07,-5.828203e-06,1.8138728e-05
18.180000000000042,-3.7307647e-05,-4.84683e-06,1.276007e-09,-1.678143e-07,-5.828203e-06,1.8138728e-05
18.190000000000044,-3.7307647e-05,-4.8468296e-06,1.2760064e-09,-1.6781435e-07,-5.828203e-06,1.8138728e-05
18.200000000000045,-3.7307647e-05,-4.8468296e-06,1.2760064e-09,-1.6781435e-07,-5.828203e-06,1.8138728e-05
18.210000000000047,-3.7307647e-05,-4.84683e-06,1.2760066e-09,-1.6781433e-07,-5.828203e-06,1.8138728e-05
18.22000000000005,-3.730765e-05,-4.8468296e-06,1.2760063e-09,-1.6781436e-07,-5.828203e-06,1.8138728e-05
18.23000000000005,-3.7307647e-05,-4.8468296e-06,1.2760066e-09,-1.6781432e-07,-5.828203e-06,1.8138728e-05
18.24000000000005,-3.730765e-05,-4.84683e-06,1.2760071e-09,-1.6781429e-07,-5.828203e-06,1.8138728e-05
18.250000000000053,-3.730765e-05,-4.84683e-06,1.2760069e-09,-1.6781432e-07,-5.828203e-06,1.8138728e-05
18.260000000000055,-3.7307647e-05,-4.8468296e-06,1.2760062e-09,-1.6781436e-07,-5.828203e-06,1.8138728e-05
18.270000000000056,-3.7307647e-05,-4.8468296e-06,1.2760061e-09,-1.6781438e-07,-5.828203e-06,1.8138728e-05
18.280000000000058,-3.7307647e-05,-4.8468296e-06,1.2760066e-09,-1.6781432e-07,-5.828203e-06,1.8138728e-05
18.29000000000006,-3.7307647e-05,-4.84683e-06,1.2760069e-09,-1.6781432e-07,-5.828203e-06,1.8138728e-05
18.30000000000006,-3.7307647e-05,-4.84683e-06,1.2760064e-09,-1.6781435e-07,-5.828203e-06,1.8138728e-05
18.310000000000063,-3.7307647e-05,-4.84683e-06,1.2760066e-09,-1.6781433e-07,-5.828203e-06,1.8138728e-05
18.320000000000064,-3.730765e-05,-4.84683e-06,1.2760069e-09,-1.6781432e-07,-5.828203e-06,1.8138728e-05
18.330000000000066,-3.7307647e-05,-4.8468296e-06,1.2760064e-09,-1.6781433e-07,-5.828203e-06,1.8138728e-05
18.340000000000067,-3.7307647e-05,-4.84683e-06,1.2760067e-09,-1.6781432e-07,-5.828203e-06,1.8138728e-05
18.35000000000007,-3.730765e-05,-4.84683e-06,1.2760066e-09,-1.6781433e-07,-5.828203e-06,1.8138728e-05
18.36000000000007,-3.7307647e-05,-4.8468296e-06,1.2760062e-09,-1.6781436e-07,-5.828203e-06,1.8138728e-05
18.370000000000072,-3.7307647e-05,-4.84683e-06,1.2760067e-09,-1.6781432e-07,-5.828203e-06,1.8138728e-05
18.380000000000074,-3.7307647e-05,-4.84683e-06,1.2760066e-09,-1.6781433e-07,-5.828203e-06,1.8138728e-05
18.390000000000075,-3.7307647e-05,-4.84683e-06,1.2760069e-09,-1.678143e-07,-5.828203e-06,1.8138728e-05
18.400000000000077,-3.7307647e-05,-4.8468296e-06,1.2760065e-09,-1.6781433e-07,-5.828203e-06,1.8138728e-05
18.41000000000008,-3.7307647e-05,-4.8468296e-06,1.2760063e-09,-1.6781436e-07,-5.828203e-06,1.8138728e-05
18.42000000000008,-3.7307647e-05,-4.8468296e-06,1.2760066e-09,-1.6781432e-07,-5.828203e-06,1.8138728e-05
18.43000000000008,-3.7307647e-05,-4.84683e-06,1.2760066e-09,-1.6781433e-07,-5.828203e-06,1.8138728e-05
18.440000000000083,-3.730765e-05,-4.8468296e-06,1.2760067e-09,-1.6781432e-07,-5.828203e-06,1.8138728e-05
18.450000000000085,-3.730765e-05,-4.84683e-06,1.2760066e-09,-1.6781433e-07,-5.828203e-06,1.8138728e-05
18.460000000000086,-3.7307647e-05,-4.8468296e-06,1.2760063e-09,-1.6781435e-07,-5.828203e-06,1.8138728e-05
18.470000000000088,-3.7307647e-05,-4.8468296e-06,1.2760066e-09,-1.6781433e-07,-5.828203e-06,1.8138728e-05
18.48000000000009,-3.730765e-05,-4.84683e-06,1.2760072e-09,-1.6781429e-07,-5.828203e-06,1.8138728e-05
18.49000000000009,-3.7307647e-05,-4.84683e-06,1.2760066e-09,-1.6781433e-07,-5.828203e-06,1.8138728e-05
18.500000000000092,-3.7307647e-05,-4.84683e-06,1.2760066e-09,-1.6781433e-07,-5.828203e-06,1.8138728e-05
18.510000000000094,-3.730765e-05,-4.8468296e-06,1.2760064e-09,-1.6781435e-07,-5.828203e-06,1.8138728e-05
18.520000000000095,-3.7307647e-05,-4.8468296e-06,1.2760066e-09,-1.6781432e-07,-5.828203e-06,1.8138728e-05
18.530000000000097,-3.7307647e-05,-4.8468296e-06,1.2760063e-09,-1.6781435e-07,-5.828203e-06,1.8138728e-05
18.5400000000001,-3.7307647e-05,-4.8468296e-06,1.2760063e-09,-1.6781436e-07,-5.828203e-06,1.8138728e-05
18.5500000000001,-3.7307647e-05,-4.8468296e-06,1.2760064e-09,-1.6781436e-07,-5.828203e-06,1.8138728e-05
18.5600000000001,-3.7307647e-05,-4.8468296e-06,1.2760065e-09,-1.6781433e-07,-5.828203e-06,1.8138728e-05
18.570000000000103,-3.7307647e-05,-4.84683e-06,1.2760069e-09,-1.678143e-07,-5.828203e-06,1.8138728e-05
18.580000000000105,-3.7307647e-05,-4.84683e-06,1.276007e-09,-1.678143e-07,-5.828203e-06,1.8138728e-05
18.590000000000106,-3.7307647e-05,-4.84683e-06,1.2760069e-09,-1.6781432e-07,-5.828203e-06,1.8138728e-05
18.600000000000108,-3.730765e-05,-4.8468296e-06,1.2760069e-09,-1.678143e-07,-5.828203e-06,1.8138728e-05
18.61000000000011,-3.7307647e-05,-4.8468296e-06,1.2760064e-09,-1.6781435e-07,-5.828203e-06,1.8138728e-05
18.62000000000011,-3.7307647e-05,-4.84683e-06,1.2760066e-09,-1.6781433e-07,-5.828203e-06,1.8138728e-05
18.630000000000113,-3.7307647e-05,-4.84683e-06,1.2760071e-09,-1.6781429e-07,-5.828203e-06,1.8138728e-05
18.640000000000114,-3.730765e-05,-4.84683e-06,1.2760069e-09,-1.6781432e-07,-5.828203e-06,1.8138728e-05
18.650000000000116,-3.730765e-05,-4.8468296e-06,1.2760064e-09,-1.6781435e-07,-5.828203e-06,1.8138728e-05
18.660000000000117,-3.730765e-05,-4.8468296e-06,1.2760064e-09,-1.6781435e-07,-5.828203e-06,1.8138728e-05
18.67000000000012,-3.7307647e-05,-4.8468296e-06,1.2760065e-09,-1.6781433e-07,-5.828203e-06,1.8138728e-05
18.68000000000012,-3.730765e-05,-4.84683e-06,1.276007e-09,-1.678143e-07,-5.828203e-06,1.8138728e-05
18.690000000000122,-3.730765e-05,-4.84683e-06,1.2760069e-09,-1.6781432e-07,-5.828203e-06,1.8138728e-05
18.700000000000124,-3.7307647e-05,-4.84683e-06,1.2760069e-09,-1.6781432e-07,-5.828203e-06,1.8138728e-05
18.710000000000125,-3.730765e-05,-4.84683e-06,1.2760065e-09,-1.6781435e-07,-5.828203e-06,1.8138728e-05
18.720000000000127,-3.730765e-05,-4.84683e-06,1.2760073e-09,-1.6781429e-07,-5.828203e-06,1.8138728e-05
18.73000000000013,-3.7307647e-05,-4.8468296e-06,1.2760066e-09,-1.6781433e-07,-5.828203e-06,1.8138728e-05
18.74000000000013,-3.730765e-05,-4.84683e-06,1.2760067e-09,-1.6781432e-07,-5.828203e-06,1.8138728e-05
18.75000000000013,-3.7307647e-05,-4.8468296e-06,1.2760063e-09,-1.6781435e-07,-5.828203e-06,1.8138728e-05
18.760000000000133,-3.730765e-05,-4.84683e-06,1.2760069e-09,-1.678143e-07,-5.828203e-06,1.8138728e-05
18.770000000000135,-3.730765e-05,-4.84683e-06,1.2760071e-09,-1.6781429e-07,-5.828203e-06,1.8138728e-05
18.780000000000136,-3.730765e-05,-4.84683e-06,1.2760071e-09,-1.678143e-07,-5.828203e-06,1.8138728e-05
18.790000000000138,-3.7307647e-05,-4.8468296e-06,1.2760069e-09,-1.678143e-07,-5.828203e-06,1.8138728e-05
18.80000000000014,-3.730765e-05,-4.84683e-06,1.2760063e-09,-1.6781436e-07,-5.828203e-06,1.8138728e-05
18.81000000000014,-3.7307647e-05,-4.8468296e-06,1.2760064e-09,-1.6781433e-07,-5.828203e-06,1.8138728e-05
18.820000000000142,-3.7307647e-05,-4.8468296e-06,1.2760063e-09,-1.6781436e-07,-5.828203e-06,1.8138728e-05
18.830000000000144,-3.730765e-05,-4.84683e-06,1.2760074e-09,-1.6781428e-07,-5.828203e-06,1.8138728e-05
18.840000000000146,-3.7307647e-05,-4.84683e-06,1.2760066e-09,-1.6781433e-07,-5.828203e-06,1.8138728e-05
18.850000000000147,-3.7307647e-05,-4.8468296e-06,1.2760063e-09,-1.6781435e-07,-5.828203e-06,1.8138728e-05
18.86000000000015,-3.7307647e-05,-4.84683e-06,1.276007e-09,-1.678143e-07,-5.828203e-06,1.8138728e-05
18.87000000000015,-3.7307647e-05,-4.8468296e-06,1.2760065e-09,-1.6781435e-07,-5.828203e-06,1.8138728e-05
18.88000000000015,-3.7307647e-05,-4.84683e-06,1.276007e-09,-1.678143e-07,-5.828203e-06,1.8138728e-05
18.890000000000153,-3.730765e-05,-4.84683e-06,1.2760069e-09,-1.6781432e-07,-5.828203e-06,1.8138728e-05
18.900000000000155,-3.7307647e-05,-4.84683e-06,1.2760063e-09,-1.6781436e-07,-5.828203e-06,1.8138728e-05
18.910000000000156,-3.730765e-05,-4.84683e-06,1.2760066e-09,-1.6781433e-07,-5.828203e-06,1.8138728e-05
18.920000000000158,-3.730765e-05,-4.84683e-06,1.2760067e-09,-1.6781432e-07,-5.828203e-06,1.8138728e-05
18.93000000000016,-3.730765e-05,-4.84683e-06,1.2760069e-09,-1.6781432e-07,-5.828203e-06,1.8138728e-05
18.94000000000016,-3.730765e-05,-4.84683e-06,1.2760066e-09,-1.6781433e-07,-5.828203e-06,1.8138728e-05
18.950000000000163,-3.730765e-05,-4.8468296e-06,1.2760062e-09,-1.6781436e-07,-5.828203e-06,1.8138728e-05
18.960000000000164,-3.7307647e-05,-4.8468296e-06,1.2760062e-09,-1.6781435e-07,-5.828203e-06,1.8138728e-05
18.970000000000166,-3.7307647e-05,-4.84683e-06,1.2760069e-09,-1.6781432e-07,-5.828203e-06,1.8138728e-05
18.980000000000167,-3.730765e-05,-4.84683e-06,1.2760071e-09,-1.6781429e-07,-5.828203e-06,1.8138728e-05
18.99000000000017,-3.7307647e-05,-4.84683e-06,1.2760066e-09,-1.6781433e-07,-5.828203e-06,1.8138728e-05
19.00000000000017,-3.730765e-05,-4.84683e-06,1.2760067e-09,-1.6781432e-07,-5.828203e-06,1.8138728e-05
19.010000000000172,-3.7307647e-05,-4.84683e-06,1.2760071e-09,-1.6781429e-07,-5.828203e-06,1.8138728e-05
19.020000000000174,-3.7307647e-05,-4.8468296e-06,1.2760063e-09,-1.6781435e-07,-5.828203e-06,1.8138728e-05
19.030000000000175,-3.730765e-05,-4.84683e-06,1.2760071e-09,-1.6781429e-07,-5.828203e-06,1.8138728e-05
19.040000000000177,-3.7307647e-05,-4.8468296e-06,1.276006e-09,-1.6781438e-07,-5.828203e-06,1.8138728e-05
19.05000000000018,-3.730765e-05,-4.84683e-06,1.276007e-09,-1.6781432e-07,-5.828203e-06,1.8138728e-05
19.06000000000018,-3.7307647e-05,-4.84683e-06,1.2760069e-09,-1.6781432e-07,-5.828203e-06,1.8138728e-05
19.07000000000018,-3.7307647e-05,-4.8468296e-06,1.2760064e-09,-1.6781435e-07,-5.828203e-06,1.8138728e-05
19.080000000000183,-3.730765e-05,-4.84683e-06,1.2760069e-09,-1.6781432e-07,-5.828203e-06,1.8138728e-05
19.090000000000185,-3.7307647e-05,-4.84683e-06,1.2760069e-09,-1.6781432e-07,-5.828203e-06,1.8138728e-05
19.100000000000186,-3.7307647e-05,-4.84683e-06,1.2760066e-09,-1.6781432e-07,-5.828203e-06,1.8138728e-05
19.110000000000188,-3.730765e-05,-4.84683e-06,1.2760067e-09,-1.6781432e-07,-5.828203e-06,1.8138728e-05
19.12000000000019,-3.730765e-05,-4.84683e-06,1.2760067e-09,-1.6781432e-07,-5.828203e-06,1.8138728e-05
19.13000000000019,-3.7307647e-05,-4.8468296e-06,1.2760063e-09,-1.6781436e-07,-5.828203e-06,1.8138728e-05
19.140000000000192,-3.7307647e-05,-4.8468296e-06,1.2760066e-09,-1.6781433e-07,-5.828203e-06,1.8138728e-05
19.150000000000194,-3.7307647e-05,-4.84683e-06,1.2760067e-09,-1.6781432e-07,-5.828203e-06,1.8138728e-05
19.160000000000196,-3.7307647e-05,-4.8468296e-06,1.2760065e-09,-1.6781433e-07,-5.828203e-06,1.8138728e-05
19.170000000000197,-3.7307647e-05,-4.8468296e-06,1.2760067e-09,-1.678143e-07,-5.828203e-06,1.8138728e-05
19.1800000000002,-3.7307647e-05,-4.8468296e-06,1.2760065e-09,-1.6781433e-07,-5.828203e-06,1.8138728e-05
19.1900000000002,-3.7307647e-05,-4.84683e-06,1.2760066e-09,-1.6781433e-07,-5.828203e-06,1.8138728e-05
19.200000000000202,-3.7307647e-05,-4.8468296e-06,1.2760067e-09,-1.678143e-07,-5.828203e-06,1.8138728e-05
19.210000000000203,-3.730765e-05,-4.84683e-06,1.2760067e-09,-1.6781432e-07,-5.828203e-06,1.8138728e-05
19.220000000000205,-3.7307647e-05,-4.8468296e-06,1.276006e-09,-1.6781438e-07,-5.828203e-06,1.8138728e-05
19.230000000000206,-3.7307647e-05,-4.8468296e-06,1.2760064e-09,-1.6781435e-07,-5.828203e-06,1.8138728e-05
19.240000000000208,-3.730765e-05,-4.8468296e-06,1.2760062e-09,-1.6781436e-07,-5.828203e-06,1.8138728e-05
19.25000000000021,-3.7307647e-05,-4.84683e-06,1.2760065e-09,-1.6781435e-07,-5.828203e-06,1.8138728e-05
19.26000000000021,-3.730765e-05,-4.84683e-06,1.276007e-09,-1.678143e-07,-5.828203e-06,1.8138728e-05
19.270000000000213,-3.730765e-05,-4.84683e-06,1.276007e-09,-1.678143e-07,-5.828203e-06,1.8138728e-05
19.280000000000214,-3.7307647e-05,-4.8468296e-06,1.2760064e-09,-1.6781435e-07,-5.828203e-06,1.8138728e-05
19.290000000000216,-3.730765e-05,-4.84683e-06,1.2760069e-09,-1.6781432e-07,-5.828203e-06,1.8138728e-05
19.300000000000217,-3.730765e-05,-4.84683e-06,1.2760071e-09,-1.6781429e-07,-5.828203e-06,1.8138728e-05
19.31000000000022,-3.7307647e-05,-4.8468296e-06,1.2760064e-09,-1.6781435e-07,-5.828203e-06,1.8138728e-05
19.32000000000022,-3.730765e-05,-4.84683e-06,1.2760071e-09,-1.6781429e-07,-5.828203e-06,1.8138728e-05
19.330000000000222,-3.730765e-05,-4.84683e-06,1.276007e-09,-1.678143e-07,-5.828203e-06,1.8138728e-05
19.340000000000224,-3.7307647e-05,-4.8468296e-06,1.2760067e-09,-1.6781432e-07,-5.828203e-06,1.8138728e-05
19.350000000000225,-3.730765e-05,-4.84683e-06,1.2760067e-09,-1.6781432e-07,-5.828203e-06,1.8138728e-05
19.360000000000227,-3.7307647e-05,-4.84683e-06,1.2760071e-09,-1.678143e-07,-5.828203e-06,1.8138728e-05
19.37000000000023,-3.7307647e-05,-4.8468296e-06,1.2760062e-09,-1.6781436e-07,-5.828203e-06,1.8138728e-05
19.38000000000023,-3.7307647e-05,-4.84683e-06,1.2760066e-09,-1.6781432e-07,-5.828203e-06,1.8138728e-05
19.39000000000023,-3.7307647e-05,-4.8468296e-06,1.2760064e-09,-1.6781433e-07,-5.828203e-06,1.8138728e-05
19.400000000000233,-3.7307647e-05,-4.84683e-06,1.2760069e-09,-1.6781432e-07,-5.828203e-06,1.8138728e-05
19.410000000000235,-3.7307647e-05,-4.84683e-06,1.2760071e-09,-1.6781429e-07,-5.828203e-06,1.8138728e-05
19.420000000000236,-3.7307647e-05,-4.84683e-06,1.2760069e-09,-1.6781432e-07,-5.828203e-06,1.8138728e-05
19.430000000000238,-3.7307647e-05,-4.8468296e-06,1.2760055e-09,-1.678144e-07,-5.828203e-06,1.8138728e-05
19.44000000000024,-3.7307647e-05,-4.8468296e-06,1.2760061e-09,-1.6781436e-07,-5.828203e-06,1.8138728e-05
19.45000000000024,-3.7307647e-05,-4.8468296e-06,1.2760064e-09,-1.6781435e-07,-5.828203e-06,1.8138728e-05
19.460000000000242,-3.7307647e-05,-4.8468296e-06,1.2760061e-09,-1.6781436e-07,-5.828203e-06,1.8138728e-05
19.470000000000244,-3.7307647e-05,-4.84683e-06,1.2760066e-09,-1.6781433e-07,-5.828203e-06,1.8138728e-05
19.480000000000246,-3.730765e-05,-4.8468296e-06,1.2760062e-09,-1.6781436e-07,-5.828203e-06,1.8138728e-05
19.490000000000247,-3.7307647e-05,-4.84683e-06,1.2760069e-09,-1.6781432e-07,-5.828203e-06,1.8138728e-05
19.50000000000025,-3.730765e-05,-4.8468296e-06,1.2760063e-09,-1.6781435e-07,-5.828203e-06,1.8138728e-05
19.51000000000025,-3.730765e-05,-4.8468296e-06,1.2760067e-09,-1.6781432e-07,-5.828203e-06,1.8138728e-05
19.520000000000252,-3.7307647e-05,-4.84683e-06,1.2760069e-09,-1.678143e-07,-5.828203e-06,1.8138728e-05
19.530000000000253,-3.7307647e-05,-4.84683e-06,1.2760069e-09,-1.678143e-07,-5.828203e-06,1.8138728e-05
19.540000000000255,-3.730765e-05,-4.84683e-06,1.2760072e-09,-1.6781429e-07,-5.828203e-06,1.8138728e-05
19.550000000000257,-3.730765e-05,-4.84683e-06,1.2760071e-09,-1.6781429e-07,-5.828203e-06,1.8138728e-05
19.560000000000258,-3.7307647e-05,-4.8468296e-06,1.2760062e-09,-1.6781436e-07,-5.828203e-06,1.8138728e-05
19.57000000000026,-3.730765e-05,-4.8468296e-06,1.2760064e-09,-1.6781435e-07,-5.828203e-06,1.8138728e-05
19.58000000000026,-3.7307647e-05,-4.8468296e-06,1.2760065e-09,-1.6781433e-07,-5.828203e-06,1.8138728e-05
19.590000000000263,-3.7307647e-05,-4.84683e-06,1.2760066e-09,-1.6781433e-07,-5.828203e-06,1.8138728e-05
19.600000000000264,-3.730765e-05,-4.8468296e-06,1.2760066e-09,-1.6781432e-07,-5.828203e-06,1.8138728e-05
19.610000000000266,-3.7307647e-05,-4.8468296e-06,1.2760065e-09,-1.6781433e-07,-5.828203e-06,1.8138728e-05
19.620000000000267,-3.7307647e-05,-4.84683e-06,1.2760069e-09,-1.678143e-07,-5.828203e-06,1.8138728e-05
19.63000000000027,-3.7307647e-05,-4.8468296e-06,1.2760064e-09,-1.6781435e-07,-5.828203e-06,1.8138728e-05
19.64000000000027,-3.730765e-05,-4.84683e-06,1.2760069e-09,-1.678143e-07,-5.828203e-06,1.8138728e-05
19.650000000000272,-3.7307647e-05,-4.8468296e-06,1.2760061e-09,-1.6781438e-07,-5.828203e-06,1.8138728e-05
19.660000000000274,-3.7307647e-05,-4.84683e-06,1.2760072e-09,-1.6781429e-07,-5.828203e-06,1.8138728e-05
19.670000000000275,-3.7307647e-05,-4.8468296e-06,1.2760064e-09,-1.6781435e-07,-5.828203e-06,1.8138728e-05
19.680000000000277,-3.7307647e-05,-4.8468296e-06,1.2760062e-09,-1.6781436e-07,-5.828203e-06,1.8138728e-05
19.69000000000028,-3.7307647e-05,-4.84683e-06,1.2760067e-09,-1.6781432e-07,-5.828203e-06,1.8138728e-05
19.70000000000028,-3.7307647e-05,-4.84683e-06,1.276007e-09,-1.678143e-07,-5.828203e-06,1.8138728e-05
19.71000000000028,-3.730765e-05,-4.84683e-06,1.2760073e-09,-1.6781429e-07,-5.828203e-06,1.8138728e-05
19.720000000000283,-3.7307647e-05,-4.84683e-06,1.2760067e-09,-1.6781432e-07,-5.828203e-06,1.8138728e-05
19.730000000000285,-3.730765e-05,-4.8468296e-06,1.2760064e-09,-1.6781435e-07,-5.828203e-06,1.8138728e-05
19.740000000000286,-3.7307647e-05,-4.8468296e-06,1.2760066e-09,-1.6781432e-07,-5.828203e-06,1.8138728e-05
19.750000000000288,-3.7307647e-05,-4.8468296e-06,1.2760066e-09,-1.6781432e-07,-5.828203e-06,1.8138728e-05
19.76000000000029,-3.7307647e-05,-4.84683e-06,1.2760073e-09,-1.6781428e-07,-5.828203e-06,1.8138728e-05
19.77000000000029,-3.7307647e-05,-4.8468296e-06,1.2760064e-09,-1.6781435e-07,-5.828203e-06,1.8138728e-05
19.780000000000292,-3.7307647e-05,-4.8468296e-06,1.2760065e-09,-1.6781433e-07,-5.828203e-06,1.8138728e-05
19.790000000000294,-3.7307647e-05,-4.8468296e-06,1.2760065e-09,-1.6781433e-07,-5.828203e-06,1.8138728e-05
19.800000000000296,-3.730765e-05,-4.84683e-06,1.2760066e-09,-1.6781433e-07,-5.828203e-06,1.8138728e-05
19.810000000000297,-3.730765e-05,-4.8468296e-06,1.2760062e-09,-1.6781436e-07,-5.828203e-06,1.8138728e-05
19.8200000000003,-3.730765e-05,-4.84683e-06,1.2760072e-09,-1.6781429e-07,-5.828203e-06,1.8138728e-05
19.8300000000003,-3.730765e-05,-4.84683e-06,1.276007e-09,-1.678143e-07,-5.828203e-06,1.8138728e-05
19.840000000000302,-3.7307647e-05,-4.8468296e-06,1.2760063e-09,-1.6781436e-07,-5.828203e-06,1.8138728e-05
19.850000000000303,-3.7307647e-05,-4.84683e-06,1.2760069e-09,-1.6781432e-07,-5.828203e-06,1.8138728e-05
19.860000000000305,-3.730765e-05,-4.8468296e-06,1.2760065e-09,-1.6781433e-07,-5.828203e-06,1.8138728e-05
19.870000000000307,-3.730765e-05,-4.84683e-06,1.2760069e-09,-1.6781432e-07,-5.828203e-06,1.8138728e-05
19.880000000000308,-3.730765e-05,-4.84683e-06,1.2760072e-09,-1.6781429e-07,-5.828203e-06,1.8138728e-05
19.89000000000031,-3.730765e-05,-4.84683e-06,1.2760069e-09,-1.6781432e-07,-5.828203e-06,1.8138728e-05
19.90000000000031,-3.730765e-05,-4.84683e-06,1.2760071e-09,-1.678143e-07,-5.828203e-06,1.8138728e-05
19.910000000000313,-3.7307647e-05,-4.84683e-06,1.2760066e-09,-1.6781433e-07,-5.828203e-06,1.8138728e-05
19.920000000000314,-3.7307647e-05,-4.84683e-06,1.2760066e-09,-1.6781433e-07,-5.828203e-06,1.8138728e-05
19.930000000000316,-3.730765e-05,-4.84683e-06,1.2760069e-09,-1.678143e-07,-5.828203e-06,1.8138728e-05
19.940000000000317,-3.730765e-05,-4.84683e-06,1.2760066e-09,-1.6781433e-07,-5.828203e-06,1.8138728e-05
19.95000000000032,-3.730765e-05,-4.84683e-06,1.2760069e-09,-1.6781432e-07,-5.828203e-06,1.8138728e-05
19.96000000000032,-3.7307647e-05,-4.8468296e-06,1.2760063e-09,-1.6781435e-07,-5.828203e-06,1.8138728e-05
19.970000000000322,-3.7307647e-05,-4.84683e-06,1.2760065e-09,-1.6781435e-07,-5.828203e-06,1.8138728e-05
19.980000000000324,-3.730765e-05,-4.84683e-06,1.2760073e-09,-1.6781429e-07,-5.828203e-06,1.8138728e-05
19.990000000000325,-3.730765e-05,-4.84683e-06,1.276007e-09,-1.6781432e-07,-5.828203e-06,1.8138728e-05
20.000000000000327,-3.730765e-05,-4.84683e-06,1.2760071e-09,-1.6781429e-07,-5.828203e-06,1.8138728e-05
20.01000000000033,-3.730765e-05,-4.84683e-06,1.276007e-09,-1.6781432e-07,-5.828203e-06,1.8138728e-05
20.02000000000033,-3.730765e-05,-4.84683e-06,1.276007e-09,-1.678143e-07,-5.828203e-06,1.8138728e-05
20.03000000000033,-3.7307647e-05,-4.84683e-06,1.2760064e-09,-1.6781435e-07,-5.828203e-06,1.8138728e-05
20.040000000000333,-3.7307647e-05,-4.84683e-06,1.2760066e-09,-1.6781432e-07,-5.828203e-06,1.8138728e-05
20.050000000000335,-3.7307647e-05,-4.8468296e-06,1.276006e-09,-1.6781439e-07,-5.828203e-06,1.8138728e-05
20.060000000000336,-3.730765e-05,-4.84683e-06,1.2760067e-09,-1.6781432e-07,-5.828203e-06,1.8138728e-05
20.070000000000338,-3.7307647e-05,-4.84683e-06,1.2760065e-09,-1.6781433e-07,-5.828203e-06,1.8138728e-05
20.08000000000034,-3.730765e-05,-4.8468296e-06,1.276007e-09,-1.6781429e-07,-5.828203e-06,1.8138728e-05
20.09000000000034,-3.730765e-05,-4.84683e-06,1.2760071e-09,-1.678143e-07,-5.828203e-06,1.8138728e-05
20.100000000000342,-3.7307647e-05,-4.8468296e-06,1.2760064e-09,-1.6781433e-07,-5.828203e-06,1.8138728e-05
20.110000000000344,-3.7307647e-05,-4.8468296e-06,1.2760064e-09,-1.6781435e-07,-5.828203e-06,1.8138728e-05
20.120000000000346,-3.7307647e-05,-4.84683e-06,1.2760066e-09,-1.6781433e-07,-5.828203e-06,1.8138728e-05
20.130000000000347,-3.730765e-05,-4.8468296e-06,1.2760065e-09,-1.6781433e-07,-5.828203e-06,1.8138728e-05
20.14000000000035,-3.7307647e-05,-4.8468296e-06,1.2760063e-09,-1.6781436e-07,-5.828203e-06,1.8138728e-05
20.15000000000035,-3.730765e-05,-4.84683e-06,1.2760073e-09,-1.6781428e-07,-5.828203e-06,1.8138728e-05
20.160000000000352,-3.730765e-05,-4.84683e-06,1.2760074e-09,-1.6781428e-07,-5.828203e-06,1.8138728e-05
20.170000000000353,-3.730765e-05,-4.84683e-06,1.2760066e-09,-1.6781433e-07,-5.828203e-06,1.8138728e-05
20.180000000000355,-3.7307647e-05,-4.8468296e-06,1.2760065e-09,-1.6781433e-07,-5.828203e-06,1.8138728e-05
20.190000000000357,-3.730765e-05,-4.84683e-06,1.2760067e-09,-1.6781432e-07,-5.828203e-06,1.8138728e-05
20.200000000000358,-3.7307647e-05,-4.84683e-06,1.2760066e-09,-1.6781433e-07,-5.828203e-06,1.8138728e-05
20.21000000000036,-3.730765e-05,-4.84683e-06,1.2760067e-09,-1.6781433e-07,-5.828203e-06,1.8138728e-05
20.22000000000036,-3.7307647e-05,-4.8468296e-06,1.2760059e-09,-1.6781439e-07,-5.828203e-06,1.8138728e-05
20.230000000000363,-3.7307647e-05,-4.8468296e-06,1.2760063e-09,-1.6781435e-07,-5.828203e-06,1.8138728e-05
20.240000000000364,-3.7307647e-05,-4.8468296e-06,1.2760065e-09,-1.6781433e-07,-5.828203e-06,1.8138728e-05
20.250000000000366,-3.730765e-05,-4.84683e-06,1.2760073e-09,-1.6781429e-07,-5.828203e-06,1.8138728e-05
20.260000000000367,-3.7307647e-05,-4.8468296e-06,1.2760064e-09,-1.6781433e-07,-5.828203e-06,1.8138728e-05
20.27000000000037,-3.7307647e-05,-4.8468296e-06,1.2760063e-09,-1.6781435e-07,-5.828203e-06,1.8138728e-05
20.28000000000037,-3.730765e-05,-4.84683e-06,1.2760073e-09,-1.6781429e-07,-5.828203e-06,1.8138728e-05
20.290000000000372,-3.730765e-05,-4.8468296e-06,1.2760063e-09,-1.6781436e-07,-5.828203e-06,1.8138728e-05
20.300000000000374,-3.7307647e-05,-4.8468296e-06,1.2760066e-09,-1.6781433e-07,-5.828203e-06,1.8138728e-05
20.310000000000375,-3.730765e-05,-4.84683e-06,1.2760066e-09,-1.6781433e-07,-5.828203e-06,1.8138728e-05
20.320000000000377,-3.730765e-05,-4.84683e-06,1.276007e-09,-1.678143e-07,-5.828203e-06,1.8138728e-05
20.33000000000038,-3.730765e-05,-4.8468296e-06,1.2760065e-09,-1.6781433e-07,-5.828203e-06,1.8138728e-05
20.34000000000038,-3.7307647e-05,-4.84683e-06,1.2760066e-09,-1.6781433e-07,-5.828203e-06,1.8138728e-05
20.35000000000038,-3.7307647e-05,-4.8468296e-06,1.2760066e-09,-1.6781433e-07,-5.828203e-06,1.8138728e-05
20.360000000000383,-3.730765e-05,-4.84683e-06,1.2760071e-09,-1.678143e-07,-5.828203e-06,1.8138728e-05
20.370000000000385,-3.730765e-05,-4.84683e-06,1.276007e-09,-1.678143e-07,-5.828203e-06,1.8138728e-05
20.380000000000386,-3.7307647e-05,-4.84683e-06,1.2760069e-09,-1.6781432e-07,-5.828203e-06,1.8138728e-05
20.390000000000388,-3.7307647e-05,-4.8468296e-06,1.2760066e-09,-1.6781432e-07,-5.828203e-06,1.8138728e-05
20.40000000000039,-3.730765e-05,-4.84683e-06,1.2760067e-09,-1.6781432e-07,-5.828203e-06,1.8138728e-05
20.41000000000039,-3.730765e-05,-4.84683e-06,1.2760066e-09,-1.6781433e-07,-5.828203e-06,1.8138728e-05
20.420000000000393,-3.7307647e-05,-4.84683e-06,1.276007e-09,-1.678143e-07,-5.828203e-06,1.8138728e-05
20.430000000000394,-3.7307647e-05,-4.84683e-06,1.276007e-09,-1.678143e-07,-5.828203e-06,1.8138728e-05
20.440000000000396,-3.7307647e-05,-4.84683e-06,1.2760069e-09,-1.678143e-07,-5.828203e-06,1.8138728e-05
20.450000000000397,-3.7307647e-05,-4.8468296e-06,1.2760062e-09,-1.6781436e-07,-5.828203e-06,1.8138728e-05
20.4600000000004,-3.7307647e-05,-4.8468296e-06,1.2760063e-09,-1.6781435e-07,-5.828203e-06,1.8138728e-05
20.4700000000004,-3.730765e-05,-4.84683e-06,1.2760072e-09,-1.6781429e-07,-5.828203e-06,1.8138728e-05
20.480000000000402,-3.7307647e-05,-4.8468296e-06,1.2760062e-09,-1.6781436e-07,-5.828203e-06,1.8138728e-05
20.490000000000403,-3.7307647e-05,-4.84683e-06,1.2760067e-09,-1.6781433e-07,-5.828203e-06,1.8138728e-05
20.500000000000405,-3.7307647e-05,-4.8468296e-06,1.2760061e-09,-1.6781438e-07,-5.828203e-06,1.8138728e-05
20.510000000000407,-3.730765e-05,-4.84683e-06,1.2760066e-09,-1.6781433e-07,-5.828203e-06,1.8138728e-05
20.520000000000408,-3.730765e-05,-4.84683e-06,1.2760072e-09,-1.6781428e-07,-5.828203e-06,1.8138728e-05
20.53000000000041,-3.7307647e-05,-4.84683e-06,1.2760066e-09,-1.6781433e-07,-5.828203e-06,1.8138728e-05
20.54000000000041,-3.7307647e-05,-4.84683e-06,1.2760063e-09,-1.6781436e-07,-5.828203e-06,1.8138728e-05
20.550000000000413,-3.7307647e-05,-4.84683e-06,1.2760072e-09,-1.6781429e-07,-5.828203e-06,1.8138728e-05
20.560000000000414,-3.7307647e-05,-4.8468296e-06,1.2760062e-09,-1.6781436e-07,-5.828203e-06,1.8138728e-05
20.570000000000416,-3.7307647e-05,-4.84683e-06,1.2760067e-09,-1.6781432e-07,-5.828203e-06,1.8138728e-05
20.580000000000418,-3.7307647e-05,-4.8468296e-06,1.2760063e-09,-1.6781435e-07,-5.828203e-06,1.8138728e-05
20.59000000000042,-3.730765e-05,-4.84683e-06,1.2760075e-09,-1.6781425e-07,-5.828203e-06,1.8138728e-05
20.60000000000042,-3.7307647e-05,-4.8468296e-06,1.2760066e-09,-1.6781433e-07,-5.828203e-06,1.8138728e-05
20.610000000000422,-3.7307647e-05,-4.8468296e-06,1.2760063e-09,-1.6781435e-07,-5.828203e-06,1.8138728e-05
20.620000000000424,-3.7307647e-05,-4.8468296e-06,1.2760059e-09,-1.6781438e-07,-5.828203e-06,1.8138728e-05
20.630000000000425,-3.730765e-05,-4.84683e-06,1.276007e-09,-1.678143e-07,-5.828203e-06,1.8138728e-05
20.640000000000427,-3.7307647e-05,-4.8468296e-06,1.2760066e-09,-1.6781432e-07,-5.828203e-06,1.8138728e-05
20.65000000000043,-3.7307647e-05,-4.8468296e-06,1.276006e-09,-1.6781438e-07,-5.828203e-06,1.8138728e-05
20.66000000000043,-3.730765e-05,-4.84683e-06,1.2760069e-09,-1.6781432e-07,-5.828203e-06,1.8138728e-05
20.67000000000043,-3.7307647e-05,-4.8468296e-06,1.2760062e-09,-1.6781436e-07,-5.828203e-06,1.8138728e-05
20.680000000000433,-3.7307647e-05,-4.84683e-06,1.2760067e-09,-1.6781432e-07,-5.828203e-06,1.8138728e-05
20.690000000000435,-3.7307647e-05,-4.84683e-06,1.2760071e-09,-1.678143e-07,-5.828203e-06,1.8138728e-05
20.700000000000436,-3.7307647e-05,-4.84683e-06,1.2760066e-09,-1.6781433e-07,-5.828203e-06,1.8138728e-05
20.710000000000438,-3.730765e-05,-4.84683e-06,1.2760066e-09,-1.6781433e-07,-5.828203e-06,1.8138728e-05
20.72000000000044,-3.7307647e-05,-4.8468296e-06,1.2760065e-09,-1.6781433e-07,-5.828203e-06,1.8138728e-05
20.73000000000044,-3.7307647e-05,-4.84683e-06,1.2760067e-09,-1.6781432e-07,-5.828203e-06,1.8138728e-05
20.740000000000443,-3.7307647e-05,-4.84683e-06,1.2760065e-09,-1.6781433e-07,-5.828203e-06,1.8138728e-05
20.750000000000444,-3.7307647e-05,-4.8468296e-06,1.2760064e-09,-1.6781433e-07,-5.828203e-06,1.8138728e-05
20.760000000000446,-3.730765e-05,-4.84683e-06,1.2760064e-09,-1.6781436e-07,-5.828203e-06,1.8138728e-05
20.770000000000447,-3.730765e-05,-4.8468296e-06,1.2760063e-09,-1.6781435e-07,-5.828203e-06,1.8138728e-05
20.78000000000045,-3.7307647e-05,-4.8468296e-06,1.2760063e-09,-1.6781435e-07,-5.828203e-06,1.8138728e-05
20.79000000000045,-3.730765e-05,-4.84683e-06,1.2760066e-09,-1.6781433e-07,-5.828203e-06,1.8138728e-05
20.800000000000452,-3.730765e-05,-4.84683e-06,1.2760073e-09,-1.6781428e-07,-5.828203e-06,1.8138728e-05
20.810000000000453,-3.7307647e-05,-4.8468296e-06,1.276007e-09,-1.678143e-07,-5.828203e-06,1.8138728e-05
20.820000000000455,-3.7307647e-05,-4.84683e-06,1.276007e-09,-1.678143e-07,-5.828203e-06,1.8138728e-05
20.830000000000457,-3.7307647e-05,-4.8468296e-06,1.2760065e-09,-1.6781433e-07,-5.828203e-06,1.8138728e-05
20.840000000000458,-3.7307647e-05,-4.8468296e-06,1.2760063e-09,-1.6781435e-07,-5.828203e-06,1.8138728e-05
20.85000000000046,-3.730765e-05,-4.84683e-06,1.276007e-09,-1.678143e-07,-5.828203e-06,1.8138728e-05
20.86000000000046,-3.730765e-05,-4.8468296e-06,1.2760062e-09,-1.6781436e-07,-5.828203e-06,1.8138728e-05
20.870000000000463,-3.7307647e-05,-4.8468296e-06,1.2760063e-09,-1.6781435e-07,-5.828203e-06,1.8138728e-05
20.880000000000464,-3.7307647e-05,-4.8468296e-06,1.2760063e-09,-1.6781435e-07,-5.828203e-06,1.8138728e-05
20.890000000000466,-3.7307647e-05,-4.8468296e-06,1.2760067e-09,-1.678143e-07,-5.828203e-06,1.8138728e-05
20.900000000000468,-3.7307647e-05,-4.84683e-06,1.276007e-09,-1.678143e-07,-5.828203e-06,1.8138728e-05
20.91000000000047,-3.7307647e-05,-4.8468296e-06,1.2760065e-09,-1.6781433e-07,-5.828203e-06,1.8138728e-05
20.92000000000047,-3.7307647e-05,-4.8468296e-06,1.2760069e-09,-1.678143e-07,-5.828203e-06,1.8138728e-05
20.930000000000472,-3.7307647e-05,-4.8468296e-06,1.2760066e-09,-1.6781433e-07,-5.828203e-06,1.8138728e-05
20.940000000000474,-3.730765e-05,-4.8468296e-06,1.2760067e-09,-1.6781432e-07,-5.828203e-06,1.8138728e-05
20.950000000000475,-3.730765e-05,-4.84683e-06,1.2760064e-09,-1.6781435e-07,-5.828203e-06,1.8138728e-05
20.960000000000477,-3.7307647e-05,-4.8468296e-06,1.2760064e-09,-1.6781435e-07,-5.828203e-06,1.8138728e-05
20.97000000000048,-3.730765e-05,-4.84683e-06,1.2760064e-09,-1.6781435e-07,-5.828203e-06,1.8138728e-05
20.98000000000048,-3.730765e-05,-4.84683e-06,1.2760071e-09,-1.678143e-07,-5.828203e-06,1.8138728e-05
20.99000000000048,-3.7307647e-05,-4.8468296e-06,1.2760063e-09,-1.6781436e-07,-5.828203e-06,1.8138728e-05
21.000000000000483,-3.7307647e-05,-4.8468296e-06,1.2760061e-09,-1.6781438e-07,-5.828203e-06,1.8138728e-05
21.010000000000485,-3.730765e-05,-4.8468296e-06,1.2760064e-09,-1.6781435e-07,-5.828203e-06,1.8138728e-05
21.020000000000486,-3.730765e-05,-4.84683e-06,1.2760069e-09,-1.6781432e-07,-5.828203e-06,1.8138728e-05
21.030000000000488,-3.7307647e-05,-4.84683e-06,1.2760067e-09,-1.6781432e-07,-5.828203e-06,1.8138728e-05
21.04000000000049,-3.730765e-05,-4.84683e-06,1.2760069e-09,-1.6781432e-07,-5.828203e-06,1.8138728e-05
21.05000000000049,-3.7307647e-05,-4.8468296e-06,1.2760061e-09,-1.6781438e-07,-5.828203e-06,1.8138728e-05
21.060000000000493,-3.7307647e-05,-4.8468296e-06,1.2760064e-09,-1.6781435e-07,-5.828203e-06,1.8138728e-05
21.070000000000494,-3.730765e-05,-4.84683e-06,1.276007e-09,-1.678143e-07,-5.828203e-06,1.8138728e-05
21.080000000000496,-3.7307647e-05,-4.84683e-06,1.2760065e-09,-1.6781433e-07,-5.828203e-06,1.8138728e-05
21.090000000000497,-3.7307647e-05,-4.8468296e-06,1.2760061e-09,-1.6781438e-07,-5.828203e-06,1.8138728e-05
21.1000000000005,-3.730765e-05,-4.84683e-06,1.2760066e-09,-1.6781433e-07,-5.828203e-06,1.8138728e-05
21.1100000000005,-3.730765e-05,-4.84683e-06,1.2760067e-09,-1.6781432e-07,-5.828203e-06,1.8138728e-05
21.120000000000502,-3.730765e-05,-4.84683e-06,1.2760072e-09,-1.6781429e-07,-5.828203e-06,1.8138728e-05
21.130000000000503,-3.7307647e-05,-4.84683e-06,1.276007e-09,-1.678143e-07,-5.828203e-06,1.8138728e-05
21.140000000000505,-3.730765e-05,-4.84683e-06,1.2760071e-09,-1.6781429e-07,-5.828203e-06,1.8138728e-05
21.150000000000507,-3.730765e-05,-4.84683e-06,1.2760064e-09,-1.6781435e-07,-5.828203e-06,1.8138728e-05
21.160000000000508,-3.730765e-05,-4.84683e-06,1.2760065e-09,-1.6781433e-07,-5.828203e-06,1.8138728e-05
21.17000000000051,-3.7307647e-05,-4.8468296e-06,1.2760065e-09,-1.6781433e-07,-5.828203e-06,1.8138728e-05
21.18000000000051,-3.7307647e-05,-4.8468296e-06,1.2760057e-09,-1.6781439e-07,-5.828203e-06,1.8138728e-05
21.190000000000513,-3.7307647e-05,-4.84683e-06,1.2760071e-09,-1.6781429e-07,-5.828203e-06,1.8138728e-05
21.200000000000514,-3.7307647e-05,-4.84683e-06,1.2760067e-09,-1.6781432e-07,-5.828203e-06,1.8138728e-05
21.210000000000516,-3.730765e-05,-4.84683e-06,1.2760073e-09,-1.6781428e-07,-5.828203e-06,1.8138728e-05
21.220000000000518,-3.730765e-05,-4.84683e-06,1.2760067e-09,-1.6781432e-07,-5.828203e-06,1.8138728e-05
21.23000000000052,-3.7307647e-05,-4.8468296e-06,1.2760062e-09,-1.6781436e-07,-5.828203e-06,1.8138728e-05
21.24000000000052,-3.730765e-05,-4.84683e-06,1.276007e-09,-1.678143e-07,-5.828203e-06,1.8138728e-05
21.250000000000522,-3.7307647e-05,-4.84683e-06,1.2760065e-09,-1.6781433e-07,-5.828203e-06,1.8138728e-05
21.260000000000524,-3.730765e-05,-4.84683e-06,1.276007e-09,-1.678143e-07,-5.828203e-06,1.8138728e-05
21.270000000000525,-3.7307647e-05,-4.84683e-06,1.2760069e-09,-1.6781432e-07,-5.828203e-06,1.8138728e-05
21.280000000000527,-3.730765e-05,-4.84683e-06,1.276007e-09,-1.678143e-07,-5.828203e-06,1.8138728e-05
21.29000000000053,-3.7307647e-05,-4.8468296e-06,1.2760066e-09,-1.6781433e-07,-5.828203e-06,1.8138728e-05
21.30000000000053,-3.7307647e-05,-4.84683e-06,1.2760067e-09,-1.6781432e-07,-5.828203e-06,1.8138728e-05
21.31000000000053,-3.7307647e-05,-4.84683e-06,1.2760073e-09,-1.6781428e-07,-5.828203e-06,1.8138728e-05
21.320000000000533,-3.730765e-05,-4.84683e-06,1.2760066e-09,-1.6781433e-07,-5.828203e-06,1.8138728e-05
21.330000000000535,-3.7307647e-05,-4.84683e-06,1.2760071e-09,-1.6781429e-07,-5.828203e-06,1.8138728e-05
21.340000000000536,-3.7307647e-05,-4.84683e-06,1.2760066e-09,-1.6781432e-07,-5.828203e-06,1.8138728e-05
21.350000000000538,-3.730765e-05,-4.84683e-06,1.2760067e-09,-1.6781432e-07,-5.828203e-06,1.8138728e-05
21.36000000000054,-3.7307647e-05,-4.8468296e-06,1.2760062e-09,-1.6781436e-07,-5.828203e-06,1.8138728e-05
21.37000000000054,-3.7307647e-05,-4.8468296e-06,1.2760062e-09,-1.6781436e-07,-5.828203e-06,1.8138728e-05
21.380000000000543,-3.7307647e-05,-4.8468296e-06,1.2760066e-09,-1.6781433e-07,-5.828203e-06,1.8138728e-05
21.390000000000544,-3.730765e-05,-4.84683e-06,1.2760071e-09,-1.678143e-07,-5.828203e-06,1.8138728e-05
21.400000000000546,-3.7307647e-05,-4.84683e-06,1.2760069e-09,-1.6781432e-07,-5.828203e-06,1.8138728e-05
21.410000000000547,-3.730765e-05,-4.84683e-06,1.2760071e-09,-1.678143e-07,-5.828203e-06,1.8138728e-05
21.42000000000055,-3.7307647e-05,-4.8468296e-06,1.2760066e-09,-1.6781433e-07,-5.828203e-06,1.8138728e-05
21.43000000000055,-3.7307647e-05,-4.84683e-06,1.2760065e-09,-1.6781433e-07,-5.828203e-06,1.8138728e-05
21.440000000000552,-3.7307647e-05,-4.84683e-06,1.276007e-09,-1.678143e-07,-5.828203e-06,1.8138728e-05
21.450000000000554,-3.7307647e-05,-4.8468296e-06,1.2760064e-09,-1.6781435e-07,-5.828203e-06,1.8138728e-05
21.460000000000555,-3.7307647e-05,-4.8468296e-06,1.2760066e-09,-1.6781432e-07,-5.828203e-06,1.8138728e-05
21.470000000000557,-3.730765e-05,-4.8468296e-06,1.2760063e-09,-1.6781435e-07,-5.828203e-06,1.8138728e-05
21.480000000000558,-3.730765e-05,-4.8468296e-06,1.2760066e-09,-1.6781433e-07,-5.828203e-06,1.8138728e-05
21.49000000000056,-3.7307647e-05,-4.8468296e-06,1.2760066e-09,-1.6781433e-07,-5.828203e-06,1.8138728e-05
21.50000000000056,-3.730765e-05,-4.84683e-06,1.2760071e-09,-1.6781429e-07,-5.828203e-06,1.8138728e-05
21.510000000000563,-3.7307647e-05,-4.8468296e-06,1.276006e-09,-1.6781438e-07,-5.828203e-06,1.8138728e-05
21.520000000000564,-3.730765e-05,-4.84683e-06,1.276007e-09,-1.678143e-07,-5.828203e-06,1.8138728e-05
21.530000000000566,-3.730765e-05,-4.84683e-06,1.2760069e-09,-1.678143e-07,-5.828203e-06,1.8138728e-05
21.540000000000568,-3.730765e-05,-4.84683e-06,1.2760069e-09,-1.6781432e-07,-5.828203e-06,1.8138728e-05
21.55000000000057,-3.730765e-05,-4.84683e-06,1.2760073e-09,-1.6781429e-07,-5.828203e-06,1.8138728e-05
21.56000000000057,-3.7307647e-05,-4.84683e-06,1.276007e-09,-1.678143e-07,-5.828203e-06,1.8138728e-05
21.570000000000572,-3.730765e-05,-4.84683e-06,1.2760067e-09,-1.6781432e-07,-5.828203e-06,1.8138728e-05
21.580000000000574,-3.730765e-05,-4.84683e-06,1.2760065e-09,-1.6781435e-07,-5.828203e-06,1.8138728e-05
21.590000000000575,-3.730765e-05,-4.84683e-06,1.2760066e-09,-1.6781433e-07,-5.828203e-06,1.8138728e-05
21.600000000000577,-3.730765e-05,-4.84683e-06,1.276007e-09,-1.678143e-07,-5.828203e-06,1.8138728e-05
21.61000000000058,-3.730765e-05,-4.84683e-06,1.2760069e-09,-1.678143e-07,-5.828203e-06,1.8138728e-05
21.62000000000058,-3.7307647e-05,-4.84683e-06,1.276007e-09,-1.678143e-07,-5.828203e-06,1.8138728e-05
21.63000000000058,-3.7307647e-05,-4.84683e-06,1.2760066e-09,-1.6781433e-07,-5.828203e-06,1.8138728e-05
21.640000000000583,-3.7307647e-05,-4.8468296e-06,1.2760067e-09,-1.678143e-07,-5.828203e-06,1.8138728e-05
21.650000000000585,-3.730765e-05,-4.84683e-06,1.2760064e-09,-1.6781435e-07,-5.828203e-06,1.8138728e-05
21.660000000000586,-3.7307647e-05,-4.8468296e-06,1.2760061e-09,-1.6781438e-07,-5.828203e-06,1.8138728e-05
21.670000000000588,-3.730765e-05,-4.84683e-06,1.2760077e-09,-1.6781425e-07,-5.828203e-06,1.8138728e-05
21.68000000000059,-3.730765e-05,-4.8468296e-06,1.2760065e-09,-1.6781433e-07,-5.828203e-06,1.8138728e-05
21.69000000000059,-3.7307647e-05,-4.8468296e-06,1.2760066e-09,-1.6781432e-07,-5.828203e-06,1.8138728e-05
21.700000000000593,-3.7307647e-05,-4.8468296e-06,1.2760065e-09,-1.6781433e-07,-5.828203e-06,1.8138728e-05
21.710000000000594,-3.7307647e-05,-4.8468296e-06,1.2760066e-09,-1.6781432e-07,-5.828203e-06,1.8138728e-05
21.720000000000596,-3.7307647e-05,-4.8468296e-06,1.2760065e-09,-1.6781433e-07,-5.828203e-06,1.8138728e-05
21.730000000000597,-3.730765e-05,-4.84683e-06,1.2760066e-09,-1.6781433e-07,-5.828203e-06,1.8138728e-05
21.7400000000006,-3.730765e-05,-4.84683e-06,1.276007e-09,-1.678143e-07,-5.828203e-06,1.8138728e-05
21.7500000000006,-3.730765e-05,-4.8468296e-06,1.2760065e-09,-1.6781433e-07,-5.828203e-06,1.8138728e-05
21.760000000000602,-3.730765e-05,-4.84683e-06,1.276007e-09,-1.678143e-07,-5.828203e-06,1.8138728e-05
21.770000000000604,-3.7307647e-05,-4.8468296e-06,1.2760066e-09,-1.6781432e-07,-5.828203e-06,1.8138728e-05
21.780000000000605,-3.730765e-05,-4.8468296e-06,1.2760063e-09,-1.6781435e-07,-5.828203e-06,1.8138728e-05
21.790000000000607,-3.7307647e-05,-4.84683e-06,1.2760066e-09,-1.6781433e-07,-5.828203e-06,1.8138728e-05
21.80000000000061,-3.7307647e-05,-4.84683e-06,1.2760067e-09,-1.6781432e-07,-5.828203e-06,1.8138728e-05
21.81000000000061,-3.7307647e-05,-4.8468296e-06,1.2760065e-09,-1.6781433e-07,-5.828203e-06,1.8138728e-05
21.82000000000061,-3.7307647e-05,-4.8468296e-06,1.2760069e-09,-1.678143e-07,-5.828203e-06,1.8138728e-05
21.830000000000613,-3.730765e-05,-4.8468296e-06,1.2760063e-09,-1.6781436e-07,-5.828203e-06,1.8138728e-05
21.840000000000614,-3.7307647e-05,-4.84683e-06,1.2760065e-09,-1.6781435e-07,-5.828203e-06,1.8138728e-05
21.850000000000616,-3.730765e-05,-4.84683e-06,1.2760064e-09,-1.6781435e-07,-5.828203e-06,1.8138728e-05
21.860000000000618,-3.730765e-05,-4.8468296e-06,1.2760067e-09,-1.6781432e-07,-5.828203e-06,1.8138728e-05
21.87000000000062,-3.7307647e-05,-4.8468296e-06,1.2760065e-09,-1.6781433e-07,-5.828203e-06,1.8138728e-05
21.88000000000062,-3.730765e-05,-4.84683e-06,1.2760067e-09,-1.6781433e-07,-5.828203e-06,1.8138728e-05
21.890000000000622,-3.730765e-05,-4.84683e-06,1.2760069e-09,-1.6781432e-07,-5.828203e-06,1.8138728e-05
21.900000000000624,-3.730765e-05,-4.84683e-06,1.2760066e-09,-1.6781433e-07,-5.828203e-06,1.8138728e-05
21.910000000000625,-3.7307647e-05,-4.84683e-06,1.2760067e-09,-1.6781432e-07,-5.828203e-06,1.8138728e-05
21.920000000000627,-3.730765e-05,-4.8468296e-06,1.2760065e-09,-1.6781433e-07,-5.828203e-06,1.8138728e-05
21.93000000000063,-3.730765e-05,-4.84683e-06,1.2760065e-09,-1.6781433e-07,-5.828203e-06,1.8138728e-05
21.94000000000063,-3.7307647e-05,-4.84683e-06,1.2760074e-09,-1.6781426e-07,-5.828203e-06,1.8138728e-05
21.95000000000063,-3.730765e-05,-4.84683e-06,1.276007e-09,-1.678143e-07,-5.828203e-06,1.8138728e-05
21.960000000000633,-3.7307647e-05,-4.8468296e-06,1.2760067e-09,-1.6781432e-07,-5.828203e-06,1.8138728e-05
21.970000000000635,-3.7307647e-05,-4.84683e-06,1.276007e-09,-1.678143e-07,-5.828203e-06,1.8138728e-05
21.980000000000636,-3.730765e-05,-4.8468296e-06,1.2760069e-09,-1.678143e-07,-5.828203e-06,1.8138728e-05
21.990000000000638,-3.7307647e-05,-4.84683e-06,1.2760067e-09,-1.6781432e-07,-5.828203e-06,1.8138728e-05
22.00000000000064,-3.7307647e-05,-4.84683e-06,1.2760066e-09,-1.6781433e-07,-5.828203e-06,1.8138728e-05
22.01000000000064,-3.7307647e-05,-4.84683e-06,1.2760074e-09,-1.6781428e-07,-5.828203e-06,1.8138728e-05
22.020000000000643,-3.730765e-05,-4.84683e-06,1.2760064e-09,-1.6781435e-07,-5.828203e-06,1.8138728e-05
22.030000000000644,-3.730765e-05,-4.8468296e-06,1.2760063e-09,-1.6781435e-07,-5.828203e-06,1.8138728e-05
22.040000000000646,-3.7307647e-05,-4.8468296e-06,1.2760063e-09,-1.6781435e-07,-5.828203e-06,1.8138728e-05
22.050000000000647,-3.730765e-05,-4.84683e-06,1.2760066e-09,-1.6781433e-07,-5.828203e-06,1.8138728e-05
22.06000000000065,-3.7307647e-05,-4.8468296e-06,1.2760064e-09,-1.6781433e-07,-5.828203e-06,1.8138728e-05
22.07000000000065,-3.7307647e-05,-4.84683e-06,1.2760067e-09,-1.6781432e-07,-5.828203e-06,1.8138728e-05
22.080000000000652,-3.7307647e-05,-4.8468296e-06,1.2760064e-09,-1.6781435e-07,-5.828203e-06,1.8138728e-05
22.090000000000654,-3.7307647e-05,-4.84683e-06,1.2760069e-09,-1.678143e-07,-5.828203e-06,1.8138728e-05
22.100000000000655,-3.7307647e-05,-4.84683e-06,1.2760072e-09,-1.6781428e-07,-5.828203e-06,1.8138728e-05
22.110000000000657,-3.730765e-05,-4.84683e-06,1.2760073e-09,-1.6781429e-07,-5.828203e-06,1.8138728e-05
22.12000000000066,-3.7307647e-05,-4.8468296e-06,1.2760064e-09,-1.6781435e-07,-5.828203e-06,1.8138728e-05
22.13000000000066,-3.7307647e-05,-4.8468296e-06,1.2760066e-09,-1.6781432e-07,-5.828203e-06,1.8138728e-05
22.14000000000066,-3.730765e-05,-4.84683e-06,1.2760074e-09,-1.6781428e-07,-5.828203e-06,1.8138728e-05
22.150000000000663,-3.7307647e-05,-4.8468296e-06,1.2760063e-09,-1.6781435e-07,-5.828203e-06,1.8138728e-05
22.160000000000664,-3.730765e-05,-4.84683e-06,1.2760071e-09,-1.678143e-07,-5.828203e-06,1.8138728e-05
22.170000000000666,-3.730765e-05,-4.84683e-06,1.2760071e-09,-1.678143e-07,-5.828203e-06,1.8138728e-05
22.180000000000668,-3.7307647e-05,-4.8468296e-06,1.2760061e-09,-1.6781438e-07,-5.828203e-06,1.8138728e-05
22.19000000000067,-3.7307647e-05,-4.8468296e-06,1.2760062e-09,-1.6781436e-07,-5.828203e-06,1.8138728e-05
22.20000000000067,-3.730765e-05,-4.84683e-06,1.2760069e-09,-1.6781432e-07,-5.828203e-06,1.8138728e-05
22.210000000000672,-3.7307647e-05,-4.84683e-06,1.2760066e-09,-1.6781433e-07,-5.828203e-06,1.8138728e-05
22.220000000000674,-3.730765e-05,-4.84683e-06,1.2760064e-09,-1.6781435e-07,-5.828203e-06,1.8138728e-05
22.230000000000675,-3.730765e-05,-4.84683e-06,1.2760072e-09,-1.6781428e-07,-5.828203e-06,1.8138728e-05
22.240000000000677,-3.730765e-05,-4.84683e-06,1.2760067e-09,-1.6781432e-07,-5.828203e-06,1.8138728e-05
22.25000000000068,-3.730765e-05,-4.84683e-06,1.2760069e-09,-1.6781432e-07,-5.828203e-06,1.8138728e-05
22.26000000000068,-3.730765e-05,-4.8468296e-06,1.2760065e-09,-1.6781435e-07,-5.828203e-06,1.8138728e-05
22.27000000000068,-3.730765e-05,-4.84683e-06,1.2760069e-09,-1.678143e-07,-5.828203e-06,1.8138728e-05
22.280000000000683,-3.730765e-05,-4.84683e-06,1.276007e-09,-1.678143e-07,-5.828203e-06,1.8138728e-05
22.290000000000685,-3.730765e-05,-4.8468296e-06,1.2760062e-09,-1.6781436e-07,-5.828203e-06,1.8138728e-05
22.300000000000686,-3.7307647e-05,-4.8468296e-06,1.2760065e-09,-1.6781433e-07,-5.828203e-06,1.8138728e-05
22.310000000000688,-3.7307647e-05,-4.8468296e-06,1.2760062e-09,-1.6781436e-07,-5.828203e-06,1.8138728e-05
22.32000000000069,-3.7307647e-05,-4.8468296e-06,1.276006e-09,-1.6781436e-07,-5.828203e-06,1.8138728e-05
22.33000000000069,-3.7307647e-05,-4.84683e-06,1.2760067e-09,-1.6781432e-07,-5.828203e-06,1.8138728e-05
22.340000000000693,-3.7307647e-05,-4.8468296e-06,1.2760061e-09,-1.6781438e-07,-5.828203e-06,1.8138728e-05
22.350000000000694,-3.7307647e-05,-4.8468296e-06,1.2760067e-09,-1.6781432e-07,-5.828203e-06,1.8138728e-05
22.360000000000696,-3.730765e-05,-4.84683e-06,1.2760066e-09,-1.6781433e-07,-5.828203e-06,1.8138728e-05
22.370000000000697,-3.7307647e-05,-4.84683e-06,1.2760067e-09,-1.6781432e-07,-5.828203e-06,1.8138728e-05
22.3800000000007,-3.7307647e-05,-4.8468296e-06,1.2760062e-09,-1.6781436e-07,-5.828203e-06,1.8138728e-05
22.3900000000007,-3.7307647e-05,-4.8468296e-06,1.2760065e-09,-1.6781433e-07,-5.828203e-06,1.8138728e-05
22.400000000000702,-3.7307647e-05,-4.84683e-06,1.2760066e-09,-1.6781433e-07,-5.828203e-06,1.8138728e-05
22.410000000000704,-3.7307647e-05,-4.8468296e-06,1.2760063e-09,-1.6781435e-07,-5.828203e-06,1.8138728e-05
22.420000000000705,-3.730765e-05,-4.8468296e-06,1.2760061e-09,-1.6781436e-07,-5.828203e-06,1.8138728e-05
22.430000000000707,-3.730765e-05,-4.84683e-06,1.2760066e-09,-1.6781433e-07,-5.828203e-06,1.8138728e-05
22.44000000000071,-3.7307647e-05,-4.8468296e-06,1.2760062e-09,-1.6781436e-07,-5.828203e-06,1.8138728e-05
22.45000000000071,-3.7307647e-05,-4.84683e-06,1.2760067e-09,-1.6781433e-07,-5.828203e-06,1.8138728e-05
22.46000000000071,-3.730765e-05,-4.8468296e-06,1.2760062e-09,-1.6781436e-07,-5.828203e-06,1.8138728e-05
22.470000000000713,-3.730765e-05,-4.84683e-06,1.2760064e-09,-1.6781435e-07,-5.828203e-06,1.8138728e-05
22.480000000000715,-3.7307647e-05,-4.84683e-06,1.2760071e-09,-1.6781429e-07,-5.828203e-06,1.8138728e-05
22.490000000000716,-3.730765e-05,-4.84683e-06,1.2760069e-09,-1.6781432e-07,-5.828203e-06,1.8138728e-05
22.500000000000718,-3.730765e-05,-4.84683e-06,1.2760067e-09,-1.6781432e-07,-5.828203e-06,1.8138728e-05
22.51000000000072,-3.730765e-05,-4.84683e-06,1.2760069e-09,-1.6781432e-07,-5.828203e-06,1.8138728e-05
22.52000000000072,-3.7307647e-05,-4.8468296e-06,1.2760061e-09,-1.6781436e-07,-5.828203e-06,1.8138728e-05
22.530000000000722,-3.7307647e-05,-4.84683e-06,1.276007e-09,-1.678143e-07,-5.828203e-06,1.8138728e-05
22.540000000000724,-3.7307647e-05,-4.8468296e-06,1.2760062e-09,-1.6781436e-07,-5.828203e-06,1.8138728e-05
22.550000000000725,-3.7307647e-05,-4.84683e-06,1.2760065e-09,-1.6781435e-07,-5.828203e-06,1.8138728e-05
22.560000000000727,-3.7307647e-05,-4.8468296e-06,1.2760063e-09,-1.6781436e-07,-5.828203e-06,1.8138728e-05
22.57000000000073,-3.7307647e-05,-4.8468296e-06,1.276006e-09,-1.6781438e-07,-5.828203e-06,1.8138728e-05
22.58000000000073,-3.730765e-05,-4.8468296e-06,1.2760065e-09,-1.6781433e-07,-5.828203e-06,1.8138728e-05
22.59000000000073,-3.7307647e-05,-4.84683e-06,1.276007e-09,-1.678143e-07,-5.828203e-06,1.8138728e-05
22.600000000000733,-3.730765e-05,-4.84683e-06,1.2760071e-09,-1.678143e-07,-5.828203e-06,1.8138728e-05
22.610000000000735,-3.7307647e-05,-4.84683e-06,1.2760066e-09,-1.6781433e-07,-5.828203e-06,1.8138728e-05
22.620000000000736,-3.7307647e-05,-4.84683e-06,1.2760076e-09,-1.6781426e-07,-5.828203e-06,1.8138728e-05
22.630000000000738,-3.730765e-05,-4.84683e-06,1.276007e-09,-1.678143e-07,-5.828203e-06,1.8138728e-05
22.64000000000074,-3.730765e-05,-4.8468296e-06,1.2760064e-09,-1.6781435e-07,-5.828203e-06,1.8138728e-05
22.65000000000074,-3.730765e-05,-4.84683e-06,1.2760072e-09,-1.6781429e-07,-5.828203e-06,1.8138728e-05
22.660000000000743,-3.730765e-05,-4.84683e-06,1.2760072e-09,-1.6781429e-07,-5.828203e-06,1.8138728e-05
22.670000000000744,-3.730765e-05,-4.8468296e-06,1.2760064e-09,-1.6781435e-07,-5.828203e-06,1.8138728e-05
22.680000000000746,-3.730765e-05,-4.84683e-06,1.2760071e-09,-1.678143e-07,-5.828203e-06,1.8138728e-05
22.690000000000747,-3.730765e-05,-4.84683e-06,1.2760067e-09,-1.6781432e-07,-5.828203e-06,1.8138728e-05
22.70000000000075,-3.730765e-05,-4.84683e-06,1.276007e-09,-1.678143e-07,-5.828203e-06,1.8138728e-05
22.71000000000075,-3.730765e-05,-4.8468296e-06,1.2760067e-09,-1.6781432e-07,-5.828203e-06,1.8138728e-05
22.720000000000752,-3.730765e-05,-4.84683e-06,1.2760067e-09,-1.6781432e-07,-5.828203e-06,1.8138728e-05
22.730000000000754,-3.7307647e-05,-4.84683e-06,1.2760069e-09,-1.678143e-07,-5.828203e-06,1.8138728e-05
22.740000000000755,-3.730765e-05,-4.84683e-06,1.2760069e-09,-1.6781432e-07,-5.828203e-06,1.8138728e-05
22.750000000000757,-3.7307647e-05,-4.8468296e-06,1.2760066e-09,-1.6781432e-07,-5.828203e-06,1.8138728e-05
22.76000000000076,-3.7307647e-05,-4.84683e-06,1.2760071e-09,-1.6781429e-07,-5.828203e-06,1.8138728e-05
22.77000000000076,-3.7307647e-05,-4.84683e-06,1.2760071e-09,-1.6781429e-07,-5.828203e-06,1.8138728e-05
22.78000000000076,-3.7307647e-05,-4.8468296e-06,1.2760066e-09,-1.6781432e-07,-5.828203e-06,1.8138728e-05
22.790000000000763,-3.730765e-05,-4.84683e-06,1.2760069e-09,-1.6781432e-07,-5.828203e-06,1.8138728e-05
22.800000000000765,-3.730765e-05,-4.84683e-06,1.276007e-09,-1.678143e-07,-5.828203e-06,1.8138728e-05
22.810000000000766,-3.730765e-05,-4.84683e-06,1.2760073e-09,-1.6781428e-07,-5.828203e-06,1.8138728e-05
22.820000000000768,-3.7307647e-05,-4.8468296e-06,1.2760063e-09,-1.6781435e-07,-5.828203e-06,1.8138728e-05
22.83000000000077,-3.7307647e-05,-4.8468296e-06,1.2760064e-09,-1.6781435e-07,-5.828203e-06,1.8138728e-05
22.84000000000077,-3.730765e-05,-4.8468296e-06,1.2760062e-09,-1.6781436e-07,-5.828203e-06,1.8138728e-05
22.850000000000772,-3.7307647e-05,-4.84683e-06,1.276007e-09,-1.6781429e-07,-5.828203e-06,1.8138728e-05
22.860000000000774,-3.730765e-05,-4.84683e-06,1.2760072e-09,-1.6781429e-07,-5.828203e-06,1.8138728e-05
22.870000000000775,-3.7307647e-05,-4.84683e-06,1.2760069e-09,-1.6781432e-07,-5.828203e-06,1.8138728e-05
22.880000000000777,-3.730765e-05,-4.8468296e-06,1.2760064e-09,-1.6781435e-07,-5.828203e-06,1.8138728e-05
22.89000000000078,-3.7307647e-05,-4.84683e-06,1.2760073e-09,-1.6781428e-07,-5.828203e-06,1.8138728e-05
22.90000000000078,-3.7307647e-05,-4.84683e-06,1.2760071e-09,-1.6781429e-07,-5.828203e-06,1.8138728e-05
22.91000000000078,-3.730765e-05,-4.8468296e-06,1.2760065e-09,-1.6781433e-07,-5.828203e-06,1.8138728e-05
22.920000000000783,-3.7307647e-05,-4.84683e-06,1.2760069e-09,-1.6781432e-07,-5.828203e-06,1.8138728e-05
22.930000000000785,-3.7307647e-05,-4.84683e-06,1.2760067e-09,-1.6781432e-07,-5.828203e-06,1.8138728e-05
22.940000000000786,-3.7307647e-05,-4.84683e-06,1.2760067e-09,-1.6781432e-07,-5.828203e-06,1.8138728e-05
22.950000000000788,-3.7307647e-05,-4.8468296e-06,1.2760066e-09,-1.6781433e-07,-5.828203e-06,1.8138728e-05
22.96000000000079,-3.7307647e-05,-4.8468296e-06,1.2760063e-09,-1.6781435e-07,-5.828203e-06,1.8138728e-05
22.97000000000079,-3.730765e-05,-4.84683e-06,1.2760072e-09,-1.6781429e-07,-5.828203e-06,1.8138728e-05
22.980000000000793,-3.730765e-05,-4.84683e-06,1.2760066e-09,-1.6781433e-07,-5.828203e-06,1.8138728e-05
22.990000000000794,-3.730765e-05,-4.84683e-06,1.2760074e-09,-1.6781426e-07,-5.828203e-06,1.8138728e-05
23.000000000000796,-3.730765e-05,-4.84683e-06,1.2760073e-09,-1.6781428e-07,-5.828203e-06,1.8138728e-05
23.010000000000797,-3.7307647e-05,-4.84683e-06,1.2760074e-09,-1.6781426e-07,-5.828203e-06,1.8138728e-05
23.0200000000008,-3.7307647e-05,-4.8468296e-06,1.2760066e-09,-1.6781433e-07,-5.828203e-06,1.8138728e-05
23.0300000000008,-3.7307647e-05,-4.84683e-06,1.2760069e-09,-1.6781432e-07,-5.828203e-06,1.8138728e-05
23.040000000000802,-3.7307647e-05,-4.8468296e-06,1.2760065e-09,-1.6781433e-07,-5.828203e-06,1.8138728e-05
23.050000000000804,-3.730765e-05,-4.84683e-06,1.2760069e-09,-1.6781432e-07,-5.828203e-06,1.8138728e-05
23.060000000000805,-3.7307647e-05,-4.8468296e-06,1.2760067e-09,-1.6781432e-07,-5.828203e-06,1.8138728e-05
23.070000000000807,-3.7307647e-05,-4.84683e-06,1.2760065e-09,-1.6781433e-07,-5.828203e-06,1.8138728e-05
23.08000000000081,-3.730765e-05,-4.84683e-06,1.2760065e-09,-1.6781433e-07,-5.828203e-06,1.8138728e-05
23.09000000000081,-3.7307647e-05,-4.8468296e-06,1.276006e-09,-1.6781438e-07,-5.828203e-06,1.8138728e-05
23.10000000000081,-3.7307647e-05,-4.8468296e-06,1.2760065e-09,-1.6781433e-07,-5.828203e-06,1.8138728e-05
23.110000000000813,-3.730765e-05,-4.84683e-06,1.276007e-09,-1.678143e-07,-5.828203e-06,1.8138728e-05
23.120000000000815,-3.7307647e-05,-4.8468296e-06,1.276006e-09,-1.6781438e-07,-5.828203e-06,1.8138728e-05
23.130000000000816,-3.7307647e-05,-4.8468296e-06,1.2760062e-09,-1.6781436e-07,-5.828203e-06,1.8138728e-05
23.140000000000818,-3.730765e-05,-4.8468296e-06,1.2760061e-09,-1.6781438e-07,-5.828203e-06,1.8138728e-05
23.15000000000082,-3.730765e-05,-4.84683e-06,1.2760069e-09,-1.678143e-07,-5.828203e-06,1.8138728e-05
23.16000000000082,-3.730765e-05,-4.84683e-06,1.2760069e-09,-1.678143e-07,-5.828203e-06,1.8138728e-05
23.170000000000822,-3.7307647e-05,-4.8468296e-06,1.2760063e-09,-1.6781435e-07,-5.828203e-06,1.8138728e-05
23.180000000000824,-3.7307647e-05,-4.84683e-06,1.2760066e-09,-1.6781433e-07,-5.828203e-06,1.8138728e-05
23.190000000000826,-3.730765e-05,-4.8468296e-06,1.2760066e-09,-1.6781433e-07,-5.828203e-06,1.8138728e-05
23.200000000000827,-3.7307647e-05,-4.8468296e-06,1.276006e-09,-1.6781439e-07,-5.828203e-06,1.8138728e-05
23.21000000000083,-3.7307647e-05,-4.84683e-06,1.2760071e-09,-1.678143e-07,-5.828203e-06,1.8138728e-05
23.22000000000083,-3.730765e-05,-4.84683e-06,1.2760067e-09,-1.6781432e-07,-5.828203e-06,1.8138728e-05
23.23000000000083,-3.730765e-05,-4.8468296e-06,1.2760065e-09,-1.6781433e-07,-5.828203e-06,1.8138728e-05
23.240000000000833,-3.730765e-05,-4.84683e-06,1.2760069e-09,-1.6781432e-07,-5.828203e-06,1.8138728e-05
23.250000000000835,-3.730765e-05,-4.84683e-06,1.276007e-09,-1.678143e-07,-5.828203e-06,1.8138728e-05
23.260000000000836,-3.730765e-05,-4.84683e-06,1.2760072e-09,-1.6781429e-07,-5.828203e-06,1.8138728e-05
23.270000000000838,-3.730765e-05,-4.84683e-06,1.2760074e-09,-1.6781428e-07,-5.828203e-06,1.8138728e-05
23.28000000000084,-3.7307647e-05,-4.84683e-06,1.2760072e-09,-1.6781428e-07,-5.828203e-06,1.8138728e-05
23.29000000000084,-3.730765e-05,-4.84683e-06,1.2760066e-09,-1.6781433e-07,-5.828203e-06,1.8138728e-05
23.300000000000843,-3.730765e-05,-4.84683e-06,1.2760069e-09,-1.6781432e-07,-5.828203e-06,1.8138728e-05
23.310000000000844,-3.7307647e-05,-4.84683e-06,1.2760067e-09,-1.6781433e-07,-5.828203e-06,1.8138728e-05
23.320000000000846,-3.7307647e-05,-4.84683e-06,1.2760071e-09,-1.6781429e-07,-5.828203e-06,1.8138728e-05
23.330000000000847,-3.730765e-05,-4.84683e-06,1.2760066e-09,-1.6781433e-07,-5.828203e-06,1.8138728e-05
23.34000000000085,-3.730765e-05,-4.84683e-06,1.2760067e-09,-1.6781432e-07,-5.828203e-06,1.8138728e-05
23.35000000000085,-3.730765e-05,-4.84683e-06,1.2760069e-09,-1.6781432e-07,-5.828203e-06,1.8138728e-05
23.360000000000852,-3.7307647e-05,-4.84683e-06,1.2760066e-09,-1.6781433e-07,-5.828203e-06,1.8138728e-05
23.370000000000854,-3.7307647e-05,-4.8468296e-06,1.2760061e-09,-1.6781438e-07,-5.828203e-06,1.8138728e-05
23.380000000000855,-3.730765e-05,-4.84683e-06,1.276006e-09,-1.6781439e-07,-5.828203e-06,1.8138728e-05
23.390000000000857,-3.7307647e-05,-4.8468296e-06,1.2760064e-09,-1.6781435e-07,-5.828203e-06,1.8138728e-05
23.40000000000086,-3.730765e-05,-4.84683e-06,1.2760066e-09,-1.6781433e-07,-5.828203e-06,1.8138728e-05
23.41000000000086,-3.730765e-05,-4.84683e-06,1.2760066e-09,-1.6781433e-07,-5.828203e-06,1.8138728e-05
23.42000000000086,-3.7307647e-05,-4.8468296e-06,1.2760061e-09,-1.6781438e-07,-5.828203e-06,1.8138728e-05
23.430000000000863,-3.7307647e-05,-4.8468296e-06,1.2760064e-09,-1.6781435e-07,-5.828203e-06,1.8138728e-05
23.440000000000865,-3.7307647e-05,-4.8468296e-06,1.276006e-09,-1.6781438e-07,-5.828203e-06,1.8138728e-05
23.450000000000866,-3.7307647e-05,-4.84683e-06,1.2760067e-09,-1.6781432e-07,-5.828203e-06,1.8138728e-05
23.460000000000868,-3.7307647e-05,-4.8468296e-06,1.2760062e-09,-1.6781436e-07,-5.828203e-06,1.8138728e-05
23.47000000000087,-3.730765e-05,-4.84683e-06,1.2760071e-09,-1.6781429e-07,-5.828203e-06,1.8138728e-05
23.48000000000087,-3.730765e-05,-4.84683e-06,1.2760067e-09,-1.6781432e-07,-5.828203e-06,1.8138728e-05
23.490000000000872,-3.730765e-05,-4.84683e-06,1.2760072e-09,-1.6781429e-07,-5.828203e-06,1.8138728e-05
23.500000000000874,-3.7307647e-05,-4.8468296e-06,1.2760065e-09,-1.6781433e-07,-5.828203e-06,1.8138728e-05
23.510000000000876,-3.7307647e-05,-4.84683e-06,1.2760066e-09,-1.6781433e-07,-5.828203e-06,1.8138728e-05
23.520000000000877,-3.730765e-05,-4.84683e-06,1.2760063e-09,-1.6781436e-07,-5.828203e-06,1.8138728e-05
23.53000000000088,-3.7307647e-05,-4.8468296e-06,1.2760062e-09,-1.6781436e-07,-5.828203e-06,1.8138728e-05
23.54000000000088,-3.7307647e-05,-4.84683e-06,1.2760066e-09,-1.6781433e-07,-5.828203e-06,1.8138728e-05
23.550000000000882,-3.730765e-05,-4.84683e-06,1.276007e-09,-1.6781432e-07,-5.828203e-06,1.8138728e-05
23.560000000000883,-3.730765e-05,-4.8468296e-06,1.2760064e-09,-1.6781435e-07,-5.828203e-06,1.8138728e-05
23.570000000000885,-3.7307647e-05,-4.8468296e-06,1.2760064e-09,-1.6781435e-07,-5.828203e-06,1.8138728e-05
23.580000000000886,-3.730765e-05,-4.8468296e-06,1.2760064e-09,-1.6781435e-07,-5.828203e-06,1.8138728e-05
23.590000000000888,-3.730765e-05,-4.84683e-06,1.2760075e-09,-1.6781426e-07,-5.828203e-06,1.8138728e-05
23.60000000000089,-3.7307647e-05,-4.8468296e-06,1.2760067e-09,-1.6781432e-07,-5.828203e-06,1.8138728e-05
23.61000000000089,-3.730765e-05,-4.84683e-06,1.2760074e-09,-1.6781428e-07,-5.828203e-06,1.8138728e-05
23.620000000000893,-3.7307647e-05,-4.8468296e-06,1.2760067e-09,-1.678143e-07,-5.828203e-06,1.8138728e-05
23.630000000000894,-3.730765e-05,-4.8468296e-06,1.2760061e-09,-1.6781438e-07,-5.828203e-06,1.8138728e-05
23.640000000000896,-3.7307647e-05,-4.84683e-06,1.2760067e-09,-1.678143e-07,-5.828203e-06,1.8138728e-05
23.650000000000897,-3.730765e-05,-4.8468296e-06,1.2760066e-09,-1.6781432e-07,-5.828203e-06,1.8138728e-05
23.6600000000009,-3.7307647e-05,-4.84683e-06,1.2760067e-09,-1.6781432e-07,-5.828203e-06,1.8138728e-05
23.6700000000009,-3.730765e-05,-4.84683e-06,1.2760069e-09,-1.6781432e-07,-5.828203e-06,1.8138728e-05
23.680000000000902,-3.730765e-05,-4.84683e-06,1.2760067e-09,-1.6781432e-07,-5.828203e-06,1.8138728e-05
23.690000000000904,-3.730765e-05,-4.84683e-06,1.2760067e-09,-1.6781432e-07,-5.828203e-06,1.8138728e-05
23.700000000000905,-3.730765e-05,-4.84683e-06,1.2760062e-09,-1.6781436e-07,-5.828203e-06,1.8138728e-05
23.710000000000907,-3.7307647e-05,-4.8468296e-06,1.2760063e-09,-1.6781435e-07,-5.828203e-06,1.8138728e-05
23.72000000000091,-3.7307647e-05,-4.84683e-06,1.2760066e-09,-1.6781433e-07,-5.828203e-06,1.8138728e-05
23.73000000000091,-3.730765e-05,-4.84683e-06,1.2760065e-09,-1.6781435e-07,-5.828203e-06,1.8138728e-05
23.74000000000091,-3.7307647e-05,-4.8468296e-06,1.2760062e-09,-1.6781436e-07,-5.828203e-06,1.8138728e-05
23.750000000000913,-3.730765e-05,-4.84683e-06,1.2760072e-09,-1.6781429e-07,-5.828203e-06,1.8138728e-05
23.760000000000915,-3.7307647e-05,-4.84683e-06,1.2760064e-09,-1.6781435e-07,-5.828203e-06,1.8138728e-05
23.770000000000916,-3.7307647e-05,-4.84683e-06,1.2760067e-09,-1.6781432e-07,-5.828203e-06,1.8138728e-05
23.780000000000918,-3.730765e-05,-4.84683e-06,1.276007e-09,-1.678143e-07,-5.828203e-06,1.8138728e-05
23.79000000000092,-3.7307647e-05,-4.8468296e-06,1.2760067e-09,-1.6781432e-07,-5.828203e-06,1.8138728e-05
23.80000000000092,-3.7307647e-05,-4.84683e-06,1.276007e-09,-1.678143e-07,-5.828203e-06,1.8138728e-05
23.810000000000922,-3.730765e-05,-4.84683e-06,1.2760065e-09,-1.6781435e-07,-5.828203e-06,1.8138728e-05
23.820000000000924,-3.730765e-05,-4.84683e-06,1.2760072e-09,-1.6781429e-07,-5.828203e-06,1.8138728e-05
23.830000000000926,-3.730765e-05,-4.84683e-06,1.2760071e-09,-1.6781429e-07,-5.828203e-06,1.8138728e-05
23.840000000000927,-3.7307647e-05,-4.8468296e-06,1.2760063e-09,-1.6781435e-07,-5.828203e-06,1.8138728e-05
23.85000000000093,-3.7307647e-05,-4.8468296e-06,1.2760065e-09,-1.6781433e-07,-5.828203e-06,1.8138728e-05
23.86000000000093,-3.7307647e-05,-4.84683e-06,1.2760066e-09,-1.6781432e-07,-5.828203e-06,1.8138728e-05
23.870000000000932,-3.730765e-05,-4.84683e-06,1.2760065e-09,-1.6781435e-07,-5.828203e-06,1.8138728e-05
23.880000000000933,-3.730765e-05,-4.8468296e-06,1.2760062e-09,-1.6781436e-07,-5.828203e-06,1.8138728e-05
23.890000000000935,-3.7307647e-05,-4.84683e-06,1.2760071e-09,-1.678143e-07,-5.828203e-06,1.8138728e-05
23.900000000000936,-3.730765e-05,-4.8468296e-06,1.2760064e-09,-1.6781435e-07,-5.828203e-06,1.8138728e-05
23.910000000000938,-3.730765e-05,-4.84683e-06,1.2760067e-09,-1.6781432e-07,-5.828203e-06,1.8138728e-05
23.92000000000094,-3.7307647e-05,-4.8468296e-06,1.2760065e-09,-1.6781433e-07,-5.828203e-06,1.8138728e-05
23.93000000000094,-3.7307647e-05,-4.84683e-06,1.2760064e-09,-1.6781435e-07,-5.828203e-06,1.8138728e-05
23.940000000000943,-3.730765e-05,-4.84683e-06,1.2760069e-09,-1.6781432e-07,-5.828203e-06,1.8138728e-05
23.950000000000944,-3.730765e-05,-4.84683e-06,1.2760064e-09,-1.6781436e-07,-5.828203e-06,1.8138728e-05
23.960000000000946,-3.7307647e-05,-4.84683e-06,1.276007e-09,-1.678143e-07,-5.828203e-06,1.8138728e-05
23.970000000000947,-3.7307647e-05,-4.84683e-06,1.2760067e-09,-1.6781432e-07,-5.828203e-06,1.8138728e-05
23.98000000000095,-3.7307647e-05,-4.8468296e-06,1.2760063e-09,-1.6781435e-07,-5.828203e-06,1.8138728e-05
23.99000000000095,-3.7307647e-05,-4.8468296e-06,1.2760063e-09,-1.6781435e-07,-5.828203e-06,1.8138728e-05
24.000000000000952,-3.7307647e-05,-4.84683e-06,1.2760065e-09,-1.6781435e-07,-5.828203e-06,1.8138728e-05
24.010000000000954,-3.7307647e-05,-4.84683e-06,1.2760066e-09,-1.6781433e-07,-5.828203e-06,1.8138728e-05
24.020000000000955,-3.730765e-05,-4.84683e-06,1.2760074e-09,-1.6781428e-07,-5.828203e-06,1.8138728e-05
24.030000000000957,-3.7307647e-05,-4.8468296e-06,1.2760064e-09,-1.6781435e-07,-5.828203e-06,1.8138728e-05
24.04000000000096,-3.730765e-05,-4.84683e-06,1.2760069e-09,-1.6781432e-07,-5.828203e-06,1.8138728e-05
24.05000000000096,-3.7307647e-05,-4.8468296e-06,1.2760066e-09,-1.6781432e-07,-5.828203e-06,1.8138728e-05
24.06000000000096,-3.7307647e-05,-4.8468296e-06,1.2760064e-09,-1.6781435e-07,-5.828203e-06,1.8138728e-05
24.070000000000963,-3.7307647e-05,-4.8468296e-06,1.2760063e-09,-1.6781435e-07,-5.828203e-06,1.8138728e-05
24.080000000000965,-3.7307647e-05,-4.8468296e-06,1.2760062e-09,-1.6781436e-07,-5.828203e-06,1.8138728e-05
24.090000000000966,-3.7307647e-05,-4.8468296e-06,1.2760065e-09,-1.6781435e-07,-5.828203e-06,1.8138728e-05
24.100000000000968,-3.730765e-05,-4.84683e-06,1.2760066e-09,-1.6781433e-07,-5.828203e-06,1.8138728e-05
24.11000000000097,-3.730765e-05,-4.84683e-06,1.2760069e-09,-1.678143e-07,-5.828203e-06,1.8138728e-05
24.12000000000097,-3.7307647e-05,-4.8468296e-06,1.2760064e-09,-1.6781433e-07,-5.828203e-06,1.8138728e-05
24.130000000000972,-3.730765e-05,-4.84683e-06,1.276007e-09,-1.6781432e-07,-5.828203e-06,1.8138728e-05
24.140000000000974,-3.730765e-05,-4.84683e-06,1.2760066e-09,-1.6781433e-07,-5.828203e-06,1.8138728e-05
24.150000000000976,-3.730765e-05,-4.8468296e-06,1.2760065e-09,-1.6781433e-07,-5.828203e-06,1.8138728e-05
24.160000000000977,-3.7307647e-05,-4.84683e-06,1.2760069e-09,-1.6781432e-07,-5.828203e-06,1.8138728e-05
24.17000000000098,-3.7307647e-05,-4.84683e-06,1.2760065e-09,-1.6781433e-07,-5.828203e-06,1.8138728e-05
24.18000000000098,-3.730765e-05,-4.84683e-06,1.2760067e-09,-1.6781432e-07,-5.828203e-06,1.8138728e-05
24.190000000000982,-3.730765e-05,-4.84683e-06,1.276007e-09,-1.678143e-07,-5.828203e-06,1.8138728e-05
24.200000000000983,-3.730765e-05,-4.8468296e-06,1.2760061e-09,-1.6781438e-07,-5.828203e-06,1.8138728e-05
24.210000000000985,-3.730765e-05,-4.84683e-06,1.2760069e-09,-1.6781432e-07,-5.828203e-06,1.8138728e-05
24.220000000000987,-3.7307647e-05,-4.8468296e-06,1.2760064e-09,-1.6781435e-07,-5.828203e-06,1.8138728e-05
24.230000000000988,-3.7307647e-05,-4.8468296e-06,1.276006e-09,-1.6781438e-07,-5.828203e-06,1.8138728e-05
24.24000000000099,-3.730765e-05,-4.8468296e-06,1.2760067e-09,-1.6781432e-07,-5.828203e-06,1.8138728e-05
24.25000000000099,-3.7307647e-05,-4.8468296e-06,1.276006e-09,-1.6781439e-07,-5.828203e-06,1.8138728e-05
24.260000000000993,-3.7307647e-05,-4.8468296e-06,1.2760064e-09,-1.6781435e-07,-5.828203e-06,1.8138728e-05
24.270000000000994,-3.730765e-05,-4.84683e-06,1.2760069e-09,-1.678143e-07,-5.828203e-06,1.8138728e-05
24.280000000000996,-3.7307647e-05,-4.8468296e-06,1.2760065e-09,-1.6781433e-07,-5.828203e-06,1.8138728e-05
24.290000000000997,-3.730765e-05,-4.8468296e-06,1.2760066e-09,-1.6781433e-07,-5.828203e-06,1.8138728e-05
24.300000000001,-3.730765e-05,-4.84683e-06,1.2760071e-09,-1.6781429e-07,-5.828203e-06,1.8138728e-05
24.310000000001,-3.730765e-05,-4.84683e-06,1.2760065e-09,-1.6781433e-07,-5.828203e-06,1.8138728e-05
24.320000000001002,-3.7307647e-05,-4.84683e-06,1.2760067e-09,-1.6781432e-07,-5.828203e-06,1.8138728e-05
24.330000000001004,-3.7307647e-05,-4.8468296e-06,1.2760061e-09,-1.6781436e-07,-5.828203e-06,1.8138728e-05
24.340000000001005,-3.730765e-05,-4.8468296e-06,1.2760066e-09,-1.6781433e-07,-5.828203e-06,1.8138728e-05
24.350000000001007,-3.730765e-05,-4.8468296e-06,1.2760063e-09,-1.6781435e-07,-5.828203e-06,1.8138728e-05
24.36000000000101,-3.7307647e-05,-4.8468296e-06,1.2760064e-09,-1.6781435e-07,-5.828203e-06,1.8138728e-05
24.37000000000101,-3.7307647e-05,-4.84683e-06,1.2760069e-09,-1.678143e-07,-5.828203e-06,1.8138728e-05
24.38000000000101,-3.730765e-05,-4.84683e-06,1.2760069e-09,-1.6781432e-07,-5.828203e-06,1.8138728e-05
24.390000000001013,-3.7307647e-05,-4.8468296e-06,1.2760063e-09,-1.6781436e-07,-5.828203e-06,1.8138728e-05
24.400000000001015,-3.730765e-05,-4.84683e-06,1.2760071e-09,-1.6781429e-07,-5.828203e-06,1.8138728e-05
24.410000000001016,-3.730765e-05,-4.84683e-06,1.2760071e-09,-1.678143e-07,-5.828203e-06,1.8138728e-05
24.420000000001018,-3.730765e-05,-4.84683e-06,1.276007e-09,-1.678143e-07,-5.828203e-06,1.8138728e-05
24.43000000000102,-3.730765e-05,-4.84683e-06,1.2760071e-09,-1.678143e-07,-5.828203e-06,1.8138728e-05
24.44000000000102,-3.730765e-05,-4.84683e-06,1.2760069e-09,-1.6781432e-07,-5.828203e-06,1.8138728e-05
24.450000000001022,-3.730765e-05,-4.84683e-06,1.2760067e-09,-1.6781432e-07,-5.828203e-06,1.8138728e-05
24.460000000001024,-3.730765e-05,-4.84683e-06,1.2760066e-09,-1.6781433e-07,-5.828203e-06,1.8138728e-05
24.470000000001026,-3.7307647e-05,-4.84683e-06,1.2760072e-09,-1.6781428e-07,-5.828203e-06,1.8138728e-05
24.480000000001027,-3.7307647e-05,-4.84683e-06,1.2760069e-09,-1.678143e-07,-5.828203e-06,1.8138728e-05
24.49000000000103,-3.730765e-05,-4.84683e-06,1.2760069e-09,-1.678143e-07,-5.828203e-06,1.8138728e-05
24.50000000000103,-3.7307647e-05,-4.84683e-06,1.276007e-09,-1.678143e-07,-5.828203e-06,1.8138728e-05
24.510000000001032,-3.7307647e-05,-4.84683e-06,1.2760066e-09,-1.6781433e-07,-5.828203e-06,1.8138728e-05
24.520000000001033,-3.730765e-05,-4.84683e-06,1.276007e-09,-1.678143e-07,-5.828203e-06,1.8138728e-05
24.530000000001035,-3.7307647e-05,-4.84683e-06,1.2760067e-09,-1.6781432e-07,-5.828203e-06,1.8138728e-05
24.540000000001037,-3.730765e-05,-4.8468296e-06,1.276006e-09,-1.6781439e-07,-5.828203e-06,1.8138728e-05
24.550000000001038,-3.7307647e-05,-4.8468296e-06,1.2760062e-09,-1.6781436e-07,-5.828203e-06,1.8138728e-05
24.56000000000104,-3.730765e-05,-4.84683e-06,1.2760063e-09,-1.6781436e-07,-5.828203e-06,1.8138728e-05
24.57000000000104,-3.7307647e-05,-4.84683e-06,1.2760067e-09,-1.6781432e-07,-5.828203e-06,1.8138728e-05
24.580000000001043,-3.730765e-05,-4.8468296e-06,1.2760064e-09,-1.6781435e-07,-5.828203e-06,1.8138728e-05
24.590000000001044,-3.7307647e-05,-4.8468296e-06,1.2760063e-09,-1.6781435e-07,-5.828203e-06,1.8138728e-05
24.600000000001046,-3.7307647e-05,-4.8468296e-06,1.2760061e-09,-1.6781436e-07,-5.828203e-06,1.8138728e-05
24.610000000001047,-3.7307647e-05,-4.84683e-06,1.276007e-09,-1.678143e-07,-5.828203e-06,1.8138728e-05
24.62000000000105,-3.7307647e-05,-4.8468296e-06,1.2760066e-09,-1.6781432e-07,-5.828203e-06,1.8138728e-05
24.63000000000105,-3.730765e-05,-4.8468296e-06,1.2760067e-09,-1.6781432e-07,-5.828203e-06,1.8138728e-05
24.640000000001052,-3.7307647e-05,-4.84683e-06,1.2760072e-09,-1.6781428e-07,-5.828203e-06,1.8138728e-05
24.650000000001054,-3.7307647e-05,-4.8468296e-06,1.2760063e-09,-1.6781436e-07,-5.828203e-06,1.8138728e-05
24.660000000001055,-3.7307647e-05,-4.8468296e-06,1.2760065e-09,-1.6781433e-07,-5.828203e-06,1.8138728e-05
24.670000000001057,-3.730765e-05,-4.84683e-06,1.2760067e-09,-1.6781432e-07,-5.828203e-06,1.8138728e-05
24.68000000000106,-3.730765e-05,-4.84683e-06,1.2760065e-09,-1.6781435e-07,-5.828203e-06,1.8138728e-05
24.69000000000106,-3.7307647e-05,-4.84683e-06,1.276007e-09,-1.6781432e-07,-5.828203e-06,1.8138728e-05
24.70000000000106,-3.7307647e-05,-4.84683e-06,1.2760072e-09,-1.6781428e-07,-5.828203e-06,1.8138728e-05
24.710000000001063,-3.730765e-05,-4.84683e-06,1.276007e-09,-1.678143e-07,-5.828203e-06,1.8138728e-05
24.720000000001065,-3.730765e-05,-4.8468296e-06,1.2760065e-09,-1.6781435e-07,-5.828203e-06,1.8138728e-05
24.730000000001066,-3.7307647e-05,-4.8468296e-06,1.2760062e-09,-1.6781436e-07,-5.828203e-06,1.8138728e-05
24.740000000001068,-3.730765e-05,-4.84683e-06,1.2760066e-09,-1.6781433e-07,-5.828203e-06,1.8138728e-05
24.75000000000107,-3.730765e-05,-4.84683e-06,1.2760075e-09,-1.6781426e-07,-5.828203e-06,1.8138728e-05
24.76000000000107,-3.7307647e-05,-4.84683e-06,1.276007e-09,-1.678143e-07,-5.828203e-06,1.8138728e-05
24.770000000001072,-3.730765e-05,-4.84683e-06,1.2760069e-09,-1.6781432e-07,-5.828203e-06,1.8138728e-05
24.780000000001074,-3.730765e-05,-4.84683e-06,1.2760069e-09,-1.6781432e-07,-5.828203e-06,1.8138728e-05
24.790000000001076,-3.730765e-05,-4.84683e-06,1.276007e-09,-1.678143e-07,-5.828203e-06,1.8138728e-05
24.800000000001077,-3.7307647e-05,-4.8468296e-06,1.2760065e-09,-1.6781433e-07,-5.828203e-06,1.8138728e-05
24.81000000000108,-3.730765e-05,-4.84683e-06,1.2760063e-09,-1.6781436e-07,-5.828203e-06,1.8138728e-05
24.82000000000108,-3.7307647e-05,-4.84683e-06,1.2760069e-09,-1.6781432e-07,-5.828203e-06,1.8138728e-05
24.830000000001082,-3.7307647e-05,-4.8468296e-06,1.2760066e-09,-1.6781432e-07,-5.828203e-06,1.8138728e-05
24.840000000001083,-3.7307647e-05,-4.84683e-06,1.276007e-09,-1.678143e-07,-5.828203e-06,1.8138728e-05
24.850000000001085,-3.730765e-05,-4.84683e-06,1.2760076e-09,-1.6781426e-07,-5.828203e-06,1.8138728e-05
24.860000000001087,-3.7307647e-05,-4.84683e-06,1.276007e-09,-1.678143e-07,-5.828203e-06,1.8138728e-05
24.870000000001088,-3.730765e-05,-4.84683e-06,1.2760074e-09,-1.6781428e-07,-5.828203e-06,1.8138728e-05
24.88000000000109,-3.7307647e-05,-4.8468296e-06,1.2760069e-09,-1.678143e-07,-5.828203e-06,1.8138728e-05
24.89000000000109,-3.730765e-05,-4.8468296e-06,1.2760065e-09,-1.6781432e-07,-5.828203e-06,1.8138728e-05
24.900000000001093,-3.730765e-05,-4.84683e-06,1.2760067e-09,-1.6781432e-07,-5.828203e-06,1.8138728e-05
24.910000000001094,-3.730765e-05,-4.84683e-06,1.2760069e-09,-1.6781432e-07,-5.828203e-06,1.8138728e-05
24.920000000001096,-3.7307647e-05,-4.84683e-06,1.2760069e-09,-1.6781432e-07,-5.828203e-06,1.8138728e-05
24.930000000001098,-3.7307647e-05,-4.8468296e-06,1.2760065e-09,-1.6781433e-07,-5.828203e-06,1.8138728e-05
24.9400000000011,-3.730765e-05,-4.84683e-06,1.2760066e-09,-1.6781433e-07,-5.828203e-06,1.8138728e-05
24.9500000000011,-3.7307647e-05,-4.8468296e-06,1.276006e-09,-1.6781439e-07,-5.828203e-06,1.8138728e-05
24.960000000001102,-3.7307647e-05,-4.8468296e-06,1.2760064e-09,-1.6781435e-07,-5.828203e-06,1.8138728e-05
24.970000000001104,-3.7307647e-05,-4.8468296e-06,1.2760064e-09,-1.6781435e-07,-5.828203e-06,1.8138728e-05
24.980000000001105,-3.7307647e-05,-4.84683e-06,1.276007e-09,-1.678143e-07,-5.828203e-06,1.8138728e-05
24.990000000001107,-3.730765e-05,-4.84683e-06,1.2760074e-09,-1.6781428e-07,-5.828203e-06,1.8138728e-05
25.00000000000111,-3.7307647e-05,-4.84683e-06,1.2760064e-09,-1.6781435e-07,-5.828203e-06,1.8138728e-05
25.01000000000111,-3.7307647e-05,-4.8468296e-06,1.2760062e-09,-1.6781436e-07,-5.828203e-06,1.8138728e-05
25.02000000000111,-3.7307647e-05,-4.8468296e-06,1.2760062e-09,-1.6781435e-07,-5.828203e-06,1.8138728e-05
25.030000000001113,-3.730765e-05,-4.84683e-06,1.2760073e-09,-1.6781428e-07,-5.828203e-06,1.8138728e-05
25.040000000001115,-3.730765e-05,-4.84683e-06,1.2760069e-09,-1.6781432e-07,-5.828203e-06,1.8138728e-05
25.050000000001116,-3.730765e-05,-4.8468296e-06,1.2760063e-09,-1.6781435e-07,-5.828203e-06,1.8138728e-05
25.060000000001118,-3.7307647e-05,-4.84683e-06,1.2760066e-09,-1.6781433e-07,-5.828203e-06,1.8138728e-05
25.07000000000112,-3.7307647e-05,-4.8468296e-06,1.2760062e-09,-1.6781436e-07,-5.828203e-06,1.8138728e-05
25.08000000000112,-3.7307647e-05,-4.8468296e-06,1.2760069e-09,-1.678143e-07,-5.828203e-06,1.8138728e-05
25.090000000001123,-3.7307647e-05,-4.84683e-06,1.2760067e-09,-1.6781432e-07,-5.828203e-06,1.8138728e-05
25.100000000001124,-3.7307647e-05,-4.84683e-06,1.2760064e-09,-1.6781435e-07,-5.828203e-06,1.8138728e-05
25.110000000001126,-3.7307647e-05,-4.84683e-06,1.2760065e-09,-1.6781433e-07,-5.828203e-06,1.8138728e-05
25.120000000001127,-3.730765e-05,-4.84683e-06,1.2760069e-09,-1.6781432e-07,-5.828203e-06,1.8138728e-05
25.13000000000113,-3.730765e-05,-4.84683e-06,1.2760065e-09,-1.6781433e-07,-5.828203e-06,1.8138728e-05
25.14000000000113,-3.730765e-05,-4.84683e-06,1.2760069e-09,-1.678143e-07,-5.828203e-06,1.8138728e-05
25.150000000001132,-3.7307647e-05,-4.84683e-06,1.276007e-09,-1.678143e-07,-5.828203e-06,1.8138728e-05
25.160000000001133,-3.7307647e-05,-4.84683e-06,1.2760065e-09,-1.6781435e-07,-5.828203e-06,1.8138728e-05
25.170000000001135,-3.7307647e-05,-4.8468296e-06,1.2760065e-09,-1.6781433e-07,-5.828203e-06,1.8138728e-05
25.180000000001137,-3.7307647e-05,-4.8468296e-06,1.2760061e-09,-1.6781438e-07,-5.828203e-06,1.8138728e-05
25.190000000001138,-3.730765e-05,-4.84683e-06,1.2760066e-09,-1.6781433e-07,-5.828203e-06,1.8138728e-05
25.20000000000114,-3.730765e-05,-4.84683e-06,1.2760069e-09,-1.6781432e-07,-5.828203e-06,1.8138728e-05
25.21000000000114,-3.730765e-05,-4.8468296e-06,1.2760064e-09,-1.6781435e-07,-5.828203e-06,1.8138728e-05
25.220000000001143,-3.7307647e-05,-4.8468296e-06,1.2760064e-09,-1.6781433e-07,-5.828203e-06,1.8138728e-05
25.230000000001144,-3.7307647e-05,-4.84683e-06,1.2760064e-09,-1.6781435e-07,-5.828203e-06,1.8138728e-05
25.240000000001146,-3.730765e-05,-4.84683e-06,1.276007e-09,-1.678143e-07,-5.828203e-06,1.8138728e-05
25.250000000001148,-3.730765e-05,-4.84683e-06,1.2760064e-09,-1.6781435e-07,-5.828203e-06,1.8138728e-05
25.26000000000115,-3.7307647e-05,-4.8468296e-06,1.2760064e-09,-1.6781435e-07,-5.828203e-06,1.8138728e-05
25.27000000000115,-3.730765e-05,-4.84683e-06,1.2760067e-09,-1.6781433e-07,-5.828203e-06,1.8138728e-05
25.280000000001152,-3.730765e-05,-4.84683e-06,1.2760064e-09,-1.6781436e-07,-5.828203e-06,1.8138728e-05
25.290000000001154,-3.7307647e-05,-4.84683e-06,1.2760064e-09,-1.6781435e-07,-5.828203e-06,1.8138728e-05
25.300000000001155,-3.730765e-05,-4.8468296e-06,1.2760064e-09,-1.6781435e-07,-5.828203e-06,1.8138728e-05
25.310000000001157,-3.7307647e-05,-4.84683e-06,1.2760064e-09,-1.6781435e-07,-5.828203e-06,1.8138728e-05
25.32000000000116,-3.730765e-05,-4.84683e-06,1.2760067e-09,-1.6781433e-07,-5.828203e-06,1.8138728e-05
25.33000000000116,-3.730765e-05,-4.84683e-06,1.2760066e-09,-1.6781433e-07,-5.828203e-06,1.8138728e-05
25.34000000000116,-3.730765e-05,-4.84683e-06,1.2760066e-09,-1.6781433e-07,-5.828203e-06,1.8138728e-05
25.350000000001163,-3.730765e-05,-4.84683e-06,1.276007e-09,-1.678143e-07,-5.828203e-06,1.8138728e-05
25.360000000001165,-3.730765e-05,-4.8468296e-06,1.2760057e-09,-1.678144e-07,-5.828203e-06,1.8138728e-05
25.370000000001166,-3.730765e-05,-4.84683e-06,1.276007e-09,-1.678143e-07,-5.828203e-06,1.8138728e-05
25.380000000001168,-3.7307647e-05,-4.84683e-06,1.2760074e-09,-1.6781426e-07,-5.828203e-06,1.8138728e-05
25.39000000000117,-3.7307647e-05,-4.84683e-06,1.2760066e-09,-1.6781433e-07,-5.828203e-06,1.8138728e-05
25.40000000000117,-3.730765e-05,-4.84683e-06,1.2760066e-09,-1.6781433e-07,-5.828203e-06,1.8138728e-05
25.410000000001173,-3.7307647e-05,-4.84683e-06,1.2760066e-09,-1.6781432e-07,-5.828203e-06,1.8138728e-05
25.420000000001174,-3.7307647e-05,-4.84683e-06,1.2760063e-09,-1.6781436e-07,-5.828203e-06,1.8138728e-05
25.430000000001176,-3.7307647e-05,-4.8468296e-06,1.2760061e-09,-1.6781438e-07,-5.828203e-06,1.8138728e-05
25.440000000001177,-3.730765e-05,-4.8468296e-06,1.2760065e-09,-1.6781433e-07,-5.828203e-06,1.8138728e-05
25.45000000000118,-3.7307647e-05,-4.8468296e-06,1.2760059e-09,-1.6781439e-07,-5.828203e-06,1.8138728e-05
25.46000000000118,-3.730765e-05,-4.84683e-06,1.2760066e-09,-1.6781433e-07,-5.828203e-06,1.8138728e-05
25.470000000001182,-3.730765e-05,-4.84683e-06,1.2760069e-09,-1.678143e-07,-5.828203e-06,1.8138728e-05
25.480000000001183,-3.7307647e-05,-4.8468296e-06,1.2760062e-09,-1.6781436e-07,-5.828203e-06,1.8138728e-05
25.490000000001185,-3.7307647e-05,-4.8468296e-06,1.2760062e-09,-1.6781436e-07,-5.828203e-06,1.8138728e-05
25.500000000001187,-3.730765e-05,-4.8468296e-06,1.2760067e-09,-1.6781432e-07,-5.828203e-06,1.8138728e-05
25.510000000001188,-3.730765e-05,-4.84683e-06,1.2760067e-09,-1.6781432e-07,-5.828203e-06,1.8138728e-05
25.52000000000119,-3.7307647e-05,-4.84683e-06,1.276007e-09,-1.678143e-07,-5.828203e-06,1.8138728e-05
25.53000000000119,-3.730765e-05,-4.84683e-06,1.2760069e-09,-1.6781432e-07,-5.828203e-06,1.8138728e-05
25.540000000001193,-3.730765e-05,-4.84683e-06,1.2760073e-09,-1.6781428e-07,-5.828203e-06,1.8138728e-05
25.550000000001194,-3.7307647e-05,-4.8468296e-06,1.2760064e-09,-1.6781435e-07,-5.828203e-06,1.8138728e-05
25.560000000001196,-3.7307647e-05,-4.84683e-06,1.2760071e-09,-1.6781429e-07,-5.828203e-06,1.8138728e-05
25.570000000001198,-3.7307647e-05,-4.84683e-06,1.2760064e-09,-1.6781435e-07,-5.828203e-06,1.8138728e-05
25.5800000000012,-3.7307647e-05,-4.84683e-06,1.276006e-09,-1.6781439e-07,-5.828203e-06,1.8138728e-05
25.5900000000012,-3.730765e-05,-4.84683e-06,1.2760071e-09,-1.6781429e-07,-5.828203e-06,1.8138728e-05
25.600000000001202,-3.7307647e-05,-4.8468296e-06,1.2760063e-09,-1.6781435e-07,-5.828203e-06,1.8138728e-05
25.610000000001204,-3.730765e-05,-4.8468296e-06,1.2760062e-09,-1.6781436e-07,-5.828203e-06,1.8138728e-05
25.620000000001205,-3.730765e-05,-4.84683e-06,1.2760071e-09,-1.6781429e-07,-5.828203e-06,1.8138728e-05
25.630000000001207,-3.7307647e-05,-4.8468296e-06,1.2760064e-09,-1.6781435e-07,-5.828203e-06,1.8138728e-05
25.64000000000121,-3.730765e-05,-4.84683e-06,1.2760069e-09,-1.6781432e-07,-5.828203e-06,1.8138728e-05
25.65000000000121,-3.7307647e-05,-4.8468296e-06,1.276006e-09,-1.6781438e-07,-5.828203e-06,1.8138728e-05
25.66000000000121,-3.7307647e-05,-4.8468296e-06,1.2760067e-09,-1.6781432e-07,-5.828203e-06,1.8138728e-05
25.670000000001213,-3.730765e-05,-4.8468296e-06,1.2760064e-09,-1.6781435e-07,-5.828203e-06,1.8138728e-05
25.680000000001215,-3.730765e-05,-4.8468296e-06,1.2760066e-09,-1.6781432e-07,-5.828203e-06,1.8138728e-05
25.690000000001216,-3.7307647e-05,-4.8468296e-06,1.2760061e-09,-1.6781438e-07,-5.828203e-06,1.8138728e-05
25.700000000001218,-3.7307647e-05,-4.8468296e-06,1.2760064e-09,-1.6781435e-07,-5.828203e-06,1.8138728e-05
25.71000000000122,-3.730765e-05,-4.8468296e-06,1.2760062e-09,-1.6781436e-07,-5.828203e-06,1.8138728e-05
25.72000000000122,-3.7307647e-05,-4.84683e-06,1.2760066e-09,-1.6781433e-07,-5.828203e-06,1.8138728e-05
25.730000000001223,-3.7307647e-05,-4.84683e-06,1.2760071e-09,-1.6781429e-07,-5.828203e-06,1.8138728e-05
25.740000000001224,-3.730765e-05,-4.84683e-06,1.2760069e-09,-1.6781432e-07,-5.828203e-06,1.8138728e-05
25.750000000001226,-3.7307647e-05,-4.8468296e-06,1.2760063e-09,-1.6781435e-07,-5.828203e-06,1.8138728e-05
25.760000000001227,-3.7307647e-05,-4.8468296e-06,1.2760064e-09,-1.6781433e-07,-5.828203e-06,1.8138728e-05
25.77000000000123,-3.7307647e-05,-4.8468296e-06,1.2760066e-09,-1.6781432e-07,-5.828203e-06,1.8138728e-05
25.78000000000123,-3.730765e-05,-4.8468296e-06,1.2760059e-09,-1.6781439e-07,-5.828203e-06,1.8138728e-05
25.790000000001232,-3.730765e-05,-4.84683e-06,1.2760069e-09,-1.6781432e-07,-5.828203e-06,1.8138728e-05
25.800000000001234,-3.730765e-05,-4.8468296e-06,1.2760063e-09,-1.6781436e-07,-5.828203e-06,1.8138728e-05
25.810000000001235,-3.7307647e-05,-4.8468296e-06,1.2760065e-09,-1.6781433e-07,-5.828203e-06,1.8138728e-05
25.820000000001237,-3.7307647e-05,-4.8468296e-06,1.2760061e-09,-1.6781436e-07,-5.828203e-06,1.8138728e-05
25.830000000001238,-3.730765e-05,-4.84683e-06,1.276007e-09,-1.678143e-07,-5.828203e-06,1.8138728e-05
25.84000000000124,-3.7307647e-05,-4.8468296e-06,1.2760064e-09,-1.6781435e-07,-5.828203e-06,1.8138728e-05
25.85000000000124,-3.7307647e-05,-4.8468296e-06,1.276006e-09,-1.6781438e-07,-5.828203e-06,1.8138728e-05
25.860000000001243,-3.7307647e-05,-4.8468296e-06,1.2760057e-09,-1.678144e-07,-5.828203e-06,1.8138728e-05
25.870000000001244,-3.7307647e-05,-4.8468296e-06,1.2760057e-09,-1.6781439e-07,-5.828203e-06,1.8138728e-05
25.880000000001246,-3.7307647e-05,-4.84683e-06,1.276007e-09,-1.678143e-07,-5.828203e-06,1.8138728e-05
25.890000000001248,-3.7307647e-05,-4.84683e-06,1.2760069e-09,-1.678143e-07,-5.828203e-06,1.8138728e-05
25.90000000000125,-3.7307647e-05,-4.8468296e-06,1.2760061e-09,-1.6781438e-07,-5.828203e-06,1.8138728e-05
25.91000000000125,-3.730765e-05,-4.84683e-06,1.2760067e-09,-1.6781433e-07,-5.828203e-06,1.8138728e-05
25.920000000001252,-3.730765e-05,-4.84683e-06,1.2760073e-09,-1.6781428e-07,-5.828203e-06,1.8138728e-05
25.930000000001254,-3.7307647e-05,-4.84683e-06,1.2760067e-09,-1.6781432e-07,-5.828203e-06,1.8138728e-05
25.940000000001255,-3.730765e-05,-4.84683e-06,1.2760066e-09,-1.6781433e-07,-5.828203e-06,1.8138728e-05
25.950000000001257,-3.7307647e-05,-4.8468296e-06,1.2760063e-09,-1.6781436e-07,-5.828203e-06,1.8138728e-05
25.96000000000126,-3.730765e-05,-4.84683e-06,1.276007e-09,-1.678143e-07,-5.828203e-06,1.8138728e-05
25.97000000000126,-3.7307647e-05,-4.8468296e-06,1.2760066e-09,-1.6781432e-07,-5.828203e-06,1.8138728e-05
25.98000000000126,-3.7307647e-05,-4.8468296e-06,1.2760064e-09,-1.6781433e-07,-5.828203e-06,1.8138728e-05
25.990000000001263,-3.730765e-05,-4.84683e-06,1.2760067e-09,-1.6781433e-07,-5.828203e-06,1.8138728e-05
26.000000000001265,-3.7307647e-05,-4.84683e-06,1.2760063e-09,-1.6781436e-07,-5.828203e-06,1.8138728e-05
26.010000000001266,-3.7307647e-05,-4.84683e-06,1.2760071e-09,-1.6781429e-07,-5.828203e-06,1.8138728e-05
26.020000000001268,-3.7307647e-05,-4.84683e-06,1.2760063e-09,-1.6781436e-07,-5.828203e-06,1.8138728e-05
26.03000000000127,-3.7307647e-05,-4.84683e-06,1.2760067e-09,-1.6781432e-07,-5.828203e-06,1.8138728e-05
26.04000000000127,-3.7307647e-05,-4.84683e-06,1.2760067e-09,-1.6781432e-07,-5.828203e-06,1.8138728e-05
26.050000000001273,-3.7307647e-05,-4.84683e-06,1.2760067e-09,-1.6781432e-07,-5.828203e-06,1.8138728e-05
26.060000000001274,-3.730765e-05,-4.84683e-06,1.2760069e-09,-1.6781432e-07,-5.828203e-06,1.8138728e-05
26.070000000001276,-3.730765e-05,-4.84683e-06,1.2760067e-09,-1.6781432e-07,-5.828203e-06,1.8138728e-05
26.080000000001277,-3.730765e-05,-4.84683e-06,1.2760076e-09,-1.6781425e-07,-5.828203e-06,1.8138728e-05
26.09000000000128,-3.730765e-05,-4.84683e-06,1.2760072e-09,-1.678143e-07,-5.828203e-06,1.8138728e-05
26.10000000000128,-3.7307647e-05,-4.8468296e-06,1.2760064e-09,-1.6781433e-07,-5.828203e-06,1.8138728e-05
26.110000000001282,-3.7307647e-05,-4.84683e-06,1.2760065e-09,-1.6781433e-07,-5.828203e-06,1.8138728e-05
26.120000000001284,-3.730765e-05,-4.84683e-06,1.2760066e-09,-1.6781433e-07,-5.828203e-06,1.8138728e-05
26.130000000001285,-3.730765e-05,-4.84683e-06,1.276007e-09,-1.678143e-07,-5.828203e-06,1.8138728e-05
26.140000000001287,-3.7307647e-05,-4.84683e-06,1.2760074e-09,-1.6781428e-07,-5.828203e-06,1.8138728e-05
26.150000000001288,-3.730765e-05,-4.84683e-06,1.2760065e-09,-1.6781435e-07,-5.828203e-06,1.8138728e-05
26.16000000000129,-3.7307647e-05,-4.84683e-06,1.2760075e-09,-1.6781426e-07,-5.828203e-06,1.8138728e-05
26.17000000000129,-3.730765e-05,-4.84683e-06,1.2760072e-09,-1.6781428e-07,-5.828203e-06,1.8138728e-05
26.180000000001293,-3.7307647e-05,-4.84683e-06,1.2760069e-09,-1.678143e-07,-5.828203e-06,1.8138728e-05
26.190000000001294,-3.7307647e-05,-4.84683e-06,1.2760071e-09,-1.6781429e-07,-5.828203e-06,1.8138728e-05
26.200000000001296,-3.730765e-05,-4.84683e-06,1.2760075e-09,-1.6781426e-07,-5.828203e-06,1.8138728e-05
26.210000000001298,-3.730765e-05,-4.84683e-06,1.2760075e-09,-1.6781426e-07,-5.828203e-06,1.8138728e-05
26.2200000000013,-3.730765e-05,-4.84683e-06,1.2760071e-09,-1.678143e-07,-5.828203e-06,1.8138728e-05
26.2300000000013,-3.730765e-05,-4.84683e-06,1.2760073e-09,-1.6781428e-07,-5.828203e-06,1.8138728e-05
26.240000000001302,-3.730765e-05,-4.84683e-06,1.2760074e-09,-1.6781428e-07,-5.828203e-06,1.8138728e-05
26.250000000001304,-3.730765e-05,-4.84683e-06,1.2760073e-09,-1.6781428e-07,-5.828203e-06,1.8138728e-05
26.260000000001305,-3.7307647e-05,-4.84683e-06,1.2760072e-09,-1.6781428e-07,-5.828203e-06,1.8138728e-05
26.270000000001307,-3.7307647e-05,-4.84683e-06,1.2760073e-09,-1.6781428e-07,-5.828203e-06,1.8138728e-05
26.28000000000131,-3.730765e-05,-4.84683e-06,1.2760077e-09,-1.6781425e-07,-5.828203e-06,1.8138728e-05
26.29000000000131,-3.730765e-05,-4.84683e-06,1.2760077e-09,-1.6781425e-07,-5.828203e-06,1.8138728e-05
26.30000000000131,-3.730765e-05,-4.84683e-06,1.2760075e-09,-1.6781426e-07,-5.828203e-06,1.8138728e-05
26.310000000001313,-3.730765e-05,-4.84683e-06,1.2760082e-09,-1.678142e-07,-5.828203e-06,1.8138728e-05
26.320000000001315,-3.730765e-05,-4.84683e-06,1.2760073e-09,-1.6781428e-07,-5.828203e-06,1.8138728e-05
26.330000000001316,-3.7307647e-05,-4.84683e-06,1.2760073e-09,-1.6781428e-07,-5.828203e-06,1.8138728e-05
26.340000000001318,-3.730765e-05,-4.84683e-06,1.2760077e-09,-1.6781425e-07,-5.828203e-06,1.8138728e-05
26.35000000000132,-3.730765e-05,-4.84683e-06,1.276007e-09,-1.678143e-07,-5.828203e-06,1.8138728e-05
26.36000000000132,-3.7307647e-05,-4.84683e-06,1.2760073e-09,-1.6781428e-07,-5.828203e-06,1.8138728e-05
26.370000000001323,-3.7307647e-05,-4.84683e-06,1.2760069e-09,-1.678143e-07,-5.828203e-06,1.8138728e-05
26.380000000001324,-3.730765e-05,-4.8468305e-06,1.2760076e-09,-1.6781428e-07,-5.828203e-06,1.8138728e-05
26.390000000001326,-3.7307647e-05,-4.84683e-06,1.276007e-09,-1.6781429e-07,-5.828203e-06,1.8138728e-05
26.400000000001327,-3.7307647e-05,-4.84683e-06,1.276007e-09,-1.6781429e-07,-5.828203e-06,1.8138728e-05
26.41000000000133,-3.7307647e-05,-4.84683e-06,1.2760072e-09,-1.6781428e-07,-5.828203e-06,1.8138728e-05
26.42000000000133,-3.7307647e-05,-4.8468296e-06,1.276007e-09,-1.6781429e-07,-5.828203e-06,1.8138728e-05
26.430000000001332,-3.730765e-05,-4.84683e-06,1.2760074e-09,-1.6781426e-07,-5.828203e-06,1.8138728e-05
26.440000000001334,-3.7307647e-05,-4.84683e-06,1.2760069e-09,-1.6781432e-07,-5.828203e-06,1.8138728e-05
26.450000000001335,-3.7307647e-05,-4.8468296e-06,1.2760066e-09,-1.6781432e-07,-5.828203e-06,1.8138728e-05
26.460000000001337,-3.730765e-05,-4.84683e-06,1.2760075e-09,-1.6781426e-07,-5.828203e-06,1.8138728e-05
26.47000000000134,-3.7307647e-05,-4.8468296e-06,1.2760059e-09,-1.6781438e-07,-5.828203e-06,1.8138728e-05
26.48000000000134,-3.730765e-05,-4.84683e-06,1.2760074e-09,-1.6781426e-07,-5.828203e-06,1.8138728e-05
26.49000000000134,-3.7307647e-05,-4.8468296e-06,1.2760067e-09,-1.6781432e-07,-5.828203e-06,1.8138728e-05
26.500000000001343,-3.7307647e-05,-4.84683e-06,1.2760079e-09,-1.6781424e-07,-5.828203e-06,1.8138728e-05
26.510000000001344,-3.730765e-05,-4.84683e-06,1.2760077e-09,-1.6781425e-07,-5.828203e-06,1.8138728e-05
26.520000000001346,-3.7307647e-05,-4.84683e-06,1.2760072e-09,-1.6781428e-07,-5.828203e-06,1.8138728e-05
26.530000000001348,-3.7307647e-05,-4.8468296e-06,1.2760066e-09,-1.6781432e-07,-5.828203e-06,1.8138728e-05
26.54000000000135,-3.7307647e-05,-4.84683e-06,1.2760072e-09,-1.6781429e-07,-5.828203e-06,1.8138728e-05
26.55000000000135,-3.730765e-05,-4.84683e-06,1.2760066e-09,-1.6781433e-07,-5.828203e-06,1.8138728e-05
26.560000000001352,-3.7307647e-05,-4.8468296e-06,1.2760066e-09,-1.6781432e-07,-5.828203e-06,1.8138728e-05
26.570000000001354,-3.7307647e-05,-4.8468296e-06,1.2760067e-09,-1.6781432e-07,-5.828203e-06,1.8138728e-05
26.580000000001355,-3.7307647e-05,-4.84683e-06,1.276008e-09,-1.6781424e-07,-5.828203e-06,1.8138728e-05
26.590000000001357,-3.7307647e-05,-4.8468296e-06,1.2760063e-09,-1.6781435e-07,-5.828203e-06,1.8138728e-05
26.60000000000136,-3.7307647e-05,-4.84683e-06,1.2760063e-09,-1.6781436e-07,-5.828203e-06,1.8138728e-05
26.61000000000136,-3.7307647e-05,-4.8468296e-06,1.276006e-09,-1.6781438e-07,-5.828203e-06,1.8138728e-05
26.62000000000136,-3.7307647e-05,-4.84683e-06,1.2760079e-09,-1.6781422e-07,-5.828203e-06,1.8138728e-05
26.630000000001363,-3.7307647e-05,-4.8468296e-06,1.2760065e-09,-1.6781433e-07,-5.828203e-06,1.8138728e-05
26.640000000001365,-3.7307647e-05,-4.84683e-06,1.2760077e-09,-1.6781424e-07,-5.828203e-06,1.8138728e-05
26.650000000001366,-3.7307647e-05,-4.84683e-06,1.276007e-09,-1.6781429e-07,-5.828203e-06,1.8138728e-05
26.660000000001368,-3.7307647e-05,-4.84683e-06,1.276007e-09,-1.6781429e-07,-5.828203e-06,1.8138728e-05
26.67000000000137,-3.7307647e-05,-4.8468296e-06,1.2760073e-09,-1.6781426e-07,-5.828203e-06,1.8138728e-05
26.68000000000137,-3.7307647e-05,-4.84683e-06,1.2760072e-09,-1.6781428e-07,-5.828203e-06,1.8138728e-05
26.690000000001373,-3.7307647e-05,-4.84683e-06,1.276007e-09,-1.6781429e-07,-5.828203e-06,1.8138728e-05
26.700000000001374,-3.7307647e-05,-4.8468296e-06,1.2760067e-09,-1.678143e-07,-5.828203e-06,1.8138728e-05
26.710000000001376,-3.730765e-05,-4.8468296e-06,1.2760066e-09,-1.6781432e-07,-5.828203e-06,1.8138728e-05
26.720000000001377,-3.7307647e-05,-4.8468296e-06,1.276007e-09,-1.6781429e-07,-5.828203e-06,1.8138728e-05
26.73000000000138,-3.7307647e-05,-4.84683e-06,1.276007e-09,-1.6781429e-07,-5.828203e-06,1.8138728e-05
26.74000000000138,-3.7307647e-05,-4.84683e-06,1.2760069e-09,-1.678143e-07,-5.828203e-06,1.8138728e-05
26.750000000001382,-3.7307647e-05,-4.8468296e-06,1.2760069e-09,-1.678143e-07,-5.828203e-06,1.8138728e-05
26.760000000001384,-3.7307647e-05,-4.8468296e-06,1.2760066e-09,-1.6781433e-07,-5.828203e-06,1.8138728e-05
26.770000000001385,-3.7307647e-05,-4.84683e-06,1.2760072e-09,-1.6781428e-07,-5.828203e-06,1.8138728e-05
26.780000000001387,-3.7307647e-05,-4.8468296e-06,1.276007e-09,-1.6781429e-07,-5.828203e-06,1.8138728e-05
26.79000000000139,-3.7307647e-05,-4.84683e-06,1.2760072e-09,-1.6781428e-07,-5.828203e-06,1.8138728e-05
26.80000000000139,-3.7307647e-05,-4.84683e-06,1.2760071e-09,-1.678143e-07,-5.828203e-06,1.8138728e-05
26.81000000000139,-3.7307647e-05,-4.8468296e-06,1.2760069e-09,-1.6781429e-07,-5.828203e-06,1.8138728e-05
26.820000000001393,-3.7307647e-05,-4.84683e-06,1.2760067e-09,-1.6781432e-07,-5.828203e-06,1.8138728e-05
26.830000000001395,-3.7307647e-05,-4.8468296e-06,1.276006e-09,-1.6781438e-07,-5.828203e-06,1.8138728e-05
26.840000000001396,-3.7307647e-05,-4.84683e-06,1.2760081e-09,-1.678142e-07,-5.828203e-06,1.8138728e-05
26.850000000001398,-3.7307647e-05,-4.84683e-06,1.2760073e-09,-1.6781426e-07,-5.828203e-06,1.8138728e-05
26.8600000000014,-3.7307647e-05,-4.8468296e-06,1.2760066e-09,-1.6781432e-07,-5.828203e-06,1.8138728e-05
26.8700000000014,-3.730765e-05,-4.84683e-06,1.276007e-09,-1.678143e-07,-5.828203e-06,1.8138728e-05
26.880000000001402,-3.7307647e-05,-4.84683e-06,1.2760069e-09,-1.678143e-07,-5.828203e-06,1.8138728e-05
26.890000000001404,-3.730765e-05,-4.84683e-06,1.276007e-09,-1.678143e-07,-5.828203e-06,1.8138728e-05
26.900000000001405,-3.7307647e-05,-4.8468296e-06,1.2760063e-09,-1.6781435e-07,-5.828203e-06,1.8138728e-05
26.910000000001407,-3.7307647e-05,-4.8468296e-06,1.2760064e-09,-1.6781433e-07,-5.828203e-06,1.8138728e-05
26.92000000000141,-3.7307647e-05,-4.8468296e-06,1.2760063e-09,-1.6781435e-07,-5.828203e-06,1.8138728e-05
26.93000000000141,-3.730765e-05,-4.84683e-06,1.2760069e-09,-1.678143e-07,-5.828203e-06,1.8138728e-05
26.94000000000141,-3.7307647e-05,-4.84683e-06,1.2760069e-09,-1.678143e-07,-5.828203e-06,1.8138728e-05
26.950000000001413,-3.7307647e-05,-4.8468296e-06,1.2760071e-09,-1.6781428e-07,-5.828203e-06,1.8138728e-05
26.960000000001415,-3.7307647e-05,-4.8468296e-06,1.2760069e-09,-1.678143e-07,-5.828203e-06,1.8138728e-05
26.970000000001416,-3.7307647e-05,-4.8468296e-06,1.2760059e-09,-1.6781439e-07,-5.828203e-06,1.8138728e-05
26.980000000001418,-3.7307647e-05,-4.8468296e-06,1.2760069e-09,-1.6781429e-07,-5.828203e-06,1.8138728e-05
26.99000000000142,-3.7307647e-05,-4.8468296e-06,1.2760065e-09,-1.6781433e-07,-5.828203e-06,1.8138728e-05
27.00000000000142,-3.730765e-05,-4.84683e-06,1.2760073e-09,-1.6781428e-07,-5.828203e-06,1.8138728e-05
27.010000000001423,-3.7307647e-05,-4.8468296e-06,1.2760056e-09,-1.6781439e-07,-5.828203e-06,1.8138728e-05
27.020000000001424,-3.7307647e-05,-4.84683e-06,1.2760073e-09,-1.6781426e-07,-5.828203e-06,1.8138728e-05
27.030000000001426,-3.7307647e-05,-4.84683e-06,1.2760072e-09,-1.6781428e-07,-5.828203e-06,1.8138728e-05
27.040000000001427,-3.7307647e-05,-4.84683e-06,1.2760066e-09,-1.6781433e-07,-5.828203e-06,1.8138728e-05
27.05000000000143,-3.730765e-05,-4.84683e-06,1.2760072e-09,-1.6781428e-07,-5.828203e-06,1.8138728e-05
27.06000000000143,-3.730765e-05,-4.84683e-06,1.2760067e-09,-1.6781432e-07,-5.828203e-06,1.8138728e-05
27.070000000001432,-3.730765e-05,-4.8468296e-06,1.2760072e-09,-1.6781428e-07,-5.828203e-06,1.8138728e-05
27.080000000001434,-3.7307647e-05,-4.84683e-06,1.2760073e-09,-1.6781426e-07,-5.828203e-06,1.8138728e-05
27.090000000001435,-3.7307647e-05,-4.84683e-06,1.2760076e-09,-1.6781424e-07,-5.828203e-06,1.8138728e-05
27.100000000001437,-3.7307647e-05,-4.8468296e-06,1.2760066e-09,-1.6781432e-07,-5.828203e-06,1.8138728e-05
27.11000000000144,-3.7307647e-05,-4.84683e-06,1.2760072e-09,-1.6781428e-07,-5.828203e-06,1.8138728e-05
27.12000000000144,-3.7307647e-05,-4.84683e-06,1.2760067e-09,-1.6781432e-07,-5.828203e-06,1.8138728e-05
27.13000000000144,-3.730765e-05,-4.84683e-06,1.2760075e-09,-1.6781426e-07,-5.828203e-06,1.8138728e-05
27.140000000001443,-3.7307647e-05,-4.84683e-06,1.2760072e-09,-1.6781429e-07,-5.828203e-06,1.8138728e-05
27.150000000001445,-3.7307647e-05,-4.8468296e-06,1.2760067e-09,-1.678143e-07,-5.828203e-06,1.8138728e-05
27.160000000001446,-3.7307647e-05,-4.8468296e-06,1.2760065e-09,-1.6781433e-07,-5.828203e-06,1.8138728e-05
27.170000000001448,-3.7307647e-05,-4.84683e-06,1.2760067e-09,-1.6781432e-07,-5.828203e-06,1.8138728e-05
27.18000000000145,-3.7307647e-05,-4.84683e-06,1.2760071e-09,-1.6781429e-07,-5.828203e-06,1.8138728e-05
27.19000000000145,-3.7307647e-05,-4.8468296e-06,1.2760061e-09,-1.6781436e-07,-5.828203e-06,1.8138728e-05
27.200000000001452,-3.730765e-05,-4.84683e-06,1.2760073e-09,-1.6781428e-07,-5.828203e-06,1.8138728e-05
27.210000000001454,-3.7307647e-05,-4.84683e-06,1.2760067e-09,-1.6781432e-07,-5.828203e-06,1.8138728e-05
27.220000000001455,-3.7307647e-05,-4.84683e-06,1.276008e-09,-1.678142e-07,-5.828203e-06,1.8138728e-05
27.230000000001457,-3.7307647e-05,-4.8468296e-06,1.2760059e-09,-1.6781438e-07,-5.828203e-06,1.8138728e-05
27.24000000000146,-3.7307647e-05,-4.8468296e-06,1.2760062e-09,-1.6781436e-07,-5.828203e-06,1.8138728e-05
27.25000000000146,-3.7307647e-05,-4.84683e-06,1.2760071e-09,-1.678143e-07,-5.828203e-06,1.8138728e-05
27.26000000000146,-3.7307647e-05,-4.8468296e-06,1.2760064e-09,-1.6781435e-07,-5.828203e-06,1.8138728e-05
27.270000000001463,-3.7307647e-05,-4.8468296e-06,1.2760061e-09,-1.6781436e-07,-5.828203e-06,1.8138728e-05
27.280000000001465,-3.7307647e-05,-4.8468296e-06,1.2760066e-09,-1.6781432e-07,-5.828203e-06,1.8138728e-05
27.290000000001466,-3.7307647e-05,-4.84683e-06,1.2760071e-09,-1.6781429e-07,-5.828203e-06,1.8138728e-05
27.300000000001468,-3.730765e-05,-4.84683e-06,1.2760073e-09,-1.6781428e-07,-5.828203e-06,1.8138728e-05
27.31000000000147,-3.730765e-05,-4.84683e-06,1.2760073e-09,-1.6781429e-07,-5.828203e-06,1.8138728e-05
27.32000000000147,-3.7307647e-05,-4.8468296e-06,1.2760065e-09,-1.6781432e-07,-5.828203e-06,1.8138728e-05
27.330000000001473,-3.7307647e-05,-4.8468296e-06,1.276007e-09,-1.6781428e-07,-5.828203e-06,1.8138728e-05
27.340000000001474,-3.7307647e-05,-4.8468296e-06,1.2760072e-09,-1.6781426e-07,-5.828203e-06,1.8138728e-05
27.350000000001476,-3.7307647e-05,-4.8468296e-06,1.2760061e-09,-1.6781436e-07,-5.828203e-06,1.8138728e-05
27.360000000001477,-3.730765e-05,-4.84683e-06,1.276007e-09,-1.6781429e-07,-5.828203e-06,1.8138728e-05
27.37000000000148,-3.7307647e-05,-4.84683e-06,1.2760071e-09,-1.6781429e-07,-5.828203e-06,1.8138728e-05
27.38000000000148,-3.730765e-05,-4.8468296e-06,1.2760062e-09,-1.6781435e-07,-5.828203e-06,1.8138728e-05
27.390000000001482,-3.730765e-05,-4.8468305e-06,1.2760081e-09,-1.6781422e-07,-5.828203e-06,1.8138728e-05
27.400000000001484,-3.730765e-05,-4.84683e-06,1.2760073e-09,-1.6781428e-07,-5.828203e-06,1.8138728e-05
27.410000000001485,-3.7307647e-05,-4.84683e-06,1.2760067e-09,-1.6781432e-07,-5.828203e-06,1.8138728e-05
27.420000000001487,-3.7307647e-05,-4.8468296e-06,1.2760061e-09,-1.6781436e-07,-5.828203e-06,1.8138728e-05
27.43000000000149,-3.7307647e-05,-4.84683e-06,1.2760075e-09,-1.6781425e-07,-5.828203e-06,1.8138728e-05
27.44000000000149,-3.7307647e-05,-4.8468296e-06,1.276006e-09,-1.6781438e-07,-5.828203e-06,1.8138728e-05
27.45000000000149,-3.7307647e-05,-4.8468296e-06,1.2760064e-09,-1.6781432e-07,-5.828203e-06,1.8138728e-05
27.460000000001493,-3.7307647e-05,-4.84683e-06,1.2760076e-09,-1.6781424e-07,-5.828203e-06,1.8138728e-05
27.470000000001495,-3.7307647e-05,-4.8468296e-06,1.2760066e-09,-1.678143e-07,-5.828203e-06,1.8138728e-05
27.480000000001496,-3.7307647e-05,-4.8468296e-06,1.2760061e-09,-1.6781436e-07,-5.828203e-06,1.8138728e-05
27.490000000001498,-3.730765e-05,-4.8468296e-06,1.2760065e-09,-1.6781433e-07,-5.828203e-06,1.8138728e-05
27.5000000000015,-3.7307647e-05,-4.8468296e-06,1.2760066e-09,-1.6781432e-07,-5.828203e-06,1.8138728e-05
27.5100000000015,-3.7307647e-05,-4.84683e-06,1.2760081e-09,-1.678142e-07,-5.828203e-06,1.8138728e-05
27.520000000001502,-3.7307647e-05,-4.84683e-06,1.2760074e-09,-1.6781425e-07,-5.828203e-06,1.8138728e-05
27.530000000001504,-3.730765e-05,-4.84683e-06,1.2760075e-09,-1.6781425e-07,-5.828203e-06,1.8138728e-05
27.540000000001505,-3.730765e-05,-4.84683e-06,1.276007e-09,-1.678143e-07,-5.828203e-06,1.8138728e-05
27.550000000001507,-3.7307647e-05,-4.8468296e-06,1.2760071e-09,-1.6781429e-07,-5.828203e-06,1.8138728e-05
27.56000000000151,-3.7307647e-05,-4.84683e-06,1.2760077e-09,-1.6781425e-07,-5.828203e-06,1.8138728e-05
27.57000000000151,-3.7307647e-05,-4.8468296e-06,1.2760071e-09,-1.6781429e-07,-5.828203e-06,1.8138728e-05
27.58000000000151,-3.7307647e-05,-4.8468296e-06,1.2760064e-09,-1.6781433e-07,-5.828203e-06,1.8138728e-05
27.590000000001513,-3.7307647e-05,-4.8468296e-06,1.2760067e-09,-1.678143e-07,-5.828203e-06,1.8138728e-05
27.600000000001515,-3.730765e-05,-4.84683e-06,1.2760067e-09,-1.6781433e-07,-5.828203e-06,1.8138728e-05
27.610000000001516,-3.7307647e-05,-4.8468296e-06,1.2760067e-09,-1.6781432e-07,-5.828203e-06,1.8138728e-05
27.620000000001518,-3.7307647e-05,-4.84683e-06,1.2760071e-09,-1.6781429e-07,-5.828203e-06,1.8138728e-05
27.63000000000152,-3.7307647e-05,-4.84683e-06,1.2760069e-09,-1.678143e-07,-5.828203e-06,1.8138728e-05
27.64000000000152,-3.7307647e-05,-4.84683e-06,1.2760076e-09,-1.6781425e-07,-5.828203e-06,1.8138728e-05
27.650000000001523,-3.730765e-05,-4.84683e-06,1.2760069e-09,-1.678143e-07,-5.828203e-06,1.8138728e-05
27.660000000001524,-3.7307647e-05,-4.8468296e-06,1.2760064e-09,-1.6781433e-07,-5.828203e-06,1.8138728e-05
27.670000000001526,-3.7307647e-05,-4.84683e-06,1.2760072e-09,-1.6781429e-07,-5.828203e-06,1.8138728e-05
27.680000000001527,-3.730765e-05,-4.84683e-06,1.2760072e-09,-1.6781428e-07,-5.828203e-06,1.8138728e-05
27.69000000000153,-3.7307647e-05,-4.84683e-06,1.2760074e-09,-1.6781425e-07,-5.828203e-06,1.8138728e-05
27.70000000000153,-3.7307647e-05,-4.84683e-06,1.276007e-09,-1.6781429e-07,-5.828203e-06,1.8138728e-05
27.710000000001532,-3.7307647e-05,-4.84683e-06,1.276007e-09,-1.6781429e-07,-5.828203e-06,1.8138728e-05
27.720000000001534,-3.730765e-05,-4.8468296e-06,1.2760071e-09,-1.6781428e-07,-5.828203e-06,1.8138728e-05
27.730000000001535,-3.7307647e-05,-4.84683e-06,1.2760071e-09,-1.6781429e-07,-5.828203e-06,1.8138728e-05
27.740000000001537,-3.730765e-05,-4.84683e-06,1.276007e-09,-1.678143e-07,-5.828203e-06,1.8138728e-05
27.75000000000154,-3.7307647e-05,-4.84683e-06,1.2760071e-09,-1.6781429e-07,-5.828203e-06,1.8138728e-05
27.76000000000154,-3.7307647e-05,-4.8468296e-06,1.2760062e-09,-1.6781435e-07,-5.828203e-06,1.8138728e-05
27.77000000000154,-3.7307647e-05,-4.84683e-06,1.2760077e-09,-1.6781425e-07,-5.828203e-06,1.8138728e-05
27.780000000001543,-3.7307647e-05,-4.8468296e-06,1.2760067e-09,-1.678143e-07,-5.828203e-06,1.8138728e-05
27.790000000001545,-3.7307647e-05,-4.8468296e-06,1.276006e-09,-1.6781436e-07,-5.828203e-06,1.8138728e-05
27.800000000001546,-3.730765e-05,-4.84683e-06,1.2760073e-09,-1.6781428e-07,-5.828203e-06,1.8138728e-05
27.810000000001548,-3.7307647e-05,-4.84683e-06,1.2760072e-09,-1.6781428e-07,-5.828203e-06,1.8138728e-05
27.82000000000155,-3.7307647e-05,-4.8468296e-06,1.2760065e-09,-1.6781432e-07,-5.828203e-06,1.8138728e-05
27.83000000000155,-3.7307647e-05,-4.84683e-06,1.2760071e-09,-1.6781429e-07,-5.828203e-06,1.8138728e-05
27.840000000001552,-3.7307647e-05,-4.8468296e-06,1.276006e-09,-1.6781438e-07,-5.828203e-06,1.8138728e-05
27.850000000001554,-3.7307647e-05,-4.8468296e-06,1.2760067e-09,-1.678143e-07,-5.828203e-06,1.8138728e-05
27.860000000001556,-3.7307647e-05,-4.8468296e-06,1.2760062e-09,-1.6781436e-07,-5.828203e-06,1.8138728e-05
27.870000000001557,-3.7307647e-05,-4.8468296e-06,1.2760064e-09,-1.6781433e-07,-5.828203e-06,1.8138728e-05
27.88000000000156,-3.7307647e-05,-4.8468296e-06,1.2760061e-09,-1.6781436e-07,-5.828203e-06,1.8138728e-05
27.89000000000156,-3.7307647e-05,-4.8468296e-06,1.2760067e-09,-1.678143e-07,-5.828203e-06,1.8138728e-05
27.90000000000156,-3.7307647e-05,-4.8468296e-06,1.2760067e-09,-1.678143e-07,-5.828203e-06,1.8138728e-05
27.910000000001563,-3.730765e-05,-4.84683e-06,1.2760077e-09,-1.6781425e-07,-5.828203e-06,1.8138728e-05
27.920000000001565,-3.7307647e-05,-4.8468296e-06,1.2760064e-09,-1.6781433e-07,-5.828203e-06,1.8138728e-05
27.930000000001566,-3.7307647e-05,-4.8468296e-06,1.2760072e-09,-1.6781428e-07,-5.828203e-06,1.8138728e-05
27.940000000001568,-3.7307647e-05,-4.84683e-06,1.2760069e-09,-1.6781432e-07,-5.828203e-06,1.8138728e-05
27.95000000000157,-3.7307647e-05,-4.84683e-06,1.2760071e-09,-1.6781429e-07,-5.828203e-06,1.8138728e-05
27.96000000000157,-3.7307647e-05,-4.84683e-06,1.2760075e-09,-1.6781426e-07,-5.828203e-06,1.8138728e-05
27.970000000001573,-3.7307647e-05,-4.8468296e-06,1.2760066e-09,-1.6781432e-07,-5.828203e-06,1.8138728e-05
27.980000000001574,-3.7307647e-05,-4.8468296e-06,1.2760064e-09,-1.6781435e-07,-5.828203e-06,1.8138728e-05
27.990000000001576,-3.7307647e-05,-4.8468296e-06,1.2760069e-09,-1.678143e-07,-5.828203e-06,1.8138728e-05
28.000000000001577,-3.7307647e-05,-4.8468296e-06,1.2760066e-09,-1.6781433e-07,-5.828203e-06,1.8138728e-05
28.01000000000158,-3.730765e-05,-4.84683e-06,1.276007e-09,-1.678143e-07,-5.828203e-06,1.8138728e-05
28.02000000000158,-3.7307647e-05,-4.84683e-06,1.2760067e-09,-1.6781432e-07,-5.828203e-06,1.8138728e-05
28.030000000001582,-3.7307647e-05,-4.8468296e-06,1.2760069e-09,-1.678143e-07,-5.828203e-06,1.8138728e-05
28.040000000001584,-3.730765e-05,-4.8468296e-06,1.2760065e-09,-1.6781433e-07,-5.828203e-06,1.8138728e-05
28.050000000001585,-3.7307647e-05,-4.8468296e-06,1.2760062e-09,-1.6781435e-07,-5.828203e-06,1.8138728e-05
28.060000000001587,-3.7307647e-05,-4.84683e-06,1.2760072e-09,-1.6781428e-07,-5.828203e-06,1.8138728e-05
28.07000000000159,-3.7307647e-05,-4.8468296e-06,1.2760055e-09,-1.6781442e-07,-5.828203e-06,1.8138728e-05
28.08000000000159,-3.7307647e-05,-4.84683e-06,1.2760069e-09,-1.678143e-07,-5.828203e-06,1.8138728e-05
28.09000000000159,-3.730765e-05,-4.84683e-06,1.2760073e-09,-1.6781428e-07,-5.828203e-06,1.8138728e-05
28.100000000001593,-3.7307647e-05,-4.84683e-06,1.2760067e-09,-1.6781432e-07,-5.828203e-06,1.8138728e-05
28.110000000001595,-3.7307647e-05,-4.8468296e-06,1.2760067e-09,-1.6781432e-07,-5.828203e-06,1.8138728e-05
28.120000000001596,-3.730765e-05,-4.84683e-06,1.2760072e-09,-1.6781429e-07,-5.828203e-06,1.8138728e-05
28.130000000001598,-3.730765e-05,-4.84683e-06,1.2760067e-09,-1.6781432e-07,-5.828203e-06,1.8138728e-05
28.1400000000016,-3.7307647e-05,-4.8468296e-06,1.2760061e-09,-1.6781436e-07,-5.828203e-06,1.8138728e-05
28.1500000000016,-3.7307647e-05,-4.8468296e-06,1.2760069e-09,-1.6781429e-07,-5.828203e-06,1.8138728e-05
28.160000000001602,-3.7307647e-05,-4.8468296e-06,1.2760064e-09,-1.6781433e-07,-5.828203e-06,1.8138728e-05
28.170000000001604,-3.7307647e-05,-4.8468296e-06,1.2760064e-09,-1.6781433e-07,-5.828203e-06,1.8138728e-05
28.180000000001606,-3.7307647e-05,-4.8468296e-06,1.2760063e-09,-1.6781435e-07,-5.828203e-06,1.8138728e-05
28.190000000001607,-3.7307647e-05,-4.84683e-06,1.2760066e-09,-1.6781433e-07,-5.828203e-06,1.8138728e-05
28.20000000000161,-3.7307647e-05,-4.8468296e-06,1.2760069e-09,-1.678143e-07,-5.828203e-06,1.8138728e-05
28.21000000000161,-3.7307647e-05,-4.84683e-06,1.2760076e-09,-1.6781425e-07,-5.828203e-06,1.8138728e-05
28.220000000001612,-3.730765e-05,-4.8468296e-06,1.2760064e-09,-1.6781435e-07,-5.828203e-06,1.8138728e-05
28.230000000001613,-3.7307647e-05,-4.8468296e-06,1.276007e-09,-1.6781429e-07,-5.828203e-06,1.8138728e-05
28.240000000001615,-3.730765e-05,-4.84683e-06,1.2760071e-09,-1.6781429e-07,-5.828203e-06,1.8138728e-05
28.250000000001616,-3.7307647e-05,-4.8468296e-06,1.2760065e-09,-1.6781433e-07,-5.828203e-06,1.8138728e-05
28.260000000001618,-3.7307647e-05,-4.8468296e-06,1.2760071e-09,-1.6781428e-07,-5.828203e-06,1.8138728e-05
28.27000000000162,-3.7307647e-05,-4.8468296e-06,1.2760065e-09,-1.6781432e-07,-5.828203e-06,1.8138728e-05
28.28000000000162,-3.7307647e-05,-4.8468296e-06,1.2760067e-09,-1.678143e-07,-5.828203e-06,1.8138728e-05
28.290000000001623,-3.7307647e-05,-4.8468296e-06,1.2760063e-09,-1.6781435e-07,-5.828203e-06,1.8138728e-05
28.300000000001624,-3.7307647e-05,-4.8468296e-06,1.2760064e-09,-1.6781433e-07,-5.828203e-06,1.8138728e-05
28.310000000001626,-3.7307647e-05,-4.8468296e-06,1.2760069e-09,-1.678143e-07,-5.828203e-06,1.8138728e-05
28.320000000001627,-3.7307647e-05,-4.8468296e-06,1.276007e-09,-1.6781429e-07,-5.828203e-06,1.8138728e-05
28.33000000000163,-3.7307647e-05,-4.8468296e-06,1.2760065e-09,-1.6781433e-07,-5.828203e-06,1.8138728e-05
28.34000000000163,-3.7307647e-05,-4.84683e-06,1.2760076e-09,-1.6781425e-07,-5.828203e-06,1.8138728e-05
28.350000000001632,-3.7307647e-05,-4.8468296e-06,1.2760064e-09,-1.6781433e-07,-5.828203e-06,1.8138728e-05
28.360000000001634,-3.730765e-05,-4.84683e-06,1.2760067e-09,-1.6781432e-07,-5.828203e-06,1.8138728e-05
28.370000000001635,-3.7307647e-05,-4.84683e-06,1.2760067e-09,-1.6781432e-07,-5.828203e-06,1.8138728e-05
28.380000000001637,-3.7307647e-05,-4.84683e-06,1.2760073e-09,-1.6781428e-07,-5.828203e-06,1.8138728e-05
28.39000000000164,-3.7307647e-05,-4.8468296e-06,1.2760067e-09,-1.6781432e-07,-5.828203e-06,1.8138728e-05
28.40000000000164,-3.7307647e-05,-4.84683e-06,1.2760071e-09,-1.6781428e-07,-5.828203e-06,1.8138728e-05
28.41000000000164,-3.7307647e-05,-4.8468296e-06,1.2760065e-09,-1.6781433e-07,-5.828203e-06,1.8138728e-05
28.420000000001643,-3.7307647e-05,-4.8468296e-06,1.2760067e-09,-1.678143e-07,-5.828203e-06,1.8138728e-05
28.430000000001645,-3.7307647e-05,-4.8468296e-06,1.2760063e-09,-1.6781435e-07,-5.828203e-06,1.8138728e-05
28.440000000001646,-3.730765e-05,-4.84683e-06,1.2760065e-09,-1.6781435e-07,-5.828203e-06,1.8138728e-05
28.450000000001648,-3.7307647e-05,-4.8468296e-06,1.2760064e-09,-1.6781433e-07,-5.828203e-06,1.8138728e-05
28.46000000000165,-3.7307647e-05,-4.84683e-06,1.276007e-09,-1.678143e-07,-5.828203e-06,1.8138728e-05
28.47000000000165,-3.7307647e-05,-4.84683e-06,1.2760074e-09,-1.6781425e-07,-5.828203e-06,1.8138728e-05
28.480000000001652,-3.730765e-05,-4.84683e-06,1.2760064e-09,-1.6781435e-07,-5.828203e-06,1.8138728e-05
28.490000000001654,-3.730765e-05,-4.84683e-06,1.2760071e-09,-1.6781429e-07,-5.828203e-06,1.8138728e-05
28.500000000001656,-3.7307647e-05,-4.84683e-06,1.2760069e-09,-1.678143e-07,-5.828203e-06,1.8138728e-05
28.510000000001657,-3.7307647e-05,-4.8468296e-06,1.2760064e-09,-1.6781435e-07,-5.828203e-06,1.8138728e-05
28.52000000000166,-3.7307647e-05,-4.84683e-06,1.2760073e-09,-1.6781428e-07,-5.828203e-06,1.8138728e-05
28.53000000000166,-3.7307647e-05,-4.8468296e-06,1.2760069e-09,-1.6781429e-07,-5.828203e-06,1.8138728e-05
28.540000000001662,-3.7307647e-05,-4.8468296e-06,1.2760064e-09,-1.6781433e-07,-5.828203e-06,1.8138728e-05
28.550000000001663,-3.7307647e-05,-4.8468296e-06,1.2760065e-09,-1.6781433e-07,-5.828203e-06,1.8138728e-05
28.560000000001665,-3.730765e-05,-4.8468296e-06,1.2760062e-09,-1.6781436e-07,-5.828203e-06,1.8138728e-05
28.570000000001667,-3.7307647e-05,-4.8468296e-06,1.2760065e-09,-1.6781433e-07,-5.828203e-06,1.8138728e-05
28.580000000001668,-3.7307647e-05,-4.8468296e-06,1.2760061e-09,-1.6781438e-07,-5.828203e-06,1.8138728e-05
28.59000000000167,-3.7307647e-05,-4.84683e-06,1.2760071e-09,-1.6781429e-07,-5.828203e-06,1.8138728e-05
28.60000000000167,-3.7307647e-05,-4.8468296e-06,1.2760062e-09,-1.6781436e-07,-5.828203e-06,1.8138728e-05
28.610000000001673,-3.7307647e-05,-4.8468296e-06,1.276007e-09,-1.6781429e-07,-5.828203e-06,1.8138728e-05
28.620000000001674,-3.7307647e-05,-4.8468296e-06,1.2760064e-09,-1.6781432e-07,-5.828203e-06,1.8138728e-05
28.630000000001676,-3.7307647e-05,-4.8468296e-06,1.2760066e-09,-1.6781432e-07,-5.828203e-06,1.8138728e-05
28.640000000001677,-3.7307647e-05,-4.8468296e-06,1.2760065e-09,-1.6781433e-07,-5.828203e-06,1.8138728e-05
28.65000000000168,-3.7307647e-05,-4.84683e-06,1.276007e-09,-1.6781429e-07,-5.828203e-06,1.8138728e-05
28.66000000000168,-3.730765e-05,-4.84683e-06,1.2760074e-09,-1.6781426e-07,-5.828203e-06,1.8138728e-05
28.670000000001682,-3.7307647e-05,-4.84683e-06,1.2760063e-09,-1.6781436e-07,-5.828203e-06,1.8138728e-05
28.680000000001684,-3.7307647e-05,-4.8468296e-06,1.276006e-09,-1.6781436e-07,-5.828203e-06,1.8138728e-05
28.690000000001685,-3.7307647e-05,-4.84683e-06,1.276007e-09,-1.678143e-07,-5.828203e-06,1.8138728e-05
28.700000000001687,-3.7307647e-05,-4.84683e-06,1.276008e-09,-1.6781422e-07,-5.828203e-06,1.8138728e-05
28.71000000000169,-3.7307647e-05,-4.84683e-06,1.2760069e-09,-1.678143e-07,-5.828203e-06,1.8138728e-05
28.72000000000169,-3.7307647e-05,-4.84683e-06,1.2760072e-09,-1.6781428e-07,-5.828203e-06,1.8138728e-05
28.73000000000169,-3.7307647e-05,-4.84683e-06,1.276007e-09,-1.678143e-07,-5.828203e-06,1.8138728e-05
28.740000000001693,-3.7307647e-05,-4.8468296e-06,1.2760065e-09,-1.6781433e-07,-5.828203e-06,1.8138728e-05
28.750000000001695,-3.7307647e-05,-4.8468296e-06,1.2760071e-09,-1.6781429e-07,-5.828203e-06,1.8138728e-05
28.760000000001696,-3.7307647e-05,-4.8468296e-06,1.2760064e-09,-1.6781433e-07,-5.828203e-06,1.8138728e-05
28.770000000001698,-3.730765e-05,-4.84683e-06,1.2760081e-09,-1.678142e-07,-5.828203e-06,1.8138728e-05
28.7800000000017,-3.7307647e-05,-4.84683e-06,1.2760064e-09,-1.6781435e-07,-5.828203e-06,1.8138728e-05
28.7900000000017,-3.730765e-05,-4.84683e-06,1.2760066e-09,-1.6781433e-07,-5.828203e-06,1.8138728e-05
28.800000000001702,-3.730765e-05,-4.84683e-06,1.2760071e-09,-1.6781428e-07,-5.828203e-06,1.8138728e-05
28.810000000001704,-3.7307647e-05,-4.8468296e-06,1.2760071e-09,-1.6781428e-07,-5.828203e-06,1.8138728e-05
28.820000000001706,-3.730765e-05,-4.84683e-06,1.2760072e-09,-1.6781429e-07,-5.828203e-06,1.8138728e-05
28.830000000001707,-3.7307647e-05,-4.8468296e-06,1.2760066e-09,-1.6781432e-07,-5.828203e-06,1.8138728e-05
28.84000000000171,-3.7307647e-05,-4.8468296e-06,1.2760071e-09,-1.6781429e-07,-5.828203e-06,1.8138728e-05
28.85000000000171,-3.7307647e-05,-4.8468296e-06,1.2760062e-09,-1.6781436e-07,-5.828203e-06,1.8138728e-05
28.860000000001712,-3.7307647e-05,-4.8468296e-06,1.2760061e-09,-1.6781436e-07,-5.828203e-06,1.8138728e-05
28.870000000001713,-3.7307647e-05,-4.84683e-06,1.2760077e-09,-1.6781425e-07,-5.828203e-06,1.8138728e-05
28.880000000001715,-3.7307647e-05,-4.8468296e-06,1.2760062e-09,-1.6781436e-07,-5.828203e-06,1.8138728e-05
28.890000000001717,-3.7307647e-05,-4.84683e-06,1.2760073e-09,-1.6781428e-07,-5.828203e-06,1.8138728e-05
28.900000000001718,-3.7307647e-05,-4.8468296e-06,1.2760055e-09,-1.678144e-07,-5.828203e-06,1.8138728e-05
28.91000000000172,-3.7307647e-05,-4.8468296e-06,1.2760066e-09,-1.6781432e-07,-5.828203e-06,1.8138728e-05
28.92000000000172,-3.7307647e-05,-4.8468296e-06,1.2760062e-09,-1.6781435e-07,-5.828203e-06,1.8138728e-05
28.930000000001723,-3.7307647e-05,-4.8468296e-06,1.2760065e-09,-1.6781432e-07,-5.828203e-06,1.8138728e-05
28.940000000001724,-3.7307647e-05,-4.8468296e-06,1.2760064e-09,-1.6781433e-07,-5.828203e-06,1.8138728e-05
28.950000000001726,-3.7307647e-05,-4.84683e-06,1.2760067e-09,-1.6781432e-07,-5.828203e-06,1.8138728e-05
28.960000000001727,-3.7307647e-05,-4.8468296e-06,1.2760064e-09,-1.6781435e-07,-5.828203e-06,1.8138728e-05
28.97000000000173,-3.7307647e-05,-4.8468296e-06,1.2760061e-09,-1.6781436e-07,-5.828203e-06,1.8138728e-05
28.98000000000173,-3.7307647e-05,-4.84683e-06,1.2760072e-09,-1.6781428e-07,-5.828203e-06,1.8138728e-05
28.990000000001732,-3.730765e-05,-4.8468296e-06,1.276006e-09,-1.6781436e-07,-5.828203e-06,1.8138728e-05
29.000000000001734,-3.730765e-05,-4.84683e-06,1.2760082e-09,-1.678142e-07,-5.828203e-06,1.8138728e-05
29.010000000001735,-3.7307647e-05,-4.84683e-06,1.2760067e-09,-1.6781432e-07,-5.828203e-06,1.8138728e-05
29.020000000001737,-3.7307647e-05,-4.84683e-06,1.276007e-09,-1.6781429e-07,-5.828203e-06,1.8138728e-05
29.03000000000174,-3.7307647e-05,-4.84683e-06,1.2760072e-09,-1.6781428e-07,-5.828203e-06,1.8138728e-05
29.04000000000174,-3.7307647e-05,-4.84683e-06,1.2760067e-09,-1.6781432e-07,-5.828203e-06,1.8138728e-05
29.05000000000174,-3.7307647e-05,-4.84683e-06,1.2760071e-09,-1.6781429e-07,-5.828203e-06,1.8138728e-05
29.060000000001743,-3.730765e-05,-4.84683e-06,1.276007e-09,-1.6781429e-07,-5.828203e-06,1.8138728e-05
29.070000000001745,-3.7307647e-05,-4.8468296e-06,1.2760069e-09,-1.678143e-07,-5.828203e-06,1.8138728e-05
29.080000000001746,-3.7307647e-05,-4.84683e-06,1.2760065e-09,-1.6781433e-07,-5.828203e-06,1.8138728e-05
29.090000000001748,-3.730765e-05,-4.84683e-06,1.276007e-09,-1.678143e-07,-5.828203e-06,1.8138728e-05
29.10000000000175,-3.7307647e-05,-4.8468296e-06,1.2760064e-09,-1.6781435e-07,-5.828203e-06,1.8138728e-05
29.11000000000175,-3.730765e-05,-4.84683e-06,1.2760077e-09,-1.6781424e-07,-5.828203e-06,1.8138728e-05
29.120000000001752,-3.7307647e-05,-4.8468296e-06,1.2760065e-09,-1.6781433e-07,-5.828203e-06,1.8138728e-05
29.130000000001754,-3.7307647e-05,-4.8468296e-06,1.2760067e-09,-1.678143e-07,-5.828203e-06,1.8138728e-05
29.140000000001756,-3.730765e-05,-4.84683e-06,1.2760077e-09,-1.6781424e-07,-5.828203e-06,1.8138728e-05
29.150000000001757,-3.730765e-05,-4.84683e-06,1.2760072e-09,-1.6781429e-07,-5.828203e-06,1.8138728e-05
