# vtk DataFile Version 2.0
whisker_body, Created by Gmsh 4.13.1 
ASCII
DATASET UNSTRUCTURED_GRID
POINTS 715 double
-9.380831519646884 -1.49999999999992 0
9.380831519646883 -1.499999999999922 0
-6.657245195943498 -1.500000000000127 34
6.657245195943497 -1.500000000000126 34
12 0 0
9.380831519646888 1.499999999999912 0
0 9.5 0
-9.380831519646886 1.499999999999914 0
4.916846385784335 0 90
6.657245195943555 1.499999999999998 34
0 6.824141967962971 34
-6.657245195943556 1.499999999999996 34
-8.038537166172308 -5.062797668094835 0
-5.405152974387317 -7.812446564519462 0
-1.903633457046841 -9.307318607483676 0
1.903633457046822 -9.307318607483682 0
5.405152974387304 -7.81244656451947 0
8.038537166172301 -5.062797668094844 0
-5.628498911788131 -1.5 0
-1.876166303929377 -1.5 0
1.876166303929375 -1.5 0
5.62849891178813 -1.5 0
-6.961682362896779 -1.5 30.22236895066332
-7.265532824648064 -1.5 26.44468955787443
-7.568867093209445 -1.5 22.66696925148798
-7.871744910678744 -1.5 18.88921173630777
-8.174216902520154 -1.5 15.11142241922002
-8.476326687115975 -1.5 11.33360242558662
-8.778111386838054 -1.5 7.555758274334082
-9.079603631237891 -1.5 3.777889620164231
-4.940319607809404 -4.707669887705325 34
-1.819133006660069 -6.577208275780343 34
1.819133006660065 -6.577208275780344 34
4.940319607809414 -4.707669887705316 34
9.079603631237891 -1.5 3.777889620164231
8.778111386838058 -1.5 7.555758274334039
8.476326687115979 -1.5 11.33360242558656
8.174216902520154 -1.5 15.11142241922002
7.871744910678748 -1.5 18.88921173630771
7.568867093209445 -1.5 22.66696925148798
7.265532824648064 -1.5 26.44468955787443
6.961682362896779 -1.5 30.22236895066332
-3.32862259797175 -1.5 34
0 -1.5 34
3.328622597971748 -1.5 34
11.34980690040761 3.896393630456207 0
9.469686112756717 7.370552552276022 0
6.563377897469113 10.04599773915035 0
2.945825845689581 11.63280319127197 0
-0.9909521456679979 11.95901391608004 0
-4.820345095835646 10.98927991986068 0
-8.127378859508902 8.82868692807757 0
-10.55368501447787 5.71136871644487 0
-11.83633564083267 1.975135083368787 0
-11.83633564083267 -1.975135083368821 0
-10.55368501447786 -5.711368716444897 0
-8.12737885950888 -8.828686928077589 0
-4.820345095835619 -10.9892799198607 0
-0.9909521456679715 -11.95901391608004 0
2.945825845689616 -11.63280319127196 0
6.563377897469155 -10.04599773915032 0
9.469686112756747 -7.370552552275983 0
11.34980690040762 -3.896393630456205 0
8.283559167353857 4.651091003296739 0
6.164414002969012 7.228416147400448 0
3.284817087730742 8.914032572307111 0
5.628498911788133 1.5 0
1.876166303929379 1.5 0
-1.876166303929375 1.5 0
-5.62849891178813 1.5 0
-3.284817087730742 8.914032572307111 0
-6.164414002969012 7.22841614740045 0
-8.283559167353854 4.651091003296747 0
3.476735421440674 3.476735421440667 90
1.012690292828946e-14 4.916846385784335 90
-3.476735421440661 3.47673542144068 90
-4.916846385784335 1.588676900374471e-14 90
-3.476735421440683 -3.476735421440658 90
-1.400432058674011e-14 -4.916846385784335 90
3.476735421440664 -3.476735421440678 90
11.69203679938193 0 3.91304347826087
11.38407359876386 0 7.826086956521739
11.07611039814578 0 11.73913043478261
10.76814719752771 0 15.65217391304348
10.46018399690964 0 19.56521739130435
10.15222079629157 0 23.47826086956522
9.844257595673493 0 27.39130434782609
9.536294395055421 0 31.30434782608696
9.228331194437349 0 35.21739130434783
8.920367993819276 0 39.1304347826087
8.612404793201204 0 43.04347826086957
8.304441592583132 0 46.95652173913044
7.996478391965059 0 50.8695652173913
7.688515191346986 0 54.78260869565218
7.380551990728914 0 58.69565217391305
7.072588790110841 0 62.60869565217391
6.764625589492769 0 66.52173913043478
6.456662388874697 0 70.43478260869566
6.148699188256625 0 74.34782608695652
5.840735987638553 0 78.26086956521739
5.532772787020479 0 82.17391304347827
5.224809586402407 0 86.08695652173914
6.961682362896783 1.5 30.2223689506633
7.265532824648067 1.5 26.44468955787437
7.568867093209445 1.5 22.66696925148798
7.871744910678748 1.5 18.88921173630771
8.174216902520154 1.5 15.11142241922002
8.476326687115979 1.5 11.33360242558656
8.778111386838054 1.5 7.555758274334082
9.079603631237891 1.5 3.777889620164231
5.343210976694532 4.244880452668201 34
2.966584463054677 6.145591120671479 34
0 9.202682440884775 3.777777777777778
0 8.905364881769549 7.555555555555555
0 8.608047322654324 11.33333333333333
0 8.310729763539099 15.11111111111111
0 8.013412204423872 18.88888888888889
0 7.716094645308647 22.66666666666666
0 7.418777086193423 26.44444444444445
0 7.121459527078197 30.22222222222222
-9.079603631237891 1.5 3.777889620164231
-8.778111386838058 1.5 7.555758274334039
-8.476326687115979 1.5 11.33360242558656
-8.174216902520154 1.5 15.11142241922002
-7.871744910678748 1.5 18.88921173630771
-7.568867093209445 1.5 22.66696925148798
-7.265532824648067 1.5 26.44468955787437
-6.961682362896783 1.5 30.2223689506633
3.328622597971778 1.5 34
0 1.5 34
-3.328622597971778 1.5 34
-2.966584463054673 6.145591120671481 34
-5.343210976694528 4.244880452668207 34
-6.093397323704264 -4.501438761889143 24.44953389535764
-6.791667313233067 -4.540811350531184 16.90173088252956
-9.33890691363711e-15 -9.2405587266128 3.296513936671635
7.123073973858804 -4.576299941145383 13.13255164328399
6.444378309733557 -4.522239310067638 20.6757943054539
-6.768869609648468 -5.602677762048296 9.062253452716259
-0.04115165992916074 -7.080148091445938 30.74561423283375
7.844058926918207 -4.52179736901779 5.666268504476183
5.397148210614239 -4.879426653242999 28.26048775745842
-6.301591363604593 -6.772074829468682 3.170678172822186
6.056706733934464 -4.551507718777501 24.44326374804061
3.845312505481068 -6.71881505100479 22.34543530043968
4.269023094577606 -6.809225282142011 18.59175601445614
0.9905390716717941 -7.850976192066268 20.16199646854186
1.426059253502925 -8.08358748366393 16.41117843685364
-0.4113783017710863 -7.634221582963929 23.56623183241955
-2.050055605934648 -7.832088872589061 17.84019565371478
-1.577033725651469 -8.237004914268683 14.14691732616897
1.867782350079086 -8.296923969188686 12.64825139644493
-1.120502214754263 -8.608572645020418 10.40397600253107
2.358181576784686 -8.477535274433208 8.901833961746982
-4.412875846125949 -7.352956825583683 11.74670324433855
-4.019580040049507 -7.901678036901887 8.064631437353114
3.444638742043802 -6.599796511503327 26.11566681256942
-6.954432184228765 -4.829792455569484 13.12480930369589
-6.520672185643323 -4.406700780558341 20.71008243836798
-3.852568754363079 -6.708910741156006 22.40875761955726
-3.320366763257765 -6.680059178827177 25.92370134474323
-5.43175273680103 -4.842678489987727 28.24524380729774
-3.632475416529094 -6.064402673618712 30.88779831909268
3.632475416529098 -6.064402673618711 30.88779831909268
6.792765406060171 -4.531041229601457 16.95907074503923
7.489907398153859 -4.540832410974448 9.416900091485541
4.649350436408314 -6.916141520237098 14.8200719570862
5.072713432717982 -6.980899517672069 11.06287932752187
5.567953646028201 -6.964687626606707 7.410501346276854
6.323453481352796 -6.719756511941267 3.466272157353001
-3.504638723571003 -8.534393690673866 3.481987461302273
-0.4764659506301201 -8.955990042603789 6.751374858826877
0.03173309878780069 -7.356689439857074 27.23247317667205
3.099673744269159 -8.52208569551593 5.485368745247435
-4.504060171510037 -6.965776472912731 15.3097705059599
-7.883069623921761 -4.411833614742998 5.925376673739928
-4.434549393889843 -6.68976095311019 18.7277949019816
3.500153320140774 -8.619404012044912 2.503539053468772
5.682854342693749 -4.161650603805964 31.20983621131325
-5.768931926514273 -4.038259017058678 31.23334212947778
8.323675807366191 -4.10855154373827 2.764305519705056
-8.346866632246938 -4.067894863438186 2.72723182318014
-6.224260694008441 -6.524118358939283 6.137623520296337
2.230161389244175 -6.896189975280414 28.6165188430947
-1.801570620327608 -7.660090631399346 20.72262166582414
-2.520831522640036 -6.796669093771367 28.60052636338749
0.2407897487050619 -1.5 3.135694879433955
5.053736710829096 -1.5 12.95935176742746
4.394472695373421 -1.5 20.7623040091551
-4.788042413125734 -1.5 17.16224960214106
-4.157718754705391 -1.5 24.29578843609572
3.904605597204654 -1.5 28.39110335662992
-5.355510030453855 -1.5 9.183327133527573
-1.662329535675571 -1.5 31.17062961401912
5.875921743317498 -1.5 5.542317822167121
-5.432026856043539 -1.5 3.929543574737214
-3.681579683751064 -1.5 28.24118465066374
-0.7920192425736392 -1.5 25.61492840293291
-1.084793200778623 -1.5 22.24663209141821
2.156424185321731 -1.5 23.68644698405755
5.393372809736778 -1.5 9.205496989538036
1.941536688223756 -1.5 10.81188516237256
1.703412934228767 -1.5 14.5927025140474
-1.487214378682665 -1.5 12.43171184110098
-1.183208204332805 -1.5 8.685780432928883
2.100279632461882 -1.5 6.610560383042636
4.74830253012553 -1.5 16.73810792065759
1.409325898440196 -1.5 18.27806566755989
-4.53157192058209 -1.5 20.75023530756664
1.668867146025741 -1.5 31.28736413369223
-5.075239405914201 -1.5 13.19092334390379
-1.659337086008042 -1.5 15.81603561611704
3.698250629318688 -1.5 2.997844282872828
0.05347679711236708 -1.5 28.67319148811097
-3.630172619931617 -1.5 6.131070933447754
-1.574094625905058 -1.5 19.23599489089804
-4.458291875247743 -1.5 31.52683664306924
4.504204580008498 -1.5 31.5801672881971
4.851716037211691 -1.5 24.55629174754928
6.467847435710183 -1.5 2.69849261259326
1.426853241117136 -1.5 21.07112241363562
-0.9628618544599359 -1.5 5.656034077064079
-2.711292345091981 -1.5 2.751450380872899
-6.260489519362165 -1.5 6.487943195195831
1.966336053894143 -1.5 26.24965718253586
-1.100771817799214 -4.105045013882177 34
1.698971175064208 -3.744704102025415 34
4.204497543648224 -9.699641525606356 0
-7.504665215717504 2.081668171172169e-14 0
-10.01360283557782 3.459398700777601 0
-9.952347335282427 -3.562325366977118 0
-8.28225926107741 6.60489069880491 0
7.504665215717479 -8.243157549326965e-15 0
-3.752332607858754 -3.262696235633113e-16 0
8.640724239821758e-16 5.551115123125782e-16 0
3.752332607858756 1.530906045494314e-15 0
-5.599238761511074 8.990103891911453 0
5.737058024102882 3.289607522377274 68.44488239326789
8.779767898056775 -3.308091448964711 33.26086956521739
7.45050413474929 3.307315383273355 48.89874196794786
8.85740023723625 3.852741056111006 29.7446519980025
5.392052753219706 -3.274245444183336 72.31963636715948
9.736421556488555 -3.387338960590102 21.48835596708263
-11.09527489538306 -3.809012682760156 3.419408766471422
-6.416186870288167 9.82070510030146 3.419408766471416
10.07101483726868 3.364977050983049 17.5560939688033
-2.879762434608147 -11.37192468062311 3.419408766471418
-4.829772077328837 1.806306535911613 86.95497449032479
5.034317199358052 3.267205454209434 76.21713287399251
4.677600194425128 -3.245052061620394 80.13796914691699
4.712243512000815 10.74283313214683 3.419408766471414
6.272477427413467 -3.606975247317707 60.53714669248701
6.429303840877686 3.313197179827051 60.57317065820325
8.111539840237693 3.335203565040566 41.03541898028838
6.968218782574655 -3.632334663928228 52.62767376273138
7.46170826491776 -4.064295046874787 44.512395708514
10.39206144515601 -3.372058214114344 13.65330112395854
7.94511337650492 -8.630693833987381 3.419408766471494
-11.0947272974733 3.836149732572195 3.313668910090439
10.71886229875082 3.360370264401352 9.742374045709338
-2.048561343193576 -4.743631474561535 86.82056970940558
4.344278849665381 3.197809113264323 83.93305939119954
9.97556918242214 6.182949141544467 3.350570481507561
11.04046708034911 -3.362429988012162 5.830404183151199
6.088984370403175 3.295834611060496 64.49992465939702
7.77974593057135 3.330406456502844 44.9465869410723
9.086075975578847 -3.364995447079913 29.36190813501666
9.406995687228001 -3.383948231482536 25.44883481025506
7.550913724998646 -6.331974418263803 27.26178898862109
7.90644125558153 -6.383733795248497 23.35548818591726
5.182163321694786 -8.5799952550898 25.11344413135492
5.597544594563025 -8.683047646604416 21.20772516454012
2.242588435997033 -9.951433943217337 22.85856232869498
1.7932168750127 -9.730294827125114 26.75732274223581
5.667359082161207 6.086140352667537 46.80644403776719
-1.34485795020331 -9.987962252728655 24.42009695564525
-1.809953296203814 -9.603297365942824 28.304699571984
-0.8772207943204224 -10.34690563095652 20.53291087657542
-4.369001364600765 -9.29242252311125 22.00376512838059
-3.943394480590541 -9.81046342369986 18.12741370275167
-7.020546413927658 -7.759812094904648 19.51220147820108
-7.306219502013191 -7.06077940860076 23.37325806115505
-9.201834248516501 -4.76646807328043 20.79931999742873
-9.275631927988966 -3.897241823543225 24.63599198638821
-0.4264316544843584 -10.68210141179069 16.63738196231683
-9.081744704254616 -5.592761140158211 16.95394404555468
-10.36274392919952 -2.086868482644627 18.15990664192581
5.288133683712989 6.014354634209854 50.71622339840308
-3.515438248926221 -10.29542365988556 14.24283010563977
0.03580667581310416 -10.99718720420198 12.74120401465571
-10.44668471418671 -3.010883173155276 14.33361864480327
-10.75729888856474 0.7505679609898167 15.45771113746538
-10.34644323887285 1.694652200259627 19.25868103076981
-9.748949424280795 4.41766685685066 16.47781877733473
-8.98315294642665 5.253240839111985 20.24835438070669
-7.510312378150229 7.524692719809532 17.39023373750962
-6.416118974990917 8.1051395041997 21.12654651270903
-4.299101867033909 9.65427743930347 18.19244426804437
-2.967604474010363 9.839388074961517 21.89062403243543
-5.231751795892792 8.574275408781061 24.84859915182696
-1.658721793572629 9.848912085359093 25.56979244218856
-3.965432509115113 8.909966801840378 28.55660420207562
-0.519523365955618 10.50105784069535 18.88267448824817
-1.925460939452648 10.6299254496279 15.21055859094861
-7.117449825830522 6.760106026022074 27.74823507495323
2.557337068010201 7.772290557081171 48.50968900957493
4.016236970038958 5.846016879970947 62.35344560836528
-6.066104995594355 7.339651416115983 31.48622305032884
2.993922600225894 7.943496932542607 44.61178788801602
-0.590532673118761 8.339123280479333 46.2505047429712
-1.029974451961011 7.991667494328387 50.09082932515599
-2.62909267355524 9.089292141132438 32.2497469540775
-4.891536713328425 7.826339561053024 35.20594615014797
-4.041739211061684 7.189496589435784 47.67752147985205
-4.405922587724445 6.609524322083735 51.54370056432236
-7.651104664266728 5.280008097683328 34.35602481420075
-6.687706349432097 4.643446262166948 49.02456001669646
-6.859265849049608 3.796670972601162 52.85891502357926
-7.970488585207549 1.105517034769358 50.23027438938214
-7.745427515768044 0.1673372053794042 54.03650360726719
-8.094158760186454 2.037765969858509 46.41920077036549
-8.080968244942273 -1.70791658104261 47.52779989956596
-8.522456630312291 -0.7754542879591543 43.73903843552423
-7.271979268163538 -4.359076260782795 44.74619925028097
-6.387215076410807 -5.115571619610936 48.496400044259
-8.019469849507423 -3.561147811453709 40.98254551855855
-5.71283194570586 -6.565155015219879 41.89564186261399
-6.92888155250194 2.969067451961133 56.69228988586061
-7.410121024608873 -0.7542738334998871 57.83342495836684
-6.754534966638037 -5.942827090095055 38.16031479545887
-3.621611053401415 -8.164964818920145 38.98114736042616
1.960084712505909 10.57414494424589 15.8284117251293
-8.510706030211736 6.852222981867641 13.64204427363619
-6.941952174576159 2.048978665564502 60.50662257030517
-6.949149244016779 -1.687753918998436 61.61026567809878
-6.843743811786134 1.143418450204691 64.31112499590286
-6.349080976046708 -2.586333015748264 65.36515433896993
-6.639668506625989 0.1630148467610739 68.08404631801444
-6.004628028889975 -4.274129931601147 58.82382805839382
-2.292462747626977 -8.331933145183614 42.67307317433539
0.1787609109361734 -8.876119939677444 39.66978974336538
-1.239589293597379 9.08838462973015 35.92640564492351
-5.598546743681068 -3.423450242455369 69.09257217474584
-6.299778679149264 -0.7654530527379425 71.83946622625569
-5.743552721673004 2.901578064559692 70.71167996438879
-5.795922323915246 2.02048489772586 74.48374027706026
-5.812257604839655 -1.691260739635827 75.55971434059821
-3.947764265277147 -5.518911660162103 66.25630015467573
-1.48642671854003 7.608490886957747 53.97178307983535
1.241489918172138 9.329423909429963 32.88790793765767
2.97838304637508 10.0368961381546 19.44707729913761
0.5543274498791797 11.0274332476186 12.18071506068634
1.426116091274449 -9.48014734923041 30.66243657643137
2.629729096809062 8.739002521653134 36.51640426593683
4.085127667262024 10.21279618748902 12.71228419535408
-6.761623374686644 5.941540316388386 38.10347224394128
-11.08190298870476 -0.182879604554799 11.64635636930187
-5.740282854323821 1.093259639114992 78.22621518048926
-5.089643538798875 -2.698911323948358 79.27459286079456
-3.651694230039096 -4.738952298796609 76.45721529349376
-3.700907170454628 5.02045911712913 73.22427433969816
-3.33677121715883 5.621499669370843 69.41114730788915
-5.38705246211268 4.523902611844068 63.09099892950202
3.183522556835247 -10.33576974516408 15.05760036255002
3.634030877422156 -10.51210840696558 11.14935346647441
4.439474672419344 5.920898242502562 58.44341534589734
-2.715300395597348 -5.901790876791675 69.92910673728721
-0.3154996822449921 -6.721535644752709 66.97521667987743
-8.551783582975649 -3.019205060460492 37.24059666123854
-7.684060671576609 -5.224128951779119 34.41178844159818
1.122524338803703 7.183476516595413 60.09205063064812
-1.668613958495019 -6.814472427171657 63.3303948097947
-10.49296048730645 -3.838174127088558 10.50924165932275
-0.338263488615179 6.339997640865979 71.80257156684348
-2.436154986482094 -5.150460171762965 80.08020320593621
1.58028623306206 -8.444641793458558 43.31249499534211
3.94300153376902 -7.905626416205539 40.22307326445394
-9.841872780698452 2.625053549211062 23.04982257622499
-3.159128450393546 10.63563835130203 11.50033454560699
-0.8131200018284832 11.30123979498423 8.507390129083273
4.899320839176703 7.988855516449576 33.39816092027791
3.104033021763064 9.133255073614691 29.90641919513828
-9.206533302694382 -1.739186871144769 33.4253693183853
-7.568356538334655 -6.31539332549488 27.22697042100626
-0.9074391305732907 -8.302959157925207 46.34715939814797
-2.602909370757125 -9.098687441059875 32.22699367768529
-3.049548640147967 -10.75863729122988 10.38748313942295
2.937871031856741 -7.769289319292333 46.93419107300491
0.5038634849415732 -8.049004740826918 50.00196365152291
0.1408518085860063 6.650278550908017 67.95570544808071
-3.625130469305028 7.745528639120318 43.81241965926785
6.42694203538152 -8.862010059885106 13.37731381147772
-6.331274048244182 -9.084091490138954 11.7818531781551
-5.955947342103237 -9.694337020950229 7.906277342423951
6.808832392008235 -8.956110814956272 9.524221344962033
4.079835925756753 -10.67734276643254 7.23930752918646
2.81861903938258 -8.670120272916202 36.6348384847588
2.142039494132787 -6.629985527219136 63.94490080400504
0.7675463388322329 -7.232483949702892 60.06098724633562
-0.8193240466151066 5.991167853779231 75.64090340838996
-0.4117704806903422 -5.908855366657331 77.21324896041148
0.2224495980944708 8.890598671754343 39.47333494053945
3.293992186126578 -5.818654479098794 67.51646908124043
6.023625218276776 -6.796270243378162 37.08326297676403
6.350780268000312 6.513367411151187 36.88544467464598
-8.124447453336174 2.961467829681194 42.5992544573977
-11.34238542842658 -1.283176335869144 7.436455953746788
-10.98851922855789 2.63103448073541 8.905645943246812
-5.549667440804051 0.1382299295367655 81.93737576401719
-4.311642546030135 3.647890275542089 80.71266861695759
7.572673094880991 5.487144033981144 33.6499543938907
-9.314764043253437 -2.895097113170392 28.53429272201222
4.39689969548044 -8.265883503996253 33.51183410802997
-8.681439813689137 2.643215100083171 37.16679815519872
6.671474379942704 -5.741999387850348 40.63161097278817
4.244720205082992 -6.826486230637579 50.33477521937828
1.901395503243638 -7.543008188236319 53.63335049424656
-1.97031111158251 -7.576154935736169 53.00812290871411
-4.633232417768356 10.39926646180161 7.818020915049741
-2.261778075804668 11.39753917599006 4.831015338183206
-8.033273341981996 8.169766968154105 6.890750260957127
5.338154947683271 -4.423837208759334 64.38257316566126
6.051279401974893 6.15143151297126 42.83375657918902
0.6519964256807487 6.933487161043182 63.98749139863787
-2.89709158451717 6.19126444026295 65.62041850669935
4.682616503385164 3.241742464607464 80.10953470894087
1.818346950998169 5.253941720491844 81.83174162730283
1.781199247136382 4.911500547166046 86.09075869829869
3.597693082517984 5.75397787413807 66.24840933137769
3.150884453734489 5.656259347540758 70.20598300814117
5.039819681490084 -3.257890743433243 76.22279286888316
2.725380784967744 -5.537308837823447 74.05597586774437
-1.225811623514073 -9.083719784290283 36.00867498935347
4.311926756871684 -3.226424224017219 84.04647073102491
1.839776090342905 -5.244670087148436 81.85339790298103
1.556049849290358 -4.950488254238967 86.53840496064984
5.396056651713369 3.268232003454397 72.31575742415995
6.01953464517217 -8.772150063287938 17.29488053241293
2.71857886808337 -10.1466305822747 19.0019701301118
6.764599967932933 -3.331247855321547 56.66510220072092
4.436814442662794 -5.922143443596041 58.45102694242512
7.446139003479983 -3.325095127173709 48.85752401595235
-8.116084264475104 6.029341659222764 24.00738456364615
6.790728272138417 3.274783410313461 56.68096710215682
8.462432770897781 3.286313054610408 37.12575414505533
9.39776789672495 3.413828478668735 25.43003018338232
7.601969221018515 6.282548912960115 27.16501997056179
7.972686576336702 6.309597949419674 23.28618138256856
5.276471470253448 8.538063529712284 24.94334897623737
-10.41625156889964 3.53213465021814 12.72106489321503
10.06889490935509 -3.357608153794548 17.61128985909322
10.41091572605908 3.312840113526369 13.65541883261309
8.70544104427753 6.365524220414755 15.44488544561728
10.69913565583681 -3.413961113443894 9.776008027706981
9.03466500840403 -7.002729899405196 7.232255454949335
-6.69769057823574 -8.430205955580384 15.66725639039978
8.66864493614696 -6.403580686289121 15.53525441793082
8.291548499665943 -6.390103455105761 19.4633720318546
-4.689958589296364 -4.163416978334695 72.78947910056398
-0.5761132977689438 -7.517718689296841 56.67270578913804
-2.915486480623784 -6.698875139469703 59.64522633980376
-4.778207271289561 -8.743111950717507 25.87494953354827
-5.169768091310711 -8.159224736695803 29.74314065228716
0.5614942471891705 -11.28545735479392 8.901751619330168
0.8692813805026673 -11.57231517450968 5.019989040526291
8.422940158616292 6.249397141722056 19.21012087812019
-1.714443403721027 5.16418390943838 83.33575773773921
-5.122356111458322 5.24491296880277 59.32173146192201
-2.435899250870937 6.713954608658117 61.72440523803905
-10.20576304935623 -1.149452955181685 21.97805877718496
-9.968303299211387 -0.201676191134023 25.78923457393445
-9.612630713653129 1.020258666361342 29.64836801858547
-8.929657763937895 -6.371670256317484 13.08966710495388
-5.622896735421481 3.694446983454855 66.9871848238008
0.8967075541473183 10.1868109306375 22.53824425788571
-6.545363923219611 5.328760989808952 45.231166342618
2.701536470483292 5.547735034442531 74.07020989775972
2.262950123099763 5.412344059987023 77.93503454904199
-1.273903757598039 5.597696986368625 79.53039150517945
5.022771701513651 -6.921560400897481 43.81134312212176
-8.476743674909414 4.491165514646027 30.58376724235862
5.582126502608448 9.145085286681041 16.33844474484437
-6.860746834364667 8.803428914111223 10.65920409602977
-4.233595433844196 -6.307872930318154 55.94693962508897
-5.363123574931353 -5.785414758004834 52.23698146349179
-7.519718764767625 -2.61712433943421 51.30600613177401
-6.832261407627856 -3.469340728138927 55.11132675057572
-4.057112407341269 4.336590567843997 77.01823573234451
-5.536150552941327 9.344210122355511 14.47125301917538
-4.562228201062018 -7.064833261038431 45.61701614115542
-3.301560161808129 -7.416019491353199 49.32883587665072
8.975708743119416 -6.513720749778602 11.5604663090245
-1.117933688836509 -6.111906879523294 73.52690849792874
-4.699980033934525 -7.931600188487845 35.32897270095286
4.879366123481772 5.959641713379806 54.60735890572756
-5.005998751567894 -4.995604854406536 62.61356516096322
2.998447140393022 10.87239389183767 9.170302685038761
6.50796671403417 9.170263481056855 9.594688501768154
8.186282475254798 -3.879310941081699 37.36979450495412
-0.3235146448773338 9.691234852145772 29.26705062188667
4.797095966921017 -8.445830191015219 29.05790743961033
7.119067605303325 3.294762226073451 52.80030865929959
-8.675287165413906 -7.196605108579013 9.253640554302637
-7.742058520660969 -8.59302529737861 5.510539166036398
-9.186688081273324 3.661738378810291 26.81557424447757
1.100042387611707 -6.341843777975377 70.69043358491497
2.086837592396343 7.593547180196826 52.41210634987458
1.606421804349353 7.398249671235917 56.28027176242373
-4.795549842940446 5.939077473901887 55.48196149992799
9.038737381344843 6.433544505406157 11.50470214626611
9.400592318408185 6.433705080386024 7.733161821162278
7.244719431569405 8.984771620028839 5.822570077275518
9.748820336990221 3.353734859628141 21.47907175628078
-3.62478958464166 8.1696698940685 38.91012232261428
1.540500021039777 11.46445314925517 5.495559827149953
-8.842023578970874 0.4572335230166886 39.97578127822785
-1.998339938068026 7.180489443710565 57.77035469861757
-4.752938292131502 -2.00876708549139 86.91048027155162
-4.10147526973879 -3.553162790289106 83.52404605595675
3.947677137994472 7.912047242195919 40.12354876832498
-9.294400922535175 7.165396162569666 3.357093495720715
4.644756120182949 -10.77729677694288 3.359749051448044
-11.73666604211394 0.04718123912198326 3.344770207887464
-2.27298204729897 4.632619592181382 86.90796362713705
-9.41337861179421 6.101478153415587 9.938399338437
7.232129535698575 -6.239778383820063 31.10623388153031
-10.3669382141895 -4.87214961448436 6.92808462120563
2.153152200464065 9.711651061876871 26.07982084150912
-9.179124684644595 1.929900242685439 33.29266429752583
-7.673313434327894 -5.729821719484467 30.7926620713651
-5.818827935285195 6.495960021975843 41.66334363076692
11.06464513983536 3.19976310502633 6.12409724306738
4.860146972324698 -5.98040887210113 54.55724201229516
-6.271747834573086 -9.931781555107724 3.223811818358188
10.23355556339068 -5.767975609078225 3.212942893686346
5.581858067471797 -3.5534713777072 68.39787519697697
6.652719175388081 6.918581345595632 30.51776450636682
-10.16684212483131 5.34784247187739 6.511132635023921
5.887643376624935 8.501867132423703 21.07356798281587
-2.361039981994888 -11.208180722256 6.935530613733611
5.571979903709661 -6.144548062006375 47.0800071805589
-0.1199888978792369 8.620261481464849 42.9330392994846
-1.248216236601962 -5.266992294931934 83.69731680429739
6.856194920878869 8.552302252528467 13.19840727466469
-4.44047913601703 3.053763267708804 83.99835697016759
7.986503012631817 8.675654964229826 2.642914598289324
2.939785349201109 -5.069909534545536 78.00881133032128
4.233457725950793 -5.754071137178761 61.70598756823853
8.270020483131454 -2.929456267057911 40.99609849465815
1.120265297857841 -9.266701820275355 33.87256313991864
7.197143841774801 -5.892446260254165 34.28639564263743
6.77567691639953 -9.295308150806621 6.31855038594098
4.342260446346416 2.767525058717667 87.04746988164331
9.053770051270975 2.468852166349826 33.23501269054103
-9.318091619717748 -7.251343515659619 2.450379157635769
-11.38333918131618 1.872752021732372 5.891099806351037
0.6623349574869111 11.78731789882556 2.466125797406038
4.610440194158348 10.51912688134352 6.542055794922907
6.70369088323769 5.798985202755506 39.84866144805699
4.326193519401213 -2.783957517392799 87.10678197913089
-6.066236464778987 -7.232620018903248 32.53029537701391
11.42788698796132 -2.83397060423707 2.871108874984216
3.913456983956866 -5.129810035590852 70.49225880561119
11.4373054853514 2.803594414356152 2.847310718600158
2.441845181897473 -7.139440849489949 56.60008092157037
-9.158456676324015 -0.02978448019281038 36.10461585863784
-5.325233542321421 -0.03636705359639645 84.80937135411946
-7.994456634204898 3.838600765632665 39.79241694258891
3.73578272488267 9.509218738335113 22.65875434688255
0.9884260609080567 -11.7922509505184 2.114269734405977
-2.225478702374507 8.450194276066046 41.44335405424324
5.483922261779384 8.137308949038669 27.79220456455376
-2.905933249478464 11.47527089139346 2.0648206165667
-4.721642158968192 -10.55881208340582 5.508966381038663
7.521892224694137 4.497176038811411 9.35484109339713
6.791667313233589 4.54081135053034 16.90173088253
2.770127867641174 8.619556283314981 5.670165011769162
6.093397323693374 4.501438761904923 24.44953389534981
4.39041530911816 5.48972424114502 31.39162905495867
7.162428857075636 5.889139176889022 2.888543694217754
3.003179285829393 7.914262031958309 13.15211947903784
3.035648037469686 7.260735380546192 20.71390906457545
5.769464446939116 4.446391787896413 28.15654505145204
3.059743195715386 6.589988727934287 28.38983754427623
2.86686728143879 8.281745549886464 9.352824070315583
6.44435518347162 4.522302920164218 20.67557056825966
7.202464231488329 4.452256848356138 13.11951217972507
2.911064588453006 7.631462176772752 16.92677413916892
3.204221146481761 6.860419136241855 24.49991213218921
4.688358616047764 8.009285391870502 2.787862731507141
8.022121315426665 4.163652668968627 5.866759046460665
5.780595806224622 6.853301816516163 6.789451559429635
5.474407158139596 6.672655763839365 11.04220152259544
5.340098952297802 6.392277099615843 14.87467728778103
6.065191146564054 3.52945304935574 31.54471384667367
5.14431830874948 6.165962625074652 18.67637568925235
2.123292955212034 6.681422046913846 31.62968317647056
2.292031623721004 9.012795957498053 2.545408153336402
8.54827241328505 3.682069597327965 2.445233493472315
4.925132285406521 5.962379786015449 22.44561048629057
-0.0002657903364884362 1.5 3.346955191583756
5.053629064593925 1.5 12.96007618021318
-4.466797181681407 1.5 20.40481375633541
-4.557977602631158 1.5 13.27058585547235
4.157669929050121 1.5 24.29575476952199
-3.904605597020083 1.5 28.39110335667483
1.662329535675584 1.5 31.17062961401909
5.875655952981005 1.5 5.54229672891833
-5.875921743317498 1.5 5.542317822167118
3.68157470154136 1.5 28.24118121529904
0.7920102749616085 1.5 25.61492221936594
1.177871490910579 1.5 22.11771780758938
-1.954735746413265 1.5 23.35907100831908
5.39304477997168 1.5 9.205593116212071
1.71479807068728 1.5 10.92727605720436
1.67650620475392 1.5 14.77942454373781
-5.31161796975902 1.5 9.256934076508141
-2.031784874702007 1.5 6.820781394868557
4.758228324234961 1.5 16.76943277209468
1.491216557700227 1.5 18.41241464691938
-1.905968089855728 1.5 16.74379228750366
-1.920536298724022 1.5 10.70464137825826
2.097096454313129 1.5 6.867128607564629
4.488385259460338 1.5 20.52246996047084
-1.668867145994989 1.5 31.28736413369969
-5.395340937473438 1.5 16.88396521096783
3.564485120363738 1.5 3.056124800332882
-3.556804857434965 1.5 3.050609786112964
-1.13168259386792 1.5 20.20756190133339
-0.0534774023037663 1.5 28.67319107081623
4.458290878805812 1.5 31.52683595599628
-4.504204579965441 1.5 31.58016728820756
-4.840715700533252 1.5 24.49805482334679
-0.992494222549503 1.5 13.41066596368853
6.705815027203531 1.5 2.475262229883089
-6.704332132685074 1.5 2.474163445688863
-0.0007487975328661634 1.5 8.753142825934791
-1.992304834261752 1.5 26.10726849570457
-7.52189222469365 4.497176038812261 9.354841093396917
-6.79166731323354 4.540811350530413 16.90173088253001
-3.227782256567654 8.463041088301354 5.620155329466535
-6.093397323693338 4.501438761904968 24.44953389534982
-4.390415309118155 5.489724241145023 31.39162905495868
-7.162428857075634 5.889139176889027 2.888543694217748
-3.219854089173735 7.826882678673888 13.17244293111587
-3.210034678456396 7.184450020375356 20.72423673868586
-5.769464446947992 4.446391787885196 28.15654505144973
-3.059743195725696 6.589988727930293 28.38983754426709
-3.222307273724375 8.146614517130901 9.393169399123401
-6.444355183471601 4.522302920164242 20.67557056825967
-7.203731658265589 4.450237362824838 13.11930184208205
-3.215279870356317 7.50651159754305 16.9483772073714
-3.204300300712025 6.860386846018526 24.499858253952
-4.688358616047323 8.009285391869751 2.787862731518226
-8.019723307284215 4.166552893863688 5.876817441542661
-5.99885038523848 6.66425654813281 6.778477496645146
-5.622394445786053 6.548748245114155 11.03929093754971
-5.354020037343076 6.379286594046967 14.88767157880974
-6.065635148852673 3.517852244017642 31.61387984435209
-5.119734262946396 6.186882512537387 18.67155908529219
-2.133010222361322 6.683448419357708 31.56768260971964
-2.490227623098281 8.964336851740482 2.493043158265246
-8.52821401081683 3.710657280866207 2.534811734487354
-4.935137076174444 5.952279920001543 22.46342769807326
0.5473750369420712 1.321480237890017 90
-0.7398602367303317 -1.78618061777492 90
2.201188615676791 -0.935382126248411 90
-2.217890441286627 0.8950603523447548 90
0.9519960843319225 4.162070983981486 34
-1.706861964648773 3.766390443485434 34
3.147603530513227 4.013135639330291 34
-0.04123888049093088 -2.442490654175344e-15 42.47771337843912
-0.0005069723267210335 0.008118495483439681 50.4904597965374
-0.0411092020758419 0.03366536379807261 57.92347515413982
0.04491620662196283 -0.01673884518965219 64.92220195612103
0.001566519454523352 -0.0001661559988508365 71.54257671142167
0.02062042858453328 0.0007138264306330288 77.42270447551525
1.953233356146565 2.664019004186995 38.70055435457467
-0.1118424626145538 -0.2258885152324934 85.05560150746881
-3.139974972287056 2.457628207422016 39.01280659821911
1.664311298985874 -2.005626935567863 38.35679354077975
3.120368482905292 1.500115338364449 46.53759390558574
-2.94169204986845 1.944552444526704 46.71627032302204
-3.247862362199249 -2.501558304509787 38.85992809940772
-1.283199950745682 -3.097185282062465 46.49364566051268
2.766221677556998 1.562121453215725 54.21689427241827
-1.19103290332107 -2.913540959863368 54.21066070513074
-2.659719364652148 1.726290896945911 54.18669127818773
0.7078282458497118 2.84530183920266 61.43459228440105
-1.242304526333177 -2.673095954455708 61.41881948599782
2.876871312841006 -2.690912043111815 48.25346529942838
-0.03942821088898496 -4.489657157173339 41.76208551710703
4.342131433762051 1.169421200021402 42.21467440369289
-4.16931789346991 -1.578269863371606 43.13309499543065
4.992933896957665 0.2077186920671028 37.50261652975324
0.302392602486858 4.030113799529169 48.78811240630897
2.857913106737667 -1.018934104246284 61.65330709591208
-1.165384848709358 4.287032455454097 42.53414294528172
-1.619606956267339 -2.144115026165724 68.22697826706036
1.610189480544551 2.186024301676972 68.23728714147302
-3.388733448790397 -2.585421276867967 50.19901920259081
-3.183042524945925 1.019578803596206 62.17586096539245
-1.263558283939801 5.524202627205016 37.40081035844245
1.489373466919767 0.7676040916221192 81.2919221984545
2.718521662005986 -2.385169035828024 55.78460411958268
3.081054416367031 -2.538383365997615 43.96948108948979
-2.381798247117897 1.759432698719775 68.82282671588708
-0.5602274950415338 -5.348913733458246 37.81799040375249
-1.158424144334591 0 37.14222810768713
3.874889395244735 2.260875160671487 50.41431410256671
2.106679813917092 -3.8256947704651 52.05678053184976
3.361533493668185 2.079056319349374 58.33741014245399
-0.1778641426544714 3.810070745235981 56.56062432384508
-1.879277218619292 1.783201899734657 74.48849931072969
-3.873504001870615 0.9813070647917232 58.24143469142414

CELLS 3733 17013
1 0
1 1
1 2
1 3
1 4
1 5
1 6
1 7
1 8
1 9
1 10
1 11
2 0 12
2 12 13
2 13 14
2 14 15
2 15 16
2 16 17
2 17 1
2 0 18
2 18 19
2 19 20
2 20 21
2 21 1
2 2 22
2 22 23
2 23 24
2 24 25
2 25 26
2 26 27
2 27 28
2 28 29
2 29 0
2 2 30
2 30 31
2 31 32
2 32 33
2 33 3
2 1 34
2 34 35
2 35 36
2 36 37
2 37 38
2 38 39
2 39 40
2 40 41
2 41 3
2 2 42
2 42 43
2 43 44
2 44 3
2 4 45
2 45 46
2 46 47
2 47 48
2 48 49
2 49 50
2 50 51
2 51 52
2 52 53
2 53 54
2 54 55
2 55 56
2 56 57
2 57 58
2 58 59
2 59 60
2 60 61
2 61 62
2 62 4
2 5 63
2 63 64
2 64 65
2 65 6
2 5 66
2 66 67
2 67 68
2 68 69
2 69 7
2 6 70
2 70 71
2 71 72
2 72 7
2 8 73
2 73 74
2 74 75
2 75 76
2 76 77
2 77 78
2 78 79
2 79 8
2 4 80
2 80 81
2 81 82
2 82 83
2 83 84
2 84 85
2 85 86
2 86 87
2 87 88
2 88 89
2 89 90
2 90 91
2 91 92
2 92 93
2 93 94
2 94 95
2 95 96
2 96 97
2 97 98
2 98 99
2 99 100
2 100 101
2 101 8
2 9 102
2 102 103
2 103 104
2 104 105
2 105 106
2 106 107
2 107 108
2 108 109
2 109 5
2 9 110
2 110 111
2 111 10
2 6 112
2 112 113
2 113 114
2 114 115
2 115 116
2 116 117
2 117 118
2 118 119
2 119 10
2 7 120
2 120 121
2 121 122
2 122 123
2 123 124
2 124 125
2 125 126
2 126 127
2 127 11
2 9 128
2 128 129
2 129 130
2 130 11
2 10 131
2 131 132
2 132 11
3 12 181 0
3 0 181 29
3 1 180 17
3 34 180 1
3 22 179 2
3 2 179 30
3 33 178 3
3 3 178 41
3 13 142 12
3 142 181 12
3 14 170 13
3 13 170 142
3 15 135 14
3 135 170 14
3 16 177 15
3 15 177 135
3 17 169 16
3 169 177 16
3 17 180 169
3 23 161 22
3 161 179 22
3 24 133 23
3 133 161 23
3 25 158 24
3 24 158 133
3 26 134 25
3 134 158 25
3 27 157 26
3 26 157 134
3 28 138 27
3 138 157 27
3 29 175 28
3 28 175 138
3 29 181 175
3 30 162 31
3 30 179 162
3 31 139 32
3 31 162 139
3 32 163 33
3 139 163 32
3 163 178 33
3 35 140 34
3 140 180 34
3 36 165 35
3 35 165 140
3 37 136 36
3 136 165 36
3 38 164 37
3 37 164 136
3 39 137 38
3 137 164 38
3 40 143 39
3 39 143 137
3 41 141 40
3 141 143 40
3 41 178 141
3 158 159 133
3 159 160 133
3 160 161 133
3 157 174 134
3 134 176 158
3 174 176 134
3 135 171 170
3 135 173 171
3 135 177 173
3 164 166 136
3 136 167 165
3 166 167 136
3 143 144 137
3 144 145 137
3 145 164 137
3 138 155 154
3 154 157 138
3 138 182 155
3 175 182 138
3 162 185 139
3 139 183 163
3 172 183 139
3 139 185 172
3 165 168 140
3 168 169 140
3 169 180 140
3 141 156 143
3 141 183 156
3 141 178 163
3 163 183 141
3 170 182 142
3 175 181 142
3 142 182 175
3 143 156 144
3 144 146 145
3 144 148 146
3 144 156 148
3 146 147 145
3 147 166 145
3 145 166 164
3 146 149 147
3 148 184 146
3 146 184 149
3 149 150 147
3 150 151 147
3 151 166 147
3 156 172 148
3 148 160 159
3 159 184 148
3 148 172 160
3 149 174 150
3 149 176 174
3 149 184 176
3 150 152 151
3 150 154 152
3 150 174 154
3 152 153 151
3 153 167 151
3 151 167 166
3 152 171 153
3 154 155 152
3 155 171 152
3 153 168 167
3 153 173 168
3 171 173 153
3 154 174 157
3 170 171 155
3 155 182 170
3 156 183 172
3 158 176 159
3 176 184 159
3 160 185 161
3 172 185 160
3 162 179 161
3 161 185 162
3 167 168 165
3 168 173 169
3 173 177 169
3 29 18 0
3 21 219 1
3 1 219 34
3 2 216 22
3 42 216 2
3 41 217 3
3 3 217 44
3 18 222 19
3 29 195 18
3 195 222 18
3 19 186 20
3 19 222 186
3 20 212 21
3 186 212 20
3 212 219 21
3 22 196 23
3 22 216 196
3 23 190 24
3 23 196 190
3 24 208 25
3 190 208 24
3 25 189 26
3 25 208 189
3 26 210 27
3 189 210 26
3 27 192 28
3 27 210 192
3 28 223 29
3 192 223 28
3 29 223 195
3 34 194 35
3 34 219 194
3 35 200 36
3 194 200 35
3 36 187 37
3 36 200 187
3 37 206 38
3 187 206 37
3 38 188 39
3 38 206 188
3 39 218 40
3 188 218 39
3 40 191 41
3 40 218 191
3 191 217 41
3 43 193 42
3 193 216 42
3 44 209 43
3 43 209 193
3 44 217 209
3 205 212 186
3 186 221 205
3 186 222 221
3 200 201 187
3 201 202 187
3 202 206 187
3 199 218 188
3 188 220 199
3 206 207 188
3 207 220 188
3 208 215 189
3 189 211 210
3 189 215 211
3 196 197 190
3 197 198 190
3 198 208 190
3 191 213 209
3 209 217 191
3 191 224 213
3 218 224 191
3 203 204 192
3 192 210 203
3 204 214 192
3 214 223 192
3 193 213 196
3 196 216 193
3 209 213 193
3 194 205 200
3 194 212 205
3 194 219 212
3 214 222 195
3 195 223 214
3 196 213 197
3 197 199 198
3 197 224 199
3 213 224 197
3 199 220 198
3 198 215 208
3 198 220 215
3 199 224 218
3 200 205 201
3 201 203 202
3 201 204 203
3 201 205 204
3 203 211 202
3 202 207 206
3 202 211 207
3 210 211 203
3 205 221 204
3 204 221 214
3 211 215 207
3 215 220 207
3 221 222 214
3 42 2 30
3 33 3 44
3 31 225 30
3 30 225 42
3 32 225 31
3 33 226 32
3 32 226 225
3 44 226 33
3 42 225 43
3 43 226 44
3 225 226 43
3 7 0 53
3 7 228 0
3 12 230 0
3 0 228 18
3 53 0 54
3 0 230 54
3 4 1 5
3 62 1 4
3 1 232 5
3 17 1 62
3 21 232 1
3 45 4 5
3 5 63 45
3 5 232 66
3 49 48 6
3 6 48 65
3 70 49 6
3 53 229 7
3 69 228 7
3 7 229 72
3 12 13 56
3 55 12 56
3 55 230 12
3 13 14 57
3 56 13 57
3 14 15 58
3 57 14 58
3 16 227 15
3 58 15 59
3 15 227 59
3 17 61 16
3 16 61 60
3 60 227 16
3 62 61 17
3 18 233 19
3 18 228 69
3 69 233 18
3 19 234 20
3 19 233 68
3 68 234 19
3 20 235 21
3 20 234 67
3 67 235 20
3 66 232 21
3 21 235 66
3 45 63 46
3 47 46 64
3 46 63 64
3 48 47 65
3 65 47 64
3 50 49 70
3 50 236 51
3 70 236 50
3 51 231 52
3 71 231 51
3 51 236 71
3 52 229 53
3 72 229 52
3 52 231 72
3 54 230 55
3 59 227 60
3 66 235 67
3 67 234 68
3 68 233 69
3 71 236 70
3 72 231 71
3 45 563 4
3 4 561 62
3 80 561 4
3 4 563 80
3 8 552 73
3 79 559 8
3 101 552 8
3 8 559 101
3 46 262 45
3 262 563 45
3 47 545 46
3 46 545 262
3 48 250 47
3 250 545 47
3 49 556 48
3 48 556 250
3 50 572 49
3 49 572 556
3 51 244 50
3 244 572 50
3 52 520 51
3 51 520 244
3 53 258 52
3 258 520 52
3 54 522 53
3 53 522 258
3 55 243 54
3 243 522 54
3 56 554 55
3 55 554 243
3 57 533 56
3 533 554 56
3 58 246 57
3 246 533 57
3 59 569 58
3 58 569 246
3 60 521 59
3 521 569 59
3 61 257 60
3 257 521 60
3 62 534 61
3 61 534 257
3 62 561 534
3 73 427 74
3 73 552 427
3 74 523 75
3 427 523 74
3 75 247 76
3 75 523 247
3 76 517 77
3 247 517 76
3 77 260 78
3 77 517 260
3 78 435 79
3 260 435 78
3 435 559 79
3 81 263 80
3 80 531 81
3 263 561 80
3 80 563 531
3 81 259 82
3 82 453 81
3 81 531 259
3 81 453 263
3 83 256 82
3 82 451 83
3 256 453 82
3 259 451 82
3 83 245 84
3 84 450 83
3 83 451 245
3 83 450 256
3 85 242 84
3 84 512 85
3 242 450 84
3 245 512 84
3 86 267 85
3 85 445 86
3 85 267 242
3 85 512 445
3 86 240 87
3 87 266 86
3 86 445 240
3 266 267 86
3 88 238 87
3 87 553 88
3 238 266 87
3 240 553 87
3 88 444 89
3 89 498 88
3 88 498 238
3 88 553 444
3 89 253 90
3 90 548 89
3 89 444 253
3 89 548 498
3 91 255 90
3 90 265 91
3 253 265 90
3 255 548 90
3 91 239 92
3 92 441 91
3 91 265 239
3 91 441 255
3 93 254 92
3 92 501 93
3 239 501 92
3 254 441 92
3 94 439 93
3 93 443 94
3 93 439 254
3 93 501 443
3 95 251 94
3 94 252 95
3 251 439 94
3 94 443 252
3 95 264 96
3 96 421 95
3 95 421 251
3 252 264 95
3 96 237 97
3 97 535 96
3 96 264 237
3 96 535 421
3 98 241 97
3 97 436 98
3 237 436 97
3 241 535 97
3 98 248 99
3 99 430 98
3 98 430 241
3 98 436 248
3 100 249 99
3 99 425 100
3 248 425 99
3 249 430 99
3 100 261 101
3 101 433 100
3 100 433 249
3 100 425 261
3 261 552 101
3 101 559 433
3 264 428 237
3 428 429 237
3 429 436 237
3 238 525 266
3 498 550 238
3 238 550 525
3 265 274 239
3 274 287 239
3 287 501 239
3 240 536 410
3 410 553 240
3 445 446 240
3 446 536 240
3 430 431 241
3 431 562 241
3 241 562 535
3 267 269 242
3 269 457 242
3 242 457 450
3 406 522 243
3 243 526 406
3 243 554 526
3 418 419 244
3 244 420 418
3 419 572 244
3 244 520 420
3 451 452 245
3 452 465 245
3 465 512 245
3 464 539 246
3 246 569 464
3 246 573 533
3 539 573 246
3 247 566 517
3 523 544 247
3 544 566 247
3 248 477 425
3 436 476 248
3 476 477 248
3 249 546 430
3 433 434 249
3 434 546 249
3 511 545 250
3 250 557 511
3 250 556 514
3 514 557 250
3 421 547 251
3 251 440 439
3 251 547 440
3 252 306 264
3 252 365 306
3 252 443 365
3 253 422 265
3 253 558 422
3 444 558 253
3 415 441 254
3 254 532 415
3 439 532 254
3 255 479 414
3 414 548 255
3 441 540 255
3 255 540 479
3 450 456 256
3 256 491 453
3 456 491 256
3 257 534 454
3 454 551 257
3 257 551 521
3 258 537 520
3 522 555 258
3 258 555 537
3 259 509 451
3 259 510 509
3 259 531 510
3 260 542 435
3 517 518 260
3 518 542 260
3 425 426 261
3 426 427 261
3 427 552 261
3 262 511 510
3 510 531 262
3 262 545 511
3 531 563 262
3 453 454 263
3 454 534 263
3 534 561 263
3 306 428 264
3 265 422 274
3 266 268 267
3 266 525 268
3 268 269 267
3 268 270 269
3 268 500 270
3 268 525 500
3 270 271 269
3 271 457 269
3 270 272 271
3 270 273 272
3 270 500 273
3 272 438 271
3 271 438 437
3 437 457 271
3 273 275 272
3 275 277 272
3 277 438 272
3 273 276 275
3 273 352 276
3 273 500 352
3 274 305 287
3 274 308 305
3 274 422 308
3 276 461 275
3 275 278 277
3 275 461 278
3 352 385 276
3 385 462 276
3 276 462 461
3 278 279 277
3 279 284 277
3 284 438 277
3 278 280 279
3 278 281 280
3 278 461 281
3 280 455 279
3 279 288 284
3 279 455 288
3 281 282 280
3 282 285 280
3 285 455 280
3 281 283 282
3 281 383 283
3 281 461 383
3 283 469 282
3 282 286 285
3 282 469 286
3 383 411 283
3 411 470 283
3 283 470 469
3 288 289 284
3 289 363 284
3 363 438 284
3 286 290 285
3 290 472 285
3 285 472 455
3 286 291 290
3 286 292 291
3 286 469 292
3 305 506 287
3 494 501 287
3 287 506 494
3 288 386 289
3 288 392 386
3 288 455 392
3 289 364 363
3 289 463 364
3 386 463 289
3 291 356 290
3 356 372 290
3 372 472 290
3 292 293 291
3 293 449 291
3 291 449 356
3 292 294 293
3 292 377 294
3 292 469 377
3 294 295 293
3 295 332 293
3 332 449 293
3 294 296 295
3 294 442 296
3 377 442 294
3 296 297 295
3 297 488 295
3 295 488 332
3 296 298 297
3 296 299 298
3 296 442 299
3 298 302 297
3 302 303 297
3 303 488 297
3 299 300 298
3 300 474 298
3 298 474 302
3 299 301 300
3 299 304 301
3 299 442 304
3 301 499 300
3 300 527 474
3 499 527 300
3 304 307 301
3 307 311 301
3 311 499 301
3 302 331 303
3 302 350 331
3 302 474 350
3 331 351 303
3 351 378 303
3 378 488 303
3 304 480 307
3 442 504 304
3 304 504 480
3 308 309 305
3 309 310 305
3 310 506 305
3 365 370 306
3 370 423 306
3 423 428 306
3 307 312 311
3 307 315 312
3 307 480 315
3 308 541 309
3 422 519 308
3 519 541 308
3 309 313 310
3 309 390 313
3 309 541 390
3 313 314 310
3 314 348 310
3 348 506 310
3 312 341 311
3 341 349 311
3 349 499 311
3 315 355 312
3 312 513 341
3 355 513 312
3 313 316 314
3 313 475 316
3 390 475 313
3 316 317 314
3 317 508 314
3 314 508 348
3 315 413 355
3 315 528 413
3 480 528 315
3 316 318 317
3 316 320 318
3 316 475 320
3 318 319 317
3 319 327 317
3 327 508 317
3 318 485 319
3 320 321 318
3 321 485 318
3 319 328 327
3 319 486 328
3 485 486 319
3 320 322 321
3 320 405 322
3 320 475 405
3 322 323 321
3 323 324 321
3 324 485 321
3 322 325 323
3 322 515 325
3 405 515 322
3 323 489 324
3 325 326 323
3 326 489 323
3 484 485 324
3 324 490 484
3 489 490 324
3 325 329 326
3 325 368 329
3 325 515 368
3 329 330 326
3 330 339 326
3 339 489 326
3 328 333 327
3 333 467 327
3 467 508 327
3 328 334 333
3 328 338 334
3 328 486 338
3 329 493 330
3 368 369 329
3 369 493 329
3 330 340 339
3 330 432 340
3 330 493 432
3 350 481 331
3 331 354 351
3 331 481 354
3 332 524 449
3 332 488 482
3 482 524 332
3 334 335 333
3 335 362 333
3 362 467 333
3 334 336 335
3 334 495 336
3 338 495 334
3 336 337 335
3 337 473 335
3 335 473 362
3 336 342 337
3 336 347 342
3 336 495 347
3 342 343 337
3 343 344 337
3 344 473 337
3 338 483 460
3 460 495 338
3 338 486 483
3 340 375 339
3 375 384 339
3 384 489 339
3 340 376 375
3 340 396 376
3 340 432 396
3 341 353 349
3 341 401 353
3 341 513 401
3 342 458 343
3 347 366 342
3 366 458 342
3 343 345 344
3 343 346 345
3 343 458 346
3 345 360 344
3 360 361 344
3 361 473 344
3 346 357 345
3 357 487 345
3 345 487 360
3 346 358 357
3 346 359 358
3 346 458 359
3 347 367 366
3 347 371 367
3 347 495 371
3 348 507 506
3 348 516 507
3 508 516 348
3 353 380 349
3 380 381 349
3 381 499 349
3 474 568 350
3 350 538 481
3 350 568 538
3 354 496 351
3 351 379 378
3 351 496 379
3 352 549 385
3 352 500 412
3 412 549 352
3 353 404 380
3 401 519 353
3 353 519 404
3 481 543 354
3 354 497 496
3 354 543 497
3 413 567 355
3 355 530 513
3 355 567 530
3 356 406 372
3 356 407 406
3 356 449 407
3 358 408 357
3 408 409 357
3 409 487 357
3 359 374 358
3 374 518 358
3 358 518 408
3 359 400 374
3 359 492 400
3 458 492 359
3 360 373 361
3 360 399 373
3 360 487 399
3 373 389 361
3 389 424 361
3 424 473 361
3 424 468 362
3 362 473 424
3 362 468 467
3 364 391 363
3 391 437 363
3 437 438 363
3 364 394 391
3 364 395 394
3 364 463 395
3 365 507 370
3 443 494 365
3 494 507 365
3 367 505 366
3 366 492 458
3 366 505 492
3 371 397 367
3 397 402 367
3 402 505 367
3 368 382 369
3 368 565 382
3 515 565 368
3 382 529 369
3 369 560 493
3 529 560 369
3 370 468 423
3 370 516 468
3 507 516 370
3 371 398 397
3 371 460 398
3 371 495 460
3 406 526 372
3 372 502 472
3 372 526 502
3 373 429 389
3 399 476 373
3 373 476 429
3 400 434 374
3 434 542 374
3 374 542 518
3 376 479 375
3 375 387 384
3 375 479 387
3 396 403 376
3 403 414 376
3 414 479 376
3 377 504 442
3 469 470 377
3 470 504 377
3 379 418 378
3 418 482 378
3 482 488 378
3 379 419 418
3 379 514 419
3 496 514 379
3 380 536 381
3 404 410 380
3 410 536 380
3 381 527 499
3 381 571 527
3 536 571 381
3 382 471 411
3 411 529 382
3 382 528 471
3 382 565 528
3 383 529 411
3 461 462 383
3 462 529 383
3 387 388 384
3 388 490 384
3 384 490 489
3 432 493 385
3 385 549 432
3 385 560 462
3 493 560 385
3 392 393 386
3 393 539 386
3 386 539 463
3 387 415 388
3 387 540 415
3 479 540 387
3 415 416 388
3 416 417 388
3 417 490 388
3 423 424 389
3 389 428 423
3 389 429 428
3 390 530 475
3 390 570 530
3 541 570 390
3 394 491 391
3 391 456 437
3 391 491 456
3 392 502 393
3 455 472 392
3 472 502 392
3 502 503 393
3 503 573 393
3 393 573 539
3 395 551 394
3 454 491 394
3 394 551 454
3 463 464 395
3 464 521 395
3 521 551 395
3 396 412 403
3 396 549 412
3 432 549 396
3 398 547 397
3 397 421 402
3 397 547 421
3 440 547 398
3 398 564 440
3 398 460 459
3 459 564 398
3 399 477 476
3 399 478 477
3 399 487 478
3 400 492 431
3 431 546 400
3 400 546 434
3 513 570 401
3 401 541 519
3 401 570 541
3 421 535 402
3 402 562 505
3 535 562 402
3 412 550 403
3 403 498 414
3 403 550 498
3 404 444 410
3 404 558 444
3 519 558 404
3 475 530 405
3 405 567 515
3 530 567 405
3 407 555 406
3 406 555 522
3 449 524 407
3 524 537 407
3 537 555 407
3 408 544 409
3 518 566 408
3 408 566 544
3 466 478 409
3 409 544 466
3 478 487 409
3 444 553 410
3 411 471 470
3 500 525 412
3 525 550 412
3 413 565 515
3 515 567 413
3 528 565 413
3 498 548 414
3 415 532 416
3 415 540 441
3 416 459 417
3 416 564 459
3 532 564 416
3 459 483 417
3 483 484 417
3 484 490 417
3 420 482 418
3 514 556 419
3 556 572 419
3 420 524 482
3 520 537 420
3 420 537 524
3 422 558 519
3 423 468 424
3 425 477 426
3 426 466 427
3 426 478 466
3 477 478 426
3 466 523 427
3 429 476 436
3 430 546 431
3 492 505 431
3 505 562 431
3 433 435 434
3 433 559 435
3 435 542 434
3 456 457 437
3 440 532 439
3 440 564 532
3 443 501 494
3 445 447 446
3 445 512 447
3 447 448 446
3 448 571 446
3 446 571 536
3 447 538 448
3 447 512 465
3 465 538 447
3 448 568 527
3 527 571 448
3 538 568 448
3 450 457 456
3 451 509 452
3 452 481 465
3 452 543 481
3 509 543 452
3 453 491 454
3 460 483 459
3 462 560 529
3 463 539 464
3 464 569 521
3 481 538 465
3 466 544 523
3 468 516 467
3 467 516 508
3 471 504 470
3 480 504 471
3 471 528 480
3 527 568 474
3 483 486 484
3 484 486 485
3 506 507 494
3 497 557 496
3 496 557 514
3 509 510 497
3 497 543 509
3 510 511 497
3 511 557 497
3 502 526 503
3 526 554 503
3 503 554 533
3 533 573 503
3 530 570 513
3 517 566 518
3 63 5 598
3 5 109 598
3 6 65 597
3 112 6 597
3 102 9 594
3 9 110 594
3 111 10 596
3 10 119 596
3 64 63 579
3 579 63 598
3 65 64 589
3 64 579 589
3 65 589 597
3 103 102 582
3 582 102 594
3 104 103 577
3 577 103 582
3 105 104 585
3 104 577 585
3 106 105 575
3 575 105 585
3 107 106 586
3 106 575 586
3 108 107 574
3 574 107 586
3 109 108 590
3 108 574 590
3 109 590 598
3 110 111 578
3 110 578 594
3 578 111 596
3 113 112 576
3 576 112 597
3 114 113 584
3 113 576 584
3 115 114 580
3 580 114 584
3 116 115 587
3 115 580 587
3 117 116 581
3 581 116 587
3 118 117 588
3 117 581 588
3 119 118 583
3 583 118 588
3 119 583 596
3 574 586 592
3 590 574 591
3 591 574 592
3 575 585 595
3 586 575 593
3 593 575 595
3 584 576 591
3 576 589 591
3 589 576 597
3 577 582 588
3 585 577 599
3 577 588 599
3 582 578 583
3 578 582 594
3 583 578 596
3 589 579 591
3 579 590 591
3 590 579 598
3 580 584 592
3 587 580 593
3 580 592 593
3 581 587 595
3 588 581 599
3 581 595 599
3 582 583 588
3 584 591 592
3 595 585 599
3 592 586 593
3 587 593 595
3 5 66 634
3 109 5 634
3 69 7 635
3 7 120 635
3 9 102 630
3 128 9 630
3 127 11 631
3 11 130 631
3 66 67 626
3 66 626 634
3 67 68 600
3 67 600 626
3 68 69 627
3 600 68 627
3 627 69 635
3 102 103 609
3 102 609 630
3 103 104 604
3 103 604 609
3 104 105 623
3 604 104 623
3 105 106 618
3 105 618 623
3 106 107 601
3 106 601 618
3 107 108 613
3 601 107 613
3 108 109 607
3 108 607 613
3 607 109 634
3 120 121 608
3 120 608 635
3 121 122 616
3 608 121 616
3 122 123 603
3 122 603 616
3 123 124 625
3 603 123 625
3 124 125 602
3 124 602 625
3 125 126 632
3 602 125 632
3 126 127 605
3 126 605 632
3 605 127 631
3 129 128 606
3 606 128 630
3 130 129 624
3 129 606 624
3 130 624 631
3 600 617 622
3 617 600 627
3 600 622 626
3 601 613 614
3 601 614 615
3 601 615 618
3 602 612 628
3 612 602 632
3 602 620 625
3 620 602 628
3 616 603 621
3 620 603 625
3 603 620 633
3 621 603 633
3 609 604 610
3 610 604 611
3 611 604 623
3 605 624 629
3 624 605 631
3 605 629 637
3 632 605 637
3 606 609 629
3 609 606 630
3 624 606 629
3 613 607 622
3 622 607 626
3 626 607 634
3 608 616 617
3 608 617 627
3 608 627 635
3 609 610 629
3 610 611 612
3 610 612 637
3 629 610 637
3 612 611 628
3 619 611 623
3 611 619 628
3 612 632 637
3 614 613 622
3 615 614 633
3 614 621 633
3 621 614 636
3 614 622 636
3 618 615 619
3 619 615 620
3 620 615 633
3 617 616 621
3 617 621 636
3 622 617 636
3 618 619 623
3 619 620 628
3 70 6 661
3 6 112 661
3 7 72 662
3 120 7 662
3 119 10 660
3 10 131 660
3 11 127 658
3 132 11 658
3 71 70 653
3 653 70 661
3 72 71 643
3 643 71 653
3 72 643 662
3 112 113 640
3 112 640 661
3 113 114 648
3 640 113 648
3 114 115 644
3 114 644 648
3 115 116 651
3 644 115 651
3 116 117 645
3 116 645 651
3 117 118 652
3 645 117 652
3 118 119 647
3 118 647 652
3 647 119 660
3 121 120 654
3 654 120 662
3 122 121 638
3 638 121 654
3 123 122 650
3 122 638 650
3 124 123 639
3 639 123 650
3 125 124 649
3 124 639 649
3 126 125 641
3 641 125 649
3 127 126 646
3 126 641 646
3 127 646 658
3 131 132 642
3 131 642 660
3 642 132 658
3 650 638 656
3 638 654 655
3 638 655 656
3 649 639 659
3 639 650 657
3 639 657 659
3 640 648 655
3 653 640 655
3 640 653 661
3 646 641 652
3 641 649 663
3 652 641 663
3 642 646 647
3 646 642 658
3 642 647 660
3 643 653 655
3 654 643 655
3 643 654 662
3 648 644 656
3 644 651 657
3 656 644 657
3 651 645 659
3 645 652 663
3 659 645 663
3 647 646 652
3 655 648 656
3 649 659 663
3 650 656 657
3 657 651 659
3 73 666 8
3 8 666 79
3 74 664 73
3 664 666 73
3 75 667 74
3 74 667 664
3 76 667 75
3 77 667 76
3 78 665 77
3 665 667 77
3 79 666 78
3 78 666 665
3 665 666 664
3 664 667 665
3 128 110 9
3 10 111 668
3 131 10 669
3 10 668 669
3 132 130 11
3 111 110 670
3 110 128 670
3 668 111 670
3 128 129 668
3 128 668 670
3 129 130 669
3 668 129 669
3 130 132 669
3 132 131 669
4 98 675 430 676
4 318 682 316 687
4 98 248 675 676
4 318 316 317 687
4 318 682 687 700
4 675 676 248 713
4 359 676 675 713
4 42 130 11 683
4 476 675 248 713
4 316 682 314 687
4 685 506 695 712
4 506 348 695 712
4 314 687 682 695
4 359 492 675 676
4 687 695 348 712
4 565 11 679 683
4 685 695 687 712
4 130 679 11 683
4 459 686 673 704
4 535 698 675 699
4 430 98 241 675
4 673 686 459 689
4 436 98 248 675
4 673 689 459 704
4 535 674 698 699
4 562 675 535 698
4 436 248 476 675
4 565 2 11 683
4 458 359 675 713
4 670 404 111 677
4 672 687 682 700
4 111 668 670 677
4 338 686 673 689
4 430 675 431 676
4 422 677 692 697
4 460 686 338 689
4 11 2 42 683
4 535 674 402 698
4 673 686 338 714
4 458 359 492 675
4 336 674 335 706
4 130 683 42 708
4 460 459 686 689
4 316 314 317 687
4 337 336 335 706
4 398 459 689 704
4 431 675 492 676
4 460 483 338 686
4 336 698 674 706
4 11 413 565 679
4 682 687 672 695
4 679 683 130 708
4 335 674 336 701
4 338 689 673 714
4 674 701 335 706
4 337 698 336 706
4 430 241 431 675
4 680 692 548 694
4 548 692 680 705
4 358 676 408 703
4 565 679 515 683
4 562 535 402 698
4 241 535 562 675
4 518 678 542 703
4 408 676 409 703
4 336 347 689 698
4 518 358 408 703
4 423 424 674 699
4 458 346 359 713
4 97 535 675 699
4 32 403 226 707
4 367 402 674 698
4 348 687 314 695
4 110 677 670 694
4 405 693 679 697
4 33 226 403 680
4 336 689 674 698
4 408 678 518 703
4 403 680 226 707
4 414 548 680 705
4 402 397 367 674
4 367 674 397 689
4 110 404 670 677
4 374 676 358 703
4 689 696 440 704
4 515 565 413 679
4 486 338 686 714
4 405 682 693 697
4 423 674 424 688
4 226 32 33 403
4 486 319 687 700
4 321 684 682 700
4 241 97 535 675
4 92 709 690 710
4 398 689 440 704
4 422 519 677 697
4 424 701 674 706
4 308 692 681 697
4 486 687 686 700
4 672 687 685 695
4 518 374 358 703
4 347 371 689 698
4 367 397 371 689
4 682 684 321 693
4 424 473 701 706
4 548 414 680 694
4 111 668 677 702
4 544 678 408 703
4 319 318 687 700
4 423 674 688 699
4 544 408 409 703
4 423 688 428 699
4 422 692 308 697
4 459 398 564 704
4 422 681 308 692
4 388 684 700 710
4 359 346 676 713
4 424 688 674 701
4 674 699 424 706
4 375 684 387 691
4 408 357 409 676
4 518 542 374 703
4 674 689 336 701
4 367 371 347 698
4 562 505 675 698
4 324 323 321 684
4 686 687 486 714
4 475 682 405 697
4 414 680 376 691
4 685 695 506 709
4 375 691 387 705
4 423 389 424 699
4 375 384 387 684
4 429 476 373 675
4 429 436 476 675
4 111 677 353 702
4 673 696 689 704
4 376 680 403 707
4 681 695 308 697
4 398 440 689 696
4 323 321 684 693
4 414 680 691 705
4 684 387 691 705
4 264 674 688 696
4 460 459 483 686
4 398 459 460 689
4 96 674 535 699
4 321 324 684 700
4 417 388 700 710
4 458 675 343 713
4 32 396 403 707
4 241 98 97 675
4 473 335 701 706
4 98 436 97 675
4 565 368 2 683
4 353 111 404 677
4 44 680 33 694
4 99 98 430 676
4 321 682 318 700
4 99 248 98 676
4 310 348 314 695
4 373 675 476 713
4 33 680 498 694
4 388 690 684 710
4 421 402 535 674
4 409 676 478 703
4 490 388 684 700
4 492 675 505 698
4 486 485 319 700
4 404 677 110 694
4 486 338 483 686
4 336 347 495 689
4 467 712 688 714
4 384 684 375 691
4 492 505 366 698
4 110 670 128 694
4 129 43 44 708
4 397 689 674 696
4 476 477 399 713
4 417 388 490 700
4 319 486 687 714
4 313 314 682 695
4 33 403 498 680
4 429 675 373 699
4 254 92 690 710
4 436 675 429 699
4 326 489 691 693
4 313 314 316 682
4 467 468 688 712
4 319 485 318 700
4 376 403 396 707
4 408 358 357 676
4 515 683 679 693
4 326 489 339 691
4 458 343 675 698
4 670 677 128 694
4 430 431 546 676
4 458 343 346 713
4 562 402 505 698
4 402 421 397 674
4 241 562 431 675
4 562 505 431 675
4 422 677 558 692
4 565 515 368 683
4 376 414 403 680
4 309 308 695 697
4 44 128 129 708
4 684 691 489 693
4 498 680 414 694
4 530 405 679 697
4 264 428 306 688
4 313 682 309 695
4 387 684 388 690
4 544 409 466 703
4 467 688 701 714
4 97 675 436 699
4 414 691 376 705
4 422 274 308 681
4 672 682 681 684
4 313 309 682 697
4 130 132 11 679
4 405 682 320 693
4 310 506 348 695
4 417 700 686 710
4 400 431 492 676
4 398 547 440 696
4 467 516 468 712
4 309 695 682 697
4 359 400 492 676
4 320 682 321 693
4 515 679 405 693
4 96 674 264 696
4 398 440 564 704
4 128 677 129 708
4 544 466 678 703
4 468 688 424 701
4 319 318 317 687
4 319 328 486 714
4 373 706 675 713
4 264 674 96 699
4 132 413 11 679
4 343 675 698 706
4 548 498 414 694
4 409 487 478 676
4 343 675 706 713
4 682 695 681 697
4 431 505 492 675
4 33 44 226 680
4 681 682 671 684
4 376 691 680 707
4 422 308 519 697
4 337 335 473 706
4 558 692 677 694
4 684 690 387 705
4 530 475 405 697
4 387 384 388 684
4 360 706 373 713
4 558 677 404 694
4 424 699 389 706
4 498 403 414 680
4 362 424 473 701
4 132 131 312 702
4 409 357 487 676
4 467 688 468 701
4 254 704 685 710
4 373 699 675 706
4 343 706 344 713
4 249 676 434 703
4 264 688 252 696
4 486 328 338 714
4 506 685 494 712
4 398 689 547 696
4 249 99 430 676
4 128 680 677 708
4 274 308 681 695
4 546 434 249 676
4 248 425 477 676
4 248 99 425 676
4 487 478 676 713
4 421 397 674 696
4 376 691 479 705
4 313 390 309 697
4 684 690 672 710
4 487 399 478 713
4 43 680 44 708
4 542 434 374 703
4 318 321 320 682
4 477 478 676 703
4 684 672 700 710
4 434 676 374 703
4 413 132 355 679
4 489 684 339 691
4 30 683 329 707
4 326 330 683 691
4 94 704 696 711
4 542 678 434 703
4 421 535 96 674
4 422 265 274 681
4 338 334 689 714
4 685 672 709 710
4 489 384 339 684
4 249 430 546 676
4 414 376 479 705
4 357 676 346 713
4 506 494 507 712
4 265 681 422 692
4 253 692 558 694
4 254 93 92 685
4 384 339 684 691
4 336 689 495 701
4 129 677 702 708
4 44 680 128 708
4 313 682 390 697
4 444 404 110 694
4 99 676 249 703
4 671 682 681 697
4 355 679 132 702
4 320 321 322 693
4 494 685 506 709
4 30 329 493 707
4 690 709 672 710
4 251 696 94 704
4 672 695 685 709
4 362 468 424 701
4 274 305 308 695
4 475 320 405 682
4 423 428 389 699
4 44 33 3 694
4 672 684 681 690
4 324 489 323 684
4 129 677 668 702
4 99 425 676 703
4 477 676 425 703
4 326 691 683 693
4 264 306 252 688
4 519 558 422 677
4 671 679 693 697
4 405 320 322 693
4 458 342 343 698
4 681 690 91 709
4 334 336 495 701
4 375 387 479 705
4 671 681 692 697
4 92 91 690 709
4 130 669 132 679
4 96 421 674 696
4 468 423 424 688
4 128 677 680 694
4 357 358 346 676
4 670 668 128 677
4 313 475 390 682
4 409 478 466 703
4 558 404 444 694
4 359 346 358 676
4 486 686 484 700
4 30 42 2 683
4 254 93 685 704
4 334 701 689 714
4 111 670 110 404
4 669 129 702 708
4 490 388 384 684
4 439 251 94 704
4 683 691 330 707
4 493 329 330 707
4 100 433 101 703
4 326 339 330 691
4 685 686 673 687
4 343 342 337 706
4 400 546 431 676
4 433 678 101 703
4 669 132 679 702
4 97 96 535 699
4 343 698 342 706
4 672 686 685 687
4 515 567 405 679
4 287 494 506 709
4 423 306 428 688
4 91 690 681 705
4 671 693 682 697
4 323 684 489 693
4 517 665 260 678
4 544 566 408 678
4 685 704 93 711
4 515 325 683 693
4 360 361 373 706
4 681 684 671 705
4 10 668 111 702
4 681 692 91 705
4 664 523 427 678
4 440 696 251 704
4 459 564 686 704
4 390 682 475 697
4 342 698 337 706
4 329 683 330 707
4 685 686 672 710
4 101 678 261 703
4 519 353 677 702
4 681 690 684 705
4 357 487 676 713
4 334 495 689 701
4 305 695 274 709
4 681 682 672 695
4 669 131 132 702
4 685 704 686 710
4 305 274 287 709
4 427 678 466 703
4 33 498 3 694
4 132 312 355 702
4 389 699 373 706
4 94 93 704 711
4 261 678 427 703
4 367 505 402 698
4 669 129 668 702
4 30 2 368 683
4 274 695 681 709
4 547 689 397 696
4 513 697 679 702
4 89 548 692 694
4 345 343 344 713
4 664 427 552 678
4 405 567 530 679
4 361 389 373 706
4 508 712 467 714
4 252 696 688 711
4 413 567 515 679
4 100 101 261 703
4 314 348 508 687
4 318 320 316 682
4 399 373 476 713
4 44 128 680 694
4 673 687 686 714
4 671 692 677 697
4 313 310 314 695
4 253 558 444 694
4 685 711 494 712
4 347 371 495 689
4 225 683 30 707
4 365 494 711 712
4 552 666 664 678
4 375 479 376 691
4 408 566 518 678
4 309 308 305 695
4 517 667 665 678
4 519 353 404 677
4 673 688 712 714
4 225 707 43 708
4 360 344 706 713
4 668 129 128 677
4 540 387 690 705
4 90 692 548 705
4 426 427 466 703
4 564 416 686 704
4 680 43 707 708
4 671 679 677 708
4 493 31 30 707
4 90 91 692 705
4 225 42 30 683
4 326 323 489 693
4 348 506 507 712
4 530 679 513 697
4 345 346 343 713
4 673 686 685 704
4 508 687 712 714
4 321 318 485 700
4 679 683 671 693
4 696 704 673 711
4 10 111 353 702
4 30 368 329 683
4 490 489 324 684
4 91 255 690 705
4 426 261 427 703
4 459 564 416 686
4 365 507 494 712
4 477 426 478 703
4 397 547 398 689
4 523 664 667 678
4 486 484 485 700
4 374 359 358 676
4 682 684 672 700
4 375 479 691 705
4 368 515 325 683
4 552 101 666 678
4 434 678 433 703
4 686 687 672 700
4 490 684 324 700
4 679 671 683 708
4 484 686 417 700
4 540 479 387 705
4 362 473 335 701
4 413 355 567 679
4 237 97 436 699
4 326 330 329 683
4 669 679 130 708
4 319 687 327 714
4 384 375 339 691
4 495 338 334 689
4 370 711 688 712
4 519 401 353 702
4 31 225 30 707
4 416 686 704 710
4 515 405 322 693
4 247 544 523 678
4 669 702 679 708
4 348 508 687 712
4 42 683 225 708
4 91 681 265 692
4 365 711 370 712
4 254 92 441 690
4 443 685 93 711
4 337 342 336 698
4 513 679 355 702
4 679 702 677 708
4 517 247 667 678
4 486 483 484 686
4 439 94 93 704
4 552 261 101 678
4 260 665 435 678
4 92 91 441 690
4 671 680 677 692
4 679 697 677 702
4 671 684 682 693
4 467 468 362 701
4 326 683 325 693
4 523 667 247 678
4 376 340 691 707
4 677 692 680 694
4 484 417 490 700
4 671 680 692 705
4 508 516 467 712
4 671 677 680 708
4 530 355 513 679
4 361 424 389 706
4 677 679 671 697
4 225 683 707 708
4 338 328 334 714
4 435 665 666 678
4 264 237 428 699
4 673 689 688 701
4 519 404 558 677
4 672 686 700 710
4 680 683 671 708
4 444 110 9 694
4 478 426 466 703
4 264 96 237 699
4 513 570 697 702
4 559 666 101 678
4 264 252 95 696
4 490 384 489 684
4 466 523 544 678
4 673 688 689 696
4 688 689 674 701
4 247 517 566 678
4 674 689 688 696
4 365 688 370 711
4 314 508 317 687
4 252 94 696 711
4 508 327 687 714
4 96 264 95 696
4 339 340 330 691
4 42 225 43 708
4 357 346 345 713
4 90 548 255 705
4 673 701 688 714
4 390 475 530 697
4 322 321 323 693
4 541 401 519 697
4 671 683 680 691
4 340 330 691 707
4 439 440 251 704
4 247 566 544 678
4 417 459 416 686
4 458 366 342 698
4 401 697 570 702
4 466 427 523 678
4 443 93 94 711
4 252 688 306 711
4 239 681 91 709
4 429 373 389 699
4 530 513 570 697
4 319 327 328 714
4 427 261 552 678
4 387 388 415 690
4 100 249 433 703
4 685 687 673 712
4 519 308 541 697
4 547 251 440 696
4 334 335 336 701
4 90 255 91 705
4 9 110 128 694
4 329 325 326 683
4 501 685 494 709
4 89 692 253 694
4 274 681 239 709
4 374 400 359 676
4 91 255 441 690
4 559 101 433 678
4 494 685 443 711
4 90 91 265 692
4 274 265 239 681
4 365 306 688 711
4 508 467 327 714
4 415 690 388 710
4 540 690 255 705
4 416 417 686 710
4 665 664 666 678
4 513 355 312 702
4 475 313 316 682
4 665 667 664 678
4 365 306 370 688
4 249 434 433 703
4 99 249 100 703
4 672 690 681 709
4 671 691 680 705
4 92 239 91 709
4 90 89 548 692
4 671 691 684 693
4 397 398 371 689
4 97 237 96 699
4 414 255 548 705
4 515 322 325 693
4 340 376 396 707
4 367 366 505 698
4 360 344 361 706
4 530 567 355 679
4 416 388 417 710
4 477 425 426 703
4 484 483 417 686
4 319 317 327 687
4 313 309 310 695
4 260 518 517 678
4 343 337 344 706
4 253 422 558 692
4 671 683 691 693
4 287 501 494 709
4 495 460 338 689
4 435 434 542 678
4 507 365 370 712
4 237 436 429 699
4 666 559 435 678
4 347 336 342 698
4 518 566 517 678
4 320 475 316 682
4 435 433 434 678
4 417 483 459 686
4 689 701 673 714
4 399 360 373 713
4 375 376 340 691
4 43 226 44 680
4 671 684 691 705
4 345 344 360 713
4 669 130 129 708
4 89 498 548 694
4 365 494 443 711
4 421 547 397 696
4 260 542 518 678
4 698 699 674 706
4 501 443 494 685
4 365 252 306 711
4 325 329 368 683
4 254 439 93 704
4 467 701 333 714
4 675 699 698 706
4 309 541 308 697
4 317 508 327 687
4 415 254 690 710
4 321 485 324 700
4 265 422 253 692
4 91 239 265 681
4 274 239 287 709
4 501 93 443 685
4 36 37 107 187
4 361 473 424 706
4 441 255 540 690
4 664 523 74 427
4 680 707 683 708
4 106 618 37 105
4 444 89 253 694
4 559 433 435 678
4 310 305 506 695
4 109 5 1 232
4 109 1 34 232
4 37 601 107 187
4 618 37 601 106
4 601 37 107 106
4 680 691 683 707
4 95 252 94 696
4 564 532 416 704
4 357 345 487 713
4 333 701 334 714
4 467 362 333 701
4 414 479 255 705
4 25 24 208 124
4 326 325 323 693
4 672 681 695 709
4 520 52 51 231
4 104 38 623 105
4 99 100 425 703
4 124 24 208 125
4 38 37 618 105
4 681 671 692 705
4 129 43 42 624
4 44 43 129 209
4 618 623 38 105
4 260 435 542 678
4 493 432 31 707
4 673 704 685 711
4 624 129 43 209
4 416 704 532 710
4 630 102 9 217
4 42 129 624 130
4 42 43 129 708
4 20 67 234 186
4 348 516 508 712
4 370 423 468 688
4 187 37 601 206
4 330 432 493 707
4 37 618 601 206
4 132 413 355 315
4 129 130 42 708
4 635 195 233 627
4 601 613 107 187
4 53 52 258 229
4 688 696 673 711
4 618 623 619 206
4 618 37 38 206
4 109 34 35 194
4 109 35 108 194
4 36 107 200 187
4 688 711 673 712
4 107 108 36 200
4 38 623 618 206
4 108 35 36 200
4 128 44 129 209
4 253 89 90 692
4 521 60 59 227
4 333 334 328 714
4 601 202 187 206
4 217 630 191 209
4 606 128 129 209
4 626 20 67 235
4 309 305 310 695
4 77 260 517 665
4 81 34 35 109
4 108 81 35 109
4 193 42 43 624
4 624 43 193 209
4 129 624 606 209
4 96 95 421 696
4 341 312 131 702
4 216 624 605 631
4 371 398 460 689
4 370 306 423 688
4 601 202 201 187
4 673 712 687 714
4 339 375 340 691
4 109 108 607 194
4 366 367 347 698
4 194 607 622 200
4 11 42 631 130
4 20 626 212 235
4 9 128 630 217
4 200 107 613 187
4 613 108 107 200
4 34 81 80 109
4 22 2 216 631
4 229 258 7 662
4 600 234 67 186
4 396 32 432 707
4 673 711 685 712
4 36 81 108 107
4 81 35 36 108
4 73 552 664 427
4 601 618 615 206
4 201 613 601 187
4 38 623 206 188
4 540 255 479 705
4 72 52 662 231
4 606 213 609 209
4 202 601 615 206
4 216 2 42 631
4 415 254 441 690
4 126 23 605 127
4 607 613 622 200
4 30 369 329 368
4 104 604 623 188
4 609 103 102 191
4 484 490 324 700
4 102 3 9 217
4 35 108 194 200
4 3 498 88 694
4 570 401 541 697
4 218 104 39 188
4 80 5 1 109
4 34 80 1 109
4 622 205 194 200
4 107 37 82 106
4 532 704 254 710
4 202 614 601 201
4 25 26 291 124
4 601 615 614 202
4 36 37 82 107
4 624 193 216 605
4 226 225 32 707
4 602 124 208 125
4 604 104 218 188
4 604 611 623 199
4 432 32 31 707
4 228 29 195 635
4 495 371 460 689
4 291 286 25 124
4 201 622 613 200
4 103 40 102 191
4 429 389 428 699
4 614 621 636 201
4 68 222 234 600
4 611 610 198 199
4 103 609 218 191
4 353 341 10 702
4 613 614 622 201
4 44 3 128 694
4 22 11 631 127
4 387 415 540 690
4 516 507 370 712
4 632 208 24 125
4 204 636 621 201
4 37 106 105 83
4 613 201 200 187
4 194 108 607 200
4 230 54 55 243
4 353 401 341 702
4 325 322 323 693
4 128 3 44 217
4 636 622 614 201
4 617 636 221 622
4 199 611 623 188
4 11 22 631 2
4 23 22 605 127
4 81 36 82 107
4 89 88 498 694
4 50 51 236 244
4 101 666 8 552
4 636 622 201 205
4 24 25 469 124
4 26 291 124 123
4 109 634 5 232
4 228 7 120 635
4 335 334 333 701
4 212 626 205 194
4 124 469 24 125
4 366 347 342 698
4 40 41 102 191
4 369 30 2 368
4 121 223 120 608
4 609 604 218 224
4 622 636 221 205
4 403 32 33 412
4 190 196 637 632
4 613 601 614 201
4 11 42 2 631
4 38 37 105 83
4 153 151 152 463
4 90 265 253 692
4 613 607 108 200
4 191 609 213 209
4 622 201 205 200
4 191 609 218 224
4 196 193 213 629
4 609 629 213 606
4 186 626 600 205
4 128 3 9 694
4 610 197 198 199
4 632 23 605 126
4 219 634 66 235
4 213 196 629 637
4 513 401 570 702
4 448 571 577 446
4 341 513 312 702
4 451 107 586 259
4 609 604 103 218
4 605 637 196 632
4 190 208 24 632
4 633 614 202 201
4 429 428 237 699
4 615 619 620 207
4 627 214 221 617
4 570 390 530 697
4 309 390 541 697
4 396 432 340 707
4 218 40 103 191
4 205 186 626 212
4 198 612 610 611
4 517 667 77 665
4 665 78 260 435
4 41 3 102 217
4 199 623 604 188
4 128 9 3 217
4 105 104 38 84
4 151 289 152 463
4 115 651 116 302
4 100 261 425 703
4 120 29 7 228
4 605 196 23 632
4 37 450 164 456
4 78 665 666 435
4 247 667 76 517
4 25 26 286 291
4 615 207 202 206
4 189 603 625 620
4 286 291 292 124
4 104 39 38 84
4 1 4 5 80
4 222 233 195 627
4 193 196 216 605
4 221 222 214 627
4 532 439 254 704
4 95 94 251 696
4 164 136 37 456
4 520 662 52 231
4 123 124 26 625
4 473 344 337 706
4 32 225 31 707
4 294 292 124 377
4 193 629 624 606
4 606 193 213 209
4 626 67 20 186
4 426 425 261 703
4 106 37 82 83
4 204 221 636 205
4 611 199 220 188
4 151 153 364 463
4 577 104 585 512
4 147 289 150 151
4 103 104 39 218
4 165 140 35 453
4 302 115 651 303
4 222 234 600 186
4 23 22 196 605
4 213 629 609 224
4 258 7 53 229
4 626 622 600 205
4 219 66 21 235
4 484 324 485 700
4 285 134 25 282
4 606 630 128 209
4 220 619 623 188
4 131 311 660 642
4 399 487 360 713
4 132 307 131 642
4 115 114 644 303
4 348 507 516 712
4 450 37 256 456
4 216 42 193 624
4 207 211 615 202
4 617 616 204 621
4 196 190 23 632
4 364 289 151 463
4 664 74 73 427
4 136 256 37 456
4 222 19 68 234
4 92 501 239 709
4 637 196 629 605
4 612 197 198 610
4 137 242 39 143
4 667 523 74 664
4 611 619 623 220
4 125 126 641 377
4 18 195 233 635
4 103 39 104 85
4 284 289 150 147
4 413 132 11 315
4 633 614 615 202
4 196 213 197 637
4 234 67 68 600
4 629 193 213 606
4 267 39 242 143
4 116 302 298 117
4 201 204 636 205
4 186 20 626 212
4 362 335 333 701
4 174 154 392 157
4 174 392 455 157
4 164 450 38 137
4 26 210 123 625
4 152 154 386 150
4 88 444 9 694
4 151 147 289 363
4 137 164 450 457
4 198 215 208 628
4 662 643 72 231
4 108 590 574 259
4 26 210 122 123
4 450 242 38 137
4 630 609 102 191
4 220 207 619 188
4 552 666 73 664
4 307 131 312 132
4 467 333 327 714
4 586 509 451 259
4 285 25 286 282
4 137 450 242 457
4 403 396 32 412
4 415 441 540 690
4 600 221 186 205
4 302 116 645 297
4 191 213 609 224
4 452 575 106 245
4 627 221 600 617
4 221 600 617 622
4 461 159 160 275
4 635 233 69 627
4 177 16 60 227
4 377 126 641 504
4 210 26 189 625
4 634 626 66 235
4 143 137 242 269
4 564 440 532 704
4 550 3 33 498
4 234 19 20 186
4 190 198 208 612
4 303 114 644 378
4 143 242 267 269
4 284 289 147 363
4 602 198 208 628
4 575 586 452 106
4 628 602 198 612
4 221 600 622 205
4 420 524 638 482
4 438 271 146 272
4 585 447 577 512
4 667 77 76 517
4 555 28 120 121
4 583 118 499 527
4 521 177 60 227
4 146 284 149 147
4 196 197 190 637
4 615 620 211 207
4 154 288 386 150
4 651 645 116 297
4 312 132 355 315
4 107 81 108 259
4 382 11 127 528
4 24 23 632 125
4 51 71 643 231
4 36 165 453 136
4 271 146 145 438
4 461 159 275 278
4 301 647 304 299
4 632 602 208 125
4 440 439 532 704
4 29 0 7 228
4 311 307 131 312
4 117 302 298 474
4 122 210 616 603
4 134 158 25 282
4 28 223 120 121
4 604 609 610 224
4 228 195 18 635
4 660 499 119 647
4 437 145 147 438
4 608 616 214 617
4 157 455 134 285
4 645 116 298 117
4 635 120 195 608
4 40 267 266 268
4 294 649 442 377
4 330 340 432 707
4 606 624 193 209
4 386 289 152 150
4 627 221 222 600
4 667 75 523 247
4 109 108 81 531
4 149 277 284 146
4 83 105 38 84
4 293 294 124 639
4 610 609 629 224
4 228 120 29 635
4 111 110 380 404
4 638 537 654 121
4 363 437 147 438
4 87 3 9 102
4 245 106 452 451
4 298 302 645 297
4 662 258 654 520
4 195 18 29 228
4 443 94 252 711
4 126 632 23 125
4 107 82 81 259
4 299 652 304 641
4 445 104 577 512
4 647 660 499 301
4 74 75 523 667
4 88 89 444 694
4 147 166 145 437
4 104 103 604 218
4 39 40 103 218
4 626 600 67 186
4 301 647 660 642
4 472 455 392 157
4 311 499 660 301
4 603 189 211 620
4 115 114 303 351
4 643 662 520 231
4 487 345 360 713
4 106 586 452 451
4 219 34 1 232
4 473 361 344 706
4 131 10 341 702
4 34 109 219 194
4 602 215 189 620
4 378 303 114 351
4 35 34 81 263
4 382 11 22 127
4 131 341 311 312
4 256 36 453 136
4 353 111 380 404
4 513 341 401 702
4 287 239 501 709
4 267 40 143 268
4 165 140 453 454
4 652 304 647 299
4 220 623 611 188
4 23 24 470 125
4 602 208 198 612
4 211 210 189 603
4 520 654 643 420
4 158 281 133 282
4 499 118 647 301
4 590 108 531 259
4 289 386 288 150
4 263 35 140 453
4 0 29 18 228
4 109 81 80 531
4 437 147 166 363
4 472 455 157 285
4 283 133 281 282
4 118 499 300 301
4 603 123 210 625
4 109 80 5 563
4 60 16 177 257
4 214 223 616 608
4 11 22 2 382
4 160 159 281 133
4 133 383 23 283
4 176 455 280 134
4 116 302 117 474
4 307 311 131 642
4 212 21 20 235
4 147 146 284 438
4 499 119 118 583
4 141 40 266 268
4 40 39 103 85
4 216 196 22 605
4 151 363 364 391
4 160 461 383 133
4 607 634 109 219
4 146 277 284 438
4 210 122 123 603
4 84 104 39 85
4 281 383 461 133
4 26 356 291 123
4 126 23 470 125
4 443 252 365 711
4 114 113 379 496
4 275 172 160 276
4 559 79 666 435
4 647 118 300 301
4 167 151 364 391
4 118 117 300 527
4 333 328 327 714
4 80 81 34 263
4 651 302 303 297
4 151 167 166 391
4 304 307 647 301
4 159 281 461 160
4 275 277 278 184
4 448 577 571 588
4 68 69 233 627
4 521 60 177 257
4 67 66 626 235
4 280 281 159 158
4 421 95 251 696
4 293 294 292 124
4 363 151 166 391
4 416 415 388 710
4 571 582 577 446
4 258 537 654 520
4 122 192 121 616
4 82 37 36 256
4 160 281 461 133
4 219 109 607 194
4 82 107 106 451
4 207 619 628 220
4 638 407 449 524
4 204 214 192 617
4 79 78 666 435
4 482 638 420 655
4 83 37 82 256
4 292 469 25 124
4 131 669 10 702
4 189 625 602 620
4 666 73 8 552
4 527 499 583 381
4 141 143 40 268
4 288 284 150 149
4 236 51 71 244
4 447 445 577 512
4 12 0 230 181
4 636 221 204 617
4 574 590 510 259
4 82 106 83 451
4 520 537 654 420
4 15 16 177 227
4 641 442 377 504
4 189 208 215 602
4 442 299 304 641
4 474 117 116 581
4 1 80 34 561
4 645 116 302 298
4 649 124 294 639
4 284 288 279 149
4 245 105 83 84
4 262 511 579 590
4 286 290 26 285
4 202 203 633 201
4 4 5 80 563
4 619 611 628 220
4 547 421 251 696
4 207 628 215 220
4 106 105 83 245
4 351 331 115 580
4 604 218 199 188
4 351 354 114 584
4 356 26 122 123
4 24 23 190 632
4 395 153 171 463
4 474 300 117 527
4 498 33 550 403
4 258 120 7 662
4 584 354 114 580
4 150 174 288 149
4 616 192 214 617
4 51 643 520 231
4 161 383 23 133
4 87 41 3 102
4 559 666 8 101
4 660 10 119 349
4 341 311 10 131
4 174 279 288 149
4 88 9 3 694
4 299 296 298 663
4 620 602 215 628
4 351 114 379 496
4 272 271 146 144
4 25 24 469 282
4 176 278 279 184
4 165 453 136 491
4 9 444 410 110
4 290 472 157 285
4 302 651 116 297
4 234 222 19 186
4 449 650 638 524
4 481 452 595 575
4 120 7 53 258
4 660 119 311 349
4 219 1 21 232
4 511 262 510 590
4 280 159 176 158
4 153 364 395 394
4 595 452 465 575
4 603 210 189 625
4 488 651 297 295
4 155 539 573 171
4 212 219 21 235
4 356 406 407 121
4 127 126 23 471
4 271 145 146 144
4 311 10 660 349
4 472 290 157 372
4 351 114 354 580
4 560 30 31 162
4 214 627 608 617
4 134 455 280 285
4 134 174 455 157
4 493 30 369 329
4 462 160 461 161
4 160 462 185 161
4 288 392 455 174
4 511 591 579 590
4 229 52 258 662
4 139 32 352 163
4 277 279 278 184
4 364 153 167 394
4 273 272 148 156
4 657 651 488 295
4 233 69 18 635
4 10 669 668 702
4 271 145 137 457
4 643 71 72 231
4 450 83 38 84
4 656 638 482 655
4 407 537 638 121
4 122 28 356 121
4 524 638 537 420
4 634 66 5 232
4 569 177 135 464
4 228 69 7 635
4 281 280 159 278
4 157 392 472 138
4 350 474 116 581
4 629 197 213 637
4 80 1 4 561
4 464 395 171 463
4 83 38 37 450
4 420 654 643 655
4 455 176 174 134
4 140 263 453 454
4 616 204 192 617
4 640 113 379 418
4 275 160 461 276
4 616 192 204 621
4 453 256 136 491
4 437 164 145 457
4 116 115 302 331
4 84 512 104 85
4 593 481 595 575
4 104 105 512 84
4 109 598 590 531
4 210 27 26 122
4 303 302 115 331
4 469 470 24 125
4 391 136 166 456
4 39 242 84 85
4 25 286 469 292
4 114 113 496 584
4 531 510 590 259
4 296 659 294 295
4 415 532 254 710
4 356 407 122 121
4 307 642 658 480
4 537 555 258 654
4 437 166 164 456
4 292 25 286 124
4 168 153 395 394
4 36 35 81 453
4 392 288 154 174
4 269 271 137 457
4 456 164 437 457
4 496 113 514 576
4 24 25 158 282
4 469 286 25 282
4 488 378 644 482
4 170 573 539 171
4 116 115 331 587
4 555 120 258 654
4 461 383 462 161
4 222 68 233 627
4 612 190 197 637
4 502 472 392 138
4 469 470 125 377
4 203 192 210 621
4 354 351 496 584
4 620 211 603 633
4 116 331 350 587
4 461 160 462 185
4 122 407 449 638
4 61 17 16 169
4 132 312 307 315
4 113 640 648 418
4 153 168 167 394
4 465 585 105 512
4 462 461 185 276
4 169 177 16 257
4 145 166 164 437
4 233 19 68 222
4 115 114 351 580
4 278 279 280 176
4 173 153 171 395
4 498 550 3 238
4 353 380 111 349
4 332 293 639 295
4 229 7 72 662
4 82 36 81 453
4 610 604 224 199
4 157 154 392 138
4 271 437 145 457
4 230 0 54 243
4 166 167 136 391
4 169 16 61 257
4 662 52 258 520
4 177 173 135 464
4 127 23 22 471
4 645 298 296 663
4 372 157 472 138
4 47 48 65 250
4 290 26 356 291
4 304 442 641 504
4 304 652 646 641
4 432 32 396 549
4 294 649 296 442
4 353 111 10 349
4 279 455 280 176
4 315 11 413 528
4 616 223 121 608
4 497 510 509 574
4 162 31 560 385
4 294 649 659 296
4 273 272 156 270
4 173 521 169 551
4 242 38 39 84
4 123 449 293 650
4 640 418 244 655
4 139 32 31 549
4 650 293 639 332
4 569 521 177 464
4 269 143 270 268
4 650 449 293 332
4 656 638 524 482
4 488 656 657 332
4 585 575 465 105
4 102 86 40 103
4 643 244 520 420
4 166 437 391 456
4 469 24 283 282
4 105 465 512 245
4 115 644 651 303
4 471 382 127 528
4 573 170 155 171
4 293 124 123 639
4 167 168 165 394
4 298 300 117 474
4 331 302 116 350
4 658 315 307 480
4 648 114 113 379
4 158 176 280 134
4 614 633 203 201
4 159 461 281 278
4 470 126 377 504
4 499 119 583 381
4 637 629 197 610
4 640 113 419 379
4 629 213 610 224
4 59 177 521 227
4 652 647 304 646
4 331 115 303 351
4 644 648 656 378
4 654 537 555 121
4 449 650 524 332
4 577 448 446 447
4 470 126 125 377
4 615 211 633 202
4 352 32 412 163
4 122 192 28 121
4 233 195 18 222
4 650 122 449 638
4 120 53 522 258
4 452 481 593 575
4 293 294 639 295
4 379 113 648 418
4 136 164 166 456
4 171 173 395 464
4 278 280 159 176
4 592 497 509 574
4 406 356 28 121
4 590 598 262 531
4 591 510 497 574
4 164 137 145 457
4 341 10 311 349
4 177 173 521 169
4 659 639 294 295
4 297 303 651 488
4 472 502 372 138
4 279 288 455 174
4 480 658 315 528
4 522 7 53 120
4 470 24 283 469
4 354 331 351 580
4 276 275 172 273
4 645 298 297 296
4 639 123 293 650
4 148 160 159 275
4 152 386 539 463
4 663 299 296 442
4 294 649 639 659
4 303 644 651 488
4 646 647 307 642
4 610 213 197 224
4 653 640 661 244
4 105 585 104 512
4 604 610 611 199
4 16 60 61 257
4 203 204 192 621
4 118 119 499 647
4 380 578 596 381
4 105 575 465 245
4 491 167 165 394
4 656 644 378 482
4 288 386 392 154
4 602 208 215 628
4 363 147 284 438
4 276 139 185 385
4 385 139 31 549
4 577 582 571 588
4 156 272 148 144
4 72 52 229 662
4 279 277 284 149
4 643 71 51 244
4 560 31 30 493
4 14 15 135 569
4 297 659 296 295
4 456 391 136 491
4 222 68 627 600
4 161 160 383 133
4 105 106 575 245
4 534 17 61 169
4 591 511 510 590
4 145 437 271 438
4 110 444 410 404
4 40 41 86 102
4 173 177 521 464
4 119 499 311 349
4 363 289 151 364
4 379 648 114 378
4 158 280 281 282
4 39 242 85 267
4 245 512 105 84
4 120 195 29 635
4 127 22 382 471
4 514 379 113 496
4 301 307 647 642
4 0 53 522 7
4 584 576 557 591
4 273 148 172 156
4 496 351 114 584
4 120 29 28 555
4 350 581 587 595
4 497 592 591 574
4 146 147 145 438
4 198 628 611 220
4 276 185 462 385
4 656 488 482 332
4 41 40 266 141
4 256 83 37 450
4 269 137 242 457
4 653 236 71 244
4 166 437 363 391
4 57 58 14 246
4 456 450 164 457
4 12 56 13 142
4 284 289 288 150
4 522 29 7 120
4 177 59 15 227
4 269 267 143 268
4 534 180 17 169
4 587 481 350 595
4 151 153 167 364
4 332 639 657 295
4 628 198 215 220
4 369 2 179 382
4 444 553 9 410
4 364 167 391 394
4 537 407 638 524
4 534 140 169 257
4 643 244 420 655
4 385 276 139 352
4 29 28 223 120
4 620 215 211 207
4 133 159 281 158
4 116 302 474 350
4 391 167 136 491
4 654 643 662 520
4 109 598 531 563
4 627 195 214 608
4 595 465 481 538
4 147 151 166 363
4 418 419 640 244
4 163 33 412 525
4 289 386 152 463
4 663 296 649 442
4 204 636 617 621
4 420 244 418 655
4 386 393 392 155
4 654 555 120 121
4 211 203 603 633
4 172 276 273 352
4 190 197 198 612
4 256 37 36 136
4 600 221 222 186
4 289 152 150 151
4 262 510 590 531
4 155 386 539 152
4 657 488 332 295
4 61 534 169 257
4 284 150 149 147
4 27 157 372 138
4 660 10 311 131
4 154 386 392 155
4 647 307 304 646
4 82 107 451 259
4 307 132 315 658
4 419 661 640 244
4 283 383 23 411
4 140 534 454 257
4 383 461 160 161
4 438 146 277 272
4 560 31 493 385
4 380 596 111 349
4 524 650 656 332
4 491 165 453 454
4 245 83 106 451
4 242 39 38 137
4 0 53 54 522
4 175 554 243 181
4 395 364 153 463
4 311 499 119 660
4 26 290 286 291
4 291 449 293 123
4 144 271 137 269
4 576 557 511 589
4 481 452 465 595
4 300 499 118 527
4 393 502 392 138
4 159 278 176 184
4 132 307 642 658
4 278 148 275 184
4 415 416 532 710
4 640 113 112 419
4 353 10 341 349
4 380 578 381 536
4 176 279 455 174
4 356 26 27 122
4 11 315 658 528
4 121 192 223 616
4 378 114 379 351
4 412 500 352 163
4 603 203 210 621
4 63 45 262 598
4 139 162 185 385
4 157 290 27 372
4 471 480 127 504
4 87 86 102 240
4 281 383 133 283
4 454 168 140 169
4 13 57 14 170
4 163 412 500 525
4 648 656 378 482
4 450 38 37 164
4 246 135 170 171
4 38 242 450 84
4 349 380 596 381
4 657 650 639 332
4 621 203 204 201
4 584 557 497 591
4 108 574 107 259
4 576 496 113 584
4 15 14 58 569
4 432 31 32 549
4 85 40 39 267
4 633 620 211 615
4 550 33 3 238
4 46 63 45 262
4 203 621 614 201
4 127 480 646 504
4 482 648 656 655
4 629 213 197 610
4 582 571 588 583
4 644 303 378 488
4 113 112 419 514
4 454 491 165 394
4 250 557 576 589
4 120 258 654 662
4 103 102 86 240
4 86 445 103 240
4 22 411 382 471
4 169 168 173 551
4 604 218 224 199
4 3 88 498 238
4 456 136 256 491
4 103 104 445 85
4 115 331 587 580
4 159 148 278 184
4 179 30 2 369
4 512 445 104 85
4 496 514 557 576
4 6 661 112 556
4 199 198 611 220
4 144 156 272 270
4 250 48 65 597
4 106 107 586 451
4 169 140 454 257
4 137 145 271 144
4 148 172 160 275
4 162 462 185 385
4 178 33 163 525
4 297 651 659 295
4 169 454 168 551
4 412 33 550 525
4 531 598 262 563
4 656 638 650 524
4 257 169 521 551
4 578 583 381 536
4 644 656 488 482
4 481 350 595 538
4 65 48 6 597
4 657 659 651 295
4 192 214 223 616
4 48 250 556 597
4 40 39 267 143
4 170 539 246 171
4 587 331 481 580
4 276 172 139 352
4 646 126 127 504
4 70 50 236 653
4 270 144 143 269
4 23 24 283 470
4 372 28 27 138
4 300 647 301 652
4 126 470 23 471
4 179 529 369 382
4 658 642 646 480
4 379 113 419 514
4 271 144 270 269
4 537 407 555 121
4 171 152 539 463
4 661 6 572 556
4 170 182 573 155
4 63 46 64 579
4 246 14 57 170
4 418 648 482 655
4 167 165 136 491
4 148 275 272 273
4 161 23 383 411
4 155 393 392 138
4 454 165 168 394
4 491 391 167 394
4 173 521 395 464
4 471 127 126 504
4 503 554 526 175
4 29 7 0 522
4 526 502 182 175
4 51 643 244 520
4 445 104 103 577
4 277 279 184 149
4 300 118 647 652
4 143 156 270 268
4 644 656 657 488
4 586 509 452 451
4 197 612 637 610
4 260 77 78 665
4 549 352 32 412
4 621 633 203 614
4 222 195 214 627
4 172 185 160 276
4 442 663 299 641
4 133 23 24 283
4 315 132 11 658
4 137 143 144 269
4 149 184 277 146
4 297 659 645 296
4 403 33 550 412
4 27 28 356 122
4 570 541 390 697
4 354 481 331 580
4 379 419 640 418
4 555 406 28 121
4 612 198 628 611
4 652 301 300 299
4 648 644 114 378
4 642 307 646 480
4 250 65 47 589
4 539 155 152 171
4 266 238 178 525
4 419 572 661 244
4 288 154 174 150
4 139 31 162 385
4 392 154 155 138
4 268 266 141 525
4 637 612 190 632
4 511 576 589 591
4 230 0 29 181
4 159 148 275 278
4 34 35 140 263
4 482 524 656 332
4 658 480 127 528
4 117 118 588 527
4 352 273 172 183
4 509 452 543 586
4 238 33 3 178
4 497 354 496 584
4 184 279 176 149
4 380 578 110 111
4 224 197 610 199
4 244 643 653 655
4 250 514 556 597
4 263 140 534 454
4 142 554 175 181
4 169 521 177 257
4 461 160 185 276
4 272 271 144 270
4 56 57 13 533
4 18 19 233 222
4 573 539 246 170
4 243 55 230 181
4 593 543 452 586
4 210 211 203 603
4 272 146 148 144
4 594 9 410 110
4 277 275 148 184
4 581 116 350 587
4 117 300 298 652
4 597 250 514 576
4 580 584 354 592
4 86 40 103 85
4 352 32 139 549
4 350 581 595 538
4 139 385 352 549
4 117 474 568 581
4 57 13 533 170
4 573 533 503 170
4 380 110 410 404
4 521 177 59 569
4 497 354 584 592
4 561 1 62 180
4 148 275 277 272
4 126 470 471 504
4 87 9 3 88
4 179 2 22 382
4 448 577 599 447
4 474 117 588 527
4 482 420 418 655
4 580 543 481 593
4 177 135 15 569
4 215 211 189 620
4 446 445 577 447
4 182 142 503 175
4 593 592 543 586
4 578 583 596 381
4 646 307 304 480
4 71 643 653 244
4 64 47 65 589
4 22 161 179 411
4 275 148 172 273
4 113 112 514 576
4 553 87 9 102
4 41 266 238 178
4 533 13 56 142
4 653 640 244 655
4 86 40 85 267
4 146 148 277 272
4 550 33 238 178
4 31 432 385 549
4 445 577 582 446
4 299 298 652 663
4 576 511 557 591
4 290 27 26 157
4 454 169 257 551
4 236 71 70 653
4 638 122 407 121
4 432 493 31 385
4 647 301 652 299
4 28 27 192 122
4 527 583 571 381
4 556 6 48 597
4 103 445 577 582
4 155 154 386 152
4 410 240 594 536
4 503 182 573 170
4 412 32 33 163
4 661 6 70 572
4 1 17 62 180
4 41 87 86 102
4 103 445 86 85
4 410 240 553 594
4 111 596 10 349
4 554 503 142 175
4 177 15 59 569
4 453 82 36 256
4 64 46 47 545
4 35 36 165 453
4 243 526 554 175
4 172 139 185 276
4 481 354 543 580
4 246 135 14 170
4 243 230 29 181
4 352 172 139 183
4 223 28 192 121
4 266 87 41 238
4 561 34 1 180
4 641 646 304 504
4 183 352 273 500
4 127 11 658 528
4 178 141 266 525
4 120 522 29 555
4 270 156 500 268
4 349 596 119 381
4 381 583 571 536
4 596 119 10 349
4 108 109 590 531
4 543 580 592 593
4 372 526 28 138
4 174 176 279 149
4 266 41 141 178
4 406 28 29 555
4 557 250 511 589
4 588 474 527 568
4 585 465 447 512
4 117 298 645 652
4 592 584 497 591
4 230 29 0 243
4 123 122 449 650
4 496 557 497 584
4 445 103 240 582
4 87 3 41 238
4 582 240 445 446
4 531 108 81 259
4 62 4 1 561
4 653 50 236 244
4 76 75 667 247
4 119 499 349 381
4 574 510 509 259
4 568 588 117 581
4 354 497 543 592
4 526 182 503 175
4 86 87 41 266
4 57 533 246 170
4 592 509 543 586
4 394 395 168 551
4 22 23 161 411
4 152 171 153 463
4 11 565 413 528
4 356 27 26 290
4 502 182 503 526
4 650 657 656 332
4 298 645 652 663
4 228 18 69 635
4 153 173 168 395
4 545 64 46 579
4 511 545 262 579
4 350 331 481 587
4 572 6 49 556
4 386 539 393 155
4 598 109 5 563
4 211 203 633 202
4 267 86 40 266
4 300 117 118 652
4 442 649 663 641
4 583 571 588 527
4 418 648 378 482
4 263 81 35 453
4 591 589 511 579
4 61 62 17 534
4 522 406 29 555
4 3 87 88 238
4 557 496 576 584
4 474 588 117 568
4 653 70 50 661
4 55 12 230 181
4 238 3 41 178
4 168 140 165 454
4 597 514 112 576
4 410 578 110 380
4 569 135 246 464
4 350 568 474 581
4 661 70 50 572
4 9 553 102 594
4 395 521 173 551
4 657 651 644 488
4 214 204 221 617
4 378 379 648 418
4 572 112 661 556
4 182 393 573 155
4 356 407 449 122
4 5 4 45 563
4 471 127 480 528
4 142 12 56 554
4 183 139 352 163
4 470 411 23 471
4 590 510 591 574
4 300 298 652 299
4 580 354 543 592
4 481 587 580 593
4 156 143 141 268
4 140 180 34 263
4 9 87 553 88
4 583 588 118 527
4 47 64 545 589
4 598 45 262 563
4 447 599 448 538
4 45 63 5 598
4 49 70 6 572
4 497 509 543 592
4 184 148 277 146
4 646 641 126 504
4 0 54 29 522
4 156 500 273 270
4 553 9 410 594
4 571 448 588 527
4 138 526 28 175
4 411 22 23 471
4 250 47 545 589
4 268 141 500 525
4 86 41 40 266
4 180 17 62 534
4 9 553 444 88
4 645 651 659 297
4 627 635 195 608
4 65 250 597 589
4 633 203 603 621
4 29 243 406 522
4 538 447 599 585
4 304 646 480 504
4 511 510 497 591
4 543 452 481 593
4 462 162 560 385
4 500 183 352 163
4 418 640 648 655
4 46 63 262 579
4 534 140 180 169
4 545 511 589 579
4 556 112 6 597
4 143 156 144 270
4 2 369 368 382
4 141 500 156 268
4 529 179 161 411
4 173 171 135 464
4 102 553 87 240
4 178 238 550 525
4 598 5 45 563
4 411 23 283 470
4 29 54 243 522
4 240 102 553 594
4 596 583 119 381
4 250 557 514 576
4 182 503 393 502
4 406 555 407 121
4 574 509 592 586
4 240 103 102 582
4 163 500 141 525
4 659 657 639 295
4 393 503 182 573
4 30 560 493 369
4 29 54 0 243
4 185 462 162 161
4 59 15 58 569
4 598 262 63 579
4 296 649 659 663
4 410 578 380 536
4 171 539 464 463
4 594 410 578 110
4 596 578 380 111
4 290 356 27 372
4 180 561 34 263
4 48 49 6 556
4 142 533 13 170
4 180 62 561 534
4 70 49 50 572
4 583 578 582 536
4 586 452 593 575
4 538 465 447 585
4 502 526 372 138
4 556 514 112 597
4 659 645 296 663
4 575 452 465 245
4 138 182 502 175
4 142 56 533 554
4 179 560 30 369
4 594 578 410 536
4 502 393 182 138
4 180 140 534 263
4 565 11 382 528
4 565 11 2 382
4 173 168 395 551
4 531 80 109 563
4 555 120 522 258
4 573 393 539 155
4 161 462 162 529
4 595 587 481 593
4 250 545 511 589
4 112 661 640 419
4 447 577 599 585
4 273 183 500 156
4 511 497 557 591
4 526 29 28 175
4 8 79 666 559
4 162 560 30 179
4 223 214 195 608
4 652 299 663 641
4 599 595 538 585
4 568 448 599 538
4 599 577 448 588
4 243 526 29 406
4 179 161 162 529
4 661 112 572 419
4 178 550 33 525
4 529 161 383 411
4 646 658 480 127
4 579 598 262 590
4 589 64 545 579
4 383 462 161 529
4 141 183 500 163
4 582 571 583 536
4 112 419 514 556
4 526 28 29 406
4 565 2 368 382
4 534 561 180 263
4 112 572 419 556
4 243 29 526 175
4 163 141 178 525
4 561 80 34 263
4 576 597 250 589
4 560 162 462 529
4 594 240 582 536
4 594 582 578 536
4 595 581 599 538
4 538 595 465 585
4 262 545 46 579
4 554 142 12 181
4 168 454 394 551
4 183 273 172 156
4 554 55 243 181
4 32 396 549 412
4 162 560 179 529
4 155 182 393 138
4 599 588 568 581
4 12 55 56 554
4 500 183 141 156
4 536 240 582 446
4 372 28 526 406
4 175 243 29 181
4 560 179 529 369
4 527 448 588 568
4 575 465 595 585
4 502 526 138 175
4 588 448 599 568
4 582 102 240 594
4 568 599 581 538
4 581 350 568 538
4 12 55 554 181
4 533 503 142 554
4 582 571 536 446
4 573 246 533 170
4 248 713 477 476
4 477 713 248 676
4 689 367 698 371
4 689 698 367 674
4 688 699 264 428
4 264 699 688 674
4 698 492 458 366
4 698 458 492 675
4 710 92 685 254
4 710 685 92 709
4 713 477 478 676
4 713 478 477 399
4 712 468 370 516
4 712 370 468 688
4 702 519 697 677
4 702 697 519 401
4 685 92 501 93
4 685 501 92 709
4 709 305 506 287
4 709 506 305 695
4 707 43 226 225
4 707 226 43 680
4 434 400 676 546
4 434 676 400 374
4 209 609 630 191
4 209 630 609 606
4 193 605 629 196
4 629 605 193 624
4 586 259 574 509
4 574 259 586 107
4 194 622 626 205
4 194 626 622 607
4 188 619 206 207
4 188 206 619 623
4 377 641 649 442
4 377 649 641 125
4 124 377 469 125
4 469 377 124 292
4 188 104 38 623
4 188 38 104 39
4 208 124 189 25
4 208 189 124 602
4 625 124 189 602
4 42 631 624 216
4 42 624 631 130
4 282 133 24 283
4 282 24 133 158
4 128 217 209 630
4 209 217 128 44
4 206 619 615 207
4 206 615 619 618
4 25 285 26 134
4 26 285 25 286
4 210 616 621 192
4 210 621 616 603
4 632 208 612 190
4 632 612 208 602
4 134 282 280 158
4 280 282 134 285
4 377 649 124 294
4 377 124 649 125
4 26 285 157 134
4 157 285 26 290
4 291 124 293 292
4 293 124 291 123
4 223 120 195 29
4 223 195 120 608
4 420 654 638 537
4 638 654 420 655
4 642 311 301 307
4 642 301 311 660
4 246 171 464 135
4 464 171 246 539
4 207 628 620 215
4 207 620 628 619
4 626 194 219 607
4 219 194 626 212
4 219 634 626 607
4 123 356 449 122
4 123 449 356 291
4 631 22 605 216
4 631 605 22 127
4 217 102 191 630
4 217 191 102 41
4 569 14 246 135
4 569 246 14 58
4 66 219 232 634
4 232 219 66 21
4 219 109 232 634
4 219 232 109 34
4 503 170 142 182
4 142 170 503 533
4 244 661 50 572
4 244 50 661 653
4 122 192 210 27
4 210 192 122 616
4 28 356 372 27
4 28 372 356 406
4 411 179 382 529
4 411 382 179 22
4 124 189 26 625
4 124 26 189 25
4 626 219 235 634
4 235 219 626 212

CELL_TYPES 3733
1
1
1
1
1
1
1
1
1
1
1
1
3
3
3
3
3
3
3
3
3
3
3
3
3
3
3
3
3
3
3
3
3
3
3
3
3
3
3
3
3
3
3
3
3
3
3
3
3
3
3
3
3
3
3
3
3
3
3
3
3
3
3
3
3
3
3
3
3
3
3
3
3
3
3
3
3
3
3
3
3
3
3
3
3
3
3
3
3
3
3
3
3
3
3
3
3
3
3
3
3
3
3
3
3
3
3
3
3
3
3
3
3
3
3
3
3
3
3
3
3
3
3
3
3
3
3
3
3
3
3
3
3
3
3
3
3
3
3
3
3
3
3
3
3
3
3
3
3
3
3
5
5
5
5
5
5
5
5
5
5
5
5
5
5
5
5
5
5
5
5
5
5
5
5
5
5
5
5
5
5
5
5
5
5
5
5
5
5
5
5
5
5
5
5
5
5
5
5
5
5
5
5
5
5
5
5
5
5
5
5
5
5
5
5
5
5
5
5
5
5
5
5
5
5
5
5
5
5
5
5
5
5
5
5
5
5
5
5
5
5
5
5
5
5
5
5
5
5
5
5
5
5
5
5
5
5
5
5
5
5
5
5
5
5
5
5
5
5
5
5
5
5
5
5
5
5
5
5
5
5
5
5
5
5
5
5
5
5
5
5
5
5
5
5
5
5
5
5
5
5
5
5
5
5
5
5
5
5
5
5
5
5
5
5
5
5
5
5
5
5
5
5
5
5
5
5
5
5
5
5
5
5
5
5
5
5
5
5
5
5
5
5
5
5
5
5
5
5
5
5
5
5
5
5
5
5
5
5
5
5
5
5
5
5
5
5
5
5
5
5
5
5
5
5
5
5
5
5
5
5
5
5
5
5
5
5
5
5
5
5
5
5
5
5
5
5
5
5
5
5
5
5
5
5
5
5
5
5
5
5
5
5
5
5
5
5
5
5
5
5
5
5
5
5
5
5
5
5
5
5
5
5
5
5
5
5
5
5
5
5
5
5
5
5
5
5
5
5
5
5
5
5
5
5
5
5
5
5
5
5
5
5
5
5
5
5
5
5
5
5
5
5
5
5
5
5
5
5
5
5
5
5
5
5
5
5
5
5
5
5
5
5
5
5
5
5
5
5
5
5
5
5
5
5
5
5
5
5
5
5
5
5
5
5
5
5
5
5
5
5
5
5
5
5
5
5
5
5
5
5
5
5
5
5
5
5
5
5
5
5
5
5
5
5
5
5
5
5
5
5
5
5
5
5
5
5
5
5
5
5
5
5
5
5
5
5
5
5
5
5
5
5
5
5
5
5
5
5
5
5
5
5
5
5
5
5
5
5
5
5
5
5
5
5
5
5
5
5
5
5
5
5
5
5
5
5
5
5
5
5
5
5
5
5
5
5
5
5
5
5
5
5
5
5
5
5
5
5
5
5
5
5
5
5
5
5
5
5
5
5
5
5
5
5
5
5
5
5
5
5
5
5
5
5
5
5
5
5
5
5
5
5
5
5
5
5
5
5
5
5
5
5
5
5
5
5
5
5
5
5
5
5
5
5
5
5
5
5
5
5
5
5
5
5
5
5
5
5
5
5
5
5
5
5
5
5
5
5
5
5
5
5
5
5
5
5
5
5
5
5
5
5
5
5
5
5
5
5
5
5
5
5
5
5
5
5
5
5
5
5
5
5
5
5
5
5
5
5
5
5
5
5
5
5
5
5
5
5
5
5
5
5
5
5
5
5
5
5
5
5
5
5
5
5
5
5
5
5
5
5
5
5
5
5
5
5
5
5
5
5
5
5
5
5
5
5
5
5
5
5
5
5
5
5
5
5
5
5
5
5
5
5
5
5
5
5
5
5
5
5
5
5
5
5
5
5
5
5
5
5
5
5
5
5
5
5
5
5
5
5
5
5
5
5
5
5
5
5
5
5
5
5
5
5
5
5
5
5
5
5
5
5
5
5
5
5
5
5
5
5
5
5
5
5
5
5
5
5
5
5
5
5
5
5
5
5
5
5
5
5
5
5
5
5
5
5
5
5
5
5
5
5
5
5
5
5
5
5
5
5
5
5
5
5
5
5
5
5
5
5
5
5
5
5
5
5
5
5
5
5
5
5
5
5
5
5
5
5
5
5
5
5
5
5
5
5
5
5
5
5
5
5
5
5
5
5
5
5
5
5
5
5
5
5
5
5
5
5
5
5
5
5
5
5
5
5
5
5
5
5
5
5
5
5
5
5
5
5
5
5
5
5
5
5
5
5
5
5
5
5
5
5
5
5
5
5
5
5
5
5
5
5
5
5
5
5
5
5
5
5
5
5
5
5
5
5
5
5
5
5
5
5
5
5
5
5
5
5
5
5
5
5
5
5
5
5
5
5
5
5
5
5
5
5
5
5
5
5
5
5
5
5
5
5
5
5
5
5
5
5
5
5
5
5
5
5
5
5
5
5
5
5
5
5
5
5
5
5
5
5
5
5
5
5
5
5
5
5
5
5
5
5
5
5
5
5
5
5
5
5
5
5
5
5
5
5
5
5
5
5
5
5
5
5
5
5
5
5
5
5
5
5
5
5
5
5
5
5
5
5
5
5
5
5
5
5
5
5
5
5
5
5
5
5
5
5
5
5
5
5
5
5
5
5
5
5
5
5
5
5
5
5
5
5
5
5
5
5
5
5
5
5
5
5
5
5
5
5
5
5
5
5
5
5
5
5
5
5
5
5
5
5
5
5
5
5
5
5
5
5
5
5
5
5
5
5
5
5
5
5
5
5
5
5
5
5
5
5
5
5
5
5
5
5
5
5
5
5
5
5
5
5
5
5
5
5
5
5
5
5
5
5
5
5
5
5
5
5
5
5
5
5
5
5
5
5
5
5
5
5
5
5
5
5
5
5
5
5
5
5
5
5
5
5
5
5
5
5
5
5
5
5
5
5
5
5
5
5
5
5
5
5
5
5
5
5
5
5
5
5
5
5
5
5
5
5
5
5
5
5
5
5
5
5
5
5
5
5
5
5
5
5
5
5
5
5
5
5
5
5
5
5
5
5
5
5
5
5
5
5
5
5
5
5
5
5
5
5
5
5
5
5
5
5
5
5
5
5
5
5
5
5
5
5
5
5
5
5
5
5
5
5
5
5
5
5
5
5
5
5
5
5
5
5
5
5
5
5
5
5
5
5
5
5
5
5
5
5
5
5
5
5
5
5
5
5
5
5
5
5
5
5
5
5
5
5
5
5
5
5
5
5
5
5
5
5
5
5
5
5
5
5
5
5
5
5
5
5
5
5
5
5
5
5
5
5
5
5
5
5
5
5
5
5
5
5
5
5
5
5
5
5
5
5
5
5
5
5
5
5
5
5
5
5
5
5
5
5
10
10
10
10
10
10
10
10
10
10
10
10
10
10
10
10
10
10
10
10
10
10
10
10
10
10
10
10
10
10
10
10
10
10
10
10
10
10
10
10
10
10
10
10
10
10
10
10
10
10
10
10
10
10
10
10
10
10
10
10
10
10
10
10
10
10
10
10
10
10
10
10
10
10
10
10
10
10
10
10
10
10
10
10
10
10
10
10
10
10
10
10
10
10
10
10
10
10
10
10
10
10
10
10
10
10
10
10
10
10
10
10
10
10
10
10
10
10
10
10
10
10
10
10
10
10
10
10
10
10
10
10
10
10
10
10
10
10
10
10
10
10
10
10
10
10
10
10
10
10
10
10
10
10
10
10
10
10
10
10
10
10
10
10
10
10
10
10
10
10
10
10
10
10
10
10
10
10
10
10
10
10
10
10
10
10
10
10
10
10
10
10
10
10
10
10
10
10
10
10
10
10
10
10
10
10
10
10
10
10
10
10
10
10
10
10
10
10
10
10
10
10
10
10
10
10
10
10
10
10
10
10
10
10
10
10
10
10
10
10
10
10
10
10
10
10
10
10
10
10
10
10
10
10
10
10
10
10
10
10
10
10
10
10
10
10
10
10
10
10
10
10
10
10
10
10
10
10
10
10
10
10
10
10
10
10
10
10
10
10
10
10
10
10
10
10
10
10
10
10
10
10
10
10
10
10
10
10
10
10
10
10
10
10
10
10
10
10
10
10
10
10
10
10
10
10
10
10
10
10
10
10
10
10
10
10
10
10
10
10
10
10
10
10
10
10
10
10
10
10
10
10
10
10
10
10
10
10
10
10
10
10
10
10
10
10
10
10
10
10
10
10
10
10
10
10
10
10
10
10
10
10
10
10
10
10
10
10
10
10
10
10
10
10
10
10
10
10
10
10
10
10
10
10
10
10
10
10
10
10
10
10
10
10
10
10
10
10
10
10
10
10
10
10
10
10
10
10
10
10
10
10
10
10
10
10
10
10
10
10
10
10
10
10
10
10
10
10
10
10
10
10
10
10
10
10
10
10
10
10
10
10
10
10
10
10
10
10
10
10
10
10
10
10
10
10
10
10
10
10
10
10
10
10
10
10
10
10
10
10
10
10
10
10
10
10
10
10
10
10
10
10
10
10
10
10
10
10
10
10
10
10
10
10
10
10
10
10
10
10
10
10
10
10
10
10
10
10
10
10
10
10
10
10
10
10
10
10
10
10
10
10
10
10
10
10
10
10
10
10
10
10
10
10
10
10
10
10
10
10
10
10
10
10
10
10
10
10
10
10
10
10
10
10
10
10
10
10
10
10
10
10
10
10
10
10
10
10
10
10
10
10
10
10
10
10
10
10
10
10
10
10
10
10
10
10
10
10
10
10
10
10
10
10
10
10
10
10
10
10
10
10
10
10
10
10
10
10
10
10
10
10
10
10
10
10
10
10
10
10
10
10
10
10
10
10
10
10
10
10
10
10
10
10
10
10
10
10
10
10
10
10
10
10
10
10
10
10
10
10
10
10
10
10
10
10
10
10
10
10
10
10
10
10
10
10
10
10
10
10
10
10
10
10
10
10
10
10
10
10
10
10
10
10
10
10
10
10
10
10
10
10
10
10
10
10
10
10
10
10
10
10
10
10
10
10
10
10
10
10
10
10
10
10
10
10
10
10
10
10
10
10
10
10
10
10
10
10
10
10
10
10
10
10
10
10
10
10
10
10
10
10
10
10
10
10
10
10
10
10
10
10
10
10
10
10
10
10
10
10
10
10
10
10
10
10
10
10
10
10
10
10
10
10
10
10
10
10
10
10
10
10
10
10
10
10
10
10
10
10
10
10
10
10
10
10
10
10
10
10
10
10
10
10
10
10
10
10
10
10
10
10
10
10
10
10
10
10
10
10
10
10
10
10
10
10
10
10
10
10
10
10
10
10
10
10
10
10
10
10
10
10
10
10
10
10
10
10
10
10
10
10
10
10
10
10
10
10
10
10
10
10
10
10
10
10
10
10
10
10
10
10
10
10
10
10
10
10
10
10
10
10
10
10
10
10
10
10
10
10
10
10
10
10
10
10
10
10
10
10
10
10
10
10
10
10
10
10
10
10
10
10
10
10
10
10
10
10
10
10
10
10
10
10
10
10
10
10
10
10
10
10
10
10
10
10
10
10
10
10
10
10
10
10
10
10
10
10
10
10
10
10
10
10
10
10
10
10
10
10
10
10
10
10
10
10
10
10
10
10
10
10
10
10
10
10
10
10
10
10
10
10
10
10
10
10
10
10
10
10
10
10
10
10
10
10
10
10
10
10
10
10
10
10
10
10
10
10
10
10
10
10
10
10
10
10
10
10
10
10
10
10
10
10
10
10
10
10
10
10
10
10
10
10
10
10
10
10
10
10
10
10
10
10
10
10
10
10
10
10
10
10
10
10
10
10
10
10
10
10
10
10
10
10
10
10
10
10
10
10
10
10
10
10
10
10
10
10
10
10
10
10
10
10
10
10
10
10
10
10
10
10
10
10
10
10
10
10
10
10
10
10
10
10
10
10
10
10
10
10
10
10
10
10
10
10
10
10
10
10
10
10
10
10
10
10
10
10
10
10
10
10
10
10
10
10
10
10
10
10
10
10
10
10
10
10
10
10
10
10
10
10
10
10
10
10
10
10
10
10
10
10
10
10
10
10
10
10
10
10
10
10
10
10
10
10
10
10
10
10
10
10
10
10
10
10
10
10
10
10
10
10
10
10
10
10
10
10
10
10
10
10
10
10
10
10
10
10
10
10
10
10
10
10
10
10
10
10
10
10
10
10
10
10
10
10
10
10
10
10
10
10
10
10
10
10
10
10
10
10
10
10
10
10
10
10
10
10
10
10
10
10
10
10
10
10
10
10
10
10
10
10
10
10
10
10
10
10
10
10
10
10
10
10
10
10
10
10
10
10
10
10
10
10
10
10
10
10
10
10
10
10
10
10
10
10
10
10
10
10
10
10
10
10
10
10
10
10
10
10
10
10
10
10
10
10
10
10
10
10
10
10
10
10
10
10
10
10
10
10
10
10
10
10
10
10
10
10
10
10
10
10
10
10
10
10
10
10
10
10
10
10
10
10
10
10
10
10
10
10
10
10
10
10
10
10
10
10
10
10
10
10
10
10
10
10
10
10
10
10
10
10
10
10
10
10
10
10
10
10
10
10
10
10
10
10
10
10
10
10
10
10
10
10
10
10
10
10
10
10
10
10
10
10
10
10
10
10
10
10
10
10
10
10
10
10
10
10
10
10
10
10
10
10
10
10
10
10
10
10
10
10
10
10
10
10
10
10
10
10
10
10
10
10
10
10
10
10
10
10
10
10
10
10
10
10
10
10
10
10
10
10
10
10
10
10
10
10
10
10
10
10
10
10
10
10
10
10
10
10
10
10
10
10
10
10
10
10
10
10
10
10
10
10
10
10
10
10
10
10
10
10
10
10
10
10
10
10
10
10
10
10
10
10
10
10
10
10
10
10
10
10
10
10
10
10
10
10
10
10
10
10
10
10
10
10
10
10
10
10
10
10
10
10
10
10
10
10
10
10
10
10
10
10
10
10
10
10
10
10
10
10
10
10
10
10
10
10
10
10
10
10
10
10
10
10
10
10
10
10
10
10
10
10
10
10
10
10
10
10
10
10
10
10
10
10
10
10
10
10
10
10
10
10
10
10
10
10
10
10
10
10
10
10
10
10
10
10
10
10
10
10
10
10
10
10
10
10
10
10
10
10
10
10
10
10
10
10
10
10
10
10
10
10
10
10
10
10
10
10
10
10
10
10
10
10
10
10
10
10
10
10
10
10
10
10
10
10
10
10
10
10
10
10
10
10
10
10
10
10
10
10
10
10
10
10
10
10
10
10
10
10
10
10
10
10
10
10
10
10
10
10
10
10
10
10
10
10
10
10
10
10
10
10
10
10
10
10
10
10
10
10
10
10
10
10
10
10
10
10
10
10
10
10
10
10
10
10
10
10
10
10
10
10
10
10
10
10
10
10
10
10
10
10
10
10
10
10
10
10
10
10
10
10
10
10
10
10
10
10
10
10
10
10
10
10
10
10
10
10
10
10
10
10
10
10
10
10
10
10
10
10
10
10
10
10
10
10
10
10
10
10
10
10
10
10
10
10
10
10
10
10
10
10
10
10
10
10
10
10
10
10
10
10
10
10
10
10
10
10
10
10
10
10
10
10
10
10
10
10
10
10
10
10
10
10
10
10
10
10
10
10
10
10
10
10
10
10
10
10
10
10
10
10
10
10
10
10
10
10
10
10
10
10
10
10
10
10
10
10
10
10
10
10
10
10
10
10
10
10
10
10
10
10
10
10
10
10
10
10
10
10
10
10
10
10
10
10
10
10
10
10
10
10
10
10
10
10
10
10
10
10
10
10
10
10
10
10
10
10
10
10
10
10
10
10
10
10
10
10
10
10
10
10
10
10
10
10
10
10
10
10
10
10
10
10
10
10
10
10
10
10
10
10
10
10
10
10
10
10
10
10
10
10
10
10
10
10
10
10
10
10
10
10
10
10
10
10
10
10
10
10
10
10
10
10
10
10
10
10
10
10
10
10
10
10
10
10
10
10
10
10
10
10
10
10
10
10
10
10
10
10
10
10
10
10
10
10
10
10
10
10
10
10
10
10
10
10
10
10
10
10
10
10
10
10
10
10
10
10
10
10
10
10
10
10
10
10
10
10
10
10
10
10
10
10
10
10
10
10
10
10
10
10
10
10
10
10
10
10
10
10
10
10
10
10
10
10
10
10
10
10
10
10
10
10
10
10
10
10
10
10
10
10
10
10
10
10
10
10
10
10
10
10
10
10
10
10
10
10
10
10
10
10
10
10
10
10
10
10
10
10
10
10
10
10
10
10
10
10
10
10
10
10
10
10
10
10
10
10
10
10
10
10
10
10
10
10
10
10
10
10
10
10
10
10
10
10
10
10
10
10
10
10
10
10
10
10
10
10
10
10
10
10
10
10
10
10
10
10
10
10
10
10
10
10
10
10
10
10
10
10
10
10
10
10
10
10
10
10
10
10
10
10
