# vtk DataFile Version 2.0
whisker_body, Created by Gmsh 4.13.1 
ASCII
DATASET UNSTRUCTURED_GRID
POINTS 696 double
-9.380831519646884 -1.49999999999992 0
9.380831519646883 -1.499999999999922 0
-7.782733123362844 -1.499999999999845 20
7.782733123362846 -1.499999999999844 20
12 0 0
9.380831519646888 1.499999999999912 0
0 9.5 0
-9.380831519646886 1.499999999999914 0
4.12982931753815 0 100
7.78273312336271 1.500000000000195 20
0 7.92596586350763 20
-7.782733123362711 1.500000000000192 20
-8.038537166172308 -5.062797668094835 0
-5.405152974387317 -7.812446564519462 0
-1.903633457046841 -9.307318607483676 0
1.903633457046822 -9.307318607483682 0
5.405152974387304 -7.81244656451947 0
8.038537166172301 -5.062797668094844 0
-5.628498911788131 -1.5 0
-1.876166303929377 -1.5 0
1.876166303929375 -1.5 0
5.62849891178813 -1.5 0
-8.049737127813822 -1.5 16.66672026676324
-8.316445900489647 -1.5 13.33341607605576
-8.582887036055228 -1.5 10.00008873462994
-8.849084393653092 -1.5 6.666744232622278
-9.115059676373431 -1.5 3.333379705389447
-6.307180732240115 -4.800042299849793 20
-3.519656478797772 -7.101616234403624 20
-1.856983046060794e-14 -7.92596586350763 20
3.519656478797745 -7.101616234403638 20
6.307180732240105 -4.800042299849807 20
9.115059676373431 -1.5 3.333379705389447
8.849084393653092 -1.5 6.666744232622278
8.582887036055228 -1.5 10.00008873462994
8.316445900489642 -1.5 13.33341607605581
8.049737127813822 -1.5 16.66672026676324
-3.891366561681421 -1.5 20
0 -1.5 20
3.891366561681423 -1.5 20
11.34980690040761 3.896393630456207 0
9.469686112756717 7.370552552276022 0
6.563377897469113 10.04599773915035 0
2.945825845689581 11.63280319127197 0
-0.9909521456679979 11.95901391608004 0
-4.820345095835646 10.98927991986068 0
-8.127378859508902 8.82868692807757 0
-10.55368501447787 5.71136871644487 0
-11.83633564083267 1.975135083368787 0
-11.83633564083267 -1.975135083368821 0
-10.55368501447786 -5.711368716444897 0
-8.12737885950888 -8.828686928077589 0
-4.820345095835619 -10.9892799198607 0
-0.9909521456679715 -11.95901391608004 0
2.945825845689616 -11.63280319127196 0
6.563377897469155 -10.04599773915032 0
9.469686112756747 -7.370552552275983 0
11.34980690040762 -3.896393630456205 0
8.283559167353857 4.651091003296739 0
6.164414002969012 7.228416147400448 0
3.284817087730742 8.914032572307111 0
5.628498911788133 1.5 0
1.876166303929379 1.5 0
-1.876166303929375 1.5 0
-5.62849891178813 1.5 0
-3.284817087730742 8.914032572307111 0
-6.164414002969012 7.22841614740045 0
-8.283559167353854 4.651091003296747 0
2.574906462902252 3.228830577670782 100
-0.9189734768187546 4.026285874214754 100
-3.720847644852559 1.791865786210781 100
-3.720847644852582 -1.791865786210735 100
-0.9189734768187868 -4.026285874214746 100
2.574906462902235 -3.228830577670795 100
11.69730112759762 0 3.846153846153846
11.39460225519524 0 7.692307692307693
11.09190338279286 0 11.53846153846154
10.78920451039049 0 15.38461538461539
10.48650563798811 0 19.23076923076923
10.18380676558573 0 23.07692307692308
9.881107893183348 0 26.92307692307692
9.578409020780969 0 30.76923076923077
9.27571014837859 0 34.61538461538461
8.973011275976212 0 38.46153846153846
8.670312403573833 0 42.30769230769231
8.367613531171454 0 46.15384615384615
8.064914658769075 0 50
7.762215786366696 0 53.84615384615385
7.459516913964317 0 57.69230769230769
7.156818041561938 0 61.53846153846154
6.85411916915956 0 65.38461538461539
6.551420296757181 0 69.23076923076923
6.248721424354802 0 73.07692307692308
5.946022551952423 0 76.92307692307692
5.643323679550044 0 80.76923076923077
5.340624807147665 0 84.61538461538461
5.037925934745286 0 88.46153846153847
4.735227062342908 0 92.30769230769231
4.432528189940529 0 96.15384615384616
8.049737127813822 1.5 16.66672026676324
8.316445900489647 1.5 13.33341607605576
8.582887036055228 1.5 10.00008873462994
8.849084393653092 1.5 6.666744232622278
9.115059676373431 1.5 3.333379705389447
6.307180732239965 4.800042299849989 20
3.519656478797663 7.101616234403679 20
0 9.237660977251272 3.333333333333333
0 8.975321954502544 6.666666666666667
0 8.712982931753814 10
0 8.450643909005086 13.33333333333333
0 8.188304886256358 16.66666666666667
-9.115059676373431 1.5 3.333379705389447
-8.849084393653092 1.5 6.666744232622278
-8.582887036055228 1.5 10.00008873462994
-8.316445900489642 1.5 13.33341607605581
-8.049737127813822 1.5 16.66672026676324
3.891366561681354 1.5 20
0 1.5 20
-3.891366561681355 1.5 20
-3.519656478797651 7.101616234403684 20
-6.307180732239955 4.800042299850005 20
0.01115239686077655 -9.247107916786165 3.213213134659468
7.222606559275151 -4.710076722797811 11.14721754898287
-7.565260121793177 -4.073796850563925 11.53241483996392
-1.774633942751577 -7.97739861382187 16.86868548831551
6.673630370101434 -6.391446101097919 3.296513936671634
-6.673630370101443 -6.391446101097907 3.296513936671632
5.201605791063075 -6.299863793967307 16.90229543452389
1.9224624531093 -7.942799564963168 16.87201854860079
0.03194690321338283 -8.41280181140989 13.81339204498025
-3.201762774946126 -7.794597877917288 13.63925227602481
-1.227117007576473 -8.585661701385458 10.50914913966161
2.129466898557121 -8.397587655840683 10.63029823702801
0.1145951583570524 -8.901036113102336 7.601185181877151
-3.461296117095241 -8.211180545336171 7.485283709538498
3.633057276051097 -8.129183868580427 7.571813819195181
-5.107365420921744 -6.382414434607969 16.84367126684113
3.356374117576393 -7.71843360331751 13.76566900974176
4.979306687491436 -7.088879172224295 10.63646181869321
6.551700236951072 -6.044588922735175 7.444100367514341
7.22503738114822 -4.139237356040618 14.90779467321893
-7.774216505638295 -4.228602041359981 8.261174129761704
-5.184026835535167 -7.009876607622603 9.92970805817302
-7.165129378711881 -4.234548057271279 14.95661721290116
3.615877677176826 -8.514497006543456 3.170554935065162
-3.661956055838038 -8.47279749575749 3.42701382964961
8.163840533793085 -4.04137904424726 4.963135294682586
-8.08290532476653 -4.191015294919088 5.021084157300255
-6.153349811698356 -6.551161406168134 6.507495442048877
8.019280071163431 -3.739991554922072 8.277778309635307
-5.876952175973227 -6.094177053847471 13.13491024194721
5.787943525637975 -6.166667352737258 13.24714220821465
7.129339700682005 -3.873655270981521 17.61417154719973
-7.093714931180156 -3.944603944918406 17.5765924818983
1.920441021253517 -8.864584153934166 5.460834084612601
4.747381837167302 -7.731510128429362 5.429362765573208
-1.675889847003251 -8.909427192321836 5.51859681509709
8.380286026437208 -4.028107435849484 2.565259891628513
-8.376768053920035 -4.035151226912117 2.56673230709783
-5.562922059730372 -1.5 11.4360077530728
5.62909931527825 -1.5 8.043727701116083
2.045442664428574 -1.5 16.63849926360215
0.06372655587867015 -1.5 3.175184646307508
-6.159042357510664 -1.5 4.921985518581374
5.610768765517886 -1.5 4.338044933187148
2.300647093457984 -1.5 6.032059853238589
2.687013805356615 -1.5 9.771612042581584
-0.2989318291647578 -1.5 8.360161582904528
-0.1279214059968563 -1.5 11.35617235158075
5.296365760056496 -1.5 14.7690916271527
-1.997555656088513 -1.5 16.65873002976994
-5.883730953147858 -1.5 8.131765222182921
-3.218622048350063 -1.5 6.615789720084334
-5.296632160744402 -1.5 14.76911294275918
5.591760820130986 -1.5 11.46607822955295
-3.393570007540529 -1.5 3.049635166181659
-3.059506473282102 -1.5 9.68427520841113
-2.672049316494767 -1.5 13.0862470336912
2.58415058347491 -1.5 13.10243957183726
-5.379065715693799 -1.5 17.59546271516985
5.403392078243579 -1.5 17.60931378798217
2.918875049551163 -1.5 2.685968694485763
-0.02049277384705128 -1.5 14.29549372622688
-0.7854276708593009 -1.5 5.543493166627136
-6.770143105334873 -1.5 2.295973437413448
-1.103842308239085 -4.71298293175381 20
2.025637513785941 -4.28371397262101 20
-3.709916750510464 -4.493222122931567 20
4.204497543648224 -9.699641525606356 0
-7.504665215717504 2.081668171172169e-14 0
-10.01360283557782 3.459398700777601 0
-9.952347335282427 -3.562325366977118 0
-8.28225926107741 6.60489069880491 0
7.504665215717479 -8.243157549326965e-15 0
-3.752332607858754 -3.262696235633113e-16 0
8.640724239821758e-16 5.551115123125782e-16 0
3.752332607858756 1.530906045494314e-15 0
-5.599238761511074 8.990103891911453 0
5.883681420410992 3.213748543947563 67.28990840443682
4.481712651254909 -3.177432529221948 82.66912391067751
8.810413546782909 -3.360026193215169 32.66285386628596
7.539270135885842 -3.27017812066325 48.05553492640802
9.15972057163448 3.291874638607488 28.80129089162229
6.969128505779241 3.057307741933633 55.77708085981889
7.655981290523776 3.74136752986387 44.20157630671031
9.798498096784749 -3.297515537212519 21.111610245
-11.09527489538306 -3.809012682760156 3.419408766471425
-6.416186870288167 9.82070510030146 3.419408766471416
4.376726030725946 2.817894544132044 86.33349174119634
9.794935447971769 4.165321556609954 17.23204404602714
-2.879762434608137 -11.37192468062312 3.419408766471419
3.752172511923079 -3.141425038482989 90.29533585463945
4.712243512000815 10.74283313214683 3.419408766471414
5.150938985619188 -3.27094646601781 74.94446563161718
8.17663737326064 -3.319556363978849 40.34491539162973
4.86311312677706 3.164125686601179 78.75485642628907
8.7004715821458 2.789959259942722 36.37973497539866
5.515811992190327 -3.836622905684349 67.10251085761583
6.549351529824886 -3.253310064738898 59.55566450511531
10.28636908011077 -3.73836073422892 13.40986106903457
-2.723844371020274 3.415592807225254 96.96476903409871
7.945113376504919 -8.63069383398738 3.419408766471524
-11.09619766411182 3.82407101203741 3.346087816331039
10.7499272969823 3.304317935205711 9.576559054785395
-2.633579180006027 -3.523592931555294 96.57950772588465
9.957006246775096 6.199502580142013 3.439934067811965
11.0516879769979 -3.331572724187092 5.807651982928282
3.374681076347565 3.1132268918116 94.13560339841358
4.812366599042043 -3.224042144942172 78.873476585039
6.213887481933059 3.245444915275248 63.39923967603456
7.854154908482224 -3.29597773825231 44.24681280899749
0.8839995536723747 4.277270915254395 96.9780051014545
-0.6087510069504397 4.572291850264672 93.86533233342223
-3.967763370978763 2.380981615854184 93.67860409287384
-2.514782277294542 4.167909695589317 90.62303120156031
2.066990261246719 -5.261510892665558 80.64680223727419
-4.80108364624302 0.9237778919459773 90.35193927379757
-4.148411874349152 3.013742045850459 87.3225173675719
-5.124635680411549 -0.5869825869384447 86.93403556407078
-5.122782828649765 1.689962471480975 83.93290014234525
-4.102942731135807 -2.73176048741506 89.84349415526822
-3.450955103805575 -3.897373372224187 86.33062376829567
-2.74525964620429 4.619206734186632 84.19882538123187
-4.323373963597374 3.620907277386757 80.81942428518379
-5.663254032746599 0.1873336032435064 80.4766336746259
-5.37961283511469 2.441209115202028 77.4112834124462
3.829378504189165 5.70078908652215 65.2140595431384
3.428112131907595 5.599839637092569 69.04764450439538
0.4887954665235053 6.721468060586366 66.84457821158199
0.8928179355429308 6.984360960285742 63.00759621305362
0.04235021281728917 6.438779606489308 70.66023524719105
-2.942669963235654 5.918174962922335 68.49413161016638
-2.753265683547489 5.205468042889199 77.65080134600056
-5.790428627986908 -1.334465356796285 76.9715180640716
-6.101211141251321 0.9881053621990269 73.94113796353074
-5.568038290200307 -2.775568813770978 73.42303853409744
-4.628925851986176 -3.355453354230358 79.83093658536049
-6.435164392552136 -0.5311196167612977 70.42992237761062
-5.247299461382974 -3.842791129203413 69.83410289294285
-6.451079284925978 -1.943402655771053 66.86703271750487
-4.023738940476278 -5.463228443622678 66.26181359785348
-6.127111939367729 -3.421004872982743 63.30914599902164
5.811217550862038 -6.032015714547201 46.04873695987626
5.454323539244878 -5.953004615925793 49.88579263082659
2.8022077834529 -7.749418691590647 47.76896262079863
2.433904072456799 -7.555834424129176 51.61045964612449
-0.6592534214256607 -8.093771712808955 49.29275478804499
-0.2682692160675588 -8.41081811699669 45.55053242754269
-3.566872641885735 -6.118876329295499 62.48148649032691
-5.627544144180462 -4.652193755991903 59.6998788235062
-7.150026395519752 -1.216181454021843 60.31988762970298
-7.066136523793017 -2.613386588290162 56.74682205855343
-3.675997167296891 -7.437852736595195 47.05536458449848
-3.337106839134441 -7.922995942694743 43.23793053363452
-7.399110627028441 1.186938604208062 57.25786728469546
-7.760717677315624 -0.3900210132729153 53.74074167078587
-6.200861280946293 -5.793840997747306 44.64430448029835
-5.966362865280952 -6.448681503160376 40.84556402414968
-2.926818585002982 -8.40145235614755 39.4315951645553
-5.686759627589668 -7.084612709206143 37.04295937462965
-2.536021885899101 -8.841062277868428 35.60790721585147
-5.371248919546576 -7.695295135456422 33.23372708346492
-2.138179001849731 -9.255372017013649 31.77639912984177
-5.055382919697273 -8.261381008182097 29.40955881034828
-1.735483389608434 -9.646392072540573 27.93758548895211
-4.706685818175227 -8.807838843209817 25.58347614339168
-1.347249163613359 -10.01406471383168 24.08734477227008
-4.35142665207022 -9.323015975732845 21.74647888273559
-7.250921477469093 -7.142085012681834 23.15472705832409
-7.836118026218164 -4.970891874030916 34.56353881843241
-7.887371930668207 -3.637912359946707 42.10949889838693
-6.995610359938588 -7.802126448953934 19.3247427273909
-9.170450170580592 -4.851478313127953 20.65164068953261
-3.98786000470651 -9.812028931772874 17.89724905864923
-9.068173024145095 -5.633109518604225 16.83092463736949
-10.35346464990864 -2.163968396018454 18.07849042638538
-10.19659395992997 -1.290995169992689 21.88013838670311
-10.36927319933828 1.565626135013027 19.22700620548145
-9.895050135711458 2.433245596443461 23.00034954531355
-9.073476766294286 5.092247966688552 20.26948309116154
-8.2640168309097 5.824621974250115 24.00963996751245
-6.598352758028958 7.94960065160769 21.20367404241615
-5.492152949030151 8.404390340612796 24.90674240686663
-3.245512679405646 9.739945776403131 22.02690268366821
-4.496918621794461 9.549979158655834 18.35062264509936
-7.361565876809996 6.495251654900008 27.73281906967479
-4.311886799957352 8.744338514190369 28.59331092911318
-6.366916065728883 7.085261027497492 31.43924014373065
-9.787765685478995 4.323625390307066 16.51563559486775
-3.065876177064048 8.950416558567548 32.26170363829723
-5.283031063682296 7.574960869529034 35.12906209376556
-0.790949284565715 10.46713254108184 19.0977553252794
-2.122162621538225 10.57381820109793 15.44217375744585
1.800531663554092 -9.761044307353078 26.35623741844034
0.5494667171124947 10.19577184685695 22.73690282816574
-6.947972934673278 3.407365721142297 54.14742021571233
-7.774609810794701 1.937544775684074 50.66719563327358
-5.923525858022886 5.358189152717993 50.985083498759
-7.12651030545731 4.171509742394253 47.55117366479698
-4.468866678507659 6.922944799561357 47.77507222391867
-10.44764705628619 -3.025881531856688 14.26897501547867
-8.921820484902941 -6.395074931747999 12.99767471072743
-1.767333116646481 9.001874150413366 35.91124666537676
-4.473764661253125 6.287381765707655 54.42590214325406
1.71245844568547 10.59396685820317 16.11808387156692
0.717847977125209 9.378122155604666 32.96553852199423
2.215390924434677 -9.985997037663132 22.5053886164418
-9.971530235230773 -0.4061015125598381 25.66912215128767
0.3740124643129115 11.01119002707983 12.48333589591814
4.130671630337173 10.1623523068149 13.090314074109
-6.802356408607204 2.411914047440895 60.76999814446555
-6.038004243370656 5.994835743197508 44.36298315485899
-2.763115896356329 8.033177883020713 44.53395278899543
-0.845166928101638 8.189084736889633 47.86957704370079
0.9899053350364497 -9.266600041114406 34.06122553346768
-3.431128241470241 10.52899410193911 11.76658708866938
-7.921478008282379 4.884728565304473 34.22454150529455
-2.54207535125688 -6.908272835043129 58.94230614934579
2.172268822389508 8.861456264874922 36.54528488172841
1.061079381434024 8.428833958544013 44.53068097592124
-0.9690048512459284 11.26408920543452 8.82201710809338
2.962318072911799 7.682559538362455 47.85288378530353
5.213393821736089 -8.603778750473086 24.64947897045334
4.754399378260967 -8.517146336611226 28.53450199480944
-2.975323957660133 -5.526783870095705 72.72048054554459
-4.027919559270655 -6.908855836033273 50.85942943979711
5.583243198257635 -8.726968271258832 20.83634845456141
5.328731435531566 9.263506612500452 16.68564584075953
1.03685717071455 7.908535038100741 51.12704118960659
4.308144104514341 8.310465979687113 33.53464054787261
3.154731045434481 9.110324448414884 29.97297585671878
0.1174795517825061 -7.141504785329895 61.72075793419516
2.624938797594594 -10.20003121006333 18.64793332875911
5.865079408161094 -8.907662645344791 16.9607667461672
3.011929733474368 -10.40903730994688 14.78950494336362
6.211842443416677 -9.042661966482893 13.07822812830598
3.40429045134856 -10.60772893815717 10.91963345826976
-0.1050673260574069 -11.01290024391308 12.53592349952411
-10.5050686717419 -3.816166234178441 10.4604671968024
-8.738825967941143 -7.131905494543081 9.152547826381014
-11.08258121503573 -0.1621231765801499 11.64184442683102
-7.898427084638651 -1.569671369619569 50.15280255440411
7.173694200310172 8.246853666283799 13.59123098401653
6.391669036747722 9.209660192809878 10.03383607345546
1.174889512819011 -7.34029326466543 58.02002229428872
-6.63169320767456 6.101444379843752 37.97260137393597
-8.725221339326362 2.553752139075601 36.95895580298878
-9.272346077840087 1.459754136361354 33.20705579467198
2.996450244430661 5.504355379608286 72.84329996013764
7.621266741275861 -6.306686871930308 26.78060649541706
5.142357396234855 -5.825362417282579 53.74251453066729
-6.4213188584889 -9.035121599470051 11.63217625742115
-7.908727279757493 3.207421186565054 44.03496966238203
4.663881116394194 6.473307080732225 51.0987752331682
2.95504135654981 7.122296500182506 54.49703087441205
0.2902586036127973 -11.31386625434132 8.670854494795986
6.50702464532443 -9.201946009103372 9.273116714153256
-6.062561606910668 -9.640988344702428 7.766844515143852
-11.34392959198326 -1.270759989233288 7.434607695075306
-10.97551330793039 2.668520317011463 8.954573770207345
-1.009210317210335 8.698720628507242 41.20535352615279
2.758367604307663 8.342054639261145 40.83436418018644
-9.100103205237474 -7.167695188143212 5.286506943726146
-1.523215334344938 -7.496831598063396 55.27185028235677
-3.18083403039573 5.480644173370679 71.95764687982739
1.979888415474979 -4.986428075485636 84.30424969060424
-6.529799952990007 1.589206942064839 67.08359347164958
-4.69924960712395 10.34802762122546 8.067658787787888
-6.844111155360109 8.787316018499258 10.95061730834538
-2.302320390533954 11.36489174496087 5.136469297527364
5.239415278380335 7.414050938004052 37.12085416666311
6.435368908041698 7.133747341385535 30.3994177028227
5.396974261095282 8.276212097052827 26.93161265638005
-1.714684285248882 -4.682169777183954 89.11793074351316
6.042974550474646 6.375938637786392 40.85485250662715
-2.310489625791758 -4.106458645292604 92.60494920429589
-8.085429920285838 8.117082450323313 6.900381077297767
5.908200535621055 5.736712293472323 47.83772174848421
1.254903866020898 4.690446735387388 90.78053429165655
-7.925151680787539 -2.735285105791055 45.94688075519549
-0.981425048882092 5.011990212035081 87.58164002365606
8.819780162544831 -6.757024191207043 11.30063221639841
9.017071439551472 -7.055914357573965 6.993403750211821
-4.373797870819125 0.05949301263183673 96.89494471490113
2.425769257960733 -5.437810937582964 76.81741565136404
2.82027200399946 -5.587699571852098 72.94506308023425
-0.6805566741684789 6.097069560852588 74.52272997509201
-2.28720780664464 -4.997592158204522 82.6397327241758
8.173114239075636 -6.592211747275478 19.05504025595772
6.159250551952587 -6.114595836852289 42.1975924302034
6.545261997230773 -6.151471853528367 38.34397569139171
3.610762882248423 -8.076643734714382 40.06239524159685
3.781901357702678 -6.155264996096776 60.68141368120746
2.306129256414713 -6.537010587999739 64.39677267489819
5.680816630934607 -4.124439711389869 63.27483573214781
2.90313170616351 -5.924773144961187 68.64131894633614
-0.7435266673747338 -6.705588875087981 66.74970009804981
7.240210654185436 -6.287260021976399 30.63375333231047
9.122994413206149 -3.38396882571171 28.83827132390986
9.46112987883933 -3.338861361824655 24.99317767717859
8.012527851455756 -6.307843757541726 22.90262926912598
-6.412885653187181 -5.090972359563231 48.43624024909247
-1.336082905341356 -5.659187500338486 78.59083090662011
2.767451965606174 -3.656060944166346 94.21187059484977
0.8502221189687292 -4.28245174500155 96.99870917382096
4.151595880050725 -3.10881660211555 86.57286023530499
1.490284449403214 11.44379520692528 5.839461034432489
3.204196442121937 -7.918240921616556 43.93831619156457
4.48357570825921 3.182873906471004 82.60981160837999
2.073997266700022 5.274460263207301 80.4611004648701
1.614789335008934 5.119291401965853 84.26841963380122
6.925735087880159 -6.18263032825888 34.51137395725292
1.858807483549249 9.748128460592955 26.38102731786484
1.39746809121314 -9.520680875728448 30.20650930074138
4.414035873384409 -8.355837923763495 32.39998837849708
9.982537472314036 -3.68347788799848 17.27478779863795
5.230186812348898 3.144617887825967 74.93175104653113
-5.079409767513662 -1.934781934297503 83.41090433262684
8.489834646061707 -6.68422485929336 15.17913490092354
10.59899536246261 -3.758775975868279 9.583538281721523
-6.711156711955483 -8.436573812698411 15.49744320590953
6.549329588493538 3.253376719494234 59.5555374068739
4.195919843878166 5.820055955217346 61.3090585423212
1.321749738526865 7.215829254662927 59.26319536542459
-2.189651970395955 6.878371744964822 60.75486636556875
7.088293079255143 3.552600528202366 51.73030211406253
8.485357925352185 -3.356664105354429 36.52834181880261
6.894540833873587 -3.219816975596809 55.78874224950925
5.403166115282601 -3.444545982232197 71.05643104972593
8.8570062281657 3.238746256719359 32.64744352017681
-10.76072395306034 0.7148421220697166 15.44513470645381
4.867967019025342 6.979029980965076 44.35670267320239
9.52393724467724 3.174737289440045 24.91508510174398
9.813818944289316 3.251333454650609 21.11281602184983
8.391023379139691 5.79623575828136 22.89258254449509
3.024119743623225 9.999802958614824 19.73179309736681
3.984450702739319 9.351278384498809 23.31899207532386
-10.4191591464823 3.518218872263656 12.7427448453828
2.859989605203539 10.88455960574606 9.478454822546038
10.39767362600353 3.453041623699544 13.2645950672984
-1.959799390116531 9.7851773212781 25.67283026001831
-0.6250049909495428 9.669518321191815 29.35519088630936
-7.920115022540573 -4.231709722959232 38.37614189796275
-8.865865078579224 -0.5824019925662585 39.58016334012657
-2.758467587508452 7.479456644868911 51.18168356966901
-5.707168854844602 9.222236067685127 14.67133774355713
-7.473294818554196 -6.458235764843504 26.9728183762463
-7.704998807845924 -5.686009731121428 30.80120877183337
-9.242820468253674 -3.17890088781587 28.28136947894659
-0.5208177507115744 -10.6966877546238 16.39914293855676
-0.9277470668017241 -10.36394732204619 20.26145477300987
-6.241181492719281 4.093052173691593 57.64034411964083
-3.435186653327769 6.01350237405118 64.47748191465328
-9.095390367173161 -1.213782704532253 35.88203250189814
4.032040532202399 -8.209639851291509 36.25918685598143
-6.960249981385983 0.4404976327137751 63.85916047336482
-8.675054796803158 4.110710083183141 30.49852253948949
-9.667706369340582 0.5374728765262025 29.44491217426697
-9.20958673010179 -2.233722726770641 32.06279855080155
-6.378146816968969 -4.517492285103238 53.16386821714346
-4.901567237886852 -5.794800154390308 56.03689895709837
-7.629217739826217 7.387279785042373 17.53906963830121
-5.917188389642313 3.64671032944432 64.15800245425416
8.24786558330989 6.739104073559497 17.14126106612178
-3.581948413303468 -10.28564959867416 14.08472887384414
0.5706661980228015 -8.999076192662523 37.90067594772771
0.1837267521899315 -8.71686847122303 41.69154212677952
-8.571151074780021 6.759595614103813 13.77486010769132
-9.232313311881176 -4.033193854566069 24.46156493127896
-9.33596410068084 3.281507871847625 26.73532903086073
5.545316124772948 3.200633963616605 71.12041853286362
-1.419745594748953 7.375203288795379 57.04307588630223
6.378351073503635 8.225924142229013 20.21440633729289
-3.26869659369778 -10.70462912109939 10.25946236912933
-9.427954453182384 6.069655226034275 10.00223603966135
-3.935880582470612 -4.520599496703763 76.31458940344676
-4.165705095481022 7.697361998910169 41.26614045174991
9.029751558418225 6.579867041021899 10.51079793461153
8.000156133192831 8.192846568931234 6.975799575966851
7.675333144693592 8.87233018020604 3.411134293055797
7.224872224757849 -3.239331477894782 51.868875608671
4.230469682376077 6.175620081593399 57.36008458892331
4.644756120182949 -10.77729677694288 3.359749051448046
3.751435662458301 -10.80784308975815 7.110397933271602
0.7353232397279819 -11.58914903346795 4.924245558311277
-9.305755438015881 7.148153324448866 3.376372254275834
-11.73666604211394 0.04718123912198847 3.344770207887467
2.78270719789505 5.292652934030017 76.49641558320326
-4.522928016685367 -1.116538227789206 93.27999296042566
-8.349331672706715 2.834109663369953 40.44094735680389
-0.1467060946942728 -6.442927872093584 70.58807632597566
-6.296462251648564 -9.914645348100612 3.2397553491885
-10.40984128984836 -4.782873560470877 6.911765455945798
4.62442249864698 -5.890328313305024 57.32097256573304
10.22813237147876 -5.778600291799357 3.206609444451877
11.14419421701994 2.972373463720109 5.923893565935042
7.004229234723419 6.135764350442197 34.15872167206129
-5.657202652786991 3.062192770992701 70.73793305249328
-8.244793736557861 0.7012029497583896 47.33622936843954
8.303680399274008 2.987846346855601 40.34384936114449
7.709249803487288 6.208319328003225 26.70500370971401
5.139924651163037 10.23929337679081 6.899965312550076
-10.21191459152872 5.238166865959939 6.645310347071354
-0.5155269688868627 -6.062175831912949 75.16918892446202
-3.04277403015409 -11.0561332410361 6.769932254330504
-1.508034142645382 5.429304582363539 80.87692083548143
0.675787463642481 -4.726761959406258 91.80453479411077
2.053620129172288 -7.398203846143429 54.91696836899607
-0.862957403625385 7.70335950483107 53.98174457129444
7.772164000857797 2.673138896905809 48.04197164151546
-8.578894126178366 -0.171264377536173 43.44755238004028
-4.329239788235686 4.287738596895608 75.05307980651777
0.6238361859539098 11.77436960961673 2.657067590241274
-3.80859786566958 8.148330041562897 38.1887314818231
-4.920349172596098 5.215592497608889 61.36800850094394
4.136490153060944 2.610269484400888 90.32558230896208
1.576871404464888 -4.839456285904425 87.8014217453687
6.452512501625301 -9.544842667881639 6.083240224743792
5.376458703786377 5.580231191737775 54.01548048097096
-11.3808736670436 1.871674226630495 5.924234482641377
-0.7469839110473178 -7.835384326587056 52.46505623031145
-3.001801111154203 -5.837556917739455 69.06920162568429
-9.321814312836471 -7.256518489891524 2.372664790574404
3.150491641629034 -2.99878010852642 97.2086302191444
3.407052942739645 2.703714494624518 97.20891928206666
8.45959974638526 6.091565365292771 20.01753087970318
9.989677358540582 5.494943602672018 7.608086736659656
0.1312676688643333 5.844406604986242 78.19550131087449
9.036362438056239 6.05914756144035 14.23403521640977
11.44288147924984 -2.793102482646737 2.810165575525718
11.37923947019136 3.017559473982097 2.890122003772733
-6.725888201585374 5.572580954363535 41.49230042943778
-0.8183929021767927 -5.16345271735792 86.04760099369275
-0.2348378546792189 8.974852431955934 38.39911239066556
-2.902659045103456 11.46234135071534 2.234291780102737
-5.135908018217144 4.334669957422169 67.08071146555795
7.292310565134632 5.256196845093733 38.25606595686546
2.225690910328113 4.563570168337198 87.96012061743762
-0.05469789955032378 -4.565507725670101 94.46001779304729
-3.73853128747054 -6.815048909019394 53.70751008527645
1.063239728318028 7.483161235477393 56.43691262184559
0.9912759083853923 -11.79721746320572 2.048356996154488
-4.002407877759291 6.223229941006785 58.45896512773751
-1.283180511090263 -6.837550822459725 64.07848224067104
6.385301205374145 7.80042361764051 24.38817357336235
7.59931730960012 4.542756282639526 8.213272618842108
5.21221691409884 6.274743671095854 17.06212423490129
3.018779698740353 8.040539296810662 11.58098749499088
2.711768330013883 8.692233346458693 5.013659862312417
7.162428857075636 5.889139176889022 2.888543694217754
3.04969462879472 8.302291494042418 8.326402331540654
5.92891846354169 6.785836038942545 6.212259716495649
2.851781277171347 7.818734815950132 14.96059094024699
5.434881292768209 6.48491766252036 13.19906558431994
7.442513703288809 4.284560413934056 11.59196166812897
7.188578410064983 4.187562667798437 15.00176677634532
5.674173285455841 6.629454315565861 9.832541333849258
4.833151057351773 7.929719462408429 2.712283754733154
8.115073912692147 4.093064830577653 5.223869492509879
2.474858359836797 7.726008361941227 17.62713942345655
2.407285219214077 8.990363375752835 2.451337245414551
7.148463944398344 3.829220008914176 17.66839102315732
8.478292389612793 3.842611013066324 2.433969178415699
5.562922059730372 1.5 11.4360077530728
-5.629099315278248 1.5 8.043727701116087
-2.045442664428553 1.5 16.63849926360219
-0.06372655587866838 1.5 3.17518464630751
6.159042357510664 1.5 4.921985518581374
-5.610768765517886 1.5 4.338044933187149
-2.300647093457986 1.5 6.032059853238594
-2.687013805356617 1.5 9.771612042581587
0.2989318291647525 1.5 8.360161582904535
0.1279214059968528 1.5 11.35617235158076
-5.296365760056492 1.5 14.7690916271527
1.997555656088492 1.5 16.65873002976997
5.883730953147857 1.5 8.131765222182921
3.218622048350062 1.5 6.615789720084337
5.296632160744402 1.5 14.76911294275918
-5.591760820130984 1.5 11.46607822955295
3.393570007540529 1.5 3.04963516618166
3.0595064732821 1.5 9.684275208411131
2.672049316494761 1.5 13.08624703369121
-2.584150583474909 1.5 13.10243957183727
5.379065715693789 1.5 17.59546271516987
-5.403392078243563 1.5 17.60931378798217
-2.918875049551165 1.5 2.685968694485765
0.02049277384704951 1.5 14.2954937262269
0.7854276708592991 1.5 5.543493166627139
6.770143105334874 1.5 2.295973437413448
-7.599320123804609 4.542752115822787 8.213269092384969
-5.21222087201968 6.274740596056001 17.06212215623985
-3.0188041598237 8.040530522820534 11.58098261974166
-2.859085050424901 8.64901357466089 4.963995709126776
-7.162428857075634 5.889139176889027 2.888543694217748
-3.063675984090037 8.297489400920524 8.322265378296999
-5.814330796666477 6.875089192300477 6.301375802242982
-2.851817108413503 7.818722468449021 14.96058232690563
-5.434895523957267 6.484909165127133 13.19903218640835
-7.442518979292782 4.284551675451469 11.5919589660739
-7.188573970163154 4.18757109290623 15.00176163827611
-5.629561337355791 6.667106204560036 9.835192205100343
-4.833151057351783 7.929719462408426 2.712283754733139
-8.115073912692161 4.093064830576842 5.223869492514345
-2.474865655350385 7.726006698724031 17.62713127077453
-2.423355285698916 8.986568530162067 2.444914720091725
-7.148462549207658 3.829223271437162 17.66838707558599
-8.497104335412541 3.805918538495977 2.407561207307749
-6.661338147750939e-15 5.900042359436546e-15 100
1.103842308239043 4.712982931753814 20
-2.025637513785903 4.283713972621007 20
3.709916750510379 4.493222122931678 20
-0.001932648861544095 4.440892098500626e-15 29.52943408015324
0.05021451975859126 -0.03607611628636143 38.54692125869826
-0.004380665451282795 -0.002274605392401874 47.37256051666008
0.01598914344948987 -0.01543192634420132 55.91463594263008
0.008998888177616848 0.005500184435635269 63.3702079446714
-0.08747813284531158 0.08143352225893352 72.51246385252716
-2.75790071053158 -3.322031016753321 25.62275471304331
2.839619729224055 3.222462403734605 25.60875649490616
-0.1725239867286521 0.05628779892821267 78.30898189540879
3.537178346818024 -1.501607060180413 34.16421461138781
0.8359320108970745 3.663768367993866 34.11133446465492
-3.679348122492212 2.413217548028613 25.73371925132498
-1.861221175257907 -3.331396914296323 34.30453826560034
3.443917868366511 -2.505128484133798 25.65349284585147
0.2596457393951184 -3.340164223042128 42.9739244148883
-1.720437661261642 2.834697638287198 42.93802642821516
0.09265999190466179 -0.0386351503763791 85.17479340037931
-3.907881183632059 1.43985841155848 32.92472003574152
-1.208911020772076 -2.823625298492915 51.87872761517524
-1.692943830911359 2.415126792344103 51.65138278478482
3.309287847289376 1.040875311081122 42.64797977599413
3.030157777301224 0.2054517034286482 51.66533654434307
-0.5754874632757516 -4.96970254214682 29.78277394683075
-1.569129076976596 4.833595485424012 29.93299052640261
-1.459816086017041 -1.259760506709521 67.93716902968382
-0.02432199889249276 -0.05283267324374297 90.05780947783451
4.905557658579619 0.5729675114174213 29.24276391865957
-4.832995266561946 -2.00692902933559 29.7325637847654
-3.762805463432866 -1.234851160960079 41.28405853401129
1.682279102250268 -4.406870321049015 37.7931871737233
-0.1392530592154438 -2.902926251604631 59.65041592143217
1.28946027268891 2.5399805502947 59.63647407267624
-0.1307571101749794 0.06779108854410505 94.96497955225448
-0.1057778654953215 0.07277692469974162 24.27954756166311
4.017077639887087 2.069454899463884 37.17543538218614
-2.848363371705413 0.7163999402753347 59.34829099619118
0.719107772344391 -5.90938779235497 24.09492683337506
-1.089715899244475 4.44076223416356 38.65139781133351
2.178038187365465 1.328185654355291 68.88633964091895
-4.202285140711097 1.290528933964516 37.49088601718944
-0.7952570815831554 5.614594158096335 24.19947765122861
-2.918936470110522 -3.140081712052915 46.10501437343334
3.764393226330395 -2.015751345720195 45.93179718587648
3.669973962900992 -3.617576323830666 30.22096256559335
-5.971018006160429 -0.8629705324943785 23.93920380988995
5.922640583775626 0.6383300704944903 23.87238130596841
1.660289092649202 3.886000556048996 45.75910638922945
-4.036396770712187 1.329507397540856 46.3280810428431
-2.772794143534421 -4.243788807512589 38.39393874822294
0.5840463674663439 -4.165281407922695 48.2724738302139
4.401186741802308 -1.542945050780612 39.42485887024094
2.877792055517073 4.49347807448173 29.88383147233779
0.576346716339581 3.830434301018444 54.71562026222732
3.389629783982888 -0.8191410143118899 58.26818930075014
1.963532096128609 -3.318793158853292 54.44123483715332
1.768667023384486 -5.214369588885564 33.55536238043647
-3.197030556377984 2.457018405840082 55.44517601518945
1.808600051669577 3.735816115444154 49.88988676991251
-1.035942035774608 2.704854668346028 66.47693028762443
-1.950810510425413 0.6004916551207158 81.81350925224967
4.689372936335012 2.378615524623913 33.03201818001726
-3.607396523362349 -1.548265393940748 54.90007753029651
-5.525350294172881 1.928838162327518 29.2744956968587
-1.697708339296693 4.071286177450956 48.02755389494707
1.836683177749869 -0.4491674748325973 81.65268617732799

CELLS 3576 16332
1 0
1 1
1 2
1 3
1 4
1 5
1 6
1 7
1 8
1 9
1 10
1 11
2 0 12
2 12 13
2 13 14
2 14 15
2 15 16
2 16 17
2 17 1
2 0 18
2 18 19
2 19 20
2 20 21
2 21 1
2 2 22
2 22 23
2 23 24
2 24 25
2 25 26
2 26 0
2 2 27
2 27 28
2 28 29
2 29 30
2 30 31
2 31 3
2 1 32
2 32 33
2 33 34
2 34 35
2 35 36
2 36 3
2 2 37
2 37 38
2 38 39
2 39 3
2 4 40
2 40 41
2 41 42
2 42 43
2 43 44
2 44 45
2 45 46
2 46 47
2 47 48
2 48 49
2 49 50
2 50 51
2 51 52
2 52 53
2 53 54
2 54 55
2 55 56
2 56 57
2 57 4
2 5 58
2 58 59
2 59 60
2 60 6
2 5 61
2 61 62
2 62 63
2 63 64
2 64 7
2 6 65
2 65 66
2 66 67
2 67 7
2 8 68
2 68 69
2 69 70
2 70 71
2 71 72
2 72 73
2 73 8
2 4 74
2 74 75
2 75 76
2 76 77
2 77 78
2 78 79
2 79 80
2 80 81
2 81 82
2 82 83
2 83 84
2 84 85
2 85 86
2 86 87
2 87 88
2 88 89
2 89 90
2 90 91
2 91 92
2 92 93
2 93 94
2 94 95
2 95 96
2 96 97
2 97 98
2 98 8
2 9 99
2 99 100
2 100 101
2 101 102
2 102 103
2 103 5
2 9 104
2 104 105
2 105 10
2 6 106
2 106 107
2 107 108
2 108 109
2 109 110
2 110 10
2 7 111
2 111 112
2 112 113
2 113 114
2 114 115
2 115 11
2 9 116
2 116 117
2 117 118
2 118 11
2 10 119
2 119 120
2 120 11
3 12 158 0
3 0 158 26
3 1 157 17
3 32 157 1
3 22 153 2
3 2 153 27
3 31 152 3
3 3 152 36
3 13 126 12
3 126 158 12
3 14 145 13
3 13 145 126
3 15 121 14
3 121 145 14
3 16 144 15
3 15 144 121
3 17 125 16
3 125 144 16
3 17 157 125
3 23 143 22
3 143 153 22
3 24 123 23
3 123 143 23
3 25 141 24
3 24 141 123
3 26 147 25
3 25 147 141
3 26 158 147
3 27 136 28
3 27 153 136
3 28 124 29
3 28 136 124
3 29 128 30
3 124 128 29
3 30 127 31
3 30 128 127
3 127 152 31
3 33 146 32
3 146 157 32
3 34 149 33
3 33 149 146
3 35 122 34
3 122 149 34
3 36 140 35
3 35 140 122
3 36 152 140
3 144 154 121
3 121 156 145
3 154 156 121
3 138 139 122
3 122 151 138
3 139 149 122
3 140 151 122
3 141 142 123
3 142 150 123
3 123 150 143
3 124 129 128
3 124 130 129
3 124 136 130
3 125 146 139
3 139 155 125
3 125 155 144
3 125 157 146
3 145 148 126
3 126 148 147
3 147 158 126
3 128 137 127
3 137 151 127
3 127 151 140
3 140 152 127
3 129 137 128
3 130 131 129
3 131 132 129
3 132 137 129
3 130 142 131
3 136 150 130
3 130 150 142
3 131 133 132
3 131 134 133
3 131 142 134
3 133 135 132
3 135 138 132
3 132 138 137
3 134 156 133
3 133 154 135
3 133 156 154
3 142 148 134
3 134 148 145
3 145 156 134
3 135 139 138
3 135 155 139
3 154 155 135
3 143 150 136
3 136 153 143
3 138 151 137
3 146 149 139
3 141 148 142
3 147 148 141
3 144 155 154
3 0 184 18
3 26 184 0
3 21 32 1
3 2 179 22
3 37 179 2
3 36 180 3
3 3 180 39
3 18 175 19
3 18 184 175
3 19 162 20
3 19 175 162
3 20 181 21
3 162 181 20
3 21 164 32
3 21 181 164
3 22 173 23
3 22 179 173
3 23 159 24
3 23 173 159
3 24 171 25
3 159 171 24
3 25 163 26
3 25 171 163
3 163 184 26
3 32 164 33
3 33 160 34
3 33 164 160
3 34 174 35
3 160 174 34
3 35 169 36
3 35 174 169
3 169 180 36
3 38 170 37
3 170 179 37
3 39 161 38
3 161 170 38
3 39 180 161
3 159 176 171
3 173 177 159
3 159 177 176
3 164 165 160
3 165 166 160
3 166 174 160
3 169 178 161
3 161 180 169
3 161 182 170
3 178 182 161
3 165 181 162
3 162 183 165
3 175 183 162
3 171 172 163
3 172 175 163
3 175 184 163
3 164 181 165
3 165 167 166
3 165 183 167
3 167 168 166
3 168 178 166
3 166 178 174
3 167 176 168
3 172 176 167
3 167 183 172
3 176 177 168
3 177 182 168
3 168 182 178
3 174 178 169
3 170 177 173
3 173 179 170
3 170 182 177
3 171 176 172
3 172 183 175
3 37 2 27
3 31 3 39
3 28 187 27
3 27 187 37
3 29 185 28
3 185 187 28
3 30 186 29
3 29 186 185
3 31 186 30
3 39 186 31
3 37 185 38
3 37 187 185
3 38 186 39
3 185 186 38
3 7 0 48
3 7 189 0
3 12 191 0
3 0 189 18
3 48 0 49
3 0 191 49
3 4 1 5
3 57 1 4
3 1 193 5
3 17 1 57
3 21 193 1
3 40 4 5
3 58 40 5
3 5 193 61
3 44 43 6
3 43 60 6
3 65 44 6
3 48 190 7
3 64 189 7
3 7 190 67
3 51 12 13
3 50 12 51
3 50 191 12
3 14 52 13
3 13 52 51
3 15 53 14
3 14 53 52
3 16 188 15
3 15 54 53
3 15 188 54
3 17 56 16
3 16 56 55
3 55 188 16
3 17 57 56
3 18 194 19
3 18 189 64
3 64 194 18
3 19 195 20
3 19 194 63
3 63 195 19
3 20 196 21
3 20 195 62
3 62 196 20
3 61 193 21
3 21 196 61
3 41 40 58
3 41 59 42
3 58 59 41
3 42 60 43
3 59 60 42
3 45 44 65
3 45 197 46
3 65 197 45
3 46 192 47
3 66 192 46
3 46 197 66
3 47 190 48
3 67 190 47
3 47 192 67
3 49 191 50
3 54 188 55
3 61 196 62
3 62 195 63
3 63 194 64
3 66 197 65
3 67 192 66
3 40 550 4
3 4 549 57
3 74 549 4
3 4 550 74
3 8 544 68
3 73 543 8
3 8 543 98
3 98 544 8
3 41 225 40
3 225 550 40
3 42 499 41
3 41 499 225
3 43 212 42
3 212 499 42
3 44 532 43
3 43 532 212
3 45 554 44
3 44 554 532
3 46 207 45
3 207 554 45
3 47 505 46
3 46 505 207
3 48 222 47
3 222 505 47
3 49 506 48
3 48 506 222
3 50 206 49
3 206 506 49
3 51 542 50
3 50 542 206
3 52 511 51
3 511 542 51
3 53 210 52
3 210 511 52
3 54 561 53
3 53 561 210
3 55 502 54
3 502 561 54
3 56 221 55
3 221 502 55
3 57 514 56
3 56 514 221
3 57 549 514
3 68 231 69
3 68 544 231
3 69 220 70
3 69 231 220
3 70 403 71
3 220 403 70
3 71 224 72
3 71 403 224
3 72 424 73
3 224 424 72
3 424 543 73
3 75 226 74
3 74 515 75
3 226 549 74
3 74 550 515
3 75 223 76
3 76 439 75
3 75 515 223
3 75 439 226
3 77 219 76
3 76 459 77
3 219 439 76
3 223 459 76
3 77 209 78
3 78 435 77
3 77 459 209
3 77 435 219
3 79 205 78
3 78 453 79
3 205 435 78
3 209 453 78
3 80 419 79
3 79 452 80
3 79 419 205
3 79 453 452
3 80 202 81
3 81 418 80
3 80 452 202
3 418 419 80
3 82 200 81
3 81 449 82
3 200 418 81
3 202 449 81
3 82 216 83
3 83 446 82
3 82 446 200
3 82 449 216
3 84 214 83
3 83 519 84
3 214 446 83
3 216 519 83
3 84 204 85
3 85 230 84
3 84 519 204
3 84 230 214
3 86 201 85
3 85 529 86
3 201 230 85
3 204 529 85
3 86 445 87
3 87 500 86
3 86 500 201
3 86 529 445
3 87 203 88
3 88 447 87
3 87 445 203
3 447 500 87
3 89 218 88
3 88 441 89
3 203 441 88
3 218 447 88
3 89 229 90
3 90 414 89
3 89 414 218
3 89 441 229
3 90 198 91
3 91 217 90
3 90 229 198
3 217 414 90
3 92 448 91
3 91 490 92
3 198 490 91
3 91 448 217
3 93 213 92
3 92 436 93
3 213 448 92
3 92 490 436
3 93 215 94
3 94 228 93
3 93 228 213
3 93 436 215
3 95 199 94
3 94 428 95
3 199 228 94
3 215 428 94
3 95 208 96
3 96 425 95
3 95 425 199
3 95 428 208
3 97 211 96
3 96 535 97
3 208 535 96
3 211 425 96
3 97 227 98
3 98 423 97
3 97 423 211
3 97 535 227
3 227 544 98
3 98 543 423
3 229 246 198
3 246 247 198
3 247 490 198
3 199 235 228
3 199 385 235
3 199 425 385
3 417 418 200
3 200 431 417
3 200 446 431
3 201 262 230
3 201 263 262
3 201 500 263
3 391 449 202
3 202 520 391
3 452 520 202
3 203 501 441
3 445 538 203
3 203 538 501
3 394 451 204
3 204 519 394
3 204 451 397
3 397 529 204
3 205 420 408
3 408 435 205
3 419 420 205
3 378 506 206
3 206 512 378
3 382 512 206
3 206 542 382
3 387 389 207
3 207 396 387
3 389 554 207
3 207 505 396
3 428 430 208
3 430 557 208
3 208 557 535
3 209 545 453
3 459 548 209
3 483 545 209
3 209 548 483
3 504 524 210
3 210 561 504
3 210 524 511
3 423 526 211
3 211 536 425
3 526 536 211
3 426 521 212
3 212 532 426
3 212 521 499
3 228 404 213
3 404 405 213
3 405 448 213
3 230 409 214
3 409 410 214
3 410 446 214
3 215 429 428
3 215 507 429
3 436 507 215
3 449 516 216
3 516 556 216
3 216 556 519
3 413 414 217
3 217 415 413
3 217 448 415
3 218 414 412
3 412 513 218
3 218 513 447
3 219 438 401
3 401 439 219
3 435 438 219
3 231 232 220
3 232 233 220
3 233 403 220
3 221 514 402
3 402 537 221
3 221 537 502
3 222 522 505
3 506 539 222
3 222 539 522
3 223 497 459
3 223 546 497
3 515 546 223
3 224 508 395
3 395 558 224
3 403 508 224
3 224 558 424
3 225 499 498
3 498 546 225
3 225 546 515
3 515 550 225
3 226 439 402
3 402 514 226
3 514 549 226
3 227 232 231
3 231 544 227
3 227 398 232
3 227 535 398
3 235 404 228
3 229 442 246
3 441 442 229
3 262 409 230
3 232 234 233
3 232 398 234
3 234 236 233
3 236 508 233
3 233 508 403
3 234 237 236
3 234 400 237
3 398 400 234
3 385 407 235
3 235 422 404
3 407 422 235
3 237 238 236
3 238 240 236
3 240 508 236
3 237 239 238
3 237 242 239
3 237 400 242
3 239 437 238
3 238 241 240
3 238 437 241
3 242 243 239
3 243 244 239
3 244 437 239
3 241 393 240
3 393 395 240
3 395 508 240
3 241 552 393
3 241 437 407
3 407 552 241
3 242 525 243
3 400 430 242
3 430 525 242
3 243 245 244
3 243 252 245
3 243 525 252
3 245 253 244
3 253 256 244
3 256 437 244
3 252 531 245
3 245 254 253
3 245 531 254
3 246 248 247
3 246 249 248
3 246 442 249
3 248 250 247
3 250 368 247
3 368 490 247
3 249 472 248
3 248 251 250
3 248 472 251
3 442 443 249
3 443 444 249
3 444 472 249
3 251 384 250
3 250 406 368
3 384 406 250
3 251 517 384
3 472 555 251
3 251 555 517
3 406 531 252
3 252 547 406
3 525 547 252
3 254 255 253
3 255 495 253
3 253 495 256
3 254 257 255
3 254 517 257
3 254 531 517
3 257 258 255
3 258 344 255
3 344 495 255
3 256 422 407
3 407 437 256
3 256 495 422
3 257 259 258
3 257 386 259
3 257 517 386
3 259 260 258
3 260 541 258
3 258 541 344
3 259 261 260
3 259 475 261
3 386 475 259
3 261 268 260
3 268 563 260
3 416 541 260
3 260 563 416
3 261 269 268
3 261 270 269
3 261 475 270
3 263 264 262
3 264 427 262
3 262 427 409
3 263 265 264
3 263 370 265
3 263 500 370
3 265 266 264
3 266 267 264
3 267 427 264
3 265 540 266
3 370 527 265
3 527 540 265
3 266 272 267
3 266 345 272
3 266 540 345
3 272 273 267
3 273 486 267
3 267 486 427
3 269 337 268
3 337 351 268
3 351 563 268
3 270 271 269
3 271 480 269
3 269 480 337
3 270 274 271
3 270 330 274
3 270 475 330
3 274 275 271
3 275 479 271
3 479 480 271
3 272 276 273
3 272 421 276
3 345 421 272
3 276 277 273
3 277 278 273
3 278 486 273
3 274 315 275
3 274 471 315
3 330 471 274
3 315 316 275
3 316 361 275
3 361 479 275
3 276 290 277
3 276 399 290
3 276 421 399
3 277 279 278
3 277 462 279
3 290 462 277
3 279 280 278
3 280 485 278
3 485 486 278
3 279 281 280
3 279 289 281
3 279 462 289
3 281 282 280
3 282 334 280
3 334 485 280
3 281 283 282
3 281 467 283
3 289 467 281
3 283 284 282
3 284 433 282
3 282 433 334
3 283 285 284
3 283 466 285
3 283 467 466
3 285 286 284
3 286 313 284
3 313 433 284
3 285 287 286
3 285 288 287
3 285 466 288
3 287 470 286
3 286 326 313
3 286 470 326
3 288 291 287
3 291 293 287
3 293 470 287
3 288 292 291
3 288 488 292
3 466 488 288
3 462 473 289
3 289 478 467
3 473 478 289
3 399 530 290
3 290 463 462
3 290 530 463
3 292 294 291
3 291 440 293
3 294 440 291
3 292 295 294
3 292 296 295
3 292 488 296
3 440 484 293
3 469 470 293
3 293 484 469
3 295 320 294
3 320 321 294
3 321 440 294
3 296 297 295
3 297 450 295
3 295 450 320
3 296 298 297
3 296 327 298
3 296 488 327
3 298 299 297
3 299 308 297
3 308 450 297
3 298 300 299
3 298 489 300
3 327 489 298
3 300 301 299
3 301 481 299
3 299 481 308
3 300 302 301
3 300 305 302
3 300 489 305
3 302 303 301
3 303 304 301
3 304 481 301
3 302 460 303
3 305 306 302
3 306 460 302
3 303 311 304
3 303 314 311
3 303 460 314
3 311 312 304
3 312 465 304
3 465 481 304
3 305 307 306
3 305 476 307
3 305 489 476
3 307 309 306
3 309 461 306
3 306 461 460
3 307 310 309
3 307 336 310
3 307 476 336
3 308 457 450
3 308 487 457
3 481 487 308
3 310 322 309
3 322 325 309
3 325 461 309
3 310 533 322
3 336 365 310
3 365 533 310
3 311 324 312
3 314 455 311
3 311 455 324
3 324 328 312
3 328 335 312
3 335 465 312
3 326 342 313
3 342 343 313
3 343 433 313
3 432 456 314
3 314 460 432
3 314 456 455
3 315 317 316
3 315 323 317
3 315 471 323
3 317 318 316
3 318 518 316
3 316 518 361
3 317 319 318
3 317 464 319
3 323 464 317
3 319 331 318
3 331 372 318
3 372 518 318
3 319 332 331
3 319 333 332
3 319 464 333
3 320 358 321
3 320 360 358
3 320 450 360
3 358 359 321
3 359 371 321
3 371 440 321
3 322 338 325
3 322 553 338
3 533 553 322
3 323 528 464
3 471 562 323
3 491 528 323
3 323 562 491
3 324 329 328
3 324 347 329
3 324 455 347
3 338 349 325
3 349 350 325
3 350 461 325
3 326 346 342
3 326 352 346
3 326 470 352
3 468 477 327
3 327 488 468
3 477 489 327
3 329 458 328
3 328 340 335
3 328 458 340
3 347 362 329
3 362 363 329
3 363 458 329
3 330 534 471
3 475 482 330
3 482 534 330
3 332 496 331
3 331 551 372
3 496 551 331
3 333 339 332
3 339 380 332
3 380 496 332
3 333 341 339
3 333 348 341
3 333 464 348
3 433 434 334
3 434 474 334
3 474 485 334
3 340 387 335
3 387 388 335
3 388 465 335
3 336 366 365
3 336 367 366
3 336 476 367
3 337 364 351
3 337 383 364
3 337 480 383
3 338 390 349
3 381 390 338
3 338 553 381
3 341 451 339
3 339 381 380
3 339 451 381
3 340 389 387
3 340 426 389
3 340 458 426
3 348 373 341
3 373 397 341
3 397 451 341
3 342 369 343
3 346 420 342
3 342 420 369
3 369 417 343
3 417 434 343
3 343 434 433
3 344 523 495
3 510 523 344
3 344 541 510
3 345 479 421
3 345 559 479
3 540 559 345
3 352 353 346
3 353 408 346
3 408 420 346
3 347 483 362
3 455 492 347
3 347 492 483
3 348 374 373
3 348 528 374
3 464 528 348
3 349 391 350
3 390 516 349
3 349 516 391
3 391 392 350
3 392 432 350
3 432 461 350
3 364 412 351
3 412 413 351
3 413 563 351
3 352 354 353
3 352 469 354
3 352 470 469
3 354 355 353
3 355 438 353
3 353 438 408
3 354 356 355
3 354 357 356
3 354 469 357
3 356 376 355
3 376 401 355
3 401 438 355
3 357 375 356
3 375 503 356
3 356 503 376
3 357 493 375
3 469 484 357
3 484 493 357
3 358 512 359
3 360 378 358
3 378 512 358
3 359 377 371
3 359 382 377
3 359 512 382
3 360 379 378
3 360 457 379
3 450 457 360
3 399 421 361
3 361 518 399
3 421 479 361
3 362 497 363
3 483 548 362
3 362 548 497
3 363 521 458
3 497 498 363
3 498 521 363
3 383 527 364
3 364 513 412
3 364 527 513
3 366 509 365
3 496 533 365
3 365 551 496
3 509 551 365
3 367 473 366
3 366 473 463
3 463 509 366
3 367 478 473
3 476 477 367
3 477 478 367
3 406 507 368
3 436 490 368
3 368 507 436
3 369 418 417
3 369 419 418
3 369 420 419
3 370 500 447
3 447 513 370
3 513 527 370
3 377 493 371
3 371 484 440
3 371 493 484
3 509 530 372
3 372 551 509
3 372 530 518
3 374 538 373
3 373 445 397
3 373 538 445
3 501 538 374
3 374 560 501
3 528 560 374
3 493 524 375
3 375 504 503
3 375 524 504
3 376 402 401
3 376 537 402
3 503 537 376
3 382 511 377
3 377 524 493
3 511 524 377
3 379 539 378
3 378 539 506
3 457 494 379
3 494 522 379
3 522 539 379
3 381 553 380
3 380 533 496
3 380 553 533
3 381 394 390
3 381 451 394
3 382 542 511
3 480 559 383
3 383 540 527
3 383 559 540
3 384 531 406
3 517 531 384
3 385 552 407
3 425 536 385
3 536 552 385
3 386 482 475
3 386 555 482
3 517 555 386
3 387 396 388
3 396 494 388
3 388 487 465
3 388 494 487
3 426 532 389
3 532 554 389
3 394 556 390
3 390 556 516
3 391 520 392
3 391 516 449
3 392 456 432
3 392 564 456
3 520 564 392
3 393 526 395
3 393 536 526
3 393 552 536
3 519 556 394
3 526 558 395
3 396 522 494
3 505 522 396
3 445 529 397
3 398 557 400
3 535 557 398
3 518 530 399
3 400 557 430
3 402 439 401
3 404 523 405
3 422 523 404
3 415 448 405
3 405 510 415
3 405 523 510
3 406 547 507
3 408 438 435
3 409 411 410
3 409 427 411
3 411 474 410
3 431 446 410
3 410 474 431
3 427 486 411
3 411 485 474
3 411 486 485
3 412 414 413
3 415 416 413
3 416 563 413
3 415 510 416
3 510 541 416
3 431 434 417
3 495 523 422
3 423 543 424
3 424 558 423
3 423 558 526
3 458 521 426
3 429 430 428
3 429 525 430
3 507 547 429
3 429 547 525
3 431 474 434
3 460 461 432
3 441 501 442
3 442 501 443
3 443 491 444
3 443 560 491
3 501 560 443
3 444 534 472
3 491 562 444
3 444 562 534
3 453 454 452
3 454 520 452
3 453 545 454
3 454 545 492
3 492 564 454
3 454 564 520
3 456 492 455
3 456 564 492
3 487 494 457
3 497 548 459
3 463 473 462
3 463 530 509
3 465 487 481
3 467 468 466
3 468 488 466
3 467 478 468
3 468 478 477
3 534 562 471
3 472 534 482
3 482 555 472
3 476 489 477
3 479 559 480
3 492 545 483
3 491 560 528
3 497 546 498
3 499 521 498
3 503 504 502
3 502 537 503
3 504 561 502
3 58 5 582
3 5 103 582
3 6 60 580
3 106 6 580
3 99 9 581
3 9 104 581
3 105 10 579
3 10 110 579
3 59 58 569
3 569 58 582
3 60 59 577
3 59 569 577
3 60 577 580
3 100 99 575
3 575 99 581
3 101 100 574
3 574 100 575
3 102 101 565
3 565 101 574
3 103 102 578
3 102 565 578
3 103 578 582
3 104 105 566
3 104 566 581
3 566 105 579
3 107 106 568
3 568 106 580
3 108 107 570
3 107 568 570
3 109 108 567
3 567 108 570
3 110 109 572
3 109 567 572
3 110 572 579
3 571 565 576
3 565 571 578
3 565 574 576
3 566 572 573
3 572 566 579
3 566 573 575
3 566 575 581
3 567 570 576
3 572 567 573
3 573 567 576
3 570 568 571
3 571 568 577
3 577 568 580
3 569 571 577
3 571 569 578
3 578 569 582
3 570 571 576
3 573 574 575
3 574 573 576
3 5 61 608
3 103 5 608
3 7 111 64
3 9 99 603
3 116 9 603
3 115 11 604
3 11 118 604
3 61 62 599
3 61 599 608
3 62 63 586
3 62 586 599
3 63 64 605
3 586 63 605
3 64 111 588
3 64 588 605
3 99 100 597
3 99 597 603
3 100 101 583
3 100 583 597
3 101 102 595
3 583 101 595
3 102 103 587
3 102 587 595
3 587 103 608
3 111 112 588
3 112 113 584
3 112 584 588
3 113 114 598
3 584 113 598
3 114 115 593
3 114 593 598
3 593 115 604
3 117 116 594
3 594 116 603
3 118 117 585
3 585 117 594
3 118 585 604
3 583 595 600
3 597 583 601
3 583 600 601
3 588 584 589
3 589 584 590
3 590 584 598
3 593 585 602
3 585 593 604
3 585 594 606
3 602 585 606
3 589 586 605
3 586 589 607
3 599 586 607
3 595 587 596
3 596 587 599
3 599 587 608
3 588 589 605
3 589 590 591
3 589 591 607
3 591 590 592
3 592 590 602
3 590 598 602
3 591 592 600
3 596 591 600
3 591 596 607
3 600 592 601
3 601 592 606
3 592 602 606
3 598 593 602
3 594 597 601
3 597 594 603
3 594 601 606
3 595 596 600
3 596 599 607
3 65 6 624
3 6 106 624
3 7 67 626
3 111 7 626
3 110 10 623
3 10 119 623
3 11 115 625
3 120 11 625
3 66 65 621
3 621 65 624
3 67 66 613
3 613 66 621
3 67 613 626
3 106 107 612
3 106 612 624
3 107 108 614
3 612 107 614
3 108 109 611
3 108 611 614
3 109 110 616
3 611 109 616
3 616 110 623
3 112 111 622
3 622 111 626
3 113 112 609
3 609 112 622
3 114 113 618
3 113 609 618
3 115 114 619
3 114 618 619
3 115 619 625
3 119 120 610
3 119 610 623
3 610 120 625
3 609 615 620
3 615 609 622
3 618 609 620
3 616 610 617
3 610 616 623
3 617 610 619
3 619 610 625
3 614 611 620
3 611 616 617
3 611 617 620
3 612 614 615
3 612 615 621
3 612 621 624
3 615 613 621
3 613 615 622
3 613 622 626
3 615 614 620
3 618 617 619
3 617 618 620
3 68 627 8
3 8 627 73
3 69 627 68
3 70 627 69
3 71 627 70
3 72 627 71
3 73 627 72
3 116 104 9
3 10 105 628
3 119 10 629
3 10 628 629
3 11 120 118
3 105 104 630
3 104 116 630
3 628 105 630
3 116 117 628
3 116 628 630
3 117 118 629
3 628 117 629
3 118 120 629
3 120 119 629
4 28 187 288 637
4 246 229 198 635
4 361 650 649 678
4 246 635 198 669
4 310 648 641 668
4 105 630 638 671
4 436 636 93 639
4 213 93 636 639
4 473 643 670 679
4 245 254 636 639
4 105 630 564 638
4 253 636 254 639
4 495 636 253 639
4 361 649 672 678
4 641 648 310 654
4 529 677 673 688
4 289 643 473 679
4 310 648 668 670
4 415 655 636 669
4 245 253 254 639
4 309 641 310 654
4 529 673 652 688
4 255 253 495 636
4 213 636 404 639
4 187 637 28 667
4 643 648 473 670
4 289 648 643 658
4 507 636 436 639
4 289 478 648 658
4 394 665 651 668
4 473 670 462 679
4 289 473 643 648
4 289 473 462 679
4 381 651 646 668
4 28 637 285 667
4 448 415 636 669
4 632 641 640 643
4 482 534 635 666
4 641 643 632 648
4 229 635 246 662
4 28 288 285 637
4 640 641 631 643
4 316 650 361 678
4 649 650 361 692
4 646 651 381 677
4 217 635 655 669
4 406 636 507 639
4 649 650 633 678
4 250 636 384 689
4 254 253 255 636
4 416 635 563 655
4 120 119 302 671
4 27 288 187 637
4 652 683 634 684
4 482 635 475 666
4 260 563 268 635
4 631 643 641 648
4 310 309 322 641
4 649 633 672 678
4 92 93 436 636
4 343 667 653 674
4 289 478 473 648
4 105 628 630 671
4 187 27 637 675
4 198 229 90 635
4 635 661 261 666
4 92 213 93 636
4 316 361 650 692
4 322 310 641 668
4 564 630 104 638
4 259 635 475 655
4 198 635 90 669
4 635 669 246 689
4 383 661 685 692
4 245 254 531 636
4 381 394 651 668
4 630 104 638 676
4 261 635 268 661
4 456 105 638 671
4 442 229 246 662
4 261 475 635 666
4 298 11 642 675
4 259 261 475 635
4 285 287 28 667
4 245 636 531 639
4 260 563 635 655
4 307 310 648 654
4 249 635 444 662
4 263 652 680 685
4 120 302 642 671
4 259 261 635 655
4 261 260 268 635
4 203 683 652 684
4 475 655 635 689
4 529 651 673 677
4 268 635 563 661
4 495 523 636 639
4 628 638 630 671
4 201 263 652 673
4 343 644 667 674
4 120 302 300 642
4 652 673 263 680
4 250 669 636 689
4 472 534 444 635
4 673 677 633 688
4 383 480 661 692
4 343 313 653 667
4 383 480 337 661
4 404 636 523 639
4 405 448 415 636
4 643 653 281 658
4 510 636 415 655
4 260 635 261 655
4 500 201 263 652
4 86 652 529 673
4 384 636 517 689
4 652 673 633 688
4 89 635 229 662
4 475 635 482 689
4 185 187 28 667
4 283 281 653 658
4 411 645 409 660
4 269 261 661 666
4 547 406 507 639
4 11 120 298 642
4 531 636 406 639
4 547 252 406 639
4 217 635 413 655
4 307 309 310 654
4 472 482 534 635
4 409 645 673 681
4 31 644 419 676
4 654 671 432 682
4 653 667 644 674
4 404 213 405 636
4 283 284 285 637
4 298 120 300 642
4 551 668 646 670
4 386 655 475 689
4 105 564 456 638
4 645 409 660 681
4 186 30 31 667
4 316 275 361 692
4 432 654 461 671
4 466 468 637 675
4 468 658 637 675
4 284 637 283 653
4 641 668 648 670
4 215 436 93 639
4 414 661 635 684
4 306 642 302 671
4 638 432 671 682
4 551 646 509 670
4 31 419 3 676
4 185 637 187 667
4 118 642 11 675
4 93 213 228 639
4 381 339 646 677
4 662 683 203 684
4 466 637 468 658
4 255 495 344 636
4 288 28 285 287
4 531 406 252 639
4 283 653 637 658
4 263 680 265 685
4 249 246 635 662
4 31 420 419 644
4 285 286 287 667
4 416 413 563 635
4 436 507 368 636
4 27 288 637 675
4 217 90 635 669
4 276 273 659 672
4 89 635 662 684
4 289 643 281 658
4 306 654 642 671
4 510 405 415 636
4 638 642 631 654
4 215 507 436 639
4 83 82 446 640
4 467 289 281 658
4 283 637 466 658
4 641 648 632 670
4 85 529 651 673
4 257 255 258 636
4 81 200 82 640
4 273 659 645 679
4 81 200 640 657
4 277 659 273 679
4 632 648 643 670
4 645 659 273 672
4 277 276 273 659
4 285 637 284 667
4 500 652 263 685
4 413 635 416 655
4 418 80 419 644
4 120 629 119 671
4 283 467 281 658
4 80 644 418 657
4 642 654 638 671
4 306 305 302 642
4 446 83 640 681
4 472 444 249 635
4 637 653 284 667
4 338 641 665 668
4 631 642 638 664
4 228 213 404 639
4 633 646 645 672
4 482 635 472 689
4 646 659 645 672
4 269 261 268 661
4 409 673 230 681
4 456 638 432 671
4 336 648 310 670
4 83 82 640 665
4 381 646 380 668
4 327 658 675 693
4 517 636 655 689
4 120 119 301 302
4 451 381 651 677
4 646 659 509 670
4 381 339 380 646
4 419 644 80 676
4 406 368 507 636
4 361 649 421 672
4 257 636 258 655
4 432 461 654 682
4 255 344 258 636
4 538 652 203 683
4 447 684 87 685
4 83 665 640 681
4 104 454 638 676
4 80 644 657 676
4 482 475 330 666
4 120 11 118 642
4 414 635 89 684
4 386 259 475 655
4 316 317 650 678
4 327 658 468 675
4 306 305 642 654
4 269 666 661 692
4 87 684 652 685
4 509 551 372 646
4 344 258 636 655
4 186 31 644 667
4 431 410 640 660
4 446 640 410 681
4 343 644 342 667
4 480 269 661 692
4 563 635 413 661
4 456 392 432 638
4 640 660 410 681
4 364 383 661 685
4 204 651 529 677
4 92 436 490 636
4 327 477 468 658
4 120 642 629 671
4 431 410 446 640
4 327 477 658 693
4 81 640 82 691
4 436 368 490 636
4 415 217 413 655
4 251 250 384 689
4 509 646 372 659
4 501 203 662 683
4 81 657 640 691
4 637 644 631 653
4 309 325 322 641
4 278 273 486 679
4 257 254 255 636
4 38 664 637 667
4 273 645 486 679
4 651 665 632 668
4 634 685 661 692
4 249 635 246 689
4 344 495 523 636
4 564 104 454 638
4 217 655 415 669
4 427 409 411 645
4 650 678 317 694
4 203 652 87 684
4 500 263 370 685
4 384 250 406 636
4 646 672 633 678
4 386 475 482 689
4 523 404 405 636
4 427 409 645 673
4 645 660 486 679
4 90 229 89 635
4 520 638 454 676
4 480 269 337 661
4 659 672 646 678
4 117 664 638 671
4 249 442 246 662
4 466 488 468 675
4 86 201 652 673
4 472 635 249 689
4 415 413 416 655
4 640 657 200 674
4 562 662 666 687
4 325 641 309 654
4 39 644 31 676
4 261 270 475 666
4 433 343 313 653
4 383 685 649 692
4 300 489 298 642
4 269 270 261 666
4 392 432 638 682
4 427 673 645 680
4 638 657 520 682
4 372 659 646 678
4 338 665 390 668
4 213 92 448 636
4 92 448 636 669
4 637 631 644 664
4 640 643 631 686
4 644 653 637 667
4 298 642 489 675
4 310 668 365 670
4 466 283 285 637
4 631 642 637 658
4 517 636 257 655
4 645 646 633 651
4 260 416 563 655
4 307 310 336 648
4 462 670 659 679
4 316 318 317 678
4 643 660 280 686
4 562 491 662 687
4 460 461 654 671
4 563 413 351 661
4 250 368 636 669
4 281 643 282 653
4 491 683 662 687
4 344 636 510 655
4 451 381 394 651
4 343 369 342 644
4 638 671 654 682
4 39 31 3 676
4 632 646 645 651
4 204 85 529 651
4 478 367 473 648
4 301 300 120 302
4 306 460 654 671
4 413 635 414 661
4 490 92 636 669
4 280 660 643 679
4 432 350 461 682
4 652 683 538 688
4 643 653 631 686
4 250 368 406 636
4 645 646 632 659
4 338 641 390 665
4 185 37 187 637
4 485 280 660 686
4 642 654 305 693
4 460 432 461 671
4 640 631 674 686
4 418 657 644 674
4 427 645 267 680
4 628 116 630 638
4 486 645 411 660
4 38 637 185 667
4 490 636 368 669
4 405 213 448 636
4 280 282 643 686
4 369 644 343 674
4 649 680 652 685
4 482 330 534 666
4 230 673 651 681
4 431 660 640 686
4 412 661 414 684
4 427 262 409 673
4 646 651 632 668
4 407 639 690 695
4 365 668 551 670
4 500 86 201 652
4 520 454 452 676
4 452 202 520 676
4 630 638 116 676
4 653 674 631 686
4 478 367 648 658
4 186 664 38 667
4 478 367 658 693
4 117 638 628 671
4 37 637 38 664
4 288 466 285 637
4 251 384 517 689
4 383 649 559 692
4 418 200 657 674
4 648 658 367 693
4 313 284 653 667
4 631 637 642 664
4 638 664 642 671
4 241 238 240 656
4 327 675 489 693
4 369 420 342 644
4 187 637 37 675
4 241 647 238 656
4 217 90 414 635
4 317 678 318 694
4 90 89 414 635
4 116 638 117 664
4 634 683 662 684
4 463 659 462 670
4 344 541 258 655
4 562 662 444 666
4 383 337 364 661
4 369 418 644 674
4 93 639 228 695
4 407 422 639 695
4 93 228 94 695
4 637 658 642 675
4 345 672 649 680
4 370 263 265 685
4 336 310 365 670
4 285 284 286 667
4 186 644 664 667
4 257 517 254 636
4 399 672 659 678
4 529 397 677 688
4 393 647 241 656
4 456 314 105 671
4 410 411 409 660
4 456 564 392 638
4 473 648 367 670
4 413 217 414 635
4 259 260 261 655
4 238 647 237 656
4 306 302 460 671
4 271 666 269 692
4 282 653 643 686
4 485 660 280 679
4 116 638 664 676
4 393 536 552 647
4 419 369 418 644
4 638 644 631 664
4 279 643 289 679
4 564 454 520 638
4 344 510 541 655
4 307 654 648 693
4 283 281 282 653
4 495 422 523 639
4 461 306 460 654
4 81 418 200 657
4 307 305 654 693
4 652 684 634 685
4 39 664 644 676
4 636 669 655 689
4 410 660 409 681
4 10 105 314 671
4 448 217 415 669
4 641 632 668 670
4 640 641 632 665
4 281 280 282 643
4 369 419 420 644
4 642 664 629 671
4 37 637 664 675
4 429 690 639 695
4 651 673 645 681
4 632 643 640 660
4 496 646 551 668
4 427 411 486 645
4 393 552 241 647
4 305 300 302 642
4 86 529 85 673
4 366 367 648 670
4 313 343 342 667
4 649 265 680 685
4 630 105 564 104
4 245 531 252 639
4 118 664 642 675
4 631 641 640 691
4 441 662 203 684
4 118 629 642 664
4 433 343 653 674
4 393 241 240 656
4 383 559 480 692
4 331 646 332 694
4 536 647 393 656
4 338 390 381 668
4 643 648 631 658
4 489 675 642 693
4 631 644 638 657
4 27 488 288 675
4 547 507 429 639
4 380 339 332 646
4 384 406 531 636
4 264 427 267 680
4 280 334 282 686
4 39 116 664 676
4 530 659 372 678
4 256 407 639 690
4 118 629 120 642
4 208 557 647 656
4 425 96 647 656
4 485 334 280 686
4 366 473 367 670
4 431 474 660 686
4 507 215 429 639
4 307 648 476 693
4 235 639 422 695
4 479 649 361 692
4 37 185 38 637
4 413 414 412 661
4 273 267 645 672
4 643 631 653 658
4 473 463 462 670
4 325 641 654 682
4 431 640 200 674
4 306 307 305 654
4 399 659 530 678
4 628 117 116 638
4 208 647 96 656
4 290 276 659 672
4 535 557 96 656
4 384 531 517 636
4 215 429 639 695
4 431 474 410 660
4 205 3 31 419
4 322 533 310 668
4 244 253 245 639
4 631 638 654 682
4 429 430 690 695
4 467 283 466 658
4 272 672 345 680
4 118 117 629 664
4 633 673 652 680
4 322 641 338 668
4 37 664 118 675
4 421 649 345 672
4 230 651 84 681
4 364 661 513 685
4 519 651 394 665
4 642 675 658 693
4 31 39 186 644
4 208 96 557 656
4 336 476 307 648
4 562 491 444 662
4 516 641 349 691
4 332 646 339 677
4 646 677 332 694
4 315 316 317 650
4 361 672 399 678
4 243 245 252 639
4 631 642 658 693
4 214 409 230 681
4 422 404 523 639
4 632 670 643 679
4 256 407 422 639
4 303 302 119 671
4 349 641 325 682
4 372 551 331 646
4 517 655 386 689
4 645 672 267 680
4 117 629 664 671
4 631 653 644 674
4 349 516 390 641
4 390 665 641 691
4 433 674 653 686
4 513 661 684 685
4 279 289 462 679
4 433 434 674 686
4 96 535 208 557
4 495 253 256 639
4 254 517 531 636
4 560 443 491 662
4 331 678 646 694
4 88 203 87 684
4 529 652 445 688
4 400 237 647 656
4 281 289 279 643
4 441 89 229 662
4 538 203 501 683
4 31 205 419 420
4 433 313 284 653
4 560 662 491 683
4 425 647 536 656
4 501 203 441 662
4 270 269 271 666
4 478 477 367 693
4 82 640 665 691
4 290 659 399 672
4 381 451 339 677
4 300 305 489 642
4 290 399 276 672
4 517 257 386 655
4 637 664 644 667
4 557 400 647 656
4 530 509 372 659
4 467 478 289 658
4 365 310 533 668
4 280 281 279 643
4 528 650 348 683
4 631 648 641 654
4 433 434 343 674
4 392 350 432 682
4 640 674 431 686
4 447 88 87 684
4 637 653 631 658
4 390 641 516 691
4 236 238 237 656
4 351 268 563 661
4 538 683 374 688
4 244 639 245 690
4 645 632 660 679
4 243 245 639 690
4 633 650 649 652
4 82 200 446 640
4 421 361 479 649
4 632 659 646 670
4 290 276 277 659
4 373 538 374 688
4 528 464 348 650
4 244 256 253 639
4 651 665 519 681
4 632 646 668 670
4 338 322 325 641
4 319 331 332 694
4 478 658 477 693
4 204 529 397 677
4 247 246 669 689
4 262 263 673 680
4 631 640 657 691
4 332 677 333 694
4 445 652 538 688
4 407 235 422 695
4 647 690 430 695
4 202 520 657 682
4 630 116 104 676
4 84 651 230 673
4 392 638 520 682
4 262 264 263 680
4 491 443 444 662
4 348 683 650 688
4 649 650 634 652
4 517 386 555 689
4 632 645 660 681
4 117 38 39 664
4 562 444 534 666
4 327 489 477 693
4 525 639 429 690
4 645 651 633 673
4 80 657 202 676
4 200 431 446 640
4 279 280 643 679
4 422 495 256 639
4 475 270 330 666
4 412 414 218 684
4 425 211 96 656
4 631 657 640 674
4 538 445 203 652
4 633 651 646 677
4 342 346 30 420
4 417 431 200 674
4 273 267 486 645
4 273 272 267 672
4 649 672 633 680
4 332 339 333 677
4 239 237 238 647
4 633 652 649 680
4 632 651 645 681
4 278 277 273 679
4 83 216 82 665
4 433 653 282 686
4 644 664 638 676
4 642 631 654 693
4 79 3 419 676
4 540 649 265 680
4 322 338 553 668
4 496 551 365 668
4 464 348 650 688
4 250 247 669 689
4 84 230 85 673
4 214 230 84 681
4 383 540 649 685
4 272 345 266 680
4 366 367 336 648
4 433 282 334 686
4 645 659 632 679
4 89 662 441 684
4 228 404 235 639
4 298 489 327 675
4 336 366 648 670
4 105 10 628 671
4 338 381 553 668
4 642 664 637 675
4 372 646 331 678
4 540 265 649 685
4 634 662 683 687
4 407 690 647 695
4 429 428 430 695
4 489 642 305 693
4 250 247 368 669
4 518 361 399 678
4 390 516 665 691
4 452 80 202 676
4 518 316 361 678
4 632 665 641 668
4 338 349 390 641
4 513 661 412 684
4 233 234 232 656
4 314 456 432 671
4 252 525 243 639
4 84 85 651 673
4 398 656 227 663
4 95 647 428 695
4 243 244 245 690
4 288 28 27 187
4 338 325 349 641
4 638 657 644 676
4 441 229 442 662
4 434 431 674 686
4 661 666 634 692
4 398 232 656 663
4 425 536 211 656
4 421 479 345 649
4 117 118 38 664
4 547 429 525 639
4 187 37 27 675
4 92 91 448 669
4 267 427 486 645
4 634 666 662 687
4 425 96 95 647
4 349 325 350 682
4 39 116 117 664
4 95 199 425 647
4 632 660 640 681
4 86 85 201 673
4 413 412 351 661
4 256 639 244 690
4 661 662 635 684
4 464 688 650 694
4 462 659 277 679
4 631 682 641 691
4 364 527 383 685
4 267 672 272 680
4 235 228 639 695
4 199 647 95 695
4 233 656 232 663
4 215 428 429 695
4 238 437 239 647
4 369 417 418 674
4 83 519 665 681
4 331 319 678 694
4 525 243 639 690
4 445 529 86 652
4 240 238 236 656
4 315 650 317 687
4 648 654 631 693
4 641 682 349 691
4 422 235 404 639
4 278 485 280 679
4 480 271 269 692
4 525 429 430 690
4 417 434 431 674
4 530 399 290 659
4 252 547 525 639
4 560 501 662 683
4 208 428 95 647
4 373 445 538 688
4 230 409 262 673
4 365 551 509 670
4 336 367 476 648
4 447 500 370 685
4 509 659 463 670
4 271 274 666 692
4 476 648 367 693
4 84 651 519 681
4 633 673 651 677
4 560 501 443 662
4 27 2 488 675
4 414 89 218 684
4 464 348 688 694
4 640 660 643 686
4 510 415 416 655
4 555 386 482 689
4 564 520 392 638
4 398 227 232 663
4 342 30 326 667
4 345 649 266 680
4 632 643 660 679
4 632 640 665 681
4 486 411 485 660
4 650 633 678 694
4 277 462 290 659
4 380 332 496 646
4 202 682 657 691
4 428 647 430 695
4 80 418 81 657
4 380 646 496 668
4 655 669 635 689
4 268 337 269 661
4 559 383 540 649
4 96 208 95 647
4 513 364 412 661
4 418 417 200 674
4 318 331 319 678
4 528 323 650 683
4 37 38 118 664
4 631 654 641 682
4 634 652 650 683
4 454 9 453 676
4 270 271 274 666
4 104 9 454 676
4 631 658 648 693
4 325 309 461 654
4 540 266 649 680
4 247 246 198 669
4 400 234 237 656
4 631 644 657 674
4 82 665 216 691
4 247 248 246 689
4 331 551 496 646
4 407 647 385 695
4 556 519 394 665
4 631 657 638 682
4 399 361 421 672
4 634 650 649 692
4 345 540 266 649
4 238 241 437 647
4 239 647 437 690
4 369 343 417 674
4 239 242 237 647
4 526 395 558 663
4 374 683 348 688
4 526 656 395 663
4 464 528 323 650
4 635 662 661 666
4 204 451 651 677
4 510 416 541 655
4 315 317 323 687
4 485 660 474 686
4 327 468 488 675
4 632 659 670 679
4 383 527 540 685
4 317 650 323 687
4 540 265 266 680
4 448 91 217 669
4 631 657 682 691
4 634 661 662 666
4 633 645 673 680
4 485 474 334 686
4 437 647 407 690
4 292 27 2 488
4 535 227 398 656
4 257 259 386 655
4 451 394 204 651
4 242 430 647 690
4 463 509 530 659
4 467 466 468 658
4 650 652 633 688
4 274 687 666 692
4 331 496 332 646
4 29 185 28 667
4 250 248 247 689
4 526 423 656 663
4 284 313 286 667
4 262 263 201 673
4 307 476 305 693
4 83 84 519 681
4 633 672 645 680
4 227 656 97 663
4 649 652 634 685
4 552 407 241 647
4 407 437 241 647
4 234 236 237 656
4 462 463 290 659
4 423 97 656 663
4 272 421 345 672
4 284 283 282 653
4 513 684 447 685
4 529 445 397 688
4 204 394 519 651
4 650 683 323 687
4 333 341 688 694
4 233 508 656 663
4 233 236 234 656
4 540 527 265 685
4 454 453 452 676
4 242 400 237 647
4 651 632 665 681
4 336 365 366 670
4 186 38 185 667
4 275 479 361 692
4 430 428 208 647
4 464 650 317 694
4 205 79 3 419
4 220 231 627 663
4 319 317 318 694
4 199 385 425 647
4 373 374 348 688
4 333 677 341 694
4 346 31 30 420
4 633 677 646 694
4 410 409 214 681
4 526 423 211 656
4 556 394 390 665
4 490 368 247 669
4 403 220 627 663
4 460 302 303 671
4 97 227 535 656
4 424 224 627 663
4 217 91 90 669
4 319 318 678 694
4 87 203 445 652
4 633 646 678 694
4 181 599 608 196
4 194 184 175 605
4 649 685 634 692
4 627 543 424 663
4 634 662 661 684
4 557 400 430 647
4 395 656 508 663
4 242 647 239 690
4 552 385 407 647
4 233 508 236 656
4 516 349 682 691
4 677 688 341 694
4 211 423 97 656
4 634 684 661 685
4 199 385 647 695
4 454 9 104 453
4 309 307 306 654
4 266 267 272 680
4 204 84 85 651
4 517 555 251 689
4 544 98 627 663
4 544 627 231 663
4 490 91 92 669
4 536 393 526 656
4 234 398 232 656
4 317 464 323 650
4 640 641 665 691
4 513 412 218 684
4 119 303 301 302
4 650 683 652 688
4 263 264 265 680
4 365 533 496 668
4 249 444 443 662
4 464 333 348 694
4 557 430 208 647
4 88 441 203 684
4 557 398 400 656
4 627 224 403 663
4 468 477 478 658
4 627 98 543 663
4 562 666 471 687
4 634 687 650 692
4 273 276 272 672
4 119 10 303 671
4 202 391 682 691
4 333 688 348 694
4 117 628 629 671
4 526 558 423 663
4 24 23 159 598
4 79 419 80 676
4 215 94 428 695
4 518 318 316 678
4 242 525 430 690
4 284 282 433 653
4 23 24 114 598
4 248 249 246 689
4 86 500 87 652
4 268 351 337 661
4 473 366 463 670
4 314 432 460 671
4 395 393 240 656
4 434 417 343 674
4 296 11 298 675
4 202 391 520 682
4 2 296 488 675
4 508 395 240 656
4 446 410 214 681
4 242 430 400 647
4 204 397 451 677
4 345 559 540 649
4 471 562 534 666
4 364 513 527 685
4 553 381 380 668
4 323 683 491 687
4 559 649 479 692
4 460 303 314 671
4 385 552 536 647
4 541 416 260 655
4 105 492 564 104
4 171 25 24 113
4 275 687 274 692
4 10 314 303 671
4 536 526 211 656
4 9 104 116 676
4 204 519 84 651
4 330 471 534 666
4 528 491 323 683
4 403 220 70 627
4 345 479 559 649
4 463 530 290 659
4 333 341 348 688
4 400 398 234 656
4 257 258 259 655
4 627 72 224 424
4 385 536 425 647
4 395 526 393 656
4 627 220 69 231
4 309 306 461 654
4 81 82 449 691
4 274 275 315 687
4 216 665 516 691
4 518 399 530 678
4 224 403 71 627
4 407 385 235 695
4 508 240 236 656
4 519 216 83 665
4 23 22 173 115
4 446 214 83 681
4 113 114 24 598
4 2 118 11 675
4 36 597 99 100
4 98 627 8 544
4 535 398 557 656
4 583 101 100 174
4 538 501 374 683
4 556 516 216 665
4 173 23 115 114
4 411 410 474 660
4 177 176 159 598
4 583 601 600 174
4 319 464 317 694
4 296 298 327 675
4 292 288 27 488
4 330 270 274 666
4 390 516 556 665
4 433 334 434 686
4 27 37 2 675
4 79 452 453 676
4 373 397 445 688
4 198 90 91 669
4 516 349 391 682
4 79 453 9 676
4 279 278 280 679
4 476 367 477 693
4 364 351 412 661
4 474 431 434 686
4 23 173 159 598
4 528 348 374 683
4 543 627 8 98
4 650 688 633 694
4 597 583 100 174
4 319 332 333 694
4 173 23 114 598
4 211 97 96 656
4 81 449 657 691
4 339 341 333 677
4 39 3 9 676
4 467 468 478 658
4 19 162 195 605
4 586 195 62 181
4 501 441 442 662
4 249 443 442 662
4 300 298 299 120
4 292 2 296 488
4 86 87 445 652
4 83 214 84 681
4 97 535 96 656
4 476 489 305 693
4 326 313 342 667
4 505 47 46 192
4 258 541 260 655
4 11 296 2 675
4 392 520 391 682
4 194 64 184 605
4 181 608 21 196
4 29 326 30 667
4 37 118 2 675
4 202 657 449 691
4 586 195 162 605
4 162 195 586 181
4 364 337 351 661
4 513 218 447 684
4 372 331 318 678
4 259 258 260 655
4 471 666 274 687
4 161 182 606 178
4 509 366 365 670
4 606 182 592 178
4 256 437 407 690
4 80 81 202 657
4 202 449 391 691
4 114 115 173 593
4 516 682 391 691
4 25 171 163 112
4 30 346 342 326
4 513 447 370 685
4 38 170 117 594
4 485 411 474 660
4 518 530 372 678
4 48 47 222 190
4 509 463 366 670
4 29 470 286 287
4 471 330 274 666
4 666 687 634 692
4 286 326 29 667
4 279 462 277 679
4 544 627 68 231
4 171 25 113 112
4 119 629 10 671
4 9 116 39 676
4 177 159 173 598
4 583 597 601 174
4 114 173 598 593
4 265 264 266 680
4 443 501 442 662
4 634 683 650 687
4 36 9 99 180
4 115 2 22 604
4 395 224 558 663
4 584 113 171 598
4 266 264 267 680
4 174 595 34 160
4 170 585 117 594
4 38 170 594 161
4 33 587 102 103
4 543 73 627 424
4 452 79 80 676
4 323 491 562 687
4 39 38 117 594
4 118 38 170 117
4 585 177 593 602
4 601 161 178 169
4 502 55 54 188
4 327 488 296 675
4 100 101 35 174
4 298 11 299 120
4 597 36 35 100
4 533 322 553 668
4 193 32 608 164
4 184 189 111 588
4 592 182 168 178
4 587 595 33 102
4 527 370 265 685
4 39 38 594 161
4 585 118 170 117
4 230 201 85 673
4 99 9 603 180
4 179 22 2 604
4 480 559 479 692
4 9 3 79 676
4 519 556 216 665
4 604 173 585 179
4 180 597 161 603
4 39 603 9 180
4 601 178 174 169
4 177 598 593 602
4 677 633 688 694
4 555 482 472 689
4 397 341 677 688
4 193 608 21 164
4 189 184 64 588
4 33 595 101 102
4 100 35 597 174
4 286 313 326 667
4 34 33 595 101
4 73 72 627 424
4 230 262 201 673
4 314 455 456 105
4 173 177 593 585
4 161 601 597 169
4 195 63 19 605
4 195 20 62 181
4 186 29 30 667
4 456 492 564 105
4 112 171 163 584
4 587 33 595 160
4 224 71 72 627
4 585 170 606 594
4 88 89 441 684
4 202 81 449 657
4 94 95 428 695
4 594 117 39 116
4 170 37 38 118
4 99 597 36 180
4 115 22 173 604
4 198 490 247 669
4 167 172 176 590
4 600 591 596 166
4 598 173 177 593
4 174 597 601 169
4 101 34 35 174
4 250 251 248 689
4 178 168 592 166
4 602 168 590 592
4 177 168 176 590
4 601 592 600 166
4 424 558 224 663
4 2 37 179 604
4 171 172 163 584
4 595 596 587 160
4 161 603 39 180
4 553 380 533 668
4 98 97 423 663
4 173 604 585 593
4 597 180 161 169
4 601 606 592 178
4 177 182 168 602
4 54 15 144 188
4 220 403 233 663
4 70 71 403 627
4 592 601 178 166
4 168 177 602 590
4 314 10 455 105
4 35 36 597 169
4 395 508 224 663
4 256 244 437 690
4 477 489 476 693
4 22 23 450 115
4 271 275 274 692
4 558 424 423 663
4 248 472 249 689
4 220 69 70 627
4 278 279 277 679
4 591 592 168 166
4 37 604 585 179
4 470 29 28 287
4 191 49 50 206
4 603 597 99 180
4 22 179 173 604
4 627 69 68 231
4 115 23 450 114
4 36 3 9 180
4 11 2 115 604
4 333 464 319 694
4 184 175 18 194
4 608 599 61 196
4 104 492 564 454
4 25 111 163 26
4 172 167 589 590
4 165 596 591 166
4 199 94 228 695
4 98 227 97 663
4 177 173 170 585
4 597 594 601 161
4 232 220 233 663
4 380 496 533 668
4 144 15 16 188
4 39 9 3 180
4 604 11 2 118
4 451 341 339 677
4 174 35 597 169
4 232 231 220 663
4 112 113 171 584
4 33 34 595 160
4 450 295 22 115
4 63 195 586 605
4 195 162 20 181
4 135 132 133 375
4 474 434 334 686
4 174 166 600 160
4 176 584 598 590
4 501 560 374 683
4 372 318 518 678
4 611 616 109 335
4 235 199 228 695
4 231 232 227 663
4 349 350 391 682
4 503 135 133 375
4 218 88 447 684
4 231 227 544 663
4 539 25 506 112
4 591 168 167 166
4 324 109 329 572
4 28 288 291 287
4 170 173 179 585
4 597 603 594 161
4 8 73 627 543
4 502 144 16 188
4 627 68 8 544
4 165 591 167 166
4 590 167 589 591
4 611 109 108 328
4 324 311 110 579
4 513 370 527 685
4 45 46 197 207
4 348 341 373 688
4 25 24 358 141
4 181 608 599 164
4 588 175 184 605
4 593 115 173 604
4 169 36 597 180
4 62 63 195 586
4 162 20 19 195
4 27 28 288 291
4 67 47 626 192
4 502 54 144 188
4 132 135 503 375
4 46 66 613 192
4 403 508 233 663
4 224 508 403 663
4 49 0 26 191
4 350 392 391 682
4 297 11 2 115
4 199 235 385 695
4 198 91 490 669
4 614 611 108 335
4 584 176 172 590
4 166 596 600 160
4 308 115 114 619
4 94 199 95 695
4 168 167 176 590
4 600 592 591 166
4 132 129 357 354
4 172 171 176 584
4 596 595 600 160
4 378 24 25 113
4 603 39 9 116
4 2 37 604 118
4 82 216 449 691
4 423 424 543 663
4 620 611 614 388
4 115 450 308 114
4 502 16 55 188
4 312 109 616 335
4 575 99 100 459
4 588 163 172 584
4 164 587 596 160
4 586 162 183 605
4 162 586 607 181
4 272 276 421 672
4 629 628 10 671
4 341 451 397 677
4 102 74 33 103
4 358 512 25 141
4 356 132 357 354
4 618 609 113 494
4 276 399 421 672
4 129 132 137 354
4 397 373 341 688
4 175 183 162 605
4 599 607 586 181
4 505 626 47 192
4 103 5 32 193
4 295 450 297 115
4 170 179 37 585
4 604 37 585 118
4 516 391 449 691
4 566 573 362 575
4 23 24 360 114
4 599 62 61 196
4 175 19 18 194
4 610 119 304 301
4 324 329 109 328
4 465 617 610 487
4 335 611 108 328
4 242 239 243 690
4 617 619 610 487
4 88 218 89 684
4 320 143 22 294
4 362 483 566 575
4 111 25 163 112
4 311 324 455 579
4 481 465 610 487
4 587 33 32 103
4 183 586 605 589
4 181 607 162 165
4 589 584 172 590
4 166 165 596 160
4 19 175 162 605
4 599 586 62 181
4 340 614 108 335
4 544 227 98 663
4 109 611 335 328
4 25 26 506 111
4 525 242 243 690
4 111 7 64 189
4 293 130 136 124
4 567 329 109 572
4 423 543 98 663
4 286 470 29 326
4 181 599 607 165
4 605 175 183 589
4 26 49 191 206
4 28 470 293 124
4 596 599 587 164
4 163 172 175 588
4 440 293 130 136
4 323 562 471 687
4 503 356 132 375
4 185 29 186 667
4 21 32 1 193
4 450 457 308 114
4 114 457 308 619
4 21 32 193 164
4 111 189 64 588
4 440 293 484 130
4 481 610 619 487
4 46 613 505 192
4 613 626 505 192
4 315 471 274 687
4 613 622 615 505
4 320 22 295 294
4 25 512 206 147
4 528 560 491 683
4 206 26 25 147
4 103 608 5 193
4 548 483 362 575
4 99 77 36 100
4 114 24 360 113
4 340 108 107 458
4 143 153 22 294
4 172 175 588 589
4 599 596 165 164
4 358 24 25 378
4 194 175 19 605
4 62 599 181 196
4 588 112 163 584
4 33 587 164 160
4 481 610 304 301
4 25 26 206 378
4 150 371 321 142
4 26 184 189 111
4 32 608 103 193
4 502 16 144 221
4 308 299 297 625
4 30 128 353 352
4 363 329 567 573
4 613 66 67 192
4 353 137 151 355
4 239 244 243 690
4 321 150 142 123
4 374 560 528 683
4 151 353 355 438
4 184 18 64 194
4 608 61 21 196
4 311 623 119 304
4 356 137 132 354
4 137 151 127 353
4 303 311 119 304
4 335 312 109 328
4 127 31 30 346
4 371 359 321 142
4 167 607 591 165
4 589 167 183 591
4 172 588 584 589
4 164 596 165 160
4 617 620 618 388
4 30 128 127 353
4 32 5 1 193
4 32 4 5 103
4 10 110 311 579
4 12 0 191 158
4 362 347 329 572
4 239 437 244 690
4 21 608 181 164
4 588 184 64 605
4 388 494 618 487
4 458 328 108 567
4 25 26 378 506
4 494 618 620 388
4 128 29 469 352
4 22 23 320 450
4 142 359 321 123
4 113 25 378 112
4 194 19 63 605
4 181 20 62 196
4 216 516 449 691
4 124 29 469 128
4 328 329 109 567
4 144 154 121 504
4 353 151 127 438
4 293 484 130 124
4 0 26 189 111
4 458 108 107 570
4 378 360 24 113
4 108 340 335 328
4 25 512 358 378
4 626 613 67 192
4 550 5 4 103
4 321 440 143 294
4 132 135 356 503
4 388 618 617 487
4 572 362 347 573
4 55 16 502 221
4 470 28 29 124
4 130 493 371 142
4 175 172 183 589
4 599 596 607 165
4 110 109 312 324
4 308 297 115 625
4 572 329 362 573
4 616 610 623 304
4 163 184 26 111
4 320 295 22 450
4 607 183 167 591
4 608 587 32 103
4 12 51 13 126
4 465 616 611 335
4 426 340 107 458
4 32 74 4 103
4 622 615 505 396
4 611 465 335 388
4 100 99 77 459
4 346 30 127 353
4 465 312 616 335
4 479 271 480 692
4 6 624 106 532
4 133 154 503 375
4 347 572 573 566
4 4 74 550 103
4 113 609 379 494
4 329 328 458 567
4 347 455 579 105
4 358 23 24 360
4 9 36 99 78
4 506 378 25 539
4 315 323 471 687
4 479 275 271 692
4 607 589 183 591
4 607 167 183 165
4 465 611 617 388
4 571 568 521 577
4 621 197 66 207
4 567 363 573 576
4 109 312 324 328
4 304 616 610 465
4 197 46 66 207
4 297 299 11 625
4 119 610 120 301
4 295 153 292 294
4 29 470 469 352
4 304 312 616 465
4 493 134 131 133
4 153 295 22 294
4 293 470 28 287
4 125 144 16 221
4 312 311 110 324
4 132 135 138 356
4 111 506 25 112
4 484 469 129 124
4 353 128 137 354
4 356 135 138 376
4 363 329 458 567
4 297 450 308 115
4 190 47 222 626
4 455 10 311 579
4 353 346 30 352
4 623 311 312 304
4 596 591 607 165
4 167 183 172 589
4 619 308 481 487
4 389 614 107 340
4 494 620 609 396
4 197 65 45 621
4 625 308 299 481
4 127 346 353 408
4 387 612 615 207
4 573 548 362 575
4 455 324 347 579
4 118 170 37 585
4 137 127 128 353
4 142 130 493 131
4 149 439 401 402
4 576 570 521 571
4 297 296 11 298
4 470 469 293 124
4 0 26 184 189
4 573 362 548 574
4 109 108 328 567
4 15 54 144 561
4 104 581 545 453
4 311 119 10 303
4 133 131 493 375
4 504 121 144 561
4 321 440 150 143
4 329 363 362 573
4 1 4 5 32
4 571 521 499 577
4 122 149 401 139
4 77 99 78 209
4 99 575 209 459
4 512 25 206 378
4 101 565 574 223
4 619 457 308 487
4 35 76 101 100
4 149 146 226 402
4 357 132 356 375
4 153 2 295 292
4 608 61 5 193
4 402 401 149 139
4 352 30 29 326
4 126 12 51 542
4 189 7 0 111
4 108 340 328 458
4 16 55 56 221
4 125 16 56 221
4 576 521 363 571
4 458 107 426 570
4 26 206 378 506
4 352 346 30 326
4 401 138 139 376
4 324 329 347 572
4 56 17 16 125
4 321 143 320 294
4 354 353 128 352
4 497 573 576 574
4 105 579 347 566
4 502 155 154 503
4 619 114 457 618
4 484 493 371 130
4 438 140 219 401
4 570 521 363 576
4 43 60 42 212
4 135 356 503 376
4 613 615 207 505
4 605 588 175 589
4 165 181 599 164
4 36 35 219 140
4 101 75 33 102
4 149 226 439 402
4 457 619 618 487
4 396 494 620 388
4 494 457 618 487
4 148 377 145 134
4 358 320 23 360
4 299 300 120 301
4 107 612 614 389
4 311 110 623 312
4 435 36 219 140
4 346 127 31 408
4 77 36 219 435
4 77 35 36 100
4 356 138 137 355
4 33 34 75 101
4 435 205 152 408
4 101 102 565 223
4 119 303 304 301
4 626 47 222 505
4 66 613 621 207
4 362 483 347 566
4 144 155 502 221
4 619 308 625 481
4 36 35 77 219
4 190 7 67 626
4 357 493 484 131
4 484 469 357 129
4 613 66 46 207
4 137 353 354 355
4 469 470 29 124
4 154 144 502 504
4 122 219 140 401
4 293 28 291 287
4 623 119 10 311
4 450 23 360 114
4 101 574 100 459
4 2 295 296 297
4 360 320 23 450
4 455 347 492 105
4 312 616 623 304
4 611 617 616 465
4 573 362 347 566
4 11 299 297 298
4 22 23 143 320
4 505 522 622 396
4 481 120 610 301
4 115 297 11 625
4 506 111 539 112
4 354 128 469 352
4 497 548 362 574
4 122 34 35 219
4 209 77 99 459
4 154 133 504 375
4 472 248 251 689
4 153 136 291 294
4 484 293 469 124
4 58 40 225 582
4 74 32 33 103
4 111 7 48 190
4 387 614 611 388
4 10 311 303 314
4 143 440 136 294
4 206 191 26 158
4 129 469 357 354
4 222 111 48 190
4 469 129 128 354
4 401 138 122 139
4 101 574 459 223
4 78 99 9 209
4 110 109 324 572
4 144 121 15 561
4 221 155 502 537
4 360 378 379 113
4 9 581 104 453
4 75 74 33 102
4 0 48 506 7
4 504 503 154 375
4 76 34 35 101
4 567 458 363 570
4 568 106 426 580
4 136 440 291 294
4 112 163 111 588
4 587 32 33 164
4 292 27 291 294
4 610 304 465 481
4 358 24 23 123
4 354 356 137 355
4 573 362 497 576
4 502 144 54 561
4 212 521 568 577
4 155 144 125 221
4 58 41 59 569
4 573 497 362 574
4 499 59 41 569
4 132 138 137 356
4 130 484 357 129
4 191 0 26 158
4 52 14 13 145
4 499 498 571 569
4 459 574 497 223
4 36 9 3 78
4 292 153 27 294
4 360 457 450 114
4 296 295 2 292
4 223 102 565 546
4 153 291 27 294
4 521 212 499 577
4 59 41 42 499
4 14 15 121 561
4 402 146 514 125
4 23 143 320 123
4 133 493 524 375
4 76 34 439 219
4 144 502 504 561
4 154 502 503 504
4 34 76 35 219
4 578 498 571 565
4 472 251 555 689
4 212 60 42 577
4 453 581 545 209
4 615 387 207 396
4 371 440 484 130
4 578 225 498 546
4 163 175 184 588
4 608 587 599 164
4 618 114 457 113
4 152 205 31 408
4 371 321 440 150
4 134 493 524 133
4 155 154 144 502
4 387 389 612 207
4 152 127 438 408
4 363 497 362 576
4 52 53 14 210
4 105 347 492 566
4 356 138 355 376
4 387 615 620 396
4 130 357 484 131
4 130 371 440 150
4 358 23 320 123
4 139 135 155 537
4 387 611 335 388
4 455 492 456 105
4 110 109 616 312
4 190 222 111 626
4 293 440 291 136
4 624 6 554 532
4 426 212 568 580
4 48 0 506 49
4 129 130 484 124
4 24 358 360 378
4 131 130 357 129
4 291 288 27 292
4 34 122 439 219
4 505 615 207 396
4 515 74 102 103
4 291 28 293 136
4 615 622 609 396
4 469 129 124 128
4 435 152 438 408
4 320 143 321 123
4 335 614 611 387
4 212 426 532 580
4 378 379 113 112
4 503 502 155 537
4 574 548 573 575
4 99 581 9 209
4 357 131 132 375
4 363 567 570 576
4 34 75 76 439
4 3 435 205 152
4 40 41 58 225
4 574 565 497 223
4 622 222 522 505
4 145 377 524 134
4 622 522 609 396
4 321 359 358 123
4 65 45 621 624
4 210 14 52 145
4 532 43 212 580
4 396 620 387 388
4 111 163 184 588
4 32 587 608 164
4 554 624 612 207
4 532 426 106 580
4 358 320 321 123
4 28 293 136 124
4 387 620 614 388
4 455 311 10 314
4 226 146 514 402
4 184 18 0 189
4 610 619 625 481
4 615 609 620 396
4 352 29 470 326
4 139 402 401 376
4 114 360 457 113
4 6 60 43 580
4 136 150 440 143
4 616 617 610 465
4 108 107 614 340
4 133 154 135 503
4 453 78 9 209
4 363 498 576 571
4 514 17 56 125
4 183 586 589 607
4 183 162 607 165
4 401 355 138 376
4 148 377 511 145
4 498 499 225 569
4 102 578 565 546
4 100 76 101 459
4 453 9 581 209
4 66 65 197 621
4 438 355 151 401
4 573 363 362 576
4 46 613 207 505
4 550 578 582 103
4 565 578 498 546
4 222 622 626 505
4 539 222 522 622
4 620 609 618 494
4 615 620 614 387
4 127 353 438 408
4 43 60 212 580
4 205 31 3 152
4 621 612 624 207
4 514 157 17 125
4 15 14 53 561
4 59 42 60 577
4 506 26 0 111
4 574 575 100 459
4 67 47 190 626
4 49 26 0 506
4 125 514 402 221
4 568 426 107 570
4 206 26 49 506
4 194 63 64 605
4 181 21 20 196
4 579 324 347 572
4 524 156 133 504
4 435 3 36 152
4 130 484 493 131
4 148 511 377 382
4 532 6 43 580
4 357 493 131 375
4 347 483 492 566
4 210 121 14 145
4 102 101 75 223
4 617 465 388 487
4 360 379 457 113
4 459 76 101 223
4 78 3 36 435
4 576 498 497 565
4 56 57 17 514
4 574 497 548 459
4 57 1 17 157
4 141 359 142 123
4 108 458 567 570
4 537 139 135 376
4 582 225 58 569
4 572 567 329 573
4 128 30 29 352
4 139 146 402 125
4 621 615 612 207
4 615 621 613 207
4 127 140 152 438
4 36 77 78 435
4 76 75 101 223
4 621 45 197 207
4 481 299 120 301
4 296 11 2 297
4 511 13 51 126
4 56 514 125 221
4 609 379 522 112
4 157 17 57 514
4 76 75 34 101
4 545 492 483 104
4 335 340 614 387
4 408 31 346 420
4 205 31 408 420
4 612 615 614 387
4 219 435 140 438
4 50 191 206 158
4 136 291 27 153
4 136 153 143 294
4 524 511 377 145
4 554 6 44 532
4 104 545 492 454
4 79 3 9 78
4 458 426 521 570
4 504 133 524 375
4 75 74 102 515
4 295 22 2 153
4 190 111 7 626
4 138 151 355 401
4 75 34 33 439
4 107 106 389 426
4 138 135 139 376
4 32 1 4 549
4 1 57 549 157
4 546 223 102 515
4 77 35 76 219
4 617 618 619 487
4 134 142 493 131
4 382 512 141 147
4 580 60 212 577
4 113 379 609 112
4 546 578 225 515
4 359 512 358 141
4 340 107 389 426
4 611 620 617 388
4 41 58 225 569
4 27 28 291 136
4 498 576 571 565
4 506 0 7 111
4 522 379 609 494
4 219 35 122 140
4 609 522 494 396
4 440 130 150 136
4 566 483 492 104
4 27 2 153 292
4 32 4 74 549
4 33 74 75 226
4 539 378 25 112
4 435 152 140 438
4 137 128 129 354
4 148 511 126 145
4 141 512 25 147
4 36 77 99 78
4 148 126 511 382
4 382 206 147 158
4 122 149 439 401
4 9 79 78 453
4 608 21 61 193
4 184 64 18 189
4 359 148 377 382
4 359 382 512 141
4 42 59 499 577
4 568 521 426 570
4 575 574 548 459
4 65 45 624 554
4 554 612 389 207
4 498 363 521 571
4 140 127 151 438
4 299 120 625 481
4 515 578 550 103
4 100 77 76 459
4 622 609 522 112
4 493 377 371 142
4 622 522 539 112
4 435 78 3 205
4 550 582 5 103
4 340 389 614 387
4 102 578 546 515
4 150 130 371 142
4 51 511 126 542
4 363 498 497 576
4 566 492 105 104
4 578 582 225 550
4 357 131 129 132
4 110 616 623 312
4 454 104 545 453
4 78 79 3 205
4 183 162 586 607
4 132 131 133 375
4 570 568 521 571
4 223 75 102 515
4 210 121 156 504
4 577 59 499 569
4 57 4 1 549
4 146 157 549 514
4 135 503 537 376
4 226 75 33 439
4 102 578 515 103
4 532 106 6 580
4 612 107 106 389
4 40 58 5 582
4 141 358 359 123
4 154 133 156 504
4 577 499 571 569
4 134 524 145 156
4 379 539 522 112
4 524 210 511 145
4 107 106 426 568
4 206 512 382 147
4 521 499 498 571
4 371 377 359 142
4 579 455 10 105
4 191 50 12 158
4 565 497 576 574
4 155 135 154 503
4 149 33 34 439
4 483 566 581 104
4 40 5 4 550
4 43 44 6 532
4 13 51 52 511
4 11 299 120 625
4 122 439 219 401
4 550 225 578 515
4 511 52 13 145
4 402 149 146 139
4 582 40 225 550
4 575 483 566 581
4 539 379 378 112
4 212 521 426 568
4 76 35 77 100
4 209 575 548 459
4 626 622 613 505
4 504 210 121 561
4 610 119 623 304
4 148 382 141 147
4 142 493 377 134
4 222 539 111 622
4 347 579 572 566
4 156 524 210 504
4 110 623 10 311
4 149 146 33 226
4 426 106 389 532
4 458 521 363 570
4 33 149 226 439
4 225 499 41 569
4 122 149 34 439
4 402 139 537 376
4 579 110 324 572
4 111 48 506 222
4 126 511 13 145
4 382 359 148 141
4 148 359 142 141
4 212 42 499 577
4 206 382 542 158
4 157 57 549 514
4 389 612 614 387
4 206 542 50 158
4 115 308 625 619
4 581 545 483 104
4 12 50 51 542
4 582 5 40 550
4 45 65 44 554
4 52 511 210 145
4 154 156 121 504
4 549 146 514 226
4 155 135 503 537
4 542 511 126 382
4 36 435 152 140
4 610 625 120 481
4 15 53 54 561
4 498 497 565 546
4 506 7 48 111
4 151 138 122 401
4 622 539 111 112
4 542 126 12 158
4 223 565 497 546
4 33 32 74 226
4 138 151 137 355
4 359 377 148 142
4 575 581 99 209
4 210 121 145 156
4 515 550 74 103
4 24 358 141 123
4 106 624 612 389
4 157 549 32 146
4 542 12 50 158
4 134 524 156 133
4 32 1 549 157
4 143 150 321 123
4 127 152 31 408
4 389 624 612 554
4 145 524 210 156
4 581 483 545 209
4 575 548 483 209
4 514 146 157 125
4 147 206 26 158
4 581 575 483 209
4 146 549 32 226
4 539 111 506 222
4 382 148 126 147
4 493 524 377 134
4 111 222 622 626
4 549 74 32 226
4 578 225 582 569
4 32 33 146 226
4 212 568 580 577
4 142 377 148 134
4 666 444 635 662
4 666 635 444 534
4 668 394 390 381
4 668 390 394 665
4 692 316 687 650
4 692 687 316 275
4 315 687 316 650
4 315 316 687 275
4 420 644 667 342
4 667 644 420 31
4 667 30 420 342
4 420 30 667 31
4 287 667 29 28
4 29 667 287 286
4 675 466 288 637
4 675 288 466 488
4 87 685 500 447
4 500 685 87 652
4 520 657 676 202
4 676 657 520 638
4 695 93 215 94
4 695 215 93 639
4 664 186 39 644
4 664 39 186 38
4 679 485 486 278
4 679 486 485 660
4 680 262 427 673
4 680 427 262 264
4 682 461 325 350
4 682 325 461 654
4 510 523 636 344
4 510 636 523 405
4 24 598 171 113
4 171 598 24 159
4 177 590 598 602
4 598 590 177 176
4 601 166 174 178
4 174 166 601 600
4 174 101 595 583
4 174 595 101 34
4 174 595 600 583
4 600 595 174 160
4 598 171 176 159
4 598 176 171 584
4 182 592 602 606
4 602 592 182 168
4 115 295 2 297
4 115 2 295 22
4 168 591 590 592
4 590 591 168 167
4 494 113 457 379
4 494 457 113 618
4 161 601 606 594
4 606 601 161 178
4 161 606 170 594
4 161 170 606 182
4 170 606 602 585
4 602 606 170 182
4 602 177 170 585
4 170 177 602 182
4 498 569 578 571
4 578 569 498 225
4 594 39 603 116
4 594 603 39 161
4 401 140 151 438
4 401 151 140 122
4 221 155 139 125
4 139 155 221 537
4 139 402 221 125
4 221 402 139 537
4 532 624 389 554
4 532 389 624 106
4 561 14 210 121
4 561 210 14 53
4 6 554 65 624
4 65 554 6 44
4 207 624 45 554
4 207 45 624 621
4 158 382 126 147
4 158 126 382 542

CELL_TYPES 3576
1
1
1
1
1
1
1
1
1
1
1
1
3
3
3
3
3
3
3
3
3
3
3
3
3
3
3
3
3
3
3
3
3
3
3
3
3
3
3
3
3
3
3
3
3
3
3
3
3
3
3
3
3
3
3
3
3
3
3
3
3
3
3
3
3
3
3
3
3
3
3
3
3
3
3
3
3
3
3
3
3
3
3
3
3
3
3
3
3
3
3
3
3
3
3
3
3
3
3
3
3
3
3
3
3
3
3
3
3
3
3
3
3
3
3
3
3
3
3
3
3
3
3
3
3
3
3
3
3
3
3
3
3
3
3
3
3
3
3
5
5
5
5
5
5
5
5
5
5
5
5
5
5
5
5
5
5
5
5
5
5
5
5
5
5
5
5
5
5
5
5
5
5
5
5
5
5
5
5
5
5
5
5
5
5
5
5
5
5
5
5
5
5
5
5
5
5
5
5
5
5
5
5
5
5
5
5
5
5
5
5
5
5
5
5
5
5
5
5
5
5
5
5
5
5
5
5
5
5
5
5
5
5
5
5
5
5
5
5
5
5
5
5
5
5
5
5
5
5
5
5
5
5
5
5
5
5
5
5
5
5
5
5
5
5
5
5
5
5
5
5
5
5
5
5
5
5
5
5
5
5
5
5
5
5
5
5
5
5
5
5
5
5
5
5
5
5
5
5
5
5
5
5
5
5
5
5
5
5
5
5
5
5
5
5
5
5
5
5
5
5
5
5
5
5
5
5
5
5
5
5
5
5
5
5
5
5
5
5
5
5
5
5
5
5
5
5
5
5
5
5
5
5
5
5
5
5
5
5
5
5
5
5
5
5
5
5
5
5
5
5
5
5
5
5
5
5
5
5
5
5
5
5
5
5
5
5
5
5
5
5
5
5
5
5
5
5
5
5
5
5
5
5
5
5
5
5
5
5
5
5
5
5
5
5
5
5
5
5
5
5
5
5
5
5
5
5
5
5
5
5
5
5
5
5
5
5
5
5
5
5
5
5
5
5
5
5
5
5
5
5
5
5
5
5
5
5
5
5
5
5
5
5
5
5
5
5
5
5
5
5
5
5
5
5
5
5
5
5
5
5
5
5
5
5
5
5
5
5
5
5
5
5
5
5
5
5
5
5
5
5
5
5
5
5
5
5
5
5
5
5
5
5
5
5
5
5
5
5
5
5
5
5
5
5
5
5
5
5
5
5
5
5
5
5
5
5
5
5
5
5
5
5
5
5
5
5
5
5
5
5
5
5
5
5
5
5
5
5
5
5
5
5
5
5
5
5
5
5
5
5
5
5
5
5
5
5
5
5
5
5
5
5
5
5
5
5
5
5
5
5
5
5
5
5
5
5
5
5
5
5
5
5
5
5
5
5
5
5
5
5
5
5
5
5
5
5
5
5
5
5
5
5
5
5
5
5
5
5
5
5
5
5
5
5
5
5
5
5
5
5
5
5
5
5
5
5
5
5
5
5
5
5
5
5
5
5
5
5
5
5
5
5
5
5
5
5
5
5
5
5
5
5
5
5
5
5
5
5
5
5
5
5
5
5
5
5
5
5
5
5
5
5
5
5
5
5
5
5
5
5
5
5
5
5
5
5
5
5
5
5
5
5
5
5
5
5
5
5
5
5
5
5
5
5
5
5
5
5
5
5
5
5
5
5
5
5
5
5
5
5
5
5
5
5
5
5
5
5
5
5
5
5
5
5
5
5
5
5
5
5
5
5
5
5
5
5
5
5
5
5
5
5
5
5
5
5
5
5
5
5
5
5
5
5
5
5
5
5
5
5
5
5
5
5
5
5
5
5
5
5
5
5
5
5
5
5
5
5
5
5
5
5
5
5
5
5
5
5
5
5
5
5
5
5
5
5
5
5
5
5
5
5
5
5
5
5
5
5
5
5
5
5
5
5
5
5
5
5
5
5
5
5
5
5
5
5
5
5
5
5
5
5
5
5
5
5
5
5
5
5
5
5
5
5
5
5
5
5
5
5
5
5
5
5
5
5
5
5
5
5
5
5
5
5
5
5
5
5
5
5
5
5
5
5
5
5
5
5
5
5
5
5
5
5
5
5
5
5
5
5
5
5
5
5
5
5
5
5
5
5
5
5
5
5
5
5
5
5
5
5
5
5
5
5
5
5
5
5
5
5
5
5
5
5
5
5
5
5
5
5
5
5
5
5
5
5
5
5
5
5
5
5
5
5
5
5
5
5
5
5
5
5
5
5
5
5
5
5
5
5
5
5
5
5
5
5
5
5
5
5
5
5
5
5
5
5
5
5
5
5
5
5
5
5
5
5
5
5
5
5
5
5
5
5
5
5
5
5
5
5
5
5
5
5
5
5
5
5
5
5
5
5
5
5
5
5
5
5
5
5
5
5
5
5
5
5
5
5
5
5
5
5
5
5
5
5
5
5
5
5
5
5
5
5
5
5
5
5
5
5
5
5
5
5
5
5
5
5
5
5
5
5
5
5
5
5
5
5
5
5
5
5
5
5
5
5
5
5
5
5
5
5
5
5
5
5
5
5
5
5
5
5
5
5
5
5
5
5
5
5
5
5
5
5
5
5
5
5
5
5
5
5
5
5
5
5
5
5
5
5
5
5
5
5
5
5
5
5
5
5
5
5
5
5
5
5
5
5
5
5
5
5
5
5
5
5
5
5
5
5
5
5
5
5
5
5
5
5
5
5
5
5
5
5
5
5
5
5
5
5
5
5
5
5
5
5
5
5
5
5
5
5
5
5
5
5
5
5
5
5
5
5
5
5
5
5
5
5
5
5
5
5
5
5
5
5
5
5
5
5
5
5
5
5
5
5
5
5
5
5
5
5
5
5
5
5
5
5
5
5
5
5
5
5
5
5
5
5
5
5
5
5
5
5
5
5
5
5
5
5
5
5
5
5
5
5
5
5
5
5
5
5
5
5
5
5
5
5
5
5
5
5
5
5
5
5
5
5
5
5
5
5
5
5
5
5
5
5
5
5
5
5
5
5
5
5
5
5
5
5
5
5
5
5
5
5
5
5
5
5
5
5
5
5
5
5
5
5
5
5
5
5
5
5
5
5
5
5
5
5
5
5
5
5
5
5
5
5
5
5
5
5
5
5
5
5
5
5
5
5
5
5
5
5
5
5
5
5
5
5
5
5
5
5
5
5
10
10
10
10
10
10
10
10
10
10
10
10
10
10
10
10
10
10
10
10
10
10
10
10
10
10
10
10
10
10
10
10
10
10
10
10
10
10
10
10
10
10
10
10
10
10
10
10
10
10
10
10
10
10
10
10
10
10
10
10
10
10
10
10
10
10
10
10
10
10
10
10
10
10
10
10
10
10
10
10
10
10
10
10
10
10
10
10
10
10
10
10
10
10
10
10
10
10
10
10
10
10
10
10
10
10
10
10
10
10
10
10
10
10
10
10
10
10
10
10
10
10
10
10
10
10
10
10
10
10
10
10
10
10
10
10
10
10
10
10
10
10
10
10
10
10
10
10
10
10
10
10
10
10
10
10
10
10
10
10
10
10
10
10
10
10
10
10
10
10
10
10
10
10
10
10
10
10
10
10
10
10
10
10
10
10
10
10
10
10
10
10
10
10
10
10
10
10
10
10
10
10
10
10
10
10
10
10
10
10
10
10
10
10
10
10
10
10
10
10
10
10
10
10
10
10
10
10
10
10
10
10
10
10
10
10
10
10
10
10
10
10
10
10
10
10
10
10
10
10
10
10
10
10
10
10
10
10
10
10
10
10
10
10
10
10
10
10
10
10
10
10
10
10
10
10
10
10
10
10
10
10
10
10
10
10
10
10
10
10
10
10
10
10
10
10
10
10
10
10
10
10
10
10
10
10
10
10
10
10
10
10
10
10
10
10
10
10
10
10
10
10
10
10
10
10
10
10
10
10
10
10
10
10
10
10
10
10
10
10
10
10
10
10
10
10
10
10
10
10
10
10
10
10
10
10
10
10
10
10
10
10
10
10
10
10
10
10
10
10
10
10
10
10
10
10
10
10
10
10
10
10
10
10
10
10
10
10
10
10
10
10
10
10
10
10
10
10
10
10
10
10
10
10
10
10
10
10
10
10
10
10
10
10
10
10
10
10
10
10
10
10
10
10
10
10
10
10
10
10
10
10
10
10
10
10
10
10
10
10
10
10
10
10
10
10
10
10
10
10
10
10
10
10
10
10
10
10
10
10
10
10
10
10
10
10
10
10
10
10
10
10
10
10
10
10
10
10
10
10
10
10
10
10
10
10
10
10
10
10
10
10
10
10
10
10
10
10
10
10
10
10
10
10
10
10
10
10
10
10
10
10
10
10
10
10
10
10
10
10
10
10
10
10
10
10
10
10
10
10
10
10
10
10
10
10
10
10
10
10
10
10
10
10
10
10
10
10
10
10
10
10
10
10
10
10
10
10
10
10
10
10
10
10
10
10
10
10
10
10
10
10
10
10
10
10
10
10
10
10
10
10
10
10
10
10
10
10
10
10
10
10
10
10
10
10
10
10
10
10
10
10
10
10
10
10
10
10
10
10
10
10
10
10
10
10
10
10
10
10
10
10
10
10
10
10
10
10
10
10
10
10
10
10
10
10
10
10
10
10
10
10
10
10
10
10
10
10
10
10
10
10
10
10
10
10
10
10
10
10
10
10
10
10
10
10
10
10
10
10
10
10
10
10
10
10
10
10
10
10
10
10
10
10
10
10
10
10
10
10
10
10
10
10
10
10
10
10
10
10
10
10
10
10
10
10
10
10
10
10
10
10
10
10
10
10
10
10
10
10
10
10
10
10
10
10
10
10
10
10
10
10
10
10
10
10
10
10
10
10
10
10
10
10
10
10
10
10
10
10
10
10
10
10
10
10
10
10
10
10
10
10
10
10
10
10
10
10
10
10
10
10
10
10
10
10
10
10
10
10
10
10
10
10
10
10
10
10
10
10
10
10
10
10
10
10
10
10
10
10
10
10
10
10
10
10
10
10
10
10
10
10
10
10
10
10
10
10
10
10
10
10
10
10
10
10
10
10
10
10
10
10
10
10
10
10
10
10
10
10
10
10
10
10
10
10
10
10
10
10
10
10
10
10
10
10
10
10
10
10
10
10
10
10
10
10
10
10
10
10
10
10
10
10
10
10
10
10
10
10
10
10
10
10
10
10
10
10
10
10
10
10
10
10
10
10
10
10
10
10
10
10
10
10
10
10
10
10
10
10
10
10
10
10
10
10
10
10
10
10
10
10
10
10
10
10
10
10
10
10
10
10
10
10
10
10
10
10
10
10
10
10
10
10
10
10
10
10
10
10
10
10
10
10
10
10
10
10
10
10
10
10
10
10
10
10
10
10
10
10
10
10
10
10
10
10
10
10
10
10
10
10
10
10
10
10
10
10
10
10
10
10
10
10
10
10
10
10
10
10
10
10
10
10
10
10
10
10
10
10
10
10
10
10
10
10
10
10
10
10
10
10
10
10
10
10
10
10
10
10
10
10
10
10
10
10
10
10
10
10
10
10
10
10
10
10
10
10
10
10
10
10
10
10
10
10
10
10
10
10
10
10
10
10
10
10
10
10
10
10
10
10
10
10
10
10
10
10
10
10
10
10
10
10
10
10
10
10
10
10
10
10
10
10
10
10
10
10
10
10
10
10
10
10
10
10
10
10
10
10
10
10
10
10
10
10
10
10
10
10
10
10
10
10
10
10
10
10
10
10
10
10
10
10
10
10
10
10
10
10
10
10
10
10
10
10
10
10
10
10
10
10
10
10
10
10
10
10
10
10
10
10
10
10
10
10
10
10
10
10
10
10
10
10
10
10
10
10
10
10
10
10
10
10
10
10
10
10
10
10
10
10
10
10
10
10
10
10
10
10
10
10
10
10
10
10
10
10
10
10
10
10
10
10
10
10
10
10
10
10
10
10
10
10
10
10
10
10
10
10
10
10
10
10
10
10
10
10
10
10
10
10
10
10
10
10
10
10
10
10
10
10
10
10
10
10
10
10
10
10
10
10
10
10
10
10
10
10
10
10
10
10
10
10
10
10
10
10
10
10
10
10
10
10
10
10
10
10
10
10
10
10
10
10
10
10
10
10
10
10
10
10
10
10
10
10
10
10
10
10
10
10
10
10
10
10
10
10
10
10
10
10
10
10
10
10
10
10
10
10
10
10
10
10
10
10
10
10
10
10
10
10
10
10
10
10
10
10
10
10
10
10
10
10
10
10
10
10
10
10
10
10
10
10
10
10
10
10
10
10
10
10
10
10
10
10
10
10
10
10
10
10
10
10
10
10
10
10
10
10
10
10
10
10
10
10
10
10
10
10
10
10
10
10
10
10
10
10
10
10
10
10
10
10
10
10
10
10
10
10
10
10
10
10
10
10
10
10
10
10
10
10
10
10
10
10
10
10
10
10
10
10
10
10
10
10
10
10
10
10
10
10
10
10
10
10
10
10
10
10
10
10
10
10
10
10
10
10
10
10
10
10
10
10
10
10
10
10
10
10
10
10
10
10
10
10
10
10
10
10
10
10
10
10
10
10
10
10
10
10
10
10
10
10
10
10
10
10
10
10
10
10
10
10
10
10
10
10
10
10
10
10
10
10
10
10
10
10
10
10
10
10
10
10
10
10
10
10
10
10
10
10
10
10
10
10
10
10
10
10
10
10
10
10
10
10
10
10
10
10
10
10
10
10
10
10
10
10
10
10
10
10
10
10
10
10
10
10
10
10
10
10
10
10
10
10
10
10
10
10
10
10
10
10
10
10
10
10
10
10
10
10
10
10
10
10
10
10
10
10
10
10
10
10
10
10
10
10
10
10
10
10
10
10
10
10
10
10
10
10
10
10
10
10
10
10
10
10
10
10
10
10
10
10
10
10
10
10
10
10
10
10
10
10
10
10
10
10
10
10
10
10
10
10
10
10
10
10
10
10
10
10
10
10
10
10
10
10
10
10
10
10
10
10
10
10
10
10
10
10
10
10
10
10
10
10
10
10
10
10
10
10
10
10
10
10
10
10
10
10
10
10
10
10
10
10
10
10
10
10
10
10
10
10
10
10
10
10
10
10
10
10
10
10
10
10
10
10
10
10
10
10
10
10
10
10
10
10
10
10
10
10
10
10
10
10
10
10
10
10
10
10
10
10
10
10
10
10
10
10
10
10
10
10
10
10
10
10
10
10
10
10
10
10
10
10
10
10
10
10
10
10
10
10
10
10
10
10
10
10
10
10
10
10
10
10
10
10
10
10
10
10
10
10
10
10
10
10
10
10
10
10
10
10
10
10
10
10
10
10
10
10
10
10
10
10
10
10
10
10
10
10
10
10
10
10
10
10
10
10
10
10
10
10
10
10
10
10
10
10
10
10
10
10
10
10
10
10
10
10
10
10
10
10
10
10
10
10
10
10
10
10
10
10
10
10
10
10
10
10
10
10
10
10
10
10
10
10
10
10
10
10
10
10
10
10
10
10
10
10
10
10
10
10
10
10
10
10
10
10
10
10
10
10
10
10
10
10
10
10
10
10
10
10
10
10
10
10
10
10
10
10
10
10
10
10
10
10
10
10
10
10
10
10
10
10
10
10
10
10
10
10
10
10
10
10
10
10
10
10
10
10
10
10
10
10
10
10
10
10
10
10
10
10
10
10
10
10
10
10
10
10
10
10
10
10
10
10
10
10
10
10
10
10
10
10
10
10
10
10
10
10
10
10
10
10
10
10
10
10
10
10
10
10
10
10
10
10
10
10
10
10
10
10
10
10
10
10
10
10
10
10
10
10
10
10
10
10
10
10
10
10
10
10
10
10
10
10
10
10
10
10
10
10
10
10
10
10
10
10
10
10
10
10
10
10
10
10
10
10
10
10
10
10
10
10
10
10
10
10
10
10
10
10
10
10
10
10
10
10
10
10
10
10
10
10
10
10
10
10
10
10
10
10
10
10
10
10
10
10
10
10
10
10
10
10
10
10
10
10
10
10
10
10
10
10
10
10
10
10
10
10
10
10
10
10
10
10
10
10
10
10
10
10
10
10
10
10
10
10
10
10
10
10
10
10
10
10
10
10
10
10
10
10
10
10
10
10
10
