# vtk DataFile Version 2.0
whisker_body, Created by Gmsh 4.13.1 
ASCII
DATASET UNSTRUCTURED_GRID
POINTS 770 double
-9.886859966642536 -1.500000000000193 0
9.88685996664254 -1.500000000000187 0
-7.008005529812793 -1.500000000000037 36
7.008005529812795 -1.500000000000032 36
12 0 0
9.886859966642614 1.499999999999935 0
0 10 0
-9.886859966642614 1.499999999999936 0
4.12982931753815 0 100
7.008005529812765 1.500000000000102 36
0 7.166738554313734 36
-7.008005529812767 1.500000000000101 36
-8.748717852015751 -4.8435458030064 0
-6.519202405202561 -7.582875444051627 0
-3.476438231831796 -9.376266699505631 0
3.430248998885766e-14 -10 0
3.476438231831848 -9.376266699505612 0
6.519202405202592 -7.582875444051599 0
8.74871785201576 -4.843545803006382 0
-5.932115979985521 -1.5 0
-1.977371993328505 -1.5 0
1.977371993328511 -1.5 0
5.932115979985525 -1.5 0
-7.297486767358037 -1.5 32.4001286793678
-7.586505624085252 -1.5 28.80021881366969
-7.875112795769539 -1.5 25.2002771470427
-8.163352041622861 -1.5 21.60030574945071
-8.451261041542882 -1.5 18.0003071358019
-8.73887229090418 -1.5 14.40028573493053
-9.026214482894348 -1.5 10.80024077353791
-9.313312130837836 -1.5 7.200179270240824
-9.600187606621445 -1.5 3.600097245255938
-5.220146460312989 -4.910418764094227 36
-1.925317908741209 -6.903281281837448 36
1.925317908741198 -6.903281281837452 36
5.220146460312981 -4.910418764094235 36
9.600187606621441 -1.5 3.600097245255995
9.313312130837836 -1.5 7.200179270240824
9.026214482894348 -1.5 10.80024077353791
8.73887229090418 -1.5 14.40028573493053
8.451261041542882 -1.5 18.0003071358019
8.163352041622861 -1.5 21.60030574945071
7.875112795769535 -1.5 25.20027714704275
7.586505624085252 -1.5 28.80021881366969
7.297486767358032 -1.5 32.40012867936785
-3.504002764906396 -1.5 36
1.77635683940025e-15 -1.5 36
3.504002764906398 -1.5 36
11.34980690040761 3.896393630456207 0
9.469686112756717 7.370552552276022 0
6.563377897469113 10.04599773915035 0
2.945825845689581 11.63280319127197 0
-0.9909521456679979 11.95901391608004 0
-4.820345095835646 10.98927991986068 0
-8.127378859508902 8.82868692807757 0
-10.55368501447787 5.71136871644487 0
-11.83633564083267 1.975135083368787 0
-11.83633564083267 -1.975135083368821 0
-10.55368501447786 -5.711368716444897 0
-8.12737885950888 -8.828686928077589 0
-4.820345095835619 -10.9892799198607 0
-0.9909521456679715 -11.95901391608004 0
2.945825845689616 -11.63280319127196 0
6.563377897469155 -10.04599773915032 0
9.469686112756747 -7.370552552275983 0
11.34980690040762 -3.896393630456205 0
8.748717852015853 4.843545803006216 0
6.519202405202677 7.582875444051527 0
3.47643823183188 9.376266699505599 0
5.932115979985569 1.5 0
1.977371993328523 1.5 0
-1.977371993328521 1.5 0
-5.932115979985568 1.5 0
-3.476438231831882 9.376266699505599 0
-6.519202405202678 7.582875444051524 0
-8.748717852015854 4.843545803006212 0
2.574906462902252 3.228830577670782 100
-0.9189734768187546 4.026285874214754 100
-3.720847644852559 1.791865786210781 100
-3.720847644852582 -1.791865786210735 100
-0.9189734768187868 -4.026285874214746 100
2.574906462902235 -3.228830577670795 100
11.69730112759762 0 3.846153846153846
11.39460225519524 0 7.692307692307693
11.09190338279286 0 11.53846153846154
10.78920451039049 0 15.38461538461539
10.48650563798811 0 19.23076923076923
10.18380676558573 0 23.07692307692308
9.881107893183348 0 26.92307692307692
9.578409020780969 0 30.76923076923077
9.27571014837859 0 34.61538461538461
8.973011275976212 0 38.46153846153846
8.670312403573833 0 42.30769230769231
8.367613531171454 0 46.15384615384615
8.064914658769075 0 50
7.762215786366696 0 53.84615384615385
7.459516913964317 0 57.69230769230769
7.156818041561938 0 61.53846153846154
6.85411916915956 0 65.38461538461539
6.551420296757181 0 69.23076923076923
6.248721424354802 0 73.07692307692308
5.946022551952423 0 76.92307692307692
5.643323679550044 0 80.76923076923077
5.340624807147665 0 84.61538461538461
5.037925934745286 0 88.46153846153847
4.735227062342908 0 92.30769230769231
4.432528189940529 0 96.15384615384616
7.297486767358037 1.5 32.4001286793678
7.586505624085252 1.5 28.80021881366969
7.875112795769539 1.5 25.2002771470427
8.163352041622861 1.5 21.60030574945071
8.451261041542882 1.5 18.0003071358019
8.73887229090418 1.5 14.40028573493053
9.026214482894348 1.5 10.80024077353791
9.313312130837836 1.5 7.200179270240824
9.600187606621445 1.5 3.600097245255938
5.643288231419974 4.417628259938101 36
3.13864259965695 6.442908049747844 36
0 9.716673855431374 3.6
0 9.433347710862748 7.199999999999999
0 9.15002156629412 10.8
0 8.866695421725494 14.4
0 8.583369277156867 18
0 8.300043132588241 21.6
0 8.016716988019613 25.2
0 7.733390843450987 28.8
0 7.450064698882361 32.4
-9.600187606621441 1.5 3.600097245255995
-9.313312130837836 1.5 7.200179270240824
-9.026214482894348 1.5 10.80024077353791
-8.73887229090418 1.5 14.40028573493053
-8.451261041542882 1.5 18.0003071358019
-8.163352041622861 1.5 21.60030574945071
-7.875112795769535 1.5 25.20027714704275
-7.586505624085252 1.5 28.80021881366969
-7.297486767358032 1.5 32.40012867936785
3.504002764906382 1.5 36
0 1.5 36
-3.504002764906383 1.5 36
-3.138642599656946 6.442908049747846 36
-5.643288231419969 4.417628259938108 36
-7.838292808930895 -4.454071493650936 12.5104235713688
7.232545448455923 -4.339536964886993 19.89118352393327
-7.194458395820396 -4.429999899427742 19.70767716799227
7.841131747039555 -4.448000326047824 12.51714165253988
-0.007736136024423877 -7.421638390622336 32.76113926149137
-1.723478280175759 -9.605973867654466 3.057618686932476
4.9554366813225 -8.407660710667471 3.05761868693252
6.567960551033646 -4.361819725263503 26.88139681219936
-6.53335050808337 -4.411346489658944 26.89665176140747
-8.495681631145915 -4.415873109997577 5.402846349994383
8.475256047771268 -4.468620691778527 5.321927121192179
-8.165112549226121 -4.448645769720901 8.915172310682584
-6.057942194832632 -6.884735517016209 10.53967453629931
-5.681323718316725 -6.835795726544013 14.12286782874047
-3.213770028330248 -8.459935500654003 12.07347334715023
-2.776603519840016 -8.317830345244266 15.6409991416354
-0.06750616007537096 -8.939126715196858 13.47643445095173
0.4630355538653773 -8.642976103125005 17.08513819762447
-0.4084445312438927 -9.20815125320153 9.946347729449927
-2.336316526902897 -8.16000281650345 19.21337068727478
0.9798357662798335 -8.318965438509206 20.6288936270808
-1.894964617103778 -7.983773821390939 22.80027394579627
1.449323592800692 -7.963805470130181 24.21025551428086
-1.388318352611914 -7.802580562189791 26.3637184028896
3.678774714673477 -8.329168459322164 11.36688600728873
1.960037553468989 -7.573041326444828 27.66678956420648
2.244806042925775 -9.075245356321124 8.274843878306356
5.650254057871619 -7.382853187185671 8.934045191723644
3.743386801256579 -7.704449847485596 18.22430496445598
-6.479001286417119 -6.880012866464626 6.982002722852185
-3.63326111595593 -8.596440943183778 8.478786474627261
-7.521175422956118 -4.438464188377081 16.09675713661035
-5.278652434387314 -6.795640340929742 17.72598681715688
-3.843232346175358 -6.354071869866122 32.70646551082849
3.703468218439377 -6.442888248563603 32.63649077829402
6.213959785416246 -4.374780189621185 30.50158081153768
7.686015605508098 -5.23585977549445 8.894983083510811
7.695436192124135 -4.137684397434779 16.04429990666634
5.496990686212094 -6.943123395680789 14.53938968665077
-6.862115199875318 -4.427347513995765 23.29814207434576
6.627023025028278 -4.770965303587147 23.3063007670935
4.671051017194277 -6.874695383565093 21.45509784173633
-6.213959785416611 -4.374780189620626 30.50158081153798
-7.215884370553852 -6.545615325715272 3.273307789820077
-0.2646938709440643 -9.519604161232012 6.05725904418555
-4.92634188477346 -6.710662246012412 21.28578743412967
-4.506196886091591 -6.659695016274184 24.8917181100514
-4.101199817045559 -6.581461904606822 28.52915248083658
1.651441482757979 -9.623148608134299 3.00090776577127
-4.27459307271596 -8.603205696473742 4.998270021774523
4.47519486529403 -6.632790546188231 25.39551201207529
7.457002631622187 -6.319943879051351 2.860225913649119
6.483710002177334 -7.027619426181931 5.569246940057845
2.919794844026969 -8.330088622405162 14.90463050336733
-1.091974427256074 -7.585642061984953 29.6837852042688
4.22126566776402 -6.493302479993759 28.65492308665218
-4.865519658461583 -8.529691966946908 2.28936400912833
6.179540291272881 -4.016717875940033 33.41400774116525
-6.179540291266078 -4.016717875951689 33.41400774115701
8.938866552735464 -3.998270334866611 2.638844104731298
6.021522275817648 -6.139024169185467 17.79877207871978
-8.888296642666631 -4.101143770976865 2.683166223650221
3.707614662811962 -8.825104584597891 5.434476866211162
6.061612207745219 -6.78479935729565 11.45887325830066
1.750642168069349 -7.39204139822513 30.5391859646872
-5.812865607420814 -1.5 12.35525129504123
-5.189429113989766 -1.5 19.55133285131247
5.838614386317264 -1.5 8.652803690218688
4.665515899823838 -1.5 26.85828302954284
5.877469622728922 -1.5 15.3300605888027
-4.738889922608753 -1.5 26.67308531016263
3.552713678800501e-15 -1.5 3.424908757908722
1.663114029299692 -1.5 32.72146745363224
-6.45197284144522 -1.5 5.340107489669787
5.864258410152543 -1.5 4.645917345652023
2.333659895257602 -1.5 6.445245626109775
2.666028757079546 -1.5 10.47473946727067
-0.4974352319427719 -1.5 8.890668670226631
-0.1619957325317909 -1.5 12.27016726920067
-6.189910021395727 -1.5 8.792473258113493
-5.582807387235933 -1.5 15.95968275832009
-2.374580850496846 -1.5 17.60574883011144
-1.952163654611912 -1.5 21.11986543004667
0.9952481667709776 -1.5 19.15151084647772
1.477852816888827 -1.5 22.45001771488477
4.633514694316474 -1.5 20.46579353249955
-4.901906446845715 -1.5 23.15067955536951
4.469854408870948 -1.5 30.38923121866421
1.530959075976467 -1.5 28.81641916085522
-1.457873640121786 -1.5 30.93038515524167
-1.633078648086679 -1.5 24.4447977154395
5.819840689610624 -1.5 12.26694841421732
-3.404084059057659 -1.5 7.128763846426754
2.966615238054027 -1.5 14.02059771759378
-3.446198800726495 -1.5 3.272529439597315
-4.381330133524663 -1.5 29.94354596615939
4.966990559104518 -1.5 23.66010989544365
-3.226895070618653 -1.5 10.50152315143028
-1.445111549487534 -1.5 27.71394829181033
-2.975453886922761 -1.5 14.0109341495716
0.489041021341956 -1.5 16.01851695917824
-4.085877253271196 -1.5 33.12511858461451
4.592603807351567 -1.5 33.34845895554426
1.79745760456761 -1.5 25.56821470405418
3.809210195380329 -1.5 17.38834420979849
3.046497228622222 -1.5 2.850356239046447
-1.177974501197591 -1.5 33.61886728435671
-0.866581383359101 -1.5 5.91817459234745
-7.077763978056534 -1.5 2.50143406896741
-1.162024640461032 -4.272893407911075 36
1.789872872521585 -3.89355164444515 36
-7.909487973314067 -4.912736883966318e-14 0
-10.25639961849221 -3.507512400705078 0
-10.25639961849225 3.507512400704967 0
-8.487246032801327 6.741619222895044 0
-8.487246032801263 -6.741619222895128 0
7.909487973314093 -8.747084689217649e-14 0
1.776356839400251e-15 0 0
3.954743986657032 0 0
-3.954743986657029 0 0
5.889194815796131 3.204299081344046 67.28587023095639
4.506801997447335 3.141110548556895 82.67373357708611
8.815664207037283 3.344463999766124 32.67079638702539
7.554268963987092 -3.231101375388724 48.07692307692309
9.159720571634338 -3.291874638607891 28.80129089162225
6.825555262496041 3.378544167128612 55.70457770654856
7.867941861716401 3.276727156116624 44.17953275857542
9.782502168436899 3.345028939117803 21.11013935642116
-11.09527489538307 3.809012682760124 3.419408766471425
-6.767104713553101 -9.569959843061852 3.547201088336728
4.120956139303948 -3.164651533575192 86.45438299149789
10.11646280798518 -3.299978907451944 17.26665784641454
-2.879762434608167 11.37192468062311 3.419408766471419
3.842648578609124 3.033066708623064 90.27185251150556
4.712243512000855 -10.74283313214681 3.41940876647142
5.182789315064225 3.22564865233457 74.90818734188323
8.186995480618128 -3.295496290418705 40.33747342893692
4.837845728762561 -3.200344540611324 78.77084989765993
5.533672243720715 -3.226158470182387 71.08565910390949
6.213887481931474 -3.245444915278464 63.39923967603348
6.882211723963614 -3.260240534398584 55.71188440646232
10.43488811501822 3.298539176373666 13.42000769234794
-2.723844371020307 -3.415592807225228 96.96476903409871
7.945113376504877 8.630693833987415 3.419408766471542
-11.09527489538304 -3.809012682760148 3.419408766471707
10.67853183558303 -3.543331721478082 9.516246677195184
-2.638657830116785 3.519981895389573 96.57757072737122
10.31700692552853 -5.583284939902463 3.419408766471381
11.0863101057296 3.228321301020447 5.758595071045857
3.374681076322981 -3.113226891838579 94.13560339841074
4.842279361156645 3.194154146877468 78.76719880874667
6.213887481933059 3.245444915275248 63.39923967603456
7.854154908482224 -3.29597773825231 44.24681280899749
0.8839995536649154 -4.277270915255913 96.9780051014548
-1.026363288231772 -4.496791380231672 93.86791657696068
-3.991835062572642 -2.338425646660641 93.69128871488709
-2.754568253679312 -4.011457810448078 90.64412705363461
2.088943252383358 5.259299540686719 80.57045448453586
-4.801083646244575 -0.9237778919395735 90.35193927379355
-4.148410165754039 -3.013732517620767 87.32260608941667
-5.124645760296062 0.5868179065087368 86.93414640215371
-5.122740902644084 -1.690008536193915 83.93322267359603
-4.10310913643532 2.731524802207109 89.84339373224722
-3.45128426402387 3.89706767297249 86.33075900677466
-2.730878001934097 -4.629331789028637 84.18122748185526
-4.250458176437923 -3.703739794496443 80.84021097398133
-5.662371786716677 -0.1967286322545027 80.4837914365532
-5.375352736607562 -2.447765220984297 77.42608746332954
3.829378607177844 5.700789016661658 65.21405955031209
4.180201798211661 5.82529123347804 61.37167327658256
0.9057650503429761 6.979381908418483 63.04932696219374
-5.792690711832309 1.32024229181034 76.9838742485851
-6.097341045853923 -1.001077767581303 73.96314316085908
1.292781100469562 7.224557696533812 59.21964187219649
-2.380238880521192 6.81705483795418 60.72741071878922
-1.822267922692888 7.292227327385424 56.96871899352661
-5.577280162402 2.753369863227145 73.44319159969093
-6.437642676608925 0.4774312731932768 70.45181216290101
0.6089865364545255 6.710215815791217 66.86267348546454
-4.325635255942044 -4.375917549180772 74.29280143357656
-4.587441011286127 3.377564305747363 80.09083654532448
1.692084880962869 7.45048525984534 55.39632363848798
-1.434006147072071 7.683992675707128 53.15442043038899
2.07845987527891 7.66475699791292 51.56727350644852
-1.056061437081623 8.049529376850732 49.31901888579991
2.583952503430285 7.83117212139686 47.6932748410678
-0.6494885828188973 8.393253537013649 45.50923582522734
2.935916325341599 8.023345099359929 43.91730197575986
-0.2551725719112434 8.715022670926139 41.69213837291441
3.21371517272405 8.242500999667254 40.06454575268027
0.1376651610371021 9.01913787563698 37.86209559937349
3.797611857413868 8.328926330420519 36.16383414213926
0.5980092388658662 9.303033940638135 34.02423703458722
4.146765206558485 8.491684197384167 32.39957016197231
0.9510876326168437 9.576871043865889 30.19017305319153
4.317441099005011 8.747999197970939 28.52037420912233
1.306709493976798 9.841002391852612 26.33516982515971
-2.228923437626209 9.546546414477449 27.91174765193525
-3.414681114023548 8.218767655484532 39.39052752065978
-1.845015615655103 9.936183595855937 24.06518019510242
-5.158967140589281 8.553265221478989 25.55652371351911
-4.878291131497691 9.064907461202683 21.67441807403598
-7.613141274582291 6.758238880810394 23.12447331134493
-7.818508492503136 6.038767092518625 26.94912580795761
-4.018259209409591 7.262377105773398 47.0140840187532
-4.729035190666861 6.078219398035315 54.621397079756
-7.423866395170281 7.400577776874059 19.28194603310457
-9.421649690630504 4.349925861384631 20.61775686621498
-4.138695274171183 9.75934597731581 17.78051626294909
-9.357562433044647 5.143890801798984 16.79528034840003
-10.45378793952997 1.627866147325481 18.04567476909007
-10.25224679782118 0.7632578046488508 21.84680709408628
-10.27768789413521 -2.097091311530058 19.1932975332721
-9.759426621291841 -2.939821017122816 22.96528118616319
6.198066450344921 -6.083716315609056 42.12223404059574
-8.802921889440496 -5.552010075624788 20.23451297119844
-7.95668047433157 -6.242486274816302 23.97369971220596
-6.18506993935661 -8.278764290345668 21.16763193951641
-5.056532545575124 -8.676803373000045 24.8700981682107
-7.02073361060147 -6.86631595392971 27.69655346405187
-3.860002464246449 -8.956185089543151 28.55614364973214
-5.996668471216831 -7.404936625760518 31.40284698471395
-2.745391632162206 -9.895573014909685 21.98999874198839
-4.005443552580854 -9.769390127036234 18.31440608234316
-2.60373934750521 -9.098648210015684 32.22457193848532
-4.888334079953803 -7.838780659050282 35.09340392914159
-7.662062026031225 -5.287254307512101 34.18914051950311
-6.774736990844887 -5.950731167854047 37.90121810864596
-9.557723239854807 -4.816599206746959 16.48262316838024
6.587818365979918 -6.115287849765021 38.26264057548758
-0.2578480282883394 -10.49672812176928 19.06064618278523
-1.582532182362737 -10.67083165994156 15.40574310306908
1.067594178878767 -10.15759002489867 22.6991307968296
-8.676828298787525 -2.726294068054837 36.91082366869445
-8.057987775288654 -3.539816963087266 40.64435529641641
-10.59639534993541 2.467157611270365 14.23324935050684
-9.241814199441672 5.927887344672379 12.96578053101039
-5.791581558912784 -6.5270509928378 41.59885067027749
-7.336368861943486 -4.309354342755167 44.36500508782329
-4.713424995740436 -6.996781593564835 45.28097367002143
-6.507398763222105 -5.016725829020378 48.07167988024258
-3.545997158768078 -7.335746175786722 48.94635613949777
-5.568485929738611 -5.640482500261253 51.76379370785753
1.826857345185013 10.06892071155868 22.44796302663112
2.391944250628909 -10.46789981610987 16.03896971937674
-9.198928604052204 -1.882871807467517 33.16766414304299
0.9959667932987687 -10.97576786754111 12.44111007312875
-2.300309855859204 -7.516652146446949 52.5940816910292
-4.519995106100197 -6.155488588593566 55.43997764753848
-9.132412027688577 0.9566680525921698 35.8012145626454
-8.554105476085788 -0.7926000370215766 43.31866565648707
-7.599779244588782 -2.507028411058241 50.79160080740162
-2.851361987708601 -10.70377782515265 11.72714106799158
4.641984183571126 -9.942593297052015 13.05132785716996
3.823473399089465 -7.99136341476903 39.91093700766171
3.279672472586622 -7.887471416050816 43.93605317993433
-0.9955600322215276 -7.509495546444584 56.22240792353328
-3.367688295879811 -6.531744918215284 59.09896573394149
-6.199562006637596 -4.074295595853321 58.21321029771913
-5.232587011833904 -4.847570739116416 61.84179325381179
-7.056922225815693 -1.460761631482973 60.90689831262844
-0.7802435846800877 -9.660873319428001 29.32173238874675
4.118020677671018 -8.179469925042298 36.1159881393223
-2.127384983460357 -6.734417739784535 62.73756692942644
-3.701464331269255 -5.765095946459487 65.42335010720322
-0.5759439575765259 -6.753535249923878 66.35117705873444
-0.3984186813826061 -11.30173390427358 8.783107774360957
-7.476466158229134 -0.5921634167863487 57.17944291215802
-9.981781410358714 -0.1486720440682179 25.62983125084347
0.1662608606691766 -8.088204698922318 49.68236157787317
-10.68904775697104 3.272343603515767 10.43524170112261
-9.096681183681168 6.673665009620694 9.12086492678759
-6.849351436135343 8.718349144953908 11.59981490788067
-11.07890361204731 -0.4069618926446382 11.60869908934571
6.257040271680246 -8.680427222522367 16.51190929300092
6.196366952216774 6.504291935995299 38.33003123651334
-9.303290890788679 1.818488260772058 32.02786512357176
-8.120125863442059 4.490380939869485 34.57349817147941
-8.182591973509544 3.700722971938228 38.36583222305746
6.935518645339404 -6.181486248406483 34.42828173459098
8.499405257864021 -6.896929354956382 13.39663005097817
6.810233571516813 -8.908794304209701 9.991551894468975
-5.188512441914916 3.918119168434795 69.86231415652151
-3.005102966880268 5.508910185673138 72.73987318908625
-6.432810545859874 1.984050678727402 66.93847164639769
5.36024410660661 6.041370862868368 49.85238010237722
-6.952335746504843 2.214635121630802 59.76305164705585
0.6890638658117583 -9.00685145068153 37.69713405341388
-2.772154394225215 -8.21557318708688 42.30317460438344
-11.37679980606073 0.8266438972189764 7.537416602166005
-10.8075202739193 -3.272686731996163 8.993906258403042
-1.056114677064791 -5.528798885430509 80.9542164435429
-6.772729080706552 9.157499346514754 7.752149511731767
-3.145542762044224 10.78137032177577 9.772754742401668
4.782197176065523 -8.154829886728537 32.35500759628934
-3.176475160662538 -5.730339753731048 69.22526112455192
0.5269237487016954 -6.473421994684469 69.94979342686227
2.922792728608382 -6.061717204740212 66.96714335025764
-4.15439211599014 -10.61973626207385 7.580387718788419
-6.392022023789892 -9.124907751652243 10.91462643049195
2.078494203358205 4.952831757609282 84.22583592388337
-1.311666304967122 -11.51554709481175 5.209437935278916
-1.717914652734386 4.681284137617593 89.11436851776546
-4.386161716064575 5.176296278381549 66.26638520752299
-2.332492770137601 4.094474962721501 92.59971410363818
-9.16627834950469 7.085508598679923 5.266019608569435
0.8773782744225652 -4.782516510633435 90.69269141769182
6.912508988473493 6.6462877379004 30.63002178298991
7.17478509882374 6.812071944112216 26.76528434583511
-6.539508000149767 -1.445020854242338 67.37773933198221
-4.373750802051181 -0.05939083084256601 96.89556036861843
1.0021693623816 -5.273563124662158 84.26827476291936
2.513789227243488 5.413962938197764 76.62987551155013
2.956904909200967 5.529300021155503 72.8029608631017
-0.9842149770107946 5.75708911136432 78.2624388615576
8.98435303116568 3.75035191498669 28.77073482964991
-7.828371995807383 -8.332599196130696 7.203235340665668
-1.007750941382003 5.456841881940581 81.96625637913719
6.865763033543676 6.2492405171514 34.5107000529435
9.405719598197765 3.494256409001049 24.9827836304869
7.994357760568685 6.322408029922142 22.96924315808893
8.384321349949165 6.316948184749525 19.08915255684958
5.677132019731688 8.669813556708274 20.79777287764293
6.172310709328142 8.701038379270297 16.92510279820884
2.845199055266045 10.14896146420747 18.54805932807701
3.414292785269234 10.29351165819214 14.67581146937261
6.623634168072771 8.747285756811259 13.0603840045216
3.942252502409574 10.42812094380861 10.82046795386532
7.006507859943529 8.827412607783776 9.27470319597988
4.422198189473091 10.56513918070006 6.946525481810935
0.6297718241944347 11.31099251906864 8.532075119480215
-0.7331521340450657 10.70099319006688 16.18670306271683
1.154878847511998 11.59135843695521 4.463076772411139
4.778717959377493 8.852705255423121 24.6481832610947
3.086068392487017 3.39792548907754 94.15074074564556
0.8966361378970821 4.274925610796624 96.97445074261859
4.209342792557802 3.053982908421938 86.39562153090829
-6.958510039565387 3.037708159301058 56.00052509167165
-5.078519921888377 5.384910004204471 58.42397364262446
-6.86352633015764 3.897725789276297 52.18373006636394
-5.335007468165132 4.67822653338161 62.31580120928653
4.483575708258379 -3.18287390647213 82.60981160838031
-8.013129720355094 5.248565685530493 30.76142409382329
-5.813200177309035 7.368809074897573 33.21696530467258
-9.630337445875353 -1.01985124367521 29.42518228070828
5.188173153496849 -3.21407996495499 74.92761314965506
2.910032745103012 -5.220267585251485 76.53483351736946
-8.125869844588834 -1.669075798497374 47.06994053492509
-8.136793003793864 2.025380392286129 45.93191399338733
-8.191676144825859 2.874943379232185 42.16523654168204
-6.555505167788151 5.387830370220988 44.65621570607445
-6.385053650475142 6.032705855214804 40.86041038287768
6.524941740511651 3.301397034313926 59.55909159031992
-8.885186141329154 0.07318120778355465 39.57363337642803
5.866335599335642 6.398308115256304 42.17739775026353
8.050902751012828 3.614694434657566 40.34045360491929
5.771276784327387 6.071037610437037 46.04140223395556
5.096326602408749 -4.376013906052242 67.12314034445603
6.549352623059609 -3.253341727173257 59.55547308660387
4.228773626462703 -5.797627398791009 61.29470168868134
4.663772062375408 -5.837349224100355 57.53825948004474
4.339273910095994 -6.461814800650192 53.57450725323685
7.022121356774498 -3.639538098050805 51.97775412289209
5.492341220583841 -5.921821732504313 49.84970099005864
7.190456401466667 3.314381145652215 51.87229496351284
5.572179569685462 3.158700099462326 71.08868969618941
7.533877569195419 3.288873531668756 48.0235798944524
-3.100421703904122 -8.411006723362586 38.57295260809491
-0.7790595484909424 -8.367492526552892 45.69555748783414
-10.7152740419123 -1.239884074029345 15.41554684176677
8.49434882073364 -3.337366699901799 36.51199204529613
-7.09978882976348 8.115030030235957 15.47074253781165
-5.087037211923835 1.868162886399411 83.61669725688216
9.475356093379355 -3.300560566861235 24.98361679536583
7.693186278750985 -6.223452011025866 26.74306501221101
8.087143982181232 -6.212107570700437 22.90095787211684
5.725281133615832 -8.271552806887744 24.65393379845487
6.08519014852029 -8.402675752317975 20.65133402407377
5.421547908994435 -8.127016423489664 28.34219930568689
7.299376107148944 -6.219541613788552 30.62494156907751
4.88259433558151 6.049940513209863 53.69116524615048
4.529547333988184 5.942979750948722 57.52942399714841
-10.22746559461958 -4.048927788236339 12.70916836077784
-3.94550720056891 10.16085877673713 13.97677965949121
10.10921264856909 3.322532990531421 17.26503074881763
-9.436096675914902 3.536952498411051 24.43149449321357
-9.412803255848141 2.645999949332136 28.23780216011602
9.898503003007942 -4.668237912900741 13.416782223516
10.75481954318531 3.288943215632221 9.574391542756997
-3.750541443107255 7.738690281778316 43.2056110404661
-1.454413823344249 -9.871841261410514 25.68679797971808
-6.127530159448103 6.706638952450673 37.04669410137922
1.05992498645721 -9.311278152507725 33.39939157447172
-4.293001338105564 6.750544805154073 50.82504475376832
-2.630697613269037 9.129761282007429 31.75005740429917
-5.501332022489349 7.973118613950448 29.39121875316178
-5.23310282614588 -9.502493433053722 14.63541457351728
8.751234726200444 6.329561144107951 15.24306122452649
-2.980324743068015 8.703871909211269 35.57756538333659
-5.569502162765525 -3.189144923429606 70.92675183263954
8.82603567304615 -3.324908168235849 32.63539663048319
0.1447688888447028 11.02444161336746 12.38356753852822
-9.152608263045 -3.765770944442606 26.72072500611567
-8.444543072704324 -4.572944625155786 30.4537816434211
-1.006973076016934 10.37624023373194 20.01243629103994
-6.66797903179159 4.74134722696215 48.5144685703861
1.489385875213497 -7.663658292228054 53.27656333652519
-3.165128258822632 -4.961974319422121 77.69196386842745
0.6401500624476285 -7.287361570909249 59.52317961496659
1.656034220052509 -6.811537075911194 63.40451748684399
-8.0038242565138 1.178827963606787 49.67911030481908
-7.789296225586548 0.2418556980846941 53.45436673809682
-6.944720830028174 -3.349553668453221 54.50586323295571
2.970651116934437 -5.518871091648834 72.83715301790534
-0.498231422420255 -6.12706960975859 74.36568789928967
-7.24388529385467 -7.769247817446068 17.50424465437595
3.725090247423283 -10.6257304723997 9.40549984267464
9.10168243899448 6.365632776571079 11.34866862792022
8.457473333201301 3.424851871339071 36.53532336956651
-8.218015866998156 -7.188957309028798 13.73986952738501
5.840652854808996 -5.996579492391642 46.111917171366
-1.215593962622093 -4.965967999914655 87.51292811177321
9.801753819435937 -3.288077705044363 21.11059061639674
-9.256491936324634 -7.176103222763723 3.65496262395386
9.150130816314494 6.870316857148732 7.086295697375692
-9.125284923489737 -6.510435888632743 10.04215209572858
8.46634291221692 -6.205703028943582 19.09578955457417
3.479254337327971 5.567437410386617 69.05595340085708
7.983739988406644 -8.602990854984794 3.344770207887583
9.021434856653732 -7.077509420089862 6.780530887109749
-11.73178046942077 -0.07062958942144519 3.405350854490076
-6.416616474375022 9.821362658307825 3.409428593027146
-3.948981030051105 4.509306268879891 76.31319197471763
1.862094688889073 -9.769403304568513 26.10766534844685
-4.51430849711893 1.151361003699513 93.27852302713467
-6.89062879983755 1.311614713336287 63.34869644412982
0.3136384748120413 6.429981760992107 70.67665691856652
2.236840150475764 -11.31814678982684 5.882129377929433
5.350889116350741 10.44279330235061 3.381371719353367
3.057537055067156 -7.684122040376296 47.39309554408486
10.22813237147914 5.778600291798614 3.206609444452352
6.232849045114516 -9.658330607409981 6.418439385600102
10.96270668034612 -3.560007578700563 6.019480351339206
-10.62662975168424 4.267802259802859 6.967942069776781
8.987235520020741 -6.650644906828934 10.41392823023858
-1.793659247192889 11.35361615192044 6.423935513371407
3.896322243165391 -2.959271029551271 90.30668068446451
-0.3573352378190726 6.091984977876693 74.93540128500877
-6.485931126193781 -2.502119662184535 64.14311352239311
2.233093736237657 -5.208440707178329 80.46876092147042
3.156603509209831 -9.987125556823095 19.38836639224846
1.155659755147336 4.618037033545548 91.98729616822718
0.785580758788037 -8.691725763695953 41.58543901405191
-2.154421696483985 6.597251985082824 64.29187031736187
-1.780726977597109 -9.03395400254141 35.47844932871768
0.3611255403070157 -11.77467749719886 2.792645950220352
-2.612641592092813 6.034112053721486 68.92557656078633
-9.952992256997442 -5.674497964359022 6.899949930338336
1.643225670217157 4.824038203487302 87.72074626326251
8.35305662866025 -6.726740529626387 16.20220698244344
3.117015955888076 -7.387706710907761 50.5916108108978
1.881241820294318 -7.328955928868484 56.33233439411861
-11.33062510483424 -2.095435002124621 6.063955959873843
3.430769705160444 -5.520500386933255 69.88793282573305
-2.783449919736098 -5.682988476089989 72.06922433165217
4.294683197135614 -5.446585471885609 64.34284587718808
3.401924665598388 2.710417923755046 97.20691102360901
3.381874663650461 -2.735053705927261 97.20963034479777
1.7128796934393 -4.790781023364429 87.82803963414986
-3.737854097030598 -11.16690935428981 2.847677917654909
11.43916655721956 2.810293386194912 2.804058776005244
11.4227987832511 -2.859507460082605 2.855394504863018
6.926248821733761 9.181820006008065 6.337225246039447
2.490897793019137 -9.309818023465478 30.02112649890424
-9.327539387890024 7.25991531538252 2.288750060638255
0.07957816204433256 -5.841441244733917 78.24502136997387
-1.02654477791718 5.133250178714716 85.95889909900018
-0.07514204799578754 4.566536278295077 94.44325713841296
-4.477131673488559 10.63193846623867 5.893736307291446
3.811195946503871 -9.492904929252802 22.49770909153096
-6.022312868832193 3.383620356879649 64.70305247439073
-5.14854174628982 -4.203270817014206 68.02361773228451
-3.434628399556397 4.206380157886113 83.4734400616673
7.977568678419167 4.777153924357586 8.912924775329726
7.520919017090366 4.436153657218028 16.11448112679862
2.909356033588356 9.121025065383083 5.415514301443347
6.933488153272221 4.314279140815535 23.30107388396094
3.080170763641816 8.468959564289417 12.55754838356011
6.213959785416516 4.374780189620778 30.50158081153786
2.896799801922552 7.935191149814258 19.72754749325302
7.569220907142832 6.160519960780086 3.057618686932529
2.884167563184643 7.333200038231494 26.93727873794168
3.069808007227481 8.774156350038172 8.949320101685528
6.333713724352017 7.057504418290572 6.571111570482436
6.545123476560096 4.39267842663256 26.90501872116928
7.274694857707462 4.298698483878333 19.69650153886047
7.841128515189666 4.448024069227013 12.5170285163976
2.773228044518305 7.678979964529736 23.32343181495887
2.983756778780702 8.206123800804626 16.1147792793111
3.060729304323115 6.951724387179667 30.5496306413064
5.916792861235529 7.000815327154853 10.59399646274443
5.735034549236872 6.780650632998943 14.2213311405629
4.642827553391859 5.741743836650012 33.23941956484695
5.098810850774289 8.337977484866432 2.878970482126089
8.533231189185214 4.299446693369685 5.6520992786691
5.492978838132133 6.617734946998936 17.78334399061223
5.328894838045017 6.387701584965587 21.36364308089161
5.144314346100941 6.170792464610678 24.98238042900426
6.348284185416024 3.72578397671656 33.53352359548332
2.602017666934581 9.439846366477481 2.644232736015664
4.910485098657736 6.02303736494803 28.32098416965659
2.51093190927431 6.920785728789058 33.51637048890612
8.945769195547108 3.992617726760307 2.588066403300616
5.83410711804567 1.5 12.53530500307654
-5.189617064071554 1.5 19.5509699967376
-5.839157006191211 1.5 8.637813436808674
-4.579556386306807 1.5 27.18192038640552
4.902652280984606 1.5 23.15108776806726
1.77635683940025e-15 1.5 3.424908757908748
3.974789177327248 1.5 30.46810388829717
-1.648867949343888 1.5 32.66856507363999
6.450284636824817 1.5 5.339940735646874
-5.864323007756585 1.5 4.64413279167464
-2.338131745678403 1.5 6.442718952710083
-2.699747532994111 1.5 10.49410689952845
0.3250648676058212 1.5 8.860563275349772
0.2343700792451777 1.5 12.52488101216533
-2.805549202481098 1.5 14.0839301663457
-0.2837300597346406 1.5 15.77265487015001
4.55887847696135 1.5 26.77037015732633
1.688042853218656 1.5 24.71122355956965
1.933728335886574 1.5 21.13046391215382
-1.330038850504403 1.5 22.65681551420073
1.341389471218088 1.5 28.04183555243819
5.296023627618657 1.5 19.5643358956396
5.65088964632182 1.5 16.08584609797903
6.134747602501628 1.5 8.905942815171818
-4.400214869686117 1.5 30.44738585218473
-4.84462070218548 1.5 23.3677564265674
1.839219012785927 1.5 33.19937525452359
-1.695477444979712 1.5 19.15990258540455
-5.827824988725371 1.5 12.33061565691959
3.307664112648388 1.5 7.226275209452639
-5.672320362956139 1.5 15.8697468882157
-1.535040882864521 1.5 25.87742843782908
3.446250456908089 1.5 3.272339811262533
3.017425714879993 1.5 10.81194045225169
2.841707892064416 1.5 14.28485302839643
2.847780946417004 1.5 17.55248911522434
-1.701584056751502 1.5 29.15470981869294
-4.592603807351573 1.5 33.34845895554427
4.626989699450315 1.5 33.41745692745531
-3.046960131481905 1.5 2.849916317885529
0.8249789079838283 1.5 5.927507148747041
-3.098327044892379 1.5 16.87742139771019
7.077763978056538 1.5 2.501434068967421
0.7609891310471752 1.5 30.70651791751838
-7.975077015753934 4.781218907441601 8.913535582214774
-7.563332672938066 4.366929202577135 16.09237226689054
-3.08562247582057 9.06752285424418 5.360059833802455
-6.932272716931961 4.316199523832314 23.30129103746601
-3.080170763616031 8.468959564297714 12.55754838357303
-6.213959785416503 4.374780189620791 30.5015808115379
-3.073572459345082 7.866114750287191 19.75469997009088
-7.569220907142834 6.160519960780083 3.057618686932527
-3.065480721886798 7.258064989900899 26.95144191844513
-3.078394956563824 8.771044395262587 8.950554115817694
-6.232349439291911 7.133003466016375 6.706774082158675
-6.545123476560081 4.392678426632576 26.90501872116931
-7.27686403951221 4.295242344354521 19.69510074461911
-7.823267364299785 4.480956580457203 12.50697266720714
-3.069791080771769 7.562789347260082 23.35310451400068
-3.077076693651502 8.168109314608442 16.15615876832046
-3.060792186191467 6.95170011836071 30.54959090101717
-5.896964165119173 7.017343016497835 10.59577332539241
-5.705539218010025 6.813044108703616 14.14774018304703
-4.642827553391854 5.741743836650016 33.23941956484695
-5.098810850774278 8.337977484866437 2.878970482126094
-8.533231189185173 4.299446693369047 5.652099278673194
-5.52710766606512 6.592018193612533 17.75646562598699
-5.328894838041008 6.38770158496897 21.36364308089123
-5.130795783639599 6.18322902336164 24.97072734867812
-6.348284185416036 3.725783976716543 33.5335235954833
-2.553892616779752 9.453997652348866 2.631747781037714
-4.940154445578084 5.996840455580588 28.3394797536681
-2.51093339031989 6.920785293865229 33.51636926562499
-8.974201485131234 3.934605930655846 2.555882386383007
-6.661338147750939e-15 5.900042359436546e-15 100
-0.9993571331433533 4.333369277156866 36
1.799047553986282 3.898884365574975 36
-3.326079389407941 4.113333009835755 36
-0.149854193146605 2.442490654175344e-15 44.24371176875457
-0.01041616952307445 -0.003773728030084911 52.37580745616227
0.01260362099453438 0.008291956681443224 64.13590128314512
0.002079600803063464 -0.02583701547704198 73.03077831108267
-1.51025088191528 -0.2124741316341927 58.25903306367271
-0.05590885831934944 -0.08493594854898801 78.98232478362618
-2.076149152340168 3.307946265393984 40.87650061892806
-0.06222257228948891 0.02759893398572721 84.56065154233269
2.61141712047267 -2.67133785400696 40.88558489686621
-3.127868352302247 -1.081171328866151 48.36151711507928
1.547770305809558 -3.003358711280659 48.6085820684436
2.935564027876673 2.41002310943456 40.97821413528139
2.356911586922372 2.113672118499727 48.26895420959946
-0.01908485239693425 -0.07149526174635046 89.49230352206814
-3.586315819854503 -1.416170431365853 40.95891840876268
1.714075324558752 1.043433625234105 68.5893963636579
2.849078223653597 0.6278509123558327 56.26369015521536
2.418181530323774 -1.35498474850626 60.42387629686789
-1.947524840776123 3.161291553077344 47.05135285356463
-0.04955736925287146 -0.013291119670094 94.08567103368679
0.6955846477495153 2.948533128701252 60.70858467369267
0.2132160064533345 -3.25884889078361 55.45384300912582
4.068784661788469 -1.120845059206339 45.37756634537227
-0.9079847855896483 -4.248866853880125 43.12341876622957
-0.7421241019578386 3.204461723706348 55.4395724833167
-2.312005844035343 -0.6609111592088248 69.30652265137653
-3.692672638735256 -0.5213961856076144 54.55520674373666
-0.3842395197321848 4.08290457480684 50.98577166576651
-4.385035589698006 1.49588172744634 43.97206572194966
0.6513631890474247 4.437067824917439 43.93700989932292
-2.013739999902278 -3.526766629898878 51.51488817014979
4.002915110158898 -0.5921808267693053 51.10425477977283
-0.08815290194265375 -4.440892098500626e-16 39.68787912268748
0.6020335596417841 -2.67033159933137 67.20538437009114
-1.313280388249927 -2.869351075637157 61.44768593335387
-2.826426692876619 1.770644574560424 65.87358600932048
-3.627894279121066 1.714017853927003 51.21118807063844
-2.953485843095962 1.418397792724958 61.71163684382719

CELLS 3977 18095
1 0
1 1
1 2
1 3
1 4
1 5
1 6
1 7
1 8
1 9
1 10
1 11
2 0 12
2 12 13
2 13 14
2 14 15
2 15 16
2 16 17
2 17 18
2 18 1
2 0 19
2 19 20
2 20 21
2 21 22
2 22 1
2 2 23
2 23 24
2 24 25
2 25 26
2 26 27
2 27 28
2 28 29
2 29 30
2 30 31
2 31 0
2 2 32
2 32 33
2 33 34
2 34 35
2 35 3
2 1 36
2 36 37
2 37 38
2 38 39
2 39 40
2 40 41
2 41 42
2 42 43
2 43 44
2 44 3
2 2 45
2 45 46
2 46 47
2 47 3
2 4 48
2 48 49
2 49 50
2 50 51
2 51 52
2 52 53
2 53 54
2 54 55
2 55 56
2 56 57
2 57 58
2 58 59
2 59 60
2 60 61
2 61 62
2 62 63
2 63 64
2 64 65
2 65 4
2 5 66
2 66 67
2 67 68
2 68 6
2 5 69
2 69 70
2 70 71
2 71 72
2 72 7
2 6 73
2 73 74
2 74 75
2 75 7
2 8 76
2 76 77
2 77 78
2 78 79
2 79 80
2 80 81
2 81 8
2 4 82
2 82 83
2 83 84
2 84 85
2 85 86
2 86 87
2 87 88
2 88 89
2 89 90
2 90 91
2 91 92
2 92 93
2 93 94
2 94 95
2 95 96
2 96 97
2 97 98
2 98 99
2 99 100
2 100 101
2 101 102
2 102 103
2 103 104
2 104 105
2 105 106
2 106 8
2 9 107
2 107 108
2 108 109
2 109 110
2 110 111
2 111 112
2 112 113
2 113 114
2 114 115
2 115 5
2 9 116
2 116 117
2 117 10
2 6 118
2 118 119
2 119 120
2 120 121
2 121 122
2 122 123
2 123 124
2 124 125
2 125 126
2 126 10
2 7 127
2 127 128
2 128 129
2 129 130
2 130 131
2 131 132
2 132 133
2 133 134
2 134 135
2 135 11
2 9 136
2 136 137
2 137 138
2 138 11
2 10 139
2 139 140
2 140 11
3 12 202 0
3 0 202 31
3 1 200 18
3 36 200 1
3 23 199 2
3 2 199 32
3 35 198 3
3 3 198 44
3 13 184 12
3 184 202 12
3 14 197 13
3 13 197 184
3 15 146 14
3 146 197 14
3 16 189 15
3 15 189 146
3 17 147 16
3 147 189 16
3 18 192 17
3 17 192 147
3 18 200 192
3 24 183 23
3 183 199 23
3 25 149 24
3 149 183 24
3 26 180 25
3 25 180 149
3 27 143 26
3 143 180 26
3 28 172 27
3 27 172 143
3 29 141 28
3 141 172 28
3 30 152 29
3 29 152 141
3 31 150 30
3 150 152 30
3 31 202 150
3 32 174 33
3 32 199 174
3 33 145 34
3 33 174 145
3 34 175 35
3 145 175 34
3 175 198 35
3 37 151 36
3 151 200 36
3 38 177 37
3 37 177 151
3 39 144 38
3 144 177 38
3 40 178 39
3 39 178 144
3 41 142 40
3 142 178 40
3 42 181 41
3 41 181 142
3 43 148 42
3 148 181 42
3 44 176 43
3 43 176 148
3 44 198 176
3 152 153 141
3 153 154 141
3 154 172 141
3 142 201 178
3 181 182 142
3 182 201 142
3 172 173 143
3 173 186 143
3 143 186 180
3 144 204 177
3 178 179 144
3 179 204 144
3 174 195 145
3 145 205 175
3 195 205 145
3 146 189 185
3 185 190 146
3 190 197 146
3 147 203 189
3 192 193 147
3 193 203 147
3 176 196 148
3 148 191 181
3 148 196 191
3 180 187 149
3 149 188 183
3 187 188 149
3 150 170 152
3 150 184 170
3 150 202 184
3 177 193 151
3 151 193 192
3 192 200 151
3 152 170 153
3 153 155 154
3 153 171 155
3 170 171 153
3 155 156 154
3 156 173 154
3 154 173 172
3 155 157 156
3 155 159 157
3 155 171 159
3 157 158 156
3 158 160 156
3 160 173 156
3 157 194 158
3 159 165 157
3 165 194 157
3 158 161 160
3 158 169 161
3 158 194 169
3 159 167 165
3 159 185 167
3 171 185 159
3 161 162 160
3 162 186 160
3 160 186 173
3 161 163 162
3 161 182 163
3 169 182 161
3 163 164 162
3 164 187 162
3 162 187 186
3 163 166 164
3 163 191 166
3 182 191 163
3 166 195 164
3 164 188 187
3 164 195 188
3 167 168 165
3 168 204 165
3 179 194 165
3 165 204 179
3 191 196 166
3 166 205 195
3 196 205 166
3 167 203 168
3 185 203 167
3 168 193 177
3 177 204 168
3 168 203 193
3 169 194 179
3 179 201 169
3 169 201 182
3 170 190 171
3 184 190 170
3 171 190 185
3 183 188 174
3 174 199 183
3 188 195 174
3 175 196 176
3 176 198 175
3 175 205 196
3 178 201 179
3 186 187 180
3 181 191 182
3 184 197 190
3 189 203 185
3 0 249 19
3 31 249 0
3 1 22 36
3 2 242 23
3 45 242 2
3 44 243 3
3 3 243 47
3 19 235 20
3 19 249 235
3 20 212 21
3 20 235 212
3 21 246 22
3 212 246 21
3 22 215 36
3 22 246 215
3 23 236 24
3 23 242 236
3 24 211 25
3 24 236 211
3 25 227 26
3 211 227 25
3 26 207 27
3 26 227 207
3 27 221 28
3 207 221 27
3 28 206 29
3 28 221 206
3 29 220 30
3 206 220 29
3 30 214 31
3 30 220 214
3 214 249 31
3 36 215 37
3 37 208 38
3 37 215 208
3 38 232 39
3 208 232 38
3 39 210 40
3 39 232 210
3 40 226 41
3 210 245 40
3 40 245 226
3 41 237 42
3 226 237 41
3 42 209 43
3 42 237 209
3 43 228 44
3 209 228 43
3 228 243 44
3 46 247 45
3 45 247 242
3 47 213 46
3 213 247 46
3 47 243 213
3 206 238 220
3 221 240 206
3 206 240 238
3 207 222 221
3 207 223 222
3 207 227 223
3 215 216 208
3 216 217 208
3 217 232 208
3 209 229 228
3 209 244 229
3 237 244 209
3 232 234 210
3 234 245 210
3 211 231 227
3 211 239 231
3 236 239 211
3 216 246 212
3 212 248 216
3 235 248 212
3 228 229 213
3 213 243 228
3 229 230 213
3 230 247 213
3 220 233 214
3 233 235 214
3 235 249 214
3 215 246 216
3 216 218 217
3 216 248 218
3 218 219 217
3 219 234 217
3 217 234 232
3 218 238 219
3 233 238 218
3 218 248 233
3 219 241 234
3 238 240 219
3 240 241 219
3 220 238 233
3 222 240 221
3 223 224 222
3 224 241 222
3 222 241 240
3 223 225 224
3 223 231 225
3 227 231 223
3 225 226 224
3 226 245 224
3 224 245 241
3 225 237 226
3 231 244 225
3 225 244 237
3 229 239 230
3 229 244 239
3 230 239 236
3 236 242 230
3 242 247 230
3 239 244 231
3 233 248 235
3 241 245 234
3 45 2 32
3 35 3 47
3 33 250 32
3 32 250 45
3 34 250 33
3 35 251 34
3 34 251 250
3 47 251 35
3 45 250 46
3 46 251 47
3 250 251 46
3 0 57 7
3 7 252 0
3 12 253 0
3 0 252 19
3 0 253 57
3 1 5 4
3 4 65 1
3 1 257 5
3 1 65 18
3 22 257 1
3 4 5 48
3 48 5 66
3 5 257 69
3 51 6 52
3 68 6 51
3 6 73 52
3 57 56 7
3 56 254 7
3 72 252 7
3 7 254 75
3 13 256 12
3 58 253 12
3 12 256 58
3 13 14 60
3 59 13 60
3 59 256 13
3 14 15 61
3 60 14 61
3 62 15 16
3 61 15 62
3 17 63 16
3 16 63 62
3 18 64 17
3 17 64 63
3 18 65 64
3 19 260 20
3 19 252 72
3 72 260 19
3 20 258 21
3 71 258 20
3 20 260 71
3 21 259 22
3 21 258 70
3 70 259 21
3 69 257 22
3 22 259 69
3 49 48 66
3 50 49 67
3 67 49 66
3 51 50 68
3 68 50 67
3 52 73 53
3 53 74 54
3 73 74 53
3 54 255 55
3 74 255 54
3 55 254 56
3 75 254 55
3 55 255 75
3 57 253 58
3 58 256 59
3 69 259 70
3 70 258 71
3 71 260 72
3 75 255 74
3 48 611 4
3 4 612 65
3 4 611 82
3 82 612 4
3 8 607 76
3 81 608 8
3 106 607 8
3 8 608 106
3 49 581 48
3 581 611 48
3 50 284 49
3 284 581 49
3 51 579 50
3 50 579 284
3 52 473 51
3 473 579 51
3 53 273 52
3 273 473 52
3 54 572 53
3 53 572 273
3 55 615 54
3 54 615 572
3 56 269 55
3 269 615 55
3 57 571 56
3 56 571 269
3 58 285 57
3 285 571 57
3 59 564 58
3 58 564 285
3 60 270 59
3 270 564 59
3 61 610 60
3 60 610 270
3 62 596 61
3 596 610 61
3 63 275 62
3 275 596 62
3 64 569 63
3 63 569 275
3 65 288 64
3 288 569 64
3 65 612 288
3 76 476 77
3 76 607 476
3 77 287 78
3 77 476 287
3 78 451 79
3 287 451 78
3 79 283 80
3 79 451 283
3 80 294 81
3 283 294 80
3 294 608 81
3 82 289 83
3 83 583 82
3 82 611 289
3 583 612 82
3 84 286 83
3 83 529 84
3 286 583 83
3 289 529 83
3 84 282 85
3 85 528 84
3 84 529 282
3 84 528 286
3 86 272 85
3 85 525 86
3 272 528 85
3 282 525 85
3 86 268 87
3 87 563 86
3 86 525 268
3 86 563 272
3 87 460 88
3 88 514 87
3 268 460 87
3 514 563 87
3 89 265 88
3 88 456 89
3 265 514 88
3 88 460 456
3 89 263 90
3 90 541 89
3 89 456 263
3 89 541 265
3 91 511 90
3 90 559 91
3 263 559 90
3 511 541 90
3 92 277 91
3 91 496 92
3 277 511 91
3 91 559 496
3 92 267 93
3 93 293 92
3 92 496 267
3 92 293 277
3 94 264 93
3 93 507 94
3 264 293 93
3 267 507 93
3 95 503 94
3 94 505 95
3 94 503 264
3 94 507 505
3 95 266 96
3 96 281 95
3 95 505 266
3 281 503 95
3 96 493 97
3 97 499 96
3 266 493 96
3 96 499 281
3 98 280 97
3 97 292 98
3 280 499 97
3 97 493 292
3 98 261 99
3 99 498 98
3 98 292 261
3 98 498 280
3 100 279 99
3 99 506 100
3 261 506 99
3 279 498 99
3 100 276 101
3 101 486 100
3 100 506 276
3 100 486 279
3 102 278 101
3 101 291 102
3 276 291 101
3 278 486 101
3 102 262 103
3 103 482 102
3 102 291 262
3 102 482 278
3 104 271 103
3 103 477 104
3 262 477 103
3 271 482 103
3 104 274 105
3 105 587 104
3 104 587 271
3 104 477 274
3 106 290 105
3 105 475 106
3 274 475 105
3 290 587 105
3 106 608 290
3 475 607 106
3 292 309 261
3 309 568 261
3 261 568 506
3 291 298 262
3 298 441 262
3 441 477 262
3 263 456 448
3 448 459 263
3 459 559 263
3 264 561 293
3 503 504 264
3 504 561 264
3 265 515 514
3 265 520 515
3 265 541 520
3 266 522 493
3 505 521 266
3 521 522 266
3 267 496 495
3 495 497 267
3 497 507 267
3 268 461 460
3 268 462 461
3 268 525 462
3 269 571 430
3 430 584 269
3 269 584 446
3 446 615 269
3 439 457 270
3 270 610 439
3 457 564 270
3 452 482 271
3 271 609 452
3 587 609 271
3 272 600 528
3 563 567 272
3 567 600 272
3 273 586 473
3 572 619 273
3 273 619 586
3 274 592 475
3 477 599 274
3 274 599 592
3 569 582 275
3 275 582 578
3 578 596 275
3 276 453 291
3 276 454 453
3 276 506 454
3 293 355 277
3 355 370 277
3 370 511 277
3 482 590 278
3 278 487 486
3 278 590 487
3 486 554 279
3 279 604 498
3 554 604 279
3 498 606 280
3 280 500 499
3 280 606 500
3 499 501 281
3 501 502 281
3 502 503 281
3 282 538 525
3 529 558 282
3 282 558 538
3 283 295 294
3 283 296 295
3 283 451 296
3 565 581 284
3 284 613 565
3 579 613 284
3 564 598 285
3 285 603 571
3 598 603 285
3 528 585 286
3 570 583 286
3 286 585 570
3 445 575 287
3 287 618 445
3 287 575 451
3 476 618 287
3 288 570 569
3 288 583 570
3 288 612 583
3 289 565 529
3 289 581 565
3 289 611 581
3 294 295 290
3 290 608 294
3 295 447 290
3 447 587 290
3 291 453 298
3 292 310 309
3 292 493 310
3 293 561 355
3 296 297 295
3 297 447 295
3 296 299 297
3 296 575 299
3 451 575 296
3 299 300 297
3 300 562 297
3 297 562 447
3 298 458 441
3 453 455 298
3 455 458 298
3 299 301 300
3 299 303 301
3 299 575 303
3 301 302 300
3 302 305 300
3 305 562 300
3 301 513 302
3 303 304 301
3 304 513 301
3 302 306 305
3 302 307 306
3 302 513 307
3 303 443 304
3 303 445 443
3 303 575 445
3 443 617 304
3 304 623 513
3 617 623 304
3 306 432 305
3 432 452 305
3 452 562 305
3 307 308 306
3 308 548 306
3 306 548 432
3 307 312 308
3 307 321 312
3 307 513 321
3 312 313 308
3 313 320 308
3 320 548 308
3 310 311 309
3 311 319 309
3 319 568 309
3 310 314 311
3 310 522 314
3 493 522 310
3 314 315 311
3 315 594 311
3 311 594 319
3 312 317 313
3 312 573 317
3 321 573 312
3 317 318 313
3 318 540 313
3 313 540 320
3 314 316 315
3 314 322 316
3 314 522 322
3 316 479 315
3 479 481 315
3 481 594 315
3 322 323 316
3 323 346 316
3 346 479 316
3 317 423 318
3 317 424 423
3 317 573 424
3 423 425 318
3 425 450 318
3 450 540 318
3 319 577 568
3 319 597 577
3 594 597 319
3 540 605 320
3 320 555 548
3 320 605 555
3 321 458 455
3 455 573 321
3 321 623 458
3 513 623 321
3 322 324 323
3 322 521 324
3 322 522 521
3 324 325 323
3 325 534 323
3 323 534 346
3 324 326 325
3 324 426 326
3 324 521 426
3 326 327 325
3 327 345 325
3 345 534 325
3 326 328 327
3 326 497 328
3 426 497 326
3 328 329 327
3 329 530 327
3 327 530 345
3 328 330 329
3 328 495 330
3 328 497 495
3 330 331 329
3 331 339 329
3 339 530 329
3 330 332 331
3 330 416 332
3 330 495 416
3 332 333 331
3 333 539 331
3 331 539 339
3 332 334 333
3 332 459 334
3 416 459 332
3 334 335 333
3 335 535 333
3 535 539 333
3 334 336 335
3 334 448 336
3 334 459 448
3 336 337 335
3 337 338 335
3 338 535 335
3 336 474 337
3 448 449 336
3 449 474 336
3 337 340 338
3 337 384 340
3 337 474 384
3 340 341 338
3 341 536 338
3 338 536 535
3 492 530 339
3 339 532 492
3 339 539 532
3 340 342 341
3 340 545 342
3 384 545 340
3 342 343 341
3 343 344 341
3 344 536 341
3 342 347 343
3 342 349 347
3 342 545 349
3 343 526 344
3 347 348 343
3 348 526 343
3 344 527 483
3 483 536 344
3 526 527 344
3 345 530 491
3 491 546 345
3 345 546 534
3 478 479 346
3 346 480 478
3 346 534 480
3 347 350 348
3 349 512 347
3 347 512 350
3 350 351 348
3 351 352 348
3 352 526 348
3 472 524 349
3 349 545 472
3 349 524 512
3 350 376 351
3 350 377 376
3 350 512 377
3 351 353 352
3 351 510 353
3 376 510 351
3 353 354 352
3 354 409 352
3 409 526 352
3 353 356 354
3 353 369 356
3 353 510 369
3 356 357 354
3 357 543 354
3 354 543 409
3 355 395 370
3 355 396 395
3 355 561 396
3 356 358 357
3 356 556 358
3 369 556 356
3 358 359 357
3 359 360 357
3 360 543 357
3 358 363 359
3 358 364 363
3 358 556 364
3 359 361 360
3 359 531 361
3 363 531 359
3 361 362 360
3 362 544 360
3 360 544 543
3 361 365 362
3 361 402 365
3 361 531 402
3 365 366 362
3 366 367 362
3 367 544 362
3 364 371 363
3 371 373 363
3 373 531 363
3 364 372 371
3 364 537 372
3 364 556 537
3 365 595 366
3 402 533 365
3 533 595 365
3 366 368 367
3 366 508 368
3 366 595 508
3 368 374 367
3 374 386 367
3 386 544 367
3 368 375 374
3 368 378 375
3 368 508 378
3 510 523 369
3 523 560 369
3 369 560 556
3 395 403 370
3 403 420 370
3 420 511 370
3 372 385 371
3 371 591 373
3 385 591 371
3 372 387 385
3 372 393 387
3 372 537 393
3 373 574 531
3 373 620 574
3 591 620 373
3 375 494 374
3 374 390 386
3 374 494 390
3 378 379 375
3 379 391 375
3 391 494 375
3 377 411 376
3 411 414 376
3 414 510 376
3 377 412 411
3 377 413 412
3 377 512 413
3 378 380 379
3 378 429 380
3 378 508 429
3 380 381 379
3 381 488 379
3 379 488 391
3 380 382 381
3 380 509 382
3 429 509 380
3 382 383 381
3 383 392 381
3 392 488 381
3 382 388 383
3 382 410 388
3 382 509 410
3 388 389 383
3 389 553 383
3 383 553 392
3 463 465 384
3 384 474 463
3 465 545 384
3 387 394 385
3 394 415 385
3 415 591 385
3 390 417 386
3 417 485 386
3 485 544 386
3 393 407 387
3 387 557 394
3 407 557 387
3 388 397 389
3 388 547 397
3 410 547 388
3 397 398 389
3 398 399 389
3 399 553 389
3 390 418 417
3 390 419 418
3 390 494 419
3 488 489 391
3 489 490 391
3 490 494 391
3 392 551 488
3 392 552 551
3 392 553 552
3 393 439 407
3 393 440 439
3 393 537 440
3 394 421 415
3 394 422 421
3 394 557 422
3 396 593 395
3 395 428 403
3 395 593 428
3 396 580 509
3 509 593 396
3 561 580 396
3 397 549 398
3 547 602 397
3 397 602 549
3 398 400 399
3 398 404 400
3 398 549 404
3 400 401 399
3 401 408 399
3 408 553 399
3 400 589 401
3 404 405 400
3 405 589 400
3 401 427 408
3 401 576 427
3 401 589 576
3 531 574 402
3 402 614 533
3 574 614 402
3 403 435 420
3 428 533 403
3 403 533 435
3 404 406 405
3 404 550 406
3 549 550 404
3 406 436 405
3 436 622 405
3 405 622 589
3 406 437 436
3 406 438 437
3 406 550 438
3 439 442 407
3 442 578 407
3 407 578 557
3 427 478 408
3 478 552 408
3 552 553 408
3 485 527 409
3 409 543 485
3 409 527 526
3 509 580 410
3 410 601 547
3 580 601 410
3 412 584 411
3 411 430 414
3 411 584 430
3 413 433 412
3 433 446 412
3 446 584 412
3 413 434 433
3 413 524 434
3 512 524 413
3 430 431 414
3 431 523 414
3 414 523 510
3 421 600 415
3 415 567 518
3 518 591 415
3 415 600 567
3 416 559 459
3 495 496 416
3 496 559 416
3 418 483 417
3 483 527 417
3 417 527 485
3 419 532 418
3 418 484 483
3 418 532 484
3 490 492 419
3 419 494 490
3 492 532 419
3 435 520 420
3 420 541 511
3 520 541 420
3 422 585 421
3 421 585 528
3 528 600 421
3 557 582 422
3 422 582 570
3 570 585 422
3 424 597 423
3 423 444 425
3 423 597 444
3 573 588 424
3 424 588 577
3 577 597 424
3 444 621 425
3 425 576 450
3 425 621 576
3 426 507 497
3 505 507 426
3 426 521 505
3 427 479 478
3 427 481 479
3 427 576 481
3 428 593 508
3 508 595 428
3 428 595 533
3 508 593 429
3 429 593 509
3 430 603 431
3 571 603 430
3 431 566 523
3 431 598 566
3 431 603 598
3 432 590 452
3 548 616 432
3 432 616 590
3 434 619 433
3 433 572 446
3 433 619 572
3 434 542 471
3 471 586 434
3 524 542 434
3 586 619 434
3 519 520 435
3 435 614 519
3 533 614 435
3 437 605 436
3 436 605 540
3 540 622 436
3 438 604 437
3 554 555 437
3 437 604 554
3 555 605 437
3 498 604 438
3 438 606 498
3 550 606 438
3 440 457 439
3 439 610 442
3 440 566 457
3 537 560 440
3 560 566 440
3 458 617 441
3 441 599 477
3 441 617 599
3 442 596 578
3 442 610 596
3 445 592 443
3 592 599 443
3 599 617 443
3 444 594 481
3 481 621 444
3 444 597 594
3 445 618 592
3 572 615 446
3 562 609 447
3 447 609 587
3 448 456 449
3 456 460 449
3 460 461 449
3 461 474 449
3 450 622 540
3 576 589 450
3 589 622 450
3 452 590 482
3 452 609 562
3 454 588 453
3 453 588 455
3 506 568 454
3 568 577 454
3 577 588 454
3 455 588 573
3 457 598 564
3 566 598 457
3 458 623 617
3 462 463 461
3 463 474 461
3 462 464 463
3 462 538 464
3 525 538 462
3 464 465 463
3 464 466 465
3 464 467 466
3 464 538 467
3 466 472 465
3 472 545 465
3 467 468 466
3 468 542 466
3 466 542 472
3 467 469 468
3 467 558 469
3 538 558 467
3 469 470 468
3 470 471 468
3 471 542 468
3 469 613 470
3 558 565 469
3 565 613 469
3 470 473 471
3 470 579 473
3 470 613 579
3 473 586 471
3 472 542 524
3 476 607 475
3 475 618 476
3 592 618 475
3 480 552 478
3 534 546 480
3 546 551 480
3 551 552 480
3 576 621 481
3 484 536 483
3 532 539 484
3 535 536 484
3 484 539 535
3 543 544 485
3 487 554 486
3 487 555 554
3 487 616 555
3 590 616 487
3 488 551 489
3 489 491 490
3 489 546 491
3 489 551 546
3 491 492 490
3 491 530 492
3 500 501 499
3 500 549 501
3 500 550 549
3 500 606 550
3 501 602 502
3 549 602 501
3 502 504 503
3 502 601 504
3 547 601 502
3 502 602 547
3 504 580 561
3 504 601 580
3 515 516 514
3 516 563 514
3 515 517 516
3 515 519 517
3 515 520 519
3 517 518 516
3 518 567 516
3 516 567 563
3 517 620 518
3 519 574 517
3 574 620 517
3 518 620 591
3 519 614 574
3 523 566 560
3 529 565 558
3 556 560 537
3 555 616 548
3 578 582 557
3 570 582 569
3 66 5 653
3 5 115 653
3 6 68 650
3 118 6 650
3 107 9 649
3 9 116 649
3 117 10 652
3 10 126 652
3 67 66 631
3 631 66 653
3 68 67 644
3 67 631 644
3 68 644 650
3 108 107 629
3 629 107 649
3 109 108 635
3 108 629 635
3 110 109 627
3 627 109 635
3 111 110 636
3 110 627 636
3 112 111 625
3 625 111 636
3 113 112 637
3 112 625 637
3 114 113 624
3 624 113 637
3 115 114 645
3 114 624 645
3 115 645 653
3 116 117 643
3 116 643 649
3 643 117 652
3 119 118 626
3 626 118 650
3 120 119 633
3 119 626 633
3 121 120 628
3 628 120 633
3 122 121 639
3 121 628 639
3 123 122 630
3 630 122 639
3 124 123 638
3 123 630 638
3 125 124 632
3 632 124 638
3 126 125 640
3 125 632 640
3 126 640 652
3 634 624 641
3 624 634 645
3 624 637 641
3 625 636 646
3 637 625 642
3 642 625 646
3 633 626 634
3 634 626 644
3 644 626 650
3 627 635 648
3 636 627 647
3 647 627 648
3 628 633 641
3 639 628 642
3 628 641 642
3 635 629 651
3 640 629 643
3 629 640 651
3 643 629 649
3 638 630 647
3 630 639 646
3 630 646 647
3 631 634 644
3 634 631 645
3 645 631 653
3 632 638 648
3 640 632 651
3 632 648 651
3 633 634 641
3 648 635 651
3 646 636 647
3 641 637 642
3 638 647 648
3 639 642 646
3 640 643 652
3 5 69 696
3 115 5 696
3 72 7 127
3 9 107 692
3 136 9 692
3 135 11 691
3 11 138 691
3 69 70 686
3 69 686 696
3 70 71 659
3 70 659 686
3 71 72 693
3 659 71 693
3 72 127 663
3 72 663 693
3 107 108 660
3 107 660 692
3 108 109 670
3 660 108 670
3 109 110 658
3 109 658 670
3 110 111 675
3 658 110 675
3 111 112 676
3 675 111 676
3 112 113 654
3 112 654 676
3 113 114 677
3 654 113 677
3 114 115 662
3 114 662 677
3 662 115 696
3 127 128 663
3 128 129 656
3 128 656 663
3 129 130 682
3 656 129 682
3 130 131 684
3 682 130 684
3 131 132 655
3 131 655 684
3 132 133 679
3 655 132 679
3 133 134 657
3 133 657 679
3 134 135 678
3 657 134 678
3 678 135 691
3 137 136 680
3 680 136 692
3 138 137 661
3 661 137 680
3 138 661 691
3 676 654 688
3 654 677 687
3 654 687 688
3 673 655 679
3 655 673 681
3 655 681 695
3 684 655 695
3 663 656 664
3 664 656 665
3 665 656 682
3 657 678 690
3 679 657 685
3 685 657 690
3 670 658 671
3 671 658 672
3 672 658 675
3 664 659 693
3 659 664 694
3 686 659 694
3 660 670 674
3 660 674 697
3 660 680 692
3 680 660 697
3 678 661 690
3 661 678 691
3 661 680 697
3 690 661 697
3 677 662 683
3 683 662 686
3 686 662 696
3 663 664 693
3 664 665 666
3 664 666 694
3 666 665 667
3 667 665 668
3 668 665 682
3 666 667 687
3 683 666 687
3 666 683 694
3 667 668 669
3 667 669 688
3 687 667 688
3 669 668 695
3 668 682 684
3 668 684 695
3 669 681 689
3 681 669 695
3 688 669 689
3 670 671 674
3 671 672 673
3 671 673 685
3 674 671 685
3 673 672 681
3 672 675 689
3 681 672 689
3 673 679 685
3 674 685 690
3 674 690 697
3 675 676 689
3 676 688 689
3 677 683 687
3 683 686 694
3 73 6 724
3 6 118 724
3 7 75 727
3 127 7 727
3 126 10 726
3 10 139 726
3 11 135 723
3 140 11 723
3 74 73 718
3 718 73 724
3 75 74 705
3 705 74 718
3 75 705 727
3 118 119 700
3 118 700 724
3 119 120 707
3 700 119 707
3 120 121 702
3 120 702 707
3 121 122 713
3 702 121 713
3 122 123 704
3 122 704 713
3 123 124 712
3 704 123 712
3 124 125 706
3 124 706 712
3 125 126 714
3 706 125 714
3 714 126 726
3 128 127 719
3 719 127 727
3 129 128 698
3 698 128 719
3 130 129 711
3 129 698 711
3 131 130 699
3 699 130 711
3 132 131 710
3 131 699 710
3 133 132 701
3 701 132 710
3 134 133 709
3 133 701 709
3 135 134 703
3 703 134 709
3 135 703 723
3 139 140 717
3 139 717 726
3 717 140 723
3 698 708 715
3 708 698 719
3 711 698 715
3 710 699 720
3 699 711 716
3 699 716 720
3 700 707 708
3 700 708 718
3 700 718 724
3 709 701 722
3 701 710 721
3 701 721 722
3 707 702 715
3 702 713 716
3 715 702 716
3 703 709 725
3 703 714 717
3 714 703 725
3 703 717 723
3 704 712 721
3 713 704 720
3 720 704 721
3 708 705 718
3 705 708 719
3 705 719 727
3 712 706 722
3 706 714 725
3 722 706 725
3 708 707 715
3 709 722 725
3 710 720 721
3 711 715 716
3 721 712 722
3 716 713 720
3 717 714 726
3 76 728 8
3 8 728 81
3 77 728 76
3 78 728 77
3 79 728 78
3 80 728 79
3 81 728 80
3 136 116 9
3 10 117 730
3 139 10 729
3 729 10 730
3 138 11 140
3 117 116 730
3 116 136 730
3 136 137 730
3 137 138 729
3 137 729 730
3 138 140 731
3 729 138 731
3 140 139 731
3 139 729 731
4 138 419 11 746
4 748 759 521 763
4 733 759 748 763
4 251 250 34 740
4 91 9 3 136
4 730 10 729 738
4 136 47 91 743
4 312 308 313 735
4 91 9 136 743
4 47 740 91 743
4 276 735 101 737
4 138 738 419 746
4 494 11 419 746
4 101 735 486 737
4 453 735 276 737
4 330 738 730 743
4 91 47 3 740
4 308 735 312 737
4 604 735 279 765
4 3 47 91 136
4 382 741 742 755
4 267 754 744 761
4 419 738 490 746
4 267 743 754 761
4 309 292 261 734
4 748 756 521 759
4 494 419 490 746
4 280 734 606 765
4 267 744 497 761
4 577 747 735 757
4 138 731 140 738
4 309 734 261 747
4 306 307 302 739
4 521 759 744 763
4 577 735 424 757
4 486 735 487 737
4 734 749 606 766
4 379 741 380 755
4 606 734 550 765
4 311 309 319 734
4 606 734 280 749
4 250 428 34 740
4 548 735 308 737
4 554 279 604 735
4 91 740 92 743
4 319 734 309 747
4 550 734 606 766
4 573 312 735 737
4 521 744 505 763
4 308 548 320 735
4 330 329 331 738
4 588 735 453 737
4 733 756 748 759
4 604 437 735 765
4 437 554 604 735
4 291 276 101 737
4 735 747 279 765
4 573 735 588 737
4 550 606 749 766
4 291 453 276 737
4 91 277 92 740
4 91 3 277 740
4 623 513 737 739
4 380 741 382 755
4 101 486 278 737
4 313 308 320 735
4 487 735 555 737
4 741 732 755 760
4 292 734 309 752
4 396 742 754 755
4 593 740 250 755
4 306 737 307 739
4 734 405 765 767
4 505 748 521 763
4 329 738 330 761
4 738 743 330 761
4 616 487 555 737
4 382 742 509 755
4 317 312 313 735
4 311 309 734 752
4 734 747 319 767
4 292 749 734 752
4 101 100 486 735
4 521 426 505 744
4 276 100 101 735
4 306 305 432 739
4 379 488 741 760
4 317 573 312 735
4 740 250 755 764
4 426 744 521 759
4 513 307 737 739
4 746 755 250 764
4 548 555 735 737
4 278 486 487 737
4 379 381 380 741
4 396 742 561 754
4 102 262 737 739
4 306 432 737 739
4 138 140 419 738
4 513 302 307 739
4 577 597 747 757
4 590 737 432 739
4 490 746 738 760
4 389 399 753 758
4 424 735 317 757
4 298 737 262 739
4 597 577 424 757
4 742 753 502 763
4 492 140 731 738
4 746 755 732 760
4 508 250 746 755
4 736 753 399 758
4 548 616 555 737
4 250 593 428 740
4 424 317 423 757
4 396 754 740 755
4 398 399 736 753
4 92 743 740 754
4 279 735 100 747
4 398 389 399 753
4 733 753 742 763
4 276 453 454 735
4 311 319 594 734
4 405 734 589 767
4 298 262 441 739
4 319 594 734 767
4 742 753 733 762
4 355 740 561 754
4 505 266 521 748
4 261 292 98 734
4 117 330 730 743
4 479 752 736 756
4 493 749 292 752
4 261 734 98 747
4 597 424 423 757
4 100 735 506 747
4 590 432 452 739
4 98 734 292 749
4 102 103 262 739
4 382 742 741 762
4 506 100 276 735
4 281 753 748 763
4 623 513 321 737
4 437 757 735 765
4 580 742 396 755
4 102 737 482 739
4 580 561 396 742
4 550 765 734 766
4 11 45 138 746
4 493 97 292 749
4 306 302 305 739
4 508 250 32 746
4 139 731 729 738
4 623 737 458 739
4 479 736 478 756
4 506 735 454 747
4 506 276 454 735
4 605 735 437 757
4 548 555 320 735
4 487 486 554 735
4 10 339 729 738
4 91 496 9 743
4 590 482 737 739
4 98 734 280 765
4 479 736 752 769
4 454 735 577 747
4 455 573 588 737
4 479 427 478 736
4 396 561 740 754
4 507 744 267 754
4 490 419 492 738
4 489 546 551 741
4 521 748 522 756
4 313 317 735 757
4 622 405 589 767
4 136 9 116 743
4 486 100 279 735
4 10 331 339 738
4 455 588 453 737
4 424 573 317 735
4 478 756 736 758
4 732 742 741 755
4 588 454 453 735
4 311 734 594 752
4 554 486 279 735
4 396 561 355 740
4 458 737 298 739
4 322 521 522 756
4 92 740 293 754
4 380 382 509 755
4 738 530 760 761
4 748 752 522 756
4 492 419 140 738
4 2 11 494 746
4 98 292 97 749
4 315 752 479 756
4 2 45 11 746
4 750 760 530 761
4 508 746 378 755
4 427 408 478 736
4 92 277 293 740
4 507 497 267 744
4 498 280 606 765
4 98 747 734 765
4 117 416 330 743
4 405 589 734 766
4 322 521 756 759
4 32 368 378 746
4 102 482 103 739
4 502 504 601 742
4 250 508 593 755
4 458 298 441 739
4 546 741 750 768
4 304 301 739 745
4 380 381 382 741
4 280 734 98 749
4 551 741 546 768
4 478 736 408 758
4 339 331 329 738
4 502 753 281 763
4 104 477 739 745
4 378 508 32 746
4 493 748 749 752
4 555 554 437 735
4 513 307 321 737
4 91 92 496 743
4 522 752 314 756
4 588 573 424 735
4 379 488 381 741
4 379 391 488 760
4 92 267 743 754
4 601 410 547 762
4 250 508 33 428
4 379 746 391 760
4 588 577 454 735
4 304 739 617 745
4 313 318 317 757
4 251 46 250 740
4 522 748 493 752
4 588 424 577 735
4 601 742 410 762
4 316 315 479 756
4 605 555 437 735
4 277 35 370 740
4 138 140 11 419
4 316 752 315 756
4 594 752 734 767
4 117 730 416 743
4 555 487 554 735
4 505 95 266 748
4 398 753 736 766
4 590 452 482 739
4 743 732 754 761
4 496 116 9 743
4 301 300 739 745
4 580 509 742 755
4 262 291 102 737
4 491 530 750 760
4 250 740 46 764
4 326 750 744 759
4 136 47 743 764
4 501 749 748 753
4 32 250 45 746
4 741 742 732 744
4 744 754 732 761
4 734 765 405 766
4 320 735 605 757
4 310 292 309 752
4 747 757 597 767
4 117 730 116 416
4 399 736 401 766
4 550 606 500 749
4 622 450 757 767
4 262 298 291 737
4 744 750 326 761
4 733 744 741 750
4 730 738 137 764
4 505 95 748 763
4 499 748 501 749
4 401 399 408 736
4 756 758 346 768
4 732 754 742 755
4 401 408 427 736
4 382 410 509 742
4 139 729 339 738
4 733 742 741 744
4 305 452 432 739
4 398 736 399 766
4 346 758 478 768
4 479 427 736 769
4 758 762 392 768
4 319 747 597 767
4 346 756 478 758
4 94 507 93 754
4 324 426 521 759
4 740 743 47 764
4 562 609 739 745
4 562 739 300 745
4 339 139 10 729
4 326 325 750 759
4 622 589 450 767
4 741 392 762 768
4 2 375 32 746
4 508 250 593 428
4 104 739 271 745
4 734 589 767 769
4 137 730 729 738
4 730 743 738 764
4 104 477 103 739
4 391 494 490 746
4 504 742 502 763
4 304 617 443 745
4 322 324 521 759
4 734 766 589 769
4 96 493 748 749
4 549 749 753 766
4 479 752 315 769
4 744 750 733 759
4 304 303 301 745
4 733 750 741 768
4 327 326 750 761
4 744 759 733 763
4 406 765 550 766
4 378 746 379 755
4 453 291 298 737
4 327 326 325 750
4 320 605 540 757
4 490 391 746 760
4 458 623 321 737
4 101 278 102 737
4 493 292 310 752
4 568 319 309 747
4 741 744 732 750
4 101 102 291 737
4 399 408 736 758
4 599 739 477 745
4 2 32 45 746
4 733 759 750 768
4 617 739 599 745
4 322 522 314 756
4 308 312 307 737
4 271 739 609 745
4 96 97 493 749
4 508 378 429 755
4 293 740 355 754
4 497 744 326 761
4 410 742 382 762
4 748 753 733 763
4 35 395 370 740
4 45 250 46 764
4 482 102 278 737
4 93 507 267 754
4 489 741 488 760
4 401 736 427 769
4 280 98 97 749
4 318 423 317 757
4 735 757 747 765
4 389 758 753 762
4 521 266 522 748
4 345 491 530 750
4 734 767 752 769
4 45 746 250 764
4 297 299 296 745
4 116 416 730 743
4 728 294 283 751
4 271 104 103 739
4 607 728 476 751
4 345 530 327 750
4 489 551 488 741
4 283 451 728 751
4 498 98 280 765
4 530 327 750 761
4 491 738 530 760
4 308 307 306 737
4 378 32 508 368
4 2 494 375 746
4 326 744 426 759
4 375 368 32 746
4 277 355 293 740
4 549 749 501 753
4 501 499 281 748
4 553 392 758 762
4 293 355 561 754
4 501 748 281 753
4 406 405 765 766
4 738 746 138 764
4 590 482 278 737
4 398 549 753 766
4 736 753 749 766
4 597 757 423 767
4 278 487 590 737
4 138 729 731 738
4 324 326 426 759
4 392 383 381 741
4 594 752 767 769
4 296 745 299 751
4 400 399 401 766
4 401 766 736 769
4 96 748 499 749
4 316 314 752 756
4 732 740 754 755
4 568 506 454 747
4 562 305 300 739
4 568 454 577 747
4 302 301 300 739
4 555 605 320 735
4 297 745 296 751
4 381 741 383 762
4 383 741 392 762
4 522 493 310 752
4 616 590 487 737
4 495 330 743 761
4 561 742 264 754
4 553 383 392 762
4 605 437 436 757
4 264 754 742 763
4 378 379 380 755
4 577 597 319 747
4 502 281 503 763
4 490 738 492 760
4 346 759 756 768
4 607 106 728 751
4 608 294 728 751
4 608 728 106 751
4 580 396 509 755
4 279 100 99 747
4 398 397 389 753
4 116 730 136 743
4 491 492 530 738
4 740 743 732 754
4 279 747 498 765
4 480 346 478 768
4 577 319 568 747
4 495 328 330 761
4 617 599 443 745
4 443 303 304 745
4 321 312 573 737
4 287 476 728 751
4 302 300 305 739
4 505 744 507 763
4 346 479 478 756
4 453 298 455 737
4 94 754 264 763
4 491 492 738 760
4 438 606 550 765
4 553 758 389 762
4 264 561 504 742
4 301 299 300 745
4 477 104 274 745
4 274 745 105 751
4 399 389 553 758
4 251 35 47 740
4 105 745 587 751
4 733 748 736 753
4 568 309 261 747
4 406 550 404 766
4 98 498 747 765
4 496 92 267 743
4 437 436 757 765
4 429 593 508 755
4 388 389 753 762
4 264 742 504 763
4 477 262 103 739
4 381 382 741 762
4 316 314 315 752
4 281 748 95 763
4 447 587 745 751
4 592 745 274 751
4 301 513 304 739
4 552 758 392 768
4 736 748 733 756
4 509 410 580 742
4 379 375 391 746
4 496 416 116 743
4 562 609 452 739
4 277 370 355 740
4 477 441 262 739
4 311 310 309 752
4 728 451 287 751
4 499 96 281 748
4 606 280 500 749
4 447 745 297 751
4 94 93 264 754
4 503 504 502 763
4 732 744 742 754
4 308 306 548 737
4 301 302 513 739
4 375 2 32 368
4 534 759 346 768
4 491 750 546 760
4 505 426 507 744
4 388 753 547 762
4 397 388 389 753
4 329 530 738 761
4 398 549 397 753
4 550 749 500 766
4 734 749 736 752
4 321 307 312 737
4 406 404 405 766
4 553 389 383 762
4 138 746 45 764
4 99 100 506 747
4 508 33 32 250
4 575 299 745 751
4 432 548 306 737
4 301 303 299 745
4 623 458 617 739
4 323 756 346 759
4 391 375 494 746
4 279 498 604 765
4 733 753 736 758
4 477 274 599 745
4 251 47 46 740
4 551 392 741 768
4 322 756 323 759
4 441 477 599 739
4 736 749 734 766
4 355 370 395 740
4 375 378 368 746
4 401 589 766 769
4 522 266 493 748
4 445 575 303 745
4 304 513 623 739
4 736 756 733 758
4 497 328 495 761
4 137 738 138 764
4 458 441 617 739
4 562 452 305 739
4 546 750 534 768
4 748 749 736 753
4 137 729 138 738
4 329 530 339 738
4 549 501 602 753
4 92 93 267 754
4 432 590 616 737
4 736 752 748 756
4 734 752 736 769
4 271 587 104 745
4 495 330 416 743
4 426 326 497 744
4 271 609 587 745
4 313 540 318 757
4 396 355 395 740
4 475 274 105 751
4 575 745 445 751
4 96 499 97 749
4 250 33 34 428
4 329 330 328 761
4 575 299 303 745
4 432 616 548 737
4 46 740 47 764
4 396 740 593 755
4 491 546 489 760
4 562 300 297 745
4 617 441 599 739
4 388 547 410 762
4 271 452 609 739
4 502 501 281 753
4 592 274 475 751
4 750 759 534 768
4 256 58 59 564
4 375 379 378 746
4 575 296 299 751
4 736 766 734 769
4 94 505 507 763
4 304 623 617 739
4 321 573 455 737
4 253 57 58 285
4 397 547 388 753
4 297 300 299 745
4 277 35 3 511
4 500 749 549 766
4 401 589 400 766
4 511 277 35 370
4 137 46 136 764
4 534 323 346 759
4 445 745 592 751
4 551 392 488 741
4 497 326 328 761
4 482 271 103 739
4 738 760 732 761
4 322 323 324 759
4 455 298 458 737
4 534 750 325 759
4 396 395 593 740
4 549 500 501 749
4 741 742 733 762
4 732 743 740 764
4 400 398 399 766
4 736 749 748 752
4 136 46 47 764
4 732 738 743 764
4 345 327 325 750
4 325 534 345 750
4 732 760 750 761
4 279 99 498 747
4 447 290 587 751
4 316 322 314 756
4 551 552 392 768
4 488 392 381 741
4 491 490 492 760
4 732 743 738 761
4 391 489 488 760
4 507 426 497 744
4 295 447 297 751
4 290 105 587 751
4 315 752 594 769
4 741 750 732 760
4 742 744 733 763
4 375 374 2 368
4 742 754 744 763
4 522 310 314 752
4 738 732 746 764
4 550 500 549 766
4 738 746 732 760
4 381 383 382 762
4 482 452 271 739
4 732 740 755 764
4 491 345 546 750
4 553 392 552 758
4 405 400 589 766
4 267 495 496 743
4 423 757 425 767
4 303 443 445 745
4 732 750 744 761
4 318 425 423 757
4 530 492 339 738
4 399 553 408 758
4 732 755 746 764
4 345 534 546 750
4 321 455 458 737
4 104 587 105 745
4 481 444 621 767
4 104 105 274 745
4 96 493 266 748
4 561 580 504 742
4 443 592 445 745
4 46 137 45 764
4 436 622 757 765
4 496 495 416 743
4 503 264 504 763
4 99 98 498 747
4 325 326 324 759
4 599 274 592 745
4 295 297 296 751
4 137 138 45 764
4 2 374 375 494
4 599 592 443 745
4 436 405 622 765
4 346 316 479 756
4 329 327 530 761
4 406 438 550 765
4 534 346 480 768
4 479 315 481 769
4 106 728 8 607
4 8 728 106 608
4 601 580 410 742
4 283 79 728 451
4 92 293 93 754
4 269 56 55 254
4 283 728 80 294
4 576 767 589 769
4 95 96 266 748
4 605 436 540 757
4 95 281 96 748
4 601 504 580 742
4 733 762 758 768
4 686 259 696 246
4 249 235 260 693
4 733 758 756 768
4 283 296 451 751
4 733 741 762 768
4 281 95 503 763
4 436 406 405 765
4 728 287 77 476
4 499 280 97 749
4 481 767 621 769
4 397 549 602 753
4 728 78 287 451
4 506 568 261 747
4 206 130 29 28
4 502 602 501 753
4 315 311 594 752
4 315 594 481 769
4 227 207 26 132
4 297 447 562 745
4 207 132 27 26
4 594 767 481 769
4 733 756 759 768
4 618 476 287 751
4 130 206 29 682
4 753 758 733 762
4 378 380 429 755
4 496 559 9 116
4 562 447 609 745
4 227 26 25 133
4 293 561 264 754
4 476 475 607 751
4 388 383 389 762
4 618 475 476 751
4 135 678 23 134
4 220 29 206 682
4 498 606 438 765
4 532 140 492 419
4 500 499 501 749
4 502 547 602 753
4 109 658 110 237
4 615 55 54 255
4 26 227 132 133
4 130 131 27 684
4 607 728 76 476
4 27 28 130 684
4 609 447 587 745
4 327 328 326 761
4 112 111 676 210
4 130 28 206 684
4 39 111 112 210
4 323 316 346 756
4 113 654 39 112
4 28 27 221 684
4 323 322 316 756
4 43 107 228 44
4 479 481 427 769
4 445 592 618 751
4 30 29 220 129
4 221 206 28 684
4 99 261 98 747
4 682 29 130 129
4 682 130 206 684
4 500 280 499 749
4 206 238 220 682
4 397 602 547 753
4 388 410 382 762
4 283 294 295 751
4 29 220 129 682
4 546 534 480 768
4 675 41 111 110
4 134 211 24 133
4 693 212 20 258
4 659 258 70 246
4 211 25 24 133
4 110 42 109 237
4 287 445 618 751
4 608 81 728 294
4 136 46 137 680
4 315 314 311 752
4 209 43 108 228
4 209 108 670 228
4 552 478 408 758
4 293 264 93 754
4 481 594 444 767
4 109 108 670 209
4 258 693 212 659
4 659 212 258 246
4 447 295 290 751
4 47 46 136 680
4 105 106 475 751
4 184 12 13 256
4 696 259 22 246
4 260 72 249 693
4 107 43 228 108
4 677 654 687 232
4 380 509 429 755
4 75 74 255 705
4 214 31 30 128
4 607 475 106 751
4 108 42 43 209
4 401 576 589 769
4 551 546 480 768
4 576 425 450 767
4 654 677 113 232
4 692 3 9 136
4 290 294 608 751
4 679 132 227 133
4 108 109 42 209
4 134 657 211 133
4 395 34 35 403
4 287 451 575 751
4 404 550 549 766
4 110 41 42 237
4 728 77 76 476
4 107 3 9 692
4 437 406 436 765
4 2 11 691 135
4 551 480 552 768
4 287 77 78 728
4 444 597 423 767
4 222 221 207 695
4 314 310 311 752
4 654 688 687 234
4 234 687 654 232
4 450 425 757 767
4 209 670 109 237
4 728 80 79 283
4 329 328 327 761
4 138 45 11 691
4 318 450 425 757
4 296 575 451 751
4 490 489 391 760
4 656 220 238 682
4 220 214 30 128
4 208 677 687 232
4 405 404 400 766
4 132 27 352 131
4 238 206 240 682
4 660 670 108 228
4 283 295 296 751
4 506 261 99 747
4 509 396 593 755
4 352 26 27 132
4 503 94 264 763
4 254 7 75 727
4 114 677 662 208
4 692 47 3 136
4 128 30 220 129
4 475 618 592 751
4 137 45 247 46
4 287 575 445 751
4 79 78 728 451
4 35 395 403 370
4 688 667 687 234
4 692 3 47 243
4 240 206 221 684
4 693 20 71 258
4 21 70 258 246
4 670 671 658 237
4 258 70 71 659
4 212 21 20 258
4 219 668 669 667
4 206 240 682 684
4 691 23 2 135
4 234 654 688 210
4 670 660 674 229
4 656 129 220 682
4 234 688 667 241
4 576 450 589 767
4 36 22 696 257
4 252 249 72 127
4 109 670 658 237
4 81 80 728 294
4 95 505 94 763
4 552 408 553 758
4 240 682 684 668
4 209 109 42 237
4 671 670 244 237
4 45 137 247 138
4 137 46 247 680
4 47 46 680 213
4 352 27 353 131
4 290 608 106 751
4 225 658 671 237
4 37 115 662 114
4 211 231 227 679
4 45 2 11 691
4 654 676 688 210
4 490 491 489 760
4 353 26 27 352
4 444 423 425 767
4 660 108 107 228
4 27 207 221 655
4 243 692 107 228
4 207 227 223 655
4 105 290 106 751
4 668 240 219 669
4 323 534 325 759
4 76 8 728 607
4 352 25 26 133
4 728 8 81 608
4 691 678 23 135
4 227 207 132 655
4 661 247 137 138
4 131 132 27 655
4 132 207 27 655
4 112 654 39 210
4 404 549 398 766
4 234 667 687 217
4 679 211 231 685
4 621 767 576 769
4 12 0 253 202
4 128 220 214 656
4 111 39 40 210
4 669 667 688 241
4 290 295 294 751
4 107 44 243 228
4 695 222 240 669
4 388 382 383 762
4 437 604 438 765
4 330 332 117 331
4 210 654 39 232
4 223 672 225 224
4 38 677 113 114
4 697 230 690 229
4 132 352 26 133
4 71 693 258 659
4 113 677 38 232
4 258 212 21 246
4 680 46 247 213
4 429 509 593 755
4 670 209 244 237
4 704 712 123 545
4 131 27 510 130
4 27 28 510 130
4 687 217 208 232
4 135 23 485 134
4 603 30 31 128
4 540 436 622 757
4 234 667 219 241
4 473 118 6 650
4 668 695 240 669
4 23 24 485 134
4 425 576 621 767
4 661 137 247 680
4 323 325 324 759
4 236 678 657 134
4 604 498 438 765
4 687 234 217 232
4 675 41 40 111
4 679 211 685 657
4 665 219 666 667
4 219 666 667 217
4 210 234 654 232
4 676 654 112 210
4 690 239 236 657
4 259 69 686 696
4 249 235 19 260
4 20 19 235 260
4 686 70 69 259
4 692 47 680 243
4 687 683 677 208
4 24 409 134 133
4 665 219 218 666
4 668 219 665 667
4 110 658 675 226
4 234 219 667 217
4 697 661 230 213
4 655 227 223 679
4 409 24 25 133
4 136 692 47 680
4 36 1 22 257
4 667 666 687 217
4 668 219 240 665
4 7 72 127 252
4 669 240 219 241
4 135 2 11 390
4 657 679 211 133
4 23 242 678 691
4 220 128 129 656
4 660 107 692 228
4 219 238 240 665
4 114 662 37 208
4 247 230 661 213
4 233 214 220 656
4 9 559 496 91
4 238 656 682 665
4 671 244 225 237
4 353 351 352 131
4 576 401 427 769
4 409 25 352 133
4 242 23 2 691
4 697 680 661 213
4 503 95 94 763
4 671 672 658 225
4 683 662 677 208
4 233 238 218 665
4 674 697 690 229
4 160 372 156 158
4 404 398 400 766
4 253 31 0 285
4 38 677 208 232
4 239 685 674 244
4 0 31 252 127
4 180 186 357 356
4 666 219 218 217
4 683 687 217 208
4 115 5 36 257
4 111 41 86 110
4 2 45 242 691
4 655 207 221 695
4 130 29 28 414
4 135 23 2 390
4 238 233 656 665
4 666 683 217 216
4 3 91 277 511
4 212 659 694 246
4 664 233 218 665
4 217 218 666 216
4 437 438 406 765
4 693 248 212 659
4 213 230 697 229
4 244 231 671 225
4 173 556 358 143
4 655 132 227 679
4 85 39 84 528
4 51 579 473 650
4 358 186 173 143
4 712 123 545 340
4 0 31 249 252
4 220 238 233 656
4 242 236 23 678
4 115 696 5 257
4 667 669 219 241
4 680 247 661 213
4 90 3 9 107
4 3 90 44 107
4 540 450 318 757
4 658 225 226 237
4 669 222 240 241
4 109 87 42 110
4 678 690 236 657
4 43 44 89 107
4 655 221 684 695
4 662 683 215 208
4 661 230 242 678
4 671 674 685 244
4 704 712 545 342
4 528 85 39 272
4 240 221 222 695
4 243 47 680 213
4 687 666 683 217
4 686 694 659 246
4 211 236 239 657
4 246 694 212 216
4 218 664 665 666
4 485 135 134 417
4 248 212 235 693
4 659 693 248 664
4 156 364 372 160
4 186 358 357 356
4 123 122 465 630
4 253 0 31 202
4 285 253 31 202
4 214 233 663 656
4 235 249 663 693
4 696 686 246 215
4 116 496 559 416
4 0 57 253 285
4 371 372 160 158
4 186 359 363 162
4 117 332 330 416
4 223 681 672 224
4 670 674 671 244
4 36 5 1 257
4 135 386 23 390
4 230 239 690 229
4 130 29 414 129
4 128 214 31 127
4 252 7 0 127
4 186 180 143 356
4 143 556 358 356
4 661 690 230 678
4 362 361 188 365
4 31 249 252 127
4 143 172 556 369
4 664 656 233 665
4 44 43 541 176
4 36 696 115 257
4 683 686 662 215
4 143 353 27 369
4 24 409 485 134
4 225 672 658 226
4 464 630 639 646
4 219 218 238 665
4 246 686 694 216
4 717 484 536 703
4 29 141 523 152
4 693 235 248 664
4 141 172 28 523
4 473 6 51 650
4 350 348 131 710
4 145 595 33 365
4 187 359 186 162
4 20 235 212 693
4 115 37 662 36
4 686 659 70 246
4 131 510 351 130
4 135 485 23 417
4 669 681 222 241
4 87 41 42 110
4 371 372 364 160
4 110 675 41 226
4 230 236 242 678
4 244 674 239 229
4 537 372 155 156
4 663 128 214 656
4 539 139 532 484
4 363 358 359 186
4 187 361 359 164
4 681 669 224 241
4 214 233 235 663
4 216 683 217 208
4 686 683 216 215
4 107 89 43 108
4 421 394 204 422
4 699 376 377 711
4 564 256 58 202
4 717 536 714 703
4 186 363 358 160
4 675 40 41 226
4 696 69 5 257
4 249 19 0 252
4 356 143 556 369
4 143 26 353 356
4 694 666 218 216
4 484 536 714 717
4 233 235 663 664
4 354 353 26 356
4 359 187 164 162
4 356 353 143 369
4 699 350 710 720
4 11 494 419 390
4 671 685 231 244
4 364 358 363 160
4 674 690 239 229
4 27 172 143 369
4 683 216 215 208
4 390 135 386 417
4 224 222 681 241
4 215 37 662 208
4 532 139 539 339
4 22 69 259 696
4 249 19 72 260
4 172 27 28 369
4 369 28 172 523
4 652 334 126 333
4 672 673 223 225
4 118 6 52 473
4 350 348 351 131
4 340 545 712 342
4 656 233 663 664
4 260 235 20 693
4 259 686 70 246
4 223 222 207 681
4 134 135 703 417
4 24 25 543 409
4 88 42 43 108
4 64 65 18 288
4 236 230 690 678
4 174 362 188 365
4 10 332 117 652
4 541 43 265 176
4 494 11 2 390
4 377 350 376 699
4 218 248 694 216
4 717 139 532 140
4 685 239 231 244
4 354 26 353 352
4 660 697 674 229
4 4 5 1 82
4 481 621 576 769
4 699 130 376 711
4 723 418 483 417
4 33 34 595 145
4 624 565 558 529
4 515 265 148 520
4 536 725 483 344
4 484 139 532 717
4 42 88 109 108
4 20 71 260 693
4 259 70 21 246
4 223 655 679 673
4 351 353 27 131
4 11 418 135 390
4 29 30 430 129
4 632 651 648 449
4 681 669 689 224
4 409 543 24 485
4 512 720 349 347
4 186 357 187 180
4 536 341 725 344
4 483 344 709 527
4 663 249 72 693
4 246 22 696 215
4 231 673 671 225
4 116 117 416 459
4 134 409 485 527
4 390 418 135 417
4 701 348 526 343
4 440 170 153 171
4 444 425 621 767
4 122 472 465 639
4 335 632 125 337
4 409 25 543 354
4 354 25 543 180
4 531 359 164 162
4 354 543 357 180
4 115 37 82 114
4 624 645 565 529
4 678 242 661 691
4 535 726 539 484
4 537 364 372 156
4 386 2 23 390
4 231 223 227 673
4 341 343 722 344
4 64 17 63 569
4 338 706 536 341
4 716 377 699 512
4 89 88 108 456
4 369 510 28 523
4 349 720 704 347
4 510 28 27 369
4 172 556 173 143
4 540 622 450 757
4 357 360 149 543
4 211 239 231 685
4 224 669 689 241
4 544 24 149 543
4 642 558 538 637
4 510 376 351 130
4 85 39 111 112
4 64 288 192 569
4 703 709 134 527
4 333 334 126 335
4 418 723 11 135
4 353 510 27 369
4 357 354 180 356
4 164 361 359 531
4 265 176 148 520
4 709 344 526 527
4 363 359 531 162
4 230 239 236 690
4 226 675 40 245
4 363 371 364 160
4 25 149 543 180
4 162 531 363 373
4 230 690 661 697
4 148 196 515 520
4 357 360 359 187
4 122 121 472 639
4 333 126 535 335
4 235 233 248 664
4 214 249 31 127
4 353 27 510 351
4 556 364 537 173
4 334 332 643 459
4 187 188 361 164
4 560 556 537 154
4 349 704 545 342
4 544 367 199 386
4 377 350 699 512
4 377 699 711 716
4 351 27 510 131
4 543 544 24 485
4 539 726 535 333
4 282 538 625 525
4 59 184 256 564
4 526 701 343 344
4 12 58 256 202
4 418 11 419 390
4 36 696 662 115
4 538 464 467 642
4 707 715 702 413
4 364 537 173 156
4 415 394 179 421
4 709 703 483 527
4 181 563 41 514
4 273 118 52 473
4 544 149 360 543
4 198 175 520 420
4 172 560 556 369
4 560 556 154 172
4 24 149 183 544
4 371 372 158 385
4 686 683 694 216
4 338 535 125 335
4 558 538 467 642
4 336 632 335 337
4 416 117 332 459
4 199 367 2 386
4 357 360 187 149
4 268 86 111 525
4 685 211 239 657
4 655 222 207 695
4 462 464 538 646
4 184 256 564 202
4 485 386 23 417
4 690 685 239 657
4 465 472 466 639
4 723 140 717 418
4 67 49 50 284
4 188 361 195 365
4 459 263 649 448
4 625 538 462 525
4 364 556 358 173
4 411 377 376 711
4 632 336 651 449
4 61 15 14 146
4 419 532 140 418
4 126 334 652 640
4 23 544 386 485
4 332 334 652 333
4 679 227 223 673
4 532 484 140 418
4 481 576 427 769
4 460 635 456 449
4 720 721 704 347
4 367 374 2 386
4 123 122 545 465
4 646 642 538 625
4 189 62 275 596
4 544 23 24 485
4 335 125 338 337
4 527 485 134 417
4 434 524 702 542
4 170 457 440 153
4 117 332 10 331
4 110 87 86 268
4 541 511 198 420
4 460 635 449 627
4 122 472 545 465
4 196 148 176 520
4 556 173 154 172
4 141 566 560 523
4 154 173 537 156
4 699 350 720 512
4 86 40 41 111
4 170 564 598 150
4 123 465 384 630
4 431 29 30 430
4 514 181 563 516
4 362 183 544 367
4 128 31 603 127
4 721 712 342 722
4 523 141 566 152
4 646 538 462 625
4 113 83 38 114
4 282 625 112 525
4 636 462 268 525
4 148 514 265 515
4 43 42 265 148
4 239 685 690 674
4 195 174 188 365
4 526 409 133 527
4 343 721 342 722
4 352 348 526 132
4 131 350 710 699
4 112 637 625 282
4 145 33 174 365
4 466 472 121 639
4 352 526 409 133
4 331 332 10 333
4 414 510 28 130
4 51 52 6 473
4 160 162 363 161
4 511 3 90 541
4 2 374 494 390
4 431 29 523 152
4 520 541 198 420
4 581 565 645 289
4 360 362 183 544
4 463 630 464 646
4 57 0 7 571
4 22 36 696 215
4 249 72 127 663
4 465 384 630 463
4 152 598 30 150
4 630 465 464 639
4 270 439 610 190
4 702 524 434 413
4 133 709 526 527
4 510 414 376 130
4 529 645 565 289
4 122 713 704 349
4 483 536 484 703
4 710 701 721 343
4 56 57 7 571
4 130 129 376 711
4 376 129 411 711
4 537 372 393 155
4 641 558 642 637
4 363 186 162 160
4 717 723 483 703
4 366 33 32 508
4 187 357 149 180
4 196 176 175 520
4 39 84 113 112
4 706 338 340 341
4 726 139 484 717
4 722 342 343 341
4 637 558 538 282
4 559 9 90 91
4 715 698 711 412
4 27 26 353 143
4 347 348 710 343
4 181 41 42 514
4 571 603 31 127
4 124 340 712 706
4 689 672 681 224
4 484 717 140 418
4 523 510 28 414
4 153 566 560 141
4 63 17 16 147
4 693 663 235 664
4 166 614 574 519
4 331 10 539 333
4 216 246 686 215
4 566 153 170 152
4 44 90 3 541
4 643 334 459 448
4 184 13 59 256
4 466 121 472 542
4 125 535 126 335
4 643 332 117 459
4 338 124 125 706
4 672 675 658 226
4 679 231 227 673
4 199 23 544 386
4 629 635 651 448
4 647 648 461 474
4 448 651 336 449
4 514 265 42 148
4 336 632 337 474
4 124 340 338 337
4 467 464 466 642
4 198 44 3 541
4 63 16 62 275
4 54 74 53 572
4 720 350 710 347
4 147 63 17 569
4 428 533 34 403
4 367 362 183 199
4 177 151 37 583
4 529 624 645 114
4 176 265 541 520
4 21 22 259 246
4 712 340 342 341
4 260 71 72 693
4 710 721 347 343
4 642 538 464 646
4 181 514 515 516
4 416 559 116 459
4 44 89 90 541
4 542 468 120 471
4 153 560 154 141
4 363 371 161 373
4 288 18 64 192
4 110 460 87 268
4 363 371 160 161
4 125 126 535 714
4 88 109 108 456
4 564 170 184 150
4 191 166 574 519
4 16 15 62 189
4 639 466 464 642
4 722 712 342 341
4 5 36 82 115
4 701 710 348 343
4 511 198 3 541
4 635 108 109 456
4 269 7 56 254
4 611 5 82 115
4 196 175 435 520
4 126 334 640 335
4 344 526 701 709
4 63 147 275 569
4 342 349 704 347
4 461 648 449 474
4 512 350 720 347
4 467 558 642 641
4 715 707 433 413
4 440 153 566 560
4 625 111 112 525
4 176 198 175 520
4 463 464 462 646
4 223 681 673 672
4 48 49 66 581
4 348 132 131 710
4 716 715 711 413
4 537 440 560 154
4 87 88 460 109
4 440 153 154 155
4 34 595 145 533
4 361 360 362 188
4 725 341 722 344
4 625 636 111 525
4 350 348 710 347
4 386 374 2 390
4 127 128 214 663
4 366 362 174 365
4 128 430 30 129
4 256 184 12 202
4 669 688 689 241
4 124 338 340 706
4 204 179 394 421
4 30 603 430 128
4 148 181 514 515
4 141 28 29 523
4 121 702 524 542
4 613 634 626 644
4 449 648 632 474
4 285 564 58 202
4 543 149 357 180
4 716 711 377 413
4 170 440 457 171
4 439 270 457 190
4 520 175 435 420
4 118 119 586 700
4 153 566 141 152
4 435 614 205 196
4 91 3 90 511
4 268 111 636 525
4 533 614 402 205
4 254 127 7 727
4 666 694 683 216
4 535 338 714 536
4 431 523 566 152
4 24 25 149 543
4 183 23 24 544
4 38 84 39 528
4 533 402 145 205
4 354 26 25 180
4 557 159 165 167
4 366 174 362 367
4 536 714 535 484
4 154 537 440 155
4 538 625 637 282
4 689 672 224 226
4 726 126 535 333
4 700 707 619 708
4 154 560 172 141
4 640 334 336 335
4 448 635 651 449
4 109 88 460 456
4 572 433 446 708
4 263 456 629 448
4 285 31 57 571
4 722 343 701 344
4 132 348 526 701
4 133 409 134 527
4 344 701 722 709
4 703 344 725 709
4 420 511 35 370
4 563 87 41 514
4 13 59 60 197
4 10 332 652 333
4 30 31 150 603
4 173 537 556 154
4 634 469 613 470
4 143 358 186 356
4 332 643 117 652
4 463 647 461 474
4 107 108 629 263
4 233 218 248 664
4 434 707 702 413
4 532 484 717 140
4 634 469 633 641
4 337 632 124 638
4 535 338 125 714
4 700 619 718 708
4 36 37 662 215
4 462 461 636 268
4 150 598 30 603
4 384 638 463 474
4 649 643 459 448
4 120 119 434 471
4 537 393 440 155
4 574 517 191 519
4 133 134 709 527
4 32 366 508 368
4 337 124 340 384
4 156 173 364 160
4 110 111 636 268
4 29 431 414 430
4 86 87 41 563
4 9 90 263 559
4 161 162 363 373
4 434 702 120 542
4 655 223 681 673
4 449 635 648 627
4 419 140 11 418
4 340 712 706 341
4 83 37 38 114
4 716 720 713 512
4 155 154 537 156
4 524 472 121 542
4 726 139 539 484
4 120 119 707 434
4 407 557 578 167
4 57 0 31 285
4 285 598 564 150
4 464 465 630 463
4 344 725 483 703
4 649 559 263 459
4 433 707 434 413
4 192 147 17 569
4 470 468 471 633
4 518 142 516 567
4 83 82 37 114
4 108 107 89 263
4 342 704 721 347
4 709 526 701 133
4 263 629 649 448
4 123 545 340 384
4 638 630 384 463
4 110 636 627 268
4 17 64 192 569
4 403 435 533 175
4 192 288 570 569
4 672 225 224 226
4 159 407 557 387
4 54 74 572 615
4 636 625 462 525
4 514 42 181 148
4 557 165 159 387
4 247 230 242 661
4 110 86 111 268
4 288 200 18 192
4 176 43 265 148
4 36 5 82 1
4 615 74 572 705
4 539 10 726 333
4 591 169 518 415
4 705 572 446 708
4 545 123 465 384
4 626 471 119 633
4 367 32 366 199
4 156 372 155 157
4 524 713 349 512
4 66 49 67 631
4 175 435 205 196
4 121 702 713 524
4 635 629 456 448
4 460 109 627 110
4 465 466 464 639
4 698 719 446 708
4 694 248 212 216
4 430 414 29 129
4 718 53 74 572
4 248 659 664 694
4 420 35 403 370
4 584 411 128 698
4 414 129 411 376
4 681 222 695 669
4 462 647 646 636
4 448 456 635 449
4 672 689 675 226
4 655 223 207 681
4 289 529 645 114
4 721 342 347 343
4 711 129 411 698
4 461 460 449 627
4 285 58 253 202
4 367 2 32 199
4 235 249 214 663
4 681 223 222 224
4 523 28 29 414
4 367 366 174 199
4 265 42 88 514
4 110 627 460 268
4 466 639 628 642
4 142 182 518 516
4 174 188 362 183
4 712 123 340 124
4 456 108 89 263
4 201 518 415 567
4 686 696 662 215
4 720 716 699 512
4 175 35 403 420
4 84 38 286 528
4 43 88 89 265
4 109 460 87 110
4 270 60 59 197
4 413 377 716 512
4 403 533 34 175
4 718 572 705 708
4 125 124 338 337
4 109 460 635 456
4 17 64 18 192
4 571 31 0 127
4 107 9 263 649
4 449 632 336 474
4 34 595 533 428
4 526 352 132 133
4 643 332 334 652
4 107 9 90 263
4 146 442 185 190
4 570 151 288 192
4 584 411 698 412
4 348 132 710 701
4 16 63 147 275
4 431 523 29 414
4 183 149 360 544
4 177 151 583 570
4 4 5 82 611
4 275 16 62 189
4 716 713 524 512
4 120 434 542 471
4 150 285 598 603
4 468 466 542 628
4 403 34 35 175
4 545 122 704 349
4 673 231 223 225
4 349 713 720 512
4 625 642 538 637
4 43 42 88 265
4 183 544 367 199
4 702 121 120 542
4 516 142 563 567
4 127 214 249 663
4 466 468 467 628
4 642 464 639 646
4 82 1 4 612
4 165 157 159 387
4 231 673 685 671
4 565 631 284 581
4 706 125 338 714
4 411 129 128 698
4 631 565 645 581
4 662 696 36 215
4 468 469 467 641
4 52 6 118 724
4 461 462 647 463
4 673 679 231 685
4 165 194 157 387
4 625 462 646 636
4 457 170 564 598
4 153 457 440 566
4 643 649 629 448
4 168 557 167 582
4 182 163 161 620
4 724 118 52 273
4 725 714 536 703
4 205 533 614 435
4 42 87 88 514
4 446 412 698 708
4 275 578 189 596
4 275 147 16 189
4 385 169 591 415
4 74 718 572 705
4 647 638 648 474
4 360 188 187 149
4 10 126 726 333
4 713 122 472 349
4 634 469 470 633
4 484 717 483 703
4 559 263 9 649
4 531 162 163 373
4 37 82 83 583
4 366 32 367 368
4 117 116 643 459
4 177 286 585 570
4 638 384 337 474
4 430 128 127 584
4 174 362 367 199
4 642 628 467 641
4 473 471 119 626
4 74 73 53 718
4 164 402 574 166
4 628 467 466 642
4 167 203 168 582
4 672 671 673 225
4 542 120 468 628
4 365 402 145 533
4 107 90 89 263
4 579 470 473 626
4 188 360 362 183
4 557 407 159 167
4 182 163 620 191
4 85 39 40 111
4 395 428 34 403
4 200 18 65 288
4 181 41 563 142
4 470 471 473 626
4 146 14 61 610
4 439 457 440 171
4 456 629 108 263
4 284 67 49 631
4 113 637 112 282
4 724 52 73 273
4 115 82 289 114
4 558 467 469 641
4 595 34 33 428
4 50 51 68 579
4 113 624 637 529
4 33 32 174 366
4 626 579 613 644
4 57 31 0 571
4 195 145 174 365
4 84 38 39 113
4 272 563 142 567
4 471 468 120 633
4 124 125 632 337
4 676 689 688 245
4 461 627 636 268
4 170 457 566 152
4 718 619 572 708
4 36 37 82 115
4 413 716 524 512
4 52 53 73 273
4 638 337 632 474
4 462 647 463 646
4 628 468 467 641
4 626 634 470 633
4 565 558 469 624
4 175 403 435 420
4 198 3 35 511
4 360 188 149 183
4 433 619 707 708
4 435 205 533 175
4 153 170 457 566
4 431 598 30 152
4 282 637 558 529
4 440 153 560 154
4 119 707 586 700
4 191 181 148 515
4 122 704 123 545
4 526 132 701 133
4 199 2 23 386
4 630 638 647 463
4 431 30 29 152
4 121 713 122 472
4 439 440 393 171
4 655 207 222 681
4 53 718 273 572
4 706 536 341 725
4 32 174 366 199
4 121 120 542 628
4 414 129 376 130
4 483 344 703 709
4 434 119 586 471
4 707 715 433 708
4 113 637 282 529
4 196 519 515 520
4 640 125 126 335
4 387 157 372 385
4 627 461 460 268
4 695 655 222 681
4 385 394 194 415
4 460 109 635 627
4 170 598 152 150
4 571 0 7 127
4 462 461 647 636
4 384 337 124 638
4 164 531 162 163
4 82 83 289 114
4 715 698 412 708
4 563 181 142 516
4 336 334 640 448
4 418 723 135 417
4 640 643 629 448
4 155 393 440 171
4 610 439 442 190
4 641 634 469 624
4 533 145 34 175
4 545 472 122 349
4 338 706 714 536
4 472 121 713 524
4 196 191 148 515
4 124 123 340 384
4 393 159 407 171
4 65 4 1 612
4 457 170 598 152
4 483 725 536 703
4 515 517 181 516
4 178 528 272 600
4 151 570 193 192
4 402 195 145 205
4 641 469 558 624
4 182 142 181 516
4 189 15 62 596
4 544 183 23 199
4 35 198 511 420
4 439 185 442 190
4 470 471 626 633
4 570 193 192 569
4 286 177 583 570
4 634 631 565 645
4 86 85 111 525
4 484 714 726 717
4 583 37 177 286
4 371 160 161 158
4 571 430 127 269
4 598 566 457 152
4 122 465 630 639
4 282 112 85 525
4 5 4 48 611
4 372 393 157 387
4 716 713 702 524
4 640 651 336 448
4 159 185 407 171
4 633 468 120 628
4 170 184 457 564
4 37 38 177 286
4 519 196 435 520
4 164 402 531 574
4 529 113 624 114
4 269 430 127 584
4 727 615 446 705
4 614 574 402 166
4 440 153 155 171
4 385 194 169 415
4 182 201 142 518
4 42 41 87 514
4 67 50 68 644
4 272 86 40 563
4 461 449 648 627
4 41 87 86 110
4 124 123 384 638
4 226 224 689 245
4 431 30 598 603
4 439 393 407 171
4 518 201 142 567
4 639 121 466 628
4 129 430 414 411
4 150 31 285 603
4 631 49 284 581
4 74 615 255 705
4 586 707 119 434
4 191 517 181 515
4 468 470 469 633
4 627 647 461 636
4 155 372 393 157
4 434 619 707 433
4 542 466 121 628
4 638 647 463 474
4 128 127 584 719
4 457 170 439 190
4 714 726 535 484
4 272 142 178 567
4 161 371 591 373
4 254 55 269 727
4 446 615 572 705
4 583 151 288 570
4 349 472 713 524
4 198 35 175 420
4 135 23 386 417
4 463 647 630 646
4 715 716 702 413
4 659 248 212 694
4 190 439 185 171
4 631 284 634 565
4 128 603 430 127
4 184 457 270 170
4 637 624 558 529
4 603 571 430 127
4 620 517 163 574
4 270 184 170 190
4 631 66 49 581
4 254 269 127 727
4 719 727 446 705
4 719 269 584 446
4 524 702 716 413
4 273 118 586 700
4 433 572 619 708
4 50 67 284 644
4 630 384 123 638
4 634 284 631 644
4 341 722 706 725
4 196 435 614 519
4 9 3 90 91
4 176 541 198 520
4 407 185 442 439
4 574 517 163 191
4 157 156 372 158
4 407 159 393 387
4 721 720 710 347
4 705 446 719 708
4 615 54 74 255
4 65 1 18 200
4 640 334 643 448
4 471 120 119 633
4 719 584 128 698
4 720 704 713 349
4 439 407 185 171
4 629 651 640 448
4 144 177 286 585
4 15 61 62 596
4 653 48 66 581
4 158 372 157 385
4 189 146 15 596
4 585 421 204 422
4 613 634 470 626
4 613 284 634 644
4 145 533 205 175
4 628 633 468 641
4 38 177 286 144
4 470 579 613 626
4 75 55 254 727
4 402 164 195 166
4 579 51 68 650
4 707 702 120 434
4 412 433 715 708
4 205 614 402 166
4 269 127 7 254
4 696 22 69 257
4 249 72 19 252
4 569 147 275 582
4 194 165 394 387
4 48 66 5 653
4 433 412 446 708
4 255 615 75 705
4 14 13 60 197
4 343 701 721 722
4 394 194 387 385
4 361 164 402 531
4 362 174 183 199
4 162 161 163 373
4 579 68 50 644
4 652 126 10 333
4 610 442 146 190
4 570 585 168 422
4 344 722 725 709
4 182 517 518 516
4 610 61 146 596
4 275 203 578 582
4 439 170 457 171
4 189 185 146 596
4 145 595 365 533
4 90 89 44 107
4 83 529 289 114
4 10 726 139 539
4 273 586 118 473
4 115 289 645 114
4 108 635 629 456
4 40 272 563 142
4 179 144 178 421
4 600 272 178 567
4 569 570 193 582
4 569 193 147 582
4 615 269 727 446
4 272 39 528 178
4 611 653 5 115
4 624 558 641 637
4 442 185 407 578
4 645 653 289 115
4 270 457 184 564
4 715 433 412 413
4 619 586 707 700
4 585 168 177 570
4 529 83 113 114
4 170 439 190 171
4 161 158 169 591
4 536 706 714 725
4 185 203 578 189
4 591 371 158 385
4 647 461 648 627
4 158 194 169 385
4 620 517 182 191
4 14 60 61 610
4 36 1 82 612
4 650 579 473 626
4 471 119 586 473
4 431 30 603 430
4 202 285 564 150
4 565 469 634 624
4 676 675 689 245
4 59 270 184 564
4 387 194 157 385
4 422 168 570 582
4 169 182 161 591
4 142 40 272 178
4 145 195 402 365
4 88 87 42 109
4 565 284 634 613
4 469 468 633 641
4 719 727 269 446
4 559 649 116 459
4 168 203 193 582
4 194 179 169 415
4 723 11 140 418
4 194 158 157 385
4 402 195 205 166
4 722 706 712 341
4 6 52 73 724
4 55 269 727 615
4 631 284 67 644
4 68 51 6 650
4 517 182 181 516
4 112 111 85 525
4 61 15 146 596
4 619 707 586 434
4 591 182 161 620
4 583 83 37 286
4 620 163 517 191
4 155 159 393 171
4 517 181 182 191
4 185 442 146 596
4 422 557 168 582
4 528 39 38 144
4 638 632 648 474
4 204 177 144 585
4 66 631 653 581
4 518 169 201 415
4 170 457 270 190
4 119 118 586 473
4 508 366 33 595
4 557 394 165 387
4 1 65 612 200
4 689 675 226 245
4 653 5 48 611
4 166 574 163 191
4 574 163 164 166
4 84 83 38 113
4 191 196 519 515
4 600 201 415 567
4 33 508 595 428
4 89 88 43 108
4 286 528 144 585
4 200 65 612 288
4 41 40 86 563
4 179 178 201 600
4 649 9 559 116
4 712 704 721 342
4 82 37 36 583
4 718 273 619 700
4 584 127 269 719
4 541 198 44 176
4 41 40 563 142
4 241 689 224 245
4 645 653 581 289
4 112 84 113 282
4 195 361 188 164
4 610 146 442 596
4 566 598 431 152
4 201 178 142 567
4 166 191 196 519
4 282 84 113 529
4 68 579 650 644
4 288 200 151 583
4 158 161 371 591
4 58 12 253 202
4 189 578 185 596
4 273 718 724 700
4 31 285 603 571
4 578 185 407 167
4 421 178 179 600
4 571 7 56 127
4 581 653 48 611
4 411 128 430 584
4 570 177 151 193
4 610 146 14 197
4 75 55 727 615
4 724 118 273 700
4 373 163 531 574
4 38 83 84 286
4 193 570 168 582
4 119 118 473 626
4 578 203 185 167
4 84 83 113 529
4 192 193 147 569
4 611 289 653 115
4 591 158 169 385
4 402 195 361 365
4 579 50 284 644
4 169 179 201 415
4 85 86 40 272
4 155 393 159 157
4 288 612 200 583
4 38 37 83 286
4 610 60 270 197
4 640 336 651 632
4 75 55 615 255
4 202 31 285 150
4 112 85 84 282
4 557 165 168 167
4 442 185 578 596
4 56 571 127 269
4 84 39 85 112
4 726 535 126 714
4 619 273 718 572
4 653 581 289 611
4 565 634 645 624
4 40 39 272 178
4 166 205 614 196
4 284 613 579 644
4 620 163 161 373
4 157 393 159 387
4 179 204 144 421
4 373 620 163 574
4 179 194 394 415
4 201 182 169 518
4 517 191 519 515
4 39 528 178 144
4 164 195 361 402
4 615 727 75 705
4 85 40 86 111
4 263 629 107 649
4 528 38 286 144
4 407 185 159 167
4 129 128 430 411
4 163 164 531 574
4 165 394 557 422
4 184 270 197 190
4 179 415 421 600
4 620 161 591 373
4 614 166 196 519
4 203 147 193 582
4 127 7 56 269
4 165 204 179 394
4 570 168 177 193
4 585 204 168 422
4 394 165 204 422
4 177 204 168 585
4 518 517 182 620
4 612 82 36 583
4 194 165 179 394
4 36 151 200 583
4 178 201 600 567
4 591 518 182 620
4 611 82 289 115
4 182 169 518 591
4 648 651 635 449
4 40 39 85 272
4 203 275 578 189
4 203 147 275 189
4 653 631 645 581
4 151 36 37 583
4 197 610 146 190
4 151 200 288 192
4 36 1 612 200
4 564 184 202 150
4 200 612 36 583
4 565 634 469 613
4 421 204 144 585
4 147 203 275 582
4 557 168 165 422
4 652 334 643 640
4 643 116 649 459
4 14 60 610 197
4 415 179 201 600
4 528 178 144 421
4 619 273 586 700
4 626 650 579 644
4 528 178 421 600
4 650 473 118 626
4 197 270 610 190
4 168 204 165 422
4 727 269 127 719
4 421 144 528 585
4 755 760 379 741
4 379 760 755 746
4 761 267 495 497
4 761 495 267 743
4 753 762 502 547
4 753 502 762 742
4 601 502 762 547
4 601 762 502 742
4 765 622 767 405
4 765 767 622 757
4 738 139 492 339
4 738 492 139 731
4 532 492 139 339
4 740 3 35 47
4 740 35 3 277
4 740 428 395 593
4 740 395 428 34
4 740 34 35 395
4 740 35 34 251
4 757 320 313 540
4 757 313 320 735
4 760 546 741 750
4 760 741 546 489
4 738 331 730 10
4 738 730 331 330
4 117 730 331 10
4 117 331 730 330
4 764 730 136 137
4 764 136 730 743
4 507 763 754 94
4 754 763 507 744
4 478 768 552 480
4 552 768 478 758
4 765 767 747 734
4 747 767 765 757
4 139 140 492 532
4 492 140 139 731
4 368 2 367 374
4 368 367 2 32
4 237 110 226 658
4 237 226 110 41
4 10 339 539 139
4 10 539 339 331
4 236 134 23 678
4 23 134 236 24
4 597 594 767 444
4 767 594 597 319
4 688 210 245 234
4 245 210 688 676
4 684 27 655 131
4 684 655 27 221
4 670 229 244 209
4 244 229 670 674
4 210 111 245 40
4 210 245 111 676
4 675 245 111 40
4 675 111 245 676
4 228 670 229 660
4 228 229 670 209
4 232 113 39 38
4 232 39 113 654
4 227 133 211 679
4 211 133 227 25
4 211 134 236 657
4 236 134 211 24
4 208 114 38 37
4 208 38 114 677
4 240 665 682 668
4 682 665 240 238
4 25 352 354 409
4 354 352 25 26
4 699 131 351 130
4 351 131 699 350
4 351 376 699 130
4 699 376 351 350
4 684 240 695 221
4 684 695 240 668
4 359 186 357 187
4 357 186 359 358
4 43 541 89 44
4 89 541 43 265
4 218 694 664 666
4 664 694 218 248
4 711 412 411 377
4 411 412 711 698
4 365 33 366 595
4 365 366 33 174
4 356 26 180 143
4 356 180 26 354
4 335 632 640 125
4 335 640 632 336
4 160 358 173 364
4 160 173 358 186
4 213 228 680 243
4 692 680 228 243
4 692 228 680 660
4 523 172 560 141
4 523 560 172 369
4 243 107 3 44
4 243 3 107 692
4 688 245 241 234
4 241 245 688 689
4 352 131 348 132
4 348 131 352 351
4 418 717 483 484
4 418 483 717 723
4 446 698 584 719
4 446 584 698 412
4 361 187 360 188
4 360 187 361 359
4 73 273 718 724
4 718 273 73 53
4 413 711 412 715
4 413 412 711 377
4 703 417 723 483
4 723 417 703 135
4 527 703 417 134
4 527 417 703 483
4 661 691 247 138
4 661 247 691 242
4 45 247 691 138
4 45 691 247 242
4 582 167 578 557
4 582 578 167 203
4 197 59 184 13
4 197 184 59 270
4 229 228 697 213
4 229 697 228 660
4 680 697 228 213
4 680 228 697 660

CELL_TYPES 3977
1
1
1
1
1
1
1
1
1
1
1
1
3
3
3
3
3
3
3
3
3
3
3
3
3
3
3
3
3
3
3
3
3
3
3
3
3
3
3
3
3
3
3
3
3
3
3
3
3
3
3
3
3
3
3
3
3
3
3
3
3
3
3
3
3
3
3
3
3
3
3
3
3
3
3
3
3
3
3
3
3
3
3
3
3
3
3
3
3
3
3
3
3
3
3
3
3
3
3
3
3
3
3
3
3
3
3
3
3
3
3
3
3
3
3
3
3
3
3
3
3
3
3
3
3
3
3
3
3
3
3
3
3
3
3
3
3
3
3
3
3
3
3
3
3
3
3
3
3
3
3
3
3
3
3
3
3
3
3
5
5
5
5
5
5
5
5
5
5
5
5
5
5
5
5
5
5
5
5
5
5
5
5
5
5
5
5
5
5
5
5
5
5
5
5
5
5
5
5
5
5
5
5
5
5
5
5
5
5
5
5
5
5
5
5
5
5
5
5
5
5
5
5
5
5
5
5
5
5
5
5
5
5
5
5
5
5
5
5
5
5
5
5
5
5
5
5
5
5
5
5
5
5
5
5
5
5
5
5
5
5
5
5
5
5
5
5
5
5
5
5
5
5
5
5
5
5
5
5
5
5
5
5
5
5
5
5
5
5
5
5
5
5
5
5
5
5
5
5
5
5
5
5
5
5
5
5
5
5
5
5
5
5
5
5
5
5
5
5
5
5
5
5
5
5
5
5
5
5
5
5
5
5
5
5
5
5
5
5
5
5
5
5
5
5
5
5
5
5
5
5
5
5
5
5
5
5
5
5
5
5
5
5
5
5
5
5
5
5
5
5
5
5
5
5
5
5
5
5
5
5
5
5
5
5
5
5
5
5
5
5
5
5
5
5
5
5
5
5
5
5
5
5
5
5
5
5
5
5
5
5
5
5
5
5
5
5
5
5
5
5
5
5
5
5
5
5
5
5
5
5
5
5
5
5
5
5
5
5
5
5
5
5
5
5
5
5
5
5
5
5
5
5
5
5
5
5
5
5
5
5
5
5
5
5
5
5
5
5
5
5
5
5
5
5
5
5
5
5
5
5
5
5
5
5
5
5
5
5
5
5
5
5
5
5
5
5
5
5
5
5
5
5
5
5
5
5
5
5
5
5
5
5
5
5
5
5
5
5
5
5
5
5
5
5
5
5
5
5
5
5
5
5
5
5
5
5
5
5
5
5
5
5
5
5
5
5
5
5
5
5
5
5
5
5
5
5
5
5
5
5
5
5
5
5
5
5
5
5
5
5
5
5
5
5
5
5
5
5
5
5
5
5
5
5
5
5
5
5
5
5
5
5
5
5
5
5
5
5
5
5
5
5
5
5
5
5
5
5
5
5
5
5
5
5
5
5
5
5
5
5
5
5
5
5
5
5
5
5
5
5
5
5
5
5
5
5
5
5
5
5
5
5
5
5
5
5
5
5
5
5
5
5
5
5
5
5
5
5
5
5
5
5
5
5
5
5
5
5
5
5
5
5
5
5
5
5
5
5
5
5
5
5
5
5
5
5
5
5
5
5
5
5
5
5
5
5
5
5
5
5
5
5
5
5
5
5
5
5
5
5
5
5
5
5
5
5
5
5
5
5
5
5
5
5
5
5
5
5
5
5
5
5
5
5
5
5
5
5
5
5
5
5
5
5
5
5
5
5
5
5
5
5
5
5
5
5
5
5
5
5
5
5
5
5
5
5
5
5
5
5
5
5
5
5
5
5
5
5
5
5
5
5
5
5
5
5
5
5
5
5
5
5
5
5
5
5
5
5
5
5
5
5
5
5
5
5
5
5
5
5
5
5
5
5
5
5
5
5
5
5
5
5
5
5
5
5
5
5
5
5
5
5
5
5
5
5
5
5
5
5
5
5
5
5
5
5
5
5
5
5
5
5
5
5
5
5
5
5
5
5
5
5
5
5
5
5
5
5
5
5
5
5
5
5
5
5
5
5
5
5
5
5
5
5
5
5
5
5
5
5
5
5
5
5
5
5
5
5
5
5
5
5
5
5
5
5
5
5
5
5
5
5
5
5
5
5
5
5
5
5
5
5
5
5
5
5
5
5
5
5
5
5
5
5
5
5
5
5
5
5
5
5
5
5
5
5
5
5
5
5
5
5
5
5
5
5
5
5
5
5
5
5
5
5
5
5
5
5
5
5
5
5
5
5
5
5
5
5
5
5
5
5
5
5
5
5
5
5
5
5
5
5
5
5
5
5
5
5
5
5
5
5
5
5
5
5
5
5
5
5
5
5
5
5
5
5
5
5
5
5
5
5
5
5
5
5
5
5
5
5
5
5
5
5
5
5
5
5
5
5
5
5
5
5
5
5
5
5
5
5
5
5
5
5
5
5
5
5
5
5
5
5
5
5
5
5
5
5
5
5
5
5
5
5
5
5
5
5
5
5
5
5
5
5
5
5
5
5
5
5
5
5
5
5
5
5
5
5
5
5
5
5
5
5
5
5
5
5
5
5
5
5
5
5
5
5
5
5
5
5
5
5
5
5
5
5
5
5
5
5
5
5
5
5
5
5
5
5
5
5
5
5
5
5
5
5
5
5
5
5
5
5
5
5
5
5
5
5
5
5
5
5
5
5
5
5
5
5
5
5
5
5
5
5
5
5
5
5
5
5
5
5
5
5
5
5
5
5
5
5
5
5
5
5
5
5
5
5
5
5
5
5
5
5
5
5
5
5
5
5
5
5
5
5
5
5
5
5
5
5
5
5
5
5
5
5
5
5
5
5
5
5
5
5
5
5
5
5
5
5
5
5
5
5
5
5
5
5
5
5
5
5
5
5
5
5
5
5
5
5
5
5
5
5
5
5
5
5
5
5
5
5
5
5
5
5
5
5
5
5
5
5
5
5
5
5
5
5
5
5
5
5
5
5
5
5
5
5
5
5
5
5
5
5
5
5
5
5
5
5
5
5
5
5
5
5
5
5
5
5
5
5
5
5
5
5
5
5
5
5
5
5
5
5
5
5
5
5
5
5
5
5
5
5
5
5
5
5
5
5
5
5
5
5
5
5
5
5
5
5
5
5
5
5
5
5
5
5
5
5
5
5
5
5
5
5
5
5
5
5
5
5
5
5
5
5
5
5
5
5
5
5
5
5
5
5
5
5
5
5
5
5
5
5
5
5
5
5
5
5
5
5
5
5
5
5
5
5
5
5
5
5
5
5
5
5
5
5
5
5
5
5
5
5
5
5
5
5
5
5
5
5
5
5
5
5
5
5
5
5
5
5
5
5
5
5
5
5
5
5
5
5
5
5
5
5
5
5
5
5
5
5
5
5
5
5
5
5
5
5
5
5
5
5
5
5
5
5
5
5
5
5
5
5
5
5
5
5
5
5
5
5
5
5
5
5
5
5
5
5
5
5
5
5
5
5
5
5
5
5
5
5
5
5
5
5
5
5
5
5
5
5
5
5
5
5
5
5
5
5
5
5
5
5
5
5
5
5
5
5
5
5
5
5
5
5
5
5
5
5
5
5
5
5
5
5
5
5
5
5
5
5
5
5
5
5
5
5
5
5
5
5
5
5
5
5
5
5
5
5
5
5
5
5
5
5
5
5
5
5
5
5
5
5
5
5
5
5
5
5
5
5
5
5
5
5
5
5
10
10
10
10
10
10
10
10
10
10
10
10
10
10
10
10
10
10
10
10
10
10
10
10
10
10
10
10
10
10
10
10
10
10
10
10
10
10
10
10
10
10
10
10
10
10
10
10
10
10
10
10
10
10
10
10
10
10
10
10
10
10
10
10
10
10
10
10
10
10
10
10
10
10
10
10
10
10
10
10
10
10
10
10
10
10
10
10
10
10
10
10
10
10
10
10
10
10
10
10
10
10
10
10
10
10
10
10
10
10
10
10
10
10
10
10
10
10
10
10
10
10
10
10
10
10
10
10
10
10
10
10
10
10
10
10
10
10
10
10
10
10
10
10
10
10
10
10
10
10
10
10
10
10
10
10
10
10
10
10
10
10
10
10
10
10
10
10
10
10
10
10
10
10
10
10
10
10
10
10
10
10
10
10
10
10
10
10
10
10
10
10
10
10
10
10
10
10
10
10
10
10
10
10
10
10
10
10
10
10
10
10
10
10
10
10
10
10
10
10
10
10
10
10
10
10
10
10
10
10
10
10
10
10
10
10
10
10
10
10
10
10
10
10
10
10
10
10
10
10
10
10
10
10
10
10
10
10
10
10
10
10
10
10
10
10
10
10
10
10
10
10
10
10
10
10
10
10
10
10
10
10
10
10
10
10
10
10
10
10
10
10
10
10
10
10
10
10
10
10
10
10
10
10
10
10
10
10
10
10
10
10
10
10
10
10
10
10
10
10
10
10
10
10
10
10
10
10
10
10
10
10
10
10
10
10
10
10
10
10
10
10
10
10
10
10
10
10
10
10
10
10
10
10
10
10
10
10
10
10
10
10
10
10
10
10
10
10
10
10
10
10
10
10
10
10
10
10
10
10
10
10
10
10
10
10
10
10
10
10
10
10
10
10
10
10
10
10
10
10
10
10
10
10
10
10
10
10
10
10
10
10
10
10
10
10
10
10
10
10
10
10
10
10
10
10
10
10
10
10
10
10
10
10
10
10
10
10
10
10
10
10
10
10
10
10
10
10
10
10
10
10
10
10
10
10
10
10
10
10
10
10
10
10
10
10
10
10
10
10
10
10
10
10
10
10
10
10
10
10
10
10
10
10
10
10
10
10
10
10
10
10
10
10
10
10
10
10
10
10
10
10
10
10
10
10
10
10
10
10
10
10
10
10
10
10
10
10
10
10
10
10
10
10
10
10
10
10
10
10
10
10
10
10
10
10
10
10
10
10
10
10
10
10
10
10
10
10
10
10
10
10
10
10
10
10
10
10
10
10
10
10
10
10
10
10
10
10
10
10
10
10
10
10
10
10
10
10
10
10
10
10
10
10
10
10
10
10
10
10
10
10
10
10
10
10
10
10
10
10
10
10
10
10
10
10
10
10
10
10
10
10
10
10
10
10
10
10
10
10
10
10
10
10
10
10
10
10
10
10
10
10
10
10
10
10
10
10
10
10
10
10
10
10
10
10
10
10
10
10
10
10
10
10
10
10
10
10
10
10
10
10
10
10
10
10
10
10
10
10
10
10
10
10
10
10
10
10
10
10
10
10
10
10
10
10
10
10
10
10
10
10
10
10
10
10
10
10
10
10
10
10
10
10
10
10
10
10
10
10
10
10
10
10
10
10
10
10
10
10
10
10
10
10
10
10
10
10
10
10
10
10
10
10
10
10
10
10
10
10
10
10
10
10
10
10
10
10
10
10
10
10
10
10
10
10
10
10
10
10
10
10
10
10
10
10
10
10
10
10
10
10
10
10
10
10
10
10
10
10
10
10
10
10
10
10
10
10
10
10
10
10
10
10
10
10
10
10
10
10
10
10
10
10
10
10
10
10
10
10
10
10
10
10
10
10
10
10
10
10
10
10
10
10
10
10
10
10
10
10
10
10
10
10
10
10
10
10
10
10
10
10
10
10
10
10
10
10
10
10
10
10
10
10
10
10
10
10
10
10
10
10
10
10
10
10
10
10
10
10
10
10
10
10
10
10
10
10
10
10
10
10
10
10
10
10
10
10
10
10
10
10
10
10
10
10
10
10
10
10
10
10
10
10
10
10
10
10
10
10
10
10
10
10
10
10
10
10
10
10
10
10
10
10
10
10
10
10
10
10
10
10
10
10
10
10
10
10
10
10
10
10
10
10
10
10
10
10
10
10
10
10
10
10
10
10
10
10
10
10
10
10
10
10
10
10
10
10
10
10
10
10
10
10
10
10
10
10
10
10
10
10
10
10
10
10
10
10
10
10
10
10
10
10
10
10
10
10
10
10
10
10
10
10
10
10
10
10
10
10
10
10
10
10
10
10
10
10
10
10
10
10
10
10
10
10
10
10
10
10
10
10
10
10
10
10
10
10
10
10
10
10
10
10
10
10
10
10
10
10
10
10
10
10
10
10
10
10
10
10
10
10
10
10
10
10
10
10
10
10
10
10
10
10
10
10
10
10
10
10
10
10
10
10
10
10
10
10
10
10
10
10
10
10
10
10
10
10
10
10
10
10
10
10
10
10
10
10
10
10
10
10
10
10
10
10
10
10
10
10
10
10
10
10
10
10
10
10
10
10
10
10
10
10
10
10
10
10
10
10
10
10
10
10
10
10
10
10
10
10
10
10
10
10
10
10
10
10
10
10
10
10
10
10
10
10
10
10
10
10
10
10
10
10
10
10
10
10
10
10
10
10
10
10
10
10
10
10
10
10
10
10
10
10
10
10
10
10
10
10
10
10
10
10
10
10
10
10
10
10
10
10
10
10
10
10
10
10
10
10
10
10
10
10
10
10
10
10
10
10
10
10
10
10
10
10
10
10
10
10
10
10
10
10
10
10
10
10
10
10
10
10
10
10
10
10
10
10
10
10
10
10
10
10
10
10
10
10
10
10
10
10
10
10
10
10
10
10
10
10
10
10
10
10
10
10
10
10
10
10
10
10
10
10
10
10
10
10
10
10
10
10
10
10
10
10
10
10
10
10
10
10
10
10
10
10
10
10
10
10
10
10
10
10
10
10
10
10
10
10
10
10
10
10
10
10
10
10
10
10
10
10
10
10
10
10
10
10
10
10
10
10
10
10
10
10
10
10
10
10
10
10
10
10
10
10
10
10
10
10
10
10
10
10
10
10
10
10
10
10
10
10
10
10
10
10
10
10
10
10
10
10
10
10
10
10
10
10
10
10
10
10
10
10
10
10
10
10
10
10
10
10
10
10
10
10
10
10
10
10
10
10
10
10
10
10
10
10
10
10
10
10
10
10
10
10
10
10
10
10
10
10
10
10
10
10
10
10
10
10
10
10
10
10
10
10
10
10
10
10
10
10
10
10
10
10
10
10
10
10
10
10
10
10
10
10
10
10
10
10
10
10
10
10
10
10
10
10
10
10
10
10
10
10
10
10
10
10
10
10
10
10
10
10
10
10
10
10
10
10
10
10
10
10
10
10
10
10
10
10
10
10
10
10
10
10
10
10
10
10
10
10
10
10
10
10
10
10
10
10
10
10
10
10
10
10
10
10
10
10
10
10
10
10
10
10
10
10
10
10
10
10
10
10
10
10
10
10
10
10
10
10
10
10
10
10
10
10
10
10
10
10
10
10
10
10
10
10
10
10
10
10
10
10
10
10
10
10
10
10
10
10
10
10
10
10
10
10
10
10
10
10
10
10
10
10
10
10
10
10
10
10
10
10
10
10
10
10
10
10
10
10
10
10
10
10
10
10
10
10
10
10
10
10
10
10
10
10
10
10
10
10
10
10
10
10
10
10
10
10
10
10
10
10
10
10
10
10
10
10
10
10
10
10
10
10
10
10
10
10
10
10
10
10
10
10
10
10
10
10
10
10
10
10
10
10
10
10
10
10
10
10
10
10
10
10
10
10
10
10
10
10
10
10
10
10
10
10
10
10
10
10
10
10
10
10
10
10
10
10
10
10
10
10
10
10
10
10
10
10
10
10
10
10
10
10
10
10
10
10
10
10
10
10
10
10
10
10
10
10
10
10
10
10
10
10
10
10
10
10
10
10
10
10
10
10
10
10
10
10
10
10
10
10
10
10
10
10
10
10
10
10
10
10
10
10
10
10
10
10
10
10
10
10
10
10
10
10
10
10
10
10
10
10
10
10
10
10
10
10
10
10
10
10
10
10
10
10
10
10
10
10
10
10
10
10
10
10
10
10
10
10
10
10
10
10
10
10
10
10
10
10
10
10
10
10
10
10
10
10
10
10
10
10
10
10
10
10
10
10
10
10
10
10
10
10
10
10
10
10
10
10
10
10
10
10
10
10
10
10
10
10
10
10
10
10
10
10
10
10
10
10
10
10
10
10
10
10
10
10
10
10
10
10
10
10
10
10
10
10
10
10
10
10
10
10
10
10
10
10
10
10
10
10
10
10
10
10
10
10
10
10
10
10
10
10
10
10
10
10
10
10
10
10
10
10
10
10
10
10
10
10
10
10
10
10
10
10
10
10
10
10
10
10
10
10
10
10
10
10
10
10
10
10
10
10
10
10
10
10
10
10
10
10
10
10
10
10
10
10
10
10
10
10
10
10
10
10
10
10
10
10
10
10
10
10
10
10
10
10
10
10
10
10
10
10
10
10
10
10
10
10
10
10
10
10
10
10
10
10
10
10
10
10
10
10
10
10
10
10
10
10
10
10
10
10
10
10
10
10
10
10
10
10
10
10
10
10
10
10
10
10
10
10
10
10
10
10
10
10
10
10
10
10
10
10
10
10
10
10
10
10
10
10
10
10
10
10
10
10
10
10
10
10
10
10
10
10
10
10
10
10
10
10
10
10
10
10
10
10
10
10
10
10
10
10
10
10
10
10
10
10
10
10
10
10
10
10
10
10
10
10
10
10
10
10
10
10
10
10
10
10
10
10
10
10
10
10
10
10
10
10
10
10
10
10
10
10
10
10
10
10
10
10
10
10
10
10
10
10
10
10
10
10
10
10
10
10
10
10
10
10
10
10
10
10
10
10
10
10
10
10
10
10
10
10
10
10
10
10
10
10
10
10
10
10
10
10
10
10
10
10
10
10
10
10
10
10
10
10
10
10
10
10
10
10
10
10
10
10
10
10
10
10
10
10
10
10
10
10
10
10
10
10
10
10
10
10
10
10
10
10
10
10
10
10
10
10
10
10
10
10
10
10
10
10
10
10
10
10
10
10
10
10
10
10
10
10
10
10
10
10
10
10
10
10
10
10
10
10
10
10
10
10
10
10
10
10
10
10
10
10
10
10
10
10
10
10
10
10
10
10
10
10
10
10
10
10
10
10
10
10
10
10
10
10
10
10
10
10
10
10
10
10
10
10
10
10
10
10
10
10
10
10
10
10
10
10
