# vtk DataFile Version 2.0
whisker_body, Created by Gmsh 4.13.1 
ASCII
DATASET UNSTRUCTURED_GRID
POINTS 748 double
-8.874119674649524 -1.499999999999705 0
8.874119674649528 -1.499999999999699 0
-5.656421566471817 -1.500000000000053 40
5.656421566471817 -1.500000000000052 40
12 0 0
8.874119674649352 1.500000000000214 0
0 9 0
-8.87411967464935 1.500000000000212 0
4.12982931753815 0 100
5.656421566471867 1.49999999999996 40
0 5.85193172701526 40
-5.656421566471865 1.499999999999963 40
-7.584846902842285 -4.844594664205024 0
-5.092435961360746 -7.420720718329175 0
-1.792242851007811 -8.81974294200298 0
1.792242851007785 -8.819742942002986 0
5.092435961360731 -7.420720718329185 0
7.584846902842282 -4.844594664205029 0
-5.324471804789714 -1.5 0
-1.774823934929904 -1.5 0
1.774823934929906 -1.5 0
5.324471804789717 -1.5 0
-5.951997481408724 -1.5 36.36388484139199
-6.246703240750554 -1.5 32.72769700421009
-6.540656284695713 -1.5 29.09144804105514
-6.833953495644336 -1.5 25.4551485467353
-7.126676211914118 -1.5 21.81879993055874
-7.418892029195259 -1.5 18.18241283432414
-7.710658810184357 -1.5 14.54598857472116
-8.002025726286011 -1.5 10.90953040293647
-8.293034639093973 -1.5 7.273045337186858
-8.583722072430309 -1.5 3.636534622860012
-3.568417530721751 -4.63804929513319 40
-1.37105536295654e-14 -5.85193172701526 40
3.568417530721749 -4.638049295133192 40
8.583722072430312 -1.5 3.636534622859983
8.293034639093973 -1.5 7.273045337186858
8.002025726286007 -1.5 10.90953040293651
7.710658810184356 -1.5 14.54598857472119
7.418892029195259 -1.5 18.18241283432414
7.126676211914114 -1.5 21.81879993055877
6.833953495644336 -1.5 25.4551485467353
6.54065628469571 -1.5 29.09144804105519
6.246703240750554 -1.5 32.72769700421009
5.951997481408721 -1.5 36.36388484139202
-1.885473855490606 -1.5 40
1.885473855490606 -1.5 40
11.34980690040761 3.896393630456207 0
9.469686112756717 7.370552552276022 0
6.563377897469113 10.04599773915035 0
2.945825845689581 11.63280319127197 0
-0.9909521456679979 11.95901391608004 0
-4.820345095835646 10.98927991986068 0
-8.127378859508902 8.82868692807757 0
-10.55368501447787 5.71136871644487 0
-11.83633564083267 1.975135083368787 0
-11.83633564083267 -1.975135083368821 0
-10.55368501447786 -5.711368716444897 0
-8.12737885950888 -8.828686928077589 0
-4.820345095835619 -10.9892799198607 0
-0.9909521456679715 -11.95901391608004 0
2.945825845689616 -11.63280319127196 0
6.563377897469155 -10.04599773915032 0
9.469686112756747 -7.370552552275983 0
11.34980690040762 -3.896393630456205 0
7.818029843080671 4.458520984889497 0
5.809475019311043 6.873863542433829 0
3.093156003024702 8.451768213868164 0
5.324471804789612 1.5 0
1.774823934929872 1.5 0
-1.774823934929868 1.5 0
-5.324471804789608 1.5 0
-3.093156003024702 8.451768213868164 0
-5.809475019311038 6.873863542433833 0
-7.818029843080673 4.458520984889494 0
2.574906462902252 3.228830577670782 100
-0.9189734768187546 4.026285874214754 100
-3.720847644852559 1.791865786210781 100
-3.720847644852582 -1.791865786210735 100
-0.9189734768187868 -4.026285874214746 100
2.574906462902235 -3.228830577670795 100
11.69730112759762 0 3.846153846153846
11.39460225519524 0 7.692307692307693
11.09190338279286 0 11.53846153846154
10.78920451039049 0 15.38461538461539
10.48650563798811 0 19.23076923076923
10.18380676558573 0 23.07692307692308
9.881107893183348 0 26.92307692307692
9.578409020780969 0 30.76923076923077
9.27571014837859 0 34.61538461538461
8.973011275976212 0 38.46153846153846
8.670312403573833 0 42.30769230769231
8.367613531171454 0 46.15384615384615
8.064914658769075 0 50
7.762215786366696 0 53.84615384615385
7.459516913964317 0 57.69230769230769
7.156818041561938 0 61.53846153846154
6.85411916915956 0 65.38461538461539
6.551420296757181 0 69.23076923076923
6.248721424354802 0 73.07692307692308
5.946022551952423 0 76.92307692307692
5.643323679550044 0 80.76923076923077
5.340624807147665 0 84.61538461538461
5.037925934745286 0 88.46153846153847
4.735227062342908 0 92.30769230769231
4.432528189940529 0 96.15384615384616
5.951997481408724 1.5 36.36388484139199
6.246703240750554 1.5 32.72769700421009
6.540656284695713 1.5 29.09144804105514
6.833953495644336 1.5 25.4551485467353
7.126676211914118 1.5 21.81879993055874
7.418892029195259 1.5 18.18241283432414
7.710658810184357 1.5 14.54598857472116
8.002025726286011 1.5 10.90953040293647
8.293034639093973 1.5 7.273045337186858
8.583722072430309 1.5 3.636534622860012
3.568417530721787 4.638049295133163 40
0 8.713811975183205 3.636363636363637
0 8.42762395036641 7.272727272727273
0 8.141435925549617 10.90909090909091
0 7.855247900732822 14.54545454545455
0 7.569059875916027 18.18181818181818
0 7.282871851099232 21.81818181818182
0 6.996683826282438 25.45454545454545
0 6.710495801465644 29.09090909090909
0 6.424307776648849 32.72727272727273
0 6.138119751832054 36.36363636363637
-8.583722072430312 1.5 3.636534622859983
-8.293034639093973 1.5 7.273045337186858
-8.002025726286007 1.5 10.90953040293651
-7.710658810184356 1.5 14.54598857472119
-7.418892029195259 1.5 18.18241283432414
-7.126676211914114 1.5 21.81879993055877
-6.833953495644336 1.5 25.4551485467353
-6.54065628469571 1.5 29.09144804105519
-6.246703240750554 1.5 32.72769700421009
-5.951997481408721 1.5 36.36388484139202
1.885473855490623 1.5 40
-1.88547385549062 1.5 40
-3.568417530721785 4.638049295133164 40
-0.1788695898266971 -8.754113622464894 3.101065907482109
6.66754274466191 -4.432055103600235 12.62742606585666
5.992360606951702 -4.400337217923476 19.89193692912847
5.313292254630078 -4.342768012775313 27.1624729687413
-6.786418826337582 -4.255041332208312 12.57854210011589
-5.99958195670708 -4.389639110753452 19.89829334452009
-5.283404760166337 -3.929017272811026 30.69579129068721
4.607905609046292 -4.282536689156749 34.4249123054563
-7.551809641656955 -4.051245725574883 5.465505935035979
7.346166662305032 -4.415316166102458 5.451598939919687
-1.966103806744646 -5.779702471126906 36.78498320569047
1.494912500884112 -5.934218132107328 36.59874027124429
-0.1728268038905154 -6.356163054078238 33.56328431868982
6.998411427809641 -4.447377935886568 8.996246543200723
4.642355230847547 -6.716140806694285 10.61685174669051
4.24931060090724 -6.636020640752803 14.23174705137525
1.116770485568943 -7.964830272436537 12.16311715423411
0.9873608365043103 -7.701233534162943 15.70144595865991
1.734799075358325 -8.151046616682743 8.467262504551636
-1.317998524439534 -8.110554545613326 9.949633943143517
-7.033633082680827 -4.393537667334544 8.982276618414192
-4.92994235091591 -6.867223714001077 6.942865543483981
5.068266531853624 -6.753921689084517 7.063410052416531
-4.86316730233911 -3.990587074885172 34.42262303521876
6.329752259373227 -4.420713527636385 16.25565395227077
3.802019669980005 -6.57680957902404 17.8306782232123
3.409021774651876 -6.466904311945827 21.46811440724553
0.5587964242632307 -7.457443156820941 19.33440224889079
0.1315621704766567 -7.192801991912726 22.9473411985064
-2.351026595978305 -7.293766868808675 16.98422278926375
-3.209472747175841 -6.640772154668409 20.63901598308831
-3.191774736908115 -6.324418578024712 24.34272040178074
-0.07721973171549075 -6.914454321324579 26.49389176243302
-4.666704550683821 -6.699669439358502 10.61242223200803
-1.880682749967349 -7.72485104566749 13.33528889776285
-1.444438877551528 -8.384223116008082 6.254785449725682
-3.251627951183128 -8.115686947620754 3.267376682712494
-6.337952330209257 -4.407970765407564 16.26275209008501
5.63952807519324 -4.392504308995746 23.52792099986432
3.036939777832112 -6.337124133802457 25.06625314303484
-5.353523479077793 -4.292667000537518 27.1657179451092
4.96323805665068 -4.31469496129899 30.79351387337917
5.886362603267894 -6.458668934036496 3.321009957743587
2.633986924341751 -6.207255537308824 28.67803653807313
-0.1817665891812446 -6.629421860973229 30.08939512817667
-5.748776782485137 -4.24720854839851 23.53783655756389
2.684474133402897 -8.171619065368208 5.066408602963204
-6.278763229418995 -6.131036608906923 2.850315116857793
2.580502278868104 -5.93358905538441 32.14122773153694
-2.968879273392904 -6.114529648934085 27.98942488797153
-4.460188789795838 -6.487157836388519 14.32604846042732
-2.869691922187487 -5.760136949939005 32.586395600849
-4.60540162288286 -3.937903717993045 37.36336087294804
4.525917222885971 -4.035385008342013 37.30943727204201
3.283944977000304 -8.182126116325705 2.331004786021611
-4.633604501142245 -6.008490982285737 17.94575726871759
7.779325658272131 -4.084348174958897 2.714780866520275
-7.982654688366154 -3.732503479832538 2.386593464504368
-1.06581410364015e-14 -1.5 3.207201103761872
4.707132486167 -1.5 12.47428842486755
-4.041930418895431 -1.5 19.69064915954653
-3.030043286688904 -1.5 26.4730536300323
-4.359993202351967 -1.5 12.7778509473186
-0.004365131442220616 -1.5 36.66877042824146
3.829042171068938 -1.5 23.38861840452685
3.177206098999202 -1.5 30.68982866557547
-5.521281705393902 -1.5 5.328340486673733
5.521281705393889 -1.5 5.328340486673723
-2.95032020275579 -1.5 34.29056832002198
5.04075179696755 -1.5 8.85899093745333
1.584895515301223 -1.5 10.48491666420682
1.471403791437609 -1.5 14.22098826172332
-5.003510485300631 -1.5 8.832113048751879
-1.929812431044438 -1.5 6.546829093145131
4.420037299886598 -1.5 16.13893677488318
1.276813557158111 -1.5 17.72303499294878
-1.857337324673633 -1.5 16.12798127522283
1.974196968788167 -1.5 6.682943181599698
4.148145659362488 -1.5 19.7632289893691
0.9219324135403451 -1.5 21.3361730698449
0.6572264470763471 -1.5 24.99677753172226
-4.450634542700602 -1.5 23.28823680602716
0.09045979990292707 -1.5 28.70296376295245
2.951071797642447 -1.5 34.29062923528592
3.521424049564576 -1.5 27.05413082542792
-3.132575771496576 -1.5 30.58927352475116
-1.831191480570541 -1.5 10.4077200392244
-0.01811700032493313 -1.5 32.4561689134991
-3.359008638592224 -1.5 2.920358984747962
3.306749156118155 -1.5 2.912056719729521
-5.077762357060129 -1.5 16.26497655822665
3.236290875693793 -1.5 37.41012812801278
-3.237414629274683 -1.5 37.41010146912797
-0.9842182146461642 -1.5 19.57627425216519
-6.074344849422995 -1.5 2.606746599958021
6.322068882676319 -1.5 2.375386365852645
-1.089246484340901 -1.5 13.00547351769926
-1.527053296971877 -1.5 22.77733955490925
-0.01313980031274475 -1.5 8.456798325330073
0 -3.267525212006786 40
4.098470638881822 -9.479816147688613 0
7.099295739719569 1.701869937493001e-13 0
-7.099295739719495 7.843182348671052e-14 0
1.27675647831893e-15 -5.551115123125783e-17 0
3.549647869859776 -5.551115123125783e-17 0
-3.549647869859773 -5.551115123125783e-17 0
-10.35522765774104 6.750155989720952e-14 0
-9.770542543260142 3.411256196175788 0
-9.712246808200572 -3.507774616004609 0
-8.077142184094621 6.468110042961442 0
7.177586718607229 -7.420466418490129 0
5.889194815796131 3.204299081344046 67.28587023095639
4.506801997447335 3.141110548556895 82.67373357708611
8.815664207037283 3.344463999766124 32.67079638702539
7.554268963987092 -3.231101375388724 48.07692307692309
9.159720571634338 -3.291874638607891 28.80129089162225
6.825555262496041 3.378544167128612 55.70457770654856
7.867941861716401 3.276727156116624 44.17953275857542
9.782502168436899 3.345028939117803 21.11013935642116
-11.09527489538307 3.809012682760124 3.419408766471425
-6.767104713553101 -9.569959843061852 3.547201088336728
4.120956139303948 -3.164651533575192 86.45438299149789
10.11646280798518 -3.299978907451944 17.26665784641454
-2.879762434608167 11.37192468062311 3.419408766471419
3.842648578609124 3.033066708623064 90.27185251150556
4.712243512000855 -10.74283313214681 3.41940876647142
5.182789315064225 3.22564865233457 74.90818734188323
8.186995480618128 -3.295496290418705 40.33747342893692
4.837845728762561 -3.200344540611324 78.77084989765993
5.533672243720715 -3.226158470182387 71.08565910390949
6.213887481931474 -3.245444915278464 63.39923967603348
6.882211723963614 -3.260240534398584 55.71188440646232
10.43488811501822 3.298539176373666 13.42000769234794
-2.723844371020307 -3.415592807225228 96.96476903409871
7.945113376504877 8.630693833987415 3.419408766471542
-11.09527489538304 -3.809012682760148 3.419408766471707
10.67853183558303 -3.543331721478082 9.516246677195184
-2.638657830116785 3.519981895389573 96.57757072737122
10.31700692552853 -5.583284939902463 3.419408766471381
11.0863101057296 3.228321301020447 5.758595071045857
3.374681076322981 -3.113226891838579 94.13560339841074
4.842279361156645 3.194154146877468 78.76719880874667
6.213887481933059 3.245444915275248 63.39923967603456
7.854154908482224 -3.29597773825231 44.24681280899749
0.8839995536649154 -4.277270915255913 96.9780051014548
-1.026363288231772 -4.496791380231672 93.86791657696068
-3.991835062572642 -2.338425646660641 93.69128871488709
-2.754568253679312 -4.011457810448078 90.64412705363461
2.088943252383358 5.259299540686719 80.57045448453586
-4.801083646244575 -0.9237778919395735 90.35193927379355
-4.148410165754039 -3.013732517620767 87.32260608941667
-5.124645760296062 0.5868179065087368 86.93414640215371
-5.122740902644084 -1.690008536193915 83.93322267359603
-4.10310913643532 2.731524802207109 89.84339373224722
-3.45128426402387 3.89706767297249 86.33075900677466
-2.730878001934097 -4.629331789028637 84.18122748185526
-4.250458176437923 -3.703739794496443 80.84021097398133
-5.662371786716677 -0.1967286322545027 80.4837914365532
-5.375352736607562 -2.447765220984297 77.42608746332954
3.829378607177844 5.700789016661658 65.21405955031209
4.180201798211661 5.82529123347804 61.37167327658256
0.9057650503429761 6.979381908418483 63.04932696219374
-5.792690711832309 1.32024229181034 76.9838742485851
-6.097341045853923 -1.001077767581303 73.96314316085908
1.292781100469562 7.224557696533812 59.21964187219649
-2.380238880521192 6.81705483795418 60.72741071878922
-1.822267922692888 7.292227327385424 56.96871899352661
-5.577280162402 2.753369863227145 73.44319159969093
-6.437642676608925 0.4774312731932768 70.45181216290101
0.6089865364545255 6.710215815791217 66.86267348546454
-4.325635255942044 -4.375917549180772 74.29280143357656
-4.587441011286127 3.377564305747363 80.09083654532448
1.692084880962869 7.45048525984534 55.39632363848798
-1.434006147072071 7.683992675707128 53.15442043038899
2.07845987527891 7.66475699791292 51.56727350644852
-1.056061437081623 8.049529376850732 49.31901888579991
2.583952503430285 7.83117212139686 47.6932748410678
-0.6494885828188973 8.393253537013649 45.50923582522734
2.935916325341599 8.023345099359929 43.91730197575986
-0.2551725719112434 8.715022670926139 41.69213837291441
3.21371517272405 8.242500999667254 40.06454575268027
0.1376651610371021 9.01913787563698 37.86209559937349
3.797611857413868 8.328926330420519 36.16383414213926
0.5980092388658662 9.303033940638135 34.02423703458722
4.146765206558485 8.491684197384167 32.39957016197231
0.9510876326168437 9.576871043865889 30.19017305319153
4.317441099005011 8.747999197970939 28.52037420912233
1.306709493976798 9.841002391852612 26.33516982515971
-2.228923437626209 9.546546414477449 27.91174765193525
-3.414681114023548 8.218767655484532 39.39052752065978
-1.845015615655103 9.936183595855937 24.06518019510242
-5.158967140589281 8.553265221478989 25.55652371351911
-4.878291131497691 9.064907461202683 21.67441807403598
-7.613141274582291 6.758238880810394 23.12447331134493
-7.818508492503136 6.038767092518625 26.94912580795761
-4.018259209409591 7.262377105773398 47.0140840187532
-4.729035190666861 6.078219398035315 54.621397079756
-7.423866395170281 7.400577776874059 19.28194603310457
-9.421649690630504 4.349925861384631 20.61775686621498
-4.138695274171183 9.75934597731581 17.78051626294909
-9.357562433044647 5.143890801798984 16.79528034840003
-10.45378793952997 1.627866147325481 18.04567476909007
-10.25224679782118 0.7632578046488508 21.84680709408628
-10.27768789413521 -2.097091311530058 19.1932975332721
-9.759426621291841 -2.939821017122816 22.96528118616319
6.198066450344921 -6.083716315609056 42.12223404059574
-8.802921889440496 -5.552010075624788 20.23451297119844
-7.95668047433157 -6.242486274816302 23.97369971220596
-6.18506993935661 -8.278764290345668 21.16763193951641
-5.056532545575124 -8.676803373000045 24.8700981682107
-7.02073361060147 -6.86631595392971 27.69655346405187
-3.860002464246449 -8.956185089543151 28.55614364973214
-5.996668471216831 -7.404936625760518 31.40284698471395
-2.745391632162206 -9.895573014909685 21.98999874198839
-4.005443552580854 -9.769390127036234 18.31440608234316
-2.60373934750521 -9.098648210015684 32.22457193848532
-4.888334079953803 -7.838780659050282 35.09340392914159
-7.662062026031225 -5.287254307512101 34.18914051950311
-6.774736990844887 -5.950731167854047 37.90121810864596
-9.557723239854807 -4.816599206746959 16.48262316838024
6.587818365979918 -6.115287849765021 38.26264057548758
-0.2578480282883394 -10.49672812176928 19.06064618278523
-1.582532182362737 -10.67083165994156 15.40574310306908
1.067594178878767 -10.15759002489867 22.6991307968296
-8.676828298787525 -2.726294068054837 36.91082366869445
-8.057987775288654 -3.539816963087266 40.64435529641641
-10.59639534993541 2.467157611270365 14.23324935050684
-9.241814199441672 5.927887344672379 12.96578053101039
-5.791581558912784 -6.5270509928378 41.59885067027749
-7.336368861943486 -4.309354342755167 44.36500508782329
-4.713424995740436 -6.996781593564835 45.28097367002143
-6.507398763222105 -5.016725829020378 48.07167988024258
-3.545997158768078 -7.335746175786722 48.94635613949777
-5.568485929738611 -5.640482500261253 51.76379370785753
1.826857345185013 10.06892071155868 22.44796302663112
2.391944250628909 -10.46789981610987 16.03896971937674
-9.198928604052204 -1.882871807467517 33.16766414304299
0.9959667932987687 -10.97576786754111 12.44111007312875
-2.300309855859204 -7.516652146446949 52.5940816910292
-4.519995106100197 -6.155488588593566 55.43997764753848
-9.132412027688577 0.9566680525921698 35.8012145626454
-8.554105476085788 -0.7926000370215766 43.31866565648707
-7.599779244588782 -2.507028411058241 50.79160080740162
-2.851361987708601 -10.70377782515265 11.72714106799158
4.641984183571126 -9.942593297052015 13.05132785716996
3.823473399089465 -7.99136341476903 39.91093700766171
3.279672472586622 -7.887471416050816 43.93605317993433
-0.9955600322215276 -7.509495546444584 56.22240792353328
-3.367688295879811 -6.531744918215284 59.09896573394149
-6.199562006637596 -4.074295595853321 58.21321029771913
-5.232587011833904 -4.847570739116416 61.84179325381179
-7.056922225815693 -1.460761631482973 60.90689831262844
-0.7802435846800877 -9.660873319428001 29.32173238874675
4.118020677671018 -8.179469925042298 36.1159881393223
-2.127384983460357 -6.734417739784535 62.73756692942644
-3.701464331269255 -5.765095946459487 65.42335010720322
-0.5759439575765259 -6.753535249923878 66.35117705873444
-0.3984186813826061 -11.30173390427358 8.783107774360957
-7.476466158229134 -0.5921634167863487 57.17944291215802
-9.981781410358714 -0.1486720440682179 25.62983125084347
0.1662608606691766 -8.088204698922318 49.68236157787317
-10.68904775697104 3.272343603515767 10.43524170112261
-9.096681183681168 6.673665009620694 9.12086492678759
-6.849351436135343 8.718349144953908 11.59981490788067
-11.07890361204731 -0.4069618926446382 11.60869908934571
6.257040271680246 -8.680427222522367 16.51190929300092
6.196366952216774 6.504291935995299 38.33003123651334
-9.303290890788679 1.818488260772058 32.02786512357176
-8.120125863442059 4.490380939869485 34.57349817147941
-8.182591973509544 3.700722971938228 38.36583222305746
6.935518645339404 -6.181486248406483 34.42828173459098
8.499405257864021 -6.896929354956382 13.39663005097817
6.810233571516813 -8.908794304209701 9.991551894468975
-5.188512441914916 3.918119168434795 69.86231415652151
-3.005102966880268 5.508910185673138 72.73987318908625
-6.432810545859874 1.984050678727402 66.93847164639769
5.36024410660661 6.041370862868368 49.85238010237722
-6.952335746504843 2.214635121630802 59.76305164705585
0.6890638658117583 -9.00685145068153 37.69713405341388
-2.772154394225215 -8.21557318708688 42.30317460438344
-11.37679980606073 0.8266438972189764 7.537416602166005
-10.8075202739193 -3.272686731996163 8.993906258403042
-1.056114677064791 -5.528798885430509 80.9542164435429
-6.772729080706552 9.157499346514754 7.752149511731767
-3.145542762044224 10.78137032177577 9.772754742401668
4.782197176065523 -8.154829886728537 32.35500759628934
-3.176475160662538 -5.730339753731048 69.22526112455192
0.5269237487016954 -6.473421994684469 69.94979342686227
2.922792728608382 -6.061717204740212 66.96714335025764
-4.15439211599014 -10.61973626207385 7.580387718788419
-6.392022023789892 -9.124907751652243 10.91462643049195
2.078494203358205 4.952831757609282 84.22583592388337
-1.311666304967122 -11.51554709481175 5.209437935278916
-1.717914652734386 4.681284137617593 89.11436851776546
-4.386161716064575 5.176296278381549 66.26638520752299
-2.332492770137601 4.094474962721501 92.59971410363818
-9.16627834950469 7.085508598679923 5.266019608569435
0.8773782744225652 -4.782516510633435 90.69269141769182
6.912508988473493 6.6462877379004 30.63002178298991
7.17478509882374 6.812071944112216 26.76528434583511
-6.539508000149767 -1.445020854242338 67.37773933198221
-4.373750802051181 -0.05939083084256601 96.89556036861843
1.0021693623816 -5.273563124662158 84.26827476291936
2.513789227243488 5.413962938197764 76.62987551155013
2.956904909200967 5.529300021155503 72.8029608631017
-0.9842149770107946 5.75708911136432 78.2624388615576
8.98435303116568 3.75035191498669 28.77073482964991
-7.828371995807383 -8.332599196130696 7.203235340665668
-1.007750941382003 5.456841881940581 81.96625637913719
6.865763033543676 6.2492405171514 34.5107000529435
9.405719598197765 3.494256409001049 24.9827836304869
7.994357760568685 6.322408029922142 22.96924315808893
8.384321349949165 6.316948184749525 19.08915255684958
5.677132019731688 8.669813556708274 20.79777287764293
6.172310709328142 8.701038379270297 16.92510279820884
2.845199055266045 10.14896146420747 18.54805932807701
3.414292785269234 10.29351165819214 14.67581146937261
6.623634168072771 8.747285756811259 13.0603840045216
3.942252502409574 10.42812094380861 10.82046795386532
7.006507859943529 8.827412607783776 9.27470319597988
4.422198189473091 10.56513918070006 6.946525481810935
0.6297718241944347 11.31099251906864 8.532075119480215
-0.7331521340450657 10.70099319006688 16.18670306271683
1.154878847511998 11.59135843695521 4.463076772411139
4.778717959377493 8.852705255423121 24.6481832610947
3.086068392487017 3.39792548907754 94.15074074564556
0.8966361378970821 4.274925610796624 96.97445074261859
4.209342792557802 3.053982908421938 86.39562153090829
-6.958510039565387 3.037708159301058 56.00052509167165
-5.078519921888377 5.384910004204471 58.42397364262446
-6.86352633015764 3.897725789276297 52.18373006636394
-5.335007468165132 4.67822653338161 62.31580120928653
4.483575708258379 -3.18287390647213 82.60981160838031
-8.013129720355094 5.248565685530493 30.76142409382329
-5.813200177309035 7.368809074897573 33.21696530467258
-9.630337445875353 -1.01985124367521 29.42518228070828
5.188173153496849 -3.21407996495499 74.92761314965506
2.910032745103012 -5.220267585251485 76.53483351736946
-8.125869844588834 -1.669075798497374 47.06994053492509
-8.136793003793864 2.025380392286129 45.93191399338733
-8.191676144825859 2.874943379232185 42.16523654168204
-6.555505167788151 5.387830370220988 44.65621570607445
-6.385053650475142 6.032705855214804 40.86041038287768
6.524941740511651 3.301397034313926 59.55909159031992
-8.885186141329154 0.07318120778355465 39.57363337642803
5.866335599335642 6.398308115256304 42.17739775026353
8.050902751012828 3.614694434657566 40.34045360491929
5.771276784327387 6.071037610437037 46.04140223395556
5.096326602408749 -4.376013906052242 67.12314034445603
6.549352623059609 -3.253341727173257 59.55547308660387
4.228773626462703 -5.797627398791009 61.29470168868134
4.663772062375408 -5.837349224100355 57.53825948004474
4.339273910095994 -6.461814800650192 53.57450725323685
7.022121356774498 -3.639538098050805 51.97775412289209
5.492341220583841 -5.921821732504313 49.84970099005864
7.190456401466667 3.314381145652215 51.87229496351284
5.572179569685462 3.158700099462326 71.08868969618941
7.533877569195419 3.288873531668756 48.0235798944524
-3.100421703904122 -8.411006723362586 38.57295260809491
-0.7790595484909424 -8.367492526552892 45.69555748783414
-10.7152740419123 -1.239884074029345 15.41554684176677
8.49434882073364 -3.337366699901799 36.51199204529613
-7.09978882976348 8.115030030235957 15.47074253781165
-5.087037211923835 1.868162886399411 83.61669725688216
9.475356093379355 -3.300560566861235 24.98361679536583
7.693186278750985 -6.223452011025866 26.74306501221101
8.087143982181232 -6.212107570700437 22.90095787211684
5.725281133615832 -8.271552806887744 24.65393379845487
6.08519014852029 -8.402675752317975 20.65133402407377
5.421547908994435 -8.127016423489664 28.34219930568689
7.299376107148944 -6.219541613788552 30.62494156907751
4.88259433558151 6.049940513209863 53.69116524615048
4.529547333988184 5.942979750948722 57.52942399714841
-10.22746559461958 -4.048927788236339 12.70916836077784
-3.94550720056891 10.16085877673713 13.97677965949121
10.10921264856909 3.322532990531421 17.26503074881763
-9.436096675914902 3.536952498411051 24.43149449321357
-9.412803255848141 2.645999949332136 28.23780216011602
9.898503003007942 -4.668237912900741 13.416782223516
10.75481954318531 3.288943215632221 9.574391542756997
-3.750541443107255 7.738690281778316 43.2056110404661
-1.454413823344249 -9.871841261410514 25.68679797971808
-6.127530159448103 6.706638952450673 37.04669410137922
1.05992498645721 -9.311278152507725 33.39939157447172
-4.293001338105564 6.750544805154073 50.82504475376832
-2.630697613269037 9.129761282007429 31.75005740429917
-5.501332022489349 7.973118613950448 29.39121875316178
-5.23310282614588 -9.502493433053722 14.63541457351728
8.751234726200444 6.329561144107951 15.24306122452649
-2.980324743068015 8.703871909211269 35.57756538333659
-5.569502162765525 -3.189144923429606 70.92675183263954
8.82603567304615 -3.324908168235849 32.63539663048319
0.1447688888447028 11.02444161336746 12.38356753852822
-9.152608263045 -3.765770944442606 26.72072500611567
-8.444543072704324 -4.572944625155786 30.4537816434211
-1.006973076016934 10.37624023373194 20.01243629103994
-6.66797903179159 4.74134722696215 48.5144685703861
1.489385875213497 -7.663658292228054 53.27656333652519
-3.165128258822632 -4.961974319422121 77.69196386842745
0.6401500624476285 -7.287361570909249 59.52317961496659
1.656034220052509 -6.811537075911194 63.40451748684399
-8.0038242565138 1.178827963606787 49.67911030481908
-7.789296225586548 0.2418556980846941 53.45436673809682
-6.944720830028174 -3.349553668453221 54.50586323295571
2.970651116934437 -5.518871091648834 72.83715301790534
-0.498231422420255 -6.12706960975859 74.36568789928967
-7.24388529385467 -7.769247817446068 17.50424465437595
3.725090247423283 -10.6257304723997 9.40549984267464
9.10168243899448 6.365632776571079 11.34866862792022
8.457473333201301 3.424851871339071 36.53532336956651
-8.218015866998156 -7.188957309028798 13.73986952738501
5.840652854808996 -5.996579492391642 46.111917171366
-1.215593962622093 -4.965967999914655 87.51292811177321
9.801753819435937 -3.288077705044363 21.11059061639674
-9.256491936324634 -7.176103222763723 3.65496262395386
9.150130816314494 6.870316857148732 7.086295697375692
-9.125284923489737 -6.510435888632743 10.04215209572858
8.46634291221692 -6.205703028943582 19.09578955457417
3.479254337327971 5.567437410386617 69.05595340085708
7.983739988406644 -8.602990854984794 3.344770207887583
9.021434856653732 -7.077509420089862 6.780530887109749
-11.73178046942077 -0.07062958942144519 3.405350854490076
-6.416616474375022 9.821362658307825 3.409428593027146
-3.948981030051105 4.509306268879891 76.31319197471763
1.862094688889073 -9.769403304568513 26.10766534844685
-4.51430849711893 1.151361003699513 93.27852302713467
-6.89062879983755 1.311614713336287 63.34869644412982
0.3136384748120413 6.429981760992107 70.67665691856652
2.236840150475764 -11.31814678982684 5.882129377929433
5.350889116350741 10.44279330235061 3.381371719353367
3.057537055067156 -7.684122040376296 47.39309554408486
10.22813237147914 5.778600291798614 3.206609444452352
6.232849045114516 -9.658330607409981 6.418439385600102
10.96270668034612 -3.560007578700563 6.019480351339206
-10.62662975168424 4.267802259802859 6.967942069776781
8.987235520020741 -6.650644906828934 10.41392823023858
-1.793659247192889 11.35361615192044 6.423935513371407
3.896322243165391 -2.959271029551271 90.30668068446451
-0.3573352378190726 6.091984977876693 74.93540128500877
-6.485931126193781 -2.502119662184535 64.14311352239311
2.233093736237657 -5.208440707178329 80.46876092147042
3.156603509209831 -9.987125556823095 19.38836639224846
1.155659755147336 4.618037033545548 91.98729616822718
0.785580758788037 -8.691725763695953 41.58543901405191
-2.154421696483985 6.597251985082824 64.29187031736187
-1.780726977597109 -9.03395400254141 35.47844932871768
0.3611255403070157 -11.77467749719886 2.792645950220352
-2.612641592092813 6.034112053721486 68.92557656078633
-9.952992256997442 -5.674497964359022 6.899949930338336
1.643225670217157 4.824038203487302 87.72074626326251
8.35305662866025 -6.726740529626387 16.20220698244344
3.117015955888076 -7.387706710907761 50.5916108108978
1.881241820294318 -7.328955928868484 56.33233439411861
-11.33062510483424 -2.095435002124621 6.063955959873843
3.430769705160444 -5.520500386933255 69.88793282573305
-2.783449919736098 -5.682988476089989 72.06922433165217
4.294683197135614 -5.446585471885609 64.34284587718808
3.401924665598388 2.710417923755046 97.20691102360901
3.381874663650461 -2.735053705927261 97.20963034479777
1.7128796934393 -4.790781023364429 87.82803963414986
-3.737854097030598 -11.16690935428981 2.847677917654909
11.43916655721956 2.810293386194912 2.804058776005244
11.4227987832511 -2.859507460082605 2.855394504863018
6.926248821733761 9.181820006008065 6.337225246039447
2.490897793019137 -9.309818023465478 30.02112649890424
-9.327539387890024 7.25991531538252 2.288750060638255
0.07957816204433256 -5.841441244733917 78.24502136997387
-1.02654477791718 5.133250178714716 85.95889909900018
-0.07514204799578754 4.566536278295077 94.44325713841296
-4.477131673488559 10.63193846623867 5.893736307291446
3.811195946503871 -9.492904929252802 22.49770909153096
-6.022312868832193 3.383620356879649 64.70305247439073
-5.14854174628982 -4.203270817014206 68.02361773228451
-3.434628399556397 4.206380157886113 83.4734400616673
3.105176066368006 7.992278503871564 5.409021281835066
6.670512845696642 4.426826477185188 12.63274630689577
5.999581956707351 4.389639110753048 19.89829334452035
6.755388806333396 5.617658137566788 2.719442449965965
5.31329225463223 4.342768012772557 27.16247296874229
2.934888523441038 7.13707256953177 16.30264806832685
4.607905609046295 4.282536689156749 34.42491230545627
3.081190925033173 6.445472655943532 23.58172063342394
3.066849935996003 5.812626378682448 30.84968879602517
2.859118149878638 7.785172121473305 8.975923017851523
5.715131964383119 6.213035753643545 7.092182488336202
2.822140221170369 7.491227003453022 12.64034642811132
6.336756414597655 4.40931654738309 16.26546099799643
3.087131820420358 6.758403200349219 19.9474616789967
4.541370792615178 7.528549436387494 2.640114900516684
5.752875820580392 4.241610957175358 23.538166526358
7.179441297835311 4.112819602343539 9.224254355054462
7.459997461443806 4.238162559561863 5.338691125453536
2.706715567201696 6.300188933848561 27.2291736789105
5.210536996097436 6.277733153808523 10.69343383683508
5.370108140156796 3.791804999201046 30.82682736486258
4.605536304651399 3.937715591412232 37.36361362431981
5.020483113250277 6.063041792447338 14.33474372869941
2.225528021597976 5.876408429923595 34.51359567471188
2.408105140269385 8.472791044388611 2.435051292956988
2.372012644461428 5.549463958284782 37.67203460126838
4.808734394448262 5.881310400735804 17.82736595676834
7.997232070182923 3.705844596934681 2.361617723185833
5.545895018693734 6.616911386296305 4.654509317135385
1.06581410364015e-14 1.5 3.207201103761868
-4.707132486167 1.5 12.47428842486755
4.041930418895431 1.5 19.69064915954653
3.030043286688906 1.5 26.47305363003231
4.359993202351971 1.5 12.7778509473186
0.004365131442224168 1.5 36.66877042824144
-3.829042171068938 1.5 23.38861840452686
-3.177206098999195 1.5 30.68982866557548
5.521281705393905 1.5 5.328340486673726
-5.521281705393891 1.5 5.328340486673717
2.950320202755791 1.5 34.29056832002198
-5.040751796967555 1.5 8.858990937453328
-1.584895515301227 1.5 10.48491666420682
-1.471403791437606 1.5 14.22098826172332
5.003510485300635 1.5 8.832113048751872
1.929812431044438 1.5 6.546829093145123
-4.420037299886591 1.5 16.13893677488318
-1.276813557158107 1.5 17.72303499294878
1.857337324673636 1.5 16.12798127522283
-1.974196968788176 1.5 6.682943181599697
-4.148145659362484 1.5 19.76322898936911
-0.9219324135403433 1.5 21.33617306984491
-0.6572264470763489 1.5 24.99677753172227
4.4506345427006 1.5 23.28823680602717
-0.09045979990291642 1.5 28.70296376295245
-2.951071797642447 1.5 34.29062923528592
-3.521424049564574 1.5 27.05413082542792
3.132575771496587 1.5 30.58927352475116
1.83119148057054 1.5 10.40772003922439
0.01811700032494912 1.5 32.4561689134991
3.35900863859221 1.5 2.920358984747954
-3.306749156118144 1.5 2.912056719729511
5.077762357060131 1.5 16.26497655822665
-3.236290875693793 1.5 37.41012812801278
3.237414629274688 1.5 37.41010146912797
0.9842182146461642 1.5 19.57627425216521
6.074344849422987 1.5 2.606746599958006
-6.322068882676263 1.5 2.375386365852643
1.089246484340916 1.5 13.00547351769926
1.527053296971873 1.5 22.77733955490927
0.01313980031274298 1.5 8.456798325330068
-3.105176066368052 7.992278503871546 5.409021281835061
-6.74959972633244 4.304759369814744 12.63630517657212
-5.999581956707302 4.389639110753111 19.89829334452037
-6.755388806333396 5.617658137566789 2.719442449965965
-5.313292254632182 4.342768012772611 27.16247296874232
-3.092414533922112 7.069350580976026 16.31304664619567
-4.607905608995074 4.282536689213782 34.42491230543966
-3.081190925032459 6.445472655943841 23.5817206334243
-3.066849935996056 5.812626378682419 30.84968879602517
-3.074889858392028 7.700785276546167 8.996163413926221
-5.70422033514668 6.22299634796348 7.092734478323626
-3.112183233489613 7.37812993201474 12.60898065035952
-6.336756414597644 4.409316547383099 16.26546099799648
-3.087209923406199 6.75837051005598 19.9474271630319
-4.415353059924898 7.600907518316586 2.664661948746394
-5.752875820578334 4.241610957178324 23.53816652635668
-7.183209294193266 4.107221650337046 9.218032749593231
-7.458417801282025 4.240681114199379 5.3403287554131
-2.706715567200465 6.300188933849038 27.22917367891111
-5.2163475237577 6.275531507772653 10.66777991166773
-5.370108140156065 3.791804999202168 30.82682736486196
-4.605536304651089 3.937715591414779 37.36361362430176
-5.003798698284973 6.078392161432227 14.31930876627144
-2.225528021557202 5.876408429938916 34.51359567471332
-2.327455876363268 8.500903433006924 2.366371352370538
-2.37201264446138 5.549463958284823 37.67203460126814
-4.829176969152106 5.848825722783547 17.98138413442964
-7.972996504185667 3.745222324222884 2.429133476622633
-5.533784182050861 6.627284878916988 4.65215139130621
-6.661338147750939e-15 5.900042359436546e-15 100
1.665334536937735e-15 3.26752521200678 40
-8.881784197001252e-16 8.881784197001252e-15 47.84743523137629
0.005742381018036036 0.003476707276262481 55.52554088204057
0.01260362099453438 0.008291956681443224 64.13590128314512
0.002079600803063464 -0.02583701547704198 73.03077831108267
-0.05590885831934944 -0.08493594854898801 78.98232478362618
-0.06222257228948891 0.02759893398572721 84.56065154233269
1.121783929532486 -2.961569933876355 51.68699304223325
-3.770947710981233 -1.48769885299771e-14 44.3263386669043
-0.01908485239693425 -0.07149526174635046 89.49230352206814
3.770947710981231 -1.143114744796148e-14 44.32202448339785
-3.163510550555464 -0.3999463590360747 51.68903804904507
2.490563607860608 -0.3744543289921045 59.82895646529342
-2.463975332442096 0.09139462457032388 59.83264401148971
2.297483480933221 2.257753466222781 51.6837503967733
0.6903986633726514 3.753701129251043 44.80642035465694
1.714075324558751 1.043433625234106 68.5893963636579
0.7018637596174466 -3.783153976409118 44.81868396917773
-0.04955736925287146 -0.013291119670094 94.08567103368679
-2.312005844035343 -0.6609111592088248 69.30652265137653
-1.606035866480315 3.342334483525646 53.25741445646932
0.3360312509406002 3.283168514789277 60.81287456609337
-2.865758865477486 3.123477760444854 47.13673135040381
3.313592886752626 -2.732123606931411 48.0294122069945
-2.830831955279379 -3.095333255650689 47.09932608484195
3.449827553903649 2.476220115147461 47.67285887532255
-2.334975622454174 -3.041301180794261 57.10237898970102
-0.2716630793875825 -3.184399592314576 61.37276216234608
1.212662904199003 3.668676207534586 56.84781908810346
3.737286552383907 -0.8072110394795949 54.01000301531857
0.602033559641785 -2.670331599331371 67.20538437009114
-2.220446049250313e-16 1.088018564132653e-14 43.13451840895232
-2.826426692876619 1.770644574560424 65.87358600932048
-3.975171456057927 0.4134156485977569 55.52249380300156

CELLS 3888 17686
1 0
1 1
1 2
1 3
1 4
1 5
1 6
1 7
1 8
1 9
1 10
1 11
2 0 12
2 12 13
2 13 14
2 14 15
2 15 16
2 16 17
2 17 1
2 0 18
2 18 19
2 19 20
2 20 21
2 21 1
2 2 22
2 22 23
2 23 24
2 24 25
2 25 26
2 26 27
2 27 28
2 28 29
2 29 30
2 30 31
2 31 0
2 2 32
2 32 33
2 33 34
2 34 3
2 1 35
2 35 36
2 36 37
2 37 38
2 38 39
2 39 40
2 40 41
2 41 42
2 42 43
2 43 44
2 44 3
2 2 45
2 45 46
2 46 3
2 4 47
2 47 48
2 48 49
2 49 50
2 50 51
2 51 52
2 52 53
2 53 54
2 54 55
2 55 56
2 56 57
2 57 58
2 58 59
2 59 60
2 60 61
2 61 62
2 62 63
2 63 64
2 64 4
2 5 65
2 65 66
2 66 67
2 67 6
2 5 68
2 68 69
2 69 70
2 70 71
2 71 7
2 6 72
2 72 73
2 73 74
2 74 7
2 8 75
2 75 76
2 76 77
2 77 78
2 78 79
2 79 80
2 80 8
2 4 81
2 81 82
2 82 83
2 83 84
2 84 85
2 85 86
2 86 87
2 87 88
2 88 89
2 89 90
2 90 91
2 91 92
2 92 93
2 93 94
2 94 95
2 95 96
2 96 97
2 97 98
2 98 99
2 99 100
2 100 101
2 101 102
2 102 103
2 103 104
2 104 105
2 105 8
2 9 106
2 106 107
2 107 108
2 108 109
2 109 110
2 110 111
2 111 112
2 112 113
2 113 114
2 114 115
2 115 5
2 9 116
2 116 10
2 6 117
2 117 118
2 118 119
2 119 120
2 120 121
2 121 122
2 122 123
2 123 124
2 124 125
2 125 126
2 126 10
2 7 127
2 127 128
2 128 129
2 129 130
2 130 131
2 131 132
2 132 133
2 133 134
2 134 135
2 135 136
2 136 11
2 9 137
2 137 138
2 138 11
2 10 139
2 139 11
3 12 197 0
3 0 197 31
3 1 196 17
3 35 196 1
3 22 192 2
3 2 192 32
3 34 193 3
3 3 193 44
3 13 187 12
3 187 197 12
3 14 176 13
3 176 187 13
3 15 140 14
3 140 176 14
3 16 194 15
3 15 194 140
3 17 182 16
3 182 194 16
3 17 196 182
3 23 163 22
3 163 192 22
3 24 146 23
3 146 163 23
3 25 180 24
3 24 180 146
3 26 185 25
3 25 185 180
3 27 145 26
3 145 185 26
3 28 177 27
3 27 177 145
3 29 144 28
3 144 177 28
3 30 160 29
3 29 160 144
3 31 148 30
3 148 160 30
3 31 197 148
3 32 150 33
3 32 192 150
3 33 151 34
3 150 151 33
3 151 193 34
3 36 149 35
3 149 196 35
3 37 153 36
3 36 153 149
3 38 141 37
3 141 153 37
3 39 164 38
3 38 164 141
3 40 142 39
3 142 164 39
3 41 178 40
3 40 178 142
3 42 143 41
3 143 178 41
3 43 181 42
3 42 181 143
3 44 147 43
3 147 181 43
3 44 193 147
3 175 176 140
3 140 186 175
3 140 194 186
3 141 154 153
3 141 155 154
3 141 164 155
3 142 165 164
3 142 166 165
3 142 178 166
3 143 179 178
3 143 183 179
3 181 183 143
3 160 173 144
3 173 190 144
3 144 190 177
3 170 185 145
3 145 195 170
3 177 195 145
3 146 191 163
3 180 189 146
3 189 191 146
3 151 188 147
3 147 193 151
3 147 188 181
3 148 161 160
3 148 187 161
3 148 197 187
3 153 162 149
3 162 182 149
3 182 196 149
3 150 152 151
3 150 191 152
3 163 191 150
3 150 192 163
3 152 188 151
3 184 188 152
3 152 191 184
3 154 162 153
3 155 156 154
3 156 158 154
3 158 162 154
3 155 157 156
3 155 165 157
3 164 165 155
3 157 174 156
3 156 159 158
3 156 174 159
3 165 167 157
3 167 169 157
3 169 174 157
3 159 175 158
3 158 186 162
3 175 186 158
3 159 173 161
3 161 175 159
3 159 174 173
3 161 173 160
3 161 176 175
3 161 187 176
3 162 186 182
3 166 167 165
3 166 168 167
3 166 179 168
3 178 179 166
3 168 170 167
3 167 170 169
3 168 171 170
3 168 172 171
3 168 179 172
3 170 195 169
3 169 190 174
3 169 195 190
3 171 185 170
3 172 189 171
3 180 185 171
3 171 189 180
3 179 183 172
3 183 184 172
3 184 189 172
3 174 190 173
3 190 195 177
3 181 188 183
3 186 194 182
3 183 188 184
3 184 191 189
3 0 234 18
3 31 234 0
3 21 235 1
3 1 235 35
3 2 232 22
3 45 232 2
3 44 231 3
3 3 231 46
3 18 228 19
3 18 234 228
3 19 198 20
3 19 228 198
3 20 229 21
3 198 229 20
3 229 235 21
3 22 208 23
3 22 232 208
3 23 225 24
3 208 225 23
3 24 201 25
3 24 225 201
3 25 221 26
3 201 221 25
3 26 200 27
3 26 221 200
3 27 230 28
3 200 230 27
3 28 202 29
3 28 230 202
3 29 212 30
3 202 212 29
3 30 206 31
3 30 212 206
3 206 234 31
3 35 207 36
3 35 235 207
3 36 209 37
3 207 209 36
3 37 199 38
3 37 209 199
3 38 214 39
3 199 214 38
3 39 218 40
3 214 218 39
3 40 204 41
3 40 218 204
3 41 224 42
3 204 224 41
3 42 205 43
3 42 224 205
3 43 223 44
3 205 223 43
3 223 231 44
3 46 203 45
3 203 232 45
3 46 231 203
3 213 217 198
3 198 228 213
3 217 229 198
3 209 210 199
3 210 211 199
3 211 214 199
3 216 230 200
3 200 233 216
3 221 237 200
3 200 237 233
3 201 222 220
3 220 237 201
3 201 237 221
3 201 225 222
3 202 226 212
3 202 230 216
3 216 236 202
3 202 236 226
3 203 227 208
3 208 232 203
3 223 227 203
3 203 231 223
3 218 219 204
3 219 220 204
3 220 224 204
3 205 224 222
3 222 227 205
3 205 227 223
3 212 213 206
3 213 228 206
3 228 234 206
3 207 217 209
3 207 229 217
3 207 235 229
3 208 227 225
3 209 217 210
3 210 236 211
3 217 238 210
3 226 236 210
3 210 238 226
3 211 215 214
3 211 216 215
3 211 236 216
3 212 226 213
3 213 238 217
3 226 238 213
3 215 218 214
3 216 233 215
3 215 219 218
3 215 233 219
3 219 237 220
3 233 237 219
3 222 224 220
3 225 227 222
3 45 2 32
3 34 3 46
3 33 239 32
3 32 239 45
3 34 239 33
3 46 239 34
3 45 239 46
3 7 242 0
3 0 246 7
3 12 248 0
3 0 242 18
3 56 246 0
3 0 248 56
3 1 5 4
3 4 64 1
3 1 241 5
3 1 64 17
3 21 241 1
3 4 5 47
3 47 5 65
3 5 241 68
3 51 50 6
3 6 50 67
3 6 72 51
3 7 246 55
3 55 247 7
3 71 242 7
3 7 247 74
3 12 13 58
3 57 12 58
3 57 248 12
3 13 14 59
3 58 13 59
3 14 15 60
3 59 14 60
3 16 240 15
3 60 15 61
3 15 240 61
3 17 250 16
3 62 240 16
3 16 250 62
3 17 64 63
3 63 250 17
3 18 245 19
3 18 242 71
3 71 245 18
3 19 243 20
3 70 243 19
3 19 245 70
3 20 244 21
3 20 243 69
3 69 244 20
3 68 241 21
3 21 244 68
3 48 47 65
3 49 48 66
3 66 48 65
3 50 49 67
3 67 49 66
3 51 72 52
3 52 73 53
3 72 73 52
3 53 249 54
3 73 249 53
3 54 247 55
3 74 247 54
3 54 249 74
3 55 246 56
3 56 248 57
3 61 240 62
3 62 250 63
3 68 244 69
3 69 243 70
3 70 245 71
3 74 249 73
3 47 601 4
3 4 602 64
3 4 601 81
3 81 602 4
3 8 597 75
3 80 598 8
3 105 597 8
3 8 598 105
3 48 571 47
3 571 601 47
3 49 274 48
3 274 571 48
3 50 569 49
3 49 569 274
3 51 463 50
3 463 569 50
3 52 263 51
3 263 463 51
3 53 562 52
3 52 562 263
3 54 605 53
3 53 605 562
3 55 259 54
3 259 605 54
3 56 561 55
3 55 561 259
3 57 275 56
3 275 561 56
3 58 554 57
3 57 554 275
3 59 260 58
3 260 554 58
3 60 600 59
3 59 600 260
3 61 586 60
3 586 600 60
3 62 265 61
3 265 586 61
3 63 559 62
3 62 559 265
3 64 278 63
3 278 559 63
3 64 602 278
3 75 466 76
3 75 597 466
3 76 277 77
3 76 466 277
3 77 441 78
3 277 441 77
3 78 273 79
3 78 441 273
3 79 284 80
3 273 284 79
3 284 598 80
3 81 279 82
3 82 573 81
3 81 601 279
3 573 602 81
3 83 276 82
3 82 519 83
3 276 573 82
3 279 519 82
3 83 272 84
3 84 518 83
3 83 519 272
3 83 518 276
3 85 262 84
3 84 515 85
3 262 518 84
3 272 515 84
3 85 258 86
3 86 553 85
3 85 515 258
3 85 553 262
3 86 450 87
3 87 504 86
3 258 450 86
3 504 553 86
3 88 255 87
3 87 446 88
3 255 504 87
3 87 450 446
3 88 253 89
3 89 531 88
3 88 446 253
3 88 531 255
3 90 501 89
3 89 549 90
3 253 549 89
3 501 531 89
3 91 267 90
3 90 486 91
3 267 501 90
3 90 549 486
3 91 257 92
3 92 283 91
3 91 486 257
3 91 283 267
3 93 254 92
3 92 497 93
3 254 283 92
3 257 497 92
3 94 493 93
3 93 495 94
3 93 493 254
3 93 497 495
3 94 256 95
3 95 271 94
3 94 495 256
3 271 493 94
3 95 483 96
3 96 489 95
3 256 483 95
3 95 489 271
3 97 270 96
3 96 282 97
3 270 489 96
3 96 483 282
3 97 251 98
3 98 488 97
3 97 282 251
3 97 488 270
3 99 269 98
3 98 496 99
3 251 496 98
3 269 488 98
3 99 266 100
3 100 476 99
3 99 496 266
3 99 476 269
3 101 268 100
3 100 281 101
3 266 281 100
3 268 476 100
3 101 252 102
3 102 472 101
3 101 281 252
3 101 472 268
3 103 261 102
3 102 467 103
3 252 467 102
3 261 472 102
3 103 264 104
3 104 577 103
3 103 577 261
3 103 467 264
3 105 280 104
3 104 465 105
3 264 465 104
3 280 577 104
3 105 598 280
3 465 597 105
3 282 299 251
3 299 558 251
3 251 558 496
3 281 288 252
3 288 431 252
3 431 467 252
3 253 446 438
3 438 449 253
3 449 549 253
3 254 551 283
3 493 494 254
3 494 551 254
3 255 505 504
3 255 510 505
3 255 531 510
3 256 512 483
3 495 511 256
3 511 512 256
3 257 486 485
3 485 487 257
3 487 497 257
3 258 451 450
3 258 452 451
3 258 515 452
3 259 561 420
3 420 574 259
3 259 574 436
3 436 605 259
3 429 447 260
3 260 600 429
3 447 554 260
3 442 472 261
3 261 599 442
3 577 599 261
3 262 590 518
3 553 557 262
3 557 590 262
3 263 576 463
3 562 609 263
3 263 609 576
3 264 582 465
3 467 589 264
3 264 589 582
3 559 572 265
3 265 572 568
3 568 586 265
3 266 443 281
3 266 444 443
3 266 496 444
3 283 345 267
3 345 360 267
3 360 501 267
3 472 580 268
3 268 477 476
3 268 580 477
3 476 544 269
3 269 594 488
3 544 594 269
3 488 596 270
3 270 490 489
3 270 596 490
3 489 491 271
3 491 492 271
3 492 493 271
3 272 528 515
3 519 548 272
3 272 548 528
3 273 285 284
3 273 286 285
3 273 441 286
3 555 571 274
3 274 603 555
3 569 603 274
3 554 588 275
3 275 593 561
3 588 593 275
3 518 575 276
3 560 573 276
3 276 575 560
3 435 565 277
3 277 608 435
3 277 565 441
3 466 608 277
3 278 560 559
3 278 573 560
3 278 602 573
3 279 555 519
3 279 571 555
3 279 601 571
3 284 285 280
3 280 598 284
3 285 437 280
3 437 577 280
3 281 443 288
3 282 300 299
3 282 483 300
3 283 551 345
3 286 287 285
3 287 437 285
3 286 289 287
3 286 565 289
3 441 565 286
3 289 290 287
3 290 552 287
3 287 552 437
3 288 448 431
3 443 445 288
3 445 448 288
3 289 291 290
3 289 293 291
3 289 565 293
3 291 292 290
3 292 295 290
3 295 552 290
3 291 503 292
3 293 294 291
3 294 503 291
3 292 296 295
3 292 297 296
3 292 503 297
3 293 433 294
3 293 435 433
3 293 565 435
3 433 607 294
3 294 613 503
3 607 613 294
3 296 422 295
3 422 442 295
3 442 552 295
3 297 298 296
3 298 538 296
3 296 538 422
3 297 302 298
3 297 311 302
3 297 503 311
3 302 303 298
3 303 310 298
3 310 538 298
3 300 301 299
3 301 309 299
3 309 558 299
3 300 304 301
3 300 512 304
3 483 512 300
3 304 305 301
3 305 584 301
3 301 584 309
3 302 307 303
3 302 563 307
3 311 563 302
3 307 308 303
3 308 530 303
3 303 530 310
3 304 306 305
3 304 312 306
3 304 512 312
3 306 469 305
3 469 471 305
3 471 584 305
3 312 313 306
3 313 336 306
3 336 469 306
3 307 413 308
3 307 414 413
3 307 563 414
3 413 415 308
3 415 440 308
3 440 530 308
3 309 567 558
3 309 587 567
3 584 587 309
3 530 595 310
3 310 545 538
3 310 595 545
3 311 448 445
3 445 563 311
3 311 613 448
3 503 613 311
3 312 314 313
3 312 511 314
3 312 512 511
3 314 315 313
3 315 524 313
3 313 524 336
3 314 316 315
3 314 416 316
3 314 511 416
3 316 317 315
3 317 335 315
3 335 524 315
3 316 318 317
3 316 487 318
3 416 487 316
3 318 319 317
3 319 520 317
3 317 520 335
3 318 320 319
3 318 485 320
3 318 487 485
3 320 321 319
3 321 329 319
3 329 520 319
3 320 322 321
3 320 406 322
3 320 485 406
3 322 323 321
3 323 529 321
3 321 529 329
3 322 324 323
3 322 449 324
3 406 449 322
3 324 325 323
3 325 525 323
3 525 529 323
3 324 326 325
3 324 438 326
3 324 449 438
3 326 327 325
3 327 328 325
3 328 525 325
3 326 464 327
3 438 439 326
3 439 464 326
3 327 330 328
3 327 374 330
3 327 464 374
3 330 331 328
3 331 526 328
3 328 526 525
3 482 520 329
3 329 522 482
3 329 529 522
3 330 332 331
3 330 535 332
3 374 535 330
3 332 333 331
3 333 334 331
3 334 526 331
3 332 337 333
3 332 339 337
3 332 535 339
3 333 516 334
3 337 338 333
3 338 516 333
3 334 517 473
3 473 526 334
3 516 517 334
3 335 520 481
3 481 536 335
3 335 536 524
3 468 469 336
3 336 470 468
3 336 524 470
3 337 340 338
3 339 502 337
3 337 502 340
3 340 341 338
3 341 342 338
3 342 516 338
3 462 514 339
3 339 535 462
3 339 514 502
3 340 366 341
3 340 367 366
3 340 502 367
3 341 343 342
3 341 500 343
3 366 500 341
3 343 344 342
3 344 399 342
3 399 516 342
3 343 346 344
3 343 359 346
3 343 500 359
3 346 347 344
3 347 533 344
3 344 533 399
3 345 385 360
3 345 386 385
3 345 551 386
3 346 348 347
3 346 546 348
3 359 546 346
3 348 349 347
3 349 350 347
3 350 533 347
3 348 353 349
3 348 354 353
3 348 546 354
3 349 351 350
3 349 521 351
3 353 521 349
3 351 352 350
3 352 534 350
3 350 534 533
3 351 355 352
3 351 392 355
3 351 521 392
3 355 356 352
3 356 357 352
3 357 534 352
3 354 361 353
3 361 363 353
3 363 521 353
3 354 362 361
3 354 527 362
3 354 546 527
3 355 585 356
3 392 523 355
3 523 585 355
3 356 358 357
3 356 498 358
3 356 585 498
3 358 364 357
3 364 376 357
3 376 534 357
3 358 365 364
3 358 368 365
3 358 498 368
3 500 513 359
3 513 550 359
3 359 550 546
3 385 393 360
3 393 410 360
3 410 501 360
3 362 375 361
3 361 581 363
3 375 581 361
3 362 377 375
3 362 383 377
3 362 527 383
3 363 564 521
3 363 610 564
3 581 610 363
3 365 484 364
3 364 380 376
3 364 484 380
3 368 369 365
3 369 381 365
3 381 484 365
3 367 401 366
3 401 404 366
3 404 500 366
3 367 402 401
3 367 403 402
3 367 502 403
3 368 370 369
3 368 419 370
3 368 498 419
3 370 371 369
3 371 478 369
3 369 478 381
3 370 372 371
3 370 499 372
3 419 499 370
3 372 373 371
3 373 382 371
3 382 478 371
3 372 378 373
3 372 400 378
3 372 499 400
3 378 379 373
3 379 543 373
3 373 543 382
3 453 455 374
3 374 464 453
3 455 535 374
3 377 384 375
3 384 405 375
3 405 581 375
3 380 407 376
3 407 475 376
3 475 534 376
3 383 397 377
3 377 547 384
3 397 547 377
3 378 387 379
3 378 537 387
3 400 537 378
3 387 388 379
3 388 389 379
3 389 543 379
3 380 408 407
3 380 409 408
3 380 484 409
3 478 479 381
3 479 480 381
3 480 484 381
3 382 541 478
3 382 542 541
3 382 543 542
3 383 429 397
3 383 430 429
3 383 527 430
3 384 411 405
3 384 412 411
3 384 547 412
3 386 583 385
3 385 418 393
3 385 583 418
3 386 570 499
3 499 583 386
3 551 570 386
3 387 539 388
3 537 592 387
3 387 592 539
3 388 390 389
3 388 394 390
3 388 539 394
3 390 391 389
3 391 398 389
3 398 543 389
3 390 579 391
3 394 395 390
3 395 579 390
3 391 417 398
3 391 566 417
3 391 579 566
3 521 564 392
3 392 604 523
3 564 604 392
3 393 425 410
3 418 523 393
3 393 523 425
3 394 396 395
3 394 540 396
3 539 540 394
3 396 426 395
3 426 612 395
3 395 612 579
3 396 427 426
3 396 428 427
3 396 540 428
3 429 432 397
3 432 568 397
3 397 568 547
3 417 468 398
3 468 542 398
3 542 543 398
3 475 517 399
3 399 533 475
3 399 517 516
3 499 570 400
3 400 591 537
3 570 591 400
3 402 574 401
3 401 420 404
3 401 574 420
3 403 423 402
3 423 436 402
3 436 574 402
3 403 424 423
3 403 514 424
3 502 514 403
3 420 421 404
3 421 513 404
3 404 513 500
3 411 590 405
3 405 557 508
3 508 581 405
3 405 590 557
3 406 549 449
3 485 486 406
3 486 549 406
3 408 473 407
3 473 517 407
3 407 517 475
3 409 522 408
3 408 474 473
3 408 522 474
3 480 482 409
3 409 484 480
3 482 522 409
3 425 510 410
3 410 531 501
3 510 531 410
3 412 575 411
3 411 575 518
3 518 590 411
3 547 572 412
3 412 572 560
3 560 575 412
3 414 587 413
3 413 434 415
3 413 587 434
3 563 578 414
3 414 578 567
3 567 587 414
3 434 611 415
3 415 566 440
3 415 611 566
3 416 497 487
3 495 497 416
3 416 511 495
3 417 469 468
3 417 471 469
3 417 566 471
3 418 583 498
3 498 585 418
3 418 585 523
3 498 583 419
3 419 583 499
3 420 593 421
3 561 593 420
3 421 556 513
3 421 588 556
3 421 593 588
3 422 580 442
3 538 606 422
3 422 606 580
3 424 609 423
3 423 562 436
3 423 609 562
3 424 532 461
3 461 576 424
3 514 532 424
3 576 609 424
3 509 510 425
3 425 604 509
3 523 604 425
3 427 595 426
3 426 595 530
3 530 612 426
3 428 594 427
3 544 545 427
3 427 594 544
3 545 595 427
3 488 594 428
3 428 596 488
3 540 596 428
3 430 447 429
3 429 600 432
3 430 556 447
3 527 550 430
3 550 556 430
3 448 607 431
3 431 589 467
3 431 607 589
3 432 586 568
3 432 600 586
3 435 582 433
3 582 589 433
3 589 607 433
3 434 584 471
3 471 611 434
3 434 587 584
3 435 608 582
3 562 605 436
3 552 599 437
3 437 599 577
3 438 446 439
3 446 450 439
3 450 451 439
3 451 464 439
3 440 612 530
3 566 579 440
3 579 612 440
3 442 580 472
3 442 599 552
3 444 578 443
3 443 578 445
3 496 558 444
3 558 567 444
3 567 578 444
3 445 578 563
3 447 588 554
3 556 588 447
3 448 613 607
3 452 453 451
3 453 464 451
3 452 454 453
3 452 528 454
3 515 528 452
3 454 455 453
3 454 456 455
3 454 457 456
3 454 528 457
3 456 462 455
3 462 535 455
3 457 458 456
3 458 532 456
3 456 532 462
3 457 459 458
3 457 548 459
3 528 548 457
3 459 460 458
3 460 461 458
3 461 532 458
3 459 603 460
3 548 555 459
3 555 603 459
3 460 463 461
3 460 569 463
3 460 603 569
3 463 576 461
3 462 532 514
3 466 597 465
3 465 608 466
3 582 608 465
3 470 542 468
3 524 536 470
3 536 541 470
3 541 542 470
3 566 611 471
3 474 526 473
3 522 529 474
3 525 526 474
3 474 529 525
3 533 534 475
3 477 544 476
3 477 545 544
3 477 606 545
3 580 606 477
3 478 541 479
3 479 481 480
3 479 536 481
3 479 541 536
3 481 482 480
3 481 520 482
3 490 491 489
3 490 539 491
3 490 540 539
3 490 596 540
3 491 592 492
3 539 592 491
3 492 494 493
3 492 591 494
3 537 591 492
3 492 592 537
3 494 570 551
3 494 591 570
3 505 506 504
3 506 553 504
3 505 507 506
3 505 509 507
3 505 510 509
3 507 508 506
3 508 557 506
3 506 557 553
3 507 610 508
3 509 564 507
3 564 610 507
3 508 610 581
3 509 604 564
3 513 556 550
3 519 555 548
3 546 550 527
3 545 606 538
3 568 572 547
3 560 572 559
3 65 5 641
3 5 115 641
3 6 67 638
3 117 6 638
3 106 9 635
3 9 116 635
3 116 10 639
3 10 126 639
3 66 65 617
3 617 65 641
3 67 66 628
3 66 617 628
3 67 628 638
3 107 106 620
3 620 106 635
3 108 107 634
3 107 620 634
3 109 108 618
3 618 108 634
3 110 109 629
3 109 618 629
3 111 110 616
3 616 110 629
3 112 111 626
3 111 616 626
3 113 112 615
3 615 112 626
3 114 113 630
3 113 615 630
3 115 114 631
3 114 630 631
3 115 631 641
3 635 116 639
3 118 117 614
3 614 117 638
3 119 118 623
3 118 614 623
3 120 119 625
3 119 623 625
3 121 120 619
3 619 120 625
3 122 121 627
3 121 619 627
3 123 122 621
3 621 122 627
3 124 123 632
3 123 621 632
3 125 124 622
3 622 124 632
3 126 125 637
3 125 622 637
3 126 637 639
3 623 614 624
3 624 614 642
3 628 614 638
3 614 628 642
3 615 626 636
3 630 615 633
3 633 615 636
3 616 621 627
3 621 616 629
3 626 616 640
3 616 627 640
3 628 617 642
3 631 617 641
3 617 631 642
3 618 621 629
3 621 618 632
3 618 622 632
3 622 618 634
3 619 625 636
3 627 619 640
3 619 636 640
3 620 622 634
3 622 620 637
3 620 635 639
3 637 620 639
3 623 624 633
3 625 623 633
3 630 624 631
3 624 630 633
3 631 624 642
3 625 633 636
3 636 626 640
3 5 68 679
3 115 5 679
3 71 7 680
3 7 127 680
3 9 106 677
3 137 9 677
3 136 11 676
3 11 138 676
3 68 69 673
3 68 673 679
3 69 70 643
3 69 643 673
3 70 71 674
3 643 70 674
3 674 71 680
3 106 107 653
3 106 653 677
3 107 108 670
3 653 107 670
3 108 109 646
3 108 646 670
3 109 110 666
3 646 109 666
3 110 111 645
3 110 645 666
3 111 112 675
3 645 111 675
3 112 113 647
3 112 647 675
3 113 114 657
3 647 113 657
3 114 115 651
3 114 651 657
3 651 115 679
3 127 128 652
3 127 652 680
3 128 129 654
3 652 128 654
3 129 130 644
3 129 644 654
3 130 131 659
3 644 130 659
3 131 132 663
3 659 131 663
3 132 133 649
3 132 649 663
3 133 134 669
3 649 133 669
3 134 135 650
3 134 650 669
3 135 136 668
3 650 135 668
3 668 136 676
3 138 137 648
3 648 137 677
3 138 648 676
3 658 643 662
3 643 658 673
3 662 643 674
3 654 644 655
3 655 644 656
3 656 644 659
3 661 645 675
3 645 661 678
3 666 645 682
3 645 678 682
3 646 665 667
3 665 646 682
3 646 666 682
3 646 667 670
3 647 657 671
3 647 661 675
3 661 647 681
3 647 671 681
3 648 653 672
3 653 648 677
3 668 648 672
3 648 668 676
3 663 649 664
3 664 649 665
3 665 649 669
3 650 667 669
3 667 650 672
3 650 668 672
3 657 651 658
3 658 651 673
3 673 651 679
3 652 654 662
3 652 662 674
3 652 674 680
3 653 670 672
3 654 655 662
3 655 656 681
3 662 655 683
3 671 655 681
3 655 671 683
3 656 659 660
3 656 660 661
3 656 661 681
3 657 658 671
3 658 662 683
3 671 658 683
3 660 659 663
3 661 660 678
3 660 663 664
3 660 664 678
3 664 665 682
3 678 664 682
3 667 665 669
3 670 667 672
3 72 6 708
3 6 117 708
3 7 74 711
3 127 7 711
3 126 10 709
3 10 139 709
3 11 136 705
3 139 11 705
3 73 72 698
3 698 72 708
3 74 73 687
3 687 73 698
3 74 687 711
3 117 118 684
3 117 684 708
3 118 119 693
3 684 118 693
3 119 120 695
3 693 119 695
3 120 121 689
3 120 689 695
3 121 122 697
3 689 121 697
3 122 123 691
3 122 691 697
3 123 124 702
3 691 123 702
3 124 125 692
3 124 692 702
3 125 126 707
3 692 125 707
3 707 126 709
3 128 127 701
3 701 127 711
3 129 128 700
3 700 128 701
3 130 129 685
3 685 129 700
3 131 130 696
3 130 685 696
3 132 131 686
3 686 131 696
3 133 132 699
3 132 686 699
3 134 133 688
3 688 133 699
3 135 134 704
3 134 688 704
3 136 135 690
3 690 135 704
3 136 690 705
3 139 705 709
3 684 693 694
3 684 694 712
3 684 698 708
3 698 684 712
3 696 685 706
3 685 700 703
3 685 703 706
3 691 686 697
3 686 691 699
3 686 696 710
3 697 686 710
3 687 698 712
3 687 701 711
3 701 687 712
3 691 688 699
3 688 691 702
3 692 688 702
3 688 692 704
3 695 689 706
3 689 697 710
3 706 689 710
3 692 690 704
3 690 692 707
3 705 690 709
3 690 707 709
3 694 693 703
3 693 695 703
3 694 700 701
3 700 694 703
3 694 701 712
3 703 695 706
3 696 706 710
3 75 713 8
3 8 713 80
3 76 713 75
3 77 713 76
3 78 713 77
3 79 713 78
3 80 713 79
3 137 116 9
3 10 116 714
3 139 10 714
3 138 11 139
3 116 137 714
3 137 138 714
3 138 139 714
4 592 721 716 743
4 592 716 721 740
4 378 721 725 740
4 315 728 736 739
4 302 298 303 718
4 378 725 379 740
4 266 718 100 719
4 100 718 476 719
4 443 718 266 719
4 298 718 302 719
4 269 594 718 744
4 378 373 379 725
4 491 716 592 740
4 315 736 729 739
4 728 734 315 736
4 491 726 716 740
4 541 478 722 738
4 299 282 251 717
4 270 717 596 744
4 567 730 718 733
4 541 722 736 738
4 299 717 251 730
4 592 716 491 743
4 296 297 292 720
4 567 718 414 733
4 541 736 725 738
4 596 717 270 741
4 476 718 477 719
4 32 722 369 738
4 722 729 139 736
4 315 729 316 739
4 301 299 309 717
4 592 721 387 740
4 298 538 718 719
4 544 269 594 718
4 309 717 299 730
4 520 139 729 736
4 563 302 718 719
4 298 538 310 718
4 481 722 139 736
4 578 718 443 719
4 594 427 718 744
4 427 544 594 718
4 281 266 100 719
4 269 718 730 744
4 32 731 722 738
4 139 722 138 729
4 520 481 139 736
4 563 718 578 719
4 281 443 266 719
4 726 740 491 741
4 613 503 719 720
4 282 717 299 735
4 491 740 592 741
4 491 716 726 743
4 539 592 740 741
4 100 476 268 719
4 303 298 310 718
4 32 369 370 738
4 727 469 742 747
4 387 721 378 740
4 477 718 545 719
4 400 721 737 738
4 296 719 297 720
4 717 395 744 746
4 32 45 722 731
4 301 299 717 735
4 606 477 545 719
4 726 742 256 743
4 307 302 303 718
4 717 730 309 746
4 100 99 476 718
4 100 266 99 718
4 296 295 422 720
4 282 726 717 735
4 370 731 32 738
4 95 726 256 743
4 592 537 387 721
4 307 563 302 718
4 551 283 345 724
4 734 742 469 747
4 503 297 719 720
4 538 545 718 719
4 116 724 485 729
4 268 476 477 719
4 717 741 596 744
4 101 252 719 720
4 296 422 719 720
4 503 292 297 720
4 256 726 483 742
4 567 587 730 733
4 580 719 422 720
4 414 718 307 733
4 551 724 345 731
4 485 724 487 729
4 288 719 252 720
4 587 567 414 733
4 469 735 727 742
4 400 737 731 738
4 538 606 545 719
4 414 307 413 733
4 95 483 256 726
4 728 715 736 739
4 717 726 270 741
4 543 379 373 725
4 269 718 99 730
4 32 370 419 731
4 139 481 11 722
4 492 721 592 743
4 315 728 314 734
4 266 443 444 718
4 543 379 725 740
4 301 309 584 717
4 395 717 579 746
4 288 252 431 720
4 309 584 717 746
4 306 469 734 742
4 97 717 282 726
4 387 537 378 721
4 251 282 97 717
4 479 541 478 722
4 539 491 592 741
4 345 724 34 731
4 32 2 369 722
4 257 487 485 724
4 479 541 722 736
4 470 734 725 736
4 251 717 97 730
4 93 728 737 743
4 587 414 413 733
4 99 718 496 730
4 580 422 442 720
4 283 3 345 724
4 101 102 252 720
4 97 282 96 726
4 257 116 9 724
4 496 99 266 718
4 613 503 311 719
4 427 733 718 744
4 101 719 472 720
4 579 727 717 741
4 717 727 579 746
4 270 717 97 726
4 715 734 728 736
4 296 292 295 720
4 613 719 448 720
4 496 718 444 730
4 496 266 444 718
4 595 718 427 733
4 538 545 310 718
4 477 476 544 718
4 93 737 728 739
4 301 717 584 735
4 487 729 724 739
4 580 472 719 720
4 257 485 116 724
4 97 717 270 744
4 596 270 490 741
4 444 718 567 730
4 445 563 578 719
4 714 139 138 729
4 139 10 520 729
4 480 11 481 722
4 524 734 470 736
4 540 596 741 744
4 524 315 734 736
4 303 307 718 733
4 541 470 725 736
4 612 395 579 746
4 716 725 721 740
4 476 99 269 718
4 34 345 3 724
4 400 372 721 738
4 445 578 443 719
4 414 563 307 718
4 578 444 443 718
4 476 269 544 718
4 448 719 288 720
4 541 536 470 736
4 395 579 717 741
4 32 239 45 731
4 722 138 729 745
4 270 97 96 726
4 584 735 717 746
4 300 282 299 735
4 727 735 471 746
4 419 33 32 731
4 488 270 596 744
4 97 730 717 744
4 378 400 372 721
4 101 472 102 720
4 591 400 721 737
4 448 288 431 720
4 45 722 731 745
4 294 291 720 723
4 306 735 469 742
4 467 720 103 723
4 545 544 427 718
4 503 297 311 719
4 137 724 116 729
4 725 734 715 736
4 578 563 414 718
4 551 724 731 737
4 579 390 727 741
4 256 742 728 743
4 578 567 444 718
4 294 720 607 723
4 303 308 307 733
4 578 414 567 718
4 480 11 139 481
4 595 545 427 718
4 336 734 469 747
4 139 714 10 729
4 382 725 373 738
4 545 477 544 718
4 716 727 742 747
4 580 442 472 720
4 291 290 720 723
4 336 306 469 734
4 387 378 379 740
4 252 281 101 719
4 32 368 370 369
4 725 736 715 738
4 395 741 717 744
4 721 737 728 743
4 310 718 595 733
4 730 733 587 746
4 612 440 733 746
4 252 288 281 719
4 93 737 493 743
4 543 740 725 747
4 33 239 32 731
4 511 728 256 742
4 570 731 400 737
4 487 724 257 739
4 416 314 316 739
4 726 735 483 742
4 382 373 371 738
4 492 592 491 743
4 416 728 314 739
4 536 524 470 736
4 295 442 422 720
4 717 735 727 746
4 270 726 490 741
4 309 730 587 746
4 283 724 551 737
4 92 724 737 739
4 552 599 720 723
4 552 720 290 723
4 716 742 726 743
4 319 520 10 729
4 721 715 737 738
4 612 579 440 746
4 469 471 727 735
4 520 729 317 736
4 92 737 93 739
4 261 103 720 723
4 102 103 467 720
4 395 390 579 741
4 306 305 469 735
4 335 520 317 736
4 294 607 433 723
4 137 9 116 724
4 312 734 728 742
4 483 735 300 742
4 312 314 728 734
4 32 45 2 722
4 317 729 315 736
4 138 139 11 722
4 294 293 291 723
4 566 579 727 746
4 721 725 716 728
4 443 281 288 719
4 34 724 46 731
4 310 595 530 733
4 448 613 311 719
4 100 268 101 719
4 729 736 715 739
4 512 483 300 742
4 558 309 299 730
4 100 101 281 719
4 715 725 721 728
4 116 257 9 485
4 591 570 400 737
4 725 728 715 734
4 589 720 467 723
4 491 726 271 743
4 592 492 537 721
4 469 305 471 735
4 313 315 314 734
4 607 720 589 723
4 298 302 297 719
4 317 316 315 729
4 261 720 599 723
4 95 271 726 743
4 489 95 271 726
4 400 731 499 738
4 490 726 491 741
4 472 101 268 719
4 317 520 319 729
4 312 728 511 742
4 469 727 417 747
4 491 489 271 726
4 308 413 307 733
4 718 733 730 744
4 721 725 715 738
4 287 289 286 723
4 284 273 713 732
4 721 493 737 743
4 102 261 103 720
4 597 713 466 732
4 512 256 483 742
4 483 96 282 726
4 396 741 395 744
4 716 742 734 747
4 715 728 721 737
4 273 441 713 732
4 488 97 270 744
4 296 298 297 719
4 495 728 93 743
4 312 314 511 728
4 46 34 3 724
4 391 579 390 727
4 495 93 728 739
4 580 472 268 719
4 587 733 413 746
4 268 477 580 719
4 478 382 371 738
4 390 389 727 740
4 551 345 386 731
4 396 540 741 744
4 116 318 10 729
4 116 485 318 729
4 286 723 289 732
4 584 471 735 746
4 92 254 93 737
4 2 381 369 722
4 558 496 444 730
4 552 295 290 720
4 558 444 567 730
4 292 291 290 720
4 545 595 310 718
4 287 723 286 732
4 487 318 485 729
4 606 580 477 719
4 283 254 724 737
4 92 283 254 724
4 595 427 426 733
4 390 740 727 741
4 139 480 481 482
4 587 309 567 730
4 597 105 713 732
4 284 713 598 732
4 471 566 727 746
4 92 724 254 737
4 716 727 726 742
4 713 105 598 732
4 98 269 99 730
4 728 737 715 739
4 716 728 725 734
4 480 481 479 722
4 269 730 488 744
4 727 735 726 742
4 309 558 567 730
4 390 389 391 727
4 607 589 433 723
4 433 293 294 723
4 311 302 563 719
4 277 466 713 732
4 369 722 478 738
4 292 290 295 720
4 445 443 288 719
4 256 728 495 743
4 417 469 471 727
4 428 596 540 744
4 336 469 468 747
4 291 289 290 723
4 467 103 264 723
4 264 723 104 732
4 317 315 335 736
4 722 715 736 738
4 104 723 577 732
4 558 299 251 730
4 714 729 138 745
4 488 730 97 744
4 312 313 314 734
4 499 419 370 731
4 427 426 733 744
4 467 252 102 720
4 726 727 716 740
4 335 481 520 736
4 34 386 345 731
4 471 611 566 746
4 479 722 481 736
4 577 723 437 732
4 582 723 264 732
4 291 503 294 720
4 239 45 731 745
4 391 389 398 727
4 552 599 442 720
4 725 740 716 747
4 467 431 252 720
4 301 300 299 735
4 713 441 277 732
4 731 737 715 738
4 470 725 734 747
4 396 394 395 741
4 313 524 315 734
4 387 539 592 740
4 437 723 287 732
4 493 494 721 737
4 372 400 499 738
4 469 417 468 747
4 296 538 298 719
4 291 292 503 720
4 495 93 94 743
4 479 536 541 736
4 378 537 400 721
4 543 373 382 725
4 10 318 319 729
4 311 297 302 719
4 727 740 726 741
4 490 270 489 726
4 92 257 724 739
4 98 99 496 730
4 511 495 256 728
4 565 289 723 732
4 422 538 296 719
4 291 293 289 723
4 570 499 400 731
4 448 607 613 720
4 490 489 491 726
4 470 734 336 747
4 269 488 594 744
4 391 566 579 727
4 490 491 539 741
4 540 596 490 741
4 467 264 589 723
4 470 336 468 747
4 431 467 589 720
4 728 742 716 743
4 435 565 293 723
4 294 503 613 720
4 92 93 497 739
4 370 368 32 419
4 92 497 257 739
4 448 431 607 720
4 552 442 295 720
4 116 10 714 729
4 388 740 390 741
4 714 137 116 729
4 422 580 606 719
4 591 721 494 737
4 724 729 137 745
4 11 480 381 722
4 577 103 261 723
4 316 729 487 739
4 577 261 599 723
4 303 530 308 733
4 478 369 381 722
4 465 264 104 732
4 565 723 435 732
4 470 542 725 747
4 591 400 537 721
4 565 289 293 723
4 495 497 93 739
4 511 256 512 742
4 489 270 96 726
4 606 538 422 719
4 419 583 33 731
4 552 290 287 723
4 431 589 607 720
4 33 386 34 731
4 261 442 599 720
4 582 264 465 732
4 499 731 370 738
4 312 306 734 742
4 417 727 398 747
4 396 540 394 741
4 565 286 289 732
4 319 318 317 729
4 139 11 480 482
4 607 294 613 720
4 46 731 724 745
4 311 563 445 719
4 287 290 289 723
4 435 723 582 732
4 493 93 254 737
4 91 3 283 724
4 304 735 306 742
4 313 312 306 734
4 721 728 716 743
4 283 551 254 737
4 715 736 729 745
4 2 11 381 722
4 715 722 736 745
4 102 472 261 720
4 445 288 448 719
4 541 470 542 725
4 729 736 722 745
4 369 478 371 738
4 94 256 495 743
4 95 96 483 726
4 479 381 480 722
4 371 373 372 738
4 487 316 318 729
4 389 543 398 747
4 391 398 417 727
4 722 715 738 745
4 389 740 543 747
4 269 98 488 730
4 306 304 305 735
4 512 300 304 742
4 577 437 280 732
4 395 394 390 741
4 285 437 287 732
4 104 577 280 732
4 300 735 304 742
4 2 45 11 722
4 722 738 731 745
4 305 584 471 735
4 9 91 257 724
4 492 493 721 743
4 9 137 46 724
4 492 494 591 721
4 495 728 416 739
4 315 524 335 736
4 492 493 494 721
4 390 388 389 740
4 45 138 11 722
4 46 3 9 724
4 239 34 46 731
4 543 382 542 725
4 472 442 261 720
4 33 34 239 731
4 520 139 481 482
4 731 738 715 745
4 715 729 724 745
4 413 733 415 746
4 542 543 725 747
4 293 433 435 723
4 308 415 413 733
4 311 445 448 719
4 103 577 104 723
4 471 434 611 746
4 726 727 717 735
4 471 566 417 727
4 728 734 716 742
4 381 479 478 722
4 103 104 264 723
4 433 582 435 723
4 95 489 96 726
4 715 724 729 739
4 2 365 369 381
4 426 612 733 744
4 10 116 320 318
4 541 542 382 725
4 724 731 715 745
4 715 731 724 737
4 499 583 419 731
4 488 98 97 730
4 243 20 69 198
4 243 70 19 198
4 91 283 92 724
4 94 93 493 743
4 551 731 570 737
4 589 264 582 723
4 127 593 30 128
4 30 31 593 127
4 285 287 286 732
4 589 582 433 723
4 426 395 612 744
4 3 91 9 724
4 314 416 511 728
4 396 428 540 744
4 105 713 8 597
4 94 95 256 743
4 246 7 55 127
4 598 713 8 105
4 724 715 737 739
4 717 727 726 741
4 78 713 273 441
4 495 416 497 739
4 492 491 271 743
4 273 713 79 284
4 536 479 481 736
4 257 486 9 485
4 242 7 31 127
4 267 283 3 345
4 595 426 530 733
4 318 316 317 729
4 257 91 92 724
4 714 137 729 745
4 273 286 441 732
4 426 396 395 744
4 497 487 257 739
4 23 134 407 135
4 713 277 76 466
4 198 69 243 643
4 198 243 70 643
4 77 277 713 441
4 251 496 558 730
4 470 468 542 747
4 31 7 246 127
4 511 416 495 728
4 131 342 26 132
4 194 16 62 240
4 591 494 570 737
4 33 583 386 731
4 31 0 7 242
4 287 437 552 723
4 133 399 25 134
4 524 336 470 734
4 239 731 46 745
4 342 26 27 131
4 26 131 132 663
4 608 466 277 732
4 539 740 388 741
4 566 391 417 727
4 114 81 36 115
4 81 35 36 115
4 39 40 110 218
4 131 26 27 663
4 39 110 111 218
4 372 499 370 738
4 115 1 35 241
4 112 37 38 199
4 552 437 599 723
4 42 43 107 205
4 23 650 134 135
4 696 130 340 685
4 371 370 369 738
4 416 316 487 739
4 466 465 597 732
4 551 386 570 731
4 608 465 466 732
4 417 398 468 747
4 488 596 428 744
4 31 7 0 246
4 329 10 520 139
4 668 23 22 136
4 106 107 44 223
4 399 25 132 133
4 130 500 28 131
4 107 43 44 223
4 136 668 23 135
4 492 591 537 721
4 669 649 221 133
4 224 666 41 204
4 500 27 28 131
4 399 25 26 132
4 55 561 246 127
4 313 306 336 734
4 388 539 387 740
4 597 713 75 466
4 205 43 107 223
4 650 23 668 135
4 312 511 512 742
4 5 1 115 241
4 599 437 577 723
4 342 27 343 131
4 389 379 543 740
4 107 106 653 223
4 208 23 22 668
4 342 399 26 132
4 435 582 608 732
4 235 115 35 241
4 251 97 98 730
4 116 9 486 485
4 107 653 205 223
4 668 208 23 650
4 131 27 230 663
4 320 319 10 318
4 31 30 206 127
4 493 254 494 737
4 129 130 29 644
4 36 651 114 115
4 30 127 128 652
4 111 675 39 218
4 115 35 36 207
4 520 319 10 329
4 133 25 669 134
4 35 81 1 115
4 23 136 380 22
4 284 285 273 732
4 136 23 380 135
4 676 232 11 136
4 130 341 500 131
4 194 62 16 559
4 335 524 536 736
4 248 31 0 275
4 145 27 177 359
4 82 81 36 114
4 232 11 138 676
4 716 734 725 747
4 643 213 198 658
4 655 238 683 210
4 561 593 31 127
4 46 724 137 745
4 112 113 37 199
4 28 29 130 644
4 45 138 722 745
4 203 45 46 137
4 45 203 138 137
4 114 651 36 209
4 652 128 30 654
4 127 30 206 652
4 343 26 27 342
4 663 230 131 659
4 36 651 115 207
4 114 631 630 279
4 716 740 727 747
4 277 435 608 732
4 484 2 22 136
4 250 196 182 559
4 40 553 504 178
4 44 3 677 231
4 134 23 407 24
4 132 221 26 663
4 218 675 39 214
4 598 80 713 284
4 22 2 232 136
4 9 44 677 106
4 631 642 274 617
4 29 30 128 654
4 128 129 29 654
4 27 145 346 359
4 36 113 114 209
4 16 62 250 559
4 122 121 455 627
4 113 36 37 209
4 110 40 666 218
4 658 213 198 217
4 213 643 662 658
4 677 3 46 231
4 5 1 81 115
4 134 133 399 517
4 82 36 113 114
4 82 36 37 113
4 178 553 142 40
4 654 129 29 644
4 213 228 206 652
4 658 673 651 207
4 37 113 209 199
4 471 584 434 746
4 244 69 20 229
4 245 19 70 674
4 27 500 341 131
4 394 388 390 741
4 53 687 605 249
4 669 667 225 222
4 134 399 475 517
4 463 117 6 638
4 343 341 342 131
4 0 56 248 275
4 484 11 2 136
4 200 27 26 663
4 111 110 645 218
4 22 23 357 376
4 280 437 285 732
4 30 206 652 654
4 36 651 207 209
4 182 194 16 559
4 232 2 11 136
4 653 648 672 223
4 203 227 208 668
4 105 465 104 732
4 204 219 682 218
4 663 649 237 664
4 649 221 132 663
4 166 142 178 506
4 650 669 225 134
4 11 45 2 232
4 204 666 40 218
4 626 615 528 112
4 39 40 85 110
4 499 386 583 731
4 42 255 531 181
4 553 504 178 506
4 475 23 24 407
4 597 465 105 732
4 41 504 255 143
4 143 41 504 178
4 110 85 39 111
4 112 528 626 515
4 492 271 493 743
4 696 340 367 685
4 653 670 107 205
4 208 225 23 650
4 685 366 401 129
4 232 11 45 138
4 46 9 677 137
4 134 475 24 407
4 42 107 108 205
4 44 3 9 677
4 566 415 440 746
4 357 364 22 376
4 246 561 31 127
4 598 280 284 732
4 553 178 142 506
4 213 228 652 674
4 673 658 229 207
4 654 226 662 655
4 217 671 210 209
4 462 121 120 619
4 9 46 677 3
4 335 536 481 736
4 583 34 33 386
4 226 654 644 655
4 671 210 209 199
4 676 668 232 136
4 677 44 231 223
4 277 441 565 732
4 349 347 350 180
4 364 192 2 365
4 224 205 670 222
4 669 225 667 650
4 108 41 42 224
4 130 340 341 131
4 501 3 44 193
4 36 153 149 573
4 255 42 143 181
4 209 657 671 199
4 212 226 654 644
4 687 53 73 249
4 679 115 235 241
4 475 376 23 407
4 713 76 75 466
4 427 396 426 744
4 657 651 114 209
4 206 30 212 654
4 226 212 654 662
4 657 671 217 209
4 28 230 130 131
4 247 259 7 127
4 277 76 77 713
4 434 587 413 746
4 648 138 203 137
4 651 657 658 217
4 213 206 212 662
4 675 39 38 112
4 238 213 226 662
4 683 658 671 217
4 69 244 673 229
4 245 228 19 674
4 181 143 255 510
4 677 203 223 231
4 275 248 31 197
4 29 212 654 644
4 209 113 657 199
4 440 415 733 746
4 250 182 16 559
4 713 79 78 273
4 308 440 415 733
4 504 143 178 505
4 27 200 230 663
4 645 675 111 218
4 228 213 198 674
4 673 658 643 229
4 668 232 203 676
4 674 652 213 662
4 658 217 229 207
4 230 28 27 131
4 668 22 232 136
4 44 677 106 223
4 265 194 62 240
4 286 565 441 732
4 221 201 649 669
4 224 646 666 204
4 114 113 657 209
4 30 29 212 654
4 39 675 111 112
4 112 615 528 272
4 127 420 593 128
4 524 313 336 734
4 542 398 543 747
4 376 22 23 380
4 381 11 2 484
4 273 285 286 732
4 251 98 496 730
4 499 570 386 731
4 11 139 705 482
4 338 342 131 132
4 501 44 43 147
4 501 43 531 147
4 331 333 699 334
4 674 213 198 643
4 198 643 658 229
4 131 130 340 696
4 272 528 112 515
4 248 0 31 197
4 43 42 531 181
4 22 484 136 380
4 504 255 143 505
4 465 608 582 732
4 677 46 203 231
4 711 247 7 127
4 255 531 181 510
4 205 653 672 223
4 227 208 668 650
4 277 565 435 732
4 713 78 77 441
4 132 25 221 133
4 482 705 11 409
4 172 184 604 183
4 232 138 203 676
4 37 153 276 141
4 420 30 593 128
4 556 550 173 144
4 674 213 643 662
4 217 198 658 229
4 41 108 109 224
4 109 40 41 666
4 283 3 91 267
4 173 190 527 174
4 501 267 3 193
4 203 672 668 648
4 684 693 118 576
4 130 29 404 129
4 141 153 276 575
4 672 203 668 227
4 208 22 232 668
4 653 106 677 223
4 212 226 213 662
4 657 671 658 217
4 649 132 221 133
4 39 553 142 557
4 203 672 648 223
4 142 164 39 557
4 106 44 107 89
4 697 122 535 332
4 203 227 672 223
4 127 701 574 128
4 28 144 177 359
4 5 1 4 81
4 25 24 669 134
4 122 121 535 455
4 192 32 2 365
4 666 40 41 204
4 685 367 703 402
4 131 230 130 659
4 343 27 346 359
4 221 26 25 132
4 401 367 366 685
4 675 38 39 214
4 107 44 43 89
4 666 109 40 110
4 29 30 420 128
4 129 29 420 128
4 566 440 579 746
4 338 516 132 699
4 110 666 645 218
4 221 200 26 663
4 399 26 344 342
4 605 687 712 436
4 80 79 713 284
4 484 381 11 480
4 36 35 81 573
4 127 574 420 128
4 485 320 116 318
4 685 130 366 129
4 192 2 22 364
4 235 679 244 229
4 680 234 245 674
4 305 301 584 735
4 142 166 508 506
4 242 7 127 680
4 232 668 203 208
4 677 223 648 653
4 144 28 513 359
4 133 334 516 517
4 135 376 23 380
4 121 462 455 619
4 669 225 201 222
4 551 570 494 737
4 647 113 112 199
4 29 28 202 644
4 198 20 69 229
4 198 70 19 674
4 109 40 86 41
4 703 700 685 402
4 106 9 549 635
4 670 108 107 205
4 404 500 28 130
4 686 699 332 333
4 598 105 280 732
4 46 137 45 745
4 45 137 138 745
4 527 354 169 195
4 28 29 404 130
4 340 341 366 130
4 367 696 685 706
4 342 341 338 131
4 259 7 55 247
4 236 644 656 655
4 210 681 211 199
4 562 687 712 605
4 304 300 301 735
4 474 704 408 473
4 22 23 163 357
4 184 189 351 355
4 434 413 415 746
4 9 44 106 90
4 147 181 531 410
4 166 178 507 506
4 73 687 698 562
4 40 109 86 110
4 164 142 165 557
4 645 682 219 218
4 663 237 200 664
4 519 114 630 279
4 169 190 527 195
4 44 43 89 501
4 105 104 280 732
4 510 531 181 410
4 351 352 355 191
4 497 416 487 739
4 170 361 354 169
4 181 531 43 147
4 379 388 387 740
4 713 75 8 597
4 118 460 623 614
4 672 667 670 222
4 667 227 225 222
4 8 80 713 598
4 669 24 225 134
4 354 527 546 195
4 46 677 203 137
4 456 462 120 619
4 657 647 671 199
4 226 212 202 644
4 56 55 561 246
4 693 703 695 403
4 374 122 455 627
4 138 232 203 45
4 630 631 555 279
4 304 306 312 742
4 353 361 167 363
4 94 271 95 743
4 42 41 255 143
4 527 383 173 174
4 540 490 539 741
4 463 6 50 638
4 447 556 173 160
4 347 349 185 180
4 699 691 332 333
4 531 501 147 410
4 305 304 301 735
4 265 62 194 559
4 284 280 285 732
4 344 343 26 346
4 212 29 202 644
4 647 657 113 199
4 325 632 124 327
4 672 670 653 205
4 208 227 225 650
4 341 343 27 131
4 330 535 122 332
4 106 549 107 620
4 500 404 366 130
4 576 684 693 609
4 167 168 353 363
4 193 501 267 360
4 484 22 364 380
4 427 594 428 744
4 90 3 44 501
4 681 236 655 210
4 380 135 376 407
4 123 328 330 702
4 164 262 39 557
4 617 274 631 571
4 185 26 145 346
4 250 62 63 559
4 361 362 169 157
4 26 25 399 344
4 353 348 349 171
4 115 114 81 279
4 553 39 262 557
4 500 28 27 359
4 615 113 548 272
4 41 40 504 178
4 42 43 88 107
4 704 690 474 408
4 44 9 3 90
4 695 120 119 532
4 267 34 3 193
4 235 35 1 241
4 513 144 556 160
4 372 370 371 738
4 190 546 527 195
4 668 672 227 650
4 205 672 227 223
4 267 34 193 360
4 169 170 361 167
4 673 643 69 229
4 19 228 198 674
4 530 426 612 733
4 424 695 119 532
4 267 3 34 345
4 531 89 43 501
4 367 696 706 502
4 463 460 118 614
4 704 408 473 135
4 177 144 550 359
4 376 364 22 380
4 254 551 494 737
4 415 566 611 746
4 702 328 330 331
4 115 81 5 601
4 349 348 347 185
4 36 81 82 573
4 594 488 428 744
4 56 0 31 275
4 643 198 69 229
4 674 198 70 643
4 425 183 181 509
4 505 255 143 510
4 107 549 106 89
4 338 516 699 333
4 130 404 366 129
4 157 362 174 377
4 620 324 449 438
4 513 29 144 160
4 364 2 22 484
4 26 185 344 346
4 165 157 155 375
4 474 529 522 707
4 573 153 149 560
4 110 629 450 258
4 56 57 248 275
4 158 162 547 572
4 106 549 9 90
4 156 157 174 377
4 118 117 684 576
4 203 677 223 648
4 550 190 173 144
4 162 158 186 572
4 405 164 165 557
4 430 556 550 173
4 323 324 125 325
4 11 484 409 136
4 399 533 25 475
4 353 361 354 170
4 203 648 668 676
4 610 166 167 363
4 233 663 664 660
4 678 219 215 218
4 688 331 699 334
4 343 27 500 341
4 513 550 144 359
4 550 546 190 177
4 23 534 357 376
4 349 171 185 180
4 394 539 388 741
4 40 86 85 110
4 83 37 38 112
4 704 474 526 473
4 11 480 482 409
4 364 192 365 358
4 527 383 430 173
4 366 341 500 130
4 701 574 700 402
4 408 473 135 407
4 693 119 118 424
4 9 486 257 91
4 348 349 171 185
4 118 460 461 623
4 326 632 325 327
4 1 81 35 602
4 486 549 9 635
4 136 484 409 380
4 222 667 646 220
4 685 401 367 700
4 630 113 548 615
4 343 500 27 359
4 51 708 117 263
4 265 62 61 240
4 705 409 408 136
4 135 136 408 380
4 3 90 267 501
4 340 338 341 131
4 677 203 137 648
4 53 687 562 605
4 679 673 244 229
4 228 245 234 674
4 708 6 51 117
4 143 178 507 179
4 124 525 125 325
4 694 701 700 402
4 177 27 28 359
4 507 508 166 506
4 193 385 393 360
4 203 138 648 676
4 134 704 473 407
4 593 561 420 127
4 508 165 142 557
4 365 192 32 358
4 454 452 640 626
4 120 695 514 532
4 385 34 583 386
4 462 456 455 619
4 367 685 700 402
4 85 40 39 553
4 66 48 274 617
4 461 458 119 623
4 420 404 29 129
4 623 460 459 624
4 627 455 454 640
4 304 312 512 742
4 195 546 348 145
4 328 124 123 327
4 604 564 172 183
4 634 620 449 438
4 553 40 39 142
4 421 513 556 160
4 355 184 189 191
4 505 178 504 506
4 274 555 642 631
4 696 367 340 502
4 583 33 34 385
4 455 627 619 640
4 635 9 486 116
4 690 474 522 707
4 217 658 651 207
4 206 213 652 662
4 66 274 628 617
4 31 206 234 127
4 74 54 247 711
4 547 186 158 572
4 82 81 114 279
4 694 684 712 423
4 121 689 697 339
4 158 156 397 377
4 534 146 23 357
4 620 634 622 438
4 84 38 39 112
4 355 189 351 191
4 352 351 189 191
4 535 122 455 374
4 194 186 140 586
4 680 127 234 652
4 687 73 53 562
4 172 184 392 604
4 646 109 108 224
4 25 24 201 669
4 167 361 169 157
4 275 31 56 561
4 34 267 345 360
4 633 624 459 630
4 635 620 322 449
4 379 389 388 740
4 111 110 85 258
4 350 352 189 146
4 189 351 349 521
4 665 667 222 220
4 549 253 107 620
4 401 574 700 128
4 694 693 684 423
4 111 84 39 112
4 704 134 135 407
4 655 226 238 210
4 671 655 683 210
4 473 688 134 517
4 190 430 550 173
4 406 635 322 449
4 145 546 348 346
4 700 685 401 129
4 617 641 65 571
4 29 513 421 160
4 619 454 455 640
4 4 5 81 601
4 460 603 459 624
4 507 178 143 505
4 37 36 82 276
4 353 361 170 167
4 363 610 168 179
4 41 40 86 504
4 698 684 708 263
4 554 447 187 148
4 687 712 698 562
4 430 447 556 173
4 173 556 144 160
4 521 353 171 168
4 243 19 20 198
4 69 70 243 643
4 192 364 357 358
4 680 245 71 674
4 235 244 21 229
4 167 157 165 581
4 49 66 274 628
4 194 182 265 559
4 424 693 695 403
4 168 167 166 363
4 667 665 646 220
4 201 665 222 220
4 644 202 236 656
4 681 647 211 199
4 164 405 590 557
4 542 468 398 747
4 134 473 517 407
4 154 153 141 575
4 190 527 430 173
4 573 36 153 276
4 427 428 396 744
4 655 236 226 210
4 655 671 681 210
4 192 356 150 358
4 711 687 74 249
4 702 124 328 692
4 525 328 124 692
4 0 31 234 242
4 115 679 5 241
4 700 401 367 402
4 651 679 115 207
4 127 206 234 652
4 88 43 42 531
4 452 454 528 626
4 242 18 71 680
4 235 21 68 241
4 408 704 690 135
4 463 118 460 461
4 324 620 622 438
4 636 457 528 615
4 322 637 324 449
4 430 550 527 190
4 117 6 51 463
4 37 83 38 518
4 380 408 135 407
4 151 585 152 523
4 510 181 425 410
4 42 87 41 108
4 375 155 165 405
4 646 224 222 220
4 519 630 555 279
4 516 699 333 334
4 2 364 365 484
4 645 682 678 219
4 233 200 237 664
4 352 356 163 357
4 576 693 118 424
4 453 627 454 640
4 547 158 397 377
4 711 701 687 436
4 402 694 701 436
4 550 546 527 190
4 133 688 334 517
4 424 119 118 461
4 52 73 698 562
4 328 525 124 325
4 576 117 684 263
4 108 670 646 224
4 24 225 201 669
4 605 711 687 436
4 275 57 248 197
4 181 147 425 410
4 156 158 154 547
4 200 233 663 664
4 219 678 645 218
4 322 637 126 323
4 122 697 691 332
4 1 4 81 602
4 501 193 410 360
4 183 181 188 425
4 326 618 622 632
4 521 349 189 171
4 140 175 432 568
4 513 500 28 404
4 381 2 365 484
4 143 181 183 509
4 189 349 350 180
4 386 385 34 345
4 123 122 330 374
4 216 656 661 211
4 530 440 308 733
4 61 194 265 240
4 17 196 182 250
4 120 695 689 514
4 533 25 185 344
4 623 460 624 614
4 533 185 347 344
4 344 185 347 346
4 321 322 126 323
4 409 522 705 408
4 37 83 113 112
4 9 549 486 90
4 513 28 500 359
4 158 162 154 547
4 546 195 177 145
4 353 348 171 170
4 385 151 193 393
4 688 704 473 134
4 661 660 216 215
4 626 111 112 515
4 424 514 695 532
4 394 540 539 741
4 85 86 40 553
4 258 111 616 515
4 525 529 474 707
4 701 574 402 436
4 617 65 48 571
4 459 548 633 630
4 39 38 262 164
4 354 546 348 195
4 259 247 711 127
4 693 695 119 424
4 706 685 367 403
4 392 184 351 355
4 165 508 405 557
4 324 622 125 325
4 211 661 216 215
4 216 656 660 661
4 324 125 637 323
4 625 458 457 633
4 402 367 703 403
4 632 123 124 327
4 116 486 635 406
4 180 347 350 533
4 410 193 393 360
4 181 425 509 510
4 183 564 179 509
4 233 216 200 660
4 678 661 645 215
4 581 166 167 610
4 156 158 547 377
4 423 562 712 436
4 526 688 704 473
4 350 352 351 189
4 547 158 186 568
4 157 156 155 384
4 15 14 60 140
4 88 42 107 108
4 110 86 85 258
4 135 473 704 407
4 614 569 603 642
4 420 259 574 127
4 430 383 429 173
4 124 328 325 327
4 42 41 87 255
4 533 24 25 475
4 641 631 115 279
4 107 253 549 89
4 151 193 34 385
4 534 180 350 533
4 423 694 703 402
4 626 528 452 515
4 344 26 343 342
4 255 88 42 531
4 439 618 632 464
4 215 645 678 218
4 663 233 200 660
4 458 119 623 625
4 526 702 328 692
4 688 473 334 517
4 89 106 44 90
4 707 529 126 323
4 108 87 41 109
4 482 522 705 409
4 535 121 697 339
4 168 353 170 167
4 194 61 15 240
4 48 66 65 617
4 498 33 32 419
4 569 67 49 628
4 581 157 165 375
4 353 349 521 171
4 560 575 153 412
4 610 363 564 179
4 560 153 162 412
4 142 166 165 508
4 637 620 324 449
4 609 712 684 423
4 600 60 14 140
4 457 454 456 636
4 174 527 362 169
4 553 86 40 504
4 619 456 454 636
4 682 646 220 204
4 649 201 237 665
4 143 181 509 510
4 409 408 136 380
4 610 166 168 179
4 178 166 507 179
4 520 329 139 482
4 686 699 691 332
4 710 697 339 337
4 564 363 168 179
4 83 82 37 113
4 52 698 263 562
4 614 603 624 642
4 183 179 143 509
4 253 634 620 449
4 67 569 638 628
4 12 57 58 554
4 532 119 458 625
4 55 54 259 247
4 338 516 342 132
4 609 684 693 423
4 513 28 29 404
4 624 459 623 633
4 516 132 699 133
4 265 194 61 586
4 517 475 134 407
4 157 361 362 375
4 385 193 34 360
4 377 157 362 375
4 550 546 177 359
4 689 121 462 339
4 123 124 328 702
4 362 527 354 169
4 349 189 171 180
4 271 94 493 743
4 12 57 554 197
4 464 451 439 629
4 63 64 17 278
4 629 451 450 258
4 707 529 522 709
4 262 38 518 164
4 176 429 432 175
4 16 17 182 250
4 323 125 525 325
4 701 700 574 128
4 258 85 111 515
4 135 23 376 407
4 636 528 454 626
4 144 550 190 177
4 458 459 457 633
4 423 703 693 403
4 186 194 265 586
4 195 190 546 177
4 548 528 457 615
4 194 15 61 586
4 687 711 605 249
4 170 348 185 145
4 526 474 704 692
4 707 126 125 323
4 532 458 119 461
4 68 679 235 241
4 242 234 18 680
4 702 526 331 688
4 201 237 221 649
4 646 682 666 204
4 66 48 49 274
4 361 362 354 169
4 157 167 361 375
4 327 123 330 374
4 184 152 355 523
4 330 122 691 332
4 610 167 581 363
4 186 547 568 572
4 686 691 697 332
4 147 501 193 410
4 684 698 712 562
4 24 180 534 533
4 179 507 143 509
4 259 55 7 127
4 146 352 163 357
4 258 616 452 515
4 158 397 175 568
4 139 329 522 482
4 528 454 457 636
4 449 253 634 438
4 340 338 131 686
4 609 693 576 424
4 350 352 146 534
4 328 525 526 692
4 275 554 57 197
4 634 107 253 620
4 560 149 278 559
4 272 113 548 519
4 19 18 228 245
4 244 68 69 673
4 700 703 694 402
4 279 115 641 601
4 149 196 35 573
4 462 120 689 514
4 114 113 82 519
4 504 87 41 255
4 641 47 65 571
4 326 622 618 438
4 553 142 557 506
4 351 172 392 521
4 319 10 329 321
4 174 190 527 169
4 605 712 562 436
4 328 702 526 331
4 624 460 603 614
4 84 39 85 111
4 401 700 129 128
4 686 131 340 696
4 348 171 170 185
4 87 86 41 109
4 117 708 684 263
4 157 156 384 375
4 175 140 186 568
4 155 154 141 411
4 154 162 153 412
4 451 453 616 629
4 624 555 459 630
4 133 516 399 517
4 351 349 350 189
4 459 458 623 633
4 706 703 685 403
4 136 408 690 135
4 694 703 693 423
4 640 636 454 626
4 367 706 403 502
4 188 151 152 523
4 168 521 353 363
4 162 154 547 412
4 447 588 160 148
4 196 17 64 278
4 616 629 110 258
4 43 88 107 89
4 393 147 193 410
4 262 85 39 553
4 161 447 173 160
4 549 253 620 449
4 274 555 603 642
4 321 126 529 323
4 564 172 392 604
4 162 182 149 560
4 486 549 635 406
4 518 37 276 141
4 121 120 689 462
4 276 153 573 560
4 352 146 534 357
4 526 688 473 334
4 14 13 59 176
4 404 401 366 129
4 457 456 625 636
4 119 118 461 623
4 146 189 350 180
4 463 118 117 614
4 151 34 33 385
4 124 125 525 692
4 20 21 244 229
4 245 70 71 674
4 453 451 621 629
4 480 11 484 409
4 161 187 447 148
4 276 518 141 575
4 66 49 67 628
4 408 690 705 136
4 263 117 51 463
4 154 155 384 411
4 35 36 149 573
4 696 710 502 337
4 123 330 328 327
4 620 637 322 449
4 239 46 45 745
4 714 138 137 745
4 667 672 227 222
4 602 1 64 196
4 454 452 453 640
4 454 455 627 453
4 439 621 464 629
4 486 116 485 406
4 216 236 202 656
4 647 661 681 211
4 109 450 86 110
4 384 155 157 375
4 180 185 347 533
4 639 635 620 322
4 615 548 528 272
4 692 525 474 707
4 707 522 690 709
4 144 556 550 513
4 622 124 125 325
4 502 340 696 337
4 411 154 141 575
4 90 44 89 501
4 457 636 633 615
4 523 151 585 418
4 693 424 423 403
4 187 12 58 554
4 548 113 630 519
4 616 453 621 629
4 50 51 6 463
4 234 18 0 242
4 679 68 5 241
4 50 569 463 638
4 179 172 564 183
4 461 460 458 623
4 194 140 15 586
4 339 689 710 502
4 41 86 87 504
4 47 48 65 571
4 548 459 555 630
4 191 189 352 146
4 120 119 532 625
4 191 356 585 150
4 123 330 691 702
4 633 548 457 615
4 274 555 631 571
4 418 151 33 385
4 399 25 533 344
4 632 326 439 464
4 585 152 191 150
4 712 694 423 436
4 162 182 560 572
4 502 710 339 337
4 617 48 274 571
4 160 588 30 148
4 110 450 86 258
4 532 456 120 625
4 156 157 377 375
4 631 641 571 279
4 526 331 688 334
4 697 122 121 535
4 701 574 259 127
4 175 186 158 568
4 450 109 629 110
4 156 397 159 158
4 38 518 164 141
4 562 712 609 423
4 189 172 521 171
4 688 133 134 517
4 569 614 628 642
4 365 32 368 358
4 384 156 154 547
4 326 632 327 464
4 383 429 173 159
4 229 235 679 207
4 234 680 652 674
4 600 429 432 176
4 113 615 112 272
4 679 651 673 207
4 206 228 234 652
4 706 689 514 502
4 44 501 193 147
4 705 139 522 482
4 393 425 147 410
4 167 157 581 375
4 351 189 172 521
4 646 224 220 204
4 665 649 201 669
4 574 401 700 402
4 604 183 425 509
4 621 627 453 616
4 486 9 90 91
4 709 329 10 321
4 278 35 196 573
4 129 420 401 128
4 320 10 319 321
4 118 576 424 461
4 90 9 3 91
4 439 618 621 629
4 695 514 424 403
4 673 244 68 679
4 18 228 245 234
4 559 560 182 572
4 146 163 23 357
4 588 30 148 593
4 43 88 89 531
4 702 330 691 331
4 625 456 619 636
4 523 188 151 393
4 397 432 175 568
4 459 458 460 623
4 337 686 332 333
4 703 367 685 403
4 404 420 401 129
4 155 141 164 411
4 514 462 120 532
4 259 420 561 127
4 434 415 611 746
4 620 637 639 322
4 638 569 463 614
4 406 549 635 449
4 625 623 458 633
4 171 172 521 168
4 73 72 52 698
4 522 705 690 709
4 327 632 123 621
4 191 352 356 163
4 699 691 331 688
4 1 17 64 196
4 192 498 32 358
4 549 106 89 90
4 259 561 55 127
4 355 392 184 523
4 421 588 30 160
4 509 507 143 505
4 51 72 708 263
4 409 705 11 136
4 71 7 242 680
4 332 339 697 337
4 686 338 132 699
4 518 38 37 141
4 530 612 440 733
4 656 236 655 681
4 211 236 681 210
4 320 639 10 321
4 450 618 439 629
4 621 632 618 464
4 192 150 356 163
4 529 329 709 321
4 196 149 278 573
4 183 604 564 509
4 73 52 53 562
4 350 146 180 534
4 627 121 455 619
4 425 147 188 393
4 575 154 153 412
4 156 174 383 377
4 459 548 457 633
4 636 625 457 633
4 564 507 179 509
4 322 324 637 323
4 247 54 259 711
4 384 154 411 412
4 260 59 13 176
4 169 362 174 157
4 585 152 150 151
4 233 660 678 215
4 618 326 438 439
4 451 450 439 629
4 602 35 1 196
4 165 581 375 405
4 229 679 673 207
4 652 228 234 674
4 560 182 149 559
4 197 275 554 148
4 147 151 188 393
4 447 554 588 148
4 522 329 139 709
4 533 534 24 475
4 186 182 162 572
4 641 571 279 601
4 180 25 185 533
4 505 507 178 506
4 322 639 320 321
4 699 691 333 331
4 535 462 121 339
4 153 276 575 560
4 641 5 47 601
4 709 126 529 321
4 458 456 532 625
4 84 38 83 518
4 192 150 498 358
4 165 155 164 405
4 664 649 237 665
4 219 682 220 204
4 329 522 529 709
4 148 30 31 593
4 637 622 125 324
4 253 446 634 438
4 356 498 150 358
4 518 262 164 590
4 170 354 348 195
4 576 118 117 463
4 196 602 35 278
4 554 187 12 197
4 156 159 397 377
4 514 695 706 403
4 450 109 618 629
4 142 508 557 506
4 109 108 87 446
4 374 327 123 621
4 634 618 622 438
4 109 87 450 446
4 412 547 162 572
4 150 498 32 192
4 624 603 555 642
4 505 143 509 510
4 174 362 383 377
4 332 697 686 337
4 188 523 425 393
4 690 705 522 408
4 140 60 15 586
4 619 120 456 625
4 161 429 260 176
4 641 115 5 601
4 355 356 585 191
4 339 514 689 502
4 165 166 167 581
4 689 706 710 502
4 47 65 5 641
4 656 216 236 211
4 656 681 661 211
4 3 90 91 267
4 126 639 322 321
4 278 602 35 573
4 182 186 265 572
4 31 275 148 593
4 455 374 627 453
4 622 637 620 324
4 590 155 164 411
4 140 600 60 586
4 424 609 693 423
4 704 688 526 692
4 620 635 549 449
4 186 194 182 265
4 87 88 42 255
4 112 111 84 515
4 564 168 172 179
4 629 616 451 258
4 85 84 111 515
4 36 37 153 276
4 699 686 338 333
4 339 697 535 332
4 581 361 167 375
4 166 165 508 581
4 568 140 186 586
4 144 28 29 513
4 518 84 38 262
4 456 458 457 625
4 549 106 635 620
4 108 107 253 634
4 568 186 265 586
4 39 38 84 262
4 581 165 508 405
4 610 168 166 363
4 324 326 622 325
4 585 152 355 191
4 196 64 602 278
4 609 684 712 562
4 522 474 690 408
4 160 161 447 148
4 30 588 421 593
4 403 706 514 502
4 108 107 88 253
4 170 171 353 168
4 148 275 588 593
4 235 1 21 241
4 456 120 462 532
4 447 187 260 554
4 569 49 274 628
4 559 182 265 572
4 86 87 450 109
4 419 498 33 583
4 575 411 154 412
4 630 555 548 519
4 600 260 429 176
4 705 522 139 709
4 604 184 392 523
4 215 211 661 214
4 656 659 216 660
4 121 462 535 455
4 188 604 183 425
4 181 147 188 425
4 119 424 532 461
4 374 123 122 621
4 25 26 185 344
4 253 446 108 634
4 446 450 109 618
4 661 678 660 215
4 660 233 216 215
4 590 262 164 557
4 57 12 248 197
4 688 702 526 692
4 639 635 322 406
4 446 618 634 438
4 331 691 702 688
4 569 50 67 638
4 362 383 527 174
4 172 521 168 564
4 189 351 172 392
4 85 39 84 262
4 703 423 402 403
4 253 107 88 89
4 377 384 156 375
4 405 155 164 590
4 692 125 525 707
4 402 423 694 436
4 139 329 10 709
4 547 397 158 568
4 555 624 642 631
4 709 10 126 321
4 660 664 233 678
4 219 233 678 215
4 146 23 24 534
4 474 690 704 692
4 348 353 354 170
4 83 113 112 272
4 275 588 554 148
4 569 460 463 614
4 149 153 162 560
4 605 54 53 249
4 464 621 451 629
4 348 170 195 145
4 37 82 83 276
4 363 168 521 564
4 615 528 636 626
4 5 4 47 601
4 621 327 632 464
4 163 191 352 146
4 125 126 637 323
4 42 88 87 108
4 114 115 631 279
4 446 108 88 253
4 547 384 156 377
4 4 1 64 602
4 368 32 498 358
4 696 710 706 502
4 604 188 184 523
4 665 201 237 220
4 682 646 665 220
4 122 535 330 374
4 455 456 454 619
4 49 50 67 569
4 237 664 665 682
4 220 237 682 219
4 108 88 87 446
4 405 384 155 411
4 711 259 701 436
4 581 167 361 363
4 132 131 338 686
4 583 498 33 418
4 30 29 421 160
4 58 59 13 260
4 507 610 564 179
4 176 161 429 175
4 116 320 485 406
4 632 326 618 439
4 703 706 695 403
4 176 600 14 140
4 642 628 274 617
4 464 451 621 453
4 83 37 276 518
4 474 526 525 692
4 618 439 621 464
4 180 146 24 534
4 418 523 151 393
4 636 454 619 640
4 83 38 84 112
4 706 689 695 514
4 173 429 430 161
4 571 641 47 601
4 610 507 166 179
4 150 191 356 163
4 352 356 355 191
4 322 320 639 406
4 161 173 429 159
4 556 447 588 160
4 116 639 10 320
4 259 711 605 436
4 514 689 462 339
4 156 154 155 384
4 571 555 631 279
4 616 110 111 258
4 432 140 568 586
4 180 24 25 533
4 474 690 692 707
4 152 585 355 523
4 374 621 627 453
4 618 446 450 439
4 687 701 712 436
4 32 33 498 150
4 682 665 237 220
4 173 430 447 161
4 574 401 420 128
4 368 498 32 419
4 345 385 34 360
4 576 118 463 461
4 460 569 603 614
4 260 187 447 161
4 375 384 155 405
4 638 463 117 614
4 614 638 569 628
4 639 126 10 321
4 12 58 13 187
4 681 656 236 211
4 247 7 74 711
4 166 508 507 610
4 682 237 664 219
4 126 639 637 322
4 151 150 585 418
4 151 147 193 393
4 33 583 418 385
4 432 176 175 140
4 152 184 355 191
4 383 159 174 156
4 340 686 696 337
4 72 51 52 263
4 694 712 701 436
4 150 33 498 418
4 188 152 184 523
4 383 159 156 377
4 602 81 35 573
4 333 691 332 331
4 263 576 117 463
4 274 603 569 642
4 320 116 639 406
4 340 338 686 337
4 429 260 447 161
4 197 31 275 148
4 600 14 59 176
4 631 641 617 571
4 421 513 29 404
4 429 447 430 161
4 67 50 6 638
4 385 418 151 393
4 122 374 621 627
4 628 274 569 642
4 83 82 113 519
4 59 260 600 176
4 73 74 687 249
4 162 560 412 572
4 630 548 633 615
4 446 109 108 618
4 272 112 84 515
4 446 618 438 439
4 622 326 324 438
4 184 189 172 392
4 12 0 248 197
4 159 173 383 174
4 260 187 161 176
4 621 374 327 464
4 452 453 640 616
4 184 188 604 183
4 555 624 631 630
4 33 150 151 418
4 573 82 36 276
4 351 189 184 392
4 432 600 176 140
4 691 122 330 123
4 61 15 60 586
4 149 278 573 560
4 711 54 259 605
4 590 405 155 411
4 701 259 574 436
4 697 710 686 337
4 678 664 233 219
4 710 697 689 339
4 519 82 114 279
4 354 170 169 195
4 260 13 58 187
4 172 392 521 564
4 51 72 6 708
4 616 452 451 258
4 159 383 397 377
4 337 338 686 333
4 187 260 13 176
4 710 696 686 337
4 175 161 429 159
4 432 600 140 586
4 640 453 627 616
4 453 452 451 616
4 263 684 576 609
4 556 588 421 160
4 112 84 83 272
4 621 374 464 453
4 194 15 16 240
4 554 187 197 148
4 707 126 529 709
4 108 446 618 634
4 421 30 593 420
4 518 164 141 411
4 113 114 630 519
4 397 432 429 175
4 14 59 60 600
4 31 275 593 561
4 154 384 547 412
4 429 383 397 159
4 58 260 187 554
4 711 701 259 127
4 523 604 188 425
4 498 585 150 418
4 356 498 585 150
4 237 233 664 219
4 664 678 682 219
4 397 175 159 158
4 568 265 186 572
4 691 330 332 331
4 603 555 459 624
4 508 166 581 610
4 164 518 590 411
4 175 429 397 159
4 279 81 115 601
4 616 640 452 626
4 116 635 639 406
4 272 83 113 519
4 411 141 518 575
4 738 725 372 721
4 738 372 725 373
4 378 372 725 721
4 378 725 372 373
4 738 541 382 725
4 738 382 541 478
4 739 314 315 728
4 739 315 314 316
4 744 612 746 395
4 744 746 612 733
4 735 483 282 726
4 735 282 483 300
4 733 310 303 530
4 733 303 310 718
4 365 32 369 368
4 365 369 32 2
4 744 746 730 717
4 730 746 744 733
4 747 389 727 398
4 747 727 389 740
4 31 246 56 561
4 56 246 31 0
4 366 685 340 130
4 340 685 366 367
4 132 399 516 342
4 516 399 132 133
4 145 359 546 346
4 546 359 145 177
4 651 209 217 207
4 217 209 651 657
4 206 654 662 652
4 662 654 206 212
4 27 346 26 343
4 26 346 27 145
4 587 584 746 434
4 746 584 587 309
4 222 646 670 224
4 222 670 646 667
4 222 669 665 201
4 222 665 669 667
4 655 238 662 683
4 655 662 238 226
4 683 210 217 671
4 217 210 683 238
4 662 658 217 213
4 217 658 662 683
4 217 238 662 213
4 662 238 217 683
4 659 644 230 130
4 28 230 644 130
4 28 644 230 202
4 214 199 675 38
4 112 675 199 38
4 112 199 675 647
4 711 249 54 605
4 54 249 711 74
4 224 109 666 646
4 224 666 109 41
4 669 25 221 201
4 221 25 669 133
4 323 707 525 125
4 323 525 707 529
4 221 663 237 200
4 237 663 221 649
4 666 218 682 645
4 682 218 666 204
4 25 475 134 399
4 134 475 25 24
4 325 632 622 124
4 325 622 632 326
4 420 29 421 30
4 420 421 29 404
4 230 216 660 200
4 660 216 230 659
4 660 663 230 200
4 230 663 660 659
4 675 661 215 645
4 215 661 675 214
4 215 218 675 645
4 675 218 215 214
4 133 334 699 516
4 133 699 334 688
4 346 185 348 145
4 346 348 185 347
4 23 475 534 376
4 534 475 23 24
4 22 357 192 364
4 192 357 22 163
4 72 263 698 708
4 698 263 72 52
4 515 616 626 111
4 515 626 616 452
4 671 199 681 210
4 681 199 671 647
4 644 226 236 202
4 236 226 644 655
4 225 134 23 650
4 23 134 225 24
4 205 108 224 670
4 205 224 108 42
4 672 205 222 670
4 222 205 672 227
4 650 227 667 672
4 650 667 227 225
4 559 278 250 196
4 559 250 278 63
4 17 250 278 196
4 17 278 250 63
4 684 562 263 698
4 263 562 684 609
4 559 196 149 278
4 559 149 196 182
4 680 18 245 234
4 680 245 18 71
4 235 68 244 679
4 235 244 68 21
4 357 192 356 163
4 356 192 357 358
4 234 127 242 31
4 242 127 234 680
4 235 115 207 35
4 235 207 115 679
4 644 230 656 659
4 644 656 230 202
4 216 656 230 659
4 216 230 656 202
4 199 675 211 214
4 199 211 675 647
4 661 211 675 214
4 661 675 211 647

CELL_TYPES 3888
1
1
1
1
1
1
1
1
1
1
1
1
3
3
3
3
3
3
3
3
3
3
3
3
3
3
3
3
3
3
3
3
3
3
3
3
3
3
3
3
3
3
3
3
3
3
3
3
3
3
3
3
3
3
3
3
3
3
3
3
3
3
3
3
3
3
3
3
3
3
3
3
3
3
3
3
3
3
3
3
3
3
3
3
3
3
3
3
3
3
3
3
3
3
3
3
3
3
3
3
3
3
3
3
3
3
3
3
3
3
3
3
3
3
3
3
3
3
3
3
3
3
3
3
3
3
3
3
3
3
3
3
3
3
3
3
3
3
3
3
3
3
3
3
3
3
3
3
3
3
3
3
3
3
3
3
3
3
5
5
5
5
5
5
5
5
5
5
5
5
5
5
5
5
5
5
5
5
5
5
5
5
5
5
5
5
5
5
5
5
5
5
5
5
5
5
5
5
5
5
5
5
5
5
5
5
5
5
5
5
5
5
5
5
5
5
5
5
5
5
5
5
5
5
5
5
5
5
5
5
5
5
5
5
5
5
5
5
5
5
5
5
5
5
5
5
5
5
5
5
5
5
5
5
5
5
5
5
5
5
5
5
5
5
5
5
5
5
5
5
5
5
5
5
5
5
5
5
5
5
5
5
5
5
5
5
5
5
5
5
5
5
5
5
5
5
5
5
5
5
5
5
5
5
5
5
5
5
5
5
5
5
5
5
5
5
5
5
5
5
5
5
5
5
5
5
5
5
5
5
5
5
5
5
5
5
5
5
5
5
5
5
5
5
5
5
5
5
5
5
5
5
5
5
5
5
5
5
5
5
5
5
5
5
5
5
5
5
5
5
5
5
5
5
5
5
5
5
5
5
5
5
5
5
5
5
5
5
5
5
5
5
5
5
5
5
5
5
5
5
5
5
5
5
5
5
5
5
5
5
5
5
5
5
5
5
5
5
5
5
5
5
5
5
5
5
5
5
5
5
5
5
5
5
5
5
5
5
5
5
5
5
5
5
5
5
5
5
5
5
5
5
5
5
5
5
5
5
5
5
5
5
5
5
5
5
5
5
5
5
5
5
5
5
5
5
5
5
5
5
5
5
5
5
5
5
5
5
5
5
5
5
5
5
5
5
5
5
5
5
5
5
5
5
5
5
5
5
5
5
5
5
5
5
5
5
5
5
5
5
5
5
5
5
5
5
5
5
5
5
5
5
5
5
5
5
5
5
5
5
5
5
5
5
5
5
5
5
5
5
5
5
5
5
5
5
5
5
5
5
5
5
5
5
5
5
5
5
5
5
5
5
5
5
5
5
5
5
5
5
5
5
5
5
5
5
5
5
5
5
5
5
5
5
5
5
5
5
5
5
5
5
5
5
5
5
5
5
5
5
5
5
5
5
5
5
5
5
5
5
5
5
5
5
5
5
5
5
5
5
5
5
5
5
5
5
5
5
5
5
5
5
5
5
5
5
5
5
5
5
5
5
5
5
5
5
5
5
5
5
5
5
5
5
5
5
5
5
5
5
5
5
5
5
5
5
5
5
5
5
5
5
5
5
5
5
5
5
5
5
5
5
5
5
5
5
5
5
5
5
5
5
5
5
5
5
5
5
5
5
5
5
5
5
5
5
5
5
5
5
5
5
5
5
5
5
5
5
5
5
5
5
5
5
5
5
5
5
5
5
5
5
5
5
5
5
5
5
5
5
5
5
5
5
5
5
5
5
5
5
5
5
5
5
5
5
5
5
5
5
5
5
5
5
5
5
5
5
5
5
5
5
5
5
5
5
5
5
5
5
5
5
5
5
5
5
5
5
5
5
5
5
5
5
5
5
5
5
5
5
5
5
5
5
5
5
5
5
5
5
5
5
5
5
5
5
5
5
5
5
5
5
5
5
5
5
5
5
5
5
5
5
5
5
5
5
5
5
5
5
5
5
5
5
5
5
5
5
5
5
5
5
5
5
5
5
5
5
5
5
5
5
5
5
5
5
5
5
5
5
5
5
5
5
5
5
5
5
5
5
5
5
5
5
5
5
5
5
5
5
5
5
5
5
5
5
5
5
5
5
5
5
5
5
5
5
5
5
5
5
5
5
5
5
5
5
5
5
5
5
5
5
5
5
5
5
5
5
5
5
5
5
5
5
5
5
5
5
5
5
5
5
5
5
5
5
5
5
5
5
5
5
5
5
5
5
5
5
5
5
5
5
5
5
5
5
5
5
5
5
5
5
5
5
5
5
5
5
5
5
5
5
5
5
5
5
5
5
5
5
5
5
5
5
5
5
5
5
5
5
5
5
5
5
5
5
5
5
5
5
5
5
5
5
5
5
5
5
5
5
5
5
5
5
5
5
5
5
5
5
5
5
5
5
5
5
5
5
5
5
5
5
5
5
5
5
5
5
5
5
5
5
5
5
5
5
5
5
5
5
5
5
5
5
5
5
5
5
5
5
5
5
5
5
5
5
5
5
5
5
5
5
5
5
5
5
5
5
5
5
5
5
5
5
5
5
5
5
5
5
5
5
5
5
5
5
5
5
5
5
5
5
5
5
5
5
5
5
5
5
5
5
5
5
5
5
5
5
5
5
5
5
5
5
5
5
5
5
5
5
5
5
5
5
5
5
5
5
5
5
5
5
5
5
5
5
5
5
5
5
5
5
5
5
5
5
5
5
5
5
5
5
5
5
5
5
5
5
5
5
5
5
5
5
5
5
5
5
5
5
5
5
5
5
5
5
5
5
5
5
5
5
5
5
5
5
5
5
5
5
5
5
5
5
5
5
5
5
5
5
5
5
5
5
5
5
5
5
5
5
5
5
5
5
5
5
5
5
5
5
5
5
5
5
5
5
5
5
5
5
5
5
5
5
5
5
5
5
5
5
5
5
5
5
5
5
5
5
5
5
5
5
5
5
5
5
5
5
5
5
5
5
5
5
5
5
5
5
5
5
5
5
5
5
5
5
5
5
5
5
5
5
5
5
5
5
5
5
5
5
5
5
5
5
5
5
5
5
5
5
5
5
5
5
5
5
5
5
5
5
5
5
5
5
5
5
5
5
5
5
5
5
5
5
5
5
5
5
5
5
5
5
5
5
5
5
5
5
5
5
5
5
5
5
5
5
5
5
5
5
5
5
5
5
5
5
5
5
5
5
5
5
5
5
5
5
5
5
5
5
5
5
5
5
5
5
5
5
5
5
5
5
5
5
5
5
5
5
5
5
5
5
5
5
5
5
5
5
5
5
5
5
5
5
5
5
5
5
5
5
5
5
5
5
5
5
5
5
5
5
5
5
5
5
5
5
5
5
5
5
5
5
5
5
5
5
5
5
5
5
5
5
5
5
5
5
5
5
5
5
5
5
5
5
5
5
5
5
5
5
5
5
5
5
5
5
5
5
5
5
5
5
5
5
5
5
5
5
5
5
5
5
5
5
5
5
5
5
5
5
5
5
5
5
5
5
5
5
5
5
5
5
5
5
5
5
5
5
5
5
5
5
5
5
5
5
5
5
5
5
5
5
5
5
5
5
5
5
5
5
5
5
5
5
5
5
5
5
5
5
5
5
5
5
5
5
5
5
5
5
5
5
5
5
10
10
10
10
10
10
10
10
10
10
10
10
10
10
10
10
10
10
10
10
10
10
10
10
10
10
10
10
10
10
10
10
10
10
10
10
10
10
10
10
10
10
10
10
10
10
10
10
10
10
10
10
10
10
10
10
10
10
10
10
10
10
10
10
10
10
10
10
10
10
10
10
10
10
10
10
10
10
10
10
10
10
10
10
10
10
10
10
10
10
10
10
10
10
10
10
10
10
10
10
10
10
10
10
10
10
10
10
10
10
10
10
10
10
10
10
10
10
10
10
10
10
10
10
10
10
10
10
10
10
10
10
10
10
10
10
10
10
10
10
10
10
10
10
10
10
10
10
10
10
10
10
10
10
10
10
10
10
10
10
10
10
10
10
10
10
10
10
10
10
10
10
10
10
10
10
10
10
10
10
10
10
10
10
10
10
10
10
10
10
10
10
10
10
10
10
10
10
10
10
10
10
10
10
10
10
10
10
10
10
10
10
10
10
10
10
10
10
10
10
10
10
10
10
10
10
10
10
10
10
10
10
10
10
10
10
10
10
10
10
10
10
10
10
10
10
10
10
10
10
10
10
10
10
10
10
10
10
10
10
10
10
10
10
10
10
10
10
10
10
10
10
10
10
10
10
10
10
10
10
10
10
10
10
10
10
10
10
10
10
10
10
10
10
10
10
10
10
10
10
10
10
10
10
10
10
10
10
10
10
10
10
10
10
10
10
10
10
10
10
10
10
10
10
10
10
10
10
10
10
10
10
10
10
10
10
10
10
10
10
10
10
10
10
10
10
10
10
10
10
10
10
10
10
10
10
10
10
10
10
10
10
10
10
10
10
10
10
10
10
10
10
10
10
10
10
10
10
10
10
10
10
10
10
10
10
10
10
10
10
10
10
10
10
10
10
10
10
10
10
10
10
10
10
10
10
10
10
10
10
10
10
10
10
10
10
10
10
10
10
10
10
10
10
10
10
10
10
10
10
10
10
10
10
10
10
10
10
10
10
10
10
10
10
10
10
10
10
10
10
10
10
10
10
10
10
10
10
10
10
10
10
10
10
10
10
10
10
10
10
10
10
10
10
10
10
10
10
10
10
10
10
10
10
10
10
10
10
10
10
10
10
10
10
10
10
10
10
10
10
10
10
10
10
10
10
10
10
10
10
10
10
10
10
10
10
10
10
10
10
10
10
10
10
10
10
10
10
10
10
10
10
10
10
10
10
10
10
10
10
10
10
10
10
10
10
10
10
10
10
10
10
10
10
10
10
10
10
10
10
10
10
10
10
10
10
10
10
10
10
10
10
10
10
10
10
10
10
10
10
10
10
10
10
10
10
10
10
10
10
10
10
10
10
10
10
10
10
10
10
10
10
10
10
10
10
10
10
10
10
10
10
10
10
10
10
10
10
10
10
10
10
10
10
10
10
10
10
10
10
10
10
10
10
10
10
10
10
10
10
10
10
10
10
10
10
10
10
10
10
10
10
10
10
10
10
10
10
10
10
10
10
10
10
10
10
10
10
10
10
10
10
10
10
10
10
10
10
10
10
10
10
10
10
10
10
10
10
10
10
10
10
10
10
10
10
10
10
10
10
10
10
10
10
10
10
10
10
10
10
10
10
10
10
10
10
10
10
10
10
10
10
10
10
10
10
10
10
10
10
10
10
10
10
10
10
10
10
10
10
10
10
10
10
10
10
10
10
10
10
10
10
10
10
10
10
10
10
10
10
10
10
10
10
10
10
10
10
10
10
10
10
10
10
10
10
10
10
10
10
10
10
10
10
10
10
10
10
10
10
10
10
10
10
10
10
10
10
10
10
10
10
10
10
10
10
10
10
10
10
10
10
10
10
10
10
10
10
10
10
10
10
10
10
10
10
10
10
10
10
10
10
10
10
10
10
10
10
10
10
10
10
10
10
10
10
10
10
10
10
10
10
10
10
10
10
10
10
10
10
10
10
10
10
10
10
10
10
10
10
10
10
10
10
10
10
10
10
10
10
10
10
10
10
10
10
10
10
10
10
10
10
10
10
10
10
10
10
10
10
10
10
10
10
10
10
10
10
10
10
10
10
10
10
10
10
10
10
10
10
10
10
10
10
10
10
10
10
10
10
10
10
10
10
10
10
10
10
10
10
10
10
10
10
10
10
10
10
10
10
10
10
10
10
10
10
10
10
10
10
10
10
10
10
10
10
10
10
10
10
10
10
10
10
10
10
10
10
10
10
10
10
10
10
10
10
10
10
10
10
10
10
10
10
10
10
10
10
10
10
10
10
10
10
10
10
10
10
10
10
10
10
10
10
10
10
10
10
10
10
10
10
10
10
10
10
10
10
10
10
10
10
10
10
10
10
10
10
10
10
10
10
10
10
10
10
10
10
10
10
10
10
10
10
10
10
10
10
10
10
10
10
10
10
10
10
10
10
10
10
10
10
10
10
10
10
10
10
10
10
10
10
10
10
10
10
10
10
10
10
10
10
10
10
10
10
10
10
10
10
10
10
10
10
10
10
10
10
10
10
10
10
10
10
10
10
10
10
10
10
10
10
10
10
10
10
10
10
10
10
10
10
10
10
10
10
10
10
10
10
10
10
10
10
10
10
10
10
10
10
10
10
10
10
10
10
10
10
10
10
10
10
10
10
10
10
10
10
10
10
10
10
10
10
10
10
10
10
10
10
10
10
10
10
10
10
10
10
10
10
10
10
10
10
10
10
10
10
10
10
10
10
10
10
10
10
10
10
10
10
10
10
10
10
10
10
10
10
10
10
10
10
10
10
10
10
10
10
10
10
10
10
10
10
10
10
10
10
10
10
10
10
10
10
10
10
10
10
10
10
10
10
10
10
10
10
10
10
10
10
10
10
10
10
10
10
10
10
10
10
10
10
10
10
10
10
10
10
10
10
10
10
10
10
10
10
10
10
10
10
10
10
10
10
10
10
10
10
10
10
10
10
10
10
10
10
10
10
10
10
10
10
10
10
10
10
10
10
10
10
10
10
10
10
10
10
10
10
10
10
10
10
10
10
10
10
10
10
10
10
10
10
10
10
10
10
10
10
10
10
10
10
10
10
10
10
10
10
10
10
10
10
10
10
10
10
10
10
10
10
10
10
10
10
10
10
10
10
10
10
10
10
10
10
10
10
10
10
10
10
10
10
10
10
10
10
10
10
10
10
10
10
10
10
10
10
10
10
10
10
10
10
10
10
10
10
10
10
10
10
10
10
10
10
10
10
10
10
10
10
10
10
10
10
10
10
10
10
10
10
10
10
10
10
10
10
10
10
10
10
10
10
10
10
10
10
10
10
10
10
10
10
10
10
10
10
10
10
10
10
10
10
10
10
10
10
10
10
10
10
10
10
10
10
10
10
10
10
10
10
10
10
10
10
10
10
10
10
10
10
10
10
10
10
10
10
10
10
10
10
10
10
10
10
10
10
10
10
10
10
10
10
10
10
10
10
10
10
10
10
10
10
10
10
10
10
10
10
10
10
10
10
10
10
10
10
10
10
10
10
10
10
10
10
10
10
10
10
10
10
10
10
10
10
10
10
10
10
10
10
10
10
10
10
10
10
10
10
10
10
10
10
10
10
10
10
10
10
10
10
10
10
10
10
10
10
10
10
10
10
10
10
10
10
10
10
10
10
10
10
10
10
10
10
10
10
10
10
10
10
10
10
10
10
10
10
10
10
10
10
10
10
10
10
10
10
10
10
10
10
10
10
10
10
10
10
10
10
10
10
10
10
10
10
10
10
10
10
10
10
10
10
10
10
10
10
10
10
10
10
10
10
10
10
10
10
10
10
10
10
10
10
10
10
10
10
10
10
10
10
10
10
10
10
10
10
10
10
10
10
10
10
10
10
10
10
10
10
10
10
10
10
10
10
10
10
10
10
10
10
10
10
10
10
10
10
10
10
10
10
10
10
10
10
10
10
10
10
10
10
10
10
10
10
10
10
10
10
10
10
10
10
10
10
10
10
10
10
10
10
10
10
10
10
10
10
10
10
10
10
10
10
10
10
10
10
10
10
10
10
10
10
10
10
10
10
10
10
10
10
10
10
10
10
10
10
10
10
10
10
10
10
10
10
10
10
10
10
10
10
10
10
10
10
10
10
10
10
10
10
10
10
10
10
10
10
10
10
10
10
10
10
10
10
10
10
10
10
10
10
10
10
10
10
10
10
10
10
10
10
10
10
10
10
10
10
10
10
10
10
10
10
10
10
10
10
10
10
10
10
10
10
10
10
10
10
10
10
10
10
10
10
10
10
10
10
10
10
10
10
10
10
10
10
10
10
10
10
10
10
10
10
10
10
10
10
10
10
10
10
10
10
10
10
10
10
10
10
10
10
10
10
10
10
10
10
10
10
10
10
10
10
10
10
10
10
10
10
10
10
10
10
10
10
10
10
10
10
10
10
10
10
10
10
10
10
10
10
10
10
10
10
10
10
10
10
10
10
10
10
10
10
10
10
10
10
10
10
10
10
10
10
10
10
10
10
10
10
10
10
10
10
10
10
10
10
10
10
10
10
10
10
10
10
10
10
10
10
10
10
10
10
10
10
10
10
10
10
10
10
10
10
10
10
10
10
10
10
10
10
10
10
10
10
10
10
10
10
10
10
10
10
10
10
10
10
10
10
10
10
10
10
10
10
10
10
10
10
10
10
10
10
10
10
10
10
10
10
10
10
10
10
10
10
10
10
10
10
10
10
10
10
10
10
10
10
10
10
10
10
10
10
10
10
10
10
10
10
10
10
10
10
10
10
10
10
10
10
10
10
10
10
10
10
10
10
10
10
10
10
10
10
10
10
10
10
10
10
10
10
10
10
10
10
10
10
10
10
10
10
10
10
10
10
10
10
10
10
10
10
10
10
10
10
10
10
10
10
10
10
10
10
10
10
10
10
10
10
10
10
10
10
10
10
10
10
10
10
10
10
10
10
10
10
10
10
10
10
10
10
10
10
10
10
10
10
10
10
10
10
10
10
10
10
10
10
10
10
10
10
10
10
10
10
10
10
10
10
10
10
10
10
10
10
10
10
10
10
10
10
10
10
10
10
10
10
10
10
10
10
10
10
10
10
10
10
10
10
10
10
10
10
10
10
10
10
10
10
10
10
10
10
10
10
10
10
10
10
10
10
10
10
10
10
10
10
10
10
10
10
10
10
10
10
10
10
10
10
10
10
10
10
10
10
10
10
10
10
10
10
10
10
10
10
