# vtk DataFile Version 2.0
whisker_body, Created by Gmsh 4.13.1 
ASCII
DATASET UNSTRUCTURED_GRID
POINTS 765 double
-9.886859966642536 -1.500000000000193 0
9.88685996664254 -1.500000000000187 0
-6.846954002631684 -1.500000000000026 38
6.846954002631684 -1.500000000000028 38
12 0 0
9.886859966642614 1.499999999999935 0
0 10 0
-9.886859966642614 1.499999999999936 0
4.12982931753815 0 100
6.846954002631709 1.499999999999966 38
0 7.009335140664497 38
-6.846954002631708 1.49999999999997 38
-8.748717852015751 -4.8435458030064 0
-6.519202405202561 -7.582875444051627 0
-3.476438231831796 -9.376266699505631 0
3.430248998885766e-14 -10 0
3.476438231831848 -9.376266699505612 0
6.519202405202592 -7.582875444051599 0
8.74871785201576 -4.843545803006382 0
-5.932115979985521 -1.5 0
-1.977371993328505 -1.5 0
1.977371993328511 -1.5 0
5.932115979985525 -1.5 0
-7.15280102767178 -1.5 34.20014933867388
-7.458100733254836 -1.5 30.40025432242162
-7.762917591962109 -1.5 26.60032126378449
-8.067306442351381 -1.5 22.8003529931219
-8.371313914204016 -1.5 19.00035395931677
-8.674980075882328 -1.5 15.20032763569415
-8.978339516845583 -1.5 11.40027723931915
-9.28142241226791 -1.5 7.60020381300177
-9.58425485999642 -1.5 3.80011121643237
-5.091617419879361 -4.817282549709454 38
-1.876537371953674 -6.753472188868137 38
1.876537371953681 -6.753472188868135 38
5.091617419879364 -4.81728254970945 38
9.58425485999642 -1.5 3.80011121643237
9.281422412267915 -1.5 7.600203813001713
8.978339516845583 -1.5 11.40027723931915
8.674980075882329 -1.5 15.20032763569411
8.371313914204016 -1.5 19.00035395931677
8.067306442351381 -1.5 22.8003529931219
7.762917591962109 -1.5 26.60032126378449
7.458100733254836 -1.5 30.40025432242162
7.152801027671776 -1.5 34.20014933867392
-3.423477001315842 -1.5 38
0 -1.5 38
3.423477001315842 -1.5 38
11.34980690040761 3.896393630456207 0
9.469686112756717 7.370552552276022 0
6.563377897469113 10.04599773915035 0
2.945825845689581 11.63280319127197 0
-0.9909521456679979 11.95901391608004 0
-4.820345095835646 10.98927991986068 0
-8.127378859508902 8.82868692807757 0
-10.55368501447787 5.71136871644487 0
-11.83633564083267 1.975135083368787 0
-11.83633564083267 -1.975135083368821 0
-10.55368501447786 -5.711368716444897 0
-8.12737885950888 -8.828686928077589 0
-4.820345095835619 -10.9892799198607 0
-0.9909521456679715 -11.95901391608004 0
2.945825845689616 -11.63280319127196 0
6.563377897469155 -10.04599773915032 0
9.469686112756747 -7.370552552275983 0
11.34980690040762 -3.896393630456205 0
8.748717852015853 4.843545803006216 0
6.519202405202677 7.582875444051527 0
3.47643823183188 9.376266699505599 0
5.932115979985569 1.5 0
1.977371993328523 1.5 0
-1.977371993328521 1.5 0
-5.932115979985568 1.5 0
-3.476438231831882 9.376266699505599 0
-6.519202405202678 7.582875444051524 0
-8.748717852015854 4.843545803006212 0
2.574906462902252 3.228830577670782 100
-0.9189734768187546 4.026285874214754 100
-3.720847644852559 1.791865786210781 100
-3.720847644852582 -1.791865786210735 100
-0.9189734768187868 -4.026285874214746 100
2.574906462902235 -3.228830577670795 100
11.69730112759762 0 3.846153846153846
11.39460225519524 0 7.692307692307693
11.09190338279286 0 11.53846153846154
10.78920451039049 0 15.38461538461539
10.48650563798811 0 19.23076923076923
10.18380676558573 0 23.07692307692308
9.881107893183348 0 26.92307692307692
9.578409020780969 0 30.76923076923077
9.27571014837859 0 34.61538461538461
8.973011275976212 0 38.46153846153846
8.670312403573833 0 42.30769230769231
8.367613531171454 0 46.15384615384615
8.064914658769075 0 50
7.762215786366696 0 53.84615384615385
7.459516913964317 0 57.69230769230769
7.156818041561938 0 61.53846153846154
6.85411916915956 0 65.38461538461539
6.551420296757181 0 69.23076923076923
6.248721424354802 0 73.07692307692308
5.946022551952423 0 76.92307692307692
5.643323679550044 0 80.76923076923077
5.340624807147665 0 84.61538461538461
5.037925934745286 0 88.46153846153847
4.735227062342908 0 92.30769230769231
4.432528189940529 0 96.15384615384616
7.15280102767178 1.5 34.20014933867388
7.458100733254836 1.5 30.40025432242162
7.762917591962109 1.5 26.60032126378449
8.067306442351381 1.5 22.8003529931219
8.371313914204016 1.5 19.00035395931677
8.674980075882328 1.5 15.20032763569415
8.978339516845583 1.5 11.40027723931915
9.28142241226791 1.5 7.60020381300177
9.58425485999642 1.5 3.80011121643237
5.505464083766998 4.338276655136898 38
3.059603250862656 6.306314855877786 38
0 9.700933514066449 3.8
0 9.4018670281329 7.600000000000001
0 9.102800542199349 11.4
0 8.8037340562658 15.2
0 8.504667570332249 19
0 8.205601084398698 22.8
0 7.906534598465148 26.6
0 7.607468112531597 30.4
0 7.308401626598048 34.2
-9.58425485999642 1.5 3.80011121643237
-9.281422412267915 1.5 7.600203813001713
-8.978339516845583 1.5 11.40027723931915
-8.674980075882329 1.5 15.20032763569411
-8.371313914204016 1.5 19.00035395931677
-8.067306442351381 1.5 22.8003529931219
-7.762917591962109 1.5 26.60032126378449
-7.458100733254836 1.5 30.40025432242162
-7.152801027671776 1.5 34.20014933867392
3.423477001315855 1.5 38
0 1.5 38
-3.423477001315854 1.5 38
-3.05960325086266 6.306314855877783 38
-5.505464083766998 4.338276655136899 38
6.306209313227456 -4.531032610448438 28.39566158605805
7.062329586086869 -4.483427143302531 20.77130827286109
-7.685391274439904 -4.608267744627329 13.20043537933101
7.690455602879938 -4.598406100057372 13.20959883281606
-6.986560142510979 -4.597486632461005 20.79311632444755
-6.301434882785493 -4.54075408950265 28.37275863371064
1.441909563434696 -9.659063156093392 2.972049571885818
-4.897745207034951 -8.442740703055248 3.042863670979881
0.009416826270004309 -7.26780563976016 34.71574340420627
8.36568011217701 -4.623019187449221 5.615114790175156
-8.603348032487405 -4.147099515748065 5.708790510520226
-8.060978214054728 -4.559213945577469 9.390104431838454
-5.742784379145248 -7.093186491849703 11.09896396344179
-5.317388643137394 -7.049248858911771 14.86796369876471
-2.656603801539292 -8.601387176456807 12.67698058689919
-2.160265745922145 -8.435253712502048 16.42299066716417
0.5480288739236197 -8.874962915638356 14.08016216152655
0.3130943340343415 -9.176312346746966 10.39809522823956
1.341228504572482 -8.487953552113837 17.87422887860473
-1.662180012074721 -8.246035453987886 20.17881324571432
1.84896782032119 -8.090168560043765 21.61623347348335
-1.145982064107067 -8.034879611517425 23.93605585997035
2.178609937181666 -7.709758407369936 25.26423926326749
-0.6592671381329932 -7.792957175345307 27.68944092420013
4.045263495034821 -8.104055251080455 11.97450234783254
3.380841157144024 -8.723437606185813 8.1870639682818
6.195628427784484 -6.886791324210217 9.357245981211141
0.1046752436267435 -9.493248252438978 6.431559061213162
3.603459411876255 -6.829979384273534 28.94123446740552
-3.02614211318734 -8.788092329308089 8.963972738154254
-4.084850590031174 -6.808575228683711 26.17550109388203
-6.101342285394088 -7.230546174212 6.850890783410623
-7.339639299184604 -4.603551051096085 16.97688912386396
-6.657693304070661 -4.551337252905285 24.59018817781922
-5.591331728629279 -4.944890362686059 32.21984110431161
-3.676973397685343 -6.688888991106367 30.07668502791924
-3.74562698862223 -6.219685486657206 34.80921765557052
6.752522091700108 -4.411278032309744 24.57728731209558
5.703656288341754 -4.823105366706538 32.15253210100335
3.494668327398853 -6.357768392457298 34.87949469072432
7.349050988294119 -4.584144251929881 17.00626725535722
4.264015279837561 -7.405099763861825 18.48730200535748
5.839767777048023 -7.557593492083656 5.706079650387084
-4.877102254012002 -7.003250437115192 18.62544466144508
-4.460735569416497 -6.923820469791376 22.40930539125551
5.411191088065247 -6.967929154424932 14.96406246215554
-1.808975436346743 -9.592872202983735 3.024763171287427
-0.1084481073365387 -7.553414801761853 31.07692088917916
-7.508023624764779 -6.262309757129924 2.835294505452167
7.432020752495316 -6.359799371978958 2.77355300284747
4.968641963001736 -8.430065502633893 2.727170834315299
4.734262028435126 -6.727365044270834 22.53802581217968
8.252496487995904 -4.195661318929615 9.430262871067486
-3.311973476777503 -8.952174235801845 5.77894909537065
-5.948557943028183 -4.108541324802016 35.2027307672378
5.950040900869989 -4.105966487754159 35.20581172059912
4.777956768396292 -6.342821676215241 26.16145416657903
2.781017381200745 -6.937722589372998 32.09130318657144
3.421323533117658 -8.954313758582462 5.264482105863654
6.006718335219019 -6.759165467674777 12.16606686890749
-8.904986653962597 -4.084430824635513 2.579260041120514
8.848892928602352 -4.189132145343674 2.663348975802429
-2.433381764135477 -7.029999941746788 32.53757994192949
2.992732332729553 -8.238172389597889 15.69310067968697
5.534272934252572 -1.5 13.0379998786283
4.928414580934248 -1.5 20.63707529067792
-5.838921598304921 -1.5 9.237763099663091
4.326221185454791 -1.5 28.23868719378979
-5.166490156781338 -1.5 16.87565559440954
-4.401792641543532 -1.5 24.29576263688828
-3.974311722051969 -1.5 32.3573663819983
0.165417054283882 -1.5 3.131627241546075
1.714056330547685 -1.5 35.18119138453849
6.306138095150381 -1.5 5.592316222987323
-5.483666685502009 -1.5 3.795851322126278
3.733472248589839 -1.5 32.27521803421208
0.8864279453913131 -1.5 29.59387376474933
1.104852430978223 -1.5 25.85295279373506
-2.127763033242861 -1.5 27.63666452393272
5.865051153494159 -1.5 9.26348050170462
2.396938626902912 -1.5 10.88110964464681
1.9486521095812 -1.5 14.82908837271145
-0.9545166275158863 -1.5 12.53259631817718
-0.2748597887158866 -1.5 9.342769247546682
-1.35183216476365 -1.5 16.32041415566914
-5.8211594270514 -1.5 12.90371410037745
-2.726948989407909 -1.5 20.0640624991383
1.178865928078567 -1.5 19.24760209840284
5.106083257155486 -1.5 16.99207453923856
4.77001927031853 -1.5 24.41322155264348
2.361032988988166 -1.5 6.833091387189805
-1.705346262529984 -1.5 35.26131938434111
-0.7371793972925484 -1.5 22.81469514829658
3.947421625750417 -1.5 3.040176416530912
-2.718515773007248 -1.5 6.521876014696279
-2.842170943040401e-14 -1.5 32.65534685491261
-5.811525767638578 -1.5 20.70772594001926
-4.986556853415809 -1.5 28.42812933900153
4.574152122151368 -1.5 35.5313117514849
2.364292301445065 -1.5 22.43855843818593
-4.620578003240254 -1.5 35.56376702100265
-3.121663286556851 -1.5 10.80123755769099
6.942453642766047 -1.5 2.68402364746227
-2.825944188612828 -1.5 2.773195890646717
-1.950834281900551 -1.5 30.24674010158416
-6.659918248198759 -1.5 6.464451974414123
-3.180725829741413 -1.5 14.12949992559035
-1.674180900793999 -1.5 25.12939943432749
-1.735978658498191 -3.684241568255712 38
1.12985262711617 -4.168078082616905 38
-7.909487973314067 -4.912736883966318e-14 0
-10.25639961849221 -3.507512400705078 0
-10.25639961849225 3.507512400704967 0
-8.487246032801327 6.741619222895044 0
-8.487246032801263 -6.741619222895128 0
7.909487973314093 -8.747084689217649e-14 0
1.776356839400251e-15 0 0
3.954743986657032 0 0
-3.954743986657029 0 0
5.889194815796131 3.204299081344046 67.28587023095639
4.506801997447335 3.141110548556895 82.67373357708611
8.815664207037283 3.344463999766124 32.67079638702539
7.554268963987092 -3.231101375388724 48.07692307692309
9.159720571634338 -3.291874638607891 28.80129089162225
6.825555262496041 3.378544167128612 55.70457770654856
7.867941861716401 3.276727156116624 44.17953275857542
9.782502168436899 3.345028939117803 21.11013935642116
-11.09527489538307 3.809012682760124 3.419408766471425
-6.767104713553101 -9.569959843061852 3.547201088336728
4.120956139303948 -3.164651533575192 86.45438299149789
10.11646280798518 -3.299978907451944 17.26665784641454
-2.879762434608167 11.37192468062311 3.419408766471419
3.842648578609124 3.033066708623064 90.27185251150556
4.712243512000855 -10.74283313214681 3.41940876647142
5.182789315064225 3.22564865233457 74.90818734188323
8.186995480618128 -3.295496290418705 40.33747342893692
4.837845728762561 -3.200344540611324 78.77084989765993
5.533672243720715 -3.226158470182387 71.08565910390949
6.213887481931474 -3.245444915278464 63.39923967603348
6.882211723963614 -3.260240534398584 55.71188440646232
10.43488811501822 3.298539176373666 13.42000769234794
-2.723844371020307 -3.415592807225228 96.96476903409871
7.945113376504877 8.630693833987415 3.419408766471542
-11.09527489538304 -3.809012682760148 3.419408766471707
10.67853183558303 -3.543331721478082 9.516246677195184
-2.638657830116785 3.519981895389573 96.57757072737122
10.31700692552853 -5.583284939902463 3.419408766471381
11.0863101057296 3.228321301020447 5.758595071045857
3.374681076322981 -3.113226891838579 94.13560339841074
4.842279361156645 3.194154146877468 78.76719880874667
6.213887481933059 3.245444915275248 63.39923967603456
7.854154908482224 -3.29597773825231 44.24681280899749
0.8839995536649154 -4.277270915255913 96.9780051014548
-1.026363288231772 -4.496791380231672 93.86791657696068
-3.991835062572642 -2.338425646660641 93.69128871488709
-2.754568253679312 -4.011457810448078 90.64412705363461
2.088943252383358 5.259299540686719 80.57045448453586
-4.801083646244575 -0.9237778919395735 90.35193927379355
-4.148410165754039 -3.013732517620767 87.32260608941667
-5.124645760296062 0.5868179065087368 86.93414640215371
-5.122740902644084 -1.690008536193915 83.93322267359603
-4.10310913643532 2.731524802207109 89.84339373224722
-3.45128426402387 3.89706767297249 86.33075900677466
-2.730878001934097 -4.629331789028637 84.18122748185526
-4.250458176437923 -3.703739794496443 80.84021097398133
-5.662371786716677 -0.1967286322545027 80.4837914365532
-5.375352736607562 -2.447765220984297 77.42608746332954
3.829378607177844 5.700789016661658 65.21405955031209
4.180201798211661 5.82529123347804 61.37167327658256
0.9057650503429761 6.979381908418483 63.04932696219374
-5.792690711832309 1.32024229181034 76.9838742485851
-6.097341045853923 -1.001077767581303 73.96314316085908
1.292781100469562 7.224557696533812 59.21964187219649
-2.380238880521192 6.81705483795418 60.72741071878922
-1.822267922692888 7.292227327385424 56.96871899352661
-5.577280162402 2.753369863227145 73.44319159969093
-6.437642676608925 0.4774312731932768 70.45181216290101
0.6089865364545255 6.710215815791217 66.86267348546454
-4.325635255942044 -4.375917549180772 74.29280143357656
-4.587441011286127 3.377564305747363 80.09083654532448
1.692084880962869 7.45048525984534 55.39632363848798
-1.434006147072071 7.683992675707128 53.15442043038899
2.07845987527891 7.66475699791292 51.56727350644852
-1.056061437081623 8.049529376850732 49.31901888579991
2.583952503430285 7.83117212139686 47.6932748410678
-0.6494885828188973 8.393253537013649 45.50923582522734
2.935916325341599 8.023345099359929 43.91730197575986
-0.2551725719112434 8.715022670926139 41.69213837291441
3.21371517272405 8.242500999667254 40.06454575268027
0.1376651610371021 9.01913787563698 37.86209559937349
3.797611857413868 8.328926330420519 36.16383414213926
0.5980092388658662 9.303033940638135 34.02423703458722
4.146765206558485 8.491684197384167 32.39957016197231
0.9510876326168437 9.576871043865889 30.19017305319153
4.317441099005011 8.747999197970939 28.52037420912233
1.306709493976798 9.841002391852612 26.33516982515971
-2.228923437626209 9.546546414477449 27.91174765193525
-3.414681114023548 8.218767655484532 39.39052752065978
-1.845015615655103 9.936183595855937 24.06518019510242
-5.158967140589281 8.553265221478989 25.55652371351911
-4.878291131497691 9.064907461202683 21.67441807403598
-7.613141274582291 6.758238880810394 23.12447331134493
-7.818508492503136 6.038767092518625 26.94912580795761
-4.018259209409591 7.262377105773398 47.0140840187532
-4.729035190666861 6.078219398035315 54.621397079756
-7.423866395170281 7.400577776874059 19.28194603310457
-9.421649690630504 4.349925861384631 20.61775686621498
-4.138695274171183 9.75934597731581 17.78051626294909
-9.357562433044647 5.143890801798984 16.79528034840003
-10.45378793952997 1.627866147325481 18.04567476909007
-10.25224679782118 0.7632578046488508 21.84680709408628
-10.27768789413521 -2.097091311530058 19.1932975332721
-9.759426621291841 -2.939821017122816 22.96528118616319
6.198066450344921 -6.083716315609056 42.12223404059574
-8.802921889440496 -5.552010075624788 20.23451297119844
-7.95668047433157 -6.242486274816302 23.97369971220596
-6.18506993935661 -8.278764290345668 21.16763193951641
-5.056532545575124 -8.676803373000045 24.8700981682107
-7.02073361060147 -6.86631595392971 27.69655346405187
-3.860002464246449 -8.956185089543151 28.55614364973214
-5.996668471216831 -7.404936625760518 31.40284698471395
-2.745391632162206 -9.895573014909685 21.98999874198839
-4.005443552580854 -9.769390127036234 18.31440608234316
-2.60373934750521 -9.098648210015684 32.22457193848532
-4.888334079953803 -7.838780659050282 35.09340392914159
-7.662062026031225 -5.287254307512101 34.18914051950311
-6.774736990844887 -5.950731167854047 37.90121810864596
-9.557723239854807 -4.816599206746959 16.48262316838024
6.587818365979918 -6.115287849765021 38.26264057548758
-0.2578480282883394 -10.49672812176928 19.06064618278523
-1.582532182362737 -10.67083165994156 15.40574310306908
1.067594178878767 -10.15759002489867 22.6991307968296
-8.676828298787525 -2.726294068054837 36.91082366869445
-8.057987775288654 -3.539816963087266 40.64435529641641
-10.59639534993541 2.467157611270365 14.23324935050684
-9.241814199441672 5.927887344672379 12.96578053101039
-5.791581558912784 -6.5270509928378 41.59885067027749
-7.336368861943486 -4.309354342755167 44.36500508782329
-4.713424995740436 -6.996781593564835 45.28097367002143
-6.507398763222105 -5.016725829020378 48.07167988024258
-3.545997158768078 -7.335746175786722 48.94635613949777
-5.568485929738611 -5.640482500261253 51.76379370785753
1.826857345185013 10.06892071155868 22.44796302663112
2.391944250628909 -10.46789981610987 16.03896971937674
-9.198928604052204 -1.882871807467517 33.16766414304299
0.9959667932987687 -10.97576786754111 12.44111007312875
-2.300309855859204 -7.516652146446949 52.5940816910292
-4.519995106100197 -6.155488588593566 55.43997764753848
-9.132412027688577 0.9566680525921698 35.8012145626454
-8.554105476085788 -0.7926000370215766 43.31866565648707
-7.599779244588782 -2.507028411058241 50.79160080740162
-2.851361987708601 -10.70377782515265 11.72714106799158
4.641984183571126 -9.942593297052015 13.05132785716996
3.823473399089465 -7.99136341476903 39.91093700766171
3.279672472586622 -7.887471416050816 43.93605317993433
-0.9955600322215276 -7.509495546444584 56.22240792353328
-3.367688295879811 -6.531744918215284 59.09896573394149
-6.199562006637596 -4.074295595853321 58.21321029771913
-5.232587011833904 -4.847570739116416 61.84179325381179
-7.056922225815693 -1.460761631482973 60.90689831262844
-0.7802435846800877 -9.660873319428001 29.32173238874675
4.118020677671018 -8.179469925042298 36.1159881393223
-2.127384983460357 -6.734417739784535 62.73756692942644
-3.701464331269255 -5.765095946459487 65.42335010720322
-0.5759439575765259 -6.753535249923878 66.35117705873444
-0.3984186813826061 -11.30173390427358 8.783107774360957
-7.476466158229134 -0.5921634167863487 57.17944291215802
-9.981781410358714 -0.1486720440682179 25.62983125084347
0.1662608606691766 -8.088204698922318 49.68236157787317
-10.68904775697104 3.272343603515767 10.43524170112261
-9.096681183681168 6.673665009620694 9.12086492678759
-6.849351436135343 8.718349144953908 11.59981490788067
-11.07890361204731 -0.4069618926446382 11.60869908934571
6.257040271680246 -8.680427222522367 16.51190929300092
6.196366952216774 6.504291935995299 38.33003123651334
-9.303290890788679 1.818488260772058 32.02786512357176
-8.120125863442059 4.490380939869485 34.57349817147941
-8.182591973509544 3.700722971938228 38.36583222305746
6.935518645339404 -6.181486248406483 34.42828173459098
8.499405257864021 -6.896929354956382 13.39663005097817
6.810233571516813 -8.908794304209701 9.991551894468975
-5.188512441914916 3.918119168434795 69.86231415652151
-3.005102966880268 5.508910185673138 72.73987318908625
-6.432810545859874 1.984050678727402 66.93847164639769
5.36024410660661 6.041370862868368 49.85238010237722
-6.952335746504843 2.214635121630802 59.76305164705585
0.6890638658117583 -9.00685145068153 37.69713405341388
-2.772154394225215 -8.21557318708688 42.30317460438344
-11.37679980606073 0.8266438972189764 7.537416602166005
-10.8075202739193 -3.272686731996163 8.993906258403042
-1.056114677064791 -5.528798885430509 80.9542164435429
-6.772729080706552 9.157499346514754 7.752149511731767
-3.145542762044224 10.78137032177577 9.772754742401668
4.782197176065523 -8.154829886728537 32.35500759628934
-3.176475160662538 -5.730339753731048 69.22526112455192
0.5269237487016954 -6.473421994684469 69.94979342686227
2.922792728608382 -6.061717204740212 66.96714335025764
-4.15439211599014 -10.61973626207385 7.580387718788419
-6.392022023789892 -9.124907751652243 10.91462643049195
2.078494203358205 4.952831757609282 84.22583592388337
-1.311666304967122 -11.51554709481175 5.209437935278916
-1.717914652734386 4.681284137617593 89.11436851776546
-4.386161716064575 5.176296278381549 66.26638520752299
-2.332492770137601 4.094474962721501 92.59971410363818
-9.16627834950469 7.085508598679923 5.266019608569435
0.8773782744225652 -4.782516510633435 90.69269141769182
6.912508988473493 6.6462877379004 30.63002178298991
7.17478509882374 6.812071944112216 26.76528434583511
-6.539508000149767 -1.445020854242338 67.37773933198221
-4.373750802051181 -0.05939083084256601 96.89556036861843
1.0021693623816 -5.273563124662158 84.26827476291936
2.513789227243488 5.413962938197764 76.62987551155013
2.956904909200967 5.529300021155503 72.8029608631017
-0.9842149770107946 5.75708911136432 78.2624388615576
8.98435303116568 3.75035191498669 28.77073482964991
-7.828371995807383 -8.332599196130696 7.203235340665668
-1.007750941382003 5.456841881940581 81.96625637913719
6.865763033543676 6.2492405171514 34.5107000529435
9.405719598197765 3.494256409001049 24.9827836304869
7.994357760568685 6.322408029922142 22.96924315808893
8.384321349949165 6.316948184749525 19.08915255684958
5.677132019731688 8.669813556708274 20.79777287764293
6.172310709328142 8.701038379270297 16.92510279820884
2.845199055266045 10.14896146420747 18.54805932807701
3.414292785269234 10.29351165819214 14.67581146937261
6.623634168072771 8.747285756811259 13.0603840045216
3.942252502409574 10.42812094380861 10.82046795386532
7.006507859943529 8.827412607783776 9.27470319597988
4.422198189473091 10.56513918070006 6.946525481810935
0.6297718241944347 11.31099251906864 8.532075119480215
-0.7331521340450657 10.70099319006688 16.18670306271683
1.154878847511998 11.59135843695521 4.463076772411139
4.778717959377493 8.852705255423121 24.6481832610947
3.086068392487017 3.39792548907754 94.15074074564556
0.8966361378970821 4.274925610796624 96.97445074261859
4.209342792557802 3.053982908421938 86.39562153090829
-6.958510039565387 3.037708159301058 56.00052509167165
-5.078519921888377 5.384910004204471 58.42397364262446
-6.86352633015764 3.897725789276297 52.18373006636394
-5.335007468165132 4.67822653338161 62.31580120928653
4.483575708258379 -3.18287390647213 82.60981160838031
-8.013129720355094 5.248565685530493 30.76142409382329
-5.813200177309035 7.368809074897573 33.21696530467258
-9.630337445875353 -1.01985124367521 29.42518228070828
5.188173153496849 -3.21407996495499 74.92761314965506
2.910032745103012 -5.220267585251485 76.53483351736946
-8.125869844588834 -1.669075798497374 47.06994053492509
-8.136793003793864 2.025380392286129 45.93191399338733
-8.191676144825859 2.874943379232185 42.16523654168204
-6.555505167788151 5.387830370220988 44.65621570607445
-6.385053650475142 6.032705855214804 40.86041038287768
6.524941740511651 3.301397034313926 59.55909159031992
-8.885186141329154 0.07318120778355465 39.57363337642803
5.866335599335642 6.398308115256304 42.17739775026353
8.050902751012828 3.614694434657566 40.34045360491929
5.771276784327387 6.071037610437037 46.04140223395556
5.096326602408749 -4.376013906052242 67.12314034445603
6.549352623059609 -3.253341727173257 59.55547308660387
4.228773626462703 -5.797627398791009 61.29470168868134
4.663772062375408 -5.837349224100355 57.53825948004474
4.339273910095994 -6.461814800650192 53.57450725323685
7.022121356774498 -3.639538098050805 51.97775412289209
5.492341220583841 -5.921821732504313 49.84970099005864
7.190456401466667 3.314381145652215 51.87229496351284
5.572179569685462 3.158700099462326 71.08868969618941
7.533877569195419 3.288873531668756 48.0235798944524
-3.100421703904122 -8.411006723362586 38.57295260809491
-0.7790595484909424 -8.367492526552892 45.69555748783414
-10.7152740419123 -1.239884074029345 15.41554684176677
8.49434882073364 -3.337366699901799 36.51199204529613
-7.09978882976348 8.115030030235957 15.47074253781165
-5.087037211923835 1.868162886399411 83.61669725688216
9.475356093379355 -3.300560566861235 24.98361679536583
7.693186278750985 -6.223452011025866 26.74306501221101
8.087143982181232 -6.212107570700437 22.90095787211684
5.725281133615832 -8.271552806887744 24.65393379845487
6.08519014852029 -8.402675752317975 20.65133402407377
5.421547908994435 -8.127016423489664 28.34219930568689
7.299376107148944 -6.219541613788552 30.62494156907751
4.88259433558151 6.049940513209863 53.69116524615048
4.529547333988184 5.942979750948722 57.52942399714841
-10.22746559461958 -4.048927788236339 12.70916836077784
-3.94550720056891 10.16085877673713 13.97677965949121
10.10921264856909 3.322532990531421 17.26503074881763
-9.436096675914902 3.536952498411051 24.43149449321357
-9.412803255848141 2.645999949332136 28.23780216011602
9.898503003007942 -4.668237912900741 13.416782223516
10.75481954318531 3.288943215632221 9.574391542756997
-3.750541443107255 7.738690281778316 43.2056110404661
-1.454413823344249 -9.871841261410514 25.68679797971808
-6.127530159448103 6.706638952450673 37.04669410137922
1.05992498645721 -9.311278152507725 33.39939157447172
-4.293001338105564 6.750544805154073 50.82504475376832
-2.630697613269037 9.129761282007429 31.75005740429917
-5.501332022489349 7.973118613950448 29.39121875316178
-5.23310282614588 -9.502493433053722 14.63541457351728
8.751234726200444 6.329561144107951 15.24306122452649
-2.980324743068015 8.703871909211269 35.57756538333659
-5.569502162765525 -3.189144923429606 70.92675183263954
8.82603567304615 -3.324908168235849 32.63539663048319
0.1447688888447028 11.02444161336746 12.38356753852822
-9.152608263045 -3.765770944442606 26.72072500611567
-8.444543072704324 -4.572944625155786 30.4537816434211
-1.006973076016934 10.37624023373194 20.01243629103994
-6.66797903179159 4.74134722696215 48.5144685703861
1.489385875213497 -7.663658292228054 53.27656333652519
-3.165128258822632 -4.961974319422121 77.69196386842745
0.6401500624476285 -7.287361570909249 59.52317961496659
1.656034220052509 -6.811537075911194 63.40451748684399
-8.0038242565138 1.178827963606787 49.67911030481908
-7.789296225586548 0.2418556980846941 53.45436673809682
-6.944720830028174 -3.349553668453221 54.50586323295571
2.970651116934437 -5.518871091648834 72.83715301790534
-0.498231422420255 -6.12706960975859 74.36568789928967
-7.24388529385467 -7.769247817446068 17.50424465437595
3.725090247423283 -10.6257304723997 9.40549984267464
9.10168243899448 6.365632776571079 11.34866862792022
8.457473333201301 3.424851871339071 36.53532336956651
-8.218015866998156 -7.188957309028798 13.73986952738501
5.840652854808996 -5.996579492391642 46.111917171366
-1.215593962622093 -4.965967999914655 87.51292811177321
9.801753819435937 -3.288077705044363 21.11059061639674
-9.256491936324634 -7.176103222763723 3.65496262395386
9.150130816314494 6.870316857148732 7.086295697375692
-9.125284923489737 -6.510435888632743 10.04215209572858
8.46634291221692 -6.205703028943582 19.09578955457417
3.479254337327971 5.567437410386617 69.05595340085708
7.983739988406644 -8.602990854984794 3.344770207887583
9.021434856653732 -7.077509420089862 6.780530887109749
-11.73178046942077 -0.07062958942144519 3.405350854490076
-6.416616474375022 9.821362658307825 3.409428593027146
-3.948981030051105 4.509306268879891 76.31319197471763
1.862094688889073 -9.769403304568513 26.10766534844685
-4.51430849711893 1.151361003699513 93.27852302713467
-6.89062879983755 1.311614713336287 63.34869644412982
0.3136384748120413 6.429981760992107 70.67665691856652
2.236840150475764 -11.31814678982684 5.882129377929433
5.350889116350741 10.44279330235061 3.381371719353367
3.057537055067156 -7.684122040376296 47.39309554408486
10.22813237147914 5.778600291798614 3.206609444452352
6.232849045114516 -9.658330607409981 6.418439385600102
10.96270668034612 -3.560007578700563 6.019480351339206
-10.62662975168424 4.267802259802859 6.967942069776781
8.987235520020741 -6.650644906828934 10.41392823023858
-1.793659247192889 11.35361615192044 6.423935513371407
3.896322243165391 -2.959271029551271 90.30668068446451
-0.3573352378190726 6.091984977876693 74.93540128500877
-6.485931126193781 -2.502119662184535 64.14311352239311
2.233093736237657 -5.208440707178329 80.46876092147042
3.156603509209831 -9.987125556823095 19.38836639224846
1.155659755147336 4.618037033545548 91.98729616822718
0.785580758788037 -8.691725763695953 41.58543901405191
-2.154421696483985 6.597251985082824 64.29187031736187
-1.780726977597109 -9.03395400254141 35.47844932871768
0.3611255403070157 -11.77467749719886 2.792645950220352
-2.612641592092813 6.034112053721486 68.92557656078633
-9.952992256997442 -5.674497964359022 6.899949930338336
1.643225670217157 4.824038203487302 87.72074626326251
8.35305662866025 -6.726740529626387 16.20220698244344
3.117015955888076 -7.387706710907761 50.5916108108978
1.881241820294318 -7.328955928868484 56.33233439411861
-11.33062510483424 -2.095435002124621 6.063955959873843
3.430769705160444 -5.520500386933255 69.88793282573305
-2.783449919736098 -5.682988476089989 72.06922433165217
4.294683197135614 -5.446585471885609 64.34284587718808
3.401924665598388 2.710417923755046 97.20691102360901
3.381874663650461 -2.735053705927261 97.20963034479777
1.7128796934393 -4.790781023364429 87.82803963414986
-3.737854097030598 -11.16690935428981 2.847677917654909
11.43916655721956 2.810293386194912 2.804058776005244
11.4227987832511 -2.859507460082605 2.855394504863018
6.926248821733761 9.181820006008065 6.337225246039447
2.490897793019137 -9.309818023465478 30.02112649890424
-9.327539387890024 7.25991531538252 2.288750060638255
0.07957816204433256 -5.841441244733917 78.24502136997387
-1.02654477791718 5.133250178714716 85.95889909900018
-0.07514204799578754 4.566536278295077 94.44325713841296
-4.477131673488559 10.63193846623867 5.893736307291446
3.811195946503871 -9.492904929252802 22.49770909153096
-6.022312868832193 3.383620356879649 64.70305247439073
-5.14854174628982 -4.203270817014206 68.02361773228451
-3.434628399556397 4.206380157886113 83.4734400616673
8.029262281383064 4.611308527670462 9.412458354652392
7.403509936064244 4.496793875342656 16.99879658014434
2.905646641530513 9.095880364475001 5.734210183849552
6.65722294805945 4.550716042713793 24.59957644299804
3.089930176685504 8.409529395223529 13.22420057184845
7.569220907142832 6.160519960780086 3.057618686932529
4.549173841684872 5.605649811285677 35.33214354628107
3.057179648686644 7.78126762180775 20.83447248499113
3.225991469431259 7.059116774825288 28.44507529233223
7.083642979609621 4.446158114783374 20.79508080378363
7.781643190709712 4.445902749782186 13.18721299801089
3.065993657373331 7.455222520816114 24.63659097938662
3.136413466717467 8.710865165660518 9.424094283222084
2.959189588139271 8.139382074353648 17.01843298837118
6.306180295210907 4.531105015157554 28.39542419635274
5.982318501899374 4.476574910066534 32.12377380465609
3.127117661226877 6.786398747437303 32.11848927447632
6.153284022848061 7.180610997912804 6.906704839474173
5.894444456319344 6.963068890558587 11.14356800138244
8.433387078985097 4.436619550086864 5.982109180322625
4.963340288926586 8.421070396916759 2.859839478270363
5.685226995966898 6.747529331162354 14.95114977091013
5.450519048189853 6.5534445580428 18.75643208395929
5.267132183285935 6.315959933578844 22.56633137884589
6.2333074085693 3.619509464921332 35.47598273975302
8.939418020387039 4.000803497341757 2.619302797198626
2.464267873675489 9.474190939945441 2.675564744306086
2.214505142871102 6.851604731830285 35.56985535380945
5.054811191873434 6.115875293708602 26.24566151484213
-5.51370403362071 1.5 13.04358260717192
5.079483789550344 1.5 21.3068244207843
5.474667230761162 1.5 9.090550872670898
-4.331470280450311 1.5 28.24249256620204
-4.906131614207268 1.5 20.65391233501794
3.973453112532112 1.5 32.35729750745428
-0.1631006295572934 1.5 3.127886936404199
-1.714056330547692 1.5 35.18119138453849
-6.304365301631222 1.5 5.592175018670337
5.484319042950934 1.5 3.791532401136411
-3.734222119303489 1.5 32.27576165884241
-0.8892664558080696 1.5 29.59472559644298
-1.1922675340988 1.5 26.06176339815974
2.059001258851688 1.5 27.33384818744877
1.849368936538699 1.5 23.6164115418865
-1.536820630998252 1.5 22.24786408618753
-4.63281901567802 1.5 24.43445110707894
-1.802969447262779 1.5 18.50455124645857
-5.183649517594215 1.5 16.83780342386259
-2.054560683014191 1.5 14.69532294816718
-2.367699046113865 1.5 10.87312029194233
1.450228267330342 1.5 16.24335989812119
1.030054512544032 1.5 12.67593819738473
1.273193492089032 1.5 9.473112376922215
4.475438549467127 1.5 14.17612767769514
-5.855907409769284 1.5 9.264050584904183
-2.076073244686116 1.5 6.749932342471726
1.705203160943338 1.5 35.26130790525043
1.577682222486491 1.5 20.03221338188278
-3.899246798659128 1.5 3.025669657501423
5.108677848781426 1.5 24.74443386054769
5.487855428828955 1.5 17.37438930789095
2.789130762373782 1.5 5.946766611658598
-5.329070518200751e-15 1.5 32.65534685491262
4.834315756365025 1.5 28.55997945460438
-4.574302096294099 1.5 35.53142047641096
4.620377661018956 1.5 35.56375095027571
3.729025864662623 1.5 11.52351184575642
-6.942453642766054 1.5 2.684023647462279
2.825944188612823 1.5 2.773195890646722
1.918734283132176 1.5 30.22242820676539
6.657535436897849 1.5 6.471394299764412
6.391775538451764 1.5 12.20183010410911
-8.029262281383017 4.611308527670547 9.412458354652374
-7.403509936063802 4.496793875343399 16.99879658014424
-3.251737389435917 8.984571868551251 5.65538963724368
-6.657222948059403 4.550716042713858 24.59957644299805
-3.244869352468588 8.34858663422577 13.25241059958065
-7.569220907142834 6.160519960780083 3.057618686932527
-4.526882354233332 5.625970187579131 35.30934343725545
-3.236455219559452 7.707185466327084 20.84900531870146
-3.225991469425368 7.059116774827753 28.44507529233484
-7.084879800684583 4.444208095360487 20.7949383418394
-7.781643190708206 4.445902749784815 13.18721299801095
-3.231584299871741 7.384051937454161 24.64707342037196
-3.248503603715649 8.667181480518135 9.453914305044234
-3.240936646284963 8.028613372184589 17.05074420495051
-6.30620931325238 4.531032610411728 28.39566158607304
-5.98240702988109 4.4764336935324 32.12394819647076
-3.115476750062679 6.791724693475728 32.11878952010832
-6.293975412535369 7.057487745019927 6.907926770914117
-5.957179984274426 6.912258594380766 11.11675444189044
-8.433387078983719 4.436619550090421 5.982109180317097
-4.963340288925834 8.421070396915477 2.859839478289266
-5.685226995961779 6.747529331166725 14.95114977090957
-5.476095403818522 6.531862644851442 18.75862561348016
-5.280107823488761 6.303574907746687 22.58134698795172
-6.233278553522489 3.607307484252561 35.55405610131162
-8.911384411161603 4.046433659802809 2.705753981992351
-2.670277950979246 9.424853974581623 2.594244376846618
-2.224718050381216 6.854116449391494 35.49950791674031
-5.058390011932652 6.099790401925067 26.37409121214414
-6.661338147750939e-15 5.900042359436546e-15 100
-1.71280097254793 4.052037025956384 38
1.712061165833463 3.82570261370932 38
-0.00253882608394207 -5.329070518200751e-15 46.20226632941212
0.01249406302848577 -0.007316325970024629 54.31459140512266
0.01260362099453438 0.008291956681443224 64.13590128314512
0.002079600803063464 -0.02583701547704198 73.03077831108267
-0.05590885831934944 -0.08493594854898801 78.98232478362618
-0.06222257228948891 0.02759893398572721 84.56065154233269
2.285505431832666 0.008355924460429568 59.26372532671632
-2.589021743992379 2.790016598254629 42.83956493565963
1.755344149680734 -2.507480543316586 50.25292713425512
-0.2853999554948867 -3.821539051668183 42.86684482688143
3.67325523218783 -8.881784197001252e-16 42.7838147763754
-0.01908485239693425 -0.07149526174635046 89.49230352206814
-3.101078146518068 -0.1401408196541043 50.26406158536734
-3.027507104315928 -0.9728646772175555 58.59749072930428
1.661554387888545 2.576162590888596 50.25768576029805
1.714075324558752 1.043433625234105 68.5893963636579
-4.241270056251749 -0.9883738483124098 44.78305542881783
-0.04955736925286958 -0.01329111967009311 94.08567103368678
1.694840794923601 3.989328472555784 42.46157315811386
-2.312005844035343 -0.6609111592088248 69.30652265137653
4.190858254922024 0.08260992812934091 47.61644880922911
-0.3697362551814385 3.109694446393875 57.47682947976789
0.1617805334199242 -3.398444384357201 57.02918860341772
-0.7990788872932386 4.255723903518102 47.01308345674158
-1.998758157702297 3.41355650598357 52.5243120986741
0.3676226140499281 -3.252949716866569 61.33522741128154
-2.328679089222058 -3.335682592219284 53.18633530167163
-0.9753307445408304 -4.188353790462705 47.21458777660553
-0.0898644594414411 0 41.63599759118213
3.966780571318713 0.3846279478852567 55.49380693915315
-2.060292213803384 2.0473875314454 61.45516974544294
-5.135215501973768 -7.105427357601002e-15 41.14060632607575
0.6020335596417841 -2.67033159933137 67.20538437009114
2.941351585368326 -3.147863916637544 45.36075827336455
-3.991035279283797 0.463268990619419 54.91553975878949
-2.826426692876619 1.770644574560424 65.87358600932048
-3.685410800316812 -3.446347810737484 41.18183398529602
1.69874194498975 3.668545524811995 54.10248172248038

CELLS 3959 18015
1 0
1 1
1 2
1 3
1 4
1 5
1 6
1 7
1 8
1 9
1 10
1 11
2 0 12
2 12 13
2 13 14
2 14 15
2 15 16
2 16 17
2 17 18
2 18 1
2 0 19
2 19 20
2 20 21
2 21 22
2 22 1
2 2 23
2 23 24
2 24 25
2 25 26
2 26 27
2 27 28
2 28 29
2 29 30
2 30 31
2 31 0
2 2 32
2 32 33
2 33 34
2 34 35
2 35 3
2 1 36
2 36 37
2 37 38
2 38 39
2 39 40
2 40 41
2 41 42
2 42 43
2 43 44
2 44 3
2 2 45
2 45 46
2 46 47
2 47 3
2 4 48
2 48 49
2 49 50
2 50 51
2 51 52
2 52 53
2 53 54
2 54 55
2 55 56
2 56 57
2 57 58
2 58 59
2 59 60
2 60 61
2 61 62
2 62 63
2 63 64
2 64 65
2 65 4
2 5 66
2 66 67
2 67 68
2 68 6
2 5 69
2 69 70
2 70 71
2 71 72
2 72 7
2 6 73
2 73 74
2 74 75
2 75 7
2 8 76
2 76 77
2 77 78
2 78 79
2 79 80
2 80 81
2 81 8
2 4 82
2 82 83
2 83 84
2 84 85
2 85 86
2 86 87
2 87 88
2 88 89
2 89 90
2 90 91
2 91 92
2 92 93
2 93 94
2 94 95
2 95 96
2 96 97
2 97 98
2 98 99
2 99 100
2 100 101
2 101 102
2 102 103
2 103 104
2 104 105
2 105 106
2 106 8
2 9 107
2 107 108
2 108 109
2 109 110
2 110 111
2 111 112
2 112 113
2 113 114
2 114 115
2 115 5
2 9 116
2 116 117
2 117 10
2 6 118
2 118 119
2 119 120
2 120 121
2 121 122
2 122 123
2 123 124
2 124 125
2 125 126
2 126 10
2 7 127
2 127 128
2 128 129
2 129 130
2 130 131
2 131 132
2 132 133
2 133 134
2 134 135
2 135 11
2 9 136
2 136 137
2 137 138
2 138 11
2 10 139
2 139 140
2 140 11
3 12 201 0
3 0 201 31
3 1 202 18
3 36 202 1
3 23 195 2
3 2 195 32
3 35 196 3
3 3 196 44
3 13 189 12
3 189 201 12
3 14 148 13
3 148 189 13
3 15 187 14
3 14 187 148
3 16 147 15
3 147 187 15
3 17 191 16
3 16 191 147
3 18 190 17
3 190 191 17
3 18 202 190
3 24 175 23
3 175 195 23
3 25 146 24
3 146 175 24
3 26 174 25
3 25 174 146
3 27 145 26
3 145 174 26
3 28 173 27
3 27 173 145
3 29 143 28
3 143 173 28
3 30 152 29
3 29 152 143
3 31 151 30
3 151 152 30
3 31 201 151
3 32 177 33
3 32 195 177
3 33 149 34
3 33 177 149
3 34 180 35
3 149 180 34
3 180 196 35
3 37 150 36
3 150 202 36
3 38 193 37
3 37 193 150
3 39 144 38
3 144 193 38
3 40 181 39
3 39 181 144
3 41 142 40
3 142 181 40
3 42 178 41
3 41 178 142
3 43 141 42
3 141 178 42
3 44 179 43
3 43 179 141
3 44 196 179
3 141 179 169
3 169 197 141
3 141 197 178
3 178 192 142
3 142 182 181
3 142 192 182
3 152 153 143
3 153 154 143
3 154 173 143
3 181 186 144
3 186 200 144
3 144 200 193
3 173 184 145
3 145 185 174
3 184 185 145
3 146 174 171
3 171 176 146
3 146 176 175
3 168 187 147
3 147 199 168
3 191 199 147
3 172 189 148
3 148 194 172
3 187 194 148
3 177 203 149
3 149 198 180
3 188 198 149
3 149 203 188
3 167 183 150
3 150 193 167
3 183 190 150
3 190 202 150
3 151 172 152
3 151 189 172
3 151 201 189
3 152 172 153
3 153 155 154
3 153 170 155
3 153 172 170
3 155 156 154
3 156 184 154
3 154 184 173
3 155 157 156
3 155 158 157
3 155 170 158
3 157 159 156
3 159 160 156
3 160 184 156
3 158 165 157
3 157 204 159
3 165 204 157
3 158 166 165
3 158 168 166
3 158 170 168
3 159 161 160
3 159 182 161
3 159 204 182
3 161 162 160
3 162 185 160
3 160 185 184
3 161 163 162
3 161 192 163
3 182 192 161
3 163 164 162
3 164 171 162
3 171 185 162
3 163 169 164
3 163 197 169
3 192 197 163
3 169 188 164
3 164 176 171
3 164 188 176
3 166 167 165
3 167 200 165
3 165 200 186
3 186 204 165
3 166 183 167
3 168 199 166
3 166 199 183
3 193 200 167
3 170 194 168
3 168 194 187
3 179 198 169
3 169 198 188
3 172 194 170
3 174 185 171
3 176 203 175
3 177 195 175
3 175 203 177
3 188 203 176
3 178 197 192
3 179 196 180
3 180 198 179
3 182 186 181
3 182 204 186
3 183 191 190
3 183 199 191
3 0 31 19
3 22 243 1
3 1 243 36
3 2 241 23
3 45 241 2
3 44 239 3
3 3 239 47
3 19 244 20
3 31 215 19
3 215 244 19
3 20 212 21
3 20 244 212
3 21 234 22
3 212 234 21
3 234 243 22
3 23 211 24
3 23 241 211
3 24 238 25
3 211 238 24
3 25 210 26
3 25 238 210
3 26 237 27
3 210 237 26
3 27 209 28
3 27 237 209
3 28 226 29
3 209 226 28
3 29 207 30
3 29 226 207
3 30 246 31
3 207 246 30
3 31 246 215
3 36 214 37
3 36 243 214
3 37 220 38
3 214 220 37
3 38 205 39
3 38 220 205
3 39 229 40
3 205 229 39
3 40 206 41
3 40 229 206
3 41 230 42
3 206 230 41
3 42 208 43
3 42 230 208
3 43 216 44
3 208 216 43
3 216 239 44
3 46 232 45
3 232 241 45
3 47 213 46
3 213 232 46
3 47 239 213
3 220 221 205
3 221 222 205
3 222 229 205
3 206 229 228
3 228 240 206
3 206 240 230
3 226 242 207
3 207 242 235
3 235 246 207
3 208 217 216
3 208 218 217
3 208 230 218
3 209 227 225
3 225 247 209
3 209 247 226
3 209 237 227
3 210 238 219
3 219 248 210
3 210 233 227
3 227 237 210
3 210 248 233
3 232 236 211
3 211 241 232
3 236 245 211
3 211 245 238
3 231 234 212
3 212 235 231
3 212 244 235
3 216 236 213
3 213 239 216
3 213 236 232
3 214 231 220
3 214 234 231
3 214 243 234
3 235 244 215
3 215 246 235
3 217 236 216
3 218 219 217
3 219 245 217
3 217 245 236
3 218 248 219
3 230 240 218
3 218 240 233
3 233 248 218
3 238 245 219
3 220 231 221
3 221 223 222
3 221 224 223
3 221 231 224
3 223 225 222
3 225 228 222
3 228 229 222
3 224 242 223
3 223 247 225
3 242 247 223
3 231 235 224
3 235 242 224
3 227 228 225
3 226 247 242
3 227 233 228
3 233 240 228
3 45 2 32
3 35 3 47
3 33 249 32
3 32 249 45
3 34 250 33
3 33 250 249
3 35 250 34
3 47 250 35
3 45 249 46
3 46 250 47
3 249 250 46
3 0 57 7
3 7 251 0
3 12 252 0
3 0 251 19
3 0 252 57
3 1 5 4
3 4 65 1
3 1 256 5
3 1 65 18
3 22 256 1
3 4 5 48
3 48 5 66
3 5 256 69
3 51 6 52
3 68 6 51
3 6 73 52
3 57 56 7
3 56 253 7
3 72 251 7
3 7 253 75
3 13 255 12
3 58 252 12
3 12 255 58
3 13 14 60
3 59 13 60
3 59 255 13
3 14 15 61
3 60 14 61
3 62 15 16
3 61 15 62
3 17 63 16
3 16 63 62
3 18 64 17
3 17 64 63
3 18 65 64
3 19 259 20
3 19 251 72
3 72 259 19
3 20 257 21
3 71 257 20
3 20 259 71
3 21 258 22
3 21 257 70
3 70 258 21
3 69 256 22
3 22 258 69
3 49 48 66
3 50 49 67
3 67 49 66
3 51 50 68
3 68 50 67
3 52 73 53
3 53 74 54
3 73 74 53
3 54 254 55
3 74 254 54
3 55 253 56
3 75 253 55
3 55 254 75
3 57 252 58
3 58 255 59
3 69 258 70
3 70 257 71
3 71 259 72
3 75 254 74
3 48 610 4
3 4 611 65
3 4 610 82
3 82 611 4
3 8 606 76
3 81 607 8
3 106 606 8
3 8 607 106
3 49 580 48
3 580 610 48
3 50 283 49
3 283 580 49
3 51 578 50
3 50 578 283
3 52 472 51
3 472 578 51
3 53 272 52
3 272 472 52
3 54 571 53
3 53 571 272
3 55 614 54
3 54 614 571
3 56 268 55
3 268 614 55
3 57 570 56
3 56 570 268
3 58 284 57
3 284 570 57
3 59 563 58
3 58 563 284
3 60 269 59
3 269 563 59
3 61 609 60
3 60 609 269
3 62 595 61
3 595 609 61
3 63 274 62
3 274 595 62
3 64 568 63
3 63 568 274
3 65 287 64
3 287 568 64
3 65 611 287
3 76 475 77
3 76 606 475
3 77 286 78
3 77 475 286
3 78 450 79
3 286 450 78
3 79 282 80
3 79 450 282
3 80 293 81
3 282 293 80
3 293 607 81
3 82 288 83
3 83 582 82
3 82 610 288
3 582 611 82
3 84 285 83
3 83 528 84
3 285 582 83
3 288 528 83
3 84 281 85
3 85 527 84
3 84 528 281
3 84 527 285
3 86 271 85
3 85 524 86
3 271 527 85
3 281 524 85
3 86 267 87
3 87 562 86
3 86 524 267
3 86 562 271
3 87 459 88
3 88 513 87
3 267 459 87
3 513 562 87
3 89 264 88
3 88 455 89
3 264 513 88
3 88 459 455
3 89 262 90
3 90 540 89
3 89 455 262
3 89 540 264
3 91 510 90
3 90 558 91
3 262 558 90
3 510 540 90
3 92 276 91
3 91 495 92
3 276 510 91
3 91 558 495
3 92 266 93
3 93 292 92
3 92 495 266
3 92 292 276
3 94 263 93
3 93 506 94
3 263 292 93
3 266 506 93
3 95 502 94
3 94 504 95
3 94 502 263
3 94 506 504
3 95 265 96
3 96 280 95
3 95 504 265
3 280 502 95
3 96 492 97
3 97 498 96
3 265 492 96
3 96 498 280
3 98 279 97
3 97 291 98
3 279 498 97
3 97 492 291
3 98 260 99
3 99 497 98
3 98 291 260
3 98 497 279
3 100 278 99
3 99 505 100
3 260 505 99
3 278 497 99
3 100 275 101
3 101 485 100
3 100 505 275
3 100 485 278
3 102 277 101
3 101 290 102
3 275 290 101
3 277 485 101
3 102 261 103
3 103 481 102
3 102 290 261
3 102 481 277
3 104 270 103
3 103 476 104
3 261 476 103
3 270 481 103
3 104 273 105
3 105 586 104
3 104 586 270
3 104 476 273
3 106 289 105
3 105 474 106
3 273 474 105
3 289 586 105
3 106 607 289
3 474 606 106
3 291 308 260
3 308 567 260
3 260 567 505
3 290 297 261
3 297 440 261
3 440 476 261
3 262 455 447
3 447 458 262
3 458 558 262
3 263 560 292
3 502 503 263
3 503 560 263
3 264 514 513
3 264 519 514
3 264 540 519
3 265 521 492
3 504 520 265
3 520 521 265
3 266 495 494
3 494 496 266
3 496 506 266
3 267 460 459
3 267 461 460
3 267 524 461
3 268 570 429
3 429 583 268
3 268 583 445
3 445 614 268
3 438 456 269
3 269 609 438
3 456 563 269
3 451 481 270
3 270 608 451
3 586 608 270
3 271 599 527
3 562 566 271
3 566 599 271
3 272 585 472
3 571 618 272
3 272 618 585
3 273 591 474
3 476 598 273
3 273 598 591
3 568 581 274
3 274 581 577
3 577 595 274
3 275 452 290
3 275 453 452
3 275 505 453
3 292 354 276
3 354 369 276
3 369 510 276
3 481 589 277
3 277 486 485
3 277 589 486
3 485 553 278
3 278 603 497
3 553 603 278
3 497 605 279
3 279 499 498
3 279 605 499
3 498 500 280
3 500 501 280
3 501 502 280
3 281 537 524
3 528 557 281
3 281 557 537
3 282 294 293
3 282 295 294
3 282 450 295
3 564 580 283
3 283 612 564
3 578 612 283
3 563 597 284
3 284 602 570
3 597 602 284
3 527 584 285
3 569 582 285
3 285 584 569
3 444 574 286
3 286 617 444
3 286 574 450
3 475 617 286
3 287 569 568
3 287 582 569
3 287 611 582
3 288 564 528
3 288 580 564
3 288 610 580
3 293 294 289
3 289 607 293
3 294 446 289
3 446 586 289
3 290 452 297
3 291 309 308
3 291 492 309
3 292 560 354
3 295 296 294
3 296 446 294
3 295 298 296
3 295 574 298
3 450 574 295
3 298 299 296
3 299 561 296
3 296 561 446
3 297 457 440
3 452 454 297
3 454 457 297
3 298 300 299
3 298 302 300
3 298 574 302
3 300 301 299
3 301 304 299
3 304 561 299
3 300 512 301
3 302 303 300
3 303 512 300
3 301 305 304
3 301 306 305
3 301 512 306
3 302 442 303
3 302 444 442
3 302 574 444
3 442 616 303
3 303 622 512
3 616 622 303
3 305 431 304
3 431 451 304
3 451 561 304
3 306 307 305
3 307 547 305
3 305 547 431
3 306 311 307
3 306 320 311
3 306 512 320
3 311 312 307
3 312 319 307
3 319 547 307
3 309 310 308
3 310 318 308
3 318 567 308
3 309 313 310
3 309 521 313
3 492 521 309
3 313 314 310
3 314 593 310
3 310 593 318
3 311 316 312
3 311 572 316
3 320 572 311
3 316 317 312
3 317 539 312
3 312 539 319
3 313 315 314
3 313 321 315
3 313 521 321
3 315 478 314
3 478 480 314
3 480 593 314
3 321 322 315
3 322 345 315
3 345 478 315
3 316 422 317
3 316 423 422
3 316 572 423
3 422 424 317
3 424 449 317
3 449 539 317
3 318 576 567
3 318 596 576
3 593 596 318
3 539 604 319
3 319 554 547
3 319 604 554
3 320 457 454
3 454 572 320
3 320 622 457
3 512 622 320
3 321 323 322
3 321 520 323
3 321 521 520
3 323 324 322
3 324 533 322
3 322 533 345
3 323 325 324
3 323 425 325
3 323 520 425
3 325 326 324
3 326 344 324
3 344 533 324
3 325 327 326
3 325 496 327
3 425 496 325
3 327 328 326
3 328 529 326
3 326 529 344
3 327 329 328
3 327 494 329
3 327 496 494
3 329 330 328
3 330 338 328
3 338 529 328
3 329 331 330
3 329 415 331
3 329 494 415
3 331 332 330
3 332 538 330
3 330 538 338
3 331 333 332
3 331 458 333
3 415 458 331
3 333 334 332
3 334 534 332
3 534 538 332
3 333 335 334
3 333 447 335
3 333 458 447
3 335 336 334
3 336 337 334
3 337 534 334
3 335 473 336
3 447 448 335
3 448 473 335
3 336 339 337
3 336 383 339
3 336 473 383
3 339 340 337
3 340 535 337
3 337 535 534
3 491 529 338
3 338 531 491
3 338 538 531
3 339 341 340
3 339 544 341
3 383 544 339
3 341 342 340
3 342 343 340
3 343 535 340
3 341 346 342
3 341 348 346
3 341 544 348
3 342 525 343
3 346 347 342
3 347 525 342
3 343 526 482
3 482 535 343
3 525 526 343
3 344 529 490
3 490 545 344
3 344 545 533
3 477 478 345
3 345 479 477
3 345 533 479
3 346 349 347
3 348 511 346
3 346 511 349
3 349 350 347
3 350 351 347
3 351 525 347
3 471 523 348
3 348 544 471
3 348 523 511
3 349 375 350
3 349 376 375
3 349 511 376
3 350 352 351
3 350 509 352
3 375 509 350
3 352 353 351
3 353 408 351
3 408 525 351
3 352 355 353
3 352 368 355
3 352 509 368
3 355 356 353
3 356 542 353
3 353 542 408
3 354 394 369
3 354 395 394
3 354 560 395
3 355 357 356
3 355 555 357
3 368 555 355
3 357 358 356
3 358 359 356
3 359 542 356
3 357 362 358
3 357 363 362
3 357 555 363
3 358 360 359
3 358 530 360
3 362 530 358
3 360 361 359
3 361 543 359
3 359 543 542
3 360 364 361
3 360 401 364
3 360 530 401
3 364 365 361
3 365 366 361
3 366 543 361
3 363 370 362
3 370 372 362
3 372 530 362
3 363 371 370
3 363 536 371
3 363 555 536
3 364 594 365
3 401 532 364
3 532 594 364
3 365 367 366
3 365 507 367
3 365 594 507
3 367 373 366
3 373 385 366
3 385 543 366
3 367 374 373
3 367 377 374
3 367 507 377
3 509 522 368
3 522 559 368
3 368 559 555
3 394 402 369
3 402 419 369
3 419 510 369
3 371 384 370
3 370 590 372
3 384 590 370
3 371 386 384
3 371 392 386
3 371 536 392
3 372 573 530
3 372 619 573
3 590 619 372
3 374 493 373
3 373 389 385
3 373 493 389
3 377 378 374
3 378 390 374
3 390 493 374
3 376 410 375
3 410 413 375
3 413 509 375
3 376 411 410
3 376 412 411
3 376 511 412
3 377 379 378
3 377 428 379
3 377 507 428
3 379 380 378
3 380 487 378
3 378 487 390
3 379 381 380
3 379 508 381
3 428 508 379
3 381 382 380
3 382 391 380
3 391 487 380
3 381 387 382
3 381 409 387
3 381 508 409
3 387 388 382
3 388 552 382
3 382 552 391
3 462 464 383
3 383 473 462
3 464 544 383
3 386 393 384
3 393 414 384
3 414 590 384
3 389 416 385
3 416 484 385
3 484 543 385
3 392 406 386
3 386 556 393
3 406 556 386
3 387 396 388
3 387 546 396
3 409 546 387
3 396 397 388
3 397 398 388
3 398 552 388
3 389 417 416
3 389 418 417
3 389 493 418
3 487 488 390
3 488 489 390
3 489 493 390
3 391 550 487
3 391 551 550
3 391 552 551
3 392 438 406
3 392 439 438
3 392 536 439
3 393 420 414
3 393 421 420
3 393 556 421
3 395 592 394
3 394 427 402
3 394 592 427
3 395 579 508
3 508 592 395
3 560 579 395
3 396 548 397
3 546 601 396
3 396 601 548
3 397 399 398
3 397 403 399
3 397 548 403
3 399 400 398
3 400 407 398
3 407 552 398
3 399 588 400
3 403 404 399
3 404 588 399
3 400 426 407
3 400 575 426
3 400 588 575
3 530 573 401
3 401 613 532
3 573 613 401
3 402 434 419
3 427 532 402
3 402 532 434
3 403 405 404
3 403 549 405
3 548 549 403
3 405 435 404
3 435 621 404
3 404 621 588
3 405 436 435
3 405 437 436
3 405 549 437
3 438 441 406
3 441 577 406
3 406 577 556
3 426 477 407
3 477 551 407
3 551 552 407
3 484 526 408
3 408 542 484
3 408 526 525
3 508 579 409
3 409 600 546
3 579 600 409
3 411 583 410
3 410 429 413
3 410 583 429
3 412 432 411
3 432 445 411
3 445 583 411
3 412 433 432
3 412 523 433
3 511 523 412
3 429 430 413
3 430 522 413
3 413 522 509
3 420 599 414
3 414 566 517
3 517 590 414
3 414 599 566
3 415 558 458
3 494 495 415
3 495 558 415
3 417 482 416
3 482 526 416
3 416 526 484
3 418 531 417
3 417 483 482
3 417 531 483
3 489 491 418
3 418 493 489
3 491 531 418
3 434 519 419
3 419 540 510
3 519 540 419
3 421 584 420
3 420 584 527
3 527 599 420
3 556 581 421
3 421 581 569
3 569 584 421
3 423 596 422
3 422 443 424
3 422 596 443
3 572 587 423
3 423 587 576
3 576 596 423
3 443 620 424
3 424 575 449
3 424 620 575
3 425 506 496
3 504 506 425
3 425 520 504
3 426 478 477
3 426 480 478
3 426 575 480
3 427 592 507
3 507 594 427
3 427 594 532
3 507 592 428
3 428 592 508
3 429 602 430
3 570 602 429
3 430 565 522
3 430 597 565
3 430 602 597
3 431 589 451
3 547 615 431
3 431 615 589
3 433 618 432
3 432 571 445
3 432 618 571
3 433 541 470
3 470 585 433
3 523 541 433
3 585 618 433
3 518 519 434
3 434 613 518
3 532 613 434
3 436 604 435
3 435 604 539
3 539 621 435
3 437 603 436
3 553 554 436
3 436 603 553
3 554 604 436
3 497 603 437
3 437 605 497
3 549 605 437
3 439 456 438
3 438 609 441
3 439 565 456
3 536 559 439
3 559 565 439
3 457 616 440
3 440 598 476
3 440 616 598
3 441 595 577
3 441 609 595
3 444 591 442
3 591 598 442
3 598 616 442
3 443 593 480
3 480 620 443
3 443 596 593
3 444 617 591
3 571 614 445
3 561 608 446
3 446 608 586
3 447 455 448
3 455 459 448
3 459 460 448
3 460 473 448
3 449 621 539
3 575 588 449
3 588 621 449
3 451 589 481
3 451 608 561
3 453 587 452
3 452 587 454
3 505 567 453
3 567 576 453
3 576 587 453
3 454 587 572
3 456 597 563
3 565 597 456
3 457 622 616
3 461 462 460
3 462 473 460
3 461 463 462
3 461 537 463
3 524 537 461
3 463 464 462
3 463 465 464
3 463 466 465
3 463 537 466
3 465 471 464
3 471 544 464
3 466 467 465
3 467 541 465
3 465 541 471
3 466 468 467
3 466 557 468
3 537 557 466
3 468 469 467
3 469 470 467
3 470 541 467
3 468 612 469
3 557 564 468
3 564 612 468
3 469 472 470
3 469 578 472
3 469 612 578
3 472 585 470
3 471 541 523
3 475 606 474
3 474 617 475
3 591 617 474
3 479 551 477
3 533 545 479
3 545 550 479
3 550 551 479
3 575 620 480
3 483 535 482
3 531 538 483
3 534 535 483
3 483 538 534
3 542 543 484
3 486 553 485
3 486 554 553
3 486 615 554
3 589 615 486
3 487 550 488
3 488 490 489
3 488 545 490
3 488 550 545
3 490 491 489
3 490 529 491
3 499 500 498
3 499 548 500
3 499 549 548
3 499 605 549
3 500 601 501
3 548 601 500
3 501 503 502
3 501 600 503
3 546 600 501
3 501 601 546
3 503 579 560
3 503 600 579
3 514 515 513
3 515 562 513
3 514 516 515
3 514 518 516
3 514 519 518
3 516 517 515
3 517 566 515
3 515 566 562
3 516 619 517
3 518 573 516
3 573 619 516
3 517 619 590
3 518 613 573
3 522 565 559
3 528 564 557
3 555 559 536
3 554 615 547
3 577 581 556
3 569 581 568
3 66 5 648
3 5 115 648
3 6 68 649
3 118 6 649
3 107 9 647
3 9 116 647
3 117 10 650
3 10 126 650
3 67 66 628
3 628 66 648
3 68 67 643
3 67 628 643
3 68 643 649
3 108 107 638
3 638 107 647
3 109 108 637
3 637 108 638
3 110 109 626
3 626 109 637
3 111 110 632
3 110 626 632
3 112 111 624
3 624 111 632
3 113 112 633
3 112 624 633
3 114 113 623
3 623 113 633
3 115 114 642
3 114 623 642
3 115 642 648
3 116 117 629
3 116 629 647
3 629 117 650
3 119 118 625
3 625 118 649
3 120 119 635
3 119 625 635
3 121 120 627
3 627 120 635
3 122 121 636
3 121 627 636
3 123 122 630
3 630 122 636
3 124 123 634
3 123 630 634
3 125 124 631
3 631 124 634
3 126 125 639
3 125 631 639
3 126 639 650
3 623 633 641
3 640 623 641
3 623 640 642
3 624 632 645
3 633 624 644
3 644 624 645
3 635 625 640
3 640 625 643
3 643 625 649
3 632 626 646
3 626 637 651
3 646 626 651
3 627 635 641
3 636 627 644
3 627 641 644
3 640 628 642
3 628 640 643
3 642 628 648
3 638 629 639
3 629 638 647
3 639 629 650
3 634 630 646
3 630 636 645
3 630 645 646
3 631 634 651
3 631 637 638
3 637 631 651
3 631 638 639
3 645 632 646
3 641 633 644
3 634 646 651
3 635 640 641
3 636 644 645
3 115 5 69
3 72 7 690
3 7 127 690
3 9 107 688
3 136 9 688
3 135 11 687
3 11 138 687
3 69 70 691
3 115 69 661
3 661 69 691
3 70 71 658
3 70 658 691
3 71 72 681
3 658 71 681
3 681 72 690
3 107 108 657
3 107 657 688
3 108 109 686
3 657 108 686
3 109 110 682
3 109 682 686
3 110 111 653
3 110 653 682
3 111 112 683
3 653 111 683
3 112 113 694
3 112 676 683
3 676 112 694
3 113 114 654
3 113 654 694
3 114 115 693
3 654 114 693
3 115 661 693
3 127 128 660
3 127 660 690
3 128 129 677
3 660 128 677
3 129 130 652
3 129 652 677
3 130 131 670
3 652 130 670
3 131 132 656
3 131 656 670
3 132 133 668
3 656 132 668
3 133 134 655
3 133 655 668
3 134 135 662
3 655 134 662
3 662 135 687
3 137 136 679
3 679 136 688
3 138 137 659
3 659 137 679
3 138 659 687
3 652 670 671
3 652 671 672
3 652 672 677
3 666 653 680
3 653 666 682
3 680 653 683
3 675 654 684
3 654 675 689
3 684 654 693
3 654 689 694
3 655 662 663
3 655 663 664
3 655 664 668
3 667 656 668
3 656 667 669
3 656 669 670
3 679 657 685
3 657 679 688
3 685 657 692
3 657 686 692
3 678 658 681
3 658 678 684
3 658 684 691
3 662 659 685
3 659 662 687
3 659 679 685
3 660 677 678
3 660 678 681
3 660 681 690
3 684 661 691
3 661 684 693
3 663 662 685
3 664 663 665
3 665 663 692
3 663 685 692
3 664 665 666
3 664 666 667
3 664 667 668
3 666 665 682
3 682 665 686
3 686 665 692
3 667 666 680
3 669 667 680
3 670 669 671
3 671 669 673
3 673 669 680
3 672 671 674
3 671 673 674
3 672 674 675
3 672 675 678
3 677 672 678
3 674 673 676
3 676 673 683
3 673 680 683
3 675 674 689
3 674 676 689
3 678 675 684
3 689 676 694
3 73 6 721
3 6 118 721
3 7 75 720
3 127 7 720
3 126 10 722
3 10 139 722
3 11 135 719
3 140 11 719
3 74 73 715
3 715 73 721
3 75 74 700
3 700 74 715
3 75 700 720
3 118 119 697
3 118 697 721
3 119 120 707
3 697 119 707
3 120 121 699
3 120 699 707
3 121 122 708
3 699 121 708
3 122 123 702
3 122 702 708
3 123 124 706
3 702 123 706
3 124 125 703
3 124 703 706
3 125 126 711
3 703 125 711
3 711 126 722
3 128 127 714
3 714 127 720
3 129 128 695
3 695 128 714
3 130 129 705
3 129 695 705
3 131 130 696
3 696 130 705
3 132 131 704
3 131 696 704
3 133 132 698
3 698 132 704
3 134 133 709
3 133 698 709
3 135 134 710
3 134 709 710
3 135 710 719
3 139 140 701
3 139 701 722
3 701 140 719
3 705 695 713
3 695 712 713
3 712 695 714
3 704 696 717
3 696 705 716
3 696 716 717
3 697 707 712
3 697 712 715
3 697 715 721
3 698 704 718
3 709 698 723
3 698 718 723
3 707 699 713
3 699 708 716
3 713 699 716
3 700 712 714
3 712 700 715
3 700 714 720
3 701 710 711
3 710 701 719
3 701 711 722
3 702 706 718
3 708 702 717
3 717 702 718
3 706 703 723
3 709 703 710
3 703 709 723
3 710 703 711
3 704 717 718
3 705 713 716
3 718 706 723
3 712 707 713
3 716 708 717
3 76 724 8
3 8 724 81
3 77 724 76
3 78 724 77
3 79 724 78
3 80 724 79
3 81 724 80
3 136 116 9
3 10 117 726
3 139 10 725
3 725 10 726
3 138 11 140
3 117 116 726
3 116 136 726
3 136 137 726
3 137 138 725
3 137 725 726
3 138 140 725
3 140 139 725
4 291 729 309 733
4 545 739 743 750
4 545 743 734 750
4 309 291 308 729
4 250 35 47 736
4 545 488 734 743
4 311 307 312 730
4 745 747 496 750
4 310 309 308 729
4 275 730 101 731
4 309 733 729 757
4 728 749 735 756
4 101 730 485 731
4 452 730 275 731
4 307 730 311 731
4 97 729 291 733
4 603 730 278 759
4 545 488 490 734
4 309 729 310 757
4 545 734 490 750
4 279 729 97 733
4 308 291 260 729
4 279 729 605 759
4 576 742 730 746
4 95 94 735 756
4 308 729 260 742
4 305 306 301 732
4 741 496 747 750
4 576 730 423 746
4 354 737 736 760
4 485 730 486 731
4 501 735 749 756
4 545 739 488 743
4 318 310 308 729
4 547 730 307 731
4 553 278 603 730
4 318 729 308 742
4 605 729 279 752
4 572 311 730 731
4 307 547 319 730
4 546 749 735 753
4 587 730 452 731
4 496 745 737 747
4 603 436 730 759
4 436 553 603 730
4 290 275 101 731
4 730 742 278 759
4 572 730 587 731
4 290 452 275 731
4 622 512 731 732
4 139 725 328 734
4 400 588 740 757
4 101 485 277 731
4 312 307 319 730
4 486 730 554 731
4 305 731 306 732
4 729 404 759 762
4 727 747 745 750
4 615 486 554 731
4 729 733 279 752
4 316 311 312 730
4 729 742 318 762
4 529 139 328 734
4 101 100 485 730
4 275 100 101 730
4 404 399 729 752
4 305 304 431 732
4 316 572 311 730
4 729 752 605 759
4 512 306 731 732
4 95 735 502 756
4 547 554 730 731
4 276 47 35 737
4 277 485 486 731
4 529 328 139 338
4 496 737 266 747
4 309 748 733 757
4 729 757 588 762
4 102 261 731 732
4 305 431 731 732
4 502 95 94 735
4 512 301 306 732
4 501 735 546 749
4 576 596 742 746
4 589 731 431 732
4 98 291 97 729
4 423 730 316 746
4 325 496 741 750
4 297 731 261 732
4 116 136 737 745
4 596 576 423 746
4 488 545 550 739
4 547 615 554 731
4 400 588 399 740
4 423 316 422 746
4 276 35 354 737
4 496 266 737 745
4 279 98 97 729
4 727 743 739 750
4 278 730 100 742
4 380 739 382 754
4 275 452 453 730
4 739 750 545 751
4 318 593 310 729
4 404 729 588 762
4 297 261 440 732
4 318 593 729 762
4 488 739 550 743
4 404 399 588 729
4 260 291 98 729
4 735 749 728 753
4 501 502 735 756
4 739 753 382 754
4 260 729 98 742
4 521 733 309 748
4 116 136 495 737
4 596 423 422 746
4 100 730 505 742
4 589 431 451 732
4 313 748 309 757
4 102 103 261 732
4 505 100 275 730
4 622 512 320 731
4 436 746 730 759
4 328 734 725 745
4 102 731 481 732
4 10 328 139 725
4 325 745 496 750
4 305 301 304 732
4 622 731 457 732
4 398 740 388 753
4 505 730 453 742
4 453 505 275 730
4 604 730 436 746
4 547 554 319 730
4 486 485 553 730
4 737 745 727 747
4 589 481 731 732
4 380 743 739 754
4 98 729 279 759
4 116 737 495 745
4 388 740 749 753
4 453 730 576 742
4 425 741 496 747
4 454 572 587 731
4 521 492 309 733
4 487 739 380 743
4 388 740 398 749
4 533 545 750 751
4 312 316 730 746
4 621 404 588 762
4 492 291 309 733
4 485 100 278 730
4 454 587 452 731
4 423 572 316 730
4 506 425 496 747
4 587 453 452 730
4 485 278 553 730
4 457 731 297 732
4 398 740 753 761
4 400 575 588 757
4 310 729 593 757
4 425 325 496 741
4 47 736 737 755
4 575 588 757 762
4 546 735 409 753
4 497 279 605 759
4 98 742 729 759
4 313 309 310 757
4 10 328 725 745
4 387 546 409 753
4 102 481 103 732
4 279 733 498 752
4 404 752 729 759
4 550 739 487 743
4 457 297 440 732
4 303 300 732 738
4 593 757 729 762
4 398 753 552 761
4 529 491 139 734
4 496 325 327 745
4 104 476 732 738
4 554 553 436 730
4 512 306 320 731
4 587 572 423 730
4 735 741 728 756
4 521 733 748 756
4 605 752 549 759
4 587 576 453 730
4 303 732 616 738
4 380 382 381 754
4 409 753 735 754
4 312 317 316 746
4 587 423 576 730
4 604 554 436 730
4 395 354 394 736
4 136 9 495 737
4 398 388 552 753
4 276 354 292 737
4 391 382 380 739
4 554 486 553 730
4 327 745 325 750
4 495 737 494 745
4 589 451 481 732
4 300 299 732 738
4 313 521 309 748
4 261 290 102 731
4 47 276 3 737
4 545 490 344 750
4 521 492 733 756
4 387 753 409 754
4 499 279 498 752
4 488 550 487 743
4 727 734 743 750
4 725 139 140 734
4 734 745 326 750
4 34 394 250 736
4 487 391 380 739
4 250 736 47 755
4 381 382 753 754
4 250 47 46 755
4 319 730 604 746
4 742 746 596 762
4 741 756 504 764
4 621 449 746 762
4 261 297 290 731
4 502 735 94 747
4 139 491 140 734
4 501 280 502 756
4 116 495 494 745
4 304 451 431 732
4 318 742 596 762
4 561 608 732 738
4 561 732 299 738
4 500 749 733 756
4 478 748 740 761
4 492 97 291 733
4 621 588 449 762
4 405 752 404 759
4 600 409 546 735
4 104 732 270 738
4 354 736 395 760
4 500 733 498 756
4 292 737 354 760
4 545 479 739 751
4 388 398 397 749
4 104 476 103 732
4 552 753 391 761
4 494 737 266 745
4 303 616 442 738
4 498 279 97 733
4 266 494 495 737
4 727 741 747 750
4 139 529 338 491
4 400 740 426 757
4 521 756 748 764
4 303 302 300 738
4 345 748 478 761
4 506 496 266 747
4 391 753 739 761
4 452 290 297 731
4 503 735 263 760
4 319 604 539 746
4 397 740 399 752
4 457 622 320 731
4 101 277 102 731
4 529 734 326 750
4 567 318 308 742
4 398 740 397 749
4 101 102 290 731
4 404 403 399 752
4 598 732 476 738
4 387 381 753 754
4 735 747 263 760
4 616 732 598 738
4 733 749 500 752
4 307 311 306 731
4 136 495 9 116
4 270 732 608 738
4 379 743 736 763
4 489 490 488 734
4 379 736 743 754
4 481 102 277 731
4 552 391 551 761
4 405 403 404 752
4 502 263 735 747
4 140 734 491 758
4 136 47 3 737
4 317 422 316 746
4 730 746 742 759
4 490 734 344 750
4 292 93 737 747
4 600 409 735 754
4 345 751 748 761
4 296 298 295 738
4 391 739 551 761
4 724 293 282 744
4 396 749 546 753
4 270 104 103 732
4 606 724 475 744
4 324 741 323 751
4 405 549 752 759
4 379 743 380 754
4 450 724 282 744
4 497 98 279 759
4 307 306 305 731
4 137 725 734 745
4 136 3 9 737
4 601 501 546 749
4 600 735 579 754
4 387 409 381 754
4 138 734 140 758
4 345 478 477 761
4 324 750 741 751
4 605 279 499 752
4 292 747 737 760
4 589 481 277 731
4 596 746 422 762
4 478 740 748 757
4 277 486 589 731
4 735 753 739 754
4 397 749 740 752
4 489 491 734 758
4 478 426 740 757
4 734 137 745 755
4 116 494 117 745
4 344 734 529 750
4 489 140 491 758
4 295 738 298 744
4 325 741 324 750
4 567 505 453 742
4 727 739 735 741
4 561 304 299 732
4 567 453 576 742
4 301 300 299 732
4 554 604 319 730
4 296 738 295 744
4 116 117 726 745
4 344 490 529 734
4 615 589 486 731
4 735 739 728 741
4 496 494 266 745
4 550 545 479 739
4 324 325 323 741
4 137 136 745 755
4 604 436 435 746
4 250 46 736 755
4 35 3 47 276
4 500 498 280 756
4 116 726 136 745
4 576 596 318 742
4 606 106 724 744
4 724 607 293 744
4 399 397 398 740
4 3 92 9 737
4 600 579 409 754
4 93 266 737 747
4 724 106 607 744
4 278 100 99 742
4 328 10 139 338
4 579 735 503 760
4 382 739 391 753
4 278 742 497 759
4 576 318 567 742
4 616 598 442 738
4 521 265 492 756
4 442 302 303 738
4 502 263 503 735
4 741 750 739 751
4 320 311 572 731
4 286 475 724 744
4 726 137 136 745
4 600 503 579 735
4 378 380 379 743
4 301 299 304 732
4 344 533 545 750
4 740 752 733 757
4 454 452 297 731
4 9 92 495 737
4 545 533 479 751
4 437 605 549 759
4 138 725 140 734
4 300 298 299 738
4 476 104 273 738
4 739 741 727 750
4 739 743 727 754
4 92 3 276 737
4 273 738 105 744
4 105 738 586 744
4 326 745 327 750
4 567 308 260 742
4 98 497 742 759
4 436 435 746 759
4 550 391 487 739
4 329 10 117 745
4 322 324 323 751
4 378 743 379 763
4 476 261 103 732
4 729 733 752 757
4 575 400 426 757
4 446 586 738 744
4 591 738 273 744
4 592 394 34 736
4 300 512 303 732
4 324 533 750 751
4 498 733 96 756
4 737 745 136 755
4 138 137 725 734
4 561 608 451 732
4 137 734 138 755
4 749 753 740 761
4 502 94 263 747
4 476 440 261 732
4 92 276 292 737
4 520 741 504 764
4 34 35 250 394
4 450 286 724 744
4 579 754 735 760
4 322 315 751 764
4 748 751 315 764
4 265 504 756 764
4 501 600 546 735
4 479 551 739 761
4 446 738 296 744
4 726 117 10 745
4 407 740 398 761
4 407 398 552 761
4 488 743 390 758
4 307 305 547 731
4 300 301 512 732
4 601 546 396 749
4 488 390 489 758
4 46 136 137 755
4 405 549 403 752
4 315 748 345 751
4 320 306 311 731
4 736 754 508 760
4 727 745 734 750
4 728 756 741 764
4 326 327 325 750
4 10 725 726 745
4 99 100 505 742
4 479 739 751 761
4 574 298 738 744
4 547 305 431 731
4 300 302 298 738
4 520 425 504 741
4 137 726 725 745
4 426 740 407 761
4 457 616 622 732
4 292 263 747 760
4 278 497 603 759
4 396 546 387 753
4 250 249 33 736
4 735 739 727 754
4 476 273 598 738
4 292 263 93 747
4 550 479 551 739
4 265 520 504 764
4 440 476 598 732
4 728 753 749 761
4 574 302 444 738
4 303 512 622 732
4 399 398 400 740
4 314 313 310 757
4 428 736 33 763
4 323 751 741 764
4 560 503 263 760
4 728 739 735 753
4 457 440 616 732
4 561 451 304 732
4 728 749 740 761
4 47 737 136 755
4 727 734 745 755
4 431 589 615 731
4 494 329 117 745
4 140 489 11 758
4 395 736 508 760
4 579 508 754 760
4 270 586 104 738
4 270 608 586 738
4 312 539 317 746
4 47 136 46 755
4 733 740 728 749
4 474 273 105 744
4 574 738 444 744
4 495 92 266 737
4 592 395 394 736
4 249 33 736 763
4 426 407 477 761
4 265 756 521 764
4 574 298 302 738
4 547 431 615 731
4 727 745 737 755
4 92 292 93 737
4 94 504 506 747
4 10 329 328 745
4 345 315 478 748
4 552 382 391 753
4 561 299 296 738
4 616 440 598 732
4 270 451 608 732
4 591 273 474 744
4 489 491 490 734
4 255 58 59 563
4 374 390 378 758
4 728 740 733 748
4 379 736 428 763
4 574 295 298 744
4 616 303 622 732
4 320 572 454 731
4 252 57 58 284
4 296 299 298 738
4 45 755 138 758
4 322 321 315 764
4 728 741 739 751
4 96 498 97 733
4 323 325 425 741
4 45 46 137 755
4 96 733 492 756
4 501 601 500 749
4 390 743 378 758
4 444 738 591 744
4 344 529 326 750
4 96 97 492 733
4 374 758 378 763
4 314 748 313 757
4 138 755 734 758
4 579 395 508 760
4 103 481 270 732
4 454 297 457 731
4 378 758 743 763
4 328 327 326 745
4 322 751 323 764
4 45 137 138 755
4 736 743 727 755
4 387 381 382 753
4 93 506 266 747
4 323 425 520 741
4 396 388 749 753
4 501 503 600 735
4 550 551 391 739
4 321 521 748 764
4 278 99 497 742
4 266 92 93 737
4 446 289 586 744
4 313 321 521 748
4 727 741 735 747
4 45 46 755 763
4 323 741 520 764
4 294 446 296 744
4 289 105 586 744
4 388 397 396 749
4 45 249 46 763
4 498 96 280 756
4 560 579 503 760
4 743 758 755 763
4 322 315 345 751
4 727 755 737 760
4 508 428 379 736
4 481 451 270 732
4 378 487 380 743
4 479 751 345 761
4 428 592 33 736
4 734 727 743 755
4 403 397 399 752
4 422 746 424 762
4 501 502 503 735
4 442 444 302 738
4 317 424 422 746
4 379 508 736 754
4 727 743 736 754
4 320 454 457 731
4 500 749 548 752
4 104 586 105 738
4 727 736 755 760
4 480 443 620 762
4 490 491 529 734
4 321 748 315 764
4 104 105 273 738
4 479 345 477 761
4 743 755 736 763
4 46 249 250 736
4 442 591 444 738
4 733 749 728 756
4 45 755 758 763
4 435 621 746 759
4 734 755 743 758
4 138 140 11 758
4 99 98 497 742
4 280 95 502 756
4 478 748 314 757
4 598 273 591 738
4 294 296 295 744
4 598 591 442 738
4 737 755 736 760
4 435 404 621 759
4 400 407 426 740
4 405 437 549 759
4 494 496 327 745
4 728 748 733 756
4 106 724 8 606
4 8 724 106 607
4 324 533 344 750
4 727 747 735 760
4 450 79 282 724
4 400 398 407 740
4 499 500 548 752
4 748 751 728 761
4 268 56 55 253
4 733 748 740 757
4 724 80 282 293
4 322 533 324 751
4 740 749 733 752
4 727 735 754 760
4 604 435 539 746
4 292 354 560 760
4 282 295 450 744
4 435 405 404 759
4 724 286 77 475
4 315 314 478 748
4 96 492 265 756
4 450 286 78 724
4 505 567 260 742
4 520 265 521 764
4 292 560 263 760
4 489 140 11 418
4 549 605 499 752
4 296 446 561 738
4 328 329 327 745
4 740 748 728 761
4 617 475 286 744
4 478 480 426 757
4 265 504 95 756
4 737 747 727 760
4 548 749 397 752
4 379 380 381 754
4 561 446 608 738
4 475 474 606 744
4 739 753 728 761
4 396 387 388 753
4 475 617 474 744
4 497 605 437 759
4 748 756 728 764
4 728 751 739 761
4 614 55 54 254
4 670 28 131 130
4 28 130 670 652
4 33 377 428 763
4 668 219 248 664
4 315 313 314 748
4 668 132 26 133
4 480 757 593 762
4 606 724 76 475
4 608 446 586 738
4 136 46 137 679
4 313 315 321 748
4 377 379 428 763
4 377 378 379 763
4 444 591 617 744
4 390 488 487 743
4 209 131 28 27
4 99 260 98 742
4 131 209 28 670
4 36 5 1 256
4 117 494 116 415
4 560 354 395 760
4 127 0 7 251
4 687 241 11 135
4 282 293 294 744
4 728 751 748 764
4 377 33 32 763
4 321 322 323 764
4 659 232 137 138
4 46 232 137 679
4 480 575 426 757
4 137 45 232 46
4 668 26 25 133
4 736 727 754 760
4 286 444 617 744
4 607 81 724 293
4 140 489 491 418
4 11 241 687 138
4 47 46 136 679
4 45 137 232 138
4 679 657 688 239
4 494 327 329 745
4 480 593 443 762
4 659 137 232 679
4 46 232 679 213
4 378 390 487 743
4 111 653 41 110
4 232 211 241 687
4 47 46 679 213
4 446 294 289 744
4 657 107 688 239
4 508 592 428 736
4 728 741 751 764
4 105 106 474 744
4 592 508 395 736
4 91 9 3 92
4 107 43 657 108
4 326 325 324 750
4 606 474 106 744
4 132 26 237 668
4 575 424 449 762
4 289 293 607 744
4 29 28 226 129
4 107 3 9 688
4 656 132 237 668
4 286 450 574 744
4 114 37 38 220
4 679 657 239 213
4 30 128 129 677
4 479 477 551 761
4 29 30 129 677
4 314 310 593 757
4 253 7 75 720
4 724 77 76 475
4 436 405 435 759
4 27 237 209 131
4 668 25 238 133
4 43 107 657 44
4 75 74 254 700
4 286 77 78 724
4 443 596 422 762
4 219 248 210 668
4 241 11 45 138
4 449 424 746 762
4 282 79 80 724
4 317 449 424 746
4 667 668 248 664
4 552 388 382 753
4 2 11 241 135
4 295 574 450 744
4 12 0 252 201
4 2 758 374 763
4 282 294 295 744
4 655 668 238 133
4 505 260 99 742
4 548 500 601 749
4 682 109 42 110
4 508 409 579 754
4 397 548 396 749
4 474 617 591 744
4 286 574 444 744
4 78 79 450 724
4 478 314 480 757
4 679 688 136 239
4 659 236 232 662
4 479 533 345 751
4 686 109 42 682
4 32 2 374 763
4 403 548 397 752
4 686 43 108 657
4 329 494 117 415
4 551 407 552 761
4 108 109 42 686
4 670 247 209 652
4 664 248 233 218
4 575 449 588 762
4 94 93 263 747
4 136 9 3 688
4 657 686 43 216
4 321 520 521 764
4 81 80 724 293
4 30 29 207 677
4 135 211 23 134
4 33 249 32 763
4 94 506 93 747
4 135 662 211 134
4 390 374 493 758
4 114 38 113 220
4 289 607 106 744
4 251 31 215 690
4 661 256 115 243
4 663 664 665 217
4 443 422 424 762
4 377 507 33 428
4 209 247 670 671
4 105 289 106 744
4 247 209 225 671
4 218 665 664 217
4 687 232 659 138
4 664 663 219 217
4 76 8 724 606
4 724 8 81 607
4 652 670 247 671
4 665 666 682 230
4 243 661 258 234
4 682 42 686 208
4 662 238 211 134
4 666 665 218 230
4 679 659 685 213
4 659 232 236 213
4 493 11 489 758
4 216 692 686 208
4 344 326 324 750
4 226 209 247 652
4 45 138 11 758
4 259 690 215 681
4 210 26 25 668
4 45 2 11 241
4 43 44 657 216
4 664 219 218 217
4 686 657 692 216
4 664 668 219 655
4 239 657 216 213
4 289 294 293 744
4 32 45 2 763
4 241 23 2 135
4 45 758 2 763
4 131 27 237 132
4 686 43 216 208
4 382 388 387 753
4 436 603 437 759
4 659 685 236 662
4 113 38 39 694
4 216 685 236 213
4 108 42 43 686
4 694 38 39 205
4 210 656 668 667
4 679 136 47 239
4 238 662 655 134
4 238 211 245 662
4 493 489 390 758
4 129 226 29 677
4 662 245 238 655
4 539 435 621 746
4 374 378 377 763
4 39 676 112 205
4 109 87 42 110
4 87 41 42 110
4 424 575 620 762
4 239 47 679 213
4 27 26 237 132
4 26 210 237 668
4 19 0 31 251
4 5 115 69 256
4 111 41 86 110
4 24 23 211 134
4 603 497 437 759
4 189 12 13 255
4 128 413 30 129
4 671 670 225 669
4 40 41 86 111
4 29 30 413 129
4 579 560 395 760
4 507 33 32 377
4 24 211 238 134
4 44 107 657 239
4 229 676 39 205
4 208 665 682 230
4 533 322 345 751
4 110 653 41 230
4 665 208 218 230
4 379 381 508 754
4 674 671 223 222
4 247 652 671 672
4 668 248 210 667
4 689 222 221 205
4 682 42 208 230
4 211 232 236 662
4 131 28 27 350
4 257 71 244 658
4 131 28 350 130
4 236 685 659 213
4 321 323 520 764
4 232 659 679 213
4 238 210 25 668
4 670 225 209 671
4 670 209 225 669
4 90 3 9 107
4 677 129 226 652
4 2 493 374 758
4 212 658 678 231
4 131 351 27 132
4 36 5 256 115
4 672 223 224 674
4 28 29 413 129
4 127 31 0 251
4 656 210 227 667
4 40 39 683 111
4 110 632 626 267
4 132 408 26 133
4 114 113 654 220
4 656 227 670 669
4 41 87 86 110
4 129 413 28 130
4 237 131 132 656
4 2 45 11 758
4 209 227 670 656
4 692 685 236 216
4 680 228 229 206
4 671 225 223 222
4 687 662 211 135
4 110 682 653 230
4 207 29 226 677
4 26 27 351 132
4 689 675 654 221
4 686 42 43 208
4 135 2 11 389
4 692 657 685 216
4 381 409 508 754
4 70 71 257 658
4 208 216 692 217
4 222 674 689 221
4 537 624 633 524
4 244 20 71 257
4 21 70 257 691
4 667 248 233 664
4 240 682 666 230
4 653 682 240 230
4 284 252 0 201
4 314 593 480 757
4 51 578 472 649
4 666 653 682 240
4 256 1 36 243
4 229 683 680 206
4 222 689 676 205
4 39 113 694 112
4 19 31 215 251
4 69 661 256 115
4 524 633 537 281
4 251 7 127 690
4 551 477 407 761
4 436 437 405 759
4 42 88 109 108
4 685 245 236 662
4 216 44 657 239
4 691 257 21 212
4 513 178 41 515
4 243 258 22 234
4 408 25 26 133
4 85 39 38 527
4 230 653 41 206
4 227 669 667 228
4 670 227 209 669
4 90 44 3 107
4 513 41 562 515
4 21 22 258 234
4 36 5 82 1
4 632 624 461 524
4 662 663 245 655
4 673 671 674 222
4 72 690 259 681
4 472 118 6 649
4 539 449 317 746
4 141 42 264 514
4 248 233 210 667
4 95 96 265 756
4 42 513 264 514
4 211 236 245 662
4 652 247 242 672
4 624 632 111 524
4 141 178 42 514
4 369 276 35 354
4 259 71 72 681
4 403 549 548 752
4 686 665 682 208
4 513 42 178 514
4 656 237 210 668
4 396 548 601 749
4 549 499 548 752
4 694 689 220 205
4 632 461 267 524
4 684 678 658 231
4 413 509 28 130
4 238 25 24 133
4 696 705 349 716
4 242 677 672 678
4 233 667 664 666
4 3 91 92 276
4 246 31 30 128
4 256 22 1 243
4 251 72 7 690
4 0 57 252 284
4 495 9 91 92
4 32 374 377 763
4 666 664 233 218
4 184 357 363 160
4 112 683 39 111
4 338 531 139 491
4 267 111 632 524
4 357 362 363 160
4 236 692 216 217
4 257 20 21 212
4 674 223 224 221
4 227 209 237 656
4 472 6 51 649
4 671 223 247 672
4 366 175 543 385
4 112 676 694 205
4 140 139 531 491
4 675 672 224 674
4 680 667 669 228
4 220 689 221 205
4 134 238 24 133
4 111 683 40 206
4 112 633 624 524
4 683 653 680 206
4 225 671 673 222
4 227 237 210 656
4 27 26 353 145
4 135 23 2 389
4 88 87 42 109
4 110 626 459 267
4 689 676 674 222
4 570 0 7 127
4 716 705 349 511
4 112 694 39 205
4 115 256 36 243
4 88 42 43 108
4 207 242 235 677
4 672 224 242 678
4 675 224 678 231
4 251 215 19 690
4 95 280 96 756
4 251 127 31 690
4 128 30 246 677
4 134 23 135 416
4 667 233 227 228
4 363 555 184 154
4 256 661 69 243
4 134 655 238 133
4 694 113 38 220
4 460 626 632 267
4 524 112 633 281
4 89 43 107 108
4 114 693 37 220
4 525 698 343 133
4 154 184 363 156
4 139 538 531 338
4 543 175 24 385
4 357 184 185 160
4 39 40 683 229
4 675 654 221 231
4 555 363 536 154
4 484 24 25 133
4 227 225 209 669
4 12 58 255 201
4 245 685 663 662
4 705 376 349 511
4 133 343 525 526
4 563 255 58 201
4 37 115 693 114
4 509 413 375 130
4 329 331 117 330
4 43 264 540 519
4 691 658 257 212
4 244 257 658 212
4 338 139 538 330
4 690 215 19 259
4 661 258 69 243
4 11 493 489 418
4 28 27 352 368
4 24 484 134 133
4 653 683 111 206
4 231 654 221 220
4 264 43 141 519
4 246 207 235 677
4 658 681 244 678
4 121 465 464 636
4 43 44 89 107
4 185 362 357 160
4 691 258 661 234
4 233 227 210 667
4 86 41 40 562
4 666 218 240 230
4 660 246 235 677
4 413 129 375 130
4 259 215 244 681
4 363 536 154 156
4 673 669 225 228
4 220 38 694 205
4 722 534 126 711
4 433 699 120 541
4 226 242 677 652
4 527 85 39 271
4 385 23 24 416
4 64 65 18 287
4 208 692 665 217
4 221 654 689 220
4 242 226 247 652
4 122 121 464 636
4 27 28 173 368
4 673 228 222 229
4 350 28 509 130
4 25 542 353 174
4 128 127 583 714
4 352 509 28 368
4 459 109 637 626
4 427 34 33 592
4 173 145 27 355
4 184 555 357 355
4 30 207 246 677
4 4 5 1 82
4 212 678 235 231
4 658 257 70 691
4 347 525 704 342
4 90 9 3 91
4 654 113 694 220
4 233 680 666 240
4 332 639 125 334
4 562 40 271 566
4 35 394 369 354
4 698 704 525 342
4 639 333 335 334
4 110 87 86 267
4 353 26 25 174
4 86 87 41 562
4 443 424 620 762
4 146 543 24 542
4 525 132 704 698
4 84 38 285 527
4 189 255 563 201
4 134 24 23 416
4 343 698 709 133
4 716 349 696 511
4 23 175 366 385
4 145 184 357 355
4 639 125 126 332
4 110 86 111 267
4 672 671 223 674
4 64 17 63 568
4 417 719 418 389
4 175 23 24 385
4 654 693 114 220
4 37 36 83 582
4 225 671 669 673
4 230 240 653 206
4 233 667 680 228
4 11 493 418 389
4 510 276 35 369
4 42 41 87 513
4 539 621 449 746
4 196 35 180 419
4 214 693 684 231
4 224 675 674 221
4 258 691 21 234
4 483 538 531 701
4 722 126 534 538
4 542 543 24 484
4 276 35 3 510
4 525 698 342 343
4 693 654 684 231
4 84 37 38 114
4 694 689 654 220
4 623 564 557 528
4 335 333 639 447
4 667 233 680 666
4 22 69 258 243
4 690 19 72 259
4 414 393 186 420
4 331 650 330 332
4 677 242 235 678
4 514 264 141 519
4 711 722 534 538
4 64 287 190 568
4 130 375 349 705
4 644 466 537 633
4 448 459 637 626
4 179 141 43 519
4 495 116 494 415
4 705 349 130 696
4 90 89 44 107
4 461 463 537 624
4 626 460 459 267
4 244 71 259 681
4 10 139 338 330
4 39 40 85 111
4 32 249 45 763
4 179 43 540 519
4 41 178 142 515
4 352 350 351 131
4 180 35 402 419
4 85 40 86 111
4 10 328 329 330
4 483 711 722 701
4 333 639 332 334
4 121 699 523 541
4 697 119 118 585
4 685 663 692 217
4 358 171 185 174
4 570 429 127 268
4 559 555 536 154
4 121 699 708 523
4 67 49 50 283
4 410 376 375 705
4 142 562 41 515
4 363 555 357 184
4 242 207 226 677
4 393 200 420 421
4 83 36 37 115
4 537 463 466 644
4 328 10 338 330
4 185 356 358 174
4 719 418 531 417
4 117 331 329 415
4 145 356 353 355
4 624 537 461 524
4 678 224 235 231
4 197 163 516 518
4 419 35 402 369
4 24 25 146 542
4 154 559 173 143
4 178 513 514 515
4 429 413 30 128
4 646 460 651 626
4 559 555 154 173
4 162 530 362 372
4 609 269 438 194
4 133 709 343 526
4 133 525 408 526
4 651 460 646 473
4 242 677 652 672
4 122 708 702 544
4 218 208 665 217
4 428 507 33 592
4 350 131 130 696
4 464 383 630 462
4 173 559 555 368
4 214 37 693 220
4 281 113 633 528
4 145 357 356 355
4 433 523 699 541
4 85 38 39 113
4 38 84 85 527
4 376 349 375 705
4 331 650 117 330
4 362 370 363 160
4 678 672 224 675
4 375 129 410 705
4 368 509 28 522
4 389 417 135 416
4 723 535 340 343
4 374 2 32 367
4 699 121 120 541
4 562 87 41 513
4 701 531 483 417
4 360 358 359 171
4 697 707 119 585
4 174 356 353 145
4 177 33 32 507
4 351 525 408 132
4 36 82 83 582
4 235 215 660 681
4 465 471 121 464
4 365 361 203 364
4 257 244 20 212
4 130 349 350 696
4 557 537 466 633
4 118 6 52 472
4 362 357 358 185
4 350 375 349 130
4 359 543 146 542
4 28 143 368 522
4 133 408 484 526
4 362 358 530 162
4 340 342 723 343
4 229 40 683 206
4 509 375 350 130
4 268 429 127 583
4 361 360 176 364
4 538 722 126 330
4 347 525 132 704
4 281 633 557 528
4 703 711 535 710
4 109 459 87 110
4 57 0 7 570
4 535 711 534 483
4 594 177 33 149
4 577 406 166 168
4 219 245 663 655
4 253 268 7 720
4 538 126 534 332
4 185 357 356 145
4 374 373 2 367
4 692 665 686 208
4 429 128 127 583
4 358 357 356 185
4 359 356 542 174
4 351 350 347 131
4 353 542 356 174
4 402 149 34 180
4 269 172 438 194
4 108 88 109 455
4 56 57 7 570
4 633 557 537 281
4 692 236 685 217
4 223 242 247 672
4 347 525 351 132
4 174 353 26 145
4 491 531 140 418
4 113 623 633 528
4 663 236 245 217
4 51 52 6 472
4 339 544 702 341
4 410 376 695 411
4 543 361 359 146
4 597 172 563 151
4 704 131 347 696
4 267 86 111 524
4 174 185 356 145
4 171 360 358 530
4 362 370 160 372
4 2 373 374 493
4 154 536 559 153
4 460 646 473 462
4 650 331 333 332
4 368 143 559 522
4 536 363 371 156
4 331 629 333 458
4 2 373 493 389
4 495 9 558 91
4 538 534 711 483
4 351 27 352 131
4 459 109 455 637
4 355 173 555 368
4 25 542 408 353
4 707 699 433 412
4 408 542 25 484
4 556 406 166 577
4 143 173 28 368
4 463 461 645 624
4 272 118 52 472
4 42 87 88 513
4 125 126 534 711
4 433 699 523 412
4 719 11 418 389
4 225 223 247 671
4 337 534 125 334
4 595 274 62 147
4 37 84 83 114
4 360 359 361 176
4 332 125 534 334
4 722 538 483 701
4 240 680 653 206
4 644 537 463 624
4 612 640 625 643
4 110 459 87 267
4 113 84 38 114
4 271 86 40 562
4 633 623 557 528
4 511 717 348 346
4 224 235 242 678
4 664 219 248 218
4 24 25 542 484
4 115 37 83 114
4 71 20 244 259
4 691 21 70 258
4 353 408 26 351
4 176 171 359 146
4 43 89 88 108
4 122 121 471 464
4 666 665 664 218
4 117 650 10 330
4 650 333 639 332
4 540 510 196 419
4 143 28 29 522
4 123 702 706 339
4 636 463 464 645
4 710 535 703 709
4 538 711 722 483
4 716 708 523 511
4 159 370 371 384
4 510 44 90 540
4 54 74 53 571
4 88 459 109 455
4 525 132 698 133
4 162 160 161 372
4 534 126 125 332
4 609 438 441 194
4 155 154 536 156
4 653 666 680 240
4 678 684 675 231
4 153 154 536 155
4 9 90 107 558
4 709 482 343 526
4 702 123 544 339
4 159 371 156 157
4 334 124 337 336
4 284 563 58 201
4 108 89 88 455
4 370 371 363 156
4 40 562 142 566
4 639 629 333 650
4 461 463 645 462
4 268 7 56 253
4 535 709 482 343
4 171 358 185 162
4 639 333 629 458
4 124 123 336 634
4 223 674 222 221
4 637 335 447 448
4 528 642 564 288
4 685 236 245 663
4 255 189 12 201
4 370 371 156 159
4 126 538 330 332
4 349 347 696 346
4 3 90 91 510
4 716 717 708 511
4 637 455 459 448
4 116 495 558 415
4 143 565 559 522
4 705 129 410 695
4 5 36 82 115
4 696 347 704 346
4 181 271 40 566
4 48 49 66 580
4 427 532 149 402
4 185 184 357 145
4 16 62 63 274
4 160 162 362 372
4 455 108 89 262
4 228 225 673 222
4 456 172 563 597
4 156 184 363 160
4 439 172 153 170
4 463 645 644 624
4 510 196 419 369
4 276 3 91 510
4 427 149 34 402
4 541 467 120 470
4 466 644 641 633
4 9 90 558 91
4 543 24 175 146
4 219 663 664 655
4 555 184 154 173
4 358 362 185 162
4 580 564 642 288
4 676 673 222 229
4 199 166 577 581
4 413 129 410 375
4 339 706 337 340
4 677 235 660 678
4 112 39 85 111
4 287 18 64 190
4 11 493 2 758
4 218 233 666 240
4 406 166 168 158
4 172 189 563 151
4 129 128 410 695
4 470 467 120 635
4 663 665 692 217
4 158 406 556 386
4 639 638 631 447
4 464 630 636 645
4 346 347 704 342
4 362 185 162 160
4 663 685 236 217
4 87 88 459 109
4 132 131 347 704
4 370 156 160 159
4 691 70 69 258
4 20 19 244 259
4 632 461 460 267
4 348 708 717 511
4 669 656 227 667
4 146 171 359 174
4 513 88 42 264
4 419 196 35 369
4 708 122 471 544
4 348 702 544 341
4 124 339 337 336
4 336 335 634 473
4 63 191 274 568
4 571 697 618 712
4 44 43 540 179
4 706 123 339 124
4 462 645 461 632
4 543 361 175 366
4 359 360 171 176
4 214 684 661 234
4 61 15 14 187
4 484 134 133 526
4 681 244 71 658
4 214 661 115 243
4 410 376 705 695
4 577 166 556 581
4 377 32 507 367
4 680 233 228 240
4 523 471 121 541
4 158 556 165 386
4 122 471 544 464
4 262 107 90 558
4 139 531 538 701
4 337 706 339 124
4 484 385 24 416
4 115 693 661 214
4 116 647 629 458
4 52 6 118 721
4 128 429 413 129
4 287 202 18 190
4 385 24 543 484
4 466 463 465 644
4 161 370 160 159
4 227 225 669 228
4 660 128 246 677
4 113 39 85 112
4 723 342 698 343
4 214 115 36 243
4 522 29 143 152
4 374 32 377 367
4 631 638 637 447
4 526 484 134 416
4 361 177 365 203
4 460 651 448 473
4 460 459 448 626
4 434 198 532 180
4 469 467 470 635
4 90 3 44 510
4 465 121 471 541
4 117 10 329 330
4 366 373 23 385
4 331 333 629 650
4 468 640 641 635
4 402 434 532 180
4 471 121 708 523
4 629 331 415 458
4 385 373 23 389
4 544 708 702 348
4 176 359 361 146
4 190 287 569 568
4 43 42 88 264
4 371 392 536 155
4 650 639 126 332
4 394 34 35 402
4 131 347 351 132
4 526 134 482 416
4 62 16 15 147
4 646 645 462 632
4 163 573 516 518
4 161 160 370 372
4 645 463 464 462
4 125 124 337 334
4 166 406 556 158
4 439 559 536 153
4 570 31 0 127
4 408 26 25 353
4 571 54 74 614
4 165 157 158 386
4 194 438 441 168
4 570 7 56 127
4 523 708 348 511
4 36 1 82 611
4 164 613 573 169
4 625 470 119 635
4 460 448 651 626
4 393 200 186 420
4 511 349 696 346
4 59 189 255 563
4 83 82 36 115
4 411 376 695 713
4 175 361 365 366
4 707 699 120 433
4 386 157 371 384
4 565 559 153 143
4 284 58 252 201
4 172 439 438 170
4 432 707 433 412
4 139 538 722 701
4 143 559 173 368
4 410 128 583 695
4 342 718 341 340
4 700 571 445 712
4 44 89 90 540
4 641 640 468 623
4 717 716 696 511
4 178 41 42 513
4 121 708 122 471
4 536 392 439 155
4 43 42 264 141
4 723 718 342 340
4 204 590 384 414
4 462 461 460 632
4 341 348 717 346
4 430 29 30 413
4 427 33 507 592
4 556 165 166 158
4 702 123 122 544
4 10 126 722 330
4 673 676 683 229
4 120 119 433 470
4 721 118 52 272
4 107 90 89 262
4 35 394 402 369
4 358 171 530 162
4 695 583 410 411
4 460 646 462 632
4 565 439 456 153
4 642 564 623 528
4 172 456 269 438
4 153 536 439 155
4 181 142 182 566
4 602 570 429 127
4 484 25 408 133
4 129 375 130 705
4 647 558 262 458
4 16 62 274 147
4 157 159 371 384
4 445 571 432 712
4 433 585 697 618
4 25 146 542 174
4 706 339 341 340
4 542 146 359 174
4 660 215 31 690
4 455 637 447 448
4 152 172 597 151
4 17 64 190 568
4 469 470 472 625
4 336 123 339 383
4 4 5 82 610
4 459 109 626 110
4 190 569 183 568
4 246 215 31 660
4 418 531 140 719
4 89 43 264 540
4 170 153 439 155
4 519 540 179 419
4 360 171 176 164
4 163 164 573 169
4 376 705 695 713
4 696 717 511 346
4 181 414 599 566
4 669 673 680 228
4 681 660 235 678
4 654 675 684 231
4 612 283 640 643
4 212 21 691 234
4 155 536 371 156
4 74 571 614 700
4 473 630 383 462
4 641 557 466 633
4 532 149 402 180
4 123 122 383 630
4 613 164 188 169
4 541 120 467 627
4 132 525 408 133
4 571 715 697 712
4 31 127 660 690
4 142 192 182 517
4 82 1 4 611
4 373 366 195 367
4 246 235 215 660
4 438 439 392 170
4 245 219 238 655
4 438 194 170 168
4 240 228 680 206
4 121 120 541 627
4 153 565 143 152
4 559 154 153 143
4 464 465 463 636
4 172 439 456 438
4 342 698 718 723
4 394 427 34 402
4 523 699 716 412
4 715 571 700 712
4 467 465 541 627
4 373 2 23 389
4 129 128 429 410
4 170 439 392 155
4 383 336 123 634
4 133 134 709 526
4 30 430 413 429
4 625 578 612 643
4 191 63 17 568
4 110 111 632 267
4 330 650 126 332
4 123 544 339 383
4 465 636 627 644
4 465 467 466 627
4 195 366 365 367
4 483 535 711 710
4 464 630 645 462
4 156 363 370 160
4 14 13 60 148
4 714 583 128 695
4 350 352 27 131
4 108 107 89 262
4 120 119 707 433
4 235 244 681 678
4 383 122 464 630
4 493 11 2 389
4 215 235 244 681
4 120 467 627 635
4 578 469 472 625
4 636 465 463 644
4 229 222 676 205
4 469 470 625 635
4 203 594 365 364
4 129 429 413 410
4 335 631 639 334
4 569 285 193 584
4 697 707 585 433
4 13 59 60 269
4 142 181 40 566
4 88 89 43 264
4 187 441 147 168
4 50 51 68 578
4 169 141 179 519
4 697 707 618 432
4 182 517 590 414
4 544 471 708 348
4 19 215 244 259
4 564 557 468 623
4 149 34 33 427
4 684 661 693 214
4 258 69 691 661
4 171 164 530 162
4 412 716 523 511
4 411 695 712 713
4 124 123 339 336
4 52 53 73 272
4 715 53 74 571
4 721 52 73 272
4 86 85 111 524
4 543 175 361 146
4 430 522 29 413
4 364 401 188 532
4 697 707 432 712
4 86 40 85 271
4 631 335 639 447
4 179 434 169 519
4 43 89 44 540
4 625 640 469 635
4 109 108 455 637
4 627 466 465 644
4 402 34 35 180
4 17 64 18 190
4 439 565 559 153
4 467 468 466 641
4 570 602 31 127
4 707 699 412 713
4 640 283 628 643
4 269 60 13 148
4 541 120 433 470
4 646 630 634 473
4 650 126 10 330
4 200 193 144 584
4 645 636 463 644
4 644 537 624 633
4 120 119 470 635
4 274 191 16 147
4 168 170 406 158
4 634 335 651 473
4 360 171 164 530
4 634 383 336 473
4 595 577 274 147
4 158 157 155 386
4 438 406 441 168
4 411 714 583 445
4 351 408 26 132
4 66 49 67 628
4 532 149 594 427
4 640 468 469 635
4 717 702 348 341
4 202 18 65 287
4 557 466 468 641
4 414 181 182 566
4 577 274 199 581
4 716 708 699 523
4 245 219 663 217
4 361 177 203 175
4 175 176 361 146
4 564 283 640 612
4 85 40 39 271
4 590 204 182 414
4 177 32 195 367
4 718 341 346 342
4 482 709 134 526
4 644 627 466 641
4 464 544 122 383
4 531 701 719 417
4 541 465 121 627
4 163 197 169 518
4 627 467 466 641
4 182 186 181 414
4 448 651 335 473
4 517 182 142 566
4 284 597 563 151
4 376 411 412 713
4 467 469 468 635
4 144 181 186 599
4 84 38 85 113
4 564 628 283 580
4 712 707 432 713
4 180 402 434 419
4 434 198 179 169
4 150 183 569 167
4 684 214 231 234
4 191 16 63 274
4 709 710 535 482
4 582 285 193 569
4 438 392 406 170
4 65 4 1 611
4 161 162 372 163
4 634 123 383 630
4 522 143 565 152
4 339 702 706 341
4 335 631 651 448
4 631 637 651 448
4 594 365 177 203
4 510 35 3 196
4 469 578 612 625
4 155 392 158 386
4 441 187 194 168
4 710 483 535 482
4 676 673 674 222
4 516 619 573 163
4 383 634 630 473
4 630 122 464 636
4 182 517 414 566
4 111 112 624 524
4 613 573 169 518
4 594 203 149 364
4 5 4 48 610
4 11 719 135 389
4 30 29 430 152
4 183 191 568 581
4 640 628 564 642
4 430 522 565 152
4 74 73 53 715
4 40 39 271 181
4 190 191 17 568
4 412 699 716 713
4 118 697 585 272
4 335 631 637 447
4 384 393 204 414
4 177 594 203 149
4 195 365 177 367
4 430 29 522 152
4 151 284 597 602
4 517 192 161 619
4 56 570 127 268
4 472 470 119 625
4 441 577 147 168
4 514 516 178 515
4 636 121 465 627
4 401 176 360 364
4 585 707 119 433
4 364 149 594 532
4 719 417 135 389
4 623 642 528 114
4 415 116 629 458
4 590 161 370 372
4 641 468 557 623
4 704 718 346 342
4 262 638 458 447
4 175 365 177 366
4 628 283 640 564
4 562 142 566 515
4 283 67 49 628
4 473 646 630 462
4 170 406 438 168
4 597 456 172 152
4 38 37 84 285
4 182 192 161 517
4 527 39 144 181
4 41 40 562 142
4 366 23 373 195
4 597 565 456 152
4 334 631 124 336
4 164 530 162 163
4 161 517 619 590
4 158 392 406 386
4 618 432 571 712
4 564 468 640 623
4 124 125 631 334
4 175 23 366 195
4 697 707 433 618
4 172 269 148 194
4 187 14 61 609
4 285 37 83 582
4 628 564 642 580
4 127 268 583 714
4 639 629 638 458
4 707 433 618 432
4 172 456 439 153
4 65 1 18 202
4 75 55 253 720
4 689 674 675 221
4 483 710 417 482
4 371 155 156 157
4 625 472 578 649
4 63 17 16 191
4 710 417 482 416
4 85 112 111 524
4 365 177 361 175
4 641 627 467 635
4 637 631 335 448
4 127 7 56 268
4 53 715 272 571
4 527 39 38 144
4 704 718 717 346
4 169 573 163 518
4 189 269 172 563
4 582 193 150 569
4 695 714 411 712
4 36 1 611 202
4 638 333 639 458
4 33 594 149 427
4 595 62 15 147
4 613 188 401 532
4 540 510 44 196
4 203 149 364 532
4 39 527 271 181
4 414 186 181 599
4 223 224 242 672
4 712 432 411 713
4 189 13 59 255
4 556 393 165 386
4 198 532 613 434
4 578 51 68 649
4 288 528 642 114
4 83 84 37 285
4 571 74 715 700
4 74 614 254 700
4 717 696 704 346
4 336 335 631 634
4 221 224 675 231
4 253 55 268 720
4 516 517 192 515
4 112 85 113 281
4 341 717 718 346
4 445 614 571 700
4 117 629 331 415
4 348 471 708 523
4 614 54 74 254
4 577 441 406 168
4 269 456 172 563
4 256 69 22 243
4 251 19 72 690
4 535 337 703 340
4 433 119 585 470
4 48 66 5 648
4 124 337 706 703
4 417 710 135 416
4 38 193 527 144
4 268 583 714 445
4 510 3 44 196
4 717 702 708 348
4 15 61 62 595
4 631 125 639 334
4 412 432 707 713
4 518 169 434 519
4 648 48 66 580
4 373 23 2 195
4 392 170 155 158
4 197 178 141 514
4 189 172 269 148
4 461 645 624 632
4 113 633 112 281
4 180 434 179 419
4 534 337 703 535
4 702 717 718 341
4 366 365 177 195
4 108 455 637 638
4 334 335 631 336
4 188 176 401 364
4 149 532 198 180
4 640 468 612 469
4 36 37 150 582
4 695 714 583 411
4 337 124 125 703
4 445 411 714 712
4 568 191 274 581
4 179 540 44 196
4 50 67 283 643
4 569 183 150 190
4 67 50 68 643
4 519 179 434 419
4 166 165 556 421
4 709 535 723 343
4 196 179 540 419
4 150 287 569 190
4 628 49 283 580
4 534 337 125 703
4 159 161 370 590
4 196 510 35 369
4 495 558 9 116
4 336 631 124 634
4 517 161 182 590
4 421 556 166 581
4 197 516 178 514
4 638 262 455 447
4 123 122 544 383
4 718 706 341 340
4 623 557 641 633
4 181 527 271 599
4 151 563 284 201
4 192 142 178 515
4 595 441 577 147
4 401 164 613 573
4 268 127 7 720
4 458 638 333 447
4 85 112 524 281
4 706 718 723 340
4 178 192 516 197
4 152 430 30 151
4 269 609 148 194
4 165 204 157 393
4 198 613 188 169
4 697 118 721 272
4 412 411 432 713
4 254 614 75 700
4 1 65 611 202
4 82 36 611 582
4 57 0 31 284
4 83 528 288 114
4 386 393 157 384
4 569 183 568 581
4 14 60 61 609
4 134 484 24 416
4 455 108 262 638
4 711 534 125 703
4 157 165 393 386
4 514 141 518 519
4 619 192 161 163
4 516 192 178 515
4 37 193 150 582
4 700 445 714 712
4 569 193 150 167
4 592 427 34 394
4 628 66 49 580
4 432 411 445 712
4 366 177 175 195
4 183 191 190 568
4 113 623 528 114
4 284 31 57 570
4 119 118 585 472
4 694 676 689 205
4 470 119 585 472
4 119 118 472 625
4 641 467 468 635
4 272 585 118 472
4 393 204 157 384
4 364 188 203 532
4 134 135 710 416
4 612 640 469 625
4 430 30 602 429
4 610 5 82 115
4 179 198 434 180
4 528 83 84 114
4 149 203 188 532
4 566 142 517 515
4 115 83 288 114
4 558 107 9 647
4 583 429 128 410
4 651 631 335 634
4 430 30 151 602
4 370 159 590 384
4 455 637 638 447
4 203 361 176 364
4 558 262 107 647
4 193 37 285 582
4 147 577 199 168
4 704 698 718 342
4 578 68 50 643
4 170 392 406 158
4 58 12 252 201
4 6 52 73 721
4 166 199 577 168
4 116 629 117 415
4 614 268 720 445
4 648 5 48 610
4 68 51 6 649
4 82 83 288 115
4 530 164 573 163
4 609 61 187 595
4 623 640 564 642
4 684 691 661 234
4 57 31 0 570
4 193 527 144 584
4 710 701 483 417
4 202 611 36 582
4 580 642 648 288
4 163 516 192 197
4 187 441 595 147
4 164 176 360 401
4 176 188 203 364
4 84 113 528 114
4 284 0 31 201
4 167 166 183 581
4 639 333 638 447
4 710 719 701 417
4 142 192 517 515
4 55 268 720 614
4 701 483 711 710
4 164 188 176 401
4 151 597 430 602
4 180 179 196 419
4 268 714 720 445
4 630 646 645 462
4 703 337 706 340
4 619 372 573 163
4 59 269 189 563
4 599 271 181 566
4 718 706 702 341
4 445 720 614 700
4 597 430 152 151
4 165 166 167 421
4 113 85 84 281
4 202 65 611 287
4 181 144 527 599
4 243 214 661 234
4 38 193 285 527
4 203 176 361 175
4 61 15 187 595
4 140 531 139 701
4 194 172 438 170
4 169 434 613 518
4 199 191 274 147
4 580 648 48 610
4 584 200 193 167
4 134 710 482 416
4 269 13 59 189
4 161 159 182 590
4 372 619 161 163
4 421 167 569 581
4 167 183 569 581
4 595 15 187 147
4 141 169 518 519
4 619 516 192 163
4 262 108 107 638
4 186 204 393 414
4 287 611 202 582
4 609 441 187 194
4 68 578 649 643
4 482 709 710 134
4 646 634 651 473
4 445 714 720 700
4 84 113 281 528
4 628 283 67 643
4 164 401 530 573
4 582 150 287 569
4 420 144 186 599
4 527 193 285 584
4 166 167 421 581
4 721 715 697 272
4 703 711 534 535
4 690 660 215 681
4 66 628 648 580
4 75 55 614 254
4 159 204 590 384
4 401 164 188 613
4 569 584 167 421
4 360 164 401 530
4 75 55 720 614
4 186 414 420 599
4 188 149 532 198
4 199 274 577 147
4 516 197 518 514
4 584 420 200 421
4 33 507 594 427
4 609 187 441 595
4 646 460 626 632
4 432 618 697 712
4 518 197 141 514
4 165 393 556 421
4 648 580 288 610
4 578 50 283 643
4 709 723 698 343
4 638 647 262 458
4 37 38 193 285
4 637 651 448 626
4 283 612 578 643
4 418 140 11 719
4 127 268 714 720
4 150 202 36 582
4 193 569 584 167
4 189 269 13 148
4 159 204 182 590
4 166 199 183 581
4 565 597 430 152
4 115 288 642 114
4 613 198 434 169
4 159 157 204 384
4 204 165 186 393
4 192 517 516 619
4 647 9 558 116
4 647 262 107 638
4 532 613 188 198
4 535 723 703 709
4 703 723 535 340
4 609 187 14 148
4 642 648 628 580
4 189 563 151 201
4 590 619 161 372
4 610 648 5 115
4 417 710 719 135
4 609 60 269 148
4 614 720 75 700
4 288 642 648 115
4 169 197 141 518
4 148 609 187 194
4 14 60 609 148
4 30 31 151 602
4 723 703 706 340
4 650 629 331 117
4 202 150 287 582
4 578 625 649 643
4 701 140 531 719
4 393 165 200 421
4 638 629 647 458
4 564 640 468 612
4 420 200 144 584
4 204 186 182 414
4 272 697 585 618
4 118 472 625 649
4 31 284 602 570
4 144 186 200 420
4 200 186 165 393
4 287 150 202 190
4 151 31 284 602
4 610 288 648 115
4 420 527 144 599
4 420 144 527 584
4 167 584 200 421
4 151 284 31 201
4 610 82 288 115
4 167 200 165 421
4 736 35 394 250
4 736 394 35 354
4 756 94 504 95
4 737 35 736 47
4 737 736 35 354
4 747 504 735 94
4 747 735 504 741
4 756 735 504 94
4 756 504 735 741
4 759 621 762 404
4 759 762 621 746
4 328 734 326 529
4 326 734 328 745
4 498 752 500 499
4 500 752 498 733
4 746 319 312 539
4 746 312 319 730
4 747 425 504 506
4 747 504 425 741
4 756 500 501 280
4 756 501 500 749
4 761 426 478 477
4 761 478 426 740
4 758 488 734 489
4 758 734 488 743
4 757 588 399 729
4 399 588 757 740
4 399 752 757 729
4 757 752 399 740
4 763 46 736 249
4 763 736 46 755
4 34 736 33 592
4 33 736 34 250
4 759 762 742 729
4 742 762 759 746
4 762 480 575 620
4 762 575 480 757
4 28 652 129 130
4 129 652 28 226
4 652 209 28 226
4 652 28 209 670
4 596 593 762 443
4 762 593 596 318
4 206 111 41 40
4 206 41 111 653
4 656 209 131 670
4 656 131 209 237
4 230 110 42 41
4 230 42 110 682
4 213 657 685 679
4 213 685 657 216
4 234 231 691 212
4 234 691 231 684
4 658 691 231 212
4 658 231 691 684
4 662 232 687 211
4 662 687 232 659
4 693 220 231 214
4 231 220 693 654
4 229 680 673 228
4 229 673 680 683
4 239 107 3 44
4 239 3 107 688
4 238 668 219 210
4 238 219 668 655
4 241 135 211 23
4 211 135 241 687
4 184 355 173 555
4 173 355 184 145
4 416 23 389 385
4 416 389 23 135
4 239 136 3 688
4 239 3 136 47
4 241 138 232 687
4 232 138 241 45
4 214 115 37 36
4 214 37 115 693
4 705 511 412 376
4 412 511 705 716
4 412 713 705 376
4 705 713 412 716
4 368 27 355 173
4 368 355 27 352
4 358 174 359 171
4 359 174 358 356
4 355 27 353 145
4 355 353 27 352
4 683 39 676 112
4 683 676 39 229
4 353 27 351 26
4 351 27 353 352
4 660 31 128 127
4 660 128 31 246
4 177 507 594 33
4 594 507 177 365
4 155 386 371 392
4 371 386 155 157
4 73 272 715 721
4 715 272 73 53
4 212 678 244 235
4 212 244 678 658
4 350 696 347 131
4 347 696 350 349
4 413 28 522 29
4 413 522 28 509
4 330 722 139 538
4 330 139 722 10
4 367 2 195 373
4 367 195 2 32
4 352 28 350 27
4 352 350 28 509
4 116 458 558 647
4 558 458 116 415
4 177 367 507 32
4 507 367 177 365
4 152 456 153 565
4 152 153 456 172
4 127 602 128 429
4 127 128 602 31
4 30 128 602 429
4 30 602 128 31
4 163 530 372 573
4 163 372 530 162
4 571 697 272 618
4 571 272 697 715
4 581 191 199 183
4 581 199 191 274

CELL_TYPES 3959
1
1
1
1
1
1
1
1
1
1
1
1
3
3
3
3
3
3
3
3
3
3
3
3
3
3
3
3
3
3
3
3
3
3
3
3
3
3
3
3
3
3
3
3
3
3
3
3
3
3
3
3
3
3
3
3
3
3
3
3
3
3
3
3
3
3
3
3
3
3
3
3
3
3
3
3
3
3
3
3
3
3
3
3
3
3
3
3
3
3
3
3
3
3
3
3
3
3
3
3
3
3
3
3
3
3
3
3
3
3
3
3
3
3
3
3
3
3
3
3
3
3
3
3
3
3
3
3
3
3
3
3
3
3
3
3
3
3
3
3
3
3
3
3
3
3
3
3
3
3
3
3
3
3
3
3
3
3
3
5
5
5
5
5
5
5
5
5
5
5
5
5
5
5
5
5
5
5
5
5
5
5
5
5
5
5
5
5
5
5
5
5
5
5
5
5
5
5
5
5
5
5
5
5
5
5
5
5
5
5
5
5
5
5
5
5
5
5
5
5
5
5
5
5
5
5
5
5
5
5
5
5
5
5
5
5
5
5
5
5
5
5
5
5
5
5
5
5
5
5
5
5
5
5
5
5
5
5
5
5
5
5
5
5
5
5
5
5
5
5
5
5
5
5
5
5
5
5
5
5
5
5
5
5
5
5
5
5
5
5
5
5
5
5
5
5
5
5
5
5
5
5
5
5
5
5
5
5
5
5
5
5
5
5
5
5
5
5
5
5
5
5
5
5
5
5
5
5
5
5
5
5
5
5
5
5
5
5
5
5
5
5
5
5
5
5
5
5
5
5
5
5
5
5
5
5
5
5
5
5
5
5
5
5
5
5
5
5
5
5
5
5
5
5
5
5
5
5
5
5
5
5
5
5
5
5
5
5
5
5
5
5
5
5
5
5
5
5
5
5
5
5
5
5
5
5
5
5
5
5
5
5
5
5
5
5
5
5
5
5
5
5
5
5
5
5
5
5
5
5
5
5
5
5
5
5
5
5
5
5
5
5
5
5
5
5
5
5
5
5
5
5
5
5
5
5
5
5
5
5
5
5
5
5
5
5
5
5
5
5
5
5
5
5
5
5
5
5
5
5
5
5
5
5
5
5
5
5
5
5
5
5
5
5
5
5
5
5
5
5
5
5
5
5
5
5
5
5
5
5
5
5
5
5
5
5
5
5
5
5
5
5
5
5
5
5
5
5
5
5
5
5
5
5
5
5
5
5
5
5
5
5
5
5
5
5
5
5
5
5
5
5
5
5
5
5
5
5
5
5
5
5
5
5
5
5
5
5
5
5
5
5
5
5
5
5
5
5
5
5
5
5
5
5
5
5
5
5
5
5
5
5
5
5
5
5
5
5
5
5
5
5
5
5
5
5
5
5
5
5
5
5
5
5
5
5
5
5
5
5
5
5
5
5
5
5
5
5
5
5
5
5
5
5
5
5
5
5
5
5
5
5
5
5
5
5
5
5
5
5
5
5
5
5
5
5
5
5
5
5
5
5
5
5
5
5
5
5
5
5
5
5
5
5
5
5
5
5
5
5
5
5
5
5
5
5
5
5
5
5
5
5
5
5
5
5
5
5
5
5
5
5
5
5
5
5
5
5
5
5
5
5
5
5
5
5
5
5
5
5
5
5
5
5
5
5
5
5
5
5
5
5
5
5
5
5
5
5
5
5
5
5
5
5
5
5
5
5
5
5
5
5
5
5
5
5
5
5
5
5
5
5
5
5
5
5
5
5
5
5
5
5
5
5
5
5
5
5
5
5
5
5
5
5
5
5
5
5
5
5
5
5
5
5
5
5
5
5
5
5
5
5
5
5
5
5
5
5
5
5
5
5
5
5
5
5
5
5
5
5
5
5
5
5
5
5
5
5
5
5
5
5
5
5
5
5
5
5
5
5
5
5
5
5
5
5
5
5
5
5
5
5
5
5
5
5
5
5
5
5
5
5
5
5
5
5
5
5
5
5
5
5
5
5
5
5
5
5
5
5
5
5
5
5
5
5
5
5
5
5
5
5
5
5
5
5
5
5
5
5
5
5
5
5
5
5
5
5
5
5
5
5
5
5
5
5
5
5
5
5
5
5
5
5
5
5
5
5
5
5
5
5
5
5
5
5
5
5
5
5
5
5
5
5
5
5
5
5
5
5
5
5
5
5
5
5
5
5
5
5
5
5
5
5
5
5
5
5
5
5
5
5
5
5
5
5
5
5
5
5
5
5
5
5
5
5
5
5
5
5
5
5
5
5
5
5
5
5
5
5
5
5
5
5
5
5
5
5
5
5
5
5
5
5
5
5
5
5
5
5
5
5
5
5
5
5
5
5
5
5
5
5
5
5
5
5
5
5
5
5
5
5
5
5
5
5
5
5
5
5
5
5
5
5
5
5
5
5
5
5
5
5
5
5
5
5
5
5
5
5
5
5
5
5
5
5
5
5
5
5
5
5
5
5
5
5
5
5
5
5
5
5
5
5
5
5
5
5
5
5
5
5
5
5
5
5
5
5
5
5
5
5
5
5
5
5
5
5
5
5
5
5
5
5
5
5
5
5
5
5
5
5
5
5
5
5
5
5
5
5
5
5
5
5
5
5
5
5
5
5
5
5
5
5
5
5
5
5
5
5
5
5
5
5
5
5
5
5
5
5
5
5
5
5
5
5
5
5
5
5
5
5
5
5
5
5
5
5
5
5
5
5
5
5
5
5
5
5
5
5
5
5
5
5
5
5
5
5
5
5
5
5
5
5
5
5
5
5
5
5
5
5
5
5
5
5
5
5
5
5
5
5
5
5
5
5
5
5
5
5
5
5
5
5
5
5
5
5
5
5
5
5
5
5
5
5
5
5
5
5
5
5
5
5
5
5
5
5
5
5
5
5
5
5
5
5
5
5
5
5
5
5
5
5
5
5
5
5
5
5
5
5
5
5
5
5
5
5
5
5
5
5
5
5
5
5
5
5
5
5
5
5
5
5
5
5
5
5
5
5
5
5
5
5
5
5
5
5
5
5
5
5
5
5
5
5
5
5
5
5
5
5
5
5
5
5
5
5
5
5
5
5
5
5
5
5
5
5
5
5
5
5
5
5
5
5
5
5
5
5
5
5
5
5
5
5
5
5
5
5
5
5
5
5
5
5
5
5
5
5
5
5
5
5
5
5
5
5
5
5
5
5
5
5
5
5
5
5
5
5
5
5
5
5
5
5
5
5
5
5
5
5
5
5
5
5
5
5
5
5
5
5
5
5
5
5
5
5
5
5
5
5
5
5
5
5
5
5
5
5
5
5
5
5
5
5
5
5
5
5
5
5
5
5
5
5
5
5
5
5
5
5
5
5
5
5
5
5
5
5
5
5
5
5
5
5
5
5
5
5
5
5
5
5
5
5
5
5
5
5
5
5
5
5
5
5
5
5
5
5
5
5
5
5
5
5
5
5
5
5
5
5
5
5
5
5
5
5
5
5
5
5
5
5
5
5
5
5
5
5
5
5
5
5
5
5
5
5
5
5
5
5
5
5
5
5
5
5
5
5
5
5
5
5
5
5
5
5
5
5
5
5
5
5
5
5
5
5
5
5
5
5
5
5
5
5
5
5
5
5
5
5
5
5
5
5
5
5
5
5
5
5
5
5
5
5
5
5
5
10
10
10
10
10
10
10
10
10
10
10
10
10
10
10
10
10
10
10
10
10
10
10
10
10
10
10
10
10
10
10
10
10
10
10
10
10
10
10
10
10
10
10
10
10
10
10
10
10
10
10
10
10
10
10
10
10
10
10
10
10
10
10
10
10
10
10
10
10
10
10
10
10
10
10
10
10
10
10
10
10
10
10
10
10
10
10
10
10
10
10
10
10
10
10
10
10
10
10
10
10
10
10
10
10
10
10
10
10
10
10
10
10
10
10
10
10
10
10
10
10
10
10
10
10
10
10
10
10
10
10
10
10
10
10
10
10
10
10
10
10
10
10
10
10
10
10
10
10
10
10
10
10
10
10
10
10
10
10
10
10
10
10
10
10
10
10
10
10
10
10
10
10
10
10
10
10
10
10
10
10
10
10
10
10
10
10
10
10
10
10
10
10
10
10
10
10
10
10
10
10
10
10
10
10
10
10
10
10
10
10
10
10
10
10
10
10
10
10
10
10
10
10
10
10
10
10
10
10
10
10
10
10
10
10
10
10
10
10
10
10
10
10
10
10
10
10
10
10
10
10
10
10
10
10
10
10
10
10
10
10
10
10
10
10
10
10
10
10
10
10
10
10
10
10
10
10
10
10
10
10
10
10
10
10
10
10
10
10
10
10
10
10
10
10
10
10
10
10
10
10
10
10
10
10
10
10
10
10
10
10
10
10
10
10
10
10
10
10
10
10
10
10
10
10
10
10
10
10
10
10
10
10
10
10
10
10
10
10
10
10
10
10
10
10
10
10
10
10
10
10
10
10
10
10
10
10
10
10
10
10
10
10
10
10
10
10
10
10
10
10
10
10
10
10
10
10
10
10
10
10
10
10
10
10
10
10
10
10
10
10
10
10
10
10
10
10
10
10
10
10
10
10
10
10
10
10
10
10
10
10
10
10
10
10
10
10
10
10
10
10
10
10
10
10
10
10
10
10
10
10
10
10
10
10
10
10
10
10
10
10
10
10
10
10
10
10
10
10
10
10
10
10
10
10
10
10
10
10
10
10
10
10
10
10
10
10
10
10
10
10
10
10
10
10
10
10
10
10
10
10
10
10
10
10
10
10
10
10
10
10
10
10
10
10
10
10
10
10
10
10
10
10
10
10
10
10
10
10
10
10
10
10
10
10
10
10
10
10
10
10
10
10
10
10
10
10
10
10
10
10
10
10
10
10
10
10
10
10
10
10
10
10
10
10
10
10
10
10
10
10
10
10
10
10
10
10
10
10
10
10
10
10
10
10
10
10
10
10
10
10
10
10
10
10
10
10
10
10
10
10
10
10
10
10
10
10
10
10
10
10
10
10
10
10
10
10
10
10
10
10
10
10
10
10
10
10
10
10
10
10
10
10
10
10
10
10
10
10
10
10
10
10
10
10
10
10
10
10
10
10
10
10
10
10
10
10
10
10
10
10
10
10
10
10
10
10
10
10
10
10
10
10
10
10
10
10
10
10
10
10
10
10
10
10
10
10
10
10
10
10
10
10
10
10
10
10
10
10
10
10
10
10
10
10
10
10
10
10
10
10
10
10
10
10
10
10
10
10
10
10
10
10
10
10
10
10
10
10
10
10
10
10
10
10
10
10
10
10
10
10
10
10
10
10
10
10
10
10
10
10
10
10
10
10
10
10
10
10
10
10
10
10
10
10
10
10
10
10
10
10
10
10
10
10
10
10
10
10
10
10
10
10
10
10
10
10
10
10
10
10
10
10
10
10
10
10
10
10
10
10
10
10
10
10
10
10
10
10
10
10
10
10
10
10
10
10
10
10
10
10
10
10
10
10
10
10
10
10
10
10
10
10
10
10
10
10
10
10
10
10
10
10
10
10
10
10
10
10
10
10
10
10
10
10
10
10
10
10
10
10
10
10
10
10
10
10
10
10
10
10
10
10
10
10
10
10
10
10
10
10
10
10
10
10
10
10
10
10
10
10
10
10
10
10
10
10
10
10
10
10
10
10
10
10
10
10
10
10
10
10
10
10
10
10
10
10
10
10
10
10
10
10
10
10
10
10
10
10
10
10
10
10
10
10
10
10
10
10
10
10
10
10
10
10
10
10
10
10
10
10
10
10
10
10
10
10
10
10
10
10
10
10
10
10
10
10
10
10
10
10
10
10
10
10
10
10
10
10
10
10
10
10
10
10
10
10
10
10
10
10
10
10
10
10
10
10
10
10
10
10
10
10
10
10
10
10
10
10
10
10
10
10
10
10
10
10
10
10
10
10
10
10
10
10
10
10
10
10
10
10
10
10
10
10
10
10
10
10
10
10
10
10
10
10
10
10
10
10
10
10
10
10
10
10
10
10
10
10
10
10
10
10
10
10
10
10
10
10
10
10
10
10
10
10
10
10
10
10
10
10
10
10
10
10
10
10
10
10
10
10
10
10
10
10
10
10
10
10
10
10
10
10
10
10
10
10
10
10
10
10
10
10
10
10
10
10
10
10
10
10
10
10
10
10
10
10
10
10
10
10
10
10
10
10
10
10
10
10
10
10
10
10
10
10
10
10
10
10
10
10
10
10
10
10
10
10
10
10
10
10
10
10
10
10
10
10
10
10
10
10
10
10
10
10
10
10
10
10
10
10
10
10
10
10
10
10
10
10
10
10
10
10
10
10
10
10
10
10
10
10
10
10
10
10
10
10
10
10
10
10
10
10
10
10
10
10
10
10
10
10
10
10
10
10
10
10
10
10
10
10
10
10
10
10
10
10
10
10
10
10
10
10
10
10
10
10
10
10
10
10
10
10
10
10
10
10
10
10
10
10
10
10
10
10
10
10
10
10
10
10
10
10
10
10
10
10
10
10
10
10
10
10
10
10
10
10
10
10
10
10
10
10
10
10
10
10
10
10
10
10
10
10
10
10
10
10
10
10
10
10
10
10
10
10
10
10
10
10
10
10
10
10
10
10
10
10
10
10
10
10
10
10
10
10
10
10
10
10
10
10
10
10
10
10
10
10
10
10
10
10
10
10
10
10
10
10
10
10
10
10
10
10
10
10
10
10
10
10
10
10
10
10
10
10
10
10
10
10
10
10
10
10
10
10
10
10
10
10
10
10
10
10
10
10
10
10
10
10
10
10
10
10
10
10
10
10
10
10
10
10
10
10
10
10
10
10
10
10
10
10
10
10
10
10
10
10
10
10
10
10
10
10
10
10
10
10
10
10
10
10
10
10
10
10
10
10
10
10
10
10
10
10
10
10
10
10
10
10
10
10
10
10
10
10
10
10
10
10
10
10
10
10
10
10
10
10
10
10
10
10
10
10
10
10
10
10
10
10
10
10
10
10
10
10
10
10
10
10
10
10
10
10
10
10
10
10
10
10
10
10
10
10
10
10
10
10
10
10
10
10
10
10
10
10
10
10
10
10
10
10
10
10
10
10
10
10
10
10
10
10
10
10
10
10
10
10
10
10
10
10
10
10
10
10
10
10
10
10
10
10
10
10
10
10
10
10
10
10
10
10
10
10
10
10
10
10
10
10
10
10
10
10
10
10
10
10
10
10
10
10
10
10
10
10
10
10
10
10
10
10
10
10
10
10
10
10
10
10
10
10
10
10
10
10
10
10
10
10
10
10
10
10
10
10
10
10
10
10
10
10
10
10
10
10
10
10
10
10
10
10
10
10
10
10
10
10
10
10
10
10
10
10
10
10
10
10
10
10
10
10
10
10
10
10
10
10
10
10
10
10
10
10
10
10
10
10
10
10
10
10
10
10
10
10
10
10
10
10
10
10
10
10
10
10
10
10
10
10
10
10
10
10
10
10
10
10
10
10
10
10
10
10
10
10
10
10
10
10
10
10
10
10
10
10
10
10
10
10
10
10
10
10
10
10
10
10
10
10
10
10
10
10
10
10
10
10
10
10
10
10
10
10
10
10
10
10
10
10
10
10
10
10
10
10
10
10
10
10
10
10
10
10
10
10
10
10
10
10
10
10
10
10
10
10
10
10
10
10
10
10
10
10
10
10
10
10
10
10
10
10
10
10
10
10
10
10
10
10
10
10
10
10
10
10
10
10
10
10
10
10
10
10
10
10
10
10
10
10
10
10
10
10
10
10
10
10
10
10
10
10
10
10
10
10
10
10
10
10
10
10
10
10
10
10
10
10
10
10
10
10
10
10
10
10
10
10
10
10
10
10
10
10
10
10
10
10
10
10
10
10
10
10
10
10
10
10
10
10
10
10
10
10
10
10
10
10
10
10
10
10
10
10
10
10
10
10
10
10
10
10
10
10
10
10
10
10
10
10
10
10
10
10
10
10
10
10
10
10
10
10
10
10
10
10
10
10
10
10
10
10
10
10
10
10
10
10
10
10
10
10
10
10
10
10
10
10
10
10
10
10
10
10
10
10
10
10
10
10
10
10
10
10
10
10
10
10
10
10
10
10
10
10
10
10
10
10
10
10
10
10
10
10
10
10
10
10
10
10
10
10
10
10
10
10
10
10
10
10
10
10
10
10
10
10
10
10
10
10
10
10
10
10
10
10
10
10
10
10
10
10
10
10
10
10
10
10
10
10
10
10
10
10
10
10
10
10
10
10
10
10
10
10
10
10
10
10
10
10
10
10
10
10
10
10
10
10
10
10
10
10
10
10
10
10
10
10
10
10
10
10
10
10
10
10
10
10
10
10
10
10
10
10
10
10
10
10
10
10
10
10
10
10
10
10
10
10
10
10
10
10
10
10
10
10
10
10
10
10
10
10
10
10
10
10
10
10
10
10
10
10
10
10
10
10
10
10
10
10
10
10
10
10
10
10
10
10
10
10
10
10
10
10
10
10
10
10
10
10
10
10
10
10
10
10
10
10
10
10
10
10
10
10
10
10
10
10
10
10
10
10
10
10
10
10
10
10
10
10
10
10
10
10
10
10
10
10
10
10
10
10
10
10
10
10
10
10
10
10
10
10
10
10
10
10
10
10
10
10
10
10
10
10
10
10
10
10
10
10
10
10
10
10
10
10
10
10
10
10
10
10
10
10
10
10
10
10
10
10
10
10
10
10
10
10
10
10
10
10
10
10
10
10
10
10
10
10
10
10
10
10
10
10
10
10
10
10
10
10
10
10
10
10
10
10
10
10
10
10
10
10
10
10
10
10
10
10
10
10
10
10
10
10
10
10
10
10
10
10
10
10
10
10
10
10
10
10
10
10
10
10
10
10
10
10
10
10
10
10
10
10
10
10
10
10
10
10
10
10
10
10
10
10
10
10
10
10
10
10
10
10
10
10
10
10
10
10
10
10
10
10
10
10
10
10
10
10
10
10
10
