# vtk DataFile Version 2.0
whisker_body, Created by Gmsh 4.13.1 
ASCII
DATASET UNSTRUCTURED_GRID
POINTS 746 double
-9.886859966642536 -1.500000000000193 0
9.88685996664254 -1.500000000000187 0
-6.685728710595258 -1.500000000000097 40
6.68572871059526 -1.500000000000093 40
12 0 0
9.886859966642614 1.499999999999935 0
0 10 0
-9.886859966642614 1.499999999999936 0
5.70386345403052 0 80
6.685728710595268 1.500000000000077 40
0 6.85193172701526 40
-6.685728710595267 1.50000000000008 40
-8.748717852015751 -4.8435458030064 0
-6.519202405202561 -7.582875444051627 0
-3.476438231831796 -9.376266699505631 0
3.430248998885766e-14 -10 0
3.476438231831848 -9.376266699505612 0
6.519202405202592 -7.582875444051599 0
8.74871785201576 -4.843545803006382 0
-5.932115979985521 -1.5 0
-1.977371993328505 -1.5 0
1.977371993328511 -1.5 0
5.932115979985525 -1.5 0
-6.97872288647236 -1.5 36.36379698235928
-7.271177558930926 -1.5 32.72754901191618
-7.563155219674023 -1.5 29.09126226139227
-7.854709034292688 -1.5 25.45494126211506
-8.145884351712162 -1.5 21.81859158259893
-8.436720564463156 -1.5 18.1822135521124
-8.727251541709014 -1.5 14.54581033215293
-9.017506676901251 -1.5 10.90938565890463
-9.307511711424466 -1.5 7.272942302623221
-9.597289438314366 -1.5 3.636480397655546
-4.963028654222617 -4.724120549800097 40
-1.827747849394775 -6.603658545890384 40
1.827747849394783 -6.603658545890382 40
4.963028654222617 -4.724120549800095 40
9.597289438314371 -1.5 3.636480397655475
9.307511711424466 -1.5 7.272942302623221
9.017506676901251 -1.5 10.90938565890463
8.72725154170902 -1.5 14.54581033215288
8.436720564463158 -1.5 18.18221355211236
8.145884351712162 -1.5 21.81859158259893
7.854709034292691 -1.5 25.454941262115
7.563155219674026 -1.5 29.09126226139223
7.271177558930926 -1.5 32.72754901191618
6.97872288647236 -1.5 36.36379698235928
-3.342864355297628 -1.5 40
0 -1.5 40
3.34286435529763 -1.5 40
11.34980690040761 3.896393630456207 0
9.469686112756717 7.370552552276022 0
6.563377897469113 10.04599773915035 0
2.945825845689581 11.63280319127197 0
-0.9909521456679979 11.95901391608004 0
-4.820345095835646 10.98927991986068 0
-8.127378859508902 8.82868692807757 0
-10.55368501447787 5.71136871644487 0
-11.83633564083267 1.975135083368787 0
-11.83633564083267 -1.975135083368821 0
-10.55368501447786 -5.711368716444897 0
-8.12737885950888 -8.828686928077589 0
-4.820345095835619 -10.9892799198607 0
-0.9909521456679715 -11.95901391608004 0
2.945825845689616 -11.63280319127196 0
6.563377897469155 -10.04599773915032 0
9.469686112756747 -7.370552552275983 0
11.34980690040762 -3.896393630456205 0
8.748717852015853 4.843545803006216 0
6.519202405202677 7.582875444051527 0
3.47643823183188 9.376266699505599 0
5.932115979985569 1.5 0
1.977371993328523 1.5 0
-1.977371993328521 1.5 0
-5.932115979985568 1.5 0
-3.476438231831882 9.376266699505599 0
-6.519202405202678 7.582875444051524 0
-8.748717852015854 4.843545803006212 0
4.369412903269498 3.666372755594688 80
0.9904654944534007 5.617208951652248 80
-2.851931727015263 4.939690650908082 80
-5.359878397722907 1.950836196057551 80
-5.359878397722898 -1.950836196057576 80
-2.851931727015253 -4.939690650908087 80
0.9904654944534206 -5.617208951652245 80
4.369412903269518 -3.666372755594664 80
11.70018397400145 0 3.80952380952381
11.40036794800291 0 7.61904761904762
11.10055192200436 0 11.42857142857143
10.80073589600581 0 15.23809523809524
10.50091987000727 0 19.04761904761905
10.20110384400872 0 22.85714285714286
9.901287818010173 0 26.66666666666667
9.601471792011626 0 30.47619047619048
9.301655766013079 0 34.28571428571429
9.001839740014532 0 38.0952380952381
8.702023714015986 0 41.90476190476191
8.402207688017439 0 45.71428571428572
8.102391662018892 0 49.52380952380953
7.802575636020347 0 53.33333333333334
7.502759610021799 0 57.14285714285715
7.202943584023253 0 60.95238095238096
6.903127558024707 0 64.76190476190476
6.603311532026159 0 68.57142857142858
6.303495506027613 0 72.38095238095238
6.003679480029065 0 76.1904761904762
6.97872288647236 1.5 36.36379698235928
7.271177558930926 1.5 32.72754901191618
7.563155219674023 1.5 29.09126226139227
7.854709034292688 1.5 25.45494126211506
8.145884351712162 1.5 21.81859158259893
8.436720564463156 1.5 18.1822135521124
8.727251541709014 1.5 14.54581033215293
9.017506676901251 1.5 10.90938565890463
9.307511711424466 1.5 7.272942302623221
9.597289438314366 1.5 3.636480397655546
5.367565335613828 4.258897833899651 40
2.980544514133677 6.169710105908216 40
0 9.713811975183205 3.636363636363637
0 9.42762395036641 7.272727272727273
0 9.141435925549617 10.90909090909091
0 8.855247900732822 14.54545454545455
0 8.569059875916027 18.18181818181818
0 8.282871851099232 21.81818181818182
0 7.996683826282438 25.45454545454545
0 7.710495801465644 29.09090909090909
0 7.424307776648849 32.72727272727273
0 7.138119751832054 36.36363636363637
-9.597289438314371 1.5 3.636480397655475
-9.307511711424466 1.5 7.272942302623221
-9.017506676901251 1.5 10.90938565890463
-8.72725154170902 1.5 14.54581033215288
-8.436720564463158 1.5 18.18221355211236
-8.145884351712162 1.5 21.81859158259893
-7.854709034292691 1.5 25.454941262115
-7.563155219674026 1.5 29.09126226139223
-7.271177558930926 1.5 32.72754901191618
-6.97872288647236 1.5 36.36379698235928
3.342864355297634 1.5 40
0 1.5 40
-3.342864355297634 1.5 40
-2.980544514133676 6.169710105908217 40
-5.367565335613823 4.258897833899657 40
7.809777986842812 -4.484614791165685 12.63253104860808
-6.261257908220405 -4.265800541972244 30.79595867932777
7.159111110014966 -4.45757263161626 19.90509580901141
6.105690479032245 -4.907031211737308 27.5322997317279
-6.680931143118505 -4.66566258995821 23.52148693553238
-7.49000705265536 -4.46324891406943 16.27676811713918
-1.723478280175759 -9.605973867654466 3.057618686932476
4.9554366813225 -8.407660710667471 3.057618686932511
-7.915452193759314 -4.860307036793536 9.039961488468577
5.4350553898193e-15 -7.098025159301187 36.87308646514707
5.61790072000114 -4.655972664440265 34.351243919411
-7.427272146549598 -6.349628042411886 2.903409675122324
8.578546594786769 -4.242709240665082 5.458925953177338
8.145879094752649 -4.469628443986339 9.001694847378113
5.981700437610808 -6.941167434737189 10.63510966996512
5.611172323965024 -6.880695476761933 14.24896186394315
3.093360529038139 -8.496119575388075 12.17594262519295
2.660608253309559 -8.344802541159728 15.77240050161572
-0.1797421819990946 -8.926608078168689 13.61574665170867
-0.6516361397106321 -8.621578942060909 17.20204303619281
0.2743785901228377 -9.206643863199506 10.02860710493473
-3.010016314749194 -8.592146391177922 11.38311128970775
2.215654909789318 -8.180511203886116 19.37376492711451
-1.123001583058794 -8.287912156247923 20.7918139634035
1.738702624359915 -8.004864532347572 22.97896128149932
-1.591579213660352 -7.922584436444775 24.38485194270447
1.306207795025901 -7.803594139086116 26.52853500177319
-2.054176030123428 -7.522602678435641 27.97874817229017
1.065854414539318 -7.548796896756738 30.19410554003006
-4.196483403367853 -7.426989736202519 18.67085982807065
-2.565383819127586 -9.026996727663219 7.821329875879603
0.894671978581234 -9.44890020466234 6.465401869426991
-1.555553956011318 -7.357579137680546 31.50858390823426
-4.893904404684194 -8.282202332028364 4.827845464162668
-5.55055016657733 -7.442752171233051 9.09045004049648
-6.237431598188603 -6.495150875875916 12.64090089497103
3.541423755634444 -8.620397950273292 8.646665860380043
6.175195245841081 -7.192159020865767 6.614070512860165
7.487195387011834 -4.472468249102217 16.24742886769715
3.532394646927224 -6.163510662701811 36.79729444805862
1.827523415675218 -7.113993453192048 33.73521603337693
4.560359845591424 -6.027405572233176 31.02591606673106
6.792133032680944 -4.495584396270475 23.56819614667108
-6.584115717776963 -5.31264870777645 19.56514018272901
-6.588893163122017 -4.29169782463276 27.14878497475745
-6.209656824849029 -3.813925746847133 34.46713977105991
-3.532394646927269 -6.163510662701785 36.79729444805863
-3.350070892730026 -8.166205241861565 14.9087297310767
-4.293187945658404 -7.057546880732813 22.09892808293203
4.839442887021825 -6.755557616422186 21.47221220673134
4.295981704338836 -6.776716250827237 25.11160476885837
5.225690383566036 -6.82345375558906 17.8571434416839
1.7930725672588 -9.594564474295556 3.040912300573764
-7.106821388197492 -6.303186081006193 6.361752918104331
-4.355693192325007 -6.700526687335048 25.51639856589481
7.462386510784648 -6.313022856853304 2.86484633374761
-7.970937281064795 -4.187576601718952 12.65564597032979
-8.686479942549257 -4.027644554947864 5.402638831714476
3.767292241243876 -6.809883067845633 28.17626045040164
3.544825987017988 -8.86896947207347 5.703216944285283
-4.635571233273776 -6.185644194009149 28.84488076933043
-1.577245973053453 -7.118398075088146 34.42057273103521
6.562620508962621 -3.778752055314954 30.84078940139623
-5.589647543399374 -6.68637091923889 16.32711535253557
5.820170444445922 -3.998697873580245 37.33791456836333
-5.820223555285064 -3.99860473569349 37.33802848775674
-4.993537898572272 -8.472305287503135 2.104177046827149
8.930577037979772 -4.014650998051144 2.649790907784882
-8.995273953718634 -3.888030173357246 2.546600921336867
-4.324874962080127 -6.050514761202697 32.56232667894502
5.887794319054432 -1.5 12.56328995279452
-5.235725349312536 -1.5 19.79490501141789
-5.799688192335426 -1.5 8.709546933908804
4.778972342884227 -1.5 27.57298176612314
4.986256022607954 -1.5 19.77730880649221
-4.268049880077235 -1.5 30.65654558054381
3.975867760450384 -1.5 34.29239987398203
1.77635683940025e-15 -1.5 3.424908757908722
-1.679265639535338 -1.5 37.28058640433886
6.452309399293576 -1.5 5.371102840770453
-5.843698488851733 -1.5 4.674819613903313
-2.296003273269473 -1.5 6.474527138007811
-2.620554426421591 -1.5 10.56685290127708
0.3915657364316534 -1.5 8.909592983135001
0.225270468656106 -1.5 12.50084402124738
-2.681752337817025 -1.5 14.29755034580978
0.3511983975723965 -1.5 16.03991346361864
-3.662633189057909 -1.5 34.50640582062552
-0.9114789046839036 -1.5 31.9417287178837
-1.275893443613565 -1.5 28.60881923716761
1.772766940688506 -1.5 29.71160100097572
-4.555530710698057 -1.5 27.02860320250849
-1.62167054583486 -1.5 24.96589283088291
-4.861889946549368 -1.5 23.39183516987223
-1.864826194622514 -1.5 21.36293410402741
1.502017528699032 -1.5 22.77360004272768
6.159391378152453 -1.5 8.963817315607733
5.669327685516055 -1.5 16.02516026557737
1.677310744850098 -1.5 37.31067183782603
4.863459828062961 -1.5 23.7021857973499
-5.75105620996357 -1.5 12.51278843664323
1.686816176761843 -1.5 19.41826323181925
-5.574640941677856 -1.5 16.1763612678259
3.345341107261817 -1.5 7.236078483517876
3.529959745492061 -1.5 3.289160424280843
1.669942108481049 -1.5 26.22251344587116
-2.615339646801832 -1.5 17.72489992881918
3.185966530680041 -1.5 10.71179310713331
3.031844148702838 -1.5 14.13770064563102
4.51824512222232 -1.5 31.0394243764371
1.77635683940025e-15 -1.5 34.84547212083118
-4.469842956191708 -1.5 37.63015784146474
4.501327206205943 -1.5 37.55114484996794
-3.037004037775756 -1.5 2.854242191438273
1.871080183735462 -1.5 32.36612521802194
2.942722868573863 -1.5 17.00979339536326
0.7814324111218944 -1.5 6.003684236330102
7.053395556962627 -1.5 2.535159805103431
1.105743471978573 -4.118661057583056 40
-1.70635182043788 -3.756778008045242 40
-7.909487973314067 -4.912736883966318e-14 0
-10.25639961849221 -3.507512400705078 0
-10.25639961849225 3.507512400704967 0
-8.487246032801329 6.741619222895045 0
-8.487246032801263 -6.741619222895128 0
7.909487973314093 -8.747084689217649e-14 0
1.776356839400251e-15 0 0
3.954743986657032 1.110223024625157e-16 0
-3.954743986657029 0 0
7.913893359863064 -3.245913943253347 43.78948121158254
9.193385683973643 -3.261669051937548 28.5275134817048
9.193385683973851 3.261669051936942 28.52751348170485
6.652617504236985 3.141241379777952 58.99554065229922
8.237262867764462 3.251401695295756 39.95162451164516
6.28168907922707 -3.217624949421028 62.79643657168234
-11.73128066296225 0.3658206351548721 3.341947424554161
-2.994492805538506 11.34508140865445 3.38466743266196
-2.879762434608137 -11.37192468062312 3.419408766471416
10.11646334979564 3.345788239617946 17.08501301298051
10.13994097335968 -3.269426385055376 17.10264947107312
-4.859360121525458 3.468038509654455 76.61865730217922
5.986966559112645 3.136159376705845 66.59774666370318
8.557207529299856 -3.25516565974323 36.14368486009381
5.61044116807096 -3.199497478681198 70.40984790038134
7.615447117221959 3.189694300003133 47.56614505689132
6.749975432508553 -3.630407535854907 55.08985028776149
10.33344225458509 -4.368711996773343 9.923708795559914
10.72924455023717 3.394787911756593 9.485175436666081
4.718238164040466 10.73561669153541 3.472744321307459
4.712243512000845 -10.74283313214679 3.419408766471715
-9.296268222620112 7.167457475359555 3.322311395245336
-9.257317901175359 -7.205259738421862 3.419408766471709
-4.722384685810231 -3.625614612545042 76.82610752708068
5.333912793146073 3.081567611235157 74.20311703908095
2.98274313054798 -5.166262648036096 76.67576704977438
10.11001643510303 -5.951236539755725 3.410773106832593
10.31700692552852 5.583284939902489 3.419408766471419
8.224603312786346 -3.26983533697319 40.01490958956582
8.576036544614709 3.204897166193261 36.14516673573713
8.887766519822764 3.228866409415029 32.32321695041099
7.410585290524829 6.122034762716206 30.33875528304161
6.586333022582346 -5.688889739330885 41.89159771829348
6.68820100219974 6.052552926309881 37.86094766485592
7.742597267633418 6.18905023901314 26.52772808920192
5.086946442228831 8.348194446680587 28.25912012127211
5.459654410362814 8.469639526293275 24.43611791152451
2.206695425183308 9.69916484578844 26.08552254940676
2.630155761199849 9.904236186407298 22.26740215358921
-0.8868602167735242 10.08532491749693 23.8337503359025
-1.308389073783467 9.736473727414245 27.64881363393975
-4.290920840617217 9.041619840686549 25.30896525825146
-4.697516866030663 8.497368974083324 29.10516246119266
-3.910546589958584 9.537080062312905 21.50296207870004
-6.892209923722413 7.516466808412511 22.89619038283309
-6.603526958176867 8.159946500521816 19.09483161848573
-8.913668742900441 5.345737635635566 20.40911992605664
-9.012107480335793 4.550419885740737 24.19564292048013
-10.12508596779599 1.878569283156958 21.62745071128618
-9.954917523043539 0.9702675863331377 25.38585495799854
-10.04605238809166 -1.823602752122734 22.74124694003984
-9.535617037955452 -2.723323714724678 26.4685649598273
-8.646924630144529 -5.278934265062245 23.74834092821211
-7.80209654770794 -5.996178660607893 27.44458287005535
-6.08094243643364 -8.014567475753418 24.64526756328501
-4.940947790061752 -8.431406489366868 28.30318533547853
-6.861225853368057 -6.643549676275252 31.12310196193313
-7.139278980816806 -7.49254563352149 20.97441825366862
-10.46268054109761 -0.9387340881937626 18.99947684068381
-3.53411787887224 10.00246004648367 17.68132832697252
-3.94527809739612 -9.498011764479655 21.79347499337701
-5.167652451113747 -9.223293224981894 18.14050279123036
-3.728744358894307 -8.722397581015896 31.94369469276258
-5.826296152080142 -7.200505397057791 34.78385374993156
-8.241921820373058 -4.379961193710156 33.88169862226466
-7.459340443229367 -5.112612881995013 37.56893051286348
-8.958943879100287 -1.710836583444428 36.58325567761882
-8.44271429166106 -2.582119074280889 40.29459713135989
-8.849031509267952 1.070299020100429 39.21740413320644
-8.617229372062209 0.1936188474746703 42.95454122565192
-7.84881715280161 3.779412329407767 41.78606371218864
-7.883275539180045 2.945653307677226 45.54367993095197
-8.295671475889934 -0.7088624289101382 46.68383601748943
-7.848582615437567 2.083565242172936 49.2945248014052
-7.871607973703336 -1.60264549583239 50.40425221447966
-7.732958398291283 1.20048135113565 53.040955023904
-7.323444861593991 -2.508430849609113 54.11409362245259
-7.526587044807004 0.2647435901841135 56.78095773474531
-6.2310632070273 -4.947699452321611 51.37754978153011
-6.434155195721141 4.620049426444385 51.82783209964787
-8.76965083544601 6.117323544611869 16.61403595664122
-5.25742739978446 -5.581487911274762 55.04715136430292
-5.992555912644155 6.049653226694621 44.27828421011857
-1.561069956064583 -10.39704256125759 18.88671514170989
-0.2196935096799385 -10.22650469825057 22.50441361864969
-5.729857203880819 6.695954222181959 40.49604595780226
-6.557061005639726 -5.799465541111054 41.24700145206562
5.953549333319203 -5.94102391375335 45.60589699030385
-2.883730968650453 -10.40760402821665 15.25090116299588
-6.333876196726998 -8.823617680683149 14.46482413698799
0.9175868314644764 -10.7072401421413 15.9274080618532
-3.178392574036632 -7.224004512353291 52.19326008167316
-1.8933003460804 -7.367312572188256 55.8221727361889
-4.16400837815129 -6.093652052127174 58.69650141740431
-3.04871517656711 8.067723467956929 42.88918567789707
-1.781179294387158 9.356255322149064 31.45686923712754
-2.45248862400848 -8.867967134811307 35.56664146154154
-0.01918543956834047 -9.43055347078324 32.64766569311364
-9.000117045228121 1.945347404130748 35.47626223734375
3.491901831095213 -7.86352495119228 43.15057619792356
-0.4359146808708436 -11.02267694552484 12.30858751177867
3.35461939575228 -10.45849732611466 12.91795948692068
4.605305552761977 -9.659922042801862 16.49851360019455
6.324133341199129 6.004780431494609 41.66640664528849
-2.693188489371694 8.506986918286282 39.09545289446297
-5.431478902031383 7.314280848637916 36.71565448169004
-4.434173675192789 -6.870396347519863 48.57511123596912
-0.5386359222491828 -7.303605643537937 59.4213196086008
-2.920316808545599 -6.466000142293761 62.32538206720927
-3.422345419778378 7.589980122376428 46.68414486250546
1.325837025255947 -9.05253624458406 36.22396251895316
3.68798310156968 -8.629740352153272 33.22983062494363
2.416102336556798 -9.356913092786304 29.6840102183764
0.5023755148684362 -7.820782657829989 52.89718397079524
4.708974893598946 8.222658972297435 32.07583169703594
5.839224704256721 8.580166071030574 20.6015606180429
0.005424565164569543 8.442719947920711 45.19950650279145
-0.4105988687255331 8.132980626056048 49.00352798859429
6.72795504025833 -8.630478284144836 13.42971213090384
-5.882086219335932 -4.082875467024121 61.49518239014504
-4.950412380381947 -4.76456605697332 65.17286893493815
-6.781041906457409 -1.503361225358711 64.22108418229843
-6.212007522612815 -2.382011811676975 67.93949543420082
-6.608540785001325 1.311875332815569 66.86647602501787
-3.78859074047539 -5.394541898420271 68.71511850111051
-6.700062864425609 2.142153037362991 63.09674931105766
-5.06174924270449 4.59402802553156 65.61902078559808
-4.769974458208361 5.304048113993391 61.83584927530294
-2.075751250840448 6.627465556320238 64.23076329420803
-2.478789186291978 6.165846677196002 68.03595563186684
-1.657656548521984 7.052380569178874 60.42337735373313
-1.127064595000917 -8.845915084115195 39.16781506803967
-9.074459176632292 3.697607001875685 27.96784400171379
3.031473787612909 10.10535650960644 18.4206466196157
6.214167172131771 8.68701026410689 16.76170864921733
3.435205070646822 10.29347058710379 14.59242139068507
6.588884869589507 8.788146426433146 12.91143272331685
3.835418926776172 10.47328610907618 10.75603128167054
0.3617966827999997 11.02145470757731 12.35816421749776
6.89347186624142 8.928307377681724 9.150592447847609
-6.429671525896054 0.3977892632139073 70.62153146172086
1.358332530254016 6.936142214669609 62.66833918772353
-4.488086265530751 5.92402322708659 58.0399382318063
-1.216354109171996 7.445276631047403 56.61907952953928
5.745224396011083 -9.640289205381146 9.880051805529927
3.864887577786523 8.0046505797274 39.53081411364172
3.013524488439732 -7.715611237606938 47.2259735587086
5.406115962832635 -6.045961418170158 49.42115224640713
0.942746345636029 11.28050814397504 8.642332451671976
-2.769055244049216 10.86279098353403 10.0357510560999
0.787496417341032 -6.996837199919389 63.00988845715089
-0.02018055812655542 -8.448269381746062 45.12871014782433
2.990831440052891 7.70932169014838 47.40504235598615
2.652406906242456 7.513734316312491 51.22947062364623
4.362349881615597 -7.997700073111103 36.7200927818467
5.8219785064814 -7.66322309522175 30.19057226144905
4.704916542255785 -8.711556909502999 26.671823664254
2.57872123714621 -6.801516525583703 60.05008756752957
8.07867237061779 -6.968169676195268 16.91626091994338
5.983485196866583 -8.53793837031537 20.00138779273294
8.509609223370754 -5.967447727299664 20.41310516772688
8.467166579655963 -7.346024957502112 10.0419298332542
7.659657476544917 -8.531528279886873 6.79166746211288
9.271377867456145 -5.766591768376965 13.74269959509314
-0.7595385117225937 -8.116519736358878 48.89371945822921
6.918174463998258 -7.422475686356035 23.54918417043955
8.909560712800658 -4.873113386906452 23.44076988639879
8.800977790831187 6.294188000835304 14.99237469517677
-2.243942831238456 8.94532280510238 35.29177761835788
-5.074083428193226 7.922160884197793 32.93685180218679
2.640833211110905 -8.466995775059509 39.77964823885651
2.46534641931117 -10.16972150249574 19.51316515621503
8.420879580324957 6.299048520869878 18.85421405294034
-0.8646394755394069 7.796505839982922 52.80312460943377
8.105706571229234 6.215646467874909 22.6864746551564
1.850181386716143 -7.326631028254306 56.45833830984077
4.102343598034314 -6.633446638232793 53.37270863770748
1.089848996102508 -9.884536057112332 26.1184064652063
-6.234333962710052 5.354855134728568 48.05032888830674
0.3007627556171227 8.735953853403201 41.40787358077701
3.376350816908443 7.876096915370884 43.59136566317127
1.833453399617936 7.128569485776686 58.9494925812544
2.19221519381282 7.345882581927788 55.06849047108347
5.24001304569749 5.7836447657794 53.31045856046779
3.639666413659991 -9.510729532850602 23.0823957911423
-8.934308244782542 -3.578832297408431 30.18431270307607
1.304405244999818 9.249774176845994 33.78204796236609
7.937387184503961 3.194011313031477 43.76114362604049
8.882697477734318 -3.226248884261449 32.39511024017794
7.008519245952842 -3.745247745127884 51.50511221496831
9.503663357957901 3.283552170839698 24.71463786267745
6.625926378208643 -3.1840791342087 59.06763763196672
0.8829027944350815 6.710377561410948 66.47617820873648
0.431133431678596 6.454428526126086 70.28041212838737
-2.997312400818579 5.600759043947748 71.76016420039501
0.1838073914228461 6.159271749533553 74.17864834713284
6.338459435609988 3.107601956751528 62.77795841995177
9.088375742478499 6.411275622456751 11.1536802201775
9.231201770540588 6.782410114513332 6.925354063184419
-7.773312153997236 4.543482029864095 38.0708976827774
10.44784547031242 3.293041440964305 13.28403161741805
7.631067776880936 -6.255314063448836 27.0994627699125
-7.168282884737469 6.827806794311156 26.68737763767962
5.963642096369647 -3.164950886875121 66.68927878045604
3.691677034972834 -5.493009064323476 68.38123830984426
3.113978555165671 -5.497625655697016 72.19300895411979
-0.02633266120821582 -6.513387885770509 69.7133404889365
-0.5810098435035775 -6.178972277285342 73.61684825812512
5.319749846458178 -3.095012034974712 74.27312088979566
-3.811064397982776 7.06556505070766 50.47091496960262
-4.164155706621239 6.512316215244975 54.25750353688656
-6.596384034129962 3.822482073405385 55.60378894455845
5.693634032963431 3.052618515126128 70.3880980036112
-10.22896550436032 2.758454817968946 17.86014306221474
-10.80074244130824 -0.01531153301384451 15.2378741705202
-10.06503878547823 -3.685960609992116 16.27999681716888
-10.6491465992536 -2.80876907952042 12.53679102466188
-11.0641109924014 0.8719181008416019 11.4557363540112
-11.11270354223656 -2.072281710078286 8.840081486884586
-9.82156984679485 -5.446448646847119 9.77578013640866
-11.32064881380241 1.556846575418544 7.278135763875532
-10.26648149236697 4.45861199444276 10.25582903003893
-9.38846346612636 -4.53380496573262 20.00129821335716
-10.29762823458689 3.548848337906223 14.07858696422299
-0.460235383658856 10.41421297193212 20.02018074904344
-7.819732309249829 -3.425602324579747 43.99965535806349
-5.696900670493325 -6.263610770775125 44.8929661207034
-7.084013939019176 -4.222061794711289 47.68942909318614
-4.697788189754965 -7.647881229482233 38.43012791739862
-2.718238359574902 -8.251176980408554 42.09070355542386
6.78744491564601 -6.429271502004231 33.68337439220053
-0.06004605662557474 10.72385994892513 16.2127607656608
-9.004342372706175 -6.207684178209591 13.50927743264542
-7.513420611165385 -8.25796046044578 10.61640962919094
-1.369060397286748 -9.613157969474122 29.09522473264869
-6.651809962343219 3.067899348441822 59.39894235598222
9.821072329952019 3.281096893946552 20.90598099357321
-9.36943501382282 -0.8701717161322687 32.91216834298179
-9.076641492082407 2.819058991576002 31.71034315666494
-8.104615918409623 -6.899905751838536 17.23035221169818
-6.641046220731655 -3.367077014091788 57.86594497657134
-7.203512125109337 -0.6646308732391273 60.5563972379355
-1.662070711830059 -6.603408752100234 65.9532388369053
1.752382367226666 9.485492271227269 29.91034562645465
-3.157323061909697 10.44190585635027 13.86491195816401
-6.009948753130162 9.325705659630968 11.50527379848959
-5.250083177299315 10.14111430754039 7.375622209881175
-6.335717907702814 8.740878643068092 15.3037640458004
-7.425256819183216 6.087275952800467 30.47545814177369
-7.63028131221509 5.318766265156641 34.29277167502997
-10.55763586080062 -4.615094799613457 6.070097129462571
2.978756127275285 5.159356955797906 76.77708640950702
7.04940219756367 6.090501955695967 34.10316066986687
-5.958054216420107 -0.1052451890827927 76.75839007294908
-5.780372976734945 -2.304957689197631 73.40393597779526
-2.687285818774689 -9.632942673919477 25.40282323704661
-4.211109395455421 -10.25347804994265 11.63189182516557
-1.840376645269258 -11.16670136081143 8.674006047561319
2.012728179357728 -11.08897597571682 9.273520992574589
0.9485457447817838 -11.51638797706085 5.649364507073459
-5.490683101014389 -10.0807021802889 6.619536193627482
-9.707909409386721 0.03246830296225262 29.12308243096657
5.596339051000432 5.857498331276819 49.53906392558852
3.866547902226375 -5.779363651182639 64.12179400331915
4.269271966756834 8.128583465867429 35.81201593650815
-8.648214188902566 6.777984115805781 12.86068358503038
8.032292777286417 8.550945690940361 3.407117329609986
7.544842141138526 -3.345370312515295 47.60696497449707
0.7022698793961919 11.71144705371016 3.39911617162844
-8.31269593119006 -7.876926255523499 6.96378968682377
-11.06366472285659 3.915923134359469 3.351495875172704
-6.529151241275238 9.752766280182454 3.347633604596195
0.7674599032527765 9.010304988669798 37.57313142462013
-5.31997683107099 3.802126998752928 69.38877624336268
-5.179735710733384 3.504551905129117 73.0108377008205
-10.01936709019048 5.596524002261212 6.65239261535927
-8.276419539642349 7.662527922103603 9.162517830756506
5.964749372808124 5.942336182059092 45.49334808991183
7.300514453267034 3.162118161433833 51.3850366125974
4.349777932842245 10.58154350099322 7.106572291166607
6.963136141158261 3.152403177525565 55.35473182185174
7.867106895594184 -8.729613433879312 3.157616564810868
-6.450569289439373 -9.821091579612066 3.175911023579762
4.519590661385685 5.625406317422444 60.78539176033016
11.08065882448961 -3.189415299241905 5.965045374239724
11.09987319675308 3.128692215598836 5.941614034472197
4.894895652288723 5.70239506623734 56.98556313691387
4.951543205236643 -5.651153866776831 57.0058481777624
4.181743243731966 5.520120200017203 64.48116474518233
3.763152947067699 5.443188697413346 68.39276271815594
-1.028912770623078 -5.835254290007242 77.18673141795152
9.943995216555424 -2.883158453922455 20.92034804807133
3.332308441598027 5.366550985591452 72.20970342847276
4.35518770018965 -10.60147140503684 6.846241459962802
9.764127095035445 -5.917127986366482 7.40621908121741
-11.17102799265548 -3.708616614122689 2.915516237776629
-1.368214014989726 11.39585868820341 6.636446558904068
-1.026372295734968 5.820846540961 77.37262334316128
-3.654681273777257 -5.015875896889105 73.61844991774463
6.952299412409076 -5.738972056320784 37.92799126908503
2.741000527487458 -7.543666084229788 50.491840833919
10.54625822188219 -2.937568507507081 13.37031217476109
0.3515131432113561 -8.688220608726155 41.98983185172869
0.9746345422669047 -11.76208972856607 2.510734475215751
-2.976152980702794 -7.835635800163439 45.9735113624431
-7.958434417127364 8.328772364485289 6.101886020616718
7.937063077022101 -5.41455821477414 30.39274782395696
1.466597763299599 -6.634462336854464 66.14049445893875
5.233287610856198 2.768252807570017 77.24930047901637
5.248593974836205 -2.731991800645705 77.29116814885538
-2.702429824911079 5.501825372352645 74.589246829328
-5.428112774614064 -3.463572621225097 70.6591822428832
11.42161303753389 -2.865258955235403 2.85224460448703
11.43396464721201 2.820216538592482 2.83810148489461
6.919074889860954 9.206468571664606 6.141856472646364
-11.40732724006851 -1.765485634071055 5.80497143133166
5.142843697352604 -7.245023608566302 39.58269981809052
-2.363526614569319 -5.94378075092928 71.19963993677224
5.095135256046669 -5.118540731780238 60.70797798326101
-6.153075377091734 0.7079345192994866 73.77645896943076
9.611005849926078 -2.619339105583233 25.90103167099565
1.942178575185269 11.36481392033485 5.977342051259296
8.001746095075456 4.722722475175812 9.002294160296167
7.527455312732027 4.402403691847566 16.26005030817356
2.821962753251615 9.142808591099618 5.483902250514827
6.902182661244615 4.329498768511518 23.53596051501123
3.04425604705886 8.474056860521381 12.65176838977561
6.166763272261488 4.399531775611496 30.80900382509552
4.410897055366164 5.510171389833594 37.37928020749515
2.893648743190787 7.919689132388125 19.92630143141757
7.569220907142832 6.160519960780086 3.057618686932529
3.094811814880244 7.222356989531037 27.22304817204574
5.856456729821923 4.34848134117316 34.37868787688494
3.382208205897038 6.637573859518704 32.4057519669448
3.080147009642241 8.763459324316488 9.034108879571928
6.276724801958482 7.10271857443758 6.623656258913115
6.228093290837864 4.794595587566677 27.19314295188996
7.256138987025425 4.299551854355967 19.89389184515229
7.814035982265122 4.475533450542936 12.64300318601205
2.938049157165901 7.596332876716343 23.57361265109244
2.962760387451922 8.19878329109171 16.29338257242732
5.862243162266503 7.0370147414165 10.68717343608497
5.695446047755274 6.802368976275694 14.33407023922183
5.039231198192176 8.380234677028881 2.812395959160234
8.515470336911186 4.323890399749793 5.713292988926606
5.488314238011627 6.604405493088305 17.95150268507498
5.31760483395485 6.374699886116949 21.5823936659468
5.041506322246828 6.269616876968659 24.83837429610225
4.363214680257809 6.296410095894393 29.72686080449644
6.070326650240879 3.562837743841269 37.62744302896414
2.380454710871781 6.624623352043095 37.61884999067652
3.212291712804749 6.482974344055456 35.13041748283332
2.498317875467612 9.475382018508224 2.551317761986646
8.944368092642902 3.994690478278847 2.59358556910747
2.125845368948764 7.292431829371406 30.54608041199283
-5.887794319054436 1.5 12.56328995279452
5.235725349312537 1.5 19.79490501141789
5.799688192335424 1.5 8.709546933908804
-4.778972342884225 1.5 27.57298176612314
-4.986256022607954 1.5 19.77730880649221
4.268049880077235 1.5 30.65654558054381
-3.975867760450384 1.5 34.29239987398203
1.77635683940025e-15 1.5 3.424908757908748
1.679265639535338 1.5 37.28058640433887
-6.452309399293576 1.5 5.371102840770455
5.843698488851737 1.5 4.674819613903313
2.296003273269473 1.5 6.47452713800782
2.62055442642159 1.5 10.56685290127709
-0.3915657364316534 1.5 8.90959298313501
-0.225270468656106 1.5 12.50084402124739
2.681752337817025 1.5 14.29755034580979
-0.3511983975723965 1.5 16.03991346361865
3.662633189057908 1.5 34.50640582062552
0.9114789046839054 1.5 31.9417287178837
1.275893443613569 1.5 28.6088192371676
-1.772766940688502 1.5 29.71160100097571
4.55553071069806 1.5 27.02860320250849
1.621670545834863 1.5 24.96589283088291
4.86188994654937 1.5 23.39183516987222
1.864826194622516 1.5 21.36293410402741
-1.502017528699026 1.5 22.77360004272768
-6.159391378152453 1.5 8.963817315607734
-5.669327685516055 1.5 16.02516026557736
-1.677310744850098 1.5 37.31067183782603
-4.863459828062958 1.5 23.7021857973499
5.75105620996357 1.5 12.51278843664323
-1.686816176761843 1.5 19.41826323181926
5.574640941677856 1.5 16.1763612678259
-3.345341107261817 1.5 7.236078483517884
-3.529959745492061 1.5 3.289160424280852
-1.669942108481047 1.5 26.22251344587115
2.615339646801832 1.5 17.72489992881917
-3.185966530680041 1.5 10.71179310713331
-3.03184414870284 1.5 14.13770064563102
-4.518245122222318 1.5 31.0394243764371
-1.77635683940025e-15 1.5 34.8454721208312
4.469842956191709 1.5 37.63015784146474
-4.501327206205946 1.5 37.55114484996794
3.037004037775763 1.5 2.854242191438279
-1.87108018373546 1.5 32.36612521802194
-2.94272286857386 1.5 17.00979339536326
-0.7814324111218909 1.5 6.003684236330116
-7.053395556962634 1.5 2.53515980510344
-7.998201138545403 4.728583656438007 9.003198974662673
-7.543217440101493 4.376921811176996 16.24997348356957
-3.115890512609633 9.052695528160166 5.413776204767842
-6.900971944116338 4.331402205401383 23.53613692227625
-3.110200082194738 8.447380678273603 12.68391113769515
-6.166763272261442 4.399531775611563 30.8090038250955
-4.41089705536616 5.510171389833596 37.37928020749515
-3.103297724872871 7.837593486074385 19.95369408964793
-7.569220907142833 6.160519960780083 3.057618686932527
-3.094811814875253 7.222356989532974 27.22304817204807
-5.856456729821907 4.34848134117318 34.37868787688494
-3.741613788204806 6.439971234364235 32.42606453667089
-3.106396106212009 8.753968220083356 9.036754767388654
-6.127041625457323 7.207433265493984 6.863947327773639
-6.227838740774308 4.794969541190954 27.19280719010403
-7.256913929472753 4.298342155796544 19.89325466193037
-7.81403598226511 4.47553345054295 12.64300318601209
-3.099335736982063 7.530707787254921 23.5884063332346
-3.106966177052594 8.143084823067975 16.31883913654355
-5.880473756109908 7.020100843191408 10.70360302563462
-5.639987883060437 6.853063370657722 14.28852762243637
-5.042722154887124 8.378308433989089 2.81050236254451
-8.515470336911118 4.323890399749286 5.713292988930299
-5.517789986063137 6.581109694429274 17.93874419791058
-5.317604833951235 6.37469988612 21.58239366594647
-5.089696067777396 6.219151485072612 24.95059432048082
-4.379193157954911 6.285700925319025 29.7227586545921
-6.070326650240892 3.562837743841251 37.62744302896413
-2.463207478285491 6.595117854395954 37.60912916301587
-3.212291712804705 6.482974344055537 35.13041748283263
-2.454859483115069 9.487783719873901 2.538404775100933
-8.931439626116507 4.02144446248513 2.604379979722885
-2.133313209252166 7.290938602152345 30.53769154647806
1.861466232561885 -0.6775183007441694 80
-1.796581528936375 0.6539021999652996 80
1.425965863507625 2.469845325454036 80
-0.4952327472266952 -2.808604475826126 80
-1.669923671232719 3.981043768780112 40
1.670974054951995 3.765298125671561 40
-0.05637186389602977 -3.996802888650564e-15 48.02595125622625
0.03805038499498092 0.01133072350506659 55.62911321368786
0.007221859023906596 0.001250507753945751 62.6819253421326
0.2179318051557688 -0.005704458791932598 69.08440999117504
0.6848412429018387 -0.06420112586420335 74.61270865315143
-3.777937967343468 -8.881784197001252e-16 44.72384246807669
3.577681425686237 -2.266282586135238e-15 44.69209788458839
-0.2121627386089593 -3.113059622223461 44.45332446714804
-0.0379769982381521 3.276950891527568 44.48517814662394
-1.824594335375709 2.691885470224878 51.84607458698184
-2.19064864322066 -2.202675094260205 51.85791473768514
2.836048594327472 1.194993778200084 51.79042569732403
2.968626653052281 0.3755028100132791 59.16892418398916
-2.446534876774487 -1.78264828063641 59.14216945508945
-1.261170356104856 2.65547022732513 59.15369396921512
2.048131711624447 -3.08144613760486 50.57023384953457
1.16095878907211 4.087485542843811 49.02208076193875
-2.876446743250052 -0.6093436835452963 65.84136885143153
-3.046668427428052 -3.020187260095888 47.57034151129269
2.830197295843423 0.4451186058505168 65.79421495232647
1.510710131960218 -3.324365960288495 57.75482165335476
-2.892747399173808 2.971427966973612 47.47441603323471
-3.968429835214629 0.5053466543109862 54.65206418912722
-0.6683868204321608 2.931509630041173 65.58629575325453
0.4755734728673149 -2.794161235477088 65.52386102664512
1.504445697284285 3.647327197334465 56.43549228833879
3.068255399849583 -3.40784326459429 46.71882535367276
3.596124252870255 3.436530606627398 43.19809759715081
-3.568581784317423 3.456743483811191 43.15812981860516
-1.897048482109075 -3.427595933733054 55.5975919499348
-2.535628740185837 -0.1897249026557177 72.0991991753379
-4.454056146876883 0.1856035929384585 49.73784171173261

CELLS 3921 17847
1 0
1 1
1 2
1 3
1 4
1 5
1 6
1 7
1 8
1 9
1 10
1 11
2 0 12
2 12 13
2 13 14
2 14 15
2 15 16
2 16 17
2 17 18
2 18 1
2 0 19
2 19 20
2 20 21
2 21 22
2 22 1
2 2 23
2 23 24
2 24 25
2 25 26
2 26 27
2 27 28
2 28 29
2 29 30
2 30 31
2 31 32
2 32 0
2 2 33
2 33 34
2 34 35
2 35 36
2 36 3
2 1 37
2 37 38
2 38 39
2 39 40
2 40 41
2 41 42
2 42 43
2 43 44
2 44 45
2 45 46
2 46 3
2 2 47
2 47 48
2 48 49
2 49 3
2 4 50
2 50 51
2 51 52
2 52 53
2 53 54
2 54 55
2 55 56
2 56 57
2 57 58
2 58 59
2 59 60
2 60 61
2 61 62
2 62 63
2 63 64
2 64 65
2 65 66
2 66 67
2 67 4
2 5 68
2 68 69
2 69 70
2 70 6
2 5 71
2 71 72
2 72 73
2 73 74
2 74 7
2 6 75
2 75 76
2 76 77
2 77 7
2 8 78
2 78 79
2 79 80
2 80 81
2 81 82
2 82 83
2 83 84
2 84 85
2 85 8
2 4 86
2 86 87
2 87 88
2 88 89
2 89 90
2 90 91
2 91 92
2 92 93
2 93 94
2 94 95
2 95 96
2 96 97
2 97 98
2 98 99
2 99 100
2 100 101
2 101 102
2 102 103
2 103 104
2 104 105
2 105 8
2 9 106
2 106 107
2 107 108
2 108 109
2 109 110
2 110 111
2 111 112
2 112 113
2 113 114
2 114 115
2 115 5
2 9 116
2 116 117
2 117 10
2 6 118
2 118 119
2 119 120
2 120 121
2 121 122
2 122 123
2 123 124
2 124 125
2 125 126
2 126 127
2 127 10
2 7 128
2 128 129
2 129 130
2 130 131
2 131 132
2 132 133
2 133 134
2 134 135
2 135 136
2 136 137
2 137 11
2 9 138
2 138 139
2 139 140
2 140 11
2 10 141
2 141 142
2 142 11
3 12 211 0
3 0 211 32
3 1 210 18
3 37 210 1
3 23 208 2
3 2 208 33
3 36 207 3
3 3 207 46
3 13 154 12
3 154 211 12
3 14 209 13
3 13 209 154
3 15 149 14
3 149 209 14
3 16 195 15
3 15 195 149
3 17 150 16
3 150 195 16
3 18 198 17
3 17 198 150
3 18 210 198
3 24 188 23
3 188 208 23
3 25 144 24
3 144 188 24
3 26 187 25
3 25 187 144
3 27 147 26
3 147 187 26
3 28 186 27
3 27 186 147
3 29 148 28
3 148 186 28
3 30 199 29
3 29 199 148
3 31 151 30
3 151 199 30
3 32 200 31
3 31 200 151
3 32 211 200
3 33 189 34
3 33 208 189
3 34 152 35
3 34 189 152
3 35 182 36
3 152 182 35
3 182 207 36
3 38 155 37
3 155 210 37
3 39 156 38
3 38 156 155
3 40 143 39
3 143 156 39
3 41 181 40
3 40 181 143
3 42 145 41
3 145 181 41
3 43 185 42
3 42 185 145
3 44 146 43
3 146 185 43
3 45 205 44
3 44 205 146
3 46 153 45
3 153 205 45
3 46 207 153
3 143 157 156
3 143 158 157
3 143 181 158
3 187 203 144
3 144 212 188
3 203 212 144
3 145 194 181
3 185 192 145
3 192 194 145
3 184 201 146
3 146 205 184
3 146 193 185
3 146 201 193
3 186 191 147
3 147 197 187
3 191 197 147
3 148 199 178
3 178 206 148
3 148 206 186
3 149 174 173
3 173 176 149
3 149 195 174
3 176 209 149
3 150 198 180
3 180 202 150
3 150 202 195
3 177 178 151
3 151 196 177
3 178 199 151
3 151 200 196
3 152 183 182
3 152 204 183
3 189 204 152
3 182 183 153
3 153 207 182
3 183 184 153
3 184 205 153
3 176 196 154
3 154 209 176
3 196 200 154
3 200 211 154
3 156 180 155
3 180 198 155
3 198 210 155
3 157 180 156
3 158 159 157
3 159 179 157
3 179 180 157
3 158 160 159
3 158 194 160
3 181 194 158
3 160 161 159
3 161 163 159
3 163 179 159
3 160 162 161
3 160 165 162
3 160 194 165
3 162 190 161
3 161 164 163
3 161 190 164
3 165 166 162
3 166 172 162
3 172 190 162
3 164 173 163
3 173 174 163
3 174 179 163
3 164 177 173
3 164 178 177
3 164 190 178
3 165 167 166
3 165 192 167
3 165 194 192
3 167 168 166
3 168 191 166
3 166 191 172
3 167 169 168
3 167 193 169
3 192 193 167
3 169 170 168
3 170 197 168
3 168 197 191
3 169 171 170
3 169 201 171
3 193 201 169
3 171 175 170
3 175 203 170
3 170 203 197
3 171 183 175
3 171 184 183
3 171 201 184
3 172 191 186
3 186 206 172
3 172 206 190
3 173 177 176
3 174 202 179
3 195 202 174
3 183 204 175
3 175 212 203
3 204 212 175
3 177 196 176
3 190 206 178
3 179 202 180
3 185 193 192
3 197 203 187
3 189 208 188
3 188 212 189
3 189 212 204
3 0 32 19
3 22 260 1
3 1 260 37
3 2 254 23
3 47 254 2
3 46 255 3
3 3 255 49
3 19 256 20
3 32 223 19
3 223 256 19
3 20 220 21
3 20 256 220
3 21 247 22
3 220 247 21
3 247 260 22
3 23 230 24
3 23 254 230
3 24 218 25
3 24 230 218
3 25 234 26
3 218 234 25
3 26 236 27
3 234 236 26
3 27 214 28
3 27 236 214
3 28 245 29
3 214 245 28
3 29 243 30
3 29 245 243
3 30 215 31
3 30 243 215
3 31 223 32
3 215 223 31
3 37 222 38
3 37 260 222
3 38 239 39
3 222 239 38
3 39 213 40
3 39 239 213
3 40 240 41
3 213 240 40
3 41 217 42
3 41 240 217
3 42 242 43
3 217 242 42
3 43 216 44
3 43 242 216
3 44 252 45
3 216 252 44
3 45 219 46
3 45 252 219
3 219 255 46
3 48 221 47
3 221 254 47
3 49 241 48
3 48 241 221
3 49 255 241
3 239 250 213
3 213 251 240
3 250 251 213
3 236 237 214
3 237 249 214
3 214 249 245
3 215 224 223
3 215 225 224
3 215 243 225
3 216 248 233
3 233 252 216
3 242 248 216
3 238 242 217
3 217 244 238
3 240 258 217
3 217 258 244
3 230 231 218
3 231 232 218
3 232 234 218
3 219 253 241
3 241 255 219
3 252 257 219
3 219 257 253
3 220 256 224
3 224 259 220
3 220 259 247
3 221 253 230
3 230 254 221
3 241 253 221
3 222 246 239
3 222 247 246
3 222 260 247
3 224 256 223
3 225 226 224
3 226 259 224
3 225 227 226
3 225 228 227
3 225 243 228
3 227 250 226
3 226 250 246
3 246 259 226
3 228 229 227
3 229 251 227
3 227 251 250
3 228 249 229
3 243 245 228
3 245 249 228
3 229 249 244
3 244 258 229
3 229 258 251
3 230 253 231
3 231 233 232
3 231 257 233
3 253 257 231
3 233 248 232
3 232 235 234
3 232 248 235
3 233 257 252
3 235 236 234
3 235 237 236
3 235 238 237
3 235 248 238
3 238 244 237
3 244 249 237
3 238 248 242
3 246 250 239
3 251 258 240
3 247 259 246
3 47 2 33
3 36 3 49
3 34 262 33
3 33 262 47
3 35 261 34
3 261 262 34
3 36 261 35
3 49 261 36
3 47 262 48
3 48 261 49
3 48 262 261
3 59 7 0
3 7 263 0
3 12 264 0
3 0 263 19
3 0 264 59
3 1 5 4
3 4 67 1
3 1 268 5
3 1 67 18
3 22 268 1
3 4 5 50
3 50 5 68
3 5 268 71
3 53 6 54
3 70 6 53
3 54 6 75
3 58 7 59
3 58 265 7
3 74 263 7
3 7 265 77
3 13 267 12
3 60 264 12
3 12 267 60
3 13 14 62
3 61 13 62
3 61 267 13
3 14 15 63
3 62 14 63
3 64 15 16
3 63 15 64
3 17 65 16
3 16 65 64
3 18 66 17
3 17 66 65
3 18 67 66
3 19 271 20
3 19 263 74
3 74 271 19
3 20 269 21
3 73 269 20
3 20 271 73
3 21 270 22
3 21 269 72
3 72 270 21
3 71 268 22
3 22 270 71
3 51 50 68
3 52 51 69
3 69 51 68
3 53 52 70
3 70 52 69
3 55 54 75
3 76 56 55
3 76 55 75
3 56 266 57
3 76 266 56
3 57 265 58
3 77 265 57
3 57 266 77
3 59 264 60
3 60 267 61
3 71 270 72
3 72 269 73
3 73 271 74
3 77 266 76
3 50 585 4
3 4 584 67
3 86 584 4
3 4 585 86
3 8 580 78
3 85 581 8
3 105 580 8
3 8 581 105
3 51 299 50
3 299 585 50
3 52 538 51
3 51 538 299
3 53 291 52
3 291 538 52
3 54 540 53
3 53 540 291
3 55 279 54
3 279 540 54
3 56 543 55
3 55 543 279
3 57 293 56
3 293 543 56
3 58 542 57
3 57 542 293
3 59 278 58
3 278 542 58
3 60 567 59
3 59 567 278
3 61 294 60
3 294 567 60
3 62 554 61
3 61 554 294
3 63 280 62
3 280 554 62
3 64 575 63
3 63 575 280
3 65 292 64
3 292 575 64
3 66 553 65
3 65 553 292
3 67 298 66
3 298 553 66
3 67 584 298
3 78 523 79
3 78 580 523
3 79 569 80
3 523 569 79
3 80 283 81
3 80 569 283
3 81 525 82
3 283 525 81
3 82 295 83
3 82 525 295
3 83 562 84
3 295 562 83
3 84 297 85
3 84 562 297
3 297 581 85
3 87 556 86
3 86 557 87
3 556 584 86
3 86 585 557
3 88 289 87
3 87 290 88
3 289 556 87
3 87 557 290
3 88 472 89
3 89 573 88
3 88 573 289
3 290 472 88
3 89 281 90
3 90 282 89
3 89 472 281
3 282 573 89
3 90 508 91
3 91 563 90
3 281 508 90
3 90 563 282
3 91 462 92
3 92 592 91
3 438 563 91
3 91 592 438
3 91 508 462
3 93 273 92
3 92 274 93
3 273 592 92
3 92 462 274
3 93 302 94
3 94 460 93
3 93 460 273
3 274 302 93
3 95 285 94
3 94 301 95
3 285 460 94
3 94 302 301
3 95 276 96
3 96 300 95
3 95 301 276
3 95 300 285
3 97 272 96
3 96 459 97
3 272 300 96
3 276 459 96
3 97 287 98
3 98 539 97
3 97 539 272
3 97 459 287
3 99 461 98
3 98 550 99
3 287 550 98
3 461 539 98
3 100 288 99
3 99 552 100
3 288 461 99
3 550 552 99
3 100 275 101
3 101 463 100
3 100 552 275
3 100 463 288
3 102 277 101
3 101 468 102
3 275 468 101
3 277 463 101
3 102 284 103
3 103 475 102
3 102 475 277
3 102 468 284
3 104 286 103
3 103 484 104
3 284 484 103
3 286 475 103
3 104 296 105
3 105 480 104
3 104 480 286
3 104 484 296
3 296 580 105
3 105 581 480
3 272 304 300
3 272 359 304
3 272 539 359
3 460 578 273
3 273 578 473
3 473 592 273
3 274 303 302
3 274 306 303
3 274 462 306
3 275 555 468
3 552 558 275
3 275 558 555
3 301 305 276
3 305 375 276
3 375 459 276
3 277 590 463
3 475 535 277
3 535 590 277
3 492 542 278
3 278 587 492
3 567 587 278
3 279 543 518
3 518 568 279
3 279 568 540
3 280 531 529
3 529 532 280
3 280 575 531
3 532 554 280
3 439 444 281
3 281 472 439
3 444 508 281
3 282 432 430
3 430 435 282
3 282 563 432
3 435 573 282
3 283 591 525
3 283 582 546
3 546 591 283
3 569 582 283
3 468 560 284
3 284 561 484
3 560 561 284
3 300 571 285
3 285 502 460
3 285 571 502
3 286 476 475
3 286 477 476
3 286 480 477
3 459 549 287
3 287 549 534
3 534 550 287
3 448 461 288
3 288 559 448
3 463 559 288
3 289 435 433
3 433 566 289
3 289 573 435
3 289 566 556
3 290 470 469
3 469 472 290
3 290 557 470
3 291 586 538
3 540 593 291
3 551 586 291
3 291 593 551
3 292 553 434
3 434 565 292
3 292 565 531
3 531 575 292
3 542 547 293
3 293 577 543
3 547 577 293
3 294 541 522
3 522 567 294
3 294 554 541
3 525 526 295
3 526 570 295
3 295 570 562
3 484 564 296
3 296 564 523
3 523 580 296
3 297 479 477
3 477 480 297
3 297 562 479
3 480 581 297
3 434 553 298
3 298 566 434
3 556 566 298
3 298 584 556
3 299 538 470
3 470 557 299
3 557 585 299
3 304 571 300
3 302 524 301
3 301 524 305
3 303 524 302
3 306 307 303
3 307 386 303
3 386 524 303
3 359 371 304
3 371 588 304
3 304 588 571
3 305 417 375
3 305 536 417
3 524 536 305
3 306 308 307
3 306 446 308
3 306 462 446
3 308 309 307
3 309 515 307
3 307 515 386
3 308 310 309
3 308 387 310
3 308 446 387
3 310 311 309
3 311 312 309
3 312 515 309
3 310 496 311
3 387 405 310
3 405 496 310
3 311 313 312
3 311 315 313
3 311 496 315
3 313 314 312
3 314 367 312
3 367 515 312
3 313 474 314
3 315 316 313
3 316 474 313
3 314 441 367
3 314 520 441
3 474 520 314
3 315 317 316
3 315 331 317
3 315 496 331
3 317 318 316
3 318 319 316
3 319 474 316
3 317 352 318
3 331 519 317
3 317 519 352
3 318 320 319
3 318 485 320
3 352 485 318
3 320 321 319
3 321 404 319
3 404 474 319
3 320 322 321
3 320 330 322
3 320 485 330
3 322 323 321
3 323 533 321
3 321 533 404
3 322 324 323
3 322 494 324
3 330 494 322
3 324 325 323
3 325 457 323
3 457 533 323
3 324 326 325
3 324 329 326
3 324 494 329
3 326 327 325
3 327 328 325
3 328 457 325
3 326 527 327
3 329 332 326
3 332 527 326
3 327 334 328
3 327 506 334
3 327 527 506
3 334 335 328
3 335 336 328
3 336 457 328
3 329 333 332
3 329 511 333
3 494 511 329
3 485 486 330
3 486 487 330
3 487 494 330
3 496 503 331
3 503 516 331
3 516 519 331
3 333 355 332
3 355 356 332
3 356 527 332
3 333 360 355
3 333 361 360
3 333 511 361
3 334 368 335
3 334 369 368
3 334 506 369
3 335 337 336
3 335 500 337
3 368 500 335
3 337 338 336
3 338 509 336
3 336 509 457
3 337 339 338
3 337 358 339
3 337 500 358
3 339 340 338
3 340 370 338
3 370 509 338
3 339 341 340
3 339 497 341
3 358 497 339
3 341 342 340
3 342 471 340
3 340 471 370
3 341 343 342
3 341 344 343
3 341 497 344
3 343 354 342
3 354 357 342
3 357 471 342
3 344 345 343
3 345 450 343
3 343 450 354
3 344 346 345
3 344 499 346
3 497 499 344
3 346 347 345
3 347 351 345
3 351 450 345
3 346 348 347
3 346 350 348
3 346 499 350
3 348 349 347
3 349 483 347
3 347 483 351
3 348 512 349
3 350 353 348
3 353 512 348
3 349 507 483
3 349 513 507
3 512 513 349
3 350 363 353
3 350 378 363
3 350 499 378
3 351 481 450
3 351 482 481
3 351 483 482
3 352 495 485
3 352 537 495
3 519 537 352
3 363 364 353
3 364 365 353
3 365 512 353
3 354 366 357
3 354 381 366
3 354 450 381
3 355 443 356
3 360 362 355
3 362 443 355
3 443 456 356
3 356 456 449
3 449 527 356
3 366 376 357
3 376 377 357
3 377 471 357
3 358 498 497
3 358 501 498
3 500 501 358
3 359 418 371
3 359 419 418
3 359 539 419
3 361 528 360
3 360 372 362
3 360 528 372
3 504 505 361
3 361 511 504
3 505 528 361
3 372 373 362
3 373 374 362
3 374 443 362
3 363 385 364
3 378 436 363
3 363 436 385
3 364 379 365
3 364 447 379
3 385 447 364
3 379 380 365
3 380 391 365
3 391 512 365
3 366 451 376
3 381 388 366
3 388 451 366
3 367 441 440
3 440 458 367
3 458 515 367
3 369 382 368
3 382 403 368
3 403 500 368
3 369 383 382
3 369 384 383
3 369 506 384
3 471 521 370
3 370 510 509
3 370 521 510
3 418 423 371
3 423 574 371
3 371 574 442
3 442 588 371
3 372 530 373
3 528 529 372
3 529 530 372
3 373 390 374
3 373 416 390
3 373 530 416
3 390 430 374
3 430 431 374
3 431 443 374
3 417 452 375
3 452 549 375
3 375 549 459
3 376 440 377
3 376 544 440
3 451 544 376
3 440 441 377
3 441 521 377
3 377 521 471
3 378 576 436
3 378 499 498
3 498 576 378
3 379 422 380
3 379 429 422
3 379 447 429
3 380 392 391
3 380 514 392
3 422 514 380
3 381 389 388
3 381 481 389
3 450 481 381
3 383 426 382
3 382 442 403
3 426 442 382
3 384 427 383
3 383 502 426
3 427 502 383
3 384 428 427
3 384 449 428
3 384 506 449
3 436 572 385
3 385 448 447
3 385 572 448
3 386 515 458
3 458 536 386
3 386 536 524
3 387 406 405
3 387 444 406
3 387 446 444
3 389 424 388
3 424 452 388
3 388 452 451
3 389 425 424
3 389 445 425
3 389 481 445
3 416 433 390
3 390 435 430
3 433 435 390
3 392 393 391
3 393 513 391
3 391 513 512
3 392 394 393
3 392 396 394
3 392 514 396
3 394 395 393
3 395 397 393
3 397 513 393
3 394 412 395
3 396 583 394
3 394 583 412
3 395 398 397
3 395 545 398
3 412 545 395
3 396 514 478
3 478 589 396
3 396 589 583
3 398 399 397
3 399 507 397
3 507 513 397
3 398 400 399
3 398 401 400
3 398 545 401
3 400 402 399
3 402 414 399
3 414 507 399
3 401 464 400
3 400 413 402
3 400 464 413
3 401 465 464
3 401 466 465
3 401 545 466
3 413 453 402
3 402 415 414
3 402 453 415
3 442 574 403
3 403 501 500
3 403 574 501
3 404 520 474
3 510 520 404
3 404 533 510
3 406 407 405
3 407 503 405
3 405 503 496
3 406 408 407
3 406 439 408
3 406 444 439
3 408 409 407
3 409 410 407
3 410 503 407
3 408 411 409
3 408 469 411
3 439 469 408
3 409 420 410
3 411 551 409
3 409 551 420
3 420 421 410
3 421 516 410
3 410 516 503
3 469 470 411
3 470 586 411
3 411 586 551
3 412 583 526
3 526 591 412
3 412 546 545
3 412 591 546
3 413 555 453
3 464 560 413
3 413 560 555
3 415 482 414
3 482 483 414
3 483 507 414
3 415 454 445
3 445 482 415
3 453 454 415
3 416 434 433
3 416 565 434
3 530 565 416
3 451 452 417
3 417 544 451
3 536 544 417
3 419 572 418
3 418 436 423
3 418 572 436
3 419 461 448
3 448 572 419
3 419 539 461
3 420 568 421
3 551 593 420
3 420 593 568
3 421 517 516
3 421 518 517
3 421 568 518
3 429 535 422
3 422 579 514
3 535 579 422
3 436 576 423
3 501 574 423
3 423 576 501
3 425 534 424
3 424 549 452
3 534 549 424
3 445 454 425
3 454 455 425
3 455 534 425
3 426 588 442
3 502 571 426
3 571 588 426
3 428 473 427
3 473 578 427
3 427 578 502
3 428 456 437
3 437 473 428
3 449 456 428
3 447 559 429
3 429 590 535
3 559 590 429
3 430 432 431
3 432 437 431
3 437 456 431
3 431 456 443
3 432 438 437
3 432 563 438
3 434 566 433
3 438 473 437
3 438 592 473
3 439 472 469
3 440 544 458
3 520 521 441
3 446 508 444
3 481 482 445
3 462 508 446
3 448 559 447
3 506 527 449
3 453 558 454
3 555 558 453
3 454 558 455
3 455 550 534
3 455 552 550
3 455 558 552
3 509 533 457
3 458 544 536
3 502 578 460
3 463 590 559
3 465 561 464
3 464 561 560
3 466 467 465
3 467 564 465
3 465 564 561
3 466 582 467
3 545 546 466
3 546 582 466
3 523 564 467
3 467 569 523
3 467 582 569
3 555 560 468
3 538 586 470
3 476 535 475
3 477 478 476
3 478 579 476
3 476 579 535
3 477 479 478
3 479 589 478
3 514 579 478
3 562 570 479
3 570 589 479
3 561 564 484
3 485 495 486
3 486 488 487
3 486 489 488
3 486 495 489
3 488 504 487
3 487 511 494
3 504 511 487
3 489 490 488
3 490 491 488
3 491 504 488
3 489 492 490
3 489 493 492
3 489 495 493
3 490 522 491
3 492 587 490
3 490 587 522
3 491 505 504
3 491 541 505
3 522 541 491
3 493 547 492
3 492 547 542
3 495 537 493
3 537 548 493
3 493 548 547
3 498 499 497
3 501 576 498
3 505 532 528
3 505 541 532
3 510 533 509
3 510 521 520
3 517 519 516
3 518 548 517
3 517 537 519
3 517 548 537
3 543 577 518
3 518 577 548
3 522 587 567
3 525 591 526
3 526 583 570
3 528 532 529
3 529 531 530
3 531 565 530
3 541 554 532
3 568 593 540
3 548 577 547
3 583 589 570
3 68 5 625
3 5 115 625
3 6 70 624
3 118 6 624
3 106 9 621
3 9 116 621
3 117 10 622
3 10 127 622
3 69 68 602
3 602 68 625
3 70 69 615
3 69 602 615
3 70 615 624
3 107 106 604
3 604 106 621
3 108 107 599
3 599 107 604
3 109 108 608
3 108 599 608
3 110 109 597
3 597 109 608
3 111 110 609
3 110 597 609
3 112 111 595
3 595 111 609
3 113 112 610
3 112 595 610
3 114 113 594
3 594 113 610
3 115 114 616
3 114 594 616
3 115 616 625
3 116 117 600
3 116 600 621
3 600 117 622
3 119 118 596
3 596 118 624
3 120 119 606
3 119 596 606
3 121 120 598
3 598 120 606
3 122 121 612
3 121 598 612
3 123 122 601
3 601 122 612
3 124 123 611
3 123 601 611
3 125 124 603
3 603 124 611
3 126 125 626
3 125 603 626
3 127 126 623
3 126 605 623
3 605 126 626
3 622 127 623
3 607 594 613
3 594 607 616
3 594 610 613
3 595 609 617
3 610 595 614
3 614 595 617
3 606 596 607
3 607 596 615
3 615 596 624
3 597 608 619
3 609 597 618
3 618 597 619
3 598 606 613
3 612 598 614
3 598 613 614
3 599 604 605
3 599 605 620
3 608 599 620
3 600 604 621
3 604 600 623
3 600 622 623
3 611 601 618
3 601 612 617
3 601 617 618
3 602 607 615
3 607 602 616
3 616 602 625
3 608 603 619
3 603 608 620
3 603 611 619
3 603 620 626
3 605 604 623
3 620 605 626
3 606 607 613
3 617 609 618
3 613 610 614
3 611 618 619
3 612 614 617
3 5 71 115
3 74 7 674
3 7 128 674
3 9 106 668
3 138 9 668
3 137 11 669
3 11 140 669
3 71 72 670
3 115 71 637
3 637 71 670
3 72 73 634
3 72 634 670
3 73 74 661
3 634 73 661
3 661 74 674
3 106 107 644
3 106 644 668
3 107 108 632
3 107 632 644
3 108 109 648
3 632 108 648
3 109 110 650
3 648 109 650
3 110 111 628
3 110 628 650
3 111 112 659
3 628 111 659
3 112 113 657
3 112 657 659
3 113 114 629
3 113 629 657
3 114 115 637
3 629 114 637
3 128 129 636
3 128 636 674
3 129 130 653
3 636 129 653
3 130 131 627
3 130 627 653
3 131 132 654
3 627 131 654
3 132 133 631
3 132 631 654
3 133 134 656
3 631 133 656
3 134 135 630
3 134 630 656
3 135 136 666
3 630 135 666
3 136 137 633
3 136 633 666
3 633 137 669
3 139 138 635
3 635 138 668
3 140 139 655
3 139 635 655
3 140 655 669
3 653 627 664
3 627 654 665
3 664 627 665
3 650 628 651
3 651 628 663
3 628 659 663
3 629 637 638
3 629 638 639
3 629 639 657
3 630 647 662
3 647 630 666
3 656 630 662
3 652 631 656
3 631 652 658
3 654 631 672
3 631 658 672
3 644 632 645
3 645 632 646
3 646 632 648
3 633 655 667
3 655 633 669
3 666 633 671
3 633 667 671
3 634 638 670
3 638 634 673
3 634 661 673
3 635 644 667
3 644 635 668
3 655 635 667
3 636 653 660
3 636 660 661
3 636 661 674
3 638 637 670
3 639 638 640
3 640 638 673
3 639 640 641
3 639 641 642
3 639 642 657
3 641 640 664
3 640 660 664
3 660 640 673
3 642 641 643
3 643 641 665
3 641 664 665
3 642 643 663
3 657 642 659
3 659 642 663
3 643 658 663
3 658 643 672
3 643 665 672
3 644 645 667
3 645 646 647
3 645 647 671
3 667 645 671
3 647 646 662
3 646 648 649
3 646 649 662
3 647 666 671
3 649 648 650
3 649 650 651
3 649 651 652
3 649 652 662
3 652 651 658
3 658 651 663
3 652 656 662
3 660 653 664
3 665 654 672
3 661 660 673
3 75 6 705
3 6 118 705
3 7 77 706
3 128 7 706
3 127 10 703
3 10 141 703
3 11 137 702
3 142 11 702
3 76 75 696
3 696 75 705
3 77 76 683
3 683 76 696
3 77 683 706
3 118 119 677
3 118 677 705
3 119 120 687
3 677 119 687
3 120 121 679
3 120 679 687
3 121 122 693
3 679 121 693
3 122 123 682
3 122 682 693
3 123 124 692
3 682 123 692
3 124 125 684
3 124 684 692
3 125 126 707
3 684 125 707
3 126 127 704
3 686 126 704
3 126 686 707
3 127 703 704
3 129 128 697
3 697 128 706
3 130 129 675
3 675 129 697
3 131 130 691
3 130 675 691
3 132 131 676
3 676 131 691
3 133 132 690
3 132 676 690
3 134 133 678
3 678 133 690
3 135 134 689
3 134 678 689
3 136 135 680
3 680 135 689
3 137 136 685
3 136 680 685
3 137 685 702
3 141 142 681
3 141 681 703
3 681 142 702
3 675 688 694
3 688 675 697
3 691 675 694
3 690 676 698
3 676 691 695
3 676 695 698
3 677 687 688
3 677 688 696
3 677 696 705
3 689 678 700
3 678 690 699
3 678 699 700
3 687 679 694
3 679 693 695
3 694 679 695
3 685 680 686
3 686 680 701
3 680 689 701
3 685 681 702
3 681 685 704
3 703 681 704
3 682 692 699
3 693 682 698
3 698 682 699
3 688 683 696
3 683 688 697
3 683 697 706
3 684 689 700
3 689 684 701
3 692 684 700
3 701 684 707
3 685 686 704
3 686 701 707
3 688 687 694
3 690 698 699
3 691 694 695
3 699 692 700
3 695 693 698
3 78 710 8
3 8 708 85
3 8 710 708
3 79 710 78
3 80 710 79
3 81 709 80
3 709 710 80
3 82 709 81
3 83 711 82
3 82 711 709
3 84 711 83
3 85 711 84
3 708 711 85
3 708 710 709
3 709 711 708
3 138 116 9
3 10 117 713
3 141 10 712
3 712 10 713
3 11 142 140
3 117 116 713
3 116 138 713
3 138 139 713
3 139 140 712
3 139 712 713
3 140 142 712
3 142 141 712
4 717 718 465 744
4 287 720 725 730
4 47 33 262 721
4 465 718 467 744
4 715 725 288 729
4 47 719 33 721
4 715 729 288 734
4 466 465 467 744
4 725 726 552 739
4 413 555 716 728
4 422 727 716 734
4 715 726 725 739
4 555 726 716 728
4 277 590 716 726
4 422 380 716 727
4 288 726 715 734
4 555 468 716 726
4 422 535 716 738
4 100 552 725 726
4 590 429 716 734
4 560 555 468 716
4 139 719 48 721
4 98 725 720 740
4 139 48 720 721
4 560 413 555 716
4 98 287 720 725
4 590 716 726 734
4 482 728 736 739
4 716 727 397 728
4 397 727 716 731
4 397 393 727 731
4 397 393 513 727
4 380 716 727 731
4 380 727 391 731
4 104 484 717 718
4 466 717 465 744
4 422 716 380 738
4 564 465 717 718
4 720 730 287 741
4 482 736 723 739
4 36 720 49 740
4 422 716 429 734
4 564 467 465 718
4 104 717 286 718
4 720 725 714 740
4 399 716 397 728
4 535 277 590 716
4 454 723 425 739
4 468 560 716 733
4 422 379 727 734
4 397 716 399 737
4 716 731 380 738
4 139 719 721 722
4 422 379 380 727
4 720 721 49 740
4 714 725 720 730
4 139 721 720 722
4 380 391 392 731
4 482 728 414 736
4 549 287 730 741
4 33 719 498 721
4 477 718 717 744
4 413 716 560 737
4 482 415 728 739
4 454 445 425 723
4 100 99 288 725
4 397 727 513 728
4 98 729 725 740
4 304 720 36 740
4 104 296 484 718
4 261 721 371 740
4 261 371 36 740
4 33 47 497 719
4 304 272 720 740
4 277 716 535 738
4 277 726 716 733
4 480 104 286 718
4 101 726 277 733
4 36 272 49 720
4 507 397 513 728
4 304 272 36 720
4 564 717 484 718
4 467 718 582 744
4 466 467 582 744
4 286 717 477 718
4 482 415 414 728
4 397 731 716 737
4 716 728 399 737
4 445 723 454 739
4 729 734 715 743
4 479 717 589 744
4 33 497 498 719
4 393 391 727 731
4 139 47 48 719
4 102 101 277 733
4 277 733 716 738
4 413 728 716 737
4 716 726 468 733
4 468 726 101 733
4 380 731 392 738
4 401 466 545 717
4 140 47 139 719
4 725 729 714 740
4 448 734 729 743
4 716 733 560 737
4 448 288 729 734
4 104 484 103 717
4 104 103 286 717
4 401 465 466 717
4 100 552 99 725
4 371 304 36 740
4 564 484 296 718
4 287 725 534 730
4 480 286 477 718
4 479 477 717 744
4 102 468 101 733
4 436 732 729 740
4 413 400 728 737
4 721 732 436 740
4 713 117 10 741
4 479 718 477 744
4 545 401 717 737
4 545 717 466 744
4 48 49 139 720
4 448 729 385 743
4 447 734 448 743
4 402 413 400 728
4 49 138 139 720
4 482 414 483 736
4 425 723 445 730
4 295 525 709 718
4 400 399 728 737
4 140 719 139 742
4 715 736 728 739
4 715 723 736 739
4 98 539 729 740
4 545 717 731 737
4 545 731 717 744
4 465 561 717 737
4 286 476 717 733
4 447 448 385 743
4 10 117 452 741
4 726 728 555 739
4 2 497 47 719
4 465 717 401 737
4 98 720 539 740
4 359 304 371 740
4 413 453 555 728
4 393 391 513 727
4 398 397 399 737
4 295 525 718 744
4 724 729 436 732
4 498 721 719 732
4 304 359 272 740
4 286 717 103 733
4 549 287 534 730
4 478 396 717 738
4 283 582 718 744
4 272 3 49 720
4 484 717 561 733
4 545 412 731 744
4 396 589 717 744
4 33 47 2 497
4 722 730 720 741
4 286 475 476 733
4 719 722 139 742
4 283 718 525 744
4 453 555 728 739
4 396 589 478 717
4 287 550 534 725
4 484 564 561 717
4 507 399 397 728
4 283 582 569 718
4 461 288 725 729
4 396 731 717 738
4 48 719 47 721
4 436 423 721 740
4 717 733 476 738
4 709 525 283 718
4 103 717 484 733
4 564 465 561 717
4 574 371 35 721
4 422 429 379 734
4 436 724 363 729
4 724 729 715 743
4 49 720 48 721
4 3 49 36 272
4 138 139 720 741
4 385 729 724 743
4 424 730 722 741
4 463 726 288 734
4 436 721 576 732
4 561 733 717 737
4 286 476 477 717
4 402 400 399 728
4 397 398 731 737
4 363 724 385 729
4 713 10 722 741
4 583 731 394 744
4 424 549 730 741
4 478 477 476 717
4 580 105 708 718
4 582 467 569 718
4 98 287 97 720
4 98 97 539 720
4 476 478 717 738
4 287 98 550 725
4 283 569 709 718
4 436 418 423 740
4 463 100 288 726
4 363 724 436 732
4 436 363 385 729
4 545 412 395 731
4 139 722 720 741
4 719 714 721 722
4 712 10 141 366
4 396 394 583 731
4 286 103 475 733
4 720 721 714 722
4 576 436 423 721
4 712 10 366 722
4 9 138 49 720
4 461 288 99 725
4 10 452 722 741
4 98 539 461 729
4 570 295 718 744
4 455 725 552 739
4 720 722 714 730
4 393 392 391 731
4 105 581 708 718
4 283 546 582 744
4 295 709 711 718
4 545 731 398 737
4 98 461 725 729
4 475 476 733 738
4 344 719 343 745
4 562 570 295 718
4 366 141 712 742
4 423 371 574 721
4 371 261 35 721
4 545 395 398 731
4 378 363 436 732
4 140 2 47 719
4 396 583 589 744
4 366 712 722 742
4 275 552 726 739
4 719 735 343 745
4 277 475 733 738
4 11 2 140 719
4 412 394 731 744
4 451 10 452 722
4 559 288 448 734
4 381 366 722 742
4 371 721 423 740
4 724 725 715 729
4 459 9 96 720
4 497 498 719 732
4 49 3 9 720
4 714 729 732 740
4 341 719 11 742
4 284 484 561 733
4 424 722 452 741
4 277 463 590 726
4 9 3 96 720
4 3 272 96 720
4 465 464 561 737
4 345 344 343 745
4 562 295 711 718
4 459 720 287 741
4 381 366 388 722
4 715 724 723 725
4 34 501 574 721
4 459 9 720 741
4 499 497 344 719
4 555 275 726 739
4 497 719 499 732
4 295 526 525 744
4 451 452 388 722
4 445 723 481 730
4 389 445 481 730
4 723 724 714 725
4 49 48 261 721
4 591 283 525 744
4 388 722 424 730
4 34 261 262 721
4 546 466 582 744
4 341 497 2 719
4 262 48 47 721
4 343 719 341 742
4 710 709 569 718
4 561 560 733 737
4 413 402 453 728
4 452 424 388 722
4 534 725 455 730
4 581 297 708 718
4 11 341 2 719
4 555 558 275 739
4 342 341 11 742
4 104 480 105 718
4 499 719 344 732
4 715 725 723 739
4 351 482 483 723
4 714 732 721 740
4 277 535 475 738
4 514 380 392 738
4 11 719 140 742
4 351 723 483 736
4 523 569 467 718
4 482 483 723 736
4 498 576 501 721
4 481 730 723 735
4 418 371 423 740
4 389 730 481 735
4 138 720 9 741
4 423 574 501 721
4 104 105 296 718
4 371 36 35 261
4 539 720 272 740
4 425 534 455 730
4 523 467 564 718
4 381 722 735 742
4 275 558 552 739
4 343 341 342 742
4 349 727 512 736
4 385 724 363 743
4 714 725 724 729
4 348 736 724 745
4 570 562 479 718
4 710 580 708 718
4 512 736 727 743
4 523 564 296 718
4 716 727 726 734
4 348 724 346 745
4 481 723 351 735
4 351 723 736 745
4 380 379 365 727
4 344 732 719 745
4 539 97 272 720
4 424 549 534 730
4 351 736 347 745
4 284 103 484 733
4 348 736 512 743
4 419 729 539 740
4 498 576 721 732
4 350 346 348 724
4 277 101 463 726
4 379 365 727 743
4 445 454 415 739
4 590 726 463 734
4 351 735 723 745
4 272 97 96 720
4 287 459 97 720
4 275 552 100 726
4 479 570 718 744
4 715 727 726 728
4 726 727 716 728
4 96 97 459 720
4 555 275 468 726
4 400 398 399 737
4 436 385 572 729
4 461 99 98 725
4 727 728 715 736
4 379 727 734 743
4 381 389 481 735
4 483 507 349 736
4 347 736 348 745
4 450 735 351 745
4 348 724 736 743
4 348 353 724 743
4 477 297 480 718
4 450 481 351 735
4 545 398 401 737
4 345 450 351 745
4 561 464 560 737
4 105 480 581 718
4 478 514 396 738
4 523 710 569 718
4 712 713 10 722
4 347 348 346 745
4 580 296 105 718
4 708 297 711 718
4 501 576 423 721
4 513 512 349 727
4 412 394 395 731
4 561 560 284 733
4 570 526 295 744
4 499 732 344 745
4 724 732 350 745
4 267 60 61 294
4 343 735 719 742
4 549 459 287 741
4 293 57 56 266
4 346 724 350 745
4 580 523 296 718
4 395 397 398 731
4 447 385 364 743
4 463 288 559 734
4 350 348 353 724
4 461 448 288 729
4 412 583 394 744
4 348 512 353 743
4 424 452 549 741
4 714 729 724 732
4 343 354 735 742
4 389 388 424 730
4 534 550 455 725
4 550 552 455 725
4 419 461 539 729
4 726 727 715 734
4 514 422 380 738
4 545 466 546 744
4 465 401 464 737
4 479 589 570 744
4 477 479 297 718
4 580 710 523 718
4 358 33 497 498
4 455 552 558 739
4 711 297 562 718
4 283 591 546 744
4 562 297 479 718
4 480 297 581 718
4 344 497 341 719
4 453 728 415 739
4 415 453 402 728
4 559 448 447 734
4 381 735 354 742
4 343 354 450 735
4 277 475 102 733
4 716 733 731 738
4 497 499 498 732
4 138 713 139 741
4 468 275 101 726
4 525 526 591 744
4 731 733 717 738
4 716 731 733 737
4 713 722 139 741
4 380 365 391 727
4 717 733 731 737
4 139 722 712 742
4 550 99 552 725
4 343 344 341 719
4 711 709 708 718
4 346 499 344 745
4 10 451 452 117
4 140 139 712 742
4 542 58 57 265
4 714 722 719 735
4 719 732 714 745
4 481 445 482 723
4 379 734 364 743
4 378 436 576 732
4 468 284 560 733
4 719 714 735 745
4 389 425 445 730
4 348 349 512 736
4 364 385 363 743
4 723 724 715 736
4 714 724 723 745
4 413 560 464 737
4 414 399 507 728
4 379 364 365 743
4 350 353 363 724
4 710 708 709 718
4 476 579 478 738
4 723 725 714 730
4 714 721 720 740
4 359 539 272 740
4 363 724 353 743
4 381 354 366 742
4 379 447 364 734
4 719 721 714 732
4 99 550 98 725
4 555 453 558 739
4 481 482 351 723
4 396 392 394 731
4 414 415 402 728
4 351 483 347 736
4 59 60 264 567
4 381 450 354 735
4 447 364 734 743
4 365 512 727 743
4 418 359 371 740
4 727 736 715 743
4 478 579 514 738
4 419 572 729 740
4 357 141 366 742
4 670 270 260 247
4 674 256 271 661
4 139 713 712 722
4 105 708 8 580
4 583 570 589 744
4 395 393 397 731
4 345 351 347 745
4 715 728 726 739
4 402 399 414 728
4 525 709 82 295
4 714 730 722 735
4 714 723 730 735
4 102 284 468 733
4 714 723 735 745
4 450 381 481 735
4 39 40 112 213
4 262 261 48 721
4 419 418 572 740
4 513 391 512 727
4 459 116 9 741
4 365 353 512 743
4 475 535 476 738
4 650 110 42 628
4 499 350 378 732
4 628 110 42 111
4 724 736 723 745
4 100 463 101 726
4 714 732 724 745
4 668 106 9 255
4 545 546 412 744
4 581 708 8 105
4 448 572 385 729
4 719 735 722 742
4 112 113 39 213
4 454 455 558 739
4 39 113 239 213
4 254 23 2 669
4 628 42 41 111
4 413 464 400 737
4 635 138 139 241
4 251 642 657 250
4 343 342 354 742
4 131 29 30 627
4 512 391 365 727
4 81 283 709 525
4 659 112 111 240
4 239 113 657 213
4 100 101 275 726
4 559 590 463 734
4 42 110 650 242
4 49 139 241 48
4 655 47 48 139
4 569 80 283 709
4 269 220 21 670
4 269 73 256 634
4 657 239 213 250
4 243 653 627 664
4 41 112 240 111
4 131 132 29 654
4 112 41 240 40
4 724 715 736 743
4 627 131 29 654
4 40 112 213 240
4 30 243 653 627
4 139 49 241 138
4 139 655 47 140
4 25 24 666 136
4 357 366 354 742
4 136 666 25 135
4 221 47 48 655
4 112 657 113 213
4 106 668 644 255
4 254 230 23 669
4 137 633 24 136
4 29 243 627 654
4 213 112 657 240
4 535 579 476 738
4 452 117 375 741
4 138 9 49 668
4 154 12 13 267
4 23 11 669 137
4 256 220 269 634
4 220 269 634 670
4 139 48 655 241
4 131 30 130 627
4 653 130 30 627
4 141 357 142 742
4 140 142 11 742
4 142 342 11 742
4 243 30 29 627
4 243 29 245 654
4 659 657 112 240
4 110 109 650 242
4 364 363 353 743
4 33 358 501 498
4 114 38 39 239
4 633 24 23 137
4 234 26 25 630
4 655 48 221 241
4 635 139 655 241
4 270 71 670 260
4 256 271 19 674
4 11 23 669 2
4 254 2 47 140
4 475 103 102 733
4 222 38 114 239
4 641 643 228 227
4 213 251 657 250
4 664 627 243 665
4 225 664 665 641
4 251 657 659 240
4 654 245 243 665
4 9 116 138 741
4 654 243 627 665
4 657 251 213 240
4 229 228 643 227
4 657 659 642 251
4 228 243 245 665
4 295 709 82 711
4 345 346 344 745
4 129 30 653 130
4 715 734 727 743
4 103 284 102 733
4 266 77 76 683
4 265 7 77 706
4 264 12 0 211
4 657 629 239 250
4 653 243 215 664
4 394 392 393 731
4 3 9 46 255
4 448 461 419 729
4 400 401 398 737
4 45 46 106 219
4 25 24 218 666
4 114 39 113 239
4 106 46 9 255
4 228 225 665 641
4 630 26 25 135
4 106 107 45 219
4 669 633 23 137
4 128 129 31 636
4 628 42 650 217
4 214 236 631 133
4 636 129 31 653
4 425 424 534 730
4 581 85 708 297
4 218 230 671 666
4 644 632 252 257
4 72 73 269 634
4 220 21 20 269
4 256 20 73 269
4 21 72 269 670
4 422 514 579 738
4 234 218 232 630
4 646 648 632 216
4 498 378 576 732
4 642 639 657 250
4 236 234 235 656
4 650 648 649 242
4 647 232 218 630
4 632 646 216 233
4 230 218 24 666
4 644 632 107 252
4 110 42 43 242
4 236 26 234 656
4 227 641 639 226
4 32 19 263 674
4 268 115 71 260
4 657 629 113 239
4 454 453 415 739
4 655 254 140 669
4 251 229 642 227
4 643 228 665 641
4 641 640 639 226
4 666 24 230 633
4 107 644 252 219
4 221 230 655 667
4 253 644 635 241
4 44 45 107 252
4 219 644 252 257
4 666 230 671 633
4 635 668 138 241
4 583 526 570 744
4 236 214 27 133
4 572 448 419 729
4 345 347 346 745
4 662 235 234 656
4 242 648 649 248
4 422 579 535 738
4 633 666 24 136
4 375 116 459 741
4 394 393 395 731
4 425 389 424 730
4 24 137 136 370
4 30 243 215 653
4 222 114 629 239
4 31 215 636 653
4 230 24 23 633
4 107 106 644 219
4 245 29 28 654
4 628 41 217 240
4 25 24 136 533
4 25 136 135 533
4 349 348 347 736
4 109 108 648 216
4 672 228 245 665
4 258 642 659 251
4 648 650 109 242
4 645 231 647 233
4 142 354 342 742
4 365 364 353 743
4 30 129 653 31
4 107 108 44 252
4 132 28 29 654
4 633 23 230 669
4 219 106 644 255
4 357 354 142 742
4 219 46 106 255
4 108 107 632 252
4 498 499 378 732
4 255 49 668 241
4 276 9 459 116
4 132 27 214 133
4 109 110 43 242
4 635 221 253 241
4 667 655 221 635
4 24 23 137 370
4 630 26 135 134
4 230 231 218 671
4 632 644 645 257
4 656 631 236 133
4 242 650 42 217
4 47 221 254 655
4 655 254 47 140
4 49 138 668 241
4 20 256 220 269
4 634 269 72 670
4 628 41 42 217
4 631 132 214 133
4 667 253 644 635
4 230 221 253 667
4 116 375 117 741
4 349 347 483 736
4 631 236 237 656
4 651 650 242 217
4 251 659 258 240
4 245 654 672 665
4 253 667 644 257
4 671 230 253 667
4 73 74 271 661
4 21 22 270 247
4 236 27 656 133
4 647 231 232 233
4 647 646 645 233
4 25 218 234 630
4 252 45 107 219
4 245 214 249 672
4 659 628 663 258
4 639 642 641 227
4 228 225 641 227
4 108 109 44 216
4 236 237 214 631
4 650 651 628 217
4 671 230 667 633
4 219 253 644 257
4 136 509 24 370
4 236 27 26 656
4 559 429 590 734
4 137 23 11 340
4 37 38 115 222
4 136 24 509 533
4 19 0 32 263
4 71 5 115 268
4 41 112 111 89
4 132 29 486 131
4 2 341 339 497
4 41 40 112 89
4 111 110 42 90
4 630 662 234 656
4 242 216 648 248
4 260 270 22 247
4 674 271 74 661
4 359 419 539 740
4 667 221 253 635
4 83 562 295 711
4 643 658 229 244
4 114 113 629 239
4 400 464 401 737
4 11 23 2 340
4 645 644 667 257
4 230 253 231 671
4 10 376 141 366
4 580 708 8 710
4 639 227 226 250
4 641 225 664 640
4 375 459 549 741
4 225 215 243 664
4 629 657 639 250
4 154 196 294 176
4 709 569 80 710
4 454 558 453 739
4 629 222 239 246
4 215 636 653 660
4 635 655 221 241
4 709 82 81 525
4 31 30 215 653
4 702 685 137 521
4 111 42 41 90
4 129 490 30 130
4 85 711 708 297
4 115 1 37 268
4 662 234 232 630
4 216 646 648 248
4 246 639 226 250
4 225 660 664 640
4 375 549 452 741
4 255 644 219 241
4 633 230 655 669
4 646 647 232 233
4 265 128 7 706
4 109 43 44 216
4 263 7 32 128
4 429 447 379 734
4 134 656 27 133
4 231 218 671 647
4 257 645 632 233
4 644 253 219 241
4 667 230 655 633
4 46 9 3 95
4 660 653 215 664
4 246 239 629 250
4 647 662 232 630
4 646 216 233 248
4 673 220 256 634
4 670 634 220 259
4 640 225 224 226
4 640 638 639 226
4 267 154 12 294
4 135 26 25 533
4 226 638 639 246
4 660 225 224 640
4 521 137 702 370
4 295 82 83 711
4 646 232 662 248
4 141 142 712 742
4 108 632 648 216
4 218 647 630 666
4 252 632 216 233
4 116 117 713 741
4 9 46 106 95
4 629 639 246 250
4 660 215 225 664
4 357 681 376 141
4 159 158 160 373
4 80 81 283 709
4 268 1 37 260
4 27 26 656 134
4 441 685 521 680
4 342 142 357 354
4 31 587 129 128
4 12 60 267 294
4 128 263 7 674
4 489 29 30 131
4 256 661 673 634
4 220 670 259 247
4 583 412 526 744
4 665 672 228 643
4 258 229 642 251
4 28 27 214 132
4 85 84 711 297
4 8 78 580 710
4 256 224 220 673
4 634 670 638 259
4 325 197 326 187
4 702 471 521 370
4 371 35 36 588
4 636 215 223 660
4 222 629 637 246
4 359 418 419 740
4 115 5 1 268
4 685 441 686 680
4 46 45 106 94
4 32 0 7 263
4 368 334 335 204
4 685 136 521 680
4 459 375 276 116
4 637 670 260 247
4 674 223 256 661
4 310 124 611 309
4 147 326 197 187
4 376 357 141 366
4 417 452 451 117
4 591 412 546 744
4 45 107 106 94
4 647 218 671 666
4 632 252 257 233
4 698 317 352 690
4 224 256 661 673
4 259 670 638 247
4 533 509 136 510
4 711 84 562 297
4 39 40 88 112
4 114 115 38 222
4 30 31 490 129
4 521 520 441 680
4 37 115 268 260
4 130 489 30 131
4 338 208 23 339
4 128 31 32 636
4 169 167 193 456
4 439 617 614 595
4 128 32 263 674
4 679 120 421 410
4 375 452 417 117
4 310 311 124 309
4 449 168 170 169
4 678 318 133 319
4 442 152 35 182
4 429 559 447 734
4 338 337 208 339
4 485 132 690 320
4 190 333 360 162
4 474 316 313 700
4 168 197 191 527
4 643 658 249 229
4 229 663 643 244
4 247 222 637 246
4 223 636 660 661
4 431 192 165 456
4 326 147 325 187
4 1 4 5 86
4 193 428 169 456
4 690 318 485 320
4 140 712 142 742
4 670 220 21 247
4 661 256 73 634
4 53 291 540 624
4 439 444 617 595
4 114 629 637 222
4 31 215 223 636
4 408 439 614 610
4 651 242 238 217
4 652 631 237 656
4 208 2 23 339
4 352 485 676 690
4 621 276 301 305
4 152 442 382 182
4 629 639 638 246
4 225 224 215 660
4 232 235 662 248
4 662 649 646 248
4 268 22 1 260
4 265 542 128 706
4 320 133 318 319
4 136 521 680 510
4 180 202 150 434
4 318 352 317 690
4 124 312 311 313
4 263 74 7 674
4 232 235 234 662
4 646 649 648 248
4 197 326 191 527
4 45 44 107 93
4 333 355 360 162
4 26 324 187 323
4 486 28 29 132
4 308 619 446 306
4 390 157 143 433
4 387 601 405 617
4 374 160 158 373
4 270 670 21 247
4 256 73 271 661
4 113 39 88 112
4 637 638 247 246
4 660 224 223 661
4 242 650 651 238
4 652 237 236 656
4 333 190 172 162
4 516 679 421 410
4 54 6 118 705
4 168 170 527 449
4 485 352 318 690
4 10 417 117 622
4 431 374 194 430
4 619 308 307 306
4 486 29 489 131
4 713 138 116 741
4 128 587 129 492
4 521 685 137 370
4 318 690 678 133
4 681 703 376 141
4 294 196 554 176
4 439 444 406 617
4 107 44 108 93
4 133 320 321 319
4 153 426 182 383
4 68 50 51 299
4 326 332 191 527
4 405 406 387 617
4 373 372 159 163
4 406 439 617 614
4 270 22 71 260
4 271 74 19 674
4 136 135 533 510
4 313 311 124 692
4 372 161 159 163
4 416 159 179 530
4 629 638 637 246
4 224 223 215 660
4 26 324 147 187
4 710 569 79 523
4 488 29 486 487
4 428 449 169 456
4 120 679 121 410
4 166 356 165 167
4 495 676 691 352
4 174 173 149 531
4 147 324 26 322
4 520 701 314 441
4 38 87 39 289
4 474 520 701 314
4 599 386 605 524
4 368 369 204 382
4 108 44 109 92
4 360 372 164 161
4 703 376 440 377
4 271 20 73 256
4 670 21 72 270
4 322 133 320 321
4 672 249 228 643
4 642 663 229 258
4 515 626 386 458
4 707 367 314 441
4 218 231 232 647
4 645 646 632 233
4 37 38 86 115
4 459 96 9 276
4 231 671 667 645
4 645 253 231 257
4 524 599 386 303
4 229 658 249 244
4 658 643 663 244
4 368 369 334 204
4 168 191 332 527
4 334 212 335 204
4 311 312 124 309
4 162 160 165 362
4 372 373 530 163
4 488 486 29 489
4 439 406 408 614
4 707 367 312 314
4 390 143 435 433
4 387 601 310 405
4 620 307 386 303
4 274 462 608 306
4 496 311 123 310
4 129 128 492 697
4 334 327 170 506
4 489 30 490 130
4 133 690 132 320
4 159 416 373 530
4 167 169 449 456
4 134 27 321 133
4 310 601 496 405
4 640 638 226 259
4 652 236 235 656
4 649 650 242 238
4 282 181 432 145
4 403 152 442 382
4 685 377 441 521
4 3 272 300 96
4 431 165 443 456
4 681 376 377 357
4 384 449 506 169
4 694 675 691 537
4 192 167 165 456
4 403 368 152 382
4 601 618 387 611
4 384 427 428 201
4 521 136 370 510
4 637 670 71 260
4 256 19 223 674
4 681 377 471 357
4 500 34 33 501
4 417 600 116 117
4 496 311 315 123
4 313 124 684 692
4 386 307 626 515
4 695 693 679 519
4 196 554 541 294
4 199 488 504 487
4 594 470 469 290
4 387 308 618 446
4 304 371 36 588
4 132 330 27 133
4 181 432 145 430
4 312 124 684 313
4 649 662 235 248
4 274 462 109 608
4 169 506 384 171
4 366 10 376 451
4 40 435 181 143
4 327 197 326 325
4 565 292 202 434
4 315 311 313 692
4 384 184 171 383
4 527 170 506 449
4 537 495 691 352
4 699 316 317 318
4 370 136 509 510
4 321 134 133 319
4 317 331 698 519
4 86 38 37 556
4 611 308 387 310
4 443 165 160 362
4 407 408 406 614
4 600 536 305 524
4 331 503 693 516
4 310 611 308 309
4 292 150 202 434
4 474 316 700 678
4 133 322 27 321
4 404 680 520 510
4 516 503 121 410
4 613 408 614 610
4 33 208 337 339
4 27 134 321 26
4 247 638 259 246
4 661 660 224 673
4 405 407 406 612
4 187 324 325 323
4 147 324 326 325
4 533 26 323 321
4 315 316 317 699
4 69 51 52 538
4 361 504 511 206
4 671 231 647 645
4 257 231 645 233
4 680 521 520 510
4 521 136 685 370
4 516 693 331 519
4 496 315 331 682
4 530 373 159 163
4 605 604 599 524
4 435 40 181 573
4 276 96 9 95
4 208 33 2 339
4 446 618 387 444
4 622 417 536 544
4 457 25 323 533
4 407 121 503 410
4 515 125 312 309
4 443 165 356 167
4 52 53 70 291
4 334 327 203 170
4 516 121 679 410
4 342 340 11 341
4 87 38 556 289
4 647 232 662 646
4 233 232 646 248
4 323 26 324 322
4 161 360 372 362
4 406 444 387 617
4 643 249 228 229
4 642 663 643 229
4 159 158 373 390
4 133 132 330 320
4 508 609 446 444
4 316 315 313 692
4 315 317 331 682
4 439 408 469 610
4 621 301 604 305
4 112 610 595 472
4 312 367 125 515
4 440 367 126 686
4 167 449 356 456
4 199 504 488 491
4 235 237 236 652
4 650 649 651 238
4 684 474 701 314
4 503 407 405 612
4 111 281 90 89
4 142 471 342 357
4 122 503 496 405
4 222 115 37 260
4 612 405 601 617
4 439 444 595 281
4 508 111 281 90
4 705 118 54 540
4 620 386 307 626
4 182 183 153 383
4 279 677 568 518
4 136 137 685 370
4 686 440 367 441
4 355 333 172 162
4 488 29 30 489
4 294 554 154 176
4 88 39 87 289
4 196 294 522 200
4 26 27 322 321
4 237 658 651 244
4 636 32 128 674
4 457 187 325 323
4 383 384 184 427
4 331 693 698 519
4 611 387 601 310
4 495 485 676 352
4 682 123 315 692
4 409 408 407 598
4 663 642 659 258
4 249 228 245 672
4 327 326 197 527
4 340 137 338 370
4 667 253 645 257
4 671 253 231 667
4 508 609 444 281
4 122 503 331 496
4 129 547 493 675
4 332 329 326 191
4 152 35 403 442
4 159 160 161 373
4 516 679 693 519
4 678 316 318 319
4 506 327 170 527
4 341 340 2 339
4 158 374 373 390
4 171 369 384 383
4 503 121 693 516
4 485 330 486 132
4 474 316 678 319
4 373 161 372 362
4 61 154 267 294
4 37 86 1 115
4 266 56 293 683
4 410 120 421 420
4 281 112 595 472
4 109 44 43 92
4 29 488 199 487
4 96 300 3 95
4 623 127 544 458
4 410 409 407 598
4 144 325 328 457
4 336 144 328 457
4 158 157 143 390
4 601 496 123 310
4 612 407 406 614
4 278 587 128 492
4 472 281 112 89
4 91 438 42 563
4 597 462 446 306
4 595 439 281 472
4 321 533 135 404
4 40 435 143 573
4 132 485 330 320
4 471 340 11 342
4 76 56 266 683
4 618 308 387 611
4 311 315 123 692
4 125 124 312 309
4 155 180 198 434
4 698 695 676 352
4 301 276 106 95
4 591 526 412 744
4 313 684 312 314
4 456 193 428 437
4 124 125 603 309
4 569 79 80 710
4 66 17 65 553
4 698 317 519 352
4 456 431 192 437
4 373 160 161 362
4 542 492 128 697
4 390 158 374 430
4 166 356 355 443
4 335 212 328 336
4 25 187 457 323
4 649 235 652 238
4 519 537 695 352
4 167 356 443 456
4 623 127 622 544
4 111 595 609 281
4 684 701 474 689
4 486 495 485 131
4 116 375 276 305
4 421 120 119 420
4 181 40 282 573
4 491 199 178 151
4 192 194 145 431
4 185 592 146 473
4 404 689 134 319
4 462 508 597 446
4 115 637 71 260
4 19 32 223 674
4 37 1 86 584
4 90 41 111 89
4 170 506 169 171
4 518 279 677 543
4 64 16 15 195
4 597 109 462 608
4 333 361 511 206
4 598 407 612 614
4 638 640 673 259
4 676 698 352 690
4 444 609 618 617
4 53 54 6 540
4 406 405 612 617
4 122 121 693 503
4 356 168 332 527
4 604 301 302 524
4 58 59 7 278
4 59 0 7 278
4 622 10 417 544
4 374 194 165 431
4 301 604 305 524
4 106 276 9 95
4 248 649 242 238
4 662 652 235 656
4 127 703 10 544
4 474 684 313 314
4 159 161 372 373
4 131 495 485 676
4 322 323 26 321
4 404 533 135 510
4 404 135 680 510
4 9 276 106 621
4 356 166 165 443
4 358 500 33 501
4 196 541 554 176
4 689 678 134 319
4 340 2 11 341
4 693 122 331 682
4 10 451 417 544
4 307 608 619 306
4 470 594 616 290
4 441 704 377 685
4 323 25 26 533
4 528 532 505 177
4 189 403 368 152
4 637 638 670 247
4 224 256 223 661
4 695 698 519 352
4 302 274 599 303
4 165 166 355 443
4 462 597 608 306
4 87 38 39 114
4 211 0 264 567
4 710 78 580 523
4 55 56 76 543
4 318 317 699 690
4 169 449 168 167
4 699 316 318 678
4 577 683 696 688
4 146 43 592 185
4 690 699 318 678
4 120 119 687 421
4 143 39 40 573
4 289 88 39 573
4 451 10 417 117
4 515 307 603 309
4 122 496 123 601
4 123 315 496 682
4 610 469 439 472
4 618 387 444 617
4 301 106 94 95
4 373 416 159 390
4 446 609 618 444
4 248 235 649 238
4 235 652 662 649
4 496 331 122 682
4 175 334 203 170
4 118 6 54 540
4 485 132 676 690
4 449 356 168 167
4 333 329 332 172
4 153 426 383 502
4 410 409 120 420
4 356 168 527 449
4 540 6 53 624
4 384 506 369 171
4 519 516 679 517
4 184 153 183 383
4 670 72 71 270
4 19 20 271 256
4 620 608 307 303
4 544 127 440 458
4 609 508 111 281
4 324 329 494 186
4 443 162 165 362
4 332 355 333 172
4 106 276 301 621
4 701 520 474 689
4 313 684 474 700
4 623 600 604 524
4 530 159 179 163
4 705 54 75 279
4 169 384 449 428
4 610 439 595 472
4 164 190 360 161
4 137 338 23 340
4 524 302 599 303
4 703 376 10 544
4 332 166 356 355
4 494 27 147 186
4 86 5 1 115
4 324 326 329 147
4 303 608 307 306
4 427 428 201 473
4 274 109 108 608
4 123 496 122 682
4 121 679 693 516
4 440 441 704 377
4 462 508 110 597
4 609 110 508 597
4 307 308 603 309
4 544 536 623 458
4 587 31 32 128
4 135 134 321 404
4 675 694 548 537
4 443 355 162 362
4 123 124 311 692
4 404 474 689 319
4 188 336 337 338
4 695 537 519 517
4 515 603 125 309
4 162 166 355 165
4 151 522 491 490
4 92 274 108 93
4 492 128 278 542
4 601 122 496 405
4 417 375 116 305
4 600 623 536 524
4 158 194 374 430
4 355 332 166 172
4 680 689 135 404
4 328 334 212 335
4 300 46 3 95
4 211 60 294 567
4 637 115 114 222
4 223 32 31 636
4 134 321 404 319
4 170 506 449 169
4 290 616 470 557
4 600 536 417 305
4 34 35 403 152
4 471 142 681 357
4 485 132 131 676
4 492 542 547 697
4 435 282 181 430
4 303 274 608 306
4 273 92 44 93
4 94 107 302 93
4 446 619 597 306
4 109 462 274 92
4 494 147 324 186
4 115 38 86 114
4 693 122 503 331
4 169 384 428 201
4 302 301 107 94
4 451 10 376 544
4 417 116 375 117
4 329 324 147 186
4 595 444 609 281
4 689 520 474 404
4 294 154 12 211
4 691 493 495 537
4 281 111 112 89
4 547 492 129 493
4 470 469 411 594
4 457 336 24 509
4 608 307 619 603
4 469 408 613 610
4 302 108 274 93
4 327 203 328 334
4 144 187 325 457
4 238 237 651 244
4 237 658 652 651
4 620 386 599 303
4 434 292 150 553
4 622 536 623 544
4 408 407 598 614
4 432 181 282 430
4 130 129 493 675
4 519 679 695 517
4 112 40 88 89
4 198 298 155 434
4 116 600 417 305
4 367 440 126 458
4 12 60 294 211
4 305 604 600 524
4 565 179 416 180
4 361 178 190 164
4 144 25 187 457
4 199 488 30 491
4 596 586 607 615
4 377 703 376 681
4 91 438 592 42
4 113 87 39 114
4 605 386 599 620
4 170 175 334 506
4 626 605 386 458
4 355 360 162 362
4 134 135 689 404
4 515 367 126 458
4 131 130 495 691
4 314 701 707 686
4 697 683 577 688
4 516 421 679 517
4 333 360 361 190
4 122 503 405 612
4 504 511 206 148
4 38 87 86 114
4 291 52 538 615
4 28 27 494 186
4 154 13 61 267
4 328 203 327 325
4 557 616 470 299
4 93 94 45 460
4 686 126 440 704
4 403 189 34 152
4 503 122 121 612
4 373 374 160 362
4 86 4 5 585
4 696 677 543 688
4 596 607 551 606
4 27 28 330 132
4 300 3 46 207
4 173 280 149 531
4 489 495 486 131
4 86 1 4 584
4 683 293 697 577
4 563 41 282 145
4 44 43 273 146
4 566 155 298 434
4 594 610 113 290
4 410 407 121 598
4 191 329 326 147
4 492 493 489 130
4 317 698 699 690
4 667 253 231 645
4 26 27 147 322
4 410 120 409 598
4 686 707 314 441
4 44 273 93 460
4 171 184 384 201
4 340 11 137 702
4 148 504 511 487
4 212 335 188 336
4 361 178 504 206
4 13 61 62 209
4 443 374 165 431
4 212 335 189 188
4 607 411 606 613
4 332 191 168 166
4 111 112 595 281
4 432 563 282 145
4 107 301 302 604
4 121 120 410 598
4 192 165 194 431
4 491 488 30 490
4 308 619 618 446
4 175 369 334 506
4 683 696 543 577
4 684 707 312 314
4 192 193 167 456
4 426 382 442 182
4 536 386 605 458
4 493 691 675 537
4 663 651 658 244
4 658 237 249 244
4 317 698 331 682
4 165 355 162 443
4 508 609 597 446
4 151 31 522 490
4 541 196 294 522
4 185 193 437 473
4 403 35 34 574
4 433 157 156 180
4 608 108 274 599
4 181 282 435 573
4 409 411 408 613
4 599 108 274 302
4 51 538 602 299
4 42 41 563 145
4 407 503 121 612
4 708 8 85 581
4 55 75 54 279
4 673 660 224 640
4 638 226 259 246
4 43 110 91 42
4 244 628 651 217
4 631 237 214 658
4 490 488 30 489
4 336 335 188 337
4 427 384 184 201
4 191 332 329 172
4 511 329 333 186
4 181 282 41 145
4 194 165 160 374
4 434 198 298 553
4 435 181 143 158
4 651 663 628 244
4 237 249 214 658
4 198 180 150 553
4 437 193 428 473
4 182 36 35 588
4 694 518 548 517
4 339 337 33 358
4 278 32 7 128
4 166 168 332 356
4 612 121 407 598
4 330 486 28 487
4 511 494 148 487
4 180 565 202 434
4 194 181 145 430
4 403 500 189 368
4 274 608 599 303
4 493 492 129 130
4 35 371 442 588
4 676 131 495 691
4 694 691 695 537
4 184 153 383 502
4 331 698 693 682
4 65 17 16 150
4 95 300 46 285
4 132 486 485 131
4 613 607 411 594
4 607 411 551 606
4 206 178 504 148
4 689 680 520 404
4 172 166 355 162
4 179 157 416 180
4 171 184 183 383
4 651 652 237 238
4 547 129 697 675
4 335 189 368 204
4 508 110 111 90
4 316 315 692 699
4 325 147 324 187
4 416 157 159 390
4 68 51 69 602
4 158 143 435 390
4 203 197 327 325
4 566 156 155 180
4 293 547 697 577
4 133 134 678 319
4 702 340 11 471
4 56 76 543 683
4 472 113 610 290
4 543 677 518 688
4 126 127 440 704
4 677 119 118 568
4 443 160 374 362
4 301 107 106 604
4 312 124 125 684
4 382 369 183 383
4 602 68 51 299
4 293 56 543 683
4 208 335 189 337
4 199 148 29 487
4 130 493 495 691
4 156 155 38 556
4 16 64 65 292
4 292 202 195 531
4 189 335 212 204
4 173 529 280 531
4 136 680 135 510
4 28 494 330 487
4 172 511 333 186
4 172 333 329 186
4 66 67 18 298
4 508 110 609 111
4 623 126 127 458
4 548 493 675 537
4 598 409 408 613
4 692 313 316 700
4 696 55 76 543
4 500 189 335 337
4 617 612 406 614
4 167 443 165 456
4 24 144 336 457
4 469 408 411 613
4 244 651 238 217
4 658 631 237 652
4 195 15 64 575
4 595 614 439 610
4 604 302 599 524
4 687 679 120 421
4 491 30 199 151
4 637 115 222 260
4 223 32 636 674
4 157 158 159 390
4 700 684 474 689
4 613 411 469 594
4 610 469 472 290
4 596 291 586 615
4 50 68 625 299
4 318 690 133 320
4 694 687 518 517
4 307 308 619 603
4 405 601 122 612
4 682 315 317 699
4 11 142 471 342
4 356 166 168 167
4 185 145 432 192
4 137 23 338 370
4 124 603 611 309
4 611 601 123 310
4 574 403 35 442
4 46 94 95 285
4 187 25 26 323
4 183 204 369 382
4 577 696 543 688
4 28 486 330 132
4 161 372 164 163
4 687 694 518 688
4 470 602 538 299
4 434 150 180 553
4 329 511 494 186
4 335 189 500 368
4 110 43 91 109
4 577 543 518 688
4 330 322 27 320
4 486 29 28 487
4 600 621 604 305
4 617 444 609 595
4 170 327 197 527
4 160 158 194 374
4 260 222 637 247
4 674 636 223 661
4 202 292 565 531
4 427 184 383 502
4 224 220 673 259
4 673 634 638 259
4 426 571 153 182
4 433 156 566 180
4 32 7 0 278
4 112 113 610 472
4 332 191 166 172
4 193 185 146 473
4 308 619 603 611
4 133 330 27 320
4 541 196 522 151
4 192 193 456 437
4 279 705 54 540
4 611 603 308 309
4 472 112 88 89
4 185 193 192 437
4 151 491 30 490
4 416 179 565 530
4 151 30 31 490
4 548 518 694 688
4 160 162 161 362
4 695 698 693 519
4 623 536 605 458
4 322 27 494 330
4 204 152 368 382
4 6 54 75 705
4 489 493 495 130
4 172 333 511 206
4 196 522 151 200
4 106 107 301 94
4 677 687 119 568
4 294 196 154 200
4 538 69 51 602
4 614 598 408 613
4 194 158 181 430
4 421 119 568 420
4 278 7 58 128
4 594 616 290 114
4 586 551 291 596
4 90 282 41 89
4 204 369 334 175
4 325 203 197 187
4 686 314 701 441
4 387 618 601 617
4 593 540 291 624
4 554 62 61 209
4 610 594 469 290
4 328 203 325 144
4 68 602 625 299
4 691 130 493 675
4 504 148 199 487
4 606 409 120 598
4 154 61 554 294
4 360 161 162 362
4 125 707 312 684
4 384 169 171 201
4 540 118 6 624
4 249 672 658 643
4 663 229 258 244
4 678 689 474 319
4 470 411 607 594
4 307 603 626 515
4 291 70 52 615
4 273 43 592 146
4 390 416 157 433
4 187 325 203 144
4 197 191 326 147
4 144 24 25 457
4 623 604 605 524
4 96 3 9 95
4 312 367 707 125
4 171 183 369 383
4 264 0 59 567
4 462 110 109 597
4 155 566 180 434
4 150 65 17 553
4 58 278 128 542
4 367 707 686 441
4 537 695 694 517
4 435 158 390 430
4 125 367 126 515
4 194 432 145 431
4 426 153 571 502
4 602 470 616 299
4 179 157 159 416
4 302 599 108 107
4 285 300 46 207
4 153 460 285 502
4 702 142 681 471
4 689 474 700 678
4 14 62 63 280
4 202 179 565 180
4 151 522 31 200
4 45 94 285 460
4 156 155 556 566
4 522 491 541 151
4 432 185 192 437
4 593 420 119 606
4 607 538 602 615
4 420 409 120 606
4 575 292 195 531
4 603 608 307 620
4 651 649 652 238
4 235 237 652 238
4 687 694 679 517
4 706 57 542 293
4 302 599 107 604
4 34 500 403 501
4 578 460 205 502
4 185 438 592 473
4 35 371 574 442
4 607 411 586 551
4 285 45 460 153
4 50 5 4 585
4 551 586 607 596
4 126 440 127 458
4 291 53 70 624
4 191 329 147 186
4 126 367 707 686
4 158 435 181 430
4 682 317 698 699
4 178 504 148 199
4 409 551 411 606
4 46 45 285 153
4 119 118 568 593
4 208 189 335 188
4 494 28 148 487
4 360 372 528 164
4 573 88 40 89
4 86 87 38 556
4 337 500 33 358
4 518 687 421 517
4 146 592 273 473
4 335 208 188 337
4 573 40 282 89
4 182 426 183 383
4 607 602 470 616
4 491 178 505 151
4 75 55 76 696
4 70 53 6 624
4 265 57 542 706
4 679 694 695 517
4 88 40 39 573
4 438 42 563 145
4 618 619 597 446
4 300 36 3 207
4 578 205 146 184
4 537 694 548 517
4 529 372 530 163
4 157 156 143 433
4 596 593 119 606
4 568 687 119 421
4 110 508 462 91
4 282 41 40 181
4 551 409 420 606
4 334 203 328 212
4 504 178 361 505
4 153 285 571 502
4 626 125 126 515
4 420 120 119 606
4 168 170 197 527
4 495 489 130 131
4 307 603 620 626
4 16 64 292 195
4 79 78 710 523
4 201 146 427 473
4 500 189 34 403
4 675 697 547 688
4 184 146 578 427
4 361 333 190 206
4 161 190 360 162
4 211 264 60 567
4 529 173 174 531
4 143 289 435 433
4 586 538 607 615
4 515 126 626 458
4 63 15 14 149
4 557 290 616 114
4 146 428 201 193
4 598 606 409 613
4 699 692 316 700
4 17 66 198 553
4 11 142 702 471
4 41 282 90 563
4 90 42 41 563
4 212 334 203 175
4 17 66 18 198
4 602 538 607 470
4 421 687 679 517
4 374 165 160 443
4 207 153 571 182
4 508 110 90 91
4 93 45 44 460
4 87 39 88 113
4 52 69 538 615
4 67 4 1 584
4 520 701 680 689
4 382 183 152 182
4 108 302 107 93
4 618 597 609 446
4 208 500 33 337
4 192 145 432 431
4 145 438 42 185
4 432 192 431 437
4 543 293 683 577
4 40 41 282 89
4 180 198 434 553
4 431 194 432 430
4 35 442 182 588
4 94 106 46 95
4 621 116 276 305
4 148 28 494 186
4 704 441 686 685
4 108 44 92 93
4 357 142 681 141
4 45 107 94 93
4 194 145 432 430
4 174 530 179 163
4 112 88 113 472
4 119 118 593 596
4 177 528 532 173
4 532 529 280 173
4 626 603 125 515
4 38 156 556 289
4 152 204 183 382
4 129 31 490 492
4 577 548 547 688
4 577 547 697 688
4 108 109 274 92
4 421 568 687 518
4 143 289 39 573
4 460 44 273 205
4 94 46 45 285
4 189 34 33 500
4 594 469 613 610
4 205 44 273 146
4 60 12 264 211
4 290 113 594 114
4 704 703 440 377
4 273 578 460 205
4 596 593 291 624
4 547 129 492 697
4 675 547 493 548
4 273 578 205 146
4 76 696 543 683
4 692 315 682 699
4 189 500 208 337
4 164 505 178 177
4 268 71 22 260
4 263 19 74 674
4 195 64 292 575
4 300 304 36 571
4 205 460 45 153
4 625 616 557 299
4 5 50 68 625
4 190 528 361 164
4 77 57 265 706
4 622 127 10 544
4 619 608 597 306
4 488 30 29 199
4 15 63 64 575
4 278 587 32 128
4 677 687 568 518
4 88 113 472 290
4 184 578 205 502
4 548 675 547 688
4 551 420 593 606
4 441 686 440 704
4 69 52 70 615
4 634 673 220 259
4 43 42 592 438
4 92 109 462 91
4 681 377 704 685
4 585 5 86 115
4 150 16 65 292
4 417 536 600 622
4 618 619 308 611
4 176 280 149 173
4 548 694 675 688
4 706 542 697 293
4 180 157 416 434
4 184 146 427 201
4 433 416 157 434
4 65 150 292 553
4 211 294 154 200
4 210 18 67 298
4 156 38 39 289
4 90 110 42 91
4 427 578 184 502
4 542 547 697 293
4 178 361 528 164
4 372 529 164 163
4 118 705 279 540
4 174 149 195 531
4 411 409 606 613
4 14 13 62 209
4 178 361 190 206
4 677 687 518 688
4 67 1 18 210
4 511 172 206 186
4 37 1 584 210
4 155 37 38 556
4 91 43 42 592
4 14 62 280 209
4 180 416 565 434
4 605 126 623 458
4 599 608 620 303
4 540 568 118 593
4 279 55 696 543
4 596 551 593 606
4 10 376 703 141
4 538 586 291 615
4 200 567 522 587
4 532 541 505 177
4 180 433 157 434
4 155 210 37 556
4 567 32 59 278
4 198 150 17 553
4 153 205 460 502
4 470 538 607 586
4 435 289 143 573
4 118 677 568 279
4 201 428 146 473
4 106 301 604 621
4 279 568 118 540
4 179 202 565 174
4 528 361 360 190
4 566 556 156 289
4 172 190 333 206
4 153 571 285 207
4 27 28 494 330
4 530 179 565 174
4 292 150 16 195
4 207 571 36 182
4 210 584 37 556
4 43 42 438 185
4 602 538 69 615
4 518 548 577 688
4 144 188 24 336
4 529 532 528 173
4 557 86 87 114
4 59 32 0 278
4 175 204 369 183
4 148 28 29 487
4 300 285 571 207
4 39 156 289 143
4 195 149 15 575
4 575 195 149 531
4 426 382 183 383
4 201 428 169 193
4 45 44 460 205
4 556 155 298 566
4 176 532 280 173
4 146 428 193 473
4 299 557 625 585
4 626 126 605 458
4 152 368 189 204
4 316 699 700 678
4 126 707 367 125
4 506 175 369 171
4 174 195 202 531
4 180 566 433 434
4 5 50 625 585
4 66 298 198 553
4 299 625 50 585
4 70 291 624 615
4 146 578 427 473
4 177 532 196 176
4 148 494 511 186
4 506 170 175 171
4 182 571 36 588
4 587 31 129 492
4 86 557 115 114
4 280 62 554 209
4 83 84 562 711
4 607 470 594 616
4 684 313 692 700
4 183 369 175 171
4 565 530 174 531
4 156 289 143 433
4 500 33 189 208
4 91 42 90 563
4 183 382 426 182
4 63 15 149 575
4 1 67 584 210
4 177 164 528 173
4 528 505 178 164
4 32 567 587 278
4 293 697 706 683
4 31 587 490 492
4 329 191 172 186
4 593 291 551 596
4 298 18 66 198
4 442 426 182 588
4 36 300 571 207
4 177 505 178 151
4 178 361 505 528
4 584 86 37 556
4 109 110 462 91
4 174 529 530 163
4 174 530 529 531
4 280 63 14 149
4 696 677 279 543
4 153 184 205 502
4 113 88 87 290
4 438 185 437 473
4 677 118 705 279
4 491 505 541 151
4 164 528 505 177
4 87 113 290 114
4 190 360 528 164
4 532 554 541 176
4 210 67 584 298
4 273 578 146 473
4 133 27 322 320
4 327 197 203 170
4 0 32 59 567
4 684 701 707 314
4 571 304 36 588
4 210 155 298 556
4 587 522 31 490
4 298 584 210 556
4 334 212 204 175
4 276 9 116 621
4 202 565 174 531
4 212 203 328 144
4 176 177 532 173
4 128 542 697 706
4 298 210 18 198
4 557 616 625 115
4 149 280 575 531
4 127 703 440 704
4 196 541 177 151
4 470 607 411 586
4 153 285 46 207
4 372 529 528 164
4 43 109 92 91
4 196 541 532 177
4 501 403 34 574
4 117 417 600 622
4 32 567 200 587
4 432 438 563 145
4 554 154 176 209
4 32 0 211 567
4 202 150 292 195
4 91 92 43 592
4 14 280 149 209
4 616 625 602 299
4 182 426 571 588
4 149 280 63 575
4 177 541 505 151
4 585 557 625 115
4 585 625 5 115
4 173 164 529 163
4 87 290 557 114
4 696 677 705 279
4 115 557 616 114
4 148 511 206 186
4 173 529 174 163
4 200 522 31 587
4 280 554 176 209
4 185 432 438 437
4 541 196 532 176
4 280 554 532 176
4 116 621 600 305
4 31 32 200 587
4 420 119 568 593
4 438 592 43 185
4 145 432 438 185
4 176 149 280 209
4 620 605 386 626
4 291 596 624 615
4 585 86 557 115
4 377 704 703 681
4 164 529 528 173
4 567 211 32 200
4 536 623 600 622
4 289 156 566 433
4 298 155 210 198
4 725 726 288 100
4 288 726 725 715
4 740 261 49 36
4 740 49 261 721
4 535 429 716 590
4 716 429 535 422
4 425 739 455 454
4 728 736 349 507
4 349 736 728 727
4 349 513 728 507
4 728 513 349 727
4 721 33 501 498
4 739 482 445 723
4 739 445 482 415
4 478 479 717 589
4 478 717 479 477
4 744 396 731 717
4 744 731 396 583
4 736 414 507 728
4 736 507 414 483
4 35 721 34 574
4 34 721 35 261
4 722 451 366 388
4 722 366 451 10
4 721 34 33 262
4 721 33 34 501
4 735 389 722 381
4 735 722 389 730
4 388 722 389 381
4 388 389 722 730
4 730 723 739 425
4 739 723 730 725
4 739 455 730 425
4 730 455 739 725
4 732 363 350 378
4 732 350 363 724
4 392 738 396 514
4 396 738 392 731
4 745 450 343 345
4 745 343 450 735
4 745 499 350 346
4 745 350 499 732
4 740 572 436 418
4 740 436 572 729
4 272 36 300 304
4 272 300 36 3
4 669 2 140 11
4 669 140 2 254
4 255 9 49 3
4 255 49 9 668
4 641 226 225 640
4 225 226 641 227
4 227 643 642 641
4 227 642 643 229
4 240 628 258 217
4 240 258 628 659
4 642 250 227 639
4 227 250 642 251
4 225 665 243 228
4 243 665 225 664
4 533 24 457 25
4 533 457 24 509
4 666 25 630 218
4 630 25 666 135
4 630 26 656 234
4 656 26 630 134
4 240 111 628 41
4 240 628 111 659
4 310 124 123 611
4 310 123 124 311
4 252 108 216 632
4 252 216 108 44
4 655 254 230 221
4 230 254 655 669
4 241 668 644 635
4 241 644 668 255
4 128 265 58 542
4 58 265 128 7
4 109 216 242 43
4 242 216 109 648
4 702 370 340 471
4 340 370 702 137
4 672 214 658 631
4 672 658 214 249
4 628 258 244 663
4 628 244 258 217
4 683 77 293 266
4 683 293 77 706
4 57 293 77 266
4 57 77 293 706
4 631 654 214 132
4 28 214 654 132
4 28 654 214 245
4 130 492 490 489
4 130 490 492 129
4 691 352 695 537
4 695 352 691 676
4 259 640 224 226
4 259 224 640 673
4 33 339 497 2
4 33 497 339 358
4 471 681 521 377
4 471 521 681 702
4 685 521 681 377
4 685 681 521 702
4 23 339 340 338
4 340 339 23 2
4 208 338 188 337
4 188 338 208 23
4 321 135 26 134
4 321 26 135 533
4 336 212 144 188
4 336 144 212 328
4 178 491 504 199
4 504 491 178 505
4 200 567 294 522
4 200 294 567 211
4 680 441 701 520
4 680 701 441 686
4 703 544 440 376
4 440 544 703 127
4 279 75 696 55
4 279 696 75 705
4 322 147 494 27
4 322 494 147 324
4 338 509 24 336
4 24 188 338 336
4 338 188 24 23
4 593 624 118 540
4 118 624 593 596
4 209 61 154 13
4 209 154 61 554
4 536 605 524 623
4 524 605 536 386
4 43 273 92 44
4 92 273 43 592
4 654 214 672 631
4 654 672 214 245
4 24 338 370 509
4 370 338 24 23

CELL_TYPES 3921
1
1
1
1
1
1
1
1
1
1
1
1
3
3
3
3
3
3
3
3
3
3
3
3
3
3
3
3
3
3
3
3
3
3
3
3
3
3
3
3
3
3
3
3
3
3
3
3
3
3
3
3
3
3
3
3
3
3
3
3
3
3
3
3
3
3
3
3
3
3
3
3
3
3
3
3
3
3
3
3
3
3
3
3
3
3
3
3
3
3
3
3
3
3
3
3
3
3
3
3
3
3
3
3
3
3
3
3
3
3
3
3
3
3
3
3
3
3
3
3
3
3
3
3
3
3
3
3
3
3
3
3
3
3
3
3
3
3
3
3
3
3
3
3
3
3
3
3
3
3
3
3
3
3
3
3
3
3
3
3
3
5
5
5
5
5
5
5
5
5
5
5
5
5
5
5
5
5
5
5
5
5
5
5
5
5
5
5
5
5
5
5
5
5
5
5
5
5
5
5
5
5
5
5
5
5
5
5
5
5
5
5
5
5
5
5
5
5
5
5
5
5
5
5
5
5
5
5
5
5
5
5
5
5
5
5
5
5
5
5
5
5
5
5
5
5
5
5
5
5
5
5
5
5
5
5
5
5
5
5
5
5
5
5
5
5
5
5
5
5
5
5
5
5
5
5
5
5
5
5
5
5
5
5
5
5
5
5
5
5
5
5
5
5
5
5
5
5
5
5
5
5
5
5
5
5
5
5
5
5
5
5
5
5
5
5
5
5
5
5
5
5
5
5
5
5
5
5
5
5
5
5
5
5
5
5
5
5
5
5
5
5
5
5
5
5
5
5
5
5
5
5
5
5
5
5
5
5
5
5
5
5
5
5
5
5
5
5
5
5
5
5
5
5
5
5
5
5
5
5
5
5
5
5
5
5
5
5
5
5
5
5
5
5
5
5
5
5
5
5
5
5
5
5
5
5
5
5
5
5
5
5
5
5
5
5
5
5
5
5
5
5
5
5
5
5
5
5
5
5
5
5
5
5
5
5
5
5
5
5
5
5
5
5
5
5
5
5
5
5
5
5
5
5
5
5
5
5
5
5
5
5
5
5
5
5
5
5
5
5
5
5
5
5
5
5
5
5
5
5
5
5
5
5
5
5
5
5
5
5
5
5
5
5
5
5
5
5
5
5
5
5
5
5
5
5
5
5
5
5
5
5
5
5
5
5
5
5
5
5
5
5
5
5
5
5
5
5
5
5
5
5
5
5
5
5
5
5
5
5
5
5
5
5
5
5
5
5
5
5
5
5
5
5
5
5
5
5
5
5
5
5
5
5
5
5
5
5
5
5
5
5
5
5
5
5
5
5
5
5
5
5
5
5
5
5
5
5
5
5
5
5
5
5
5
5
5
5
5
5
5
5
5
5
5
5
5
5
5
5
5
5
5
5
5
5
5
5
5
5
5
5
5
5
5
5
5
5
5
5
5
5
5
5
5
5
5
5
5
5
5
5
5
5
5
5
5
5
5
5
5
5
5
5
5
5
5
5
5
5
5
5
5
5
5
5
5
5
5
5
5
5
5
5
5
5
5
5
5
5
5
5
5
5
5
5
5
5
5
5
5
5
5
5
5
5
5
5
5
5
5
5
5
5
5
5
5
5
5
5
5
5
5
5
5
5
5
5
5
5
5
5
5
5
5
5
5
5
5
5
5
5
5
5
5
5
5
5
5
5
5
5
5
5
5
5
5
5
5
5
5
5
5
5
5
5
5
5
5
5
5
5
5
5
5
5
5
5
5
5
5
5
5
5
5
5
5
5
5
5
5
5
5
5
5
5
5
5
5
5
5
5
5
5
5
5
5
5
5
5
5
5
5
5
5
5
5
5
5
5
5
5
5
5
5
5
5
5
5
5
5
5
5
5
5
5
5
5
5
5
5
5
5
5
5
5
5
5
5
5
5
5
5
5
5
5
5
5
5
5
5
5
5
5
5
5
5
5
5
5
5
5
5
5
5
5
5
5
5
5
5
5
5
5
5
5
5
5
5
5
5
5
5
5
5
5
5
5
5
5
5
5
5
5
5
5
5
5
5
5
5
5
5
5
5
5
5
5
5
5
5
5
5
5
5
5
5
5
5
5
5
5
5
5
5
5
5
5
5
5
5
5
5
5
5
5
5
5
5
5
5
5
5
5
5
5
5
5
5
5
5
5
5
5
5
5
5
5
5
5
5
5
5
5
5
5
5
5
5
5
5
5
5
5
5
5
5
5
5
5
5
5
5
5
5
5
5
5
5
5
5
5
5
5
5
5
5
5
5
5
5
5
5
5
5
5
5
5
5
5
5
5
5
5
5
5
5
5
5
5
5
5
5
5
5
5
5
5
5
5
5
5
5
5
5
5
5
5
5
5
5
5
5
5
5
5
5
5
5
5
5
5
5
5
5
5
5
5
5
5
5
5
5
5
5
5
5
5
5
5
5
5
5
5
5
5
5
5
5
5
5
5
5
5
5
5
5
5
5
5
5
5
5
5
5
5
5
5
5
5
5
5
5
5
5
5
5
5
5
5
5
5
5
5
5
5
5
5
5
5
5
5
5
5
5
5
5
5
5
5
5
5
5
5
5
5
5
5
5
5
5
5
5
5
5
5
5
5
5
5
5
5
5
5
5
5
5
5
5
5
5
5
5
5
5
5
5
5
5
5
5
5
5
5
5
5
5
5
5
5
5
5
5
5
5
5
5
5
5
5
5
5
5
5
5
5
5
5
5
5
5
5
5
5
5
5
5
5
5
5
5
5
5
5
5
5
5
5
5
5
5
5
5
5
5
5
5
5
5
5
5
5
5
5
5
5
5
5
5
5
5
5
5
5
5
5
5
5
5
5
5
5
5
5
5
5
5
5
5
5
5
5
5
5
5
5
5
5
5
5
5
5
5
5
5
5
5
5
5
5
5
5
5
5
5
5
5
5
5
5
5
5
5
5
5
5
5
5
5
5
5
5
5
5
5
5
5
5
5
5
5
5
5
5
5
5
5
5
5
5
5
5
5
5
5
5
5
5
5
5
5
5
5
5
5
5
5
5
5
5
5
5
5
5
5
5
5
5
5
5
5
5
5
5
5
5
5
5
5
5
5
5
5
5
5
5
5
5
5
5
5
5
5
5
5
5
5
5
5
5
5
5
5
5
5
5
5
5
5
5
5
5
5
5
5
5
5
5
5
5
5
5
5
5
5
5
5
5
5
5
5
5
5
5
5
5
5
5
5
5
5
5
5
5
5
5
5
5
5
5
5
5
5
5
5
5
5
5
5
5
5
5
5
5
5
5
5
5
5
5
5
5
5
5
5
5
5
5
5
5
5
5
5
5
5
5
5
5
5
5
5
5
5
5
5
5
5
5
5
5
5
5
5
5
5
5
5
5
5
5
5
5
5
5
5
5
5
5
5
5
5
5
5
5
5
5
5
5
5
5
5
5
5
5
5
5
5
5
5
5
5
5
5
5
5
5
5
5
5
5
5
5
5
5
5
5
5
5
5
5
5
5
5
5
5
5
5
5
5
5
5
5
5
5
5
5
5
5
5
5
5
5
5
5
5
5
5
5
5
5
5
5
5
5
5
5
5
5
5
5
5
5
5
5
5
10
10
10
10
10
10
10
10
10
10
10
10
10
10
10
10
10
10
10
10
10
10
10
10
10
10
10
10
10
10
10
10
10
10
10
10
10
10
10
10
10
10
10
10
10
10
10
10
10
10
10
10
10
10
10
10
10
10
10
10
10
10
10
10
10
10
10
10
10
10
10
10
10
10
10
10
10
10
10
10
10
10
10
10
10
10
10
10
10
10
10
10
10
10
10
10
10
10
10
10
10
10
10
10
10
10
10
10
10
10
10
10
10
10
10
10
10
10
10
10
10
10
10
10
10
10
10
10
10
10
10
10
10
10
10
10
10
10
10
10
10
10
10
10
10
10
10
10
10
10
10
10
10
10
10
10
10
10
10
10
10
10
10
10
10
10
10
10
10
10
10
10
10
10
10
10
10
10
10
10
10
10
10
10
10
10
10
10
10
10
10
10
10
10
10
10
10
10
10
10
10
10
10
10
10
10
10
10
10
10
10
10
10
10
10
10
10
10
10
10
10
10
10
10
10
10
10
10
10
10
10
10
10
10
10
10
10
10
10
10
10
10
10
10
10
10
10
10
10
10
10
10
10
10
10
10
10
10
10
10
10
10
10
10
10
10
10
10
10
10
10
10
10
10
10
10
10
10
10
10
10
10
10
10
10
10
10
10
10
10
10
10
10
10
10
10
10
10
10
10
10
10
10
10
10
10
10
10
10
10
10
10
10
10
10
10
10
10
10
10
10
10
10
10
10
10
10
10
10
10
10
10
10
10
10
10
10
10
10
10
10
10
10
10
10
10
10
10
10
10
10
10
10
10
10
10
10
10
10
10
10
10
10
10
10
10
10
10
10
10
10
10
10
10
10
10
10
10
10
10
10
10
10
10
10
10
10
10
10
10
10
10
10
10
10
10
10
10
10
10
10
10
10
10
10
10
10
10
10
10
10
10
10
10
10
10
10
10
10
10
10
10
10
10
10
10
10
10
10
10
10
10
10
10
10
10
10
10
10
10
10
10
10
10
10
10
10
10
10
10
10
10
10
10
10
10
10
10
10
10
10
10
10
10
10
10
10
10
10
10
10
10
10
10
10
10
10
10
10
10
10
10
10
10
10
10
10
10
10
10
10
10
10
10
10
10
10
10
10
10
10
10
10
10
10
10
10
10
10
10
10
10
10
10
10
10
10
10
10
10
10
10
10
10
10
10
10
10
10
10
10
10
10
10
10
10
10
10
10
10
10
10
10
10
10
10
10
10
10
10
10
10
10
10
10
10
10
10
10
10
10
10
10
10
10
10
10
10
10
10
10
10
10
10
10
10
10
10
10
10
10
10
10
10
10
10
10
10
10
10
10
10
10
10
10
10
10
10
10
10
10
10
10
10
10
10
10
10
10
10
10
10
10
10
10
10
10
10
10
10
10
10
10
10
10
10
10
10
10
10
10
10
10
10
10
10
10
10
10
10
10
10
10
10
10
10
10
10
10
10
10
10
10
10
10
10
10
10
10
10
10
10
10
10
10
10
10
10
10
10
10
10
10
10
10
10
10
10
10
10
10
10
10
10
10
10
10
10
10
10
10
10
10
10
10
10
10
10
10
10
10
10
10
10
10
10
10
10
10
10
10
10
10
10
10
10
10
10
10
10
10
10
10
10
10
10
10
10
10
10
10
10
10
10
10
10
10
10
10
10
10
10
10
10
10
10
10
10
10
10
10
10
10
10
10
10
10
10
10
10
10
10
10
10
10
10
10
10
10
10
10
10
10
10
10
10
10
10
10
10
10
10
10
10
10
10
10
10
10
10
10
10
10
10
10
10
10
10
10
10
10
10
10
10
10
10
10
10
10
10
10
10
10
10
10
10
10
10
10
10
10
10
10
10
10
10
10
10
10
10
10
10
10
10
10
10
10
10
10
10
10
10
10
10
10
10
10
10
10
10
10
10
10
10
10
10
10
10
10
10
10
10
10
10
10
10
10
10
10
10
10
10
10
10
10
10
10
10
10
10
10
10
10
10
10
10
10
10
10
10
10
10
10
10
10
10
10
10
10
10
10
10
10
10
10
10
10
10
10
10
10
10
10
10
10
10
10
10
10
10
10
10
10
10
10
10
10
10
10
10
10
10
10
10
10
10
10
10
10
10
10
10
10
10
10
10
10
10
10
10
10
10
10
10
10
10
10
10
10
10
10
10
10
10
10
10
10
10
10
10
10
10
10
10
10
10
10
10
10
10
10
10
10
10
10
10
10
10
10
10
10
10
10
10
10
10
10
10
10
10
10
10
10
10
10
10
10
10
10
10
10
10
10
10
10
10
10
10
10
10
10
10
10
10
10
10
10
10
10
10
10
10
10
10
10
10
10
10
10
10
10
10
10
10
10
10
10
10
10
10
10
10
10
10
10
10
10
10
10
10
10
10
10
10
10
10
10
10
10
10
10
10
10
10
10
10
10
10
10
10
10
10
10
10
10
10
10
10
10
10
10
10
10
10
10
10
10
10
10
10
10
10
10
10
10
10
10
10
10
10
10
10
10
10
10
10
10
10
10
10
10
10
10
10
10
10
10
10
10
10
10
10
10
10
10
10
10
10
10
10
10
10
10
10
10
10
10
10
10
10
10
10
10
10
10
10
10
10
10
10
10
10
10
10
10
10
10
10
10
10
10
10
10
10
10
10
10
10
10
10
10
10
10
10
10
10
10
10
10
10
10
10
10
10
10
10
10
10
10
10
10
10
10
10
10
10
10
10
10
10
10
10
10
10
10
10
10
10
10
10
10
10
10
10
10
10
10
10
10
10
10
10
10
10
10
10
10
10
10
10
10
10
10
10
10
10
10
10
10
10
10
10
10
10
10
10
10
10
10
10
10
10
10
10
10
10
10
10
10
10
10
10
10
10
10
10
10
10
10
10
10
10
10
10
10
10
10
10
10
10
10
10
10
10
10
10
10
10
10
10
10
10
10
10
10
10
10
10
10
10
10
10
10
10
10
10
10
10
10
10
10
10
10
10
10
10
10
10
10
10
10
10
10
10
10
10
10
10
10
10
10
10
10
10
10
10
10
10
10
10
10
10
10
10
10
10
10
10
10
10
10
10
10
10
10
10
10
10
10
10
10
10
10
10
10
10
10
10
10
10
10
10
10
10
10
10
10
10
10
10
10
10
10
10
10
10
10
10
10
10
10
10
10
10
10
10
10
10
10
10
10
10
10
10
10
10
10
10
10
10
10
10
10
10
10
10
10
10
10
10
10
10
10
10
10
10
10
10
10
10
10
10
10
10
10
10
10
10
10
10
10
10
10
10
10
10
10
10
10
10
10
10
10
10
10
10
10
10
10
10
10
10
10
10
10
10
10
10
10
10
10
10
10
10
10
10
10
10
10
10
10
10
10
10
10
10
10
10
10
10
10
10
10
10
10
10
10
10
10
10
10
10
10
10
10
10
10
10
10
10
10
10
10
10
10
10
10
10
10
10
10
10
10
10
10
10
10
10
10
10
10
10
10
10
10
10
10
10
10
10
10
10
10
10
10
10
10
10
10
10
10
10
10
10
10
10
10
10
10
10
10
10
10
10
10
10
10
10
10
10
10
10
10
10
10
10
10
10
10
10
10
10
10
10
10
10
10
10
10
10
10
10
10
10
10
10
10
10
10
10
10
10
10
10
10
10
10
10
10
10
10
10
10
10
10
10
10
10
10
10
10
10
10
10
10
10
10
10
10
10
10
10
10
10
10
10
10
10
10
10
10
10
10
10
10
10
10
10
10
10
10
10
10
10
10
10
10
10
10
10
10
10
10
10
10
10
10
10
10
10
10
10
10
10
10
10
10
10
10
10
10
10
10
10
10
10
10
10
10
10
10
10
10
10
10
10
10
10
10
10
10
10
10
10
10
10
10
10
10
10
10
10
10
10
10
10
10
10
10
10
10
10
10
10
10
10
10
10
10
10
10
10
10
10
10
10
10
10
10
10
10
10
10
10
10
10
10
10
10
10
10
10
10
10
10
10
10
10
10
10
10
10
10
10
10
10
10
10
10
10
10
10
10
10
10
10
10
10
10
10
10
10
10
10
10
10
10
10
10
10
10
10
10
10
10
10
10
10
10
10
10
10
10
10
10
10
10
10
10
10
10
10
10
10
10
10
10
10
10
10
10
10
10
10
10
10
10
10
10
10
10
10
10
10
10
10
10
10
10
10
10
10
10
10
10
10
10
10
10
10
10
10
10
10
10
10
10
10
10
10
10
10
10
10
10
10
10
10
10
10
10
10
10
10
10
10
10
10
10
10
10
10
10
10
10
10
10
10
10
10
10
10
10
10
10
10
10
10
10
10
10
10
10
10
10
10
10
10
10
10
10
10
10
10
10
10
10
10
10
10
10
10
10
10
10
10
10
10
10
10
10
10
10
10
10
10
10
10
10
10
10
10
10
10
10
10
10
10
10
10
10
10
10
10
10
10
10
10
10
10
10
10
10
10
10
10
10
10
10
10
10
10
10
10
10
10
10
10
10
10
10
10
10
10
10
10
10
10
10
10
10
10
10
10
10
10
10
10
10
10
10
10
10
10
10
10
10
10
10
10
10
10
10
10
10
10
10
10
10
10
10
10
10
10
10
10
10
10
10
10
10
10
10
10
10
10
10
10
10
10
10
10
10
10
10
10
10
10
10
10
10
10
10
10
10
10
10
10
10
10
10
10
10
10
10
10
10
10
10
10
10
10
10
10
10
10
10
10
10
10
10
10
10
10
10
10
10
10
10
10
10
10
10
10
10
10
10
10
10
10
10
10
10
10
10
10
10
10
10
10
10
10
10
10
10
10
10
10
10
10
10
10
10
10
10
10
10
10
10
10
10
10
10
10
10
10
10
10
10
10
10
10
10
10
10
10
10
10
10
10
10
10
10
10
10
10
10
10
10
10
10
10
10
10
10
10
10
10
10
10
10
10
10
10
10
10
10
10
10
10
10
10
10
10
10
10
10
10
10
10
10
10
10
10
10
10
10
10
10
10
10
10
10
10
10
10
10
10
10
10
10
10
10
10
10
10
10
10
10
10
10
10
10
10
10
10
10
10
10
10
10
10
10
10
10
10
10
10
10
10
10
10
10
10
10
10
10
10
10
10
10
10
10
10
10
10
10
10
10
10
10
10
10
10
10
10
10
10
10
10
10
10
10
10
10
10
10
10
10
10
10
10
10
10
10
10
10
10
10
10
10
10
10
10
10
10
10
10
10
10
10
10
10
10
10
10
10
10
10
10
10
10
10
10
10
10
10
10
10
10
10
10
10
10
10
10
