# vtk DataFile Version 2.0
whisker_body, Created by Gmsh 4.13.1 
ASCII
DATASET UNSTRUCTURED_GRID
POINTS 696 double
-9.886859966642536 -1.500000000000193 0
9.88685996664254 -1.500000000000187 0
-7.650693286584374 -1.499999999999874 28
7.650693286584374 -1.499999999999873 28
12 0 0
9.886859966642614 1.499999999999935 0
0 10 0
-9.886859966642614 1.499999999999936 0
5.70386345403052 0 80
7.65069328658435 1.499999999999936 28
0 7.796352208910681 28
-7.650693286584353 1.499999999999929 28
-8.748717852015751 -4.8435458030064 0
-6.519202405202561 -7.582875444051627 0
-3.476438231831796 -9.376266699505631 0
3.430248998885766e-14 -10 0
3.476438231831848 -9.376266699505612 0
6.519202405202592 -7.582875444051599 0
8.74871785201576 -4.843545803006382 0
-5.932115979985521 -1.5 0
-1.977371993328505 -1.5 0
1.977371993328511 -1.5 0
5.932115979985525 -1.5 0
-7.931203312905641 -1.5 24.50007976926727
-8.2113729620882 -1.5 21.00013165433879
-8.491235875216802 -1.5 17.50015897028011
-8.770821412808679 -1.5 14.00016402266392
-9.050155311453739 -1.5 10.50014844409077
-9.329260017924636 -1.5 7.000116005255705
-9.608155667661325 -1.5 3.500066102697573
-6.193936023717168 -4.734792952124224 28
-3.454634153883581 -6.989178108204679 28
3.020570525174463e-14 -7.796352208910681 28
3.454634153883636 -6.989178108204652 28
6.19393602371719 -4.734792952124195 28
9.608155667661325 -1.5 3.500066102697573
9.329260017924636 -1.5 7.000116005255705
9.050155311453736 -1.5 10.50014844409081
8.770821412808679 -1.5 14.00016402266392
8.491235875216802 -1.5 17.50015897028011
8.211372962088197 -1.5 21.00013165433884
7.931203312905641 -1.5 24.50007976926727
-3.825346643292187 -1.5 28
0 -1.5 28
3.825346643292187 -1.5 28
11.34980690040761 3.896393630456207 0
9.469686112756717 7.370552552276022 0
6.563377897469113 10.04599773915035 0
2.945825845689581 11.63280319127197 0
-0.9909521456679979 11.95901391608004 0
-4.820345095835646 10.98927991986068 0
-8.127378859508902 8.82868692807757 0
-10.55368501447787 5.71136871644487 0
-11.83633564083267 1.975135083368787 0
-11.83633564083267 -1.975135083368821 0
-10.55368501447786 -5.711368716444897 0
-8.12737885950888 -8.828686928077589 0
-4.820345095835619 -10.9892799198607 0
-0.9909521456679715 -11.95901391608004 0
2.945825845689616 -11.63280319127196 0
6.563377897469155 -10.04599773915032 0
9.469686112756747 -7.370552552275983 0
11.34980690040762 -3.896393630456205 0
8.748717852015853 4.843545803006216 0
6.519202405202677 7.582875444051527 0
3.47643823183188 9.376266699505599 0
5.932115979985569 1.5 0
1.977371993328523 1.5 0
-1.977371993328521 1.5 0
-5.932115979985568 1.5 0
-3.476438231831882 9.376266699505599 0
-6.519202405202678 7.582875444051524 0
-8.748717852015854 4.843545803006212 0
4.369412903269498 3.666372755594688 80
0.9904654944534007 5.617208951652248 80
-2.851931727015263 4.939690650908082 80
-5.359878397722907 1.950836196057551 80
-5.359878397722898 -1.950836196057576 80
-2.851931727015253 -4.939690650908087 80
0.9904654944534206 -5.617208951652245 80
4.369412903269518 -3.666372755594664 80
11.70018397400145 0 3.80952380952381
11.40036794800291 0 7.61904761904762
11.10055192200436 0 11.42857142857143
10.80073589600581 0 15.23809523809524
10.50091987000727 0 19.04761904761905
10.20110384400872 0 22.85714285714286
9.901287818010173 0 26.66666666666667
9.601471792011626 0 30.47619047619048
9.301655766013079 0 34.28571428571429
9.001839740014532 0 38.0952380952381
8.702023714015986 0 41.90476190476191
8.402207688017439 0 45.71428571428572
8.102391662018892 0 49.52380952380953
7.802575636020347 0 53.33333333333334
7.502759610021799 0 57.14285714285715
7.202943584023253 0 60.95238095238096
6.903127558024707 0 64.76190476190476
6.603311532026159 0 68.57142857142858
6.303495506027613 0 72.38095238095238
6.003679480029065 0 76.1904761904762
7.931203312905645 1.5 24.50007976926724
8.2113729620882 1.5 21.00013165433879
8.491235875216807 1.5 17.50015897028005
8.770821412808679 1.5 14.00016402266392
9.050155311453739 1.5 10.50014844409077
9.329260017924636 1.5 7.000116005255705
9.608155667661325 1.5 3.500066102697573
6.193936023717145 4.734792952124254 28
3.454634153883573 6.989178108204682 28
0 9.724544026113835 3.5
0 9.449088052227671 7
0 9.173632078341505 10.5
0 8.898176104455342 14
0 8.622720130569176 17.5
0 8.347264156683011 21
0 8.071808182796847 24.5
-9.608155667661325 1.5 3.500066102697573
-9.329260017924636 1.5 7.000116005255705
-9.050155311453739 1.5 10.50014844409077
-8.770821412808679 1.5 14.00016402266392
-8.491235875216802 1.5 17.50015897028011
-8.2113729620882 1.5 21.00013165433879
-7.931203312905645 1.5 24.50007976926724
3.825346643292175 1.5 28
0 1.5 28
-3.825346643292178 1.5 28
-3.454634153883591 6.989178108204674 28
-6.193936023717163 4.734792952124231 28
-7.686828722172939 -4.752834555611304 12.22946486486101
-7.048741869651741 -4.757306557793527 19.00944479521631
7.175328564898286 -4.549329259319912 19.11034075925355
7.70417682117928 -4.718493416391096 12.27042120790245
1.723478280175821 -9.605973867654455 3.057618686932469
-4.955436681322455 -8.407660710667495 3.05761868693257
1.828277848531728 -7.82486838069006 24.95983321139366
8.539595479144843 -4.354905263448999 5.261366332463539
-5.10626200631991 -6.204615490855875 24.95983321139365
-8.596473882538252 -4.247220462042161 5.229323724511424
-1.772815172358803 -7.840562014610128 24.92337542428769
0.1122423225816536 -8.275879043723835 21.89736300166944
3.269338593666868 -7.60671889352563 21.86054419936119
1.920211520996014 -8.296728483381544 18.85551559672172
-1.59623142837254 -8.368476754688036 18.81341702784792
0.2253344898819608 -8.751954991965215 15.82106312894811
-3.243150619058322 -8.141697675614038 15.70662988698956
-1.484380185333391 -8.873759986310741 12.74362298653765
2.036480854445645 -8.759065661992294 12.7990785405631
0.3369940797936062 -9.226491967067751 9.750179828460359
-3.181319365515847 -8.682119388053838 9.572594650059852
3.421653795737099 -8.565466629054031 9.865003467640788
-1.372508959927892 -9.37488917158386 6.67296830289431
-3.104915658901447 -7.677235620284207 21.83775643884487
5.120486716388003 -7.400466760920444 12.71588127894547
5.106262006319948 -6.204615490855841 24.95983321139367
-4.617830975097775 -7.168033974088577 18.7197078966068
-5.997450672829672 -6.395584327970763 15.65760235574494
8.232019865488436 -4.355798192280822 8.724278405357405
6.565523761775826 -6.81498055606546 6.82209516700983
-8.211031772596813 -4.406167937666307 8.658653741932321
-6.572167665608646 -6.809800146315046 6.810881619165158
3.636360947885169 -7.965674196182476 15.80104051440773
6.278530430923406 -6.111827440528096 15.72902344106424
-4.793862470334738 -7.630956161253467 12.55622211596654
4.850062859991565 -7.000773372498122 18.84729350819931
7.206572771307151 -3.944916231473564 22.6722002268749
-7.236490553311976 -3.892415777675061 22.65623998143965
7.253925956515582 -6.514449728329896 3.179811153271774
2.106434427051955 -9.231458055114208 6.750401231809096
-1.831393534533109 -9.579187629408796 3.142452476854897
-7.444181634018859 -6.336374958770504 2.84923659401666
4.529487003916056 -8.511186034487242 4.556480421721487
-6.401481647785089 -6.62239226173622 10.0303509986426
5.978283643316847 -7.024905836751562 9.85519274993932
-3.967781863717154 -8.651470371964681 6.125119232601212
-7.895328796719493 -3.806582580233727 15.69139254383344
6.951865177961751 -3.953749669225904 25.44373040744221
-6.952292068676567 -3.95282794795815 25.44480450185297
8.007039286779477 -3.563888132398941 15.7003161674059
-8.965085948388371 -3.956144140727003 2.551715887594141
8.971574414899349 -3.940029318501711 2.558759554541716
-5.752493270110611 -6.043401482815804 21.04791338515245
4.998364598674346 -8.480494526801225 1.983394111431606
5.652748005893375 -6.113620327390817 21.26435912258004
4.468554522762142 -8.302393184720801 7.260854898014606
-5.933108217991026 -1.5 12.28845182743122
5.560432805139069 -1.5 18.88397673145243
5.955143874564069 -1.5 8.452051959964731
-5.47972703125269 -1.5 19.10223055987063
0.06637956507678489 -1.5 3.344949141855201
-2.128674014691892 -1.5 24.36929397439454
-6.503423260976797 -1.5 5.166655372871134
5.922225583022399 -1.5 4.561133219844011
2.443067018511009 -1.5 6.345528595050297
2.922875122296777 -1.5 10.32120076002618
-0.2302958945344287 -1.5 8.796043302998527
0.09685020670747235 -1.5 12.36182164140602
3.090012338518044 -1.5 13.85143687492722
0.2185774452003599 -1.5 15.70913701934965
-2.800095242949704 -1.5 14.04452817276943
2.052940016584586 -1.5 24.22709729218933
-0.06829900316593651 -1.5 21.50705887271562
-6.142170377739248 -1.5 8.711599781372286
-3.299554051857848 -1.5 7.106729690161675
5.231550954762156 -1.5 22.30827053794852
-5.283078541083201 -1.5 22.48126530991968
5.965379168735414 -1.5 12.11087558227865
-3.587267034316632 -1.5 3.207721747703979
-3.05139559639413 -1.5 10.55152906935653
-5.652931280025927 -1.5 15.75142316672762
-2.655711204593853 -1.5 17.368973379994
5.918968724618356 -1.5 15.54355644858261
2.959888084400621 -1.5 17.03196018163031
2.63081485561724 -1.5 20.42927186615351
-2.779934525695374 -1.5 20.49957681860647
-5.363799159711449 -1.5 25.4701278107163
5.33834684282578 -1.5 25.40708951988103
3.080442170931256 -1.5 2.829197357808952
0.04837627598296201 -1.5 18.61726758098486
-0.9215340794242213 -1.5 5.760194495553936
-7.144175008504563 -1.5 2.407465434773934
1.086044773458637 -4.648176104455336 28
-1.990210066336375 -4.230855754696329 28
3.644452129845286 -4.428371304201303 28
-7.909487973314067 -4.907185768843192e-14 0
-10.25639961849221 -3.507512400705078 0
-10.25639961849225 3.507512400704967 0
-8.487246032801327 6.741619222895044 0
-8.487246032801263 -6.741619222895128 0
7.909487973314082 -7.885165086143733e-14 0
1.776356839400251e-15 0 0
3.954743986657032 0 0
-3.954743986657029 -1.110223024625157e-16 0
7.913893359863064 -3.245913943253347 43.78948121158254
9.193385683973643 -3.261669051937548 28.5275134817048
9.193385683973851 3.261669051936942 28.52751348170485
6.652617504236985 3.141241379777952 58.99554065229922
8.237262867764462 3.251401695295756 39.95162451164516
6.28168907922707 -3.217624949421028 62.79643657168234
-11.73128066296225 0.3658206351548721 3.341947424554161
-2.994492805538506 11.34508140865445 3.38466743266196
-2.879762434608137 -11.37192468062312 3.419408766471416
10.11646334979564 3.345788239617946 17.08501301298051
10.13994097335968 -3.269426385055376 17.10264947107312
-4.859360121525458 3.468038509654455 76.61865730217922
5.986966559112645 3.136159376705845 66.59774666370318
8.557207529299856 -3.25516565974323 36.14368486009381
5.61044116807096 -3.199497478681198 70.40984790038134
7.615447117221959 3.189694300003133 47.56614505689132
6.749975432508553 -3.630407535854907 55.08985028776149
10.33344225458509 -4.368711996773343 9.923708795559914
10.72924455023717 3.394787911756593 9.485175436666081
4.718238164040466 10.73561669153541 3.472744321307459
4.712243512000845 -10.74283313214679 3.419408766471715
-9.296268222620112 7.167457475359555 3.322311395245336
-9.257317901175359 -7.205259738421862 3.419408766471709
-4.722384685810231 -3.625614612545042 76.82610752708068
5.333912793146073 3.081567611235157 74.20311703908095
2.98274313054798 -5.166262648036096 76.67576704977438
10.11001643510303 -5.951236539755725 3.410773106832593
10.31700692552852 5.583284939902489 3.419408766471419
8.224603312786346 -3.26983533697319 40.01490958956582
8.576036544614709 3.204897166193261 36.14516673573713
8.887766519822764 3.228866409415029 32.32321695041099
7.410585290524829 6.122034762716206 30.33875528304161
6.586333022582346 -5.688889739330885 41.89159771829348
6.68820100219974 6.052552926309881 37.86094766485592
7.742597267633418 6.18905023901314 26.52772808920192
5.086946442228831 8.348194446680587 28.25912012127211
5.459654410362814 8.469639526293275 24.43611791152451
2.206695425183308 9.69916484578844 26.08552254940676
2.630155761199849 9.904236186407298 22.26740215358921
-0.8868602167735242 10.08532491749693 23.8337503359025
-1.308389073783467 9.736473727414245 27.64881363393975
-4.290920840617217 9.041619840686549 25.30896525825146
-4.697516866030663 8.497368974083324 29.10516246119266
-3.910546589958584 9.537080062312905 21.50296207870004
-6.892209923722413 7.516466808412511 22.89619038283309
-6.603526958176867 8.159946500521816 19.09483161848573
-8.913668742900441 5.345737635635566 20.40911992605664
-9.012107480335793 4.550419885740737 24.19564292048013
-10.12508596779599 1.878569283156958 21.62745071128618
-9.954917523043539 0.9702675863331377 25.38585495799854
-10.04605238809166 -1.823602752122734 22.74124694003984
-9.535617037955452 -2.723323714724678 26.4685649598273
-8.646924630144529 -5.278934265062245 23.74834092821211
-7.80209654770794 -5.996178660607893 27.44458287005535
-6.08094243643364 -8.014567475753418 24.64526756328501
-4.940947790061752 -8.431406489366868 28.30318533547853
-6.861225853368057 -6.643549676275252 31.12310196193313
-7.139278980816806 -7.49254563352149 20.97441825366862
-10.46268054109761 -0.9387340881937626 18.99947684068381
-3.53411787887224 10.00246004648367 17.68132832697252
-3.94527809739612 -9.498011764479655 21.79347499337701
-5.167652451113747 -9.223293224981894 18.14050279123036
-3.728744358894307 -8.722397581015896 31.94369469276258
-5.826296152080142 -7.200505397057791 34.78385374993156
-8.241921820373058 -4.379961193710156 33.88169862226466
-7.459340443229367 -5.112612881995013 37.56893051286348
-8.958943879100287 -1.710836583444428 36.58325567761882
-8.44271429166106 -2.582119074280889 40.29459713135989
-8.849031509267952 1.070299020100429 39.21740413320644
-8.617229372062209 0.1936188474746703 42.95454122565192
-7.84881715280161 3.779412329407767 41.78606371218864
-7.883275539180045 2.945653307677226 45.54367993095197
-8.295671475889934 -0.7088624289101382 46.68383601748943
-7.848582615437567 2.083565242172936 49.2945248014052
-7.871607973703336 -1.60264549583239 50.40425221447966
-7.732958398291283 1.20048135113565 53.040955023904
-7.323444861593991 -2.508430849609113 54.11409362245259
-7.526587044807004 0.2647435901841135 56.78095773474531
-6.2310632070273 -4.947699452321611 51.37754978153011
-6.434155195721141 4.620049426444385 51.82783209964787
-8.76965083544601 6.117323544611869 16.61403595664122
-5.25742739978446 -5.581487911274762 55.04715136430292
-5.992555912644155 6.049653226694621 44.27828421011857
-1.561069956064583 -10.39704256125759 18.88671514170989
-0.2196935096799385 -10.22650469825057 22.50441361864969
-5.729857203880819 6.695954222181959 40.49604595780226
-6.557061005639726 -5.799465541111054 41.24700145206562
5.953549333319203 -5.94102391375335 45.60589699030385
-2.883730968650453 -10.40760402821665 15.25090116299588
-6.333876196726998 -8.823617680683149 14.46482413698799
0.9175868314644764 -10.7072401421413 15.9274080618532
-3.178392574036632 -7.224004512353291 52.19326008167316
-1.8933003460804 -7.367312572188256 55.8221727361889
-4.16400837815129 -6.093652052127174 58.69650141740431
-3.04871517656711 8.067723467956929 42.88918567789707
-1.781179294387158 9.356255322149064 31.45686923712754
-2.45248862400848 -8.867967134811307 35.56664146154154
-0.01918543956834047 -9.43055347078324 32.64766569311364
-9.000117045228121 1.945347404130748 35.47626223734375
3.491901831095213 -7.86352495119228 43.15057619792356
-0.4359146808708436 -11.02267694552484 12.30858751177867
3.35461939575228 -10.45849732611466 12.91795948692068
4.605305552761977 -9.659922042801862 16.49851360019455
6.324133341199129 6.004780431494609 41.66640664528849
-2.693188489371694 8.506986918286282 39.09545289446297
-5.431478902031383 7.314280848637916 36.71565448169004
-4.434173675192789 -6.870396347519863 48.57511123596912
-0.5386359222491828 -7.303605643537937 59.4213196086008
-2.920316808545599 -6.466000142293761 62.32538206720927
-3.422345419778378 7.589980122376428 46.68414486250546
1.325837025255947 -9.05253624458406 36.22396251895316
3.68798310156968 -8.629740352153272 33.22983062494363
2.416102336556798 -9.356913092786304 29.6840102183764
0.5023755148684362 -7.820782657829989 52.89718397079524
4.708974893598946 8.222658972297435 32.07583169703594
5.839224704256721 8.580166071030574 20.6015606180429
0.005424565164569543 8.442719947920711 45.19950650279145
-0.4105988687255331 8.132980626056048 49.00352798859429
6.72795504025833 -8.630478284144836 13.42971213090384
-5.882086219335932 -4.082875467024121 61.49518239014504
-4.950412380381947 -4.76456605697332 65.17286893493815
-6.781041906457409 -1.503361225358711 64.22108418229843
-6.212007522612815 -2.382011811676975 67.93949543420082
-6.608540785001325 1.311875332815569 66.86647602501787
-3.78859074047539 -5.394541898420271 68.71511850111051
-6.700062864425609 2.142153037362991 63.09674931105766
-5.06174924270449 4.59402802553156 65.61902078559808
-4.769974458208361 5.304048113993391 61.83584927530294
-2.075751250840448 6.627465556320238 64.23076329420803
-2.478789186291978 6.165846677196002 68.03595563186684
-1.657656548521984 7.052380569178874 60.42337735373313
-1.127064595000917 -8.845915084115195 39.16781506803967
-9.074459176632292 3.697607001875685 27.96784400171379
3.031473787612909 10.10535650960644 18.4206466196157
6.214167172131771 8.68701026410689 16.76170864921733
3.435205070646822 10.29347058710379 14.59242139068507
6.588884869589507 8.788146426433146 12.91143272331685
3.835418926776172 10.47328610907618 10.75603128167054
0.3617966827999997 11.02145470757731 12.35816421749776
6.89347186624142 8.928307377681724 9.150592447847609
-6.429671525896054 0.3977892632139073 70.62153146172086
1.358332530254016 6.936142214669609 62.66833918772353
-4.488086265530751 5.92402322708659 58.0399382318063
-1.216354109171996 7.445276631047403 56.61907952953928
5.745224396011083 -9.640289205381146 9.880051805529927
3.864887577786523 8.0046505797274 39.53081411364172
3.013524488439732 -7.715611237606938 47.2259735587086
5.406115962832635 -6.045961418170158 49.42115224640713
0.942746345636029 11.28050814397504 8.642332451671976
-2.769055244049216 10.86279098353403 10.0357510560999
0.787496417341032 -6.996837199919389 63.00988845715089
-0.02018055812655542 -8.448269381746062 45.12871014782433
2.990831440052891 7.70932169014838 47.40504235598615
2.652406906242456 7.513734316312491 51.22947062364623
4.362349881615597 -7.997700073111103 36.7200927818467
5.8219785064814 -7.66322309522175 30.19057226144905
4.704916542255785 -8.711556909502999 26.671823664254
2.57872123714621 -6.801516525583703 60.05008756752957
8.07867237061779 -6.968169676195268 16.91626091994338
5.983485196866583 -8.53793837031537 20.00138779273294
8.509609223370754 -5.967447727299664 20.41310516772688
8.467166579655963 -7.346024957502112 10.0419298332542
7.659657476544917 -8.531528279886873 6.79166746211288
9.271377867456145 -5.766591768376965 13.74269959509314
-0.7595385117225937 -8.116519736358878 48.89371945822921
6.918174463998258 -7.422475686356035 23.54918417043955
8.909560712800658 -4.873113386906452 23.44076988639879
8.800977790831187 6.294188000835304 14.99237469517677
-2.243942831238456 8.94532280510238 35.29177761835788
-5.074083428193226 7.922160884197793 32.93685180218679
2.640833211110905 -8.466995775059509 39.77964823885651
2.46534641931117 -10.16972150249574 19.51316515621503
8.420879580324957 6.299048520869878 18.85421405294034
-0.8646394755394069 7.796505839982922 52.80312460943377
8.105706571229234 6.215646467874909 22.6864746551564
1.850181386716143 -7.326631028254306 56.45833830984077
4.102343598034314 -6.633446638232793 53.37270863770748
1.089848996102508 -9.884536057112332 26.1184064652063
-6.234333962710052 5.354855134728568 48.05032888830674
0.3007627556171227 8.735953853403201 41.40787358077701
3.376350816908443 7.876096915370884 43.59136566317127
1.833453399617936 7.128569485776686 58.9494925812544
2.19221519381282 7.345882581927788 55.06849047108347
5.24001304569749 5.7836447657794 53.31045856046779
3.639666413659991 -9.510729532850602 23.0823957911423
-8.934308244782542 -3.578832297408431 30.18431270307607
1.304405244999818 9.249774176845994 33.78204796236609
7.937387184503961 3.194011313031477 43.76114362604049
8.882697477734318 -3.226248884261449 32.39511024017794
7.008519245952842 -3.745247745127884 51.50511221496831
9.503663357957901 3.283552170839698 24.71463786267745
6.625926378208643 -3.1840791342087 59.06763763196672
0.8829027944350815 6.710377561410948 66.47617820873648
0.431133431678596 6.454428526126086 70.28041212838737
-2.997312400818579 5.600759043947748 71.76016420039501
0.1838073914228461 6.159271749533553 74.17864834713284
6.338459435609988 3.107601956751528 62.77795841995177
9.088375742478499 6.411275622456751 11.1536802201775
9.231201770540588 6.782410114513332 6.925354063184419
-7.773312153997236 4.543482029864095 38.0708976827774
10.44784547031242 3.293041440964305 13.28403161741805
7.631067776880936 -6.255314063448836 27.0994627699125
-7.168282884737469 6.827806794311156 26.68737763767962
5.963642096369647 -3.164950886875121 66.68927878045604
3.691677034972834 -5.493009064323476 68.38123830984426
3.113978555165671 -5.497625655697016 72.19300895411979
-0.02633266120821582 -6.513387885770509 69.7133404889365
-0.5810098435035775 -6.178972277285342 73.61684825812512
5.319749846458178 -3.095012034974712 74.27312088979566
-3.811064397982776 7.06556505070766 50.47091496960262
-4.164155706621239 6.512316215244975 54.25750353688656
-6.596384034129962 3.822482073405385 55.60378894455845
5.693634032963431 3.052618515126128 70.3880980036112
-10.22896550436032 2.758454817968946 17.86014306221474
-10.80074244130824 -0.01531153301384451 15.2378741705202
-10.06503878547823 -3.685960609992116 16.27999681716888
-10.6491465992536 -2.80876907952042 12.53679102466188
-11.0641109924014 0.8719181008416019 11.4557363540112
-11.11270354223656 -2.072281710078286 8.840081486884586
-9.82156984679485 -5.446448646847119 9.77578013640866
-11.32064881380241 1.556846575418544 7.278135763875532
-10.26648149236697 4.45861199444276 10.25582903003893
-9.38846346612636 -4.53380496573262 20.00129821335716
-10.29762823458689 3.548848337906223 14.07858696422299
-0.460235383658856 10.41421297193212 20.02018074904344
-7.819732309249829 -3.425602324579747 43.99965535806349
-5.696900670493325 -6.263610770775125 44.8929661207034
-7.084013939019176 -4.222061794711289 47.68942909318614
-4.697788189754965 -7.647881229482233 38.43012791739862
-2.718238359574902 -8.251176980408554 42.09070355542386
6.78744491564601 -6.429271502004231 33.68337439220053
-0.06004605662557474 10.72385994892513 16.2127607656608
-9.004342372706175 -6.207684178209591 13.50927743264542
-7.513420611165385 -8.25796046044578 10.61640962919094
-1.369060397286748 -9.613157969474122 29.09522473264869
-6.651809962343219 3.067899348441822 59.39894235598222
9.821072329952019 3.281096893946552 20.90598099357321
-9.36943501382282 -0.8701717161322687 32.91216834298179
-9.076641492082407 2.819058991576002 31.71034315666494
-8.104615918409623 -6.899905751838536 17.23035221169818
-6.641046220731655 -3.367077014091788 57.86594497657134
-7.203512125109337 -0.6646308732391273 60.5563972379355
-1.662070711830059 -6.603408752100234 65.9532388369053
1.752382367226666 9.485492271227269 29.91034562645465
-3.157323061909697 10.44190585635027 13.86491195816401
-6.009948753130162 9.325705659630968 11.50527379848959
-5.250083177299315 10.14111430754039 7.375622209881175
-6.335717907702814 8.740878643068092 15.3037640458004
-7.425256819183216 6.087275952800467 30.47545814177369
-7.63028131221509 5.318766265156641 34.29277167502997
-10.55763586080062 -4.615094799613457 6.070097129462571
2.978756127275285 5.159356955797906 76.77708640950702
7.04940219756367 6.090501955695967 34.10316066986687
-5.958054216420107 -0.1052451890827927 76.75839007294908
-5.780372976734945 -2.304957689197631 73.40393597779526
-2.687285818774689 -9.632942673919477 25.40282323704661
-4.211109395455421 -10.25347804994265 11.63189182516557
-1.840376645269258 -11.16670136081143 8.674006047561319
2.012728179357728 -11.08897597571682 9.273520992574589
0.9485457447817838 -11.51638797706085 5.649364507073459
-5.490683101014389 -10.0807021802889 6.619536193627482
-9.707909409386721 0.03246830296225262 29.12308243096657
5.596339051000432 5.857498331276819 49.53906392558852
3.866547902226375 -5.779363651182639 64.12179400331915
4.269271966756834 8.128583465867429 35.81201593650815
-8.648214188902566 6.777984115805781 12.86068358503038
8.032292777286417 8.550945690940361 3.407117329609986
7.544842141138526 -3.345370312515295 47.60696497449707
0.7022698793961919 11.71144705371016 3.39911617162844
-8.31269593119006 -7.876926255523499 6.96378968682377
-11.06366472285659 3.915923134359469 3.351495875172704
-6.529151241275238 9.752766280182454 3.347633604596195
0.7674599032527765 9.010304988669798 37.57313142462013
-5.31997683107099 3.802126998752928 69.38877624336268
-5.179735710733384 3.504551905129117 73.0108377008205
-10.01936709019048 5.596524002261212 6.65239261535927
-8.276419539642349 7.662527922103603 9.162517830756506
5.964749372808124 5.942336182059092 45.49334808991183
7.300514453267034 3.162118161433833 51.3850366125974
4.349777932842245 10.58154350099322 7.106572291166607
6.963136141158261 3.152403177525565 55.35473182185174
7.867106895594184 -8.729613433879312 3.157616564810868
-6.450569289439373 -9.821091579612066 3.175911023579762
4.519590661385685 5.625406317422444 60.78539176033016
11.08065882448961 -3.189415299241905 5.965045374239724
11.09987319675308 3.128692215598836 5.941614034472197
4.894895652288723 5.70239506623734 56.98556313691387
4.951543205236643 -5.651153866776831 57.0058481777624
4.181743243731966 5.520120200017203 64.48116474518233
3.763152947067699 5.443188697413346 68.39276271815594
-1.028912770623078 -5.835254290007242 77.18673141795152
9.943995216555424 -2.883158453922455 20.92034804807133
3.332308441598027 5.366550985591452 72.20970342847276
4.35518770018965 -10.60147140503684 6.846241459962802
9.764127095035445 -5.917127986366482 7.40621908121741
-11.17102799265548 -3.708616614122689 2.915516237776629
-1.368214014989726 11.39585868820341 6.636446558904068
-1.026372295734968 5.820846540961 77.37262334316128
-3.654681273777257 -5.015875896889105 73.61844991774463
6.952299412409076 -5.738972056320784 37.92799126908503
2.741000527487458 -7.543666084229788 50.491840833919
10.54625822188219 -2.937568507507081 13.37031217476109
0.3515131432113561 -8.688220608726155 41.98983185172869
0.9746345422669047 -11.76208972856607 2.510734475215751
-2.976152980702794 -7.835635800163439 45.9735113624431
-7.958434417127364 8.328772364485289 6.101886020616718
7.937063077022101 -5.41455821477414 30.39274782395696
1.466597763299599 -6.634462336854464 66.14049445893875
5.233287610856198 2.768252807570017 77.24930047901637
5.248593974836205 -2.731991800645705 77.29116814885538
-2.702429824911079 5.501825372352645 74.589246829328
-5.428112774614064 -3.463572621225097 70.6591822428832
11.42161303753389 -2.865258955235403 2.85224460448703
11.43396464721201 2.820216538592482 2.83810148489461
6.919074889860954 9.206468571664606 6.141856472646364
-11.40732724006851 -1.765485634071055 5.80497143133166
5.142843697352604 -7.245023608566302 39.58269981809052
-2.363526614569319 -5.94378075092928 71.19963993677224
5.095135256046669 -5.118540731780238 60.70797798326101
-6.153075377091734 0.7079345192994866 73.77645896943076
9.611005849926078 -2.619339105583233 25.90103167099565
1.942178575185269 11.36481392033485 5.977342051259296
8.22397645726449 4.376144010049557 8.693383740370821
7.605104008553219 4.361269245114348 15.66820889510349
7.041947074375233 4.235088725456793 22.65059674230461
3.225072102094553 9.01554286945694 5.399819660249351
3.244284937655351 8.441042001854832 12.15932800372992
2.896281121631553 7.982279627800839 19.16756411710906
7.569220907142832 6.160519960780086 3.057618686932529
7.914900491133314 4.372056328494056 12.17060328574657
5.85593988941461 7.086096853543657 10.25836366581974
6.312270800587187 7.073759954420147 6.5988882692285
3.368462889303272 8.686134472105852 8.685848805125138
5.781405277177187 6.777446865065217 13.87091862565909
3.034728041521288 8.224381498044632 15.67418838216018
2.871203923806917 7.696302528785383 22.6877991491938
7.374850519668278 4.213495692849561 19.14008438989263
5.132306353233683 6.173339547573681 25.0551276621752
5.565026382031985 6.607682018326273 17.2941306071192
5.117656983806019 8.32747273521943 2.867611879177143
8.581141374845991 4.233544221700202 5.480940160621323
5.359948514588303 6.42343701362894 20.76221560690749
6.951393716125484 3.954767377833257 25.44254383726477
2.566259767552411 7.573571029463554 25.45636073647972
2.530431073385601 9.465403077885206 2.569160877160796
8.950260650070771 3.985399388749014 2.573286753244416
-5.879386801889785 1.5 12.0082460484071
-5.383490566100797 1.5 18.91607737584521
5.948023874840155 1.5 8.451483717556485
5.671292169589183 1.5 15.51964102304557
0.06638359424631268 1.5 3.344953330064369
2.092626026865824 1.5 24.29463007973094
-6.503423260976795 1.5 5.166655372871135
5.921377964007656 1.5 4.561065571938268
2.4428104985176 1.5 6.345383440523082
2.875906863352998 1.5 10.25966271046702
-0.2242208156652268 1.5 8.795562386867282
-0.2124758167341056 1.5 11.86004709520924
5.208531931327858 1.5 22.36378484379684
-2.067035368710648 1.5 24.2387582180033
-7.105427357601002e-15 1.5 21.48770561004803
-6.205041862499506 1.5 8.53759830233345
-3.380829695159152 1.5 6.950364864522774
-5.658158563377919 1.5 15.49654348719456
-2.879812164802789 1.5 16.90685606655601
-5.214846386452844 1.5 22.33942043740326
5.420182458057987 1.5 18.89366363648261
2.656232201142312 1.5 16.9130833628575
5.923109330687195 1.5 12.04186857772644
-3.591493332910233 1.5 3.199586382185231
-3.098911444191316 1.5 13.54339123936738
-3.166811072689848 1.5 10.2825349894512
2.701500446182116 1.5 13.59083695694027
-2.592346159359877 1.5 20.41037358142454
2.561446691216966 1.5 20.4210485522679
-0.1599235837913788 1.5 18.51496435758164
-5.337824999589129 1.5 25.41565168493476
5.341680240195166 1.5 25.431698938559
3.080329914825276 1.5 2.829176070643261
-0.1655650603658589 1.5 15.22152984641867
-0.9374699501941404 1.5 5.727170080832547
-7.144175008504565 1.5 2.407465434773945
-8.223976457264465 4.376144010049511 8.693383740371392
-7.60510400855315 4.361269245114461 15.66820889510353
-7.041957851452755 4.235068449565948 22.65061217142554
-3.225320400887843 9.015888946343745 5.39461661980972
-3.242935363849229 8.441976115521834 12.15439931301906
-2.991587735390634 7.943702001838837 19.20739954195452
-7.569220907142834 6.160519960780083 3.057618686932527
-7.914900491133304 4.372056328494067 12.17060328574661
-5.865994381786717 7.07819313146908 10.25428103256596
-6.307144902398727 7.078356896895654 6.598639907863554
-3.375426055293783 8.685880663036215 8.656836648138704
-5.781960591211408 6.777003749292906 13.87062258567855
-3.081346926449034 8.203537666777111 15.71571920009587
-2.98887030500967 7.649750197229653 22.70702845307427
-7.374851625515259 4.213493508081358 19.14008596073556
-5.143758838867496 6.163166294951801 25.06131301260063
-5.600091030797581 6.577897138651401 17.29503513493512
-5.117656983806003 8.327472735219441 2.867611879177151
-8.581141374846043 4.233544221699137 5.480940160626723
-5.359948514581937 6.423437013632658 20.76221560692303
-6.951393716131 3.954767377821972 25.44254383727474
-2.565729312238926 7.573703439581862 25.4569300939494
-2.547193228316142 9.461458809534482 2.562379028770094
-8.967717525597276 3.9512197592887 2.546365539543248
1.861466232561885 -0.6775183007441694 80
-1.796581528936375 0.6539021999652996 80
1.425965863507625 2.469845325454036 80
-0.4952327472266952 -2.808604475826126 80
1.086044773458606 4.648176104455339 28
-1.990210066336377 4.230855754696314 28
3.644452129845251 4.428371304201341 28
0.005212751120674319 0.02136080436517318 37.76925610755769
-0.04174672964820481 0.02449103750270176 46.67034885994954
-0.02966265736968676 0.01724790139541055 54.36099147354032
0.01665546178589317 0.004340270800158308 61.56214372763123
0.04401512747393355 0.03947137174840387 68.92141244198042
2.234985344896371 3.022082564716797 33.39705050212577
2.22198176905867 -2.87072807180266 33.33648275400315
0.6059239269551551 -0.0006097395974983575 74.5382090469555
-3.750766437777273 -0.934916715752471 33.63683297480432
0.7100632732067012 -3.175816132197863 42.22476983108466
-2.126796845970146 2.619577642031915 42.20776535578505
3.155372087175623 1.612095644175008 41.84300584709236
-0.4250779887467196 3.298932441362475 50.51554161891882
-2.390786967403938 3.617533986628166 35.231036324195
-0.1208272605856846 -3.324933368007682 50.51265280145405
-3.636824870274351 -1.716557820188304 40.52894626209154
-0.5193158955971005 -4.662890227448821 36.84898577098157
4.561954838642941 0.04015715378124597 36.32163476665989
0.7121455670210557 -2.979453600052194 57.95158538001446
-0.8334293569288191 2.943096129868989 57.97214239677565
3.394746082831477 0.2485059613244704 50.86288491394593
0.7607828241586048 4.503454163947761 39.00023522885227
-3.57528282975637 -0.04224449207456815 51.33146598830445
-2.609186933306602 -0.0719446095750651 65.2520390927434
3.889851985686792 -1.542899251751087 45.02529139678137
-4.111554274873543 -1.016710509280474 44.97818280441319
1.340896842234254 4.096129751154711 45.19168437272293
2.49969558384305 0.6791653158082213 65.22946013241864
-1.741146933378323 -4.772179877465705 32.55649547739664
5.513767416500428 0.4209863898231938 32.04438953261425
2.982198464696433 0.7744020479247116 58.39182194927679
-3.09616887994999 -0.8123231492230252 58.53224803437938
3.252311604642187 -3.40723529868486 38.67325848638301
-4.963701225326705 0.8840529670178633 37.35449831569256
-2.79772950824175 3.331531206444673 46.40819978310419
-0.4969304204968092 -4.277169021900033 46.2517854531425
0.412588011045629 -2.895432900527631 64.56400265968638
-4.843688783381999 3.009253240297225 31.82792663232441
2.864906030908728 2.852841319769718 54.87728008273162
-0.8091318657185639 5.344053647027761 31.81247110267653
-0.198476390514761 0.09658231716097232 31.85390758824411
-1.788290197398542 -3.641986136353044 54.20405348367064
-3.019553688538614 2.676008288459505 54.21784982427634
-2.057901032238172 -1.628090304640697 71.95643840208504
-0.4600139983658236 3.024824170953993 64.06542775014798
-4.137413132079327 -3.118010815194887 36.8869601338625
3.072434972727468 -5.673409403815163 31.29608654317287
-3.473907693075732 -2.782696812264188 48.4692330994129
-0.1455158004116202 2.804881719239195 71.79675527528561
3.893738620275117 1.792250634246846 47.21681083848358

CELLS 3621 16511
1 0
1 1
1 2
1 3
1 4
1 5
1 6
1 7
1 8
1 9
1 10
1 11
2 0 12
2 12 13
2 13 14
2 14 15
2 15 16
2 16 17
2 17 18
2 18 1
2 0 19
2 19 20
2 20 21
2 21 22
2 22 1
2 2 23
2 23 24
2 24 25
2 25 26
2 26 27
2 27 28
2 28 29
2 29 0
2 2 30
2 30 31
2 31 32
2 32 33
2 33 34
2 34 3
2 1 35
2 35 36
2 36 37
2 37 38
2 38 39
2 39 40
2 40 41
2 41 3
2 2 42
2 42 43
2 43 44
2 44 3
2 4 45
2 45 46
2 46 47
2 47 48
2 48 49
2 49 50
2 50 51
2 51 52
2 52 53
2 53 54
2 54 55
2 55 56
2 56 57
2 57 58
2 58 59
2 59 60
2 60 61
2 61 62
2 62 4
2 5 63
2 63 64
2 64 65
2 65 6
2 5 66
2 66 67
2 67 68
2 68 69
2 69 7
2 6 70
2 70 71
2 71 72
2 72 7
2 8 73
2 73 74
2 74 75
2 75 76
2 76 77
2 77 78
2 78 79
2 79 80
2 80 8
2 4 81
2 81 82
2 82 83
2 83 84
2 84 85
2 85 86
2 86 87
2 87 88
2 88 89
2 89 90
2 90 91
2 91 92
2 92 93
2 93 94
2 94 95
2 95 96
2 96 97
2 97 98
2 98 99
2 99 100
2 100 8
2 9 101
2 101 102
2 102 103
2 103 104
2 104 105
2 105 106
2 106 107
2 107 5
2 9 108
2 108 109
2 109 10
2 6 110
2 110 111
2 111 112
2 112 113
2 113 114
2 114 115
2 115 116
2 116 10
2 7 117
2 117 118
2 118 119
2 119 120
2 120 121
2 121 122
2 122 123
2 123 11
2 9 124
2 124 125
2 125 126
2 126 11
2 10 127
2 127 128
2 128 11
3 12 179 0
3 0 179 29
3 1 180 18
3 35 180 1
3 23 177 2
3 2 177 30
3 34 176 3
3 3 176 41
3 13 170 12
3 170 179 12
3 14 134 13
3 134 170 13
3 15 169 14
3 14 169 134
3 16 133 15
3 133 169 15
3 17 182 16
3 16 182 133
3 18 167 17
3 167 182 17
3 18 180 167
3 24 166 23
3 166 177 23
3 25 130 24
3 130 166 24
3 26 175 25
3 25 175 130
3 27 129 26
3 129 175 26
3 28 159 27
3 27 159 129
3 29 138 28
3 138 159 28
3 29 179 138
3 30 137 31
3 30 177 137
3 31 139 32
3 137 139 31
3 32 135 33
3 32 139 135
3 33 154 34
3 135 154 33
3 154 176 34
3 36 136 35
3 136 180 35
3 37 157 36
3 36 157 136
3 38 132 37
3 132 157 37
3 39 178 38
3 38 178 132
3 40 131 39
3 131 178 39
3 41 165 40
3 40 165 131
3 41 176 165
3 129 163 156
3 156 175 129
3 159 172 129
3 129 172 163
3 130 156 155
3 155 181 130
3 130 175 156
3 130 181 166
3 131 164 162
3 162 178 131
3 131 183 164
3 165 183 131
3 132 162 153
3 153 173 132
3 132 173 157
3 132 178 162
3 133 168 151
3 151 169 133
3 133 171 168
3 133 182 171
3 160 170 134
3 134 174 160
3 169 174 134
3 139 140 135
3 140 141 135
3 141 154 135
3 157 158 136
3 158 167 136
3 167 180 136
3 137 152 139
3 137 181 152
3 137 177 166
3 166 181 137
3 138 160 159
3 138 170 160
3 138 179 170
3 139 152 140
3 140 142 141
3 140 143 142
3 140 152 143
3 142 164 141
3 141 183 154
3 164 183 141
3 143 144 142
3 144 161 142
3 161 164 142
3 143 145 144
3 143 155 145
3 152 155 143
3 145 146 144
3 146 147 144
3 147 161 144
3 145 163 146
3 155 156 145
3 156 163 145
3 146 148 147
3 146 149 148
3 146 163 149
3 148 150 147
3 150 153 147
3 153 161 147
3 149 151 148
3 148 168 150
3 151 168 148
3 149 174 151
3 149 172 160
3 160 174 149
3 163 172 149
3 150 173 153
3 168 184 150
3 150 184 173
3 151 174 169
3 152 181 155
3 153 162 161
3 165 176 154
3 154 183 165
3 157 173 158
3 158 171 167
3 158 184 171
3 173 184 158
3 160 172 159
3 162 164 161
3 171 182 167
3 171 184 168
3 0 220 19
3 29 220 0
3 1 22 35
3 2 215 23
3 42 215 2
3 41 216 3
3 3 216 44
3 19 207 20
3 19 220 207
3 20 189 21
3 20 207 189
3 21 217 22
3 189 217 21
3 22 192 35
3 22 217 192
3 23 205 24
3 23 215 205
3 24 188 25
3 24 205 188
3 25 209 26
3 188 209 25
3 26 185 27
3 26 209 185
3 27 202 28
3 185 202 27
3 28 191 29
3 28 202 191
3 191 220 29
3 35 192 36
3 36 187 37
3 36 192 187
3 37 206 38
3 187 206 37
3 38 211 39
3 206 211 38
3 39 186 40
3 39 211 186
3 40 204 41
3 186 204 40
3 204 216 41
3 43 190 42
3 190 215 42
3 44 200 43
3 43 200 190
3 44 216 200
3 199 208 185
3 185 209 199
3 185 208 202
3 186 213 204
3 211 212 186
3 212 213 186
3 192 193 187
3 193 194 187
3 194 206 187
3 205 214 188
3 188 210 209
3 188 214 210
3 193 217 189
3 189 219 193
3 207 219 189
3 200 201 190
3 201 214 190
3 190 214 205
3 205 215 190
3 202 203 191
3 203 207 191
3 207 220 191
3 192 217 193
3 193 195 194
3 193 219 195
3 195 196 194
3 196 197 194
3 197 206 194
3 195 208 196
3 203 208 195
3 195 219 203
3 196 198 197
3 196 199 198
3 196 208 199
3 198 212 197
3 197 211 206
3 197 212 211
3 199 210 198
3 210 218 198
3 198 218 212
3 209 210 199
3 200 213 201
3 204 213 200
3 200 216 204
3 213 218 201
3 201 218 214
3 202 208 203
3 203 219 207
3 214 218 210
3 212 218 213
3 42 2 30
3 34 3 44
3 31 222 30
3 30 222 42
3 32 222 31
3 33 221 32
3 221 222 32
3 34 223 33
3 33 223 221
3 44 223 34
3 42 222 43
3 43 221 44
3 43 222 221
3 221 223 44
3 7 0 54
3 7 224 0
3 12 225 0
3 0 224 19
3 0 225 54
3 4 1 5
3 62 1 4
3 1 229 5
3 18 1 62
3 22 229 1
3 45 4 5
3 5 63 45
3 5 229 66
3 49 48 6
3 6 48 65
3 70 49 6
3 54 53 7
3 53 226 7
3 69 224 7
3 7 226 72
3 13 228 12
3 55 225 12
3 12 228 55
3 13 14 57
3 56 13 57
3 56 228 13
3 14 15 58
3 57 14 58
3 59 15 16
3 58 15 59
3 17 60 16
3 16 60 59
3 18 61 17
3 17 61 60
3 62 61 18
3 19 232 20
3 19 224 69
3 69 232 19
3 20 230 21
3 68 230 20
3 20 232 68
3 21 231 22
3 21 230 67
3 67 231 21
3 66 229 22
3 22 231 66
3 45 63 46
3 47 46 64
3 46 63 64
3 48 47 65
3 65 47 64
3 50 49 70
3 50 71 51
3 70 71 50
3 51 227 52
3 71 227 51
3 52 226 53
3 72 226 52
3 52 227 72
3 54 225 55
3 55 228 56
3 66 231 67
3 67 230 68
3 68 232 69
3 72 227 71
3 45 546 4
3 4 545 62
3 81 545 4
3 4 546 81
3 8 541 73
3 80 542 8
3 100 541 8
3 8 542 100
3 46 260 45
3 260 546 45
3 47 499 46
3 46 499 260
3 48 252 47
3 252 499 47
3 49 501 48
3 48 501 252
3 50 240 49
3 240 501 49
3 51 504 50
3 50 504 240
3 52 254 51
3 254 504 51
3 53 503 52
3 52 503 254
3 54 239 53
3 239 503 53
3 55 528 54
3 54 528 239
3 56 255 55
3 255 528 55
3 57 515 56
3 56 515 255
3 58 241 57
3 241 515 57
3 59 536 58
3 58 536 241
3 60 253 59
3 253 536 59
3 61 514 60
3 60 514 253
3 62 259 61
3 259 514 61
3 62 545 259
3 73 484 74
3 73 541 484
3 74 530 75
3 484 530 74
3 75 244 76
3 75 530 244
3 76 486 77
3 244 486 76
3 77 256 78
3 77 486 256
3 78 523 79
3 256 523 78
3 79 258 80
3 79 523 258
3 258 542 80
3 82 517 81
3 81 518 82
3 517 545 81
3 81 546 518
3 83 250 82
3 82 251 83
3 250 517 82
3 82 518 251
3 83 433 84
3 84 534 83
3 83 534 250
3 251 433 83
3 84 242 85
3 85 243 84
3 84 433 242
3 243 534 84
3 85 469 86
3 86 524 85
3 242 469 85
3 85 524 243
3 86 423 87
3 87 553 86
3 399 524 86
3 86 553 399
3 86 469 423
3 88 234 87
3 87 235 88
3 234 553 87
3 87 423 235
3 88 263 89
3 89 421 88
3 88 421 234
3 235 263 88
3 90 246 89
3 89 262 90
3 246 421 89
3 89 263 262
3 90 237 91
3 91 261 90
3 90 262 237
3 90 261 246
3 92 233 91
3 91 420 92
3 233 261 91
3 237 420 91
3 92 248 93
3 93 500 92
3 92 500 233
3 92 420 248
3 94 422 93
3 93 511 94
3 248 511 93
3 422 500 93
3 95 249 94
3 94 513 95
3 249 422 94
3 511 513 94
3 95 236 96
3 96 424 95
3 95 513 236
3 95 424 249
3 97 238 96
3 96 429 97
3 236 429 96
3 238 424 96
3 97 245 98
3 98 436 97
3 97 436 238
3 97 429 245
3 99 247 98
3 98 445 99
3 245 445 98
3 247 436 98
3 99 257 100
3 100 441 99
3 99 441 247
3 99 445 257
3 257 541 100
3 100 542 441
3 233 265 261
3 233 320 265
3 233 500 320
3 421 539 234
3 234 539 434
3 434 553 234
3 235 264 263
3 235 267 264
3 235 423 267
3 236 516 429
3 513 519 236
3 236 519 516
3 262 266 237
3 266 336 237
3 336 420 237
3 238 551 424
3 436 496 238
3 496 551 238
3 453 503 239
3 239 548 453
3 528 548 239
3 240 504 479
3 479 529 240
3 240 529 501
3 241 492 490
3 490 493 241
3 241 536 492
3 493 515 241
3 400 405 242
3 242 433 400
3 405 469 242
3 243 393 391
3 391 396 243
3 243 524 393
3 396 534 243
3 244 552 486
3 244 543 507
3 507 552 244
3 530 543 244
3 429 521 245
3 245 522 445
3 521 522 245
3 261 532 246
3 246 463 421
3 246 532 463
3 247 437 436
3 247 438 437
3 247 441 438
3 420 510 248
3 248 510 495
3 495 511 248
3 409 422 249
3 249 520 409
3 424 520 249
3 250 396 394
3 394 527 250
3 250 534 396
3 250 527 517
3 251 431 430
3 430 433 251
3 251 518 431
3 252 547 499
3 501 554 252
3 512 547 252
3 252 554 512
3 253 514 395
3 395 526 253
3 253 526 492
3 492 536 253
3 503 508 254
3 254 538 504
3 508 538 254
3 255 502 483
3 483 528 255
3 255 515 502
3 486 487 256
3 487 531 256
3 256 531 523
3 445 525 257
3 257 525 484
3 484 541 257
3 258 440 438
3 438 441 258
3 258 523 440
3 441 542 258
3 395 514 259
3 259 527 395
3 517 527 259
3 259 545 517
3 260 499 431
3 431 518 260
3 518 546 260
3 265 532 261
3 263 485 262
3 262 485 266
3 264 485 263
3 267 268 264
3 268 347 264
3 347 485 264
3 320 332 265
3 332 549 265
3 265 549 532
3 266 378 336
3 266 497 378
3 485 497 266
3 267 269 268
3 267 407 269
3 267 423 407
3 269 270 268
3 270 476 268
3 268 476 347
3 269 271 270
3 269 348 271
3 269 407 348
3 271 272 270
3 272 273 270
3 273 476 270
3 271 457 272
3 348 366 271
3 366 457 271
3 272 274 273
3 272 276 274
3 272 457 276
3 274 275 273
3 275 328 273
3 328 476 273
3 274 435 275
3 276 277 274
3 277 435 274
3 275 402 328
3 275 481 402
3 435 481 275
3 276 278 277
3 276 292 278
3 276 457 292
3 278 279 277
3 279 280 277
3 280 435 277
3 278 313 279
3 292 480 278
3 278 480 313
3 279 281 280
3 279 446 281
3 313 446 279
3 281 282 280
3 282 365 280
3 365 435 280
3 281 283 282
3 281 291 283
3 281 446 291
3 283 284 282
3 284 494 282
3 282 494 365
3 283 285 284
3 283 455 285
3 291 455 283
3 285 286 284
3 286 418 284
3 418 494 284
3 285 287 286
3 285 290 287
3 285 455 290
3 287 288 286
3 288 289 286
3 289 418 286
3 287 488 288
3 290 293 287
3 293 488 287
3 288 295 289
3 288 467 295
3 288 488 467
3 295 296 289
3 296 297 289
3 297 418 289
3 290 294 293
3 290 472 294
3 455 472 290
3 446 447 291
3 447 448 291
3 448 455 291
3 457 464 292
3 464 477 292
3 477 480 292
3 294 316 293
3 316 317 293
3 317 488 293
3 294 321 316
3 294 322 321
3 294 472 322
3 295 329 296
3 295 330 329
3 295 467 330
3 296 298 297
3 296 461 298
3 329 461 296
3 298 299 297
3 299 470 297
3 297 470 418
3 298 300 299
3 298 319 300
3 298 461 319
3 300 301 299
3 301 331 299
3 331 470 299
3 300 302 301
3 300 458 302
3 319 458 300
3 302 303 301
3 303 432 301
3 301 432 331
3 302 304 303
3 302 305 304
3 302 458 305
3 304 315 303
3 315 318 303
3 318 432 303
3 305 306 304
3 306 411 304
3 304 411 315
3 305 307 306
3 305 460 307
3 458 460 305
3 307 308 306
3 308 312 306
3 312 411 306
3 307 309 308
3 307 311 309
3 307 460 311
3 309 310 308
3 310 444 308
3 308 444 312
3 309 473 310
3 311 314 309
3 314 473 309
3 310 468 444
3 310 474 468
3 473 474 310
3 311 324 314
3 311 339 324
3 311 460 339
3 312 442 411
3 312 443 442
3 312 444 443
3 313 456 446
3 313 498 456
3 480 498 313
3 324 325 314
3 325 326 314
3 326 473 314
3 315 327 318
3 315 342 327
3 315 411 342
3 316 404 317
3 321 323 316
3 323 404 316
3 404 417 317
3 317 417 410
3 410 488 317
3 327 337 318
3 337 338 318
3 338 432 318
3 319 459 458
3 319 462 459
3 461 462 319
3 320 379 332
3 320 380 379
3 320 500 380
3 322 489 321
3 321 333 323
3 321 489 333
3 465 466 322
3 322 472 465
3 466 489 322
3 333 334 323
3 334 335 323
3 335 404 323
3 324 346 325
3 339 397 324
3 324 397 346
3 325 340 326
3 325 408 340
3 346 408 325
3 340 341 326
3 341 352 326
3 352 473 326
3 327 412 337
3 342 349 327
3 349 412 327
3 328 402 401
3 401 419 328
3 419 476 328
3 330 343 329
3 343 364 329
3 364 461 329
3 330 344 343
3 330 345 344
3 330 467 345
3 432 482 331
3 331 471 470
3 331 482 471
3 379 384 332
3 384 535 332
3 332 535 403
3 403 549 332
3 333 491 334
3 489 490 333
3 490 491 333
3 334 351 335
3 334 377 351
3 334 491 377
3 351 391 335
3 391 392 335
3 392 404 335
3 378 413 336
3 413 510 336
3 336 510 420
3 337 401 338
3 337 505 401
3 412 505 337
3 401 402 338
3 402 482 338
3 338 482 432
3 339 537 397
3 339 460 459
3 459 537 339
3 340 383 341
3 340 390 383
3 340 408 390
3 341 353 352
3 341 475 353
3 383 475 341
3 342 350 349
3 342 442 350
3 411 442 342
3 344 387 343
3 343 403 364
3 387 403 343
3 345 388 344
3 344 463 387
3 388 463 344
3 345 389 388
3 345 410 389
3 345 467 410
3 397 533 346
3 346 409 408
3 346 533 409
3 347 476 419
3 419 497 347
3 347 497 485
3 348 367 366
3 348 405 367
3 348 407 405
3 350 385 349
3 385 413 349
3 349 413 412
3 350 386 385
3 350 406 386
3 350 442 406
3 377 394 351
3 351 396 391
3 394 396 351
3 353 354 352
3 354 474 352
3 352 474 473
3 353 355 354
3 353 357 355
3 353 475 357
3 355 356 354
3 356 358 354
3 358 474 354
3 355 373 356
3 357 544 355
3 355 544 373
3 356 359 358
3 356 506 359
3 373 506 356
3 357 475 439
3 439 550 357
3 357 550 544
3 359 360 358
3 360 468 358
3 468 474 358
3 359 361 360
3 359 362 361
3 359 506 362
3 361 363 360
3 363 375 360
3 375 468 360
3 362 425 361
3 361 374 363
3 361 425 374
3 362 426 425
3 362 427 426
3 362 506 427
3 374 414 363
3 363 376 375
3 363 414 376
3 403 535 364
3 364 462 461
3 364 535 462
3 365 481 435
3 471 481 365
3 365 494 471
3 367 368 366
3 368 464 366
3 366 464 457
3 367 369 368
3 367 400 369
3 367 405 400
3 369 370 368
3 370 371 368
3 371 464 368
3 369 372 370
3 369 430 372
3 400 430 369
3 370 381 371
3 372 512 370
3 370 512 381
3 381 382 371
3 382 477 371
3 371 477 464
3 430 431 372
3 431 547 372
3 372 547 512
3 373 544 487
3 487 552 373
3 373 507 506
3 373 552 507
3 374 516 414
3 425 521 374
3 374 521 516
3 376 443 375
3 443 444 375
3 444 468 375
3 376 415 406
3 406 443 376
3 414 415 376
3 377 395 394
3 377 526 395
3 491 526 377
3 412 413 378
3 378 505 412
3 497 505 378
3 380 533 379
3 379 397 384
3 379 533 397
3 380 422 409
3 409 533 380
3 380 500 422
3 381 529 382
3 512 554 381
3 381 554 529
3 382 478 477
3 382 479 478
3 382 529 479
3 390 496 383
3 383 540 475
3 496 540 383
3 397 537 384
3 462 535 384
3 384 537 462
3 386 495 385
3 385 510 413
3 495 510 385
3 406 415 386
3 415 416 386
3 416 495 386
3 387 549 403
3 463 532 387
3 532 549 387
3 389 434 388
3 434 539 388
3 388 539 463
3 389 417 398
3 398 434 389
3 410 417 389
3 408 520 390
3 390 551 496
3 520 551 390
3 391 393 392
3 393 398 392
3 398 417 392
3 392 417 404
3 393 399 398
3 393 524 399
3 395 527 394
3 399 434 398
3 399 553 434
3 400 433 430
3 401 505 419
3 481 482 402
3 407 469 405
3 442 443 406
3 423 469 407
3 409 520 408
3 467 488 410
3 414 519 415
3 516 519 414
3 415 519 416
3 416 511 495
3 416 513 511
3 416 519 513
3 470 494 418
3 419 505 497
3 463 539 421
3 424 551 520
3 426 522 425
3 425 522 521
3 427 428 426
3 428 525 426
3 426 525 522
3 427 543 428
3 506 507 427
3 507 543 427
3 484 525 428
3 428 530 484
3 428 543 530
3 516 521 429
3 499 547 431
3 437 496 436
3 438 439 437
3 439 540 437
3 437 540 496
3 438 440 439
3 440 550 439
3 475 540 439
3 523 531 440
3 531 550 440
3 522 525 445
3 446 456 447
3 447 449 448
3 447 450 449
3 447 456 450
3 449 465 448
3 448 472 455
3 465 472 448
3 450 451 449
3 451 452 449
3 452 465 449
3 450 453 451
3 450 454 453
3 450 456 454
3 451 483 452
3 453 548 451
3 451 548 483
3 452 466 465
3 452 502 466
3 483 502 452
3 454 508 453
3 453 508 503
3 456 498 454
3 498 509 454
3 454 509 508
3 459 460 458
3 462 537 459
3 466 493 489
3 466 502 493
3 471 494 470
3 471 482 481
3 478 480 477
3 479 509 478
3 478 498 480
3 478 509 498
3 504 538 479
3 479 538 509
3 483 548 528
3 486 552 487
3 487 544 531
3 489 493 490
3 490 492 491
3 492 526 491
3 502 515 493
3 529 554 501
3 509 538 508
3 544 550 531
3 63 5 578
3 5 107 578
3 6 65 577
3 110 6 577
3 101 9 575
3 9 108 575
3 109 10 576
3 10 116 576
3 64 63 561
3 561 63 578
3 65 64 572
3 64 561 572
3 65 572 577
3 102 101 557
3 557 101 575
3 103 102 569
3 102 557 569
3 104 103 556
3 556 103 569
3 105 104 562
3 104 556 562
3 106 105 555
3 555 105 562
3 107 106 573
3 106 555 573
3 107 573 578
3 108 109 570
3 108 570 575
3 570 109 576
3 111 110 558
3 558 110 577
3 112 111 565
3 111 558 565
3 113 112 559
3 559 112 565
3 114 113 567
3 113 559 567
3 115 114 560
3 560 114 567
3 116 115 568
3 115 560 568
3 116 568 576
3 555 562 563
3 555 563 564
3 555 564 573
3 562 556 566
3 566 556 571
3 556 569 571
3 569 557 574
3 557 570 574
3 570 557 575
3 558 564 565
3 564 558 572
3 572 558 577
3 563 559 565
3 559 563 566
3 559 566 567
3 560 567 571
3 568 560 574
3 560 571 574
3 561 564 572
3 564 561 573
3 573 561 578
3 563 562 566
3 564 563 565
3 567 566 571
3 570 568 574
3 568 570 576
3 571 569 574
3 107 5 66
3 69 7 614
3 7 117 614
3 9 101 610
3 124 9 610
3 123 11 609
3 11 126 609
3 66 67 611
3 107 66 586
3 586 66 611
3 67 68 583
3 67 583 611
3 68 69 602
3 583 68 602
3 602 69 614
3 101 102 591
3 101 591 610
3 102 103 599
3 591 102 599
3 103 104 582
3 103 582 599
3 104 105 601
3 582 104 601
3 105 106 581
3 105 581 601
3 106 107 586
3 581 106 586
3 117 118 585
3 117 585 614
3 118 119 594
3 585 118 594
3 119 120 579
3 119 579 594
3 120 121 596
3 579 120 596
3 121 122 580
3 121 580 596
3 122 123 598
3 580 122 598
3 598 123 609
3 125 124 584
3 584 124 610
3 126 125 592
3 125 584 592
3 126 592 609
3 594 579 604
3 579 596 603
3 579 603 604
3 596 580 597
3 597 580 606
3 580 598 606
3 581 586 587
3 581 587 588
3 581 588 601
3 599 582 600
3 600 582 605
3 582 601 605
3 583 587 611
3 587 583 613
3 583 602 613
3 584 591 607
3 591 584 610
3 592 584 593
3 593 584 607
3 585 594 595
3 585 595 602
3 585 602 614
3 587 586 611
3 588 587 589
3 589 587 613
3 588 589 590
3 588 590 605
3 601 588 605
3 590 589 604
3 589 595 604
3 595 589 613
3 603 590 604
3 590 603 612
3 605 590 612
3 591 599 607
3 592 593 606
3 598 592 606
3 592 598 609
3 606 593 608
3 593 607 608
3 595 594 604
3 602 595 613
3 596 597 603
3 603 597 612
3 597 606 608
3 597 608 612
3 599 600 607
3 600 605 612
3 607 600 608
3 608 600 612
3 70 6 637
3 6 110 637
3 7 72 638
3 117 7 638
3 116 10 636
3 10 127 636
3 11 123 635
3 128 11 635
3 71 70 632
3 632 70 637
3 72 71 621
3 621 71 632
3 72 621 638
3 110 111 618
3 110 618 637
3 111 112 625
3 618 111 625
3 112 113 619
3 112 619 625
3 113 114 627
3 619 113 627
3 114 115 620
3 114 620 627
3 115 116 628
3 620 115 628
3 628 116 636
3 118 117 633
3 633 117 638
3 119 118 615
3 615 118 633
3 120 119 622
3 119 615 622
3 121 120 616
3 616 120 622
3 122 121 629
3 121 616 629
3 123 122 617
3 617 122 629
3 123 617 635
3 127 128 630
3 127 630 636
3 630 128 635
3 622 615 623
3 623 615 624
3 624 615 633
3 616 622 626
3 616 626 631
3 629 616 631
3 617 629 634
3 630 617 634
3 617 630 635
3 624 618 625
3 618 624 632
3 618 632 637
3 619 623 625
3 623 619 626
3 626 619 627
3 627 620 631
3 620 628 634
3 631 620 634
3 624 621 632
3 621 624 633
3 621 633 638
3 622 623 626
3 623 624 625
3 626 627 631
3 628 630 634
3 630 628 636
3 629 631 634
3 73 641 8
3 8 639 80
3 8 641 639
3 74 641 73
3 75 641 74
3 76 640 75
3 640 641 75
3 77 640 76
3 78 642 77
3 77 642 640
3 79 642 78
3 80 642 79
3 639 642 80
3 639 641 640
3 640 642 639
3 124 108 9
3 10 109 643
3 127 10 644
3 10 643 644
3 11 128 126
3 109 108 645
3 108 124 645
3 643 109 645
3 124 125 643
3 124 643 645
3 125 126 644
3 643 125 644
3 126 128 644
3 128 127 644
4 266 651 663 667
4 249 648 676 684
4 266 663 657 667
4 99 650 247 653
4 91 261 657 663
4 237 657 266 663
4 360 649 358 677
4 238 551 649 676
4 261 670 657 678
4 657 663 261 678
4 648 664 249 676
4 249 648 409 664
4 505 419 651 659
4 91 657 261 670
4 648 409 664 687
4 409 660 648 666
4 505 659 651 667
4 249 666 648 684
4 347 109 645 685
4 337 318 659 667
4 645 264 651 675
4 409 648 249 666
4 516 665 649 690
4 341 649 352 682
4 360 665 649 677
4 551 664 649 676
4 649 669 352 682
4 516 429 649 676
4 358 649 360 690
4 238 649 551 682
4 651 659 419 685
4 516 649 665 676
4 341 649 664 677
4 648 660 409 687
4 341 352 649 677
4 649 664 551 682
4 91 90 261 663
4 374 665 516 690
4 99 445 650 694
4 380 660 666 670
4 468 360 358 677
4 99 650 653 694
4 497 651 266 667
4 233 91 261 670
4 645 264 347 651
4 655 671 661 681
4 309 677 687 688
4 347 645 651 685
4 341 664 649 682
4 309 687 668 688
4 438 247 650 653
4 266 651 485 663
4 266 485 262 663
4 380 660 670 681
4 655 661 459 681
4 505 419 497 651
4 358 669 649 690
4 645 108 264 675
4 505 651 497 667
4 649 669 358 677
4 99 445 98 650
4 99 98 247 650
4 352 669 649 677
4 337 318 338 659
4 383 664 341 682
4 441 99 247 653
4 249 676 95 684
4 318 432 659 679
4 418 297 289 654
4 661 671 459 681
4 310 677 309 688
4 360 468 665 677
4 338 318 432 659
4 249 94 666 684
4 34 539 675 692
4 30 418 289 654
4 354 669 352 677
4 289 30 654 674
4 649 665 360 690
4 470 654 2 683
4 645 109 643 685
4 353 352 669 682
4 506 362 650 669
4 303 656 302 661
4 535 403 364 655
4 383 340 341 664
4 354 474 669 677
4 425 673 650 690
4 354 352 474 677
4 353 341 352 682
4 656 661 303 679
4 429 673 521 690
4 238 673 649 682
4 539 421 675 692
4 380 666 500 670
4 462 661 655 662
4 429 521 516 690
4 522 650 425 673
4 474 358 669 677
4 520 249 409 664
4 505 401 419 659
4 425 650 362 690
4 438 653 650 689
4 318 656 303 679
4 650 669 362 690
4 337 656 318 667
4 341 664 326 677
4 238 424 551 676
4 439 357 650 682
4 374 414 516 665
4 426 362 425 650
4 301 303 661 679
4 42 2 418 654
4 357 669 650 682
4 330 674 343 692
4 470 2 11 683
4 426 425 522 650
4 301 303 302 661
4 658 668 312 680
4 30 42 654 674
4 406 684 415 688
4 386 495 416 658
4 650 673 437 682
4 302 661 656 671
4 459 655 462 661
4 42 418 30 654
4 411 312 668 680
4 390 551 664 682
4 247 98 436 650
4 249 95 94 684
4 419 659 401 685
4 2 470 418 654
4 406 415 376 688
4 44 223 34 692
4 415 684 376 688
4 506 650 373 669
4 266 657 336 667
4 42 2 654 683
4 303 656 304 671
4 652 675 421 692
4 507 543 653 694
4 98 650 445 673
4 436 650 98 673
4 445 650 522 673
4 303 302 656 671
4 506 373 356 669
4 411 658 312 680
4 438 441 247 653
4 495 416 658 666
4 403 364 655 662
4 432 318 303 679
4 266 497 485 651
4 246 663 652 678
4 406 658 684 688
4 362 650 426 694
4 646 656 667 679
4 658 666 416 684
4 303 304 302 671
4 99 257 445 694
4 655 656 647 657
4 289 654 297 674
4 485 651 264 675
4 646 667 659 679
4 336 266 237 657
4 462 655 459 681
4 645 643 651 685
4 373 650 355 669
4 506 359 362 669
4 461 661 462 662
4 357 355 650 669
4 408 664 409 687
4 647 666 660 670
4 646 656 655 657
4 652 663 246 675
4 99 653 257 694
4 330 343 344 692
4 426 650 522 694
4 462 655 364 662
4 306 411 668 680
4 44 34 675 692
4 520 664 424 676
4 376 684 665 688
4 306 305 671 693
4 306 411 312 668
4 436 437 650 673
4 411 442 312 658
4 646 654 652 662
4 437 439 650 682
4 436 437 673 682
4 421 652 246 675
4 332 670 655 681
4 238 96 424 676
4 256 486 640 653
4 386 658 416 684
4 246 652 463 678
4 661 662 461 691
4 385 495 658 695
4 247 436 437 650
4 387 652 343 662
4 357 650 355 689
4 385 658 672 695
4 655 670 265 678
4 647 656 655 671
4 320 670 332 681
4 341 340 326 664
4 539 3 34 675
4 373 355 650 689
4 256 486 653 689
4 362 669 359 690
4 647 670 660 681
4 506 650 362 694
4 245 445 522 673
4 263 485 264 675
4 648 687 677 688
4 438 650 439 689
4 445 522 650 694
4 327 656 412 672
4 341 326 352 677
4 244 507 543 653
4 657 670 655 678
4 655 656 646 661
4 403 662 655 678
4 551 424 664 676
4 520 249 664 676
4 347 264 485 651
4 442 658 411 680
4 539 421 3 675
4 652 654 646 686
4 486 552 653 689
4 262 237 266 663
4 507 653 689 694
4 374 363 665 690
4 412 656 667 672
4 247 437 438 650
4 354 474 358 669
4 238 97 96 673
4 656 661 655 671
4 439 475 357 682
4 297 654 296 674
4 304 671 656 680
4 245 98 445 673
4 296 654 297 691
4 306 671 304 680
4 2 126 11 683
4 654 296 674 691
4 383 390 664 682
4 413 667 657 672
4 327 656 337 667
4 520 424 249 676
4 651 646 663 667
4 413 336 657 667
4 552 507 653 689
4 386 385 495 658
4 387 463 652 678
4 422 409 249 666
4 310 309 308 688
4 297 418 470 654
4 309 668 308 688
4 646 652 651 663
4 363 360 665 690
4 357 353 669 682
4 327 318 337 656
4 303 315 304 656
4 11 471 470 683
4 439 438 437 650
4 535 364 462 655
4 44 675 652 692
4 357 439 650 689
4 652 662 387 678
4 552 244 486 653
4 289 297 296 674
4 470 11 2 494
4 422 660 409 666
4 652 662 654 674
4 306 305 304 671
4 495 666 658 695
4 42 126 2 683
4 657 663 646 667
4 373 355 356 669
4 665 677 468 688
4 640 486 244 653
4 244 543 530 653
4 461 462 364 662
4 332 265 655 670
4 651 652 646 686
4 304 656 315 680
4 309 677 473 687
4 516 665 414 676
4 246 463 532 678
4 463 652 421 692
4 244 552 507 653
4 306 307 305 693
4 648 668 687 688
4 109 347 476 685
4 444 468 677 688
4 246 421 463 652
4 656 672 327 680
4 541 100 639 653
4 420 657 91 670
4 379 320 332 681
4 520 409 408 664
4 124 645 651 675
4 380 660 422 666
4 349 327 412 672
4 378 266 336 667
4 306 668 307 693
4 428 653 543 694
4 496 238 551 682
4 506 507 373 694
4 374 363 414 665
4 500 670 666 695
4 349 327 672 680
4 531 256 653 689
4 437 540 439 682
4 468 358 474 677
4 97 429 96 673
4 332 320 265 670
4 647 660 658 668
4 92 420 91 670
4 30 42 2 418
4 507 689 373 694
4 327 412 656 667
4 262 485 263 675
4 331 654 470 683
4 658 660 648 668
4 639 100 542 653
4 44 34 3 675
4 412 667 413 672
4 244 530 640 653
4 521 374 516 690
4 647 668 680 693
4 385 658 350 672
4 357 475 353 682
4 543 428 530 653
4 413 378 336 667
4 409 422 380 660
4 657 670 420 695
4 350 672 658 680
4 646 663 657 678
4 310 444 677 688
4 357 355 544 689
4 419 347 651 685
4 256 487 486 689
4 647 658 660 666
4 539 463 421 692
4 655 657 647 670
4 444 468 310 677
4 353 352 354 669
4 651 659 646 667
4 510 657 420 695
4 647 657 656 672
4 494 470 11 471
4 516 414 519 676
4 655 661 646 662
4 648 660 658 666
4 646 657 655 678
4 470 331 299 654
4 299 654 331 679
4 380 422 500 666
4 256 640 642 653
4 387 532 463 678
4 327 337 412 667
4 331 679 654 683
4 497 419 347 651
4 523 531 256 653
4 265 332 655 678
4 124 108 645 675
4 312 668 658 688
4 495 511 416 666
4 349 342 327 680
4 383 390 340 664
4 309 473 314 687
4 647 680 671 693
4 510 672 657 695
4 458 459 661 671
4 238 436 673 682
4 336 657 510 672
4 651 646 659 686
4 326 677 664 687
4 403 655 332 678
4 413 657 336 672
4 551 390 496 682
4 289 31 30 674
4 656 646 661 679
4 331 482 679 683
4 659 679 482 683
4 109 347 645 264
4 42 654 674 686
4 319 459 462 661
4 387 652 463 692
4 645 643 124 651
4 30 222 42 674
4 326 314 473 687
4 652 674 654 686
4 326 473 677 687
4 309 310 473 677
4 359 358 360 690
4 533 409 380 660
4 387 463 344 692
4 432 482 659 679
4 359 669 358 690
4 654 659 646 686
4 92 420 670 695
4 506 356 359 669
4 386 350 385 658
4 497 266 378 667
4 357 353 355 669
4 646 654 662 691
4 409 660 346 687
4 301 302 300 661
4 523 256 642 653
4 408 409 346 687
4 440 531 653 689
4 500 666 93 695
4 95 249 424 676
4 486 487 552 689
4 647 668 658 680
4 384 535 462 655
4 542 258 639 653
4 357 550 439 689
4 375 360 468 665
4 332 403 535 655
4 522 425 521 673
4 330 32 674 692
4 320 380 500 670
4 442 350 658 680
4 347 485 497 651
4 312 658 442 688
4 403 332 549 678
4 338 401 337 659
4 100 99 441 653
4 439 540 475 682
4 657 667 656 672
4 521 673 425 690
4 263 264 108 675
4 666 670 647 695
4 656 657 646 667
4 461 319 462 661
4 484 257 653 694
4 311 668 687 693
4 265 549 332 678
4 471 331 470 683
4 311 668 309 687
4 646 662 652 678
4 338 432 482 659
4 297 470 299 654
4 646 652 663 678
4 516 236 429 676
4 510 336 420 657
4 44 652 675 686
4 496 390 383 682
4 442 342 350 680
4 297 654 299 691
4 315 656 327 680
4 384 332 535 655
4 100 257 99 653
4 318 315 303 656
4 641 640 530 653
4 302 458 661 671
4 462 459 537 681
4 42 674 222 686
4 413 336 510 672
4 92 670 500 695
4 655 662 646 678
4 326 664 325 687
4 311 687 324 693
4 31 222 30 674
4 31 289 295 674
4 89 246 663 675
4 652 43 674 686
4 442 406 443 658
4 641 541 639 653
4 525 445 257 694
4 511 416 666 684
4 664 665 649 676
4 647 671 655 681
4 458 300 302 661
4 484 530 428 653
4 221 652 43 674
4 332 655 384 681
4 420 237 91 657
4 484 653 428 694
4 440 653 438 689
4 649 665 664 677
4 462 384 655 681
4 442 658 443 688
4 419 476 347 685
4 406 443 658 688
4 531 523 440 653
4 658 648 684 688
4 262 90 237 663
4 648 665 664 676
4 664 665 648 677
4 327 315 318 656
4 124 675 651 686
4 261 663 246 678
4 324 687 660 693
4 403 387 662 678
4 458 459 319 661
4 31 295 467 674
4 644 685 683 686
4 406 376 443 688
4 95 513 94 684
4 651 663 652 675
4 647 670 657 695
4 647 657 672 695
4 263 108 9 675
4 238 496 436 682
4 542 100 441 653
4 429 236 96 676
4 89 421 246 675
4 646 659 654 679
4 301 661 300 679
4 299 654 679 691
4 299 679 300 691
4 438 258 441 653
4 300 679 661 691
4 506 362 427 694
4 403 387 343 662
4 411 306 304 680
4 652 674 221 692
4 31 467 32 674
4 533 397 660 681
4 301 432 303 679
4 44 675 124 686
4 109 476 643 685
4 639 258 642 653
4 541 257 100 653
4 89 663 262 675
4 92 500 93 695
4 296 461 329 691
4 340 325 326 664
4 373 544 355 689
4 658 647 672 695
4 461 662 329 691
4 126 644 683 686
4 330 32 467 674
4 533 379 397 681
4 445 525 522 694
4 432 331 482 679
4 330 467 295 674
4 520 551 424 664
4 261 90 246 663
4 484 525 257 694
4 415 519 414 684
4 336 237 420 657
4 363 360 375 665
4 660 668 647 693
4 238 436 97 673
4 484 641 530 653
4 651 675 652 686
4 125 651 685 686
4 221 674 32 692
4 222 674 43 686
4 422 249 94 666
4 412 378 413 667
4 319 661 461 691
4 511 666 94 684
4 401 659 402 685
4 125 124 651 686
4 42 222 43 686
4 300 661 298 691
4 386 416 415 684
4 683 685 659 686
4 511 94 513 684
4 646 662 661 691
4 646 679 654 691
4 643 125 124 651
4 402 659 482 683
4 338 482 402 659
4 660 687 668 693
4 541 484 257 653
4 92 91 233 670
4 459 681 671 693
4 342 315 327 680
4 516 519 236 676
4 43 652 44 686
4 379 332 384 681
4 125 651 643 685
4 665 684 648 688
4 228 55 56 255
4 511 666 495 695
4 438 440 258 653
4 654 674 662 691
4 441 258 542 653
4 254 52 51 227
4 522 521 245 673
4 642 258 523 653
4 349 412 413 672
4 658 672 647 680
4 221 44 43 652
4 659 683 402 685
4 541 641 484 653
4 311 309 314 687
4 654 679 659 683
4 376 665 375 688
4 523 258 440 653
4 127 683 644 685
4 275 127 328 685
4 385 672 510 695
4 484 428 525 694
4 363 361 360 690
4 403 343 364 662
4 296 295 289 674
4 658 666 647 695
4 552 373 507 689
4 401 338 402 659
4 93 500 422 666
4 312 442 443 688
4 330 345 32 692
4 440 438 439 689
4 648 666 658 684
4 654 683 659 686
4 475 341 353 682
4 443 376 375 688
4 481 128 127 683
4 263 89 262 675
4 656 671 647 680
4 495 385 510 695
4 320 233 265 670
4 408 325 664 687
4 310 308 444 688
4 506 427 507 694
4 339 660 397 693
4 648 677 665 688
4 10 643 109 476
4 275 328 402 685
4 339 324 660 693
4 349 385 350 672
4 339 397 681 693
4 301 300 299 679
4 645 108 109 264
4 660 681 397 693
4 642 640 639 653
4 311 307 309 668
4 462 537 384 681
4 108 124 9 675
4 650 673 669 690
4 95 676 513 684
4 655 670 647 681
4 126 125 644 686
4 659 685 651 686
4 125 685 644 686
4 647 672 656 680
4 32 222 31 674
4 664 677 648 687
4 550 440 439 689
4 505 497 378 667
4 306 312 308 668
4 646 661 679 691
4 643 476 10 685
4 299 300 298 691
4 9 235 108 263
4 302 304 305 671
4 300 319 298 661
4 339 324 397 660
4 641 639 640 653
4 503 53 52 226
4 298 661 319 691
4 307 460 305 693
4 261 246 532 678
4 350 386 406 658
4 409 533 346 660
4 669 673 650 682
4 312 308 668 688
4 236 676 519 684
4 307 668 311 693
4 361 362 359 690
4 339 681 537 693
4 459 537 681 693
4 436 496 437 682
4 513 676 236 684
4 326 473 352 677
4 3 421 88 675
4 339 311 324 693
4 92 248 420 695
4 340 408 325 664
4 442 411 342 680
4 295 296 329 674
4 436 98 97 673
4 350 406 442 658
4 361 359 360 690
4 262 89 90 663
4 459 339 537 693
4 408 346 325 687
4 356 358 359 669
4 222 221 43 674
4 611 586 217 231
4 459 671 460 693
4 460 671 305 693
4 458 319 300 661
4 482 331 471 683
4 326 325 314 687
4 363 374 361 690
4 54 55 225 528
4 511 513 416 684
4 583 189 68 230
4 513 236 519 684
4 124 43 44 686
4 298 297 299 691
4 510 420 248 695
4 648 668 660 687
4 189 20 68 230
4 355 353 354 669
4 232 614 220 602
4 520 390 551 664
4 665 676 648 684
4 649 673 669 682
4 222 32 221 674
4 248 511 495 695
4 235 108 263 264
4 496 540 437 682
4 329 330 295 674
4 364 329 461 662
4 127 128 644 683
4 531 487 256 689
4 125 43 124 686
4 474 310 468 677
4 650 689 653 694
4 429 245 521 673
4 98 245 97 673
4 328 401 402 685
4 658 668 648 688
4 298 296 297 691
4 95 424 96 676
4 93 666 511 695
4 308 309 307 668
4 248 93 511 695
4 100 639 8 541
4 669 673 649 690
4 525 426 522 694
4 306 308 307 668
4 117 118 29 585
4 513 95 236 676
4 89 246 90 663
4 460 459 458 671
4 364 343 329 662
4 376 414 363 665
4 486 640 77 256
4 361 425 362 690
4 304 315 411 680
4 403 549 387 678
4 2 418 470 494
4 102 599 103 186
4 539 234 3 421
4 44 3 9 675
4 419 328 476 685
4 362 426 427 694
4 599 103 186 211
4 337 505 412 667
4 126 42 43 686
4 220 207 232 602
4 305 460 458 671
4 97 245 429 673
4 582 601 104 211
4 328 419 401 685
4 586 217 231 192
4 475 383 341 682
4 302 305 458 671
4 118 191 29 585
4 9 88 263 675
4 204 599 102 186
4 298 319 461 691
4 191 29 28 118
4 356 354 358 669
4 397 324 346 660
4 40 102 103 186
4 206 104 601 211
4 27 118 119 594
4 103 599 582 211
4 375 376 363 665
4 346 660 324 687
4 374 521 425 690
4 397 346 533 660
4 10 328 127 685
4 122 23 205 123
4 474 352 473 677
4 671 681 647 693
4 355 354 356 669
4 585 118 191 594
4 582 104 103 211
4 660 647 681 693
4 118 27 28 594
4 118 28 191 594
4 104 601 105 206
4 224 7 29 117
4 507 427 543 694
4 126 43 125 686
4 311 314 324 687
4 542 639 8 100
4 603 199 208 590
4 500 92 233 670
4 596 209 185 603
4 186 103 39 211
4 9 124 44 675
4 103 39 40 186
4 199 603 612 590
4 102 40 41 204
4 128 471 11 683
4 103 104 38 211
4 312 444 308 688
4 579 208 202 604
4 265 261 532 678
4 102 591 599 204
4 579 120 185 596
4 209 188 210 580
4 585 191 207 595
4 580 209 121 596
4 500 233 320 670
4 202 28 27 594
4 612 608 597 198
4 204 102 40 186
4 199 185 209 603
4 95 96 236 676
4 202 594 579 604
4 495 510 248 695
4 205 598 122 123
4 76 244 640 486
4 608 210 597 198
4 92 93 248 695
4 38 104 206 211
4 598 580 188 122
4 104 105 38 206
4 588 195 589 193
4 443 375 444 688
4 580 210 209 597
4 202 191 28 594
4 530 75 244 640
4 117 29 224 614
4 594 191 585 595
4 605 601 197 194
4 109 268 347 264
4 299 331 301 679
4 537 339 397 681
4 209 26 25 121
4 474 473 310 677
4 610 41 3 216
4 621 71 72 227
4 422 94 93 666
4 103 38 39 211
4 202 185 208 579
4 101 41 3 610
4 402 482 481 683
4 23 11 215 123
4 614 220 69 232
4 609 215 11 123
4 345 330 344 692
4 120 26 185 596
4 590 199 208 196
4 230 583 189 611
4 460 307 311 693
4 459 460 339 693
4 390 520 408 664
4 601 582 605 197
4 88 421 89 675
4 590 612 199 196
4 188 209 25 580
4 185 27 26 120
4 194 601 197 206
4 602 585 207 595
4 212 600 582 197
4 29 220 224 614
4 203 191 202 594
4 10 476 328 685
4 607 218 608 600
4 596 185 579 603
4 600 582 599 212
4 43 190 125 584
4 43 190 584 200
4 296 298 461 691
4 121 25 209 580
4 592 125 190 584
4 378 412 505 667
4 432 301 331 679
4 27 185 202 579
4 34 388 539 692
4 25 24 188 122
4 201 593 592 200
4 212 599 213 186
4 205 24 23 122
4 611 189 230 217
4 198 612 605 196
4 9 3 88 675
4 128 481 471 683
4 3 44 610 216
4 413 510 385 672
4 584 610 44 216
4 126 215 11 609
4 203 191 594 595
4 586 229 107 192
4 193 588 194 187
4 605 600 198 197
4 29 0 7 224
4 579 185 208 603
4 197 582 212 211
4 26 209 185 596
4 604 603 208 590
4 608 218 210 198
4 605 600 612 198
4 594 202 203 604
4 288 31 289 295
4 607 600 599 212
4 602 189 68 583
4 231 217 22 192
4 586 611 66 231
4 41 610 591 216
4 411 315 342 680
4 610 41 591 101
4 581 588 587 193
4 581 588 193 187
4 191 203 207 595
4 589 590 195 588
4 584 591 610 216
4 189 68 20 602
4 213 599 204 186
4 212 198 600 197
4 20 207 189 602
4 190 42 43 126
4 118 29 548 117
4 603 208 579 604
4 388 463 539 692
4 600 218 608 198
4 194 195 588 193
4 256 640 77 642
4 586 22 229 192
4 232 20 68 602
4 231 22 586 192
4 614 585 220 602
4 205 215 190 609
4 105 37 38 206
4 208 604 590 589
4 265 532 549 678
4 3 9 101 610
4 601 581 105 187
4 232 207 20 602
4 2 23 11 215
4 596 580 209 597
4 591 204 200 213
4 220 19 69 232
4 124 44 43 584
4 197 198 605 196
4 589 587 588 193
4 32 345 33 692
4 230 21 67 611
4 29 118 548 28
4 12 0 225 179
4 595 594 203 604
4 94 511 93 666
4 600 605 582 197
4 590 195 208 589
4 89 263 88 675
4 125 643 644 685
4 413 385 349 672
4 187 601 194 206
4 226 7 72 638
4 207 585 220 191
4 204 591 599 213
4 357 544 550 689
4 397 379 384 681
4 33 388 223 692
4 611 230 21 217
4 601 605 588 194
4 365 11 128 471
4 215 11 2 126
4 390 408 340 664
4 195 219 589 193
4 199 208 185 603
4 9 3 44 610
4 639 542 80 258
4 213 607 599 212
4 43 125 124 584
4 592 214 205 598
4 3 34 234 539
4 604 203 595 589
4 200 607 591 213
4 29 117 585 614
4 201 593 200 213
4 10 127 644 685
4 44 43 584 200
4 190 592 584 200
4 219 613 589 587
4 23 122 283 123
4 216 591 204 200
4 69 614 232 602
4 204 41 591 216
4 214 210 188 580
4 125 190 43 126
4 590 588 605 196
4 608 612 600 198
4 220 207 19 232
4 208 203 202 604
4 198 600 218 212
4 590 208 195 196
4 598 205 592 609
4 552 487 373 689
4 581 587 586 193
4 170 12 13 228
4 201 593 606 592
4 192 581 193 187
4 592 190 125 126
4 199 603 597 612
4 34 223 388 692
4 580 188 214 598
4 583 68 67 230
4 189 21 20 230
4 207 602 595 613
4 210 199 209 597
4 585 220 29 614
4 105 36 37 187
4 215 2 42 126
4 591 607 599 213
4 374 425 361 690
4 597 580 210 606
4 585 207 220 602
4 189 21 230 217
4 67 583 230 611
4 107 229 35 192
4 198 199 612 196
4 275 127 481 128
4 118 451 27 119
4 128 11 126 683
4 219 189 207 613
4 191 220 29 585
4 612 590 605 196
4 221 32 33 692
4 581 192 106 187
4 22 586 229 66
4 613 189 587 219
4 481 482 471 683
4 586 66 22 231
4 27 28 451 118
4 609 598 205 123
4 365 128 481 471
4 44 9 610 124
4 592 606 214 598
4 106 105 581 187
4 544 373 487 689
4 312 443 444 688
4 124 610 44 584
4 200 593 607 213
4 194 197 605 196
4 584 592 593 200
4 460 311 339 693
4 117 7 53 226
4 263 9 235 88
4 36 106 192 187
4 592 190 201 200
4 532 387 549 678
4 325 346 324 687
4 32 330 467 345
4 189 602 613 583
4 608 597 210 606
4 591 584 607 200
4 36 105 106 187
4 232 68 69 602
4 20 19 207 232
4 88 3 234 421
4 587 589 219 193
4 580 214 210 606
4 606 214 201 592
4 415 416 519 684
4 126 644 128 683
4 203 195 219 589
4 218 608 593 607
4 602 189 613 207
4 613 203 219 589
4 194 605 588 196
4 611 583 189 587
4 205 214 188 598
4 223 33 34 388
4 189 613 587 583
4 190 214 205 592
4 216 44 584 200
4 586 581 193 192
4 548 239 118 117
4 122 23 283 24
4 103 102 40 85
4 584 591 216 200
4 123 122 283 281
4 87 41 3 101
4 23 11 123 282
4 611 193 189 217
4 613 595 203 589
4 78 523 256 642
4 592 205 190 609
4 126 592 190 609
4 540 383 475 682
4 103 38 104 84
4 35 1 22 229
4 5 107 66 229
4 541 639 8 641
4 193 611 189 587
4 606 580 214 598
4 640 530 75 641
4 192 581 106 586
4 121 26 447 120
4 640 77 76 486
4 121 291 25 122
4 587 219 189 193
4 397 384 537 681
4 108 268 109 264
4 103 40 39 85
4 80 642 639 258
4 607 584 593 200
4 214 190 201 592
4 103 39 38 84
4 451 118 453 119
4 328 273 10 127
4 77 78 256 642
4 325 324 314 687
4 66 586 229 107
4 22 35 229 192
4 75 76 244 640
4 611 586 193 217
4 11 23 2 282
4 3 9 87 101
4 143 321 145 144
4 142 143 316 140
4 226 117 7 638
4 0 29 220 224
4 586 587 611 193
4 214 201 218 606
4 416 513 519 684
4 118 117 503 633
4 29 7 239 117
4 117 224 7 614
4 446 629 279 122
4 80 79 642 258
4 541 8 73 641
4 127 328 273 275
4 503 117 53 226
4 427 428 543 694
4 540 496 383 682
4 143 152 316 140
4 228 170 12 179
4 447 25 26 121
4 427 426 428 694
4 344 388 345 692
4 146 321 333 144
4 119 450 27 120
4 121 446 291 122
4 30 31 289 288
4 142 316 143 144
4 347 268 109 476
4 79 523 642 258
4 281 283 123 282
4 72 52 254 227
4 144 142 316 323
4 644 643 10 685
4 423 102 101 557
4 24 25 291 122
4 404 142 316 140
4 626 627 619 480
4 344 463 388 692
4 563 372 430 555
4 567 368 367 566
4 280 123 635 365
4 72 254 621 227
4 155 293 294 143
4 239 548 29 117
4 4 5 1 81
4 122 279 446 281
4 220 19 0 224
4 86 399 41 524
4 229 1 5 107
4 69 7 224 614
4 142 144 161 323
4 144 333 146 147
4 226 503 117 638
4 48 252 501 577
4 272 276 115 628
4 122 446 291 281
4 175 449 465 448
4 106 35 36 192
4 217 586 193 192
4 334 161 147 323
4 144 321 333 323
4 316 321 143 144
4 295 288 31 467
4 7 29 239 0
4 491 333 147 148
4 121 447 446 120
4 457 272 276 115
4 345 388 33 692
4 150 377 334 491
4 144 147 161 323
4 167 158 171 514
4 170 228 255 179
4 450 26 27 120
4 280 282 123 365
4 368 369 367 566
4 152 317 316 140
4 63 45 46 260
4 621 254 51 227
4 477 619 627 480
4 619 382 477 371
4 611 21 67 231
4 101 41 102 86
4 560 367 348 571
4 641 530 74 484
4 629 278 313 279
4 287 293 152 488
4 51 71 621 227
4 404 316 142 323
4 278 631 629 313
4 137 181 287 285
4 284 23 283 282
4 181 290 287 285
4 147 144 333 323
4 560 567 367 571
4 617 122 123 281
4 423 469 102 557
4 525 428 426 694
4 21 611 217 231
4 123 281 282 280
4 366 367 348 560
4 404 316 317 140
4 242 85 103 84
4 293 290 287 181
4 115 114 457 560
4 292 477 627 480
4 276 620 292 457
4 276 272 274 628
4 447 456 446 120
4 334 333 147 491
4 446 291 447 121
4 274 277 276 628
4 224 220 69 614
4 631 292 480 278
4 294 290 293 155
4 274 435 127 275
4 451 453 450 119
4 277 279 617 280
4 620 292 278 276
4 285 286 177 284
4 440 550 531 689
4 457 272 115 271
4 294 472 290 155
4 120 119 456 622
4 270 116 272 271
4 382 619 112 371
4 31 137 139 488
4 524 41 40 165
4 118 239 548 453
4 469 407 405 569
4 250 82 37 83
4 366 464 368 567
4 269 568 576 271
4 456 446 616 313
4 366 348 271 560
4 313 446 629 279
4 272 273 116 270
4 635 435 280 365
4 118 117 453 503
4 221 33 223 692
4 175 465 472 448
4 293 316 294 143
4 278 480 631 313
4 281 617 279 280
4 158 136 527 395
4 38 105 104 83
4 400 405 367 571
4 476 268 109 270
4 544 531 550 689
4 274 127 273 275
4 400 367 369 566
4 123 283 23 282
4 283 285 23 284
4 152 293 287 181
4 569 405 469 242
4 334 153 161 351
4 115 276 620 628
4 85 103 469 242
4 586 107 106 192
4 395 253 171 514
4 118 28 451 453
4 431 430 372 555
4 316 293 152 143
4 555 431 430 251
4 477 627 464 292
4 288 31 467 488
4 41 40 102 86
4 64 46 47 499
4 636 273 272 274
4 366 368 367 567
4 334 147 333 323
4 465 449 175 129
4 113 619 477 371
4 293 152 317 316
4 407 575 423 267
4 171 526 253 395
4 575 235 423 267
4 47 48 65 252
4 294 321 322 145
4 367 405 348 571
4 135 317 139 140
4 621 254 633 538
4 637 110 49 501
4 619 113 112 371
4 114 464 457 366
4 114 464 292 457
4 392 335 164 391
4 239 118 117 453
4 559 368 567 566
4 388 345 33 389
4 281 123 617 280
4 270 269 576 271
4 576 568 116 271
4 400 405 556 242
4 140 317 404 417
4 284 2 23 282
4 477 464 113 371
4 631 626 616 313
4 407 469 557 569
4 269 348 568 271
4 498 456 616 313
4 400 405 571 556
4 268 269 576 270
4 139 32 31 488
4 449 26 447 448
4 114 464 366 567
4 316 321 144 323
4 335 142 161 323
4 155 152 293 143
4 145 321 163 146
4 450 27 451 119
4 131 39 40 524
4 345 410 33 389
4 181 137 166 285
4 479 529 618 240
4 369 368 370 559
4 153 173 132 394
4 135 410 317 417
4 367 366 567 560
4 446 121 629 122
4 282 284 2 494
4 433 242 104 84
4 494 11 282 365
4 423 235 9 87
4 368 113 464 371
4 480 498 626 313
4 317 139 410 135
4 366 457 114 560
4 503 453 118 633
4 469 102 569 103
4 291 447 25 448
4 467 31 32 488
4 423 469 557 407
4 418 2 284 494
4 147 150 491 148
4 480 619 626 478
4 288 137 287 286
4 371 370 368 559
4 58 15 14 169
4 110 49 6 637
4 530 74 75 641
4 389 33 388 434
4 61 17 60 514
4 122 617 279 281
4 87 235 9 88
4 9 423 87 101
4 137 285 286 177
4 457 276 620 115
4 240 618 479 504
4 175 449 26 129
4 453 454 450 119
4 351 153 132 394
4 365 494 11 471
4 400 369 430 566
4 333 149 146 148
4 25 455 291 448
4 633 621 538 624
4 480 477 619 478
4 498 616 626 313
4 270 576 116 271
4 87 3 234 88
4 220 69 19 224
4 465 156 163 129
4 292 627 631 480
4 11 635 123 365
4 119 454 456 622
4 410 135 389 417
4 30 286 418 284
4 49 6 48 501
4 469 102 103 85
4 86 399 553 41
4 629 121 446 616
4 151 491 168 148
4 371 112 382 381
4 455 285 166 283
4 0 225 179 528
4 141 140 404 417
4 568 115 116 271
4 556 400 242 433
4 53 54 7 239
4 115 272 116 271
4 54 0 7 239
4 103 569 469 242
4 404 164 142 141
4 283 24 455 291
4 103 104 556 242
4 418 2 30 284
4 287 137 285 286
4 112 111 625 382
4 465 156 322 163
4 626 498 480 478
4 490 241 151 492
4 369 368 559 566
4 33 34 388 434
4 130 472 455 448
4 435 630 635 280
4 455 290 472 130
4 22 21 217 231
4 67 66 611 231
4 73 541 641 484
4 136 259 527 395
4 50 51 71 504
4 620 114 292 457
4 105 38 37 83
4 453 117 239 503
4 400 571 566 556
4 616 446 629 313
4 508 453 118 615
4 405 571 556 569
4 450 456 447 120
4 488 317 139 410
4 334 335 161 323
4 626 631 480 313
4 528 29 54 239
4 242 104 556 433
4 453 503 508 633
4 264 235 108 267
4 291 283 24 281
4 501 6 48 577
4 101 9 423 575
4 620 627 631 292
4 132 153 351 162
4 631 620 292 278
4 26 449 175 448
4 115 116 272 628
4 154 389 417 398
4 430 566 563 562
4 106 107 35 192
4 623 615 622 509
4 287 152 181 137
4 147 150 334 491
4 348 568 271 560
4 423 9 235 575
4 130 455 25 448
4 456 450 119 120
4 288 289 30 286
4 410 33 32 345
4 632 618 504 624
4 417 392 141 398
4 450 454 456 119
4 566 430 400 562
4 25 175 130 448
4 140 135 317 417
4 630 435 277 280
4 153 150 377 334
4 617 279 629 122
4 130 175 472 448
4 147 153 161 334
4 504 51 71 621
4 282 11 123 365
4 10 273 328 476
4 107 1 5 81
4 161 335 334 351
4 181 293 290 155
4 274 435 277 630
4 481 435 275 128
4 51 504 254 621
4 128 481 435 365
4 464 113 627 477
4 370 372 369 563
4 252 47 499 572
4 382 112 111 381
4 264 108 268 267
4 477 382 619 478
4 162 335 351 391
4 574 348 269 407
4 282 2 11 494
4 179 55 255 528
4 371 368 113 559
4 367 400 571 566
4 32 467 488 410
4 627 620 114 292
4 294 145 155 143
4 637 49 70 240
4 410 32 467 345
4 449 447 26 450
4 334 377 153 351
4 146 145 321 144
4 113 627 114 464
4 137 31 30 288
4 404 142 335 323
4 620 114 457 115
4 544 487 531 689
4 464 627 114 292
4 155 472 290 130
4 369 430 566 563
4 476 10 273 270
4 103 104 242 84
4 254 508 633 538
4 114 113 464 567
4 183 141 392 398
4 569 556 405 242
4 392 141 404 417
4 351 132 396 394
4 465 449 129 452
4 622 623 509 498
4 56 170 228 255
4 273 636 127 274
4 623 622 626 498
4 322 321 163 145
4 546 5 4 81
4 288 30 137 286
4 25 24 455 130
4 154 389 135 417
4 622 454 456 498
4 37 38 132 534
4 1 4 81 545
4 476 109 10 270
4 393 131 243 391
4 483 452 502 159
4 34 33 154 434
4 271 568 115 560
4 159 483 452 451
4 562 430 400 433
4 154 33 389 434
4 54 29 0 239
4 159 28 483 451
4 286 289 30 418
4 276 277 278 634
4 528 255 179 138
4 368 464 113 567
4 567 113 368 559
4 452 449 27 451
4 632 50 71 504
4 178 396 243 391
4 451 449 27 450
4 371 370 112 381
4 141 154 135 417
4 46 499 561 260
4 32 33 410 135
4 335 164 142 404
4 27 129 452 159
4 162 164 335 391
4 534 250 37 83
4 113 619 627 477
4 253 526 171 168
4 453 508 454 615
4 28 29 138 548
4 138 29 483 548
4 567 366 114 560
4 177 23 285 284
4 634 277 278 279
4 229 35 1 107
4 131 243 39 524
4 333 146 147 148
4 101 102 423 86
4 129 449 27 452
4 517 82 36 250
4 502 483 159 138
4 17 61 18 167
4 518 573 431 260
4 454 622 509 498
4 8 639 542 80
4 50 70 49 240
4 33 410 135 389
4 574 269 570 407
4 407 269 570 267
4 29 528 548 239
4 626 622 616 498
4 274 127 435 630
4 559 112 370 565
4 398 154 389 434
4 631 616 629 313
4 556 569 103 242
4 251 555 431 518
4 404 335 164 392
4 404 164 141 392
4 447 26 450 120
4 63 46 64 561
4 570 269 574 568
4 407 574 348 405
4 25 447 291 121
4 335 161 164 162
4 504 618 479 624
4 371 112 370 559
4 538 504 479 624
4 559 370 369 563
4 558 554 111 565
4 561 63 46 260
4 113 112 371 559
4 570 557 574 407
4 13 57 14 134
4 571 567 367 566
4 555 573 431 518
4 524 131 243 393
4 150 153 147 334
4 557 574 407 569
4 493 172 466 149
4 430 369 372 563
4 110 637 240 501
4 152 139 317 140
4 122 291 24 281
4 269 268 570 267
4 466 465 322 163
4 454 622 615 509
4 116 273 272 636
4 37 36 82 250
4 16 59 60 253
4 72 52 638 254
4 558 547 564 572
4 472 465 156 322
4 395 171 158 514
4 456 616 622 498
4 562 556 104 433
4 564 372 512 565
4 405 407 574 569
4 564 372 547 512
4 322 156 472 294
4 382 111 529 381
4 181 152 293 155
4 483 502 255 138
4 558 564 512 565
4 483 255 528 138
4 45 63 578 260
4 529 625 111 382
4 111 110 554 558
4 351 396 132 162
4 139 32 488 410
4 562 400 566 556
4 39 103 85 84
4 381 112 111 565
4 275 435 127 128
4 431 561 499 260
4 269 348 574 568
4 70 50 71 632
4 469 102 557 569
4 17 61 167 514
4 628 274 277 630
4 277 634 630 617
4 58 15 169 536
4 370 512 372 565
4 243 39 85 84
4 381 370 112 565
4 240 637 49 501
4 268 570 109 576
4 625 619 112 382
4 122 24 283 281
4 469 423 102 86
4 168 253 526 492
4 41 524 399 165
4 623 479 509 478
4 83 433 104 84
4 254 638 72 621
4 70 6 49 637
4 449 27 26 129
4 504 71 632 621
4 512 370 381 565
4 634 628 277 630
4 168 491 151 492
4 163 466 465 129
4 417 141 154 398
4 389 135 33 154
4 489 493 466 149
4 499 64 46 561
4 116 273 10 270
4 6 49 110 501
4 252 65 47 572
4 105 37 36 82
4 24 25 455 291
4 626 631 627 480
4 173 157 132 394
4 554 381 111 565
4 63 561 578 260
4 452 172 502 159
4 161 164 142 335
4 140 404 142 141
4 377 150 526 491
4 618 111 110 529
4 508 118 633 615
4 274 272 636 628
4 616 120 456 622
4 40 131 524 165
4 23 166 285 283
4 508 118 453 633
4 160 170 255 138
4 101 423 87 86
4 483 28 159 138
4 555 430 563 562
4 170 160 515 134
4 86 41 40 524
4 135 140 141 417
4 131 393 164 391
4 161 335 351 162
4 509 623 615 624
4 57 13 56 515
4 405 574 348 571
4 553 176 399 434
4 560 348 574 571
4 554 501 252 577
4 156 465 175 129
4 160 172 493 149
4 321 333 489 146
4 504 254 621 538
4 170 13 56 228
4 133 168 151 492
4 268 570 108 109
4 52 503 638 254
4 564 499 561 572
4 570 268 269 576
4 0 54 225 528
4 157 136 527 158
4 465 472 156 175
4 517 157 136 527
4 449 26 27 450
4 575 423 557 407
4 178 132 38 534
4 53 239 117 503
4 526 150 184 168
4 177 30 2 284
4 159 27 28 451
4 14 57 58 241
4 61 62 18 259
4 178 243 396 534
4 141 183 154 398
4 278 629 631 634
4 528 29 483 138
4 36 157 136 517
4 528 483 29 548
4 479 625 382 478
4 577 554 110 558
4 564 561 431 573
4 85 469 102 86
4 243 131 178 391
4 392 164 393 391
4 159 452 27 451
4 556 562 400 433
4 576 109 268 270
4 182 16 60 253
4 394 173 157 158
4 561 499 564 431
4 322 156 294 145
4 85 40 39 524
4 226 52 503 638
4 561 431 573 260
4 177 286 30 284
4 156 294 145 155
4 153 161 351 162
4 45 5 4 546
4 104 105 562 433
4 106 105 36 82
4 106 36 35 81
4 65 48 6 577
4 60 182 253 514
4 133 151 169 492
4 491 490 333 148
4 243 85 39 524
4 576 10 109 270
4 155 156 472 130
4 239 7 53 117
4 252 48 65 577
4 501 110 6 577
4 566 559 369 563
4 9 3 87 88
4 410 139 32 135
4 526 171 184 395
4 547 564 512 558
4 618 625 111 529
4 176 553 234 434
4 570 575 407 267
4 268 108 570 267
4 498 626 623 478
4 372 564 563 565
4 562 430 433 251
4 278 629 634 279
4 512 554 558 565
4 294 156 472 155
4 171 253 168 133
4 641 74 73 484
4 455 24 166 130
4 547 499 564 572
4 47 64 499 572
4 615 633 508 624
4 575 108 235 267
4 538 508 633 624
4 577 252 554 558
4 241 58 14 169
4 455 166 24 283
4 348 574 568 560
4 558 252 547 572
4 54 0 29 528
4 26 25 447 448
4 165 154 183 398
4 154 165 176 398
4 512 381 554 565
4 498 623 509 478
4 512 252 547 558
4 571 405 574 569
4 179 225 55 528
4 64 47 65 572
4 4 1 62 545
4 38 243 534 84
4 394 157 527 158
4 490 493 489 149
4 392 393 183 398
4 170 56 515 255
4 162 131 164 391
4 634 277 279 617
4 526 184 377 395
4 277 276 628 634
4 509 479 623 624
4 108 235 9 575
4 382 529 625 479
4 107 35 1 81
4 111 110 529 554
4 455 166 181 130
4 623 625 479 478
4 10 273 116 636
4 240 50 632 504
4 625 623 479 624
4 162 351 396 391
4 163 321 489 146
4 104 38 83 84
4 34 3 234 176
4 548 28 118 453
4 276 278 620 634
4 174 160 493 149
4 433 105 562 251
4 5 546 107 81
4 81 35 1 545
4 57 13 515 134
4 563 559 370 565
4 563 370 372 565
4 176 154 398 434
4 179 29 0 528
4 59 16 15 133
4 570 575 557 407
4 251 433 105 83
4 175 472 156 130
4 502 160 255 138
4 136 259 517 527
4 28 548 451 453
4 163 172 466 129
4 382 625 619 478
4 150 526 491 168
4 159 160 502 138
4 619 623 626 478
4 132 396 178 162
4 132 250 396 394
4 509 615 508 624
4 377 150 184 526
4 110 501 554 577
4 279 629 634 617
4 576 116 10 270
4 137 166 285 177
4 538 509 508 624
4 168 491 150 148
4 455 181 290 130
4 285 166 23 177
4 63 5 45 578
4 489 333 149 146
4 55 12 225 179
4 526 491 168 492
4 72 52 226 638
4 615 508 454 509
4 132 250 37 534
4 633 503 508 254
4 162 178 131 391
4 393 131 164 183
4 491 151 490 148
4 253 168 133 492
4 479 509 538 624
4 182 60 17 514
4 322 321 489 163
4 515 13 56 170
4 2 23 177 284
4 431 499 564 547
4 110 618 529 240
4 81 106 36 82
4 129 466 465 452
4 501 529 110 554
4 631 620 278 634
4 396 132 178 534
4 578 573 518 260
4 15 58 59 536
4 499 547 252 572
4 272 116 636 628
4 636 10 273 127
4 625 623 619 478
4 83 38 534 84
4 149 333 490 148
4 536 169 241 492
4 555 562 105 251
4 259 18 61 167
4 290 181 155 130
4 38 39 243 84
4 61 259 167 514
4 517 36 157 250
4 518 555 573 106
4 431 564 573 555
4 433 104 105 83
4 163 466 172 149
4 164 393 183 392
4 160 493 134 174
4 14 57 241 134
4 638 503 633 254
4 173 184 158 395
4 618 625 529 479
4 622 119 454 615
4 167 171 182 514
4 176 234 34 434
4 180 18 62 259
4 561 499 64 572
4 630 127 435 128
4 65 252 577 572
4 435 635 128 365
4 136 180 545 259
4 184 173 377 395
4 393 524 131 165
4 260 518 578 546
4 466 172 502 452
4 548 483 28 451
4 39 243 131 178
4 252 512 554 558
4 133 169 15 536
4 479 618 625 624
4 388 34 539 434
4 628 276 620 634
4 240 529 110 501
4 536 133 169 492
4 138 483 28 548
4 259 180 18 167
4 527 517 157 250
4 87 41 101 86
4 106 35 107 81
4 254 633 638 621
4 167 182 17 514
4 173 153 150 377
4 398 399 176 434
4 36 37 157 250
4 578 45 260 546
4 250 37 157 132
4 169 241 58 536
4 5 45 578 546
4 183 393 165 398
4 553 3 41 176
4 36 81 82 517
4 396 250 132 534
4 234 3 553 176
4 78 79 523 642
4 489 466 322 163
4 133 15 59 536
4 452 129 172 159
4 518 106 81 82
4 38 243 178 534
4 151 241 169 492
4 491 490 151 492
4 85 102 40 86
4 253 133 536 492
4 562 555 430 251
4 163 156 322 145
4 528 179 29 138
4 1 18 62 180
4 14 241 169 134
4 618 110 637 240
4 128 635 11 365
4 25 26 175 448
4 518 251 555 106
4 636 127 274 630
4 86 87 41 553
4 632 618 240 504
4 86 40 85 524
4 180 62 545 259
4 493 515 160 134
4 16 59 253 133
4 557 101 423 575
4 172 466 129 452
4 160 502 515 493
4 172 160 502 159
4 545 1 62 180
4 545 136 259 517
4 82 251 105 83
4 105 37 82 83
4 539 34 234 434
4 180 545 35 136
4 158 184 171 395
4 36 35 81 517
4 534 37 38 83
4 39 38 243 178
4 60 17 16 182
4 394 377 173 395
4 166 23 24 283
4 251 105 555 106
4 123 635 617 280
4 431 564 372 547
4 106 107 518 81
4 396 178 162 391
4 134 493 241 174
4 184 173 150 377
4 170 515 13 134
4 636 274 628 630
4 165 399 176 398
4 241 57 515 134
4 59 253 133 536
4 157 250 132 394
4 87 3 41 553
4 255 170 179 138
4 253 182 171 514
4 134 241 169 174
4 518 573 578 107
4 568 570 269 576
4 286 30 137 177
4 253 182 16 133
4 184 171 526 168
4 169 241 151 174
4 106 251 105 82
4 136 545 35 517
4 527 394 158 395
4 141 164 183 392
4 163 489 466 149
4 632 618 637 240
4 489 333 490 149
4 553 87 3 234
4 638 503 117 633
4 546 518 578 107
4 131 393 165 183
4 106 518 251 82
4 35 36 136 517
4 158 394 173 395
4 493 241 515 134
4 393 399 165 398
4 546 578 5 107
4 154 176 34 434
4 493 490 174 149
4 545 35 1 180
4 149 163 489 146
4 399 176 41 165
4 41 553 176 399
4 573 578 561 260
4 545 81 35 517
4 107 518 573 106
4 108 575 570 267
4 381 111 529 554
4 524 393 399 165
4 107 546 518 81
4 174 490 151 149
4 259 136 180 167
4 250 157 527 394
4 558 577 252 572
4 635 630 435 128
4 171 182 253 133
4 149 490 151 148
4 261 670 265 233
4 261 265 670 678
4 663 91 237 657
4 663 237 91 90
4 690 429 649 516
4 690 649 429 673
4 649 238 96 673
4 96 238 649 676
4 96 429 649 673
4 649 429 96 676
4 663 485 675 651
4 663 675 485 262
4 343 652 674 662
4 674 652 343 692
4 667 679 318 659
4 318 679 667 656
4 373 694 650 506
4 650 694 373 689
4 680 693 306 671
4 306 693 680 668
4 684 406 386 658
4 684 386 406 415
4 692 387 343 344
4 692 343 387 652
4 505 659 337 401
4 505 337 659 667
4 688 468 375 444
4 688 375 468 665
4 684 376 414 415
4 684 414 376 665
4 681 320 380 379
4 681 380 320 670
4 674 343 329 330
4 674 329 343 662
4 692 44 221 652
4 692 221 44 223
4 684 414 676 519
4 684 676 414 665
4 329 691 674 296
4 674 691 329 662
4 680 349 350 672
4 680 350 349 342
4 683 42 686 654
4 683 686 42 126
4 681 533 380 660
4 681 380 533 379
4 683 685 481 402
4 683 481 685 127
4 275 481 685 402
4 275 685 481 127
4 26 596 121 209
4 121 596 26 120
4 211 601 197 582
4 211 197 601 206
4 603 209 597 596
4 603 597 209 199
4 597 198 199 612
4 199 198 597 210
4 607 212 218 600
4 218 212 607 213
4 27 579 120 185
4 120 579 27 119
4 211 599 212 186
4 211 212 599 582
4 591 41 102 101
4 102 41 591 204
4 593 218 606 608
4 593 606 218 201
4 594 27 579 119
4 594 579 27 202
4 580 25 122 121
4 580 122 25 188
4 606 218 210 608
4 606 210 218 214
4 228 179 55 255
4 55 179 228 12
4 208 589 203 604
4 203 589 208 195
4 126 215 190 42
4 126 190 215 609
4 206 105 187 601
4 206 187 105 37
4 196 588 195 590
4 196 195 588 194
4 288 137 488 287
4 288 488 137 31
4 560 457 271 366
4 560 271 457 115
4 205 122 188 24
4 188 122 205 598
4 446 120 616 121
4 616 120 446 456
4 555 372 564 563
4 555 564 372 431
4 123 215 205 609
4 123 205 215 23
4 187 588 601 581
4 187 601 588 194
4 321 143 294 316
4 294 143 321 145
4 630 280 617 635
4 617 280 630 277
4 213 593 218 201
4 213 218 593 607
4 152 488 317 139
4 317 488 152 293
4 615 453 119 454
4 615 119 453 118
4 137 488 152 139
4 152 488 137 287
4 153 394 377 173
4 377 394 153 351
4 160 255 515 502
4 515 255 160 170
4 624 504 621 538
4 624 621 504 632
4 240 70 632 50
4 240 632 70 637
4 259 514 136 167
4 259 136 514 395
4 158 136 514 167
4 158 514 136 395
4 203 613 207 595
4 207 613 203 219
4 181 285 455 290
4 455 285 181 166
4 490 174 241 493
4 241 174 490 151
4 502 172 493 160
4 493 172 502 466

CELL_TYPES 3621
1
1
1
1
1
1
1
1
1
1
1
1
3
3
3
3
3
3
3
3
3
3
3
3
3
3
3
3
3
3
3
3
3
3
3
3
3
3
3
3
3
3
3
3
3
3
3
3
3
3
3
3
3
3
3
3
3
3
3
3
3
3
3
3
3
3
3
3
3
3
3
3
3
3
3
3
3
3
3
3
3
3
3
3
3
3
3
3
3
3
3
3
3
3
3
3
3
3
3
3
3
3
3
3
3
3
3
3
3
3
3
3
3
3
3
3
3
3
3
3
3
3
3
3
3
3
3
3
3
3
3
3
3
3
3
3
3
3
3
3
3
3
3
3
3
3
3
5
5
5
5
5
5
5
5
5
5
5
5
5
5
5
5
5
5
5
5
5
5
5
5
5
5
5
5
5
5
5
5
5
5
5
5
5
5
5
5
5
5
5
5
5
5
5
5
5
5
5
5
5
5
5
5
5
5
5
5
5
5
5
5
5
5
5
5
5
5
5
5
5
5
5
5
5
5
5
5
5
5
5
5
5
5
5
5
5
5
5
5
5
5
5
5
5
5
5
5
5
5
5
5
5
5
5
5
5
5
5
5
5
5
5
5
5
5
5
5
5
5
5
5
5
5
5
5
5
5
5
5
5
5
5
5
5
5
5
5
5
5
5
5
5
5
5
5
5
5
5
5
5
5
5
5
5
5
5
5
5
5
5
5
5
5
5
5
5
5
5
5
5
5
5
5
5
5
5
5
5
5
5
5
5
5
5
5
5
5
5
5
5
5
5
5
5
5
5
5
5
5
5
5
5
5
5
5
5
5
5
5
5
5
5
5
5
5
5
5
5
5
5
5
5
5
5
5
5
5
5
5
5
5
5
5
5
5
5
5
5
5
5
5
5
5
5
5
5
5
5
5
5
5
5
5
5
5
5
5
5
5
5
5
5
5
5
5
5
5
5
5
5
5
5
5
5
5
5
5
5
5
5
5
5
5
5
5
5
5
5
5
5
5
5
5
5
5
5
5
5
5
5
5
5
5
5
5
5
5
5
5
5
5
5
5
5
5
5
5
5
5
5
5
5
5
5
5
5
5
5
5
5
5
5
5
5
5
5
5
5
5
5
5
5
5
5
5
5
5
5
5
5
5
5
5
5
5
5
5
5
5
5
5
5
5
5
5
5
5
5
5
5
5
5
5
5
5
5
5
5
5
5
5
5
5
5
5
5
5
5
5
5
5
5
5
5
5
5
5
5
5
5
5
5
5
5
5
5
5
5
5
5
5
5
5
5
5
5
5
5
5
5
5
5
5
5
5
5
5
5
5
5
5
5
5
5
5
5
5
5
5
5
5
5
5
5
5
5
5
5
5
5
5
5
5
5
5
5
5
5
5
5
5
5
5
5
5
5
5
5
5
5
5
5
5
5
5
5
5
5
5
5
5
5
5
5
5
5
5
5
5
5
5
5
5
5
5
5
5
5
5
5
5
5
5
5
5
5
5
5
5
5
5
5
5
5
5
5
5
5
5
5
5
5
5
5
5
5
5
5
5
5
5
5
5
5
5
5
5
5
5
5
5
5
5
5
5
5
5
5
5
5
5
5
5
5
5
5
5
5
5
5
5
5
5
5
5
5
5
5
5
5
5
5
5
5
5
5
5
5
5
5
5
5
5
5
5
5
5
5
5
5
5
5
5
5
5
5
5
5
5
5
5
5
5
5
5
5
5
5
5
5
5
5
5
5
5
5
5
5
5
5
5
5
5
5
5
5
5
5
5
5
5
5
5
5
5
5
5
5
5
5
5
5
5
5
5
5
5
5
5
5
5
5
5
5
5
5
5
5
5
5
5
5
5
5
5
5
5
5
5
5
5
5
5
5
5
5
5
5
5
5
5
5
5
5
5
5
5
5
5
5
5
5
5
5
5
5
5
5
5
5
5
5
5
5
5
5
5
5
5
5
5
5
5
5
5
5
5
5
5
5
5
5
5
5
5
5
5
5
5
5
5
5
5
5
5
5
5
5
5
5
5
5
5
5
5
5
5
5
5
5
5
5
5
5
5
5
5
5
5
5
5
5
5
5
5
5
5
5
5
5
5
5
5
5
5
5
5
5
5
5
5
5
5
5
5
5
5
5
5
5
5
5
5
5
5
5
5
5
5
5
5
5
5
5
5
5
5
5
5
5
5
5
5
5
5
5
5
5
5
5
5
5
5
5
5
5
5
5
5
5
5
5
5
5
5
5
5
5
5
5
5
5
5
5
5
5
5
5
5
5
5
5
5
5
5
5
5
5
5
5
5
5
5
5
5
5
5
5
5
5
5
5
5
5
5
5
5
5
5
5
5
5
5
5
5
5
5
5
5
5
5
5
5
5
5
5
5
5
5
5
5
5
5
5
5
5
5
5
5
5
5
5
5
5
5
5
5
5
5
5
5
5
5
5
5
5
5
5
5
5
5
5
5
5
5
5
5
5
5
5
5
5
5
5
5
5
5
5
5
5
5
5
5
5
5
5
5
5
5
5
5
5
5
5
5
5
5
5
5
5
5
5
5
5
5
5
5
5
5
5
5
5
5
5
5
5
5
5
5
5
5
5
5
5
5
5
5
5
5
5
5
5
5
5
5
5
5
5
5
5
5
5
5
5
5
5
5
5
5
5
5
5
5
5
5
5
5
5
5
5
5
5
5
5
5
5
5
5
5
5
5
5
5
5
5
5
5
5
5
5
5
5
5
5
5
5
5
5
5
5
5
5
5
5
5
5
5
5
5
5
5
5
5
5
5
5
5
5
5
5
5
5
5
5
5
5
5
5
5
5
5
5
5
5
5
5
5
5
5
5
5
5
5
5
5
5
5
5
5
5
5
5
5
5
5
5
5
5
5
5
5
5
5
5
5
5
5
5
5
5
5
5
5
5
5
5
5
5
5
5
5
5
5
5
5
5
5
5
5
5
5
5
5
5
5
5
5
5
5
5
5
5
5
5
5
5
5
5
5
5
5
5
5
5
5
5
5
5
5
5
5
5
5
5
5
5
5
5
5
5
5
5
5
5
5
5
5
5
5
5
5
5
5
5
5
5
5
5
5
5
5
5
5
5
5
5
5
5
5
5
5
5
5
5
5
5
5
5
5
5
5
5
5
5
5
5
5
5
5
5
5
5
5
5
5
5
5
5
5
5
5
5
5
5
5
5
5
5
5
5
5
5
5
5
5
5
5
5
5
5
5
5
5
5
5
5
5
5
5
5
5
5
5
5
5
10
10
10
10
10
10
10
10
10
10
10
10
10
10
10
10
10
10
10
10
10
10
10
10
10
10
10
10
10
10
10
10
10
10
10
10
10
10
10
10
10
10
10
10
10
10
10
10
10
10
10
10
10
10
10
10
10
10
10
10
10
10
10
10
10
10
10
10
10
10
10
10
10
10
10
10
10
10
10
10
10
10
10
10
10
10
10
10
10
10
10
10
10
10
10
10
10
10
10
10
10
10
10
10
10
10
10
10
10
10
10
10
10
10
10
10
10
10
10
10
10
10
10
10
10
10
10
10
10
10
10
10
10
10
10
10
10
10
10
10
10
10
10
10
10
10
10
10
10
10
10
10
10
10
10
10
10
10
10
10
10
10
10
10
10
10
10
10
10
10
10
10
10
10
10
10
10
10
10
10
10
10
10
10
10
10
10
10
10
10
10
10
10
10
10
10
10
10
10
10
10
10
10
10
10
10
10
10
10
10
10
10
10
10
10
10
10
10
10
10
10
10
10
10
10
10
10
10
10
10
10
10
10
10
10
10
10
10
10
10
10
10
10
10
10
10
10
10
10
10
10
10
10
10
10
10
10
10
10
10
10
10
10
10
10
10
10
10
10
10
10
10
10
10
10
10
10
10
10
10
10
10
10
10
10
10
10
10
10
10
10
10
10
10
10
10
10
10
10
10
10
10
10
10
10
10
10
10
10
10
10
10
10
10
10
10
10
10
10
10
10
10
10
10
10
10
10
10
10
10
10
10
10
10
10
10
10
10
10
10
10
10
10
10
10
10
10
10
10
10
10
10
10
10
10
10
10
10
10
10
10
10
10
10
10
10
10
10
10
10
10
10
10
10
10
10
10
10
10
10
10
10
10
10
10
10
10
10
10
10
10
10
10
10
10
10
10
10
10
10
10
10
10
10
10
10
10
10
10
10
10
10
10
10
10
10
10
10
10
10
10
10
10
10
10
10
10
10
10
10
10
10
10
10
10
10
10
10
10
10
10
10
10
10
10
10
10
10
10
10
10
10
10
10
10
10
10
10
10
10
10
10
10
10
10
10
10
10
10
10
10
10
10
10
10
10
10
10
10
10
10
10
10
10
10
10
10
10
10
10
10
10
10
10
10
10
10
10
10
10
10
10
10
10
10
10
10
10
10
10
10
10
10
10
10
10
10
10
10
10
10
10
10
10
10
10
10
10
10
10
10
10
10
10
10
10
10
10
10
10
10
10
10
10
10
10
10
10
10
10
10
10
10
10
10
10
10
10
10
10
10
10
10
10
10
10
10
10
10
10
10
10
10
10
10
10
10
10
10
10
10
10
10
10
10
10
10
10
10
10
10
10
10
10
10
10
10
10
10
10
10
10
10
10
10
10
10
10
10
10
10
10
10
10
10
10
10
10
10
10
10
10
10
10
10
10
10
10
10
10
10
10
10
10
10
10
10
10
10
10
10
10
10
10
10
10
10
10
10
10
10
10
10
10
10
10
10
10
10
10
10
10
10
10
10
10
10
10
10
10
10
10
10
10
10
10
10
10
10
10
10
10
10
10
10
10
10
10
10
10
10
10
10
10
10
10
10
10
10
10
10
10
10
10
10
10
10
10
10
10
10
10
10
10
10
10
10
10
10
10
10
10
10
10
10
10
10
10
10
10
10
10
10
10
10
10
10
10
10
10
10
10
10
10
10
10
10
10
10
10
10
10
10
10
10
10
10
10
10
10
10
10
10
10
10
10
10
10
10
10
10
10
10
10
10
10
10
10
10
10
10
10
10
10
10
10
10
10
10
10
10
10
10
10
10
10
10
10
10
10
10
10
10
10
10
10
10
10
10
10
10
10
10
10
10
10
10
10
10
10
10
10
10
10
10
10
10
10
10
10
10
10
10
10
10
10
10
10
10
10
10
10
10
10
10
10
10
10
10
10
10
10
10
10
10
10
10
10
10
10
10
10
10
10
10
10
10
10
10
10
10
10
10
10
10
10
10
10
10
10
10
10
10
10
10
10
10
10
10
10
10
10
10
10
10
10
10
10
10
10
10
10
10
10
10
10
10
10
10
10
10
10
10
10
10
10
10
10
10
10
10
10
10
10
10
10
10
10
10
10
10
10
10
10
10
10
10
10
10
10
10
10
10
10
10
10
10
10
10
10
10
10
10
10
10
10
10
10
10
10
10
10
10
10
10
10
10
10
10
10
10
10
10
10
10
10
10
10
10
10
10
10
10
10
10
10
10
10
10
10
10
10
10
10
10
10
10
10
10
10
10
10
10
10
10
10
10
10
10
10
10
10
10
10
10
10
10
10
10
10
10
10
10
10
10
10
10
10
10
10
10
10
10
10
10
10
10
10
10
10
10
10
10
10
10
10
10
10
10
10
10
10
10
10
10
10
10
10
10
10
10
10
10
10
10
10
10
10
10
10
10
10
10
10
10
10
10
10
10
10
10
10
10
10
10
10
10
10
10
10
10
10
10
10
10
10
10
10
10
10
10
10
10
10
10
10
10
10
10
10
10
10
10
10
10
10
10
10
10
10
10
10
10
10
10
10
10
10
10
10
10
10
10
10
10
10
10
10
10
10
10
10
10
10
10
10
10
10
10
10
10
10
10
10
10
10
10
10
10
10
10
10
10
10
10
10
10
10
10
10
10
10
10
10
10
10
10
10
10
10
10
10
10
10
10
10
10
10
10
10
10
10
10
10
10
10
10
10
10
10
10
10
10
10
10
10
10
10
10
10
10
10
10
10
10
10
10
10
10
10
10
10
10
10
10
10
10
10
10
10
10
10
10
10
10
10
10
10
10
10
10
10
10
10
10
10
10
10
10
10
10
10
10
10
10
10
10
10
10
10
10
10
10
10
10
10
10
10
10
10
10
10
10
10
10
10
10
10
10
10
10
10
10
10
10
10
10
10
10
10
10
10
10
10
10
10
10
10
10
10
10
10
10
10
10
10
10
10
10
10
10
10
10
10
10
10
10
10
10
10
10
10
10
10
10
10
10
10
10
10
10
10
10
10
10
10
10
10
10
10
10
10
10
10
10
10
10
10
10
10
10
10
10
10
10
10
10
10
10
10
10
10
10
10
10
10
10
10
10
10
10
10
10
10
10
10
10
10
10
10
10
10
10
10
10
10
10
10
10
10
10
10
10
10
10
10
10
10
10
10
10
10
10
10
10
10
10
10
10
10
10
10
10
10
10
10
10
10
10
10
10
10
10
10
10
10
10
10
10
10
10
10
10
10
10
10
10
10
10
10
10
10
10
10
10
10
10
10
10
10
10
10
10
10
10
10
10
10
10
10
10
10
10
10
10
10
10
10
10
10
10
10
10
10
10
10
10
10
10
10
10
10
10
10
10
10
10
10
10
10
10
10
10
10
10
10
10
10
10
10
10
10
10
10
10
10
10
10
10
10
10
10
10
10
10
10
10
10
10
10
10
10
10
10
10
10
10
10
10
10
10
10
10
10
10
10
10
10
10
10
10
10
10
10
10
10
10
10
10
10
10
10
10
10
10
10
10
10
10
10
10
10
10
10
10
10
10
10
10
10
10
10
10
10
10
10
10
10
10
10
10
10
10
10
10
10
10
10
10
10
10
10
10
10
10
10
10
10
10
10
10
10
10
10
10
10
10
10
10
10
10
10
10
10
10
10
10
10
10
10
10
10
10
10
10
10
10
10
10
10
10
10
10
10
10
10
10
10
10
10
10
10
10
10
10
10
10
10
10
10
10
10
10
10
10
10
10
10
10
10
10
10
10
10
10
10
10
10
10
10
10
10
10
10
10
10
10
10
10
10
10
10
10
10
10
10
10
10
10
10
10
10
10
10
10
10
10
10
10
10
10
10
10
10
10
10
10
10
10
10
10
10
10
10
10
10
10
10
10
10
10
10
10
10
10
10
10
10
10
10
10
10
10
10
10
10
10
10
10
10
10
10
10
10
10
10
10
10
10
10
10
10
10
10
10
10
10
10
10
10
10
10
10
10
10
10
10
10
10
10
10
10
10
10
10
10
10
10
10
10
10
10
10
10
10
10
10
10
10
10
10
10
10
10
10
10
10
10
10
10
10
10
10
10
10
10
10
10
10
10
10
10
10
10
10
10
10
10
10
10
10
10
10
10
10
10
10
10
10
10
10
10
10
10
10
10
10
10
10
10
10
10
10
10
10
10
10
10
10
10
10
10
10
10
10
10
10
10
10
10
10
10
10
10
10
10
10
10
10
10
10
10
10
10
10
10
10
10
10
10
10
10
10
10
10
10
10
10
10
10
10
10
10
10
10
10
10
10
10
10
10
10
10
10
10
10
10
10
10
10
10
10
10
10
10
10
10
10
10
10
10
10
10
10
10
10
10
10
10
10
10
10
10
10
10
10
10
10
10
10
10
10
10
10
10
10
10
10
10
10
10
10
10
10
10
10
10
10
10
10
10
10
10
10
10
10
10
10
10
10
10
10
10
10
10
10
10
10
10
10
10
10
10
10
10
10
10
10
10
10
10
10
10
10
10
10
10
10
10
10
10
10
10
10
10
10
10
10
10
10
10
10
10
10
10
10
10
10
10
10
10
10
10
10
10
10
10
10
10
10
10
10
10
10
10
10
10
10
10
10
10
10
10
10
10
10
10
10
10
10
10
10
10
10
10
10
10
10
10
10
10
10
10
10
10
10
10
10
10
10
10
10
10
10
10
10
10
10
10
10
10
10
10
10
10
10
10
10
10
10
10
10
10
10
10
10
10
10
10
10
10
10
10
10
10
10
10
10
10
10
10
10
10
10
10
10
10
10
10
10
10
10
10
10
10
10
10
10
10
10
10
10
10
10
10
10
10
10
10
10
10
10
10
10
10
10
10
10
10
10
10
10
10
10
10
10
10
10
10
10
10
10
10
10
10
10
10
10
10
10
10
10
10
10
10
10
10
10
10
10
10
10
10
10
10
10
