# vtk DataFile Version 2.0
whisker_body, Created by Gmsh 4.13.1 
ASCII
DATASET UNSTRUCTURED_GRID
POINTS 698 double
-8.874119674649524 -1.499999999999705 0
8.874119674649528 -1.499999999999699 0
-7.272892753642137 -1.500000000000052 20
7.272892753642139 -1.500000000000049 20
12 0 0
8.874119674649352 1.500000000000214 0
0 9 0
-8.87411967464935 1.500000000000212 0
4.12982931753815 0 100
7.272892753642083 1.500000000000183 20
0 7.42596586350763 20
-7.272892753642083 1.500000000000181 20
-7.584846902842285 -4.844594664205024 0
-5.092435961360746 -7.420720718329175 0
-1.792242851007811 -8.81974294200298 0
1.792242851007785 -8.819742942002986 0
5.092435961360731 -7.420720718329185 0
7.584846902842282 -4.844594664205029 0
-5.324471804789714 -1.5 0
-1.774823934929904 -1.5 0
1.774823934929906 -1.5 0
5.324471804789717 -1.5 0
-7.540553938078029 -1.5 16.66673139417671
-7.807855952300969 -1.5 13.3334324145091
-8.074834309618788 -1.5 10.00010791675703
-8.341520108487108 -1.5 6.666760001050918
-8.607940546807544 -1.5 3.333390698174441
-5.87012147332941 -4.548257127113372 20
-3.268773993531936 -6.667839649031004 20
2.388372780166428e-15 -7.42596586350763 20
3.268773993531937 -6.667839649031003 20
5.870121473329412 -4.548257127113367 20
8.607940546807548 -1.5 3.333390698174398
8.341520108487108 -1.5 6.666760001050918
8.074834309618788 -1.5 10.00010791675703
7.807855952300969 -1.5 13.3334324145091
7.540553938078029 -1.5 16.66673139417671
-3.636446376821068 -1.5 20
0 -1.5 20
3.63644637682107 -1.5 20
11.34980690040761 3.896393630456207 0
9.469686112756717 7.370552552276022 0
6.563377897469113 10.04599773915035 0
2.945825845689581 11.63280319127197 0
-0.9909521456679979 11.95901391608004 0
-4.820345095835646 10.98927991986068 0
-8.127378859508902 8.82868692807757 0
-10.55368501447787 5.71136871644487 0
-11.83633564083267 1.975135083368787 0
-11.83633564083267 -1.975135083368821 0
-10.55368501447786 -5.711368716444897 0
-8.12737885950888 -8.828686928077589 0
-4.820345095835619 -10.9892799198607 0
-0.9909521456679715 -11.95901391608004 0
2.945825845689616 -11.63280319127196 0
6.563377897469155 -10.04599773915032 0
9.469686112756747 -7.370552552275983 0
11.34980690040762 -3.896393630456205 0
7.818029843080671 4.458520984889497 0
5.809475019311043 6.873863542433829 0
3.093156003024702 8.451768213868164 0
5.324471804789612 1.5 0
1.774823934929872 1.5 0
-1.774823934929868 1.5 0
-5.324471804789608 1.5 0
-3.093156003024702 8.451768213868164 0
-5.809475019311038 6.873863542433833 0
-7.818029843080673 4.458520984889494 0
2.574906462902252 3.228830577670782 100
-0.9189734768187546 4.026285874214754 100
-3.720847644852559 1.791865786210781 100
-3.720847644852582 -1.791865786210735 100
-0.9189734768187868 -4.026285874214746 100
2.574906462902235 -3.228830577670795 100
11.69730112759762 0 3.846153846153846
11.39460225519524 0 7.692307692307693
11.09190338279286 0 11.53846153846154
10.78920451039049 0 15.38461538461539
10.48650563798811 0 19.23076923076923
10.18380676558573 0 23.07692307692308
9.881107893183348 0 26.92307692307692
9.578409020780969 0 30.76923076923077
9.27571014837859 0 34.61538461538461
8.973011275976212 0 38.46153846153846
8.670312403573833 0 42.30769230769231
8.367613531171454 0 46.15384615384615
8.064914658769075 0 50
7.762215786366696 0 53.84615384615385
7.459516913964317 0 57.69230769230769
7.156818041561938 0 61.53846153846154
6.85411916915956 0 65.38461538461539
6.551420296757181 0 69.23076923076923
6.248721424354802 0 73.07692307692308
5.946022551952423 0 76.92307692307692
5.643323679550044 0 80.76923076923077
5.340624807147665 0 84.61538461538461
5.037925934745286 0 88.46153846153847
4.735227062342908 0 92.30769230769231
4.432528189940529 0 96.15384615384616
7.540553938078029 1.5 16.66673139417671
7.807855952300969 1.5 13.3334324145091
8.074834309618788 1.5 10.00010791675703
8.341520108487108 1.5 6.666760001050918
8.607940546807544 1.5 3.333390698174441
5.870121473329349 4.548257127113449 20
3.26877399353188 6.66783964903103 20
0 8.737660977251272 3.333333333333333
0 8.475321954502544 6.666666666666667
0 8.212982931753814 10
0 7.950643909005087 13.33333333333333
0 7.688304886256358 16.66666666666667
-8.607940546807548 1.5 3.333390698174398
-8.341520108487108 1.5 6.666760001050918
-8.074834309618788 1.5 10.00010791675703
-7.807855952300969 1.5 13.3334324145091
-7.540553938078029 1.5 16.66673139417671
3.636446376821041 1.5 20
0 1.5 20
-3.636446376821041 1.5 20
-3.268773993531899 6.667839649031022 20
-5.870121473329362 4.548257127113432 20
-1.273726035872935e-14 -8.755741709905614 3.103595842447221
7.088763225226249 -3.904572970863686 11.52483765965446
-6.828704830878663 -4.3515529018273 11.46914170249847
-1.696941757039923 -7.459071721867947 17.15764321545878
-7.108650645411991 -5.014774163770109 3.81852587122096
7.10865064541178 -5.014774163770345 3.818525871221437
4.833697676841031 -5.93236033026788 17.12428742483582
-6.941246002858859 -4.734469566449768 7.596424519757962
-4.773009040396619 -6.69312325327748 9.902250078559671
-4.74120775681908 -7.075338437676247 6.136965602898542
-2.04434071623855 -8.063417244946388 8.658832218969431
-2.402316581332586 -7.683261462909159 12.07000138778786
0.6607688979137144 -8.12605998392136 10.76366916535421
1.117243516344235 -8.335811993710156 7.492207921904588
3.681967703525301 -7.375952868942015 9.607408250032456
3.36645310482196 -7.25424500560109 12.74029714397355
7.107799740790675 -4.480069718697308 7.599642883487998
3.372530921165391 -8.040316978732081 3.570661446568125
-4.448857555471682 -6.231925891003731 17.06477740793369
1.760250083446892 -7.442576084978966 17.18002226913799
6.842440441163412 -3.799476201171737 14.90999391912804
-6.605328442256462 -4.196196238581351 14.92345657937088
2.530579914027532e-15 -7.868118499967599 14.38191807650021
-3.204190321377657 -8.156878704549568 3.003151727920137
-4.980695628853923 -6.221047040684521 13.09707226562705
-1.460718908757579 -8.4328445878528 5.610794992431347
-2.551576938565924 -7.419610335588231 14.66178908181802
3.668373031306178 -7.633027230632013 6.749917076369116
6.588499480541556 -3.823724945627679 17.56391643021207
-6.58849948054113 -3.823724945628661 17.56391643021049
5.485596082773083 -5.775874609737225 13.14193551996004
5.840444430479707 -5.795515008298278 9.810115571132499
5.771505487321337 -6.305701804848537 5.740345502565226
3.186591816549243 -7.12444649815349 15.18873327702834
1.426109477134882 -8.486415212077389 5.013778148394609
-5.547277126509264 -6.832844419876607 2.526769527677372
5.876255635133635 -6.576206292268381 2.29830413801102
8.086316608231506 -3.557756623033721 2.104489008316325
-8.088603976113918 -3.560706715037724 2.062788309075319
-5.113066866729874 -1.5 11.34809047097006
5.402308597187588 -1.5 8.278328748373955
1.994015523818335 -1.5 16.47878440394761
-0.0420657549873269 -1.5 3.357825204738739
-5.708234983364617 -1.5 4.912699210463126
5.028266550777534 -1.5 3.572269465149522
4.950217175735569 -1.5 14.63309460700379
-1.96191638535214 -1.5 16.42178906884744
0.0004904118946971181 -1.5 13.82042968120663
-5.321705770844774 -1.5 8.102500686747753
-2.567642316965864 -1.5 9.449933140670607
-4.954510035364647 -1.5 14.60912253447443
5.152372552475507 -1.5 11.35469035722999
2.499370901684767 -1.5 9.497013305940103
-2.794811760504671 -1.5 6.05354333487678
2.930626868684325 -1.5 5.926683234489526
-3.654688183790447 -1.5 2.777171214359426
0.003625401911826032 -1.5 7.552079896727488
-2.433395119826351 -1.5 12.77947434263639
2.432123506528097 -1.5 12.80191558582955
-0.01090453579547201 -1.5 10.98347432550179
-5.073263897851609 -1.5 17.53952859949971
5.078825153619031 -1.5 17.55572208102561
2.550541491032254 -1.5 2.497250893022752
-6.43389103868037 -1.5 2.204652224599398
6.087749341595709 -1.5 5.820170090635954
1.035098897023595 -4.462982931753815 20
-1.868691107275671 -3.999141198104463 20
3.45724114864251 -4.243045720596293 20
4.098470638881822 -9.479816147688613 0
-7.099295739719495 7.814668436628774e-14 0
7.099295739719569 1.698500362568311e-13 0
1.332267629550188e-15 0 0
3.549647869859776 -5.551115123125783e-17 0
-3.549647869859773 1.110223024625157e-16 0
-10.35522765774104 6.750155989720952e-14 0
-9.770542543260143 3.411256196175788 0
-9.712246808200572 -3.507774616004609 0
-8.077142184094621 6.468110042961442 0
7.177586718607229 -7.420466418490129 0
5.883681420410992 3.213748543947563 67.28990840443682
4.481712651254909 -3.177432529221948 82.66912391067751
8.810413546782909 -3.360026193215169 32.66285386628596
7.539270135885842 -3.27017812066325 48.05553492640802
9.15972057163448 3.291874638607488 28.80129089162229
6.969128505779241 3.057307741933633 55.77708085981889
7.655981290523776 3.74136752986387 44.20157630671031
9.798498096784749 -3.297515537212519 21.111610245
-11.09527489538306 -3.809012682760156 3.419408766471425
-6.416186870288167 9.82070510030146 3.419408766471416
4.376726030725946 2.817894544132044 86.33349174119634
9.794935447971769 4.165321556609954 17.23204404602714
-2.879762434608137 -11.37192468062312 3.419408766471419
3.752172511923079 -3.141425038482989 90.29533585463945
4.712243512000815 10.74283313214683 3.419408766471414
5.150938985619188 -3.27094646601781 74.94446563161718
8.17663737326064 -3.319556363978849 40.34491539162973
4.86311312677706 3.164125686601179 78.75485642628907
8.7004715821458 2.789959259942722 36.37973497539866
5.515811992190327 -3.836622905684349 67.10251085761583
6.549351529824886 -3.253310064738898 59.55566450511531
10.28636908011077 -3.73836073422892 13.40986106903457
-2.723844371020274 3.415592807225254 96.96476903409871
7.945113376504919 -8.63069383398738 3.419408766471524
-11.09619766411182 3.82407101203741 3.346087816331039
10.7499272969823 3.304317935205711 9.576559054785395
-2.633579180006027 -3.523592931555294 96.57950772588465
9.957006246775096 6.199502580142013 3.439934067811965
11.0516879769979 -3.331572724187092 5.807651982928282
3.374681076347565 3.1132268918116 94.13560339841358
4.812366599042043 -3.224042144942172 78.873476585039
6.213887481933059 3.245444915275248 63.39923967603456
7.854154908482224 -3.29597773825231 44.24681280899749
0.8839995536723747 4.277270915254395 96.9780051014545
-0.6087510069504397 4.572291850264672 93.86533233342223
-3.967763370978763 2.380981615854184 93.67860409287384
-2.514782277294542 4.167909695589317 90.62303120156031
2.066990261246719 -5.261510892665558 80.64680223727419
-4.80108364624302 0.9237778919459773 90.35193927379757
-4.148411874349152 3.013742045850459 87.3225173675719
-5.124635680411549 -0.5869825869384447 86.93403556407078
-5.122782828649765 1.689962471480975 83.93290014234525
-4.102942731135807 -2.73176048741506 89.84349415526822
-3.450955103805575 -3.897373372224187 86.33062376829567
-2.74525964620429 4.619206734186632 84.19882538123187
-4.323373963597374 3.620907277386757 80.81942428518379
-5.663254032746599 0.1873336032435064 80.4766336746259
-5.37961283511469 2.441209115202028 77.4112834124462
3.829378504189165 5.70078908652215 65.2140595431384
3.428112131907595 5.599839637092569 69.04764450439538
0.4887954665235053 6.721468060586366 66.84457821158199
0.8928179355429308 6.984360960285742 63.00759621305362
0.04235021281728917 6.438779606489308 70.66023524719105
-2.942669963235654 5.918174962922335 68.49413161016638
-2.753265683547489 5.205468042889199 77.65080134600056
-5.790428627986908 -1.334465356796285 76.9715180640716
-6.101211141251321 0.9881053621990269 73.94113796353074
-5.568038290200307 -2.775568813770978 73.42303853409744
-4.628925851986176 -3.355453354230358 79.83093658536049
-6.435164392552136 -0.5311196167612977 70.42992237761062
-5.247299461382974 -3.842791129203413 69.83410289294285
-6.451079284925978 -1.943402655771053 66.86703271750487
-4.023738940476278 -5.463228443622678 66.26181359785348
-6.127111939367729 -3.421004872982743 63.30914599902164
5.811217550862038 -6.032015714547201 46.04873695987626
5.454323539244878 -5.953004615925793 49.88579263082659
2.8022077834529 -7.749418691590647 47.76896262079863
2.433904072456799 -7.555834424129176 51.61045964612449
-0.6592534214256607 -8.093771712808955 49.29275478804499
-0.2682692160675588 -8.41081811699669 45.55053242754269
-3.566872641885735 -6.118876329295499 62.48148649032691
-5.627544144180462 -4.652193755991903 59.6998788235062
-7.150026395519752 -1.216181454021843 60.31988762970298
-7.066136523793017 -2.613386588290162 56.74682205855343
-3.675997167296891 -7.437852736595195 47.05536458449848
-3.337106839134441 -7.922995942694743 43.23793053363452
-7.399110627028441 1.186938604208062 57.25786728469546
-7.760717677315624 -0.3900210132729153 53.74074167078587
-6.200861280946293 -5.793840997747306 44.64430448029835
-5.966362865280952 -6.448681503160376 40.84556402414968
-2.926818585002982 -8.40145235614755 39.4315951645553
-5.686759627589668 -7.084612709206143 37.04295937462965
-2.536021885899101 -8.841062277868428 35.60790721585147
-5.371248919546576 -7.695295135456422 33.23372708346492
-2.138179001849731 -9.255372017013649 31.77639912984177
-5.055382919697273 -8.261381008182097 29.40955881034828
-1.735483389608434 -9.646392072540573 27.93758548895211
-4.706685818175227 -8.807838843209817 25.58347614339168
-1.347249163613359 -10.01406471383168 24.08734477227008
-4.35142665207022 -9.323015975732845 21.74647888273559
-7.250921477469093 -7.142085012681834 23.15472705832409
-7.836118026218164 -4.970891874030916 34.56353881843241
-7.887371930668207 -3.637912359946707 42.10949889838693
-6.995610359938588 -7.802126448953934 19.3247427273909
-9.170450170580592 -4.851478313127953 20.65164068953261
-3.98786000470651 -9.812028931772874 17.89724905864923
-9.068173024145095 -5.633109518604225 16.83092463736949
-10.35346464990864 -2.163968396018454 18.07849042638538
-10.19659395992997 -1.290995169992689 21.88013838670311
-10.36927319933828 1.565626135013027 19.22700620548145
-9.895050135711458 2.433245596443461 23.00034954531355
-9.073476766294286 5.092247966688552 20.26948309116154
-8.2640168309097 5.824621974250115 24.00963996751245
-6.598352758028958 7.94960065160769 21.20367404241615
-5.492152949030151 8.404390340612796 24.90674240686663
-3.245512679405646 9.739945776403131 22.02690268366821
-4.496918621794461 9.549979158655834 18.35062264509936
-7.361565876809996 6.495251654900008 27.73281906967479
-4.311886799957352 8.744338514190369 28.59331092911318
-6.366916065728883 7.085261027497492 31.43924014373065
-9.787765685478995 4.323625390307066 16.51563559486775
-3.065876177064048 8.950416558567548 32.26170363829723
-5.283031063682296 7.574960869529034 35.12906209376556
-0.790949284565715 10.46713254108184 19.0977553252794
-2.122162621538225 10.57381820109793 15.44217375744585
1.800531663554092 -9.761044307353078 26.35623741844034
0.5494667171124947 10.19577184685695 22.73690282816574
-6.947972934673278 3.407365721142297 54.14742021571233
-7.774609810794701 1.937544775684074 50.66719563327358
-5.923525858022886 5.358189152717993 50.985083498759
-7.12651030545731 4.171509742394253 47.55117366479698
-4.468866678507659 6.922944799561357 47.77507222391867
-10.44764705628619 -3.025881531856688 14.26897501547867
-8.921820484902941 -6.395074931747999 12.99767471072743
-1.767333116646481 9.001874150413366 35.91124666537676
-4.473764661253125 6.287381765707655 54.42590214325406
1.71245844568547 10.59396685820317 16.11808387156692
0.717847977125209 9.378122155604666 32.96553852199423
2.215390924434677 -9.985997037663132 22.5053886164418
-9.971530235230773 -0.4061015125598381 25.66912215128767
0.3740124643129115 11.01119002707983 12.48333589591814
4.130671630337173 10.1623523068149 13.090314074109
-6.802356408607204 2.411914047440895 60.76999814446555
-6.038004243370656 5.994835743197508 44.36298315485899
-2.763115896356329 8.033177883020713 44.53395278899543
-0.845166928101638 8.189084736889633 47.86957704370079
0.9899053350364497 -9.266600041114406 34.06122553346768
-3.431128241470241 10.52899410193911 11.76658708866938
-7.921478008282379 4.884728565304473 34.22454150529455
-2.54207535125688 -6.908272835043129 58.94230614934579
2.172268822389508 8.861456264874922 36.54528488172841
1.061079381434024 8.428833958544013 44.53068097592124
-0.9690048512459284 11.26408920543452 8.82201710809338
2.962318072911799 7.682559538362455 47.85288378530353
5.213393821736089 -8.603778750473086 24.64947897045334
4.754399378260967 -8.517146336611226 28.53450199480944
-2.975323957660133 -5.526783870095705 72.72048054554459
-4.027919559270655 -6.908855836033273 50.85942943979711
5.583243198257635 -8.726968271258832 20.83634845456141
5.328731435531566 9.263506612500452 16.68564584075953
1.03685717071455 7.908535038100741 51.12704118960659
4.308144104514341 8.310465979687113 33.53464054787261
3.154731045434481 9.110324448414884 29.97297585671878
0.1174795517825061 -7.141504785329895 61.72075793419516
2.624938797594594 -10.20003121006333 18.64793332875911
5.865079408161094 -8.907662645344791 16.9607667461672
3.011929733474368 -10.40903730994688 14.78950494336362
6.211842443416677 -9.042661966482893 13.07822812830598
3.40429045134856 -10.60772893815717 10.91963345826976
-0.1050673260574069 -11.01290024391308 12.53592349952411
-10.5050686717419 -3.816166234178441 10.4604671968024
-8.738825967941143 -7.131905494543081 9.152547826381014
-11.08258121503573 -0.1621231765801499 11.64184442683102
-7.898427084638651 -1.569671369619569 50.15280255440411
7.173694200310172 8.246853666283799 13.59123098401653
6.391669036747722 9.209660192809878 10.03383607345546
1.174889512819011 -7.34029326466543 58.02002229428872
-6.63169320767456 6.101444379843752 37.97260137393597
-8.725221339326362 2.553752139075601 36.95895580298878
-9.272346077840087 1.459754136361354 33.20705579467198
2.996450244430661 5.504355379608286 72.84329996013764
7.621266741275861 -6.306686871930308 26.78060649541706
5.142357396234855 -5.825362417282579 53.74251453066729
-6.4213188584889 -9.035121599470051 11.63217625742115
-7.908727279757493 3.207421186565054 44.03496966238203
4.663881116394194 6.473307080732225 51.0987752331682
2.95504135654981 7.122296500182506 54.49703087441205
0.2902586036127973 -11.31386625434132 8.670854494795986
6.50702464532443 -9.201946009103372 9.273116714153256
-6.062561606910668 -9.640988344702428 7.766844515143852
-11.34392959198326 -1.270759989233288 7.434607695075306
-10.97551330793039 2.668520317011463 8.954573770207345
-1.009210317210335 8.698720628507242 41.20535352615279
2.758367604307663 8.342054639261145 40.83436418018644
-9.100103205237474 -7.167695188143212 5.286506943726146
-1.523215334344938 -7.496831598063396 55.27185028235677
-3.18083403039573 5.480644173370679 71.95764687982739
1.979888415474979 -4.986428075485636 84.30424969060424
-6.529799952990007 1.589206942064839 67.08359347164958
-4.69924960712395 10.34802762122546 8.067658787787888
-6.844111155360109 8.787316018499258 10.95061730834538
-2.302320390533954 11.36489174496087 5.136469297527364
5.239415278380335 7.414050938004052 37.12085416666311
6.435368908041698 7.133747341385535 30.3994177028227
5.396974261095282 8.276212097052827 26.93161265638005
-1.714684285248882 -4.682169777183954 89.11793074351316
6.042974550474646 6.375938637786392 40.85485250662715
-2.310489625791758 -4.106458645292604 92.60494920429589
-8.085429920285838 8.117082450323313 6.900381077297767
5.908200535621055 5.736712293472323 47.83772174848421
1.254903866020898 4.690446735387388 90.78053429165655
-7.925151680787539 -2.735285105791055 45.94688075519549
-0.981425048882092 5.011990212035081 87.58164002365606
8.819780162544831 -6.757024191207043 11.30063221639841
9.017071439551472 -7.055914357573965 6.993403750211821
-4.373797870819125 0.05949301263183673 96.89494471490113
2.425769257960733 -5.437810937582964 76.81741565136404
2.82027200399946 -5.587699571852098 72.94506308023425
-0.6805566741684789 6.097069560852588 74.52272997509201
-2.28720780664464 -4.997592158204522 82.6397327241758
8.173114239075636 -6.592211747275478 19.05504025595772
6.159250551952587 -6.114595836852289 42.1975924302034
6.545261997230773 -6.151471853528367 38.34397569139171
3.610762882248423 -8.076643734714382 40.06239524159685
3.781901357702678 -6.155264996096776 60.68141368120746
2.306129256414713 -6.537010587999739 64.39677267489819
5.680816630934607 -4.124439711389869 63.27483573214781
2.90313170616351 -5.924773144961187 68.64131894633614
-0.7435266673747338 -6.705588875087981 66.74970009804981
7.240210654185436 -6.287260021976399 30.63375333231047
9.122994413206149 -3.38396882571171 28.83827132390986
9.46112987883933 -3.338861361824655 24.99317767717859
8.012527851455756 -6.307843757541726 22.90262926912598
-6.412885653187181 -5.090972359563231 48.43624024909247
-1.336082905341356 -5.659187500338486 78.59083090662011
2.767451965606174 -3.656060944166346 94.21187059484977
0.8502221189687292 -4.28245174500155 96.99870917382096
4.151595880050725 -3.10881660211555 86.57286023530499
1.490284449403214 11.44379520692528 5.839461034432489
3.204196442121937 -7.918240921616556 43.93831619156457
4.48357570825921 3.182873906471004 82.60981160837999
2.073997266700022 5.274460263207301 80.4611004648701
1.614789335008934 5.119291401965853 84.26841963380122
6.925735087880159 -6.18263032825888 34.51137395725292
1.858807483549249 9.748128460592955 26.38102731786484
1.39746809121314 -9.520680875728448 30.20650930074138
4.414035873384409 -8.355837923763495 32.39998837849708
9.982537472314036 -3.68347788799848 17.27478779863795
5.230186812348898 3.144617887825967 74.93175104653113
-5.079409767513662 -1.934781934297503 83.41090433262684
8.489834646061707 -6.68422485929336 15.17913490092354
10.59899536246261 -3.758775975868279 9.583538281721523
-6.711156711955483 -8.436573812698411 15.49744320590953
6.549329588493538 3.253376719494234 59.5555374068739
4.195919843878166 5.820055955217346 61.3090585423212
1.321749738526865 7.215829254662927 59.26319536542459
-2.189651970395955 6.878371744964822 60.75486636556875
7.088293079255143 3.552600528202366 51.73030211406253
8.485357925352185 -3.356664105354429 36.52834181880261
6.894540833873587 -3.219816975596809 55.78874224950925
5.403166115282601 -3.444545982232197 71.05643104972593
8.8570062281657 3.238746256719359 32.64744352017681
-10.76072395306034 0.7148421220697166 15.44513470645381
4.867967019025342 6.979029980965076 44.35670267320239
9.52393724467724 3.174737289440045 24.91508510174398
9.813818944289316 3.251333454650609 21.11281602184983
8.391023379139691 5.79623575828136 22.89258254449509
3.024119743623225 9.999802958614824 19.73179309736681
3.984450702739319 9.351278384498809 23.31899207532386
-10.4191591464823 3.518218872263656 12.7427448453828
2.859989605203539 10.88455960574606 9.478454822546038
10.39767362600353 3.453041623699544 13.2645950672984
-1.959799390116531 9.7851773212781 25.67283026001831
-0.6250049909495428 9.669518321191815 29.35519088630936
-7.920115022540573 -4.231709722959232 38.37614189796275
-8.865865078579224 -0.5824019925662585 39.58016334012657
-2.758467587508452 7.479456644868911 51.18168356966901
-5.707168854844602 9.222236067685127 14.67133774355713
-7.473294818554196 -6.458235764843504 26.9728183762463
-7.704998807845924 -5.686009731121428 30.80120877183337
-9.242820468253674 -3.17890088781587 28.28136947894659
-0.5208177507115744 -10.6966877546238 16.39914293855676
-0.9277470668017241 -10.36394732204619 20.26145477300987
-6.241181492719281 4.093052173691593 57.64034411964083
-3.435186653327769 6.01350237405118 64.47748191465328
-9.095390367173161 -1.213782704532253 35.88203250189814
4.032040532202399 -8.209639851291509 36.25918685598143
-6.960249981385983 0.4404976327137751 63.85916047336482
-8.675054796803158 4.110710083183141 30.49852253948949
-9.667706369340582 0.5374728765262025 29.44491217426697
-9.20958673010179 -2.233722726770641 32.06279855080155
-6.378146816968969 -4.517492285103238 53.16386821714346
-4.901567237886852 -5.794800154390308 56.03689895709837
-7.629217739826217 7.387279785042373 17.53906963830121
-5.917188389642313 3.64671032944432 64.15800245425416
8.24786558330989 6.739104073559497 17.14126106612178
-3.581948413303468 -10.28564959867416 14.08472887384414
0.5706661980228015 -8.999076192662523 37.90067594772771
0.1837267521899315 -8.71686847122303 41.69154212677952
-8.571151074780021 6.759595614103813 13.77486010769132
-9.232313311881176 -4.033193854566069 24.46156493127896
-9.33596410068084 3.281507871847625 26.73532903086073
5.545316124772948 3.200633963616605 71.12041853286362
-1.419745594748953 7.375203288795379 57.04307588630223
6.378351073503635 8.225924142229013 20.21440633729289
-3.26869659369778 -10.70462912109939 10.25946236912933
-9.427954453182384 6.069655226034275 10.00223603966135
-3.935880582470612 -4.520599496703763 76.31458940344676
-4.165705095481022 7.697361998910169 41.26614045174991
9.029751558418225 6.579867041021899 10.51079793461153
8.000156133192831 8.192846568931234 6.975799575966851
7.675333144693592 8.87233018020604 3.411134293055797
7.224872224757849 -3.239331477894782 51.868875608671
4.230469682376077 6.175620081593399 57.36008458892331
4.644756120182949 -10.77729677694288 3.359749051448046
3.751435662458301 -10.80784308975815 7.110397933271602
0.7353232397279819 -11.58914903346795 4.924245558311277
-9.305755438015881 7.148153324448866 3.376372254275834
-11.73666604211394 0.04718123912198847 3.344770207887467
2.78270719789505 5.292652934030017 76.49641558320326
-4.522928016685367 -1.116538227789206 93.27999296042566
-8.349331672706715 2.834109663369953 40.44094735680389
-0.1467060946942728 -6.442927872093584 70.58807632597566
-6.296462251648564 -9.914645348100612 3.2397553491885
-10.40984128984836 -4.782873560470877 6.911765455945798
4.62442249864698 -5.890328313305024 57.32097256573304
10.22813237147876 -5.778600291799357 3.206609444451877
11.14419421701994 2.972373463720109 5.923893565935042
7.004229234723419 6.135764350442197 34.15872167206129
-5.657202652786991 3.062192770992701 70.73793305249328
-8.244793736557861 0.7012029497583896 47.33622936843954
8.303680399274008 2.987846346855601 40.34384936114449
7.709249803487288 6.208319328003225 26.70500370971401
5.139924651163037 10.23929337679081 6.899965312550076
-10.21191459152872 5.238166865959939 6.645310347071354
-0.5155269688868627 -6.062175831912949 75.16918892446202
-3.04277403015409 -11.0561332410361 6.769932254330504
-1.508034142645382 5.429304582363539 80.87692083548143
0.675787463642481 -4.726761959406258 91.80453479411077
2.053620129172288 -7.398203846143429 54.91696836899607
-0.862957403625385 7.70335950483107 53.98174457129444
7.772164000857797 2.673138896905809 48.04197164151546
-8.578894126178366 -0.171264377536173 43.44755238004028
-4.329239788235686 4.287738596895608 75.05307980651777
0.6238361859539098 11.77436960961673 2.657067590241274
-3.80859786566958 8.148330041562897 38.1887314818231
-4.920349172596098 5.215592497608889 61.36800850094394
4.136490153060944 2.610269484400888 90.32558230896208
1.576871404464888 -4.839456285904425 87.8014217453687
6.452512501625301 -9.544842667881639 6.083240224743792
5.376458703786377 5.580231191737775 54.01548048097096
-11.3808736670436 1.871674226630495 5.924234482641377
-0.7469839110473178 -7.835384326587056 52.46505623031145
-3.001801111154203 -5.837556917739455 69.06920162568429
-9.321814312836471 -7.256518489891524 2.372664790574404
3.150491641629034 -2.99878010852642 97.2086302191444
3.407052942739645 2.703714494624518 97.20891928206666
8.45959974638526 6.091565365292771 20.01753087970318
9.989677358540582 5.494943602672018 7.608086736659656
0.1312676688643333 5.844406604986242 78.19550131087449
9.036362438056239 6.05914756144035 14.23403521640977
11.44288147924984 -2.793102482646737 2.810165575525718
11.37923947019136 3.017559473982097 2.890122003772733
-6.725888201585374 5.572580954363535 41.49230042943778
-0.8183929021767927 -5.16345271735792 86.04760099369275
-0.2348378546792189 8.974852431955934 38.39911239066556
-2.902659045103456 11.46234135071534 2.234291780102737
-5.135908018217144 4.334669957422169 67.08071146555795
7.292310565134632 5.256196845093733 38.25606595686546
2.225690910328113 4.563570168337198 87.96012061743762
-0.05469789955032378 -4.565507725670101 94.46001779304729
-3.73853128747054 -6.815048909019394 53.70751008527645
1.063239728318028 7.483161235477393 56.43691262184559
0.9912759083853923 -11.79721746320572 2.048356996154488
-4.002407877759291 6.223229941006785 58.45896512773751
-1.283180511090263 -6.837550822459725 64.07848224067104
6.385301205374145 7.80042361764051 24.38817357336235
7.196230324125108 4.235633341165829 8.256126152755808
6.698011037144949 4.050300646829493 14.89921741168228
2.568194747691423 8.211679641296898 5.032771463385276
2.7155420648969 7.618319302817259 11.59024736925859
6.755388806333396 5.617658137566788 2.719442449965966
2.79755253148735 7.866349843750226 8.271770458503291
5.526285051403494 6.48821530163948 6.06441137981149
2.728186807511808 7.333077210302444 14.94083329319862
6.996195670066378 4.063219470700165 11.55604501169581
4.864886092971378 5.899946908709727 17.19159368748479
5.262614076507178 6.329421488496924 9.765419875184802
7.564362857408713 4.064668540204227 5.24429866699635
4.420878898889448 7.610420096441272 2.524879813591244
5.07898049643421 6.140220179351547 13.10537029202231
6.586513646952678 3.827906834640099 17.55905029222235
2.441509961323196 7.215081697389349 17.57294322221832
8.00028101005122 3.706974685661728 2.32043052906215
2.41459994787253 8.475307662317098 2.381709319294358
5.113066866729874 1.5 11.34809047097007
-5.402308597187586 1.5 8.278328748373958
-1.994015523818328 1.5 16.47878440394762
0.04206575498733045 1.5 3.357825204738709
5.708234983364616 1.5 4.912699210463119
-5.028266550777515 1.5 3.572269465149522
-4.950217175735563 1.5 14.63309460700379
1.961916385352136 1.5 16.42178906884745
-0.0004904118946988945 1.5 13.82042968120666
5.321705770844774 1.5 8.102500686747753
2.567642316965864 1.5 9.449933140670613
4.954510035364645 1.5 14.60912253447443
-5.152372552475507 1.5 11.35469035723
-2.49937090168476 1.5 9.49701330594011
2.794811760504674 1.5 6.053543334876775
-2.930626868684318 1.5 5.926683234489527
3.654688183790423 1.5 2.777171214359416
-0.003625401911820703 1.5 7.552079896727486
2.43339511982635 1.5 12.7794743426364
-2.432123506528097 1.5 12.80191558582956
0.01090453579547379 1.5 10.9834743255018
5.073263897851602 1.5 17.53952859949971
-5.078825153619025 1.5 17.55572208102562
-2.550541491032266 1.5 2.497250893022742
6.43389103868031 1.5 2.204652224599395
-6.087749341595714 1.5 5.820170090635959
-7.196230324121317 4.235633341172569 8.256126152753867
-6.698015859981806 4.050291559519317 14.89922472117918
-2.854679930756189 8.12244508552021 4.961904723684401
-2.849141258107803 7.566354378121294 11.62609916024321
-6.755388806333396 5.617658137566789 2.719442449965965
-2.852080234117256 7.844879875097513 8.294036521286985
-5.635059319787819 6.393578523664725 6.068156784994635
-2.846176214996377 7.286608981028524 14.95840232486443
-6.996196169766488 4.063218490676888 11.55604577503888
-4.876128289672984 5.890070127691886 17.19735711485762
-5.31587775427462 6.286486393091754 9.748608008762833
-7.564362857407271 4.064668540207798 5.244298666991018
-4.511520622647693 7.556121085382403 2.534899441843138
-5.099242854158089 6.121229444128333 13.12659512096299
-6.58651364695771 3.827906834630038 17.55905029223129
-2.4413471086682 7.215122368752005 17.57311695118975
-7.97645022454296 3.743832939130152 2.396914171486752
-2.16760895263027 8.550770819108216 2.271407946893602
-6.661338147750939e-15 5.900042359436546e-15 100
1.035098897023574 4.462982931753815 20
-1.868691107275656 3.999141198104451 20
3.457241148642472 4.243045720596343 20
-0.002710675357318948 -0.005077749300755663 29.73963035922266
0.1233355593932441 -0.06666560548228162 38.63751822706728
-0.004380665451282795 -0.002274605392401874 47.37256051666008
0.01598914344948987 -0.01543192634420132 55.91463594263008
0.008998888177616848 0.005500184435635269 63.3702079446714
-0.08747813284531158 0.08143352225893352 72.51246385252716
2.185088621166472 -3.680332141172861 25.70962846706958
2.175002077031851 3.569250234692979 25.66143228450941
-0.1725239867286521 0.05628779892821267 78.30898189540879
-3.583186778336758 2.447700923999228 25.79053588750962
3.526930734577345 -1.495332562515888 34.16334741443398
0.8236062609304197 3.677514867820419 34.21488290611155
-1.899659643215541 -3.292935439533381 34.36900248860928
-3.343030140006128 -3.099516788069795 25.32895914783475
-1.72486144200725 2.840149899261391 42.95775984303798
0.226567753680857 -3.378825914169862 43.03213558393855
0.09265999190466179 -0.0386351503763791 85.17479340037931
-1.208911020772076 -2.823625298492915 51.87872761517524
-3.934755076605274 1.494611514515266 33.17316725490098
-1.692943830911359 2.415126792344103 51.65138278478482
3.030157777301224 0.2054517034286482 51.66533654434307
5.454669565231625 3.26405569239796e-14 24.26989204170764
3.288105257696749 0.9952872399033867 42.81023969734275
-1.552869689368655 4.770426756558835 29.93101645161155
-0.6894506350584935 -5.048379877213666 29.53940670157921
-1.459816086017041 -1.259760506709521 67.93716902968382
4.904000671414643 -0.73601380254446 29.17718059484629
-0.02432199889249276 -0.05283267324374297 90.05780947783451
-4.804868018946719 -1.910044526275566 29.81179316432714
-3.758039701203756 -1.233809149562083 41.29571976544385
-0.1392530592154438 -2.902926251604631 59.65041592143217
1.687371340294798 -4.426591016009407 37.7944408578339
1.28946027268891 2.5399805502947 59.63647407267624
-0.1307571101749794 0.06779108854410505 94.96497955225448
-2.848363371705413 0.7163999402753347 59.34829099619118
-1.083338065812546 4.416547137974006 38.63819068667146
4.051687112501718 2.04178005348737 37.19286502820614
2.178038187365465 1.328185654355291 68.88633964091895
3.096773885319091 3.401320883254399 30.19335931594856
-0.1370919093616694 -0.06805238055020801 24.28851691693464
-1.381460095246822 5.956370781298504 23.79943479209694
-2.95562441844385 -3.124070247505764 46.15435164197122
3.730723401461706 -2.071407413755619 46.03738641432076
-4.384031510755134 1.449470019135903 37.68922455125015
0.5642038546881483 4.266476099245423 46.44169511391034
-6.283979637105084 4.685141163918161e-14 23.7637171618104
-4.036538793350738 1.328621012549523 46.34313075327815
3.350756018171817 -4.410075740437343 30.96426180747098
0.5810379069106917 -4.162545231789446 48.26625811445861
-2.807649922152818 -4.252555900328725 38.42937949600399
-1.406862846550869 -6.065898523831583 23.48256786387837
0.576346716339581 3.830434301018444 54.71562026222732
4.020501760105261 -2.703797826428079 40.88132293026511
3.389629783982888 -0.8191410143118899 58.26818930075014
1.963532096128609 -3.318793158853292 54.44123483715332
-3.197030556377984 2.457018405840082 55.44517601518945
3.735982434398103 1.808576421718838 47.5345264564648
-1.035942035774608 2.704854668346028 66.47693028762443
-1.950810510425413 0.6004916551207158 81.81350925224967
4.063498483678127 -5.509888354579095 23.28419955714325
-5.338722793930971 2.084764940837744 29.42128896367903
-3.607396523362349 -1.548265393940748 54.90007753029651
4.793809219106031 3.366911794564206 23.21445886053238
1.717502724848933 3.926647635557491 50.24337262617584
1.836683177749869 -0.4491674748325973 81.65268617732799

CELLS 3579 16343
1 0
1 1
1 2
1 3
1 4
1 5
1 6
1 7
1 8
1 9
1 10
1 11
2 0 12
2 12 13
2 13 14
2 14 15
2 15 16
2 16 17
2 17 1
2 0 18
2 18 19
2 19 20
2 20 21
2 21 1
2 2 22
2 22 23
2 23 24
2 24 25
2 25 26
2 26 0
2 2 27
2 27 28
2 28 29
2 29 30
2 30 31
2 31 3
2 1 32
2 32 33
2 33 34
2 34 35
2 35 36
2 36 3
2 2 37
2 37 38
2 38 39
2 39 3
2 4 40
2 40 41
2 41 42
2 42 43
2 43 44
2 44 45
2 45 46
2 46 47
2 47 48
2 48 49
2 49 50
2 50 51
2 51 52
2 52 53
2 53 54
2 54 55
2 55 56
2 56 57
2 57 4
2 5 58
2 58 59
2 59 60
2 60 6
2 5 61
2 61 62
2 62 63
2 63 64
2 64 7
2 6 65
2 65 66
2 66 67
2 67 7
2 8 68
2 68 69
2 69 70
2 70 71
2 71 72
2 72 73
2 73 8
2 4 74
2 74 75
2 75 76
2 76 77
2 77 78
2 78 79
2 79 80
2 80 81
2 81 82
2 82 83
2 83 84
2 84 85
2 85 86
2 86 87
2 87 88
2 88 89
2 89 90
2 90 91
2 91 92
2 92 93
2 93 94
2 94 95
2 95 96
2 96 97
2 97 98
2 98 8
2 9 99
2 99 100
2 100 101
2 101 102
2 102 103
2 103 5
2 9 104
2 104 105
2 105 10
2 6 106
2 106 107
2 107 108
2 108 109
2 109 110
2 110 10
2 7 111
2 111 112
2 112 113
2 113 114
2 114 115
2 115 11
2 9 116
2 116 117
2 117 118
2 118 11
2 10 119
2 119 120
2 120 11
3 12 159 0
3 0 159 26
3 1 158 17
3 32 158 1
3 22 150 2
3 2 150 27
3 31 149 3
3 3 149 36
3 13 156 12
3 12 156 125
3 125 159 12
3 14 144 13
3 144 156 13
3 15 121 14
3 121 144 14
3 16 138 15
3 15 138 121
3 17 157 16
3 16 157 138
3 17 158 157
3 23 142 22
3 142 150 22
3 24 123 23
3 123 142 23
3 25 128 24
3 24 128 123
3 26 125 25
3 125 128 25
3 26 159 125
3 27 139 28
3 27 150 139
3 28 124 29
3 28 139 124
3 29 140 30
3 124 140 29
3 30 127 31
3 30 140 127
3 127 149 31
3 33 126 32
3 126 158 32
3 34 137 33
3 33 137 126
3 35 122 34
3 122 137 34
3 36 141 35
3 35 141 122
3 36 149 141
3 138 155 121
3 121 146 144
3 121 155 146
3 122 152 137
3 141 151 122
3 151 152 122
3 128 129 123
3 129 145 123
3 123 145 142
3 139 147 124
3 124 143 140
3 124 147 143
3 125 130 128
3 125 156 130
3 137 153 126
3 153 157 126
3 157 158 126
3 140 154 127
3 141 149 127
3 127 151 141
3 127 154 151
3 128 130 129
3 130 131 129
3 131 132 129
3 132 145 129
3 130 146 131
3 144 146 130
3 130 156 144
3 131 133 132
3 131 134 133
3 131 146 134
3 133 143 132
3 143 147 132
3 132 147 145
3 134 135 133
3 135 136 133
3 136 143 133
3 134 148 135
3 146 155 134
3 134 155 148
3 135 152 136
3 148 152 135
3 136 154 143
3 136 152 151
3 151 154 136
3 152 153 137
3 138 153 148
3 148 155 138
3 138 157 153
3 142 145 139
3 139 150 142
3 145 147 139
3 143 154 140
3 148 153 152
3 0 184 18
3 26 184 0
3 21 32 1
3 2 181 22
3 37 181 2
3 36 182 3
3 3 182 39
3 18 176 19
3 18 184 176
3 19 163 20
3 19 176 163
3 20 183 21
3 163 183 20
3 21 165 32
3 21 183 165
3 22 171 23
3 22 181 171
3 23 160 24
3 23 171 160
3 24 169 25
3 160 169 24
3 25 164 26
3 25 169 164
3 164 184 26
3 32 185 33
3 165 185 32
3 33 161 34
3 33 185 161
3 34 172 35
3 161 172 34
3 35 166 36
3 35 172 166
3 166 182 36
3 38 167 37
3 167 181 37
3 39 162 38
3 162 167 38
3 39 182 162
3 160 170 169
3 160 178 170
3 171 178 160
3 161 173 172
3 161 175 173
3 161 185 175
3 166 179 162
3 162 182 166
3 162 168 167
3 162 179 168
3 163 176 174
3 174 177 163
3 163 177 175
3 175 183 163
3 169 174 164
3 174 176 164
3 176 184 164
3 165 183 175
3 175 185 165
3 172 179 166
3 168 178 167
3 167 178 171
3 171 181 167
3 168 180 178
3 179 180 168
3 170 174 169
3 170 177 174
3 170 180 177
3 178 180 170
3 173 179 172
3 175 177 173
3 177 180 173
3 173 180 179
3 37 2 27
3 31 3 39
3 28 187 27
3 27 187 37
3 29 187 28
3 30 186 29
3 186 187 29
3 31 188 30
3 30 188 186
3 39 188 31
3 37 187 38
3 38 186 39
3 38 187 186
3 186 188 39
3 7 190 0
3 0 195 7
3 12 197 0
3 0 190 18
3 49 195 0
3 0 197 49
3 4 1 5
3 57 1 4
3 1 191 5
3 17 1 57
3 21 191 1
3 40 4 5
3 58 40 5
3 5 191 61
3 44 43 6
3 43 60 6
3 65 44 6
3 7 195 48
3 48 196 7
3 64 190 7
3 7 196 67
3 51 12 13
3 50 12 51
3 50 197 12
3 14 52 13
3 13 52 51
3 15 53 14
3 14 53 52
3 16 189 15
3 15 54 53
3 15 189 54
3 17 199 16
3 55 189 16
3 16 199 55
3 17 57 56
3 56 199 17
3 18 194 19
3 18 190 64
3 64 194 18
3 19 192 20
3 63 192 19
3 19 194 63
3 20 193 21
3 20 192 62
3 62 193 20
3 61 191 21
3 21 193 61
3 41 40 58
3 41 59 42
3 58 59 41
3 42 60 43
3 59 60 42
3 45 44 65
3 46 45 66
3 66 45 65
3 46 198 47
3 66 198 46
3 47 196 48
3 67 196 47
3 47 198 67
3 48 195 49
3 49 197 50
3 54 189 55
3 55 199 56
3 61 193 62
3 62 192 63
3 63 194 64
3 67 198 66
3 40 552 4
3 4 551 57
3 74 551 4
3 4 552 74
3 8 546 68
3 73 545 8
3 8 545 98
3 98 546 8
3 41 227 40
3 227 552 40
3 42 501 41
3 41 501 227
3 43 214 42
3 214 501 42
3 44 534 43
3 43 534 214
3 45 556 44
3 44 556 534
3 46 209 45
3 209 556 45
3 47 507 46
3 46 507 209
3 48 224 47
3 224 507 47
3 49 508 48
3 48 508 224
3 50 208 49
3 208 508 49
3 51 544 50
3 50 544 208
3 52 513 51
3 513 544 51
3 53 212 52
3 212 513 52
3 54 563 53
3 53 563 212
3 55 504 54
3 504 563 54
3 56 223 55
3 223 504 55
3 57 516 56
3 56 516 223
3 57 551 516
3 68 233 69
3 68 546 233
3 69 222 70
3 69 233 222
3 70 405 71
3 222 405 70
3 71 226 72
3 71 405 226
3 72 426 73
3 226 426 72
3 426 545 73
3 75 228 74
3 74 517 75
3 228 551 74
3 74 552 517
3 75 225 76
3 76 441 75
3 75 517 225
3 75 441 228
3 77 221 76
3 76 461 77
3 221 441 76
3 225 461 76
3 77 211 78
3 78 437 77
3 77 461 211
3 77 437 221
3 79 207 78
3 78 455 79
3 207 437 78
3 211 455 78
3 80 421 79
3 79 454 80
3 79 421 207
3 79 455 454
3 80 204 81
3 81 420 80
3 80 454 204
3 420 421 80
3 82 202 81
3 81 451 82
3 202 420 81
3 204 451 81
3 82 218 83
3 83 448 82
3 82 448 202
3 82 451 218
3 84 216 83
3 83 521 84
3 216 448 83
3 218 521 83
3 84 206 85
3 85 232 84
3 84 521 206
3 84 232 216
3 86 203 85
3 85 531 86
3 203 232 85
3 206 531 85
3 86 447 87
3 87 502 86
3 86 502 203
3 86 531 447
3 87 205 88
3 88 449 87
3 87 447 205
3 449 502 87
3 89 220 88
3 88 443 89
3 205 443 88
3 220 449 88
3 89 231 90
3 90 416 89
3 89 416 220
3 89 443 231
3 90 200 91
3 91 219 90
3 90 231 200
3 219 416 90
3 92 450 91
3 91 492 92
3 200 492 91
3 91 450 219
3 93 215 92
3 92 438 93
3 215 450 92
3 92 492 438
3 93 217 94
3 94 230 93
3 93 230 215
3 93 438 217
3 95 201 94
3 94 430 95
3 201 230 94
3 217 430 94
3 95 210 96
3 96 427 95
3 95 427 201
3 95 430 210
3 97 213 96
3 96 537 97
3 210 537 96
3 213 427 96
3 97 229 98
3 98 425 97
3 97 425 213
3 97 537 229
3 229 546 98
3 98 545 425
3 231 248 200
3 248 249 200
3 249 492 200
3 201 237 230
3 201 387 237
3 201 427 387
3 419 420 202
3 202 433 419
3 202 448 433
3 203 264 232
3 203 265 264
3 203 502 265
3 393 451 204
3 204 522 393
3 454 522 204
3 205 503 443
3 447 540 205
3 205 540 503
3 396 453 206
3 206 521 396
3 206 453 399
3 399 531 206
3 207 422 410
3 410 437 207
3 421 422 207
3 380 508 208
3 208 514 380
3 384 514 208
3 208 544 384
3 389 391 209
3 209 398 389
3 391 556 209
3 209 507 398
3 430 432 210
3 432 559 210
3 210 559 537
3 211 547 455
3 461 550 211
3 485 547 211
3 211 550 485
3 506 526 212
3 212 563 506
3 212 526 513
3 425 528 213
3 213 538 427
3 528 538 213
3 428 523 214
3 214 534 428
3 214 523 501
3 230 406 215
3 406 407 215
3 407 450 215
3 232 411 216
3 411 412 216
3 412 448 216
3 217 431 430
3 217 509 431
3 438 509 217
3 451 518 218
3 518 558 218
3 218 558 521
3 415 416 219
3 219 417 415
3 219 450 417
3 220 416 414
3 414 515 220
3 220 515 449
3 221 440 403
3 403 441 221
3 437 440 221
3 233 234 222
3 234 235 222
3 235 405 222
3 223 516 404
3 404 539 223
3 223 539 504
3 224 524 507
3 508 541 224
3 224 541 524
3 225 499 461
3 225 548 499
3 517 548 225
3 226 510 397
3 397 560 226
3 405 510 226
3 226 560 426
3 227 501 500
3 500 548 227
3 227 548 517
3 517 552 227
3 228 441 404
3 404 516 228
3 516 551 228
3 229 234 233
3 233 546 229
3 229 400 234
3 229 537 400
3 237 406 230
3 231 444 248
3 443 444 231
3 264 411 232
3 234 236 235
3 234 400 236
3 236 238 235
3 238 510 235
3 235 510 405
3 236 239 238
3 236 402 239
3 400 402 236
3 387 409 237
3 237 424 406
3 409 424 237
3 239 240 238
3 240 242 238
3 242 510 238
3 239 241 240
3 239 244 241
3 239 402 244
3 241 439 240
3 240 243 242
3 240 439 243
3 244 245 241
3 245 246 241
3 246 439 241
3 243 395 242
3 395 397 242
3 397 510 242
3 243 554 395
3 243 439 409
3 409 554 243
3 244 527 245
3 402 432 244
3 432 527 244
3 245 247 246
3 245 254 247
3 245 527 254
3 247 255 246
3 255 258 246
3 258 439 246
3 254 533 247
3 247 256 255
3 247 533 256
3 248 250 249
3 248 251 250
3 248 444 251
3 250 252 249
3 252 370 249
3 370 492 249
3 251 474 250
3 250 253 252
3 250 474 253
3 444 445 251
3 445 446 251
3 446 474 251
3 253 386 252
3 252 408 370
3 386 408 252
3 253 519 386
3 474 557 253
3 253 557 519
3 408 533 254
3 254 549 408
3 527 549 254
3 256 257 255
3 257 497 255
3 255 497 258
3 256 259 257
3 256 519 259
3 256 533 519
3 259 260 257
3 260 346 257
3 346 497 257
3 258 424 409
3 409 439 258
3 258 497 424
3 259 261 260
3 259 388 261
3 259 519 388
3 261 262 260
3 262 543 260
3 260 543 346
3 261 263 262
3 261 477 263
3 388 477 261
3 263 270 262
3 270 565 262
3 418 543 262
3 262 565 418
3 263 271 270
3 263 272 271
3 263 477 272
3 265 266 264
3 266 429 264
3 264 429 411
3 265 267 266
3 265 372 267
3 265 502 372
3 267 268 266
3 268 269 266
3 269 429 266
3 267 542 268
3 372 529 267
3 529 542 267
3 268 274 269
3 268 347 274
3 268 542 347
3 274 275 269
3 275 488 269
3 269 488 429
3 271 339 270
3 339 353 270
3 353 565 270
3 272 273 271
3 273 482 271
3 271 482 339
3 272 276 273
3 272 332 276
3 272 477 332
3 276 277 273
3 277 481 273
3 481 482 273
3 274 278 275
3 274 423 278
3 347 423 274
3 278 279 275
3 279 280 275
3 280 488 275
3 276 317 277
3 276 473 317
3 332 473 276
3 317 318 277
3 318 363 277
3 363 481 277
3 278 292 279
3 278 401 292
3 278 423 401
3 279 281 280
3 279 464 281
3 292 464 279
3 281 282 280
3 282 487 280
3 487 488 280
3 281 283 282
3 281 291 283
3 281 464 291
3 283 284 282
3 284 336 282
3 336 487 282
3 283 285 284
3 283 469 285
3 291 469 283
3 285 286 284
3 286 435 284
3 284 435 336
3 285 287 286
3 285 468 287
3 285 469 468
3 287 288 286
3 288 315 286
3 315 435 286
3 287 289 288
3 287 290 289
3 287 468 290
3 289 472 288
3 288 328 315
3 288 472 328
3 290 293 289
3 293 295 289
3 295 472 289
3 290 294 293
3 290 490 294
3 468 490 290
3 464 475 291
3 291 480 469
3 475 480 291
3 401 532 292
3 292 465 464
3 292 532 465
3 294 296 293
3 293 442 295
3 296 442 293
3 294 297 296
3 294 298 297
3 294 490 298
3 442 486 295
3 471 472 295
3 295 486 471
3 297 322 296
3 322 323 296
3 323 442 296
3 298 299 297
3 299 452 297
3 297 452 322
3 298 300 299
3 298 329 300
3 298 490 329
3 300 301 299
3 301 310 299
3 310 452 299
3 300 302 301
3 300 491 302
3 329 491 300
3 302 303 301
3 303 483 301
3 301 483 310
3 302 304 303
3 302 307 304
3 302 491 307
3 304 305 303
3 305 306 303
3 306 483 303
3 304 462 305
3 307 308 304
3 308 462 304
3 305 313 306
3 305 316 313
3 305 462 316
3 313 314 306
3 314 467 306
3 467 483 306
3 307 309 308
3 307 478 309
3 307 491 478
3 309 311 308
3 311 463 308
3 308 463 462
3 309 312 311
3 309 338 312
3 309 478 338
3 310 459 452
3 310 489 459
3 483 489 310
3 312 324 311
3 324 327 311
3 327 463 311
3 312 535 324
3 338 367 312
3 367 535 312
3 313 326 314
3 316 457 313
3 313 457 326
3 326 330 314
3 330 337 314
3 337 467 314
3 328 344 315
3 344 345 315
3 345 435 315
3 434 458 316
3 316 462 434
3 316 458 457
3 317 319 318
3 317 325 319
3 317 473 325
3 319 320 318
3 320 520 318
3 318 520 363
3 319 321 320
3 319 466 321
3 325 466 319
3 321 333 320
3 333 374 320
3 374 520 320
3 321 334 333
3 321 335 334
3 321 466 335
3 322 360 323
3 322 362 360
3 322 452 362
3 360 361 323
3 361 373 323
3 373 442 323
3 324 340 327
3 324 555 340
3 535 555 324
3 325 530 466
3 473 564 325
3 493 530 325
3 325 564 493
3 326 331 330
3 326 349 331
3 326 457 349
3 340 351 327
3 351 352 327
3 352 463 327
3 328 348 344
3 328 354 348
3 328 472 354
3 470 479 329
3 329 490 470
3 479 491 329
3 331 460 330
3 330 342 337
3 330 460 342
3 349 364 331
3 364 365 331
3 365 460 331
3 332 536 473
3 477 484 332
3 484 536 332
3 334 498 333
3 333 553 374
3 498 553 333
3 335 341 334
3 341 382 334
3 382 498 334
3 335 343 341
3 335 350 343
3 335 466 350
3 435 436 336
3 436 476 336
3 476 487 336
3 342 389 337
3 389 390 337
3 390 467 337
3 338 368 367
3 338 369 368
3 338 478 369
3 339 366 353
3 339 385 366
3 339 482 385
3 340 392 351
3 383 392 340
3 340 555 383
3 343 453 341
3 341 383 382
3 341 453 383
3 342 391 389
3 342 428 391
3 342 460 428
3 350 375 343
3 375 399 343
3 399 453 343
3 344 371 345
3 348 422 344
3 344 422 371
3 371 419 345
3 419 436 345
3 345 436 435
3 346 525 497
3 512 525 346
3 346 543 512
3 347 481 423
3 347 561 481
3 542 561 347
3 354 355 348
3 355 410 348
3 410 422 348
3 349 485 364
3 457 494 349
3 349 494 485
3 350 376 375
3 350 530 376
3 466 530 350
3 351 393 352
3 392 518 351
3 351 518 393
3 393 394 352
3 394 434 352
3 434 463 352
3 366 414 353
3 414 415 353
3 415 565 353
3 354 356 355
3 354 471 356
3 354 472 471
3 356 357 355
3 357 440 355
3 355 440 410
3 356 358 357
3 356 359 358
3 356 471 359
3 358 378 357
3 378 403 357
3 403 440 357
3 359 377 358
3 377 505 358
3 358 505 378
3 359 495 377
3 471 486 359
3 486 495 359
3 360 514 361
3 362 380 360
3 380 514 360
3 361 379 373
3 361 384 379
3 361 514 384
3 362 381 380
3 362 459 381
3 452 459 362
3 401 423 363
3 363 520 401
3 423 481 363
3 364 499 365
3 485 550 364
3 364 550 499
3 365 523 460
3 499 500 365
3 500 523 365
3 385 529 366
3 366 515 414
3 366 529 515
3 368 511 367
3 498 535 367
3 367 553 498
3 511 553 367
3 369 475 368
3 368 475 465
3 465 511 368
3 369 480 475
3 478 479 369
3 479 480 369
3 408 509 370
3 438 492 370
3 370 509 438
3 371 420 419
3 371 421 420
3 371 422 421
3 372 502 449
3 449 515 372
3 515 529 372
3 379 495 373
3 373 486 442
3 373 495 486
3 511 532 374
3 374 553 511
3 374 532 520
3 376 540 375
3 375 447 399
3 375 540 447
3 503 540 376
3 376 562 503
3 530 562 376
3 495 526 377
3 377 506 505
3 377 526 506
3 378 404 403
3 378 539 404
3 505 539 378
3 384 513 379
3 379 526 495
3 513 526 379
3 381 541 380
3 380 541 508
3 459 496 381
3 496 524 381
3 524 541 381
3 383 555 382
3 382 535 498
3 382 555 535
3 383 396 392
3 383 453 396
3 384 544 513
3 482 561 385
3 385 542 529
3 385 561 542
3 386 533 408
3 519 533 386
3 387 554 409
3 427 538 387
3 538 554 387
3 388 484 477
3 388 557 484
3 519 557 388
3 389 398 390
3 398 496 390
3 390 489 467
3 390 496 489
3 428 534 391
3 534 556 391
3 396 558 392
3 392 558 518
3 393 522 394
3 393 518 451
3 394 458 434
3 394 566 458
3 522 566 394
3 395 528 397
3 395 538 528
3 395 554 538
3 521 558 396
3 528 560 397
3 398 524 496
3 507 524 398
3 447 531 399
3 400 559 402
3 537 559 400
3 520 532 401
3 402 559 432
3 404 441 403
3 406 525 407
3 424 525 406
3 417 450 407
3 407 512 417
3 407 525 512
3 408 549 509
3 410 440 437
3 411 413 412
3 411 429 413
3 413 476 412
3 433 448 412
3 412 476 433
3 429 488 413
3 413 487 476
3 413 488 487
3 414 416 415
3 417 418 415
3 418 565 415
3 417 512 418
3 512 543 418
3 433 436 419
3 497 525 424
3 425 545 426
3 426 560 425
3 425 560 528
3 460 523 428
3 431 432 430
3 431 527 432
3 509 549 431
3 431 549 527
3 433 476 436
3 462 463 434
3 443 503 444
3 444 503 445
3 445 493 446
3 445 562 493
3 503 562 445
3 446 536 474
3 493 564 446
3 446 564 536
3 455 456 454
3 456 522 454
3 455 547 456
3 456 547 494
3 494 566 456
3 456 566 522
3 458 494 457
3 458 566 494
3 489 496 459
3 499 550 461
3 465 475 464
3 465 532 511
3 467 489 483
3 469 470 468
3 470 490 468
3 469 480 470
3 470 480 479
3 536 564 473
3 474 536 484
3 484 557 474
3 478 491 479
3 481 561 482
3 494 547 485
3 493 562 530
3 499 548 500
3 501 523 500
3 505 506 504
3 504 539 505
3 506 563 504
3 58 5 583
3 5 103 583
3 6 60 584
3 106 6 584
3 99 9 581
3 9 104 581
3 105 10 582
3 10 110 582
3 59 58 571
3 571 58 583
3 60 59 579
3 59 571 579
3 60 579 584
3 100 99 568
3 568 99 581
3 101 100 575
3 100 568 575
3 102 101 567
3 567 101 575
3 103 102 578
3 102 567 578
3 103 578 583
3 104 105 576
3 104 576 581
3 576 105 582
3 107 106 569
3 569 106 584
3 108 107 572
3 107 569 572
3 109 108 570
3 570 108 572
3 110 109 574
3 109 570 574
3 110 574 582
3 573 567 577
3 567 573 578
3 567 575 577
3 575 568 580
3 568 576 580
3 576 568 581
3 572 569 573
3 573 569 579
3 579 569 584
3 570 572 577
3 574 570 580
3 570 577 580
3 573 571 578
3 571 573 579
3 578 571 583
3 572 573 577
3 576 574 580
3 574 576 582
3 577 575 580
3 5 61 609
3 103 5 609
3 7 111 64
3 9 99 606
3 116 9 606
3 115 11 607
3 11 118 607
3 61 62 601
3 61 601 609
3 62 63 588
3 62 588 601
3 63 64 608
3 588 63 608
3 64 111 590
3 64 590 608
3 99 100 596
3 99 596 606
3 100 101 585
3 100 585 596
3 101 102 594
3 585 101 594
3 102 103 589
3 102 589 594
3 589 103 609
3 111 112 610
3 590 111 610
3 112 113 586
3 112 586 610
3 113 114 597
3 586 113 597
3 114 115 591
3 114 591 597
3 591 115 607
3 117 116 592
3 592 116 606
3 118 117 587
3 587 117 592
3 118 587 607
3 585 594 595
3 585 595 603
3 596 585 603
3 586 597 598
3 586 598 600
3 586 600 610
3 591 587 604
3 587 591 607
3 587 592 593
3 587 593 604
3 588 599 601
3 599 588 602
3 588 600 602
3 600 588 608
3 594 589 599
3 599 589 601
3 601 589 609
3 590 600 608
3 600 590 610
3 597 591 604
3 593 592 603
3 592 596 603
3 596 592 606
3 593 603 605
3 604 593 605
3 595 594 599
3 595 599 602
3 595 602 605
3 603 595 605
3 598 597 604
3 600 598 602
3 602 598 605
3 598 604 605
3 65 6 628
3 6 106 628
3 7 67 627
3 111 7 627
3 110 10 626
3 10 119 626
3 11 115 625
3 120 11 625
3 66 65 623
3 623 65 628
3 67 66 615
3 615 66 623
3 67 615 627
3 106 107 613
3 106 613 628
3 107 108 616
3 613 107 616
3 108 109 614
3 108 614 616
3 109 110 618
3 614 109 618
3 618 110 626
3 112 111 622
3 622 111 627
3 113 112 611
3 611 112 622
3 114 113 619
3 113 611 619
3 115 114 612
3 612 114 619
3 115 612 625
3 119 120 620
3 119 620 626
3 620 120 625
3 611 617 621
3 617 611 622
3 619 611 621
3 612 619 624
3 620 612 624
3 612 620 625
3 613 616 617
3 613 617 623
3 613 623 628
3 616 614 621
3 614 618 624
3 621 614 624
3 615 617 622
3 617 615 623
3 615 622 627
3 617 616 621
3 618 620 624
3 620 618 626
3 619 621 624
3 68 629 8
3 8 629 73
3 69 629 68
3 70 629 69
3 71 629 70
3 72 629 71
3 73 629 72
3 116 104 9
3 10 105 630
3 119 10 631
3 10 630 631
3 11 120 118
3 105 104 632
3 104 116 632
3 630 105 632
3 116 117 630
3 116 630 632
3 117 118 631
3 630 117 631
3 118 120 631
3 120 119 631
4 248 231 200 637
4 363 652 650 679
4 248 637 200 670
4 438 638 93 641
4 215 93 638 641
4 247 256 638 641
4 255 638 256 641
4 497 638 255 641
4 475 645 676 682
4 363 650 674 679
4 417 658 638 670
4 247 255 256 641
4 257 255 497 638
4 434 640 352 656
4 311 644 312 656
4 644 651 312 656
4 645 664 336 680
4 647 655 383 677
4 215 638 406 641
4 509 638 438 641
4 291 645 475 682
4 383 341 647 677
4 383 655 647 668
4 291 475 464 682
4 291 480 651 661
4 450 417 638 670
4 475 645 651 676
4 291 651 645 661
4 475 676 464 682
4 484 536 637 667
4 231 637 248 665
4 650 652 363 694
4 291 475 645 651
4 318 652 363 679
4 640 656 434 673
4 219 637 658 670
4 408 638 509 641
4 476 336 664 680
4 252 638 386 690
4 256 255 257 638
4 418 637 565 658
4 453 383 655 677
4 653 684 636 686
4 650 652 635 679
4 484 637 477 667
4 262 565 270 637
4 639 654 371 692
4 92 93 438 638
4 634 644 643 645
4 421 371 654 692
4 650 635 674 679
4 312 311 324 644
4 352 656 640 671
4 644 645 634 651
4 200 231 90 637
4 637 663 263 667
4 92 215 93 638
4 291 480 475 651
4 318 363 652 694
4 383 453 341 677
4 371 654 639 659
4 261 637 477 658
4 643 644 633 645
4 204 654 640 695
4 448 669 643 685
4 200 637 90 670
4 448 83 669 685
4 637 670 248 690
4 105 640 458 673
4 434 352 463 656
4 385 663 687 694
4 247 256 533 638
4 640 654 204 659
4 263 637 270 663
4 421 654 371 659
4 444 231 248 665
4 633 645 644 651
4 263 477 637 667
4 261 263 477 637
4 247 638 533 641
4 434 656 463 673
4 262 565 637 658
4 204 640 522 695
4 324 312 644 668
4 251 637 446 665
4 265 653 681 687
4 261 263 637 658
4 336 657 645 680
4 263 262 270 637
4 205 684 653 686
4 477 658 637 690
4 309 312 651 656
4 270 637 565 663
4 497 525 638 641
4 252 670 638 690
4 474 536 446 637
4 385 482 663 694
4 105 630 632 695
4 385 482 339 663
4 406 638 525 641
4 203 265 653 675
4 653 675 265 681
4 407 450 417 638
4 512 638 417 658
4 321 677 652 679
4 262 637 263 658
4 502 203 265 653
4 386 638 519 690
4 448 643 664 685
4 204 640 659 671
4 458 640 105 695
4 89 637 231 665
4 477 637 484 690
4 309 311 312 656
4 462 434 463 673
4 645 657 283 661
4 271 263 663 667
4 549 408 509 641
4 533 638 408 641
4 549 254 408 641
4 219 637 415 658
4 474 484 536 637
4 476 664 643 680
4 451 643 669 671
4 476 436 336 680
4 406 215 407 638
4 394 352 434 640
4 388 658 477 690
4 448 664 412 685
4 318 277 363 694
4 302 642 120 673
4 285 283 657 661
4 643 664 645 680
4 105 630 640 673
4 329 661 678 693
4 466 652 321 677
4 421 371 420 659
4 217 438 93 641
4 416 663 637 686
4 476 643 433 680
4 654 659 640 672
4 204 522 640 671
4 93 215 230 641
4 83 521 669 685
4 665 684 205 686
4 257 497 346 638
4 533 408 254 641
4 518 669 644 671
4 265 681 267 687
4 462 463 656 673
4 251 248 637 665
4 308 642 304 673
4 418 415 565 637
4 438 509 370 638
4 284 645 336 657
4 219 90 637 670
4 89 637 665 686
4 302 120 304 673
4 644 669 643 671
4 512 407 417 638
4 285 469 283 661
4 278 275 662 674
4 285 657 646 661
4 217 509 438 641
4 308 656 642 673
4 285 646 468 661
4 285 287 646 657
4 321 652 319 679
4 259 257 260 638
4 302 304 642 673
4 186 188 39 639
4 646 657 287 683
4 120 119 303 304
4 39 639 188 692
4 502 653 265 687
4 329 479 661 693
4 415 637 418 658
4 329 661 470 678
4 286 287 657 683
4 119 304 120 673
4 639 659 654 672
4 469 291 283 661
4 291 645 283 661
4 335 466 321 677
4 279 278 275 662
4 371 659 639 680
4 308 307 304 642
4 474 446 251 637
4 648 662 275 674
4 336 645 282 664
4 553 647 511 676
4 230 215 406 641
4 470 661 646 678
4 352 640 394 671
4 484 637 474 690
4 279 662 275 682
4 433 643 476 664
4 271 263 270 663
4 340 668 644 669
4 647 648 635 674
4 275 662 648 682
4 315 657 639 683
4 327 656 352 671
4 519 638 658 690
4 647 662 648 674
4 454 654 204 695
4 408 370 509 638
4 553 668 647 676
4 259 638 260 658
4 83 84 521 685
4 643 451 659 671
4 383 341 382 647
4 257 346 260 638
4 105 640 630 695
4 640 659 633 672
4 540 653 205 684
4 449 686 87 687
4 383 647 382 668
4 188 639 186 692
4 655 669 521 685
4 484 477 332 667
4 416 637 89 686
4 120 642 302 678
4 388 261 477 658
4 363 650 423 674
4 466 652 677 696
4 327 644 656 671
4 644 651 634 676
4 271 667 663 694
4 351 327 352 671
4 345 639 315 657
4 87 686 653 687
4 451 81 82 659
4 346 260 638 658
4 454 204 522 695
4 321 647 334 677
4 315 286 657 683
4 318 319 652 679
4 308 307 642 656
4 470 646 490 678
4 482 271 663 694
4 458 640 434 673
4 511 553 374 647
4 329 479 470 661
4 565 637 415 663
4 366 385 663 687
4 92 438 492 638
4 634 668 655 669
4 451 82 643 659
4 351 644 327 671
4 518 451 669 671
4 634 651 645 676
4 321 333 334 647
4 438 370 492 638
4 417 219 415 658
4 253 252 386 690
4 503 205 665 684
4 282 336 284 645
4 383 668 392 669
4 259 256 257 638
4 647 662 511 676
4 490 646 27 678
4 647 677 321 679
4 636 687 663 694
4 466 677 335 696
4 251 637 248 690
4 346 497 525 638
4 311 327 324 644
4 338 651 312 676
4 511 647 374 662
4 219 658 417 670
4 205 653 87 686
4 502 265 372 687
4 448 216 83 685
4 647 674 635 679
4 386 252 408 638
4 388 477 484 690
4 525 406 407 638
4 285 286 287 657
4 280 275 488 682
4 639 633 659 672
4 487 336 282 664
4 90 231 89 637
4 275 648 488 682
4 482 271 339 663
4 333 647 321 679
4 251 444 248 665
4 308 462 656 673
4 82 451 643 669
4 474 637 251 690
4 417 415 418 658
4 662 674 647 679
4 564 665 667 688
4 84 655 521 685
4 327 644 311 656
4 468 285 287 646
4 648 664 488 682
4 263 272 477 667
4 371 639 345 680
4 385 687 650 694
4 453 383 396 655
4 271 272 263 667
4 290 27 490 646
4 643 669 664 685
4 639 657 345 680
4 86 203 653 675
4 283 645 284 657
4 215 92 450 638
4 92 450 638 670
4 340 392 668 669
4 321 319 320 679
4 476 433 436 680
4 519 638 259 658
4 262 418 565 658
4 464 676 662 682
4 371 419 420 659
4 642 646 633 661
4 564 493 665 688
4 374 662 647 679
4 565 415 353 663
4 340 644 392 669
4 252 370 638 670
4 429 675 648 681
4 493 684 665 688
4 643 645 633 680
4 346 638 512 658
4 664 669 634 685
4 315 683 639 692
4 318 320 319 679
4 371 419 659 680
4 429 675 411 685
4 415 637 416 663
4 80 654 421 659
4 303 302 120 304
4 635 648 647 655
4 492 92 638 670
4 639 672 186 683
4 633 646 639 657
4 634 664 643 669
4 642 656 307 693
4 329 678 491 693
4 252 370 408 638
4 429 648 675 685
4 480 369 475 651
4 435 345 315 657
4 117 640 630 673
4 367 312 668 676
4 633 639 646 672
4 117 672 640 673
4 420 80 421 659
4 309 312 338 651
4 640 642 633 656
4 120 642 631 673
4 394 640 522 671
4 429 264 411 675
4 468 490 470 646
4 653 684 540 696
4 492 638 370 670
4 282 664 645 682
4 407 215 450 638
4 645 657 633 680
4 639 654 39 672
4 647 648 634 655
4 435 657 336 680
4 650 681 653 687
4 646 661 642 678
4 118 642 120 678
4 488 648 413 664
4 631 120 118 642
4 484 332 536 667
4 414 663 416 686
4 86 675 653 689
4 647 655 634 668
4 290 28 27 683
4 409 641 691 697
4 642 678 661 693
4 502 86 203 653
4 633 646 642 672
4 11 120 300 678
4 429 648 269 681
4 634 648 647 662
4 458 394 434 640
4 253 386 519 690
4 385 650 561 694
4 328 683 315 692
4 243 240 242 660
4 243 649 240 660
4 219 90 416 637
4 290 27 646 683
4 90 89 416 637
4 186 672 38 683
4 642 656 640 673
4 636 684 665 686
4 300 120 302 678
4 644 634 668 676
4 346 543 260 658
4 564 665 446 667
4 468 646 470 661
4 345 639 371 692
4 385 339 366 663
4 93 641 230 697
4 409 424 641 697
4 93 230 94 697
4 321 466 319 652
4 39 31 654 692
4 37 672 118 678
4 39 654 639 692
4 463 308 462 656
4 465 662 464 676
4 372 265 267 687
4 259 519 256 638
4 2 490 27 678
4 480 369 651 661
4 642 672 631 673
4 395 649 243 660
4 633 642 640 672
4 415 219 416 637
4 118 631 642 672
4 261 262 263 658
4 240 649 239 660
4 302 642 491 678
4 347 674 650 681
4 273 667 271 694
4 518 644 351 671
4 307 302 304 642
4 640 672 117 695
4 401 674 662 679
4 283 282 284 645
4 3 207 421 422
4 395 538 554 649
4 327 463 352 656
4 413 648 429 685
4 346 512 543 658
4 207 3 31 422
4 309 656 651 693
4 497 424 525 641
4 396 383 392 669
4 653 686 636 687
4 651 661 369 693
4 638 670 658 690
4 487 664 282 682
4 450 219 417 670
4 118 672 642 678
4 329 491 479 693
4 413 664 648 685
4 37 646 672 678
4 338 312 367 676
4 431 691 641 697
4 281 645 291 682
4 650 267 681 687
4 285 283 284 657
4 469 285 468 661
4 395 554 243 649
4 413 488 429 648
4 345 371 344 692
4 633 644 643 671
4 630 640 117 695
4 116 117 672 695
4 247 533 254 641
4 652 677 635 679
4 443 665 205 686
4 395 243 242 660
4 385 561 482 694
4 538 649 395 660
4 309 307 656 693
4 453 677 655 689
4 498 647 553 668
4 367 668 553 676
4 549 509 431 641
4 386 408 533 638
4 480 369 661 693
4 340 392 383 668
4 266 429 269 681
4 634 676 645 682
4 258 409 641 691
4 3 39 31 654
4 105 10 630 673
4 308 309 307 656
4 382 341 334 647
4 210 559 649 660
4 427 96 649 660
4 643 644 634 669
4 532 662 374 679
4 509 217 431 641
4 521 655 396 669
4 237 641 424 697
4 475 465 464 676
4 481 650 363 694
4 415 416 414 663
4 82 218 451 669
4 566 640 458 695
4 39 188 31 692
4 329 470 490 678
4 634 645 643 664
4 210 649 96 660
4 537 559 96 660
4 386 533 519 638
4 316 458 434 673
4 217 431 641 697
4 27 646 37 678
4 292 278 662 674
4 480 479 369 693
4 116 672 654 695
4 80 204 654 659
4 275 269 648 674
4 117 631 672 673
4 246 255 247 641
4 401 662 532 679
4 435 345 657 680
4 324 535 312 668
4 431 432 691 697
4 643 659 202 680
4 290 646 287 683
4 433 476 412 664
4 187 672 646 683
4 633 646 657 661
4 366 663 515 687
4 39 654 116 672
4 458 566 394 640
4 210 96 559 660
4 274 674 347 681
4 564 493 446 665
4 302 307 491 642
4 645 651 633 661
4 317 318 319 652
4 245 247 254 641
4 187 38 672 683
4 480 661 479 693
4 435 284 336 657
4 424 406 525 641
4 423 650 347 674
4 258 409 424 641
4 290 490 468 646
4 642 661 633 693
4 519 658 388 690
4 308 304 462 673
4 368 475 369 651
4 435 336 436 680
4 491 678 642 693
4 392 644 518 669
4 630 116 632 695
4 515 663 686 687
4 645 633 657 661
4 374 553 333 647
4 96 537 210 559
4 497 255 258 641
4 256 519 533 638
4 562 445 493 665
4 88 205 87 686
4 635 675 653 681
4 639 657 646 683
4 402 239 649 660
4 448 412 216 685
4 281 291 464 682
4 363 674 401 679
4 648 674 269 681
4 351 518 392 644
4 119 120 631 673
4 334 647 341 677
4 443 89 231 665
4 338 309 651 693
4 540 205 503 684
4 475 651 368 676
4 324 644 340 668
4 639 659 633 680
4 562 665 493 684
4 427 649 538 660
4 503 205 443 665
4 29 328 30 692
4 290 468 287 646
4 639 633 657 680
4 272 271 273 667
4 302 491 300 678
4 640 633 659 671
4 630 117 116 695
4 338 478 309 693
4 283 291 281 645
4 118 117 631 672
4 292 401 278 674
4 37 646 187 672
4 292 662 401 674
4 519 259 388 658
4 454 80 204 654
4 559 402 649 660
4 419 202 659 680
4 420 419 202 659
4 29 683 328 692
4 433 643 202 680
4 532 511 374 662
4 3 421 79 654
4 449 88 87 686
4 367 312 535 668
4 238 240 239 660
4 84 655 232 675
4 353 270 565 663
4 282 283 281 645
4 246 641 247 691
4 245 247 641 691
4 290 289 28 683
4 635 652 650 653
4 423 363 481 650
4 84 232 85 675
4 530 466 350 652
4 633 643 659 671
4 82 202 448 643
4 246 258 255 641
4 413 429 411 685
4 469 480 291 661
4 566 522 640 695
4 633 651 644 656
4 292 278 279 662
4 371 421 422 692
4 249 248 670 690
4 371 345 419 680
4 530 652 350 696
4 530 684 652 696
4 187 646 27 683
4 409 237 424 697
4 454 9 654 695
4 649 691 432 697
4 648 634 664 682
4 264 266 265 681
4 206 453 655 689
4 654 672 640 695
4 275 274 269 674
4 493 445 446 665
4 650 652 636 653
4 28 187 27 683
4 519 388 557 690
4 640 672 642 673
4 232 675 655 685
4 11 118 120 678
4 340 324 327 644
4 564 446 536 667
4 466 350 652 696
4 527 641 431 691
4 566 522 394 640
4 491 642 307 693
4 424 497 258 641
4 477 272 332 667
4 264 265 675 681
4 202 433 448 643
4 414 416 220 686
4 187 186 38 683
4 9 79 454 654
4 427 213 96 660
4 634 662 647 676
4 447 653 540 696
4 540 447 205 653
4 646 672 639 683
4 2 27 37 678
4 37 187 38 672
4 117 630 631 673
4 634 647 668 676
4 186 29 30 692
4 635 655 647 677
4 633 640 656 671
4 281 282 645 682
4 241 239 240 649
4 566 458 105 695
4 635 653 650 681
4 83 216 84 685
4 286 315 288 683
4 542 650 267 681
4 435 315 286 657
4 186 639 683 692
4 252 249 670 690
4 498 553 367 668
4 27 187 37 646
4 385 542 650 687
4 274 347 268 681
4 89 665 443 686
4 650 674 635 681
4 84 85 655 675
4 230 406 237 641
4 232 655 84 685
4 324 340 555 668
4 542 267 650 687
4 636 665 684 688
4 409 691 649 697
4 642 672 646 678
4 340 383 555 668
4 530 350 684 696
4 431 430 432 697
4 275 269 488 648
4 252 249 370 670
4 655 634 669 685
4 487 476 336 664
4 520 363 401 679
4 515 663 414 686
4 648 655 635 675
4 235 236 234 660
4 374 647 333 679
4 280 279 275 682
4 83 218 82 669
4 466 335 350 696
4 254 527 245 641
4 400 660 229 666
4 95 649 430 697
4 520 318 363 679
4 245 246 247 691
4 305 304 119 673
4 443 231 444 665
4 642 633 656 693
4 663 667 636 694
4 400 234 660 666
4 427 538 213 660
4 566 105 104 695
4 411 675 232 685
4 423 481 347 650
4 274 269 674 681
4 549 431 527 641
4 92 91 450 670
4 636 667 665 688
4 427 96 95 649
4 648 662 634 682
4 95 201 427 649
4 415 414 353 663
4 258 641 246 691
4 663 665 637 686
4 232 411 264 675
4 366 529 385 687
4 340 327 351 644
4 237 230 641 697
4 340 351 392 644
4 201 649 95 697
4 653 675 635 689
4 235 660 234 666
4 217 430 431 697
4 240 439 241 649
4 86 85 203 675
4 186 683 29 692
4 643 633 659 680
4 527 245 641 691
4 242 240 238 660
4 280 487 282 682
4 317 652 319 688
4 464 662 279 682
4 424 237 406 641
4 269 429 488 648
4 218 518 451 669
4 540 684 376 696
4 482 273 271 694
4 527 431 432 691
4 294 27 2 490
4 254 549 527 641
4 562 503 665 684
4 86 85 675 689
4 454 455 9 695
4 210 430 95 649
4 321 334 335 677
4 644 668 634 669
4 449 502 372 687
4 273 276 667 694
4 652 635 677 696
4 532 401 292 662
4 85 655 675 689
4 562 503 445 665
4 416 89 220 686
4 512 417 418 658
4 557 388 484 690
4 634 662 676 682
4 400 229 234 666
4 39 116 117 672
4 327 311 463 656
4 347 650 268 681
4 368 369 338 651
4 338 368 651 676
4 207 79 3 421
4 290 287 289 683
4 279 464 292 662
4 430 649 432 697
4 119 305 303 304
4 658 670 637 690
4 270 339 271 663
4 382 334 498 647
4 561 385 542 650
4 96 210 95 649
4 515 366 414 663
4 634 655 648 685
4 530 325 652 684
4 651 656 633 693
4 320 333 321 679
4 636 653 652 684
4 634 648 664 685
4 382 647 498 668
4 488 413 487 664
4 272 273 276 667
4 542 268 650 681
4 249 248 200 670
4 402 236 239 660
4 249 250 248 690
4 394 522 393 671
4 469 468 470 661
4 409 649 387 697
4 117 38 39 672
4 328 288 315 683
4 79 9 454 455
4 204 659 451 671
4 636 652 650 694
4 347 542 268 650
4 240 243 439 649
4 241 649 439 691
4 333 553 498 647
4 241 244 239 649
4 634 645 664 682
4 528 397 560 666
4 419 433 202 680
4 511 662 465 676
4 528 660 397 666
4 466 530 325 652
4 637 665 663 667
4 512 418 543 658
4 317 319 325 688
4 558 521 396 669
4 328 315 344 692
4 206 655 85 689
4 2 298 490 678
4 385 529 542 687
4 542 267 268 681
4 319 652 325 688
4 453 396 206 655
4 651 633 661 693
4 652 653 635 696
4 450 91 219 670
4 636 663 665 667
4 439 649 409 691
4 633 656 644 671
4 206 396 521 655
4 537 229 400 660
4 401 363 423 674
4 259 261 388 658
4 375 540 376 696
4 244 432 649 691
4 635 655 677 689
4 37 38 118 672
4 375 447 540 696
4 276 688 667 694
4 465 511 532 662
4 81 420 202 659
4 252 250 249 690
4 105 494 566 104
4 528 425 660 666
4 333 498 334 647
4 229 660 97 666
4 554 409 243 649
4 352 394 393 671
4 650 653 636 687
4 409 439 243 649
4 236 238 239 660
4 635 648 675 681
4 425 97 660 666
4 464 465 292 662
4 117 118 38 672
4 515 686 449 687
4 652 684 325 688
4 287 286 288 683
4 204 81 451 659
4 235 510 660 666
4 235 238 236 660
4 453 399 677 689
4 542 529 267 687
4 244 402 239 649
4 105 632 104 695
4 277 481 363 694
4 432 430 210 649
4 635 674 648 681
4 9 3 79 654
4 222 233 629 666
4 201 387 427 649
4 274 423 347 674
4 558 396 392 669
4 528 425 213 660
4 311 309 308 656
4 492 370 249 670
4 405 222 629 666
4 97 229 537 660
4 426 226 629 666
4 219 91 90 670
4 87 205 447 653
4 412 664 413 685
4 39 3 9 654
4 629 545 426 666
4 650 687 636 694
4 447 86 653 689
4 636 665 663 686
4 559 402 432 649
4 397 660 510 666
4 447 689 653 696
4 244 649 241 691
4 264 265 203 675
4 554 387 409 649
4 235 510 238 660
4 213 425 97 660
4 636 686 663 687
4 201 387 649 697
4 274 268 269 681
4 519 557 253 690
4 367 553 511 676
4 546 98 629 666
4 546 629 233 666
4 492 91 92 670
4 309 478 307 693
4 538 395 528 660
4 236 400 234 660
4 319 466 325 652
4 351 352 393 671
4 515 414 220 686
4 316 434 462 673
4 265 266 267 681
4 286 285 284 657
4 204 393 522 671
4 206 84 85 655
4 206 399 453 689
4 518 351 393 671
4 367 535 498 668
4 251 446 445 665
4 302 300 301 120
4 338 367 368 676
4 559 432 210 649
4 275 278 274 674
4 80 420 81 659
4 294 290 27 490
4 376 684 350 696
4 88 443 205 686
4 80 79 421 654
4 100 101 35 172
4 559 400 402 660
4 629 226 405 666
4 635 677 647 679
4 629 98 545 666
4 564 667 473 688
4 585 101 100 172
4 652 684 653 696
4 636 688 652 694
4 470 479 480 661
4 28 289 29 683
4 9 116 39 654
4 528 560 425 666
4 217 94 430 697
4 244 527 432 691
4 294 2 298 490
4 250 251 248 690
4 502 87 86 653
4 447 531 86 689
4 270 353 339 663
4 520 320 318 679
4 397 395 242 660
4 300 11 301 120
4 635 675 655 689
4 80 81 204 659
4 435 436 345 680
4 454 79 80 654
4 510 397 242 660
4 102 101 594 161
4 412 413 411 685
4 244 432 402 649
4 347 561 542 650
4 473 564 536 667
4 375 399 447 696
4 206 521 84 655
4 555 383 382 668
4 366 515 529 687
4 655 675 648 685
4 9 455 104 695
4 325 684 493 688
4 561 650 481 694
4 399 689 447 696
4 387 554 538 649
4 216 232 84 685
4 311 308 463 656
4 543 418 262 658
4 36 35 596 100
4 100 596 36 99
4 277 688 276 694
4 618 109 614 314
4 538 528 213 660
4 100 35 596 172
4 456 455 454 695
4 332 473 536 667
4 286 284 435 657
4 530 493 325 684
4 405 222 70 629
4 399 677 689 696
4 596 585 100 172
4 2 118 11 678
4 347 481 561 650
4 472 289 288 683
4 402 400 236 660
4 259 260 261 658
4 629 72 226 426
4 472 29 289 683
4 653 689 635 696
4 475 368 465 676
4 387 538 427 649
4 397 528 395 660
4 478 369 479 693
4 399 343 677 696
4 465 532 292 662
4 335 677 343 696
4 629 222 69 233
4 276 277 317 688
4 520 401 532 679
4 226 405 71 629
4 409 387 237 697
4 510 242 238 660
4 343 453 399 677
4 335 343 350 696
4 522 456 454 695
4 161 101 585 172
4 596 35 36 166
4 114 115 171 591
4 98 629 8 546
4 537 400 559 660
4 540 503 376 684
4 104 456 566 695
4 300 491 329 678
4 558 518 218 669
4 193 609 601 165
4 176 184 590 194
4 172 35 596 166
4 114 171 597 591
4 171 23 115 114
4 171 23 22 115
4 392 518 558 669
4 332 272 276 667
4 472 29 28 289
4 171 23 114 597
4 521 218 83 669
4 200 90 91 670
4 413 412 476 664
4 23 171 160 597
4 478 491 307 693
4 458 494 566 105
4 518 393 451 671
4 366 353 414 663
4 281 280 282 682
4 585 594 101 161
4 86 531 85 689
4 206 85 531 689
4 530 350 376 684
4 545 629 8 98
4 103 102 589 185
4 334 341 335 677
4 375 376 350 696
4 10 457 316 105
4 299 11 2 115
4 469 470 480 661
4 213 97 96 660
4 37 118 2 678
4 316 457 458 105
4 101 34 35 172
4 503 443 444 665
4 251 445 444 665
4 108 614 109 330
4 30 328 348 692
4 87 447 86 653
4 606 36 9 182
4 181 115 2 607
4 97 537 96 660
4 456 104 455 695
4 260 543 262 658
4 419 436 433 680
4 36 606 9 99
4 115 181 2 22
4 594 585 595 161
4 169 160 170 586
4 116 654 9 695
4 366 339 353 663
4 374 333 320 679
4 515 220 449 686
4 261 260 262 658
4 473 667 276 688
4 30 188 186 692
4 28 290 293 289
4 39 606 9 182
4 298 11 300 678
4 453 343 341 677
4 459 619 113 496
4 258 439 409 691
4 204 451 393 671
4 593 167 168 592
4 314 109 614 337
4 2 37 181 607
4 305 119 10 673
4 329 490 298 678
4 326 313 110 582
4 326 109 331 574
4 515 449 372 687
4 113 114 24 597
4 10 316 305 673
4 27 28 290 293
4 162 606 39 182
4 520 532 374 679
4 37 607 587 181
4 117 38 587 162
4 452 297 22 115
4 592 117 587 162
4 38 167 587 162
4 473 332 276 667
4 314 614 618 337
4 667 688 636 694
4 607 181 115 591
4 182 606 36 166
4 179 585 596 172
4 597 171 160 604
4 104 494 566 456
4 173 585 179 172
4 160 597 604 598
4 546 629 68 233
4 49 26 0 195
4 36 596 606 99
4 115 171 181 22
4 591 607 181 587
4 182 162 606 166
4 487 413 476 664
4 267 266 268 681
4 99 100 568 461
4 445 503 444 665
4 636 684 652 688
4 23 452 115 114
4 452 22 23 115
4 531 447 399 689
4 504 157 55 189
4 585 603 595 173
4 178 170 160 598
4 462 304 305 673
4 397 226 560 666
4 268 266 269 681
4 619 611 113 496
4 36 3 9 182
4 11 2 115 607
4 11 298 2 678
4 281 464 279 682
4 49 0 26 197
4 545 73 629 426
4 578 573 227 571
4 118 38 37 587
4 596 592 179 166
4 591 167 171 604
4 34 101 161 172
4 325 493 564 688
4 23 24 114 597
4 157 16 55 189
4 596 179 172 166
4 171 597 591 604
4 17 516 157 199
4 216 411 232 685
4 607 11 2 118
4 24 23 160 597
4 479 491 478 693
4 566 456 522 695
4 116 39 117 162
4 288 289 287 683
4 596 36 606 166
4 171 115 181 591
4 232 203 85 675
4 29 471 124 140
4 616 614 108 337
4 535 324 555 668
4 635 689 677 696
4 310 115 114 612
4 191 32 609 165
4 190 111 184 590
4 483 620 612 489
4 529 372 267 687
4 462 305 316 673
4 592 587 167 162
4 570 331 109 574
4 39 9 3 182
4 614 108 337 330
4 592 596 606 166
4 171 181 167 591
4 587 118 38 117
4 482 561 481 694
4 592 168 593 179
4 604 167 168 593
4 10 110 313 582
4 624 612 620 489
4 117 39 38 162
4 557 484 474 690
4 108 107 342 460
4 614 616 621 390
4 115 452 310 114
4 355 30 140 354
4 592 603 596 179
4 167 178 171 604
4 35 76 101 100
4 117 592 116 162
4 167 37 38 587
4 133 143 359 136
4 73 72 629 426
4 597 160 24 586
4 516 157 199 223
4 436 419 345 680
4 232 264 203 675
4 136 359 133 358
4 140 29 471 354
4 603 585 179 173
4 604 178 160 598
4 521 558 218 669
4 24 113 597 586
4 178 160 171 604
4 585 596 603 179
4 15 138 504 189
4 337 109 614 330
4 348 328 344 692
4 108 107 460 572
4 206 531 399 689
4 326 331 109 330
4 32 4 5 103
4 297 452 299 115
4 412 411 216 685
4 226 71 72 629
4 483 467 620 489
4 46 615 507 198
4 505 135 134 358
4 88 89 443 686
4 94 95 430 697
4 371 422 344 692
4 511 368 367 676
4 516 17 56 199
4 28 472 295 124
4 200 492 249 670
4 221 36 35 141
4 189 504 15 563
4 252 253 250 690
4 313 326 457 582
4 555 382 535 668
4 426 560 226 666
4 115 299 11 625
4 605 595 603 173
4 178 180 170 598
4 613 628 623 556
4 605 180 604 598
4 179 180 605 173
4 511 465 368 676
4 2 37 607 118
4 98 97 425 666
4 160 169 24 586
4 136 143 359 356
4 299 301 11 625
4 222 405 235 666
4 298 300 329 678
4 70 71 405 629
4 174 600 602 588
4 310 299 115 625
4 607 37 587 118
4 358 136 359 356
4 547 104 581 455
4 606 39 9 116
4 138 157 504 189
4 140 127 30 355
4 581 104 9 455
4 397 510 226 666
4 258 246 439 691
4 467 624 620 489
4 103 4 5 552
4 26 49 508 195
4 459 310 114 612
4 138 155 121 563
4 560 426 425 666
4 273 277 276 694
4 250 474 251 690
4 222 69 70 629
4 609 601 61 193
4 184 176 18 194
4 199 56 516 223
4 486 471 147 124
4 31 30 348 692
4 33 101 102 161
4 25 112 113 586
4 355 154 151 357
4 133 134 135 358
4 349 457 582 105
4 140 154 355 356
4 342 616 108 337
4 467 618 614 337
4 48 47 224 196
4 54 504 189 563
4 1 4 5 32
4 31 348 422 692
4 174 164 169 610
4 589 594 599 185
4 606 39 116 162
4 364 485 576 568
4 147 295 486 124
4 629 69 68 233
4 587 167 593 592
4 592 167 168 162
4 310 301 299 625
4 603 592 593 179
4 168 178 167 604
4 313 626 119 306
4 193 21 609 165
4 590 184 64 194
4 330 331 109 570
4 163 192 19 608
4 588 192 62 183
4 382 498 535 668
4 573 569 214 579
4 507 627 47 198
4 67 47 627 198
4 620 119 306 303
4 201 94 230 697
4 98 229 97 666
4 234 222 235 666
4 197 0 26 159
4 280 281 279 682
4 569 106 428 584
4 322 142 22 296
4 507 47 46 198
4 162 179 592 166
4 604 591 167 587
4 102 74 33 103
4 23 142 322 123
4 177 605 598 180
4 305 313 119 306
4 234 233 222 666
4 189 15 54 563
4 180 177 605 173
4 588 602 177 599
4 460 330 108 570
4 314 110 109 326
4 154 151 127 355
4 593 180 179 168
4 457 10 313 582
4 459 310 452 114
4 170 180 177 598
4 605 602 595 173
4 179 605 603 173
4 180 178 604 598
4 337 314 109 330
4 103 5 32 191
4 503 562 376 684
4 113 381 459 496
4 32 74 4 103
4 237 201 230 697
4 374 320 520 679
4 604 168 180 593
4 472 28 29 124
4 233 234 229 666
4 35 36 77 100
4 36 77 100 99
4 112 381 380 113
4 471 472 29 124
4 359 495 132 133
4 295 486 442 147
4 606 116 592 162
4 167 181 37 587
4 583 578 103 552
4 77 36 35 221
4 220 88 449 686
4 576 580 364 568
4 31 30 127 348
4 233 229 546 666
4 162 592 606 166
4 591 181 167 587
4 341 343 335 677
4 29 472 471 354
4 322 22 23 452
4 195 7 48 111
4 207 31 3 149
4 2 297 150 294
4 8 73 629 545
4 615 46 66 198
4 629 68 8 546
4 515 372 529 687
4 180 593 179 605
4 113 611 381 496
4 313 119 10 305
4 399 375 343 696
4 23 322 360 123
4 322 22 297 296
4 593 180 604 605
4 155 138 504 563
4 134 505 358 377
4 199 55 56 223
4 139 295 442 147
4 573 227 500 578
4 108 342 337 330
4 196 48 7 111
4 354 30 29 328
4 364 349 331 574
4 133 359 495 377
4 103 609 5 191
4 36 9 78 99
4 133 134 358 377
4 405 510 235 666
4 103 74 4 552
4 365 331 570 580
4 226 510 405 666
4 119 631 10 673
4 101 567 575 225
4 390 496 619 489
4 428 342 107 460
4 467 314 618 337
4 76 34 35 101
4 105 582 349 576
4 201 237 387 697
4 200 91 492 670
4 77 100 99 461
4 94 201 95 697
4 355 348 30 354
4 132 495 131 133
4 194 590 176 608
4 601 183 193 165
4 49 48 508 195
4 295 472 28 289
4 32 5 1 191
4 111 0 7 190
4 151 355 357 440
4 364 550 485 568
4 133 495 131 377
4 157 138 16 189
4 612 114 459 619
4 103 33 102 185
4 615 627 507 198
4 322 142 323 123
4 111 541 25 112
4 179 592 168 162
4 167 604 587 593
4 626 119 10 313
4 425 426 545 666
4 191 609 21 165
4 184 64 190 590
4 142 150 22 296
4 570 460 365 572
4 622 524 541 112
4 619 459 612 489
4 614 467 337 390
4 361 373 129 123
4 504 55 54 189
4 150 139 293 296
4 183 599 588 175
4 615 622 617 507
4 149 207 31 410
4 594 589 102 185
4 101 102 567 225
4 300 11 298 299
4 107 428 460 572
4 196 47 224 627
4 176 174 163 608
4 601 599 588 183
4 496 619 621 390
4 350 343 375 696
4 139 150 142 296
4 355 151 127 440
4 196 224 48 111
4 620 626 618 306
4 356 355 140 354
4 109 314 326 330
4 101 575 100 461
4 278 423 274 674
4 25 26 508 541
4 179 605 593 603
4 168 604 180 178
4 195 0 7 111
4 297 150 294 296
4 471 486 295 124
4 313 110 626 314
4 109 108 330 570
4 107 613 616 391
4 119 620 120 303
4 373 361 323 123
4 621 611 496 398
4 460 365 331 570
4 150 293 27 296
4 294 150 27 296
4 322 297 22 452
4 457 349 494 105
4 103 102 74 517
4 306 314 618 467
4 504 155 563 506
4 541 224 524 622
4 501 227 573 571
4 101 33 34 161
4 301 302 120 303
4 101 575 461 225
4 26 508 541 111
4 144 130 526 146
4 618 110 109 314
4 326 110 109 574
4 599 601 589 165
4 174 176 164 590
4 211 99 568 461
4 197 26 49 208
4 314 618 626 306
4 349 574 580 576
4 112 380 25 113
4 131 146 134 377
4 570 365 580 577
4 483 620 306 303
4 278 401 423 674
4 390 619 624 489
4 391 616 107 342
4 306 618 620 467
4 9 36 78 3
4 3 437 207 149
4 357 358 135 378
4 486 132 147 143
4 389 613 617 209
4 32 609 103 191
4 331 330 460 570
4 506 134 146 377
4 569 214 523 573
4 221 437 36 141
4 142 442 139 296
4 244 241 245 691
4 574 364 349 580
4 88 220 89 686
4 155 504 505 506
4 428 214 569 584
4 467 614 624 390
4 208 197 26 159
4 360 322 323 123
4 344 422 348 692
4 365 570 572 577
4 631 630 10 673
4 297 298 2 299
4 357 135 152 378
4 574 331 364 580
4 619 114 459 113
4 102 101 75 225
4 354 348 30 328
4 627 224 622 507
4 114 24 362 113
4 26 0 111 190
4 471 143 140 356
4 624 621 619 390
4 139 442 293 296
4 155 134 146 506
4 452 23 362 114
4 67 47 196 627
4 150 297 22 296
4 483 612 310 489
4 546 229 98 666
4 348 30 127 355
4 356 154 355 357
4 527 244 245 691
4 472 471 295 124
4 295 28 293 289
4 622 617 507 398
4 362 380 381 113
4 111 7 64 190
4 34 76 35 221
4 425 545 98 666
4 625 612 310 483
4 14 13 52 144
4 21 32 191 165
4 190 64 111 590
4 616 614 337 389
4 577 572 523 573
4 459 310 612 489
4 114 362 459 113
4 30 31 188 692
4 455 581 547 211
4 356 140 471 354
4 380 362 24 113
4 132 486 359 143
4 534 428 106 584
4 325 564 473 688
4 1 21 32 191
4 455 9 581 211
4 10 313 305 316
4 145 442 486 147
4 437 207 149 410
4 104 116 9 695
4 364 485 349 576
4 622 524 611 398
4 626 313 314 306
4 609 61 21 193
4 184 18 64 194
4 24 25 113 586
4 616 614 389 390
4 577 523 365 573
4 9 78 99 211
4 136 135 152 357
4 330 108 342 460
4 298 11 2 299
4 317 473 276 688
4 573 214 501 579
4 122 221 141 440
4 563 155 121 506
4 212 14 52 144
4 142 22 23 322
4 530 562 493 684
4 486 495 373 132
4 622 611 524 112
4 225 102 567 548
4 588 163 183 175
4 199 157 55 223
4 129 373 495 132
4 624 618 614 467
4 25 24 169 586
4 314 313 110 326
4 300 301 11 299
4 119 305 306 303
4 195 26 0 111
4 605 177 598 602
4 192 163 588 608
4 588 163 192 183
4 580 364 349 576
4 428 107 569 572
4 25 26 541 111
4 48 508 195 111
4 134 155 505 506
4 611 381 524 112
4 504 138 155 505
4 323 442 142 296
4 602 605 177 173
4 577 499 580 575
4 102 578 567 548
4 507 524 622 398
4 599 177 175 173
4 602 600 174 598
4 580 364 550 575
4 617 622 611 398
4 23 24 362 114
4 614 337 389 390
4 130 526 513 144
4 174 176 600 608
4 601 599 183 175
4 499 550 364 575
4 224 524 622 507
4 192 63 19 608
4 192 20 62 183
4 100 76 101 461
4 101 75 33 102
4 49 50 197 208
4 135 136 358 357
4 105 349 494 576
4 348 127 31 410
4 192 19 20 163
4 62 63 192 588
4 299 452 310 115
4 36 77 437 221
4 151 122 141 440
4 55 157 504 223
4 26 25 164 610
4 144 212 14 121
4 610 174 164 600
4 175 589 599 185
4 241 246 245 691
4 376 562 530 684
4 0 26 184 190
4 194 176 19 608
4 62 601 183 193
4 359 495 486 132
4 437 3 36 149
4 175 599 589 165
4 590 164 174 600
4 294 27 293 296
4 326 331 349 574
4 99 581 9 211
4 459 619 496 489
4 128 360 361 123
4 575 567 499 225
4 145 486 373 132
4 457 326 349 582
4 365 500 577 573
4 360 322 23 362
4 112 611 381 113
4 297 22 2 150
4 78 9 3 79
4 615 617 209 507
4 223 153 138 539
4 29 187 28 683
4 627 47 224 507
4 471 486 147 143
4 138 15 16 189
4 486 471 359 143
4 129 130 379 128
4 310 301 625 483
4 358 505 135 378
4 331 365 364 580
4 578 500 573 567
4 138 121 15 563
4 6 628 106 534
4 517 103 578 552
4 111 622 541 112
4 58 40 227 583
4 241 439 246 691
4 572 523 365 577
4 129 379 361 128
4 365 499 364 577
4 323 142 322 296
4 494 458 457 105
4 227 578 583 552
4 2 298 297 294
4 373 442 486 145
4 483 120 620 303
4 75 74 33 102
4 632 116 104 695
4 32 1 4 551
4 580 364 499 577
4 293 28 295 139
4 50 197 208 159
4 132 145 486 147
4 127 348 355 410
4 138 157 153 223
4 398 496 621 390
4 611 621 617 398
4 36 78 3 437
4 147 139 295 124
4 361 514 360 128
4 362 322 23 452
4 154 140 143 356
4 111 184 26 190
4 580 499 364 575
4 354 29 472 328
4 323 442 145 142
4 575 568 100 461
4 214 428 534 584
4 504 138 15 563
4 574 349 326 582
4 211 77 99 461
4 601 599 175 165
4 174 176 590 600
4 389 617 621 398
4 128 24 360 123
4 373 145 129 123
4 143 471 359 356
4 145 373 323 123
4 102 103 578 517
4 75 74 102 517
4 362 459 452 114
4 481 273 482 694
4 313 10 457 316
4 461 575 499 225
4 358 359 133 377
4 138 148 155 505
4 121 14 15 563
4 570 108 460 572
4 42 43 60 214
4 24 23 360 123
4 76 35 77 100
4 317 325 473 688
4 616 617 621 389
4 481 277 273 694
4 76 75 34 101
4 187 29 186 683
4 440 149 127 410
4 578 227 500 548
4 541 224 622 111
4 621 611 619 496
4 616 108 107 342
4 122 34 35 221
4 52 53 14 212
4 143 124 471 140
4 575 550 580 568
4 501 523 214 573
4 500 501 227 573
4 577 500 499 567
4 567 578 500 548
4 138 148 505 539
4 461 76 101 225
4 140 30 29 354
4 348 31 422 410
4 620 306 467 483
4 440 122 221 403
4 293 290 27 294
4 55 16 157 199
4 391 107 106 428
4 360 323 361 123
4 442 145 139 147
4 618 624 620 467
4 74 32 33 103
4 143 359 132 133
4 380 24 25 113
4 76 75 101 225
4 31 207 422 410
4 23 24 360 362
4 526 212 513 144
4 176 590 600 608
4 175 183 601 165
4 580 365 364 577
4 110 618 626 314
4 78 9 455 211
4 583 227 58 571
4 59 41 501 571
4 628 65 623 556
4 138 504 223 539
4 12 51 13 156
4 148 135 134 505
4 127 140 154 355
4 131 129 495 132
4 505 504 138 539
4 209 46 615 507
4 130 513 384 156
4 389 621 616 390
4 589 175 165 185
4 590 610 164 600
4 506 505 134 377
4 104 547 494 456
4 617 389 209 398
4 228 137 126 404
4 176 19 18 194
4 601 62 61 193
4 32 4 74 551
4 151 122 440 403
4 569 523 428 572
4 150 27 2 294
4 628 6 44 534
4 441 122 137 403
4 60 42 214 579
4 107 106 613 391
4 99 78 77 211
4 19 176 163 608
4 601 588 62 183
4 362 381 459 113
4 627 615 67 198
4 500 577 573 567
4 152 153 404 378
4 224 196 627 111
4 556 623 613 209
4 568 575 550 461
4 437 149 440 410
4 75 33 34 101
4 26 208 380 508
4 583 103 5 552
4 428 107 106 569
4 152 151 136 357
4 617 616 613 389
4 456 104 547 455
4 483 301 120 303
4 141 149 127 440
4 373 323 442 145
4 534 6 43 584
4 548 102 578 517
4 134 133 131 377
4 389 391 613 209
4 141 127 151 440
4 128 514 25 125
4 158 17 57 516
4 441 137 404 403
4 149 141 437 440
4 612 625 620 483
4 56 57 17 516
4 381 541 524 112
4 471 147 124 143
4 43 214 534 584
4 139 145 442 142
4 214 43 60 584
4 496 611 524 398
4 295 442 293 139
4 152 135 148 378
4 77 36 78 99
4 77 35 76 221
4 144 526 212 146
4 548 225 102 517
4 556 628 44 534
4 76 34 441 221
4 41 42 59 501
4 507 617 209 398
4 513 52 13 144
4 495 379 129 131
4 508 380 25 541
4 539 404 153 378
4 153 152 148 378
4 152 137 122 403
4 403 357 152 378
4 627 622 615 507
4 384 379 513 130
4 398 621 389 390
4 121 146 212 506
4 582 457 10 105
4 609 61 5 191
4 127 355 440 410
4 356 358 136 357
4 195 508 26 111
4 136 154 143 356
4 128 361 129 123
4 120 625 301 483
4 500 365 523 573
4 78 9 79 455
4 574 570 331 580
4 625 301 11 120
4 51 12 544 156
4 40 41 58 227
4 524 381 611 496
4 184 18 0 190
4 474 250 253 690
4 615 66 46 209
4 460 428 523 572
4 60 43 6 584
4 194 19 63 608
4 183 20 62 193
4 139 293 27 150
4 556 106 628 534
4 541 381 380 112
4 66 615 623 209
4 103 32 33 185
4 111 25 610 112
4 551 158 516 228
4 379 373 495 129
4 617 623 615 209
4 539 153 148 378
4 137 228 441 404
4 575 499 550 461
4 25 514 360 380
4 104 485 547 581
4 110 626 10 313
4 623 617 613 209
4 126 516 228 404
4 505 148 135 378
4 197 50 12 159
4 578 227 517 552
4 550 364 580 568
4 384 130 156 125
4 506 146 526 377
4 193 183 21 165
4 64 590 194 608
4 41 59 58 571
4 136 154 356 357
4 157 138 504 223
4 107 391 342 428
4 79 3 78 207
4 146 131 526 377
4 225 75 102 517
4 141 221 437 440
4 60 214 584 579
4 474 253 557 690
4 33 137 126 228
4 34 75 76 441
4 548 578 227 517
4 357 152 151 403
4 129 145 373 132
4 361 373 379 129
4 337 342 616 389
4 25 169 164 610
4 588 63 192 608
4 20 192 163 183
4 437 78 3 207
4 152 404 403 378
4 28 295 139 124
4 158 126 516 228
4 379 130 129 131
4 153 137 152 404
4 513 379 526 130
4 227 41 58 571
4 27 28 293 139
4 208 26 49 508
4 14 53 15 563
4 104 576 485 581
4 25 26 380 508
4 326 110 574 582
4 440 357 151 403
4 613 391 556 209
4 78 36 77 437
4 57 4 1 551
4 628 613 106 391
4 25 26 208 380
4 40 58 5 583
4 349 485 494 576
4 624 619 612 489
4 208 544 50 159
4 404 137 152 403
4 621 624 614 390
4 224 508 48 111
4 65 6 44 628
4 499 577 567 575
4 624 467 390 489
4 365 500 499 577
4 122 137 34 441
4 579 501 573 571
4 534 106 6 584
4 576 494 105 104
4 583 5 40 552
4 501 42 59 579
4 212 144 146 121
4 125 208 26 159
4 133 135 136 358
4 568 550 211 461
4 34 122 441 221
4 184 64 18 190
4 609 21 61 191
4 572 569 523 573
4 627 196 7 111
4 45 66 623 209
4 131 526 130 146
4 514 25 208 380
4 628 44 65 556
4 66 45 46 209
4 609 589 601 165
4 164 176 184 590
4 391 106 628 556
4 100 77 76 461
4 156 513 13 144
4 342 391 616 389
4 25 111 610 26
4 541 380 25 112
4 612 310 115 625
4 158 551 32 228
4 40 5 4 552
4 13 51 52 513
4 196 7 67 627
4 460 523 365 572
4 52 513 212 144
4 628 613 391 556
4 1 57 551 158
4 57 1 17 158
4 391 613 616 389
4 544 12 50 159
4 583 40 227 552
4 428 214 523 569
4 579 59 501 571
4 620 119 626 306
4 126 158 32 228
4 146 121 155 506
4 360 24 25 380
4 24 360 362 380
4 42 60 59 579
4 121 212 563 506
4 65 45 623 556
4 134 155 148 505
4 33 74 75 228
4 523 501 500 573
4 148 505 539 378
4 136 151 154 357
4 428 106 391 534
4 156 130 513 144
4 12 0 197 159
4 500 499 567 548
4 581 576 485 568
4 516 126 157 223
4 35 122 221 141
4 34 33 75 441
4 66 65 45 623
4 228 33 137 441
4 99 568 581 211
4 141 437 36 149
4 142 145 323 123
4 148 138 153 539
4 223 404 153 539
4 582 574 349 576
4 227 501 41 571
4 146 526 212 506
4 495 526 131 377
4 544 384 513 156
4 42 501 214 579
4 225 567 499 548
4 513 13 51 156
4 126 516 404 223
4 130 379 526 131
4 32 33 126 228
4 43 44 6 534
4 627 622 224 111
4 122 441 221 403
4 625 120 620 483
4 125 544 208 159
4 158 57 551 516
4 130 384 128 125
4 33 34 137 441
4 208 514 384 125
4 45 623 556 209
4 12 50 51 544
4 556 391 106 534
4 517 74 103 552
4 183 21 20 193
4 194 63 64 608
4 384 514 128 125
4 125 12 544 159
4 544 513 51 156
4 514 361 384 128
4 228 75 33 441
4 568 485 581 211
4 404 153 126 223
4 33 32 74 228
4 550 485 568 211
4 12 544 156 125
4 379 495 526 131
4 54 15 53 563
4 66 67 615 198
4 583 578 227 571
4 127 149 31 410
4 45 65 44 556
4 581 485 547 211
4 156 544 384 125
4 16 17 157 199
4 32 1 551 158
4 214 569 584 579
4 224 541 508 111
4 551 74 32 228
4 384 544 208 125
4 126 137 153 404
4 122 151 152 403
4 153 157 126 223
4 667 446 637 665
4 667 637 446 536
4 694 318 688 652
4 694 688 318 277
4 317 688 318 652
4 317 318 688 277
4 669 383 655 396
4 669 655 383 668
4 659 82 202 81
4 659 202 82 643
4 664 448 433 643
4 664 433 448 412
4 669 448 82 83
4 669 82 448 643
4 692 422 654 421
4 692 654 422 31
4 3 654 422 421
4 3 422 654 31
4 105 316 673 458
4 105 673 316 10
4 87 687 502 449
4 502 687 87 653
4 676 644 312 668
4 676 312 644 651
4 697 93 217 94
4 697 217 93 641
4 692 345 315 344
4 692 315 345 639
4 672 186 39 639
4 672 39 186 38
4 682 487 488 280
4 682 488 487 664
4 693 338 369 651
4 693 369 338 478
4 512 525 638 346
4 512 638 525 407
4 681 264 429 675
4 681 429 264 266
4 683 472 328 288
4 683 328 472 29
4 115 297 2 299
4 115 2 297 22
4 170 586 174 169
4 170 174 586 598
4 600 586 174 598
4 175 161 599 173
4 595 599 161 173
4 595 161 599 594
4 160 598 586 597
4 586 598 160 170
4 173 585 161 595
4 161 585 173 172
4 25 208 125 514
4 125 208 25 26
4 165 185 609 589
4 165 609 185 32
4 103 609 185 589
4 103 185 609 32
4 174 588 608 600
4 608 588 174 163
4 588 175 177 163
4 177 175 588 599
4 177 588 174 602
4 174 588 177 163
4 25 360 128 24
4 128 360 25 514
4 161 102 185 594
4 161 185 102 33
4 25 586 610 112
4 610 586 25 169
4 610 590 184 111
4 184 590 610 164
4 184 26 610 111
4 610 26 184 164
4 128 379 384 130
4 128 384 379 361
4 485 104 494 576
4 494 104 485 547
4 14 563 212 53
4 212 563 14 121
4 602 173 599 595
4 599 173 602 177
4 598 177 174 602
4 598 174 177 170
4 158 157 516 126
4 516 157 158 17
4 586 174 610 600
4 586 610 174 169
4 161 599 185 175
4 161 185 599 594

CELL_TYPES 3579
1
1
1
1
1
1
1
1
1
1
1
1
3
3
3
3
3
3
3
3
3
3
3
3
3
3
3
3
3
3
3
3
3
3
3
3
3
3
3
3
3
3
3
3
3
3
3
3
3
3
3
3
3
3
3
3
3
3
3
3
3
3
3
3
3
3
3
3
3
3
3
3
3
3
3
3
3
3
3
3
3
3
3
3
3
3
3
3
3
3
3
3
3
3
3
3
3
3
3
3
3
3
3
3
3
3
3
3
3
3
3
3
3
3
3
3
3
3
3
3
3
3
3
3
3
3
3
3
3
3
3
3
3
3
3
3
3
3
3
5
5
5
5
5
5
5
5
5
5
5
5
5
5
5
5
5
5
5
5
5
5
5
5
5
5
5
5
5
5
5
5
5
5
5
5
5
5
5
5
5
5
5
5
5
5
5
5
5
5
5
5
5
5
5
5
5
5
5
5
5
5
5
5
5
5
5
5
5
5
5
5
5
5
5
5
5
5
5
5
5
5
5
5
5
5
5
5
5
5
5
5
5
5
5
5
5
5
5
5
5
5
5
5
5
5
5
5
5
5
5
5
5
5
5
5
5
5
5
5
5
5
5
5
5
5
5
5
5
5
5
5
5
5
5
5
5
5
5
5
5
5
5
5
5
5
5
5
5
5
5
5
5
5
5
5
5
5
5
5
5
5
5
5
5
5
5
5
5
5
5
5
5
5
5
5
5
5
5
5
5
5
5
5
5
5
5
5
5
5
5
5
5
5
5
5
5
5
5
5
5
5
5
5
5
5
5
5
5
5
5
5
5
5
5
5
5
5
5
5
5
5
5
5
5
5
5
5
5
5
5
5
5
5
5
5
5
5
5
5
5
5
5
5
5
5
5
5
5
5
5
5
5
5
5
5
5
5
5
5
5
5
5
5
5
5
5
5
5
5
5
5
5
5
5
5
5
5
5
5
5
5
5
5
5
5
5
5
5
5
5
5
5
5
5
5
5
5
5
5
5
5
5
5
5
5
5
5
5
5
5
5
5
5
5
5
5
5
5
5
5
5
5
5
5
5
5
5
5
5
5
5
5
5
5
5
5
5
5
5
5
5
5
5
5
5
5
5
5
5
5
5
5
5
5
5
5
5
5
5
5
5
5
5
5
5
5
5
5
5
5
5
5
5
5
5
5
5
5
5
5
5
5
5
5
5
5
5
5
5
5
5
5
5
5
5
5
5
5
5
5
5
5
5
5
5
5
5
5
5
5
5
5
5
5
5
5
5
5
5
5
5
5
5
5
5
5
5
5
5
5
5
5
5
5
5
5
5
5
5
5
5
5
5
5
5
5
5
5
5
5
5
5
5
5
5
5
5
5
5
5
5
5
5
5
5
5
5
5
5
5
5
5
5
5
5
5
5
5
5
5
5
5
5
5
5
5
5
5
5
5
5
5
5
5
5
5
5
5
5
5
5
5
5
5
5
5
5
5
5
5
5
5
5
5
5
5
5
5
5
5
5
5
5
5
5
5
5
5
5
5
5
5
5
5
5
5
5
5
5
5
5
5
5
5
5
5
5
5
5
5
5
5
5
5
5
5
5
5
5
5
5
5
5
5
5
5
5
5
5
5
5
5
5
5
5
5
5
5
5
5
5
5
5
5
5
5
5
5
5
5
5
5
5
5
5
5
5
5
5
5
5
5
5
5
5
5
5
5
5
5
5
5
5
5
5
5
5
5
5
5
5
5
5
5
5
5
5
5
5
5
5
5
5
5
5
5
5
5
5
5
5
5
5
5
5
5
5
5
5
5
5
5
5
5
5
5
5
5
5
5
5
5
5
5
5
5
5
5
5
5
5
5
5
5
5
5
5
5
5
5
5
5
5
5
5
5
5
5
5
5
5
5
5
5
5
5
5
5
5
5
5
5
5
5
5
5
5
5
5
5
5
5
5
5
5
5
5
5
5
5
5
5
5
5
5
5
5
5
5
5
5
5
5
5
5
5
5
5
5
5
5
5
5
5
5
5
5
5
5
5
5
5
5
5
5
5
5
5
5
5
5
5
5
5
5
5
5
5
5
5
5
5
5
5
5
5
5
5
5
5
5
5
5
5
5
5
5
5
5
5
5
5
5
5
5
5
5
5
5
5
5
5
5
5
5
5
5
5
5
5
5
5
5
5
5
5
5
5
5
5
5
5
5
5
5
5
5
5
5
5
5
5
5
5
5
5
5
5
5
5
5
5
5
5
5
5
5
5
5
5
5
5
5
5
5
5
5
5
5
5
5
5
5
5
5
5
5
5
5
5
5
5
5
5
5
5
5
5
5
5
5
5
5
5
5
5
5
5
5
5
5
5
5
5
5
5
5
5
5
5
5
5
5
5
5
5
5
5
5
5
5
5
5
5
5
5
5
5
5
5
5
5
5
5
5
5
5
5
5
5
5
5
5
5
5
5
5
5
5
5
5
5
5
5
5
5
5
5
5
5
5
5
5
5
5
5
5
5
5
5
5
5
5
5
5
5
5
5
5
5
5
5
5
5
5
5
5
5
5
5
5
5
5
5
5
5
5
5
5
5
5
5
5
5
5
5
5
5
5
5
5
5
5
5
5
5
5
5
5
5
5
5
5
5
5
5
5
5
5
5
5
5
5
5
5
5
5
5
5
5
5
5
5
5
5
5
5
5
5
5
5
5
5
5
5
5
5
5
5
5
5
5
5
5
5
5
5
5
5
5
5
5
5
5
5
5
5
5
5
5
5
5
5
5
5
5
5
5
5
5
5
5
5
5
5
5
5
5
5
5
5
5
5
5
5
5
5
5
5
5
5
5
5
5
5
5
5
5
5
5
5
5
5
5
5
5
5
5
5
5
5
5
5
5
5
5
5
5
5
5
5
5
5
5
5
5
5
5
5
5
5
5
5
5
5
5
5
5
5
5
5
5
5
5
5
5
5
5
5
5
5
5
5
5
5
5
5
5
5
5
5
5
5
5
5
5
5
5
5
5
5
5
5
5
5
5
5
5
5
5
5
5
5
5
5
5
5
5
5
5
5
5
5
5
5
5
5
5
5
5
5
5
5
5
5
5
5
5
5
5
5
5
5
5
5
5
5
5
5
5
5
5
5
5
5
5
5
5
5
5
5
5
5
5
5
5
5
5
5
5
5
5
5
5
5
5
5
5
5
5
5
10
10
10
10
10
10
10
10
10
10
10
10
10
10
10
10
10
10
10
10
10
10
10
10
10
10
10
10
10
10
10
10
10
10
10
10
10
10
10
10
10
10
10
10
10
10
10
10
10
10
10
10
10
10
10
10
10
10
10
10
10
10
10
10
10
10
10
10
10
10
10
10
10
10
10
10
10
10
10
10
10
10
10
10
10
10
10
10
10
10
10
10
10
10
10
10
10
10
10
10
10
10
10
10
10
10
10
10
10
10
10
10
10
10
10
10
10
10
10
10
10
10
10
10
10
10
10
10
10
10
10
10
10
10
10
10
10
10
10
10
10
10
10
10
10
10
10
10
10
10
10
10
10
10
10
10
10
10
10
10
10
10
10
10
10
10
10
10
10
10
10
10
10
10
10
10
10
10
10
10
10
10
10
10
10
10
10
10
10
10
10
10
10
10
10
10
10
10
10
10
10
10
10
10
10
10
10
10
10
10
10
10
10
10
10
10
10
10
10
10
10
10
10
10
10
10
10
10
10
10
10
10
10
10
10
10
10
10
10
10
10
10
10
10
10
10
10
10
10
10
10
10
10
10
10
10
10
10
10
10
10
10
10
10
10
10
10
10
10
10
10
10
10
10
10
10
10
10
10
10
10
10
10
10
10
10
10
10
10
10
10
10
10
10
10
10
10
10
10
10
10
10
10
10
10
10
10
10
10
10
10
10
10
10
10
10
10
10
10
10
10
10
10
10
10
10
10
10
10
10
10
10
10
10
10
10
10
10
10
10
10
10
10
10
10
10
10
10
10
10
10
10
10
10
10
10
10
10
10
10
10
10
10
10
10
10
10
10
10
10
10
10
10
10
10
10
10
10
10
10
10
10
10
10
10
10
10
10
10
10
10
10
10
10
10
10
10
10
10
10
10
10
10
10
10
10
10
10
10
10
10
10
10
10
10
10
10
10
10
10
10
10
10
10
10
10
10
10
10
10
10
10
10
10
10
10
10
10
10
10
10
10
10
10
10
10
10
10
10
10
10
10
10
10
10
10
10
10
10
10
10
10
10
10
10
10
10
10
10
10
10
10
10
10
10
10
10
10
10
10
10
10
10
10
10
10
10
10
10
10
10
10
10
10
10
10
10
10
10
10
10
10
10
10
10
10
10
10
10
10
10
10
10
10
10
10
10
10
10
10
10
10
10
10
10
10
10
10
10
10
10
10
10
10
10
10
10
10
10
10
10
10
10
10
10
10
10
10
10
10
10
10
10
10
10
10
10
10
10
10
10
10
10
10
10
10
10
10
10
10
10
10
10
10
10
10
10
10
10
10
10
10
10
10
10
10
10
10
10
10
10
10
10
10
10
10
10
10
10
10
10
10
10
10
10
10
10
10
10
10
10
10
10
10
10
10
10
10
10
10
10
10
10
10
10
10
10
10
10
10
10
10
10
10
10
10
10
10
10
10
10
10
10
10
10
10
10
10
10
10
10
10
10
10
10
10
10
10
10
10
10
10
10
10
10
10
10
10
10
10
10
10
10
10
10
10
10
10
10
10
10
10
10
10
10
10
10
10
10
10
10
10
10
10
10
10
10
10
10
10
10
10
10
10
10
10
10
10
10
10
10
10
10
10
10
10
10
10
10
10
10
10
10
10
10
10
10
10
10
10
10
10
10
10
10
10
10
10
10
10
10
10
10
10
10
10
10
10
10
10
10
10
10
10
10
10
10
10
10
10
10
10
10
10
10
10
10
10
10
10
10
10
10
10
10
10
10
10
10
10
10
10
10
10
10
10
10
10
10
10
10
10
10
10
10
10
10
10
10
10
10
10
10
10
10
10
10
10
10
10
10
10
10
10
10
10
10
10
10
10
10
10
10
10
10
10
10
10
10
10
10
10
10
10
10
10
10
10
10
10
10
10
10
10
10
10
10
10
10
10
10
10
10
10
10
10
10
10
10
10
10
10
10
10
10
10
10
10
10
10
10
10
10
10
10
10
10
10
10
10
10
10
10
10
10
10
10
10
10
10
10
10
10
10
10
10
10
10
10
10
10
10
10
10
10
10
10
10
10
10
10
10
10
10
10
10
10
10
10
10
10
10
10
10
10
10
10
10
10
10
10
10
10
10
10
10
10
10
10
10
10
10
10
10
10
10
10
10
10
10
10
10
10
10
10
10
10
10
10
10
10
10
10
10
10
10
10
10
10
10
10
10
10
10
10
10
10
10
10
10
10
10
10
10
10
10
10
10
10
10
10
10
10
10
10
10
10
10
10
10
10
10
10
10
10
10
10
10
10
10
10
10
10
10
10
10
10
10
10
10
10
10
10
10
10
10
10
10
10
10
10
10
10
10
10
10
10
10
10
10
10
10
10
10
10
10
10
10
10
10
10
10
10
10
10
10
10
10
10
10
10
10
10
10
10
10
10
10
10
10
10
10
10
10
10
10
10
10
10
10
10
10
10
10
10
10
10
10
10
10
10
10
10
10
10
10
10
10
10
10
10
10
10
10
10
10
10
10
10
10
10
10
10
10
10
10
10
10
10
10
10
10
10
10
10
10
10
10
10
10
10
10
10
10
10
10
10
10
10
10
10
10
10
10
10
10
10
10
10
10
10
10
10
10
10
10
10
10
10
10
10
10
10
10
10
10
10
10
10
10
10
10
10
10
10
10
10
10
10
10
10
10
10
10
10
10
10
10
10
10
10
10
10
10
10
10
10
10
10
10
10
10
10
10
10
10
10
10
10
10
10
10
10
10
10
10
10
10
10
10
10
10
10
10
10
10
10
10
10
10
10
10
10
10
10
10
10
10
10
10
10
10
10
10
10
10
10
10
10
10
10
10
10
10
10
10
10
10
10
10
10
10
10
10
10
10
10
10
10
10
10
10
10
10
10
10
10
10
10
10
10
10
10
10
10
10
10
10
10
10
10
10
10
10
10
10
10
10
10
10
10
10
10
10
10
10
10
10
10
10
10
10
10
10
10
10
10
10
10
10
10
10
10
10
10
10
10
10
10
10
10
10
10
10
10
10
10
10
10
10
10
10
10
10
10
10
10
10
10
10
10
10
10
10
10
10
10
10
10
10
10
10
10
10
10
10
10
10
10
10
10
10
10
10
10
10
10
10
10
10
10
10
10
10
10
10
10
10
10
10
10
10
10
10
10
10
10
10
10
10
10
10
10
10
10
10
10
10
10
10
10
10
10
10
10
10
10
10
10
10
10
10
10
10
10
10
10
10
10
10
10
10
10
10
10
10
10
10
10
10
10
10
10
10
10
10
10
10
10
10
10
10
10
10
10
10
10
10
10
10
10
10
10
10
10
10
10
10
10
10
10
10
10
10
10
10
10
10
10
10
10
10
10
10
10
10
10
10
10
10
10
10
10
10
10
10
10
10
10
10
10
10
10
10
10
10
10
10
10
10
10
10
10
10
10
10
10
10
10
10
10
10
10
10
10
10
10
10
10
10
10
10
10
10
10
10
10
10
10
10
10
10
10
10
10
10
10
10
10
10
10
10
10
10
10
10
10
10
10
10
10
10
10
10
10
10
10
10
10
10
10
10
10
10
10
10
10
10
10
10
10
10
10
10
10
10
10
10
10
10
10
10
10
10
10
10
10
10
10
10
10
10
10
10
10
10
10
10
10
10
10
10
10
10
10
10
10
10
10
10
10
10
10
10
10
10
10
10
10
10
10
10
10
10
10
10
10
10
10
10
10
10
10
10
10
10
10
10
10
10
10
10
10
10
10
10
10
10
10
10
10
10
10
10
10
10
10
10
10
10
10
10
10
10
10
10
10
10
10
10
10
10
10
10
10
10
10
10
10
10
10
10
10
10
10
10
10
10
10
10
10
10
10
10
10
10
10
10
10
10
10
10
10
10
10
10
10
10
10
10
10
10
10
10
10
10
10
10
10
10
10
10
10
10
10
10
10
10
10
10
10
10
10
10
10
10
10
10
10
10
10
10
10
10
10
10
10
10
10
10
10
10
10
10
10
10
10
10
10
10
10
10
10
10
10
10
10
10
10
10
10
10
10
10
10
10
10
10
10
10
10
10
10
10
10
10
10
10
10
10
10
10
10
10
10
10
10
10
10
10
10
10
10
10
10
10
10
10
10
10
10
10
10
10
10
10
10
10
10
10
10
10
10
10
10
10
10
10
10
10
10
10
10
10
10
10
10
10
10
10
10
10
10
10
10
10
10
10
10
10
10
10
10
10
10
10
10
10
10
10
10
10
10
10
10
10
10
10
10
10
10
10
10
10
10
10
10
10
10
10
10
10
10
10
10
10
10
10
10
10
10
10
10
10
10
10
10
10
10
10
10
10
10
10
10
10
10
10
10
10
10
10
10
10
10
10
10
10
10
10
10
10
10
10
10
10
10
10
10
10
10
10
10
10
10
10
10
10
10
10
10
10
10
10
10
10
10
10
10
10
10
10
10
10
10
10
10
10
10
10
10
10
10
10
10
10
10
10
10
10
10
10
10
10
10
10
10
10
10
10
10
10
10
10
10
10
10
10
10
10
10
10
10
10
10
10
10
10
10
10
10
10
10
10
10
10
10
10
10
10
10
10
10
10
10
10
10
10
10
10
10
10
10
10
10
10
10
10
10
10
10
10
10
10
10
10
10
10
10
10
10
10
10
10
10
10
10
10
10
10
10
10
10
10
10
10
10
10
10
10
10
10
10
10
10
10
10
10
10
10
10
10
10
10
10
10
10
10
10
10
10
10
10
10
10
10
10
10
10
10
10
10
10
10
10
10
10
10
10
10
10
10
10
10
10
10
10
10
10
10
10
10
10
10
10
10
10
10
10
10
10
10
10
10
10
10
10
10
10
10
10
10
10
10
10
10
10
10
10
10
10
10
10
10
10
10
10
10
10
10
10
10
10
10
10
10
10
10
10
10
10
10
10
10
10
10
10
10
