# vtk DataFile Version 2.0
whisker_body, Created by Gmsh 4.13.1 
ASCII
DATASET UNSTRUCTURED_GRID
POINTS 699 double
-7.858116822750931 -1.499999999999801 0
7.858116822750931 -1.499999999999802 0
-4.944207447977047 -1.500000000000045 36
4.944207447977048 -1.500000000000044 36
12 0 0
7.858116822750891 1.499999999999905 0
0 8 0
-7.85811682275089 1.499999999999909 0
4.12982931753815 0 100
4.9442074479771 1.499999999999957 36
0 5.166738554313734 36
-4.944207447977101 1.499999999999956 36
-6.371849713531152 -4.837306195412172 0
-3.556792827583766 -7.165837339882108 0
-9.797174393178826e-16 -8 0
3.55679282758376 -7.16583733988211 0
6.371849713531151 -4.837306195412173 0
-3.929058411375466 -1.5 0
0 -1.5 0
3.929058411375467 -1.5 0
-5.239554163477719 -1.5 32.40032335232608
-5.533649867739459 -1.5 28.80054263835969
-5.826683801081054 -1.5 25.20067493559471
-6.118808343409778 -1.5 21.60073406310713
-6.41014781118654 -1.5 18.00072963594376
-6.700804704626939 -1.5 14.4006683015923
-6.990863801278046 -1.5 10.80056130370023
-7.280396744884404 -1.5 7.200411465468846
-7.569464065888022 -1.5 3.600221587193985
-3.077749133470852 -4.150017778281366 36
3.956242700916928e-15 -5.166738554313734 36
3.077749133470849 -4.150017778281367 36
7.569464065888015 -1.5 3.600221587194071
7.280396744884397 -1.5 7.200411465468932
6.99086380127804 -1.5 10.80056130370031
6.700804704626933 -1.5 14.40066830159239
6.410147811186537 -1.5 18.00072963594378
6.118808343409775 -1.5 21.60073406310715
5.826683801081054 -1.5 25.20067493559471
5.533649867739459 -1.5 28.80054263835969
5.239554163477719 -1.5 32.40032335232608
-1.648069149325682 -1.5 36
1.648069149325682 -1.5 36
11.34980690040761 3.896393630456207 0
9.469686112756717 7.370552552276022 0
6.563377897469113 10.04599773915035 0
2.945825845689581 11.63280319127197 0
-0.9909521456679979 11.95901391608004 0
-4.820345095835646 10.98927991986068 0
-8.127378859508902 8.82868692807757 0
-10.55368501447787 5.71136871644487 0
-11.83633564083267 1.975135083368787 0
-11.83633564083267 -1.975135083368821 0
-10.55368501447786 -5.711368716444897 0
-8.12737885950888 -8.828686928077589 0
-4.820345095835619 -10.9892799198607 0
-0.9909521456679715 -11.95901391608004 0
2.945825845689616 -11.63280319127196 0
6.563377897469155 -10.04599773915032 0
9.469686112756747 -7.370552552275983 0
11.34980690040762 -3.896393630456205 0
6.371849713531105 4.837306195412233 0
3.556792827583735 7.165837339882123 0
3.929058411375445 1.5 0
0 1.5 0
-3.929058411375445 1.5 0
-3.55679282758373 7.165837339882126 0
-6.371849713531105 4.837306195412234 0
2.574906462902252 3.228830577670782 100
-0.9189734768187546 4.026285874214754 100
-3.720847644852559 1.791865786210781 100
-3.720847644852582 -1.791865786210735 100
-0.9189734768187868 -4.026285874214746 100
2.574906462902235 -3.228830577670795 100
11.69730112759762 0 3.846153846153846
11.39460225519524 0 7.692307692307693
11.09190338279286 0 11.53846153846154
10.78920451039049 0 15.38461538461539
10.48650563798811 0 19.23076923076923
10.18380676558573 0 23.07692307692308
9.881107893183348 0 26.92307692307692
9.578409020780969 0 30.76923076923077
9.27571014837859 0 34.61538461538461
8.973011275976212 0 38.46153846153846
8.670312403573833 0 42.30769230769231
8.367613531171454 0 46.15384615384615
8.064914658769075 0 50
7.762215786366696 0 53.84615384615385
7.459516913964317 0 57.69230769230769
7.156818041561938 0 61.53846153846154
6.85411916915956 0 65.38461538461539
6.551420296757181 0 69.23076923076923
6.248721424354802 0 73.07692307692308
5.946022551952423 0 76.92307692307692
5.643323679550044 0 80.76923076923077
5.340624807147665 0 84.61538461538461
5.037925934745286 0 88.46153846153847
4.735227062342908 0 92.30769230769231
4.432528189940529 0 96.15384615384616
5.239554163477719 1.5 32.40032335232608
5.533649867739459 1.5 28.80054263835969
5.826683801081054 1.5 25.20067493559471
6.118808343409778 1.5 21.60073406310713
6.41014781118654 1.5 18.00072963594376
6.700804704626939 1.5 14.4006683015923
6.990863801278046 1.5 10.80056130370023
7.280396744884404 1.5 7.200411465468846
7.569464065888022 1.5 3.600221587193985
3.077749133470891 4.150017778281336 36
0 7.716673855431374 3.6
0 7.433347710862747 7.199999999999999
0 7.150021566294121 10.8
0 6.866695421725494 14.4
0 6.583369277156867 18
0 6.30004313258824 21.6
0 6.016716988019614 25.2
0 5.733390843450987 28.8
0 5.450064698882361 32.4
-7.569464065888019 1.5 3.600221587194028
-7.280396744884401 1.5 7.200411465468889
-6.990863801278042 1.5 10.80056130370028
-6.700804704626934 1.5 14.40066830159235
-6.41014781118654 1.5 18.00072963594376
-6.118808343409778 1.5 21.60073406310713
-5.826683801081054 1.5 25.20067493559471
-5.533649867739459 1.5 28.80054263835969
-5.239554163477719 1.5 32.40032335232608
1.6480691493257 1.5 36
-1.6480691493257 1.5 36
-3.077749133470888 4.150017778281338 36
5.85924191410393 -4.35376514346853 8.897836079634768
5.372462445008198 -4.065888182795045 16.04074125500712
-5.513111481613098 -4.342369215434325 12.47908214468364
-1.780366938954858 -7.560084125803987 2.961944895653176
-4.813926347631172 -4.296497427569558 19.66381597489211
3.698222738231204 -4.922912887527773 23.41415741294453
-3.560913976267469 -4.321390052672559 30.50110822427274
4.073775886386781 -3.843914932551535 30.48203659288163
4.495058748835963 -6.315714919499024 3.15088955177004
-6.297689960872889 -4.215806188438297 5.355448668405783
-1.688951463967556 -5.112680912241915 33.23399537442688
-4.09523826286024 -4.228079775732618 26.8580684191185
-1.287505047452963 -5.622632973621738 28.3582148575076
-1.749736742256301 -5.787519705953885 24.82493248662969
1.663967210149097 -5.704624391965147 26.14491917398236
-5.166840420424904 -4.319886431785003 16.07576979459459
-2.889252040599142 -6.258151415845035 14.06688618248753
-3.312250238196075 -6.36454800308332 10.48452448255511
-0.08287408120204187 -7.058713576225152 11.95399667374558
-0.5641085022899981 -7.314346947473099 8.436059413139454
0.1346313054277042 -6.777026518625957 15.52236134107606
3.156881948409894 -6.195037168171125 13.30323175097063
4.74703266780396 -4.363323982019754 19.72376275491646
1.510108818086995 -6.154144398211729 21.13407491004278
-5.894354417221338 -4.305732016259479 8.900659913875279
-2.649583052383086 -6.05898836032438 17.62363921618623
-1.774967300588129 -6.074429178651308 21.23913747880957
3.319285869665726 -6.436137544799122 9.635723641186527
2.094240618583168 -7.214869858124717 6.192131405555791
-3.29561292474268 -6.720716311220149 6.540413029306398
1.558784264438374 -5.165727694202772 33.08962394112645
-4.462674283452203 -4.262288259086043 23.23828750021967
1.214204003872069 -7.668178943695724 3.002294526637753
2.605415644643074 -6.04851809732981 17.96911453042053
5.677939941445774 -4.120832993923515 12.50651805241664
6.432387940356626 -3.984149446055085 5.510541834556515
4.193311197042139 -4.125377435902552 26.90669368412716
-4.768627877673246 -6.135037710910948 2.917848750882098
-0.7087566412158404 -5.523787111236991 30.88787219165295
0.009215882144448786 -6.502504684028671 19.02739909517108
3.904307066495657 -3.686300979219236 33.42260867911774
-3.84662385383561 -3.741526752114523 33.46627086454208
1.662829328301749 -5.464884375251795 29.06843910192193
-0.3735216992488133 -7.550904294862097 5.588987089139525
-6.714310836754267 -3.957909607331573 2.617003387650922
0.6742856395150102 -6.101143897687076 23.65525407451301
6.709502519130674 -3.964817386078942 2.625006195897336
4.591006215213156 -5.867266314801877 6.988709302119529
4.295353274965308 -1.5 8.485726826144209
-3.234781007284687 -1.5 15.9533776733237
-3.004477672487332 -1.5 23.06522709623039
-0.04106971691267614 -1.5 33.40922913799698
-3.806196708668528 -1.5 8.641206624257684
3.166296276573734 -1.5 19.54977452380227
2.633589274001711 -1.5 26.75209440178336
1.975917518886318 -1.5 3.437295195717302
-3.84605427409471 -1.5 4.634691522093462
-0.5725343418984279 -1.5 6.441560980623396
-0.751655161534174 -1.5 10.54570948574631
1.97876557740361 -1.5 30.52054896044174
-0.6872664318851722 -1.5 28.29414535030978
3.208554794588142 -1.5 11.84099170860494
3.356351245626422 -1.5 15.86786285496778
0.1029051747812169 -1.5 17.65709950571767
-3.110943681252882 -1.5 19.56357712368106
2.957571981781587 -1.5 23.15567944985832
0.138496396860738 -1.5 13.97899972251532
-3.738791652535697 -1.5 12.36357509908019
0.01862645049162204 -1.5 21.28631028439807
-0.1693151088930334 -1.5 24.7940290676209
4.525187106626003 -1.5 5.447115960777651
-2.36859605712452 -1.5 31.00667131886641
-3.04427857641721 -1.5 26.03092381762309
2.753905324254283 -1.5 33.66602029015296
-2.854505078333535 -1.5 33.72451062454278
5.086210589543757 -1.5 2.551030070334453
-1.020866662132503 -1.5 2.82085903533188
1.633347696973519 -1.5 8.717131390108701
2.261615870435174 -1.5 6.438880893174366
0 -2.96299491302833 36
5.893587617063135 3.502692055588319e-14 0
-5.893587617063174 5.140332604014475e-14 0
-1.964529205687727 -5.551115123125783e-17 0
1.964529205687728 0 0
-10.05475109066195 1.057002649713154e-13 0
8.765690137960252 4.26004408380471 0
8.765690137960274 -4.260044083804643 0
-2.276010778504034 -9.537923667613388 0
-2.276010778504018 9.537923667613384 0
5.873563766464052 -3.232224655892819 67.28977499250952
4.481712651254909 -3.177432529221948 82.66912391067751
8.838320800436971 -3.280666171817381 32.68608574070607
7.554268963987093 3.231101375388721 48.07692307692309
9.181817935895939 3.23003139853843 28.80000905174118
6.869378104247244 -3.287719480846849 55.70900766071961
7.867941861712451 -3.276727156126993 44.17953275857112
9.798498096784749 -3.297515537212519 21.111610245
-11.1657903760237 -3.616930427408046 3.341790608973243
-6.713239270206378 9.645620444208966 3.153262660782645
4.376157437413393 2.818438862274933 86.33582152562722
10.13981473400592 3.228462306601805 17.26299737139007
-2.518136117665676 -11.43307054852751 3.72169009458731
3.752172511923079 -3.141425038482989 90.29533585463945
4.79811431138024 10.69577319231262 3.52355531022866
5.149402534326526 -3.272637249393243 74.94942415788415
8.191770008330739 3.286667241674997 40.32301464221243
4.897601154316932 3.11373742482956 78.73263413517154
5.52986613998835 3.235631427417044 71.06671410552613
6.213887481933059 3.245444915275249 63.39923967603453
6.995739867096134 2.99948778998679 55.75920046506192
10.4335831550334 -3.302239113208106 13.42163899493247
-2.723844371020274 3.415592807225254 96.96476903409871
7.945113376504919 -8.63069383398738 3.419408766471524
-11.09527489538305 3.809012682760117 3.419408766471708
10.77562275141164 3.216246898016816 9.588515283028604
-2.633579180006027 -3.523592931555294 96.57950772588465
9.935226484425232 6.234911832567003 3.436118109269079
11.06555625010633 -3.306234306777092 5.731422828049544
3.374681076347565 3.1132268918116 94.13560339841358
4.812366599042043 -3.224042144942172 78.873476585039
6.195068113102339 -3.26720803300037 63.48246542003737
6.522641944107701 -3.298998453792851 59.59892398279454
7.879344283728515 3.250741259105456 44.17212733116521
0.8839995536723747 4.277270915254395 96.9780051014545
-0.6087510069504397 4.572291850264672 93.86533233342223
-3.967763370978763 2.380981615854184 93.67860409287384
-2.514787536491404 4.16790822991209 90.62301262457657
2.066990261246719 -5.261510892665558 80.64680223727419
-4.80108364624302 0.9237778919459773 90.35193927379757
-4.148411874349152 3.013742045850459 87.3225173675719
-5.124635680411549 -0.5869825869384447 86.93403556407078
-5.122782828649765 1.689962471480975 83.93290014234525
-4.102942731135807 -2.73176048741506 89.84349415526822
-3.450955103805575 -3.897373372224187 86.33062376829567
-2.749581690125994 4.616421910315226 84.20115536910222
-4.250413780804886 3.703850031937411 80.83971605503233
-5.662420831680111 0.1966082333486384 80.48322173876019
-5.375381797001242 2.447836594630518 77.42537557844391
3.812537905289616 -5.706104485838225 65.27704606376504
4.599124468079863 -5.897081752692706 57.45148120297365
5.012582181100913 -5.951347032463563 53.60702820513303
-5.792725851936313 -1.320368238167501 76.98308328728535
-6.097558140013832 1.001434411147309 73.95968687944386
-5.576404695974744 -2.755619968878821 73.44050416384161
-6.434678987631139 -0.5117031387743215 70.45599504599815
1.866011173784356 -7.422114365427838 55.23273440165571
6.206963665807508 6.076425012455441 42.10635631986352
2.34933884033256 -7.599056025841686 51.41015943067822
6.586950354737561 6.115913930651129 38.2653109498273
-5.217995146303775 -3.8796357175828 69.85574072248086
-6.430603242787645 -1.996604071655376 66.91811071418103
-1.198618119634415 -7.74334443339539 52.91417220012781
-0.7184470908275126 -8.103877072224591 49.10107475974507
-1.691303905958023 -7.344041763758416 56.71698902177695
-6.446021055353896 1.810465342034865 67.400772821131
-6.963644857210911 0.3179370843741539 63.900786198686
-4.507274597441638 -6.276993639667925 54.28568353797854
-5.027323647993964 -4.565677342815891 66.18501919658796
-5.718843775429927 3.933382560482593 64.2814297887372
-6.727446136432748 2.603316446623901 60.81718700781244
-4.595354370977821 5.551037143687374 60.90926156774842
-5.791866873345177 4.707256752835089 57.641565194443
-2.738908155885913 6.359465291061377 64.49427232848898
-4.325427677657929 4.376226859456523 74.29186045009789
-2.658321834712739 6.963566203321625 57.7659752018727
-4.459231579748779 6.292405049040063 54.48077603239729
3.693961838868039 8.049660413438618 39.93851530093913
4.134491260051017 8.172261153940788 36.10346813727557
3.247859820302117 7.91464353766347 43.77127814781241
0.2312441233784443 8.73048763463 41.50418785767474
-0.2493164453993333 8.429350036740725 45.32257143935303
-3.264880595604335 7.977005283294758 42.95606823521809
-2.818179978613177 8.46167247646763 39.15246223046774
-5.890878241671989 6.55354165952455 40.50737295485371
-5.55118836513258 7.223775322297431 36.71638336551474
-7.866609030679623 4.394854844822967 37.97872909730926
-7.705897422843736 5.221438767845654 34.20140799407528
-7.965336507755377 3.534647958927964 41.74783105555312
-8.880768722107426 0.8435634506063195 39.12567221414058
-8.628785134572063 -0.1991780394900613 42.80614101704665
-8.347572205608595 -2.912240226352715 40.13902733229308
-6.930532459783058 3.433020925039916 54.20207624276086
-8.919523495493118 -1.961653542592084 36.43265755619994
-7.326578552305422 -5.32754234623931 37.37176758750493
-8.172519359014936 -4.540807592218927 33.68061157766353
-5.659134990378325 -7.357778934610122 34.5305394567448
-6.730664184171713 -6.805052355603788 30.85903225938904
-4.918406425079151 -7.527994897172994 38.21647343156529
-3.551024175726478 -8.822879111542557 31.62985336031595
-4.829175198930227 -8.524880376851666 27.98313843778583
-7.748040324651958 -6.10033189184644 27.17415423917365
-6.027504023170842 -8.087293796721353 24.31480706998799
-8.623199990797044 -5.36011555881048 23.46397513297297
-7.138899111712679 -7.53070618676978 20.62628012382855
-9.42617967014588 -4.50216298320929 19.7433629728719
-10.04935583621382 -1.908130315312705 22.50388541425145
-10.48481300233317 -0.9103402213549732 18.75106999194185
-10.14357178680225 1.858088495557018 21.44363940426504
-10.21907240221264 2.854711752244256 17.65760084213637
-8.899670355618612 5.389974593159367 20.27132187034025
-5.176839681805609 7.857607428709469 32.91341584416823
-8.139800604467236 -6.896618956328485 16.91663548417966
-5.173413195955926 -9.257224414716323 17.72852063029842
-2.565594180261729 -9.69494386394323 25.04813015034415
-8.695273324501105 6.243754239959885 16.45737183541965
-6.520067747753981 8.237306400044123 18.99004591478841
-6.151563004446524 8.885703176354554 15.15485789999356
-3.355221118593188 10.07006290612709 17.60680163802443
-2.881539707633345 10.52987584240837 13.76043137224239
-3.790569381182275 9.589624130126793 21.45302507227902
-0.2765327732168132 10.4229335568711 19.9919262353477
-0.7585753938063373 10.09531832196997 23.83965605760514
-0.8577277315722565 7.655549188918071 54.59285357288078
-10.82074949293265 0.07409197709634419 14.98057533735194
-6.383939222388364 -8.828654416877633 14.04105959115822
-2.903028371148273 -10.44084868695986 14.77829746420948
2.788265065142721 9.858660652264522 22.29468460998806
2.334753359997067 9.664080111774325 26.14799313095878
-7.493001686535445 6.011664166065715 30.4120774591608
3.265155033046601 10.03037456107683 18.44377952416035
-8.462714208879598 7.0295910373792 12.68733040401436
-7.69414771294934 -3.725506011273295 43.8536435114861
-6.017460139625747 5.243890107063108 51.05680514361279
-7.767712421567986 1.932287453273203 50.7683785111529
1.101556762283952 7.348247957813804 58.06284500659867
-4.861568272795789 -5.618944565786616 58.06523160767606
-1.51901687630193 -10.43966876399617 18.42905766219885
0.9357131177275069 -10.74648034857855 15.41084185685252
2.523153380506127 -10.19947868482952 18.97119844497594
-0.3359644054636738 -11.07077264347975 11.74219487829984
3.434506535531813 -10.47989833926506 12.34621390212773
1.975563701868275 -11.13753074260023 8.749676229934552
-4.630002429305735 -3.353222420848561 79.83649146589214
-3.22695078443888 -5.385708674616216 72.69904921396734
-9.120347793851272 2.70128461211324 31.61334566411546
5.609172467529446 8.36319626618519 24.52236471624617
2.800899683272091 -7.765636841217105 47.58078904853826
-0.204326355381253 -8.432480975017448 45.2981775026155
-9.085609357883767 -6.132613982927917 13.19378851952879
-7.511834227551703 -8.289590408352 10.33241970483414
-2.202962497408794 -6.895300020925434 60.4985542339714
3.435669499319663 -5.589876939302518 69.10534083807377
5.725724803185765 -9.707619926220127 9.270507294731765
2.825109400983114 7.758503796297358 47.5611899689677
5.098853539889244 8.329643047295143 28.3814299218997
1.808052141520714 9.468540628774155 29.99144488219785
-4.721381777381734 8.487126858822929 29.07191143231945
3.279833666652764 -7.90260478622696 43.75769258192631
6.956083056205363 6.158439293986045 34.42740991730672
-9.13423143514604 3.576411086229081 27.83384176123986
-6.93700178206935 -3.171584028520655 55.55606218971751
-6.645526311416525 -4.318184756620701 51.77448591293535
-9.843519344604095 -5.451518375537797 9.500615377115023
-8.555261135392488 -7.655235087596595 6.604615880676276
6.759061714443298 -8.668337423812677 12.80731977543796
-9.720958759091037 -0.06513313066210538 28.95519208216994
8.56755222359768 -7.277070969885943 9.644782549891797
-3.661011436712729 -7.475009841388848 46.7157931501187
-7.054854985621883 4.272006383564574 47.68021725313226
-1.141473390652306 5.514291925759736 80.92331789836042
0.5050933306326838 -8.715201717303765 41.55150163634719
3.777757867739801 -8.012275294986789 39.92013696540695
1.236551243152149 -8.957470841189759 37.57962867269742
4.301458955095674 -8.090688316557294 36.04665864030962
6.625052585257434 -6.074652819609921 38.26502083893802
-0.953570453658671 8.105165258958369 48.77827963765056
-7.169432679535329 -0.9531944489997318 60.57657778694946
2.408956305467424 7.32621582252684 54.48291687676665
1.536813300763055 -9.203577916954487 33.91280556707011
4.734981743386286 -8.192964310530382 32.23809372354393
1.899770933032091 -9.450509965227674 29.99213425199284
5.096627825735228 -8.327573104334254 28.41862629833087
-8.228239114518004 -1.372490785607699 46.48029773575507
1.979888415474268 -4.986428075485938 84.304249690604
-5.203240972821671 -10.16867136383249 7.336672090745447
1.689021609192513 -9.811611851096179 25.9723853488332
5.532538163622411 -8.409485807253724 24.57122865525498
7.767463330678484 -6.132270595063618 26.72909564910416
4.166273123667124 -10.77332714018607 5.706841325756034
0.7651535221986568 -6.692218005986077 66.887776502379
-1.714684285248882 -4.682169777183954 89.11793074351316
-5.291129393820539 -4.799829710425084 61.70339381452349
-2.310489625791758 -4.106458645292604 92.60494920429589
1.25490926388507 4.690446686513215 90.78051716507835
-6.896308222585875 -4.543241875089891 47.54234857058265
-0.9811831879436982 5.012003014675975 87.58207086269074
-4.373797870819125 0.05949301263183673 96.89494471490113
2.425769257960733 -5.437810937582964 76.81741565136404
-2.284768145532497 -4.998621277873863 82.64073465630742
4.211177610020674 -5.809809875253531 61.30098965927812
0.8901156941663316 -6.973079531847764 63.154135604984
9.148539001936843 -3.309353382876334 28.85961457651511
-6.395861062135172 -9.811115048162394 3.6626019471354
-1.688011349918193 -11.30163491481239 7.280652497736951
2.974324575994636 -5.503453469465835 72.98741475222673
-1.338037975996733 -5.658754210727359 78.590476748873
2.767451965606174 -3.656060944166346 94.21187059484977
0.8502221189687292 -4.28245174500155 96.99870917382096
4.151595880050725 -3.10881660211555 86.57286023530499
-5.035547155150557 6.50009781665422 47.99884696227014
-1.83676536068367 9.342310700755364 31.4966562390371
-1.277279605192092 9.738680573587951 27.6730411601659
4.571886868603894 3.055732086504722 82.60228935906667
1.62348279022263 5.114871894269904 84.28863516157752
-4.283979796335961 9.047725400409536 25.27664135998259
-7.20261330083579 6.808918192509918 26.53615667995099
-0.1068970590506898 -10.26372324966427 22.05441491729707
5.188173153497538 3.21407996495389 74.92761314965497
2.958422553484909 5.528945006805444 72.79784277826795
3.390221004719081 5.629988057441091 68.970072011301
-0.08830622351713914 6.447849910280511 70.5390727241674
2.908963270465764 5.221705045884485 76.52549387646251
-1.08203430820874 6.052783740704244 74.34732233265241
5.991036744538128 8.464825567743267 20.70566550101269
6.45940881880493 8.496799670085235 16.85718251993224
3.772514147400049 10.17445797735023 14.59518036628739
6.864004748286274 8.566390348005028 12.99666730358788
4.246857057704161 10.31404401589448 10.74740851070374
7.267688187756516 8.615541528500929 9.256393960565296
8.203449161069003 6.070580533651302 22.80359028428789
4.793843998890829 -9.619688031121431 15.90826639152638
7.540679425044661 -7.62355003330588 16.22722625586213
5.86711584685049 3.253465659741669 67.23098553749504
6.551922449441563 3.247470356008771 59.55938315504534
4.26798467539927 5.778807560406723 61.19268051115967
3.829188886643246 5.711735688917967 65.09990749711463
0.7944117886820685 6.710604662270475 66.61274956186038
0.9903658371107854 6.979134766734393 62.90774767392619
7.32023539987649 3.029588158042562 51.81095759453838
7.541270426403965 -3.271842904183838 48.02379992311081
7.198084759945645 -3.29814331961003 51.87037889302751
5.527719161187908 -3.226610736457857 71.14809989104356
8.186451039094585 -3.290738755287423 40.36645087052852
-4.134153683872047 -6.878153840860334 50.50747895616387
-9.372690102238158 -0.9960605645360863 32.71252436816956
8.518135428693823 3.282047879207629 36.48520071658915
7.018696017757249 -6.087471254120785 34.42335212931561
-2.344713523394479 8.915345801872624 35.34208103182198
9.503102071825319 3.227234053945235 24.95328159633656
-3.887741360281091 -9.55527135813171 21.39854969506453
-5.08132322380627 -1.928940850931788 83.41455844757306
5.41390522544453 -6.002118887338323 49.76948719411796
-9.045815621788293 1.761538561813422 35.37742266972374
10.12157530385624 -3.270620973924703 17.32006265605408
10.46065465835948 3.21603932806899 13.41945377908718
0.7636879293064867 9.001587165377034 37.68756335531497
-4.160435640694256 -10.31951630668066 11.09736285013905
10.11188110122532 -4.917704183286351 9.602264608836794
-5.642520936754487 3.068114929614457 70.86602243498113
-3.306917906935155 -8.002077515563995 42.45827593854092
0.7716906965331053 11.00765467427823 12.26566567729993
1.312521528112349 11.26220637280288 8.406038107006125
-2.310264950516846 10.98397422148469 9.856144516492819
-0.9460130799269171 11.48514669453351 6.047624576501078
-5.236628781420055 10.16266590793551 7.210769464696889
-8.355311950115114 7.904598807676805 6.328841003640677
-5.753039639262859 9.503690654253152 11.31681343301676
0.2221375502022995 10.72921411095089 16.11765004482004
-10.09778528524232 -3.652405018627818 16.03482445656742
-10.23151459178637 3.783288937646167 13.86777777868717
-11.07030980407017 1.041389985703033 11.19182875397131
-4.808435465071741 4.621828065835932 67.73031380931104
-6.729014747899494 -5.622784064871571 41.05376263177314
-7.40966407228065 1.035132950659693 57.41147488706399
-8.889443365134229 -3.724159619551729 30.01171004011113
-3.13576137718344 4.980957249303334 77.68796085027978
5.430939506508762 5.98105445735627 49.82269955395099
5.84555979416416 6.004026667471118 46.00062673060513
-10.68405965701854 -2.76843308908664 12.23723588710871
1.22313310206693 9.256288584663618 33.83977772725194
-9.53129435993905 -2.801334459292299 26.24546098779333
-9.978490965758221 0.8731188770113123 25.20126894449653
8.83900499564381 3.287876266123014 32.64602679245239
5.829625646116819 -6.02570203066276 45.94399643180818
-9.042505344759366 4.501191926871984 24.13069880262258
1.362487105949007 -7.225378519361925 59.04931321106267
4.593715279143314 8.266463108482473 32.31068058962718
6.101625196311021 -8.499140978603695 19.53498754127773
8.519795902544343 -3.272859274442114 36.50743138248593
6.22357497449388 -6.059294759959071 42.10738060620009
-2.500755275765139 -8.894813208288125 35.0733337615888
-3.987477995067187 -4.475185714158163 76.31427972733331
7.347764743804756 6.162403976555622 30.62409354700902
9.487240943227986 -3.271172276970405 24.96320768365036
8.14014554473664 -6.142521328586325 22.90073390315331
-11.18934811486874 -1.78405784517934 8.504480862792411
-11.34248684723381 1.533865244059939 7.042659643451112
-10.08090016852759 4.899263756058249 10.05874010459623
7.349778405736445 -6.159221465208288 30.63046536423859
7.845438738298856 8.737716073745814 3.265201290698713
-11.73666604211394 0.04718123912198847 3.344770207887467
-6.880982398563415 7.535966779201058 22.80969873281601
1.234699501508766 11.67032665596749 3.361307139960131
0.7775159941704498 -11.71121839934428 3.341732647624339
-7.761129940325595 -0.3217486286632141 53.77524606569127
7.776058764692979 6.123658279727806 26.71108899225543
4.507113789199277 5.955822947322406 57.57186410963119
8.478231766890701 6.19147422099198 19.08062684096827
-6.017098616886324 5.987943429856538 44.61311537497397
9.841834364371508 3.164951802853413 21.11502088322771
8.874220334098817 6.163259243809498 15.1900732533216
-4.522928016685367 -1.116538227789206 93.27999296042566
0.1899684698455322 -6.427080344406011 70.77499327652333
9.254298998606862 6.130378170700033 11.4278082387475
4.877556397471827 10.34869804224512 7.108528844721677
10.22813237147876 -5.778600291799357 3.206609444451877
11.08750541272171 3.153571137340417 6.006695905809782
9.62147456200027 6.125814461045515 7.546628087160627
2.602763508061666 7.544673050476006 51.0661506109393
-9.450810018537974 -6.98064893410527 3.184786357756781
-1.738245447402566 -9.601645206001198 28.49087637421038
-9.284974228487995 7.226785522004678 2.974105359916647
8.503635231431277 -6.097814998458789 19.51681310357199
-0.5177935407150281 -6.062343411939362 75.16462171574942
-3.146242101865075 7.300705395217425 51.46281539576675
2.881494568876632 -9.834721320227656 22.25925567580902
9.227391890521528 -6.882090690661189 6.210678114063843
2.450529738704667 5.107444261733613 80.49508785546136
-2.425760742850553 -6.534191123688628 63.91305858833477
-5.756135075394901 -6.267930954012785 44.34469226678655
0.675787463642481 -4.726761959406258 91.80453479411077
-3.387540275224223 11.24607670722664 3.237569428901639
-10.16453465215342 5.353199424387492 6.505375098526218
-3.176927501384569 5.538981256944516 71.3404077920088
-8.095133877761961 2.476117653250981 44.91183609210517
-7.940178085511497 -1.139518021964767 50.55126559441243
8.892964170446474 -6.457167706325339 12.83342487444749
-2.587743578199011 -6.044556655072946 68.92878666453429
5.377318262089517 5.624148012889068 53.60532916278943
-1.904238157405352 6.952890691720766 60.87619278178034
4.136490153060944 2.610269484400888 90.32558230896208
-8.224822456980531 7.676206881031294 9.524369828619307
-6.54752520706339 -2.402011469671706 63.85858888365182
-10.34758847279892 -5.027511965251613 6.298716805018322
1.576871404464845 -4.839456285904439 87.80142174536869
4.74088023310448 -10.80811828039617 2.513588040159329
6.903999453853563 -9.182498875813993 6.500406137581299
3.150491641629034 -2.99878010852642 97.2086302191444
-1.901582471330819 -8.715475407784728 39.12860989847725
3.407052942739645 2.703714494624518 97.20891928206666
11.44288147924984 -2.793102482646737 2.810165575525718
11.37548618731505 3.030953188959276 2.892492652108917
-0.1639798221050647 5.855491294854493 78.04421683436269
-0.8183929021767927 -5.16345271735792 86.04760099369275
-0.7178031234106117 -9.475236916979568 31.73518396224038
7.55088640616417 8.692113662169318 6.177130474846702
-6.625216433102091 -3.293836487499938 58.46326531655382
-11.41187659164708 -1.849918167358078 5.580000234912525
-2.17010779515334 6.269626255526614 68.1741925722839
2.225673043544537 4.563577893605502 87.96013190611274
-0.05469789955032378 -4.565507725670101 94.46001779304729
-8.101286283077863 1.470052407807451 47.85686204833237
2.507952300141112 11.26619981471895 5.819816612068124
9.297997225248739 -5.445612661716881 15.56107693728158
-2.923454371309332 7.875471391745818 45.73505006114886
-0.4484470749861242 7.914173458201476 51.75404108188532
0.8942540844399332 -11.47698124075508 6.203583321230307
6.194157014788946 4.373867635920369 5.301494970021443
5.520431089154958 4.331180223900605 12.493827630872
4.700343395813155 4.417243884359431 19.69188745108617
3.055072416689104 6.625360569464422 8.947559158461807
3.042213586690608 6.002599592854131 16.14314330899053
4.116310976173398 4.205888721967927 26.87330887738448
3.025567321631938 5.369524432160545 23.33791571562692
3.003473172070613 4.723004726827593 30.53163001365264
3.443354618244709 6.884304368384389 3.844591425838648
5.894354417218518 4.305732016263455 8.900659913874419
2.855022883943295 6.404558407770464 12.55247990263143
5.461221018521901 3.93623568377796 16.11235246603674
3.753996656557209 3.863438030236782 33.2026393788309
2.385147772558214 5.986898215173023 19.76420583493286
5.085700576173644 3.482874972652336 23.32872338389871
6.196332749010451 4.684508044058527 2.950022255799047
3.848139650328239 6.410306705084421 6.649863966259166
1.823364503719842 4.994207192751041 34.09519881042697
1.938075065447443 5.535198021684264 27.13172578892205
1.755946700137627 7.642796181605235 2.008618717930655
-4.295356608142949 1.5 8.485721994062576
3.299070148008987 1.5 15.95817543097904
-3.004423143882294 1.5 23.06522266564578
-0.04106971691267702 1.5 33.40922913799697
3.806196708668529 1.5 8.641206624257684
-3.375596988070399 1.5 15.95717023429849
2.633589276817917 1.5 26.75209440226951
-1.975917518886314 1.5 3.437295195717291
3.84605427409471 1.5 4.63469152209346
0.572534341898427 1.5 6.44156098062339
0.7516551615341722 1.5 10.54570948574631
1.978765577690978 1.5 30.52054896049134
-0.6872664318851793 1.5 28.29414535030978
-3.194441474649642 1.5 11.84610117981566
3.147464391773639 1.5 19.54847962968327
-0.08632559108247051 1.5 17.67716295412772
-3.147493830795828 1.5 19.54843698067264
2.954487863389314 1.5 23.15545920366822
-0.1144045851535047 1.5 14.00265932465539
3.718659013648248 1.5 12.36856633362132
-0.02264728050930032 1.5 21.28687757248211
-0.1766989952216917 1.5 24.79408616958681
-4.525187251234922 1.5 5.447115751139203
-2.368596057124526 1.5 31.0066713188664
-3.045744447961937 1.5 26.03093435189936
2.753905324311759 1.5 33.66602029016288
-2.854505078333538 1.5 33.72451062454278
-5.086210610202166 1.5 2.551030040386089
1.020866662132505 1.5 2.820859035331876
-1.630525699621348 1.5 8.718152317934514
-2.261213224782942 1.5 6.439026019760894
-6.194157014788893 4.373867635920439 5.301494970021493
-5.520431089154928 4.331180223900637 12.49382763087205
-4.700343395813066 4.417243884359522 19.6918874510862
-3.055072416687642 6.625360569465036 8.947559158462512
-3.042213586690543 6.002599592854158 16.1431433089906
-4.116310975956599 4.205888722189341 26.87330887730065
-3.025567321631997 5.369524432160513 23.33791571562691
-3.003473172070654 4.72300472682757 30.53163001365263
-3.728777497700663 6.734842513376244 3.835060992273747
-5.876706956623608 4.320760785750596 8.968644826002715
-2.855022883941643 6.404558407771132 12.55247990263223
-5.461221018520842 3.93623568377954 16.11235246603593
-3.753996656557208 3.863438030236783 33.2026393788309
-2.385147772557595 5.98689821517324 19.76420583493322
-5.085700576173338 3.482874972652832 23.32872338389835
-6.287442238578601 4.564283929344374 2.929199310789917
-4.329769390590315 6.10776005104132 6.521281163535179
-1.983790486779779 4.947862345205731 33.91619082763224
-1.889759256696484 5.567439576918781 26.94453017198787
-2.056516772758018 7.563465517797753 2.057572024713644
-6.661338147750939e-15 5.900042359436546e-15 100
0 2.962994913028323 36
6.661338147750939e-16 9.547918011776346e-15 44.19792017228987
0.03545118258922964 0.007505893391241081 52.08951989196146
0.0006428625151730927 0.003137446080785811 63.13504159692353
-0.002717916095933859 0.0001179522858039128 70.61271687319315
0.05598667214978015 -0.02103357996047936 77.43412798602102
-1.678614364088195 -3.194184731806073 40.71798095700575
-1.6786143640882 3.194184731806079 40.71798095700574
1.861963613379491 -0.9196500093348461 57.38811646711695
3.296138298651385 -1.043609643147647e-14 40.45870961034832
0.003245524026145752 0.04810908698782224 82.9119570819403
-0.02561776209041722 0.08903857575638074 88.76686126006
1.778315113106851 -2.766780606380213 48.13844611396019
-3.006924658984717 1.18830532426486 48.15618091558681
1.895193442730259 2.679786901841338 48.13274070166504
-1.733116938541973 2.47005868211582 55.97202728307519
-0.1307571101749794 0.06779108854410505 94.96497955225448
2.240422785575976 3.643202000581086 42.85047845350589
2.930592428327452 -3.399299577980915 43.68464251711657
-4.669399839252416 -3.996802888650564e-14 40.14175463024917
-0.4295616515218048 -3.675175020836738 54.54093241930332
2.656020475634228 -0.1069632021338176 66.98920623404963
-3.567224105467633 -2.493463963703871 44.59657901273421
-2.546217225967724 -0.9358785916672582 59.21196780711958
-1.837773946024965 3.799234675636725 44.9608937071151
4.208335294166631 0.4945954348603652 45.07094808393482
-2.426326965629784 -0.04047758146198555 66.8727722068444
3.50234987593229 -1.992930569008017 53.48376642344552
1.6786143640882 3.19418473180608 39.24917951213921
-0.3382743137395845 7.993605777301127e-15 39.21038910784814
2.479477098416543 2.522918763065305 54.73240497895994
-2.349609302165218 -2.895925867647116 49.74218420409737
0.927982186526902 2.957705890400839 59.71200016834858
1.60038803883889 -4.844587634940486 39.50467795688404
-3.903824066244747 1.361780986815316 52.22252046294205
-0.8764879957442048 3.878929699807168 50.95770191293929
-1.612475976149883 -1.886310988708258 74.15960414800622
0.8113091106665163 -3.35845329577274 60.6884016908149
2.271274345434444 0.4676666671118483 74.00558776202031
4.071198393203309 -0.0894740751944378 50.01802482103095

CELLS 3615 16451
1 0
1 1
1 2
1 3
1 4
1 5
1 6
1 7
1 8
1 9
1 10
1 11
2 0 12
2 12 13
2 13 14
2 14 15
2 15 16
2 16 1
2 0 17
2 17 18
2 18 19
2 19 1
2 2 20
2 20 21
2 21 22
2 22 23
2 23 24
2 24 25
2 25 26
2 26 27
2 27 28
2 28 0
2 2 29
2 29 30
2 30 31
2 31 3
2 1 32
2 32 33
2 33 34
2 34 35
2 35 36
2 36 37
2 37 38
2 38 39
2 39 40
2 40 3
2 2 41
2 41 42
2 42 3
2 4 43
2 43 44
2 44 45
2 45 46
2 46 47
2 47 48
2 48 49
2 49 50
2 50 51
2 51 52
2 52 53
2 53 54
2 54 55
2 55 56
2 56 57
2 57 58
2 58 59
2 59 60
2 60 4
2 5 61
2 61 62
2 62 6
2 5 63
2 63 64
2 64 65
2 65 7
2 6 66
2 66 67
2 67 7
2 8 68
2 68 69
2 69 70
2 70 71
2 71 72
2 72 73
2 73 8
2 4 74
2 74 75
2 75 76
2 76 77
2 77 78
2 78 79
2 79 80
2 80 81
2 81 82
2 82 83
2 83 84
2 84 85
2 85 86
2 86 87
2 87 88
2 88 89
2 89 90
2 90 91
2 91 92
2 92 93
2 93 94
2 94 95
2 95 96
2 96 97
2 97 98
2 98 8
2 9 99
2 99 100
2 100 101
2 101 102
2 102 103
2 103 104
2 104 105
2 105 106
2 106 107
2 107 5
2 9 108
2 108 10
2 6 109
2 109 110
2 110 111
2 111 112
2 112 113
2 113 114
2 114 115
2 115 116
2 116 117
2 117 10
2 7 118
2 118 119
2 119 120
2 120 121
2 121 122
2 122 123
2 123 124
2 124 125
2 125 126
2 126 11
2 9 127
2 127 128
2 128 11
2 10 129
2 129 11
3 12 174 0
3 0 174 28
3 1 176 16
3 32 176 1
3 20 171 2
3 2 171 29
3 31 170 3
3 3 170 40
3 13 167 12
3 167 174 12
3 14 133 13
3 133 167 13
3 15 162 14
3 14 162 133
3 16 138 15
3 138 162 15
3 16 176 138
3 21 136 20
3 136 171 20
3 22 141 21
3 21 141 136
3 23 161 22
3 22 161 141
3 24 134 23
3 134 161 23
3 25 145 24
3 24 145 134
3 26 132 25
3 132 145 25
3 27 154 26
3 26 154 132
3 28 139 27
3 139 154 27
3 28 174 139
3 29 140 30
3 29 171 140
3 30 160 31
3 140 160 30
3 160 170 31
3 33 165 32
3 165 176 32
3 34 130 33
3 130 165 33
3 35 164 34
3 34 164 130
3 36 131 35
3 131 164 35
3 37 152 36
3 36 152 131
3 38 135 37
3 135 152 37
3 39 166 38
3 38 166 135
3 40 137 39
3 137 166 39
3 40 170 137
3 130 164 157
3 157 177 130
3 130 177 165
3 131 163 151
3 151 164 131
3 152 163 131
3 132 146 145
3 132 147 146
3 132 154 147
3 159 167 133
3 133 173 159
3 162 173 133
3 145 155 134
3 155 156 134
3 156 161 134
3 135 166 144
3 144 175 135
3 135 153 152
3 135 175 153
3 136 168 140
3 140 171 136
3 141 142 136
3 142 168 136
3 137 170 160
3 160 172 137
3 137 172 166
3 158 162 138
3 138 177 158
3 138 176 165
3 165 177 138
3 139 159 154
3 139 167 159
3 139 174 167
3 140 168 160
3 141 143 142
3 141 161 143
3 143 144 142
3 144 172 142
3 142 172 168
3 143 175 144
3 143 161 156
3 156 175 143
3 166 172 144
3 146 155 145
3 147 148 146
3 148 150 146
3 150 155 146
3 147 149 148
3 147 159 149
3 154 159 147
3 149 157 148
3 148 151 150
3 148 157 151
3 149 158 157
3 149 173 158
3 159 173 149
3 151 163 150
3 150 169 155
3 163 169 150
3 157 164 151
3 153 163 152
3 156 169 153
3 153 175 156
3 153 169 163
3 155 169 156
3 158 177 157
3 158 173 162
3 168 172 160
3 28 17 0
3 19 205 1
3 1 205 32
3 2 204 20
3 41 204 2
3 40 203 3
3 3 203 42
3 17 206 18
3 28 186 17
3 186 206 17
3 18 185 19
3 18 206 185
3 185 205 19
3 20 201 21
3 20 204 201
3 21 202 22
3 21 201 190
3 190 202 21
3 22 180 23
3 22 202 180
3 23 194 24
3 180 194 23
3 24 179 25
3 24 194 179
3 25 197 26
3 179 197 25
3 26 182 27
3 26 197 182
3 27 186 28
3 182 186 27
3 32 200 33
3 32 205 200
3 33 178 34
3 33 200 178
3 34 191 35
3 178 191 34
3 35 192 36
3 191 192 35
3 36 183 37
3 36 192 183
3 37 195 38
3 183 195 37
3 38 184 39
3 38 195 184
3 39 189 40
3 184 189 39
3 189 203 40
3 42 181 41
3 181 204 41
3 42 203 181
3 178 207 191
3 200 208 178
3 178 208 207
3 179 194 193
3 193 196 179
3 196 197 179
3 180 198 194
3 180 199 198
3 180 202 199
3 189 201 181
3 181 203 189
3 201 204 181
3 182 187 186
3 182 188 187
3 182 197 188
3 192 193 183
3 193 198 183
3 183 198 195
3 184 190 189
3 184 199 190
3 195 199 184
3 185 206 187
3 187 208 185
3 200 205 185
3 185 208 200
3 187 206 186
3 188 207 187
3 207 208 187
3 188 196 191
3 191 207 188
3 188 197 196
3 190 201 189
3 199 202 190
3 191 196 192
3 192 196 193
3 194 198 193
3 198 199 195
3 41 2 29
3 31 3 42
3 30 209 29
3 29 209 41
3 31 209 30
3 42 209 31
3 41 209 42
3 7 211 0
3 0 214 7
3 0 12 53
3 0 211 17
3 52 0 53
3 52 214 0
3 4 1 5
3 4 60 1
3 1 210 5
3 1 216 16
3 19 210 1
3 60 216 1
3 43 4 5
3 5 215 43
3 61 215 5
3 5 210 63
3 47 46 6
3 6 46 62
3 6 218 47
3 66 218 6
3 51 50 7
3 7 50 67
3 7 214 51
3 65 211 7
3 12 13 54
3 53 12 54
3 14 217 13
3 54 13 55
3 13 217 55
3 15 57 14
3 14 57 56
3 56 217 14
3 16 58 15
3 15 58 57
3 16 59 58
3 16 216 59
3 17 212 18
3 17 211 65
3 65 212 17
3 18 213 19
3 18 212 64
3 64 213 18
3 63 210 19
3 19 213 63
3 43 215 44
3 45 44 61
3 44 215 61
3 46 45 62
3 62 45 61
3 47 218 48
3 49 48 66
3 48 218 66
3 50 49 67
3 67 49 66
3 51 214 52
3 55 217 56
3 59 216 60
3 63 213 64
3 64 212 65
3 43 571 4
3 4 570 60
3 74 570 4
3 4 571 74
3 8 569 68
3 73 567 8
3 8 567 98
3 98 569 8
3 44 246 43
3 246 571 43
3 45 519 44
3 44 519 246
3 46 233 45
3 233 519 45
3 47 522 46
3 46 522 233
3 48 551 47
3 47 551 522
3 49 228 48
3 228 551 48
3 50 541 49
3 49 541 228
3 51 243 50
3 243 541 50
3 52 520 51
3 51 520 243
3 53 227 52
3 227 520 52
3 54 539 53
3 53 539 227
3 55 422 54
3 422 539 54
3 56 231 55
3 231 422 55
3 57 523 56
3 56 523 231
3 58 565 57
3 57 565 523
3 59 242 58
3 242 565 58
3 60 535 59
3 59 535 242
3 60 570 535
3 68 253 69
3 68 569 253
3 69 241 70
3 69 253 241
3 70 416 71
3 241 416 70
3 71 245 72
3 71 416 245
3 72 427 73
3 245 427 72
3 427 567 73
3 75 247 74
3 74 536 75
3 247 570 74
3 74 571 536
3 75 244 76
3 76 477 75
3 75 536 244
3 75 477 247
3 77 240 76
3 76 474 77
3 240 477 76
3 244 474 76
3 77 230 78
3 78 473 77
3 77 474 230
3 77 473 240
3 79 226 78
3 78 529 79
3 226 473 78
3 230 529 78
3 79 468 80
3 80 513 79
3 79 513 226
3 79 529 468
3 80 223 81
3 81 421 80
3 80 468 223
3 421 513 80
3 82 221 81
3 81 502 82
3 221 421 81
3 223 502 81
3 82 465 83
3 83 508 82
3 82 508 221
3 82 502 465
3 83 235 84
3 84 462 83
3 83 465 235
3 462 508 83
3 85 225 84
3 84 252 85
3 225 462 84
3 235 252 84
3 85 222 86
3 86 459 85
3 85 252 222
3 85 459 225
3 86 458 87
3 87 460 86
3 222 458 86
3 86 460 459
3 88 224 87
3 87 239 88
3 224 460 87
3 87 458 239
3 89 251 88
3 88 453 89
3 88 251 224
3 239 453 88
3 89 238 90
3 90 250 89
3 89 453 238
3 250 251 89
3 91 219 90
3 90 452 91
3 219 250 90
3 238 452 90
3 91 237 92
3 92 461 91
3 91 461 219
3 91 452 237
3 93 234 92
3 92 437 93
3 234 461 92
3 237 437 92
3 93 236 94
3 94 249 93
3 93 249 234
3 93 437 236
3 95 220 94
3 94 432 95
3 220 249 94
3 236 432 94
3 95 229 96
3 96 428 95
3 95 428 220
3 95 432 229
3 97 232 96
3 96 560 97
3 229 560 96
3 232 428 96
3 97 248 98
3 98 426 97
3 97 426 232
3 97 560 248
3 248 569 98
3 98 567 426
3 219 268 250
3 219 371 268
3 219 461 371
3 220 257 249
3 220 403 257
3 220 428 403
3 221 518 421
3 221 508 466
3 466 518 221
3 252 497 222
3 222 496 458
3 222 497 496
3 468 525 223
3 223 512 502
3 223 525 512
3 251 269 224
3 269 270 224
3 270 460 224
3 459 503 225
3 225 509 462
3 503 509 225
3 226 542 473
3 513 514 226
3 514 542 226
3 227 577 520
3 539 563 227
3 563 577 227
3 228 485 484
3 484 551 228
3 228 541 485
3 432 433 229
3 433 579 229
3 229 579 560
3 474 530 230
3 527 529 230
3 230 530 527
3 404 422 231
3 231 423 404
3 231 586 423
3 523 586 231
3 426 550 232
3 232 564 428
3 550 564 232
3 233 575 519
3 522 582 233
3 534 575 233
3 233 582 534
3 249 417 234
3 417 424 234
3 424 461 234
3 235 276 252
3 235 278 276
3 235 465 278
3 236 547 432
3 437 441 236
3 441 547 236
3 237 438 437
3 237 439 438
3 237 452 439
3 238 455 452
3 453 454 238
3 454 455 238
3 239 526 453
3 458 558 239
3 239 558 526
3 473 583 240
3 240 556 477
3 240 583 556
3 253 254 241
3 254 255 241
3 255 416 241
3 408 565 242
3 242 566 408
3 535 546 242
3 546 566 242
3 243 520 516
3 516 552 243
3 243 552 541
3 244 533 474
3 244 537 533
3 536 537 244
3 245 531 412
3 412 580 245
3 416 531 245
3 245 580 427
3 519 575 246
3 246 537 536
3 536 571 246
3 246 575 537
3 477 546 247
3 247 546 535
3 535 570 247
3 248 254 253
3 253 569 248
3 248 413 254
3 248 560 413
3 257 417 249
3 250 419 251
3 268 419 250
3 251 419 269
3 276 497 252
3 254 256 255
3 254 413 256
3 256 258 255
3 258 531 255
3 255 531 416
3 256 259 258
3 256 415 259
3 413 415 256
3 403 418 257
3 257 425 417
3 418 425 257
3 259 260 258
3 260 262 258
3 262 531 258
3 259 261 260
3 259 264 261
3 259 415 264
3 261 470 260
3 260 263 262
3 260 470 263
3 264 265 261
3 265 266 261
3 266 470 261
3 263 410 262
3 410 412 262
3 412 531 262
3 263 573 410
3 263 470 418
3 418 573 263
3 264 389 265
3 264 433 389
3 415 433 264
3 265 267 266
3 265 495 267
3 389 495 265
3 267 271 266
3 271 362 266
3 362 470 266
3 267 272 271
3 267 293 272
3 267 495 293
3 371 409 268
3 409 420 268
3 268 420 419
3 269 275 270
3 269 505 275
3 419 505 269
3 275 277 270
3 277 471 270
3 270 471 460
3 272 273 271
3 273 511 271
3 271 511 362
3 272 274 273
3 272 478 274
3 293 478 272
3 274 279 273
3 279 363 273
3 363 511 273
3 274 280 279
3 274 284 280
3 274 478 284
3 275 281 277
3 275 283 281
3 275 505 283
3 278 296 276
3 296 298 276
3 298 497 276
3 281 282 277
3 282 366 277
3 366 471 277
3 278 297 296
3 278 378 297
3 278 465 378
3 280 287 279
3 287 557 279
3 279 557 363
3 284 285 280
3 285 562 280
3 280 562 287
3 281 463 282
3 283 286 281
3 286 463 281
3 282 367 366
3 282 387 367
3 282 463 387
3 283 355 286
3 283 370 355
3 283 505 370
3 284 288 285
3 284 491 288
3 478 491 284
3 288 289 285
3 289 396 285
3 396 562 285
3 355 380 286
3 380 381 286
3 381 463 286
3 411 548 287
3 287 562 411
3 548 557 287
3 288 290 289
3 288 292 290
3 288 491 292
3 290 291 289
3 291 493 289
3 289 493 396
3 290 294 291
3 292 559 290
3 290 559 294
3 294 295 291
3 295 311 291
3 311 493 291
3 456 457 292
3 292 578 456
3 457 559 292
3 491 578 292
3 293 495 442
3 442 553 293
3 293 553 478
3 294 342 295
3 294 354 342
3 294 559 354
3 295 352 311
3 342 544 295
3 295 544 352
3 297 475 296
3 296 299 298
3 296 475 299
3 378 506 297
3 297 499 475
3 297 506 499
3 299 300 298
3 300 373 298
3 373 497 298
3 299 301 300
3 299 302 301
3 299 475 302
3 301 584 300
3 300 395 373
3 300 584 395
3 302 303 301
3 303 528 301
3 528 584 301
3 302 304 303
3 302 467 304
3 302 475 467
3 304 305 303
3 305 307 303
3 307 528 303
3 304 306 305
3 304 330 306
3 304 467 330
3 306 472 305
3 305 308 307
3 305 472 308
3 330 348 306
3 348 364 306
3 364 472 306
3 308 309 307
3 309 554 307
3 307 554 528
3 308 310 309
3 308 312 310
3 308 472 312
3 310 351 309
3 351 402 309
3 402 554 309
3 312 313 310
3 313 492 310
3 310 492 351
3 352 353 311
3 353 524 311
3 311 524 493
3 312 314 313
3 312 464 314
3 312 472 464
3 314 315 313
3 315 317 313
3 317 492 313
3 314 316 315
3 314 494 316
3 464 494 314
3 316 318 315
3 315 510 317
3 318 510 315
3 316 319 318
3 316 320 319
3 316 494 320
3 479 492 317
3 317 568 479
3 510 568 317
3 319 540 318
3 318 574 510
3 540 574 318
3 320 321 319
3 321 333 319
3 333 540 319
3 320 322 321
3 320 500 322
3 494 500 320
3 322 323 321
3 323 469 321
3 321 469 333
3 322 324 323
3 322 325 324
3 322 500 325
3 324 331 323
3 331 332 323
3 332 469 323
3 325 326 324
3 326 488 324
3 324 488 331
3 325 327 326
3 325 501 327
3 500 501 325
3 327 328 326
3 328 343 326
3 343 488 326
3 327 329 328
3 327 504 329
3 501 504 327
3 329 334 328
3 334 489 328
3 328 489 343
3 329 335 334
3 329 521 335
3 504 521 329
3 330 376 348
3 330 430 376
3 330 467 430
3 331 344 332
3 331 368 344
3 331 488 368
3 344 345 332
3 345 356 332
3 356 469 332
3 333 436 405
3 405 540 333
3 333 469 436
3 335 336 334
3 336 350 334
3 350 489 334
3 335 337 336
3 335 339 337
3 335 521 339
3 337 338 336
3 338 486 336
3 336 486 350
3 337 487 338
3 339 340 337
3 340 487 337
3 480 482 338
3 338 487 480
3 482 486 338
3 339 341 340
3 339 434 341
3 339 521 434
3 341 346 340
3 346 349 340
3 349 487 340
3 341 347 346
3 341 431 347
3 341 434 431
3 354 397 342
3 397 585 342
3 342 585 544
3 343 498 488
3 489 490 343
3 490 498 343
3 344 476 345
3 368 369 344
3 369 476 344
3 345 357 356
3 345 359 357
3 345 476 359
3 347 365 346
3 346 443 349
3 365 443 346
3 347 374 365
3 347 375 374
3 347 431 375
3 348 379 364
3 376 435 348
3 348 435 379
3 443 444 349
3 444 445 349
3 445 487 349
3 486 561 350
3 350 517 489
3 350 561 517
3 351 414 402
3 351 549 414
3 492 549 351
3 352 388 353
3 352 429 388
3 352 544 429
3 388 581 353
3 353 555 524
3 353 581 555
3 354 526 397
3 354 457 454
3 454 526 354
3 354 559 457
3 370 411 355
3 355 576 380
3 411 576 355
3 357 358 356
3 358 436 356
3 436 469 356
3 357 450 358
3 359 360 357
3 360 450 357
3 358 545 436
3 450 507 358
3 507 545 358
3 359 361 360
3 359 423 361
3 359 476 423
3 361 372 360
3 372 384 360
3 384 450 360
3 361 408 372
3 361 586 408
3 423 586 361
3 362 425 418
3 418 470 362
3 362 511 425
3 363 543 511
3 532 543 363
3 363 557 532
3 379 385 364
3 385 464 364
3 464 472 364
3 374 525 365
3 365 449 443
3 365 525 449
3 367 377 366
3 377 503 366
3 366 503 471
3 367 390 377
3 387 479 367
3 367 479 390
3 368 382 369
3 368 498 382
3 488 498 368
3 382 383 369
3 383 404 369
3 404 476 369
3 370 548 411
3 370 505 420
3 420 548 370
3 371 532 409
3 371 461 424
3 424 532 371
3 372 386 384
3 372 566 386
3 408 566 372
3 395 538 373
3 496 497 373
3 373 538 496
3 375 506 374
3 506 512 374
3 512 525 374
3 375 431 430
3 430 499 375
3 499 506 375
3 430 431 376
3 431 434 376
3 434 435 376
3 390 391 377
3 391 509 377
3 377 509 503
3 465 502 378
3 502 512 378
3 378 512 506
3 379 501 385
3 435 504 379
3 379 504 501
3 380 524 381
3 493 524 380
3 380 576 493
3 414 463 381
3 381 555 414
3 524 555 381
3 382 563 383
3 498 515 382
3 515 563 382
3 383 422 404
3 383 539 422
3 383 563 539
3 386 556 384
3 384 451 450
3 384 556 451
3 385 494 464
3 385 500 494
3 385 501 500
3 386 546 477
3 477 556 386
3 386 566 546
3 387 463 414
3 414 549 387
3 387 549 479
3 429 528 388
3 528 554 388
3 554 581 388
3 433 547 389
3 389 572 495
3 547 572 389
3 390 392 391
3 390 568 392
3 479 568 390
3 392 393 391
3 393 394 391
3 394 509 391
3 392 398 393
3 392 510 398
3 392 568 510
3 393 466 394
3 398 399 393
3 399 466 393
3 394 508 462
3 462 509 394
3 466 508 394
3 429 544 395
3 395 584 429
3 395 585 538
3 544 585 395
3 411 562 396
3 396 576 411
3 493 576 396
3 526 558 397
3 397 558 538
3 538 585 397
3 398 400 399
3 398 574 400
3 510 574 398
3 400 401 399
3 401 518 399
3 399 518 466
3 400 405 401
3 400 540 405
3 400 574 540
3 405 406 401
3 406 407 401
3 407 518 401
3 414 555 402
3 402 581 554
3 555 581 402
3 403 573 418
3 428 564 403
3 564 573 403
3 423 476 404
3 405 545 406
3 436 545 405
3 406 514 407
3 507 514 406
3 406 545 507
3 407 513 421
3 421 518 407
3 407 514 513
3 523 565 408
3 408 586 523
3 409 548 420
3 532 557 409
3 409 557 548
3 410 550 412
3 410 564 550
3 410 573 564
3 550 580 412
3 413 579 415
3 560 579 413
3 415 579 433
3 417 543 424
3 425 543 417
3 420 505 419
3 424 543 532
3 511 543 425
3 426 567 427
3 427 580 426
3 426 580 550
3 429 584 528
3 467 499 430
3 432 547 433
3 434 521 435
3 435 521 504
3 438 441 437
3 439 440 438
3 440 442 438
3 438 442 441
3 439 456 440
3 452 455 439
3 455 456 439
3 440 553 442
3 456 578 440
3 440 578 553
3 442 572 441
3 441 572 547
3 495 572 442
3 443 527 444
3 449 527 443
3 444 446 445
3 444 530 446
3 527 530 444
3 446 447 445
3 447 480 445
3 480 487 445
3 446 448 447
3 446 533 448
3 530 533 446
3 448 534 447
3 447 481 480
3 447 534 481
3 533 537 448
3 448 575 534
3 537 575 448
3 449 525 468
3 468 529 449
3 449 529 527
3 451 507 450
3 451 542 507
3 451 583 542
3 556 583 451
3 453 526 454
3 454 457 455
3 455 457 456
3 496 558 458
3 460 471 459
3 471 503 459
3 475 499 467
3 542 583 473
3 474 533 530
3 478 553 491
3 479 549 492
3 481 482 480
3 481 483 482
3 481 582 483
3 534 582 481
3 483 484 482
3 484 486 482
3 483 551 484
3 522 551 483
3 483 582 522
3 485 561 484
3 484 561 486
3 541 552 485
3 552 561 485
3 489 517 490
3 490 515 498
3 490 516 515
3 490 517 516
3 553 578 491
3 538 558 496
3 507 542 514
3 516 577 515
3 515 577 563
3 517 552 516
3 520 577 516
3 517 561 552
3 5 107 61
3 6 62 606
3 109 6 606
3 99 9 599
3 9 108 599
3 108 10 604
3 10 117 604
3 62 61 602
3 61 107 602
3 595 62 602
3 62 595 606
3 100 99 594
3 594 99 599
3 101 100 592
3 592 100 594
3 102 101 601
3 101 592 601
3 103 102 589
3 589 102 601
3 104 103 598
3 103 589 598
3 105 104 588
3 588 104 598
3 106 105 596
3 105 588 596
3 107 106 587
3 587 106 596
3 107 587 602
3 599 108 604
3 110 109 595
3 595 109 606
3 111 110 590
3 590 110 603
3 110 595 603
3 112 111 597
3 111 590 597
3 113 112 591
3 591 112 597
3 114 113 600
3 113 591 600
3 115 114 593
3 593 114 600
3 116 115 605
3 115 593 605
3 117 116 594
3 594 116 605
3 117 594 604
3 587 595 602
3 595 587 603
3 587 596 603
3 588 590 596
3 590 588 597
3 588 591 597
3 591 588 598
3 589 591 598
3 591 589 600
3 589 593 600
3 593 589 601
3 596 590 603
3 592 593 601
3 593 592 605
3 592 594 605
3 594 599 604
3 107 5 63
3 65 7 634
3 7 118 634
3 9 99 632
3 127 9 632
3 126 11 633
3 11 128 633
3 63 64 635
3 107 63 615
3 615 63 635
3 64 65 614
3 64 614 635
3 614 65 634
3 99 100 618
3 99 618 632
3 100 101 613
3 100 613 618
3 101 102 624
3 613 101 624
3 102 103 621
3 102 621 624
3 103 104 608
3 103 608 621
3 104 105 626
3 608 104 626
3 105 106 611
3 105 611 626
3 106 107 615
3 611 106 615
3 118 119 629
3 118 629 634
3 119 120 607
3 119 607 629
3 120 121 620
3 607 120 620
3 121 122 612
3 121 612 620
3 122 123 623
3 612 122 623
3 123 124 609
3 123 609 623
3 124 125 631
3 609 124 631
3 125 126 630
3 619 125 630
3 125 619 631
3 630 126 633
3 128 127 610
3 610 127 632
3 128 610 633
3 607 620 636
3 629 607 637
3 607 636 637
3 621 608 622
3 622 608 625
3 625 608 626
3 623 609 627
3 627 609 628
3 628 609 631
3 610 618 630
3 618 610 632
3 610 630 633
3 611 615 616
3 611 616 617
3 611 617 626
3 620 612 625
3 622 612 623
3 612 622 625
3 618 613 619
3 619 613 628
3 613 624 628
3 614 616 635
3 616 614 637
3 629 614 634
3 614 629 637
3 616 615 635
3 617 616 636
3 636 616 637
3 617 620 625
3 620 617 636
3 617 625 626
3 618 619 630
3 619 628 631
3 621 622 627
3 624 621 627
3 622 623 627
3 624 627 628
3 66 6 657
3 6 109 657
3 67 118 7
3 117 10 655
3 10 129 655
3 11 126 650
3 129 11 650
3 67 66 653
3 66 646 653
3 646 66 657
3 118 67 653
3 109 110 646
3 109 646 657
3 110 111 641
3 110 641 654
3 646 110 654
3 111 112 648
3 641 111 648
3 112 113 642
3 112 642 648
3 113 114 651
3 642 113 651
3 114 115 644
3 114 644 651
3 115 116 656
3 644 115 656
3 116 117 645
3 116 645 656
3 645 117 655
3 119 118 638
3 638 118 653
3 120 119 647
3 119 638 647
3 121 120 639
3 639 120 647
3 122 121 649
3 121 639 649
3 123 122 640
3 640 122 649
3 124 123 652
3 123 640 652
3 125 124 643
3 643 124 652
3 126 125 645
3 125 643 645
3 126 645 650
3 129 650 655
3 646 638 653
3 638 646 654
3 647 638 654
3 641 639 647
3 639 641 648
3 642 639 648
3 639 642 649
3 642 640 649
3 640 642 651
3 644 640 651
3 640 644 652
3 641 647 654
3 644 643 652
3 643 644 656
3 645 643 656
3 650 645 655
3 68 658 8
3 8 658 73
3 69 658 68
3 70 658 69
3 71 658 70
3 72 658 71
3 73 658 72
3 127 108 9
3 10 108 659
3 129 10 659
3 129 128 11
3 108 127 659
3 127 128 659
3 128 129 659
4 456 663 578 685
4 554 681 678 683
4 679 682 674 693
4 456 440 578 663
4 456 680 663 685
4 367 671 677 681
4 456 439 663 680
4 456 439 440 663
4 293 664 695 697
4 367 677 665 681
4 462 668 3 692
4 293 695 663 697
4 462 3 394 692
4 289 290 288 662
4 285 289 288 662
4 380 682 679 693
4 554 672 681 683
4 11 129 305 666
4 31 394 3 692
4 456 662 680 685
4 307 678 666 683
4 29 2 492 665
4 662 667 89 696
4 299 666 10 687
4 89 90 238 662
4 250 90 89 662
4 313 29 2 492
4 292 456 578 685
4 292 662 456 685
4 409 663 680 685
4 89 667 662 691
4 456 662 455 680
4 554 678 307 683
4 371 409 663 680
4 409 680 662 685
4 290 662 289 682
4 367 387 671 681
4 272 478 293 663
4 89 662 238 691
4 509 668 462 692
4 293 442 664 697
4 660 678 681 683
4 289 662 285 682
4 250 662 89 696
4 409 268 662 680
4 293 663 442 697
4 272 663 293 695
4 509 677 668 692
4 564 669 573 670
4 10 299 302 666
4 292 288 290 662
4 259 260 669 670
4 671 679 277 686
4 10 475 299 687
4 303 305 129 666
4 390 665 367 677
4 94 236 664 669
4 660 666 678 683
4 409 268 420 662
4 251 89 667 696
4 238 662 90 680
4 90 662 250 680
4 95 669 428 670
4 305 11 666 678
4 309 678 554 681
4 462 668 509 677
4 387 671 681 690
4 267 272 293 695
4 94 664 249 669
4 267 293 664 695
4 428 669 564 670
4 547 664 236 669
4 266 664 265 669
4 287 662 562 685
4 2 492 665 678
4 679 690 381 693
4 94 432 236 669
4 277 679 671 690
4 532 371 409 663
4 89 453 667 691
4 455 662 238 680
4 496 689 673 698
4 238 662 455 691
4 250 89 251 696
4 285 662 562 682
4 260 263 669 670
4 390 665 677 692
4 547 236 432 669
4 94 249 220 669
4 259 260 261 669
4 420 662 268 696
4 362 425 664 669
4 475 302 10 299
4 89 238 453 691
4 668 676 235 687
4 274 478 272 663
4 282 367 387 671
4 292 662 290 691
4 268 250 662 680
4 95 229 669 670
4 235 9 668 687
4 662 682 290 691
4 263 573 669 670
4 235 278 9 687
4 380 679 381 693
4 496 458 689 698
4 285 662 288 685
4 559 292 290 691
4 293 478 553 663
4 579 433 229 670
4 259 669 264 670
4 276 235 676 687
4 660 677 671 681
4 553 478 491 685
4 428 96 95 670
4 387 282 671 690
4 285 562 662 685
4 394 509 462 692
4 553 663 478 685
4 268 662 250 696
4 305 666 303 678
4 409 662 548 685
4 252 235 668 676
4 373 300 676 683
4 550 232 670 675
4 288 662 292 685
4 362 664 266 669
4 409 557 663 685
4 479 367 665 681
4 259 264 415 670
4 274 663 272 695
4 89 453 88 667
4 538 673 496 689
4 108 9 278 687
4 373 676 673 683
4 661 679 674 693
4 457 455 456 662
4 293 553 442 663
4 307 666 528 683
4 673 689 538 694
4 266 267 265 664
4 281 679 277 690
4 276 278 235 687
4 553 578 440 663
4 413 670 560 675
4 579 415 433 670
4 255 258 670 675
4 290 291 674 682
4 433 669 229 670
4 439 456 455 680
4 29 568 30 665
4 252 676 668 684
4 96 229 95 670
4 389 265 664 669
4 290 289 291 682
4 267 293 495 664
4 462 225 668 677
4 558 496 458 689
4 562 662 411 682
4 84 668 225 684
4 255 670 256 675
4 415 669 433 670
4 264 669 415 670
4 84 462 225 668
4 457 456 292 662
4 92 91 461 697
4 403 573 564 669
4 10 302 129 666
4 668 677 225 684
4 290 682 674 691
4 237 663 439 680
4 84 252 235 668
4 471 671 277 686
4 661 679 671 686
4 666 676 299 683
4 91 663 461 697
4 424 461 371 663
4 274 279 663 695
4 554 672 402 681
4 256 670 254 675
4 548 409 420 662
4 277 671 282 690
4 108 296 10 687
4 274 273 279 695
4 84 252 668 684
4 679 682 283 696
4 88 667 453 689
4 237 663 91 697
4 366 367 671 677
4 292 578 491 685
4 547 389 664 669
4 281 277 282 690
4 249 664 257 669
4 97 670 232 675
4 403 564 428 669
4 257 664 425 669
4 255 258 256 670
4 293 442 495 664
4 461 371 663 680
4 554 307 528 683
4 301 666 299 683
4 355 283 679 682
4 538 496 558 689
4 454 238 455 691
4 459 677 671 684
4 97 560 670 675
4 256 413 254 670
4 237 438 439 663
4 355 370 283 682
4 362 418 425 669
4 83 3 462 668
4 550 670 412 675
4 251 89 88 667
4 390 479 367 665
4 92 237 91 697
4 249 257 220 669
4 239 88 453 689
4 557 532 409 663
4 303 129 302 666
4 266 271 267 664
4 531 670 258 675
4 505 667 269 679
4 299 676 666 687
4 440 439 438 663
4 440 442 553 663
4 252 276 235 676
4 413 254 670 675
4 380 286 381 679
4 363 663 279 695
4 91 663 237 680
4 665 677 660 681
4 461 663 91 680
4 29 41 2 665
4 267 271 272 695
4 554 581 402 672
4 370 283 682 696
4 413 560 248 675
4 274 663 279 685
4 88 87 686 689
4 440 438 442 663
4 671 679 661 690
4 442 663 438 697
4 282 366 367 671
4 424 461 663 697
4 267 664 271 695
4 503 671 459 677
4 265 267 495 664
4 299 676 300 683
4 296 299 475 687
4 524 493 380 693
4 128 129 11 666
4 355 679 380 682
4 412 670 531 675
4 300 373 395 683
4 9 83 235 668
4 298 373 300 676
4 478 663 274 685
4 453 689 667 691
4 389 265 495 664
4 661 690 679 693
4 457 455 662 691
4 554 388 672 683
4 303 666 307 678
4 108 10 296 475
4 88 686 667 689
4 548 662 420 696
4 660 672 671 673
4 225 677 459 684
4 671 672 661 673
4 572 547 389 664
4 266 362 271 664
4 411 682 662 696
4 373 673 395 683
4 532 424 371 663
4 305 303 307 678
4 93 94 236 664
4 390 367 377 677
4 660 681 672 683
4 285 562 396 682
4 505 269 275 679
4 93 249 94 664
4 234 249 93 664
4 497 673 373 676
4 548 662 287 685
4 568 30 665 692
4 439 455 452 680
4 409 371 268 680
4 528 307 303 666
4 264 259 261 669
4 381 679 286 690
4 572 495 442 664
4 417 424 695 697
4 260 263 470 669
4 255 531 258 675
4 417 234 424 697
4 671 672 660 690
4 262 531 412 670
4 232 550 426 675
4 457 662 292 691
4 671 660 681 690
4 10 296 475 687
4 663 695 424 697
4 660 678 666 688
4 452 455 238 680
4 274 272 273 695
4 661 673 689 698
4 294 290 674 691
4 491 288 292 685
4 299 296 676 687
4 317 29 492 665
4 672 681 660 690
4 270 471 277 686
4 269 679 667 686
4 528 666 301 683
4 93 234 664 697
4 459 684 671 698
4 309 554 402 681
4 237 438 663 697
4 296 278 276 687
4 417 695 664 697
4 3 83 9 668
4 301 299 300 683
4 234 417 249 664
4 402 672 555 690
4 97 248 560 675
4 261 266 265 669
4 667 679 505 696
4 88 239 87 689
4 260 470 261 669
4 661 689 673 694
4 275 679 269 686
4 225 503 459 677
4 2 665 41 678
4 671 686 471 698
4 505 679 283 696
4 396 289 285 682
4 660 665 678 688
4 389 495 572 664
4 279 363 557 663
4 665 660 668 688
4 108 278 296 687
4 417 664 234 697
4 235 83 84 668
4 572 442 441 664
4 83 462 84 668
4 665 678 492 681
4 548 411 662 696
4 686 689 87 698
4 424 663 532 695
4 128 666 11 678
4 665 668 660 677
4 458 87 689 698
4 395 683 673 694
4 279 663 557 685
4 674 679 667 682
4 442 441 664 697
4 363 532 663 695
4 668 677 665 692
4 418 257 425 669
4 452 237 439 680
4 428 95 220 669
4 351 492 678 681
4 362 266 470 669
4 528 303 301 666
4 497 673 676 684
4 667 674 661 679
4 317 29 313 492
4 505 269 667 696
4 342 689 674 694
4 290 291 294 674
4 429 672 683 694
4 511 271 362 664
4 298 497 373 676
4 262 258 531 670
4 366 377 367 677
4 355 286 380 679
4 460 471 686 698
4 302 299 301 666
4 559 457 292 691
4 390 677 377 692
4 232 426 97 675
4 668 688 42 692
4 554 309 307 678
4 264 433 415 669
4 660 678 665 681
4 410 573 263 670
4 412 410 262 670
4 29 317 568 665
4 462 509 225 677
4 296 276 676 687
4 351 492 310 678
4 277 366 282 671
4 453 526 689 691
4 665 688 668 692
4 270 275 269 686
4 222 673 497 684
4 268 250 419 696
4 297 108 296 475
4 479 387 367 681
4 224 667 88 686
4 554 528 388 683
4 250 251 419 696
4 342 397 689 694
4 661 672 671 690
4 351 678 309 681
4 255 256 254 675
4 572 441 547 664
4 30 209 29 665
4 412 550 410 670
4 93 664 236 697
4 371 219 268 680
4 85 684 459 698
4 461 219 371 680
4 271 664 511 695
4 268 219 250 680
4 441 236 547 664
4 303 304 302 129
4 429 683 395 694
4 311 674 493 693
4 425 511 362 664
4 459 671 471 698
4 666 687 676 688
4 294 559 290 691
4 298 300 299 676
4 289 493 291 682
4 128 666 678 688
4 128 678 41 688
4 94 220 95 669
4 222 496 673 698
4 3 127 42 668
4 493 674 291 682
4 10 129 659 666
4 366 671 503 677
4 251 667 269 696
4 129 303 304 305
4 497 676 252 684
4 209 42 688 692
4 402 555 414 690
4 295 342 674 694
4 538 689 397 694
4 363 532 557 663
4 660 666 676 688
4 94 95 432 669
4 224 88 87 686
4 410 564 573 670
4 269 251 224 667
4 676 687 668 688
4 508 462 3 394
4 492 549 665 681
4 667 682 679 696
4 261 470 266 669
4 665 41 678 688
4 269 667 224 686
4 124 123 22 501
4 251 88 224 667
4 373 673 538 694
4 41 128 11 678
4 222 458 496 698
4 129 128 659 666
4 554 388 581 672
4 424 234 461 697
4 23 22 123 501
4 459 503 471 671
4 460 459 471 698
4 229 432 95 669
4 2 20 464 472
4 581 555 402 672
4 10 108 297 475
4 222 684 85 698
4 568 665 390 692
4 263 260 262 670
4 454 453 238 691
4 2 308 310 678
4 342 354 674 689
4 660 676 668 688
4 673 684 222 698
4 543 664 417 695
4 310 309 351 678
4 380 381 524 693
4 673 683 672 694
4 295 674 693 694
4 249 417 257 664
4 428 220 403 669
4 2 312 310 308
4 425 664 543 695
4 441 236 664 697
4 478 274 284 685
4 429 352 672 694
4 342 397 354 689
4 395 673 373 694
4 425 417 543 664
4 660 673 671 684
4 29 209 41 665
4 511 664 425 695
4 171 29 2 313
4 225 459 85 684
4 22 385 124 501
4 235 465 9 278
4 457 454 455 691
4 479 665 549 681
4 410 263 262 670
4 467 10 302 129
4 93 236 437 697
4 301 303 302 666
4 573 418 263 669
4 281 463 286 679
4 352 693 672 694
4 239 453 526 689
4 471 366 277 671
4 377 677 509 692
4 326 23 122 123
4 326 23 24 122
4 425 257 417 664
4 273 363 279 695
4 221 3 170 466
4 452 238 90 680
4 161 22 320 141
4 22 23 325 501
4 2 41 11 678
4 352 353 388 672
4 377 509 391 692
4 463 679 281 690
4 555 690 672 693
4 264 261 265 669
4 564 410 550 670
4 462 3 83 508
4 123 325 23 501
4 671 673 661 698
4 515 26 119 120
4 221 3 40 170
4 568 29 30 510
4 413 248 254 675
4 86 222 85 698
4 543 417 424 695
4 144 142 143 405
4 419 251 269 696
4 305 308 11 678
4 229 433 432 669
4 370 505 283 696
4 497 276 252 676
4 352 353 672 693
4 295 693 352 694
4 86 85 459 698
4 395 373 538 694
4 298 299 296 676
4 9 127 3 668
4 505 275 283 679
4 441 437 236 697
4 673 676 660 683
4 672 673 660 683
4 284 285 288 685
4 576 355 380 682
4 452 91 237 680
4 464 312 2 472
4 222 497 252 684
4 10 666 659 687
4 222 496 497 673
4 161 320 22 322
4 549 479 492 665
4 209 665 30 692
4 547 432 433 669
4 25 26 498 343
4 508 31 3 466
4 479 549 387 681
4 25 122 343 24
4 508 3 31 394
4 503 366 471 671
4 465 108 278 378
4 20 2 126 472
4 491 478 284 685
4 362 470 418 669
4 550 412 580 675
4 389 547 433 669
4 297 296 108 278
4 209 688 665 692
4 286 679 463 690
4 113 112 337 487
4 366 503 377 677
4 391 509 394 692
4 232 96 428 670
4 258 260 259 670
4 126 2 11 472
4 24 145 324 488
4 388 429 672 683
4 530 444 446 598
4 156 155 469 134
4 136 171 20 314
4 538 558 397 689
4 661 674 667 689
4 108 465 9 378
4 295 352 544 694
4 239 458 87 689
4 108 9 465 278
4 389 264 265 669
4 332 155 146 145
4 3 221 508 466
4 342 585 397 694
4 429 584 395 683
4 344 332 146 145
4 132 25 368 145
4 31 391 394 692
4 461 91 219 680
4 171 315 29 313
4 229 560 579 670
4 119 490 515 120
4 235 9 465 83
4 313 2 171 314
4 262 260 258 670
4 223 101 592 525
4 370 682 411 696
4 466 508 31 394
4 305 129 11 306
4 283 286 355 679
4 42 668 127 688
4 659 666 128 688
4 562 411 396 682
4 674 689 354 691
4 11 308 2 678
4 134 155 332 145
4 326 24 343 122
4 671 661 686 698
4 515 26 27 119
4 568 479 390 665
4 122 327 326 123
4 448 446 597 588
4 442 438 441 697
4 465 502 9 378
4 274 279 280 685
4 229 96 560 670
4 351 309 402 681
4 564 550 232 670
4 305 307 308 678
4 74 33 32 247
4 316 171 136 314
4 324 145 331 488
4 166 421 39 518
4 219 90 250 680
4 418 470 263 669
4 114 341 115 346
4 291 493 311 674
4 145 25 368 488
4 661 673 672 694
4 551 657 218 522
4 322 23 134 324
4 145 134 24 324
4 352 388 429 672
4 460 471 270 686
4 171 140 318 136
4 407 421 166 518
4 232 97 96 670
4 512 223 592 525
4 490 498 26 343
4 137 166 39 518
4 660 676 673 684
4 555 381 690 693
4 134 332 331 145
4 524 311 493 693
4 232 428 564 670
4 323 321 469 161
4 31 391 393 394
4 140 318 315 171
4 305 304 129 306
4 285 280 562 685
4 209 41 665 688
4 350 334 649 336
4 671 684 673 698
4 560 96 97 670
4 643 435 124 379
4 304 467 302 129
4 391 31 393 692
4 385 22 500 501
4 241 253 658 675
4 385 124 501 379
4 126 385 464 364
4 127 668 9 687
4 281 275 277 679
4 170 3 31 466
4 353 555 581 672
4 23 134 161 322
4 300 395 584 683
4 112 338 337 487
4 142 540 143 405
4 416 241 658 675
4 427 245 658 675
4 295 674 311 693
4 121 26 490 120
4 124 435 504 379
4 126 464 20 472
4 496 373 497 673
4 132 368 344 145
4 82 3 40 221
4 172 142 144 405
4 387 681 414 690
4 331 134 145 324
4 660 671 677 684
4 658 567 427 675
4 143 321 319 141
4 31 30 160 393
4 388 353 581 672
4 295 544 342 694
4 346 115 114 593
4 256 258 259 670
4 78 77 36 103
4 443 349 444 600
4 2 312 313 310
4 491 284 288 685
4 84 225 85 684
4 648 112 111 338
4 538 397 585 694
4 171 318 315 136
4 123 327 325 501
4 32 33 74 107
4 101 223 468 525
4 555 672 353 693
4 221 40 39 137
4 500 22 320 322
4 667 679 661 686
4 280 287 562 685
4 48 657 218 551
4 23 22 325 322
4 354 294 342 674
4 488 24 25 343
4 169 356 150 358
4 479 568 317 665
4 411 370 355 682
4 392 31 30 692
4 569 98 658 675
4 569 658 253 675
4 122 25 343 121
4 9 3 40 82
4 573 403 418 669
4 598 444 446 591
4 659 687 666 688
4 143 436 156 175
4 463 281 282 690
4 287 279 557 685
4 132 368 25 498
4 82 3 221 508
4 548 370 411 696
4 431 430 376 116
4 347 115 341 346
4 21 22 385 124
4 662 667 682 691
4 420 268 419 696
4 26 515 490 120
4 482 648 111 338
4 543 424 532 695
4 662 682 667 696
4 124 504 123 501
4 674 689 661 694
4 346 347 115 593
4 315 316 171 136
4 499 506 117 375
4 270 269 224 686
4 9 502 99 378
4 234 92 461 697
4 338 112 111 480
4 137 221 40 170
4 655 467 10 117
4 661 689 686 698
4 171 315 313 314
4 317 492 479 665
4 574 168 140 160
4 449 443 601 593
4 101 100 223 592
4 576 380 493 682
4 488 326 24 343
4 264 389 433 669
4 336 334 649 335
4 668 660 677 684
4 328 326 343 122
4 123 122 327 329
4 589 443 444 600
4 658 245 416 675
4 122 329 640 649
4 480 445 112 597
4 170 137 221 518
4 160 574 168 400
4 658 98 567 675
4 489 328 649 334
4 480 111 447 597
4 599 9 99 378
4 330 304 129 655
4 660 676 666 683
4 136 319 316 141
4 9 82 502 465
4 129 650 330 655
4 103 527 589 529
4 422 231 217 133
4 166 38 421 407
4 480 447 111 481
4 601 443 449 589
4 667 686 661 689
4 599 108 9 378
4 415 256 259 670
4 657 66 48 218
4 550 580 426 675
4 132 25 26 498
4 656 431 376 116
4 332 344 331 145
4 326 24 23 324
4 344 146 132 145
4 38 166 135 407
4 592 100 223 512
4 339 651 644 521
4 291 311 295 674
4 538 373 496 673
4 220 257 403 669
4 272 271 273 695
4 74 5 1 32
4 77 35 36 103
4 368 331 344 145
4 77 35 103 104
4 589 102 103 529
4 296 276 298 676
4 320 321 161 141
4 168 142 318 136
4 319 318 142 136
4 146 147 344 132
4 87 460 686 698
4 40 39 81 221
4 9 3 82 83
4 331 323 332 134
4 22 23 161 322
4 668 676 660 684
4 365 525 592 601
4 319 320 316 141
4 287 280 279 685
4 316 315 318 136
4 294 674 354 691
4 518 221 170 466
4 113 112 642 337
4 165 177 138 566
4 157 130 164 386
4 30 140 160 398
4 429 544 352 694
4 104 530 598 230
4 321 333 469 143
4 117 467 10 499
4 295 342 294 674
4 388 528 429 683
4 101 468 79 102
4 421 39 38 166
4 217 13 422 133
4 36 226 152 542
4 520 214 51 243
4 142 143 319 141
4 468 101 525 601
4 368 331 145 488
4 134 323 322 324
4 175 144 143 405
4 392 393 31 692
4 155 356 345 150
4 529 103 527 230
4 467 302 10 475
4 105 596 533 244
4 346 114 340 600
4 103 598 527 230
4 319 540 143 142
4 129 650 11 306
4 504 327 123 501
4 392 30 568 692
4 140 30 510 398
4 104 103 77 230
4 159 383 369 154
4 589 601 443 593
4 146 155 345 150
4 506 117 604 499
4 325 326 23 324
4 161 134 323 322
4 102 601 468 529
4 117 116 430 375
4 668 687 127 688
4 297 604 10 499
4 517 490 119 120
4 129 304 467 655
4 148 157 360 361
4 341 114 644 339
4 392 30 31 393
4 526 354 689 691
4 147 369 344 132
4 393 399 170 466
4 421 81 39 221
4 330 304 650 129
4 345 332 155 146
4 356 155 156 169
4 328 327 122 329
4 170 160 399 393
4 155 469 356 156
4 321 320 161 322
4 22 500 325 322
4 22 21 320 141
4 674 682 667 691
4 160 170 31 393
4 390 377 391 692
4 434 341 431 115
4 32 1 74 570
4 555 524 381 693
4 100 502 223 512
4 304 650 129 306
4 649 329 640 334
4 32 165 176 535
4 298 276 497 676
4 480 112 111 597
4 87 86 460 698
4 416 241 70 658
4 474 530 104 230
4 661 693 674 694
4 656 434 431 115
4 369 147 159 154
4 475 297 10 499
4 645 376 430 116
4 398 160 30 393
4 492 351 549 681
4 78 77 103 230
4 658 72 245 427
4 599 604 108 297
4 297 108 599 378
4 348 435 643 379
4 357 150 356 358
4 36 77 78 473
4 383 422 167 159
4 418 403 257 669
4 333 436 143 175
4 132 26 154 382
4 640 644 651 521
4 498 368 25 488
4 504 123 329 652
4 172 168 142 400
4 506 594 117 375
4 176 59 216 535
4 384 157 164 386
4 658 241 69 253
4 101 592 525 601
4 623 180 627 609
4 540 142 168 400
4 223 468 80 101
4 644 341 434 115
4 340 113 651 337
4 128 41 42 688
4 42 127 128 688
4 284 280 285 685
4 589 527 449 529
4 627 199 624 628
4 131 473 36 542
4 121 489 328 649
4 340 349 346 600
4 349 340 113 600
4 107 33 74 106
4 430 467 655 117
4 245 416 71 658
4 159 167 383 139
4 300 584 301 683
4 103 102 78 529
4 10 108 604 297
4 597 590 448 588
4 375 116 431 347
4 172 160 168 400
4 601 449 468 529
4 568 317 29 510
4 338 642 112 337
4 143 161 321 141
4 365 449 525 601
4 393 170 31 466
4 98 658 8 569
4 560 413 579 670
4 111 482 338 480
4 369 368 132 382
4 363 543 532 695
4 284 274 280 685
4 214 52 227 520
4 41 42 610 128
4 128 42 610 127
4 598 446 530 588
4 84 85 252 684
4 209 31 42 692
4 170 399 518 466
4 443 449 365 593
4 516 490 515 119
4 79 37 101 102
4 85 222 252 684
4 511 425 543 695
4 407 38 513 514
4 415 413 256 670
4 502 82 9 99
4 27 118 577 119
4 36 37 78 103
4 667 689 674 691
4 345 148 150 357
4 644 114 341 115
4 114 113 340 600
4 521 652 644 435
4 137 170 399 518
4 199 627 624 198
4 21 22 320 500
4 609 123 180 124
4 156 469 333 143
4 79 80 468 101
4 295 311 352 693
4 102 78 37 103
4 624 199 198 195
4 226 36 473 542
4 579 413 415 670
4 109 657 551 522
4 108 127 9 687
4 534 481 582 590
4 640 649 334 335
4 623 123 180 609
4 397 526 354 689
4 143 540 333 405
4 3 82 83 508
4 129 467 10 655
4 119 638 552 647
4 474 105 533 244
4 627 180 199 628
4 126 650 348 306
4 627 609 180 628
4 435 652 644 643
4 598 527 444 589
4 597 446 445 591
4 79 78 102 529
4 395 544 429 694
4 136 142 319 141
4 649 639 350 336
4 29 30 510 140
4 672 690 661 693
4 651 114 340 339
4 165 176 535 546
4 332 469 356 155
4 38 513 421 407
4 487 349 113 591
4 313 312 2 314
4 487 113 112 591
4 516 27 577 119
4 100 99 502 512
4 621 624 198 195
4 304 330 467 655
4 82 40 9 99
4 171 2 20 314
4 322 325 23 324
4 325 500 22 501
4 87 458 86 698
4 621 198 627 193
4 487 445 112 480
4 376 435 643 348
4 375 605 116 347
4 148 476 345 146
4 447 445 480 597
4 567 658 8 98
4 101 624 102 195
4 199 628 613 624
4 23 180 194 623
4 124 385 125 379
4 180 623 627 194
4 590 582 534 603
4 198 627 624 621
4 145 24 25 488
4 400 172 160 399
4 434 435 644 643
4 108 297 278 378
4 332 345 344 146
4 374 592 605 365
4 123 22 180 124
4 297 599 604 506
4 460 86 459 698
4 600 443 346 593
4 180 23 123 623
4 430 467 117 499
4 40 3 632 203
4 80 79 38 101
4 101 613 624 195
4 591 444 349 600
4 140 315 29 171
4 194 24 23 623
4 404 383 369 159
4 237 437 438 697
4 343 328 122 121
4 23 122 123 623
4 231 55 422 217
4 326 328 327 122
4 621 195 102 624
4 199 198 180 627
4 126 125 385 364
4 306 348 126 364
4 23 22 180 123
4 376 645 656 116
4 198 621 195 183
4 122 23 24 623
4 592 365 601 593
4 127 632 3 203
4 291 295 294 674
4 345 148 146 150
4 336 649 642 335
4 592 374 512 525
4 164 451 384 556
4 596 533 448 588
4 613 195 199 624
4 365 605 347 593
4 506 297 599 378
4 321 319 333 143
4 338 482 648 486
4 216 570 32 176
4 430 467 330 655
4 340 114 341 339
4 434 376 643 656
4 177 165 546 566
4 198 194 180 627
4 33 75 74 106
4 384 372 157 386
4 289 396 493 682
4 329 123 122 640
4 168 574 540 400
4 123 327 504 329
4 193 621 198 183
4 40 81 82 221
4 372 177 130 386
4 347 374 605 365
4 652 329 504 521
4 152 131 36 542
4 204 11 41 633
4 41 42 181 610
4 133 159 231 173
4 487 112 445 591
4 598 530 527 230
4 435 644 521 434
4 148 149 157 361
4 175 143 333 405
4 127 3 42 203
4 160 140 574 398
4 407 135 38 514
4 195 621 102 183
4 329 652 640 521
4 449 468 525 601
4 134 23 24 324
4 102 468 79 529
4 32 74 5 107
4 381 286 463 690
4 142 318 540 168
4 333 436 156 143
4 26 27 382 515
4 55 13 422 217
4 627 194 623 622
4 316 315 171 314
4 334 329 640 335
4 465 9 82 83
4 239 558 458 689
4 140 168 318 136
4 132 154 369 382
4 588 598 446 591
4 79 78 37 102
4 147 404 369 159
4 639 648 486 336
4 505 419 269 696
4 166 137 401 518
4 332 356 345 155
4 339 340 651 337
4 422 167 159 133
4 321 320 319 141
4 387 463 282 690
4 318 319 316 136
4 225 509 503 677
4 499 117 430 375
4 81 40 82 99
4 222 86 458 698
4 435 434 376 643
4 37 36 226 152
4 32 165 535 247
4 163 150 450 357
4 650 304 330 306
4 337 340 113 487
4 118 50 7 243
4 36 35 77 473
4 596 448 590 588
4 48 657 551 228
4 81 39 40 100
4 481 447 111 590
4 644 341 339 434
4 589 598 527 103
4 627 622 621 193
4 643 645 376 348
4 159 231 422 133
4 137 160 172 399
4 502 223 81 100
4 647 638 552 485
4 100 223 80 101
4 510 315 29 140
4 468 101 601 102
4 592 594 100 512
4 243 520 214 118
4 116 117 594 375
4 118 516 577 119
4 31 393 466 394
4 446 444 445 591
4 591 589 444 600
4 305 11 308 472
4 446 448 533 588
4 604 594 117 506
4 21 22 500 385
4 645 430 330 655
4 603 575 448 596
4 356 155 169 150
4 106 537 596 244
4 451 131 583 556
4 652 123 329 640
4 1 4 5 74
4 103 102 621 183
4 537 533 596 244
4 319 540 333 143
4 150 151 450 357
4 113 340 349 487
4 445 349 487 591
4 374 594 592 512
4 331 323 134 324
4 41 633 610 204
4 214 227 28 520
4 661 672 693 694
4 7 51 214 243
4 382 498 26 515
4 391 393 392 692
4 195 613 199 184
4 451 151 164 384
4 651 644 114 339
4 133 217 14 523
4 308 307 309 678
4 407 166 401 518
4 477 33 165 130
4 148 147 476 146
4 656 644 434 115
4 414 555 381 690
4 473 78 36 226
4 598 103 104 230
4 651 339 337 335
4 159 147 404 149
4 436 356 156 169
4 596 603 575 587
4 504 123 652 124
4 306 11 305 472
4 450 151 131 451
4 347 346 365 593
4 103 621 608 183
4 490 516 517 119
4 655 645 430 117
4 527 444 530 598
4 360 359 148 361
4 151 150 148 357
4 365 592 605 593
4 552 517 119 647
4 168 318 574 140
4 112 338 487 480
4 475 10 467 499
4 633 11 41 128
4 80 81 39 421
4 643 125 348 379
4 348 650 330 306
4 360 151 148 357
4 510 574 140 398
4 480 111 482 481
4 605 115 347 593
4 630 610 181 189
4 387 549 414 681
4 126 650 645 348
4 369 368 344 132
4 399 172 137 401
4 306 126 11 472
4 529 78 103 230
4 569 658 68 253
4 651 114 113 340
4 608 621 193 183
4 372 157 158 361
4 431 430 116 375
4 450 131 163 451
4 99 594 599 512
4 596 575 537 587
4 392 398 30 393
4 657 48 66 228
4 125 21 385 124
4 39 38 80 421
4 0 52 227 214
4 328 122 121 649
4 445 447 446 597
4 546 130 177 386
4 74 1 4 570
4 319 318 540 142
4 537 448 575 596
4 588 446 597 591
4 443 444 527 589
4 551 218 47 522
4 136 20 21 494
4 437 441 438 697
4 514 152 226 542
4 120 119 517 647
4 474 104 77 230
4 310 308 309 678
4 623 194 24 612
4 116 430 645 117
4 521 504 652 435
4 34 75 33 106
4 350 639 486 336
4 161 323 321 322
4 163 150 357 358
4 167 539 383 139
4 99 100 594 512
4 78 37 36 226
4 400 160 574 398
4 242 165 138 566
4 599 506 378 512
4 150 163 169 358
4 412 245 580 675
4 513 80 38 421
4 147 344 476 146
4 131 583 473 542
4 164 131 451 556
4 157 177 130 372
4 601 365 449 593
4 357 450 163 358
4 443 346 349 600
4 79 37 38 101
4 340 341 114 346
4 39 81 80 100
4 406 144 175 405
4 38 100 80 101
4 567 73 658 427
4 147 476 404 149
4 556 384 164 386
4 544 585 342 694
4 341 431 115 347
4 525 592 374 365
4 24 122 623 612
4 162 173 133 523
4 152 135 153 507
4 443 365 346 593
4 118 50 243 653
4 539 383 422 167
4 159 423 231 173
4 526 453 454 691
4 164 131 151 451
4 125 385 21 126
4 633 41 610 128
4 237 92 437 697
4 231 217 133 523
4 476 147 148 149
4 314 20 494 464
4 398 400 160 399
4 356 345 150 357
4 104 588 530 474
4 490 489 343 121
4 494 21 320 500
4 119 26 607 120
4 99 81 40 100
4 360 450 151 357
4 501 124 504 379
4 641 648 111 482
4 247 33 165 477
4 99 502 81 100
4 20 21 494 464
4 118 638 552 119
4 318 574 540 168
4 590 447 111 597
4 385 494 21 464
4 642 651 337 335
4 659 127 687 688
4 227 563 539 174
4 127 610 632 203
4 26 27 154 382
4 372 157 360 384
4 130 157 372 386
4 242 546 165 566
4 596 105 106 244
4 377 503 509 677
4 158 173 162 586
4 618 40 632 203
4 648 338 486 336
4 4 5 74 571
4 545 153 135 507
4 600 346 114 593
4 154 159 383 139
4 176 216 570 535
4 622 608 621 193
4 17 634 614 212
4 185 213 63 205
4 604 117 10 499
4 622 625 608 193
4 74 75 33 247
4 194 179 622 193
4 122 24 25 612
4 121 490 489 120
4 104 103 608 192
4 182 26 197 607
4 112 648 642 338
4 324 326 24 488
4 137 170 160 399
4 585 395 538 694
4 218 6 47 522
4 450 151 451 384
4 488 25 498 343
4 75 34 105 106
4 42 610 127 203
4 436 356 469 156
4 37 78 79 226
4 374 605 594 375
4 502 81 82 99
4 533 588 105 474
4 294 354 559 691
4 32 1 570 216
4 165 130 177 546
4 387 414 463 690
4 619 202 125 631
4 618 632 610 203
4 641 647 639 486
4 34 33 75 477
4 38 37 513 514
4 41 2 11 204
4 625 622 179 193
4 448 537 533 596
4 40 3 9 632
4 607 120 26 620
4 191 105 34 178
4 338 648 642 336
4 286 283 281 679
4 93 92 234 697
4 600 589 443 593
4 633 204 11 126
4 643 644 434 656
4 125 126 348 364
4 38 79 80 513
4 333 436 469 156
4 604 297 506 499
4 126 464 472 364
4 176 570 32 535
4 472 306 126 364
4 137 399 401 518
4 109 657 646 551
4 73 72 658 427
4 613 39 189 184
4 226 37 152 514
4 333 436 175 405
4 192 608 193 183
4 515 498 26 490
4 632 3 9 127
4 148 345 359 357
4 105 35 76 104
4 167 422 13 133
4 422 383 404 159
4 194 179 24 612
4 611 105 191 178
4 138 177 158 408
4 139 539 563 174
4 584 528 301 683
4 126 11 650 306
4 452 90 91 680
4 408 138 177 566
4 157 158 177 372
4 602 215 246 571
4 273 271 511 695
4 116 594 605 375
4 30 568 510 392
4 610 41 204 181
4 436 169 153 358
4 641 647 486 561
4 589 444 598 591
4 376 434 431 656
4 245 71 72 658
4 283 275 281 679
4 100 38 80 39
4 375 374 605 347
4 649 640 642 335
4 344 345 476 146
4 645 643 125 348
4 130 165 477 546
4 169 436 356 358
4 596 537 106 587
4 386 177 546 566
4 588 530 598 104
4 597 445 112 591
4 179 25 24 612
4 131 164 583 556
4 27 563 382 515
4 535 570 32 247
4 158 149 173 586
4 613 101 38 195
4 614 206 17 212
4 635 213 63 185
4 631 609 180 124
4 223 80 81 100
4 165 176 546 242
4 106 74 107 536
4 217 56 14 523
4 115 431 656 116
4 77 76 35 104
4 427 580 245 675
4 641 648 482 486
4 535 176 59 242
4 226 79 37 513
4 149 148 359 361
4 404 231 422 159
4 426 98 97 675
4 372 360 157 361
4 166 137 172 401
4 224 87 460 686
4 46 62 233 606
4 180 631 628 609
4 522 109 6 606
4 202 199 180 628
4 563 154 27 382
4 372 177 386 566
4 241 416 255 675
4 110 646 654 484
4 648 641 639 486
4 70 71 416 658
4 546 176 535 242
4 126 645 125 348
4 76 34 35 105
4 175 135 144 406
4 411 355 576 682
4 646 110 483 484
4 42 181 610 203
4 330 645 650 348
4 219 91 90 680
4 77 76 104 474
4 26 119 607 27
4 131 163 151 450
4 510 318 315 140
4 443 527 449 589
4 537 106 587 536
4 37 226 513 514
4 412 531 245 675
4 607 26 197 620
4 399 400 172 401
4 392 568 390 692
4 76 105 104 474
4 408 372 158 361
4 209 42 41 688
4 659 128 127 688
4 639 649 642 336
4 429 528 584 683
4 640 652 644 521
4 648 639 642 336
4 580 427 426 675
4 653 228 541 485
4 160 398 399 393
4 154 369 147 132
4 204 610 630 633
4 582 481 110 590
4 69 70 241 658
4 165 32 33 247
4 335 329 640 521
4 101 37 195 102
4 124 202 22 180
4 103 35 36 192
4 124 125 643 379
4 646 110 109 483
4 195 102 37 183
4 35 103 104 192
4 189 610 181 203
4 152 135 507 514
4 213 18 19 185
4 614 65 64 212
4 118 552 516 119
4 106 33 34 178
4 138 158 162 408
4 104 105 588 474
4 29 315 317 313
4 451 583 131 542
4 537 106 536 244
4 406 166 144 401
4 193 625 608 196
4 176 165 138 242
4 328 343 489 121
4 638 647 654 485
4 233 62 519 595
4 588 596 533 105
4 521 644 339 434
4 37 38 135 514
4 246 537 587 536
4 360 148 359 357
4 506 374 594 375
4 608 193 196 192
4 658 69 68 253
4 483 109 646 551
4 110 482 483 484
4 369 344 476 147
4 372 158 177 408
4 163 150 151 450
4 211 28 17 634
4 107 63 210 205
4 577 520 516 118
4 477 165 247 546
4 506 599 594 512
4 364 348 125 379
4 565 138 162 408
4 149 158 157 361
4 561 647 552 485
4 398 30 510 392
4 124 202 180 631
4 36 37 103 183
4 209 30 31 692
4 121 489 649 639
4 98 248 97 675
4 646 653 638 485
4 254 241 255 675
4 110 582 590 603
4 588 533 530 474
4 613 38 184 195
4 148 359 476 149
4 231 133 173 523
4 110 109 582 595
4 12 539 167 174
4 330 376 430 645
4 36 35 473 131
4 37 102 103 183
4 317 315 29 510
4 631 180 628 202
4 111 110 482 481
4 351 402 414 681
4 254 253 241 675
4 157 151 360 384
4 545 406 175 405
4 526 397 558 689
4 523 162 173 586
4 216 16 59 176
4 243 214 7 118
4 106 75 74 536
4 612 179 197 625
4 396 576 493 682
4 38 37 79 513
4 603 582 534 595
4 193 179 625 196
4 345 359 476 148
4 337 338 642 336
4 451 131 163 507
4 423 404 476 149
4 484 483 646 551
4 607 197 182 620
4 253 254 248 675
4 120 517 489 639
4 113 642 651 337
4 606 233 522 595
4 626 608 196 192
4 181 201 630 189
4 610 630 618 189
4 563 27 154 139
4 121 122 25 612
4 243 552 638 653
4 563 154 383 139
4 603 110 582 595
4 318 510 574 140
4 591 349 113 600
4 106 105 75 244
4 227 28 0 214
4 253 248 569 675
4 563 383 154 382
4 651 642 640 335
4 618 39 40 189
4 614 634 65 212
4 19 213 185 205
4 519 575 595 587
4 172 144 166 401
4 204 20 2 126
4 118 27 577 28
4 165 535 247 546
4 199 628 619 613
4 642 337 336 335
4 622 179 612 625
4 106 34 105 178
4 552 517 516 119
4 473 35 77 240
4 104 608 626 192
4 658 8 73 567
4 658 68 8 569
4 39 618 613 189
4 437 92 93 697
4 34 33 477 130
4 645 330 376 348
4 408 177 372 566
4 131 152 163 507
4 526 558 239 689
4 482 110 641 484
4 2 11 204 126
4 217 231 56 523
4 100 39 40 618
4 25 179 197 612
4 62 519 595 602
4 107 74 5 571
4 32 1 216 176
4 118 67 50 653
4 139 167 539 174
4 490 517 489 120
4 506 594 374 512
4 135 152 37 514
4 105 626 35 104
4 576 396 411 682
4 215 246 44 602
4 416 531 255 675
4 162 133 14 523
4 473 35 583 131
4 618 100 39 613
4 224 460 270 686
4 245 531 416 675
4 534 447 481 590
4 522 6 46 606
4 376 645 643 656
4 169 156 436 153
4 561 517 647 350
4 625 179 197 196
4 548 420 370 696
4 565 162 57 523
4 175 436 156 153
4 626 611 105 191
4 359 423 476 149
4 613 38 39 184
4 151 157 164 384
4 539 422 54 167
4 625 626 608 196
4 182 629 607 637
4 587 107 246 536
4 178 208 611 200
4 523 173 231 586
4 178 611 106 200
4 629 27 182 607
4 164 477 240 556
4 227 53 0 174
4 539 54 12 167
4 519 45 62 233
4 545 358 153 507
4 162 57 15 565
4 516 515 27 119
4 240 34 477 164
4 351 414 549 681
4 634 186 206 614
4 635 615 185 205
4 522 46 233 606
4 575 519 246 587
4 32 5 1 210
4 638 552 243 118
4 426 427 567 675
4 602 107 215 571
4 610 181 204 630
4 121 26 197 25
4 135 175 153 545
4 27 28 563 577
4 164 240 583 556
4 178 106 33 200
4 629 119 27 607
4 40 9 99 632
4 149 158 361 586
4 406 135 166 407
4 349 445 444 591
4 67 118 50 7
4 613 619 199 184
4 639 517 489 350
4 107 32 33 200
4 408 158 162 586
4 515 27 563 577
4 404 423 159 149
4 545 135 406 507
4 476 404 369 147
4 175 135 406 545
4 243 552 653 541
4 500 494 21 385
4 106 105 611 178
4 182 27 26 607
4 352 311 353 693
4 519 62 61 602
4 138 162 15 565
4 148 157 151 360
4 202 21 124 22
4 49 653 228 541
4 414 381 463 690
4 517 639 647 350
4 104 626 35 192
4 587 595 519 602
4 575 246 537 587
4 561 654 647 485
4 197 620 612 625
4 422 13 54 167
4 62 233 606 595
4 108 10 659 687
4 164 34 477 130
4 654 646 638 485
4 240 583 35 164
4 653 646 228 485
4 451 163 450 507
4 37 101 195 38
4 516 243 552 118
4 559 354 457 691
4 125 202 124 631
4 370 420 505 696
4 390 391 392 692
4 477 164 130 386
4 14 57 162 523
4 227 563 28 577
4 592 605 594 374
4 121 25 197 612
4 38 100 101 613
4 100 40 99 618
4 34 76 75 105
4 577 515 27 516
4 246 519 44 602
4 110 654 641 484
4 603 448 590 596
4 233 534 582 595
4 358 163 153 507
4 570 74 32 247
4 489 121 120 639
4 202 619 125 190
4 125 202 190 21
4 191 626 196 192
4 383 369 154 382
4 545 175 436 405
4 473 583 35 240
4 364 125 385 379
4 35 76 77 240
4 359 423 149 361
4 401 406 166 407
4 166 144 135 406
4 110 109 483 582
4 639 120 517 647
4 162 565 408 523
4 632 99 40 618
4 569 248 98 675
4 404 423 231 159
4 619 199 202 628
4 405 406 144 401
4 227 539 53 174
4 426 567 98 675
4 40 618 189 203
4 523 408 162 586
4 533 530 446 588
4 138 408 242 566
4 507 135 406 514
4 34 76 35 240
4 66 646 657 228
4 151 450 360 384
4 447 534 448 590
4 575 603 595 587
4 201 190 21 630
4 603 534 575 595
4 582 522 233 595
4 164 477 556 386
4 551 657 646 228
4 635 18 213 185
4 64 206 614 212
4 650 645 330 655
4 152 153 163 507
4 575 448 534 603
4 51 52 214 520
4 173 159 423 149
4 520 577 28 118
4 66 67 653 228
4 164 583 35 131
4 247 75 33 477
4 634 206 17 614
4 185 63 635 205
4 189 618 610 203
4 28 27 563 139
4 408 565 138 242
4 420 419 505 696
4 536 107 246 571
4 599 594 604 506
4 240 35 34 164
4 635 614 206 616
4 647 641 654 561
4 647 552 517 561
4 522 483 109 582
4 619 628 202 631
4 484 641 486 561
4 534 233 575 595
4 636 187 182 637
4 208 611 616 207
4 53 0 52 227
4 61 44 45 519
4 613 189 619 184
4 659 127 108 687
4 61 45 62 519
4 100 38 39 613
4 519 246 587 602
4 210 5 63 107
4 173 423 231 586
4 176 16 59 242
4 149 423 173 586
4 614 187 206 616
4 354 454 457 691
4 653 50 243 541
4 182 186 629 637
4 208 615 611 200
4 54 55 13 422
4 561 484 654 485
4 14 57 15 162
4 358 153 436 545
4 67 66 49 228
4 590 534 448 603
4 28 214 520 118
4 111 110 481 590
4 514 507 152 542
4 75 76 34 477
4 546 477 130 386
4 66 653 646 228
4 563 383 539 139
4 27 118 119 629
4 1 60 570 216
4 76 105 474 244
4 105 76 75 244
4 50 51 7 243
4 57 14 56 523
4 107 210 32 205
4 407 406 135 514
4 636 616 617 207
4 634 17 65 212
4 213 19 63 205
4 215 44 61 602
4 616 187 185 208
4 187 614 637 616
4 233 519 575 595
4 188 187 636 207
4 204 630 126 633
4 106 107 33 200
4 653 67 49 228
4 616 636 187 207
4 526 454 354 691
4 32 5 210 107
4 273 511 363 695
4 153 175 436 545
4 16 176 138 242
4 191 35 626 192
4 58 16 15 138
4 182 186 27 629
4 611 615 106 200
4 484 654 641 561
4 311 524 353 693
4 620 121 197 612
4 630 619 190 125
4 630 190 21 125
4 76 34 477 240
4 519 61 44 602
4 58 16 138 242
4 587 106 107 536
4 551 483 109 522
4 60 4 1 570
4 163 153 169 358
4 215 5 43 571
4 363 511 543 695
4 201 204 181 630
4 243 516 520 118
4 6 62 46 606
4 186 182 187 637
4 615 611 616 208
4 555 353 524 693
4 15 58 138 565
4 210 1 32 205
4 653 49 67 541
4 641 111 110 482
4 215 107 5 571
4 486 482 641 484
4 5 4 43 571
4 246 107 587 602
4 653 638 243 118
4 231 56 55 217
4 585 544 395 694
4 12 54 13 167
4 207 611 617 191
4 46 47 6 522
4 188 182 620 636
4 12 0 53 174
4 611 617 616 207
4 483 482 110 481
4 189 613 619 618
4 182 188 187 636
4 620 182 607 636
4 17 186 206 634
4 615 635 63 205
4 191 207 611 178
4 185 615 616 208
4 614 186 187 637
4 227 0 28 174
4 630 201 190 189
4 618 630 619 189
4 190 199 619 184
4 66 48 49 228
4 0 28 17 211
4 12 53 539 174
4 423 149 361 586
4 246 107 602 571
4 58 138 565 242
4 16 58 59 242
4 646 484 551 228
4 21 20 201 126
4 213 64 18 635
4 64 18 206 212
4 200 107 32 205
4 617 188 636 207
4 210 19 1 205
4 202 125 124 21
4 358 450 163 507
4 44 43 246 215
4 636 182 607 637
4 207 208 611 178
4 625 188 620 617
4 481 110 483 582
4 59 60 216 535
4 196 188 617 191
4 20 204 201 126
4 189 190 619 184
4 190 619 630 189
4 186 17 28 634
4 615 63 107 205
4 158 408 361 586
4 199 619 202 190
4 46 62 45 233
4 216 60 570 535
4 577 28 227 520
4 536 74 107 571
4 218 47 48 551
4 536 106 75 244
4 21 630 126 201
4 18 17 206 212
4 213 63 64 635
4 61 107 215 602
4 615 107 106 200
4 28 27 186 629
4 61 107 5 215
4 215 43 246 571
4 12 53 54 539
4 611 626 617 191
4 188 182 197 620
4 207 617 188 191
4 617 625 188 196
4 65 7 211 634
4 636 620 188 617
4 67 50 653 541
4 614 206 64 635
4 206 18 635 185
4 630 204 126 201
4 187 206 186 614
4 615 616 635 185
4 27 28 118 629
4 615 107 200 205
4 629 186 28 634
4 214 0 7 118
4 211 118 28 634
4 630 21 126 125
4 214 28 0 118
4 637 636 187 616
4 616 187 208 207
4 206 18 64 635
4 614 629 186 637
4 208 185 615 200
4 118 0 7 211
4 28 118 629 634
4 210 63 19 205
4 211 17 65 634
4 50 67 49 541
4 58 15 57 565
4 118 28 0 211
4 634 629 186 614
4 200 185 615 205
4 211 7 118 634
4 14 13 217 133
4 216 1 16 176
4 657 6 66 218
4 693 682 493 380
4 693 493 682 674
4 2 492 310 313
4 2 310 492 678
4 685 553 578 491
4 685 578 553 663
4 3 692 42 31
4 42 692 3 668
4 411 287 662 562
4 411 662 287 548
4 690 402 681 414
4 690 681 402 672
4 522 657 6 109
4 522 6 657 218
4 686 275 277 270
4 686 277 275 679
4 548 557 685 287
4 548 685 557 409
4 343 26 121 25
4 343 121 26 490
4 332 134 469 155
4 469 134 332 323
4 141 21 494 136
4 494 21 141 320
4 494 316 141 136
4 141 316 494 320
4 314 136 494 20
4 314 494 136 316
4 498 132 382 26
4 498 382 132 368
4 597 448 447 446
4 597 447 448 590
4 328 649 329 122
4 328 329 649 334
4 464 21 126 20
4 464 126 21 385
4 435 124 652 643
4 652 124 435 504
4 469 161 143 156
4 143 161 469 321
4 464 2 314 20
4 464 314 2 312
4 134 469 161 323
4 134 161 469 156
4 521 651 335 339
4 521 335 651 640
4 472 2 308 312
4 472 308 2 11
4 347 116 115 605
4 347 115 116 431
4 400 142 405 540
4 400 405 142 172
4 325 123 326 327
4 326 123 325 23
4 99 378 512 599
4 512 378 99 502
4 601 529 589 449
4 589 529 601 102
4 39 518 221 137
4 221 518 39 421
4 172 405 401 400
4 401 405 172 144
4 595 522 109 582
4 595 109 522 606
4 350 649 489 639
4 350 489 649 334
4 174 563 28 227
4 174 28 563 139
4 131 507 542 152
4 542 507 131 451
4 485 653 552 541
4 485 552 653 638
4 627 193 194 622
4 194 193 627 198
4 620 26 121 120
4 620 121 26 197
4 191 105 35 34
4 191 35 105 626
4 647 350 486 561
4 486 350 647 639
4 192 103 183 36
4 192 183 103 608
4 194 612 622 179
4 622 612 194 623
4 485 646 484 654
4 485 484 646 228
4 206 616 185 635
4 185 616 206 187
4 197 625 188 620
4 197 188 625 196
4 196 626 617 625
4 617 626 196 191

CELL_TYPES 3615
1
1
1
1
1
1
1
1
1
1
1
1
3
3
3
3
3
3
3
3
3
3
3
3
3
3
3
3
3
3
3
3
3
3
3
3
3
3
3
3
3
3
3
3
3
3
3
3
3
3
3
3
3
3
3
3
3
3
3
3
3
3
3
3
3
3
3
3
3
3
3
3
3
3
3
3
3
3
3
3
3
3
3
3
3
3
3
3
3
3
3
3
3
3
3
3
3
3
3
3
3
3
3
3
3
3
3
3
3
3
3
3
3
3
3
3
3
3
3
3
3
3
3
3
3
3
3
3
3
3
3
3
3
3
3
3
3
3
3
3
3
3
3
3
3
3
3
3
5
5
5
5
5
5
5
5
5
5
5
5
5
5
5
5
5
5
5
5
5
5
5
5
5
5
5
5
5
5
5
5
5
5
5
5
5
5
5
5
5
5
5
5
5
5
5
5
5
5
5
5
5
5
5
5
5
5
5
5
5
5
5
5
5
5
5
5
5
5
5
5
5
5
5
5
5
5
5
5
5
5
5
5
5
5
5
5
5
5
5
5
5
5
5
5
5
5
5
5
5
5
5
5
5
5
5
5
5
5
5
5
5
5
5
5
5
5
5
5
5
5
5
5
5
5
5
5
5
5
5
5
5
5
5
5
5
5
5
5
5
5
5
5
5
5
5
5
5
5
5
5
5
5
5
5
5
5
5
5
5
5
5
5
5
5
5
5
5
5
5
5
5
5
5
5
5
5
5
5
5
5
5
5
5
5
5
5
5
5
5
5
5
5
5
5
5
5
5
5
5
5
5
5
5
5
5
5
5
5
5
5
5
5
5
5
5
5
5
5
5
5
5
5
5
5
5
5
5
5
5
5
5
5
5
5
5
5
5
5
5
5
5
5
5
5
5
5
5
5
5
5
5
5
5
5
5
5
5
5
5
5
5
5
5
5
5
5
5
5
5
5
5
5
5
5
5
5
5
5
5
5
5
5
5
5
5
5
5
5
5
5
5
5
5
5
5
5
5
5
5
5
5
5
5
5
5
5
5
5
5
5
5
5
5
5
5
5
5
5
5
5
5
5
5
5
5
5
5
5
5
5
5
5
5
5
5
5
5
5
5
5
5
5
5
5
5
5
5
5
5
5
5
5
5
5
5
5
5
5
5
5
5
5
5
5
5
5
5
5
5
5
5
5
5
5
5
5
5
5
5
5
5
5
5
5
5
5
5
5
5
5
5
5
5
5
5
5
5
5
5
5
5
5
5
5
5
5
5
5
5
5
5
5
5
5
5
5
5
5
5
5
5
5
5
5
5
5
5
5
5
5
5
5
5
5
5
5
5
5
5
5
5
5
5
5
5
5
5
5
5
5
5
5
5
5
5
5
5
5
5
5
5
5
5
5
5
5
5
5
5
5
5
5
5
5
5
5
5
5
5
5
5
5
5
5
5
5
5
5
5
5
5
5
5
5
5
5
5
5
5
5
5
5
5
5
5
5
5
5
5
5
5
5
5
5
5
5
5
5
5
5
5
5
5
5
5
5
5
5
5
5
5
5
5
5
5
5
5
5
5
5
5
5
5
5
5
5
5
5
5
5
5
5
5
5
5
5
5
5
5
5
5
5
5
5
5
5
5
5
5
5
5
5
5
5
5
5
5
5
5
5
5
5
5
5
5
5
5
5
5
5
5
5
5
5
5
5
5
5
5
5
5
5
5
5
5
5
5
5
5
5
5
5
5
5
5
5
5
5
5
5
5
5
5
5
5
5
5
5
5
5
5
5
5
5
5
5
5
5
5
5
5
5
5
5
5
5
5
5
5
5
5
5
5
5
5
5
5
5
5
5
5
5
5
5
5
5
5
5
5
5
5
5
5
5
5
5
5
5
5
5
5
5
5
5
5
5
5
5
5
5
5
5
5
5
5
5
5
5
5
5
5
5
5
5
5
5
5
5
5
5
5
5
5
5
5
5
5
5
5
5
5
5
5
5
5
5
5
5
5
5
5
5
5
5
5
5
5
5
5
5
5
5
5
5
5
5
5
5
5
5
5
5
5
5
5
5
5
5
5
5
5
5
5
5
5
5
5
5
5
5
5
5
5
5
5
5
5
5
5
5
5
5
5
5
5
5
5
5
5
5
5
5
5
5
5
5
5
5
5
5
5
5
5
5
5
5
5
5
5
5
5
5
5
5
5
5
5
5
5
5
5
5
5
5
5
5
5
5
5
5
5
5
5
5
5
5
5
5
5
5
5
5
5
5
5
5
5
5
5
5
5
5
5
5
5
5
5
5
5
5
5
5
5
5
5
5
5
5
5
5
5
5
5
5
5
5
5
5
5
5
5
5
5
5
5
5
5
5
5
5
5
5
5
5
5
5
5
5
5
5
5
5
5
5
5
5
5
5
5
5
5
5
5
5
5
5
5
5
5
5
5
5
5
5
5
5
5
5
5
5
5
5
5
5
5
5
5
5
5
5
5
5
5
5
5
5
5
5
5
5
5
5
5
5
5
5
5
5
5
5
5
5
5
5
5
5
5
5
5
5
5
5
5
5
5
5
5
5
5
5
5
5
5
5
5
5
5
5
5
5
5
5
5
5
5
5
5
5
5
5
5
5
5
5
5
5
5
5
5
5
5
5
5
5
5
5
5
5
5
5
5
5
5
5
5
5
5
5
5
5
5
5
5
5
5
5
5
5
5
5
5
5
5
5
5
5
5
5
5
5
5
5
5
5
5
5
5
5
5
5
5
5
5
5
5
5
5
5
5
5
5
5
5
5
5
5
5
5
5
5
5
5
5
5
5
5
5
5
5
5
5
5
5
5
5
5
5
5
5
5
5
5
5
5
5
5
5
5
5
5
5
5
5
5
5
5
5
5
5
5
5
5
5
5
5
5
5
5
5
5
5
5
5
5
5
5
5
5
5
5
5
5
5
5
5
5
5
5
5
5
5
5
5
5
5
5
5
5
5
5
5
5
5
5
5
5
5
5
5
5
5
5
5
5
5
5
5
5
5
5
5
5
5
5
5
5
5
5
5
5
5
5
5
5
5
5
5
5
5
5
5
5
5
5
5
5
5
5
5
5
5
5
5
5
5
5
5
5
5
5
5
5
5
5
5
5
5
5
5
5
5
5
5
5
5
5
5
5
5
5
5
5
5
5
5
5
5
5
5
5
5
5
5
5
5
5
5
5
5
5
5
5
5
5
5
5
5
5
5
5
5
5
5
5
5
5
5
5
5
5
5
5
5
5
5
5
5
5
5
5
5
5
5
5
5
5
5
5
5
5
5
5
5
5
5
5
5
5
5
5
5
5
5
5
10
10
10
10
10
10
10
10
10
10
10
10
10
10
10
10
10
10
10
10
10
10
10
10
10
10
10
10
10
10
10
10
10
10
10
10
10
10
10
10
10
10
10
10
10
10
10
10
10
10
10
10
10
10
10
10
10
10
10
10
10
10
10
10
10
10
10
10
10
10
10
10
10
10
10
10
10
10
10
10
10
10
10
10
10
10
10
10
10
10
10
10
10
10
10
10
10
10
10
10
10
10
10
10
10
10
10
10
10
10
10
10
10
10
10
10
10
10
10
10
10
10
10
10
10
10
10
10
10
10
10
10
10
10
10
10
10
10
10
10
10
10
10
10
10
10
10
10
10
10
10
10
10
10
10
10
10
10
10
10
10
10
10
10
10
10
10
10
10
10
10
10
10
10
10
10
10
10
10
10
10
10
10
10
10
10
10
10
10
10
10
10
10
10
10
10
10
10
10
10
10
10
10
10
10
10
10
10
10
10
10
10
10
10
10
10
10
10
10
10
10
10
10
10
10
10
10
10
10
10
10
10
10
10
10
10
10
10
10
10
10
10
10
10
10
10
10
10
10
10
10
10
10
10
10
10
10
10
10
10
10
10
10
10
10
10
10
10
10
10
10
10
10
10
10
10
10
10
10
10
10
10
10
10
10
10
10
10
10
10
10
10
10
10
10
10
10
10
10
10
10
10
10
10
10
10
10
10
10
10
10
10
10
10
10
10
10
10
10
10
10
10
10
10
10
10
10
10
10
10
10
10
10
10
10
10
10
10
10
10
10
10
10
10
10
10
10
10
10
10
10
10
10
10
10
10
10
10
10
10
10
10
10
10
10
10
10
10
10
10
10
10
10
10
10
10
10
10
10
10
10
10
10
10
10
10
10
10
10
10
10
10
10
10
10
10
10
10
10
10
10
10
10
10
10
10
10
10
10
10
10
10
10
10
10
10
10
10
10
10
10
10
10
10
10
10
10
10
10
10
10
10
10
10
10
10
10
10
10
10
10
10
10
10
10
10
10
10
10
10
10
10
10
10
10
10
10
10
10
10
10
10
10
10
10
10
10
10
10
10
10
10
10
10
10
10
10
10
10
10
10
10
10
10
10
10
10
10
10
10
10
10
10
10
10
10
10
10
10
10
10
10
10
10
10
10
10
10
10
10
10
10
10
10
10
10
10
10
10
10
10
10
10
10
10
10
10
10
10
10
10
10
10
10
10
10
10
10
10
10
10
10
10
10
10
10
10
10
10
10
10
10
10
10
10
10
10
10
10
10
10
10
10
10
10
10
10
10
10
10
10
10
10
10
10
10
10
10
10
10
10
10
10
10
10
10
10
10
10
10
10
10
10
10
10
10
10
10
10
10
10
10
10
10
10
10
10
10
10
10
10
10
10
10
10
10
10
10
10
10
10
10
10
10
10
10
10
10
10
10
10
10
10
10
10
10
10
10
10
10
10
10
10
10
10
10
10
10
10
10
10
10
10
10
10
10
10
10
10
10
10
10
10
10
10
10
10
10
10
10
10
10
10
10
10
10
10
10
10
10
10
10
10
10
10
10
10
10
10
10
10
10
10
10
10
10
10
10
10
10
10
10
10
10
10
10
10
10
10
10
10
10
10
10
10
10
10
10
10
10
10
10
10
10
10
10
10
10
10
10
10
10
10
10
10
10
10
10
10
10
10
10
10
10
10
10
10
10
10
10
10
10
10
10
10
10
10
10
10
10
10
10
10
10
10
10
10
10
10
10
10
10
10
10
10
10
10
10
10
10
10
10
10
10
10
10
10
10
10
10
10
10
10
10
10
10
10
10
10
10
10
10
10
10
10
10
10
10
10
10
10
10
10
10
10
10
10
10
10
10
10
10
10
10
10
10
10
10
10
10
10
10
10
10
10
10
10
10
10
10
10
10
10
10
10
10
10
10
10
10
10
10
10
10
10
10
10
10
10
10
10
10
10
10
10
10
10
10
10
10
10
10
10
10
10
10
10
10
10
10
10
10
10
10
10
10
10
10
10
10
10
10
10
10
10
10
10
10
10
10
10
10
10
10
10
10
10
10
10
10
10
10
10
10
10
10
10
10
10
10
10
10
10
10
10
10
10
10
10
10
10
10
10
10
10
10
10
10
10
10
10
10
10
10
10
10
10
10
10
10
10
10
10
10
10
10
10
10
10
10
10
10
10
10
10
10
10
10
10
10
10
10
10
10
10
10
10
10
10
10
10
10
10
10
10
10
10
10
10
10
10
10
10
10
10
10
10
10
10
10
10
10
10
10
10
10
10
10
10
10
10
10
10
10
10
10
10
10
10
10
10
10
10
10
10
10
10
10
10
10
10
10
10
10
10
10
10
10
10
10
10
10
10
10
10
10
10
10
10
10
10
10
10
10
10
10
10
10
10
10
10
10
10
10
10
10
10
10
10
10
10
10
10
10
10
10
10
10
10
10
10
10
10
10
10
10
10
10
10
10
10
10
10
10
10
10
10
10
10
10
10
10
10
10
10
10
10
10
10
10
10
10
10
10
10
10
10
10
10
10
10
10
10
10
10
10
10
10
10
10
10
10
10
10
10
10
10
10
10
10
10
10
10
10
10
10
10
10
10
10
10
10
10
10
10
10
10
10
10
10
10
10
10
10
10
10
10
10
10
10
10
10
10
10
10
10
10
10
10
10
10
10
10
10
10
10
10
10
10
10
10
10
10
10
10
10
10
10
10
10
10
10
10
10
10
10
10
10
10
10
10
10
10
10
10
10
10
10
10
10
10
10
10
10
10
10
10
10
10
10
10
10
10
10
10
10
10
10
10
10
10
10
10
10
10
10
10
10
10
10
10
10
10
10
10
10
10
10
10
10
10
10
10
10
10
10
10
10
10
10
10
10
10
10
10
10
10
10
10
10
10
10
10
10
10
10
10
10
10
10
10
10
10
10
10
10
10
10
10
10
10
10
10
10
10
10
10
10
10
10
10
10
10
10
10
10
10
10
10
10
10
10
10
10
10
10
10
10
10
10
10
10
10
10
10
10
10
10
10
10
10
10
10
10
10
10
10
10
10
10
10
10
10
10
10
10
10
10
10
10
10
10
10
10
10
10
10
10
10
10
10
10
10
10
10
10
10
10
10
10
10
10
10
10
10
10
10
10
10
10
10
10
10
10
10
10
10
10
10
10
10
10
10
10
10
10
10
10
10
10
10
10
10
10
10
10
10
10
10
10
10
10
10
10
10
10
10
10
10
10
10
10
10
10
10
10
10
10
10
10
10
10
10
10
10
10
10
10
10
10
10
10
10
10
10
10
10
10
10
10
10
10
10
10
10
10
10
10
10
10
10
10
10
10
10
10
10
10
10
10
10
10
10
10
10
10
10
10
10
10
10
10
10
10
10
10
10
10
10
10
10
10
10
10
10
10
10
10
10
10
10
10
10
10
10
10
10
10
10
10
10
10
10
10
10
10
10
10
10
10
10
10
10
10
10
10
10
10
10
10
10
10
10
10
10
10
10
10
10
10
10
10
10
10
10
10
10
10
10
10
10
10
10
10
10
10
10
10
10
10
10
10
10
10
10
10
10
10
10
10
10
10
10
10
10
10
10
10
10
10
10
10
10
10
10
10
10
10
10
10
10
10
10
10
10
10
10
10
10
10
10
10
10
10
10
10
10
10
10
10
10
10
10
10
10
10
10
10
10
10
10
10
10
10
10
10
10
10
10
10
10
10
10
10
10
10
10
10
10
10
10
10
10
10
10
10
10
10
10
10
10
10
10
10
10
10
10
10
10
10
10
10
10
10
10
10
10
10
10
10
10
10
10
10
10
10
10
10
10
10
10
10
10
10
10
10
10
10
10
10
10
10
10
10
10
10
10
10
10
10
10
10
10
10
10
10
10
10
10
10
10
10
10
10
10
10
10
10
10
10
10
10
10
10
10
10
10
10
10
10
10
10
10
10
10
10
10
10
10
10
10
10
10
10
10
10
10
10
10
10
10
10
10
10
10
10
10
10
10
10
10
10
10
10
10
10
10
10
10
10
10
10
10
10
10
10
10
10
10
10
10
10
10
10
10
10
10
10
10
10
10
10
10
10
10
10
10
10
10
10
10
10
10
10
10
10
10
10
10
10
10
10
10
10
10
10
10
10
10
10
10
10
10
10
10
10
10
10
10
10
10
10
10
10
10
10
10
10
10
10
10
10
10
10
10
10
10
10
10
10
10
10
10
10
10
10
10
10
10
10
10
10
10
10
10
10
10
10
10
10
10
10
10
10
10
10
10
10
10
10
10
10
10
10
10
10
10
10
10
10
10
10
10
10
10
10
10
10
10
10
10
10
10
10
10
10
10
10
10
10
10
10
10
10
10
10
10
10
10
10
10
10
10
10
10
10
10
10
10
10
10
10
10
10
10
10
10
10
10
10
10
10
10
10
10
10
10
10
10
10
10
10
10
10
10
10
10
10
10
10
10
10
10
10
10
10
10
10
10
10
10
10
10
10
10
10
10
10
10
10
10
10
10
10
10
10
10
10
10
10
10
10
10
10
10
10
10
10
10
10
10
10
10
10
10
10
10
10
10
10
10
10
10
10
10
10
10
10
10
10
10
10
10
10
10
10
10
10
10
10
10
10
10
10
10
10
10
10
10
10
10
10
10
10
10
10
10
10
10
10
10
10
10
10
10
10
10
10
10
10
10
10
10
10
10
10
10
10
10
10
10
10
10
10
10
10
10
10
10
10
10
10
10
10
10
10
10
10
10
10
10
10
10
10
10
10
10
10
10
10
10
10
10
10
10
10
10
10
10
10
10
10
10
10
10
10
10
10
10
10
10
10
10
10
10
10
10
10
10
10
10
10
10
10
10
10
10
10
10
10
10
