# vtk DataFile Version 2.0
whisker_body, Created by Gmsh 4.13.1 
ASCII
DATASET UNSTRUCTURED_GRID
POINTS 703 double
-9.886859966642536 -1.500000000000193 0
9.88685996664254 -1.500000000000187 0
-8.131366735500803 -1.499999999999874 22
8.131366735500805 -1.499999999999876 22
12 0 0
9.886859966642614 1.499999999999935 0
0 10 0
-9.886859966642614 1.499999999999936 0
4.12982931753815 0 100
8.131366735500773 1.499999999999957 22
0 8.268562449858393 22
-8.131366735500769 1.499999999999962 22
-8.748717852015751 -4.8435458030064 0
-6.519202405202561 -7.582875444051627 0
-3.476438231831796 -9.376266699505631 0
3.430248998885766e-14 -10 0
3.476438231831848 -9.376266699505612 0
6.519202405202592 -7.582875444051599 0
8.74871785201576 -4.843545803006382 0
-5.932115979985521 -1.5 0
-1.977371993328505 -1.5 0
1.977371993328511 -1.5 0
5.932115979985525 -1.5 0
-8.424635862698848 -1.5 18.33339005895449
-8.717593536609726 -1.5 14.66675160075322
-9.010269577746865 -1.5 11.00009433550366
-9.302691038061464 -1.5 7.333414092873014
-9.594880895704225 -1.5 3.666716666183575
-6.606351566277826 -4.972448488415616 22
-3.691485075957911 -7.398787935951959 22
-3.406042113835851e-14 -8.268562449858393 22
3.69148507595785 -7.398787935951989 22
6.606351566277801 -4.972448488415651 22
9.594880895704222 -1.5 3.666716666183646
9.302691038061461 -1.5 7.33341409287307
9.010269577746865 -1.5 11.00009433550366
8.717593536609719 -1.5 14.66675160075326
8.424635862698842 -1.5 18.33339005895454
-4.878820041300482 -1.5 22
-1.62627334710016 -1.5 22
1.626273347100161 -1.5 22
4.878820041300482 -1.5 22
11.34980690040761 3.896393630456207 0
9.469686112756717 7.370552552276022 0
6.563377897469113 10.04599773915035 0
2.945825845689581 11.63280319127197 0
-0.9909521456679979 11.95901391608004 0
-4.820345095835646 10.98927991986068 0
-8.127378859508902 8.82868692807757 0
-10.55368501447787 5.71136871644487 0
-11.83633564083267 1.975135083368787 0
-11.83633564083267 -1.975135083368821 0
-10.55368501447786 -5.711368716444897 0
-8.12737885950888 -8.828686928077589 0
-4.820345095835619 -10.9892799198607 0
-0.9909521456679715 -11.95901391608004 0
2.945825845689616 -11.63280319127196 0
6.563377897469155 -10.04599773915032 0
9.469686112756747 -7.370552552275983 0
11.34980690040762 -3.896393630456205 0
8.748717852015853 4.843545803006216 0
6.519202405202677 7.582875444051527 0
3.47643823183188 9.376266699505599 0
5.932115979985569 1.5 0
1.977371993328523 1.5 0
-1.977371993328521 1.5 0
-5.932115979985568 1.5 0
-3.476438231831882 9.376266699505599 0
-6.519202405202678 7.582875444051524 0
-8.748717852015854 4.843545803006212 0
2.574906462902252 3.228830577670782 100
-0.9189734768187546 4.026285874214754 100
-3.720847644852559 1.791865786210781 100
-3.720847644852582 -1.791865786210735 100
-0.9189734768187868 -4.026285874214746 100
2.574906462902235 -3.228830577670795 100
11.69730112759762 0 3.846153846153846
11.39460225519524 0 7.692307692307693
11.09190338279286 0 11.53846153846154
10.78920451039049 0 15.38461538461539
10.48650563798811 0 19.23076923076923
10.18380676558573 0 23.07692307692308
9.881107893183348 0 26.92307692307692
9.578409020780969 0 30.76923076923077
9.27571014837859 0 34.61538461538461
8.973011275976212 0 38.46153846153846
8.670312403573833 0 42.30769230769231
8.367613531171454 0 46.15384615384615
8.064914658769075 0 50
7.762215786366696 0 53.84615384615385
7.459516913964317 0 57.69230769230769
7.156818041561938 0 61.53846153846154
6.85411916915956 0 65.38461538461539
6.551420296757181 0 69.23076923076923
6.248721424354802 0 73.07692307692308
5.946022551952423 0 76.92307692307692
5.643323679550044 0 80.76923076923077
5.340624807147665 0 84.61538461538461
5.037925934745286 0 88.46153846153847
4.735227062342908 0 92.30769230769231
4.432528189940529 0 96.15384615384616
8.424635862698848 1.5 18.33339005895449
8.717593536609726 1.5 14.66675160075322
9.010269577746865 1.5 11.00009433550366
9.302691038061464 1.5 7.333414092873014
9.594880895704225 1.5 3.666716666183575
6.606351566277789 4.972448488415665 22
3.691485075957873 7.398787935951979 22
0 9.711427074976399 3.666666666666667
0 9.422854149952798 7.333333333333334
0 9.134281224929197 11
0 8.845708299905596 14.66666666666667
0 8.557135374881994 18.33333333333333
-9.594880895704222 1.5 3.666716666183646
-9.302691038061461 1.5 7.33341409287307
-9.010269577746865 1.5 11.00009433550366
-8.717593536609726 1.5 14.66675160075322
-8.424635862698848 1.5 18.33339005895449
4.878820041300465 1.5 22
1.626273347100156 1.5 22
-1.626273347100152 1.5 22
-4.878820041300461 1.5 22
-3.691485075957853 7.398787935951987 22
-6.60635156627777 4.972448488415692 22
1.465462181875026 -9.650904613632079 3.03000222163041
-1.865044342715391 -8.320620289159049 18.71520887170706
-8.116330778782048 -4.509773687037986 9.08380123652884
7.592438463777247 -4.842860844057377 12.63674902036413
-4.742623524999188 -8.529990359069759 3.052344533856126
8.455671862211204 -4.474738203032919 5.505651813605672
-7.572710376114219 -4.299310897506611 16.41586742077763
5.453536028425407 -6.551568635275089 18.75023605956837
-8.155074142733831 -5.232445662702302 3.947039259062985
2.033209461125285 -8.281708048212407 18.70811882579198
0.02188692252824076 -8.779559287435978 15.50682291965694
-3.254876689172207 -8.164855395723709 15.37813180818688
-1.830353919654366 -8.846394837912392 12.27718885863485
1.873331847691233 -8.835598527400995 12.29950099201585
0.04178631523224752 -9.281193891331254 9.13210236206195
3.634215817153372 -8.543311343511986 9.095564152809848
-3.268174359510771 -8.695504598614333 9.029157996463292
-1.833555493916335 -9.354212367713634 5.943710690113275
3.575800645072087 -8.022856912100263 15.45513718790839
8.122249485078987 -4.501646030593477 9.068154248628371
-7.375566398941685 -5.187832157838322 12.48576534306242
-5.348448354546512 -6.643443356654709 18.69276504483422
-4.757024612057067 -7.683759350610105 12.23461859100969
6.337290539116303 -6.99953876697186 7.0877541499847
7.168017505963134 -6.590507902569789 3.337751593703314
7.607647989381725 -4.237982172173725 16.4109180106378
5.137769470225023 -7.445406853407311 12.12126819559374
4.209302058186349 -8.627452255786871 5.088334669670155
-1.727919447920313 -9.630727148149363 2.738076238880114
1.366085969313156 -9.407711120055758 6.272064389581261
-4.600485518140442 -8.329086702841236 6.160554770005643
-5.904060718627802 -7.167351668536913 9.072868565657078
-7.426110636751984 -4.090479652929597 19.33685108452679
-6.060223017492707 -6.431815058353273 14.77589339709327
7.427378001050271 -4.087629248143476 19.34021282330162
4.765748567038342 -8.579542346349871 2.35926918390646
8.852321294452285 -4.163110501824553 2.765044467067492
6.121278914895579 -6.390539639167167 14.62178939379609
-8.608269758076428 -4.00632409796661 6.418027799903721
6.449328479339052 -6.595934177223608 9.847611343962152
-6.781160973164399 -6.69443855146594 5.986082097427331
-6.790743471099213 -7.06122296461762 2.583342783455699
-9.147470424341579 -3.585815292883486 2.221218243123726
-0.0455828342449287 -1.5 19.17181851753322
0.02392536509182541 -1.5 3.536097932261724
-5.692763421204583 -1.5 12.56573556289729
5.856320858624763 -1.5 12.41944512840078
6.45367141207187 -1.5 5.167030856062683
-6.398835491663359 -1.5 5.417913754482914
-5.991493393806111 -1.5 8.934965863737556
-2.692571159635943 -1.5 10.49525246979918
-2.31976849309969 -1.5 13.9719553482194
0.4996562773641973 -1.5 12.0501206950314
0.3041712384154636 -1.5 8.429482733526624
1.166279140801199 -1.5 15.88114384093258
-5.14195556126858 -1.5 16.44590185191863
6.061359599768618 -1.5 8.623153325049138
5.196063146368601 -1.5 16.23456273271874
-3.039262026033586 -1.5 6.660828626801221
3.130326735882036 -1.5 19.13089745561332
-3.213168784163507 -1.5 19.3363314710384
2.877732608033492 -1.5 5.941684451390916
-4.059453184181457 -1.5 3.029641814138075
4.049646056280134 -1.5 2.867970635166325
3.025387971987852 -1.5 10.04780301685274
-1.700348201144037 -1.5 16.91777256679394
3.073419133877973 -1.5 13.48997271815701
-5.957989396986435 -1.5 19.6231246763823
5.952242504350146 -1.5 19.53977004945732
7.033058979169574 -1.5 2.563010571282628
-7.033058979169596 -1.5 2.563010571282591
-1.338611761119474e-14 -4.935604430381225 22
3.360586006127256 -4.061368170949772 22
-3.360586006127279 -4.06136817094976 22
-7.909487973314067 -4.907185768843192e-14 0
-10.25639961849221 -3.507512400705078 0
-10.25639961849225 3.507512400704967 0
-8.487246032801329 6.741619222895045 0
-8.487246032801263 -6.741619222895128 0
7.909487973314082 -7.885165086143733e-14 0
1.776356839400251e-15 0 0
3.954743986657032 0 0
-3.954743986657029 -1.110223024625157e-16 0
5.874948782831618 -3.230160805719968 67.28699422121484
4.506801997447335 3.141110548556895 82.67373357708611
8.847295239772535 -3.254968410217793 32.69230769230769
7.627969614727161 3.071355614048278 47.99024071016398
9.159500042799657 3.293131521724414 28.7985255698915
6.869379998302799 -3.287717112340353 55.70899894476794
7.867941861712451 -3.276727156126993 44.17953275857112
9.798498096784749 -3.297515537212519 21.111610245
-11.09527489538306 -3.809012682760156 3.419408766471425
-6.625189608636713 9.700774998175879 3.211336219496806
4.120956139303948 -3.164651533575192 86.45438299149789
10.12575952959035 3.272189207054331 17.26334570097736
-2.879762434608137 -11.37192468062312 3.419408766471419
3.842648578609124 3.033066708623064 90.27185251150556
4.790677619860844 10.6990259056463 3.524486240569336
4.865314593390361 3.724607644451 74.61953890611392
8.191770587662631 3.286666369229235 40.32301193828322
3.99894295040083 -4.222848239847759 78.577206280026
5.680333820191566 3.568543686048832 67.23798477172095
6.423531489804303 3.494192926441408 59.56165115314533
10.4335831550334 -3.302239113208106 13.42163899493247
-2.723844371020307 -3.415592807225228 96.96476903409871
7.945113376504919 -8.63069383398738 3.419408766471524
-11.16774454504261 3.60455789643243 3.366532034876158
10.76592478634692 3.249547895367116 9.584894975564891
-2.638657830116785 3.519981895389573 96.57757072737122
9.934383933007995 6.236250847388837 3.436140910181822
11.06555625010633 -3.306234306777092 5.731422828049544
3.374681076322981 -3.113226891838579 94.13560339841074
4.827417538278557 3.216346875626802 78.76877898644236
6.195068113102339 -3.26720803300037 63.48246542003737
6.522643884566843 -3.298993271034273 59.59893170264564
7.86794186171622 3.276727156117102 44.17953275857522
0.8839995536649154 -4.277270915255913 96.9780051014548
-1.026363288231772 -4.496791380231672 93.86791657696068
-3.991835062572642 -2.338425646660641 93.69128871488709
-2.66577845669365 -4.082165216048411 90.52542420861383
1.105752485241562 5.583102257188163 80.15648185818667
-4.789128428953244 -0.9989742850671126 90.31305827561987
-4.063088607620149 -3.137996432840815 87.24358030608931
-5.133833222096308 0.5167243968547338 86.91333671737358
-5.092118266449201 -1.791241607204491 83.88658618618959
-4.137556115088588 2.681749597375723 89.82481192286889
-3.534500226286887 3.814328604518613 86.3999997465765
-2.745413899728314 -4.619090347023893 84.19909526278259
-4.22996612394823 -3.731065650714707 80.80710936569365
-5.662507426868378 -0.240290175285007 80.46072606955452
-5.379571385480122 -2.441153893411545 77.41205295639891
3.812537713136523 -5.706104615361956 65.27704605175791
4.617669042457515 -5.882037315712513 57.45682372450987
5.013926994767433 -5.950202359229829 53.60714218531478
3.44580316110292 -5.583559261506456 69.10616934564808
0.4799885645820255 -6.713976954122603 66.94756323611877
0.08067629912307764 -6.430114466848985 70.76567548197627
-2.964878728430524 -5.908535531924343 68.47760346738464
-2.599128252299687 -6.401857901772972 64.68271715221078
1.822058900518678 -7.428946596424666 55.28308120268062
6.206963665807537 6.07642501245541 42.10635631986352
2.321738429139524 -7.607764779977847 51.40735685208157
6.586942705804071 6.115925221813606 38.26528455380529
-2.812678605682063 -5.172468904770622 77.66350481134629
-5.81020252832096 1.250485851098765 76.95836141962462
-6.165092563045925 -0.5216707029103569 73.85958923320663
-5.385287846968722 -4.150060254536879 66.08691041407205
-5.210856238964572 -4.818165634897091 62.29822298493346
-1.281455386746245 -7.728559259313775 52.93307566945568
-0.7556437576710229 -8.100786428819255 49.09736679829788
-6.835376674478202 -1.50152702328219 63.55193902497071
-6.8953985638479 -2.371787903235037 59.82200096701887
-4.132067122514229 -6.875910663896645 50.54556583357218
-3.697467570959165 -7.457494995131562 46.71066311626932
-6.498127467311024 -5.03326614978404 48.03638789029804
-6.17409276633236 -5.869078064135874 44.23616212711316
-3.240464014334873 -7.990721362605575 42.91172244122902
-5.78941596100004 -6.645872857573374 40.48314520639974
3.693906968206344 8.049686044976472 39.93851008335687
4.134391841720569 8.172328168323794 36.10327859447883
3.24773791709705 7.914678770985745 43.77145200323692
0.7087460644369424 9.006567378694299 37.68138464427728
1.170528299457332 9.262394409478953 33.84851915673548
-7.979118988772915 -2.70272942210101 45.43187519288723
-2.366257135990819 8.909786217173416 35.34043324709631
-1.899130773349029 9.327690672269126 31.52332644698282
-5.192952398977638 7.846527000606347 32.91809012910569
-4.811299129914388 8.433641282553868 29.10322539990732
-7.506974527155121 5.993507290851302 30.41762227827696
-7.24871662008248 6.750219218024313 26.61928910033867
-9.131932661655044 3.580292058813831 27.84304835685963
-9.068448749393383 4.461750540046031 24.05754016975807
-6.967394837205521 7.45733848644841 22.79863382819123
-9.980126648850462 0.8565894460888536 25.1986971379029
-10.15419897718538 1.805777103024563 21.42882606062422
-10.04463641362146 -1.938850917149488 22.48938398750698
-9.513115766581898 -2.866332958456324 26.231271669112
-8.588624840027835 -5.418324892087368 23.4437633659553
-9.371143126289684 -4.619239857459839 19.72307234611857
-1.419625655976409 9.717265207190096 27.69423427048294
-7.690192291218398 -6.176047037393514 27.15068253528339
-7.067998281176298 -7.600004106577792 20.6010297956319
-8.074584065326178 -6.976008717186145 16.89049670264368
-5.09510074503403 -9.302833715755831 17.70314664834458
-3.80897315700909 -9.589526396868541 21.36803796610631
-10.07804915672593 -3.716779981858818 15.98974965035133
-1.442504461167937 -10.45276787633676 18.40070896075381
-7.718961227819634 5.201091349422219 34.20861852507957
-2.749053036323507 -8.487945482173064 39.10939404913289
-7.952616251937997 -1.67937243134279 49.19841456651537
-2.971103130393116 8.405589884030304 39.19566990186135
-8.281015778371659 0.9927649321509149 46.5007447891933
-7.771698232495802 2.086584415580848 50.22848082172056
-7.090913320315571 1.245277069962893 60.99704788537785
-5.367379301326489 3.141242985921113 73.45435805427913
-0.03539890561250933 -10.26679724055505 22.02165370464729
-6.115709692338833 -9.019843504254096 14.00627299857957
-6.919223728790412 4.52406032465163 47.43265434102963
-6.012793812779818 5.243388892451155 51.10568332408588
-8.876763165016811 -3.765013511079005 29.95853786064204
2.338125083911809 -10.24300655393842 18.97703730301255
1.003204454664341 -10.74164268512381 15.39499536551311
-8.655117138191619 0.09379297632542652 42.49430931194762
-6.557994113214501 2.167314635567442 64.71464105723749
-5.426722596105965 4.608770664522535 62.01012926974676
-4.33746054066362 5.278741483815187 65.66338635933795
-6.688168338135347 -6.848746292063127 30.84154762935313
0.2828730026505684 -8.73114363877526 41.47655002805195
0.7961395862621183 -8.995101375679322 37.73406019800997
-2.271907364984417 6.676166366736295 62.86844842764245
-3.5907814619377 6.400069192296599 59.22909473994349
3.737177193277173 -9.516930950789021 22.56106707914383
1.37456985652575 -9.888718448840308 25.61829299880311
4.998658235551269 -8.597409880254652 26.11187946159625
2.75484411755528 -9.303183751677793 29.19257886226519
4.428544070618762 -9.793491564291102 15.90522729981095
3.399731587963144 -10.49166079329055 12.34101972288651
-4.17839410531735 7.059765573465056 48.23766970697871
-2.805187168983727 7.402637981600896 51.88807271465378
2.786271178137987 -7.771016186145773 47.5793691427701
-4.622351134287265 3.314360001962584 80.20405706896368
-7.727432056650488 -5.259753916043813 33.70153530212789
3.766813968535787 -8.016810628192339 39.92721578784215
4.570676379005317 8.283433150717864 32.26385649927539
4.182069334527472 -8.145568706007595 36.13113308313779
-7.205886518419678 2.872926734776119 53.90631740709625
-0.3978239080306299 -11.06543438541807 11.78394585525415
2.03489523338958 -11.12769144198692 8.739076801049739
-4.63013387819536 -6.179738869944697 54.35876610373489
-0.9279867091064998 6.702689469591728 66.4963421284174
1.221430291418448 6.890188878039602 63.56134700536274
-2.269070761415986 -6.842902608384248 60.87162231024537
5.622550496097677 -9.774274748247793 9.198534470060325
-2.022190161951 -9.001155889320914 35.25322032515788
-0.5317962880271979 8.134277638173716 48.89801475542109
1.132859049189571 7.787136084162232 52.48796167249958
3.042049386686659 -5.479619946362106 72.839592851288
-1.059099753903417 -9.689291824067022 28.62704059232448
-9.333319139130255 -1.309152375450627 32.72245353193533
-8.952505854010637 -1.82693790743278 36.37765960920566
-5.377215679992243 6.56516135766609 44.64691121550522
6.617595383546755 -6.082743688608624 38.2652959240046
-6.406536851489519 0.7892861367720568 70.45623789250921
3.228525825716644 7.4406993895092 49.41516225597314
4.470515647490385 6.43389595151584 52.92677380835377
2.020359775672574 7.305941759763625 56.15954867467679
5.764821097078952 -7.758071197115803 29.66333121281595
7.870651626397725 -6.030180031221177 26.49051254801338
-3.131333673661073 5.749672787423978 69.28617875485705
0.4972751318627148 6.464160894797213 70.09682948118841
1.835969861595812 5.042167089272891 84.29263273913001
-2.786567643894301 -5.698042049314473 71.88000837223558
-1.828027977962875 -11.21163617196819 8.135957467342912
4.17794337245293 -10.7817331378281 5.553704144323714
-1.759326447936041 4.666114803560899 89.11155932977462
-2.342848884202351 4.088918278282263 92.595742623115
-2.82957408275352 5.570535946717467 73.08623583772426
0.847955924972116 -4.793727963895563 90.61878197949628
1.052959554988209 6.109556146997459 73.70070106175102
-0.8616981391787983 5.908244722097452 76.60885956366151
3.77718356676335 5.213700092675611 70.66999599897757
-4.373750802051181 -0.05939083084256601 96.89556036861843
-0.2940378959458637 -6.12303624873106 74.58424945288357
0.9687780367573265 -5.769409984706773 78.14085417498713
-7.490353862666701 0.3193809226275104 57.21400939500154
-6.927129166953492 -3.102818807012349 56.03059375008832
-1.410667243050298 5.352171466996207 82.14619156152276
0.3519663673954828 -9.4570984115455 32.22743651289926
4.164004122075112 -5.844122410089869 61.29674926410583
5.106298431481481 6.626767480330447 46.17558210459693
0.8304318027704001 -6.982278369896504 63.13092644184977
9.148539001936843 -3.309353382876334 28.85961457651511
3.086068392487017 3.39792548907754 94.15074074564556
0.8966361378970821 4.274925610796624 96.97445074261859
4.177818497066078 3.088603493786337 86.45885815610755
4.443947486658613 -3.237287776676124 82.61493731758507
1.623482790221525 -5.11487189427003 84.28863516158025
-3.350603351213378 -8.910163861320527 31.51995482541679
5.085298599446515 -3.376702520395812 74.91207193905539
-5.123869067664563 1.767863306856414 83.60334020285738
-2.449463827926007 -9.728048234695541 25.00975538896924
6.213859897271856 3.245523368553678 63.39908885684818
7.541270426403965 -3.271842904183838 48.02379992311081
7.198368641170004 -3.297545621486387 51.8702628256825
6.885616509456053 3.282294936428834 55.55253424258825
7.165596674827529 3.366773046013793 51.87779094789516
8.184695840166892 -3.295219023378571 40.36589481953072
8.528980688111826 3.252710345873322 36.48995650731589
8.85707784952098 3.238549095121609 32.6474491568997
3.277608610642594 -7.903557925245846 43.75734004081843
9.486976899869793 3.274641124481096 24.9520050701339
7.711794484806559 6.205430657353546 26.7028327648906
8.096293440656572 6.205802113027934 22.85749927355331
5.453281279937736 8.465918114494563 24.51972845052745
5.897206501408056 8.533912431512725 20.66957948688583
2.661926755344976 9.896509167268375 22.25801995069361
3.154866879493884 10.0687856764938 18.40525199367914
-0.3941133253369725 10.42530499220024 19.91377688329572
0.1261856037077595 10.73480037772649 16.06646227418323
3.690855251573767 10.2078865863539 14.553089974626
0.6749955704491369 11.01780446624331 12.21750389766431
-2.924091733750732 10.52679506207718 13.65445884648412
4.1731717453789 10.34800442397596 10.70113309687256
-2.417147768407617 10.96539213062889 9.801017538673195
-5.769949636918496 9.507368960447845 11.16547355716499
-6.202929392721948 8.864408630631342 15.00408269622568
-8.527315771445073 6.97549961115271 12.49111033448908
6.808644231686454 8.615389093972176 12.94750430368014
7.253842987546591 8.632147660370931 9.208287301732788
-8.76194332449986 6.177795294469859 16.2530346477011
-10.27563582092261 3.722115711376022 13.60846392122918
-9.961103908781144 5.174351753550465 9.84907331520051
-11.07398865200277 1.252528735231666 10.86891960451997
-10.25871742516492 2.784247695232509 17.40964105409701
-8.943371746959249 5.318980697960642 20.25941847997425
-6.595060730208809 8.18836014546733 18.88149763837882
-11.32960490420437 1.719777391992611 6.869122192753273
-11.148839875669 -2.160673773579804 8.179212216103416
-10.71108248130366 -2.767723738730385 11.90708426360145
-9.756762198452307 -5.65499286500036 9.185107810051997
-5.599783604751877 9.996174157639032 6.889363332051821
-0.8803069986375469 11.49219047070624 6.024556575725875
-8.40010503527343 7.866558392437563 6.24568848807063
-0.9239740998479763 10.08843132369194 23.7522777959847
4.99491078732928 8.394024340328711 28.36353067065588
2.146221337105979 9.711041860823219 26.10641170318743
1.661969481654651 9.498462980017274 29.95149425074294
-9.084163645003224 -6.17695433121694 12.89299875625229
-7.424260832147166 -8.388975814358538 10.1340161338981
-8.342063937586865 -7.911626854084491 6.389639917104992
6.338330472483198 8.591644049863998 16.81480040697924
-0.05910600088012801 8.740867826148797 41.40866150660128
10.12157530385624 -3.270620973924703 17.32006265605408
8.139298323459148 -6.612937252933286 19.22330807652002
10.45139877359362 3.246050671037245 13.41923524793387
5.40246487333331 -6.011954636903909 49.77386963541691
10.754151687105 -3.287654395437099 9.58729490910172
9.347602367989293 -6.597439409512952 7.098661677005164
2.724734829946107 6.137986468720753 67.14488170813156
-5.932105115437711 -8.159719670849807 24.29227831068334
-0.2633505250976083 -8.431552481758567 45.28918023005806
-4.713076984114489 -8.592124920337955 27.95513802367298
-3.440313486324377 10.0504006110471 17.49753218465329
1.488520188472816 11.23283884908874 8.500002444383993
-5.395823561480783 -7.34114770621798 36.71028912556325
-10.83903293809823 0.005318630796569998 14.75146860008006
-5.007277589261714 -5.442575030346838 58.5048335446347
-1.841343461939267 -7.286839245700114 56.9760455470106
1.300005594612753 -7.223415821722248 59.21770826034656
-6.742623462219999 -4.103296291846823 52.18393000422154
-5.716326568350278 -3.066727201780259 70.04927129087532
-3.917500606579465 9.54842020313467 21.33611942142936
-4.377795477825036 9.011118237523386 25.1805135792842
8.479285352186436 6.192535760809498 19.06186093505509
-10.47181638706899 -1.029767333598562 18.77561946830696
6.971797085516194 6.141251201015787 34.42231216634645
-2.720292697286313 -10.48816070311439 14.8002176178399
-7.921691461776935 -3.629839033123484 41.75613863817861
6.791824927593785 -8.644422028110931 12.79002264119047
7.327558787193708 6.195094961609829 30.55293059776293
-5.71340309980764 7.089913971552911 36.77830158363728
-7.932987350529539 4.27476488438962 37.97335939295407
-7.741122954985649 3.631064235349487 43.83112181255949
1.129118802278838 -11.52952597244378 5.277103814922574
-6.306896368654249 3.877561372251639 58.40354511502901
-4.727642403482276 5.982642399656156 55.58798953123497
6.94149843049695 -7.458925627111173 23.00828621486058
-5.227771586222801 -10.24044250821668 6.382794525045579
-2.075710937605995 8.162666796301552 45.45705173576734
-9.054216096336107 1.716525277607341 35.3805319461252
-9.142456559894599 2.623366970242296 31.62077048258598
-0.9654549380464944 -5.545679440905412 80.95007612706029
-9.718017839249555 -0.249667365476692 28.954588875561
0.1844308303700869 7.272724765042561 60.03601812295649
3.763455722667522 6.175811010225442 60.58106128432755
8.932276378650043 -6.071727263121827 15.24072022914542
-0.995546306905546 -5.027522698236958 87.35333293797834
-8.89394136175202 0.745512284505119 39.06990213457696
5.823720768533533 -6.031262335796172 45.94533856033326
6.221075840977803 -6.061887847500655 42.10713891596038
9.810205361255028 3.26285704152177 21.11026347117415
8.524703096114095 -3.256927009736519 36.5216281102507
6.77308019867948 -6.412510542647878 33.96233806010533
7.842842658680521 8.740087384385996 3.264813238367732
-11.73666604211394 0.04718123912198847 3.344770207887467
1.364956642953298 11.6576029394764 3.338676881981232
8.856323646309251 6.188877031551173 15.19059281774096
-6.509874911342352 5.861787383422616 41.16707155845945
5.510561892368267 -3.260480528041694 71.11800049629417
-4.520169591478988 1.13013090649653 93.27236550572781
-4.065882773868257 -10.34400619349127 11.25262663131929
9.220964842199351 -6.185945574203293 11.38859328855225
9.23597620733973 6.158106193995143 11.42669683907015
9.5401383138631 -3.114025745029455 24.96125365317625
5.731128769878413 -8.752039056298981 19.54786297346317
-1.388243359040712 7.435756021604778 56.36170793036054
3.537620981924722 -8.752463845550352 32.52331752926103
-6.694515307006637 -0.4965511115257674 67.17890711646174
4.934850131356391 10.32207204762327 7.101970952241032
10.22813237147876 -5.778600291799357 3.206609444451877
11.08750541272171 3.153571137340417 6.006695905809782
9.60176282794899 6.157129760881615 7.543441709773377
2.607399893017845 5.333503181218848 77.04112078321717
-7.751528807895391 -0.6937296384277464 53.58829323256236
-6.601567634890247 -9.704141012925399 3.345045089028863
-3.906785866685649 4.529931046752375 76.46707957355923
-5.792076885803182 3.234726505344512 68.17991045675589
3.896322243165391 -2.959271029551271 90.30668068446451
-7.687292029794707 -4.705470661135637 37.95220431377768
4.920533285336564 5.659045890671481 57.18940146321037
-9.280849142450101 7.218902469475398 3.076981978126068
-9.478640382930346 -6.948718008067598 3.140434535076523
1.155659755147336 4.618037033545548 91.98729616822718
-3.21497733985042 8.042032249037607 42.42789474018845
-2.892848084297142 11.42359874264701 2.742102152583454
5.890848320040124 5.524136024972353 49.86198197103458
2.351306793261672 -5.096052384266798 81.16287809104887
-10.27806567684157 5.150527885476923 6.399199155814159
7.426746057731238 -8.74692889001328 6.676461818667534
1.75588275079686 8.140058627093328 46.6662662741738
5.843400596558062 2.619107323283989 71.1100352539311
-4.794602735897391 -3.817703878750042 74.59974786097155
1.599749714055551 4.833800459154224 87.77900144329466
-8.235413693602602 7.680697377931554 9.387047607529796
4.038014662614717 5.662584283741199 64.10426609641576
-5.435647962819329 -7.612152158927972 33.62481974676399
4.741202203840103 -10.80885229973906 2.503403642143319
-8.187494106088414 3.189855961869883 40.82585152574934
-10.40573857167806 -4.96682369882706 5.967600324997659
2.932512500193272 -5.267192779096479 75.87495711490459
-2.298023541142042 5.281000469108993 79.29523501135938
3.401924665598388 2.710417923755046 97.20691102360901
3.381874663650461 -2.735053705927261 97.20963034479777
6.92778676966162 -8.128636587883909 16.76828665736135
7.871445718488428 -5.480173110794928 30.6061511639994
11.44288147924984 -2.793102482646737 2.810165575525718
11.37540898880102 3.031237783099012 2.89250942012105
1.319030403659179 -9.157614820339925 34.91510807959095
1.990792781939702 -4.670423692158315 87.96482468399363
-1.288897182403153 5.078282387906814 85.90290690964989
0.9764171912357643 -11.78360310226356 2.236444304453248
-8.644075940784488 -2.113965707360854 39.40429761903668
7.925548038073379 -7.992321451687068 9.456815358023059
7.557522041253812 8.688419731515177 6.157239414904633
8.758963233075743 -5.196272002011414 23.07021106945081
-0.07514204799578754 4.566536278295077 94.44325713841296
-5.246263072691189 3.703661761195112 70.87688915683381
2.425676498491834 11.28193880764824 5.847909791296004
0.5411911506783982 8.508106785517054 44.15022810108035
-3.694754642243721 3.978483674823632 83.48603166944127
-11.431090150645 -1.834268113223035 5.370645908214003
8.0226825301622 4.675530036987453 9.076184615202759
7.464198818796956 4.485706240634981 16.41163028536138
2.832424825386292 9.136069238282243 5.526424257767777
3.08621111091105 8.450139222331941 12.75594488745473
7.569220907142832 6.160519960780086 3.05761868693253
3.107164960320517 8.747818951245513 9.107117542311595
6.268444649881467 7.104355092051096 6.677707811749568
3.131794407265593 8.122134050401181 16.45440906242088
5.889520037756733 7.001443230688783 10.81127715620739
7.800992066495889 4.486096376055378 12.71994385116714
5.467573174710481 6.522792293336486 18.9165122150243
5.694803634456879 6.785240476744214 14.50610172109248
4.965499111142584 8.424733170935278 2.805817293603114
8.500573776290368 4.344385853013668 5.763740768626151
7.426110636741836 4.090479652951774 19.33685108450377
2.697628059025506 8.0364050586139 19.35044481901059
2.449801247642842 9.488768368166868 2.542374593708827
8.943291384052181 3.996204752676515 2.598228865579586
0.04558283424493226 1.5 19.17181851753323
-0.02392536509182008 1.5 3.536097932261745
5.692763421204585 1.5 12.56573556289729
-5.856320858624784 1.5 12.41944512840077
-6.45367141207187 1.5 5.167030856062685
6.398835491663359 1.5 5.417913754482918
5.991493393806111 1.5 8.93496586373756
2.692571159635946 1.5 10.49525246979918
2.319768493099697 1.5 13.9719553482194
-0.4996562773641884 1.5 12.05012069503141
-0.3041712384154547 1.5 8.429482733526644
-1.166279140801203 1.5 15.88114384093258
5.141955561268579 1.5 16.44590185191863
-6.061359599768625 1.5 8.62315332504914
-5.196063146368607 1.5 16.23456273271872
3.039262026033589 1.5 6.660828626801231
3.213168784163503 1.5 19.33633147103841
-3.130326735882031 1.5 19.13089745561332
-2.877732608033492 1.5 5.941684451390934
4.05945318418147 1.5 3.029641814138082
-4.049646056280142 1.5 2.867970635166333
-3.025387971987865 1.5 10.04780301685276
1.700348201144033 1.5 16.91777256679396
-3.073419133877987 1.5 13.48997271815701
5.957989396986431 1.5 19.6231246763823
-5.952242504350142 1.5 19.5397700494573
-7.033058979169578 1.5 2.563010571282636
7.0330589791696 1.5 2.563010571282602
-8.017788535771736 4.683661017330149 9.07782842686632
-7.464198818806341 4.485706240617945 16.41163028537066
-3.141092027516721 9.040253100612443 5.458533053512663
-3.135196475036616 8.429294433165907 12.78920526040479
-7.569220907142834 6.160519960780083 3.057618686932527
-3.129698149132795 8.739661791215569 9.108562761876426
-6.236266515585062 7.11751413923231 6.822118443204287
-3.133706269790107 8.121116305696377 16.45773177458258
-5.89331718468032 7.00207342672803 10.77408711754689
-7.804923124735961 4.479563856432958 12.71798164592763
-5.468388571835832 6.521909287976206 18.91845400571552
-5.705285139930177 6.776218050335912 14.5081580400049
-5.051899361256024 8.37184316141853 2.820672795094361
-8.500573776290272 4.344385853013274 5.763740768629503
-7.426110636748213 4.090479652938205 19.336851084516
-2.695951397265528 8.036815478137873 19.35227830818582
-2.449801247642861 9.488768368166864 2.542374593708814
-8.890744610304923 4.092075770233953 2.703140372415208
-6.661338147750939e-15 5.900042359436546e-15 100
3.743037625879099e-15 4.935604430381228 22
-3.360586006127247 4.061368170949781 22
3.360586006127257 4.061368170949774 22
1.77635683940025e-15 -3.996802888650564e-15 31.25287011445244
0.005967941868538773 0.002771269941723276 40.07625813285226
0.04643356470930804 -0.004512897501967927 48.25550137366887
0.07945201760952791 -0.1816466528983769 55.71998057134965
-0.004780767066153935 -0.05104192479610581 63.36676306489982
0.00146932025984281 -0.0003443590263434437 70.41728173944129
0.8747499595507024 -3.515597481495234 35.66507910280137
-0.05852371009680546 0.0993578885047901 77.58288229789956
3.511075317169727 2.419924039611557 27.46221337141263
-3.460913429588489 -2.390190912660823 27.43094409936103
2.066925477656461 -3.859887362780716 27.56975097372706
-3.181812460497047 1.938125449470599 35.66610995288536
-2.881541000472631 3.256042855979463 27.60056851063155
2.567515722437003 2.655562208791182 35.66199590199817
0.02679928454714275 -0.02038028060828778 83.06016465636307
-1.625110948865723 -3.041067269785827 44.17134187917727
3.435362355185968 -0.3109942877700993 44.14873723349802
-2.511762716515273 2.159823223399107 44.18036020410754
-0.03599444500217874 -0.1089460116978682 88.81305565198616
4.85593064072945 -0.2582740390243318 32.33255204231126
4.283956291136692 -1.131775020635798 38.12945229563267
0.8779696655634317 4.872106895014213 31.55902718897418
-0.8581253982285362 -4.764359260241476 31.3202233137636
-3.403361157413283 -2.462574035483453 37.67688361011088
-4.819843562965059 0.494940461405462 31.08254570459729
3.522817409390638 -0.204693853277701 51.57751757594341
2.106838257035159 -3.925581426868261 41.49673092265499
1.604302984606923 3.695571425346507 42.50708526190503
-1.547895416210623 -2.898736778972937 51.92828750439718
-4.034405998439935 1.842090869967654 40.02208453566172
-0.4982061149312735 4.208862474275474 38.56392065213262
1.554312234475219e-15 -3.774758283725532e-15 25.89355169223193
5.641582090282273 -1.394675596078975 26.42431501168176
-0.08430652446065001 3.066379612060859 52.06336699221279
-0.02628323929602416 0.05479131496503076 93.43371571902456
-2.771859272594819 -0.04324148319107657 59.51117868575725
2.843945096802365 -0.2985776162728211 59.57740038709257
2.479450427193763 -3.437765777698145 47.05635984293817
0.6912106586101432 5.757631850516185 27.28048516009802
3.52497846202959 -4.417512254624254 31.69737520824547
-0.02695100063811839 4.195455337262118 47.11692186628155
1.574431559122392 -2.234912244392847 66.88568556781662
-4.158402955722187 -0.801915775309219 47.05632868173717
-1.392551970019647 2.426589555542879 67.09648139693958
1.231432474607155 -1.844948160168493 74.0469759634679
-1.438667773273808 -5.994254437961083 26.65728937616677
-5.860746193638397 0.7539647587350201 26.01581360845161
4.199668866561135 2.772355975594134 39.44324197355053
-3.278326554132272 4.35233684373924 31.62423751737125
0.2724058905464717 -3.452103087541892 60.85421886288087
-4.102794273382932 -2.9836951492971 33.48089117677013
-1.731135371071436 -4.822290221300397 40.52526476053411
-4.774377867346834 -0.8996730590713181 42.87258982184913
-0.5842164577272286 3.451076985042202 58.05856699912967
-2.007501832943587 0.7546846023316912 73.97370146629257
-1.393193476515167 -4.20748500452718 48.07059855296887
-3.688017916397852 0.809112091387088 51.08423397476793
4.654045212483993 3.734574618627486 32.22430161905022
3.578900151868188 2.120588509763096 47.54882169537918
-2.469581902193228 -1.555913612490818 67.47790749028997

CELLS 3613 16487
1 0
1 1
1 2
1 3
1 4
1 5
1 6
1 7
1 8
1 9
1 10
1 11
2 0 12
2 12 13
2 13 14
2 14 15
2 15 16
2 16 17
2 17 18
2 18 1
2 0 19
2 19 20
2 20 21
2 21 22
2 22 1
2 2 23
2 23 24
2 24 25
2 25 26
2 26 27
2 27 0
2 2 28
2 28 29
2 29 30
2 30 31
2 31 32
2 32 3
2 1 33
2 33 34
2 34 35
2 35 36
2 36 37
2 37 3
2 2 38
2 38 39
2 39 40
2 40 41
2 41 3
2 4 42
2 42 43
2 43 44
2 44 45
2 45 46
2 46 47
2 47 48
2 48 49
2 49 50
2 50 51
2 51 52
2 52 53
2 53 54
2 54 55
2 55 56
2 56 57
2 57 58
2 58 59
2 59 4
2 5 60
2 60 61
2 61 62
2 62 6
2 5 63
2 63 64
2 64 65
2 65 66
2 66 7
2 6 67
2 67 68
2 68 69
2 69 7
2 8 70
2 70 71
2 71 72
2 72 73
2 73 74
2 74 75
2 75 8
2 4 76
2 76 77
2 77 78
2 78 79
2 79 80
2 80 81
2 81 82
2 82 83
2 83 84
2 84 85
2 85 86
2 86 87
2 87 88
2 88 89
2 89 90
2 90 91
2 91 92
2 92 93
2 93 94
2 94 95
2 95 96
2 96 97
2 97 98
2 98 99
2 99 100
2 100 8
2 9 101
2 101 102
2 102 103
2 103 104
2 104 105
2 105 5
2 9 106
2 106 107
2 107 10
2 6 108
2 108 109
2 109 110
2 110 111
2 111 112
2 112 10
2 7 113
2 113 114
2 114 115
2 115 116
2 116 117
2 117 11
2 9 118
2 118 119
2 119 120
2 120 121
2 121 11
2 10 122
2 122 123
2 123 11
3 12 166 0
3 0 166 27
3 1 160 18
3 33 160 1
3 23 156 2
3 2 156 28
3 32 158 3
3 3 158 37
3 13 165 12
3 12 165 132
3 132 166 12
3 14 128 13
3 128 165 13
3 15 152 14
3 14 152 128
3 16 124 15
3 124 152 15
3 17 159 16
3 16 159 124
3 18 148 17
3 148 159 17
3 18 160 148
3 24 130 23
3 130 156 23
3 25 144 24
3 24 144 130
3 26 126 25
3 126 144 25
3 27 162 26
3 26 162 126
3 132 162 27
3 27 166 132
3 28 145 29
3 28 156 145
3 29 125 30
3 29 145 125
3 30 133 31
3 125 133 30
3 31 131 32
3 31 133 131
3 131 158 32
3 34 129 33
3 129 160 33
3 35 143 34
3 34 143 129
3 36 127 35
3 127 143 35
3 37 149 36
3 36 149 127
3 37 158 149
3 141 152 124
3 124 153 141
3 151 153 124
3 124 159 151
3 125 134 133
3 125 135 134
3 125 145 135
3 126 155 144
3 126 164 155
3 162 164 126
3 127 163 143
3 149 161 127
3 127 161 150
3 150 163 127
3 128 152 141
3 141 154 128
3 154 164 128
3 164 165 128
3 143 147 129
3 147 148 129
3 148 160 129
3 144 157 130
3 145 156 130
3 130 157 145
3 133 142 131
3 142 161 131
3 149 158 131
3 131 161 149
3 132 164 162
3 132 165 164
3 134 142 133
3 135 136 134
3 136 137 134
3 137 142 134
3 135 146 136
3 145 157 135
3 135 157 146
3 136 138 137
3 136 140 138
3 136 146 140
3 138 139 137
3 139 150 137
3 137 150 142
3 138 153 139
3 140 141 138
3 141 153 138
3 139 151 147
3 147 163 139
3 139 163 150
3 139 153 151
3 140 154 141
3 146 155 140
3 140 155 154
3 150 161 142
3 143 163 147
3 144 155 146
3 146 157 144
3 147 151 148
3 151 159 148
3 155 164 154
3 0 194 19
3 27 194 0
3 22 193 1
3 1 193 33
3 2 191 23
3 38 191 2
3 37 192 3
3 3 192 41
3 19 186 20
3 19 194 186
3 20 168 21
3 20 186 168
3 21 187 22
3 168 187 21
3 187 193 22
3 23 179 24
3 23 191 179
3 24 169 25
3 24 179 169
3 25 173 26
3 169 173 25
3 26 172 27
3 26 173 172
3 172 194 27
3 33 171 34
3 33 193 171
3 34 180 35
3 171 180 34
3 35 170 36
3 35 180 170
3 36 181 37
3 170 181 36
3 181 192 37
3 39 184 38
3 184 191 38
3 40 167 39
3 167 184 39
3 41 183 40
3 40 183 167
3 41 192 183
3 167 183 178
3 178 189 167
3 167 189 184
3 168 182 177
3 177 185 168
3 168 186 182
3 185 187 168
3 169 174 173
3 169 175 174
3 169 179 175
3 180 188 170
3 170 190 181
3 188 190 170
3 171 185 180
3 171 187 185
3 171 193 187
3 173 182 172
3 182 186 172
3 186 194 172
3 174 182 173
3 175 176 174
3 176 177 174
3 177 182 174
3 175 178 176
3 175 189 178
3 179 189 175
3 176 188 177
3 178 190 176
3 176 190 188
3 177 188 185
3 178 183 181
3 181 190 178
3 184 189 179
3 179 191 184
3 185 188 180
3 183 192 181
3 38 2 28
3 3 41 32
3 29 197 28
3 28 197 38
3 30 195 29
3 195 197 29
3 31 195 30
3 32 196 31
3 31 196 195
3 41 196 32
3 38 197 39
3 39 195 40
3 39 197 195
3 40 196 41
3 195 196 40
3 7 0 51
3 7 198 0
3 12 199 0
3 0 198 19
3 0 199 51
3 4 1 5
3 59 1 4
3 1 203 5
3 18 1 59
3 22 203 1
3 42 4 5
3 5 60 42
3 5 203 63
3 46 45 6
3 6 45 62
3 67 46 6
3 51 50 7
3 50 200 7
3 66 198 7
3 7 200 69
3 13 202 12
3 52 199 12
3 12 202 52
3 14 54 13
3 13 54 53
3 53 202 13
3 15 55 14
3 14 55 54
3 16 56 15
3 15 56 55
3 17 57 16
3 16 57 56
3 18 58 17
3 17 58 57
3 18 59 58
3 19 206 20
3 19 198 66
3 66 206 19
3 20 204 21
3 65 204 20
3 20 206 65
3 21 205 22
3 21 204 64
3 64 205 21
3 63 203 22
3 22 205 63
3 42 60 43
3 44 43 61
3 43 60 61
3 45 44 62
3 62 44 61
3 47 46 67
3 48 47 68
3 68 47 67
3 48 201 49
3 68 201 48
3 49 200 50
3 69 200 49
3 49 201 69
3 51 199 52
3 52 202 53
3 63 205 64
3 64 204 65
3 65 206 66
3 69 201 68
3 42 560 4
3 4 559 59
3 76 559 4
3 4 560 76
3 8 555 70
3 75 556 8
3 100 555 8
3 8 556 100
3 43 233 42
3 233 560 42
3 44 507 43
3 43 507 233
3 45 221 44
3 221 507 44
3 46 509 45
3 45 509 221
3 47 538 46
3 46 538 509
3 48 216 47
3 216 538 47
3 49 534 48
3 48 534 216
3 50 230 49
3 230 534 49
3 51 508 50
3 50 508 230
3 52 215 51
3 215 508 51
3 53 535 52
3 52 535 215
3 54 528 53
3 528 535 53
3 55 219 54
3 219 528 54
3 56 564 55
3 55 564 219
3 57 550 56
3 550 564 56
3 58 229 57
3 229 550 57
3 59 523 58
3 58 523 229
3 59 559 523
3 70 397 71
3 70 555 397
3 71 232 72
3 71 397 232
3 72 385 73
3 232 385 72
3 73 228 74
3 73 385 228
3 74 240 75
3 228 240 74
3 240 556 75
3 77 234 76
3 76 524 77
3 234 559 76
3 76 560 524
3 77 231 78
3 78 460 77
3 77 524 231
3 77 460 234
3 79 227 78
3 78 458 79
3 227 460 78
3 231 458 78
3 79 218 80
3 80 456 79
3 79 458 218
3 79 456 227
3 81 214 80
3 80 504 81
3 214 456 80
3 218 504 80
3 81 414 82
3 82 517 81
3 81 517 214
3 81 504 414
3 82 211 83
3 83 395 82
3 82 414 211
3 395 517 82
3 84 209 83
3 83 412 84
3 209 395 83
3 211 412 83
3 84 411 85
3 85 505 84
3 84 505 209
3 84 412 411
3 85 223 86
3 86 410 85
3 85 411 223
3 410 505 85
3 87 213 86
3 86 239 87
3 213 410 86
3 223 239 86
3 87 210 88
3 88 406 87
3 87 239 210
3 87 406 213
3 89 407 88
3 88 409 89
3 210 409 88
3 88 407 406
3 90 212 89
3 89 408 90
3 212 407 89
3 89 409 408
3 90 226 91
3 91 238 90
3 90 238 212
3 90 408 226
3 92 237 91
3 91 405 92
3 226 405 91
3 237 238 91
3 93 207 92
3 92 225 93
3 207 237 92
3 92 405 225
3 94 512 93
3 93 544 94
3 93 512 207
3 225 544 93
3 94 222 95
3 95 402 94
3 94 544 222
3 402 512 94
3 96 224 95
3 95 236 96
3 222 236 95
3 224 402 95
3 96 208 97
3 97 399 96
3 96 236 208
3 96 399 224
3 98 217 97
3 97 398 98
3 208 398 97
3 217 399 97
3 98 220 99
3 99 531 98
3 98 531 217
3 98 398 220
3 100 235 99
3 99 396 100
3 220 396 99
3 235 531 99
3 100 556 235
3 396 555 100
3 207 255 237
3 207 258 255
3 207 512 258
3 236 244 208
3 244 374 208
3 374 398 208
3 209 558 395
3 505 506 209
3 506 558 209
3 239 393 210
3 393 539 210
3 210 539 409
3 211 483 412
3 414 415 211
3 415 483 211
3 238 256 212
3 256 257 212
3 257 407 212
3 406 502 213
3 213 503 410
3 502 503 213
3 214 457 456
3 214 568 457
3 517 568 214
3 215 574 508
3 535 552 215
3 552 574 215
3 216 446 444
3 444 538 216
3 216 534 446
3 217 400 399
3 217 562 400
3 531 562 217
3 458 510 218
3 477 504 218
3 218 510 477
3 219 487 376
3 376 491 219
3 219 564 487
3 491 528 219
3 220 536 396
3 398 546 220
3 220 546 536
3 221 567 507
3 509 571 221
3 522 567 221
3 221 571 522
3 222 526 236
3 222 384 382
3 382 526 222
3 222 544 384
3 223 264 239
3 223 266 264
3 223 411 266
3 224 540 387
3 387 553 224
3 399 540 224
3 224 553 402
3 225 462 384
3 384 544 225
3 405 548 225
3 225 548 462
3 226 498 405
3 408 533 226
3 226 533 498
3 456 499 227
3 227 515 460
3 499 515 227
3 228 241 240
3 228 242 241
3 228 385 242
3 229 542 377
3 377 550 229
3 229 523 461
3 461 542 229
3 230 508 440
3 440 541 230
3 230 541 534
3 231 516 458
3 231 525 516
3 524 525 231
3 379 513 232
3 232 569 379
3 232 513 385
3 397 569 232
3 507 567 233
3 233 525 524
3 524 560 233
3 233 567 525
3 460 461 234
3 461 523 234
3 523 559 234
3 240 241 235
3 235 556 240
3 241 381 235
3 381 531 235
3 236 526 244
3 237 392 238
3 255 392 237
3 238 392 256
3 264 393 239
3 242 243 241
3 243 381 241
3 242 245 243
3 242 513 245
3 385 513 242
3 245 246 243
3 246 500 243
3 243 500 381
3 244 390 374
3 244 526 383
3 383 554 244
3 244 554 390
3 245 247 246
3 245 249 247
3 245 513 249
3 247 248 246
3 248 251 246
3 251 500 246
3 247 403 248
3 249 250 247
3 250 403 247
3 248 252 251
3 248 253 252
3 248 403 253
3 249 378 250
3 249 379 378
3 249 513 379
3 378 563 250
3 250 573 403
3 563 573 250
3 252 495 251
3 251 495 400
3 400 500 251
3 253 254 252
3 254 267 252
3 267 495 252
3 253 268 254
3 253 344 268
3 253 403 344
3 254 545 267
3 268 269 254
3 269 545 254
3 258 259 255
3 259 394 255
3 255 394 392
3 256 263 257
3 256 472 263
3 392 472 256
3 263 265 257
3 265 459 257
3 257 459 407
3 258 260 259
3 258 360 260
3 258 512 360
3 260 261 259
3 261 262 259
3 262 394 259
3 260 375 261
3 360 386 260
3 260 386 375
3 261 270 262
3 261 474 270
3 375 474 261
3 270 271 262
3 271 355 262
3 355 394 262
3 263 272 265
3 263 471 272
3 263 472 471
3 266 282 264
3 282 284 264
3 284 393 264
3 272 273 265
3 273 343 265
3 343 459 265
3 266 283 282
3 266 479 283
3 411 479 266
3 386 387 267
3 267 545 386
3 387 495 267
3 268 318 269
3 268 529 318
3 344 529 268
3 318 366 269
3 366 474 269
3 474 545 269
3 270 274 271
3 270 521 274
3 474 521 270
3 274 275 271
3 275 470 271
3 271 470 355
3 272 276 273
3 272 352 276
3 272 471 352
3 276 277 273
3 277 464 273
3 273 464 343
3 274 317 275
3 274 327 317
3 274 521 327
3 317 388 275
3 388 389 275
3 389 470 275
3 276 278 277
3 276 473 278
3 352 473 276
3 278 279 277
3 279 280 277
3 280 464 277
3 278 287 279
3 278 313 287
3 278 473 313
3 279 281 280
3 279 481 281
3 287 481 279
3 281 312 280
3 312 331 280
3 331 464 280
3 281 468 312
3 281 532 468
3 481 532 281
3 283 285 282
3 282 455 284
3 285 455 282
3 283 286 285
3 283 347 286
3 283 479 347
3 284 543 393
3 455 572 284
3 284 572 543
3 286 288 285
3 288 314 285
3 314 455 285
3 286 289 288
3 286 450 289
3 347 450 286
3 313 315 287
3 315 326 287
3 326 481 287
3 289 290 288
3 290 484 288
3 288 484 314
3 289 291 290
3 289 303 291
3 289 450 303
3 291 292 290
3 292 311 290
3 311 484 290
3 291 293 292
3 291 476 293
3 303 476 291
3 293 294 292
3 294 494 292
3 292 494 311
3 293 295 294
3 293 296 295
3 293 476 296
3 295 297 294
3 297 496 294
3 294 496 494
3 296 438 295
3 295 298 297
3 295 438 298
3 296 439 438
3 296 475 439
3 296 476 475
3 298 299 297
3 299 300 297
3 300 496 297
3 298 478 299
3 298 438 437
3 437 478 298
3 299 301 300
3 299 302 301
3 299 478 302
3 301 304 300
3 304 323 300
3 323 496 300
3 302 305 301
3 301 463 304
3 305 463 301
3 302 306 305
3 302 309 306
3 302 478 309
3 303 449 447
3 447 476 303
3 303 450 449
3 304 330 323
3 304 465 330
3 463 465 304
3 306 307 305
3 307 308 305
3 308 463 305
3 306 320 307
3 309 451 306
3 306 451 320
3 307 310 308
3 307 480 310
3 320 480 307
3 310 319 308
3 319 404 308
3 404 463 308
3 442 451 309
3 309 469 442
3 309 478 469
3 310 324 319
3 310 325 324
3 310 480 325
3 311 485 484
3 311 493 485
3 311 494 493
3 312 332 331
3 312 357 332
3 312 468 357
3 313 316 315
3 313 527 316
3 473 527 313
3 314 537 455
3 484 511 314
3 511 537 314
3 316 321 315
3 321 486 315
3 315 486 326
3 316 322 321
3 316 349 322
3 316 527 349
3 327 328 317
3 328 488 317
3 317 488 388
3 318 570 366
3 318 529 380
3 380 570 318
3 324 335 319
3 335 336 319
3 336 404 319
3 451 452 320
3 452 514 320
3 320 514 480
3 322 341 321
3 341 364 321
3 364 486 321
3 322 342 341
3 322 489 342
3 349 489 322
3 330 345 323
3 345 362 323
3 362 496 323
3 325 339 324
3 324 518 335
3 339 518 324
3 325 340 339
3 325 350 340
3 325 480 350
3 326 565 481
3 486 551 326
3 326 551 501
3 501 565 326
3 327 329 328
3 327 530 329
3 521 530 327
3 329 333 328
3 333 334 328
3 334 488 328
3 329 353 333
3 329 372 353
3 329 530 372
3 330 549 345
3 330 465 401
3 401 549 330
3 332 346 331
3 346 413 331
3 413 464 331
3 332 348 346
3 332 561 348
3 357 561 332
3 333 497 334
3 353 354 333
3 354 497 333
3 334 489 488
3 334 519 489
3 497 519 334
3 335 337 336
3 335 490 337
3 335 518 490
3 337 338 336
3 338 361 336
3 361 404 336
3 337 370 338
3 337 371 370
3 337 490 371
3 338 391 361
3 370 520 338
3 338 520 391
3 340 482 339
3 482 557 339
3 339 557 518
3 350 351 340
3 351 356 340
3 356 482 340
3 342 358 341
3 358 492 341
3 341 492 364
3 342 359 358
3 342 519 359
3 489 519 342
3 343 464 413
3 413 502 343
3 343 502 459
3 390 554 344
3 344 573 390
3 403 573 344
3 344 554 529
3 345 363 362
3 345 532 363
3 468 532 345
3 345 549 468
3 348 365 346
3 365 503 346
3 346 503 413
3 448 450 347
3 347 483 448
3 479 483 347
3 348 506 365
3 348 520 506
3 348 561 520
3 388 488 349
3 349 527 388
3 488 489 349
3 350 376 351
3 350 514 376
3 480 514 350
3 351 377 356
3 376 487 351
3 351 487 377
3 352 470 389
3 389 473 352
3 352 471 470
3 353 462 354
3 372 373 353
3 373 462 353
3 462 548 354
3 354 498 497
3 354 548 498
3 355 472 394
3 470 471 355
3 471 472 355
3 377 542 356
3 356 566 482
3 542 566 356
3 357 401 391
3 391 561 357
3 357 549 401
3 468 549 357
3 359 367 358
3 367 543 358
3 358 543 492
3 359 368 367
3 359 369 368
3 359 519 369
3 360 553 386
3 360 512 402
3 402 553 360
3 391 401 361
3 401 465 361
3 361 465 404
3 363 493 362
3 493 494 362
3 494 496 362
3 363 501 493
3 363 565 501
3 532 565 363
3 364 511 486
3 492 537 364
3 364 537 511
3 410 503 365
3 365 505 410
3 365 506 505
3 366 521 474
3 366 530 521
3 366 570 530
3 368 539 367
3 367 539 393
3 393 543 367
3 369 533 368
3 408 409 368
3 368 533 408
3 409 539 368
3 497 498 369
3 369 519 497
3 498 533 369
3 371 558 370
3 506 520 370
3 370 558 506
3 371 517 395
3 395 558 371
3 490 568 371
3 371 568 517
3 372 380 373
3 372 570 380
3 530 570 372
3 380 382 373
3 382 384 373
3 384 462 373
3 390 563 374
3 374 546 398
3 374 563 546
3 386 545 375
3 375 545 474
3 376 514 491
3 487 564 377
3 377 564 550
3 379 536 378
3 536 546 378
3 546 563 378
3 379 569 536
3 380 383 382
3 380 529 383
3 500 562 381
3 381 562 531
3 383 526 382
3 529 554 383
3 386 553 387
3 387 540 495
3 388 527 389
3 389 527 473
3 390 573 563
3 520 561 391
3 394 472 392
3 397 555 396
3 396 569 397
3 536 569 396
3 400 540 399
3 495 540 400
3 400 562 500
3 404 465 463
3 498 548 405
3 407 459 406
3 459 502 406
3 412 479 411
3 412 483 479
3 413 503 502
3 414 416 415
3 414 504 416
3 416 417 415
3 417 448 415
3 448 483 415
3 416 418 417
3 416 477 418
3 416 504 477
3 418 419 417
3 419 449 417
3 417 449 448
3 418 420 419
3 418 454 420
3 418 477 454
3 420 421 419
3 421 447 419
3 447 449 419
3 420 422 421
3 420 423 422
3 420 454 423
3 422 466 421
3 421 475 447
3 466 475 421
3 423 424 422
3 424 425 422
3 425 466 422
3 423 426 424
3 423 431 426
3 423 454 431
3 424 427 425
3 426 467 424
3 424 467 427
3 427 428 425
3 428 429 425
3 429 466 425
3 431 432 426
3 432 522 426
3 426 522 467
3 427 444 428
3 427 445 444
3 427 467 445
3 428 430 429
3 428 547 430
3 444 547 428
3 430 433 429
3 433 439 429
3 439 466 429
3 430 434 433
3 430 435 434
3 430 547 435
3 431 516 432
3 454 510 431
3 510 516 431
3 516 525 432
3 432 567 522
3 525 567 432
3 434 437 433
3 437 438 433
3 438 439 433
3 435 436 434
3 436 469 434
3 434 469 437
3 435 440 436
3 435 541 440
3 435 547 541
3 440 441 436
3 441 442 436
3 442 469 436
3 469 478 437
3 439 475 466
3 440 574 441
3 508 574 440
3 441 443 442
3 441 552 443
3 441 574 552
3 443 451 442
3 443 452 451
3 443 453 452
3 443 552 453
3 445 538 444
3 446 547 444
3 467 571 445
3 509 538 445
3 445 571 509
3 534 541 446
3 541 547 446
3 475 476 447
3 449 450 448
3 453 491 452
3 491 514 452
3 453 528 491
3 453 535 528
3 453 552 535
3 477 510 454
3 537 572 455
3 457 499 456
3 490 518 457
3 457 568 490
3 457 557 499
3 518 557 457
3 458 516 510
3 460 515 461
3 515 566 461
3 461 566 542
3 522 571 467
3 481 565 532
3 482 515 499
3 499 557 482
3 482 566 515
3 485 511 484
3 493 501 485
3 501 551 485
3 485 551 511
3 511 551 486
3 492 572 537
3 543 572 492
3 60 5 592
3 5 105 592
3 6 62 591
3 108 6 591
3 101 9 589
3 9 106 589
3 107 10 590
3 10 112 590
3 61 60 579
3 579 60 592
3 62 61 587
3 61 579 587
3 62 587 591
3 102 101 576
3 576 101 589
3 103 102 584
3 102 576 584
3 104 103 575
3 575 103 584
3 105 104 588
3 104 575 588
3 105 588 592
3 106 107 585
3 106 585 589
3 585 107 590
3 109 108 577
3 577 108 591
3 110 109 580
3 109 577 580
3 111 110 578
3 578 110 580
3 112 111 582
3 111 578 582
3 112 582 590
3 581 575 583
3 575 581 588
3 583 575 584
3 584 576 586
3 576 585 586
3 585 576 589
3 580 577 581
3 581 577 587
3 587 577 591
3 578 580 583
3 582 578 586
3 578 583 586
3 579 581 587
3 581 579 588
3 588 579 592
3 580 581 583
3 585 582 586
3 582 585 590
3 583 584 586
3 5 63 620
3 105 5 620
3 66 7 619
3 7 113 619
3 9 101 617
3 118 9 617
3 117 11 618
3 11 121 618
3 63 64 612
3 63 612 620
3 64 65 594
3 64 594 612
3 65 66 613
3 594 65 613
3 613 66 619
3 101 102 605
3 101 605 617
3 102 103 595
3 102 595 605
3 103 104 599
3 595 103 599
3 104 105 598
3 104 598 599
3 598 105 620
3 113 114 597
3 113 597 619
3 114 115 606
3 597 114 606
3 115 116 596
3 115 596 606
3 116 117 607
3 596 116 607
3 607 117 618
3 119 118 609
3 609 118 617
3 120 119 593
3 593 119 609
3 121 120 610
3 120 593 610
3 121 610 618
3 593 604 610
3 604 593 615
3 593 609 615
3 594 603 608
3 603 594 611
3 594 608 612
3 611 594 613
3 595 599 600
3 595 600 601
3 595 601 605
3 606 596 614
3 596 607 616
3 614 596 616
3 597 606 611
3 597 611 613
3 597 613 619
3 599 598 608
3 608 598 612
3 612 598 620
3 600 599 608
3 601 600 602
3 602 600 603
3 603 600 608
3 601 602 604
3 601 604 615
3 605 601 615
3 602 603 614
3 604 602 616
3 602 614 616
3 603 611 614
3 604 607 610
3 607 604 616
3 609 605 615
3 605 609 617
3 611 606 614
3 610 607 618
3 67 6 637
3 6 108 637
3 7 69 638
3 113 7 638
3 112 10 636
3 10 122 636
3 11 117 635
3 123 11 635
3 68 67 633
3 633 67 637
3 69 68 625
3 625 68 633
3 69 625 638
3 108 109 623
3 108 623 637
3 109 110 626
3 623 109 626
3 110 111 624
3 110 624 626
3 111 112 628
3 624 111 628
3 628 112 636
3 114 113 634
3 634 113 638
3 115 114 621
3 621 114 634
3 116 115 630
3 115 621 630
3 117 116 622
3 622 116 630
3 117 622 635
3 122 123 631
3 122 631 636
3 631 123 635
3 621 627 629
3 627 621 634
3 621 629 630
3 622 630 632
3 631 622 632
3 622 631 635
3 623 626 627
3 623 627 633
3 623 633 637
3 626 624 629
3 624 628 632
3 629 624 632
3 627 625 633
3 625 627 634
3 625 634 638
3 627 626 629
3 628 631 632
3 631 628 636
3 630 629 632
3 70 639 8
3 8 639 75
3 71 639 70
3 72 639 71
3 73 639 72
3 74 639 73
3 75 639 74
3 118 106 9
3 10 107 640
3 122 10 640
3 123 121 11
3 107 106 642
3 106 118 642
3 640 107 642
3 118 119 642
3 119 120 640
3 119 640 642
3 120 121 641
3 640 120 641
3 121 123 641
3 123 122 641
3 122 640 641
4 89 212 90 668
4 649 654 644 656
4 257 256 212 646
4 288 664 654 691
4 212 257 646 668
4 646 668 257 671
4 263 646 257 671
4 472 256 263 692
4 288 654 664 673
4 257 263 256 646
4 212 646 90 668
4 459 265 668 680
4 472 263 471 692
4 643 654 649 656
4 265 671 668 680
4 256 646 263 692
4 257 668 265 671
4 286 664 656 673
4 642 651 417 681
4 263 646 471 692
4 660 683 321 685
4 470 471 678 692
4 257 459 265 668
4 225 647 684 686
4 288 664 286 673
4 417 642 415 651
4 462 548 225 686
4 89 90 408 668
4 328 333 647 678
4 471 352 470 646
4 470 352 389 646
4 349 678 646 696
4 548 647 225 686
4 388 646 349 678
4 28 463 197 652
4 646 678 471 692
4 83 651 211 675
4 662 663 649 682
4 225 684 648 686
4 212 90 646 679
4 122 655 641 681
4 83 662 651 675
4 333 354 647 696
4 527 388 389 646
4 211 651 83 662
4 196 337 371 653
4 505 663 662 682
4 328 333 678 696
4 463 197 652 688
4 470 471 646 678
4 646 671 389 699
4 527 388 646 699
4 312 649 666 694
4 643 653 651 662
4 371 196 653 675
4 411 656 662 663
4 312 649 357 666
4 506 649 663 682
4 651 662 653 675
4 389 646 352 671
4 470 646 389 678
4 411 662 84 663
4 642 106 415 651
4 328 329 327 686
4 388 389 646 678
4 349 646 388 699
4 225 647 92 684
4 321 685 683 699
4 644 654 649 666
4 352 646 471 671
4 527 646 389 699
4 471 646 263 671
4 212 646 256 679
4 90 646 408 668
4 648 687 222 697
4 321 683 341 699
4 222 650 526 697
4 656 664 654 673
4 357 666 649 693
4 501 666 654 672
4 647 678 333 696
4 642 417 415 106
4 123 641 293 655
4 263 257 265 671
4 328 327 647 686
4 38 300 28 652
4 533 676 646 696
4 123 641 655 689
4 346 649 332 669
4 349 488 678 696
4 408 668 646 676
4 365 663 649 669
4 346 365 649 669
4 410 659 663 669
4 270 271 274 702
4 649 654 643 693
4 262 647 271 702
4 332 669 649 694
4 388 349 488 678
4 495 540 650 657
4 271 647 274 702
4 408 646 533 676
4 28 304 463 652
4 28 300 304 652
4 225 93 648 684
4 252 650 253 657
4 652 665 465 688
4 328 647 327 678
4 540 224 650 657
4 270 262 271 702
4 300 28 304 301
4 489 676 646 699
4 122 476 655 681
4 256 679 646 692
4 642 119 651 681
4 410 659 86 663
4 398 657 97 661
4 225 648 384 686
4 222 687 650 697
4 225 384 462 686
4 649 656 644 663
4 118 414 106 651
4 371 32 196 675
4 643 656 649 662
4 344 650 554 657
4 285 288 286 673
4 414 651 118 675
4 38 300 652 689
4 312 332 649 694
4 349 646 489 696
4 246 657 247 661
4 330 465 652 665
4 217 97 657 661
4 526 650 383 697
4 196 32 371 337
4 489 646 349 699
4 415 106 414 651
4 498 647 354 696
4 336 653 31 688
4 123 655 293 689
4 312 332 357 649
4 237 92 91 679
4 537 660 672 673
4 448 417 651 681
4 489 646 676 696
4 540 399 224 657
4 327 647 274 678
4 410 213 659 669
4 346 365 348 649
4 247 657 250 661
4 333 647 354 686
4 506 649 365 663
4 86 663 659 690
4 493 667 654 693
4 658 659 644 660
4 354 647 548 686
4 262 271 647 692
4 408 646 90 679
4 505 506 663 682
4 417 415 448 651
4 327 274 647 702
4 211 651 662 700
4 237 647 92 679
4 382 648 222 697
4 544 225 93 648
4 651 655 643 664
4 655 664 651 681
4 354 498 548 647
4 500 657 246 661
4 544 222 648 687
4 304 463 652 688
4 649 662 656 663
4 649 665 357 693
4 274 647 271 678
4 563 657 546 661
4 646 679 533 696
4 119 674 651 681
4 395 662 675 682
4 250 657 563 661
4 265 671 680 698
4 464 669 658 680
4 118 106 642 651
4 546 657 398 661
4 252 495 650 657
4 382 222 526 697
4 28 197 38 652
4 260 360 258 648
4 333 497 354 696
4 122 641 640 681
4 341 321 660 683
4 645 659 658 660
4 498 548 647 679
4 332 346 348 649
4 283 656 286 664
4 537 670 660 673
4 548 405 225 647
4 464 413 669 680
4 561 665 649 682
4 225 405 92 647
4 363 654 501 666
4 211 651 414 675
4 649 666 654 693
4 98 398 97 661
4 651 664 448 681
4 654 656 643 664
4 643 651 653 674
4 405 647 548 679
4 360 512 258 648
4 247 246 248 657
4 495 540 387 650
4 448 664 651 700
4 400 500 562 661
4 283 673 656 690
4 561 357 649 665
4 651 643 655 674
4 253 650 344 657
4 217 98 97 661
4 330 665 652 693
4 498 679 647 696
4 544 384 225 648
4 408 533 646 679
4 336 337 31 653
4 527 349 388 699
4 357 468 666 693
4 237 255 684 692
4 92 647 237 684
4 414 118 9 675
4 341 683 676 699
4 512 648 360 687
4 369 676 533 696
4 107 642 417 681
4 468 312 357 666
4 349 489 488 696
4 360 648 260 687
4 544 94 222 687
4 501 654 485 672
4 411 662 656 700
4 328 327 317 678
4 659 660 645 683
4 327 274 317 678
4 119 651 674 675
4 31 337 196 653
4 406 680 668 701
4 354 548 462 686
4 400 657 500 661
4 368 408 533 676
4 82 211 414 675
4 119 674 40 675
4 195 31 653 688
4 390 344 554 657
4 561 649 348 682
4 642 640 119 681
4 119 118 651 675
4 493 654 363 693
4 39 674 652 688
4 330 652 323 693
4 382 526 383 697
4 647 686 327 702
4 410 503 213 669
4 237 684 647 692
4 506 348 365 649
4 659 680 406 701
4 659 670 660 683
4 283 282 673 690
4 39 652 197 688
4 653 558 675 682
4 363 493 501 654
4 447 122 10 681
4 410 213 86 659
4 213 503 502 669
4 291 681 289 691
4 195 336 31 688
4 408 368 668 676
4 28 38 2 300
4 384 544 222 648
4 87 659 406 701
4 394 262 684 692
4 371 653 558 675
4 294 655 292 667
4 653 675 662 682
4 656 663 411 690
4 119 40 118 675
4 537 492 660 670
4 647 684 262 692
4 40 653 196 675
4 271 678 647 692
4 644 660 659 670
4 38 2 300 689
4 291 655 681 691
4 653 662 643 682
4 471 263 272 671
4 41 118 40 675
4 262 684 647 702
4 119 640 674 681
4 447 476 122 681
4 196 195 31 653
4 492 660 670 683
4 563 374 546 657
4 501 493 485 654
4 656 664 283 700
4 654 666 363 693
4 652 667 323 693
4 311 654 493 667
4 374 398 546 657
4 338 665 653 688
4 260 648 258 684
4 406 668 88 701
4 384 222 382 648
4 395 662 83 675
4 395 675 558 682
4 123 293 295 689
4 668 676 539 701
4 362 667 493 693
4 406 459 668 680
4 85 411 84 663
4 82 83 211 675
4 300 323 652 689
4 247 403 250 657
4 240 228 639 677
4 303 289 291 681
4 500 251 246 657
4 570 372 380 648
4 123 641 122 293
4 570 372 648 686
4 668 671 645 680
4 407 459 257 668
4 658 669 464 694
4 644 656 654 673
4 555 639 397 677
4 395 558 662 682
4 644 649 669 694
4 448 651 483 700
4 501 565 666 672
4 484 288 654 691
4 228 385 639 677
4 512 258 648 684
4 498 405 548 679
4 341 321 364 660
4 643 654 664 691
4 647 679 237 692
4 655 667 294 689
4 289 681 664 691
4 375 687 648 697
4 570 648 366 686
4 331 464 669 694
4 39 195 674 688
4 330 465 304 652
4 653 674 195 688
4 40 674 653 675
4 652 653 643 665
4 512 648 93 684
4 244 650 236 657
4 406 459 407 668
4 39 674 120 689
4 254 253 252 650
4 649 663 644 669
4 643 653 652 674
4 659 663 644 690
4 414 211 415 651
4 39 652 674 689
4 292 667 655 691
4 300 496 323 689
4 484 654 288 673
4 332 561 357 649
4 122 640 10 681
4 330 401 465 665
4 225 92 93 684
4 211 83 412 662
4 338 361 665 688
4 328 334 333 696
4 31 32 196 337
4 683 685 645 699
4 333 354 353 686
4 666 672 565 695
4 211 662 412 700
4 652 655 643 674
4 195 30 336 688
4 495 267 252 650
4 367 539 676 701
4 375 648 474 697
4 311 654 667 691
4 240 639 556 677
4 411 412 662 700
4 649 643 662 682
4 347 283 664 700
4 341 660 364 683
4 380 570 648 697
4 652 665 643 693
4 648 684 260 702
4 84 662 505 663
4 411 412 84 662
4 506 365 505 663
4 497 498 354 696
4 644 663 659 669
4 255 237 392 692
4 570 366 648 697
4 120 674 655 689
4 252 253 248 657
4 212 407 257 668
4 331 669 332 694
4 369 368 533 676
4 331 346 332 669
4 368 539 668 676
4 259 394 262 684
4 322 321 341 699
4 653 665 338 682
4 651 674 655 681
4 247 248 403 657
4 651 643 662 700
4 336 338 337 653
4 39 38 652 689
4 283 656 266 690
4 338 653 336 688
4 123 121 641 689
4 322 341 676 699
4 643 655 652 667
4 555 100 639 677
4 348 649 506 682
4 639 100 556 677
4 375 648 260 702
4 561 348 520 682
4 87 406 88 701
4 652 643 667 693
4 267 650 387 687
4 415 483 448 651
4 213 406 659 680
4 236 650 96 657
4 537 572 492 670
4 195 653 40 674
4 549 357 665 693
4 85 663 86 690
4 278 685 671 698
4 653 674 651 675
4 380 648 382 697
4 484 672 654 673
4 651 664 643 700
4 40 196 41 675
4 403 253 344 657
4 537 660 511 672
4 281 279 694 695
4 232 397 639 677
4 553 387 650 687
4 272 263 265 671
4 212 256 238 679
4 195 39 197 688
4 659 670 239 690
4 368 539 409 668
4 644 659 658 669
4 362 493 363 693
4 366 686 648 702
4 645 683 660 685
4 260 648 375 687
4 660 644 672 673
4 86 659 239 690
4 372 373 380 648
4 448 347 664 700
4 373 648 372 686
4 337 32 371 490
4 561 391 357 665
4 278 473 671 685
4 250 403 573 657
4 474 648 366 697
4 644 666 649 694
4 121 39 120 689
4 303 476 447 681
4 332 348 561 649
4 330 304 323 652
4 289 664 288 691
4 211 483 651 700
4 476 291 293 655
4 283 266 282 690
4 224 387 540 650
4 251 248 246 657
4 285 283 282 673
4 300 2 28 301
4 347 283 286 664
4 292 294 293 655
4 353 354 462 686
4 659 683 645 701
4 39 121 38 689
4 250 573 563 657
4 304 652 465 688
4 195 30 31 336
4 311 493 494 667
4 213 406 87 659
4 384 648 373 686
4 455 670 537 673
4 254 252 267 650
4 367 676 683 701
4 492 670 572 683
4 371 370 558 653
4 464 680 658 698
4 327 521 274 702
4 410 663 365 669
4 495 387 267 650
4 650 687 545 697
4 658 694 279 695
4 415 211 483 651
4 537 672 511 673
4 502 669 413 680
4 304 465 463 688
4 671 685 473 699
4 82 414 9 675
4 315 486 321 660
4 649 643 665 693
4 267 545 650 687
4 363 501 565 666
4 293 655 294 689
4 403 248 253 657
4 411 266 479 656
4 639 385 232 677
4 85 411 663 690
4 570 366 530 686
4 342 676 341 683
4 644 666 694 695
4 658 659 645 680
4 484 290 288 691
4 573 403 344 657
4 660 670 644 673
4 395 558 209 662
4 255 394 684 692
4 331 464 413 669
4 281 481 279 695
4 485 654 484 672
4 40 195 196 653
4 408 368 409 668
4 279 278 277 658
4 462 384 373 686
4 239 670 659 701
4 323 304 300 652
4 391 338 665 682
4 558 653 370 682
4 492 364 660 683
4 265 680 343 698
4 321 315 660 685
4 481 666 565 695
4 344 253 268 650
4 401 465 665 688
4 222 95 650 687
4 271 470 678 692
4 337 31 32 490
4 280 658 464 694
4 503 410 365 669
4 408 226 533 679
4 277 658 278 698
4 357 549 468 693
4 670 683 659 701
4 254 268 253 650
4 411 656 479 700
4 266 656 411 690
4 344 529 554 650
4 390 573 344 657
4 645 680 671 698
4 392 237 679 692
4 494 294 292 667
4 245 661 249 677
4 463 29 197 688
4 654 667 643 693
4 395 371 558 675
4 649 665 643 682
4 656 662 643 700
4 373 382 380 648
4 658 644 694 695
4 223 85 86 690
4 501 565 672 695
4 486 660 315 695
4 492 341 364 683
4 656 643 664 700
4 366 648 474 702
4 338 361 391 665
4 289 286 288 664
4 279 278 658 685
4 283 479 266 656
4 373 384 382 648
4 450 448 664 681
4 644 672 666 695
4 375 260 261 702
4 643 664 655 691
4 484 654 311 691
4 533 226 498 679
4 352 471 272 671
4 659 644 670 690
4 265 273 671 698
4 296 123 122 293
4 208 244 236 657
4 368 367 539 676
4 328 678 334 696
4 291 292 293 655
4 278 671 276 698
4 236 526 222 650
4 119 118 642 651
4 652 674 653 688
4 265 343 273 698
4 658 685 278 698
4 322 341 342 676
4 259 684 262 702
4 658 660 644 695
4 364 537 492 660
4 449 10 107 681
4 479 656 283 700
4 83 395 209 662
4 658 669 659 680
4 383 554 529 650
4 120 119 640 674
4 39 195 40 674
4 389 352 473 671
4 533 679 498 696
4 392 238 256 679
4 331 280 464 694
4 496 294 667 689
4 38 197 39 652
4 118 414 9 106
4 223 86 239 690
4 392 679 256 692
4 449 107 417 681
4 358 367 676 683
4 485 493 311 654
4 82 9 81 675
4 293 122 296 476
4 279 685 658 695
4 645 671 668 676
4 448 347 450 664
4 375 474 648 702
4 271 355 470 692
4 343 413 464 680
4 391 520 338 682
4 41 196 32 675
4 344 268 529 650
4 275 274 271 678
4 486 672 660 695
4 450 664 289 681
4 413 502 503 669
4 85 410 86 663
4 107 640 642 681
4 213 502 406 680
4 292 655 291 691
4 653 643 665 682
4 409 668 539 701
4 311 667 494 691
4 254 650 545 697
4 313 473 685 699
4 364 511 537 660
4 448 449 417 681
4 500 400 251 657
4 243 661 245 677
4 254 267 545 650
4 654 666 644 672
4 278 473 276 671
4 660 685 315 695
4 530 686 366 702
4 643 667 654 691
4 272 265 273 671
4 455 572 537 670
4 653 665 652 688
4 644 663 656 690
4 470 355 471 692
4 217 97 399 657
4 282 670 673 690
4 549 665 330 693
4 551 672 486 695
4 383 650 529 697
4 549 401 330 665
4 239 670 264 690
4 375 545 687 697
4 390 563 573 657
4 358 342 341 683
4 249 661 379 677
4 295 293 294 689
4 278 313 473 685
4 364 321 486 660
4 401 549 357 665
4 489 322 676 699
4 512 93 207 684
4 558 209 662 682
4 545 375 474 697
4 521 327 686 702
4 250 563 378 661
4 208 236 96 657
4 401 665 361 688
4 408 90 226 679
4 275 470 389 678
4 3 81 9 675
4 370 371 337 653
4 268 650 254 697
4 328 488 334 678
4 406 407 88 668
4 268 529 650 697
4 448 483 347 700
4 275 271 470 678
4 553 387 224 650
4 392 237 238 679
4 226 405 498 679
4 250 249 247 661
4 484 311 290 691
4 212 238 90 679
4 393 670 239 701
4 495 400 540 657
4 554 383 244 650
4 532 481 281 666
4 668 671 646 676
4 505 84 209 662
4 212 89 407 668
4 655 674 652 689
4 207 92 237 684
4 511 660 486 672
4 303 450 289 681
4 279 287 685 695
4 279 658 280 694
4 640 107 10 681
4 645 660 658 685
4 316 685 321 699
4 252 248 251 657
4 207 93 92 684
4 282 670 455 673
4 513 245 249 677
4 343 680 464 698
4 85 84 505 663
4 530 521 327 686
4 668 680 645 701
4 494 496 294 667
4 224 553 650 687
4 459 343 265 680
4 643 655 667 691
4 252 251 495 657
4 262 355 271 692
4 664 681 655 691
4 676 683 645 699
4 333 353 329 686
4 474 366 269 697
4 379 661 536 677
4 82 395 83 675
4 10 449 447 681
4 464 280 277 658
4 378 379 249 661
4 660 672 644 695
4 311 494 292 691
4 358 676 342 683
4 537 511 314 673
4 99 661 531 677
4 494 667 292 691
4 532 565 481 666
4 378 536 379 661
4 489 676 519 696
4 220 661 99 677
4 383 526 244 650
4 644 656 673 690
4 51 52 199 215
4 243 245 242 677
4 401 361 465 688
4 41 3 9 675
4 393 683 670 701
4 86 213 87 659
4 652 667 655 689
4 644 654 672 673
4 361 338 336 688
4 323 667 362 693
4 517 32 371 675
4 484 485 311 654
4 217 399 400 657
4 259 255 394 684
4 261 259 262 702
4 398 98 220 661
4 9 118 41 675
4 536 661 220 677
4 464 658 277 698
4 486 511 364 660
4 563 546 378 661
4 647 679 678 696
4 267 387 386 687
4 123 295 11 689
4 284 670 393 683
4 370 337 338 653
4 222 94 95 687
4 390 374 563 657
4 488 334 678 696
4 236 222 95 650
4 347 479 283 700
4 32 517 3 675
4 123 11 121 689
4 501 326 565 695
4 393 264 239 670
4 394 255 392 692
4 289 288 290 691
4 326 551 486 695
4 280 279 277 658
4 97 398 208 657
4 41 32 3 675
4 658 644 669 694
4 531 98 217 661
4 9 414 82 81
4 247 245 246 661
4 98 531 99 661
4 531 217 562 661
4 359 358 367 676
4 230 50 49 200
4 572 670 284 683
4 388 275 389 678
4 107 417 642 106
4 98 99 220 661
4 526 236 244 650
4 463 304 28 301
4 489 349 322 699
4 511 485 484 672
4 399 540 400 657
4 489 322 342 676
4 370 653 338 682
4 95 224 650 687
4 543 572 284 683
4 381 531 661 677
4 260 258 259 684
4 281 279 280 694
4 409 88 668 701
4 401 357 391 665
4 378 249 250 661
4 249 245 247 661
4 81 3 517 675
4 85 223 411 690
4 671 676 645 699
4 279 287 278 685
4 381 661 243 677
4 321 316 315 685
4 472 392 256 692
4 398 220 546 661
4 503 365 346 669
4 543 284 393 683
4 228 242 385 677
4 521 686 530 702
4 362 494 493 667
4 390 244 374 657
4 81 517 82 675
4 512 207 258 684
4 671 685 645 698
4 521 530 366 702
4 363 666 532 693
4 202 52 53 535
4 374 208 398 657
4 2 297 300 689
4 569 397 232 677
4 275 317 274 678
4 468 532 666 693
4 546 220 536 661
4 87 239 659 701
4 369 519 676 696
4 570 318 366 697
4 645 676 668 701
4 276 671 273 698
4 411 479 412 700
4 408 409 89 668
4 86 87 239 659
4 314 484 288 673
4 282 455 285 673
4 245 243 246 661
4 269 545 474 697
4 546 536 378 661
4 447 449 303 681
4 251 400 495 657
4 334 497 333 696
4 401 391 361 665
4 95 402 224 687
4 645 658 680 698
4 276 272 273 671
4 397 396 555 677
4 267 386 545 687
4 513 249 379 677
4 273 343 464 698
4 645 683 676 701
4 646 676 671 699
4 646 679 678 692
4 244 208 374 657
4 238 237 91 679
4 264 670 282 690
4 32 568 517 371
4 659 645 680 701
4 383 380 382 697
4 671 645 685 699
4 644 673 670 690
4 323 496 362 667
4 207 237 255 684
4 97 96 399 657
4 501 485 551 672
4 243 500 246 661
4 404 336 30 688
4 534 49 48 201
4 330 323 345 693
4 412 83 84 662
4 569 396 397 677
4 95 224 96 650
4 240 241 228 677
4 343 502 413 680
4 521 270 274 702
4 211 412 483 700
4 226 91 405 679
4 489 342 519 676
4 463 29 28 197
4 367 683 393 701
4 328 317 488 678
4 312 331 332 694
4 355 472 471 692
4 224 402 553 687
4 326 486 315 695
4 223 239 264 690
4 511 486 551 672
4 282 284 455 670
4 286 289 450 664
4 100 639 8 555
4 383 529 380 697
4 95 96 236 650
4 556 639 8 100
4 530 327 329 686
4 322 316 321 699
4 73 639 228 385
4 512 402 94 687
4 30 29 404 688
4 416 415 417 106
4 359 367 368 676
4 228 639 74 240
4 367 543 393 683
4 414 415 416 106
4 195 197 29 688
4 465 404 463 688
4 455 537 314 673
4 83 209 84 662
4 314 288 285 673
4 323 362 345 693
4 658 645 685 698
4 286 450 347 664
4 409 210 88 701
4 570 530 372 686
4 468 345 532 693
4 386 260 375 687
4 556 235 240 677
4 396 220 99 677
4 284 264 393 670
4 463 404 29 688
4 468 532 281 666
4 413 346 331 669
4 386 375 545 687
4 345 363 532 693
4 553 386 387 687
4 639 232 71 397
4 678 679 646 696
4 363 565 532 666
4 513 242 245 677
4 262 394 355 692
4 536 220 396 677
4 373 353 462 686
4 380 318 570 697
4 72 232 639 385
4 375 261 474 702
4 678 679 647 692
4 658 685 660 695
4 97 208 96 657
4 210 87 88 701
4 381 235 531 677
4 555 396 100 677
4 295 297 11 689
4 502 459 406 680
4 95 94 402 687
4 30 195 29 688
4 359 369 519 676
4 282 264 284 670
4 121 11 2 689
4 684 686 647 702
4 505 365 410 663
4 290 291 289 691
4 235 99 531 677
4 348 506 520 682
4 11 297 2 689
4 496 494 362 667
4 295 294 297 689
4 2 38 121 689
4 300 297 496 689
4 359 368 369 676
4 268 254 269 697
4 342 359 519 676
4 450 449 448 681
4 648 686 684 702
4 105 33 34 171
4 241 381 243 677
4 241 243 242 677
4 505 410 85 663
4 386 360 260 687
4 105 5 33 203
4 419 449 10 107
4 313 527 473 699
4 223 266 411 690
4 555 639 70 397
4 228 241 242 677
4 512 360 402 687
4 287 315 685 695
4 500 243 381 661
4 556 100 235 677
4 89 88 407 668
4 409 88 89 668
4 413 503 346 669
4 311 292 290 691
4 270 261 262 702
4 232 385 513 677
4 104 598 105 171
4 104 105 34 171
4 317 275 388 678
4 362 363 345 693
4 232 379 569 677
4 359 342 358 676
4 287 279 481 695
4 539 367 393 701
4 91 226 90 679
4 284 572 455 670
4 381 531 562 661
4 500 381 562 661
4 23 116 117 607
4 341 492 358 683
4 264 282 266 690
4 517 371 395 675
4 242 513 385 677
4 276 473 352 671
4 269 366 318 697
4 172 27 26 597
4 488 489 334 696
4 33 5 1 203
4 317 388 488 678
4 481 565 326 695
4 556 75 639 240
4 336 335 31 337
4 113 0 7 198
4 297 294 496 689
4 551 485 511 672
4 27 0 113 198
4 290 292 291 691
4 120 39 119 674
4 119 39 40 674
4 11 191 117 618
4 37 3 617 192
4 273 464 277 698
4 287 326 315 695
4 409 539 210 701
4 498 369 533 696
4 276 352 272 671
4 114 26 27 597
4 203 33 105 193
4 87 210 239 701
4 100 396 99 677
4 113 114 27 597
4 204 65 20 594
4 168 64 21 204
4 502 343 459 680
4 361 336 404 688
4 517 395 82 675
4 313 685 316 699
4 91 90 238 679
4 367 358 543 683
4 373 372 353 686
4 605 617 609 192
4 184 179 191 618
4 314 285 455 673
4 558 506 209 682
4 268 318 529 697
4 549 345 468 693
4 36 37 102 181
4 206 20 65 613
4 21 64 187 205
4 625 68 69 201
4 203 105 620 193
4 198 113 194 619
4 104 103 599 180
4 593 167 189 615
4 450 303 449 681
4 200 7 69 638
4 240 235 241 677
4 639 71 70 397
4 498 497 369 696
4 520 370 338 682
4 315 316 313 685
4 277 278 276 698
4 232 513 379 677
4 71 72 232 639
4 104 34 35 180
4 74 73 639 228
4 20 206 186 613
4 64 612 187 205
4 269 254 545 697
4 299 300 2 297
4 521 366 474 702
4 9 37 617 101
4 191 23 2 117
4 167 39 40 593
4 492 572 543 683
4 2 11 191 117
4 37 3 9 617
4 116 23 24 607
4 639 73 72 385
4 113 194 27 198
4 605 595 102 181
4 259 258 255 684
4 604 602 178 176
4 104 35 103 180
4 379 536 569 677
4 595 599 103 170
4 194 206 19 619
4 193 620 22 205
4 568 3 32 517
4 381 241 235 677
4 602 604 175 176
4 178 602 601 176
4 173 26 25 606
4 620 193 187 205
4 619 194 206 613
4 75 74 639 240
4 595 103 102 170
4 40 593 609 183
4 76 33 34 105
4 549 330 345 693
4 313 316 527 699
4 335 31 30 336
4 179 24 23 607
4 103 35 36 170
4 119 40 593 609
4 102 103 36 170
4 178 175 604 176
4 604 602 601 178
4 25 114 606 26
4 620 63 22 205
4 206 66 19 619
4 235 100 99 677
4 593 40 167 183
4 2 300 299 301
4 258 207 255 684
4 607 179 169 616
4 492 543 358 683
4 593 120 39 119
4 593 39 40 119
4 639 70 8 555
4 618 184 179 610
4 192 609 605 183
4 639 8 75 556
4 465 361 404 688
4 601 615 178 181
4 529 318 380 697
4 175 169 179 616
4 11 191 618 121
4 617 3 41 192
4 105 34 76 104
4 173 172 26 606
4 280 331 312 694
4 615 601 605 181
4 329 372 530 686
4 264 266 223 690
4 296 295 123 293
4 165 12 13 202
4 114 25 606 115
4 210 393 239 701
4 596 169 174 616
4 190 600 595 170
4 33 76 5 105
4 189 179 184 610
4 605 609 615 183
4 329 353 372 686
4 41 609 617 192
4 618 191 184 121
4 595 190 170 181
4 596 607 169 616
4 24 115 116 596
4 615 167 189 178
4 604 593 189 615
4 601 178 190 181
4 194 186 206 613
4 612 620 187 205
4 396 569 536 677
4 599 598 104 180
4 281 280 312 694
4 24 179 169 607
4 187 193 22 205
4 619 206 66 613
4 479 347 483 700
4 25 169 173 596
4 20 168 204 594
4 204 168 64 594
4 394 392 472 692
4 613 20 65 594
4 168 21 64 187
4 12 0 199 166
4 121 39 184 120
4 609 119 40 118
4 612 594 64 187
4 596 174 614 616
4 600 190 188 170
4 610 189 607 604
4 615 178 181 183
4 277 276 273 698
4 179 189 607 610
4 181 605 615 183
4 186 206 19 194
4 620 612 63 205
4 597 172 186 611
4 171 598 612 185
4 39 121 184 38
4 40 41 609 118
4 191 11 2 121
4 41 9 3 617
4 77 76 34 104
4 76 5 1 33
4 615 593 167 183
4 41 40 609 183
4 610 121 184 120
4 287 481 326 695
4 574 26 27 114
4 479 483 412 700
4 114 27 574 113
4 41 9 617 118
4 2 38 191 121
4 23 116 469 117
4 35 77 34 104
4 355 394 472 692
4 278 287 313 685
4 449 10 447 419
4 182 172 173 606
4 598 599 608 180
4 33 105 193 171
4 598 620 105 171
4 166 51 199 215
4 489 519 334 696
4 2 23 478 117
4 478 11 2 117
4 593 615 609 183
4 599 188 180 170
4 614 606 173 596
4 445 538 623 444
4 9 37 101 80
4 37 9 3 80
4 268 269 318 697
4 24 25 115 596
4 107 419 449 417
4 350 138 140 136
4 77 35 103 104
4 105 620 5 203
4 203 1 33 193
4 193 105 620 171
4 194 113 597 619
4 607 618 179 610
4 605 181 192 183
4 198 7 113 619
4 64 65 204 594
4 168 21 20 204
4 38 184 191 121
4 617 609 41 118
4 287 315 313 685
4 143 129 34 234
4 210 539 393 701
4 0 51 199 166
4 200 113 7 638
4 553 402 360 687
4 106 414 9 504
4 102 37 79 101
4 25 24 169 596
4 192 41 609 183
4 121 184 618 610
4 177 168 594 185
4 175 174 169 616
4 595 601 600 190
4 200 230 113 638
4 172 194 27 597
4 508 0 7 113
4 349 527 316 699
4 113 194 597 27
4 612 64 63 205
4 19 20 206 186
4 508 27 0 113
4 520 506 370 682
4 173 174 182 614
4 599 600 608 188
4 606 173 182 614
4 188 608 599 180
4 230 113 7 200
4 593 189 610 604
4 615 167 178 183
4 620 63 5 203
4 194 19 0 198
4 319 30 404 336
4 613 597 186 611
4 185 612 171 187
4 106 416 414 504
4 203 22 1 193
4 436 25 26 114
4 478 23 469 117
4 615 189 604 178
4 198 66 7 619
4 78 35 36 103
4 594 168 64 187
4 103 36 78 102
4 270 521 474 702
4 0 27 194 198
4 319 30 335 324
4 270 474 261 702
4 594 613 186 611
4 32 568 371 490
4 301 299 2 302
4 386 553 360 687
4 301 2 28 302
4 36 37 79 102
4 558 370 506 682
4 478 2 11 298
4 231 575 588 104
4 65 66 206 613
4 187 22 21 205
4 319 404 30 308
4 116 23 469 24
4 322 349 316 699
4 4 5 1 76
4 11 478 298 117
4 166 199 52 215
4 114 436 25 115
4 34 33 76 234
4 175 174 616 602
4 190 601 600 176
4 30 319 335 336
4 436 26 441 114
4 425 628 111 422
4 103 575 584 231
4 143 129 234 461
4 172 182 186 611
4 608 612 598 185
4 34 76 77 234
4 103 584 458 231
4 35 78 77 103
4 202 165 12 535
4 458 584 516 231
4 134 350 136 137
4 186 194 172 597
4 620 598 612 171
4 628 425 466 422
4 614 182 606 611
4 608 188 185 180
4 497 334 519 696
4 176 174 602 177
4 108 46 6 637
4 624 111 110 425
4 584 575 516 231
4 577 522 581 587
4 234 34 143 460
4 469 24 115 116
4 143 460 515 461
4 575 588 525 231
4 136 480 350 134
4 230 7 50 200
4 438 635 433 439
4 157 306 451 320
4 113 574 114 440
4 295 11 438 123
4 519 369 497 696
4 477 454 510 576
4 518 133 131 339
4 218 576 510 458
4 524 231 588 104
4 186 182 168 611
4 612 608 594 185
4 628 466 429 439
4 23 2 478 302
4 417 416 107 418
4 158 456 214 457
4 437 298 117 635
4 340 350 137 351
4 24 451 309 442
4 166 27 51 215
4 417 107 416 106
4 514 491 452 140
4 418 416 107 106
4 134 480 350 325
4 137 134 350 325
4 142 131 133 339
4 424 111 423 422
4 516 510 431 584
4 466 421 112 422
4 584 510 576 458
4 604 175 616 602
4 190 178 601 176
4 112 421 420 422
4 7 51 508 50
4 350 138 137 351
4 51 7 508 0
4 424 425 111 422
4 102 584 576 458
4 478 2 299 302
4 404 29 30 308
4 425 111 110 424
4 522 567 581 587
4 103 78 77 231
4 429 433 632 439
4 10 421 447 419
4 155 452 491 140
4 437 478 469 117
4 51 0 27 166
4 636 421 466 475
4 48 68 625 201
4 426 423 424 578
4 423 420 422 582
4 115 114 436 435
4 299 2 11 297
4 310 134 125 133
4 112 111 628 422
4 198 194 19 619
4 203 620 22 193
4 35 143 460 127
4 421 420 419 590
4 45 62 44 221
4 340 137 350 325
4 61 43 44 507
4 420 423 454 582
4 567 579 233 588
4 424 426 110 467
4 466 425 628 429
4 324 133 339 325
4 1 76 33 559
4 218 102 576 458
4 424 110 426 578
4 460 143 234 461
4 616 174 614 602
4 600 190 176 188
4 435 115 114 621
4 295 11 298 438
4 423 426 431 578
4 441 25 26 436
4 105 76 524 104
4 438 123 439 296
4 504 80 101 218
4 350 138 376 140
4 437 298 635 438
4 221 522 577 587
4 594 186 168 611
4 227 35 460 127
4 420 419 590 418
4 79 101 80 218
4 447 421 10 475
4 231 588 525 524
4 144 451 24 442
4 54 13 53 528
4 9 414 81 504
4 560 5 76 105
4 622 437 635 433
4 522 221 567 587
4 198 19 66 619
4 620 22 63 203
4 444 538 623 216
4 525 567 233 588
4 78 103 458 231
4 76 77 524 104
4 478 437 298 117
4 81 80 9 504
4 298 299 11 297
4 463 28 305 301
4 156 28 2 302
4 144 24 451 309
4 219 141 376 487
4 133 142 339 325
4 602 175 174 176
4 602 600 601 176
4 340 142 137 325
4 307 308 310 125
4 142 133 134 325
4 466 112 628 422
4 418 477 416 106
4 576 510 477 218
4 433 635 631 439
4 25 24 115 469
4 301 28 305 302
4 438 635 437 433
4 233 525 588 524
4 42 43 60 233
4 215 27 51 508
4 589 477 504 218
4 475 466 636 439
4 422 112 111 582
4 308 307 145 125
4 139 137 138 351
4 77 103 231 104
4 446 625 216 627
4 419 10 421 590
4 518 133 339 324
4 445 623 427 444
4 424 423 111 578
4 631 632 433 439
4 427 623 626 444
4 101 37 79 80
4 69 49 534 201
4 11 295 298 297
4 453 528 164 154
4 32 31 518 490
4 2 23 156 302
4 218 79 102 458
4 156 306 305 302
4 79 78 102 458
4 477 106 589 504
4 625 534 48 201
4 219 55 14 152
4 478 299 2 298
4 111 624 628 425
4 200 49 230 638
4 601 615 604 178
4 189 175 604 178
4 116 437 469 117
4 106 477 416 504
4 356 150 340 482
4 140 514 350 136
4 356 151 147 542
4 36 78 79 227
4 356 151 139 147
4 110 427 425 424
4 440 436 114 435
4 79 78 36 102
4 123 438 295 296
4 174 182 614 603
4 177 608 600 188
4 579 567 581 588
4 165 53 528 535
4 584 516 510 458
4 422 420 112 582
4 127 143 460 515
4 55 15 14 152
4 631 632 622 433
4 490 518 32 457
4 310 480 134 325
4 624 425 428 429
4 421 636 10 475
4 305 308 307 145
4 103 575 231 104
4 638 49 230 534
4 578 423 111 582
4 3 80 81 214
4 376 491 514 140
4 525 516 432 575
4 166 52 535 215
4 32 31 131 518
4 425 624 628 429
4 110 427 424 467
4 234 77 34 460
4 460 227 127 515
4 115 436 25 469
4 47 48 68 216
4 427 624 110 425
4 108 6 46 509
4 50 508 113 230
4 350 138 136 137
4 337 335 31 490
4 307 310 480 135
4 110 426 578 580
4 528 54 13 128
4 422 111 423 582
4 623 626 109 445
4 432 581 583 580
4 234 129 523 461
4 137 150 142 340
4 433 630 434 430
4 499 456 149 457
4 356 340 139 351
4 467 426 110 580
4 577 581 522 580
4 518 131 32 457
4 424 111 110 578
4 227 36 35 127
4 126 443 144 442
4 436 115 434 116
4 437 469 434 116
4 54 14 13 128
4 69 534 625 201
4 80 9 3 81
4 17 58 18 148
4 129 523 461 148
4 122 475 439 296
4 127 227 36 149
4 137 139 340 351
4 575 525 516 231
4 622 434 437 433
4 53 165 202 535
4 585 454 420 418
4 1 4 76 559
4 454 477 585 576
4 622 116 434 630
4 76 4 5 560
4 438 11 635 123
4 33 34 129 234
4 130 451 306 309
4 508 7 50 113
4 477 454 585 418
4 417 107 419 418
4 469 436 434 116
4 340 339 142 325
4 625 633 216 627
4 114 441 436 440
4 58 17 57 229
4 77 78 35 460
4 144 130 24 309
4 134 137 142 325
4 434 437 116 622
4 146 452 320 144
4 626 623 427 445
4 122 447 475 476
4 114 574 26 440
4 45 46 6 509
4 629 621 630 430
4 443 155 453 126
4 439 123 631 296
4 581 432 522 580
4 528 453 165 535
4 603 602 174 177
4 376 138 350 351
4 214 81 3 517
4 155 453 164 154
4 177 600 176 188
4 602 174 614 603
4 148 147 151 542
4 626 629 428 444
4 631 622 635 433
4 80 37 79 456
4 115 436 469 116
4 510 454 431 586
4 55 14 54 219
4 126 164 453 162
4 307 306 305 145
4 426 432 431 583
4 31 518 335 324
4 453 552 443 162
4 109 108 571 577
4 508 574 113 440
4 626 629 444 627
4 586 431 510 584
4 308 404 29 463
4 456 36 79 227
4 126 453 443 162
4 518 31 133 324
4 478 23 302 309
4 307 135 145 125
4 233 60 42 592
4 308 29 305 463
4 230 440 113 634
4 35 34 77 460
4 550 159 151 229
4 442 309 24 469
4 581 507 579 587
4 155 164 453 126
4 443 126 441 442
4 451 144 443 442
4 436 442 25 469
4 585 582 454 586
4 446 621 634 627
4 215 166 27 132
4 516 431 432 583
4 442 25 441 436
4 308 29 30 125
4 78 35 460 227
4 480 146 135 136
4 156 23 130 302
4 508 574 27 113
4 420 590 582 585
4 583 581 432 575
4 147 129 461 148
4 516 431 583 584
4 157 307 135 145
4 113 7 50 230
4 310 480 135 134
4 157 306 320 307
4 78 103 102 458
4 10 112 421 590
4 144 24 25 442
4 60 43 61 579
4 454 585 586 576
4 632 428 430 429
4 135 307 310 125
4 145 29 308 125
4 139 150 340 356
4 135 310 134 125
4 582 454 420 585
4 542 377 151 229
4 115 435 434 630
4 629 428 444 547
4 51 27 0 508
4 302 130 306 309
4 431 454 423 586
4 58 59 18 523
4 425 427 624 428
4 541 621 634 446
4 507 61 43 579
4 482 356 163 566
4 149 127 227 499
4 48 68 216 625
4 137 139 150 340
4 114 541 435 621
4 547 444 629 627
4 296 122 475 476
4 585 420 590 418
4 101 102 576 218
4 80 101 9 504
4 482 150 127 163
4 103 584 102 458
4 305 29 28 463
4 377 550 151 229
4 629 632 428 430
4 621 114 541 634
4 434 622 630 433
4 116 115 434 630
4 428 427 626 444
4 578 426 431 583
4 634 638 541 534
4 426 522 432 580
4 155 491 453 154
4 427 110 109 467
4 145 306 305 156
4 101 79 102 218
4 451 130 144 309
4 131 518 339 557
4 230 541 638 534
4 509 6 45 591
4 307 480 320 135
4 182 614 603 611
4 188 177 608 185
4 461 147 148 542
4 163 147 143 566
4 35 78 36 227
4 523 18 58 148
4 491 453 452 155
4 633 47 68 216
4 482 356 150 163
4 487 152 141 124
4 583 432 516 575
4 166 535 12 132
4 456 80 37 214
4 114 113 440 634
4 557 482 161 499
4 430 433 632 429
4 427 109 626 445
4 117 298 11 635
4 436 115 435 434
4 126 144 25 442
4 441 126 25 442
4 525 581 567 588
4 588 592 233 524
4 635 298 11 438
4 418 585 477 106
4 451 306 157 130
4 117 116 437 622
4 158 568 32 457
4 12 52 202 535
4 302 23 130 309
4 339 142 131 557
4 499 482 127 515
4 45 62 221 591
4 157 306 307 145
4 452 451 320 144
4 453 528 165 164
4 115 435 630 621
4 637 108 46 538
4 67 6 46 637
4 162 215 552 574
4 636 628 631 466
4 523 461 148 229
4 524 588 592 105
4 447 10 122 475
4 557 142 131 161
4 632 630 433 430
4 631 122 439 296
4 557 131 149 161
4 534 48 216 625
4 586 510 454 576
4 509 45 221 591
4 626 624 110 427
4 214 568 158 457
4 603 608 600 177
4 174 182 603 177
4 54 528 219 128
4 589 106 9 504
4 446 634 625 627
4 632 630 622 433
4 541 440 114 435
4 219 152 141 487
4 27 215 132 162
4 56 16 15 124
4 77 231 524 104
4 351 376 138 153
4 320 480 146 135
4 575 516 583 584
4 428 632 624 429
4 227 456 149 499
4 440 113 508 230
4 629 632 624 428
4 377 356 139 351
4 68 67 47 633
4 34 35 143 460
4 446 541 621 547
4 80 3 37 214
4 525 432 581 575
4 151 356 377 542
4 339 557 482 161
4 583 431 586 584
4 461 515 143 566
4 221 62 44 587
4 528 453 491 154
4 466 628 631 439
4 351 139 377 153
4 480 514 146 136
4 514 350 376 140
4 504 101 589 218
4 112 636 10 421
4 227 456 36 149
4 101 589 9 504
4 509 108 6 591
4 523 160 18 148
4 421 112 636 466
4 305 28 29 145
4 105 524 588 104
4 632 628 624 429
4 216 534 625 446
4 110 109 626 427
4 538 108 46 509
4 467 110 109 580
4 636 122 10 475
4 154 528 164 128
4 6 62 45 591
4 522 467 571 580
4 420 421 112 590
4 630 435 434 430
4 514 480 350 136
4 633 623 538 216
4 453 452 155 443
4 461 143 129 147
4 335 518 31 490
4 27 215 162 574
4 552 443 162 441
4 490 32 568 457
4 456 158 149 457
4 577 522 571 580
4 466 631 636 439
4 131 31 133 518
4 376 351 487 153
4 12 52 535 166
4 625 534 634 446
4 164 165 453 535
4 376 141 219 491
4 139 151 356 377
4 146 320 157 144
4 552 453 535 132
4 25 26 126 441
4 535 165 12 132
4 4 1 59 559
4 559 33 1 160
4 161 482 127 499
4 122 631 123 296
4 515 482 127 163
4 14 219 152 128
4 582 578 423 586
4 221 44 507 587
4 32 214 568 158
4 583 578 426 580
4 581 567 507 587
4 582 423 454 586
4 579 507 567 233
4 351 138 139 153
4 154 141 219 128
4 219 152 487 564
4 308 305 29 145
4 57 159 550 229
4 26 27 162 574
4 159 57 17 229
4 623 108 637 538
4 32 3 214 158
4 522 426 467 580
4 534 541 634 446
4 139 151 377 153
4 583 426 432 580
4 69 49 200 638
4 632 629 630 430
4 578 431 423 586
4 307 320 157 135
4 114 26 441 440
4 79 37 36 456
4 154 155 491 140
4 482 142 339 161
4 440 230 541 634
4 592 42 233 560
4 221 507 567 587
4 524 592 233 560
4 219 14 54 128
4 156 305 28 302
4 626 629 624 428
4 320 480 514 146
4 151 148 542 229
4 621 629 547 430
4 499 127 227 515
4 42 5 4 560
4 443 144 452 126
4 588 525 581 575
4 163 515 482 566
4 559 1 59 160
4 445 427 109 467
4 629 621 547 627
4 17 58 148 229
4 444 633 623 627
4 124 141 487 153
4 576 586 510 584
4 638 541 230 634
4 214 3 37 158
4 107 590 419 418
4 109 108 445 571
4 149 131 557 457
4 145 157 306 130
4 482 150 142 161
4 577 571 467 580
4 542 148 461 229
4 586 578 431 583
4 452 320 514 146
4 149 557 499 457
4 427 626 624 428
4 16 56 57 550
4 507 567 581 579
4 112 628 636 466
4 61 44 62 587
4 299 11 2 298
4 69 49 638 534
4 475 636 631 439
4 623 109 108 445
4 132 215 552 162
4 136 135 480 134
4 1 18 59 160
4 320 451 157 144
4 139 150 356 163
4 579 60 43 233
4 44 61 507 587
4 560 524 592 105
4 552 453 164 162
4 590 419 10 107
4 16 56 550 124
4 634 638 534 625
4 589 576 477 218
4 68 633 216 625
4 164 453 552 132
4 132 552 164 162
4 633 444 216 627
4 579 43 507 233
4 452 451 144 443
4 443 126 162 441
4 58 523 148 229
4 157 451 130 144
4 155 452 146 144
4 571 467 109 577
4 547 621 446 627
4 442 24 25 469
4 156 130 306 302
4 144 155 452 126
4 560 592 5 105
4 141 152 219 128
4 107 585 418 106
4 579 507 61 587
4 147 461 143 566
4 631 122 475 439
4 568 214 3 517
4 129 160 33 234
4 147 139 356 163
4 623 626 444 627
4 528 165 164 128
4 57 17 16 159
4 550 159 16 124
4 112 420 590 582
4 577 467 109 580
4 574 441 26 440
4 145 305 28 156
4 446 216 444 627
4 152 219 55 564
4 435 630 621 430
4 152 487 564 124
4 306 145 130 156
4 230 113 638 634
4 60 5 42 592
4 162 126 26 441
4 154 219 491 128
4 55 15 152 564
4 535 164 165 132
4 441 162 552 574
4 528 13 53 165
4 148 151 159 229
4 214 3 32 568
4 233 579 60 592
4 541 435 621 547
4 52 12 199 166
4 26 162 441 574
4 62 221 591 587
4 576 589 101 218
4 635 117 437 622
4 534 638 69 625
4 151 159 550 124
4 148 159 17 229
4 131 149 158 457
4 160 18 59 523
4 37 456 214 158
4 356 147 163 566
4 165 528 13 128
4 538 47 633 216
4 456 37 36 149
4 559 76 33 234
4 160 59 559 523
4 108 538 445 509
4 637 633 623 538
4 623 633 444 216
4 491 141 219 154
4 547 629 428 430
4 631 122 636 475
4 585 477 106 589
4 564 56 15 124
4 23 24 130 309
4 552 535 215 132
4 154 491 141 140
4 76 524 560 105
4 140 146 514 136
4 160 129 523 234
4 127 143 515 163
4 160 559 33 234
4 576 477 585 589
4 376 141 138 153
4 46 47 67 538
4 557 339 142 161
4 165 13 53 202
4 141 376 487 153
4 453 164 535 132
4 27 215 574 508
4 215 535 166 132
4 221 522 571 577
4 523 559 160 234
4 637 46 67 538
4 131 158 32 457
4 15 55 56 564
4 161 149 557 499
4 592 5 42 560
4 567 432 581 525
4 163 143 515 566
4 159 16 57 550
4 482 127 150 161
4 547 446 444 627
4 547 435 621 430
4 219 528 491 128
4 108 509 571 577
4 138 141 376 140
4 443 452 155 126
4 538 623 108 445
4 487 351 377 153
4 564 15 152 124
4 564 550 56 124
4 509 108 591 577
4 147 356 542 566
4 581 432 567 522
4 146 157 320 135
4 541 114 440 634
4 127 149 161 499
4 151 550 377 124
4 124 377 151 153
4 509 445 108 571
4 491 376 141 140
4 37 456 158 149
4 523 129 160 148
4 590 107 585 418
4 233 579 592 588
4 467 109 445 571
4 124 487 377 153
4 154 491 528 128
4 577 591 221 587
4 542 461 147 566
4 131 518 557 457
4 686 328 333 647
4 686 333 328 329
4 554 657 244 390
4 244 657 554 650
4 655 122 293 476
4 655 293 122 641
4 512 687 93 648
4 512 93 687 94
4 544 93 687 648
4 544 687 93 94
4 674 681 120 655
4 674 120 681 640
4 641 120 681 655
4 641 681 120 640
4 389 699 473 527
4 473 699 389 671
4 661 400 217 562
4 661 217 400 657
4 679 92 405 647
4 679 405 92 91
4 673 283 286 285
4 673 286 283 656
4 657 224 96 399
4 657 96 224 650
4 682 505 209 662
4 682 209 505 506
4 689 323 667 496
4 689 667 323 652
4 291 681 476 303
4 476 681 291 655
4 680 213 669 659
4 680 669 213 502
4 695 281 666 694
4 695 666 281 481
4 689 641 120 121
4 689 120 641 655
4 666 312 281 468
4 666 281 312 694
4 673 511 484 672
4 673 484 511 314
4 682 391 561 665
4 682 561 391 520
4 695 551 501 326
4 695 501 551 672
4 702 259 260 261
4 702 260 259 684
4 610 184 593 120
4 39 184 593 167
4 39 593 184 120
4 171 104 180 34
4 171 180 104 598
4 597 26 606 114
4 597 606 26 172
4 180 103 170 35
4 180 170 103 599
4 606 25 596 115
4 606 596 25 173
4 185 598 180 171
4 185 180 598 608
4 172 611 606 182
4 606 611 172 597
4 604 616 189 607
4 604 189 616 175
4 179 189 616 607
4 179 616 189 175
4 181 601 595 190
4 181 595 601 605
4 596 174 173 614
4 596 173 174 169
4 170 600 599 188
4 170 599 600 595
4 170 102 181 36
4 170 181 102 595
4 177 608 594 603
4 594 608 177 185
4 596 24 607 116
4 596 607 24 169
4 191 117 179 23
4 191 179 117 618
4 607 179 117 23
4 607 117 179 618
4 617 37 605 101
4 617 605 37 192
4 181 37 605 192
4 186 594 20 613
4 20 594 186 168
4 594 187 185 168
4 185 187 594 612
4 182 177 611 603
4 182 611 177 168
4 594 611 177 603
4 594 177 611 168
4 482 142 340 339
4 482 340 142 150
4 325 133 310 324
4 325 310 133 134
4 324 30 310 319
4 324 310 30 133
4 125 30 310 133
4 439 632 628 631
4 439 628 632 429
4 439 635 123 438
4 439 123 635 631
4 23 469 309 478
4 309 469 23 24
4 177 602 600 603
4 177 600 602 176
4 324 31 30 335
4 324 30 31 133
4 194 613 597 186
4 597 613 194 619
4 187 620 171 193
4 187 171 620 612
4 140 452 146 155
4 140 146 452 514
4 67 538 633 637
4 633 538 67 47
4 577 509 221 591
4 577 221 509 571
4 377 564 124 550
4 124 564 377 487
4 184 593 189 610
4 184 189 593 167
4 37 605 102 181
4 37 102 605 101
4 30 310 308 125
4 30 308 310 319

CELL_TYPES 3613
1
1
1
1
1
1
1
1
1
1
1
1
3
3
3
3
3
3
3
3
3
3
3
3
3
3
3
3
3
3
3
3
3
3
3
3
3
3
3
3
3
3
3
3
3
3
3
3
3
3
3
3
3
3
3
3
3
3
3
3
3
3
3
3
3
3
3
3
3
3
3
3
3
3
3
3
3
3
3
3
3
3
3
3
3
3
3
3
3
3
3
3
3
3
3
3
3
3
3
3
3
3
3
3
3
3
3
3
3
3
3
3
3
3
3
3
3
3
3
3
3
3
3
3
3
3
3
3
3
3
3
3
3
3
3
3
3
3
3
3
3
3
5
5
5
5
5
5
5
5
5
5
5
5
5
5
5
5
5
5
5
5
5
5
5
5
5
5
5
5
5
5
5
5
5
5
5
5
5
5
5
5
5
5
5
5
5
5
5
5
5
5
5
5
5
5
5
5
5
5
5
5
5
5
5
5
5
5
5
5
5
5
5
5
5
5
5
5
5
5
5
5
5
5
5
5
5
5
5
5
5
5
5
5
5
5
5
5
5
5
5
5
5
5
5
5
5
5
5
5
5
5
5
5
5
5
5
5
5
5
5
5
5
5
5
5
5
5
5
5
5
5
5
5
5
5
5
5
5
5
5
5
5
5
5
5
5
5
5
5
5
5
5
5
5
5
5
5
5
5
5
5
5
5
5
5
5
5
5
5
5
5
5
5
5
5
5
5
5
5
5
5
5
5
5
5
5
5
5
5
5
5
5
5
5
5
5
5
5
5
5
5
5
5
5
5
5
5
5
5
5
5
5
5
5
5
5
5
5
5
5
5
5
5
5
5
5
5
5
5
5
5
5
5
5
5
5
5
5
5
5
5
5
5
5
5
5
5
5
5
5
5
5
5
5
5
5
5
5
5
5
5
5
5
5
5
5
5
5
5
5
5
5
5
5
5
5
5
5
5
5
5
5
5
5
5
5
5
5
5
5
5
5
5
5
5
5
5
5
5
5
5
5
5
5
5
5
5
5
5
5
5
5
5
5
5
5
5
5
5
5
5
5
5
5
5
5
5
5
5
5
5
5
5
5
5
5
5
5
5
5
5
5
5
5
5
5
5
5
5
5
5
5
5
5
5
5
5
5
5
5
5
5
5
5
5
5
5
5
5
5
5
5
5
5
5
5
5
5
5
5
5
5
5
5
5
5
5
5
5
5
5
5
5
5
5
5
5
5
5
5
5
5
5
5
5
5
5
5
5
5
5
5
5
5
5
5
5
5
5
5
5
5
5
5
5
5
5
5
5
5
5
5
5
5
5
5
5
5
5
5
5
5
5
5
5
5
5
5
5
5
5
5
5
5
5
5
5
5
5
5
5
5
5
5
5
5
5
5
5
5
5
5
5
5
5
5
5
5
5
5
5
5
5
5
5
5
5
5
5
5
5
5
5
5
5
5
5
5
5
5
5
5
5
5
5
5
5
5
5
5
5
5
5
5
5
5
5
5
5
5
5
5
5
5
5
5
5
5
5
5
5
5
5
5
5
5
5
5
5
5
5
5
5
5
5
5
5
5
5
5
5
5
5
5
5
5
5
5
5
5
5
5
5
5
5
5
5
5
5
5
5
5
5
5
5
5
5
5
5
5
5
5
5
5
5
5
5
5
5
5
5
5
5
5
5
5
5
5
5
5
5
5
5
5
5
5
5
5
5
5
5
5
5
5
5
5
5
5
5
5
5
5
5
5
5
5
5
5
5
5
5
5
5
5
5
5
5
5
5
5
5
5
5
5
5
5
5
5
5
5
5
5
5
5
5
5
5
5
5
5
5
5
5
5
5
5
5
5
5
5
5
5
5
5
5
5
5
5
5
5
5
5
5
5
5
5
5
5
5
5
5
5
5
5
5
5
5
5
5
5
5
5
5
5
5
5
5
5
5
5
5
5
5
5
5
5
5
5
5
5
5
5
5
5
5
5
5
5
5
5
5
5
5
5
5
5
5
5
5
5
5
5
5
5
5
5
5
5
5
5
5
5
5
5
5
5
5
5
5
5
5
5
5
5
5
5
5
5
5
5
5
5
5
5
5
5
5
5
5
5
5
5
5
5
5
5
5
5
5
5
5
5
5
5
5
5
5
5
5
5
5
5
5
5
5
5
5
5
5
5
5
5
5
5
5
5
5
5
5
5
5
5
5
5
5
5
5
5
5
5
5
5
5
5
5
5
5
5
5
5
5
5
5
5
5
5
5
5
5
5
5
5
5
5
5
5
5
5
5
5
5
5
5
5
5
5
5
5
5
5
5
5
5
5
5
5
5
5
5
5
5
5
5
5
5
5
5
5
5
5
5
5
5
5
5
5
5
5
5
5
5
5
5
5
5
5
5
5
5
5
5
5
5
5
5
5
5
5
5
5
5
5
5
5
5
5
5
5
5
5
5
5
5
5
5
5
5
5
5
5
5
5
5
5
5
5
5
5
5
5
5
5
5
5
5
5
5
5
5
5
5
5
5
5
5
5
5
5
5
5
5
5
5
5
5
5
5
5
5
5
5
5
5
5
5
5
5
5
5
5
5
5
5
5
5
5
5
5
5
5
5
5
5
5
5
5
5
5
5
5
5
5
5
5
5
5
5
5
5
5
5
5
5
5
5
5
5
5
5
5
5
5
5
5
5
5
5
5
5
5
5
5
5
5
5
5
5
5
5
5
5
5
5
5
5
5
5
5
5
5
5
5
5
5
5
5
5
5
5
5
5
5
5
5
5
5
5
5
5
5
5
5
5
5
5
5
5
5
5
5
5
5
5
5
5
5
5
5
5
5
5
5
5
5
5
5
5
5
5
5
5
5
5
5
5
5
5
5
5
5
5
5
5
5
5
5
5
5
5
5
5
5
5
5
5
5
5
5
5
5
5
5
5
5
5
5
5
5
5
5
5
5
5
5
5
5
5
5
5
5
5
5
5
5
5
5
5
5
5
5
5
5
5
5
5
5
5
5
5
5
5
5
5
5
5
5
5
5
5
5
5
5
5
5
5
5
5
5
5
5
5
5
5
5
5
5
5
5
5
5
5
5
5
5
5
5
5
5
5
5
5
5
5
5
5
5
5
5
5
5
5
5
5
5
5
5
5
5
5
5
5
5
5
5
5
5
5
5
5
5
5
5
5
5
5
5
5
5
5
5
5
5
5
5
5
5
5
5
5
5
5
5
5
5
5
5
5
5
5
5
5
5
5
10
10
10
10
10
10
10
10
10
10
10
10
10
10
10
10
10
10
10
10
10
10
10
10
10
10
10
10
10
10
10
10
10
10
10
10
10
10
10
10
10
10
10
10
10
10
10
10
10
10
10
10
10
10
10
10
10
10
10
10
10
10
10
10
10
10
10
10
10
10
10
10
10
10
10
10
10
10
10
10
10
10
10
10
10
10
10
10
10
10
10
10
10
10
10
10
10
10
10
10
10
10
10
10
10
10
10
10
10
10
10
10
10
10
10
10
10
10
10
10
10
10
10
10
10
10
10
10
10
10
10
10
10
10
10
10
10
10
10
10
10
10
10
10
10
10
10
10
10
10
10
10
10
10
10
10
10
10
10
10
10
10
10
10
10
10
10
10
10
10
10
10
10
10
10
10
10
10
10
10
10
10
10
10
10
10
10
10
10
10
10
10
10
10
10
10
10
10
10
10
10
10
10
10
10
10
10
10
10
10
10
10
10
10
10
10
10
10
10
10
10
10
10
10
10
10
10
10
10
10
10
10
10
10
10
10
10
10
10
10
10
10
10
10
10
10
10
10
10
10
10
10
10
10
10
10
10
10
10
10
10
10
10
10
10
10
10
10
10
10
10
10
10
10
10
10
10
10
10
10
10
10
10
10
10
10
10
10
10
10
10
10
10
10
10
10
10
10
10
10
10
10
10
10
10
10
10
10
10
10
10
10
10
10
10
10
10
10
10
10
10
10
10
10
10
10
10
10
10
10
10
10
10
10
10
10
10
10
10
10
10
10
10
10
10
10
10
10
10
10
10
10
10
10
10
10
10
10
10
10
10
10
10
10
10
10
10
10
10
10
10
10
10
10
10
10
10
10
10
10
10
10
10
10
10
10
10
10
10
10
10
10
10
10
10
10
10
10
10
10
10
10
10
10
10
10
10
10
10
10
10
10
10
10
10
10
10
10
10
10
10
10
10
10
10
10
10
10
10
10
10
10
10
10
10
10
10
10
10
10
10
10
10
10
10
10
10
10
10
10
10
10
10
10
10
10
10
10
10
10
10
10
10
10
10
10
10
10
10
10
10
10
10
10
10
10
10
10
10
10
10
10
10
10
10
10
10
10
10
10
10
10
10
10
10
10
10
10
10
10
10
10
10
10
10
10
10
10
10
10
10
10
10
10
10
10
10
10
10
10
10
10
10
10
10
10
10
10
10
10
10
10
10
10
10
10
10
10
10
10
10
10
10
10
10
10
10
10
10
10
10
10
10
10
10
10
10
10
10
10
10
10
10
10
10
10
10
10
10
10
10
10
10
10
10
10
10
10
10
10
10
10
10
10
10
10
10
10
10
10
10
10
10
10
10
10
10
10
10
10
10
10
10
10
10
10
10
10
10
10
10
10
10
10
10
10
10
10
10
10
10
10
10
10
10
10
10
10
10
10
10
10
10
10
10
10
10
10
10
10
10
10
10
10
10
10
10
10
10
10
10
10
10
10
10
10
10
10
10
10
10
10
10
10
10
10
10
10
10
10
10
10
10
10
10
10
10
10
10
10
10
10
10
10
10
10
10
10
10
10
10
10
10
10
10
10
10
10
10
10
10
10
10
10
10
10
10
10
10
10
10
10
10
10
10
10
10
10
10
10
10
10
10
10
10
10
10
10
10
10
10
10
10
10
10
10
10
10
10
10
10
10
10
10
10
10
10
10
10
10
10
10
10
10
10
10
10
10
10
10
10
10
10
10
10
10
10
10
10
10
10
10
10
10
10
10
10
10
10
10
10
10
10
10
10
10
10
10
10
10
10
10
10
10
10
10
10
10
10
10
10
10
10
10
10
10
10
10
10
10
10
10
10
10
10
10
10
10
10
10
10
10
10
10
10
10
10
10
10
10
10
10
10
10
10
10
10
10
10
10
10
10
10
10
10
10
10
10
10
10
10
10
10
10
10
10
10
10
10
10
10
10
10
10
10
10
10
10
10
10
10
10
10
10
10
10
10
10
10
10
10
10
10
10
10
10
10
10
10
10
10
10
10
10
10
10
10
10
10
10
10
10
10
10
10
10
10
10
10
10
10
10
10
10
10
10
10
10
10
10
10
10
10
10
10
10
10
10
10
10
10
10
10
10
10
10
10
10
10
10
10
10
10
10
10
10
10
10
10
10
10
10
10
10
10
10
10
10
10
10
10
10
10
10
10
10
10
10
10
10
10
10
10
10
10
10
10
10
10
10
10
10
10
10
10
10
10
10
10
10
10
10
10
10
10
10
10
10
10
10
10
10
10
10
10
10
10
10
10
10
10
10
10
10
10
10
10
10
10
10
10
10
10
10
10
10
10
10
10
10
10
10
10
10
10
10
10
10
10
10
10
10
10
10
10
10
10
10
10
10
10
10
10
10
10
10
10
10
10
10
10
10
10
10
10
10
10
10
10
10
10
10
10
10
10
10
10
10
10
10
10
10
10
10
10
10
10
10
10
10
10
10
10
10
10
10
10
10
10
10
10
10
10
10
10
10
10
10
10
10
10
10
10
10
10
10
10
10
10
10
10
10
10
10
10
10
10
10
10
10
10
10
10
10
10
10
10
10
10
10
10
10
10
10
10
10
10
10
10
10
10
10
10
10
10
10
10
10
10
10
10
10
10
10
10
10
10
10
10
10
10
10
10
10
10
10
10
10
10
10
10
10
10
10
10
10
10
10
10
10
10
10
10
10
10
10
10
10
10
10
10
10
10
10
10
10
10
10
10
10
10
10
10
10
10
10
10
10
10
10
10
10
10
10
10
10
10
10
10
10
10
10
10
10
10
10
10
10
10
10
10
10
10
10
10
10
10
10
10
10
10
10
10
10
10
10
10
10
10
10
10
10
10
10
10
10
10
10
10
10
10
10
10
10
10
10
10
10
10
10
10
10
10
10
10
10
10
10
10
10
10
10
10
10
10
10
10
10
10
10
10
10
10
10
10
10
10
10
10
10
10
10
10
10
10
10
10
10
10
10
10
10
10
10
10
10
10
10
10
10
10
10
10
10
10
10
10
10
10
10
10
10
10
10
10
10
10
10
10
10
10
10
10
10
10
10
10
10
10
10
10
10
10
10
10
10
10
10
10
10
10
10
10
10
10
10
10
10
10
10
10
10
10
10
10
10
10
10
10
10
10
10
10
10
10
10
10
10
10
10
10
10
10
10
10
10
10
10
10
10
10
10
10
10
10
10
10
10
10
10
10
10
10
10
10
10
10
10
10
10
10
10
10
10
10
10
10
10
10
10
10
10
10
10
10
10
10
10
10
10
10
10
10
10
10
10
10
10
10
10
10
10
10
10
10
10
10
10
10
10
10
10
10
10
10
10
10
10
10
10
10
10
10
10
10
10
10
10
10
10
10
10
10
10
10
10
10
10
10
10
10
10
10
10
10
10
10
10
10
10
10
10
10
10
10
10
10
10
10
10
10
10
10
10
10
10
10
10
10
10
10
10
10
10
10
10
10
10
10
10
10
10
10
10
10
10
10
10
10
10
10
10
10
10
10
10
10
10
10
10
10
10
10
10
10
10
10
10
10
10
10
10
10
10
10
10
10
10
10
10
10
10
10
10
10
10
10
10
10
10
10
10
10
10
10
10
10
10
10
10
10
10
10
10
10
10
10
10
10
10
10
10
10
10
10
10
10
10
10
10
10
10
10
10
10
10
10
10
10
10
10
10
10
10
10
10
10
10
10
10
10
10
10
10
10
10
10
10
10
10
10
10
10
10
10
10
10
10
10
10
10
10
10
10
10
10
10
10
10
10
10
10
10
10
10
10
10
10
10
10
10
10
10
10
10
10
10
10
10
10
10
10
10
10
10
10
10
10
10
10
10
10
10
10
10
10
10
10
10
10
10
10
10
10
10
10
10
10
10
10
10
10
10
10
10
10
10
10
10
10
10
10
10
10
10
10
10
10
10
10
10
10
10
10
10
10
10
10
10
10
10
10
10
10
10
10
10
10
10
10
10
10
10
10
10
10
10
10
10
10
10
10
10
10
10
10
10
10
10
10
10
10
10
10
10
10
10
10
10
10
10
10
10
10
10
10
10
10
10
10
10
10
10
10
10
10
10
10
10
10
10
10
10
10
10
10
10
10
10
10
10
10
10
10
10
10
10
10
10
10
10
10
10
10
10
10
10
10
10
10
10
10
10
10
10
10
10
10
10
10
10
10
10
10
10
10
10
10
10
10
10
10
10
10
10
10
10
10
10
10
10
10
10
10
10
10
10
10
10
10
10
10
10
10
10
10
10
10
10
10
10
10
10
10
10
10
10
10
10
10
10
10
10
10
10
10
10
10
10
10
10
10
10
10
10
10
10
10
10
10
10
10
10
10
10
10
10
10
10
10
10
10
10
10
10
10
10
10
10
10
10
10
10
10
10
10
10
10
10
10
10
10
10
10
10
10
10
10
10
10
10
10
10
10
10
10
10
10
10
10
10
10
10
10
10
10
10
10
10
10
10
10
10
10
10
10
10
10
10
10
10
10
10
10
10
10
10
10
10
10
10
10
10
10
10
10
10
10
10
10
10
10
10
10
10
10
10
10
10
10
10
10
10
10
10
10
10
10
10
10
10
10
10
10
10
10
10
10
10
10
10
10
10
10
10
10
10
10
10
10
10
10
10
10
10
10
10
10
10
10
10
10
10
10
10
10
10
10
10
10
10
10
10
10
10
10
10
10
10
10
10
10
10
10
10
10
10
10
10
10
10
10
10
10
10
10
10
10
10
10
10
10
10
10
10
10
10
10
10
10
10
10
10
10
10
10
10
10
10
10
10
10
10
10
10
10
10
10
10
10
10
10
10
10
10
10
10
10
10
10
10
10
10
10
10
10
10
10
10
10
10
10
10
10
10
10
10
10
10
10
10
10
10
10
10
10
10
10
10
10
10
10
10
10
10
10
10
10
10
10
10
10
10
10
10
10
10
10
10
