# vtk DataFile Version 2.0
whisker_body, Created by Gmsh 4.13.1 
ASCII
DATASET UNSTRUCTURED_GRID
POINTS 699 double
-8.366600265340816 -1.499999999999834 0
8.366600265340814 -1.499999999999832 0
-6.438743961523063 -1.500000000000042 24
6.438743961523063 -1.500000000000042 24
12 0 0
8.366600265340708 1.500000000000135 0
0 8.5 0
-8.366600265340708 1.500000000000135 0
4.12982931753815 0 100
6.438743961523102 1.499999999999961 24
0 6.611159036209155 24
-6.4387439615231 1.499999999999964 24
-6.808334141167511 -5.088868854884438 0
-3.80753297644827 -7.599519236981967 0
3.293187477425454e-14 -8.5 0
3.807532976448329 -7.599519236981937 0
6.80833414116753 -5.088868854884412 0
-5.019960159204491 -1.5 0
-1.673320053068164 -1.5 0
1.673320053068162 -1.5 0
5.019960159204487 -1.5 0
-6.715500942909243 -1.5 20.57153758990523
-6.991719656370785 -1.5 17.14303097496648
-7.267461386683627 -1.5 13.71448610083054
-7.542778364247872 -1.5 10.28590800497862
-7.817715584011556 -1.5 6.857298578533189
-8.09231169720143 -1.5 3.428661600407665
-4.766206057031374 -4.581561264892941 24
-1.753097463865741 -6.374486103541012 24
1.753097463865717 -6.374486103541019 24
4.766206057031365 -4.581561264892951 24
8.092311697201426 -1.5 3.428661600407722
7.817715584011554 -1.5 6.857298578533232
7.542778364247872 -1.5 10.28590800497862
7.267461386683627 -1.5 13.71448610083054
6.991719656370782 -1.5 17.14303097496651
6.715500942909239 -1.5 20.57153758990529
-3.219371980761532 -1.5 24
0 -1.5 24
3.219371980761531 -1.5 24
11.34980690040761 3.896393630456207 0
9.469686112756717 7.370552552276022 0
6.563377897469113 10.04599773915035 0
2.945825845689581 11.63280319127197 0
-0.9909521456679979 11.95901391608004 0
-4.820345095835646 10.98927991986068 0
-8.127378859508902 8.82868692807757 0
-10.55368501447787 5.71136871644487 0
-11.83633564083267 1.975135083368787 0
-11.83633564083267 -1.975135083368821 0
-10.55368501447786 -5.711368716444897 0
-8.12737885950888 -8.828686928077589 0
-4.820345095835619 -10.9892799198607 0
-0.9909521456679715 -11.95901391608004 0
2.945825845689616 -11.63280319127196 0
6.563377897469155 -10.04599773915032 0
9.469686112756747 -7.370552552275983 0
11.34980690040762 -3.896393630456205 0
6.808334141167383 5.088868854884609 0
3.807532976448174 7.599519236982015 0
5.019960159204425 1.5 0
1.673320053068141 1.5 0
-1.673320053068142 1.5 0
-5.019960159204425 1.5 0
-3.807532976448205 7.599519236982 0
-6.808334141167403 5.088868854884582 0
2.574906462902252 3.228830577670782 100
-0.9189734768187546 4.026285874214754 100
-3.720847644852559 1.791865786210781 100
-3.720847644852582 -1.791865786210735 100
-0.9189734768187868 -4.026285874214746 100
2.574906462902235 -3.228830577670795 100
11.69730112759762 0 3.846153846153846
11.39460225519524 0 7.692307692307693
11.09190338279286 0 11.53846153846154
10.78920451039049 0 15.38461538461539
10.48650563798811 0 19.23076923076923
10.18380676558573 0 23.07692307692308
9.881107893183348 0 26.92307692307692
9.578409020780969 0 30.76923076923077
9.27571014837859 0 34.61538461538461
8.973011275976212 0 38.46153846153846
8.670312403573833 0 42.30769230769231
8.367613531171454 0 46.15384615384615
8.064914658769075 0 50
7.762215786366696 0 53.84615384615385
7.459516913964317 0 57.69230769230769
7.156818041561938 0 61.53846153846154
6.85411916915956 0 65.38461538461539
6.551420296757181 0 69.23076923076923
6.248721424354802 0 73.07692307692308
5.946022551952423 0 76.92307692307692
5.643323679550044 0 80.76923076923077
5.340624807147665 0 84.61538461538461
5.037925934745286 0 88.46153846153847
4.735227062342908 0 92.30769230769231
4.432528189940529 0 96.15384615384616
6.715500942909243 1.5 20.57153758990523
6.991719656370785 1.5 17.14303097496648
7.267461386683627 1.5 13.71448610083054
7.542778364247872 1.5 10.28590800497862
7.817715584011556 1.5 6.857298578533189
8.09231169720143 1.5 3.428661600407665
5.156470440981196 4.137419049762443 24
2.859570637755702 5.960728107348583 24
0 8.230165576601308 3.428571428571429
0 7.960331153202616 6.857142857142858
0 7.690496729803924 10.28571428571428
0 7.420662306405232 13.71428571428572
0 7.150827883006539 17.14285714285715
0 6.880993459607848 20.57142857142857
-8.09231169720143 1.5 3.428661600407665
-7.817715584011556 1.5 6.857298578533189
-7.542778364247872 1.5 10.28590800497862
-7.267461386683627 1.5 13.71448610083054
-6.991719656370785 1.5 17.14303097496648
-6.715500942909239 1.5 20.57153758990529
3.219371980761551 1.5 24
0 1.5 24
-3.219371980761549 1.5 24
-2.859570637755697 5.960728107348586 24
-5.15647044098119 4.137419049762451 24
-5.72555777248018 -4.52588392009642 15.26865087788475
6.55382967735318 -4.289030095426321 8.48106206369884
6.031807541252517 -4.105524156319587 15.29268487531312
-6.57065276545266 -4.262986846950748 8.482625893384158
-1.300164722888432e-14 -6.8472192339461 21.0005707974925
1.894912295721394 -8.012321139715262 3.388163173765705
-5.160075520453844 -6.422013746037202 3.325944045161797
3.387460666720768 -5.957010466917736 20.92966449133719
1.203462000724485 -6.981073360288869 17.99140292873049
-1.450180759167853 -6.940203296567852 17.91454255367116
0.005748883999333643 -7.320432150392119 14.98780191488284
-3.50138816958298 -5.884274987084285 21.0005707974925
5.768906342304335 -4.007200677898388 18.75312659879702
-6.286599951984583 -4.2038168770632 11.91037919953525
-4.287197187707547 -6.406356614888836 10.05655510254515
6.23632253991271 -4.274516063792853 11.93575998011429
4.256489909006712 -6.426362337922137 10.06119160177439
4.72357543148909 -6.446891220226814 6.4527589205907
1.613033650056099 -7.698325084547227 8.062089801915336
-1.73085279735255 -7.876554791932965 5.533704562787276
1.114003261235611 -7.505636859052761 11.58986392326256
-5.813114609237631 -3.93942084737037 18.77718843622836
6.856529899876488 -4.304134193606577 5.13930417884306
3.614152008758143 -6.492479989631324 13.58752389839597
-3.105765521594001 -6.62616183371777 15.01988332667568
5.069677245575014 -6.520554497884876 3.055905247670021
-4.594680045470447 -6.509069915701991 6.767633129924116
-6.882079061762944 -4.263619355092821 5.136252428099118
-1.308108726049987 -7.637028102433643 9.551915145044658
-2.143735249549502 -7.205786806140547 12.47864206202133
-1.91179034174194 -8.083687147120138 2.456357701590358
3.916425645071863 -6.007321329484079 16.88383657411014
-5.610034232843603 -3.856396595478957 21.50317734946711
5.609085792277363 -3.858061783721137 21.50111927306398
7.324452688801098 -3.919987102845218 2.446441628158789
-4.066241490120639 -5.847026476059488 17.50990437743472
-4.371061893183239 -6.101037955271751 12.63943905569352
-7.343103255002596 -3.895795806860582 2.381852304629719
0.1458673700133843 -1.5 2.84493635250641
4.434248634233926 -1.5 11.76152622007014
-4.188303014913081 -1.5 15.74377200966675
3.94861365787491 -1.5 18.64455438339267
-4.710984479881236 -1.5 8.33350070456107
-1.708867749938179 -1.5 21.25992648590235
5.194531158195739 -1.5 5.026534576555719
-4.868023059861692 -1.5 3.521771562163289
4.174352377650951 -1.5 15.19257014106126
1.428224859189797 -1.5 13.24419887492538
1.616416709946439 -1.5 9.818080010692897
-1.465318458910611 -1.5 10.96736297581911
-1.116823556731356 -1.5 7.828182013258299
1.475987779261335 -1.5 16.91647330972819
1.831459513812748 -1.5 6.102335257213012
4.70103622489848 -1.5 8.322694370228909
-4.155714224054044 -1.5 19.12069396375401
1.490043417582974 -1.5 20.83880497207212
-4.479619588619904 -1.5 12.15110255479252
3.18424215260819 -1.5 2.72398903281444
-1.220102745075645 -1.5 14.74879890789281
-4.447639771837217 -1.5 21.79043160791232
-1.162847592455862 -1.5 18.3651390355461
4.245046515740199 -1.5 21.54912125141492
-3.244463842985871 -1.5 5.518576885404519
-0.836559388509059 -1.5 5.193943562653901
5.72662542946181 -1.5 2.457637709316414
-2.414169234237399 -1.5 2.461250712658443
-5.643309466531006 -1.5 5.753581574888134
1.625797902255569 -3.525923865862826 24
-1.059963355922893 -3.976076222972966 24
-10.10146795308671 3.452793606584237e-14 0
-8.326672684688674e-16 -5.551115123125783e-17 0
-6.69328021227258 4.364115159304974e-14 0
6.693280212272627 1.066223022616602e-13 0
3.346640106136304 -5.551115123125783e-17 0
-3.346640106136305 -5.551115123125783e-17 0
-2.404707554487957 -9.761953268230675 0
-2.404707554487961 9.76195326823068 0
5.883681420410992 3.213748543947563 67.28990840443682
4.481712651254909 -3.177432529221948 82.66912391067751
8.810413546782909 -3.360026193215169 32.66285386628596
7.539270135885842 -3.27017812066325 48.05553492640802
9.15972057163448 3.291874638607488 28.80129089162229
6.969128505779241 3.057307741933633 55.77708085981889
7.655981290523776 3.74136752986387 44.20157630671031
9.798498096784749 -3.297515537212519 21.111610245
-11.09527489538306 -3.809012682760156 3.419408766471425
-6.416186870288167 9.82070510030146 3.419408766471416
4.376726030725946 2.817894544132044 86.33349174119634
9.794935447971769 4.165321556609954 17.23204404602714
-2.879762434608137 -11.37192468062312 3.419408766471419
3.752172511923079 -3.141425038482989 90.29533585463945
4.712243512000815 10.74283313214683 3.419408766471414
5.150938985619188 -3.27094646601781 74.94446563161718
8.17663737326064 -3.319556363978849 40.34491539162973
4.86311312677706 3.164125686601179 78.75485642628907
8.7004715821458 2.789959259942722 36.37973497539866
5.515811992190327 -3.836622905684349 67.10251085761583
6.549351529824886 -3.253310064738898 59.55566450511531
10.28636908011077 -3.73836073422892 13.40986106903457
-2.723844371020274 3.415592807225254 96.96476903409871
7.945113376504919 -8.63069383398738 3.419408766471524
-11.09619766411182 3.82407101203741 3.346087816331039
10.7499272969823 3.304317935205711 9.576559054785395
-2.633579180006027 -3.523592931555294 96.57950772588465
9.957006246775096 6.199502580142013 3.439934067811965
11.0516879769979 -3.331572724187092 5.807651982928282
3.374681076347565 3.1132268918116 94.13560339841358
4.812366599042043 -3.224042144942172 78.873476585039
6.213887481933059 3.245444915275248 63.39923967603456
7.854154908482224 -3.29597773825231 44.24681280899749
0.8839995536723747 4.277270915254395 96.9780051014545
-0.6087510069504397 4.572291850264672 93.86533233342223
-3.967763370978763 2.380981615854184 93.67860409287384
-2.514782277294542 4.167909695589317 90.62303120156031
2.066990261246719 -5.261510892665558 80.64680223727419
-4.80108364624302 0.9237778919459773 90.35193927379757
-4.148411874349152 3.013742045850459 87.3225173675719
-5.124635680411549 -0.5869825869384447 86.93403556407078
-5.122782828649765 1.689962471480975 83.93290014234525
-4.102942731135807 -2.73176048741506 89.84349415526822
-3.450955103805575 -3.897373372224187 86.33062376829567
-2.74525964620429 4.619206734186632 84.19882538123187
-4.323373963597374 3.620907277386757 80.81942428518379
-5.663254032746599 0.1873336032435064 80.4766336746259
-5.37961283511469 2.441209115202028 77.4112834124462
3.829378504189165 5.70078908652215 65.2140595431384
3.428112131907595 5.599839637092569 69.04764450439538
0.4887954665235053 6.721468060586366 66.84457821158199
0.8928179355429308 6.984360960285742 63.00759621305362
0.04235021281728917 6.438779606489308 70.66023524719105
-2.942669963235654 5.918174962922335 68.49413161016638
-2.753265683547489 5.205468042889199 77.65080134600056
-5.790428627986908 -1.334465356796285 76.9715180640716
-6.101211141251321 0.9881053621990269 73.94113796353074
-5.568038290200307 -2.775568813770978 73.42303853409744
-4.628925851986176 -3.355453354230358 79.83093658536049
-6.435164392552136 -0.5311196167612977 70.42992237761062
-5.247299461382974 -3.842791129203413 69.83410289294285
-6.451079284925978 -1.943402655771053 66.86703271750487
-4.023738940476278 -5.463228443622678 66.26181359785348
-6.127111939367729 -3.421004872982743 63.30914599902164
5.811217550862038 -6.032015714547201 46.04873695987626
5.454323539244878 -5.953004615925793 49.88579263082659
2.8022077834529 -7.749418691590647 47.76896262079863
2.433904072456799 -7.555834424129176 51.61045964612449
-0.6592534214256607 -8.093771712808955 49.29275478804499
-0.2682692160675588 -8.41081811699669 45.55053242754269
-3.566872641885735 -6.118876329295499 62.48148649032691
-5.627544144180462 -4.652193755991903 59.6998788235062
-7.150026395519752 -1.216181454021843 60.31988762970298
-7.066136523793017 -2.613386588290162 56.74682205855343
-3.675997167296891 -7.437852736595195 47.05536458449848
-3.337106839134441 -7.922995942694743 43.23793053363452
-7.399110627028441 1.186938604208062 57.25786728469546
-7.760717677315624 -0.3900210132729153 53.74074167078587
-6.200861280946293 -5.793840997747306 44.64430448029835
-5.966362865280952 -6.448681503160376 40.84556402414968
-2.926818585002982 -8.40145235614755 39.4315951645553
-5.686759627589668 -7.084612709206143 37.04295937462965
-2.536021885899101 -8.841062277868428 35.60790721585147
-5.371248919546576 -7.695295135456422 33.23372708346492
-2.138179001849731 -9.255372017013649 31.77639912984177
-5.055382919697273 -8.261381008182097 29.40955881034828
-1.735483389608434 -9.646392072540573 27.93758548895211
-4.706685818175227 -8.807838843209817 25.58347614339168
-1.347249163613359 -10.01406471383168 24.08734477227008
-4.35142665207022 -9.323015975732845 21.74647888273559
-7.250921477469093 -7.142085012681834 23.15472705832409
-7.836118026218164 -4.970891874030916 34.56353881843241
-7.887371930668207 -3.637912359946707 42.10949889838693
-6.995610359938588 -7.802126448953934 19.3247427273909
-9.170450170580592 -4.851478313127953 20.65164068953261
-3.98786000470651 -9.812028931772874 17.89724905864923
-9.068173024145095 -5.633109518604225 16.83092463736949
-10.35346464990864 -2.163968396018454 18.07849042638538
-10.19659395992997 -1.290995169992689 21.88013838670311
-10.36927319933828 1.565626135013027 19.22700620548145
-9.895050135711458 2.433245596443461 23.00034954531355
-9.073476766294286 5.092247966688552 20.26948309116154
-8.2640168309097 5.824621974250115 24.00963996751245
-6.598352758028958 7.94960065160769 21.20367404241615
-5.492152949030151 8.404390340612796 24.90674240686663
-3.245512679405646 9.739945776403131 22.02690268366821
-4.496918621794461 9.549979158655834 18.35062264509936
-7.361565876809996 6.495251654900008 27.73281906967479
-4.311886799957352 8.744338514190369 28.59331092911318
-6.366916065728883 7.085261027497492 31.43924014373065
-9.787765685478995 4.323625390307066 16.51563559486775
-3.065876177064048 8.950416558567548 32.26170363829723
-5.283031063682296 7.574960869529034 35.12906209376556
-0.790949284565715 10.46713254108184 19.0977553252794
-2.122162621538225 10.57381820109793 15.44217375744585
1.800531663554092 -9.761044307353078 26.35623741844034
0.5494667171124947 10.19577184685695 22.73690282816574
-6.947972934673278 3.407365721142297 54.14742021571233
-7.774609810794701 1.937544775684074 50.66719563327358
-5.923525858022886 5.358189152717993 50.985083498759
-7.12651030545731 4.171509742394253 47.55117366479698
-4.468866678507659 6.922944799561357 47.77507222391867
-10.44764705628619 -3.025881531856688 14.26897501547867
-8.921820484902941 -6.395074931747999 12.99767471072743
-1.767333116646481 9.001874150413366 35.91124666537676
-4.473764661253125 6.287381765707655 54.42590214325406
1.71245844568547 10.59396685820317 16.11808387156692
0.717847977125209 9.378122155604666 32.96553852199423
2.215390924434677 -9.985997037663132 22.5053886164418
-9.971530235230773 -0.4061015125598381 25.66912215128767
0.3740124643129115 11.01119002707983 12.48333589591814
4.130671630337173 10.1623523068149 13.090314074109
-6.802356408607204 2.411914047440895 60.76999814446555
-6.038004243370656 5.994835743197508 44.36298315485899
-2.763115896356329 8.033177883020713 44.53395278899543
-0.845166928101638 8.189084736889633 47.86957704370079
0.9899053350364497 -9.266600041114406 34.06122553346768
-3.431128241470241 10.52899410193911 11.76658708866938
-7.921478008282379 4.884728565304473 34.22454150529455
-2.54207535125688 -6.908272835043129 58.94230614934579
2.172268822389508 8.861456264874922 36.54528488172841
1.061079381434024 8.428833958544013 44.53068097592124
-0.9690048512459284 11.26408920543452 8.82201710809338
2.962318072911799 7.682559538362455 47.85288378530353
5.213393821736089 -8.603778750473086 24.64947897045334
4.754399378260967 -8.517146336611226 28.53450199480944
-2.975323957660133 -5.526783870095705 72.72048054554459
-4.027919559270655 -6.908855836033273 50.85942943979711
5.583243198257635 -8.726968271258832 20.83634845456141
5.328731435531566 9.263506612500452 16.68564584075953
1.03685717071455 7.908535038100741 51.12704118960659
4.308144104514341 8.310465979687113 33.53464054787261
3.154731045434481 9.110324448414884 29.97297585671878
0.1174795517825061 -7.141504785329895 61.72075793419516
2.624938797594594 -10.20003121006333 18.64793332875911
5.865079408161094 -8.907662645344791 16.9607667461672
3.011929733474368 -10.40903730994688 14.78950494336362
6.211842443416677 -9.042661966482893 13.07822812830598
3.40429045134856 -10.60772893815717 10.91963345826976
-0.1050673260574069 -11.01290024391308 12.53592349952411
-10.5050686717419 -3.816166234178441 10.4604671968024
-8.738825967941143 -7.131905494543081 9.152547826381014
-11.08258121503573 -0.1621231765801499 11.64184442683102
-7.898427084638651 -1.569671369619569 50.15280255440411
7.173694200310172 8.246853666283799 13.59123098401653
6.391669036747722 9.209660192809878 10.03383607345546
1.174889512819011 -7.34029326466543 58.02002229428872
-6.63169320767456 6.101444379843752 37.97260137393597
-8.725221339326362 2.553752139075601 36.95895580298878
-9.272346077840087 1.459754136361354 33.20705579467198
2.996450244430661 5.504355379608286 72.84329996013764
7.621266741275861 -6.306686871930308 26.78060649541706
5.142357396234855 -5.825362417282579 53.74251453066729
-6.4213188584889 -9.035121599470051 11.63217625742115
-7.908727279757493 3.207421186565054 44.03496966238203
4.663881116394194 6.473307080732225 51.0987752331682
2.95504135654981 7.122296500182506 54.49703087441205
0.2902586036127973 -11.31386625434132 8.670854494795986
6.50702464532443 -9.201946009103372 9.273116714153256
-6.062561606910668 -9.640988344702428 7.766844515143852
-11.34392959198326 -1.270759989233288 7.434607695075306
-10.97551330793039 2.668520317011463 8.954573770207345
-1.009210317210335 8.698720628507242 41.20535352615279
2.758367604307663 8.342054639261145 40.83436418018644
-9.100103205237474 -7.167695188143212 5.286506943726146
-1.523215334344938 -7.496831598063396 55.27185028235677
-3.18083403039573 5.480644173370679 71.95764687982739
1.979888415474979 -4.986428075485636 84.30424969060424
-6.529799952990007 1.589206942064839 67.08359347164958
-4.69924960712395 10.34802762122546 8.067658787787888
-6.844111155360109 8.787316018499258 10.95061730834538
-2.302320390533954 11.36489174496087 5.136469297527364
5.239415278380335 7.414050938004052 37.12085416666311
6.435368908041698 7.133747341385535 30.3994177028227
5.396974261095282 8.276212097052827 26.93161265638005
-1.714684285248882 -4.682169777183954 89.11793074351316
6.042974550474646 6.375938637786392 40.85485250662715
-2.310489625791758 -4.106458645292604 92.60494920429589
-8.085429920285838 8.117082450323313 6.900381077297767
5.908200535621055 5.736712293472323 47.83772174848421
1.254903866020898 4.690446735387388 90.78053429165655
-7.925151680787539 -2.735285105791055 45.94688075519549
-0.981425048882092 5.011990212035081 87.58164002365606
8.819780162544831 -6.757024191207043 11.30063221639841
9.017071439551472 -7.055914357573965 6.993403750211821
-4.373797870819125 0.05949301263183673 96.89494471490113
2.425769257960733 -5.437810937582964 76.81741565136404
2.82027200399946 -5.587699571852098 72.94506308023425
-0.6805566741684789 6.097069560852588 74.52272997509201
-2.28720780664464 -4.997592158204522 82.6397327241758
8.173114239075636 -6.592211747275478 19.05504025595772
6.159250551952587 -6.114595836852289 42.1975924302034
6.545261997230773 -6.151471853528367 38.34397569139171
3.610762882248423 -8.076643734714382 40.06239524159685
3.781901357702678 -6.155264996096776 60.68141368120746
2.306129256414713 -6.537010587999739 64.39677267489819
5.680816630934607 -4.124439711389869 63.27483573214781
2.90313170616351 -5.924773144961187 68.64131894633614
-0.7435266673747338 -6.705588875087981 66.74970009804981
7.240210654185436 -6.287260021976399 30.63375333231047
9.122994413206149 -3.38396882571171 28.83827132390986
9.46112987883933 -3.338861361824655 24.99317767717859
8.012527851455756 -6.307843757541726 22.90262926912598
-6.412885653187181 -5.090972359563231 48.43624024909247
-1.336082905341356 -5.659187500338486 78.59083090662011
2.767451965606174 -3.656060944166346 94.21187059484977
0.8502221189687292 -4.28245174500155 96.99870917382096
4.151595880050725 -3.10881660211555 86.57286023530499
1.490284449403214 11.44379520692528 5.839461034432489
3.204196442121937 -7.918240921616556 43.93831619156457
4.48357570825921 3.182873906471004 82.60981160837999
2.073997266700022 5.274460263207301 80.4611004648701
1.614789335008934 5.119291401965853 84.26841963380122
6.925735087880159 -6.18263032825888 34.51137395725292
1.858807483549249 9.748128460592955 26.38102731786484
1.39746809121314 -9.520680875728448 30.20650930074138
4.414035873384409 -8.355837923763495 32.39998837849708
9.982537472314036 -3.68347788799848 17.27478779863795
5.230186812348898 3.144617887825967 74.93175104653113
-5.079409767513662 -1.934781934297503 83.41090433262684
8.489834646061707 -6.68422485929336 15.17913490092354
10.59899536246261 -3.758775975868279 9.583538281721523
-6.711156711955483 -8.436573812698411 15.49744320590953
6.549329588493538 3.253376719494234 59.5555374068739
4.195919843878166 5.820055955217346 61.3090585423212
1.321749738526865 7.215829254662927 59.26319536542459
-2.189651970395955 6.878371744964822 60.75486636556875
7.088293079255143 3.552600528202366 51.73030211406253
8.485357925352185 -3.356664105354429 36.52834181880261
6.894540833873587 -3.219816975596809 55.78874224950925
5.403166115282601 -3.444545982232197 71.05643104972593
8.8570062281657 3.238746256719359 32.64744352017681
-10.76072395306034 0.7148421220697166 15.44513470645381
4.867967019025342 6.979029980965076 44.35670267320239
9.52393724467724 3.174737289440045 24.91508510174398
9.813818944289316 3.251333454650609 21.11281602184983
8.391023379139691 5.79623575828136 22.89258254449509
3.024119743623225 9.999802958614824 19.73179309736681
3.984450702739319 9.351278384498809 23.31899207532386
-10.4191591464823 3.518218872263656 12.7427448453828
2.859989605203539 10.88455960574606 9.478454822546038
10.39767362600353 3.453041623699544 13.2645950672984
-1.959799390116531 9.7851773212781 25.67283026001831
-0.6250049909495428 9.669518321191815 29.35519088630936
-7.920115022540573 -4.231709722959232 38.37614189796275
-8.865865078579224 -0.5824019925662585 39.58016334012657
-2.758467587508452 7.479456644868911 51.18168356966901
-5.707168854844602 9.222236067685127 14.67133774355713
-7.473294818554196 -6.458235764843504 26.9728183762463
-7.704998807845924 -5.686009731121428 30.80120877183337
-9.242820468253674 -3.17890088781587 28.28136947894659
-0.5208177507115744 -10.6966877546238 16.39914293855676
-0.9277470668017241 -10.36394732204619 20.26145477300987
-6.241181492719281 4.093052173691593 57.64034411964083
-3.435186653327769 6.01350237405118 64.47748191465328
-9.095390367173161 -1.213782704532253 35.88203250189814
4.032040532202399 -8.209639851291509 36.25918685598143
-6.960249981385983 0.4404976327137751 63.85916047336482
-8.675054796803158 4.110710083183141 30.49852253948949
-9.667706369340582 0.5374728765262025 29.44491217426697
-9.20958673010179 -2.233722726770641 32.06279855080155
-6.378146816968969 -4.517492285103238 53.16386821714346
-4.901567237886852 -5.794800154390308 56.03689895709837
-7.629217739826217 7.387279785042373 17.53906963830121
-5.917188389642313 3.64671032944432 64.15800245425416
8.24786558330989 6.739104073559497 17.14126106612178
-3.581948413303468 -10.28564959867416 14.08472887384414
0.5706661980228015 -8.999076192662523 37.90067594772771
0.1837267521899315 -8.71686847122303 41.69154212677952
-8.571151074780021 6.759595614103813 13.77486010769132
-9.232313311881176 -4.033193854566069 24.46156493127896
-9.33596410068084 3.281507871847625 26.73532903086073
5.545316124772948 3.200633963616605 71.12041853286362
-1.419745594748953 7.375203288795379 57.04307588630223
6.378351073503635 8.225924142229013 20.21440633729289
-3.26869659369778 -10.70462912109939 10.25946236912933
-9.427954453182384 6.069655226034275 10.00223603966135
-3.935880582470612 -4.520599496703763 76.31458940344676
-4.165705095481022 7.697361998910169 41.26614045174991
9.029751558418225 6.579867041021899 10.51079793461153
8.000156133192831 8.192846568931234 6.975799575966851
7.675333144693592 8.87233018020604 3.411134293055797
7.224872224757849 -3.239331477894782 51.868875608671
4.230469682376077 6.175620081593399 57.36008458892331
4.644756120182949 -10.77729677694288 3.359749051448046
3.751435662458301 -10.80784308975815 7.110397933271602
0.7353232397279819 -11.58914903346795 4.924245558311277
-9.305755438015881 7.148153324448866 3.376372254275834
-11.73666604211394 0.04718123912198847 3.344770207887467
2.78270719789505 5.292652934030017 76.49641558320326
-4.522928016685367 -1.116538227789206 93.27999296042566
-8.349331672706715 2.834109663369953 40.44094735680389
-0.1467060946942728 -6.442927872093584 70.58807632597566
-6.296462251648564 -9.914645348100612 3.2397553491885
-10.40984128984836 -4.782873560470877 6.911765455945798
4.62442249864698 -5.890328313305024 57.32097256573304
10.22813237147876 -5.778600291799357 3.206609444451877
11.14419421701994 2.972373463720109 5.923893565935042
7.004229234723419 6.135764350442197 34.15872167206129
-5.657202652786991 3.062192770992701 70.73793305249328
-8.244793736557861 0.7012029497583896 47.33622936843954
8.303680399274008 2.987846346855601 40.34384936114449
7.709249803487288 6.208319328003225 26.70500370971401
5.139924651163037 10.23929337679081 6.899965312550076
-10.21191459152872 5.238166865959939 6.645310347071354
-0.5155269688868627 -6.062175831912949 75.16918892446202
-3.04277403015409 -11.0561332410361 6.769932254330504
-1.508034142645382 5.429304582363539 80.87692083548143
0.675787463642481 -4.726761959406258 91.80453479411077
2.053620129172288 -7.398203846143429 54.91696836899607
-0.862957403625385 7.70335950483107 53.98174457129444
7.772164000857797 2.673138896905809 48.04197164151546
-8.578894126178366 -0.171264377536173 43.44755238004028
-4.329239788235686 4.287738596895608 75.05307980651777
0.6238361859539098 11.77436960961673 2.657067590241274
-3.80859786566958 8.148330041562897 38.1887314818231
-4.920349172596098 5.215592497608889 61.36800850094394
4.136490153060944 2.610269484400888 90.32558230896208
1.576871404464888 -4.839456285904425 87.8014217453687
6.452512501625301 -9.544842667881639 6.083240224743792
5.376458703786377 5.580231191737775 54.01548048097096
-11.3808736670436 1.871674226630495 5.924234482641377
-0.7469839110473178 -7.835384326587056 52.46505623031145
-3.001801111154203 -5.837556917739455 69.06920162568429
-9.321814312836471 -7.256518489891524 2.372664790574404
3.150491641629034 -2.99878010852642 97.2086302191444
3.407052942739645 2.703714494624518 97.20891928206666
8.45959974638526 6.091565365292771 20.01753087970318
9.989677358540582 5.494943602672018 7.608086736659656
0.1312676688643333 5.844406604986242 78.19550131087449
9.036362438056239 6.05914756144035 14.23403521640977
11.44288147924984 -2.793102482646737 2.810165575525718
11.37923947019136 3.017559473982097 2.890122003772733
-6.725888201585374 5.572580954363535 41.49230042943778
-0.8183929021767927 -5.16345271735792 86.04760099369275
-0.2348378546792189 8.974852431955934 38.39911239066556
-2.902659045103456 11.46234135071534 2.234291780102737
-5.135908018217144 4.334669957422169 67.08071146555795
7.292310565134632 5.256196845093733 38.25606595686546
2.225690910328113 4.563570168337198 87.96012061743762
-0.05469789955032378 -4.565507725670101 94.46001779304729
-3.73853128747054 -6.815048909019394 53.70751008527645
1.063239728318028 7.483161235477393 56.43691262184559
0.9912759083853923 -11.79721746320572 2.048356996154488
-4.002407877759291 6.223229941006785 58.45896512773751
-1.283180511090263 -6.837550822459725 64.07848224067104
6.385301205374145 7.80042361764051 24.38817357336235
6.630379872073902 4.170565312688758 8.47531166623577
5.941357433581929 4.229868567608546 15.33319454217639
4.233394640304983 5.332986898647601 21.48628696736261
2.927917591112533 7.550824632525049 5.10001006587796
2.361628082794307 7.183274099476553 11.92441040192084
5.382753062779708 4.51755655739213 18.71296789791164
4.016180283188447 5.962631380203775 16.65698953325561
6.393902709019388 4.033919369845854 11.94307837295487
2.710155710056456 7.342764003070072 8.551926621338602
6.906646767552521 4.235345354013413 5.05901743306339
5.293889676684167 6.36031248770791 2.856425601405245
5.108032168830311 6.132130536369893 6.595589685721539
4.697178112981422 6.098312094838541 10.1955850630807
4.35531313205837 5.994056423049081 13.85888182260291
5.72255328129688 3.659105253432232 21.6971436853621
2.491095547252664 6.562320018217538 18.8149566010676
2.096583930605339 6.456474592712579 21.74854480637776
2.518867682289867 7.917950773622322 2.427529015258139
7.338432857799886 3.902873998881752 2.392069773443847
2.080658944606731 7.011753611110247 15.0702238829037
-0.1458673700133843 1.5 2.844936352506388
-4.434248634233928 1.5 11.76152622007014
4.188303014913079 1.5 15.74377200966675
-3.948613657874922 1.5 18.64455438339266
4.710984479881236 1.5 8.33350070456107
1.708867749938184 1.5 21.25992648590235
-5.194531158195741 1.5 5.026534576555692
4.868023059861679 1.5 3.521771562163291
-4.174352377650957 1.5 15.19257014106124
-1.428224859189804 1.5 13.24419887492538
-1.616416709946442 1.5 9.818080010692897
1.465318458910608 1.5 10.96736297581911
1.116823556731351 1.5 7.828182013258298
-1.47598777926134 1.5 16.91647330972818
-1.831459513812749 1.5 6.102335257213003
-4.701036224898486 1.5 8.322694370228906
4.155714224054046 1.5 19.12069396375401
-1.490043417582982 1.5 20.83880497207211
4.479619588619901 1.5 12.15110255479252
-3.184242152608178 1.5 2.723989032814421
1.220102745075643 1.5 14.74879890789281
4.447639771837221 1.5 21.79043160791232
1.162847592455861 1.5 18.36513903554609
-4.245046515740203 1.5 21.54912125141492
3.244463842985866 1.5 5.518576885404518
0.8365593885090483 1.5 5.193943562653888
-5.726625429461832 1.5 2.457637709316377
2.414169234237401 1.5 2.461250712658437
5.643309466531001 1.5 5.753581574888147
-6.625598336114201 4.177781949236959 8.477855986990717
-5.941357433581894 4.229868567608595 15.33319454217639
-4.233394640304979 5.332986898647603 21.48628696736261
-2.927917591100177 7.550824632529333 5.100010065883966
-2.920376258464017 6.972287452869329 11.9540939188889
-5.382753062779459 4.517556557392438 18.71296789791154
-4.017749040384571 5.961604246052943 16.65667537688953
-6.353329930395045 4.099210558694706 11.93145612100156
-2.877103318559698 7.280945836751443 8.528578002273035
-6.893104422485813 4.249096770850474 5.114086021281939
-5.307750772385522 6.343975574371981 2.902959092242224
-5.104163604678869 6.132510324277713 6.623334225541384
-4.891658304896502 5.947376579096344 10.15703581343568
-4.443326078887724 5.926020499552363 13.89026916981004
-5.722553281296874 3.659105253432243 21.6971436853621
-2.680336191967704 6.488152149902634 18.80525502745088
-2.10548853353461 6.459484609726048 21.67717111613495
-2.518867682281786 7.91795077362393 2.427529015269806
-7.324452688802869 3.919987102841195 2.446441628163086
-2.255107282195061 6.955353215922123 15.09748816272797
-6.661338147750939e-15 5.900042359436546e-15 100
0.9224721775360581 4.055579518104577 24
-1.649459128116302 3.684026593102565 24
3.039471309258627 3.9134316688039 24
-0.003202879468304038 0 33.2351765998289
-0.02439755471179872 0.1691468292367739 42.23007941941992
-0.04688728727199365 -0.002782254778478155 51.24022822025545
-0.0296144074326854 0.006274932708242531 58.60480281375826
-0.4221377989594934 0.2128432977026717 65.14412335259736
1.959442637470806 3.663873949870006 29.48639728181477
-0.08747813284531158 0.08143352225893352 72.51246385252716
2.923404947491834 -2.906902590317498 29.42689305426378
-0.1725239867286521 0.05628779892821267 78.30898189540879
-2.667068575492306 -3.197989245898741 29.30700409682342
-3.463554572834277 2.326450925072981 29.51869513305485
1.645009683888187 -3.181703551576883 37.74621546526853
-3.491083096608229 -0.7106838992635494 37.68697584184122
-0.4121845763366387 -3.035716605225198 46.67470001667334
0.3010973302732682 3.431932396477143 37.67042377928757
-1.003084115828737 2.899765181375074 46.78648427200693
0.09265999190466268 -0.03863515037637897 85.17479340037931
3.315308235721766 0.3189234754547376 47.45271386718276
-0.04628784503768335 3.072555903672572 54.91875778795993
-1.136502487099629 4.638399101290992 32.99659125177123
1.763946129637324 -2.568267173484999 54.92144932675989
-0.8324436829929154 -4.786361719041703 33.52508036436704
4.598994149861647 -1.421580799620193 34.25343494905815
-0.02432199889249276 -0.05283267324374297 90.05780947783451
4.829057971142317 0.7421059413575524 27.9831679111017
-4.715791410712462 -0.8081094378668967 32.91978840907609
-3.055666360854313 -0.6785021583519124 54.9304291572352
-1.314861375644269 5.78068910268167 27.90821019194765
4.192782182727364 0.7934179900191967 38.93382813281782
-1.880536352889178 -4.017496982293475 40.94866293499355
3.244569795106506 -2.868011787172159 43.80675611408173
-0.003034020385151424 -2.220446049250313e-16 28.0737201081106
-0.1307571101749794 0.06779108854410505 94.96497955225448
3.259036659761564 3.299643196555871 33.98940837990653
-3.931395819868811 -0.354555264245533 44.906261370084
2.178038187365465 1.328185654355291 68.88633964091895
-3.226621168734203 2.865389270002008 40.47202241131056
-3.182089677862035 0.09655829588558695 61.65511025587413
1.133120311759031 -2.724434663609857 62.0455590459036
3.99182344904826 5.028669416455578 27.09338368945172
2.221186278577036 1.878578451409072 61.96546730753317
-0.3596301542757233 -2.297261569501779 68.78946012386528
0.3075037154454678 -5.921127694527609 27.96952592337741
3.562492547941276 1.119082268983249 53.42652737132764
-5.834242733746912 -0.7833346066142588 28.0650817157651
0.4813976626080894 4.614808344101597 42.26395201623832
-3.869945041123393 0.6069707639966959 49.1830754245811
-1.297824653718958 -3.749107847111675 52.42467406993924
4.049038602468567 1.406812713607529 43.27103633123595
2.125459762448223 -3.386517831518174 50.00948454620479
1.500664642744349 3.799762800598621 50.11080509222506
-4.298450140820854 2.78422755083315 35.28106171212888
-2.399583605676274 3.470124904486272 51.64437802549232
-1.950810510425413 0.6004916551207158 81.81350925224967
-2.098730270594627 1.621107547578595 68.82998245162634
-1.375224956137095 -3.494432789847211 57.21834228351248
-2.206597795164571 -5.248821811818873 37.18566084384069
-0.6806766207992656 3.880033480226297 58.71175894112002
3.634428211102609 1.339874345560801 57.47848529128644
1.836683177749868 -0.4491674748325973 81.65268617732799

CELLS 3609 16479
1 0
1 1
1 2
1 3
1 4
1 5
1 6
1 7
1 8
1 9
1 10
1 11
2 0 12
2 12 13
2 13 14
2 14 15
2 15 16
2 16 1
2 0 17
2 17 18
2 18 19
2 19 20
2 20 1
2 2 21
2 21 22
2 22 23
2 23 24
2 24 25
2 25 26
2 26 0
2 2 27
2 27 28
2 28 29
2 29 30
2 30 3
2 1 31
2 31 32
2 32 33
2 33 34
2 34 35
2 35 36
2 36 3
2 2 37
2 37 38
2 38 39
2 39 3
2 4 40
2 40 41
2 41 42
2 42 43
2 43 44
2 44 45
2 45 46
2 46 47
2 47 48
2 48 49
2 49 50
2 50 51
2 51 52
2 52 53
2 53 54
2 54 55
2 55 56
2 56 57
2 57 4
2 5 58
2 58 59
2 59 6
2 5 60
2 60 61
2 61 62
2 62 63
2 63 7
2 6 64
2 64 65
2 65 7
2 8 66
2 66 67
2 67 68
2 68 69
2 69 70
2 70 71
2 71 8
2 4 72
2 72 73
2 73 74
2 74 75
2 75 76
2 76 77
2 77 78
2 78 79
2 79 80
2 80 81
2 81 82
2 82 83
2 83 84
2 84 85
2 85 86
2 86 87
2 87 88
2 88 89
2 89 90
2 90 91
2 91 92
2 92 93
2 93 94
2 94 95
2 95 96
2 96 8
2 9 97
2 97 98
2 98 99
2 99 100
2 100 101
2 101 102
2 102 5
2 9 103
2 103 104
2 104 10
2 6 105
2 105 106
2 106 107
2 107 108
2 108 109
2 109 110
2 110 10
2 7 111
2 111 112
2 112 113
2 113 114
2 114 115
2 115 116
2 116 11
2 9 117
2 117 118
2 118 119
2 119 11
2 10 120
2 120 121
2 121 11
3 12 159 0
3 0 159 26
3 1 156 16
3 31 156 1
3 21 154 2
3 2 154 27
3 30 155 3
3 3 155 36
3 13 128 12
3 128 159 12
3 14 152 13
3 13 152 128
3 15 127 14
3 127 152 14
3 16 147 15
3 15 147 127
3 16 156 147
3 22 143 21
3 143 154 21
3 23 122 22
3 122 143 22
3 24 135 23
3 23 135 122
3 25 125 24
3 125 135 24
3 26 149 25
3 25 149 125
3 26 159 149
3 27 133 28
3 27 154 133
3 28 126 29
3 28 133 126
3 29 129 30
3 126 129 29
3 129 155 30
3 32 144 31
3 144 156 31
3 33 123 32
3 123 144 32
3 34 137 33
3 33 137 123
3 35 124 34
3 124 137 34
3 36 134 35
3 35 134 124
3 36 155 134
3 135 158 122
3 122 157 143
3 146 157 122
3 122 158 146
3 137 138 123
3 138 139 123
3 139 144 123
3 134 153 124
3 124 145 137
3 124 153 145
3 125 136 135
3 125 148 136
3 125 149 148
3 126 130 129
3 126 131 130
3 126 133 131
3 139 140 127
3 127 147 139
3 140 141 127
3 141 152 127
3 141 148 128
3 128 152 141
3 148 149 128
3 149 159 128
3 130 153 129
3 129 153 134
3 134 155 129
3 131 132 130
3 132 153 130
3 131 146 132
3 133 157 131
3 131 157 146
3 142 145 132
3 132 151 142
3 145 153 132
3 146 151 132
3 133 154 143
3 143 157 133
3 136 158 135
3 148 150 136
3 150 151 136
3 151 158 136
3 137 145 138
3 138 140 139
3 138 142 140
3 138 145 142
3 139 147 144
3 140 150 141
3 142 150 140
3 141 150 148
3 142 151 150
3 147 156 144
3 146 158 151
3 26 17 0
3 20 186 1
3 1 186 31
3 2 181 21
3 37 181 2
3 36 183 3
3 3 183 39
3 17 187 18
3 26 167 17
3 167 187 17
3 18 160 19
3 18 187 160
3 19 179 20
3 160 179 19
3 179 186 20
3 21 176 22
3 21 181 176
3 22 162 23
3 22 176 162
3 23 178 24
3 162 178 23
3 24 164 25
3 24 178 164
3 25 188 26
3 164 188 25
3 26 188 167
3 31 166 32
3 31 186 166
3 32 175 33
3 166 175 32
3 33 161 34
3 33 175 161
3 34 168 35
3 161 168 34
3 35 163 36
3 35 168 163
3 163 183 36
3 38 165 37
3 165 181 37
3 39 177 38
3 38 177 165
3 39 183 177
3 174 179 160
3 160 185 174
3 160 187 185
3 161 169 168
3 161 170 169
3 161 175 170
3 176 182 162
3 162 180 178
3 162 182 180
3 168 173 163
3 173 177 163
3 177 183 163
3 171 172 164
3 164 178 171
3 172 184 164
3 184 188 164
3 176 181 165
3 165 182 176
3 177 182 165
3 174 175 166
3 166 179 174
3 166 186 179
3 184 187 167
3 167 188 184
3 169 173 168
3 170 171 169
3 171 180 169
3 169 180 173
3 170 172 171
3 170 174 172
3 170 175 174
3 178 180 171
3 174 185 172
3 172 185 184
3 173 182 177
3 180 182 173
3 185 187 184
3 37 2 27
3 30 3 39
3 28 190 27
3 27 190 37
3 29 190 28
3 30 189 29
3 189 190 29
3 39 189 30
3 37 190 38
3 38 189 39
3 38 190 189
3 0 191 7
3 7 193 0
3 50 0 12
3 0 193 17
3 49 0 50
3 49 191 0
3 4 1 5
3 57 1 4
3 1 194 5
3 16 1 57
3 20 194 1
3 40 4 5
3 58 40 5
3 5 194 60
3 44 43 6
3 43 59 6
3 6 198 44
3 64 198 6
3 48 47 7
3 7 47 65
3 7 191 48
3 63 193 7
3 51 12 13
3 50 12 51
3 14 197 13
3 13 52 51
3 13 197 52
3 15 54 14
3 14 54 53
3 53 197 14
3 16 55 15
3 15 55 54
3 16 56 55
3 16 57 56
3 17 196 18
3 17 193 63
3 63 196 17
3 18 192 19
3 62 192 18
3 18 196 62
3 19 195 20
3 19 192 61
3 61 195 19
3 60 194 20
3 20 195 60
3 41 40 58
3 42 41 58
3 42 59 43
3 58 59 42
3 44 198 45
3 46 45 64
3 45 198 64
3 47 46 65
3 65 46 64
3 48 191 49
3 52 197 53
3 60 195 61
3 61 192 62
3 62 196 63
3 40 551 4
3 4 550 57
3 72 550 4
3 4 551 72
3 8 545 66
3 71 544 8
3 8 544 96
3 96 545 8
3 41 226 40
3 226 551 40
3 42 500 41
3 41 500 226
3 43 213 42
3 213 500 42
3 44 533 43
3 43 533 213
3 45 555 44
3 44 555 533
3 46 208 45
3 208 555 45
3 47 506 46
3 46 506 208
3 48 223 47
3 223 506 47
3 49 507 48
3 48 507 223
3 50 207 49
3 207 507 49
3 51 543 50
3 50 543 207
3 52 512 51
3 512 543 51
3 53 211 52
3 211 512 52
3 54 562 53
3 53 562 211
3 55 503 54
3 503 562 54
3 56 222 55
3 222 503 55
3 57 515 56
3 56 515 222
3 57 550 515
3 66 232 67
3 66 545 232
3 67 221 68
3 67 232 221
3 68 404 69
3 221 404 68
3 69 225 70
3 69 404 225
3 70 425 71
3 225 425 70
3 425 544 71
3 73 227 72
3 72 516 73
3 227 550 72
3 72 551 516
3 73 224 74
3 74 440 73
3 73 516 224
3 73 440 227
3 75 220 74
3 74 460 75
3 220 440 74
3 224 460 74
3 75 210 76
3 76 436 75
3 75 460 210
3 75 436 220
3 77 206 76
3 76 454 77
3 206 436 76
3 210 454 76
3 78 420 77
3 77 453 78
3 77 420 206
3 77 454 453
3 78 203 79
3 79 419 78
3 78 453 203
3 419 420 78
3 80 201 79
3 79 450 80
3 201 419 79
3 203 450 79
3 80 217 81
3 81 447 80
3 80 447 201
3 80 450 217
3 82 215 81
3 81 520 82
3 215 447 81
3 217 520 81
3 82 205 83
3 83 231 82
3 82 520 205
3 82 231 215
3 84 202 83
3 83 530 84
3 202 231 83
3 205 530 83
3 84 446 85
3 85 501 84
3 84 501 202
3 84 530 446
3 85 204 86
3 86 448 85
3 85 446 204
3 448 501 85
3 87 219 86
3 86 442 87
3 204 442 86
3 219 448 86
3 87 230 88
3 88 415 87
3 87 415 219
3 87 442 230
3 88 199 89
3 89 218 88
3 88 230 199
3 218 415 88
3 90 449 89
3 89 491 90
3 199 491 89
3 89 449 218
3 91 214 90
3 90 437 91
3 214 449 90
3 90 491 437
3 91 216 92
3 92 229 91
3 91 229 214
3 91 437 216
3 93 200 92
3 92 429 93
3 200 229 92
3 216 429 92
3 93 209 94
3 94 426 93
3 93 426 200
3 93 429 209
3 95 212 94
3 94 536 95
3 209 536 94
3 212 426 94
3 95 228 96
3 96 424 95
3 95 424 212
3 95 536 228
3 228 545 96
3 96 544 424
3 230 247 199
3 247 248 199
3 248 491 199
3 200 236 229
3 200 386 236
3 200 426 386
3 418 419 201
3 201 432 418
3 201 447 432
3 202 263 231
3 202 264 263
3 202 501 264
3 392 450 203
3 203 521 392
3 453 521 203
3 204 502 442
3 446 539 204
3 204 539 502
3 395 452 205
3 205 520 395
3 205 452 398
3 398 530 205
3 206 421 409
3 409 436 206
3 420 421 206
3 379 507 207
3 207 513 379
3 383 513 207
3 207 543 383
3 388 390 208
3 208 397 388
3 390 555 208
3 208 506 397
3 429 431 209
3 431 558 209
3 209 558 536
3 210 546 454
3 460 549 210
3 484 546 210
3 210 549 484
3 505 525 211
3 211 562 505
3 211 525 512
3 424 527 212
3 212 537 426
3 527 537 212
3 427 522 213
3 213 533 427
3 213 522 500
3 229 405 214
3 405 406 214
3 406 449 214
3 231 410 215
3 410 411 215
3 411 447 215
3 216 430 429
3 216 508 430
3 437 508 216
3 450 517 217
3 517 557 217
3 217 557 520
3 414 415 218
3 218 416 414
3 218 449 416
3 219 415 413
3 413 514 219
3 219 514 448
3 220 439 402
3 402 440 220
3 436 439 220
3 232 233 221
3 233 234 221
3 234 404 221
3 222 515 403
3 403 538 222
3 222 538 503
3 223 523 506
3 507 540 223
3 223 540 523
3 224 498 460
3 224 547 498
3 516 547 224
3 225 509 396
3 396 559 225
3 404 509 225
3 225 559 425
3 226 500 499
3 499 547 226
3 226 547 516
3 516 551 226
3 227 440 403
3 403 515 227
3 515 550 227
3 228 233 232
3 232 545 228
3 228 399 233
3 228 536 399
3 236 405 229
3 230 443 247
3 442 443 230
3 263 410 231
3 233 235 234
3 233 399 235
3 235 237 234
3 237 509 234
3 234 509 404
3 235 238 237
3 235 401 238
3 399 401 235
3 386 408 236
3 236 423 405
3 408 423 236
3 238 239 237
3 239 241 237
3 241 509 237
3 238 240 239
3 238 243 240
3 238 401 243
3 240 438 239
3 239 242 241
3 239 438 242
3 243 244 240
3 244 245 240
3 245 438 240
3 242 394 241
3 394 396 241
3 396 509 241
3 242 553 394
3 242 438 408
3 408 553 242
3 243 526 244
3 401 431 243
3 431 526 243
3 244 246 245
3 244 253 246
3 244 526 253
3 246 254 245
3 254 257 245
3 257 438 245
3 253 532 246
3 246 255 254
3 246 532 255
3 247 249 248
3 247 250 249
3 247 443 250
3 249 251 248
3 251 369 248
3 369 491 248
3 250 473 249
3 249 252 251
3 249 473 252
3 443 444 250
3 444 445 250
3 445 473 250
3 252 385 251
3 251 407 369
3 385 407 251
3 252 518 385
3 473 556 252
3 252 556 518
3 407 532 253
3 253 548 407
3 526 548 253
3 255 256 254
3 256 496 254
3 254 496 257
3 255 258 256
3 255 518 258
3 255 532 518
3 258 259 256
3 259 345 256
3 345 496 256
3 257 423 408
3 408 438 257
3 257 496 423
3 258 260 259
3 258 387 260
3 258 518 387
3 260 261 259
3 261 542 259
3 259 542 345
3 260 262 261
3 260 476 262
3 387 476 260
3 262 269 261
3 269 564 261
3 417 542 261
3 261 564 417
3 262 270 269
3 262 271 270
3 262 476 271
3 264 265 263
3 265 428 263
3 263 428 410
3 264 266 265
3 264 371 266
3 264 501 371
3 266 267 265
3 267 268 265
3 268 428 265
3 266 541 267
3 371 528 266
3 528 541 266
3 267 273 268
3 267 346 273
3 267 541 346
3 273 274 268
3 274 487 268
3 268 487 428
3 270 338 269
3 338 352 269
3 352 564 269
3 271 272 270
3 272 481 270
3 270 481 338
3 271 275 272
3 271 331 275
3 271 476 331
3 275 276 272
3 276 480 272
3 480 481 272
3 273 277 274
3 273 422 277
3 346 422 273
3 277 278 274
3 278 279 274
3 279 487 274
3 275 316 276
3 275 472 316
3 331 472 275
3 316 317 276
3 317 362 276
3 362 480 276
3 277 291 278
3 277 400 291
3 277 422 400
3 278 280 279
3 278 463 280
3 291 463 278
3 280 281 279
3 281 486 279
3 486 487 279
3 280 282 281
3 280 290 282
3 280 463 290
3 282 283 281
3 283 335 281
3 335 486 281
3 282 284 283
3 282 468 284
3 290 468 282
3 284 285 283
3 285 434 283
3 283 434 335
3 284 286 285
3 284 467 286
3 284 468 467
3 286 287 285
3 287 314 285
3 314 434 285
3 286 288 287
3 286 289 288
3 286 467 289
3 288 471 287
3 287 327 314
3 287 471 327
3 289 292 288
3 292 294 288
3 294 471 288
3 289 293 292
3 289 489 293
3 467 489 289
3 463 474 290
3 290 479 468
3 474 479 290
3 400 531 291
3 291 464 463
3 291 531 464
3 293 295 292
3 292 441 294
3 295 441 292
3 293 296 295
3 293 297 296
3 293 489 297
3 441 485 294
3 470 471 294
3 294 485 470
3 296 321 295
3 321 322 295
3 322 441 295
3 297 298 296
3 298 451 296
3 296 451 321
3 297 299 298
3 297 328 299
3 297 489 328
3 299 300 298
3 300 309 298
3 309 451 298
3 299 301 300
3 299 490 301
3 328 490 299
3 301 302 300
3 302 482 300
3 300 482 309
3 301 303 302
3 301 306 303
3 301 490 306
3 303 304 302
3 304 305 302
3 305 482 302
3 303 461 304
3 306 307 303
3 307 461 303
3 304 312 305
3 304 315 312
3 304 461 315
3 312 313 305
3 313 466 305
3 466 482 305
3 306 308 307
3 306 477 308
3 306 490 477
3 308 310 307
3 310 462 307
3 307 462 461
3 308 311 310
3 308 337 311
3 308 477 337
3 309 458 451
3 309 488 458
3 482 488 309
3 311 323 310
3 323 326 310
3 326 462 310
3 311 534 323
3 337 366 311
3 366 534 311
3 312 325 313
3 315 456 312
3 312 456 325
3 325 329 313
3 329 336 313
3 336 466 313
3 327 343 314
3 343 344 314
3 344 434 314
3 433 457 315
3 315 461 433
3 315 457 456
3 316 318 317
3 316 324 318
3 316 472 324
3 318 319 317
3 319 519 317
3 317 519 362
3 318 320 319
3 318 465 320
3 324 465 318
3 320 332 319
3 332 373 319
3 373 519 319
3 320 333 332
3 320 334 333
3 320 465 334
3 321 359 322
3 321 361 359
3 321 451 361
3 359 360 322
3 360 372 322
3 372 441 322
3 323 339 326
3 323 554 339
3 534 554 323
3 324 529 465
3 472 563 324
3 492 529 324
3 324 563 492
3 325 330 329
3 325 348 330
3 325 456 348
3 339 350 326
3 350 351 326
3 351 462 326
3 327 347 343
3 327 353 347
3 327 471 353
3 469 478 328
3 328 489 469
3 478 490 328
3 330 459 329
3 329 341 336
3 329 459 341
3 348 363 330
3 363 364 330
3 364 459 330
3 331 535 472
3 476 483 331
3 483 535 331
3 333 497 332
3 332 552 373
3 497 552 332
3 334 340 333
3 340 381 333
3 381 497 333
3 334 342 340
3 334 349 342
3 334 465 349
3 434 435 335
3 435 475 335
3 475 486 335
3 341 388 336
3 388 389 336
3 389 466 336
3 337 367 366
3 337 368 367
3 337 477 368
3 338 365 352
3 338 384 365
3 338 481 384
3 339 391 350
3 382 391 339
3 339 554 382
3 342 452 340
3 340 382 381
3 340 452 382
3 341 390 388
3 341 427 390
3 341 459 427
3 349 374 342
3 374 398 342
3 398 452 342
3 343 370 344
3 347 421 343
3 343 421 370
3 370 418 344
3 418 435 344
3 344 435 434
3 345 524 496
3 511 524 345
3 345 542 511
3 346 480 422
3 346 560 480
3 541 560 346
3 353 354 347
3 354 409 347
3 409 421 347
3 348 484 363
3 456 493 348
3 348 493 484
3 349 375 374
3 349 529 375
3 465 529 349
3 350 392 351
3 391 517 350
3 350 517 392
3 392 393 351
3 393 433 351
3 433 462 351
3 365 413 352
3 413 414 352
3 414 564 352
3 353 355 354
3 353 470 355
3 353 471 470
3 355 356 354
3 356 439 354
3 354 439 409
3 355 357 356
3 355 358 357
3 355 470 358
3 357 377 356
3 377 402 356
3 402 439 356
3 358 376 357
3 376 504 357
3 357 504 377
3 358 494 376
3 470 485 358
3 485 494 358
3 359 513 360
3 361 379 359
3 379 513 359
3 360 378 372
3 360 383 378
3 360 513 383
3 361 380 379
3 361 458 380
3 451 458 361
3 400 422 362
3 362 519 400
3 422 480 362
3 363 498 364
3 484 549 363
3 363 549 498
3 364 522 459
3 498 499 364
3 499 522 364
3 384 528 365
3 365 514 413
3 365 528 514
3 367 510 366
3 497 534 366
3 366 552 497
3 510 552 366
3 368 474 367
3 367 474 464
3 464 510 367
3 368 479 474
3 477 478 368
3 478 479 368
3 407 508 369
3 437 491 369
3 369 508 437
3 370 419 418
3 370 420 419
3 370 421 420
3 371 501 448
3 448 514 371
3 514 528 371
3 378 494 372
3 372 485 441
3 372 494 485
3 510 531 373
3 373 552 510
3 373 531 519
3 375 539 374
3 374 446 398
3 374 539 446
3 502 539 375
3 375 561 502
3 529 561 375
3 494 525 376
3 376 505 504
3 376 525 505
3 377 403 402
3 377 538 403
3 504 538 377
3 383 512 378
3 378 525 494
3 512 525 378
3 380 540 379
3 379 540 507
3 458 495 380
3 495 523 380
3 523 540 380
3 382 554 381
3 381 534 497
3 381 554 534
3 382 395 391
3 382 452 395
3 383 543 512
3 481 560 384
3 384 541 528
3 384 560 541
3 385 532 407
3 518 532 385
3 386 553 408
3 426 537 386
3 537 553 386
3 387 483 476
3 387 556 483
3 518 556 387
3 388 397 389
3 397 495 389
3 389 488 466
3 389 495 488
3 427 533 390
3 533 555 390
3 395 557 391
3 391 557 517
3 392 521 393
3 392 517 450
3 393 457 433
3 393 565 457
3 521 565 393
3 394 527 396
3 394 537 527
3 394 553 537
3 520 557 395
3 527 559 396
3 397 523 495
3 506 523 397
3 446 530 398
3 399 558 401
3 536 558 399
3 519 531 400
3 401 558 431
3 403 440 402
3 405 524 406
3 423 524 405
3 416 449 406
3 406 511 416
3 406 524 511
3 407 548 508
3 409 439 436
3 410 412 411
3 410 428 412
3 412 475 411
3 432 447 411
3 411 475 432
3 428 487 412
3 412 486 475
3 412 487 486
3 413 415 414
3 416 417 414
3 417 564 414
3 416 511 417
3 511 542 417
3 432 435 418
3 496 524 423
3 424 544 425
3 425 559 424
3 424 559 527
3 459 522 427
3 430 431 429
3 430 526 431
3 508 548 430
3 430 548 526
3 432 475 435
3 461 462 433
3 442 502 443
3 443 502 444
3 444 492 445
3 444 561 492
3 502 561 444
3 445 535 473
3 492 563 445
3 445 563 535
3 454 455 453
3 455 521 453
3 454 546 455
3 455 546 493
3 493 565 455
3 455 565 521
3 457 493 456
3 457 565 493
3 488 495 458
3 498 549 460
3 464 474 463
3 464 531 510
3 466 488 482
3 468 469 467
3 469 489 467
3 468 479 469
3 469 479 478
3 535 563 472
3 473 535 483
3 483 556 473
3 477 490 478
3 480 560 481
3 493 546 484
3 492 561 529
3 498 547 499
3 500 522 499
3 504 505 503
3 503 538 504
3 505 562 503
3 58 5 584
3 5 102 584
3 6 59 583
3 105 6 583
3 97 9 580
3 9 103 580
3 104 10 582
3 10 110 582
3 59 58 576
3 576 58 584
3 59 576 583
3 98 97 571
3 571 97 580
3 99 98 567
3 567 98 571
3 100 99 573
3 99 567 573
3 101 100 566
3 566 100 573
3 102 101 575
3 101 566 575
3 102 575 584
3 103 104 568
3 103 568 580
3 568 104 582
3 106 105 569
3 569 105 583
3 107 106 574
3 106 569 574
3 108 107 570
3 570 107 574
3 109 108 585
3 108 570 585
3 110 109 581
3 581 109 585
3 110 581 582
3 566 573 578
3 575 566 577
3 577 566 578
3 567 571 572
3 567 572 579
3 573 567 579
3 568 571 580
3 571 568 581
3 581 568 582
3 574 569 577
3 569 576 577
3 576 569 583
3 570 574 578
3 570 578 579
3 570 579 585
3 572 571 581
3 579 572 585
3 572 581 585
3 578 573 579
3 574 577 578
3 576 575 577
3 575 576 584
3 5 60 102
3 63 7 612
3 7 111 612
3 9 97 607
3 117 9 607
3 116 11 609
3 11 119 609
3 60 61 613
3 102 60 593
3 593 60 613
3 61 62 586
3 61 586 613
3 62 63 605
3 586 62 605
3 605 63 612
3 97 98 602
3 97 602 607
3 98 99 588
3 98 588 602
3 99 100 604
3 588 99 604
3 100 101 590
3 100 590 604
3 101 102 614
3 590 101 614
3 102 593 614
3 111 112 592
3 111 592 612
3 112 113 601
3 592 112 601
3 113 114 587
3 113 587 601
3 114 115 594
3 587 114 594
3 115 116 589
3 115 589 594
3 589 116 609
3 118 117 591
3 591 117 607
3 119 118 603
3 118 591 603
3 119 603 609
3 600 586 605
3 586 600 611
3 586 611 613
3 587 594 595
3 587 595 596
3 587 596 601
3 602 588 608
3 588 604 606
3 588 606 608
3 594 589 599
3 599 589 603
3 603 589 609
3 597 590 598
3 590 597 604
3 598 590 610
3 610 590 614
3 602 591 607
3 591 602 608
3 603 591 608
3 600 592 601
3 592 600 605
3 592 605 612
3 610 593 613
3 593 610 614
3 595 594 599
3 596 595 597
3 597 595 606
3 595 599 606
3 596 597 598
3 596 598 600
3 596 600 601
3 604 597 606
3 600 598 611
3 598 610 611
3 599 603 608
3 606 599 608
3 611 610 613
3 64 6 632
3 6 105 632
3 7 65 633
3 111 7 633
3 110 10 631
3 10 120 631
3 11 116 629
3 121 11 629
3 65 64 625
3 625 64 632
3 65 625 633
3 105 106 618
3 105 618 632
3 106 107 623
3 618 106 623
3 107 108 619
3 107 619 623
3 108 109 634
3 619 108 634
3 109 110 630
3 109 630 634
3 630 110 631
3 112 111 624
3 624 111 633
3 113 112 615
3 615 112 624
3 114 113 622
3 113 615 622
3 115 114 616
3 616 114 622
3 116 115 620
3 115 616 620
3 116 620 629
3 120 121 617
3 120 617 631
3 617 121 629
3 622 615 627
3 615 624 626
3 615 626 627
3 620 616 621
3 621 616 628
3 616 622 628
3 620 617 629
3 617 620 630
3 617 630 631
3 618 623 626
3 625 618 626
3 618 625 632
3 623 619 627
3 627 619 628
3 628 619 634
3 620 621 630
3 621 628 634
3 630 621 634
3 622 627 628
3 626 623 627
3 624 625 626
3 625 624 633
3 66 635 8
3 8 635 71
3 67 635 66
3 68 635 67
3 69 635 68
3 70 635 69
3 71 635 70
3 117 103 9
3 10 104 636
3 120 10 637
3 10 636 637
3 121 119 11
3 104 103 638
3 103 117 638
3 636 104 638
3 117 118 636
3 117 636 638
3 118 119 637
3 636 118 637
3 119 121 637
3 121 120 637
4 435 660 475 661
4 435 646 660 661
4 435 475 432 661
4 437 645 91 647
4 91 645 214 647
4 475 660 650 661
4 246 255 645 647
4 30 370 3 646
4 254 645 255 647
4 496 645 254 647
4 452 656 654 687
4 464 673 651 675
4 246 254 255 647
4 256 254 496 645
4 636 117 638 644
4 214 645 405 647
4 79 646 661 663
4 642 659 219 677
4 464 291 651 673
4 508 645 437 647
4 79 646 201 661
4 419 3 370 646
4 514 219 659 677
4 639 663 644 672
4 419 201 79 646
4 472 676 642 696
4 419 646 79 663
4 219 659 642 697
4 3 646 419 663
4 472 642 665 696
4 291 668 651 673
4 464 531 673 675
4 435 660 646 681
4 410 215 650 669
4 472 665 642 676
4 435 432 646 661
4 407 645 508 647
4 398 654 452 656
4 27 286 28 648
4 255 254 256 645
4 639 661 646 663
4 650 668 412 669
4 28 648 286 681
4 398 654 656 689
4 215 667 650 669
4 412 668 487 669
4 268 668 652 669
4 418 435 432 646
4 121 490 11 649
4 437 90 91 645
4 462 644 658 666
4 473 679 676 696
4 472 275 665 676
4 269 262 643 676
4 639 646 644 663
4 398 342 654 689
4 411 410 215 650
4 91 90 214 645
4 514 677 659 694
4 269 676 643 677
4 464 531 291 673
4 306 121 120 666
4 398 342 452 654
4 638 644 117 678
4 435 434 660 681
4 261 564 269 677
4 418 646 432 661
4 644 646 639 670
4 246 255 532 645
4 452 654 684 687
4 644 663 646 670
4 447 411 215 650
4 639 661 663 672
4 398 656 452 687
4 246 645 532 647
4 473 445 679 696
4 271 665 676 694
4 496 524 645 647
4 447 650 215 667
4 428 412 487 669
4 306 649 121 666
4 282 660 648 664
4 422 652 685 686
4 642 677 219 697
4 262 261 269 643
4 659 677 642 694
4 473 643 676 679
4 351 326 462 644
4 261 269 643 677
4 654 673 332 675
4 274 277 652 668
4 326 351 350 644
4 462 644 326 658
4 405 645 524 647
4 468 282 648 664
4 636 644 638 678
4 284 286 648 681
4 332 654 675 684
4 342 452 654 684
4 284 286 27 648
4 11 649 490 683
4 30 3 39 646
4 271 272 665 694
4 306 490 121 649
4 269 270 676 694
4 332 333 654 684
4 344 646 30 681
4 118 636 666 670
4 269 676 677 694
4 247 199 674 679
4 548 407 508 647
4 644 666 636 670
4 532 645 407 647
4 271 665 275 676
4 450 644 663 672
4 548 253 407 647
4 277 652 668 673
4 410 650 412 669
4 405 214 406 645
4 514 413 677 694
4 290 660 664 695
4 477 664 649 690
4 91 216 437 647
4 118 636 637 666
4 284 27 467 648
4 316 657 472 665
4 514 365 413 694
4 271 676 270 694
4 214 229 91 647
4 308 658 649 666
4 256 496 345 645
4 447 661 650 667
4 532 407 253 647
4 218 643 677 680
4 274 277 273 652
4 79 661 450 663
4 84 682 656 688
4 501 682 84 688
4 316 657 665 691
4 437 508 369 645
4 392 663 644 678
4 450 663 661 672
4 306 120 307 666
4 118 666 637 670
4 445 250 679 696
4 508 437 216 647
4 290 660 282 664
4 368 664 477 690
4 271 270 272 694
4 342 654 340 684
4 258 256 259 645
4 472 665 657 696
4 677 679 219 697
4 332 675 333 684
4 263 202 669 688
4 88 677 643 679
4 282 660 290 695
4 521 103 9 678
4 30 344 370 646
4 189 670 38 681
4 639 653 650 667
4 39 646 3 663
4 284 467 27 286
4 290 664 651 695
4 310 658 308 666
4 639 651 650 653
4 422 346 652 686
4 650 651 640 653
4 247 674 643 679
4 214 405 229 647
4 29 344 30 681
4 651 673 640 675
4 656 669 202 688
4 274 652 268 668
4 514 413 219 677
4 11 119 121 649
4 411 412 410 650
4 639 650 661 667
4 417 677 643 680
4 435 335 475 660
4 651 668 640 673
4 30 646 189 681
4 332 654 319 673
4 407 369 508 645
4 637 121 649 666
4 316 324 472 657
4 256 345 259 645
4 199 88 674 679
4 119 37 670 683
4 637 666 649 670
4 477 368 478 664
4 365 677 413 694
4 637 120 121 666
4 316 685 317 691
4 323 658 653 690
4 282 283 648 660
4 259 645 345 680
4 284 282 283 648
4 316 324 657 691
4 418 201 646 661
4 417 643 261 680
4 218 674 643 680
4 215 667 669 687
4 308 649 658 690
4 247 643 249 679
4 265 263 669 688
4 473 445 250 679
4 491 90 437 645
4 306 307 649 666
4 435 646 344 681
4 411 650 447 661
4 643 674 88 679
4 271 272 275 665
4 480 685 665 686
4 369 491 437 645
4 308 649 307 666
4 463 651 291 668
4 10 104 433 678
4 419 418 201 646
4 189 646 670 681
4 642 676 665 694
4 258 255 256 645
4 27 467 648 683
4 346 267 652 686
4 189 38 190 681
4 653 667 395 684
4 639 667 661 672
4 265 669 652 688
4 218 643 88 677
4 323 653 534 690
4 345 496 524 645
4 342 340 452 684
4 385 251 407 645
4 387 476 483 643
4 29 30 189 681
4 472 331 275 676
4 468 290 282 664
4 524 405 406 645
4 639 653 667 672
4 501 84 202 688
4 483 643 476 676
4 646 639 660 661
4 284 285 286 681
4 650 653 640 667
4 120 306 307 303
4 119 637 121 649
4 464 510 531 675
4 84 656 202 688
4 310 308 307 666
4 450 644 392 663
4 28 286 285 681
4 38 670 190 681
4 337 368 477 690
4 521 9 663 678
4 556 387 483 643
4 463 290 651 695
4 199 247 230 679
4 215 669 82 687
4 119 637 649 670
4 316 665 276 691
4 449 645 674 680
4 316 276 685 691
4 323 311 658 690
4 119 670 649 683
4 249 643 247 674
4 283 648 660 681
4 373 332 673 675
4 269 677 338 694
4 11 119 649 683
4 490 649 477 683
4 214 90 449 645
4 659 682 501 688
4 88 643 218 674
4 514 659 365 694
4 291 277 668 673
4 283 284 648 681
4 215 82 667 687
4 316 276 317 685
4 306 307 308 649
4 641 685 652 686
4 219 448 659 697
4 219 679 87 697
4 665 685 276 691
4 260 261 262 643
4 335 435 434 660
4 650 651 639 660
4 422 685 480 686
4 449 645 90 674
4 463 291 278 668
4 260 643 262 676
4 473 250 643 679
4 87 219 677 679
4 28 190 27 648
4 218 677 414 680
4 477 490 306 649
4 323 534 311 690
4 117 663 644 670
4 10 433 666 678
4 395 653 391 667
4 468 664 648 683
4 251 369 645 674
4 10 636 104 678
4 273 346 267 652
4 260 261 643 680
4 468 648 467 683
4 651 660 650 695
4 406 645 449 680
4 391 667 653 672
4 331 676 472 696
4 644 639 649 670
4 189 646 39 670
4 435 344 434 681
4 37 648 670 683
4 639 648 646 660
4 653 675 534 690
4 251 369 407 645
4 486 668 650 695
4 652 673 422 685
4 120 121 306 303
4 90 645 491 674
4 277 422 273 652
4 258 255 645 693
4 277 422 652 673
4 189 30 39 646
4 563 472 657 696
4 557 395 391 667
4 463 280 290 695
4 274 273 268 652
4 331 535 676 696
4 260 476 643 676
4 373 332 319 673
4 650 667 640 669
4 190 670 648 681
4 214 449 406 645
4 251 645 385 693
4 199 230 88 679
4 640 654 652 656
4 250 247 249 679
4 646 648 639 670
4 27 2 467 683
4 319 332 320 654
4 3 419 78 663
4 392 644 450 672
4 514 219 448 659
4 491 645 369 674
4 408 647 692 698
4 387 260 476 643
4 334 465 320 691
4 473 643 483 676
4 474 651 290 664
4 648 649 639 670
4 250 249 643 679
4 463 464 291 651
4 391 557 667 672
4 231 202 656 669
4 651 668 463 695
4 284 468 282 648
4 269 338 270 694
4 417 414 677 680
4 370 418 419 646
4 242 239 241 662
4 273 422 346 652
4 418 432 201 661
4 274 268 487 668
4 242 655 239 662
4 463 668 278 695
4 339 658 326 672
4 644 649 639 658
4 119 118 637 670
4 652 686 267 688
4 651 664 660 695
4 334 320 654 691
4 339 326 350 672
4 229 91 647 698
4 408 423 647 698
4 229 92 91 698
4 276 665 362 685
4 189 39 38 670
4 501 371 659 688
4 639 660 651 664
4 319 673 654 685
4 190 648 28 681
4 640 668 650 669
4 479 664 468 683
4 27 648 37 683
4 394 655 242 662
4 320 685 654 691
4 367 675 651 690
4 642 679 677 697
4 239 655 238 662
4 640 673 654 675
4 539 682 375 689
4 448 501 659 682
4 395 684 667 687
4 80 661 217 672
4 339 653 658 672
4 531 373 673 675
4 394 537 553 655
4 320 319 654 685
4 556 483 473 643
4 320 318 685 691
4 432 411 447 661
4 644 663 117 678
4 283 660 434 681
4 345 645 511 680
4 652 654 641 656
4 496 423 524 647
4 480 362 665 685
4 463 290 474 651
4 435 418 344 646
4 282 290 280 695
4 331 472 535 696
4 320 318 319 685
4 10 666 636 678
4 2 469 467 683
4 269 352 338 677
4 447 215 81 667
4 324 563 472 657
4 395 382 653 684
4 654 689 334 691
4 3 420 419 370
4 339 653 323 658
4 260 680 643 693
4 251 674 645 693
4 430 692 647 698
4 344 418 370 646
4 342 334 340 654
4 332 497 333 675
4 646 660 648 681
4 661 667 217 672
4 394 553 242 655
4 246 532 253 647
4 639 649 648 664
4 387 643 556 693
4 640 675 654 684
4 394 242 241 662
4 231 202 83 656
4 320 332 333 654
4 537 655 394 662
4 650 660 639 661
4 656 682 446 689
4 548 508 430 647
4 468 467 469 683
4 385 407 532 645
4 530 656 446 689
4 27 190 37 648
4 447 81 661 667
4 310 462 658 666
4 257 408 647 692
4 428 410 412 669
4 641 654 652 685
4 636 666 644 678
4 558 655 209 662
4 375 682 657 689
4 94 655 426 662
4 511 645 406 680
4 508 216 430 647
4 236 647 423 698
4 640 651 650 668
4 263 264 202 688
4 308 658 311 690
4 649 666 644 670
4 443 679 696 697
4 231 656 83 669
4 422 362 480 685
4 30 29 343 344
4 215 231 82 669
4 218 88 415 677
4 94 209 655 662
4 465 334 689 691
4 478 490 477 683
4 510 651 367 675
4 536 558 94 662
4 415 677 88 679
4 385 532 518 645
4 430 647 216 698
4 649 639 658 690
4 245 254 246 647
4 284 467 468 648
4 642 677 676 694
4 657 665 642 696
4 473 250 249 643
4 665 685 641 686
4 430 431 692 698
4 464 651 510 675
4 521 453 9 103
4 446 656 84 682
4 203 663 392 678
4 81 217 661 667
4 649 664 639 690
4 333 340 334 654
4 652 668 640 669
4 81 217 80 661
4 531 510 373 675
4 308 477 306 649
4 646 663 39 670
4 94 558 209 662
4 530 398 656 689
4 244 246 253 647
4 333 675 497 684
4 656 682 641 688
4 260 262 476 676
4 643 674 249 693
4 423 405 524 647
4 640 656 652 669
4 395 382 391 653
4 257 408 423 647
4 338 677 352 694
4 260 643 387 693
4 291 277 278 668
4 209 94 536 558
4 651 653 639 690
4 449 674 218 680
4 283 285 284 681
4 496 254 257 647
4 255 518 532 645
4 265 263 428 669
4 448 501 371 659
4 473 643 249 693
4 365 352 677 694
4 401 238 655 662
4 415 87 677 679
4 2 467 469 489
4 331 271 275 676
4 340 654 333 684
4 487 486 279 668
4 654 656 640 687
4 381 497 534 675
4 39 663 117 670
4 640 653 651 675
4 426 655 537 662
4 518 645 255 693
4 530 656 398 687
4 385 645 518 693
4 486 279 668 695
4 657 659 642 665
4 258 518 255 693
4 651 664 474 690
4 366 534 675 690
4 351 392 350 644
4 649 658 644 666
4 416 218 414 680
4 448 682 659 697
4 641 659 657 665
4 473 483 535 676
4 276 480 362 665
4 557 217 667 672
4 266 686 659 688
4 450 79 80 661
4 652 669 656 688
4 558 401 655 662
4 528 659 266 686
4 640 668 652 673
4 473 556 643 693
4 422 480 346 686
4 270 262 269 676
4 652 654 640 673
4 259 680 260 693
4 443 696 502 697
4 334 654 342 689
4 237 239 238 662
4 245 647 246 692
4 467 2 27 489
4 244 246 647 692
4 316 472 275 665
4 80 450 661 672
4 350 644 392 672
4 245 257 254 647
4 486 412 475 650
4 38 118 37 670
4 534 323 554 653
4 310 462 326 658
4 529 689 657 691
4 265 652 267 688
4 638 117 103 678
4 510 464 367 651
4 339 323 326 658
4 408 236 423 698
4 448 85 501 682
4 367 366 675 690
4 478 664 479 683
4 655 692 431 698
4 371 266 659 688
4 521 9 203 663
4 39 117 118 670
4 367 651 474 690
4 446 530 84 656
4 119 37 118 670
4 412 411 475 650
4 219 86 448 697
4 283 335 434 660
4 642 659 657 697
4 526 647 430 692
4 563 657 492 696
4 203 450 392 663
4 83 669 656 687
4 423 496 257 647
4 474 664 368 690
4 461 307 120 666
4 639 648 660 664
4 118 38 39 670
4 212 94 426 662
4 417 414 564 677
4 79 201 80 661
4 2 27 37 683
4 81 80 447 661
4 443 444 502 696
4 640 667 653 684
4 323 339 554 653
4 267 265 268 652
4 308 310 311 658
4 373 552 332 675
4 374 539 375 689
4 25 111 540 112
4 78 419 79 663
4 648 670 646 681
4 654 640 684 687
4 415 88 87 679
4 240 238 239 655
4 530 446 398 689
4 641 686 652 688
4 263 265 264 688
4 469 479 468 683
4 478 368 479 664
4 203 521 663 678
4 653 658 639 690
4 231 669 83 687
4 258 259 260 693
4 229 405 236 647
4 280 463 278 695
4 80 217 450 672
4 78 3 420 419
4 676 679 642 696
4 320 333 334 654
4 649 670 648 683
4 408 692 655 698
4 430 429 431 698
4 486 335 281 695
4 384 659 528 686
4 640 669 667 687
4 400 422 673 685
4 248 249 247 674
4 654 673 652 685
4 528 371 266 659
4 530 398 205 687
4 541 267 686 688
4 85 448 86 697
4 641 682 656 689
4 474 367 464 651
4 406 449 416 680
4 234 235 233 662
4 251 248 369 674
4 314 344 29 681
4 244 253 526 647
4 335 660 281 695
4 374 682 539 689
4 260 259 261 680
4 529 349 689 691
4 399 662 228 671
4 93 655 429 698
4 244 245 246 692
4 339 391 653 672
4 399 233 662 671
4 212 426 537 662
4 657 659 641 682
4 659 682 657 697
4 548 430 526 647
4 426 94 93 655
4 541 686 266 688
4 426 93 200 655
4 257 647 245 692
4 273 267 268 652
4 85 682 448 697
4 251 249 674 693
4 324 492 563 657
4 236 229 647 698
4 416 414 417 680
4 339 382 554 653
4 89 449 90 674
4 365 338 352 694
4 200 655 93 698
4 234 662 233 671
4 339 391 382 653
4 429 430 216 698
4 231 263 202 669
4 277 400 422 673
4 239 438 240 655
4 641 685 665 691
4 554 653 382 684
4 420 3 30 370
4 510 367 366 675
4 384 659 686 694
4 308 311 337 690
4 3 78 9 663
4 541 266 267 688
4 367 474 368 690
4 667 684 640 687
4 561 657 502 696
4 526 244 647 692
4 241 239 237 662
4 82 669 231 687
4 481 686 665 694
4 501 202 264 688
4 423 236 405 647
4 344 343 30 370
4 640 656 669 687
4 251 249 248 674
4 526 430 431 692
4 472 563 535 696
4 253 548 526 647
4 473 249 252 693
4 209 429 93 655
4 502 696 657 697
4 85 84 501 682
4 468 479 290 664
4 215 410 231 669
4 453 9 203 521
4 465 334 349 689
4 528 659 384 694
4 11 490 328 683
4 519 673 319 685
4 395 667 520 687
4 449 218 416 680
4 644 658 639 672
4 399 228 233 671
4 652 656 641 688
4 381 497 675 684
4 474 464 463 651
4 648 664 649 683
4 307 461 120 303
4 429 655 431 698
4 259 345 542 680
4 676 677 642 679
4 365 352 413 677
4 94 209 93 655
4 11 2 119 683
4 641 682 659 688
4 83 656 530 687
4 278 277 274 668
4 119 2 37 683
4 452 684 395 687
4 651 639 664 690
4 401 235 238 662
4 641 656 654 689
4 285 314 28 681
4 541 528 266 686
4 408 655 386 698
4 81 215 82 667
4 248 247 199 674
4 239 242 438 655
4 240 655 438 692
4 560 686 481 694
4 240 243 238 655
4 527 396 559 671
4 527 662 396 671
4 373 319 519 673
4 415 87 219 677
4 365 659 528 694
4 651 675 653 690
4 651 650 668 695
4 281 660 282 695
4 291 400 277 673
4 316 317 318 691
4 259 542 261 680
4 438 655 408 692
4 28 285 287 314
4 399 536 228 662
4 449 89 218 674
4 28 314 29 681
4 631 120 10 304
4 643 677 676 679
4 243 431 655 692
4 205 398 452 687
4 10 433 461 666
4 473 252 556 693
4 639 658 653 672
4 332 552 497 675
4 392 644 351 678
4 104 636 638 678
4 527 424 662 671
4 203 79 450 663
4 365 514 528 659
4 228 662 95 671
4 314 343 29 344
4 553 408 242 655
4 408 438 242 655
4 235 237 238 662
4 310 307 462 666
4 424 95 662 671
4 400 362 422 685
4 203 9 78 663
4 384 686 560 694
4 501 264 371 688
4 352 269 564 677
4 481 480 665 686
4 234 509 662 671
4 234 237 235 662
4 243 401 238 655
4 519 400 673 685
4 270 481 272 694
4 366 311 534 690
4 82 231 83 687
4 111 624 540 112
4 311 310 323 658
4 557 517 217 672
4 431 429 209 655
4 461 120 10 666
4 221 232 635 671
4 426 200 386 655
4 481 665 272 694
4 502 561 375 657
4 631 617 120 304
4 212 527 424 662
4 404 221 635 671
4 95 228 536 662
4 374 446 539 682
4 425 225 635 671
4 641 665 657 691
4 374 398 446 689
4 635 544 425 671
4 443 442 679 697
4 107 619 108 336
4 384 528 541 686
4 491 369 248 674
4 558 401 431 655
4 396 662 509 671
4 510 552 373 675
4 89 88 218 674
4 659 665 641 686
4 154 2 21 489
4 243 655 240 692
4 433 104 393 678
4 481 560 480 686
4 553 386 408 655
4 234 509 237 662
4 212 424 95 662
4 616 114 458 622
4 374 446 682 689
4 617 631 630 304
4 200 386 655 698
4 9 117 39 663
4 84 83 202 656
4 529 465 349 691
4 218 415 414 677
4 112 379 25 113
4 365 528 384 694
4 557 520 395 667
4 304 617 120 303
4 465 689 349 691
4 545 96 635 671
4 545 635 232 671
4 86 219 87 697
4 339 350 391 672
4 537 394 527 662
4 654 641 689 691
4 235 399 233 662
4 519 362 400 685
4 654 685 641 691
4 83 530 205 687
4 89 90 491 674
4 275 276 316 665
4 266 265 267 688
4 203 78 9 453
4 642 665 659 694
4 39 3 9 663
4 511 406 416 680
4 539 682 204 697
4 283 434 285 681
4 317 685 318 691
4 328 2 11 683
4 282 281 283 660
4 317 276 362 685
4 111 25 540 26
4 478 328 490 683
4 317 319 318 685
4 351 433 393 678
4 582 457 10 104
4 379 24 25 113
4 558 431 209 655
4 540 223 624 111
4 297 11 2 116
4 2 21 297 116
4 558 399 401 662
4 635 225 404 671
4 328 469 2 683
4 517 392 450 672
4 635 96 544 671
4 628 616 621 482
4 374 375 349 689
4 270 271 262 676
4 287 29 28 314
4 286 27 28 288
4 258 260 387 693
4 653 675 640 684
4 293 154 21 489
4 527 559 424 671
4 657 682 641 689
4 429 216 92 698
4 310 326 323 658
4 243 526 431 692
4 529 657 324 691
4 48 507 191 111
4 561 502 444 696
4 281 282 280 695
4 304 120 10 461
4 251 252 249 693
4 118 38 165 591
4 630 621 620 305
4 396 394 241 662
4 474 290 479 664
4 461 433 462 666
4 554 382 381 684
4 114 458 309 616
4 320 465 318 691
4 483 331 535 676
4 391 517 557 672
4 32 123 144 227
4 27 28 288 133
4 509 396 241 662
4 642 696 679 697
4 21 115 298 116
4 297 21 2 489
4 243 431 401 655
4 618 623 106 390
4 624 523 540 112
4 321 23 122 135
4 520 667 82 687
4 514 448 371 659
4 328 11 2 297
4 301 121 306 490
4 288 28 287 126
4 120 617 121 303
4 458 616 622 488
4 443 502 442 697
4 336 108 107 329
4 305 621 620 482
4 447 201 432 661
4 386 553 537 655
4 73 72 32 101
4 384 560 481 694
4 566 573 100 224
4 330 570 578 579
4 359 513 25 125
4 312 109 630 305
4 537 527 212 662
4 529 492 324 657
4 279 278 668 695
4 110 630 631 312
4 659 686 641 688
4 100 73 32 101
4 457 433 10 104
4 346 541 267 686
4 230 87 88 679
4 404 221 68 635
4 641 657 689 691
4 401 399 235 662
4 70 225 635 425
4 109 312 313 305
4 99 34 35 168
4 386 537 426 655
4 396 527 394 662
4 569 427 106 574
4 25 24 359 125
4 73 32 33 100
4 570 574 364 578
4 635 221 67 232
4 2 469 328 489
4 302 121 617 303
4 87 679 442 697
4 345 511 542 680
4 225 404 69 635
4 408 386 236 698
4 371 264 266 688
4 509 241 237 662
4 574 364 459 570
4 360 372 136 135
4 321 122 322 135
4 281 335 283 660
4 334 342 349 689
4 375 561 529 657
4 474 479 368 664
4 21 297 293 489
4 96 635 8 545
4 536 399 558 662
4 366 552 510 675
4 279 274 487 668
4 3 30 155 421
4 539 204 502 697
4 110 109 312 581
4 520 81 82 667
4 11 297 299 116
4 24 23 359 135
4 107 623 619 336
4 623 107 341 336
4 122 22 23 321
4 223 523 540 624
4 459 107 106 574
4 120 637 10 666
4 657 696 642 697
4 466 628 621 482
4 390 623 106 341
4 637 636 10 666
4 517 350 392 672
4 84 530 83 656
4 627 619 623 389
4 632 105 198 555
4 363 484 348 572
4 528 514 371 659
4 469 478 479 683
4 101 72 32 102
4 348 581 585 572
4 122 22 321 295
4 381 333 497 684
4 665 686 659 694
4 413 415 219 677
4 304 630 617 302
4 286 289 27 288
4 395 520 205 687
4 131 288 471 133
4 126 288 28 133
4 203 78 79 663
4 447 80 201 661
4 631 110 312 304
4 113 458 622 495
4 531 400 291 673
4 304 10 631 315
4 579 363 348 572
4 297 328 11 299
4 35 36 602 163
4 366 534 497 675
4 89 199 88 674
4 72 31 32 102
4 77 3 9 97
4 3 77 36 97
4 113 622 615 495
4 544 635 8 96
4 616 458 309 488
4 497 552 366 675
4 205 452 395 687
4 112 380 379 113
4 25 26 507 540
4 542 417 261 680
4 34 100 74 33
4 309 300 115 620
4 94 212 95 662
4 38 165 591 177
4 165 603 118 591
4 520 217 81 667
4 336 623 619 389
4 520 557 217 667
4 126 131 471 133
4 165 37 38 118
4 23 321 359 135
4 471 294 288 131
4 121 301 11 490
4 582 581 493 568
4 480 272 481 665
4 146 294 470 131
4 125 360 136 135
4 31 72 1 102
4 577 569 500 576
4 570 330 108 585
4 191 7 48 111
4 99 35 98 168
4 428 263 410 669
4 250 443 247 679
4 252 251 385 693
4 287 471 288 126
4 9 78 3 77
4 294 288 131 133
4 312 630 631 304
4 341 107 106 459
4 325 108 330 585
4 329 330 108 570
4 443 230 247 679
4 452 382 395 684
4 626 625 624 397
4 137 145 356 439
4 94 95 536 662
4 1 4 5 72
4 628 616 482 488
4 1 72 31 550
4 279 280 278 695
4 578 363 330 579
4 470 485 294 146
4 379 361 24 113
4 116 115 300 620
4 145 137 124 439
4 111 25 188 112
4 591 118 39 117
4 114 22 23 594
4 367 368 337 690
4 583 427 105 569
4 451 22 23 114
4 37 165 119 118
4 620 630 305 302
4 30 3 420 421
4 301 11 299 629
4 28 29 287 126
4 9 580 103 455
4 22 114 115 594
4 507 379 25 540
4 372 158 136 135
4 114 451 22 115
4 11 301 121 629
4 285 286 28 287
4 21 296 297 298
4 217 517 450 672
4 325 330 108 329
4 466 621 634 305
4 35 97 602 36
4 506 624 625 397
4 118 39 38 591
4 85 446 84 682
4 617 304 302 303
4 459 106 427 574
4 279 278 274 668
4 288 289 27 133
4 466 634 619 336
4 133 294 292 157
4 25 164 112 113
4 300 298 115 116
4 100 34 74 99
4 441 157 122 295
4 504 503 139 538
4 519 531 373 673
4 157 441 292 295
4 145 354 356 439
4 495 627 615 397
4 434 344 314 681
4 257 438 408 692
4 85 86 204 697
4 336 313 108 329
4 454 571 546 210
4 203 392 521 678
4 114 23 361 113
4 189 190 29 681
4 126 471 288 133
4 571 493 484 572
4 125 359 360 135
4 364 330 459 570
4 143 21 296 293
4 620 305 482 302
4 483 476 331 676
4 227 123 144 403
4 327 126 129 353
4 309 300 298 115
4 113 114 178 587
4 136 372 494 151
4 456 312 109 581
4 456 110 312 581
4 272 276 275 665
4 35 34 436 124
4 136 158 372 151
4 105 198 555 533
4 493 457 582 568
4 372 360 322 135
4 315 457 10 582
4 343 347 30 421
4 348 484 493 572
4 110 631 10 315
4 143 157 292 295
4 301 121 302 303
4 397 627 626 389
4 126 29 287 327
4 571 97 98 210
4 545 635 66 232
4 85 204 682 697
4 164 25 24 113
4 306 121 301 303
4 566 498 573 224
4 97 571 454 210
4 100 32 590 101
4 393 433 457 104
4 630 620 617 302
4 21 22 143 296
4 459 329 107 570
4 581 325 348 585
4 581 493 456 582
4 32 31 72 227
4 100 590 33 161
4 103 565 104 678
4 23 24 361 113
4 321 22 23 451
4 616 309 115 620
4 146 485 441 158
4 130 129 126 353
4 330 364 363 578
4 581 348 493 572
4 296 22 451 115
4 264 265 266 688
4 113 164 112 601
4 32 100 590 33
4 322 441 158 122
4 227 32 123 440
4 164 113 587 601
4 2 11 181 116
4 181 21 2 116
4 231 410 263 669
4 561 492 657 696
4 9 3 607 97
4 396 225 559 671
4 313 109 108 325
4 5 1 72 102
4 10 304 461 315
4 364 330 570 578
4 112 188 111 592
4 157 143 122 295
4 631 110 304 315
4 315 110 456 582
4 30 129 347 343
4 610 611 613 179
4 185 187 184 605
4 26 507 540 111
4 161 590 33 175
4 630 634 621 305
4 325 312 109 456
4 402 138 123 377
4 116 11 181 609
4 298 296 451 115
4 117 9 39 607
4 71 635 544 425
4 590 32 33 175
4 620 629 617 302
4 321 322 122 295
4 270 338 481 694
4 347 129 30 421
4 359 321 322 135
4 576 500 577 575
4 206 3 36 155
4 519 319 317 685
4 605 184 185 600
4 611 610 174 179
4 109 325 456 581
4 445 444 250 696
4 156 31 144 227
4 35 76 36 206
4 529 561 492 657
4 630 304 305 302
4 97 580 9 454
4 620 616 309 482
4 176 22 21 115
4 350 517 391 672
4 156 144 147 222
4 97 35 602 98
4 115 21 176 116
4 133 131 294 157
4 493 457 456 582
4 355 130 470 353
4 622 628 389 488
4 569 522 427 574
4 100 573 460 224
4 622 628 627 389
4 11 181 609 119
4 462 307 461 666
4 304 120 461 303
4 482 466 628 488
4 113 615 380 495
4 579 549 567 573
4 115 114 309 616
4 500 522 569 577
4 152 211 197 562
4 114 178 23 113
4 181 11 2 119
4 456 325 348 581
4 626 615 627 397
4 301 299 11 490
4 9 3 39 607
4 288 294 292 133
4 134 155 129 409
4 298 297 21 116
4 129 155 30 421
4 2 37 181 119
4 499 578 577 566
4 571 581 493 572
4 579 578 363 573
4 612 167 196 605
4 195 593 179 186
4 346 480 560 686
4 142 138 145 357
4 316 318 324 691
4 357 145 142 355
4 192 19 613 160
4 192 62 187 586
4 26 49 507 191
4 321 296 22 451
4 29 190 28 681
4 36 77 3 206
4 176 181 165 609
4 607 591 602 183
4 75 34 35 99
4 357 138 145 356
4 466 313 634 336
4 578 574 364 577
4 457 10 433 315
4 198 105 6 533
4 370 30 420 421
4 299 300 301 629
4 158 485 372 151
4 381 340 333 684
4 443 442 230 679
4 109 325 581 585
4 480 276 272 665
4 87 230 442 679
4 3 39 607 183
4 133 292 289 154
4 99 98 588 168
4 293 296 143 295
4 33 74 73 100
4 100 604 34 99
4 305 466 621 482
4 113 380 458 495
4 158 372 322 135
4 321 22 296 295
4 116 176 115 589
4 309 451 114 115
4 33 74 34 220
4 485 494 372 151
4 97 9 77 454
4 300 629 620 302
4 372 322 441 158
4 361 379 380 113
4 507 48 223 111
4 635 71 70 425
4 624 615 523 112
4 24 23 178 113
4 101 100 73 224
4 161 170 590 175
4 601 587 164 596
4 296 22 143 295
4 107 341 336 329
4 540 379 25 112
4 162 23 22 594
4 211 197 512 152
4 359 322 360 135
4 107 106 623 341
4 328 478 469 683
4 145 138 137 356
4 100 101 566 224
4 137 123 33 440
4 122 158 322 135
4 354 145 153 439
4 53 197 211 562
4 356 138 137 402
4 35 34 75 436
4 343 29 129 327
4 147 139 503 538
4 35 36 76 97
4 124 153 145 439
4 578 498 363 573
4 213 427 583 569
4 674 680 645 693
4 125 24 359 135
4 72 1 4 550
4 347 129 155 409
4 372 441 485 158
4 629 300 301 302
4 567 98 99 210
4 225 69 70 635
4 197 512 52 211
4 427 341 106 459
4 136 494 378 150
4 533 427 105 583
4 154 27 2 489
4 93 429 92 698
4 34 220 436 124
4 574 459 107 570
4 465 529 324 691
4 451 458 309 114
4 578 499 498 566
4 357 140 138 377
4 380 523 615 112
4 451 23 361 114
4 591 39 38 177
4 603 119 165 118
4 144 156 515 222
4 355 153 130 353
4 382 452 340 684
4 149 25 513 125
4 398 374 342 689
4 114 361 458 113
4 568 457 582 104
4 101 575 566 547
4 309 300 620 482
4 110 312 304 315
4 137 33 34 220
4 6 632 105 198
4 643 680 674 693
4 425 559 225 671
4 300 299 116 629
4 129 153 347 353
4 568 580 546 455
4 327 471 126 353
4 154 292 289 293
4 409 155 347 421
4 199 491 248 674
4 424 96 95 671
4 330 329 459 570
4 262 271 476 676
4 357 358 142 376
4 33 32 73 440
4 154 289 27 489
4 45 632 198 555
4 103 453 9 455
4 221 404 234 671
4 441 294 146 157
4 338 365 384 694
4 404 68 69 635
4 77 78 3 420
4 568 103 565 104
4 289 154 293 489
4 129 30 29 343
4 354 347 153 353
4 427 106 105 569
4 139 147 144 222
4 439 356 137 402
4 396 509 225 671
4 618 626 388 208
4 257 245 438 692
4 622 114 458 113
4 77 9 78 453
4 210 99 567 460
4 153 129 130 353
4 569 213 500 576
4 299 328 11 490
4 112 615 380 113
4 160 613 611 179
4 605 185 187 586
4 72 4 5 551
4 98 75 35 99
4 170 590 597 161
4 587 171 164 596
4 192 19 61 613
4 187 18 62 192
4 613 195 593 179
4 187 196 167 605
4 453 77 9 454
4 174 160 611 179
4 586 605 185 600
4 559 425 424 671
4 575 584 226 551
4 29 287 327 314
4 221 67 68 635
4 223 624 633 506
4 188 184 592 601
4 166 614 610 175
4 312 630 304 305
4 82 83 205 687
4 86 87 442 697
4 523 615 624 397
4 73 72 101 516
4 136 148 360 125
4 456 312 110 315
4 520 82 205 687
4 297 296 21 293
4 355 357 145 356
4 397 495 627 389
4 598 185 611 174
4 635 67 66 232
4 149 513 383 125
4 357 504 140 377
4 389 495 622 488
4 33 137 440 220
4 633 624 223 111
4 134 124 436 409
4 513 25 207 379
4 466 619 628 389
4 287 286 28 288
4 587 114 178 594
4 624 223 523 506
4 357 142 358 355
4 285 434 314 681
4 161 34 604 168
4 200 92 229 698
4 96 228 95 671
4 383 148 149 125
4 233 221 234 671
4 139 123 138 377
4 108 313 325 329
4 547 566 101 224
4 170 174 598 175
4 600 601 172 596
4 355 354 153 353
4 358 494 485 151
4 130 126 471 353
4 546 571 580 568
4 99 604 34 168
4 634 313 466 305
4 197 13 512 152
4 32 72 73 227
4 172 184 164 600
4 610 590 598 174
4 98 35 602 163
4 579 363 549 573
4 155 129 347 421
4 123 227 440 403
4 459 427 522 574
4 313 312 109 325
4 97 76 35 98
4 298 299 297 116
4 27 289 467 489
4 138 123 137 402
4 233 232 221 671
4 102 584 575 551
4 471 470 131 130
4 495 622 627 389
4 10 461 433 315
4 152 197 14 562
4 467 289 27 286
4 349 342 374 689
4 403 402 123 377
4 107 341 329 459
4 23 178 114 594
4 130 470 132 355
4 519 400 531 673
4 521 453 103 455
4 585 330 348 579
4 154 143 292 293
4 52 13 512 197
4 25 513 359 379
4 359 24 25 379
4 129 347 343 327
4 439 124 153 409
4 206 77 3 420
4 132 146 470 131
4 287 471 126 327
4 294 485 441 146
4 25 26 379 507
4 626 624 615 397
4 471 470 130 353
4 327 129 347 353
4 503 139 127 504
4 166 610 174 175
4 184 592 601 600
4 193 26 167 612
4 593 194 102 186
4 460 573 498 224
4 575 499 577 566
4 236 200 229 698
4 232 233 228 671
4 337 311 366 690
4 500 499 577 575
4 390 618 623 388
4 336 619 466 389
4 476 271 331 676
4 116 299 11 629
4 579 348 585 572
4 99 98 75 210
4 481 338 384 694
4 153 347 354 409
4 132 358 485 151
4 210 567 549 460
4 148 383 360 125
4 441 146 158 122
4 515 156 144 227
4 292 133 143 154
4 232 228 545 671
4 31 156 515 227
4 378 148 136 150
4 439 436 124 409
4 32 33 123 440
4 565 457 568 104
4 146 470 485 132
4 568 103 580 455
4 315 456 457 582
4 601 164 184 600
4 610 590 174 175
4 634 109 108 313
4 124 134 153 409
4 563 445 535 696
4 402 356 138 377
4 393 104 565 678
4 626 618 625 208
4 574 522 364 577
4 49 26 0 191
4 8 71 635 544
4 158 146 485 151
4 616 309 482 488
4 635 66 8 545
4 315 10 110 582
4 403 139 144 222
4 355 145 354 356
4 76 35 436 206
4 177 602 591 183
4 609 165 176 603
4 279 486 281 695
4 223 48 7 111
4 297 2 328 489
4 604 590 100 161
4 108 107 329 570
4 161 604 169 168
4 594 178 587 595
4 495 458 622 488
4 550 31 156 515
4 288 292 289 133
4 630 110 109 312
4 560 384 541 686
4 153 354 439 409
4 337 366 367 690
4 500 522 213 569
4 356 357 138 377
4 36 77 76 97
4 132 153 130 355
4 620 621 616 482
4 604 606 169 168
4 180 178 594 595
4 137 220 124 439
4 360 513 359 125
4 513 360 383 125
4 612 111 167 592
4 155 134 206 409
4 484 567 571 572
4 511 416 417 680
4 404 509 234 671
4 583 59 213 576
4 98 602 588 163
4 364 499 498 578
4 194 31 1 102
4 225 509 404 671
4 392 351 393 678
4 122 143 22 295
4 176 162 22 589
4 361 458 451 114
4 31 32 144 227
4 608 588 602 163
4 162 176 182 589
4 294 441 292 157
4 629 116 300 620
4 134 206 36 155
4 518 258 387 693
4 152 512 211 141
4 364 499 578 577
4 102 72 5 551
4 200 236 386 698
4 341 390 623 388
4 142 132 358 355
4 547 101 575 516
4 220 34 137 124
4 200 93 92 698
4 106 105 618 390
4 632 64 45 198
4 615 622 627 495
4 213 427 533 583
4 97 607 602 183
4 31 593 186 166
4 191 507 26 111
4 26 25 188 111
4 124 436 35 134
4 358 150 142 376
4 581 456 110 582
4 199 89 491 674
4 625 46 65 506
4 139 138 140 377
4 389 628 466 488
4 102 101 72 516
4 25 164 188 112
4 619 627 628 389
4 32 614 101 102
4 440 137 123 402
4 564 414 352 677
4 346 560 541 686
4 628 634 619 466
4 300 299 298 116
4 424 425 544 671
4 65 633 625 506
4 511 417 542 680
4 174 590 598 175
4 601 172 164 600
4 100 74 73 224
4 614 590 32 101
4 325 330 348 585
4 390 106 105 427
4 505 140 141 376
4 115 176 22 589
4 494 358 150 151
4 590 604 597 161
4 171 164 178 587
4 613 586 192 160
4 586 187 192 160
4 75 74 34 99
4 565 103 521 678
4 123 139 403 377
4 220 75 34 436
4 626 388 397 389
4 361 321 23 451
4 364 498 363 578
4 613 19 61 195
4 196 18 62 187
4 550 31 1 156
4 300 620 482 302
4 633 223 7 111
4 226 500 41 576
4 363 348 330 579
4 145 153 132 355
4 456 348 493 581
4 409 206 155 421
4 183 602 36 163
4 592 112 188 601
4 293 143 292 295
4 122 322 441 295
4 152 128 512 141
4 566 575 499 547
4 551 226 575 516
4 100 573 99 460
4 598 172 185 174
4 565 103 568 455
4 195 613 19 179
4 62 196 187 605
4 625 626 208 397
4 32 614 166 175
4 159 543 128 149
4 584 226 576 575
4 523 380 615 495
4 16 156 147 222
4 292 133 157 143
4 370 343 30 421
4 325 109 108 585
4 73 74 33 440
4 139 127 147 503
4 298 451 309 115
4 539 446 204 682
4 567 571 98 210
4 403 144 515 222
4 336 388 623 389
4 74 100 99 460
4 504 139 140 377
4 222 403 139 538
4 128 148 512 141
4 591 39 177 183
4 165 609 119 603
4 170 598 590 175
4 164 172 601 596
4 177 602 183 163
4 176 589 609 603
4 360 372 378 136
4 500 42 41 576
4 506 523 624 397
4 471 470 294 131
4 327 343 29 314
4 142 140 357 376
4 568 546 493 455
4 112 164 188 601
4 562 152 211 505
4 470 358 485 132
4 132 485 146 151
4 504 140 127 505
4 519 317 362 685
4 614 32 590 175
4 605 592 184 600
4 610 174 179 166
4 598 596 172 170
4 132 142 145 355
4 243 240 244 692
4 197 53 14 562
4 129 29 126 327
4 193 111 26 612
4 151 358 150 142
4 220 436 124 439
4 153 145 354 355
4 571 493 581 568
4 436 206 134 409
4 17 167 196 612
4 593 195 60 186
4 223 7 47 633
4 146 441 157 122
4 74 33 440 220
4 148 525 512 141
4 551 575 102 516
4 626 388 208 397
4 498 549 363 573
4 457 565 393 104
4 568 493 565 455
4 615 523 495 397
4 506 625 208 397
4 75 99 210 460
4 606 604 588 168
4 180 178 162 594
4 623 341 388 336
4 545 228 96 671
4 102 194 31 186
4 457 493 565 568
4 197 52 53 211
4 526 243 244 692
4 131 146 294 157
4 424 544 96 671
4 99 588 604 168
4 569 583 213 576
4 25 26 207 379
4 1 5 194 102
4 628 622 616 488
4 378 372 494 136
4 318 465 324 691
4 588 608 173 163
4 589 182 162 599
4 139 147 222 538
4 625 633 624 506
4 103 104 638 678
4 602 36 97 183
4 550 31 515 227
4 523 380 540 112
4 139 140 127 504
4 576 226 500 575
4 148 360 378 136
4 178 23 162 594
4 147 55 16 222
4 151 132 358 142
4 150 136 494 151
4 573 578 498 566
4 184 188 164 601
4 590 610 614 175
4 41 40 226 584
4 167 17 26 193
4 60 593 194 102
4 555 198 44 533
4 141 211 152 505
4 139 504 538 377
4 439 137 220 402
4 126 471 131 130
4 499 500 226 575
4 571 546 493 568
4 150 358 494 376
4 378 494 525 150
4 589 116 176 609
4 361 380 458 113
4 133 289 27 154
4 34 74 75 220
4 123 440 402 403
4 382 340 381 684
4 24 359 361 379
4 252 385 518 693
4 602 591 608 177
4 165 182 176 603
4 198 6 44 533
4 204 442 502 697
4 525 211 512 141
4 571 567 484 210
4 137 440 220 402
4 142 140 138 357
4 505 504 140 376
4 43 59 213 583
4 240 245 244 692
4 592 184 167 605
4 179 593 610 166
4 562 127 152 505
4 140 141 127 505
4 575 226 499 547
4 49 48 507 191
4 280 279 281 695
4 74 100 460 224
4 58 41 42 576
4 600 185 586 611
4 611 185 160 174
4 379 540 380 112
4 543 51 12 128
4 470 358 132 355
4 547 575 226 516
4 177 608 602 163
4 589 176 182 603
4 76 77 36 206
4 12 51 13 128
4 101 547 224 516
4 193 167 17 612
4 194 593 60 186
4 585 570 330 579
4 634 628 621 466
4 144 515 227 403
4 522 500 499 577
4 76 75 35 98
4 573 498 549 460
4 240 438 245 692
4 106 390 341 427
4 148 512 383 128
4 192 18 19 160
4 61 62 192 586
4 533 6 43 583
4 525 512 378 148
4 222 147 503 538
4 55 56 16 222
4 85 204 446 682
4 414 413 352 677
4 550 1 57 156
4 47 48 7 223
4 618 626 623 388
4 213 59 42 576
4 111 26 0 193
4 105 632 618 390
4 101 102 575 516
4 54 15 14 127
4 533 43 213 583
4 163 173 588 168
4 594 589 162 599
4 54 15 127 503
4 224 73 101 516
4 586 613 611 160
4 586 185 187 160
4 65 64 46 625
4 77 76 97 454
4 45 632 555 208
4 518 387 556 693
4 590 597 598 170
4 172 164 171 596
4 388 390 618 208
4 127 503 504 505
4 127 141 152 505
4 533 105 6 583
4 21 143 154 293
4 597 595 171 169
4 378 512 383 148
4 574 569 522 577
4 148 378 525 150
4 459 522 364 574
4 47 223 633 506
4 414 415 413 677
4 140 150 141 376
4 147 15 55 503
4 194 1 31 186
4 194 5 60 102
4 55 147 503 222
4 227 73 32 440
4 141 525 505 376
4 455 580 546 454
4 111 0 7 193
4 383 360 378 148
4 65 47 633 506
4 625 618 632 208
4 14 54 127 562
4 195 19 20 179
4 196 62 63 605
4 561 444 492 696
4 12 543 128 159
4 16 15 55 147
4 191 26 0 111
4 207 50 0 159
4 160 19 613 179
4 605 187 62 586
4 586 192 61 613
4 192 187 18 160
4 223 540 507 111
4 597 169 170 161
4 595 171 587 596
4 6 59 43 583
4 584 5 40 551
4 593 610 613 179
4 187 167 184 605
4 40 41 58 584
4 140 504 357 376
4 35 75 76 436
4 76 75 98 210
4 427 213 522 569
4 614 593 102 166
4 525 141 150 376
4 598 172 174 170
4 172 600 596 598
4 632 45 64 208
4 632 105 555 390
4 141 148 525 150
4 612 196 63 605
4 179 20 195 186
4 102 593 31 166
4 111 167 26 612
4 103 565 521 455
4 156 16 57 515
4 191 0 7 111
4 196 63 17 612
4 20 60 195 186
4 596 598 597 170
4 171 172 596 170
4 169 597 604 161
4 587 178 171 595
4 102 31 593 186
4 75 74 99 460
4 571 484 546 210
4 196 167 17 187
4 195 60 613 593
4 26 207 379 507
4 625 64 46 208
4 492 444 445 696
4 546 493 484 571
4 140 142 150 376
4 207 513 383 149
4 207 26 49 507
4 543 383 128 149
4 538 403 139 377
4 147 127 15 503
4 46 625 208 506
4 383 148 128 149
4 58 42 59 576
4 503 127 54 562
4 498 566 547 224
4 156 57 550 515
4 499 364 522 577
4 42 500 213 576
4 550 72 31 227
4 518 556 252 693
4 144 123 139 403
4 65 47 7 633
4 611 185 586 160
4 64 625 632 208
4 12 0 50 159
4 127 152 14 562
4 606 173 169 168
4 180 594 599 595
4 565 521 393 678
4 599 589 182 603
4 608 177 173 163
4 427 105 390 533
4 50 0 49 207
4 584 40 226 551
4 521 392 393 678
4 47 65 46 506
4 604 606 597 169
4 180 171 178 595
4 499 498 566 547
4 56 57 16 515
4 512 13 51 128
4 584 102 5 551
4 1 16 57 156
4 40 58 5 584
4 64 45 46 208
4 204 86 442 697
4 105 555 390 533
4 494 525 150 376
4 595 597 606 169
4 595 180 171 169
4 567 549 484 210
4 194 20 1 186
4 193 17 63 612
4 194 60 20 186
4 543 512 51 128
4 169 171 597 170
4 596 595 171 597
4 173 606 588 168
4 162 180 594 599
4 512 13 128 152
4 40 5 4 551
4 26 17 0 193
4 43 59 42 213
4 193 7 111 612
4 49 0 26 207
4 51 52 13 512
4 57 4 1 550
4 172 185 184 600
4 610 598 611 174
4 606 599 180 173
4 15 54 55 503
4 131 470 132 130
4 26 207 159 149
4 180 162 182 599
4 588 608 606 173
4 597 171 596 170
4 207 0 26 159
4 563 492 445 696
4 43 44 6 533
4 182 599 603 608
4 177 182 608 173
4 141 525 211 505
4 207 543 50 159
4 12 50 543 159
4 182 180 599 173
4 608 599 606 173
4 167 188 184 592
4 593 614 610 166
4 503 127 562 505
4 54 14 53 562
4 512 543 383 128
4 606 180 595 169
4 173 180 606 169
4 595 599 180 606
4 198 44 45 555
4 196 17 18 187
4 613 61 60 195
4 182 599 608 173
4 592 167 612 605
4 593 179 186 166
4 63 7 193 612
4 632 6 64 198
4 551 102 72 516
4 12 50 51 543
4 14 13 197 152
4 433 462 678 351
4 433 678 462 666
4 644 678 462 351
4 644 462 678 666
4 487 669 268 428
4 268 669 487 668
4 677 261 417 643
4 677 417 261 564
4 661 475 411 650
4 661 411 475 432
4 696 473 535 676
4 696 535 473 445
4 670 636 117 118
4 670 117 636 644
4 668 412 486 650
4 668 486 412 487
4 477 690 308 337
4 308 690 477 649
4 669 268 265 652
4 669 265 268 428
4 477 683 664 478
4 664 683 477 649
4 678 9 117 103
4 678 117 9 663
4 672 326 644 658
4 672 644 326 350
4 698 91 216 92
4 698 216 91 647
4 670 190 37 38
4 670 37 190 648
4 682 375 697 539
4 682 697 375 657
4 502 697 375 539
4 502 375 697 657
4 693 259 645 258
4 693 645 259 680
4 689 529 375 349
4 689 375 529 657
4 684 554 675 381
4 684 675 554 653
4 534 675 554 381
4 534 554 675 653
4 650 695 475 486
4 650 475 695 660
4 335 475 695 486
4 335 695 475 660
4 511 524 645 345
4 511 645 524 406
4 696 443 250 679
4 696 250 443 444
4 571 454 580 97
4 580 454 571 546
4 305 109 634 313
4 305 634 109 630
4 421 3 206 155
4 421 206 3 420
4 9 455 454 580
4 454 455 9 453
4 302 121 629 617
4 302 629 121 301
4 35 206 134 436
4 134 206 35 36
4 336 634 108 313
4 336 108 634 619
4 23 359 361 24
4 361 359 23 321
4 296 115 21 22
4 21 115 296 298
4 168 98 163 35
4 168 163 98 588
4 178 113 164 24
4 164 113 178 587
4 161 100 34 33
4 161 34 100 604
4 165 591 608 603
4 608 591 165 177
4 608 182 165 603
4 165 182 608 177
4 598 185 600 611
4 598 600 185 172
4 390 632 208 555
4 390 208 632 618
4 594 22 589 115
4 594 589 22 162
4 460 567 573 99
4 460 573 567 549
4 210 97 76 454
4 210 76 97 98
4 207 25 149 26
4 207 149 25 513
4 409 129 153 347
4 409 153 129 134
4 572 579 484 567
4 572 484 579 363
4 549 484 579 567
4 549 579 484 363
4 39 607 591 117
4 39 591 607 183
4 181 119 165 609
4 165 119 181 37
4 188 111 167 26
4 188 167 111 592
4 166 102 32 31
4 166 32 102 614
4 389 623 626 388
4 389 626 623 627
4 183 97 3 36
4 183 3 97 607
4 181 116 176 21
4 181 176 116 609
4 543 149 207 383
4 207 149 543 159
4 515 16 222 156
4 515 222 16 56
4 584 41 576 226
4 584 576 41 58

CELL_TYPES 3609
1
1
1
1
1
1
1
1
1
1
1
1
3
3
3
3
3
3
3
3
3
3
3
3
3
3
3
3
3
3
3
3
3
3
3
3
3
3
3
3
3
3
3
3
3
3
3
3
3
3
3
3
3
3
3
3
3
3
3
3
3
3
3
3
3
3
3
3
3
3
3
3
3
3
3
3
3
3
3
3
3
3
3
3
3
3
3
3
3
3
3
3
3
3
3
3
3
3
3
3
3
3
3
3
3
3
3
3
3
3
3
3
3
3
3
3
3
3
3
3
3
3
3
3
3
3
3
3
3
3
3
3
3
3
3
3
3
3
3
3
5
5
5
5
5
5
5
5
5
5
5
5
5
5
5
5
5
5
5
5
5
5
5
5
5
5
5
5
5
5
5
5
5
5
5
5
5
5
5
5
5
5
5
5
5
5
5
5
5
5
5
5
5
5
5
5
5
5
5
5
5
5
5
5
5
5
5
5
5
5
5
5
5
5
5
5
5
5
5
5
5
5
5
5
5
5
5
5
5
5
5
5
5
5
5
5
5
5
5
5
5
5
5
5
5
5
5
5
5
5
5
5
5
5
5
5
5
5
5
5
5
5
5
5
5
5
5
5
5
5
5
5
5
5
5
5
5
5
5
5
5
5
5
5
5
5
5
5
5
5
5
5
5
5
5
5
5
5
5
5
5
5
5
5
5
5
5
5
5
5
5
5
5
5
5
5
5
5
5
5
5
5
5
5
5
5
5
5
5
5
5
5
5
5
5
5
5
5
5
5
5
5
5
5
5
5
5
5
5
5
5
5
5
5
5
5
5
5
5
5
5
5
5
5
5
5
5
5
5
5
5
5
5
5
5
5
5
5
5
5
5
5
5
5
5
5
5
5
5
5
5
5
5
5
5
5
5
5
5
5
5
5
5
5
5
5
5
5
5
5
5
5
5
5
5
5
5
5
5
5
5
5
5
5
5
5
5
5
5
5
5
5
5
5
5
5
5
5
5
5
5
5
5
5
5
5
5
5
5
5
5
5
5
5
5
5
5
5
5
5
5
5
5
5
5
5
5
5
5
5
5
5
5
5
5
5
5
5
5
5
5
5
5
5
5
5
5
5
5
5
5
5
5
5
5
5
5
5
5
5
5
5
5
5
5
5
5
5
5
5
5
5
5
5
5
5
5
5
5
5
5
5
5
5
5
5
5
5
5
5
5
5
5
5
5
5
5
5
5
5
5
5
5
5
5
5
5
5
5
5
5
5
5
5
5
5
5
5
5
5
5
5
5
5
5
5
5
5
5
5
5
5
5
5
5
5
5
5
5
5
5
5
5
5
5
5
5
5
5
5
5
5
5
5
5
5
5
5
5
5
5
5
5
5
5
5
5
5
5
5
5
5
5
5
5
5
5
5
5
5
5
5
5
5
5
5
5
5
5
5
5
5
5
5
5
5
5
5
5
5
5
5
5
5
5
5
5
5
5
5
5
5
5
5
5
5
5
5
5
5
5
5
5
5
5
5
5
5
5
5
5
5
5
5
5
5
5
5
5
5
5
5
5
5
5
5
5
5
5
5
5
5
5
5
5
5
5
5
5
5
5
5
5
5
5
5
5
5
5
5
5
5
5
5
5
5
5
5
5
5
5
5
5
5
5
5
5
5
5
5
5
5
5
5
5
5
5
5
5
5
5
5
5
5
5
5
5
5
5
5
5
5
5
5
5
5
5
5
5
5
5
5
5
5
5
5
5
5
5
5
5
5
5
5
5
5
5
5
5
5
5
5
5
5
5
5
5
5
5
5
5
5
5
5
5
5
5
5
5
5
5
5
5
5
5
5
5
5
5
5
5
5
5
5
5
5
5
5
5
5
5
5
5
5
5
5
5
5
5
5
5
5
5
5
5
5
5
5
5
5
5
5
5
5
5
5
5
5
5
5
5
5
5
5
5
5
5
5
5
5
5
5
5
5
5
5
5
5
5
5
5
5
5
5
5
5
5
5
5
5
5
5
5
5
5
5
5
5
5
5
5
5
5
5
5
5
5
5
5
5
5
5
5
5
5
5
5
5
5
5
5
5
5
5
5
5
5
5
5
5
5
5
5
5
5
5
5
5
5
5
5
5
5
5
5
5
5
5
5
5
5
5
5
5
5
5
5
5
5
5
5
5
5
5
5
5
5
5
5
5
5
5
5
5
5
5
5
5
5
5
5
5
5
5
5
5
5
5
5
5
5
5
5
5
5
5
5
5
5
5
5
5
5
5
5
5
5
5
5
5
5
5
5
5
5
5
5
5
5
5
5
5
5
5
5
5
5
5
5
5
5
5
5
5
5
5
5
5
5
5
5
5
5
5
5
5
5
5
5
5
5
5
5
5
5
5
5
5
5
5
5
5
5
5
5
5
5
5
5
5
5
5
5
5
5
5
5
5
5
5
5
5
5
5
5
5
5
5
5
5
5
5
5
5
5
5
5
5
5
5
5
5
5
5
5
5
5
5
5
5
5
5
5
5
5
5
5
5
5
5
5
5
5
5
5
5
5
5
5
5
5
5
5
5
5
5
5
5
5
5
5
5
5
5
5
5
5
5
5
5
5
5
5
5
5
5
5
5
5
5
5
5
5
5
5
5
5
5
5
5
5
5
5
5
5
5
5
5
5
5
5
5
5
5
5
5
5
5
5
5
5
5
5
5
5
5
5
5
5
5
5
5
5
5
5
5
5
5
5
5
5
5
5
5
5
5
5
5
5
5
5
5
5
5
5
5
5
5
5
5
5
5
5
5
5
5
5
5
5
5
5
5
5
5
5
5
5
5
5
5
5
5
5
5
5
5
5
5
5
5
5
5
5
5
5
5
5
5
5
5
5
5
5
5
5
5
5
5
5
5
5
5
5
5
5
5
5
5
5
5
5
5
5
5
5
5
5
5
5
5
5
5
5
5
5
5
5
5
5
5
5
5
5
5
5
5
5
5
5
5
5
5
5
5
5
5
5
5
5
5
5
5
5
5
5
5
5
5
5
5
5
5
5
5
5
5
5
5
5
5
5
5
5
5
5
5
5
5
5
5
5
5
5
5
5
5
5
5
5
5
5
5
5
5
5
5
5
5
5
5
5
5
5
5
5
5
5
5
5
5
5
5
5
5
5
5
5
5
5
5
5
5
5
5
5
5
5
5
5
5
5
5
5
5
5
5
5
5
5
5
5
5
5
5
10
10
10
10
10
10
10
10
10
10
10
10
10
10
10
10
10
10
10
10
10
10
10
10
10
10
10
10
10
10
10
10
10
10
10
10
10
10
10
10
10
10
10
10
10
10
10
10
10
10
10
10
10
10
10
10
10
10
10
10
10
10
10
10
10
10
10
10
10
10
10
10
10
10
10
10
10
10
10
10
10
10
10
10
10
10
10
10
10
10
10
10
10
10
10
10
10
10
10
10
10
10
10
10
10
10
10
10
10
10
10
10
10
10
10
10
10
10
10
10
10
10
10
10
10
10
10
10
10
10
10
10
10
10
10
10
10
10
10
10
10
10
10
10
10
10
10
10
10
10
10
10
10
10
10
10
10
10
10
10
10
10
10
10
10
10
10
10
10
10
10
10
10
10
10
10
10
10
10
10
10
10
10
10
10
10
10
10
10
10
10
10
10
10
10
10
10
10
10
10
10
10
10
10
10
10
10
10
10
10
10
10
10
10
10
10
10
10
10
10
10
10
10
10
10
10
10
10
10
10
10
10
10
10
10
10
10
10
10
10
10
10
10
10
10
10
10
10
10
10
10
10
10
10
10
10
10
10
10
10
10
10
10
10
10
10
10
10
10
10
10
10
10
10
10
10
10
10
10
10
10
10
10
10
10
10
10
10
10
10
10
10
10
10
10
10
10
10
10
10
10
10
10
10
10
10
10
10
10
10
10
10
10
10
10
10
10
10
10
10
10
10
10
10
10
10
10
10
10
10
10
10
10
10
10
10
10
10
10
10
10
10
10
10
10
10
10
10
10
10
10
10
10
10
10
10
10
10
10
10
10
10
10
10
10
10
10
10
10
10
10
10
10
10
10
10
10
10
10
10
10
10
10
10
10
10
10
10
10
10
10
10
10
10
10
10
10
10
10
10
10
10
10
10
10
10
10
10
10
10
10
10
10
10
10
10
10
10
10
10
10
10
10
10
10
10
10
10
10
10
10
10
10
10
10
10
10
10
10
10
10
10
10
10
10
10
10
10
10
10
10
10
10
10
10
10
10
10
10
10
10
10
10
10
10
10
10
10
10
10
10
10
10
10
10
10
10
10
10
10
10
10
10
10
10
10
10
10
10
10
10
10
10
10
10
10
10
10
10
10
10
10
10
10
10
10
10
10
10
10
10
10
10
10
10
10
10
10
10
10
10
10
10
10
10
10
10
10
10
10
10
10
10
10
10
10
10
10
10
10
10
10
10
10
10
10
10
10
10
10
10
10
10
10
10
10
10
10
10
10
10
10
10
10
10
10
10
10
10
10
10
10
10
10
10
10
10
10
10
10
10
10
10
10
10
10
10
10
10
10
10
10
10
10
10
10
10
10
10
10
10
10
10
10
10
10
10
10
10
10
10
10
10
10
10
10
10
10
10
10
10
10
10
10
10
10
10
10
10
10
10
10
10
10
10
10
10
10
10
10
10
10
10
10
10
10
10
10
10
10
10
10
10
10
10
10
10
10
10
10
10
10
10
10
10
10
10
10
10
10
10
10
10
10
10
10
10
10
10
10
10
10
10
10
10
10
10
10
10
10
10
10
10
10
10
10
10
10
10
10
10
10
10
10
10
10
10
10
10
10
10
10
10
10
10
10
10
10
10
10
10
10
10
10
10
10
10
10
10
10
10
10
10
10
10
10
10
10
10
10
10
10
10
10
10
10
10
10
10
10
10
10
10
10
10
10
10
10
10
10
10
10
10
10
10
10
10
10
10
10
10
10
10
10
10
10
10
10
10
10
10
10
10
10
10
10
10
10
10
10
10
10
10
10
10
10
10
10
10
10
10
10
10
10
10
10
10
10
10
10
10
10
10
10
10
10
10
10
10
10
10
10
10
10
10
10
10
10
10
10
10
10
10
10
10
10
10
10
10
10
10
10
10
10
10
10
10
10
10
10
10
10
10
10
10
10
10
10
10
10
10
10
10
10
10
10
10
10
10
10
10
10
10
10
10
10
10
10
10
10
10
10
10
10
10
10
10
10
10
10
10
10
10
10
10
10
10
10
10
10
10
10
10
10
10
10
10
10
10
10
10
10
10
10
10
10
10
10
10
10
10
10
10
10
10
10
10
10
10
10
10
10
10
10
10
10
10
10
10
10
10
10
10
10
10
10
10
10
10
10
10
10
10
10
10
10
10
10
10
10
10
10
10
10
10
10
10
10
10
10
10
10
10
10
10
10
10
10
10
10
10
10
10
10
10
10
10
10
10
10
10
10
10
10
10
10
10
10
10
10
10
10
10
10
10
10
10
10
10
10
10
10
10
10
10
10
10
10
10
10
10
10
10
10
10
10
10
10
10
10
10
10
10
10
10
10
10
10
10
10
10
10
10
10
10
10
10
10
10
10
10
10
10
10
10
10
10
10
10
10
10
10
10
10
10
10
10
10
10
10
10
10
10
10
10
10
10
10
10
10
10
10
10
10
10
10
10
10
10
10
10
10
10
10
10
10
10
10
10
10
10
10
10
10
10
10
10
10
10
10
10
10
10
10
10
10
10
10
10
10
10
10
10
10
10
10
10
10
10
10
10
10
10
10
10
10
10
10
10
10
10
10
10
10
10
10
10
10
10
10
10
10
10
10
10
10
10
10
10
10
10
10
10
10
10
10
10
10
10
10
10
10
10
10
10
10
10
10
10
10
10
10
10
10
10
10
10
10
10
10
10
10
10
10
10
10
10
10
10
10
10
10
10
10
10
10
10
10
10
10
10
10
10
10
10
10
10
10
10
10
10
10
10
10
10
10
10
10
10
10
10
10
10
10
10
10
10
10
10
10
10
10
10
10
10
10
10
10
10
10
10
10
10
10
10
10
10
10
10
10
10
10
10
10
10
10
10
10
10
10
10
10
10
10
10
10
10
10
10
10
10
10
10
10
10
10
10
10
10
10
10
10
10
10
10
10
10
10
10
10
10
10
10
10
10
10
10
10
10
10
10
10
10
10
10
10
10
10
10
10
10
10
10
10
10
10
10
10
10
10
10
10
10
10
10
10
10
10
10
10
10
10
10
10
10
10
10
10
10
10
10
10
10
10
10
10
10
10
10
10
10
10
10
10
10
10
10
10
10
10
10
10
10
10
10
10
10
10
10
10
10
10
10
10
10
10
10
10
10
10
10
10
10
10
10
10
10
10
10
10
10
10
10
10
10
10
10
10
10
10
10
10
10
10
10
10
10
10
10
10
10
10
10
10
10
10
10
10
10
10
10
10
10
10
10
10
10
10
10
10
10
10
10
10
10
10
10
10
10
10
10
10
10
10
10
10
10
10
10
10
10
10
10
10
10
10
10
10
10
10
10
10
10
10
10
10
10
10
10
10
10
10
10
10
10
10
10
10
10
10
10
10
10
10
10
10
10
10
10
10
10
10
10
10
10
10
10
10
10
10
10
10
10
10
10
10
10
10
10
10
10
10
10
10
10
10
10
10
10
10
10
10
10
10
10
10
10
10
10
10
10
10
10
10
10
10
10
10
10
10
10
10
10
10
10
10
10
10
10
10
10
10
10
10
10
10
10
10
10
10
10
10
10
10
10
10
10
10
10
10
10
10
10
10
10
10
10
10
10
10
10
10
10
10
10
10
10
10
10
10
10
10
10
10
10
10
10
10
10
10
10
10
10
10
10
10
10
10
10
10
10
10
10
10
10
10
10
10
10
10
10
10
10
10
10
10
10
10
10
10
10
10
10
10
10
10
10
10
10
10
10
10
10
10
10
10
10
10
10
10
10
10
10
10
10
10
10
10
10
10
10
10
10
10
10
10
10
10
10
10
10
10
10
10
10
10
10
10
10
10
10
10
10
10
10
10
10
10
10
10
10
10
10
10
10
10
10
10
10
10
10
10
10
10
10
10
10
10
10
10
10
10
10
10
10
10
10
10
10
10
10
10
10
10
10
10
10
10
10
10
10
10
10
10
10
10
10
10
10
10
10
10
10
10
10
10
10
10
10
10
10
10
10
10
10
10
10
10
10
10
10
10
10
10
10
10
10
10
10
10
10
10
10
10
10
10
10
10
10
10
10
10
10
10
10
10
10
10
10
10
10
10
10
10
10
10
10
10
10
10
10
10
10
10
10
10
10
10
10
10
10
10
10
10
10
10
10
10
10
10
10
10
10
10
10
10
10
10
10
10
10
10
10
10
10
10
10
10
10
10
10
10
10
10
10
10
10
10
10
10
10
10
10
10
10
10
10
10
10
10
10
10
10
10
10
10
10
10
10
10
10
10
10
10
10
10
10
10
10
10
10
10
10
10
10
10
10
10
10
10
10
10
10
10
10
10
10
10
10
10
10
10
10
10
10
10
10
10
10
10
10
10
10
10
10
10
10
10
10
10
10
10
10
10
10
10
10
10
10
10
10
10
10
10
10
10
10
10
10
10
10
10
10
10
10
10
10
10
10
10
10
10
10
10
10
10
10
10
10
10
10
10
10
10
10
10
10
10
10
10
10
10
10
10
10
10
10
10
10
10
10
10
10
10
10
10
10
10
10
10
10
10
10
10
10
10
10
10
10
10
10
10
10
10
10
10
10
10
10
10
10
10
10
10
10
10
10
10
10
10
10
10
10
10
10
10
10
10
10
10
10
10
10
10
10
10
10
10
10
10
10
10
10
10
10
10
10
10
10
10
10
10
10
10
10
10
10
10
10
10
10
10
10
10
10
10
10
10
10
10
10
10
10
10
10
10
10
10
10
10
10
10
10
10
10
10
10
10
10
10
10
10
10
10
10
10
10
10
10
10
10
10
10
10
10
10
10
10
10
10
10
10
10
10
10
10
10
10
10
10
10
10
10
10
10
10
10
10
10
10
10
10
10
10
10
10
10
10
10
10
10
10
10
10
10
10
10
10
10
10
10
10
10
10
10
10
10
10
10
10
10
10
10
10
10
10
10
10
10
10
10
10
10
10
10
10
10
10
10
10
10
10
10
10
10
