# vtk DataFile Version 2.0
whisker_body, Created by Gmsh 4.13.1 
ASCII
DATASET UNSTRUCTURED_GRID
POINTS 696 double
-8.874119674649524 -1.499999999999705 0
8.874119674649528 -1.499999999999699 0
-5.819115811944735 -1.499999999999992 38
5.819115811944737 -1.499999999999991 38
12 0 0
8.874119674649352 1.500000000000214 0
0 9 0
-8.87411967464935 1.500000000000212 0
4.916846385784335 0 90
5.81911581194471 1.500000000000042 38
0 6.009335140664497 38
-5.819115811944711 1.50000000000004 38
-7.584846902842285 -4.844594664205024 0
-5.092435961360746 -7.420720718329175 0
-1.792242851007811 -8.81974294200298 0
1.792242851007785 -8.819742942002986 0
5.092435961360731 -7.420720718329185 0
7.584846902842282 -4.844594664205029 0
-5.324471804789714 -1.5 0
-1.774823934929904 -1.5 0
1.774823934929906 -1.5 0
5.324471804789717 -1.5 0
-6.127454828320491 -1.5 34.20023002817409
-6.434922723518421 -1.5 30.40038883328342
-6.74163870418778 -1.5 26.60048545448289
-7.047700614395793 -1.5 22.80053169319076
-7.353190368518772 -1.5 19.00053057506986
-7.658176323082074 -1.5 15.2004889767792
-7.962716347708785 -1.5 11.40041162785181
-8.266859773641604 -1.5 7.600301737014661
-8.570648762862128 -1.5 3.800163410562206
-3.680903837498917 -4.750058501946154 38
9.938792272865797e-15 -6.009335140664497 38
3.680903837498924 -4.750058501946149 38
8.570648762862131 -1.5 3.800163410562149
8.266859773641599 -1.5 7.600301737014718
7.962716347708785 -1.5 11.40041162785181
7.658176323082074 -1.5 15.2004889767792
7.353190368518772 -1.5 19.00053057506986
7.047700614395795 -1.5 22.80053169319073
6.74163870418778 -1.5 26.60048545448289
6.434922723518424 -1.5 30.40038883328337
6.127454828320493 -1.5 34.20023002817406
-1.939705270648245 -1.5 38
1.939705270648247 -1.5 38
11.34980690040761 3.896393630456207 0
9.469686112756717 7.370552552276022 0
6.563377897469113 10.04599773915035 0
2.945825845689581 11.63280319127197 0
-0.9909521456679979 11.95901391608004 0
-4.820345095835646 10.98927991986068 0
-8.127378859508902 8.82868692807757 0
-10.55368501447787 5.71136871644487 0
-11.83633564083267 1.975135083368787 0
-11.83633564083267 -1.975135083368821 0
-10.55368501447786 -5.711368716444897 0
-8.12737885950888 -8.828686928077589 0
-4.820345095835619 -10.9892799198607 0
-0.9909521456679715 -11.95901391608004 0
2.945825845689616 -11.63280319127196 0
6.563377897469155 -10.04599773915032 0
9.469686112756747 -7.370552552275983 0
11.34980690040762 -3.896393630456205 0
7.818029843080671 4.458520984889497 0
5.809475019311043 6.873863542433829 0
3.093156003024702 8.451768213868164 0
5.324471804789612 1.5 0
1.774823934929872 1.5 0
-1.774823934929868 1.5 0
-5.324471804789608 1.5 0
-3.093156003024702 8.451768213868164 0
-5.809475019311038 6.873863542433833 0
-7.818029843080673 4.458520984889494 0
3.476735421440674 3.476735421440667 90
1.012690292828946e-14 4.916846385784335 90
-3.476735421440661 3.47673542144068 90
-4.916846385784335 1.588676900374471e-14 90
-3.476735421440683 -3.476735421440658 90
-1.400432058674011e-14 -4.916846385784335 90
3.476735421440664 -3.476735421440678 90
11.69203679938193 0 3.91304347826087
11.38407359876386 0 7.826086956521739
11.07611039814578 0 11.73913043478261
10.76814719752771 0 15.65217391304348
10.46018399690964 0 19.56521739130435
10.15222079629157 0 23.47826086956522
9.844257595673493 0 27.39130434782609
9.536294395055421 0 31.30434782608696
9.228331194437349 0 35.21739130434783
8.920367993819276 0 39.1304347826087
8.612404793201204 0 43.04347826086957
8.304441592583132 0 46.95652173913044
7.996478391965059 0 50.8695652173913
7.688515191346986 0 54.78260869565218
7.380551990728914 0 58.69565217391305
7.072588790110841 0 62.60869565217391
6.764625589492769 0 66.52173913043478
6.456662388874697 0 70.43478260869566
6.148699188256625 0 74.34782608695652
5.840735987638553 0 78.26086956521739
5.532772787020479 0 82.17391304347827
5.224809586402407 0 86.08695652173914
6.127454828320493 1.5 34.20023002817406
6.434922723518421 1.5 30.40038883328342
6.74163870418778 1.5 26.60048545448289
7.047700614395795 1.5 22.80053169319073
7.353190368518772 1.5 19.00053057506986
7.658176323082074 1.5 15.2004889767792
7.962716347708785 1.5 11.40041162785181
8.266859773641604 1.5 7.600301737014661
8.570648762862131 1.5 3.800163410562149
3.680903837498885 4.750058501946178 38
0 8.700933514066449 3.8
0 8.4018670281329 7.600000000000001
0 8.102800542199349 11.4
0 7.803734056265799 15.2
0 7.504667570332249 19
0 7.205601084398698 22.8
0 6.906534598465148 26.6
0 6.607468112531597 30.4
0 6.308401626598048 34.2
-8.570648762862131 1.5 3.800163410562149
-8.266859773641599 1.5 7.600301737014718
-7.962716347708785 1.5 11.40041162785181
-7.658176323082074 1.5 15.2004889767792
-7.353190368518772 1.5 19.00053057506986
-7.047700614395795 1.5 22.80053169319073
-6.74163870418778 1.5 26.60048545448289
-6.434922723518424 1.5 30.40038883328337
-6.127454828320493 1.5 34.20023002817406
1.939705270648236 1.5 38
-1.939705270648238 1.5 38
-3.680903837498894 4.750058501946171 38
-1.273726035872934e-14 -8.75574170990561 3.103595842447276
6.529134880291355 -4.557545971551572 13.18314913250902
5.828206990486992 -4.500797771355064 20.79021411336312
5.101358590524525 -4.445276292080192 28.38041757186364
-6.184584784597679 -4.523814759637453 16.99448027720811
-6.856555975191151 -4.604215227478391 9.415238707844669
-5.018429996934232 -4.933031491606897 24.94221640103545
-4.729734357502913 -4.41156743579401 32.1747719674349
7.254310952436048 -4.528530651920297 5.695415718085778
1.646836435512569 -6.067764160506302 34.46843396097942
-6.292644529000641 -6.088155527105001 3.103595842447215
-1.850929582702951 -5.998862612210154 34.58729219346975
0.1794769946711842 -6.531318969479281 31.3362394746642
-3.056273407062759 -6.020170983606106 28.56941809464973
6.885653079833899 -4.564500972653117 9.387757778140672
4.393735380891141 -6.838652441623505 11.07379697570847
3.949758263499013 -6.764656792266531 14.82385625835536
1.126021171777712 -7.927969215894404 12.61046126894748
-0.4447684167599172 -7.722324514569001 16.07179678261545
1.621160458164025 -8.138697598555055 8.912286743937331
-1.864493596847177 -7.977751739789016 10.25731126705698
-1.63349711906275 -8.345663761358356 6.301978380265672
4.819019078843664 -6.903987157460835 7.375949357273726
6.203958146972726 -4.502014974525217 16.95863046312741
5.693899506608938 -6.610788148077838 3.496109314956995
-6.582846448318184 -4.473488665210374 13.22692987940885
-3.952922981830754 -6.758785413988242 14.86797937862747
-3.474518834185592 -6.684845336341657 18.62874461774925
0.0427852004260655 -7.401985937854194 20.30312268238701
-5.777932226135422 -4.562650643102189 20.80996939730893
-3.005500434984165 -6.57967173406324 22.44411354548273
0.202128301964417 -7.095661305903092 24.16034445476778
4.726549656709419 -4.41435501158564 32.18018690439146
5.586118598250022 -4.331275646633577 24.54115591047923
3.495907461311047 -6.667897432587813 18.69387833364504
-4.879035715291338 -6.805221904551095 7.960033304241692
-3.418839943887185 -8.064101469218654 3.06356035813339
-7.183504609733453 -4.607247743715926 5.920857465119021
3.286173094903436 -6.454373761877601 22.3275864383669
2.302479900002564 -8.244846231506919 5.586794296058997
2.957646114417033 -6.269871770566445 26.27062236720209
-4.482566670526259 -6.755805519662449 11.33812818445328
-0.01681171143767288 -6.830668716731731 27.56370455288889
-5.507851682040703 -3.92593580287706 28.41322838697533
-2.496664686218089 -6.526848107603204 25.56403226922824
2.886083957186348 -6.004333579544022 29.70781394524798
-4.732969251920261 -4.046423378841598 35.23531466549464
4.633657492885339 -4.168289032355429 35.16303635404764
2.856636567925546 -8.312379450725841 2.674139751609364
7.628644499919472 -4.324561926029859 2.933183143998327
-1.757299595420161 -7.759169950402967 13.26936295553948
-4.860495797032391 -7.079618842316016 5.24111259427409
-7.829356381241659 -3.999863415254041 2.644000009677379
-2.525630606076686 -6.023278359254932 31.3670173414415
0.1133342307280767 -1.5 3.39762540280297
-4.519730687604532 -1.5 13.03322408245894
-3.894131998749173 -1.5 20.62863233791548
3.182979649348088 -1.5 28.13882929584744
4.417967067077143 -1.5 16.75113699991833
4.698954219260671 -1.5 9.434336820367708
-3.03326250085842 -1.5 32.04669488878486
-5.563416047793363 -1.5 5.481315653815566
4.039932807254752 -1.5 3.564170967962502
1.81360278512234 -1.5 6.649030411995813
-0.0006130870584968307 -1.5 34.52379403346848
-4.941332669217785 -1.5 9.243495996515783
-1.524626680725784 -1.5 11.01184763429601
-1.266731363042688 -1.5 14.68482081840385
2.019514329079941 -1.5 12.98736331925318
-4.237020982449285 -1.5 16.83045928465948
-0.9809342509765315 -1.5 18.48550803749033
-0.485385970860003 -1.5 22.27466019552337
-3.586171213701251 -1.5 24.43087210769113
-0.1802068905027951 -1.5 26.13752959230073
3.459805883933358 -1.5 23.84016289323801
3.034140447037112 -1.5 32.0376502297342
-3.324325670193659 -1.5 28.24989600953144
2.169114378580467 -1.5 19.73898072921027
-0.0002898966700364269 -1.5 29.9947974890636
-1.814870013600016 -1.5 6.92892415525476
-3.549647869859809 -1.5 2.657912087527679
5.351465657241725 -1.5 13.15474754883405
-3.320660789311667 -1.5 35.29290343951433
3.320627460011014 -1.5 35.29162943924321
1.279562054977474 -1.5 9.601219277451101
1.271786032143666 -1.5 16.52956198085519
5.59115008758387 -1.5 6.42455055457069
-6.221354867928349 -1.5 2.520421157358857
5.081320648840967 -1.5 20.58298395385282
8.585502973764581e-16 -3.337482284739775 38
4.098470638881822 -9.479816147688613 0
-7.099295739719495 7.814668436628774e-14 0
7.099295739719569 1.698500362568311e-13 0
1.27675647831893e-15 -5.551115123125783e-17 0
3.549647869859776 -5.551115123125783e-17 0
-3.549647869859773 1.110223024625157e-16 0
-10.35522765774104 6.750155989720952e-14 0
-9.770542543260142 3.411256196175788 0
-9.712246808200572 -3.507774616004609 0
-8.077142184094621 6.468110042961442 0
7.177586718607229 -7.420466418490129 0
5.746815430033005 -3.270224934724552 68.45938356483386
8.767462070844905 -3.34476156798751 33.24189248754151
7.45050413474929 3.307315383273355 48.89874196794786
8.85740023723625 3.852741056111006 29.74465199800249
5.5173639038058 3.047001560737379 72.38955262866234
6.335340357610228 3.49373060601276 60.54729072245044
9.736421556488555 -3.387338960590102 21.48835596708263
-11.09527489538306 -3.809012682760156 3.419408766471422
-6.416186870288167 9.82070510030146 3.419408766471416
10.07101483726868 3.364977050983049 17.5560939688033
-2.879762434608147 -11.37192468062311 3.419408766471418
-4.85217208841623 -1.754898338680206 86.9133434892634
5.03735348109609 -3.26080356130795 76.22900163682489
4.797793405201596 3.059420815107556 80.17305100929528
4.712243512000815 10.74283313214683 3.419408766471414
6.422245829771001 -3.323599292802136 60.59220673569526
8.111539840237693 3.335203565040566 41.03541898028838
7.110547908291329 -3.319035307243798 52.76848133009188
7.765733471688344 -3.363159619726933 44.94553212462259
10.39206144515601 -3.372058214114344 13.65330112395854
7.94511337650492 -8.630693833987381 3.419408766471494
-11.0947272974733 3.836149732572195 3.313668910090439
10.71886229875082 3.360370264401352 9.742374045709338
-1.977922590895115 4.775127544263149 86.80166499961184
4.311926756886884 -3.226424223996101 84.04647073103104
9.97556918242214 6.182949141544467 3.350570481507561
11.04046708034911 -3.362429988012162 5.830404183151199
6.068907339767169 -3.318332645026073 64.58740323053345
7.77974593057135 3.330406456502844 44.9465869410723
9.086075975578847 -3.364995447079913 29.36190813501666
9.406995687228001 -3.383948231482536 25.44883481025506
7.556557661909285 -6.322875585012862 27.28105311569127
7.919247123005822 -6.365929914326997 23.37070108423303
5.182163321694786 -8.5799952550898 25.11344413135492
5.597544594563025 -8.683047646604416 21.20772516454012
2.242588435997033 -9.951433943217337 22.85856232869498
1.788917678447486 -9.731102065432811 26.75712389187192
5.667359082161207 6.086140352667537 46.80644403776719
-1.34485795020331 -9.987962252728655 24.42009695564525
-1.809953296203814 -9.603297365942824 28.304699571984
-0.8772207943204224 -10.34690563095652 20.53291087657542
-4.369001364600765 -9.29242252311125 22.00376512838059
-3.943394480590541 -9.81046342369986 18.12741370275167
-7.020546413927658 -7.759812094904648 19.51220147820108
-7.306219502013191 -7.06077940860076 23.37325806115505
-9.201834248516501 -4.76646807328043 20.79931999742873
-9.275631927988966 -3.897241823543225 24.63599198638821
-0.4264316544843584 -10.68210141179069 16.63738196231683
-9.081744704254616 -5.592761140158211 16.95394404555468
-10.36274392919952 -2.086868482644627 18.15990664192581
5.280868741988818 6.021168015321093 50.71208297057677
-3.515438248926221 -10.29542365988556 14.24283010563977
0.03580667581310416 -10.99718720420198 12.74120401465571
-10.44668471418671 -3.010883173155276 14.33361864480327
-10.75729888856474 0.7505679609898167 15.45771113746538
-10.34644323887285 1.694652200259627 19.25868103076981
-9.748949424280795 4.41766685685066 16.47781877733473
-8.98315294642665 5.253240839111985 20.24835438070669
-7.510312378150229 7.524692719809532 17.39023373750962
-6.416118974990917 8.1051395041997 21.12654651270903
-4.299101867033909 9.65427743930347 18.19244426804437
-2.967604474010363 9.839388074961517 21.89062403243543
-5.231751795892792 8.574275408781061 24.84859915182696
-1.658721793572633 9.848912085359091 25.56979244218857
-3.965432509115113 8.909966801840378 28.55660420207562
-0.519523365955618 10.50105784069535 18.88267448824817
-1.925460939452648 10.6299254496279 15.21055859094861
-7.141196963027452 6.734505670971743 27.7526781141015
2.761485532119146 7.706680863874232 48.45515053911299
-6.066104995594355 7.339651416115983 31.48622305032884
2.26854256651884 7.538290421667239 52.44820785462036
4.003169478534788 -5.852868816770723 62.37551320042448
3.020523531010219 7.941048265324553 44.52119992897719
-0.9472205658758639 8.316154710763808 46.12446745289095
-2.629092673555238 9.089292141132439 32.2497469540775
-4.891536713328422 7.826339561053026 35.20594615014797
-7.699093131199161 5.209546779487407 34.35771655310253
-6.761623359972424 5.941540352061976 38.1034720851855
-8.681423080166836 2.643274318086531 37.16678239410204
-8.034229711707624 3.536452728441533 40.93790004357579
-8.858328526595034 -0.1362597181543783 39.90540588789381
-8.523752756540517 0.7910054338220273 43.70455682234465
-8.140363293106981 -2.922085578170138 42.57930178784628
-8.083955432657939 -2.088053766527664 46.386927050078
-8.098248302254946 -3.811455820675032 38.74943758400872
-6.222186805453884 -6.148509994350646 41.3261846270292
1.960084712505909 10.57414494424589 15.8284117251293
-8.510706030211736 6.852222981867641 13.64204427363619
-5.934500821509547 -6.83381477458636 37.47149386334426
-3.222148448256522 -8.249323174941015 39.94483744995387
-3.637253331733943 -7.739284941470742 43.81883960820932
-7.974094645438624 -4.691265893452433 34.92031950133797
1.337820321607193 -9.493520634216074 30.65601103745617
-1.239589293597375 9.088384629730152 35.92640564492351
1.24148991817214 9.329423909429963 32.88790793765767
2.97838304637508 10.0368961381546 19.44707729913761
0.5543274498791797 11.0274332476186 12.18071506068634
-8.077644272203894 1.737707552436252 47.49016430302157
-7.973755571058411 -1.093918409995612 50.20929173942869
-7.50854495335463 2.658989235461275 51.26375661072467
-7.748259069353531 -0.1358783235846965 54.00835344035467
-6.870402956843678 -3.77830140112289 52.84776533914137
-6.957736880986223 -2.905349338701223 56.67004614981805
-7.40619812476359 0.8217876155824557 57.79225111385642
-4.831485886052854 -5.918881420121068 55.39338730080404
-6.960575886104777 -1.992867501168521 60.47843040104053
-6.926180719634983 1.800677647263364 61.54345509920311
-6.862054081935079 -1.04845259470684 64.27194168870025
-6.3167127598582 2.676299330073495 65.30633783275667
-6.644514512502258 -0.08123739799614854 68.04158522528532
-5.314291090233733 5.14332437518379 58.50395423095898
-5.545195019415485 3.519043973708178 69.02568137349735
-6.287822433589572 0.8889170846644239 71.78567019674931
-5.800443627179555 -2.792164010579282 70.67834291060295
-5.84265213993217 -1.891221022072934 74.44418453608984
-5.776803410843459 1.824634328206269 75.498817054409
-3.83901156527567 5.603215701567696 66.17132143417908
2.766924606395692 8.699836470166595 36.47646193710462
4.085127667262024 10.21279618748902 12.71228419535408
-0.1188250676226661 -8.666877468815239 42.34098780245867
-0.6372206680747049 -8.339042166779166 46.20798054780751
-11.08190298870476 -0.182879604554799 11.64635636930187
-5.775624907125848 -0.9156664454468914 78.17163070656498
-5.011906118496502 2.851334566409994 79.20766439905741
-3.545961039293669 4.826658494220301 76.37450287385761
-3.809752395044675 -4.940238186528253 73.20549060240043
-3.420998374593511 -5.571474745398245 69.40214857620731
-5.429350279431427 -4.475366494877744 63.07228769444218
4.429775812000566 -5.927132920109099 58.45384901121461
0.3359014697059352 -8.967664631715714 38.44956826457649
3.183522556835247 -10.33576974516408 15.05760036255002
3.634030877422156 -10.51210840696558 11.14935346647441
-2.620070840817653 5.952170507309335 69.84200598670311
-0.224000502735535 6.733010819992209 66.87611091356841
-2.30232269995106 5.21946544855775 79.98947391944859
-1.527519952330582 6.853234588565259 63.25903528314228
3.415511848798946 -8.103226821595699 40.74073766378771
-10.49296048730645 -3.838174127088558 10.50924165932275
-0.4691978065967247 -6.331546781914725 71.80393349516312
1.084638173986883 -7.187594683119862 60.11340744348981
3.862268028164912 -8.239988970849465 36.84482940186552
-9.841872780698452 2.625053549211062 23.04982257622499
-3.159128450393546 10.63563835130203 11.50033454560699
-0.8131200018284832 11.30123979498423 8.507390129083273
4.899320839176703 7.988855516449576 33.39816092027792
3.104033021763045 9.133255073614697 29.90641919513828
-7.568356538334655 -6.31539332549488 27.22697042100626
-9.286695729917952 -3.001515951534742 28.46566392904446
-3.049548640147967 -10.75863729122988 10.38748313942295
0.0723127110169145 -6.651988380989269 67.9479365362546
-5.880837398805951 6.423476549608036 41.8171275816131
-2.269301203012997 -9.190928358818192 32.18561984916601
-9.207269642744505 1.755054246863789 33.37858935215234
-4.479435494607189 -6.560050755994702 51.54238678449171
-1.573880336087017 -7.589963672677069 53.98321597599129
4.90218361757113 5.939453451215848 54.62140810576229
1.662112144965469 7.384414948397558 56.29914524713196
-1.821074871896703 7.577040869412254 53.45743843174954
-6.371442476696651 5.141778153620173 48.44395315295354
-0.1118099869177178 8.668539262725234 42.32106035072903
6.42694203538152 -8.862010059885106 13.37731381147772
-6.331274048244182 -9.084091490138954 11.7818531781551
-5.955947342103237 -9.694337020950229 7.906277342423951
6.410252628118791 -6.216113112074857 39.01765260451975
6.808832392008235 -8.956110814956272 9.524221344962033
4.079835925756753 -10.67734276643254 7.23930752918646
-0.9639200864490639 -5.969833463818484 75.63809892957309
2.216249133324966 6.614714678348167 63.83448405683363
-0.2898169877906311 5.923912327885687 77.11398851300484
3.341121818598075 5.802399196709043 67.39891377476326
6.30919453926422 6.551205590387461 36.90788868851154
-5.555445984941988 0.02717322647304908 81.88497835154431
-4.459751215772429 -3.460421401647783 80.75032586567123
-11.34238542842658 -1.283176335869144 7.436455953746788
-10.98851922855789 2.63103448073541 8.905645943246812
7.571635085524585 5.488430044480174 33.65104491727452
-4.633232417768356 10.39926646180161 7.818020915049741
-2.261778075804668 11.39753917599006 4.831015338183206
-8.033273341981996 8.169766968154105 6.890750260957127
-1.937478616265377 7.191408441881563 57.84079799368357
3.94821856634921 7.91184033444557 40.12282957151177
-5.347677582439553 5.806414807342123 52.17419374250741
-3.623343632733919 7.27087385696468 49.25327723640667
6.051279401974893 6.15143151297126 42.83375657918902
0.5987433685020093 -6.937288500444556 64.00015293352233
4.681842145680577 -3.240313106090607 80.12796151780339
1.828072080080741 -5.249675837701 81.84242136673582
1.794517504868654 -4.906130905354249 86.0969544168095
-1.714446021532837 -5.164183072985734 83.33575734427343
-1.399846143856997 -5.568176775198863 79.52251311904904
7.193798946403631 -6.270709949070946 31.21668347815453
5.221824616375798 2.968597425124838 76.15254307028148
4.320687198963485 3.217221342405531 84.02721451861876
1.845080132424902 5.242804158145606 81.8534256219657
1.593592235451677 4.938231461345111 86.54202757803982
5.391258378441741 4.375271753789018 64.25214722686083
0.7970447015269129 -9.244937357590711 34.57063491065443
-2.77099161173299 -8.733612167522843 36.05179678575451
5.373771430194508 -3.291290562537398 72.4051879004772
-5.68872614090184 -3.604593404721498 66.90338101611914
2.590135741825216 5.605740227733238 74.01106881436915
-7.807679319912955 -5.507623645729367 31.06949670575823
-1.088666574584074 -7.981241207261229 50.12409967618755
2.011769225912444 -7.61260202229916 52.42656808020286
6.77178982843382 -6.28156772927144 35.11201592248134
-4.035042781517086 -7.186501794211283 47.75237304024436
-5.139013167425059 -5.237370442260593 59.24216074260496
6.01953464517217 -8.772150063287938 17.29488053241293
2.71857886808337 -10.1466305822747 19.0019701301118
7.44220367524415 -3.33579059201193 48.84766878704151
5.656924996551363 -6.103081966343069 46.73897428651158
-8.116084264475104 6.029341659222764 24.00738456364615
6.770575166661627 3.31758633066982 56.67349251874212
8.099751002866988 -3.354388169604152 41.08090106787748
6.745059071254016 -3.362628129982217 56.71055587407875
8.313005915170956 3.654130847744206 37.09348437182708
-4.55569193445423 7.071468586088328 45.59118203661265
5.256588204314252 -6.04950373319963 50.64374608962476
4.849961426437789 -5.98967621721023 54.54732639693067
9.39776789672495 3.413828478668734 25.43003018338232
7.601969221018515 6.282548912960115 27.16501997056179
7.972686576336702 6.309597949419674 23.28618138256856
5.276471470253448 8.538063529712284 24.94334897623737
-10.41625156889964 3.53213465021814 12.72106489321503
10.06889490935509 -3.357608153794548 17.61128985909322
-6.640835645706593 3.844275008980767 54.97625435583206
10.41091572605908 3.312840113526369 13.65541883261309
8.70544104427753 6.365524220414755 15.44488544561728
10.69913565583681 -3.413961113443894 9.776008027706981
9.03466500840403 -7.002729899405196 7.232255454949335
-6.69769057823574 -8.430205955580384 15.66725639039978
8.66864493614696 -6.403580686289121 15.53525441793082
8.291267837699282 -6.390833001071497 19.46053779073485
-4.778207271289561 -8.743111950717507 25.87494953354827
-5.19723913701016 -8.141937740420039 29.74117117120416
-5.594095519052019 -7.496758669890267 33.62199021720589
-4.611540825079651 4.258766324422266 72.71490698772629
0.5614942471891705 -11.28545735479392 8.901751619330168
0.8692813805026673 -11.57231517450968 5.019989040526291
8.422940158616292 6.249397141722056 19.21012087812019
-10.20576304935623 -1.149452955181685 21.97805877718496
-9.968305886504236 -0.201609721155014 25.78921878702571
-9.639787347321159 0.780526462092235 29.58849360992683
-8.929657763937895 -6.371670256317484 13.08966710495388
0.8967075541473183 10.1868109306375 22.53824425788571
-9.097059984051182 -1.067069116842509 36.09287860280897
-7.228697449127201 4.432703587722049 44.73143880824566
5.582126502608448 9.145085286681041 16.33844474484437
-6.860746834364667 8.803428914111223 10.65920409602977
-5.536150552941327 9.344210122355511 14.47125301917538
-1.275116408699162 6.084961728641974 73.47835505719209
-2.856637356025489 8.462405467230456 38.98828430456786
-4.14852343065352 -4.251787320175151 76.99495680039237
-8.522641732434982 4.400775489166205 30.59933409319984
8.975708743119416 -6.513720749778602 11.5604663090245
1.186737878029337 6.342316335859698 70.48908166683415
2.507580333230845 -7.787950978689061 48.51616002708531
-9.23658220103999 -2.039549461299272 32.28543743697245
4.289026011160634 -8.370012520271445 32.97339249984123
3.571623976658725 -5.756374264359478 66.39768682126468
2.998447140393022 10.87239389183767 9.170302685038761
6.50796671403417 9.170263481056855 9.594688501768154
-3.085921209013866 -6.101304993037316 65.59817355939533
2.580800537528391 -5.602790897144304 74.09478588377782
2.201847834243167 -5.43239693987397 77.99499129520669
3.138220979710052 -5.653600363530122 70.31370821928762
-6.722382997440597 -4.59472594545891 49.01291031202991
-0.3235146448773317 9.691234852145772 29.26705062188667
0.8986052448268459 7.206329794074156 60.20021645290888
8.426163051750189 -3.377938231745563 37.12710580941746
4.749204469958002 -8.474249920598488 29.04242153469983
-5.004711047736868 5.001101871409111 62.57578865838369
1.549166410966684 -7.410314874812657 56.28195524636438
7.124960714575884 3.280702410196858 52.80719950007399
-8.675287165413906 -7.196605108579013 9.253640554302637
-7.742058520660969 -8.59302529737861 5.510539166036398
-9.228366897785671 3.553116873322419 26.82596282964734
-6.412521382183447 -5.477492678915528 45.3171053632574
6.014415466575334 -6.179728156237205 42.90435592784429
2.962447648306056 -7.954121341228281 44.62568921740944
9.038737381344843 6.433544505406157 11.50470214626611
9.400592318408185 6.433705080386024 7.733161821162278
7.244719431569405 8.984771620028839 5.822570077275518
9.748820336990221 3.353734859628141 21.47907175628078
-2.578303672925045 -6.661896491805233 61.708641632367
-2.08844715560564 -7.149670119234635 57.83293731222696
1.540500021039777 11.46445314925517 5.495559827149953
4.302752061256537 6.02209502463509 58.43197041818338
-4.737724952667766 2.053056900864369 86.86677075408537
-4.099553730409828 3.554999211443129 83.52721303661018
-9.294400922535175 7.165396162569666 3.357093495720715
4.644756120182949 -10.77729677694288 3.359749051448044
-11.73666604211394 0.04718123912198326 3.344770207887464
-2.268504132741479 -4.635708903573406 86.8977501455492
-9.41337861179421 6.101478153415587 9.938399338437
-10.3669382141895 -4.87214961448436 6.92808462120563
2.153152200464061 9.711651061876873 26.07982084150913
11.06464513983536 3.19976310502633 6.12409724306738
-6.271747834573086 -9.931781555107724 3.223811818358188
10.23355556339068 -5.767975609078225 3.212942893686346
5.699643308211201 3.362527745124376 68.38997533439428
6.652682598488213 6.918616289721882 30.51776658578785
-10.16684212483131 5.34784247187739 6.511132635023921
5.887643376624935 8.501867132423703 21.07356798281587
-4.45983348895976 6.180600604855616 55.63188653257672
-2.361039981994888 -11.208180722256 6.935530613733611
0.2772613686505609 8.928664291526985 38.97033466937567
-1.130433523046134 5.286639095816573 83.78283741176628
6.856194920878869 8.552302252528467 13.19840727466469
-4.43994690001234 -3.056063770599232 83.98736003008825
7.986503012631817 8.675654964229826 2.642914598289324
-0.2414803830153312 8.047036988817872 50.18112999976387
2.986970194705898 5.041863508271679 78.01308475131438
6.77567691639953 -9.295308150806621 6.31855038594098
4.320055392361195 -2.790319680159254 87.12852921464199
4.220066968477599 5.776738517693556 61.57430623083742
9.053770051270975 2.468852166349826 33.23501269054103
-9.318091619717748 -7.251343515659619 2.450379157635769
-11.38333918131618 1.872752021732372 5.891099806351037
-3.139452077082533 8.028467301752972 42.94104170281452
0.6623349574869111 11.78731789882556 2.466125797406038
4.610440194158348 10.51912688134352 6.542055794922907
-3.177340761493165 6.496341857729274 60.58658581909603
6.703690883237691 5.798985202755504 39.84866144805699
4.273341811877616 2.868457454038937 87.07822627983597
3.988446997200378 5.083335558311534 70.37623752065899
11.42788698796132 -2.83397060423707 2.871108874984216
11.4373054853514 2.803594414356152 2.847310718600158
-5.319299483880868 0.04828928926846235 84.88356354599183
3.73578272488267 9.509218738335113 22.65875434688255
0.9884260609080567 -11.7922509505184 2.114269734405977
5.483922261779381 8.137308949038671 27.79220456455376
-2.905933249478464 11.47527089139346 2.0648206165667
-4.721642158968192 -10.55881208340582 5.508966381038663
3.239413852441584 7.918315797025882 5.650175171326237
6.536909156466413 4.544287402589624 13.19838842087944
6.755388806333396 5.617658137566788 2.719442449965966
5.828206990489164 4.50079777135211 20.79021411336421
5.101358590526997 4.445276292077223 28.38041757186474
3.223938049965926 6.94694854684751 17.04433803947398
3.210123215547639 6.288901565150182 24.63962270463828
3.192210235433828 5.619768426242242 32.2340348703074
2.983167694572727 7.704251766658586 9.3816846673092
5.746608121004305 6.14584951900769 7.446156721713747
3.215249498259152 7.281257859269892 13.2200835997521
6.221466297904356 4.472558099835617 16.99744033521148
4.681122286567639 7.44108719707136 2.654871554092602
3.021826148352625 6.710093622132375 20.84923419552602
5.758099857873314 4.090664799967954 24.6089651640071
7.14600355429333 4.089716663178637 9.73882217966629
7.481110257313516 4.161450769996515 5.582504616806556
2.526519317977101 6.270129998651442 28.46168239321176
2.767047804452365 5.576707333719776 35.25401000923252
5.175360755378088 6.254922990770549 11.20178852343069
5.360758123754355 3.611456930504247 32.2258318773836
5.558082722762302 6.584783714938142 4.86723498040915
4.943682471711424 3.755755652665969 35.46914063531252
2.427090068821855 8.465087489699618 2.462957404813535
4.98054291231662 6.025124014946424 15.02945871066519
8.000101704627172 3.694407089003559 2.389540066443245
-0.1133342307280785 1.5 3.397625402802958
4.519730687604531 1.5 13.03322408245894
3.894131998749167 1.5 20.62863233791547
-3.182979649348102 1.5 28.13882929584742
-4.417967067077139 1.5 16.75113699991832
-4.698954219260669 1.5 9.434336820367699
3.033262500858417 1.5 32.04669488878486
5.563416047793349 1.5 5.481315653815544
-4.039932807254733 1.5 3.564170967962499
-1.813602785122306 1.5 6.649030411995763
0.0006130870584968307 1.5 34.52379403346849
4.941332669217788 1.5 9.243495996515769
1.524626680725788 1.5 11.01184763429599
1.266731363042682 1.5 14.68482081840384
-2.019514329079943 1.5 12.98736331925316
4.237020982449279 1.5 16.83045928465948
0.9809342509765315 1.5 18.48550803749031
0.4853859708599924 1.5 22.27466019552334
3.586171213701233 1.5 24.43087210769112
0.1802068905027721 1.5 26.13752959230071
-3.459805883933358 1.5 23.84016289323799
-3.034140447037114 1.5 32.0376502297342
3.324325670193647 1.5 28.24989600953143
-2.169114378580467 1.5 19.73898072921025
0.000289896670016887 1.5 29.9947974890636
1.81487001360002 1.5 6.92892415525473
3.549647869859742 1.5 2.657912087527707
-5.351465657241722 1.5 13.15474754883404
3.320660789311672 1.5 35.29290343951433
-3.320627460011012 1.5 35.29162943924321
-1.279562054977484 1.5 9.601219277451063
-1.271786032143668 1.5 16.52956198085518
-5.591150087583866 1.5 6.424550554570692
6.221354867928301 1.5 2.520421157358858
-5.081320648840958 1.5 20.58298395385282
-3.342901606857407 7.88546951035149 5.529872698251986
-6.6499947843779 4.375666680486634 13.20863511097503
-6.650982646138388 5.744756731632983 2.687313279142185
-5.828206990489137 4.500797771352143 20.79021411336423
-5.101358590526972 4.445276292077255 28.38041757186472
-3.223938049964157 6.946948546848259 17.04433803947482
-3.210123215547536 6.288901565150226 24.63962270463836
-3.192210235433901 5.6197684262422 32.2340348703074
-3.19992383443464 7.61647084205752 9.385256016855939
-5.766592346742397 6.12755795360887 7.441941604887794
-3.249118255246602 7.271924345954164 13.15377096359517
-6.202892557583219 4.488597426452549 17.06963212472639
-4.668282996439897 7.453723507869041 2.605613323765996
-3.021826148350683 6.71009362213317 20.84923419552694
-5.758099857872088 4.090664799969814 24.60896516400612
-7.139290968306351 4.100092822789525 9.747242739918658
-7.473350299618273 4.161276690859875 5.669735857374307
-2.52651931797635 6.27012999865171 28.46168239321219
-2.76704780448038 5.576707333706947 35.25401000922034
-5.162478497958676 6.272142515994952 11.1372201515989
-5.360758123753945 3.611456930504919 32.22583187738314
-5.577817489745137 6.563030434976514 4.916086059019259
-4.95329025036652 3.723602315676758 35.61806564709839
-4.984664462898365 6.022722228581603 15.01959631866562
-2.674493030524717 8.394755067248649 2.407886830409273
-7.957800834797192 3.773196370710927 2.452040722479996
0.5473750369420712 1.321480237890017 90
-0.7398602367303317 -1.78618061777492 90
2.201188615676791 -0.935382126248411 90
-2.217890441286627 0.8950603523447548 90
-9.992007221626409e-16 3.337482284739779 38
-0.007452234978154504 -0.01873518928414963 45.98413892159823
0.02818318483856608 -0.003216678180137045 55.03132936351323
-0.004406138130898185 -0.00743641220071023 62.12304309189133
0.04981063906719196 0.004208024595449444 68.90794955106099
-0.06530085045445144 -0.02895488162517346 75.72820743346206
0.02998674571253734 0.1190976598227507 84.81236746038007
-2.589788107418361 -1.450749845224883 50.51027416129848
2.698039025716743 1.296644245730942 50.45708558351281
3.704077601659324 -1.255304628320689 42.75180524931557
-3.676204750293906 3.774758283725532e-15 42.50525351631296
1.894895093059832 3.395245648424202 42.61787110696636
-0.5578197143182718 -3.792025950574732 42.87023897234089
1.640140943969535 -3.155272894404177 49.15805720203868
1.228368928266141 -0.03807399398430134 80.25857244686976
-1.539327881843236 3.013807912526394 51.72279262417719
-2.960642912505251 -1.285660613443104 58.29845906754264
2.552807635037285 -1.658454659810734 58.58787913995575
0.9117739716249393 2.853952574744682 58.58302290646165
-3.819870141461994 2.172616394444085 46.39892165268183
4.162245516620231 1.28108826963364 46.32792505914352
0.028006030979702 4.178813816625613 47.65049193003647
0.8902202684394944 2.744236238739804 65.42316489702151
-2.787492928511047 0.04936077358835433 65.53786452242767
-3.751720511728804 -2.159685382646749 46.39678280649124
-2.288712831865643 -1.10658782233666 72.30537319564415
0.3490704230306707 -2.934791946358919 65.73690300694432
0.2062289111972653 -3.811753493626252 53.12049134977493
-2.26939632436355 3.98042637620659 41.94378763954596
2.447588854724057 -0.2644676321253883 72.35829353658286
3.536329810353403 2.06119295905652 54.41460529845916
-3.054950880977811 2.376194466051342 56.3971918891103
3.624712061821286 -2.01943195915443 54.44788548192963
-3.45181033540713 -2.24219284932323 54.39067504204187
0.1653642763430183 -5.995204332975845e-15 41.29134373473227
-3.014013073158321 2.159300537067165 60.45677485591512
2.538897178248563 -4.026676078576581 45.37182593170127

CELLS 3619 16465
1 0
1 1
1 2
1 3
1 4
1 5
1 6
1 7
1 8
1 9
1 10
1 11
2 0 12
2 12 13
2 13 14
2 14 15
2 15 16
2 16 17
2 17 1
2 0 18
2 18 19
2 19 20
2 20 21
2 21 1
2 2 22
2 22 23
2 23 24
2 24 25
2 25 26
2 26 27
2 27 28
2 28 29
2 29 30
2 30 0
2 2 31
2 31 32
2 32 33
2 33 3
2 1 34
2 34 35
2 35 36
2 36 37
2 37 38
2 38 39
2 39 40
2 40 41
2 41 42
2 42 3
2 2 43
2 43 44
2 44 3
2 4 45
2 45 46
2 46 47
2 47 48
2 48 49
2 49 50
2 50 51
2 51 52
2 52 53
2 53 54
2 54 55
2 55 56
2 56 57
2 57 58
2 58 59
2 59 60
2 60 61
2 61 62
2 62 4
2 5 63
2 63 64
2 64 65
2 65 6
2 5 66
2 66 67
2 67 68
2 68 69
2 69 7
2 6 70
2 70 71
2 71 72
2 72 7
2 8 73
2 73 74
2 74 75
2 75 76
2 76 77
2 77 78
2 78 79
2 79 8
2 4 80
2 80 81
2 81 82
2 82 83
2 83 84
2 84 85
2 85 86
2 86 87
2 87 88
2 88 89
2 89 90
2 90 91
2 91 92
2 92 93
2 93 94
2 94 95
2 95 96
2 96 97
2 97 98
2 98 99
2 99 100
2 100 101
2 101 8
2 9 102
2 102 103
2 103 104
2 104 105
2 105 106
2 106 107
2 107 108
2 108 109
2 109 110
2 110 5
2 9 111
2 111 10
2 6 112
2 112 113
2 113 114
2 114 115
2 115 116
2 116 117
2 117 118
2 118 119
2 119 120
2 120 10
2 7 121
2 121 122
2 122 123
2 123 124
2 124 125
2 125 126
2 126 127
2 127 128
2 128 129
2 129 11
2 9 130
2 130 131
2 131 11
2 10 132
2 132 11
3 12 185 0
3 0 185 30
3 1 182 17
3 34 182 1
3 22 179 2
3 2 179 31
3 33 180 3
3 3 180 42
3 13 143 12
3 143 185 12
3 14 169 13
3 13 169 143
3 15 133 14
3 133 169 14
3 16 181 15
3 15 181 133
3 17 157 16
3 157 181 16
3 17 182 157
3 23 140 22
3 140 179 22
3 24 176 23
3 23 176 140
3 25 139 24
3 139 176 24
3 26 162 25
3 25 162 139
3 27 137 26
3 137 162 26
3 28 158 27
3 27 158 137
3 29 138 28
3 138 158 28
3 30 170 29
3 29 170 138
3 30 185 170
3 31 144 32
3 31 179 144
3 32 142 33
3 32 144 142
3 142 180 33
3 35 141 34
3 141 182 34
3 36 147 35
3 35 147 141
3 37 134 36
3 134 147 36
3 38 156 37
3 37 156 134
3 39 135 38
3 135 156 38
3 40 166 39
3 39 166 135
3 41 136 40
3 136 166 40
3 42 165 41
3 41 165 136
3 42 180 165
3 154 169 133
3 133 172 154
3 133 181 172
3 134 148 147
3 134 149 148
3 134 156 149
3 135 167 156
3 166 171 135
3 135 171 167
3 165 178 136
3 136 173 166
3 136 178 173
3 158 159 137
3 159 160 137
3 160 162 137
3 138 174 158
3 138 170 168
3 168 174 138
3 146 176 139
3 139 177 146
3 162 163 139
3 163 177 139
3 144 179 140
3 140 186 144
3 140 176 146
3 146 186 140
3 147 155 141
3 155 157 141
3 157 182 141
3 144 145 142
3 145 178 142
3 142 178 165
3 165 180 142
3 169 184 143
3 143 184 170
3 170 185 143
3 144 186 145
3 146 175 145
3 145 186 146
3 175 178 145
3 146 177 175
3 148 155 147
3 149 150 148
3 150 152 148
3 152 155 148
3 149 151 150
3 149 167 151
3 156 167 149
3 151 183 150
3 150 153 152
3 150 183 153
3 151 160 159
3 159 183 151
3 151 161 160
3 151 167 161
3 153 154 152
3 154 172 152
3 152 172 155
3 153 168 154
3 153 174 168
3 153 183 174
3 168 184 154
3 154 184 169
3 155 172 157
3 172 181 157
3 158 174 159
3 174 183 159
3 161 163 160
3 160 163 162
3 161 164 163
3 161 171 164
3 167 171 161
3 164 177 163
3 171 173 164
3 173 175 164
3 175 177 164
3 166 173 171
3 170 184 168
3 173 178 175
3 0 220 18
3 30 220 0
3 1 21 34
3 2 215 22
3 43 215 2
3 42 216 3
3 3 216 44
3 18 213 19
3 18 220 213
3 19 187 20
3 19 213 187
3 20 195 21
3 187 195 20
3 21 195 34
3 22 193 23
3 22 215 193
3 23 209 24
3 193 209 23
3 24 205 25
3 24 209 205
3 25 189 26
3 25 205 189
3 26 202 27
3 189 202 26
3 27 188 28
3 27 202 188
3 28 198 29
3 188 198 28
3 29 194 30
3 29 198 194
3 194 220 30
3 34 219 35
3 195 219 34
3 35 192 36
3 35 219 192
3 36 214 37
3 192 214 36
3 37 191 38
3 37 214 191
3 38 221 39
3 191 221 38
3 39 207 40
3 39 221 207
3 40 190 41
3 40 207 190
3 41 208 42
3 190 208 41
3 208 216 42
3 44 197 43
3 197 215 43
3 44 216 197
3 187 196 195
3 187 212 196
3 187 213 212
3 188 199 198
3 188 200 199
3 188 202 200
3 189 203 202
3 189 204 203
3 189 205 204
3 190 207 206
3 206 211 190
3 190 211 208
3 191 214 201
3 201 218 191
3 191 218 210
3 210 221 191
3 196 217 192
3 192 219 196
3 201 214 192
3 192 217 201
3 197 211 193
3 193 215 197
3 193 211 209
3 198 212 194
3 212 213 194
3 213 220 194
3 196 219 195
3 212 217 196
3 208 211 197
3 197 216 208
3 199 212 198
3 200 201 199
3 201 217 199
3 199 217 212
3 200 218 201
3 202 203 200
3 203 218 200
3 204 210 203
3 210 218 203
3 205 206 204
3 206 207 204
3 207 210 204
3 205 209 206
3 209 211 206
3 207 221 210
3 43 2 31
3 33 3 44
3 32 222 31
3 31 222 43
3 33 222 32
3 44 222 33
3 43 222 44
3 7 224 0
3 0 229 7
3 12 231 0
3 0 224 18
3 54 229 0
3 0 231 54
3 4 1 5
3 62 1 4
3 1 225 5
3 17 1 62
3 21 225 1
3 45 4 5
3 5 63 45
3 5 225 66
3 49 48 6
3 6 48 65
3 70 49 6
3 7 229 53
3 53 230 7
3 69 224 7
3 7 230 72
3 12 13 56
3 55 12 56
3 55 231 12
3 13 14 57
3 56 13 57
3 14 15 58
3 57 14 58
3 16 223 15
3 58 15 59
3 15 223 59
3 17 233 16
3 60 223 16
3 16 233 60
3 62 61 17
3 61 233 17
3 18 228 19
3 18 224 69
3 69 228 18
3 19 226 20
3 68 226 19
3 19 228 68
3 20 227 21
3 20 226 67
3 67 227 20
3 66 225 21
3 21 227 66
3 45 63 46
3 47 46 64
3 46 63 64
3 48 47 65
3 65 47 64
3 50 49 70
3 50 71 51
3 70 71 50
3 51 232 52
3 71 232 51
3 52 230 53
3 72 230 52
3 52 232 72
3 53 229 54
3 54 231 55
3 59 223 60
3 60 233 61
3 66 227 67
3 67 226 68
3 68 228 69
3 72 232 71
3 45 561 4
3 4 560 62
3 80 560 4
3 4 561 80
3 8 558 73
3 79 548 8
3 8 548 101
3 101 558 8
3 46 259 45
3 259 561 45
3 47 544 46
3 46 544 259
3 48 248 47
3 248 544 47
3 49 554 48
3 48 554 248
3 50 566 49
3 49 566 554
3 51 242 50
3 242 566 50
3 52 524 51
3 51 524 242
3 53 255 52
3 255 524 52
3 54 526 53
3 53 526 255
3 55 241 54
3 241 526 54
3 56 551 55
3 55 551 241
3 57 532 56
3 532 551 56
3 58 244 57
3 244 532 57
3 59 564 58
3 58 564 244
3 60 525 59
3 525 564 59
3 61 254 60
3 254 525 60
3 62 533 61
3 61 533 254
3 62 560 533
3 73 428 74
3 73 558 428
3 74 257 75
3 74 428 257
3 75 522 76
3 257 522 75
3 76 245 77
3 76 522 245
3 77 527 78
3 245 527 77
3 78 421 79
3 78 527 421
3 421 548 79
3 81 260 80
3 80 531 81
3 260 560 80
3 80 561 531
3 81 256 82
3 82 462 81
3 81 531 256
3 81 462 260
3 83 253 82
3 82 460 83
3 253 462 82
3 256 460 82
3 83 243 84
3 84 458 83
3 83 460 243
3 83 458 253
3 85 240 84
3 84 517 85
3 240 458 84
3 243 517 84
3 86 264 85
3 85 453 86
3 85 264 240
3 85 517 453
3 86 237 87
3 87 263 86
3 86 453 237
3 263 264 86
3 88 235 87
3 87 550 88
3 235 263 87
3 237 550 87
3 88 449 89
3 89 503 88
3 88 503 235
3 88 550 449
3 89 250 90
3 90 447 89
3 89 449 250
3 447 503 89
3 91 252 90
3 90 262 91
3 250 262 90
3 252 447 90
3 91 236 92
3 92 443 91
3 91 262 236
3 91 443 252
3 93 251 92
3 92 507 93
3 236 507 92
3 251 443 92
3 93 446 94
3 94 448 93
3 93 448 251
3 93 507 446
3 94 239 95
3 95 249 94
3 94 446 239
3 249 448 94
3 96 261 95
3 95 429 96
3 239 429 95
3 95 261 249
3 97 234 96
3 96 534 97
3 234 261 96
3 429 534 96
3 97 238 98
3 98 432 97
3 97 432 234
3 97 534 238
3 99 246 98
3 98 425 99
3 238 425 98
3 246 432 98
3 99 247 100
3 100 419 99
3 99 419 246
3 99 425 247
3 101 258 100
3 100 426 101
3 247 426 100
3 258 419 100
3 101 548 258
3 426 558 101
3 234 493 261
3 432 499 234
3 234 499 493
3 235 424 263
3 235 438 424
3 235 503 438
3 262 271 236
3 271 284 236
3 284 507 236
3 237 535 409
3 409 550 237
3 453 454 237
3 454 535 237
3 238 434 425
3 238 559 434
3 534 559 238
3 239 549 429
3 446 521 239
3 521 549 239
3 264 266 240
3 266 466 240
3 240 466 458
3 407 526 241
3 241 529 407
3 241 551 529
3 410 411 242
3 242 412 410
3 411 566 242
3 242 524 412
3 460 461 243
3 461 473 243
3 473 517 243
3 472 539 244
3 244 564 472
3 244 567 532
3 539 567 244
3 522 562 245
3 245 543 527
3 245 562 543
3 419 498 246
3 246 497 432
3 246 498 497
3 425 546 247
3 247 427 426
3 247 546 427
3 516 544 248
3 248 555 516
3 248 554 520
3 520 555 248
3 261 305 249
3 305 362 249
3 362 448 249
3 250 417 262
3 250 557 417
3 449 557 250
3 251 451 443
3 448 452 251
3 251 452 451
3 443 444 252
3 444 512 252
3 252 512 447
3 458 465 253
3 253 488 462
3 465 488 253
3 254 533 463
3 463 547 254
3 254 547 525
3 255 536 524
3 526 552 255
3 255 552 536
3 256 514 460
3 256 515 514
3 256 531 515
3 428 541 257
3 257 523 522
3 257 541 523
3 258 420 419
3 258 421 420
3 258 548 421
3 259 516 515
3 515 531 259
3 259 544 516
3 531 561 259
3 462 463 260
3 463 533 260
3 533 560 260
3 261 493 305
3 262 417 271
3 263 265 264
3 263 424 265
3 265 266 264
3 265 267 266
3 265 504 267
3 424 504 265
3 267 268 266
3 268 466 266
3 267 269 268
3 267 270 269
3 267 504 270
3 269 442 268
3 268 442 441
3 441 466 268
3 270 272 269
3 272 274 269
3 274 442 269
3 270 273 272
3 270 326 273
3 270 504 326
3 271 302 284
3 271 306 302
3 271 417 306
3 273 467 272
3 272 275 274
3 272 467 275
3 326 385 273
3 385 468 273
3 273 468 467
3 275 276 274
3 276 281 274
3 281 442 274
3 275 277 276
3 275 278 277
3 275 467 278
3 277 464 276
3 276 285 281
3 276 464 285
3 278 279 277
3 279 282 277
3 282 464 277
3 278 280 279
3 278 380 280
3 278 467 380
3 280 474 279
3 279 283 282
3 279 474 283
3 380 381 280
3 381 475 280
3 280 475 474
3 285 286 281
3 286 364 281
3 364 442 281
3 283 287 282
3 287 477 282
3 282 477 464
3 283 288 287
3 283 289 288
3 283 474 289
3 302 304 284
3 304 389 284
3 389 507 284
3 285 382 286
3 285 395 382
3 285 464 395
3 286 365 364
3 286 471 365
3 382 471 286
3 288 355 287
3 355 371 287
3 371 477 287
3 289 290 288
3 290 457 288
3 288 457 355
3 289 291 290
3 289 375 291
3 289 474 375
3 291 292 290
3 292 321 290
3 321 457 290
3 291 293 292
3 291 445 293
3 375 445 291
3 293 294 292
3 294 483 292
3 292 483 321
3 293 295 294
3 293 296 295
3 293 445 296
3 295 299 294
3 299 300 294
3 300 483 294
3 296 297 295
3 297 478 295
3 295 478 299
3 296 298 297
3 296 301 298
3 296 445 301
3 298 501 297
3 297 530 478
3 501 530 297
3 301 303 298
3 303 308 298
3 308 501 298
3 299 320 300
3 299 329 320
3 299 478 329
3 320 330 300
3 330 376 300
3 376 483 300
3 301 487 303
3 445 510 301
3 301 510 487
3 302 545 304
3 306 307 302
3 307 545 302
3 303 309 308
3 303 310 309
3 303 487 310
3 304 390 389
3 304 391 390
3 304 545 391
3 305 373 362
3 305 418 373
3 305 493 418
3 306 393 307
3 306 414 393
3 306 417 414
3 393 553 307
3 307 450 416
3 416 545 307
3 307 553 450
3 309 327 308
3 327 328 308
3 328 501 308
3 310 311 309
3 311 485 309
3 309 485 327
3 310 312 311
3 310 386 312
3 310 487 386
3 312 313 311
3 313 384 311
3 384 485 311
3 312 314 313
3 312 479 314
3 386 479 312
3 314 315 313
3 315 480 313
3 313 480 384
3 314 316 315
3 314 318 316
3 314 479 318
3 316 317 315
3 317 331 315
3 331 480 315
3 316 511 317
3 318 319 316
3 319 511 316
3 317 332 331
3 317 500 332
3 317 511 500
3 318 322 319
3 318 325 322
3 318 479 325
3 322 323 319
3 323 324 319
3 324 511 319
3 329 481 320
3 320 352 330
3 320 481 352
3 321 528 457
3 321 483 482
3 482 528 321
3 322 431 323
3 325 469 322
3 322 469 431
3 323 353 324
3 323 363 353
3 323 431 363
3 353 354 324
3 354 439 324
3 439 511 324
3 435 469 325
3 325 491 435
3 479 491 325
3 326 430 385
3 326 492 430
3 326 504 492
3 327 351 328
3 327 540 351
3 485 540 327
3 351 378 328
3 378 379 328
3 379 501 328
3 478 563 329
3 329 537 481
3 329 563 537
3 352 494 330
3 330 377 376
3 330 494 377
3 332 333 331
3 333 392 331
3 392 480 331
3 332 334 333
3 332 335 334
3 332 500 335
3 334 459 333
3 333 415 392
3 333 459 415
3 335 336 334
3 336 337 334
3 337 459 334
3 335 338 336
3 335 387 338
3 335 500 387
3 336 339 337
3 338 440 336
3 336 440 339
3 339 340 337
3 340 344 337
3 344 459 337
3 387 388 338
3 388 519 338
3 338 519 440
3 339 341 340
3 339 361 341
3 339 440 361
3 341 342 340
3 342 505 340
3 340 505 344
3 341 343 342
3 341 433 343
3 361 433 341
3 343 345 342
3 345 350 342
3 350 505 342
3 343 346 345
3 343 347 346
3 343 433 347
3 413 538 344
3 344 556 413
3 344 538 459
3 505 556 344
3 346 470 345
3 345 366 350
3 345 470 366
3 347 348 346
3 348 349 346
3 349 470 346
3 347 359 348
3 347 360 359
3 347 433 360
3 348 356 349
3 348 486 356
3 359 486 348
3 356 357 349
3 357 358 349
3 358 470 349
3 366 367 350
3 367 369 350
3 369 505 350
3 351 404 378
3 351 414 404
3 351 540 414
3 481 542 352
3 352 495 494
3 352 542 495
3 353 513 354
3 363 370 353
3 370 513 353
3 436 439 354
3 354 490 436
3 354 513 490
3 355 407 371
3 355 408 407
3 355 457 408
3 356 405 357
3 356 406 405
3 356 486 406
3 357 368 358
3 357 523 368
3 405 523 357
3 368 402 358
3 402 484 358
3 358 484 470
3 360 372 359
3 372 400 359
3 400 486 359
3 360 383 372
3 360 496 383
3 433 496 360
3 361 496 433
3 440 518 361
3 361 518 496
3 373 506 362
3 362 452 448
3 362 506 452
3 363 374 370
3 363 430 374
3 363 431 430
3 365 394 364
3 394 441 364
3 441 442 364
3 365 398 394
3 365 399 398
3 365 471 399
3 366 489 367
3 470 484 366
3 484 489 366
3 367 401 369
3 367 403 401
3 367 489 403
3 368 427 402
3 368 541 427
3 523 541 368
3 401 502 369
3 502 556 369
3 369 556 505
3 374 397 370
3 397 512 370
3 512 513 370
3 407 529 371
3 371 508 477
3 371 529 508
3 383 499 372
3 372 497 400
3 372 499 497
3 418 518 373
3 373 519 506
3 518 519 373
3 374 438 397
3 430 492 374
3 374 492 438
3 375 510 445
3 474 475 375
3 475 510 375
3 377 410 376
3 410 482 376
3 482 483 376
3 377 411 410
3 377 520 411
3 494 520 377
3 378 535 379
3 404 409 378
3 409 535 378
3 379 530 501
3 379 565 530
3 535 565 379
3 380 435 381
3 380 468 435
3 467 468 380
3 435 491 381
3 381 476 475
3 381 491 476
3 395 396 382
3 396 539 382
3 382 539 471
3 418 493 383
3 383 496 418
3 493 499 383
3 384 480 450
3 450 553 384
3 384 553 485
3 430 431 385
3 431 469 385
3 385 469 468
3 386 487 476
3 476 491 386
3 386 491 479
3 387 436 388
3 387 439 436
3 387 500 439
3 436 437 388
3 437 506 388
3 506 519 388
3 390 521 389
3 446 507 389
3 389 521 446
3 391 413 390
3 413 502 390
3 502 521 390
3 391 538 413
3 391 416 415
3 415 538 391
3 391 545 416
3 415 416 392
3 416 450 392
3 450 480 392
3 414 540 393
3 393 540 485
3 485 553 393
3 398 488 394
3 394 465 441
3 394 488 465
3 395 508 396
3 464 477 395
3 477 508 395
3 508 509 396
3 509 567 396
3 396 567 539
3 438 503 397
3 397 503 447
3 447 512 397
3 399 547 398
3 463 488 398
3 398 547 463
3 471 472 399
3 472 525 399
3 525 547 399
3 423 486 400
3 400 498 423
3 497 498 400
3 403 429 401
3 429 549 401
3 401 549 502
3 427 546 402
3 434 484 402
3 402 546 434
3 403 534 429
3 489 559 403
3 403 559 534
3 404 449 409
3 414 557 404
3 404 557 449
3 406 543 405
3 405 562 523
3 543 562 405
3 406 423 422
3 422 543 406
3 406 486 423
3 408 552 407
3 407 552 526
3 457 528 408
3 528 536 408
3 536 552 408
3 449 550 409
3 412 482 410
3 520 554 411
3 554 566 411
3 412 528 482
3 524 536 412
3 412 536 528
3 413 556 502
3 417 557 414
3 459 538 415
3 496 518 418
3 420 498 419
3 421 422 420
3 422 423 420
3 423 498 420
3 421 527 422
3 527 543 422
3 438 492 424
3 492 504 424
3 434 546 425
3 427 428 426
3 428 558 426
3 427 541 428
3 497 499 432
3 434 489 484
3 434 559 489
3 468 469 435
3 436 490 437
3 451 452 437
3 437 490 451
3 452 506 437
3 500 511 439
3 440 519 518
3 465 466 441
3 443 451 444
3 451 490 444
3 490 513 444
3 444 513 512
3 453 455 454
3 453 517 455
3 455 456 454
3 456 565 454
3 454 565 535
3 455 537 456
3 455 517 473
3 473 537 455
3 456 563 530
3 530 565 456
3 537 563 456
3 458 466 465
3 460 514 461
3 461 481 473
3 461 542 481
3 514 542 461
3 462 488 463
3 471 539 472
3 472 564 525
3 481 537 473
3 476 510 475
3 487 510 476
3 530 563 478
3 495 555 494
3 494 555 520
3 514 515 495
3 495 542 514
3 515 516 495
3 516 555 495
3 502 549 521
3 508 529 509
3 529 551 509
3 509 551 532
3 532 567 509
3 523 562 522
3 63 5 593
3 5 110 593
3 6 65 591
3 112 6 591
3 102 9 590
3 9 111 590
3 111 10 586
3 10 120 586
3 64 63 570
3 570 63 593
3 65 64 580
3 64 570 580
3 65 580 591
3 103 102 588
3 588 102 590
3 104 103 572
3 572 103 588
3 105 104 582
3 104 572 582
3 106 105 571
3 571 105 582
3 107 106 579
3 106 571 579
3 108 107 569
3 569 107 579
3 109 108 583
3 108 569 583
3 110 109 584
3 109 583 584
3 110 584 593
3 111 586 590
3 113 112 568
3 568 112 591
3 114 113 576
3 113 568 576
3 115 114 578
3 114 576 578
3 116 115 573
3 573 115 578
3 117 116 581
3 116 573 581
3 118 117 574
3 574 117 581
3 119 118 585
3 118 574 585
3 120 119 575
3 575 119 585
3 120 575 586
3 576 568 577
3 577 568 589
3 568 580 589
3 580 568 591
3 569 579 592
3 583 569 587
3 587 569 592
3 580 570 589
3 570 584 589
3 584 570 593
3 571 573 579
3 573 571 581
3 571 574 581
3 574 571 582
3 572 574 582
3 574 572 585
3 572 575 585
3 575 572 588
3 573 578 592
3 579 573 592
3 586 575 590
3 575 588 590
3 576 577 587
3 578 576 587
3 583 577 584
3 577 583 587
3 584 577 589
3 578 587 592
3 5 66 627
3 110 5 627
3 7 121 69
3 9 102 622
3 130 9 622
3 129 11 623
3 11 131 623
3 66 67 620
3 66 620 627
3 67 68 594
3 67 594 620
3 68 69 602
3 594 68 602
3 69 121 602
3 102 103 600
3 102 600 622
3 103 104 616
3 600 103 616
3 104 105 612
3 104 612 616
3 105 106 596
3 105 596 612
3 106 107 609
3 596 106 609
3 107 108 595
3 107 595 609
3 108 109 605
3 595 108 605
3 109 110 601
3 109 601 605
3 601 110 627
3 121 122 626
3 602 121 626
3 122 123 599
3 122 599 626
3 123 124 621
3 599 123 621
3 124 125 598
3 124 598 621
3 125 126 628
3 598 125 628
3 126 127 614
3 126 614 628
3 127 128 597
3 127 597 614
3 128 129 615
3 597 128 615
3 615 129 623
3 131 130 604
3 604 130 622
3 131 604 623
3 594 602 603
3 594 603 619
3 594 619 620
3 595 605 606
3 595 606 607
3 595 607 609
3 596 609 610
3 596 610 611
3 596 611 612
3 597 613 614
3 613 597 618
3 597 615 618
3 598 608 621
3 608 598 625
3 598 617 625
3 617 598 628
3 603 599 624
3 599 603 626
3 608 599 621
3 599 608 624
3 604 600 618
3 600 604 622
3 600 616 618
3 605 601 619
3 619 601 620
3 620 601 627
3 603 602 626
3 619 603 624
3 615 604 618
3 604 615 623
3 606 605 619
3 607 606 608
3 608 606 624
3 606 619 624
3 607 608 625
3 609 607 610
3 610 607 625
3 611 610 617
3 617 610 625
3 612 611 613
3 613 611 614
3 614 611 617
3 612 613 616
3 616 613 618
3 614 617 628
3 70 6 653
3 6 112 653
3 7 72 654
3 121 7 654
3 120 10 647
3 10 132 647
3 11 129 651
3 132 11 651
3 71 70 641
3 641 70 653
3 72 71 631
3 631 71 641
3 72 631 654
3 112 113 629
3 112 629 653
3 113 114 637
3 629 113 637
3 114 115 639
3 637 114 639
3 115 116 634
3 115 634 639
3 116 117 642
3 634 116 642
3 117 118 635
3 117 635 642
3 118 119 646
3 635 118 646
3 119 120 636
3 119 636 646
3 636 120 647
3 122 121 645
3 645 121 654
3 123 122 644
3 644 122 645
3 124 123 630
3 630 123 644
3 125 124 640
3 124 630 640
3 126 125 632
3 632 125 640
3 127 126 643
3 126 632 643
3 128 127 633
3 633 127 643
3 129 128 649
3 128 633 649
3 129 649 651
3 647 132 651
3 629 637 638
3 629 638 650
3 641 629 650
3 629 641 653
3 640 630 652
3 630 644 648
3 630 648 652
3 631 641 650
3 645 631 650
3 631 645 654
3 634 632 640
3 632 634 642
3 635 632 642
3 632 635 643
3 635 633 643
3 633 635 646
3 636 633 646
3 633 636 649
3 639 634 652
3 634 640 652
3 636 647 651
3 649 636 651
3 638 637 648
3 637 639 648
3 638 644 645
3 644 638 648
3 638 645 650
3 648 639 652
3 73 657 8
3 8 657 79
3 74 655 73
3 655 657 73
3 75 658 74
3 74 658 655
3 76 658 75
3 77 658 76
3 78 656 77
3 656 658 77
3 79 657 78
3 78 657 656
3 656 657 655
3 655 658 656
3 130 111 9
3 10 111 659
3 132 10 659
3 132 131 11
3 111 130 659
3 130 131 659
3 131 132 659
4 366 484 470 663
4 663 484 684 688
4 261 681 662 685
4 470 663 484 684
4 484 663 489 688
4 518 662 373 675
4 366 489 484 663
4 373 675 662 676
4 664 684 484 688
4 519 675 676 686
4 519 676 506 686
4 305 261 249 676
4 354 683 672 695
4 339 662 361 675
4 423 664 486 673
4 339 361 662 682
4 418 373 518 662
4 423 486 406 673
4 305 662 261 676
4 354 439 672 683
4 418 305 373 662
4 486 664 406 673
4 406 664 356 673
4 484 489 434 688
4 661 677 674 690
4 662 675 339 694
4 470 345 366 663
4 373 662 305 676
4 261 96 681 685
4 662 339 682 694
4 519 675 373 676
4 354 671 683 695
4 674 677 661 689
4 486 356 406 664
4 350 366 345 663
4 470 484 664 684
4 339 341 361 682
4 361 662 518 675
4 674 677 390 690
4 470 345 663 684
4 305 662 418 685
4 390 677 674 689
4 518 373 519 675
4 361 518 662 685
4 345 350 663 682
4 239 662 549 677
4 261 662 305 685
4 366 663 350 681
4 418 662 518 685
4 339 341 682 694
4 661 676 675 686
4 519 675 686 692
4 668 671 370 695
4 666 672 439 683
4 436 439 666 672
4 239 676 662 677
4 405 406 356 673
4 512 668 370 695
4 484 434 664 688
4 319 671 669 683
4 674 690 334 692
4 251 667 443 672
4 356 664 357 673
4 350 681 663 682
4 666 674 334 692
4 334 666 333 674
4 406 405 665 673
4 401 369 677 681
4 251 92 443 667
4 319 511 671 683
4 370 668 33 671
4 677 681 369 694
4 436 354 439 672
4 405 356 357 673
4 519 373 506 676
4 499 663 372 688
4 662 682 361 685
4 360 372 383 663
4 489 663 559 688
4 663 684 372 688
4 319 31 669 671
4 667 672 251 691
4 372 499 383 663
4 343 663 345 684
4 262 250 668 670
4 333 674 666 678
4 358 470 484 664
4 401 369 502 677
4 543 406 405 665
4 366 489 663 681
4 459 334 674 690
4 405 523 665 673
4 366 367 489 681
4 443 672 667 679
4 370 512 33 668
4 9 668 250 670
4 401 677 549 681
4 333 666 332 678
4 662 681 677 694
4 343 345 346 684
4 360 663 347 684
4 372 663 360 684
4 343 663 347 682
4 343 347 663 684
4 549 677 662 681
4 459 334 333 674
4 239 95 662 676
4 541 665 523 673
4 262 670 668 679
4 360 682 663 685
4 422 406 665 673
4 443 672 679 695
4 498 664 423 673
4 429 549 239 662
4 391 674 390 690
4 31 2 319 669
4 358 349 470 664
4 90 262 250 668
4 92 443 667 679
4 559 489 403 681
4 354 671 439 683
4 304 390 674 689
4 663 681 96 685
4 405 357 523 673
4 559 663 489 681
4 345 663 343 682
4 433 682 360 685
4 333 332 331 678
4 470 664 349 684
4 505 681 350 682
4 400 664 497 684
4 505 681 682 694
4 543 422 406 665
4 439 387 436 666
4 443 679 252 695
4 434 489 559 688
4 354 324 439 671
4 94 446 676 677
4 497 684 664 688
4 549 662 429 681
4 360 663 383 685
4 372 684 497 688
4 234 499 663 685
4 470 346 345 684
4 439 671 324 683
4 383 663 499 685
4 505 369 681 694
4 676 677 446 689
4 357 664 368 673
4 333 392 674 678
4 234 663 96 685
4 2 316 319 669
4 505 369 350 681
4 94 239 446 677
4 400 497 372 684
4 234 663 499 688
4 423 498 400 664
4 94 676 239 677
4 343 347 433 682
4 661 686 675 692
4 423 400 486 664
4 361 496 518 685
4 92 667 251 691
4 361 518 440 675
4 246 664 498 673
4 332 678 666 683
4 368 541 523 673
4 304 674 667 689
4 506 686 676 691
4 97 663 234 688
4 436 672 666 686
4 666 674 660 678
4 666 667 660 674
4 523 357 368 673
4 319 511 324 671
4 284 667 304 680
4 31 43 669 671
4 367 366 350 681
4 672 683 660 695
4 111 9 250 670
4 667 674 304 680
4 90 250 9 668
4 559 534 663 681
4 358 368 357 664
4 559 663 534 688
4 250 557 111 670
4 387 436 666 686
4 99 664 246 673
4 246 99 98 664
4 499 372 497 688
4 94 676 446 689
4 401 502 549 677
4 32 370 33 671
4 97 534 663 688
4 422 423 406 673
4 97 96 234 663
4 92 91 443 679
4 429 239 95 662
4 660 678 674 680
4 262 417 250 670
4 33 668 44 671
4 251 443 451 672
4 670 679 271 680
4 130 668 9 670
4 236 667 284 679
4 331 678 332 683
4 559 403 534 681
4 440 518 519 675
4 271 236 284 679
4 666 667 661 686
4 222 33 44 671
4 671 660 683 695
4 429 662 95 681
4 91 252 443 679
4 96 663 534 681
4 546 664 425 673
4 262 668 90 679
4 498 246 497 664
4 419 246 498 673
4 333 334 332 666
4 498 497 400 664
4 660 674 667 680
4 513 370 671 695
4 356 348 349 664
4 99 425 664 673
4 356 486 348 664
4 357 356 349 664
4 451 251 672 691
4 304 667 284 689
4 534 96 97 663
4 245 656 527 665
4 98 99 425 664
4 486 664 400 684
4 519 686 388 692
4 496 361 682 685
4 357 349 358 664
4 666 672 667 686
4 261 234 96 685
4 519 388 338 692
4 502 677 369 694
4 9 3 90 668
4 252 679 668 695
4 439 500 387 666
4 304 390 391 674
4 246 497 664 688
4 92 689 667 691
4 323 31 319 671
4 506 676 362 691
4 31 43 2 669
4 670 680 307 687
4 390 677 413 690
4 359 486 400 684
4 450 680 678 687
4 500 666 439 683
4 480 669 313 687
4 353 370 32 671
4 302 271 284 680
4 94 676 689 691
4 246 664 98 688
4 434 425 664 688
4 391 390 413 690
4 422 665 420 673
4 32 33 222 671
4 436 490 354 672
4 502 369 556 694
4 420 665 258 673
4 33 512 447 668
4 250 417 557 670
4 511 324 671 683
4 323 319 324 671
4 678 680 660 687
4 660 667 666 672
4 402 368 664 673
4 302 284 304 680
4 373 362 506 676
4 313 669 11 687
4 234 493 499 685
4 306 670 271 680
4 661 667 666 674
4 348 664 486 684
4 434 425 546 664
4 402 664 546 673
4 419 99 246 673
4 349 664 348 684
4 519 338 675 692
4 670 660 680 687
4 513 512 370 695
4 92 93 689 691
4 422 420 423 673
4 3 9 90 89
4 527 656 421 665
4 490 354 672 695
4 662 682 681 694
4 353 513 370 671
4 94 689 93 691
4 415 333 392 674
4 417 271 670 679
4 451 672 686 691
4 658 656 245 665
4 450 307 680 687
4 502 556 677 694
4 433 360 496 685
4 258 665 100 673
4 239 94 95 676
4 315 669 678 683
4 545 304 674 680
4 343 346 347 684
4 505 350 342 682
4 546 425 247 673
4 358 402 368 664
4 562 543 405 665
4 661 686 667 691
4 661 690 674 692
4 392 416 674 678
4 417 262 271 679
4 99 247 425 673
4 339 340 341 694
4 425 98 664 688
4 667 686 672 691
4 32 31 323 671
4 506 362 452 691
4 367 403 489 681
4 334 335 332 666
4 90 668 252 679
4 676 686 661 691
4 421 656 657 665
4 261 493 234 685
4 111 130 9 670
4 91 90 252 679
4 335 666 334 692
4 417 670 262 679
4 427 665 541 673
4 480 678 669 687
4 359 400 372 684
4 443 444 672 695
4 339 361 440 675
4 519 506 388 686
4 132 313 11 687
4 100 665 426 673
4 315 313 480 669
4 432 234 499 688
4 92 667 236 679
4 100 258 101 665
4 668 44 671 693
4 393 670 307 687
4 433 496 361 682
4 90 3 447 668
4 323 353 32 671
4 443 252 444 695
4 451 686 452 691
4 498 423 420 673
4 512 33 447 397
4 459 333 415 674
4 440 519 338 675
4 33 447 3 668
4 434 559 238 688
4 391 413 538 690
4 317 331 332 683
4 92 507 667 689
4 304 284 389 689
4 402 358 484 664
4 11 313 314 669
4 9 130 44 668
4 559 534 238 688
4 304 389 390 689
4 402 484 434 664
4 368 427 541 673
4 505 682 342 694
4 674 678 416 680
4 100 101 426 665
4 521 446 239 677
4 660 669 678 687
4 44 3 9 668
4 660 669 687 693
4 307 670 306 680
4 373 305 362 676
4 562 405 523 665
4 558 657 655 665
4 660 672 666 683
4 346 470 349 684
4 420 421 258 665
4 318 319 2 316
4 387 686 666 692
4 315 314 313 669
4 391 538 674 690
4 511 439 324 683
4 392 333 331 678
4 415 674 538 690
4 450 553 307 687
4 660 679 672 695
4 661 674 666 692
4 314 316 2 669
4 257 655 658 665
4 315 669 480 678
4 658 245 522 665
4 433 496 682 685
4 92 93 507 689
4 660 687 670 693
4 451 437 452 686
4 675 676 661 677
4 332 666 500 683
4 662 676 675 677
4 9 250 90 89
4 496 418 518 685
4 340 682 341 694
4 92 236 91 679
4 130 668 670 693
4 493 261 305 685
4 434 546 402 664
4 96 429 95 681
4 558 101 657 665
4 446 677 521 689
4 353 354 513 671
4 513 671 354 695
4 655 257 428 665
4 97 238 534 688
4 222 671 44 693
4 94 446 93 689
4 506 452 686 691
4 660 667 672 679
4 345 342 350 682
4 448 676 94 691
4 131 11 669 687
4 543 245 527 665
4 451 672 437 686
4 324 353 323 671
4 499 497 432 688
4 92 251 93 691
4 480 450 678 687
4 89 90 3 447
4 257 658 522 665
4 359 348 486 684
4 434 238 425 688
4 451 443 444 672
4 388 686 387 692
4 522 245 562 665
4 10 670 393 687
4 32 222 31 671
4 390 521 677 689
4 284 667 507 689
4 335 387 500 666
4 31 222 43 671
4 420 422 421 665
4 314 2 11 669
4 390 389 521 689
4 437 672 436 686
4 655 428 558 665
4 421 657 548 665
4 656 655 657 665
4 459 415 538 690
4 43 669 671 693
4 656 658 655 665
4 448 94 93 691
4 459 674 415 690
4 426 665 427 673
4 666 678 660 683
4 384 480 313 687
4 545 302 304 680
4 236 92 507 667
4 307 393 306 670
4 657 101 548 665
4 332 335 500 666
4 417 271 306 670
4 498 420 419 673
4 236 507 284 667
4 388 387 338 692
4 387 666 335 692
4 314 315 316 669
4 667 674 661 689
4 337 690 675 692
4 383 499 493 685
4 246 432 497 688
4 420 258 419 673
4 490 436 437 672
4 660 679 670 680
4 661 677 676 689
4 372 360 359 684
4 415 392 416 674
4 337 334 690 692
4 413 690 677 694
4 10 414 393 670
4 387 388 436 686
4 111 414 10 670
4 258 100 419 673
4 342 682 340 694
4 543 562 245 665
4 258 548 101 665
4 131 132 11 687
4 393 307 553 687
4 131 11 2 669
4 432 97 234 688
4 384 313 132 687
4 668 670 660 679
4 319 2 31 318
4 252 668 512 695
4 527 422 543 665
4 669 671 660 683
4 433 361 341 682
4 302 306 271 680
4 324 354 353 671
4 440 338 336 675
4 44 33 3 668
4 416 678 450 680
4 660 668 679 695
4 2 43 131 669
4 249 95 94 676
4 522 523 257 665
4 675 677 661 690
4 247 100 426 673
4 336 675 338 692
4 252 447 512 668
4 496 360 383 685
4 662 677 675 694
4 350 369 367 681
4 305 249 362 676
4 317 332 500 683
4 667 679 660 680
4 668 660 670 693
4 661 667 689 691
4 336 337 675 692
4 10 659 670 687
4 660 668 671 693
4 527 421 422 665
4 111 10 659 670
4 521 239 549 677
4 660 671 668 695
4 522 562 523 665
4 44 668 130 693
4 660 671 669 693
4 451 452 251 691
4 362 676 448 691
4 413 677 556 694
4 317 511 316 683
4 681 682 662 685
4 258 421 548 665
4 284 507 389 689
4 663 682 681 685
4 345 343 342 682
4 558 426 101 665
4 342 341 340 682
4 91 262 90 679
4 661 689 676 691
4 677 690 675 694
4 523 541 257 665
4 447 252 90 668
4 490 451 444 672
4 490 437 451 672
4 549 429 401 681
4 429 96 534 681
4 336 334 337 692
4 416 392 450 678
4 346 349 348 684
4 512 370 33 397
4 541 427 428 665
4 124 288 27 125
4 545 304 391 674
4 490 672 444 695
4 362 448 452 691
4 389 446 521 689
4 493 305 418 685
4 415 391 538 674
4 427 426 428 665
4 288 26 27 125
4 339 675 337 694
4 315 480 331 678
4 490 513 354 695
4 480 384 450 687
4 525 181 16 223
4 505 342 340 694
4 222 43 671 693
4 109 36 81 108
4 546 247 427 673
4 283 26 288 125
4 505 556 369 694
4 661 666 686 692
4 283 26 27 288
4 447 33 3 397
4 506 452 437 686
4 413 502 556 677
4 360 347 359 684
4 247 426 427 673
4 545 674 416 680
4 525 16 60 223
4 23 22 129 386
4 541 428 257 665
4 67 594 226 187
4 226 594 19 187
4 108 107 36 82
4 363 32 353 370
4 246 98 432 688
4 107 37 36 82
4 425 238 98 688
4 670 687 659 693
4 660 678 669 683
4 30 0 7 224
4 108 36 81 82
4 81 35 36 109
4 131 687 669 693
4 558 428 426 665
4 414 10 393 540
4 419 100 99 673
4 413 344 690 694
4 252 512 444 695
4 23 129 128 386
4 109 81 35 110
4 22 23 491 386
4 107 106 38 83
4 656 78 527 421
4 226 20 67 187
4 594 19 68 226
4 255 7 53 230
4 600 42 103 102
4 38 37 107 83
4 129 23 615 22
4 659 130 111 670
4 10 393 485 687
4 30 7 0 229
4 414 306 393 670
4 94 448 249 676
4 298 646 301 296
4 36 109 605 108
4 193 23 22 615
4 42 600 103 208
4 107 37 82 83
4 124 28 355 123
4 355 27 28 124
4 288 289 283 125
4 600 616 103 208
4 23 193 209 615
4 105 39 38 84
4 78 656 657 421
4 106 105 38 84
4 23 129 615 128
4 41 42 103 208
4 337 334 459 690
4 100 247 99 673
4 616 41 103 208
4 615 209 23 128
4 417 306 414 670
4 416 450 307 680
4 675 690 337 694
4 29 30 552 122
4 388 437 436 686
4 369 401 367 681
4 271 262 236 679
4 27 355 288 124
4 131 659 687 693
4 521 549 502 677
4 338 387 335 692
4 500 439 511 683
4 109 36 605 35
4 675 690 661 692
4 485 132 10 687
4 382 539 396 153
4 105 40 104 612
4 123 28 355 122
4 340 339 337 694
4 84 38 106 83
4 131 669 43 693
4 362 249 448 676
4 413 556 344 694
4 29 28 198 122
4 104 40 103 616
4 28 29 355 122
4 77 527 245 656
4 22 623 11 215
4 403 429 534 681
4 353 323 32 363
4 2 318 316 314
4 416 545 391 674
4 393 553 485 687
4 131 215 11 623
4 339 440 336 675
4 154 168 396 153
4 595 605 108 214
4 508 477 174 138
4 343 433 341 682
4 154 396 539 153
4 147 141 35 462
4 40 41 103 616
4 127 23 209 128
4 130 670 659 693
4 365 152 148 398
4 198 28 188 621
4 623 22 11 129
4 102 42 9 622
4 108 81 109 256
4 480 450 392 678
4 152 155 148 398
4 158 174 477 138
4 42 3 622 216
4 163 274 275 160
4 174 285 382 183
4 307 306 302 680
4 105 85 39 84
4 2 22 11 215
4 415 416 391 674
4 370 363 32 374
4 600 197 211 208
4 193 604 618 615
4 43 44 197 131
4 44 604 131 130
4 622 3 44 216
4 635 293 643 445
4 126 24 205 127
4 299 116 642 294
4 108 81 256 82
4 102 42 103 87
4 117 116 295 478
4 508 477 395 174
4 152 365 399 398
4 215 11 2 131
4 479 11 22 129
4 330 320 115 578
4 655 257 74 428
4 16 60 233 254
4 399 155 152 398
4 209 24 23 127
4 158 27 287 282
4 506 437 388 686
4 282 137 26 279
4 609 607 595 191
4 200 188 202 598
4 293 635 296 445
4 4 5 1 80
4 622 44 9 130
4 190 41 616 208
4 209 615 597 128
4 158 137 27 282
4 39 40 85 105
4 313 132 11 311
4 413 390 502 677
4 125 27 124 598
4 42 3 9 622
4 187 620 594 196
4 213 594 603 187
4 104 85 40 105
4 215 2 43 131
4 38 106 107 191
4 158 464 137 282
4 37 38 107 191
4 280 162 278 279
4 11 22 2 479
4 32 33 370 374
4 639 115 114 300
4 642 299 294 295
4 51 631 524 232
4 91 236 262 679
4 116 299 295 478
4 42 41 103 87
4 88 42 9 102
4 342 343 341 682
4 10 132 659 687
4 467 163 177 272
4 107 108 460 82
4 485 384 132 687
4 42 622 600 216
4 253 36 37 82
4 22 215 193 623
4 291 289 125 375
4 44 9 3 622
4 125 26 27 598
4 325 22 140 491
4 38 240 135 466
4 205 25 24 126
4 35 601 109 110
4 330 352 114 576
4 139 162 278 280
4 553 450 384 687
4 69 220 121 224
4 34 21 627 225
4 39 264 166 266
4 375 126 643 510
4 205 614 126 127
4 115 114 330 578
4 107 106 609 191
4 37 458 156 465
4 243 106 107 83
4 150 286 153 152
4 160 163 274 161
4 264 39 240 266
4 355 29 28 371
4 469 322 144 179
4 53 52 255 230
4 101 657 8 558
4 135 156 38 466
4 385 273 468 186
4 240 39 135 266
4 156 458 38 466
4 36 107 108 214
4 300 114 639 376
4 240 38 458 466
4 37 253 82 83
4 37 156 134 465
4 82 460 107 83
4 173 269 270 164
4 110 5 34 225
4 149 150 148 365
4 134 253 37 465
4 110 109 81 531
4 135 39 166 266
4 107 36 37 214
4 600 211 616 208
4 193 618 209 615
4 477 464 158 282
4 390 521 502 677
4 458 37 38 83
4 123 124 28 621
4 615 22 623 129
4 124 27 28 621
4 164 173 269 171
4 337 690 344 694
4 622 42 600 102
4 187 594 603 196
4 458 37 253 465
4 469 322 431 144
4 524 654 52 232
4 202 27 26 598
4 140 435 325 491
4 29 30 407 552
4 524 52 51 232
4 494 330 114 576
4 31 32 323 431
4 108 514 569 460
4 110 80 5 561
4 485 553 384 687
4 544 259 589 570
4 134 147 36 488
4 480 392 331 678
4 462 141 35 260
4 282 26 283 279
4 277 137 282 279
4 272 175 177 273
4 72 52 654 232
4 158 287 28 371
4 270 269 173 267
4 171 173 269 267
4 243 84 106 83
4 490 444 513 695
4 599 123 28 621
4 396 395 382 174
4 348 347 346 684
4 460 108 514 256
4 286 153 152 471
4 134 36 253 488
4 147 141 462 463
4 38 84 458 83
4 325 2 22 479
4 28 198 599 621
4 34 80 5 110
4 275 278 163 162
4 290 291 125 640
4 337 339 336 675
4 81 80 110 531
4 605 35 36 192
4 206 205 597 613
4 110 627 5 225
4 614 597 205 613
4 22 615 623 193
4 0 54 231 241
4 530 117 478 563
4 9 3 42 88
4 600 622 604 216
4 193 215 197 623
4 276 275 274 160
4 22 23 140 491
4 125 474 25 126
4 40 41 616 190
4 209 597 127 128
4 274 272 269 164
4 144 32 431 430
4 418 496 383 685
4 600 42 216 208
4 352 330 494 576
4 277 278 275 162
4 525 60 16 254
4 635 301 646 296
4 245 658 77 656
4 363 431 32 430
4 105 612 596 207
4 186 385 273 145
4 207 596 105 221
4 643 293 632 445
4 44 130 131 693
4 131 43 44 693
4 642 116 295 117
4 84 39 38 240
4 81 80 34 110
4 285 382 395 174
4 313 384 132 311
4 81 34 35 110
4 153 174 382 183
4 365 148 149 394
4 365 149 150 364
4 577 576 555 568
4 274 272 163 275
4 30 29 194 122
4 27 355 287 288
4 152 286 365 150
4 500 511 317 683
4 642 295 293 296
4 364 167 151 442
4 642 116 299 295
4 114 113 377 494
4 84 106 105 517
4 604 197 44 131
4 121 30 7 224
4 25 26 474 125
4 658 75 257 522
4 658 257 74 655
4 335 334 336 692
4 638 536 644 528
4 376 300 114 330
4 23 127 476 128
4 113 520 494 568
4 548 79 657 421
4 131 197 215 623
4 622 44 604 216
4 211 604 193 197
4 604 211 193 618
4 79 78 657 421
4 604 197 211 600
4 618 604 211 600
4 352 320 330 578
4 115 114 300 330
4 355 28 27 287
4 569 583 514 108
4 136 263 41 424
4 179 2 22 325
4 293 294 634 292
4 269 442 161 171
4 612 616 613 190
4 206 205 209 597
4 479 11 129 312
4 407 355 29 122
4 401 403 367 681
4 160 464 277 137
4 108 583 514 256
4 638 629 650 410
4 268 442 269 171
4 503 447 3 397
4 513 444 512 695
4 2 325 318 479
4 80 4 5 561
4 435 140 23 491
4 325 179 2 318
4 330 114 377 494
4 576 352 114 578
4 477 287 158 371
4 525 60 59 223
4 201 595 607 191
4 200 188 598 608
4 107 461 579 243
4 84 85 39 240
4 495 587 577 583
4 235 41 263 424
4 355 408 123 122
4 127 643 126 510
4 233 61 533 254
4 476 487 128 510
4 348 359 347 684
4 286 152 365 471
4 53 54 229 526
4 180 374 492 438
4 137 277 162 279
4 84 105 85 517
4 186 273 468 146
4 108 107 595 214
4 196 187 620 195
4 594 602 213 603
4 0 30 220 224
4 485 393 10 540
4 128 487 633 510
4 30 7 229 121
4 507 93 446 689
4 162 26 137 279
4 461 579 569 107
4 364 365 149 394
4 105 38 39 221
4 432 98 97 688
4 631 654 524 232
4 107 569 461 460
4 243 107 461 460
4 634 642 294 293
4 380 24 280 381
4 533 182 61 233
4 478 117 116 581
4 193 604 615 623
4 197 600 216 208
4 106 38 105 221
4 137 159 464 158
4 659 132 131 687
4 121 552 30 122
4 570 259 589 584
4 146 186 273 145
4 267 171 166 266
4 188 28 27 621
4 620 619 594 196
4 603 212 213 187
4 207 105 39 221
4 448 93 251 691
4 281 286 285 183
4 177 175 272 164
4 494 520 555 568
4 157 181 16 525
4 221 106 38 191
4 144 322 31 179
4 28 158 371 138
4 179 322 31 318
4 621 124 27 598
4 179 31 2 318
4 136 40 263 265
4 283 287 27 282
4 290 291 289 125
4 616 211 190 208
4 615 618 209 597
4 287 477 158 282
4 163 467 278 275
4 37 107 214 191
4 110 593 531 561
4 233 157 16 254
4 231 30 0 241
4 322 179 325 318
4 308 501 119 646
4 410 629 650 242
4 230 255 7 121
4 533 182 233 254
4 117 297 118 530
4 522 658 76 245
4 431 322 31 144
4 418 383 493 685
4 371 158 477 138
4 612 613 611 207
4 127 23 476 24
4 139 25 162 280
4 650 638 410 412
4 462 81 36 82
4 207 40 612 190
4 205 597 614 127
4 118 501 297 646
4 116 115 299 320
4 532 13 56 143
4 628 26 125 598
4 34 5 1 225
4 124 457 290 630
4 230 52 255 654
4 503 180 438 397
4 648 638 644 528
4 377 637 114 376
4 280 25 162 279
4 174 159 285 183
4 161 274 281 442
4 643 445 375 510
4 233 60 61 254
4 73 558 655 428
4 269 161 274 164
4 268 171 267 266
4 40 264 263 265
4 631 51 71 232
4 272 177 467 273
4 114 113 494 576
4 536 644 645 638
4 235 503 42 180
4 160 159 464 137
4 41 235 165 424
4 637 114 113 377
4 35 81 36 462
4 104 103 40 86
4 267 166 173 265
4 629 113 411 377
4 329 478 116 581
4 552 407 29 122
4 43 197 215 131
4 622 604 44 130
4 80 5 1 34
4 630 290 640 321
4 528 638 536 412
4 307 545 416 680
4 173 504 267 265
4 74 75 257 658
4 16 157 525 254
4 364 151 281 442
4 472 172 154 471
4 515 495 577 583
4 483 648 652 321
4 110 593 584 531
4 576 555 495 577
4 474 475 126 375
4 648 638 528 482
4 558 657 73 655
4 646 308 501 298
4 231 0 30 185
4 98 238 97 688
4 589 259 516 584
4 180 503 33 397
4 528 630 648 321
4 646 501 297 298
4 242 650 410 412
4 504 173 136 265
4 211 600 616 618
4 618 193 209 211
4 467 163 272 275
4 41 165 136 424
4 136 166 40 265
4 453 105 582 455
4 260 462 141 463
4 605 595 192 214
4 599 198 188 621
4 121 7 69 224
4 576 113 494 568
4 322 319 31 318
4 475 24 126 127
4 610 204 203 210
4 34 627 110 225
4 139 380 24 280
4 430 326 145 492
4 531 515 109 256
4 335 336 338 692
4 320 299 116 329
4 264 40 166 265
4 77 76 658 245
4 583 109 515 256
4 538 413 344 690
4 12 56 13 143
4 611 613 206 207
4 587 495 514 583
4 585 118 501 530
4 303 649 636 310
4 645 650 524 412
4 88 42 102 87
4 381 23 24 476
4 293 634 632 292
4 642 634 632 293
4 125 124 290 640
4 14 13 57 169
4 24 380 176 381
4 431 32 323 363
4 171 268 135 266
4 41 40 103 86
4 297 117 478 530
4 455 453 105 517
4 567 184 168 154
4 629 113 377 410
4 199 198 188 599
4 605 595 606 192
4 172 152 154 471
4 182 17 61 233
4 321 290 640 292
4 14 57 244 169
4 59 181 525 223
4 214 595 201 191
4 598 188 621 608
4 610 609 210 218
4 203 202 617 625
4 119 308 120 328
4 120 327 308 647
4 636 649 651 310
4 180 235 503 438
4 611 206 204 207
4 619 603 594 196
4 603 212 187 196
4 355 407 408 122
4 31 32 431 144
4 571 537 473 579
4 140 176 468 435
4 153 539 154 471
4 468 467 380 146
4 385 468 469 186
4 643 445 126 375
4 248 568 580 589
4 491 479 22 386
4 72 52 230 654
4 654 255 645 524
4 633 127 128 510
4 273 272 175 270
4 644 408 536 122
4 298 308 303 636
4 298 646 308 636
4 479 314 11 312
4 503 3 33 397
4 135 166 171 266
4 1 4 80 560
4 166 136 173 265
4 364 441 167 442
4 640 632 634 292
4 150 151 286 364
4 453 85 104 105
4 303 646 298 636
4 429 403 401 681
4 255 230 654 121
4 307 302 545 680
4 157 172 525 547
4 552 255 536 645
4 218 201 607 191
4 608 598 200 625
4 635 293 632 643
4 448 251 452 691
4 640 124 290 630
4 599 188 199 608
4 201 606 595 192
4 65 47 248 580
4 286 382 285 183
4 582 104 453 454
4 457 630 528 321
4 476 128 127 510
4 142 32 363 374
4 314 11 2 479
4 462 36 147 488
4 159 276 285 151
4 507 446 389 689
4 121 220 30 224
4 645 644 536 122
4 105 596 106 221
4 228 19 68 213
4 620 20 67 227
4 445 643 301 510
4 503 33 3 180
4 475 24 25 126
4 414 111 10 351
4 186 469 385 144
4 299 115 634 300
4 355 29 371 407
4 85 40 39 264
4 312 129 479 386
4 636 309 303 310
4 176 380 24 139
4 611 596 207 210
4 573 537 571 579
4 115 634 116 299
4 237 453 104 454
4 153 382 539 471
4 218 607 609 191
4 598 202 200 625
4 149 167 151 364
4 300 299 115 320
4 6 653 112 554
4 430 142 363 374
4 142 363 32 430
4 54 55 231 241
4 188 599 621 608
4 595 201 192 214
4 394 148 134 488
4 380 468 176 435
4 169 244 14 133
4 153 286 382 471
4 272 175 270 164
4 36 462 253 488
4 276 464 277 160
4 648 644 630 528
4 488 148 147 398
4 287 28 27 158
4 648 483 482 321
4 396 567 168 154
4 495 515 514 583
4 113 629 637 410
4 233 182 157 254
4 630 457 290 321
4 508 174 168 138
4 532 57 13 169
4 323 322 31 431
4 273 175 146 145
4 126 445 632 375
4 133 154 244 472
4 281 151 161 442
4 475 381 24 476
4 146 467 380 139
4 152 153 154 471
4 321 640 652 292
4 457 630 644 528
4 650 631 645 524
4 515 109 584 531
4 619 601 605 219
4 194 198 212 626
4 635 642 293 296
4 281 286 151 364
4 635 646 301 633
4 609 610 607 218
4 203 200 202 625
4 582 456 454 455
4 120 327 10 351
4 604 193 197 623
4 604 197 600 216
4 584 109 515 583
4 371 29 28 138
4 652 630 640 321
4 330 114 352 578
4 54 0 30 241
4 40 85 104 86
4 396 567 184 168
4 449 88 9 102
4 143 532 13 169
4 163 278 467 139
4 155 157 141 547
4 474 283 26 279
4 654 230 7 121
4 255 536 645 524
4 567 396 539 154
4 240 39 38 135
4 536 408 644 528
4 464 276 159 160
4 137 464 277 282
4 276 285 464 159
4 87 42 41 235
4 654 52 255 524
4 23 435 491 381
4 266 166 267 265
4 86 103 41 87
4 487 649 310 386
4 320 115 300 330
4 21 34 1 225
4 651 309 636 310
4 340 337 344 694
4 377 113 637 410
4 530 501 585 379
4 146 177 467 139
4 104 582 572 454
4 610 611 204 210
4 607 200 608 201
4 531 593 259 561
4 123 408 457 644
4 483 376 639 482
4 148 147 134 488
4 295 297 117 478
4 620 594 67 187
4 594 213 19 187
4 337 459 344 690
4 477 508 371 138
4 412 528 638 482
4 612 611 596 207
4 610 609 596 210
4 203 202 189 617
4 186 468 469 140
4 219 605 619 192
4 626 198 212 599
4 601 196 195 219
4 194 602 626 603
4 131 604 197 623
4 44 197 604 216
4 175 273 326 145
4 574 582 456 454
4 129 22 479 386
4 648 639 376 482
4 628 125 25 126
4 574 456 455 537
4 129 312 310 386
4 270 178 175 326
4 637 648 639 376
4 111 557 449 404
4 263 136 265 424
4 255 53 7 121
4 569 107 108 460
4 172 157 155 547
4 103 104 237 86
4 23 176 435 381
4 326 273 385 145
4 566 112 653 554
4 488 394 148 398
4 482 528 648 321
4 351 378 586 328
4 526 407 30 552
4 601 35 34 110
4 574 117 530 563
4 291 632 445 375
4 653 6 566 554
4 465 156 441 466
4 382 286 153 183
4 157 172 181 525
4 166 173 171 267
4 37 36 253 134
4 9 3 88 89
4 68 228 213 602
4 227 620 20 195
4 572 237 104 454
4 458 38 37 156
4 644 408 457 528
4 268 135 266 466
4 288 457 290 124
4 643 633 301 510
4 632 642 293 635
4 73 8 657 558
4 88 3 42 503
4 16 17 157 233
4 474 475 25 126
4 441 149 156 465
4 584 593 259 531
4 273 177 467 146
4 646 119 308 636
4 25 26 125 628
4 270 175 273 326
4 608 606 607 201
4 200 199 608 201
4 10 414 351 540
4 134 149 394 465
4 148 155 147 398
4 226 19 20 187
4 68 67 594 226
4 441 156 167 466
4 598 189 202 617
4 609 596 210 191
4 374 142 180 492
4 140 468 176 146
4 312 314 11 313
4 136 504 265 424
4 8 657 101 548
4 111 449 9 590
4 526 30 229 121
4 272 163 177 164
4 295 294 642 293
4 579 106 107 243
4 591 520 112 568
4 620 67 20 187
4 213 19 68 594
4 620 227 627 195
4 220 213 228 602
4 177 163 467 139
4 472 399 172 471
4 181 59 15 223
4 283 27 287 288
4 268 167 135 466
4 586 120 351 328
4 241 231 30 185
4 133 14 15 564
4 322 31 319 323
4 170 551 241 185
4 259 516 544 589
4 619 196 219 192
4 212 626 599 603
4 46 64 63 570
4 645 536 552 122
4 290 291 640 292
4 65 248 591 580
4 457 124 123 630
4 102 103 550 87
4 120 308 327 328
4 376 637 648 482
4 248 520 591 568
4 149 441 394 465
4 87 88 42 235
4 381 491 23 476
4 445 632 643 126
4 167 268 441 466
4 150 286 365 364
4 266 135 240 466
4 606 608 199 201
4 520 113 112 568
4 376 114 377 330
4 106 473 517 243
4 456 565 574 454
4 145 144 385 430
4 116 299 478 329
4 463 141 157 547
4 186 468 140 146
4 598 628 189 617
4 221 210 596 191
4 47 48 65 248
4 26 25 474 279
4 455 582 574 571
4 377 411 629 410
4 242 51 631 524
4 167 161 442 171
4 560 1 62 182
4 472 154 539 471
4 42 41 235 165
4 156 135 167 466
4 277 275 276 160
4 309 308 327 647
4 449 9 88 89
4 465 458 156 466
4 495 352 576 587
4 14 57 58 244
4 586 120 10 351
4 634 299 300 294
4 442 268 167 171
4 399 525 172 547
4 266 264 166 265
4 121 30 194 122
4 639 648 652 483
4 117 297 295 635
4 501 308 119 328
4 111 586 10 351
4 131 130 659 693
4 222 44 43 693
4 351 120 327 328
4 411 113 112 520
4 119 120 308 636
4 379 575 585 535
4 128 649 487 386
4 50 71 641 242
4 170 508 168 138
4 326 270 178 504
4 149 134 156 465
4 509 508 168 170
4 63 45 259 593
4 377 113 520 494
4 244 169 154 133
4 576 494 555 568
4 240 85 39 264
4 113 112 629 411
4 303 633 649 487
4 574 572 582 454
4 605 606 619 217
4 199 212 198 624
4 281 285 276 151
4 581 573 537 571
4 276 159 160 151
4 127 475 24 476
4 102 550 88 87
4 634 642 116 294
4 524 536 645 412
4 146 380 176 139
4 613 211 206 190
4 597 618 206 613
4 469 431 385 144
4 11 312 313 311
4 435 176 380 381
4 64 46 544 570
4 269 272 270 164
4 424 235 165 438
4 218 609 210 191
4 617 202 598 625
4 578 576 352 587
4 479 22 325 491
4 180 165 235 438
4 601 34 35 219
4 122 194 121 626
4 34 80 81 260
4 517 84 106 243
4 601 619 196 219
4 626 212 194 603
4 167 161 151 442
4 485 327 10 647
4 641 629 653 242
4 431 385 144 430
4 630 652 648 321
4 241 30 54 526
4 106 579 473 243
4 638 637 410 482
4 132 485 10 647
4 301 635 633 643
4 32 144 142 430
4 176 468 380 146
4 303 649 310 487
4 524 650 242 412
4 167 149 441 364
4 487 301 633 510
4 465 394 134 488
4 458 253 37 83
4 503 3 42 180
4 116 115 320 573
4 593 259 63 570
4 56 57 13 532
4 539 244 154 472
4 501 119 118 585
4 281 286 183 151
4 269 268 171 267
4 504 270 173 267
4 152 172 399 471
4 295 642 635 296
4 86 237 103 87
4 639 648 483 482
4 458 84 38 240
4 140 468 469 435
4 394 365 148 398
4 120 586 575 328
4 35 34 81 260
4 165 235 42 180
4 2 318 314 479
4 654 631 72 232
4 529 30 29 170
4 580 516 248 589
4 649 129 310 386
4 378 575 586 328
4 47 65 64 580
4 438 33 374 397
4 41 40 263 136
4 476 128 487 386
4 116 320 329 573
4 104 85 453 86
4 165 180 492 438
4 646 303 633 636
4 55 231 241 185
4 653 50 641 242
4 256 460 108 82
4 24 25 139 280
4 637 639 114 376
4 207 204 611 210
4 636 120 308 647
4 574 456 582 455
4 652 483 321 292
4 460 243 107 83
4 113 411 377 520
4 3 88 89 503
4 164 269 161 171
4 286 153 183 150
4 492 504 178 424
4 244 57 532 169
4 655 74 73 428
4 442 161 274 269
4 574 565 572 454
4 575 119 120 328
4 328 575 119 379
4 630 123 457 644
4 580 544 516 589
4 117 478 563 581
4 378 586 590 404
4 627 227 21 195
4 228 69 220 602
4 150 152 148 365
4 626 122 198 599
4 35 605 219 192
4 175 178 270 173
4 227 21 66 627
4 228 69 18 220
4 633 303 301 487
4 255 526 53 121
4 143 551 170 185
4 631 650 242 524
4 47 544 248 580
4 145 142 430 492
4 463 155 141 547
4 374 33 370 397
4 463 141 533 254
4 637 638 648 482
4 220 18 0 224
4 627 66 5 225
4 9 449 250 89
4 278 380 139 280
4 297 501 118 530
4 463 157 141 254
4 469 322 179 325
4 571 455 105 517
4 86 40 85 264
4 151 150 149 364
4 259 515 516 584
4 162 160 277 137
4 65 48 6 591
4 408 552 536 122
4 465 134 253 488
4 503 42 88 235
4 87 41 86 263
4 105 582 455 571
4 181 133 564 472
4 297 118 646 635
4 645 631 654 524
4 312 651 129 310
4 26 25 189 628
4 467 468 273 146
4 286 183 151 150
4 639 300 376 483
4 144 186 469 140
4 568 248 516 589
4 424 165 492 438
4 590 111 449 404
4 352 495 542 587
4 412 638 410 482
4 309 651 636 647
4 169 567 244 154
4 46 63 259 570
4 248 48 65 591
4 411 653 629 242
4 564 525 181 472
4 217 619 605 192
4 599 198 212 624
4 25 280 474 279
4 641 70 50 653
4 461 481 592 579
4 533 141 182 254
4 574 117 118 530
4 463 147 155 398
4 25 26 162 279
4 627 34 601 195
4 121 194 220 602
4 379 585 565 535
4 127 475 476 510
4 447 3 89 503
4 596 207 210 221
4 617 628 189 614
4 1 80 34 560
4 554 6 48 591
4 254 463 157 547
4 574 581 537 571
4 495 352 494 576
4 237 104 453 86
4 475 25 280 474
4 178 270 173 504
4 1 17 62 182
4 24 280 381 475
4 66 620 227 627
4 213 228 18 220
4 385 326 145 430
4 33 32 142 374
4 329 563 478 581
4 607 625 200 218
4 29 30 529 407
4 169 184 567 154
4 41 40 86 263
4 344 505 340 694
4 293 632 291 292
4 48 248 554 591
4 435 469 140 325
4 537 455 574 571
4 46 63 45 259
4 170 241 30 185
4 157 182 141 254
4 248 520 554 591
4 117 295 642 635
4 409 550 449 102
4 453 85 105 517
4 569 514 461 460
4 544 47 64 580
4 129 649 128 386
4 481 461 473 579
4 140 23 176 435
4 162 278 163 139
4 320 352 481 578
4 277 278 162 279
4 50 71 70 641
4 399 365 152 471
4 593 110 5 561
4 299 634 116 294
4 132 309 485 647
4 264 40 39 166
4 217 606 201 192
4 199 599 608 624
4 589 580 544 570
4 120 10 327 647
4 371 529 29 138
4 492 178 165 424
4 638 645 536 412
4 183 285 281 151
4 610 625 607 218
4 625 203 200 218
4 438 180 33 397
4 586 378 351 404
4 633 643 127 510
4 132 384 485 311
4 55 12 231 185
4 488 147 462 463
4 263 87 41 235
4 590 575 586 378
4 599 199 198 624
4 605 606 217 192
4 21 34 627 195
4 121 220 69 602
4 463 488 147 398
4 525 172 181 472
4 351 327 10 540
4 374 180 33 438
4 449 409 102 590
4 280 24 25 475
4 14 58 15 564
4 568 516 577 589
4 149 148 134 394
4 632 640 291 292
4 650 641 631 242
4 287 355 28 371
4 449 550 88 102
4 30 241 407 526
4 585 575 572 535
4 378 590 409 404
4 494 555 495 576
4 563 574 117 581
4 182 62 560 533
4 581 563 574 537
4 577 555 516 568
4 273 175 177 146
4 525 181 59 564
4 300 639 634 483
4 327 485 309 647
4 183 159 285 151
4 355 408 457 123
4 20 620 187 195
4 602 213 68 594
4 351 414 111 404
4 516 495 555 577
4 565 574 585 530
4 71 50 51 242
4 410 411 629 242
4 172 525 399 472
4 278 380 467 139
4 132 485 309 311
4 30 526 552 121
4 297 295 635 296
4 145 326 178 492
4 64 544 580 570
4 34 601 195 219
4 602 121 194 626
4 530 585 565 379
4 619 217 196 192
4 624 212 599 603
4 376 377 637 410
4 237 104 103 572
4 204 203 189 617
4 611 610 596 210
4 133 181 172 472
4 351 111 586 404
4 154 133 172 472
4 140 179 22 325
4 172 155 399 547
4 155 141 147 463
4 578 352 542 587
4 115 639 634 300
4 118 119 501 646
4 653 411 566 242
4 593 5 45 561
4 147 35 36 462
4 552 255 645 121
4 456 574 563 537
4 585 501 119 379
4 649 633 303 636
4 117 118 297 635
4 554 520 112 591
4 203 625 610 218
4 142 178 165 492
4 459 538 344 690
4 385 186 144 145
4 495 514 542 587
4 514 461 542 569
4 379 378 575 535
4 585 119 575 379
4 291 125 640 632
4 578 320 115 573
4 544 516 248 580
4 173 270 175 164
4 638 650 645 412
4 45 63 5 593
4 454 453 582 455
4 181 15 16 223
4 564 133 244 472
4 592 542 461 569
4 142 165 180 492
4 637 629 638 410
4 329 581 573 537
4 378 575 328 379
4 260 141 533 463
4 328 119 501 379
4 509 143 551 170
4 529 509 551 170
4 179 144 469 140
4 634 294 483 292
4 136 178 504 424
4 592 587 542 569
4 237 103 550 588
4 105 104 453 582
4 409 588 378 535
4 17 182 157 233
4 504 178 326 492
4 627 601 34 110
4 168 184 509 170
4 584 259 515 531
4 587 514 542 569
4 61 62 17 533
4 644 123 408 122
4 11 651 312 311
4 294 300 634 483
4 182 17 62 533
4 241 529 551 170
4 109 583 108 256
4 587 576 495 577
4 12 0 231 185
4 253 462 36 82
4 254 157 525 547
4 531 109 81 256
4 469 179 140 325
4 378 588 575 535
4 143 56 532 551
4 483 652 634 292
4 593 45 259 561
4 520 248 555 568
4 364 149 441 394
4 46 47 64 544
4 143 12 56 551
4 142 145 178 492
4 129 11 651 312
4 651 312 311 310
4 227 20 21 195
4 228 68 69 602
4 344 556 505 694
4 566 6 49 554
4 308 309 636 647
4 637 376 410 482
4 508 396 509 168
4 641 650 629 242
4 303 308 309 636
4 542 578 587 592
4 653 6 70 566
4 106 571 105 517
4 50 653 566 242
4 409 237 550 588
4 574 572 565 585
4 473 571 106 517
4 409 237 588 535
4 45 5 4 561
4 201 607 200 218
4 625 200 608 607
4 241 529 30 407
4 588 237 572 535
4 30 194 220 121
4 539 244 567 154
4 170 29 529 138
4 554 112 6 591
4 102 9 449 590
4 508 509 529 170
4 572 103 237 588
4 574 565 456 530
4 135 167 268 171
4 532 143 184 169
4 568 591 248 580
4 30 529 241 170
4 102 550 103 588
4 441 268 167 442
4 516 555 248 568
4 633 649 487 128
4 4 1 62 560
4 181 15 59 564
4 572 565 585 535
4 624 619 606 217
4 624 199 212 217
4 176 23 24 381
4 264 86 40 263
4 109 110 584 531
4 291 632 293 445
4 585 574 118 530
4 259 544 46 570
4 542 481 352 578
4 374 430 142 492
4 627 21 66 225
4 220 69 18 224
4 595 607 606 201
4 188 200 199 608
4 578 542 481 592
4 651 11 132 311
4 527 77 78 656
4 588 572 575 535
4 230 7 72 654
4 516 515 495 577
4 398 399 155 547
4 618 211 206 613
4 182 61 17 533
4 201 199 606 217
4 624 608 199 606
4 579 473 571 106
4 583 515 514 256
4 142 180 33 374
4 182 141 533 260
4 144 145 142 430
4 121 645 552 122
4 573 481 329 537
4 309 132 651 647
4 578 481 320 573
4 76 75 658 522
4 481 573 592 579
4 156 167 149 441
4 35 81 462 260
4 181 133 15 564
4 584 515 577 583
4 178 136 165 424
4 116 329 581 573
4 309 651 311 310
4 326 178 175 145
4 112 653 629 411
4 542 461 481 592
4 552 408 407 122
4 560 182 533 260
4 184 567 532 169
4 49 70 6 566
4 508 529 371 138
4 152 172 155 399
4 531 80 110 561
4 560 34 1 182
4 184 143 509 170
4 550 103 237 87
4 155 463 398 547
4 411 112 653 566
4 529 508 170 138
4 67 66 620 227
4 18 19 228 213
4 651 132 309 311
4 34 35 141 260
4 579 461 473 243
4 654 645 255 121
4 48 49 6 554
4 414 557 111 404
4 102 409 550 588
4 173 136 178 504
4 625 617 203 610
4 210 203 610 218
4 59 15 58 564
4 570 593 259 584
4 592 461 579 569
4 71 72 631 232
4 566 411 112 554
4 606 199 624 217
4 634 652 640 292
4 371 29 529 407
4 583 514 587 569
4 141 182 34 260
4 102 409 588 590
4 590 449 409 404
4 567 244 532 169
4 651 649 129 310
4 182 560 34 260
4 70 49 50 566
4 530 456 574 563
4 112 411 520 554
4 639 652 634 483
4 485 10 327 540
4 535 237 572 454
4 143 509 532 184
4 571 473 455 517
4 509 396 567 184
4 329 320 481 573
4 653 70 50 566
4 241 551 55 185
4 184 509 396 168
4 12 55 56 551
4 586 111 590 404
4 567 532 509 184
4 12 55 551 185
4 532 509 143 551
4 581 329 563 537
4 573 578 481 592
4 255 552 526 121
4 657 8 79 548
4 551 143 12 185
4 601 620 627 195
4 194 213 220 602
4 572 565 535 454
4 473 455 537 571
4 80 34 560 260
4 676 261 95 662
4 676 95 261 249
4 681 261 95 96
4 681 95 261 662
4 683 319 316 669
4 683 316 319 511
4 682 360 347 433
4 682 347 360 663
4 284 679 680 271
4 680 679 284 667
4 111 250 449 557
4 111 449 250 9
4 683 315 316 317
4 683 316 315 669
4 670 557 414 417
4 670 414 557 111
4 683 331 315 317
4 683 315 331 678
4 386 23 476 128
4 386 476 23 491
4 229 30 54 0
4 54 30 229 526
4 355 124 457 288
4 355 457 124 123
4 445 635 301 643
4 445 301 635 296
4 616 40 612 104
4 616 612 40 190
4 162 275 160 163
4 162 160 275 277
4 288 125 290 289
4 290 125 288 124
4 296 646 297 298
4 296 297 646 635
4 427 402 673 368
4 673 402 427 546
4 26 282 27 137
4 27 282 26 283
4 153 396 174 168
4 153 174 396 382
4 283 125 474 26
4 474 125 283 289
4 209 127 205 24
4 205 127 209 597
4 274 164 163 272
4 163 164 274 161
4 125 375 474 126
4 474 375 125 289
4 204 610 617 611
4 617 610 204 203
4 207 613 190 612
4 207 190 613 206
4 510 126 475 375
4 510 475 126 127
4 477 174 464 395
4 477 464 174 158
4 159 174 464 158
4 36 605 214 108
4 36 214 605 192
4 579 537 481 573
4 579 481 537 473
4 599 28 122 198
4 599 122 28 123
4 161 281 160 151
4 161 160 281 274
4 276 160 281 151
4 276 281 160 274
4 189 598 26 628
4 26 598 189 202
4 191 596 106 609
4 191 106 596 221
4 105 207 40 612
4 40 207 105 39
4 229 121 53 526
4 53 121 229 7
4 598 188 27 621
4 598 27 188 202
4 595 191 107 609
4 107 191 595 214
4 35 601 605 109
4 35 605 601 219
4 122 194 198 29
4 198 194 122 626
4 396 174 508 395
4 396 508 174 168
4 620 196 601 619
4 620 601 196 195
4 603 213 194 602
4 603 194 213 212
4 516 584 577 589
4 577 584 516 515
4 14 564 244 58
4 244 564 14 133
4 205 126 628 25
4 628 126 205 614
4 628 189 205 25
4 205 189 628 614
4 375 632 125 291
4 375 125 632 126
4 211 616 613 618
4 613 616 211 190
4 618 209 206 211
4 618 206 209 597
4 611 614 205 613
4 205 206 611 613
4 611 206 205 204
4 646 301 303 298
4 646 303 301 633
4 71 242 631 641
4 631 242 71 51
4 378 588 590 575
4 378 590 588 409
4 603 196 217 212
4 217 196 603 619
4 217 624 603 212
4 603 624 217 619
4 174 464 285 159
4 174 285 464 395
4 205 611 617 614
4 617 611 205 204
4 617 189 205 614
4 205 189 617 204

CELL_TYPES 3619
1
1
1
1
1
1
1
1
1
1
1
1
3
3
3
3
3
3
3
3
3
3
3
3
3
3
3
3
3
3
3
3
3
3
3
3
3
3
3
3
3
3
3
3
3
3
3
3
3
3
3
3
3
3
3
3
3
3
3
3
3
3
3
3
3
3
3
3
3
3
3
3
3
3
3
3
3
3
3
3
3
3
3
3
3
3
3
3
3
3
3
3
3
3
3
3
3
3
3
3
3
3
3
3
3
3
3
3
3
3
3
3
3
3
3
3
3
3
3
3
3
3
3
3
3
3
3
3
3
3
3
3
3
3
3
3
3
3
3
3
3
3
3
3
3
3
3
3
3
3
3
5
5
5
5
5
5
5
5
5
5
5
5
5
5
5
5
5
5
5
5
5
5
5
5
5
5
5
5
5
5
5
5
5
5
5
5
5
5
5
5
5
5
5
5
5
5
5
5
5
5
5
5
5
5
5
5
5
5
5
5
5
5
5
5
5
5
5
5
5
5
5
5
5
5
5
5
5
5
5
5
5
5
5
5
5
5
5
5
5
5
5
5
5
5
5
5
5
5
5
5
5
5
5
5
5
5
5
5
5
5
5
5
5
5
5
5
5
5
5
5
5
5
5
5
5
5
5
5
5
5
5
5
5
5
5
5
5
5
5
5
5
5
5
5
5
5
5
5
5
5
5
5
5
5
5
5
5
5
5
5
5
5
5
5
5
5
5
5
5
5
5
5
5
5
5
5
5
5
5
5
5
5
5
5
5
5
5
5
5
5
5
5
5
5
5
5
5
5
5
5
5
5
5
5
5
5
5
5
5
5
5
5
5
5
5
5
5
5
5
5
5
5
5
5
5
5
5
5
5
5
5
5
5
5
5
5
5
5
5
5
5
5
5
5
5
5
5
5
5
5
5
5
5
5
5
5
5
5
5
5
5
5
5
5
5
5
5
5
5
5
5
5
5
5
5
5
5
5
5
5
5
5
5
5
5
5
5
5
5
5
5
5
5
5
5
5
5
5
5
5
5
5
5
5
5
5
5
5
5
5
5
5
5
5
5
5
5
5
5
5
5
5
5
5
5
5
5
5
5
5
5
5
5
5
5
5
5
5
5
5
5
5
5
5
5
5
5
5
5
5
5
5
5
5
5
5
5
5
5
5
5
5
5
5
5
5
5
5
5
5
5
5
5
5
5
5
5
5
5
5
5
5
5
5
5
5
5
5
5
5
5
5
5
5
5
5
5
5
5
5
5
5
5
5
5
5
5
5
5
5
5
5
5
5
5
5
5
5
5
5
5
5
5
5
5
5
5
5
5
5
5
5
5
5
5
5
5
5
5
5
5
5
5
5
5
5
5
5
5
5
5
5
5
5
5
5
5
5
5
5
5
5
5
5
5
5
5
5
5
5
5
5
5
5
5
5
5
5
5
5
5
5
5
5
5
5
5
5
5
5
5
5
5
5
5
5
5
5
5
5
5
5
5
5
5
5
5
5
5
5
5
5
5
5
5
5
5
5
5
5
5
5
5
5
5
5
5
5
5
5
5
5
5
5
5
5
5
5
5
5
5
5
5
5
5
5
5
5
5
5
5
5
5
5
5
5
5
5
5
5
5
5
5
5
5
5
5
5
5
5
5
5
5
5
5
5
5
5
5
5
5
5
5
5
5
5
5
5
5
5
5
5
5
5
5
5
5
5
5
5
5
5
5
5
5
5
5
5
5
5
5
5
5
5
5
5
5
5
5
5
5
5
5
5
5
5
5
5
5
5
5
5
5
5
5
5
5
5
5
5
5
5
5
5
5
5
5
5
5
5
5
5
5
5
5
5
5
5
5
5
5
5
5
5
5
5
5
5
5
5
5
5
5
5
5
5
5
5
5
5
5
5
5
5
5
5
5
5
5
5
5
5
5
5
5
5
5
5
5
5
5
5
5
5
5
5
5
5
5
5
5
5
5
5
5
5
5
5
5
5
5
5
5
5
5
5
5
5
5
5
5
5
5
5
5
5
5
5
5
5
5
5
5
5
5
5
5
5
5
5
5
5
5
5
5
5
5
5
5
5
5
5
5
5
5
5
5
5
5
5
5
5
5
5
5
5
5
5
5
5
5
5
5
5
5
5
5
5
5
5
5
5
5
5
5
5
5
5
5
5
5
5
5
5
5
5
5
5
5
5
5
5
5
5
5
5
5
5
5
5
5
5
5
5
5
5
5
5
5
5
5
5
5
5
5
5
5
5
5
5
5
5
5
5
5
5
5
5
5
5
5
5
5
5
5
5
5
5
5
5
5
5
5
5
5
5
5
5
5
5
5
5
5
5
5
5
5
5
5
5
5
5
5
5
5
5
5
5
5
5
5
5
5
5
5
5
5
5
5
5
5
5
5
5
5
5
5
5
5
5
5
5
5
5
5
5
5
5
5
5
5
5
5
5
5
5
5
5
5
5
5
5
5
5
5
5
5
5
5
5
5
5
5
5
5
5
5
5
5
5
5
5
5
5
5
5
5
5
5
5
5
5
5
5
5
5
5
5
5
5
5
5
5
5
5
5
5
5
5
5
5
5
5
5
5
5
5
5
5
5
5
5
5
5
5
5
5
5
5
5
5
5
5
5
5
5
5
5
5
5
5
5
5
5
5
5
5
5
5
5
5
5
5
5
5
5
5
5
5
5
5
5
5
5
5
5
5
5
5
5
5
5
5
5
5
5
5
5
5
5
5
5
5
5
5
5
5
5
5
5
5
5
5
5
5
5
5
5
5
5
5
5
5
5
5
5
5
5
5
5
5
5
5
5
5
5
5
5
5
5
5
5
5
5
5
5
5
5
5
5
5
5
5
5
5
5
5
5
5
5
5
5
5
5
5
5
5
5
5
5
5
5
5
5
5
5
5
5
5
5
5
5
5
5
5
5
5
5
5
5
5
5
5
5
5
5
5
5
5
5
5
5
5
5
5
5
5
5
5
5
5
5
5
5
5
5
5
5
5
5
5
5
5
5
5
5
5
5
5
5
5
5
5
5
5
5
5
5
5
5
5
5
5
5
5
5
5
5
5
5
5
5
5
5
5
5
5
5
5
5
5
5
5
5
5
5
5
5
5
5
5
5
5
5
5
5
5
5
5
5
5
5
5
5
5
5
5
5
5
5
5
5
5
5
5
5
5
5
5
5
5
5
5
5
5
5
5
5
5
5
5
5
5
5
5
5
5
5
5
5
5
5
5
5
5
5
5
5
5
5
5
5
5
5
5
5
5
5
5
5
5
5
5
5
5
5
5
5
5
5
5
5
5
5
5
5
5
5
5
5
5
5
5
5
5
5
10
10
10
10
10
10
10
10
10
10
10
10
10
10
10
10
10
10
10
10
10
10
10
10
10
10
10
10
10
10
10
10
10
10
10
10
10
10
10
10
10
10
10
10
10
10
10
10
10
10
10
10
10
10
10
10
10
10
10
10
10
10
10
10
10
10
10
10
10
10
10
10
10
10
10
10
10
10
10
10
10
10
10
10
10
10
10
10
10
10
10
10
10
10
10
10
10
10
10
10
10
10
10
10
10
10
10
10
10
10
10
10
10
10
10
10
10
10
10
10
10
10
10
10
10
10
10
10
10
10
10
10
10
10
10
10
10
10
10
10
10
10
10
10
10
10
10
10
10
10
10
10
10
10
10
10
10
10
10
10
10
10
10
10
10
10
10
10
10
10
10
10
10
10
10
10
10
10
10
10
10
10
10
10
10
10
10
10
10
10
10
10
10
10
10
10
10
10
10
10
10
10
10
10
10
10
10
10
10
10
10
10
10
10
10
10
10
10
10
10
10
10
10
10
10
10
10
10
10
10
10
10
10
10
10
10
10
10
10
10
10
10
10
10
10
10
10
10
10
10
10
10
10
10
10
10
10
10
10
10
10
10
10
10
10
10
10
10
10
10
10
10
10
10
10
10
10
10
10
10
10
10
10
10
10
10
10
10
10
10
10
10
10
10
10
10
10
10
10
10
10
10
10
10
10
10
10
10
10
10
10
10
10
10
10
10
10
10
10
10
10
10
10
10
10
10
10
10
10
10
10
10
10
10
10
10
10
10
10
10
10
10
10
10
10
10
10
10
10
10
10
10
10
10
10
10
10
10
10
10
10
10
10
10
10
10
10
10
10
10
10
10
10
10
10
10
10
10
10
10
10
10
10
10
10
10
10
10
10
10
10
10
10
10
10
10
10
10
10
10
10
10
10
10
10
10
10
10
10
10
10
10
10
10
10
10
10
10
10
10
10
10
10
10
10
10
10
10
10
10
10
10
10
10
10
10
10
10
10
10
10
10
10
10
10
10
10
10
10
10
10
10
10
10
10
10
10
10
10
10
10
10
10
10
10
10
10
10
10
10
10
10
10
10
10
10
10
10
10
10
10
10
10
10
10
10
10
10
10
10
10
10
10
10
10
10
10
10
10
10
10
10
10
10
10
10
10
10
10
10
10
10
10
10
10
10
10
10
10
10
10
10
10
10
10
10
10
10
10
10
10
10
10
10
10
10
10
10
10
10
10
10
10
10
10
10
10
10
10
10
10
10
10
10
10
10
10
10
10
10
10
10
10
10
10
10
10
10
10
10
10
10
10
10
10
10
10
10
10
10
10
10
10
10
10
10
10
10
10
10
10
10
10
10
10
10
10
10
10
10
10
10
10
10
10
10
10
10
10
10
10
10
10
10
10
10
10
10
10
10
10
10
10
10
10
10
10
10
10
10
10
10
10
10
10
10
10
10
10
10
10
10
10
10
10
10
10
10
10
10
10
10
10
10
10
10
10
10
10
10
10
10
10
10
10
10
10
10
10
10
10
10
10
10
10
10
10
10
10
10
10
10
10
10
10
10
10
10
10
10
10
10
10
10
10
10
10
10
10
10
10
10
10
10
10
10
10
10
10
10
10
10
10
10
10
10
10
10
10
10
10
10
10
10
10
10
10
10
10
10
10
10
10
10
10
10
10
10
10
10
10
10
10
10
10
10
10
10
10
10
10
10
10
10
10
10
10
10
10
10
10
10
10
10
10
10
10
10
10
10
10
10
10
10
10
10
10
10
10
10
10
10
10
10
10
10
10
10
10
10
10
10
10
10
10
10
10
10
10
10
10
10
10
10
10
10
10
10
10
10
10
10
10
10
10
10
10
10
10
10
10
10
10
10
10
10
10
10
10
10
10
10
10
10
10
10
10
10
10
10
10
10
10
10
10
10
10
10
10
10
10
10
10
10
10
10
10
10
10
10
10
10
10
10
10
10
10
10
10
10
10
10
10
10
10
10
10
10
10
10
10
10
10
10
10
10
10
10
10
10
10
10
10
10
10
10
10
10
10
10
10
10
10
10
10
10
10
10
10
10
10
10
10
10
10
10
10
10
10
10
10
10
10
10
10
10
10
10
10
10
10
10
10
10
10
10
10
10
10
10
10
10
10
10
10
10
10
10
10
10
10
10
10
10
10
10
10
10
10
10
10
10
10
10
10
10
10
10
10
10
10
10
10
10
10
10
10
10
10
10
10
10
10
10
10
10
10
10
10
10
10
10
10
10
10
10
10
10
10
10
10
10
10
10
10
10
10
10
10
10
10
10
10
10
10
10
10
10
10
10
10
10
10
10
10
10
10
10
10
10
10
10
10
10
10
10
10
10
10
10
10
10
10
10
10
10
10
10
10
10
10
10
10
10
10
10
10
10
10
10
10
10
10
10
10
10
10
10
10
10
10
10
10
10
10
10
10
10
10
10
10
10
10
10
10
10
10
10
10
10
10
10
10
10
10
10
10
10
10
10
10
10
10
10
10
10
10
10
10
10
10
10
10
10
10
10
10
10
10
10
10
10
10
10
10
10
10
10
10
10
10
10
10
10
10
10
10
10
10
10
10
10
10
10
10
10
10
10
10
10
10
10
10
10
10
10
10
10
10
10
10
10
10
10
10
10
10
10
10
10
10
10
10
10
10
10
10
10
10
10
10
10
10
10
10
10
10
10
10
10
10
10
10
10
10
10
10
10
10
10
10
10
10
10
10
10
10
10
10
10
10
10
10
10
10
10
10
10
10
10
10
10
10
10
10
10
10
10
10
10
10
10
10
10
10
10
10
10
10
10
10
10
10
10
10
10
10
10
10
10
10
10
10
10
10
10
10
10
10
10
10
10
10
10
10
10
10
10
10
10
10
10
10
10
10
10
10
10
10
10
10
10
10
10
10
10
10
10
10
10
10
10
10
10
10
10
10
10
10
10
10
10
10
10
10
10
10
10
10
10
10
10
10
10
10
10
10
10
10
10
10
10
10
10
10
10
10
10
10
10
10
10
10
10
10
10
10
10
10
10
10
10
10
10
10
10
10
10
10
10
10
10
10
10
10
10
10
10
10
10
10
10
10
10
10
10
10
10
10
10
10
10
10
10
10
10
10
10
10
10
10
10
10
10
10
10
10
10
10
10
10
10
10
10
10
10
10
10
10
10
10
10
10
10
10
10
10
10
10
10
10
10
10
10
10
10
10
10
10
10
10
10
10
10
10
10
10
10
10
10
10
10
10
10
10
10
10
10
10
10
10
10
10
10
10
10
10
10
10
10
10
10
10
10
10
10
10
10
10
10
10
10
10
10
10
10
10
10
10
10
10
10
10
10
10
10
10
10
10
10
10
10
10
10
10
10
10
10
10
10
10
10
10
10
10
10
10
10
10
10
10
10
10
10
10
10
10
10
10
10
10
10
10
10
10
10
10
10
10
10
10
10
10
10
10
10
10
10
10
10
10
10
10
10
10
10
10
10
10
10
10
10
10
10
10
10
10
10
10
10
10
10
10
10
10
10
10
10
10
10
10
10
10
10
10
10
10
10
10
10
10
10
10
10
10
10
10
10
10
10
10
10
10
10
10
10
10
10
10
10
10
10
10
10
10
10
10
10
10
10
10
10
10
10
10
10
10
10
10
10
10
10
10
10
10
10
10
10
10
10
10
10
10
10
10
10
10
10
10
10
10
10
10
10
10
10
10
10
10
10
10
10
10
10
10
10
10
10
10
10
10
10
10
10
10
10
10
10
10
10
10
10
10
10
10
10
10
10
10
10
10
10
10
10
10
10
10
10
10
10
10
10
10
10
10
10
10
10
10
10
10
10
10
10
10
10
10
10
10
10
10
10
10
10
10
10
10
10
10
10
10
10
10
10
10
10
10
10
10
10
10
10
10
10
10
10
10
10
10
10
10
10
10
10
10
10
10
10
10
10
10
10
10
10
10
10
10
10
10
10
10
10
10
10
10
10
10
10
10
10
10
10
10
10
10
10
10
10
10
10
10
10
10
10
10
10
10
10
10
10
10
10
10
10
10
10
10
10
10
10
10
10
10
10
10
10
10
10
10
10
10
10
10
10
10
10
10
10
10
10
10
10
10
10
10
10
10
10
10
10
10
10
10
10
10
10
10
10
10
10
10
10
10
10
10
10
10
10
10
10
10
10
10
10
10
10
10
10
10
10
10
10
10
10
10
10
10
10
10
10
10
10
10
10
10
10
10
10
10
10
10
10
10
10
10
10
10
10
10
10
10
10
10
10
10
10
10
10
10
10
10
10
10
10
10
10
10
10
10
10
10
10
10
10
10
10
10
10
10
10
10
10
10
10
10
10
10
10
10
10
10
10
10
10
10
10
10
10
10
10
10
10
10
10
10
10
10
10
10
10
10
10
10
10
10
10
10
10
10
10
10
10
10
10
10
10
10
10
10
10
10
10
10
10
10
10
10
10
10
10
10
10
10
10
10
10
10
10
10
10
10
10
10
10
10
10
10
10
10
10
10
10
10
10
10
10
10
10
10
10
10
10
10
10
10
10
10
10
10
10
10
10
10
10
10
10
10
10
10
10
10
10
10
10
10
10
10
10
10
10
10
10
10
10
10
10
10
10
10
10
10
10
10
10
10
10
10
10
10
10
10
10
10
10
10
10
10
10
10
10
10
10
10
10
10
10
10
10
10
10
10
10
10
10
10
10
10
10
10
10
10
10
10
10
10
10
10
10
10
10
10
10
10
10
10
10
10
10
10
10
10
10
10
10
10
10
10
10
10
10
10
10
10
10
10
10
10
10
10
10
10
10
10
10
10
10
10
10
10
10
10
10
10
10
10
10
10
10
10
10
10
10
10
10
10
10
10
10
10
10
10
10
