# vtk DataFile Version 2.0
whisker_body, Created by Gmsh 4.13.1 
ASCII
DATASET UNSTRUCTURED_GRID
POINTS 738 double
-9.380831519646884 -1.49999999999992 0
9.380831519646883 -1.499999999999922 0
-6.172279697539918 -1.499999999999933 40
6.172279697539917 -1.499999999999933 40
12 0 0
9.380831519646888 1.499999999999912 0
0 9.5 0
-9.380831519646886 1.499999999999914 0
5.70386345403052 0 80
6.172279697539886 1.5 40
0 6.35193172701526 40
-6.172279697539885 1.500000000000002 40
-8.038537166172308 -5.062797668094835 0
-5.405152974387317 -7.812446564519462 0
-1.903633457046841 -9.307318607483676 0
1.903633457046822 -9.307318607483682 0
5.405152974387304 -7.81244656451947 0
8.038537166172301 -5.062797668094844 0
-5.628498911788131 -1.5 0
-1.876166303929377 -1.5 0
1.876166303929375 -1.5 0
5.62849891178813 -1.5 0
-6.466407697967149 -1.5 36.36383287134156
-6.759857205466567 -1.5 32.72761105638094
-7.052712795089359 -1.5 29.09134252957722
-7.345045655078144 -1.5 25.45503080688606
-7.63691580264658 -1.5 21.81868079794904
-7.928374099473395 -1.5 18.18229957897029
-8.219464695159031 -1.5 14.54588613975493
-8.51022481843582 -1.5 10.90944997312877
-8.800687719679015 -1.5 7.272987058001235
-9.090881498969113 -1.5 3.636504771236659
-4.554106961952524 -4.427995759229972 40
-1.672695591572746 -6.12773417525566 40
1.672695591572728 -6.127734175255664 40
4.554106961952525 -4.427995759229971 40
9.090881498969113 -1.5 3.636504771236659
8.80068771967902 -1.5 7.272987058001192
8.51022481843582 -1.5 10.90944997312877
8.219464695159035 -1.5 14.54588613975487
7.928374099473395 -1.5 18.18229957897029
7.636915802646584 -1.5 21.81868079794901
7.345045655078147 -1.5 25.45503080688603
7.052712795089362 -1.5 29.09134252957718
6.759857205466569 -1.5 32.72761105638089
6.466407697967149 -1.5 36.36383287134156
-3.086139848769959 -1.5 40
0 -1.5 40
3.086139848769959 -1.5 40
11.34980690040761 3.896393630456207 0
9.469686112756717 7.370552552276022 0
6.563377897469113 10.04599773915035 0
2.945825845689581 11.63280319127197 0
-0.9909521456679979 11.95901391608004 0
-4.820345095835646 10.98927991986068 0
-8.127378859508902 8.82868692807757 0
-10.55368501447787 5.71136871644487 0
-11.83633564083267 1.975135083368787 0
-11.83633564083267 -1.975135083368821 0
-10.55368501447786 -5.711368716444897 0
-8.12737885950888 -8.828686928077589 0
-4.820345095835619 -10.9892799198607 0
-0.9909521456679715 -11.95901391608004 0
2.945825845689616 -11.63280319127196 0
6.563377897469155 -10.04599773915032 0
9.469686112756747 -7.370552552275983 0
11.34980690040762 -3.896393630456205 0
8.283559167353857 4.651091003296739 0
6.164414002969012 7.228416147400448 0
3.284817087730742 8.914032572307111 0
5.628498911788133 1.5 0
1.876166303929379 1.5 0
-1.876166303929375 1.5 0
-5.62849891178813 1.5 0
-3.284817087730742 8.914032572307111 0
-6.164414002969012 7.22841614740045 0
-8.283559167353854 4.651091003296747 0
4.369412903269498 3.666372755594688 80
0.9904654944534007 5.617208951652248 80
-2.851931727015263 4.939690650908082 80
-5.359878397722907 1.950836196057551 80
-5.359878397722898 -1.950836196057576 80
-2.851931727015253 -4.939690650908087 80
0.9904654944534206 -5.617208951652245 80
4.369412903269518 -3.666372755594664 80
11.70018397400145 0 3.80952380952381
11.40036794800291 0 7.61904761904762
11.10055192200436 0 11.42857142857143
10.80073589600581 0 15.23809523809524
10.50091987000727 0 19.04761904761905
10.20110384400872 0 22.85714285714286
9.901287818010173 0 26.66666666666667
9.601471792011626 0 30.47619047619048
9.301655766013079 0 34.28571428571429
9.001839740014532 0 38.0952380952381
8.702023714015986 0 41.90476190476191
8.402207688017439 0 45.71428571428572
8.102391662018892 0 49.52380952380953
7.802575636020347 0 53.33333333333334
7.502759610021799 0 57.14285714285715
7.202943584023253 0 60.95238095238096
6.903127558024707 0 64.76190476190476
6.603311532026159 0 68.57142857142858
6.303495506027613 0 72.38095238095238
6.003679480029065 0 76.1904761904762
6.466407697967149 1.5 36.36383287134156
6.759857205466567 1.5 32.72761105638094
7.052712795089359 1.5 29.09134252957722
7.345045655078144 1.5 25.45503080688606
7.63691580264658 1.5 21.81868079794904
7.928374099473395 1.5 18.18229957897029
8.219464695159031 1.5 14.54588613975493
8.51022481843582 1.5 10.90944997312877
8.800687719679015 1.5 7.272987058001235
9.090881498969113 1.5 3.636504771236659
4.928958386860907 4.00654538040649 40
2.729261250515663 5.735692607793478 40
0 9.213811975183205 3.636363636363637
0 8.92762395036641 7.272727272727273
0 8.641435925549617 10.90909090909091
0 8.355247900732822 14.54545454545455
0 8.069059875916027 18.18181818181818
0 7.782871851099232 21.81818181818182
0 7.496683826282438 25.45454545454545
0 7.210495801465644 29.09090909090909
0 6.924307776648849 32.72727272727273
0 6.638119751832054 36.36363636363637
-9.090881498969113 1.5 3.636504771236659
-8.80068771967902 1.5 7.272987058001192
-8.51022481843582 1.5 10.90944997312877
-8.219464695159035 1.5 14.54588613975487
-7.928374099473395 1.5 18.18229957897029
-7.636915802646584 1.5 21.81868079794901
-7.345045655078147 1.5 25.45503080688603
-7.052712795089362 1.5 29.09134252957718
-6.759857205466569 1.5 32.72761105638089
-6.466407697967149 1.5 36.36383287134156
3.086139848769943 1.5 40
0 1.5 40
-3.086139848769943 1.5 40
-2.729261250515664 5.735692607793477 40
-4.92895838686091 4.006545380406487 40
-9.33890691363709e-15 -9.240558726612781 3.296513936671873
6.683580158134548 -4.780062493578594 16.3019430218492
6.25187876459507 -4.404461909111337 23.53739978958133
0.2227905829286254 -6.595918750885985 36.85205614929445
-7.163405814523801 -4.60161139996715 12.52756097740527
-6.623238372396637 -4.367894038844847 19.89997545289024
-5.913766618852993 -4.384263314784982 27.16987301631237
5.571725211079655 -4.361565601618064 30.80199482593737
7.74177328972896 -4.16657983988908 8.998755321093485
-7.494545091983883 -5.296413731098462 4.10211344798051
-5.225305938571893 -4.33594016959206 34.4337219188966
6.536287319270864 -6.548347451555107 3.148115894200743
-7.202512626577581 -5.153506180580842 8.178435645108292
-4.813004093608489 -7.190705647655662 10.76447030852954
-4.837950280301017 -6.820938685381361 14.45364123917487
-2.018585222978279 -8.254903933046545 12.73003131420023
-1.9878332087838 -7.967690226279966 16.3666559137815
1.128948318315917 -8.280244970262826 14.52506818090481
1.08690590797097 -8.57612043522693 10.86734640271844
1.201541891586521 -7.97962412560872 18.17522297771657
-5.118591528197936 -7.378904001615793 6.601705836999968
4.126240882098378 -7.443064957358287 12.57542512284549
-1.824518033329661 -7.714247730576915 19.98593429603583
1.143931593739588 -7.699968924225435 21.79777115576424
-1.697187354499205 -7.449185126804808 23.63253964394527
1.229460113991519 -7.391359868811099 25.50243489579934
4.474402505287305 -6.55311147259462 19.88575264779812
3.971111853915334 -7.853004160512433 8.894773810068809
-1.495179047957672 -7.199884589571954 27.27392355326966
1.123796925026369 -7.127263151951186 29.02964981845341
-1.659492157805914 -6.869225035500934 30.91628375311069
0.7369194187525707 -6.886174646134074 32.71221469368297
4.187041709102237 -6.056384652575489 27.15545096849488
0.9398649855827961 -8.885621611340953 7.176593434602181
-5.571484398936859 -4.361853143233451 30.80215201818752
-3.254122204772126 -5.716280110126458 37.13227673336964
5.225305938570917 -4.335940169593295 34.43372191889613
3.265550556493367 -5.707046961777738 37.16218929985497
-6.284969078739707 -4.356746420697489 23.54005577012531
-6.916189454462196 -4.446949963435066 16.23253637557262
4.152344649497487 -7.096406706615149 16.23878446191997
7.259099473977128 -4.423179218719477 12.69944855466637
3.458618853677632 -8.4093461487547 5.173872115685958
-1.790441512499616 -6.559083254726915 34.3186619829737
-3.384909111610311 -8.607347760033528 3.189227058186474
6.661023776462972 -4.308513702425904 19.91059152890014
-2.063222417418409 -8.533230219829921 9.159680165671471
-4.687916274442965 -6.586725612179393 17.98376800031137
7.996317241579853 -4.25326788843494 5.627355894450113
3.840883583471212 -6.612232642024386 23.54675895537349
-4.518479958628549 -6.358089162037943 21.59895251611386
-2.313048440303049 -8.724845222569909 6.019615042340245
-4.186151422947448 -6.243081087830713 25.20093738906335
6.286212008394943 -3.826649877756514 27.19981490089714
6.140961207087476 -6.519554666832447 6.907875550366036
-3.909408301140838 -6.066334118736714 29.00932714030612
3.658221782824658 -8.568850445500852 2.324352043281793
3.418936046786122 -6.194943097506797 30.80283222007494
5.959662534972907 -6.291483335544831 10.59639992825292
-5.244102250196779 -3.933985950739494 37.41121645053739
5.343423180791743 -3.794515514989622 37.43674120816431
-3.747021934736594 -5.873904335121998 32.18131820327508
8.312031569665937 -4.138010088530931 2.730622037377654
3.156895590042847 -6.004959159756713 34.50736601214159
5.765697923145224 -6.08995968295579 14.15025342108745
-5.869456189590796 -7.199763238739084 2.679924713925293
-8.591143895506907 -3.597807370763274 2.362415982014765
-8.179269873847089 -3.793164524274678 6.149593969002577
0.1493562798030261 -1.5 2.977596923290847
5.179317571469866 -1.5 12.48335859458968
4.579526342484295 -1.5 19.77728847043848
-3.950207006843118 -1.5 26.95489690088008
-4.918636149610977 -1.5 16.66963147533856
-2.912013504726375 -1.5 34.0267525128375
3.763031535331493 -1.5 30.65963920801872
-5.506189203353362 -1.5 8.839670439854197
1.543069924384978 -1.5 37.32732449133375
5.961978049105568 -1.5 5.348191768031357
-5.192834857348057 -1.5 3.613421265778063
3.322456154282596 -1.5 34.55560486474923
0.6286684689387858 -1.5 32.20042693839288
0.9246804769712131 -1.5 28.65648964603458
-4.372597018931305 -1.5 30.62583182109852
4.06266310210871 -1.5 27.05323648152473
1.20888498164836 -1.5 25.04112792324991
4.34777919876834 -1.5 23.42385985878842
1.323147996777914 -1.5 21.38131597930456
1.558329107666571 -1.5 17.73501921977873
-2.067872166603092 -1.5 23.22981782690378
-1.741087585516714 -1.5 19.30461621276816
4.848774253694069 -1.5 16.12033589350477
1.86106730506997 -1.5 14.0721785976441
2.171231362499578 -1.5 10.39926853241815
-1.187450907871311 -1.5 11.93856246207408
-0.3531883964644571 -1.5 8.899396482939114
5.519744243309763 -1.5 8.863845411263776
-4.940652779182088 -1.5 12.56475969630522
2.195090689386596 -1.5 6.521591513604523
-1.434653816942019 -1.5 37.32266370364312
-1.510816787614326 -1.5 15.48051787578973
-4.889284715881315 -1.5 20.44090021229933
3.729475244695774 -1.5 2.903591143236183
-2.590580679785841 -1.5 6.215994138758468
-5.17786506941045 -1.5 23.57986530898366
0.2295054451875931 -1.5 35.08655450219129
4.118070664588913 -1.5 37.64935244548491
-4.014298913189077 -1.5 37.54264981756444
-1.014541659471549 -1.5 26.84217768057704
6.565761234161961 -1.5 2.574166654490376
-2.915612393331411 -1.5 9.691676643986215
-2.675582849313302 -1.5 2.627953598908312
-1.491497537367477 -1.5 30.10196077120116
-6.297659364290308 -1.5 6.179541580455885
-1.166731512483508 -3.783583288638461 40
1.604621534083094 -3.493736806229642 40
4.204497543648224 -9.699641525606356 0
-7.504665215717504 2.076117056049043e-14 0
-10.01360283557782 3.459398700777601 0
-9.952347335282427 -3.562325366977118 0
-8.28225926107741 6.60489069880491 0
7.50466521571748 -8.691506489948669e-15 0
-3.752332607858754 -3.259313750797573e-16 0
3.752332607858753 -1.613545707800701e-15 0
8.643879263153004e-16 5.551115123125777e-16 0
-5.599238761511074 8.990103891911453 0
7.913893359863064 -3.245913943253347 43.78948121158254
9.193385683973643 -3.261669051937548 28.5275134817048
9.193385683973851 3.261669051936942 28.52751348170485
6.652617504236985 3.141241379777952 58.99554065229922
8.237262867764462 3.251401695295756 39.95162451164516
6.28168907922707 -3.217624949421028 62.79643657168234
-11.73128066296225 0.3658206351548721 3.341947424554161
-2.994492805538506 11.34508140865445 3.38466743266196
-2.879762434608137 -11.37192468062312 3.419408766471416
10.11646334979564 3.345788239617946 17.08501301298051
10.13994097335968 -3.269426385055376 17.10264947107312
-4.859360121525458 3.468038509654455 76.61865730217922
5.986966559112645 3.136159376705845 66.59774666370318
8.557207529299856 -3.25516565974323 36.14368486009381
5.61044116807096 -3.199497478681198 70.40984790038134
7.615447117221959 3.189694300003133 47.56614505689132
6.749975432508553 -3.630407535854907 55.08985028776149
10.33344225458509 -4.368711996773343 9.923708795559914
10.72924455023717 3.394787911756593 9.485175436666081
4.718238164040466 10.73561669153541 3.472744321307459
4.712243512000845 -10.74283313214679 3.419408766471715
-9.296268222620112 7.167457475359555 3.322311395245336
-9.257317901175359 -7.205259738421862 3.419408766471709
-4.722384685810231 -3.625614612545042 76.82610752708068
5.333912793146073 3.081567611235157 74.20311703908095
2.98274313054798 -5.166262648036096 76.67576704977438
10.11001643510303 -5.951236539755725 3.410773106832593
10.31700692552852 5.583284939902489 3.419408766471419
8.224603312786346 -3.26983533697319 40.01490958956582
8.576036544614709 3.204897166193261 36.14516673573713
8.887766519822764 3.228866409415029 32.32321695041099
7.410585290524829 6.122034762716206 30.33875528304161
6.586333022582346 -5.688889739330885 41.89159771829348
6.68820100219974 6.052552926309881 37.86094766485592
7.742597267633418 6.18905023901314 26.52772808920192
5.086946442228831 8.348194446680587 28.25912012127211
5.459654410362814 8.469639526293275 24.43611791152451
2.206695425183308 9.69916484578844 26.08552254940676
2.630155761199849 9.904236186407298 22.26740215358921
-0.8868602167735242 10.08532491749693 23.8337503359025
-1.308389073783467 9.736473727414245 27.64881363393975
-4.290920840617217 9.041619840686549 25.30896525825146
-4.697516866030663 8.497368974083324 29.10516246119266
-3.910546589958584 9.537080062312905 21.50296207870004
-6.892209923722413 7.516466808412511 22.89619038283309
-6.603526958176867 8.159946500521816 19.09483161848573
-8.913668742900441 5.345737635635566 20.40911992605664
-9.012107480335793 4.550419885740737 24.19564292048013
-10.12508596779599 1.878569283156958 21.62745071128618
-9.954917523043539 0.9702675863331377 25.38585495799854
-10.04605238809166 -1.823602752122734 22.74124694003984
-9.535617037955452 -2.723323714724678 26.4685649598273
-8.646924630144529 -5.278934265062245 23.74834092821211
-7.80209654770794 -5.996178660607893 27.44458287005535
-6.08094243643364 -8.014567475753418 24.64526756328501
-4.940947790061752 -8.431406489366868 28.30318533547853
-6.861225853368057 -6.643549676275252 31.12310196193313
-7.139278980816806 -7.49254563352149 20.97441825366862
-10.46268054109761 -0.9387340881937626 18.99947684068381
-3.53411787887224 10.00246004648367 17.68132832697252
-3.94527809739612 -9.498011764479655 21.79347499337701
-5.167652451113747 -9.223293224981894 18.14050279123036
-3.728744358894307 -8.722397581015896 31.94369469276258
-5.826296152080142 -7.200505397057791 34.78385374993156
-8.241921820373058 -4.379961193710156 33.88169862226466
-7.459340443229367 -5.112612881995013 37.56893051286348
-8.958943879100287 -1.710836583444428 36.58325567761882
-8.44271429166106 -2.582119074280889 40.29459713135989
-8.849031509267952 1.070299020100429 39.21740413320644
-8.617229372062209 0.1936188474746703 42.95454122565192
-7.84881715280161 3.779412329407767 41.78606371218864
-7.883275539180045 2.945653307677226 45.54367993095197
-8.295671475889934 -0.7088624289101382 46.68383601748943
-7.848582615437567 2.083565242172936 49.2945248014052
-7.871607973703336 -1.60264549583239 50.40425221447966
-7.732958398291283 1.20048135113565 53.040955023904
-7.323444861593991 -2.508430849609113 54.11409362245259
-7.526587044807004 0.2647435901841135 56.78095773474531
-6.2310632070273 -4.947699452321611 51.37754978153011
-6.434155195721141 4.620049426444385 51.82783209964787
-8.76965083544601 6.117323544611869 16.61403595664122
-5.25742739978446 -5.581487911274762 55.04715136430292
-5.992555912644155 6.049653226694621 44.27828421011857
-1.561069956064583 -10.39704256125759 18.88671514170989
-0.2196935096799385 -10.22650469825057 22.50441361864969
-5.729857203880819 6.695954222181959 40.49604595780226
-6.557061005639726 -5.799465541111054 41.24700145206562
5.953549333319203 -5.94102391375335 45.60589699030385
-2.883730968650453 -10.40760402821665 15.25090116299588
-6.333876196726998 -8.823617680683149 14.46482413698799
0.9175868314644764 -10.7072401421413 15.9274080618532
-3.178392574036632 -7.224004512353291 52.19326008167316
-1.8933003460804 -7.367312572188256 55.8221727361889
-4.16400837815129 -6.093652052127174 58.69650141740431
-3.04871517656711 8.067723467956929 42.88918567789707
-1.781179294387158 9.356255322149064 31.45686923712754
-2.45248862400848 -8.867967134811307 35.56664146154154
-0.01918543956834047 -9.43055347078324 32.64766569311364
-9.000117045228121 1.945347404130748 35.47626223734375
3.491901831095213 -7.86352495119228 43.15057619792356
-0.4359146808708436 -11.02267694552484 12.30858751177867
3.35461939575228 -10.45849732611466 12.91795948692068
4.605305552761977 -9.659922042801862 16.49851360019455
6.324133341199129 6.004780431494609 41.66640664528849
-2.693188489371694 8.506986918286282 39.09545289446297
-5.431478902031383 7.314280848637916 36.71565448169004
-4.434173675192789 -6.870396347519863 48.57511123596912
-0.5386359222491828 -7.303605643537937 59.4213196086008
-2.920316808545599 -6.466000142293761 62.32538206720927
-3.422345419778378 7.589980122376428 46.68414486250546
1.325837025255947 -9.05253624458406 36.22396251895316
3.68798310156968 -8.629740352153272 33.22983062494363
2.416102336556798 -9.356913092786304 29.6840102183764
0.5023755148684362 -7.820782657829989 52.89718397079524
4.708974893598946 8.222658972297435 32.07583169703594
5.839224704256721 8.580166071030574 20.6015606180429
0.005424565164569543 8.442719947920711 45.19950650279145
-0.4105988687255331 8.132980626056048 49.00352798859429
6.72795504025833 -8.630478284144836 13.42971213090384
-5.882086219335932 -4.082875467024121 61.49518239014504
-4.950412380381947 -4.76456605697332 65.17286893493815
-6.781041906457409 -1.503361225358711 64.22108418229843
-6.212007522612815 -2.382011811676975 67.93949543420082
-6.608540785001325 1.311875332815569 66.86647602501787
-3.78859074047539 -5.394541898420271 68.71511850111051
-6.700062864425609 2.142153037362991 63.09674931105766
-5.06174924270449 4.59402802553156 65.61902078559808
-4.769974458208361 5.304048113993391 61.83584927530294
-2.075751250840448 6.627465556320238 64.23076329420803
-2.478789186291978 6.165846677196002 68.03595563186684
-1.657656548521984 7.052380569178874 60.42337735373313
-1.127064595000917 -8.845915084115195 39.16781506803967
-9.074459176632292 3.697607001875685 27.96784400171379
3.031473787612909 10.10535650960644 18.4206466196157
6.214167172131771 8.68701026410689 16.76170864921733
3.435205070646822 10.29347058710379 14.59242139068507
6.588884869589507 8.788146426433146 12.91143272331685
3.835418926776172 10.47328610907618 10.75603128167054
0.3617966827999997 11.02145470757731 12.35816421749776
6.89347186624142 8.928307377681724 9.150592447847609
-6.429671525896054 0.3977892632139073 70.62153146172086
1.358332530254016 6.936142214669609 62.66833918772353
-4.488086265530751 5.92402322708659 58.0399382318063
-1.216354109171996 7.445276631047403 56.61907952953928
5.745224396011083 -9.640289205381146 9.880051805529927
3.864887577786523 8.0046505797274 39.53081411364172
3.013524488439732 -7.715611237606938 47.2259735587086
5.406115962832635 -6.045961418170158 49.42115224640713
0.942746345636029 11.28050814397504 8.642332451671976
-2.769055244049216 10.86279098353403 10.0357510560999
0.787496417341032 -6.996837199919389 63.00988845715089
-0.02018055812655542 -8.448269381746062 45.12871014782433
2.990831440052891 7.70932169014838 47.40504235598615
2.652406906242456 7.513734316312491 51.22947062364623
4.362349881615597 -7.997700073111103 36.7200927818467
5.8219785064814 -7.66322309522175 30.19057226144905
4.704916542255785 -8.711556909502999 26.671823664254
2.57872123714621 -6.801516525583703 60.05008756752957
8.07867237061779 -6.968169676195268 16.91626091994338
5.983485196866583 -8.53793837031537 20.00138779273294
8.509609223370754 -5.967447727299664 20.41310516772688
8.467166579655963 -7.346024957502112 10.0419298332542
7.659657476544917 -8.531528279886873 6.79166746211288
9.271377867456145 -5.766591768376965 13.74269959509314
-0.7595385117225937 -8.116519736358878 48.89371945822921
6.918174463998258 -7.422475686356035 23.54918417043955
8.909560712800658 -4.873113386906452 23.44076988639879
8.800977790831187 6.294188000835304 14.99237469517677
-2.243942831238456 8.94532280510238 35.29177761835788
-5.074083428193226 7.922160884197793 32.93685180218679
2.640833211110905 -8.466995775059509 39.77964823885651
2.46534641931117 -10.16972150249574 19.51316515621503
8.420879580324957 6.299048520869878 18.85421405294034
-0.8646394755394069 7.796505839982922 52.80312460943377
8.105706571229234 6.215646467874909 22.6864746551564
1.850181386716143 -7.326631028254306 56.45833830984077
4.102343598034314 -6.633446638232793 53.37270863770748
1.089848996102508 -9.884536057112332 26.1184064652063
-6.234333962710052 5.354855134728568 48.05032888830674
0.3007627556171227 8.735953853403201 41.40787358077701
3.376350816908443 7.876096915370884 43.59136566317127
1.833453399617936 7.128569485776686 58.9494925812544
2.19221519381282 7.345882581927788 55.06849047108347
5.24001304569749 5.7836447657794 53.31045856046779
3.639666413659991 -9.510729532850602 23.0823957911423
-8.934308244782542 -3.578832297408431 30.18431270307607
1.304405244999818 9.249774176845994 33.78204796236609
7.937387184503961 3.194011313031477 43.76114362604049
8.882697477734318 -3.226248884261449 32.39511024017794
7.008519245952842 -3.745247745127884 51.50511221496831
9.503663357957901 3.283552170839698 24.71463786267745
6.625926378208643 -3.1840791342087 59.06763763196672
0.8829027944350815 6.710377561410948 66.47617820873648
0.431133431678596 6.454428526126086 70.28041212838737
-2.997312400818579 5.600759043947748 71.76016420039501
0.1838073914228461 6.159271749533553 74.17864834713284
6.338459435609988 3.107601956751528 62.77795841995177
9.088375742478499 6.411275622456751 11.1536802201775
9.231201770540588 6.782410114513332 6.925354063184419
-7.773312153997236 4.543482029864095 38.0708976827774
10.44784547031242 3.293041440964305 13.28403161741805
7.631067776880936 -6.255314063448836 27.0994627699125
-7.168282884737469 6.827806794311156 26.68737763767962
5.963642096369647 -3.164950886875121 66.68927878045604
3.691677034972834 -5.493009064323476 68.38123830984426
3.113978555165671 -5.497625655697016 72.19300895411979
-0.02633266120821582 -6.513387885770509 69.7133404889365
-0.5810098435035775 -6.178972277285342 73.61684825812512
5.319749846458178 -3.095012034974712 74.27312088979566
-3.811064397982776 7.06556505070766 50.47091496960262
-4.164155706621239 6.512316215244975 54.25750353688656
-6.596384034129962 3.822482073405385 55.60378894455845
5.693634032963431 3.052618515126128 70.3880980036112
-10.22896550436032 2.758454817968946 17.86014306221474
-10.80074244130824 -0.01531153301384451 15.2378741705202
-10.06503878547823 -3.685960609992116 16.27999681716888
-10.6491465992536 -2.80876907952042 12.53679102466188
-11.0641109924014 0.8719181008416019 11.4557363540112
-11.11270354223656 -2.072281710078286 8.840081486884586
-9.82156984679485 -5.446448646847119 9.77578013640866
-11.32064881380241 1.556846575418544 7.278135763875532
-10.26648149236697 4.45861199444276 10.25582903003893
-9.38846346612636 -4.53380496573262 20.00129821335716
-10.29762823458689 3.548848337906223 14.07858696422299
-0.460235383658856 10.41421297193212 20.02018074904344
-7.819732309249829 -3.425602324579747 43.99965535806349
-5.696900670493325 -6.263610770775125 44.8929661207034
-7.084013939019176 -4.222061794711289 47.68942909318614
-4.697788189754965 -7.647881229482233 38.43012791739862
-2.718238359574902 -8.251176980408554 42.09070355542386
6.78744491564601 -6.429271502004231 33.68337439220053
-0.06004605662557474 10.72385994892513 16.2127607656608
-9.004342372706175 -6.207684178209591 13.50927743264542
-7.513420611165385 -8.25796046044578 10.61640962919094
-1.369060397286748 -9.613157969474122 29.09522473264869
-6.651809962343219 3.067899348441822 59.39894235598222
9.821072329952019 3.281096893946552 20.90598099357321
-9.36943501382282 -0.8701717161322687 32.91216834298179
-9.076641492082407 2.819058991576002 31.71034315666494
-8.104615918409623 -6.899905751838536 17.23035221169818
-6.641046220731655 -3.367077014091788 57.86594497657134
-7.203512125109337 -0.6646308732391273 60.5563972379355
-1.662070711830059 -6.603408752100234 65.9532388369053
1.752382367226666 9.485492271227269 29.91034562645465
-3.157323061909697 10.44190585635027 13.86491195816401
-6.009948753130162 9.325705659630968 11.50527379848959
-5.250083177299315 10.14111430754039 7.375622209881175
-6.335717907702814 8.740878643068092 15.3037640458004
-7.425256819183216 6.087275952800467 30.47545814177369
-7.63028131221509 5.318766265156641 34.29277167502997
-10.55763586080062 -4.615094799613457 6.070097129462571
2.978756127275285 5.159356955797906 76.77708640950702
7.04940219756367 6.090501955695967 34.10316066986687
-5.958054216420107 -0.1052451890827927 76.75839007294908
-5.780372976734945 -2.304957689197631 73.40393597779526
-2.687285818774689 -9.632942673919477 25.40282323704661
-4.211109395455421 -10.25347804994265 11.63189182516557
-1.840376645269258 -11.16670136081143 8.674006047561319
2.012728179357728 -11.08897597571682 9.273520992574589
0.9485457447817838 -11.51638797706085 5.649364507073459
-5.490683101014389 -10.0807021802889 6.619536193627482
-9.707909409386721 0.03246830296225262 29.12308243096657
5.596339051000432 5.857498331276819 49.53906392558852
3.866547902226375 -5.779363651182639 64.12179400331915
4.269271966756834 8.128583465867429 35.81201593650815
-8.648214188902566 6.777984115805781 12.86068358503038
8.032292777286417 8.550945690940361 3.407117329609986
7.544842141138526 -3.345370312515295 47.60696497449707
0.7022698793961919 11.71144705371016 3.39911617162844
-8.31269593119006 -7.876926255523499 6.96378968682377
-11.06366472285659 3.915923134359469 3.351495875172704
-6.529151241275238 9.752766280182454 3.347633604596195
0.7674599032527765 9.010304988669798 37.57313142462013
-5.31997683107099 3.802126998752928 69.38877624336268
-5.179735710733384 3.504551905129117 73.0108377008205
-10.01936709019048 5.596524002261212 6.65239261535927
-8.276419539642349 7.662527922103603 9.162517830756506
5.964749372808124 5.942336182059092 45.49334808991183
7.300514453267034 3.162118161433833 51.3850366125974
4.349777932842245 10.58154350099322 7.106572291166607
6.963136141158261 3.152403177525565 55.35473182185174
7.867106895594184 -8.729613433879312 3.157616564810868
-6.450569289439373 -9.821091579612066 3.175911023579762
4.519590661385685 5.625406317422444 60.78539176033016
11.08065882448961 -3.189415299241905 5.965045374239724
11.09987319675308 3.128692215598836 5.941614034472197
4.894895652288723 5.70239506623734 56.98556313691387
4.951543205236643 -5.651153866776831 57.0058481777624
4.181743243731966 5.520120200017203 64.48116474518233
3.763152947067699 5.443188697413346 68.39276271815594
-1.028912770623078 -5.835254290007242 77.18673141795152
9.943995216555424 -2.883158453922455 20.92034804807133
3.332308441598027 5.366550985591452 72.20970342847276
4.35518770018965 -10.60147140503684 6.846241459962802
9.764127095035445 -5.917127986366482 7.40621908121741
-11.17102799265548 -3.708616614122689 2.915516237776629
-1.368214014989726 11.39585868820341 6.636446558904068
-1.026372295734968 5.820846540961 77.37262334316128
-3.654681273777257 -5.015875896889105 73.61844991774463
6.952299412409076 -5.738972056320784 37.92799126908503
2.741000527487458 -7.543666084229788 50.491840833919
10.54625822188219 -2.937568507507081 13.37031217476109
0.3515131432113561 -8.688220608726155 41.98983185172869
0.9746345422669047 -11.76208972856607 2.510734475215751
-2.976152980702794 -7.835635800163439 45.9735113624431
-7.958434417127364 8.328772364485289 6.101886020616718
7.937063077022101 -5.41455821477414 30.39274782395696
1.466597763299599 -6.634462336854464 66.14049445893875
5.233287610856198 2.768252807570017 77.24930047901637
5.248593974836205 -2.731991800645705 77.29116814885538
-2.702429824911079 5.501825372352645 74.589246829328
-5.428112774614064 -3.463572621225097 70.6591822428832
11.42161303753389 -2.865258955235403 2.85224460448703
11.43396464721201 2.820216538592482 2.83810148489461
6.919074889860954 9.206468571664606 6.141856472646364
-11.40732724006851 -1.765485634071055 5.80497143133166
5.142843697352604 -7.245023608566302 39.58269981809052
-2.363526614569319 -5.94378075092928 71.19963993677224
5.095135256046669 -5.118540731780238 60.70797798326101
-6.153075377091734 0.7079345192994866 73.77645896943076
9.611005849926078 -2.619339105583233 25.90103167099565
1.942178575185269 11.36481392033485 5.977342051259296
7.572158395198326 4.466502656832129 9.00468997101618
6.980107514072594 4.341242394018109 16.26402983745762
2.742750287700215 8.643998809964211 5.48013364719895
6.360668507268026 4.246724211143901 23.53117147848648
2.918924364820613 7.987475876138424 12.65397967427403
7.162428857075636 5.889139176889022 2.888543694217754
4.042158271172172 5.142143961441704 37.6015381922593
5.571725211079714 4.36156560161798 30.80199482593742
2.909711417746082 7.37792185113652 19.93652356957913
3.085695694373933 6.679460526239853 27.21967214716939
5.252850257667261 4.309566040915819 34.37704361749616
2.937189341365559 8.285143624964046 9.016645253417416
6.70977881045553 4.234579438299317 19.89436241379811
7.326096133006579 4.323163804197657 12.62295151742545
2.919489260281814 7.06510910786377 23.5756947138377
2.7935110559159 7.728902198124168 16.28617780835076
5.949231637137571 4.335636015262884 27.17272414432709
5.79079306580204 6.863736103028635 6.604568079154824
7.962801949448775 4.299461958726792 5.725452598775806
2.88218392251466 6.457137681111661 30.86106208218109
4.690966125404142 8.013739890407734 2.722278941849881
5.538435087176638 6.659869096448285 10.64935771336102
2.668255150290013 6.237862628392754 34.50269188365773
5.368206235142886 6.426924486550729 14.30785375579138
5.10034164873045 6.275645858721624 17.95571590854841
4.952842122092064 6.025867410924865 21.59914456304271
5.60989545302059 3.304683973531558 37.98007330300599
1.743738854150323 6.264867809046301 38.08031499925149
2.319663409692475 9.006921601069914 2.530669951935337
8.468472527664703 3.855242101993952 2.481196420442294
4.778443948780099 5.808414501837559 25.14070985491356
-0.1493562798030226 1.5 2.977596923290847
-5.179317571469873 1.5 12.48335859458968
-4.579526342484332 1.5 19.77728847043847
3.950207006843097 1.5 26.95489690088005
4.918636149610959 1.5 16.66963147533857
2.912013504726371 1.5 34.0267525128375
-3.763031535331493 1.5 30.65963920801872
5.506189203353362 1.5 8.839670439854197
-1.543069924384969 1.5 37.32732449133376
-5.961978049105564 1.5 5.348191768031356
5.192834857348058 1.5 3.613421265778065
-3.322456154282598 1.5 34.55560486474923
-0.6286684689387965 1.5 32.20042693839287
-0.9246804769712256 1.5 28.65648964603457
4.3725970189313 1.5 30.62583182109851
-4.062663102108731 1.5 27.05323648152473
-1.208884981648406 1.5 25.04112792324989
-4.347779198768373 1.5 23.42385985878841
-1.323147996777964 1.5 21.38131597930455
-1.558329107666603 1.5 17.73501921977872
2.067872166603053 1.5 23.22981782690378
1.741087585516652 1.5 19.30461621276821
-4.848774253694092 1.5 16.12033589350477
-1.861067305069984 1.5 14.07217859764411
-2.171231362499578 1.5 10.39926853241816
1.187450907871295 1.5 11.93856246207411
0.3531883964644589 1.5 8.89939648293913
-5.519744243309761 1.5 8.863845411263775
4.940652779182084 1.5 12.56475969630523
-2.195090689386593 1.5 6.521591513604523
1.434653816942014 1.5 37.32266370364311
1.510816787614304 1.5 15.48051787578974
4.889284715881287 1.5 20.44090021229934
-3.729475244695774 1.5 2.903591143236183
2.590580679785844 1.5 6.215994138758474
5.177865069410433 1.5 23.57986530898366
-0.2295054451875966 1.5 35.08655450219129
-4.118070664588908 1.5 37.64935244548492
4.014298913189072 1.5 37.54264981756444
1.014541659471524 1.5 26.84217768057702
-6.565761234161965 1.5 2.574166654490375
2.915612393331409 1.5 9.691676643986227
2.675582849313301 1.5 2.627953598908312
1.491497537367469 1.5 30.10196077120114
6.297659364290308 1.5 6.179541580455886
-7.572158395198285 4.466502656832199 9.00468997101617
-6.978882514926644 4.343179856212911 16.26424161648531
-3.110980156646656 8.524151248911334 5.411529721271629
-6.251878764596507 4.404461909109182 23.53739978958218
-3.104249028237761 7.914978264815293 12.68136101245046
-7.162428857075634 5.889139176889027 2.888543694217748
-4.042158271172172 5.142143961441704 37.6015381922593
-5.571725211079696 4.361565601618009 30.80199482593738
-3.095988572648899 7.30049432002223 19.95077432195766
-3.085695694372432 6.679460526240486 27.21967214717011
-5.252850257701994 4.309566040870414 34.3770436175209
-3.107521553456305 8.220308301334351 9.045939579805049
-6.586438325473918 4.422562092123625 19.90442745665028
-7.326030560869449 4.323272930762966 12.62296437465365
-3.09120364846346 6.990860714157873 23.58526131966266
-3.100393395495898 7.608448060539437 16.31610842076845
-5.931403606951387 4.350848003576589 27.24150608006662
-5.946669415477035 6.729371926195463 6.602328270811105
-7.962801949447752 4.299461958729437 5.725452598771267
-2.882183922512972 6.457137681112343 30.86106208218191
-4.690966125403539 8.013739890406706 2.722278941865042
-5.620191791929556 6.592332253040212 10.63668380547271
-2.668255150317146 6.237862628381178 34.50269188365737
-5.368206235138893 6.42692448655411 14.30785375579095
-5.168093928380741 6.22040596746203 17.95145063364192
-4.94643688068836 6.029328638560057 21.61680546997504
-5.610345042503758 3.300394047482397 38.0028027339095
-2.051131032825956 6.182224947330647 37.94575242107908
-2.511587881485191 8.961037867645224 2.460472559621887
-8.442419561080026 3.897164880436855 2.560136344878427
-4.765324719670499 5.803444693752951 25.29533864788655
1.861466232561885 -0.6775183007441694 80
-1.796581528936375 0.6539021999652996 80
1.425965863507625 2.469845325454036 80
-0.4952327472266952 -2.808604475826126 80
0.8864427124246977 3.92596586350763 40
-1.569078932238123 3.542351276701311 40
2.907700549642803 3.7920509629269 40
-0.05637186389601714 -6.661338147750939e-16 48.02595125622625
0.03805038499498092 0.0113307235050657 55.62911321368786
0.007221859023906596 0.001250507753945751 62.6819253421326
0.2179318051557688 -0.005704458791932598 69.08440999117504
1.810588582750122 2.55366794421982 44.46585117380725
0.6848412429018387 -0.06420112586420483 74.61270865315143
-3.774809897643918 3.996802888650564e-15 44.70463912195717
1.543069924384979 -1.900682340978388 44.17781704094374
-1.824594335375709 2.691885470224876 51.84607458698184
-2.190648643220657 -2.202675094260208 51.85791473768514
2.836048594327471 1.194993778200094 51.79042569732404
2.968626653052281 0.3755028100132787 59.16892418398916
-2.446534876774487 -1.782648280636411 59.14216945508945
-2.232524379820204 3.977558901324415 44.21963110582637
-1.261170356104856 2.655470227325129 59.15369396921512
4.597347601250017 0.0772764304141714 47.1579691471357
-1.878467665693586 -3.60578125079051 46.3237331891066
2.048131711624458 -3.081446137604854 50.57023384953458
1.160958789072108 4.087485542843813 49.02208076193875
-2.876446743250052 -0.6093436835452963 65.84136885143153
-4.262203992879048 -0.07350831717801887 48.8811235396523
4.629209773154914 8.215650382226158e-15 43.1068788686911
2.830197295843423 0.4451186058505168 65.79421495232647
1.510710131960218 -3.324365960288496 57.75482165335476
-3.968429835214628 0.5053466543109865 54.65206418912722
-0.6683868204321608 2.931509630041173 65.58629575325453
-2.759812352923281 3.488434439361973 48.09787972670293
0.06362093579291339 -5.18502837428373 43.22561252260908
0.4755734728673149 -2.794161235477088 65.52386102664512
1.504445697284284 3.647327197334463 56.43549228833879
-1.897048482109082 -3.427595933733054 55.5975919499348
-0.9307970821638167 0 42.88073689093332
-2.535628740185837 -0.1897249026557177 72.0991991753379
-3.399621762232675 -3.174818739312647 43.12995109180886
1.224804823124305 5.424537714222568 42.92986208314807

CELLS 3886 17696
1 0
1 1
1 2
1 3
1 4
1 5
1 6
1 7
1 8
1 9
1 10
1 11
2 0 12
2 12 13
2 13 14
2 14 15
2 15 16
2 16 17
2 17 1
2 0 18
2 18 19
2 19 20
2 20 21
2 21 1
2 2 22
2 22 23
2 23 24
2 24 25
2 25 26
2 26 27
2 27 28
2 28 29
2 29 30
2 30 31
2 31 0
2 2 32
2 32 33
2 33 34
2 34 35
2 35 3
2 1 36
2 36 37
2 37 38
2 38 39
2 39 40
2 40 41
2 41 42
2 42 43
2 43 44
2 44 45
2 45 3
2 2 46
2 46 47
2 47 48
2 48 3
2 4 49
2 49 50
2 50 51
2 51 52
2 52 53
2 53 54
2 54 55
2 55 56
2 56 57
2 57 58
2 58 59
2 59 60
2 60 61
2 61 62
2 62 63
2 63 64
2 64 65
2 65 66
2 66 4
2 5 67
2 67 68
2 68 69
2 69 6
2 5 70
2 70 71
2 71 72
2 72 73
2 73 7
2 6 74
2 74 75
2 75 76
2 76 7
2 8 77
2 77 78
2 78 79
2 79 80
2 80 81
2 81 82
2 82 83
2 83 84
2 84 8
2 4 85
2 85 86
2 86 87
2 87 88
2 88 89
2 89 90
2 90 91
2 91 92
2 92 93
2 93 94
2 94 95
2 95 96
2 96 97
2 97 98
2 98 99
2 99 100
2 100 101
2 101 102
2 102 103
2 103 104
2 104 8
2 9 105
2 105 106
2 106 107
2 107 108
2 108 109
2 109 110
2 110 111
2 111 112
2 112 113
2 113 114
2 114 5
2 9 115
2 115 116
2 116 10
2 6 117
2 117 118
2 118 119
2 119 120
2 120 121
2 121 122
2 122 123
2 123 124
2 124 125
2 125 126
2 126 10
2 7 127
2 127 128
2 128 129
2 129 130
2 130 131
2 131 132
2 132 133
2 133 134
2 134 135
2 135 136
2 136 11
2 9 137
2 137 138
2 138 139
2 139 11
2 10 140
2 140 141
2 141 11
3 12 208 0
3 0 208 31
3 1 204 17
3 36 204 1
3 22 201 2
3 2 201 32
3 35 202 3
3 3 202 45
3 13 207 12
3 12 207 151
3 151 208 12
3 14 186 13
3 186 207 13
3 15 142 14
3 142 186 14
3 16 198 15
3 15 198 142
3 17 153 16
3 153 198 16
3 17 204 153
3 23 152 22
3 152 201 22
3 24 176 23
3 23 176 152
3 25 148 24
3 148 176 24
3 26 180 25
3 25 180 148
3 27 147 26
3 147 180 26
3 28 181 27
3 27 181 147
3 29 146 28
3 146 181 28
3 30 154 29
3 29 154 146
3 31 209 30
3 30 209 154
3 208 209 31
3 32 177 33
3 32 201 177
3 33 145 34
3 33 177 145
3 34 179 35
3 145 179 34
3 179 202 35
3 37 190 36
3 190 204 36
3 38 150 37
3 150 190 37
3 39 183 38
3 38 183 150
3 40 143 39
3 143 183 39
3 41 187 40
3 40 187 143
3 42 144 41
3 144 187 41
3 43 195 42
3 42 195 144
3 44 149 43
3 149 195 43
3 45 178 44
3 44 178 149
3 45 202 178
3 142 184 175
3 175 193 142
3 142 198 184
3 142 193 186
3 168 182 143
3 143 187 168
3 182 206 143
3 143 206 183
3 168 187 144
3 144 191 168
3 174 191 144
3 144 195 174
3 145 185 173
3 173 205 145
3 177 185 145
3 145 205 179
3 154 155 146
3 155 156 146
3 156 181 146
3 147 192 180
3 181 189 147
3 189 192 147
3 148 197 176
3 180 194 148
3 194 197 148
3 174 195 149
3 149 199 174
3 178 199 149
3 183 200 150
3 150 196 190
3 150 200 196
3 151 162 154
3 154 209 151
3 151 207 162
3 151 209 208
3 176 203 152
3 152 185 177
3 177 201 152
3 152 203 185
3 153 196 184
3 184 198 153
3 190 196 153
3 153 204 190
3 154 162 155
3 155 157 156
3 155 188 157
3 162 188 155
3 157 158 156
3 158 189 156
3 156 189 181
3 157 159 158
3 157 160 159
3 157 188 160
3 159 161 158
3 161 164 158
3 164 189 158
3 160 163 159
3 159 182 161
3 163 182 159
3 160 169 163
3 160 175 169
3 160 188 175
3 161 165 164
3 161 168 165
3 161 182 168
3 186 193 162
3 162 207 186
3 162 193 188
3 169 200 163
3 163 206 182
3 200 206 163
3 165 166 164
3 166 192 164
3 164 192 189
3 165 167 166
3 165 191 167
3 168 191 165
3 167 170 166
3 170 194 166
3 166 194 192
3 167 171 170
3 167 174 171
3 167 191 174
3 175 184 169
3 184 196 169
3 196 200 169
3 171 172 170
3 172 197 170
3 170 197 194
3 171 173 172
3 171 199 173
3 174 199 171
3 173 185 172
3 185 203 172
3 172 203 197
3 199 205 173
3 188 193 175
3 197 203 176
3 178 202 179
3 179 205 178
3 178 205 199
3 192 194 180
3 183 206 200
3 18 0 31
3 21 250 1
3 1 250 36
3 2 248 22
3 46 248 2
3 45 247 3
3 3 247 48
3 18 252 19
3 31 220 18
3 220 252 18
3 19 210 20
3 19 252 210
3 20 243 21
3 210 243 20
3 243 250 21
3 22 215 23
3 22 248 215
3 23 224 24
3 215 224 23
3 24 213 25
3 24 224 213
3 25 245 26
3 213 245 25
3 26 242 27
3 26 245 242
3 27 214 28
3 27 242 214
3 28 238 29
3 214 238 28
3 29 217 30
3 29 238 217
3 30 254 31
3 217 254 30
3 31 254 220
3 36 219 37
3 36 250 219
3 37 237 38
3 219 237 37
3 38 211 39
3 38 237 211
3 39 232 40
3 211 232 39
3 40 212 41
3 40 232 212
3 41 227 42
3 212 227 41
3 42 225 43
3 42 227 225
3 43 216 44
3 43 225 216
3 44 221 45
3 216 221 44
3 221 247 45
3 47 240 46
3 240 248 46
3 48 218 47
3 218 240 47
3 48 247 218
3 239 243 210
3 210 244 239
3 210 252 244
3 211 233 232
3 211 234 233
3 211 237 234
3 212 228 227
3 212 229 228
3 212 232 229
3 224 253 213
3 230 245 213
3 213 249 230
3 213 253 249
3 231 241 214
3 214 242 231
3 214 241 238
3 215 246 222
3 222 253 215
3 215 253 224
3 240 246 215
3 215 248 240
3 216 222 221
3 216 223 222
3 216 225 223
3 238 251 217
3 217 251 244
3 244 254 217
3 221 246 218
3 218 247 221
3 218 246 240
3 219 239 237
3 219 243 239
3 219 250 243
3 244 252 220
3 220 254 244
3 222 246 221
3 223 253 222
3 225 226 223
3 226 249 223
3 249 253 223
3 225 227 226
3 227 228 226
3 228 230 226
3 230 249 226
3 229 231 228
3 228 231 230
3 229 241 231
3 232 233 229
3 233 241 229
3 231 242 230
3 242 245 230
3 234 235 233
3 235 241 233
3 234 236 235
3 234 239 236
3 237 239 234
3 236 251 235
3 238 241 235
3 235 251 238
3 239 244 236
3 244 251 236
3 46 2 32
3 35 3 48
3 33 255 32
3 32 255 46
3 34 255 33
3 35 256 34
3 34 256 255
3 48 256 35
3 46 255 47
3 47 256 48
3 255 256 47
3 57 7 0
3 7 258 0
3 12 260 0
3 0 258 18
3 58 57 0
3 0 260 58
3 1 5 4
3 4 66 1
3 1 262 5
3 1 66 17
3 21 262 1
3 4 5 49
3 49 5 67
3 5 262 70
3 52 6 53
3 69 6 52
3 6 74 53
3 57 259 7
3 73 258 7
3 7 259 76
3 12 13 60
3 59 12 60
3 59 260 12
3 13 14 61
3 60 13 61
3 14 15 62
3 61 14 62
3 16 257 15
3 62 15 63
3 15 257 63
3 17 65 16
3 16 65 64
3 64 257 16
3 17 66 65
3 18 263 19
3 18 258 73
3 73 263 18
3 19 265 20
3 19 263 72
3 72 265 19
3 20 264 21
3 71 264 20
3 20 265 71
3 70 262 21
3 21 264 70
3 50 49 67
3 51 50 68
3 68 50 67
3 52 51 69
3 69 51 68
3 53 74 54
3 54 266 55
3 74 266 54
3 55 261 56
3 75 261 55
3 55 266 75
3 56 259 57
3 76 259 56
3 56 261 76
3 58 260 59
3 63 257 64
3 70 264 71
3 71 265 72
3 72 263 73
3 75 266 74
3 76 261 75
3 49 580 4
3 4 579 66
3 85 579 4
3 4 580 85
3 8 575 77
3 84 576 8
3 104 575 8
3 8 576 104
3 50 294 49
3 294 580 49
3 51 533 50
3 50 533 294
3 52 286 51
3 286 533 51
3 53 535 52
3 52 535 286
3 54 274 53
3 274 535 53
3 55 538 54
3 54 538 274
3 56 288 55
3 288 538 55
3 57 537 56
3 56 537 288
3 58 273 57
3 273 537 57
3 59 562 58
3 58 562 273
3 60 289 59
3 289 562 59
3 61 549 60
3 60 549 289
3 62 275 61
3 275 549 61
3 63 570 62
3 62 570 275
3 64 287 63
3 287 570 63
3 65 548 64
3 64 548 287
3 66 293 65
3 293 548 65
3 66 579 293
3 77 518 78
3 77 575 518
3 78 564 79
3 518 564 78
3 79 278 80
3 79 564 278
3 80 520 81
3 278 520 80
3 81 290 82
3 81 520 290
3 82 557 83
3 290 557 82
3 83 292 84
3 83 557 292
3 292 576 84
3 86 551 85
3 85 552 86
3 551 579 85
3 85 580 552
3 87 284 86
3 86 285 87
3 284 551 86
3 86 552 285
3 87 467 88
3 88 568 87
3 87 568 284
3 285 467 87
3 88 276 89
3 89 277 88
3 88 467 276
3 277 568 88
3 89 503 90
3 90 558 89
3 276 503 89
3 89 558 277
3 90 457 91
3 91 587 90
3 433 558 90
3 90 587 433
3 90 503 457
3 92 268 91
3 91 269 92
3 268 587 91
3 91 457 269
3 92 297 93
3 93 455 92
3 92 455 268
3 269 297 92
3 94 280 93
3 93 296 94
3 280 455 93
3 93 297 296
3 94 271 95
3 95 295 94
3 94 296 271
3 94 295 280
3 96 267 95
3 95 454 96
3 267 295 95
3 271 454 95
3 96 282 97
3 97 534 96
3 96 534 267
3 96 454 282
3 98 456 97
3 97 545 98
3 282 545 97
3 456 534 97
3 99 283 98
3 98 547 99
3 283 456 98
3 545 547 98
3 99 270 100
3 100 458 99
3 99 547 270
3 99 458 283
3 101 272 100
3 100 463 101
3 270 463 100
3 272 458 100
3 101 279 102
3 102 470 101
3 101 470 272
3 101 463 279
3 103 281 102
3 102 479 103
3 279 479 102
3 281 470 102
3 103 291 104
3 104 475 103
3 103 475 281
3 103 479 291
3 291 575 104
3 104 576 475
3 267 299 295
3 267 354 299
3 267 534 354
3 455 573 268
3 268 573 468
3 468 587 268
3 269 298 297
3 269 301 298
3 269 457 301
3 270 550 463
3 547 553 270
3 270 553 550
3 296 300 271
3 300 370 271
3 370 454 271
3 272 585 458
3 470 530 272
3 530 585 272
3 487 537 273
3 273 582 487
3 562 582 273
3 274 538 513
3 513 563 274
3 274 563 535
3 275 526 524
3 524 527 275
3 275 570 526
3 527 549 275
3 434 439 276
3 276 467 434
3 439 503 276
3 277 427 425
3 425 430 277
3 277 558 427
3 430 568 277
3 278 586 520
3 278 577 541
3 541 586 278
3 564 577 278
3 463 555 279
3 279 556 479
3 555 556 279
3 295 566 280
3 280 497 455
3 280 566 497
3 281 471 470
3 281 472 471
3 281 475 472
3 454 544 282
3 282 544 529
3 529 545 282
3 443 456 283
3 283 554 443
3 458 554 283
3 284 430 428
3 428 561 284
3 284 568 430
3 284 561 551
3 285 465 464
3 464 467 285
3 285 552 465
3 286 581 533
3 535 588 286
3 546 581 286
3 286 588 546
3 287 548 429
3 429 560 287
3 287 560 526
3 526 570 287
3 537 542 288
3 288 572 538
3 542 572 288
3 289 536 517
3 517 562 289
3 289 549 536
3 520 521 290
3 521 565 290
3 290 565 557
3 479 559 291
3 291 559 518
3 518 575 291
3 292 474 472
3 472 475 292
3 292 557 474
3 475 576 292
3 429 548 293
3 293 561 429
3 551 561 293
3 293 579 551
3 294 533 465
3 465 552 294
3 552 580 294
3 299 566 295
3 297 519 296
3 296 519 300
3 298 519 297
3 301 302 298
3 302 381 298
3 381 519 298
3 354 366 299
3 366 583 299
3 299 583 566
3 300 412 370
3 300 531 412
3 519 531 300
3 301 303 302
3 301 441 303
3 301 457 441
3 303 304 302
3 304 510 302
3 302 510 381
3 303 305 304
3 303 382 305
3 303 441 382
3 305 306 304
3 306 307 304
3 307 510 304
3 305 491 306
3 382 400 305
3 400 491 305
3 306 308 307
3 306 310 308
3 306 491 310
3 308 309 307
3 309 362 307
3 362 510 307
3 308 469 309
3 310 311 308
3 311 469 308
3 309 436 362
3 309 515 436
3 469 515 309
3 310 312 311
3 310 326 312
3 310 491 326
3 312 313 311
3 313 314 311
3 314 469 311
3 312 347 313
3 326 514 312
3 312 514 347
3 313 315 314
3 313 480 315
3 347 480 313
3 315 316 314
3 316 399 314
3 399 469 314
3 315 317 316
3 315 325 317
3 315 480 325
3 317 318 316
3 318 528 316
3 316 528 399
3 317 319 318
3 317 489 319
3 325 489 317
3 319 320 318
3 320 452 318
3 452 528 318
3 319 321 320
3 319 324 321
3 319 489 324
3 321 322 320
3 322 323 320
3 323 452 320
3 321 522 322
3 324 327 321
3 327 522 321
3 322 329 323
3 322 501 329
3 322 522 501
3 329 330 323
3 330 331 323
3 331 452 323
3 324 328 327
3 324 506 328
3 489 506 324
3 480 481 325
3 481 482 325
3 482 489 325
3 491 498 326
3 498 511 326
3 511 514 326
3 328 350 327
3 350 351 327
3 351 522 327
3 328 355 350
3 328 356 355
3 328 506 356
3 329 363 330
3 329 364 363
3 329 501 364
3 330 332 331
3 330 495 332
3 363 495 330
3 332 333 331
3 333 504 331
3 331 504 452
3 332 334 333
3 332 353 334
3 332 495 353
3 334 335 333
3 335 365 333
3 365 504 333
3 334 336 335
3 334 492 336
3 353 492 334
3 336 337 335
3 337 466 335
3 335 466 365
3 336 338 337
3 336 339 338
3 336 492 339
3 338 349 337
3 349 352 337
3 352 466 337
3 339 340 338
3 340 445 338
3 338 445 349
3 339 341 340
3 339 494 341
3 492 494 339
3 341 342 340
3 342 346 340
3 346 445 340
3 341 343 342
3 341 345 343
3 341 494 345
3 343 344 342
3 344 478 342
3 342 478 346
3 343 507 344
3 345 348 343
3 348 507 343
3 344 502 478
3 344 508 502
3 507 508 344
3 345 358 348
3 345 373 358
3 345 494 373
3 346 476 445
3 346 477 476
3 346 478 477
3 347 490 480
3 347 532 490
3 514 532 347
3 358 359 348
3 359 360 348
3 360 507 348
3 349 361 352
3 349 376 361
3 349 445 376
3 350 438 351
3 355 357 350
3 357 438 350
3 438 451 351
3 351 451 444
3 444 522 351
3 361 371 352
3 371 372 352
3 372 466 352
3 353 493 492
3 353 496 493
3 495 496 353
3 354 413 366
3 354 414 413
3 354 534 414
3 356 523 355
3 355 367 357
3 355 523 367
3 499 500 356
3 356 506 499
3 500 523 356
3 367 368 357
3 368 369 357
3 369 438 357
3 358 380 359
3 373 431 358
3 358 431 380
3 359 374 360
3 359 442 374
3 380 442 359
3 374 375 360
3 375 386 360
3 386 507 360
3 361 446 371
3 376 383 361
3 383 446 361
3 362 436 435
3 435 453 362
3 453 510 362
3 364 377 363
3 377 398 363
3 398 495 363
3 364 378 377
3 364 379 378
3 364 501 379
3 466 516 365
3 365 505 504
3 365 516 505
3 413 418 366
3 418 569 366
3 366 569 437
3 437 583 366
3 367 525 368
3 523 524 367
3 524 525 367
3 368 385 369
3 368 411 385
3 368 525 411
3 385 425 369
3 425 426 369
3 426 438 369
3 412 447 370
3 447 544 370
3 370 544 454
3 371 435 372
3 371 539 435
3 446 539 371
3 435 436 372
3 436 516 372
3 372 516 466
3 373 571 431
3 373 494 493
3 493 571 373
3 374 417 375
3 374 424 417
3 374 442 424
3 375 387 386
3 375 509 387
3 417 509 375
3 376 384 383
3 376 476 384
3 445 476 376
3 378 421 377
3 377 437 398
3 421 437 377
3 379 422 378
3 378 497 421
3 422 497 378
3 379 423 422
3 379 444 423
3 379 501 444
3 431 567 380
3 380 443 442
3 380 567 443
3 381 510 453
3 453 531 381
3 381 531 519
3 382 401 400
3 382 439 401
3 382 441 439
3 384 419 383
3 419 447 383
3 383 447 446
3 384 420 419
3 384 440 420
3 384 476 440
3 411 428 385
3 385 430 425
3 428 430 385
3 387 388 386
3 388 508 386
3 386 508 507
3 387 389 388
3 387 391 389
3 387 509 391
3 389 390 388
3 390 392 388
3 392 508 388
3 389 407 390
3 391 578 389
3 389 578 407
3 390 393 392
3 390 540 393
3 407 540 390
3 391 509 473
3 473 584 391
3 391 584 578
3 393 394 392
3 394 502 392
3 502 508 392
3 393 395 394
3 393 396 395
3 393 540 396
3 395 397 394
3 397 409 394
3 409 502 394
3 396 459 395
3 395 408 397
3 395 459 408
3 396 460 459
3 396 461 460
3 396 540 461
3 408 448 397
3 397 410 409
3 397 448 410
3 437 569 398
3 398 496 495
3 398 569 496
3 399 515 469
3 505 515 399
3 399 528 505
3 401 402 400
3 402 498 400
3 400 498 491
3 401 403 402
3 401 434 403
3 401 439 434
3 403 404 402
3 404 405 402
3 405 498 402
3 403 406 404
3 403 464 406
3 434 464 403
3 404 415 405
3 406 546 404
3 404 546 415
3 415 416 405
3 416 511 405
3 405 511 498
3 464 465 406
3 465 581 406
3 406 581 546
3 407 578 521
3 521 586 407
3 407 541 540
3 407 586 541
3 408 550 448
3 459 555 408
3 408 555 550
3 410 477 409
3 477 478 409
3 478 502 409
3 410 449 440
3 440 477 410
3 448 449 410
3 411 429 428
3 411 560 429
3 525 560 411
3 446 447 412
3 412 539 446
3 531 539 412
3 414 567 413
3 413 431 418
3 413 567 431
3 414 456 443
3 443 567 414
3 414 534 456
3 415 563 416
3 546 588 415
3 415 588 563
3 416 512 511
3 416 513 512
3 416 563 513
3 424 530 417
3 417 574 509
3 530 574 417
3 431 571 418
3 496 569 418
3 418 571 496
3 420 529 419
3 419 544 447
3 529 544 419
3 440 449 420
3 449 450 420
3 450 529 420
3 421 583 437
3 497 566 421
3 566 583 421
3 423 468 422
3 468 573 422
3 422 573 497
3 423 451 432
3 432 468 423
3 444 451 423
3 442 554 424
3 424 585 530
3 554 585 424
3 425 427 426
3 427 432 426
3 432 451 426
3 426 451 438
3 427 433 432
3 427 558 433
3 429 561 428
3 433 468 432
3 433 587 468
3 434 467 464
3 435 539 453
3 515 516 436
3 441 503 439
3 476 477 440
3 457 503 441
3 443 554 442
3 501 522 444
3 448 553 449
3 550 553 448
3 449 553 450
3 450 545 529
3 450 547 545
3 450 553 547
3 504 528 452
3 453 539 531
3 497 573 455
3 458 585 554
3 460 556 459
3 459 556 555
3 461 462 460
3 462 559 460
3 460 559 556
3 461 577 462
3 540 541 461
3 541 577 461
3 518 559 462
3 462 564 518
3 462 577 564
3 550 555 463
3 533 581 465
3 471 530 470
3 472 473 471
3 473 574 471
3 471 574 530
3 472 474 473
3 474 584 473
3 509 574 473
3 557 565 474
3 565 584 474
3 556 559 479
3 480 490 481
3 481 483 482
3 481 484 483
3 481 490 484
3 483 499 482
3 482 506 489
3 499 506 482
3 484 485 483
3 485 486 483
3 486 499 483
3 484 487 485
3 484 488 487
3 484 490 488
3 485 517 486
3 487 582 485
3 485 582 517
3 486 500 499
3 486 536 500
3 517 536 486
3 488 542 487
3 487 542 537
3 490 532 488
3 532 543 488
3 488 543 542
3 493 494 492
3 496 571 493
3 500 527 523
3 500 536 527
3 505 528 504
3 505 516 515
3 512 514 511
3 513 543 512
3 512 532 514
3 512 543 532
3 538 572 513
3 513 572 543
3 517 582 562
3 520 586 521
3 521 578 565
3 523 527 524
3 524 526 525
3 526 560 525
3 536 549 527
3 563 588 535
3 543 572 542
3 578 584 565
3 67 5 618
3 5 114 618
3 6 69 617
3 117 6 617
3 105 9 615
3 9 115 615
3 116 10 616
3 10 126 616
3 68 67 594
3 594 67 618
3 69 68 609
3 68 594 609
3 69 609 617
3 106 105 599
3 599 105 615
3 107 106 596
3 596 106 599
3 108 107 605
3 107 596 605
3 109 108 592
3 592 108 605
3 110 109 601
3 109 592 601
3 111 110 590
3 590 110 601
3 112 111 602
3 111 590 602
3 113 112 589
3 589 112 602
3 114 113 607
3 113 589 607
3 114 607 618
3 115 116 595
3 115 595 615
3 595 116 616
3 118 117 591
3 591 117 617
3 119 118 600
3 118 591 600
3 120 119 593
3 593 119 600
3 121 120 604
3 120 593 604
3 122 121 597
3 597 121 604
3 123 122 603
3 122 597 603
3 124 123 598
3 598 123 603
3 125 124 608
3 124 598 608
3 126 125 611
3 125 608 611
3 126 611 616
3 589 602 610
3 589 606 607
3 606 589 610
3 590 601 613
3 602 590 612
3 612 590 613
3 600 591 606
3 606 591 609
3 609 591 617
3 601 592 614
3 592 605 619
3 614 592 619
3 593 600 610
3 604 593 612
3 593 610 612
3 606 594 607
3 594 606 609
3 607 594 618
3 599 595 611
3 595 599 615
3 611 595 616
3 596 598 605
3 598 596 608
3 596 599 608
3 603 597 614
3 597 604 613
3 597 613 614
3 598 603 619
3 605 598 619
3 608 599 611
3 600 606 610
3 613 601 614
3 610 602 612
3 603 614 619
3 604 612 613
3 114 5 70
3 73 7 660
3 7 127 660
3 9 105 658
3 137 9 658
3 136 11 657
3 11 139 657
3 70 71 662
3 114 70 630
3 630 70 662
3 71 72 620
3 71 620 662
3 72 73 653
3 620 72 653
3 653 73 660
3 105 106 625
3 105 625 658
3 106 107 634
3 625 106 634
3 107 108 623
3 107 623 634
3 108 109 655
3 623 108 655
3 109 110 652
3 109 652 655
3 110 111 624
3 110 624 652
3 111 112 648
3 624 111 648
3 112 113 627
3 112 627 648
3 113 114 664
3 627 113 664
3 114 630 664
3 127 128 629
3 127 629 660
3 128 129 647
3 629 128 647
3 129 130 621
3 129 621 647
3 130 131 642
3 621 130 642
3 131 132 622
3 131 622 642
3 132 133 637
3 622 132 637
3 133 134 635
3 133 635 637
3 134 135 626
3 134 626 635
3 135 136 631
3 626 135 631
3 631 136 657
3 138 137 650
3 650 137 658
3 139 138 628
3 628 138 650
3 139 628 657
3 649 620 653
3 620 649 654
3 620 654 662
3 621 642 643
3 621 643 644
3 621 644 647
3 622 637 638
3 622 638 639
3 622 639 642
3 634 623 663
3 640 623 655
3 623 640 659
3 623 659 663
3 641 624 651
3 624 641 652
3 624 648 651
3 625 632 656
3 632 625 663
3 625 634 663
3 650 625 656
3 625 650 658
3 626 631 632
3 626 632 633
3 626 633 635
3 648 627 661
3 627 654 661
3 654 627 664
3 631 628 656
3 628 631 657
3 628 650 656
3 629 647 649
3 629 649 653
3 629 653 660
3 654 630 662
3 630 654 664
3 632 631 656
3 633 632 663
3 635 633 636
3 636 633 659
3 659 633 663
3 635 636 637
3 637 636 638
3 638 636 640
3 640 636 659
3 639 638 641
3 638 640 641
3 639 641 651
3 642 639 643
3 643 639 651
3 641 640 652
3 652 640 655
3 644 643 645
3 645 643 651
3 644 645 646
3 644 646 649
3 647 644 649
3 646 645 661
3 648 645 651
3 645 648 661
3 649 646 654
3 654 646 661
3 74 6 693
3 6 117 693
3 7 76 694
3 127 7 694
3 126 10 692
3 10 140 692
3 11 136 691
3 141 11 691
3 75 74 685
3 685 74 693
3 76 75 670
3 670 75 685
3 76 670 694
3 117 118 667
3 117 667 693
3 118 119 676
3 667 118 676
3 119 120 669
3 119 669 676
3 120 121 680
3 669 120 680
3 121 122 673
3 121 673 680
3 122 123 679
3 673 122 679
3 123 124 674
3 123 674 679
3 124 125 684
3 674 124 684
3 125 126 687
3 684 125 687
3 687 126 692
3 128 127 683
3 683 127 694
3 129 128 665
3 665 128 683
3 130 129 678
3 129 665 678
3 131 130 666
3 666 130 678
3 132 131 677
3 131 666 677
3 133 132 668
3 668 132 677
3 134 133 681
3 133 668 681
3 135 134 672
3 672 134 681
3 136 135 675
3 135 672 675
3 136 675 691
3 140 141 671
3 140 671 692
3 671 141 691
3 678 665 686
3 682 665 683
3 665 682 686
3 677 666 689
3 666 678 688
3 666 688 689
3 667 676 682
3 667 682 685
3 667 685 693
3 668 677 690
3 681 668 695
3 668 690 695
3 676 669 686
3 669 680 688
3 686 669 688
3 670 682 683
3 682 670 685
3 670 683 694
3 671 675 687
3 675 671 691
3 671 687 692
3 674 672 681
3 672 674 684
3 675 672 684
3 673 679 690
3 680 673 689
3 689 673 690
3 679 674 695
3 674 681 695
3 675 684 687
3 682 676 686
3 677 689 690
3 678 686 688
3 690 679 695
3 688 680 689
3 77 698 8
3 8 696 84
3 8 698 696
3 78 698 77
3 79 698 78
3 80 697 79
3 697 698 79
3 81 697 80
3 82 699 81
3 81 699 697
3 83 699 82
3 84 699 83
3 696 699 84
3 696 698 697
3 697 699 696
3 137 115 9
3 10 116 700
3 140 10 701
3 10 700 701
3 11 141 139
3 116 115 702
3 115 137 702
3 700 116 702
3 137 138 700
3 137 700 702
3 138 139 701
3 700 138 701
3 139 141 701
3 141 140 701
4 706 708 460 735
4 460 708 462 735
4 704 713 283 720
4 704 720 283 726
4 461 460 462 735
4 713 714 547 732
4 354 718 710 720
4 408 550 705 717
4 417 715 705 726
4 704 714 713 732
4 550 714 705 717
4 272 585 705 714
4 283 714 704 726
4 417 375 705 715
4 550 463 705 714
4 354 710 413 720
4 99 547 713 714
4 417 530 705 731
4 585 424 705 726
4 555 550 463 705
4 555 408 550 705
4 585 705 714 726
4 477 717 727 732
4 705 715 392 717
4 392 715 705 722
4 388 715 392 722
4 388 508 392 715
4 375 705 715 722
4 375 715 386 722
4 479 706 103 708
4 461 706 460 735
4 417 705 375 731
4 702 707 115 737
4 559 460 706 708
4 477 727 711 732
4 417 705 424 726
4 710 719 413 720
4 559 462 460 708
4 103 706 281 708
4 394 705 392 717
4 530 272 585 705
4 420 449 711 732
4 555 705 463 725
4 417 374 715 726
4 392 705 394 728
4 705 722 375 731
4 417 374 375 715
4 477 717 409 727
4 387 375 386 722
4 472 708 706 735
4 477 410 717 732
4 408 705 555 728
4 440 420 449 711
4 99 98 283 713
4 392 715 508 717
4 479 103 291 708
4 702 115 707 724
4 272 705 530 731
4 272 714 705 725
4 475 103 281 708
4 100 714 272 725
4 299 35 710 724
4 502 392 508 717
4 479 559 706 708
4 462 708 577 735
4 702 137 115 724
4 461 462 577 735
4 472 281 706 708
4 141 709 139 716
4 139 141 11 709
4 477 410 409 717
4 392 722 705 728
4 705 717 394 728
4 440 711 449 732
4 454 707 115 724
4 720 726 704 733
4 474 706 584 735
4 413 719 710 730
4 388 386 715 722
4 702 115 116 737
4 337 709 141 716
4 101 100 272 725
4 272 725 705 731
4 370 115 454 707
4 408 717 705 728
4 705 714 463 725
4 463 714 100 725
4 375 722 387 731
4 396 461 540 706
4 443 726 720 733
4 11 141 337 709
4 443 283 720 726
4 705 725 555 728
4 103 479 102 706
4 354 413 414 720
4 544 707 718 721
4 281 103 102 706
4 396 460 461 706
4 99 547 98 713
4 256 35 710 730
4 702 707 137 724
4 479 291 559 708
4 710 718 354 724
4 472 475 281 708
4 474 472 706 735
4 101 463 100 725
4 408 395 717 728
4 474 708 472 735
4 540 396 706 728
4 443 720 380 733
4 540 706 461 735
4 431 719 712 720
4 442 726 443 733
4 712 719 373 723
4 544 718 282 721
4 115 707 370 737
4 494 345 373 723
4 397 408 395 717
4 494 373 719 723
4 345 712 373 723
4 420 711 440 721
4 477 409 478 727
4 290 520 697 708
4 337 338 709 716
4 395 394 717 728
4 704 727 717 732
4 704 711 727 732
4 540 706 722 728
4 267 354 718 724
4 540 722 706 735
4 716 721 707 737
4 460 556 706 728
4 413 710 354 730
4 281 471 706 725
4 442 443 380 733
4 714 717 550 732
4 460 706 396 728
4 373 712 431 719
4 408 448 550 717
4 388 386 508 715
4 393 392 394 728
4 290 520 708 735
4 383 721 716 737
4 544 282 529 721
4 281 706 102 725
4 454 718 707 724
4 473 391 706 731
4 703 719 710 720
4 278 577 708 735
4 48 710 35 724
4 479 706 556 725
4 454 544 707 718
4 413 719 431 720
4 540 407 722 735
4 391 584 706 735
4 383 716 721 729
4 256 35 48 710
4 281 470 471 725
4 278 708 520 735
4 448 550 717 732
4 456 283 713 720
4 391 584 473 706
4 502 394 392 717
4 479 559 556 706
4 278 577 564 708
4 391 722 706 731
4 706 725 471 731
4 697 520 278 708
4 102 706 479 725
4 559 460 556 706
4 417 424 374 726
4 431 712 358 720
4 383 376 716 729
4 712 720 704 733
4 337 349 338 716
4 97 713 718 720
4 370 454 544 707
4 380 720 712 733
4 138 47 48 734
4 709 719 494 736
4 458 714 283 726
4 383 384 376 729
4 556 725 706 728
4 383 721 384 729
4 281 471 472 706
4 358 712 380 720
4 397 395 394 717
4 392 393 722 728
4 578 722 389 735
4 492 709 494 736
4 710 718 703 720
4 139 2 46 709
4 373 358 431 712
4 473 472 471 706
4 696 575 104 708
4 577 462 564 708
4 471 473 706 731
4 338 709 716 729
4 278 564 697 708
4 707 703 716 734
4 707 721 419 737
4 346 711 342 723
4 458 99 283 714
4 48 710 137 734
4 454 282 544 718
4 431 358 380 720
4 337 141 349 716
4 267 354 534 718
4 544 419 707 721
4 540 407 390 722
4 48 137 138 734
4 337 336 11 709
4 35 256 34 730
4 494 719 709 723
4 391 389 578 722
4 281 102 470 725
4 383 419 721 737
4 544 370 707 737
4 456 283 98 713
4 341 712 723 727
4 711 342 723 727
4 709 716 703 734
4 138 707 716 734
4 565 290 708 735
4 450 713 547 732
4 387 386 388 722
4 696 104 576 708
4 278 541 577 735
4 97 456 713 720
4 290 697 699 708
4 540 722 393 728
4 338 723 709 729
4 341 723 342 727
4 707 137 724 734
4 338 336 337 709
4 470 471 725 731
4 137 707 138 734
4 557 565 290 708
4 341 343 712 727
4 540 390 393 722
4 391 578 584 735
4 547 714 270 732
4 272 470 725 731
4 141 140 349 716
4 139 11 2 709
4 97 718 456 720
4 137 702 700 707
4 407 389 722 735
4 710 724 137 734
4 413 418 719 730
4 554 283 443 726
4 494 709 339 723
4 712 713 704 720
4 338 716 349 729
4 413 354 366 730
4 419 544 707 737
4 494 492 339 709
4 2 709 492 736
4 701 138 716 734
4 279 479 556 725
4 48 137 710 724
4 272 458 585 714
4 460 459 556 728
4 707 716 703 729
4 370 116 115 737
4 704 712 711 713
4 557 290 699 708
4 711 712 703 713
4 270 714 550 732
4 346 342 711 727
4 707 721 716 729
4 336 492 2 709
4 290 521 520 735
4 440 711 476 721
4 384 440 476 721
4 340 346 342 723
4 338 349 445 729
4 586 278 520 735
4 456 718 534 720
4 341 342 343 727
4 541 461 577 735
4 711 723 346 729
4 47 710 48 734
4 567 413 431 720
4 703 716 709 729
4 450 529 713 721
4 698 697 564 708
4 556 555 725 728
4 338 340 723 729
4 408 397 448 717
4 712 719 703 720
4 576 292 696 708
4 553 270 550 732
4 35 34 366 730
4 704 713 711 732
4 104 103 475 708
4 346 477 478 711
4 9 454 115 724
4 272 530 470 731
4 352 141 140 349
4 707 724 710 734
4 346 711 478 727
4 509 375 387 731
4 139 716 709 734
4 518 564 462 708
4 477 478 711 727
4 11 336 2 709
4 431 413 418 719
4 707 703 721 729
4 104 291 103 708
4 450 420 529 721
4 340 346 723 729
4 518 462 559 708
4 703 713 712 720
4 547 270 553 732
4 380 712 358 733
4 344 715 507 727
4 361 349 140 716
4 48 35 3 724
4 338 445 340 729
4 565 557 474 708
4 507 727 715 733
4 338 339 709 723
4 575 696 698 708
4 518 559 291 708
4 705 715 714 726
4 476 721 711 729
4 375 374 360 715
4 544 529 419 721
4 138 137 700 707
4 279 102 479 725
4 507 343 727 733
4 361 716 140 737
4 341 343 345 712
4 272 100 458 714
4 360 715 374 733
4 440 449 410 732
4 585 714 458 726
4 547 99 270 714
4 474 565 708 735
4 704 715 714 717
4 714 715 705 717
4 2 46 709 736
4 47 730 710 734
4 550 270 463 714
4 395 393 394 728
4 97 713 545 718
4 431 380 567 720
4 255 730 47 734
4 456 98 97 713
4 715 717 704 727
4 715 726 374 733
4 139 709 46 734
4 10 361 140 737
4 478 502 344 727
4 476 384 721 729
4 140 716 701 737
4 141 139 701 716
4 712 727 343 733
4 348 712 343 733
4 472 292 475 708
4 540 393 396 728
4 341 712 345 723
4 556 459 555 728
4 576 104 475 708
4 473 509 391 731
4 373 345 358 712
4 494 341 345 723
4 518 698 564 708
4 709 703 719 734
4 575 291 104 708
4 696 292 699 708
4 141 701 140 716
4 508 507 344 715
4 701 716 139 734
4 407 389 390 722
4 710 719 703 734
4 97 534 456 718
4 556 555 279 725
4 703 719 712 723
4 703 707 710 734
4 565 521 290 735
4 267 718 96 724
4 96 718 454 724
4 10 140 701 737
4 419 447 544 737
4 702 700 707 737
4 361 352 140 349
4 494 719 493 736
4 97 545 282 718
4 442 380 359 733
4 518 291 575 708
4 392 393 390 722
4 345 343 348 712
4 458 283 554 726
4 456 443 283 720
4 407 578 389 735
4 507 348 343 733
4 707 703 718 721
4 383 419 384 721
4 450 529 545 713
4 450 545 547 713
4 414 456 534 720
4 714 715 704 726
4 509 417 375 731
4 96 282 454 718
4 711 723 712 727
4 540 461 541 735
4 460 396 459 728
4 474 584 565 735
4 472 474 292 708
4 518 575 698 708
4 492 494 493 736
4 256 710 47 730
4 339 492 336 709
4 534 96 267 718
4 340 445 346 729
4 338 340 339 723
4 450 547 553 732
4 699 292 557 708
4 278 586 541 735
4 557 292 474 708
4 255 730 734 736
4 9 115 137 724
4 475 292 576 708
4 448 717 410 732
4 2 492 32 736
4 410 448 397 717
4 554 443 442 726
4 544 447 370 737
4 272 470 101 725
4 376 349 716 729
4 713 718 703 721
4 705 725 722 731
4 338 339 336 709
4 719 730 571 736
4 463 270 100 714
4 520 521 586 735
4 722 725 706 731
4 705 722 725 728
4 703 712 711 723
4 47 628 139 138
4 375 360 386 715
4 706 725 722 728
4 703 718 713 720
4 476 711 346 729
4 545 98 547 713
4 699 697 696 708
4 710 734 730 736
4 376 445 349 729
4 255 47 46 734
4 703 710 707 718
4 703 709 723 729
4 476 440 477 711
4 374 726 359 733
4 256 48 47 710
4 710 719 734 736
4 555 463 279 725
4 384 420 440 721
4 711 712 704 727
4 711 713 703 721
4 344 507 343 727
4 359 380 358 733
4 255 256 47 730
4 48 47 138 218
4 345 348 358 712
4 408 555 459 728
4 409 394 502 717
4 360 374 359 733
4 698 696 697 708
4 471 574 473 731
4 46 47 628 139
4 703 709 719 723
4 358 712 348 733
4 447 116 370 737
4 571 730 496 736
4 374 442 359 726
4 545 97 98 713
4 553 550 448 732
4 340 342 341 723
4 346 476 477 711
4 391 387 389 722
4 409 410 397 717
4 414 413 567 720
4 701 139 138 734
4 137 48 138 218
4 346 478 342 727
4 361 383 716 737
4 709 46 734 736
4 442 359 726 733
4 360 507 715 733
4 431 418 571 719
4 47 138 139 734
4 715 727 704 733
4 473 574 509 731
4 710 730 719 736
4 575 8 696 104
4 709 734 719 736
4 476 376 384 729
4 255 734 46 736
4 578 565 584 735
4 392 390 388 722
4 703 723 711 729
4 445 476 346 729
4 704 717 714 732
4 361 383 376 716
4 108 42 43 225
4 397 394 409 717
4 520 697 81 290
4 650 137 138 218
4 46 47 240 628
4 139 46 47 734
4 134 635 24 133
4 101 279 463 725
4 413 366 418 730
4 341 494 339 723
4 32 492 353 736
4 108 43 107 225
4 25 24 635 133
4 707 718 710 724
4 496 33 32 736
4 508 386 507 715
4 703 711 721 729
4 360 348 507 733
4 470 530 471 731
4 494 373 493 719
4 621 130 28 642
4 99 458 100 714
4 540 541 407 735
4 36 5 1 262
4 373 431 571 719
4 493 571 496 736
4 288 56 55 261
4 493 719 571 736
4 447 419 383 737
4 576 696 8 104
4 443 567 380 720
4 449 450 553 732
4 271 9 454 115
4 408 459 395 728
4 496 32 353 736
4 571 719 418 730
4 37 627 112 113
4 360 507 386 715
4 85 36 37 113
4 42 108 655 225
4 635 245 25 133
4 80 278 697 520
4 99 100 270 714
4 554 585 458 726
4 496 730 33 736
4 564 79 278 697
4 664 37 36 113
4 267 95 3 724
4 9 48 137 247
4 211 39 111 232
4 712 704 727 733
4 112 39 211 38
4 24 224 635 134
4 634 107 43 225
4 635 637 245 133
4 225 655 42 227
4 267 96 95 724
4 95 454 9 724
4 26 25 132 316
4 25 133 132 316
4 237 37 112 38
4 10 446 361 737
4 38 112 237 211
4 530 574 471 731
4 27 26 242 132
4 652 109 41 110
4 25 24 213 635
4 623 108 107 225
4 95 96 454 724
4 376 349 361 716
4 359 358 348 733
4 44 45 105 221
4 136 631 22 135
4 28 27 214 131
4 54 55 266 538
4 102 101 470 725
4 129 485 484 128
4 39 112 211 111
4 128 129 30 647
4 11 2 657 139
4 129 30 485 128
4 626 224 215 135
4 133 24 134 528
4 627 37 112 237
4 237 112 627 211
4 454 370 271 115
4 140 10 371 361
4 290 697 81 699
4 133 25 24 528
4 704 726 715 733
4 361 446 383 737
4 626 635 224 134
4 225 43 634 216
4 664 36 37 219
4 102 279 101 725
4 48 9 3 247
4 48 9 137 724
4 109 41 42 655
4 340 341 339 723
4 443 456 414 720
4 389 387 388 722
4 248 628 657 139
4 621 28 238 642
4 211 111 648 232
4 85 5 1 36
4 395 396 393 728
4 108 109 42 655
4 623 655 108 225
4 25 213 245 635
4 132 317 26 316
4 628 248 46 139
4 26 25 245 132
4 504 23 24 135
4 677 313 131 132
4 133 245 25 132
4 631 626 215 135
4 334 2 336 492
4 218 650 221 246
4 240 628 656 631
4 224 23 215 135
4 420 419 529 721
4 129 130 29 621
4 84 696 576 292
4 25 26 317 316
4 255 33 730 736
4 26 27 325 132
4 637 213 636 635
4 227 225 623 226
4 111 624 39 110
4 417 509 574 731
4 180 148 25 318
4 352 337 141 349
4 645 643 235 233
4 638 622 242 637
4 228 652 227 212
4 624 39 40 232
4 658 9 137 247
4 253 633 635 626
4 663 225 216 223
4 131 325 27 132
4 624 40 39 110
4 22 136 135 365
4 701 700 10 737
4 476 445 376 729
4 2 32 46 736
4 224 24 135 134
4 43 44 107 634
4 44 105 106 221
4 57 56 537 259
4 147 180 26 489
4 24 224 213 635
4 107 634 623 225
4 105 3 9 247
4 105 45 3 247
4 657 22 11 136
4 449 448 410 732
4 630 262 114 250
4 258 31 220 660
4 217 251 647 621
4 237 627 661 211
4 11 2 22 657
4 683 487 127 128
4 132 313 131 315
4 250 630 264 243
4 263 660 220 653
4 131 27 214 622
4 567 443 414 720
4 578 521 565 735
4 603 122 123 305
4 373 571 493 719
4 420 384 419 721
4 417 574 530 731
4 534 97 96 718
4 389 388 390 722
4 267 299 3 295
4 287 64 63 257
4 640 636 230 226
4 496 353 493 736
4 28 29 130 621
4 39 624 111 232
4 91 42 43 108
4 255 32 33 736
4 135 504 23 365
4 110 109 41 89
4 344 343 342 727
4 25 133 316 528
4 446 116 447 737
4 248 628 631 657
4 247 658 221 218
4 360 359 348 733
4 646 236 649 239
4 642 241 238 643
4 648 651 233 232
4 238 621 642 643
4 211 648 233 232
4 133 637 245 132
4 655 41 42 227
4 48 3 9 724
4 97 282 96 718
4 366 34 35 583
4 230 640 226 228
4 638 636 230 640
4 636 230 213 637
4 227 623 640 226
4 648 112 111 211
4 163 182 159 368
4 648 627 112 211
4 621 251 647 644
4 661 234 237 211
4 658 105 9 247
4 640 652 227 228
4 242 230 638 637
4 633 213 253 635
4 225 663 623 223
4 306 123 122 305
4 642 622 214 639
4 624 229 232 212
4 163 160 169 368
4 107 91 43 108
4 41 655 652 227
4 242 245 637 132
4 248 22 2 657
4 36 5 262 114
4 201 32 2 334
4 647 129 29 621
4 368 160 169 525
4 131 28 481 130
4 230 638 640 228
4 622 214 131 642
4 135 134 528 505
4 622 231 214 639
4 229 624 641 212
4 123 603 305 304
4 515 469 309 681
4 693 6 53 117
4 478 344 342 727
4 192 164 328 189
4 355 367 157 159
4 180 25 26 317
4 644 621 238 643
4 233 234 648 211
4 110 624 40 212
4 240 248 628 631
4 658 650 221 218
4 27 28 481 131
4 127 31 7 258
4 328 355 156 158
4 23 22 135 365
4 646 235 236 645
4 669 120 119 405
4 4 5 1 85
4 582 127 487 128
4 259 127 7 694
4 214 238 28 642
4 111 624 648 232
4 116 446 447 412
4 22 23 504 365
4 668 313 132 314
4 447 370 116 412
4 480 131 313 315
4 58 59 260 562
4 224 24 23 135
4 106 107 44 634
4 554 424 585 726
4 306 123 305 304
4 32 201 332 334
4 664 627 37 113
4 595 116 115 412
4 242 214 27 622
4 652 624 110 212
4 499 506 156 181
4 644 238 235 643
4 234 648 645 233
4 76 56 694 261
4 528 504 135 505
4 637 622 242 132
4 227 652 41 212
4 245 213 230 637
4 655 623 640 227
4 650 658 137 218
4 46 240 248 628
4 625 106 105 221
4 327 192 164 328
4 44 107 92 43
4 136 22 11 335
4 313 677 668 132
4 43 44 634 216
4 135 626 224 134
4 647 29 217 621
4 251 217 238 621
4 627 648 661 211
4 5 114 70 262
4 110 41 40 89
4 11 22 2 335
4 55 75 670 261
4 82 557 290 699
4 240 656 650 246
4 366 34 569 730
4 395 459 396 728
4 140 371 671 352
4 132 325 26 315
4 485 487 484 128
4 252 19 72 265
4 265 20 71 662
4 35 3 299 295
4 575 696 8 698
4 218 240 650 246
4 656 628 240 650
4 232 40 624 212
4 316 133 132 314
4 656 240 215 246
4 625 650 656 246
4 132 131 325 315
4 637 245 213 635
4 623 655 225 227
4 238 214 241 642
4 651 648 624 232
4 452 24 148 318
4 265 72 252 620
4 265 20 662 210
4 697 564 79 698
4 449 553 448 732
4 158 355 157 159
4 655 109 41 652
4 245 242 26 132
4 355 367 159 357
4 120 669 511 405
4 697 81 80 520
4 169 411 368 525
4 702 116 700 737
4 504 333 22 365
4 167 171 444 423
4 696 84 699 292
4 110 39 111 88
4 85 36 113 114
4 411 163 169 368
4 629 254 244 647
4 237 654 664 219
4 355 356 156 157
4 161 164 350 165
4 299 366 35 583
4 2 22 201 334
4 29 30 129 647
4 27 147 489 181
4 666 678 490 347
4 29 30 485 129
4 496 571 418 730
4 424 442 374 726
4 53 693 117 535
4 317 132 315 316
4 110 40 39 88
4 319 321 180 320
4 37 36 85 551
4 288 694 56 261
4 148 320 452 318
4 113 36 664 114
4 198 184 142 570
4 127 582 31 128
4 258 7 127 660
4 81 82 290 699
4 645 236 646 234
4 644 235 236 646
4 269 457 108 605
4 86 85 37 113
4 181 489 27 482
4 123 307 306 308
4 352 140 371 361
4 156 189 328 158
4 132 315 316 314
4 315 132 313 314
4 491 122 597 305
4 632 656 215 246
4 498 120 680 511
4 316 318 25 528
4 379 444 171 423
4 602 590 111 467
4 79 80 278 697
4 590 602 434 467
4 70 630 262 114
4 220 18 31 258
4 537 487 127 683
4 484 481 28 130
4 627 661 654 237
4 217 251 244 647
4 328 355 356 156
4 516 136 466 365
4 116 370 115 412
4 305 597 491 400
4 105 3 45 94
4 105 9 3 94
4 643 241 235 233
4 643 645 651 233
4 499 506 356 156
4 656 215 240 631
4 650 625 221 246
4 321 327 166 522
4 308 306 123 679
4 385 200 183 428
4 664 627 654 237
4 217 244 254 647
4 332 201 22 334
4 33 32 495 496
4 403 434 612 602
4 578 407 521 735
4 481 325 27 131
4 37 627 664 237
4 133 681 314 399
4 262 1 36 250
4 36 85 5 114
4 10 116 446 737
4 645 235 236 234
4 644 235 646 645
4 3 267 295 95
4 266 55 75 538
4 107 44 92 106
4 590 434 276 467
4 176 148 320 452
4 269 457 605 301
4 3 95 9 724
4 121 491 122 597
4 597 614 382 603
4 699 84 83 292
4 164 351 350 165
4 575 8 77 698
4 613 401 439 590
4 73 660 263 653
4 250 264 21 243
4 532 490 678 347
4 366 569 418 730
4 239 244 649 210
4 30 29 217 647
4 109 457 503 592
4 226 225 659 223
4 249 633 636 635
4 276 111 590 467
4 259 537 127 694
4 33 569 34 730
4 197 176 148 320
4 592 108 457 605
4 454 95 9 271
4 369 159 182 368
4 325 317 26 315
4 382 597 400 613
4 130 490 480 666
4 326 498 680 511
4 601 109 503 592
4 412 116 10 616
4 31 0 7 258
4 438 161 350 165
4 31 18 0 258
4 686 665 678 532
4 114 262 36 250
4 215 253 224 626
4 625 663 634 216
4 112 37 113 86
4 110 590 601 276
4 665 488 542 128
4 672 515 309 681
4 307 124 123 304
4 255 46 32 736
4 492 493 353 736
4 681 668 133 314
4 29 28 238 621
4 55 670 288 261
4 597 121 491 400
4 258 127 31 660
4 29 238 217 621
4 28 146 181 482
4 194 322 148 320
4 44 45 93 105
4 295 45 3 94
4 335 2 11 336
4 483 481 28 484
4 192 327 324 328
4 112 37 86 38
4 242 231 214 622
4 624 652 641 212
4 539 611 126 453
4 216 625 663 222
4 253 215 632 626
4 605 457 592 301
4 622 242 231 638
4 228 641 652 212
4 438 350 351 165
4 172 364 501 171
4 117 6 53 535
4 298 605 302 301
4 182 163 369 368
4 306 310 122 679
4 401 434 439 590
4 181 146 499 482
4 167 444 351 451
4 159 158 355 357
4 30 647 254 128
4 590 439 601 276
4 586 407 541 735
4 115 595 412 300
4 295 3 45 202
4 486 30 209 485
4 148 176 24 452
4 503 601 439 276
4 400 401 382 613
4 329 322 172 501
4 176 197 323 320
4 166 194 321 522
4 601 503 110 276
4 361 10 371 446
4 113 607 589 285
4 318 24 25 528
4 313 312 690 677
4 29 484 130 129
4 83 557 699 292
4 264 20 21 243
4 263 72 73 653
4 491 326 121 673
4 441 601 614 439
4 326 680 689 514
4 689 688 666 347
4 435 362 687 436
4 412 370 115 300
4 592 457 503 441
4 124 307 510 304
4 325 481 480 131
4 324 321 192 180
4 351 165 167 451
4 120 680 121 498
4 382 597 603 305
4 324 192 328 189
4 50 67 49 294
4 302 596 605 298
4 127 273 582 487
4 322 194 321 320
4 230 242 245 637
4 640 652 655 227
4 330 329 323 203
4 242 230 231 638
4 652 640 641 228
4 503 601 592 441
4 310 122 679 673
4 495 330 201 177
4 333 332 22 334
4 614 382 441 439
4 424 554 442 726
4 209 517 486 485
4 1 85 36 579
4 126 435 692 539
4 416 119 118 415
4 336 335 2 334
4 166 170 522 167
4 34 256 255 730
4 310 491 306 122
4 670 75 76 261
4 506 489 181 482
4 10 446 116 412
4 30 31 582 128
4 323 176 320 452
4 31 30 254 128
4 690 311 312 313
4 26 27 489 325
4 630 264 70 250
4 660 220 18 263
4 690 313 677 668
4 680 121 498 326
4 379 501 364 171
4 603 303 382 305
4 356 499 156 146
4 329 330 185 203
4 329 322 197 172
4 621 238 251 644
4 234 661 648 211
4 481 27 325 482
4 641 638 231 228
4 258 220 18 660
4 262 630 70 250
4 225 623 659 223
4 633 249 213 635
4 689 326 514 312
4 317 26 489 325
4 310 491 122 673
4 662 264 630 243
4 263 220 252 653
4 24 452 504 528
4 164 328 189 158
4 688 680 669 514
4 172 322 197 501
4 623 659 640 226
4 249 230 213 636
4 604 402 401 612
4 402 403 401 612
4 189 356 506 156
4 112 39 38 87
4 329 197 323 203
4 362 435 687 125
4 648 645 661 234
4 235 251 238 644
4 649 252 653 620
4 210 662 239 243
4 535 6 52 617
4 511 669 680 514
4 10 446 616 539
4 307 362 684 124
4 324 321 180 319
4 258 73 7 660
4 688 689 514 347
4 490 480 666 347
4 15 14 62 570
4 40 110 89 88
4 185 363 364 377
4 611 381 531 519
4 177 398 363 145
4 663 659 623 223
4 213 253 249 633
4 670 538 572 682
4 328 356 506 189
4 71 72 265 620
4 265 19 20 210
4 37 86 38 284
4 189 506 324 147
4 434 403 464 602
4 649 236 244 239
4 649 654 646 239
4 531 611 539 453
4 150 190 37 561
4 612 401 613 590
4 206 182 385 425
4 484 29 485 129
4 665 129 488 128
4 184 153 429 548
4 489 147 506 181
4 105 658 625 221
4 248 215 22 631
4 335 136 333 365
4 480 131 130 666
4 303 382 614 603
4 132 133 668 314
4 422 149 573 468
4 371 435 692 372
4 109 42 41 90
4 351 166 444 167
4 619 303 301 441
4 626 215 632 631
4 625 216 221 222
4 252 72 263 653
4 264 662 20 243
4 4 5 85 580
4 491 310 326 673
4 643 642 241 639
4 651 229 233 232
4 434 401 612 590
4 14 15 142 570
4 115 370 271 300
4 28 29 484 130
4 10 446 412 616
4 570 184 142 526
4 149 195 573 468
4 647 30 254 217
4 670 694 288 261
4 239 661 234 237
4 251 647 644 649
4 692 435 687 372
4 670 75 55 538
4 234 646 661 239
4 644 236 251 649
4 522 351 166 444
4 641 231 639 229
4 665 488 678 532
4 486 29 30 485
4 42 109 108 90
4 248 240 215 631
4 658 650 625 221
4 68 50 51 533
4 323 197 322 320
4 314 681 469 399
4 435 371 692 539
4 288 683 670 572
4 371 372 671 352
4 676 119 118 416
4 313 690 311 668
4 323 330 203 152
4 680 121 326 673
4 148 24 25 318
4 330 495 201 332
4 28 27 481 482
4 444 166 522 167
4 612 610 403 602
4 228 231 641 229
4 231 639 638 641
4 110 89 88 276
4 466 671 372 352
4 243 630 654 219
4 244 220 629 653
4 589 607 465 285
4 645 235 234 233
4 235 644 643 645
4 262 21 1 250
4 498 402 400 604
4 671 692 371 140
4 131 480 325 315
4 451 426 191 432
4 592 614 619 441
4 589 602 112 285
4 495 398 363 177
4 241 235 238 643
4 648 651 645 233
4 331 23 176 452
4 385 183 430 428
4 214 241 642 639
4 229 651 624 232
4 573 43 268 195
4 353 495 32 496
4 405 402 120 593
4 671 466 141 352
4 105 93 44 106
4 52 286 535 617
4 506 189 156 181
4 156 500 356 146
4 487 537 542 683
4 591 588 118 600
4 51 52 69 286
4 369 182 161 168
4 328 164 350 158
4 303 619 614 441
4 684 362 307 309
4 668 311 313 314
4 259 7 76 694
4 337 335 11 336
4 605 619 302 301
4 155 500 356 156
4 170 322 194 522
4 285 113 607 552
4 510 362 125 453
4 573 268 43 455
4 153 190 196 429
4 120 669 680 511
4 39 112 111 87
4 331 176 323 452
4 405 119 404 593
4 183 206 200 385
4 124 362 125 510
4 402 120 498 405
4 698 564 78 518
4 121 498 326 491
4 444 522 170 167
4 131 481 480 130
4 334 332 32 353
4 222 632 215 246
4 303 302 619 301
4 91 43 92 107
4 558 40 277 187
4 618 49 67 294
4 298 269 605 301
4 593 402 604 612
4 122 491 121 673
4 152 203 323 176
4 629 128 254 647
4 664 37 237 219
4 252 265 620 210
4 662 620 265 210
4 289 536 207 151
4 404 402 405 593
4 428 411 200 196
4 683 665 542 128
4 516 135 365 505
4 675 691 671 466
4 311 310 308 679
4 467 112 602 285
4 161 159 182 369
4 157 156 355 158
4 405 404 119 415
4 511 498 120 405
4 514 532 688 347
4 60 12 289 207
4 466 337 141 352
4 198 64 16 548
4 403 402 593 612
4 665 686 543 532
4 322 197 194 148
4 85 1 4 579
4 26 27 147 489
4 591 286 581 609
4 581 591 609 606
4 328 506 324 189
4 312 514 689 347
4 671 372 675 466
4 136 335 466 365
4 604 400 597 613
4 91 92 43 268
4 668 681 469 314
4 75 685 266 538
4 314 316 133 399
4 162 155 527 188
4 423 167 171 174
4 322 197 323 329
4 310 306 308 679
4 169 200 411 196
4 400 121 498 604
4 401 400 604 613
4 15 16 198 257
4 511 680 326 514
4 488 490 129 678
4 649 644 236 646
4 236 646 234 239
4 659 623 225 226
4 636 213 249 635
4 426 369 182 425
4 310 312 326 673
4 310 311 312 690
4 187 144 168 432
4 153 196 184 429
4 301 592 619 441
4 191 423 167 451
4 469 311 668 314
4 457 592 301 441
4 437 145 179 377
4 125 435 126 453
4 662 654 620 210
4 156 155 500 146
4 269 457 91 108
4 268 92 43 455
4 0 57 273 7
4 264 21 70 250
4 660 18 73 263
4 362 435 125 453
4 303 614 382 441
4 108 107 269 605
4 107 92 269 297
4 187 277 427 425
4 667 676 118 563
4 173 185 364 377
4 92 269 91 107
4 402 404 403 593
4 418 569 496 730
4 143 277 187 425
4 129 490 130 678
4 501 322 170 522
4 94 295 45 280
4 466 675 136 516
4 329 330 363 185
4 317 318 25 316
4 639 622 231 638
4 641 228 229 212
4 466 335 11 337
4 252 72 19 263
4 662 20 71 264
4 153 16 65 548
4 52 53 6 535
4 327 164 350 328
4 239 654 661 237
4 647 251 244 649
4 189 328 356 156
4 271 95 9 94
4 332 22 331 333
4 506 324 147 489
4 383 446 447 737
4 237 239 654 219
4 647 244 629 649
4 122 123 306 679
4 43 573 455 149
4 399 134 672 505
4 324 321 327 192
4 487 542 488 128
4 11 466 337 141
4 207 536 162 151
4 503 109 110 89
4 694 670 76 261
4 23 24 452 504
4 241 214 231 639
4 624 641 651 229
4 594 618 67 294
4 181 499 506 482
4 423 379 422 174
4 161 159 369 357
4 95 295 3 94
4 446 412 616 539
4 402 498 120 604
4 325 27 489 482
4 280 295 45 202
4 691 675 136 466
4 672 309 674 681
4 423 444 167 451
4 322 321 194 522
4 136 333 22 335
4 158 350 355 357
4 681 515 469 399
4 434 401 403 612
4 368 159 367 357
4 193 524 275 526
4 241 643 651 233
4 170 501 522 444
4 95 3 9 94
4 273 31 7 127
4 184 198 287 570
4 111 110 88 276
4 542 487 683 128
4 350 158 161 357
4 469 311 308 695
4 107 269 91 108
4 602 589 464 285
4 170 501 444 171
4 499 356 500 146
4 285 607 465 552
4 490 130 678 666
4 180 192 324 147
4 122 491 306 305
4 382 597 305 400
4 121 498 491 400
4 182 168 426 425
4 367 160 159 368
4 302 605 596 598
4 503 601 441 439
4 608 302 381 298
4 444 501 379 171
4 514 511 669 512
4 667 118 117 563
4 464 406 465 589
4 123 306 307 304
4 105 271 9 94
4 305 603 303 304
4 602 464 467 285
4 350 355 328 158
4 157 367 160 159
4 405 119 416 415
4 481 490 480 130
4 651 639 241 229
4 406 610 606 589
4 171 172 364 173
4 146 499 156 181
4 588 415 118 600
4 400 402 401 604
4 426 187 427 425
4 581 546 286 591
4 191 174 423 432
4 488 665 543 532
4 323 330 152 331
4 426 168 187 425
4 437 398 145 377
4 594 465 606 607
4 399 528 134 505
4 164 166 327 351
4 155 523 527 188
4 398 34 33 569
4 436 687 435 372
4 591 546 588 600
4 12 59 60 289
4 16 64 65 548
4 165 438 168 451
4 401 439 382 613
4 551 37 190 561
4 13 61 14 186
4 331 152 22 332
4 367 188 157 160
4 195 573 43 149
4 34 366 437 583
4 144 174 191 432
4 33 398 177 145
4 65 17 16 153
4 198 16 64 257
4 33 496 569 730
4 289 536 549 207
4 610 464 403 602
4 593 404 403 610
4 166 351 165 167
4 293 190 153 429
4 427 558 277 187
4 195 149 174 468
4 687 692 372 671
4 438 369 161 168
4 323 152 176 331
4 189 506 147 181
4 688 532 514 512
4 173 364 379 378
4 307 362 124 510
4 255 33 34 730
4 572 683 670 682
4 182 369 385 425
4 133 134 681 399
4 67 50 594 294
4 296 297 93 106
4 277 430 39 568
4 312 689 326 673
4 638 230 231 228
4 641 640 638 228
4 105 296 271 94
4 415 404 119 600
4 145 34 398 437
4 617 588 117 591
4 120 119 405 593
4 170 172 197 501
4 590 434 439 276
4 271 296 615 300
4 514 669 688 512
4 179 437 377 421
4 35 3 295 202
4 693 53 274 535
4 330 495 363 177
4 531 595 599 300
4 172 364 329 501
4 566 178 179 202
4 163 159 160 368
4 159 161 158 357
4 486 30 154 209
4 486 30 29 154
4 600 546 406 606
4 452 24 318 528
4 560 184 169 196
4 685 667 538 682
4 162 549 536 207
4 57 0 273 58
4 368 367 160 525
4 121 120 498 604
4 330 185 203 152
4 273 7 57 127
4 429 287 184 548
4 28 29 483 484
4 92 44 43 455
4 586 521 407 735
4 377 364 173 378
4 564 78 79 698
4 457 109 108 592
4 618 607 552 294
4 55 670 538 288
4 309 515 684 436
4 185 330 363 177
4 404 119 600 593
4 152 201 22 332
4 691 671 466 141
4 539 126 435 453
4 88 39 111 87
4 170 197 322 501
4 607 594 465 294
4 265 252 19 210
4 620 265 71 662
4 676 669 119 416
4 53 74 693 274
4 89 110 503 276
4 195 42 587 144
4 174 149 422 468
4 363 364 329 185
4 667 513 538 682
4 368 163 369 385
4 372 675 466 516
4 451 191 423 432
4 231 241 639 229
4 639 651 641 229
4 286 588 617 591
4 640 227 226 228
4 230 636 638 637
4 399 672 515 505
4 90 433 41 558
4 377 173 205 378
4 351 166 327 522
4 145 179 34 437
4 561 190 293 429
4 676 686 513 682
4 185 330 177 152
4 406 464 610 589
4 215 656 632 631
4 222 221 625 246
4 327 164 351 350
4 654 662 239 210
4 606 465 406 589
4 404 406 403 610
4 274 667 513 538
4 368 369 159 357
4 692 371 10 539
4 171 364 379 173
4 369 163 182 385
4 365 135 504 505
4 126 687 435 125
4 572 538 513 682
4 324 192 189 147
4 28 481 483 482
4 284 86 38 87
4 144 187 427 432
4 150 183 200 428
4 484 490 481 130
4 426 168 438 451
4 288 542 683 572
4 269 107 297 596
4 135 136 675 365
4 327 192 166 164
4 599 296 297 519
4 286 52 69 617
4 673 310 312 690
4 629 220 31 660
4 469 311 695 668
4 12 0 260 208
4 691 136 335 466
4 533 465 606 594
4 533 68 50 594
4 309 469 674 681
4 254 220 31 629
4 23 24 176 452
4 513 686 543 682
4 599 381 611 519
4 194 197 322 170
4 632 663 625 222
4 215 253 632 222
4 307 123 674 308
4 511 416 669 512
4 183 430 39 143
4 538 670 685 682
4 148 322 197 320
4 92 93 297 106
4 487 485 30 128
4 698 77 575 518
4 201 495 32 332
4 438 350 161 357
4 274 117 693 535
4 466 11 691 141
4 198 63 15 257
4 130 484 490 129
4 569 398 34 437
4 297 107 92 106
4 452 331 23 504
4 311 310 679 690
4 308 123 674 679
4 286 69 51 609
4 31 127 629 660
4 209 30 517 485
4 356 355 523 157
4 93 44 92 455
4 446 10 371 539
4 604 120 402 593
4 686 513 543 512
4 67 50 68 594
4 76 56 259 694
4 535 117 6 617
4 531 381 611 453
4 423 171 379 174
4 206 182 163 385
4 546 415 588 600
4 600 591 546 606
4 598 123 124 304
4 455 44 43 149
4 611 381 599 608
4 326 689 680 673
4 444 170 171 167
4 118 117 563 588
4 106 296 297 599
4 86 37 551 284
4 331 330 152 332
4 563 676 118 416
4 379 199 422 174
4 487 127 273 537
4 172 329 364 185
4 51 68 533 609
4 300 599 531 519
4 654 630 664 219
4 254 244 220 629
4 156 356 523 157
4 411 163 368 385
4 105 9 271 615
4 178 566 179 421
4 686 676 513 512
4 429 153 293 548
4 640 659 636 226
4 249 230 636 226
4 144 191 168 432
4 153 184 287 548
4 672 681 134 399
4 118 563 416 415
4 562 289 59 208
4 527 524 275 193
4 398 495 33 177
4 589 465 464 285
4 561 37 150 284
4 488 490 678 532
4 596 297 269 298
4 93 45 44 280
4 37 85 86 551
4 296 599 615 300
4 398 363 145 377
4 588 535 286 617
4 532 688 686 512
4 533 465 594 294
4 653 244 252 649
4 662 654 239 243
4 41 40 89 558
4 174 144 468 432
4 672 135 516 505
4 145 173 205 377
4 516 135 675 365
4 136 22 333 365
4 670 538 288 572
4 146 499 483 486
4 687 362 684 436
4 672 436 515 516
4 75 670 685 538
4 468 423 174 432
4 132 26 317 315
4 513 563 667 274
4 41 40 558 187
4 602 464 434 467
4 114 113 85 552
4 603 597 122 305
4 53 74 6 693
4 194 192 321 180
4 42 41 90 587
4 609 533 581 606
4 266 685 54 538
4 93 92 44 106
4 153 198 16 548
4 523 527 500 155
4 615 115 271 300
4 38 39 183 568
4 510 598 124 304
4 86 85 113 552
4 168 191 165 451
4 69 52 6 617
4 276 88 111 467
4 488 490 484 129
4 155 527 500 162
4 168 182 143 425
4 378 199 205 497
4 118 117 588 591
4 287 184 570 526
4 277 39 430 143
4 191 168 426 451
4 404 546 406 600
4 503 109 601 110
4 168 438 369 426
4 412 531 616 539
4 45 93 94 280
4 426 168 191 432
4 183 39 430 568
4 531 412 595 300
4 296 599 300 519
4 34 366 569 437
4 74 53 54 274
4 124 684 307 674
4 176 152 23 331
4 596 269 605 298
4 694 537 683 288
4 107 269 605 596
4 143 277 40 187
4 687 684 362 125
4 27 28 181 482
4 681 469 695 668
4 190 204 36 551
4 654 239 243 219
4 653 629 244 649
4 168 143 187 425
4 679 308 311 695
4 597 121 400 604
4 54 74 685 266
4 165 351 438 451
4 206 183 430 385
4 31 7 0 273
4 330 201 177 152
4 610 600 406 606
4 486 29 146 154
4 516 675 136 365
4 105 45 93 94
4 185 173 145 377
4 560 287 184 429
4 653 252 72 620
4 210 20 662 243
4 510 125 608 453
4 588 117 535 617
4 38 86 112 87
4 667 676 563 513
4 678 129 488 665
4 611 125 126 453
4 684 687 436 675
4 89 109 41 90
4 126 692 10 539
4 271 296 105 615
4 114 85 5 580
4 606 609 533 594
4 183 284 38 568
4 654 662 630 243
4 220 244 252 653
4 562 260 0 208
4 12 60 13 207
4 467 88 111 87
4 164 350 158 161
4 286 51 533 609
4 259 56 537 694
4 542 665 683 682
4 141 140 671 352
4 90 433 587 41
4 287 198 64 257
4 198 15 63 570
4 199 378 422 497
4 416 676 669 512
4 41 558 433 187
4 12 59 289 208
4 241 643 639 651
4 241 651 229 233
4 93 296 105 94
4 64 198 287 548
4 295 299 35 566
4 136 11 691 335
4 487 30 582 128
4 428 200 150 196
4 175 193 142 526
4 39 38 87 568
4 88 89 40 277
4 533 465 581 606
4 110 111 590 276
4 191 167 165 451
4 43 42 268 195
4 398 33 34 145
4 593 600 404 610
4 199 379 171 174
4 510 608 381 453
4 455 280 44 178
4 594 50 533 294
4 678 688 686 532
4 179 35 34 583
4 207 12 289 151
4 127 57 273 537
4 696 8 84 576
4 294 552 618 580
4 280 44 93 455
4 516 515 672 505
4 372 692 371 671
4 663 216 222 223
4 253 632 633 626
4 105 296 93 106
4 49 67 5 618
4 566 35 295 202
4 681 672 515 399
4 421 178 566 497
4 363 185 145 377
4 332 495 32 353
4 674 684 307 309
4 205 421 378 497
4 438 161 369 357
4 351 164 166 165
4 198 142 15 570
4 406 404 600 610
4 87 88 39 568
4 613 604 401 612
4 581 546 591 606
4 385 411 200 428
4 273 582 31 127
4 519 596 381 298
4 280 45 44 178
4 119 118 415 600
4 608 125 611 453
4 150 561 428 196
4 19 18 252 263
4 71 70 662 264
4 174 144 195 468
4 330 201 152 332
4 1 17 66 204
4 10 700 116 737
4 608 611 381 453
4 199 173 379 378
4 379 199 378 422
4 372 436 687 675
4 563 117 667 274
4 165 438 161 168
4 275 142 193 526
4 287 198 184 153
4 688 689 680 514
4 160 175 169 525
4 108 91 42 90
4 61 13 549 186
4 546 404 415 600
4 178 455 280 497
4 495 32 33 177
4 11 691 335 466
4 166 170 194 522
4 0 58 260 562
4 608 596 302 298
4 169 560 196 429
4 560 169 175 525
4 552 607 465 294
4 35 566 179 202
4 561 551 37 284
4 111 112 467 87
4 200 163 411 385
4 645 646 661 234
4 235 236 251 644
4 63 198 287 257
4 616 531 595 611
4 406 464 403 610
4 675 372 436 516
4 197 329 172 203
4 38 284 87 568
4 659 249 636 226
4 146 483 29 486
4 636 633 249 659
4 226 659 249 223
4 434 612 602 590
4 610 403 593 612
4 204 579 36 551
4 546 581 406 606
4 562 517 289 151
4 587 195 433 468
4 694 56 537 288
4 190 561 196 429
4 36 37 190 551
4 44 455 178 149
4 297 596 519 298
4 543 665 542 682
4 685 74 75 266
4 179 205 178 421
4 486 483 29 485
4 175 160 524 525
4 579 36 1 204
4 692 687 435 126
4 5 4 49 580
4 153 287 198 548
4 183 150 284 428
4 595 412 531 616
4 312 689 690 677
4 68 51 69 609
4 205 179 145 377
4 367 524 160 525
4 608 124 125 510
4 537 542 683 288
4 654 661 646 239
4 236 244 251 649
4 70 662 264 630
4 252 18 220 263
4 22 23 152 331
4 599 596 381 519
4 416 563 676 513
4 613 439 601 590
4 209 151 517 208
4 89 503 109 90
4 562 59 260 208
4 149 573 455 497
4 421 377 205 378
4 308 469 674 309
4 683 670 694 288
4 669 686 688 512
4 560 411 169 525
4 430 206 385 425
4 112 86 113 285
4 199 178 205 497
4 168 369 182 426
4 150 37 38 284
4 188 523 367 157
4 579 1 66 204
4 40 39 88 277
4 618 5 49 580
4 293 17 65 153
4 183 284 430 428
4 108 457 91 90
4 174 423 167 191
4 501 170 172 171
4 302 598 510 304
4 69 286 617 609
4 65 66 17 293
4 151 12 289 208
4 598 596 302 608
4 523 155 156 157
4 302 619 605 598
4 381 302 608 510
4 311 679 695 690
4 599 595 531 611
4 222 253 663 223
4 633 632 253 663
4 398 33 495 496
4 160 524 188 175
4 535 563 117 588
4 111 112 602 467
4 673 312 689 690
4 542 572 543 682
4 611 531 599 519
4 284 38 150 183
4 203 197 323 176
4 253 633 663 223
4 309 674 684 672
4 196 560 184 429
4 207 162 549 186
4 603 598 303 304
4 302 303 598 304
4 517 536 289 151
4 309 684 362 436
4 205 179 377 421
4 108 109 457 90
4 196 428 411 429
4 562 31 58 273
4 560 169 411 429
4 619 605 592 301
4 162 500 155 154
4 184 175 142 526
4 533 581 286 609
4 178 280 566 497
4 513 676 416 512
4 455 178 149 497
4 614 592 601 441
4 184 169 175 560
4 293 204 17 153
4 262 70 21 250
4 258 18 73 660
4 295 280 566 202
4 65 293 153 548
4 60 61 13 549
4 151 562 517 208
4 113 589 112 285
4 659 633 249 223
4 204 17 66 293
4 151 517 536 209
4 109 503 457 90
4 597 382 614 613
4 106 297 107 596
4 614 619 303 603
4 289 562 151 208
4 61 62 14 275
4 355 367 523 157
4 195 587 268 468
4 436 672 675 516
4 114 618 607 552
4 595 615 599 300
4 308 674 307 309
4 379 171 173 199
4 58 31 0 273
4 663 632 253 222
4 63 15 62 570
4 32 495 201 177
4 561 150 190 196
4 676 686 669 512
4 68 533 609 594
4 188 367 524 160
4 287 198 63 570
4 289 549 60 207
4 421 205 178 497
4 188 527 162 193
4 179 566 35 583
4 486 146 500 154
4 106 105 296 599
4 524 193 175 526
4 146 155 500 154
4 308 674 469 695
4 437 179 34 583
4 433 195 587 144
4 572 542 683 682
4 66 4 1 579
4 430 284 183 568
4 500 499 146 486
4 163 169 200 411
4 90 41 89 558
4 422 423 174 468
4 78 77 698 518
4 686 665 543 682
4 134 135 672 505
4 127 537 683 694
4 294 618 49 580
4 363 185 177 145
4 524 527 523 188
4 117 693 667 274
4 123 124 307 674
4 381 596 599 608
4 178 566 280 202
4 40 39 277 143
4 603 123 598 304
4 532 686 543 512
4 155 356 523 156
4 436 515 684 672
4 187 433 41 144
4 671 372 687 675
4 185 172 329 203
4 274 54 685 538
4 144 433 195 468
4 268 573 195 468
4 673 679 310 690
4 274 563 117 535
4 542 488 665 543
4 277 89 40 558
4 589 464 610 602
4 135 675 672 516
4 684 515 309 672
4 588 286 546 591
4 149 199 422 497
4 543 572 513 682
4 598 303 619 603
4 125 684 362 124
4 199 149 178 497
4 485 483 29 484
4 277 39 88 568
4 275 14 61 186
4 692 10 371 140
4 536 500 527 162
4 596 599 297 519
4 430 277 143 425
4 667 676 513 682
4 184 287 560 526
4 582 485 30 487
4 517 486 536 154
4 616 126 10 539
4 695 311 690 668
4 685 667 274 538
4 381 596 608 298
4 422 573 149 497
4 175 560 525 526
4 163 200 206 385
4 672 684 436 675
4 204 190 293 551
4 566 299 35 583
4 619 302 303 598
4 607 465 606 589
4 196 411 169 429
4 29 28 483 146
4 58 0 31 562
4 536 500 162 154
4 695 674 469 681
4 268 42 587 195
4 633 659 663 223
4 633 253 249 223
4 207 549 13 186
4 114 618 552 580
4 422 199 149 174
4 59 12 260 208
4 154 517 486 209
4 551 190 293 561
4 364 172 185 173
4 90 91 42 587
4 112 86 285 87
4 285 467 112 87
4 549 536 527 162
4 485 30 517 582
4 186 162 527 193
4 175 184 560 526
4 275 142 14 186
4 599 105 296 615
4 599 297 106 596
4 579 85 36 551
4 293 579 204 551
4 433 558 427 187
4 496 398 33 569
4 660 629 220 653
4 243 250 630 219
4 179 437 421 583
4 151 536 162 154
4 570 142 275 526
4 162 527 549 186
4 280 45 178 202
4 524 175 525 526
4 31 517 209 582
4 618 594 607 294
4 302 598 608 510
4 204 66 579 293
4 581 465 406 606
4 524 527 188 193
4 182 206 143 425
4 608 598 124 510
4 113 114 607 552
4 523 500 356 155
4 557 82 83 699
4 412 595 116 616
4 154 536 517 209
4 275 61 549 186
4 562 517 31 582
4 31 562 582 273
4 199 205 173 378
4 685 667 693 274
4 186 527 275 193
4 196 561 428 429
4 154 151 536 209
4 549 13 60 207
4 367 524 523 188
4 618 114 5 580
4 115 271 9 615
4 293 190 204 153
4 566 179 421 583
4 468 144 433 432
4 115 615 595 300
4 193 188 524 175
4 206 430 143 425
4 209 517 30 582
4 275 142 186 193
4 209 30 31 582
4 591 617 286 609
4 143 183 430 206
4 188 155 523 157
4 562 0 31 208
4 285 86 113 552
4 500 536 486 154
4 415 118 563 588
4 527 275 549 186
4 427 433 187 144
4 674 308 679 695
4 427 433 144 432
4 85 114 552 580
4 284 150 561 428
4 713 714 283 99
4 283 714 713 704
4 530 424 705 585
4 705 424 530 417
4 732 450 420 449
4 717 727 344 502
4 344 727 717 715
4 344 508 717 502
4 717 508 344 715
4 724 354 299 267
4 724 299 354 710
4 732 477 440 711
4 732 440 477 410
4 473 474 706 584
4 473 706 474 472
4 724 299 3 267
4 724 3 299 35
4 735 391 722 706
4 735 722 391 578
4 721 282 713 718
4 721 713 282 529
4 545 713 282 718
4 545 282 713 529
4 727 409 502 717
4 727 502 409 478
4 35 730 299 710
4 35 299 730 366
4 354 299 730 710
4 354 730 299 366
4 534 720 354 414
4 354 720 534 718
4 711 721 732 713
4 711 732 721 420
4 450 732 721 713
4 450 721 732 420
4 737 701 707 716
4 737 707 701 700
4 138 707 701 716
4 138 701 707 700
4 387 731 391 509
4 391 731 387 722
4 218 47 650 240
4 218 650 47 138
4 628 650 47 240
4 628 47 650 138
4 528 135 24 134
4 528 24 135 504
4 642 28 131 130
4 642 131 28 214
4 180 318 317 319
4 317 318 180 25
4 489 180 324 147
4 489 324 180 319
4 127 259 57 537
4 57 259 127 7
4 622 27 132 131
4 622 132 27 242
4 133 528 399 316
4 399 528 133 134
4 215 135 22 631
4 22 135 215 23
4 216 221 634 625
4 216 634 221 44
4 106 634 221 625
4 106 221 634 44
4 212 110 41 40
4 212 41 110 652
4 139 248 2 657
4 139 2 248 46
4 669 405 416 511
4 416 405 669 119
4 166 321 192 327
4 166 192 321 194
4 634 225 663 623
4 634 663 225 216
4 224 635 253 213
4 253 635 224 626
4 180 317 489 319
4 489 317 180 26
4 137 247 218 658
4 218 247 137 48
4 484 128 488 129
4 488 128 484 487
4 347 678 688 666
4 347 688 678 532
4 482 146 483 28
4 482 483 146 499
4 313 347 666 480
4 666 131 313 480
4 313 131 666 677
4 614 439 613 382
4 613 439 614 601
4 180 320 318 319
4 318 320 180 148
4 539 611 616 126
4 539 616 611 531
4 320 194 180 148
4 320 180 194 321
4 570 14 275 142
4 570 275 14 62
4 630 664 250 114
4 630 250 664 219
4 36 250 664 114
4 36 664 250 219
4 629 31 128 127
4 629 128 31 254
4 632 246 625 656
4 625 246 632 222
4 210 654 649 239
4 210 649 654 620
4 649 210 252 620
4 252 210 649 244
4 22 334 335 333
4 335 334 22 2
4 32 334 492 2
4 492 334 32 353
4 504 22 331 23
4 504 331 22 333
4 187 426 432 168
4 432 426 187 427
4 74 274 685 693
4 685 274 74 54
4 517 208 31 209
4 31 208 517 562
4 42 268 91 43
4 91 268 42 587
4 105 247 221 45
4 221 247 105 658
4 657 22 631 248
4 631 22 657 136
4 587 144 41 433
4 41 144 587 42
4 313 312 689 347
4 689 312 313 677
4 689 666 313 347
4 313 666 689 677

CELL_TYPES 3886
1
1
1
1
1
1
1
1
1
1
1
1
3
3
3
3
3
3
3
3
3
3
3
3
3
3
3
3
3
3
3
3
3
3
3
3
3
3
3
3
3
3
3
3
3
3
3
3
3
3
3
3
3
3
3
3
3
3
3
3
3
3
3
3
3
3
3
3
3
3
3
3
3
3
3
3
3
3
3
3
3
3
3
3
3
3
3
3
3
3
3
3
3
3
3
3
3
3
3
3
3
3
3
3
3
3
3
3
3
3
3
3
3
3
3
3
3
3
3
3
3
3
3
3
3
3
3
3
3
3
3
3
3
3
3
3
3
3
3
3
3
3
3
3
3
3
3
3
3
3
3
3
3
3
3
3
3
3
3
3
5
5
5
5
5
5
5
5
5
5
5
5
5
5
5
5
5
5
5
5
5
5
5
5
5
5
5
5
5
5
5
5
5
5
5
5
5
5
5
5
5
5
5
5
5
5
5
5
5
5
5
5
5
5
5
5
5
5
5
5
5
5
5
5
5
5
5
5
5
5
5
5
5
5
5
5
5
5
5
5
5
5
5
5
5
5
5
5
5
5
5
5
5
5
5
5
5
5
5
5
5
5
5
5
5
5
5
5
5
5
5
5
5
5
5
5
5
5
5
5
5
5
5
5
5
5
5
5
5
5
5
5
5
5
5
5
5
5
5
5
5
5
5
5
5
5
5
5
5
5
5
5
5
5
5
5
5
5
5
5
5
5
5
5
5
5
5
5
5
5
5
5
5
5
5
5
5
5
5
5
5
5
5
5
5
5
5
5
5
5
5
5
5
5
5
5
5
5
5
5
5
5
5
5
5
5
5
5
5
5
5
5
5
5
5
5
5
5
5
5
5
5
5
5
5
5
5
5
5
5
5
5
5
5
5
5
5
5
5
5
5
5
5
5
5
5
5
5
5
5
5
5
5
5
5
5
5
5
5
5
5
5
5
5
5
5
5
5
5
5
5
5
5
5
5
5
5
5
5
5
5
5
5
5
5
5
5
5
5
5
5
5
5
5
5
5
5
5
5
5
5
5
5
5
5
5
5
5
5
5
5
5
5
5
5
5
5
5
5
5
5
5
5
5
5
5
5
5
5
5
5
5
5
5
5
5
5
5
5
5
5
5
5
5
5
5
5
5
5
5
5
5
5
5
5
5
5
5
5
5
5
5
5
5
5
5
5
5
5
5
5
5
5
5
5
5
5
5
5
5
5
5
5
5
5
5
5
5
5
5
5
5
5
5
5
5
5
5
5
5
5
5
5
5
5
5
5
5
5
5
5
5
5
5
5
5
5
5
5
5
5
5
5
5
5
5
5
5
5
5
5
5
5
5
5
5
5
5
5
5
5
5
5
5
5
5
5
5
5
5
5
5
5
5
5
5
5
5
5
5
5
5
5
5
5
5
5
5
5
5
5
5
5
5
5
5
5
5
5
5
5
5
5
5
5
5
5
5
5
5
5
5
5
5
5
5
5
5
5
5
5
5
5
5
5
5
5
5
5
5
5
5
5
5
5
5
5
5
5
5
5
5
5
5
5
5
5
5
5
5
5
5
5
5
5
5
5
5
5
5
5
5
5
5
5
5
5
5
5
5
5
5
5
5
5
5
5
5
5
5
5
5
5
5
5
5
5
5
5
5
5
5
5
5
5
5
5
5
5
5
5
5
5
5
5
5
5
5
5
5
5
5
5
5
5
5
5
5
5
5
5
5
5
5
5
5
5
5
5
5
5
5
5
5
5
5
5
5
5
5
5
5
5
5
5
5
5
5
5
5
5
5
5
5
5
5
5
5
5
5
5
5
5
5
5
5
5
5
5
5
5
5
5
5
5
5
5
5
5
5
5
5
5
5
5
5
5
5
5
5
5
5
5
5
5
5
5
5
5
5
5
5
5
5
5
5
5
5
5
5
5
5
5
5
5
5
5
5
5
5
5
5
5
5
5
5
5
5
5
5
5
5
5
5
5
5
5
5
5
5
5
5
5
5
5
5
5
5
5
5
5
5
5
5
5
5
5
5
5
5
5
5
5
5
5
5
5
5
5
5
5
5
5
5
5
5
5
5
5
5
5
5
5
5
5
5
5
5
5
5
5
5
5
5
5
5
5
5
5
5
5
5
5
5
5
5
5
5
5
5
5
5
5
5
5
5
5
5
5
5
5
5
5
5
5
5
5
5
5
5
5
5
5
5
5
5
5
5
5
5
5
5
5
5
5
5
5
5
5
5
5
5
5
5
5
5
5
5
5
5
5
5
5
5
5
5
5
5
5
5
5
5
5
5
5
5
5
5
5
5
5
5
5
5
5
5
5
5
5
5
5
5
5
5
5
5
5
5
5
5
5
5
5
5
5
5
5
5
5
5
5
5
5
5
5
5
5
5
5
5
5
5
5
5
5
5
5
5
5
5
5
5
5
5
5
5
5
5
5
5
5
5
5
5
5
5
5
5
5
5
5
5
5
5
5
5
5
5
5
5
5
5
5
5
5
5
5
5
5
5
5
5
5
5
5
5
5
5
5
5
5
5
5
5
5
5
5
5
5
5
5
5
5
5
5
5
5
5
5
5
5
5
5
5
5
5
5
5
5
5
5
5
5
5
5
5
5
5
5
5
5
5
5
5
5
5
5
5
5
5
5
5
5
5
5
5
5
5
5
5
5
5
5
5
5
5
5
5
5
5
5
5
5
5
5
5
5
5
5
5
5
5
5
5
5
5
5
5
5
5
5
5
5
5
5
5
5
5
5
5
5
5
5
5
5
5
5
5
5
5
5
5
5
5
5
5
5
5
5
5
5
5
5
5
5
5
5
5
5
5
5
5
5
5
5
5
5
5
5
5
5
5
5
5
5
5
5
5
5
5
5
5
5
5
5
5
5
5
5
5
5
5
5
5
5
5
5
5
5
5
5
5
5
5
5
5
5
5
5
5
5
5
5
5
5
5
5
5
5
5
5
5
5
5
5
5
5
5
5
5
5
5
5
5
5
5
5
5
5
5
5
5
5
5
5
5
5
5
5
5
5
5
5
5
5
5
5
5
5
5
5
5
5
5
5
5
5
5
5
5
5
5
5
5
5
5
5
5
5
5
5
5
5
5
5
5
5
5
5
5
5
5
5
5
5
5
5
5
5
5
5
5
5
5
5
5
5
5
5
5
5
5
5
5
5
5
5
5
5
5
5
5
5
5
5
5
5
5
5
5
5
5
5
5
5
5
5
5
5
5
5
5
5
5
5
5
5
5
5
5
5
5
5
5
5
5
5
5
5
5
5
5
5
5
5
5
5
5
5
5
5
5
5
5
5
5
5
5
5
5
5
5
5
5
5
5
5
5
5
5
5
5
5
5
5
5
5
5
5
5
5
5
5
5
5
5
5
5
5
5
5
5
5
5
5
5
5
5
5
5
5
5
5
5
5
5
5
5
5
5
5
5
5
5
5
5
5
5
5
5
5
5
5
5
5
5
5
5
5
5
5
5
5
5
5
5
5
5
5
5
5
5
5
5
5
5
5
5
5
5
5
5
10
10
10
10
10
10
10
10
10
10
10
10
10
10
10
10
10
10
10
10
10
10
10
10
10
10
10
10
10
10
10
10
10
10
10
10
10
10
10
10
10
10
10
10
10
10
10
10
10
10
10
10
10
10
10
10
10
10
10
10
10
10
10
10
10
10
10
10
10
10
10
10
10
10
10
10
10
10
10
10
10
10
10
10
10
10
10
10
10
10
10
10
10
10
10
10
10
10
10
10
10
10
10
10
10
10
10
10
10
10
10
10
10
10
10
10
10
10
10
10
10
10
10
10
10
10
10
10
10
10
10
10
10
10
10
10
10
10
10
10
10
10
10
10
10
10
10
10
10
10
10
10
10
10
10
10
10
10
10
10
10
10
10
10
10
10
10
10
10
10
10
10
10
10
10
10
10
10
10
10
10
10
10
10
10
10
10
10
10
10
10
10
10
10
10
10
10
10
10
10
10
10
10
10
10
10
10
10
10
10
10
10
10
10
10
10
10
10
10
10
10
10
10
10
10
10
10
10
10
10
10
10
10
10
10
10
10
10
10
10
10
10
10
10
10
10
10
10
10
10
10
10
10
10
10
10
10
10
10
10
10
10
10
10
10
10
10
10
10
10
10
10
10
10
10
10
10
10
10
10
10
10
10
10
10
10
10
10
10
10
10
10
10
10
10
10
10
10
10
10
10
10
10
10
10
10
10
10
10
10
10
10
10
10
10
10
10
10
10
10
10
10
10
10
10
10
10
10
10
10
10
10
10
10
10
10
10
10
10
10
10
10
10
10
10
10
10
10
10
10
10
10
10
10
10
10
10
10
10
10
10
10
10
10
10
10
10
10
10
10
10
10
10
10
10
10
10
10
10
10
10
10
10
10
10
10
10
10
10
10
10
10
10
10
10
10
10
10
10
10
10
10
10
10
10
10
10
10
10
10
10
10
10
10
10
10
10
10
10
10
10
10
10
10
10
10
10
10
10
10
10
10
10
10
10
10
10
10
10
10
10
10
10
10
10
10
10
10
10
10
10
10
10
10
10
10
10
10
10
10
10
10
10
10
10
10
10
10
10
10
10
10
10
10
10
10
10
10
10
10
10
10
10
10
10
10
10
10
10
10
10
10
10
10
10
10
10
10
10
10
10
10
10
10
10
10
10
10
10
10
10
10
10
10
10
10
10
10
10
10
10
10
10
10
10
10
10
10
10
10
10
10
10
10
10
10
10
10
10
10
10
10
10
10
10
10
10
10
10
10
10
10
10
10
10
10
10
10
10
10
10
10
10
10
10
10
10
10
10
10
10
10
10
10
10
10
10
10
10
10
10
10
10
10
10
10
10
10
10
10
10
10
10
10
10
10
10
10
10
10
10
10
10
10
10
10
10
10
10
10
10
10
10
10
10
10
10
10
10
10
10
10
10
10
10
10
10
10
10
10
10
10
10
10
10
10
10
10
10
10
10
10
10
10
10
10
10
10
10
10
10
10
10
10
10
10
10
10
10
10
10
10
10
10
10
10
10
10
10
10
10
10
10
10
10
10
10
10
10
10
10
10
10
10
10
10
10
10
10
10
10
10
10
10
10
10
10
10
10
10
10
10
10
10
10
10
10
10
10
10
10
10
10
10
10
10
10
10
10
10
10
10
10
10
10
10
10
10
10
10
10
10
10
10
10
10
10
10
10
10
10
10
10
10
10
10
10
10
10
10
10
10
10
10
10
10
10
10
10
10
10
10
10
10
10
10
10
10
10
10
10
10
10
10
10
10
10
10
10
10
10
10
10
10
10
10
10
10
10
10
10
10
10
10
10
10
10
10
10
10
10
10
10
10
10
10
10
10
10
10
10
10
10
10
10
10
10
10
10
10
10
10
10
10
10
10
10
10
10
10
10
10
10
10
10
10
10
10
10
10
10
10
10
10
10
10
10
10
10
10
10
10
10
10
10
10
10
10
10
10
10
10
10
10
10
10
10
10
10
10
10
10
10
10
10
10
10
10
10
10
10
10
10
10
10
10
10
10
10
10
10
10
10
10
10
10
10
10
10
10
10
10
10
10
10
10
10
10
10
10
10
10
10
10
10
10
10
10
10
10
10
10
10
10
10
10
10
10
10
10
10
10
10
10
10
10
10
10
10
10
10
10
10
10
10
10
10
10
10
10
10
10
10
10
10
10
10
10
10
10
10
10
10
10
10
10
10
10
10
10
10
10
10
10
10
10
10
10
10
10
10
10
10
10
10
10
10
10
10
10
10
10
10
10
10
10
10
10
10
10
10
10
10
10
10
10
10
10
10
10
10
10
10
10
10
10
10
10
10
10
10
10
10
10
10
10
10
10
10
10
10
10
10
10
10
10
10
10
10
10
10
10
10
10
10
10
10
10
10
10
10
10
10
10
10
10
10
10
10
10
10
10
10
10
10
10
10
10
10
10
10
10
10
10
10
10
10
10
10
10
10
10
10
10
10
10
10
10
10
10
10
10
10
10
10
10
10
10
10
10
10
10
10
10
10
10
10
10
10
10
10
10
10
10
10
10
10
10
10
10
10
10
10
10
10
10
10
10
10
10
10
10
10
10
10
10
10
10
10
10
10
10
10
10
10
10
10
10
10
10
10
10
10
10
10
10
10
10
10
10
10
10
10
10
10
10
10
10
10
10
10
10
10
10
10
10
10
10
10
10
10
10
10
10
10
10
10
10
10
10
10
10
10
10
10
10
10
10
10
10
10
10
10
10
10
10
10
10
10
10
10
10
10
10
10
10
10
10
10
10
10
10
10
10
10
10
10
10
10
10
10
10
10
10
10
10
10
10
10
10
10
10
10
10
10
10
10
10
10
10
10
10
10
10
10
10
10
10
10
10
10
10
10
10
10
10
10
10
10
10
10
10
10
10
10
10
10
10
10
10
10
10
10
10
10
10
10
10
10
10
10
10
10
10
10
10
10
10
10
10
10
10
10
10
10
10
10
10
10
10
10
10
10
10
10
10
10
10
10
10
10
10
10
10
10
10
10
10
10
10
10
10
10
10
10
10
10
10
10
10
10
10
10
10
10
10
10
10
10
10
10
10
10
10
10
10
10
10
10
10
10
10
10
10
10
10
10
10
10
10
10
10
10
10
10
10
10
10
10
10
10
10
10
10
10
10
10
10
10
10
10
10
10
10
10
10
10
10
10
10
10
10
10
10
10
10
10
10
10
10
10
10
10
10
10
10
10
10
10
10
10
10
10
10
10
10
10
10
10
10
10
10
10
10
10
10
10
10
10
10
10
10
10
10
10
10
10
10
10
10
10
10
10
10
10
10
10
10
10
10
10
10
10
10
10
10
10
10
10
10
10
10
10
10
10
10
10
10
10
10
10
10
10
10
10
10
10
10
10
10
10
10
10
10
10
10
10
10
10
10
10
10
10
10
10
10
10
10
10
10
10
10
10
10
10
10
10
10
10
10
10
10
10
10
10
10
10
10
10
10
10
10
10
10
10
10
10
10
10
10
10
10
10
10
10
10
10
10
10
10
10
10
10
10
10
10
10
10
10
10
10
10
10
10
10
10
10
10
10
10
10
10
10
10
10
10
10
10
10
10
10
10
10
10
10
10
10
10
10
10
10
10
10
10
10
10
10
10
10
10
10
10
10
10
10
10
10
10
10
10
10
10
10
10
10
10
10
10
10
10
10
10
10
10
10
10
10
10
10
10
10
10
10
10
10
10
10
10
10
10
10
10
10
10
10
10
10
10
10
10
10
10
10
10
10
10
10
10
10
10
10
10
10
10
10
10
10
10
10
10
10
10
10
10
10
10
10
10
10
10
10
10
10
10
10
10
10
10
10
10
10
10
10
10
10
10
10
10
10
10
10
10
10
10
10
10
10
10
10
10
10
10
10
10
10
10
10
10
10
10
10
10
10
10
10
10
10
10
10
10
10
10
10
10
10
10
10
10
10
10
10
10
10
10
10
10
10
10
10
10
10
10
10
10
10
10
10
10
10
10
10
10
10
10
10
10
10
10
10
10
10
10
10
10
10
10
10
10
10
10
10
10
10
10
10
10
10
10
10
10
10
10
10
10
10
10
10
10
10
10
10
10
10
10
10
10
10
10
10
10
10
10
10
10
10
10
10
10
10
10
10
10
10
10
10
10
10
10
10
10
10
10
10
10
10
10
10
10
10
10
10
10
10
10
10
10
10
10
10
10
10
10
10
10
10
10
10
10
10
10
10
10
10
10
10
10
10
10
10
10
10
10
10
10
10
10
10
10
10
10
10
10
10
10
10
10
10
10
10
10
10
10
10
10
10
10
10
10
10
10
10
10
10
10
10
10
10
10
10
10
10
10
10
10
10
10
10
10
10
10
10
10
10
10
10
10
10
10
10
10
10
10
10
10
10
10
10
10
10
10
10
10
10
10
10
10
10
10
10
10
10
10
10
10
10
10
10
10
10
10
10
10
10
10
10
10
10
10
10
10
10
10
10
10
10
10
10
10
10
10
10
10
10
10
10
10
10
10
10
10
10
10
10
10
10
10
10
10
10
10
10
10
10
10
10
10
10
10
10
10
10
10
10
10
10
10
10
10
10
10
10
10
10
10
10
10
10
10
10
10
10
10
10
10
10
10
10
10
10
10
10
10
10
10
10
10
10
10
10
10
10
10
10
10
10
10
10
10
10
10
10
10
10
10
10
10
10
10
10
10
10
10
10
10
10
10
10
10
10
10
10
10
10
10
10
10
10
10
10
10
10
10
10
10
10
10
10
10
10
10
10
10
10
10
10
10
10
10
10
10
10
10
10
10
10
10
10
10
10
10
10
10
10
10
10
10
10
10
10
10
10
10
10
10
10
10
10
10
10
10
10
10
10
10
10
10
10
10
10
10
10
10
10
10
10
10
10
10
10
10
10
10
10
10
10
10
10
10
10
10
10
10
10
10
10
10
10
10
10
10
10
10
10
10
10
10
10
10
10
10
10
10
10
10
10
10
10
10
10
10
10
10
10
10
10
10
10
10
10
10
10
10
10
10
10
10
10
10
10
10
10
10
10
10
10
10
10
10
10
10
10
10
10
10
10
10
10
10
10
10
10
10
10
10
10
10
10
10
10
10
10
10
10
10
10
10
10
10
10
10
10
10
10
10
10
10
10
10
10
10
10
10
10
10
10
10
10
10
10
10
10
10
10
10
10
10
10
10
10
10
10
10
10
10
10
10
10
10
10
10
10
10
10
10
10
10
10
10
10
10
10
10
10
10
10
10
10
10
10
10
10
10
10
10
