# vtk DataFile Version 2.0
whisker_body, Created by Gmsh 4.13.1 
ASCII
DATASET UNSTRUCTURED_GRID
POINTS 726 double
-9.380831519646884 -1.49999999999992 0
9.380831519646883 -1.499999999999922 0
-6.495798869390351 -1.500000000000035 36
6.495798869390352 -1.500000000000034 36
12 0 0
9.380831519646888 1.499999999999912 0
0 9.5 0
-9.380831519646886 1.499999999999914 0
5.70386345403052 0 80
6.495798869390401 1.499999999999927 36
0 6.666738554313734 36
-6.495798869390402 1.499999999999925 36
-8.038537166172308 -5.062797668094835 0
-5.405152974387317 -7.812446564519462 0
-1.903633457046841 -9.307318607483676 0
1.903633457046822 -9.307318607483682 0
5.405152974387304 -7.81244656451947 0
8.038537166172301 -5.062797668094844 0
-5.628498911788131 -1.5 0
-1.876166303929377 -1.5 0
1.876166303929375 -1.5 0
5.62849891178813 -1.5 0
-6.78625281915969 -1.5 32.40015722022423
-7.076131589061639 -1.5 28.80026773181785
-7.36550299222009 -1.5 25.20033803655528
-7.654424660240129 -1.5 21.60037140340506
-7.942945614457654 -1.5 18.00037241131842
-8.231107958698363 -1.5 14.40034477705704
-8.51894805426825 -1.5 10.80029168860781
-8.806497586292906 -1.5 7.200214478076276
-9.093783988781734 -1.5 3.600116990866994
-4.811654555186389 -4.614475419061981 36
-1.770331833796034 -6.427388906066097 36
1.770331833796041 -6.427388906066096 36
4.811654555186382 -4.614475419061988 36
9.093783988781734 -1.5 3.600116990866994
8.806497586292906 -1.5 7.200214478076276
8.518948054268245 -1.5 10.80029168860784
8.231107958698363 -1.5 14.40034477705704
7.942945614457654 -1.5 18.00037241131842
7.654424660240129 -1.5 21.60037140340506
7.36550299222009 -1.5 25.20033803655528
7.076131589061635 -1.5 28.80026773181791
6.78625281915969 -1.5 32.40015722022423
-3.247899434695176 -1.5 36
0 -1.5 36
3.247899434695176 -1.5 36
11.34980690040761 3.896393630456207 0
9.469686112756717 7.370552552276022 0
6.563377897469113 10.04599773915035 0
2.945825845689581 11.63280319127197 0
-0.9909521456679979 11.95901391608004 0
-4.820345095835646 10.98927991986068 0
-8.127378859508902 8.82868692807757 0
-10.55368501447787 5.71136871644487 0
-11.83633564083267 1.975135083368787 0
-11.83633564083267 -1.975135083368821 0
-10.55368501447786 -5.711368716444897 0
-8.12737885950888 -8.828686928077589 0
-4.820345095835619 -10.9892799198607 0
-0.9909521456679715 -11.95901391608004 0
2.945825845689616 -11.63280319127196 0
6.563377897469155 -10.04599773915032 0
9.469686112756747 -7.370552552275983 0
11.34980690040762 -3.896393630456205 0
8.283559167353857 4.651091003296739 0
6.164414002969012 7.228416147400448 0
3.284817087730742 8.914032572307111 0
5.628498911788133 1.5 0
1.876166303929379 1.5 0
-1.876166303929375 1.5 0
-5.62849891178813 1.5 0
-3.284817087730742 8.914032572307111 0
-6.164414002969012 7.22841614740045 0
-8.283559167353854 4.651091003296747 0
4.369412903269498 3.666372755594688 80
0.9904654944534007 5.617208951652248 80
-2.851931727015263 4.939690650908082 80
-5.359878397722907 1.950836196057551 80
-5.359878397722898 -1.950836196057576 80
-2.851931727015253 -4.939690650908087 80
0.9904654944534206 -5.617208951652245 80
4.369412903269518 -3.666372755594664 80
11.70018397400145 0 3.80952380952381
11.40036794800291 0 7.61904761904762
11.10055192200436 0 11.42857142857143
10.80073589600581 0 15.23809523809524
10.50091987000727 0 19.04761904761905
10.20110384400872 0 22.85714285714286
9.901287818010173 0 26.66666666666667
9.601471792011626 0 30.47619047619048
9.301655766013079 0 34.28571428571429
9.001839740014532 0 38.0952380952381
8.702023714015986 0 41.90476190476191
8.402207688017439 0 45.71428571428572
8.102391662018892 0 49.52380952380953
7.802575636020347 0 53.33333333333334
7.502759610021799 0 57.14285714285715
7.202943584023253 0 60.95238095238096
6.903127558024707 0 64.76190476190476
6.603311532026159 0 68.57142857142858
6.303495506027613 0 72.38095238095238
6.003679480029065 0 76.1904761904762
6.78625281915969 1.5 32.40015722022423
7.076131589061639 1.5 28.80026773181785
7.36550299222009 1.5 25.20033803655528
7.654424660240129 1.5 21.60037140340506
7.942945614457654 1.5 18.00037241131842
8.231107958698363 1.5 14.40034477705704
8.51894805426825 1.5 10.80029168860781
8.806497586292906 1.5 7.200214478076276
9.093783988781734 1.5 3.600116990866994
5.20521706090312 4.165467356786782 36
2.88750074695639 6.008971824522018 36
0 9.216673855431374 3.6
0 8.933347710862748 7.199999999999999
0 8.65002156629412 10.8
0 8.366695421725494 14.4
0 8.083369277156867 18
0 7.80004313258824 21.6
0 7.516716988019614 25.2
0 7.233390843450987 28.8
0 6.950064698882361 32.4
-9.093783988781738 1.5 3.600116990866951
-8.806497586292906 1.5 7.200214478076276
-8.518948054268245 1.5 10.80029168860784
-8.231107958698363 1.5 14.40034477705704
-7.942945614457654 1.5 18.00037241131842
-7.654424660240129 1.5 21.60037140340506
-7.365502992220094 1.5 25.20033803655524
-7.076131589061639 1.5 28.80026773181785
-6.78625281915969 1.5 32.40015722022423
3.2478994346952 1.5 36
0 1.5 36
-3.247899434695201 1.5 36
-2.887500746956382 6.008971824522021 36
-5.205217060903118 4.165467356786785 36
-6.037691009270941 -4.250140491806476 26.89153391676908
-6.676839114204279 -4.315090927080135 19.69646314119779
7.231475380745889 -4.505220572140255 12.45144787880124
-7.194857142675823 -4.570097875662388 12.40633313414093
6.622545535121241 -4.396590655174696 19.70611051421248
5.769357940049179 -4.606876713625834 26.89893638684288
-0.1586132896209968 -9.236151824978213 3.335205113899646
0.22125400734883 -6.920790512695918 32.72703741393305
-7.509721218959421 -5.277235202138327 4.08486353242142
7.509721218959334 -5.277235202138338 4.084863532422231
-7.229832164265341 -5.121678652213201 8.130203262042709
-4.893313890302513 -7.144415242331081 10.67938186191026
-4.950527020401118 -6.752299510401019 14.32434109654556
-2.137374254115927 -8.232450987667184 12.6377489815463
-2.176668241749527 -7.930577164174585 16.21484551813069
0.7154190063385327 -8.328433314261876 14.49645349068785
0.6843248775886591 -8.621747281271118 10.81472426590593
0.9586881641332546 -8.023981811799073 18.02947077516881
-5.0365052853556 -7.437657601880598 6.575581299461336
-1.994848412426174 -7.688101451836769 19.78749994869567
0.9994997716765933 -7.732416356855522 21.64188237251872
-1.804140704709937 -7.443770249605866 23.38850787185979
0.98513005721681 -7.451408986194092 25.20596488015813
4.265611177267977 -7.040033254072313 16.11788655500518
4.248678811991041 -6.37969278596788 23.3162779919771
7.229830895160283 -5.121680128138584 8.130205579811888
4.391610385154846 -8.062926277057828 4.048946933734008
-1.638495862379298 -7.194841005616012 26.94920178847425
0.846495674375905 -7.182462845179297 28.8154731604765
5.197894627270309 -6.925542994772385 10.68373667555914
1.725082252000495 -8.786766618113546 6.931159387612588
5.620716082504956 -4.337946386322984 30.49468723494313
3.379896513877006 -6.015820302040134 33.03263877495635
-6.408969753435534 -4.208644950223217 23.28658160334266
4.249944845630178 -6.719920527847649 19.68114239750326
-5.907546190209681 -3.939869032939717 30.48444963070564
-3.378613548318859 -6.032574261131218 32.85495067620081
-6.968336951794471 -4.384993660670689 16.09598323601562
6.733320456278463 -4.738140203072926 16.09468096367717
-3.409092917386493 -8.597373645219255 3.194239473149106
-2.049847616161026 -8.539842800983138 9.117798503688713
6.407676698309707 -4.206985471659535 23.31188872346127
-4.770875433953104 -6.54956515335229 17.75100151148126
4.909734092010276 -7.448602093625468 7.354812364753547
-1.732423021877856 -6.918056460758477 30.09241661682221
-1.875437219205386 -8.832689911735688 5.97699893300322
-4.589259996266016 -6.331003837236399 21.35412848851222
3.574485150666051 -6.456463827696498 26.93847180158845
-4.404359069649367 -6.115489583530175 24.94967879448411
5.400998162975321 -6.475603790346138 13.56600620336408
-5.604617169224106 -3.98487443274068 33.33038078770426
5.596218833069568 -3.996278288137078 33.33320083142394
3.48690446776676 -6.217304285304605 30.13466901793169
-4.202723515758829 -5.910110212010434 28.56286171842911
3.227375089396896 -7.871335550853328 12.61365851715182
3.144298759112402 -8.173792296954266 9.431680910745754
5.536155101596396 -5.909674051812618 17.81750652815579
-5.876427525806059 -7.19373711152411 2.683243581231383
6.205795935783859 -6.934966668811904 2.462252587068096
-8.59533457652585 -3.591766208264196 2.342916660750504
8.556783239257831 -3.697769327956101 2.266915841936266
8.188229104298189 -3.773026535717784 6.15363002403132
-8.187760751581491 -3.782306934117623 6.10963404197911
5.532595354931903 -1.5 12.21540067250146
-4.680994686512744 -1.5 19.55050544189678
-5.633949060993554 -1.5 8.938224508147622
-4.109248537310109 -1.5 26.75198161115081
4.175025812378582 -1.5 23.01572432228657
3.769769362222393 -1.5 30.65069171125113
0.09758657821515904 -1.5 3.402667971120625
-1.62670676093569 -1.5 33.32788223442936
6.082237982440292 -1.5 5.039309720708411
-5.268317917493937 -1.5 3.84147766291124
-3.543964369187767 -1.5 30.5751536130706
-0.8453567524400523 -1.5 28.03247353371356
-1.053410274656887 -1.5 24.49061721629962
1.978659242153427 -1.5 26.13088890250427
-5.272266995376493 -1.5 12.38238056746961
-2.300798281969895 -1.5 10.33863071434473
-1.865168403908616 -1.5 14.0565752053527
0.8475191670667428 -1.5 11.87599507803497
1.265246666967984 -1.5 15.45355094483883
0.3827357799868523 -1.5 8.031295046127518
5.737404960857983 -1.5 8.431782483142856
4.876499769274821 -1.5 15.99939596712205
2.577837228447148 -1.5 19.00857562595002
-1.125112942061632 -1.5 18.23476171252729
-4.528601802222767 -1.5 23.12769452782278
-4.852932766835918 -1.5 16.10415668593697
-3.110161385859823 -1.5 6.208219194281551
1.61752562423518 -1.5 33.40350186456705
0.6964243969500323 -1.5 21.6125529992591
2.861413984723971 -1.5 5.854076649651994
3.859481431054856 -1.5 2.813387736017397
5.508047538047162 -1.5 19.61678937098608
3.907985046680551e-14 -1.5 30.93323698649644
4.723505434678463 -1.5 26.92683733833918
-2.246189064475413 -1.5 21.25649081984925
-4.340124450673739 -1.5 33.66063861354483
4.383449221940561 -1.5 33.69087015920849
2.97638309812397 -1.5 9.882445307936745
1.844149956176619 -1.5 28.64123142094994
-2.682143890456592 -1.5 2.631741617778556
6.662521149032244 -1.5 2.507817163881789
-6.366242908306787 -1.5 6.273496839540562
2.992093769846077 -1.5 13.39742249749283
1.449174794206289 -1.5 23.81244586008739
1.230128999305736 -3.933731140189123 36
-1.692522322723863 -3.624588288859975 36
4.204497543648224 -9.699641525606356 0
-7.504665215717504 2.076117056049043e-14 0
-10.01360283557782 3.459398700777601 0
-9.952347335282427 -3.562325366977118 0
-8.28225926107741 6.60489069880491 0
7.50466521571748 -8.691506489948669e-15 0
-3.752332607858754 -3.259313750797573e-16 0
8.640724239821758e-16 5.551115123125782e-16 0
3.752332607858756 1.530906045494314e-15 0
-5.599238761511074 8.990103891911453 0
7.913893359863064 -3.245913943253347 43.78948121158254
9.193385683973643 -3.261669051937548 28.5275134817048
9.193385683973851 3.261669051936942 28.52751348170485
6.652617504236985 3.141241379777952 58.99554065229922
8.237262867764462 3.251401695295756 39.95162451164516
6.28168907922707 -3.217624949421028 62.79643657168234
-11.73128066296225 0.3658206351548721 3.341947424554161
-2.994492805538506 11.34508140865445 3.38466743266196
-2.879762434608137 -11.37192468062312 3.419408766471416
10.11646334979564 3.345788239617946 17.08501301298051
10.13994097335968 -3.269426385055376 17.10264947107312
-4.859360121525458 3.468038509654455 76.61865730217922
5.986966559112645 3.136159376705845 66.59774666370318
8.557207529299856 -3.25516565974323 36.14368486009381
5.61044116807096 -3.199497478681198 70.40984790038134
7.615447117221959 3.189694300003133 47.56614505689132
6.749975432508553 -3.630407535854907 55.08985028776149
10.33344225458509 -4.368711996773343 9.923708795559914
10.72924455023717 3.394787911756593 9.485175436666081
4.718238164040466 10.73561669153541 3.472744321307459
4.712243512000845 -10.74283313214679 3.419408766471715
-9.296268222620112 7.167457475359555 3.322311395245336
-9.257317901175359 -7.205259738421862 3.419408766471709
-4.722384685810231 -3.625614612545042 76.82610752708068
5.333912793146073 3.081567611235157 74.20311703908095
2.98274313054798 -5.166262648036096 76.67576704977438
10.11001643510303 -5.951236539755725 3.410773106832593
10.31700692552852 5.583284939902489 3.419408766471419
8.224603312786346 -3.26983533697319 40.01490958956582
8.576036544614709 3.204897166193261 36.14516673573713
8.887766519822764 3.228866409415029 32.32321695041099
7.410585290524829 6.122034762716206 30.33875528304161
6.586333022582346 -5.688889739330885 41.89159771829348
6.68820100219974 6.052552926309881 37.86094766485592
7.742597267633418 6.18905023901314 26.52772808920192
5.086946442228831 8.348194446680587 28.25912012127211
5.459654410362814 8.469639526293275 24.43611791152451
2.206695425183308 9.69916484578844 26.08552254940676
2.630155761199849 9.904236186407298 22.26740215358921
-0.8868602167735242 10.08532491749693 23.8337503359025
-1.308389073783467 9.736473727414245 27.64881363393975
-4.290920840617217 9.041619840686549 25.30896525825146
-4.697516866030663 8.497368974083324 29.10516246119266
-3.910546589958584 9.537080062312905 21.50296207870004
-6.892209923722413 7.516466808412511 22.89619038283309
-6.603526958176867 8.159946500521816 19.09483161848573
-8.913668742900441 5.345737635635566 20.40911992605664
-9.012107480335793 4.550419885740737 24.19564292048013
-10.12508596779599 1.878569283156958 21.62745071128618
-9.954917523043539 0.9702675863331377 25.38585495799854
-10.04605238809166 -1.823602752122734 22.74124694003984
-9.535617037955452 -2.723323714724678 26.4685649598273
-8.646924630144529 -5.278934265062245 23.74834092821211
-7.80209654770794 -5.996178660607893 27.44458287005535
-6.08094243643364 -8.014567475753418 24.64526756328501
-4.940947790061752 -8.431406489366868 28.30318533547853
-6.861225853368057 -6.643549676275252 31.12310196193313
-7.139278980816806 -7.49254563352149 20.97441825366862
-10.46268054109761 -0.9387340881937626 18.99947684068381
-3.53411787887224 10.00246004648367 17.68132832697252
-3.94527809739612 -9.498011764479655 21.79347499337701
-5.167652451113747 -9.223293224981894 18.14050279123036
-3.728744358894307 -8.722397581015896 31.94369469276258
-5.826296152080142 -7.200505397057791 34.78385374993156
-8.241921820373058 -4.379961193710156 33.88169862226466
-7.459340443229367 -5.112612881995013 37.56893051286348
-8.958943879100287 -1.710836583444428 36.58325567761882
-8.44271429166106 -2.582119074280889 40.29459713135989
-8.849031509267952 1.070299020100429 39.21740413320644
-8.617229372062209 0.1936188474746703 42.95454122565192
-7.84881715280161 3.779412329407767 41.78606371218864
-7.883275539180045 2.945653307677226 45.54367993095197
-8.295671475889934 -0.7088624289101382 46.68383601748943
-7.848582615437567 2.083565242172936 49.2945248014052
-7.871607973703336 -1.60264549583239 50.40425221447966
-7.732958398291283 1.20048135113565 53.040955023904
-7.323444861593991 -2.508430849609113 54.11409362245259
-7.526587044807004 0.2647435901841135 56.78095773474531
-6.2310632070273 -4.947699452321611 51.37754978153011
-6.434155195721141 4.620049426444385 51.82783209964787
-8.76965083544601 6.117323544611869 16.61403595664122
-5.25742739978446 -5.581487911274762 55.04715136430292
-5.992555912644155 6.049653226694621 44.27828421011857
-1.561069956064583 -10.39704256125759 18.88671514170989
-0.2196935096799385 -10.22650469825057 22.50441361864969
-5.729857203880819 6.695954222181959 40.49604595780226
-6.557061005639726 -5.799465541111054 41.24700145206562
5.953549333319203 -5.94102391375335 45.60589699030385
-2.883730968650453 -10.40760402821665 15.25090116299588
-6.333876196726998 -8.823617680683149 14.46482413698799
0.9175868314644764 -10.7072401421413 15.9274080618532
-3.178392574036632 -7.224004512353291 52.19326008167316
-1.8933003460804 -7.367312572188256 55.8221727361889
-4.16400837815129 -6.093652052127174 58.69650141740431
-3.04871517656711 8.067723467956929 42.88918567789707
-1.781179294387158 9.356255322149064 31.45686923712754
-2.45248862400848 -8.867967134811307 35.56664146154154
-0.01918543956834047 -9.43055347078324 32.64766569311364
-9.000117045228121 1.945347404130748 35.47626223734375
3.491901831095213 -7.86352495119228 43.15057619792356
-0.4359146808708436 -11.02267694552484 12.30858751177867
3.35461939575228 -10.45849732611466 12.91795948692068
4.605305552761977 -9.659922042801862 16.49851360019455
6.324133341199129 6.004780431494609 41.66640664528849
-2.693188489371694 8.506986918286282 39.09545289446297
-5.431478902031383 7.314280848637916 36.71565448169004
-4.434173675192789 -6.870396347519863 48.57511123596912
-0.5386359222491828 -7.303605643537937 59.4213196086008
-2.920316808545599 -6.466000142293761 62.32538206720927
-3.422345419778378 7.589980122376428 46.68414486250546
1.325837025255947 -9.05253624458406 36.22396251895316
3.68798310156968 -8.629740352153272 33.22983062494363
2.416102336556798 -9.356913092786304 29.6840102183764
0.5023755148684362 -7.820782657829989 52.89718397079524
4.708974893598946 8.222658972297435 32.07583169703594
5.839224704256721 8.580166071030574 20.6015606180429
0.005424565164569543 8.442719947920711 45.19950650279145
-0.4105988687255331 8.132980626056048 49.00352798859429
6.72795504025833 -8.630478284144836 13.42971213090384
-5.882086219335932 -4.082875467024121 61.49518239014504
-4.950412380381947 -4.76456605697332 65.17286893493815
-6.781041906457409 -1.503361225358711 64.22108418229843
-6.212007522612815 -2.382011811676975 67.93949543420082
-6.608540785001325 1.311875332815569 66.86647602501787
-3.78859074047539 -5.394541898420271 68.71511850111051
-6.700062864425609 2.142153037362991 63.09674931105766
-5.06174924270449 4.59402802553156 65.61902078559808
-4.769974458208361 5.304048113993391 61.83584927530294
-2.075751250840448 6.627465556320238 64.23076329420803
-2.478789186291978 6.165846677196002 68.03595563186684
-1.657656548521984 7.052380569178874 60.42337735373313
-1.127064595000917 -8.845915084115195 39.16781506803967
-9.074459176632292 3.697607001875685 27.96784400171379
3.031473787612909 10.10535650960644 18.4206466196157
6.214167172131771 8.68701026410689 16.76170864921733
3.435205070646822 10.29347058710379 14.59242139068507
6.588884869589507 8.788146426433146 12.91143272331685
3.835418926776172 10.47328610907618 10.75603128167054
0.3617966827999997 11.02145470757731 12.35816421749776
6.89347186624142 8.928307377681724 9.150592447847609
-6.429671525896054 0.3977892632139073 70.62153146172086
1.358332530254016 6.936142214669609 62.66833918772353
-4.488086265530751 5.92402322708659 58.0399382318063
-1.216354109171996 7.445276631047403 56.61907952953928
5.745224396011083 -9.640289205381146 9.880051805529927
3.864887577786523 8.0046505797274 39.53081411364172
3.013524488439732 -7.715611237606938 47.2259735587086
5.406115962832635 -6.045961418170158 49.42115224640713
0.942746345636029 11.28050814397504 8.642332451671976
-2.769055244049216 10.86279098353403 10.0357510560999
0.787496417341032 -6.996837199919389 63.00988845715089
-0.02018055812655542 -8.448269381746062 45.12871014782433
2.990831440052891 7.70932169014838 47.40504235598615
2.652406906242456 7.513734316312491 51.22947062364623
4.362349881615597 -7.997700073111103 36.7200927818467
5.8219785064814 -7.66322309522175 30.19057226144905
4.704916542255785 -8.711556909502999 26.671823664254
2.57872123714621 -6.801516525583703 60.05008756752957
8.07867237061779 -6.968169676195268 16.91626091994338
5.983485196866583 -8.53793837031537 20.00138779273294
8.509609223370754 -5.967447727299664 20.41310516772688
8.467166579655963 -7.346024957502112 10.0419298332542
7.659657476544917 -8.531528279886873 6.79166746211288
9.271377867456145 -5.766591768376965 13.74269959509314
-0.7595385117225937 -8.116519736358878 48.89371945822921
6.918174463998258 -7.422475686356035 23.54918417043955
8.909560712800658 -4.873113386906452 23.44076988639879
8.800977790831187 6.294188000835304 14.99237469517677
-2.243942831238456 8.94532280510238 35.29177761835788
-5.074083428193226 7.922160884197793 32.93685180218679
2.640833211110905 -8.466995775059509 39.77964823885651
2.46534641931117 -10.16972150249574 19.51316515621503
8.420879580324957 6.299048520869878 18.85421405294034
-0.8646394755394069 7.796505839982922 52.80312460943377
8.105706571229234 6.215646467874909 22.6864746551564
1.850181386716143 -7.326631028254306 56.45833830984077
4.102343598034314 -6.633446638232793 53.37270863770748
1.089848996102508 -9.884536057112332 26.1184064652063
-6.234333962710052 5.354855134728568 48.05032888830674
0.3007627556171227 8.735953853403201 41.40787358077701
3.376350816908443 7.876096915370884 43.59136566317127
1.833453399617936 7.128569485776686 58.9494925812544
2.19221519381282 7.345882581927788 55.06849047108347
5.24001304569749 5.7836447657794 53.31045856046779
3.639666413659991 -9.510729532850602 23.0823957911423
-8.934308244782542 -3.578832297408431 30.18431270307607
1.304405244999818 9.249774176845994 33.78204796236609
7.937387184503961 3.194011313031477 43.76114362604049
8.882697477734318 -3.226248884261449 32.39511024017794
7.008519245952842 -3.745247745127884 51.50511221496831
9.503663357957901 3.283552170839698 24.71463786267745
6.625926378208643 -3.1840791342087 59.06763763196672
0.8829027944350815 6.710377561410948 66.47617820873648
0.431133431678596 6.454428526126086 70.28041212838737
-2.997312400818579 5.600759043947748 71.76016420039501
0.1838073914228461 6.159271749533553 74.17864834713284
6.338459435609988 3.107601956751528 62.77795841995177
9.088375742478499 6.411275622456751 11.1536802201775
9.231201770540588 6.782410114513332 6.925354063184419
-7.773312153997236 4.543482029864095 38.0708976827774
10.44784547031242 3.293041440964305 13.28403161741805
7.631067776880936 -6.255314063448836 27.0994627699125
-7.168282884737469 6.827806794311156 26.68737763767962
5.963642096369647 -3.164950886875121 66.68927878045604
3.691677034972834 -5.493009064323476 68.38123830984426
3.113978555165671 -5.497625655697016 72.19300895411979
-0.02633266120821582 -6.513387885770509 69.7133404889365
-0.5810098435035775 -6.178972277285342 73.61684825812512
5.319749846458178 -3.095012034974712 74.27312088979566
-3.811064397982776 7.06556505070766 50.47091496960262
-4.164155706621239 6.512316215244975 54.25750353688656
-6.596384034129962 3.822482073405385 55.60378894455845
5.693634032963431 3.052618515126128 70.3880980036112
-10.22896550436032 2.758454817968946 17.86014306221474
-10.80074244130824 -0.01531153301384451 15.2378741705202
-10.06503878547823 -3.685960609992116 16.27999681716888
-10.6491465992536 -2.80876907952042 12.53679102466188
-11.0641109924014 0.8719181008416019 11.4557363540112
-11.11270354223656 -2.072281710078286 8.840081486884586
-9.82156984679485 -5.446448646847119 9.77578013640866
-11.32064881380241 1.556846575418544 7.278135763875532
-10.26648149236697 4.45861199444276 10.25582903003893
-9.38846346612636 -4.53380496573262 20.00129821335716
-10.29762823458689 3.548848337906223 14.07858696422299
-0.460235383658856 10.41421297193212 20.02018074904344
-7.819732309249829 -3.425602324579747 43.99965535806349
-5.696900670493325 -6.263610770775125 44.8929661207034
-7.084013939019176 -4.222061794711289 47.68942909318614
-4.697788189754965 -7.647881229482233 38.43012791739862
-2.718238359574902 -8.251176980408554 42.09070355542386
6.78744491564601 -6.429271502004231 33.68337439220053
-0.06004605662557474 10.72385994892513 16.2127607656608
-9.004342372706175 -6.207684178209591 13.50927743264542
-7.513420611165385 -8.25796046044578 10.61640962919094
-1.369060397286748 -9.613157969474122 29.09522473264869
-6.651809962343219 3.067899348441822 59.39894235598222
9.821072329952019 3.281096893946552 20.90598099357321
-9.36943501382282 -0.8701717161322687 32.91216834298179
-9.076641492082407 2.819058991576002 31.71034315666494
-8.104615918409623 -6.899905751838536 17.23035221169818
-6.641046220731655 -3.367077014091788 57.86594497657134
-7.203512125109337 -0.6646308732391273 60.5563972379355
-1.662070711830059 -6.603408752100234 65.9532388369053
1.752382367226666 9.485492271227269 29.91034562645465
-3.157323061909697 10.44190585635027 13.86491195816401
-6.009948753130162 9.325705659630968 11.50527379848959
-5.250083177299315 10.14111430754039 7.375622209881175
-6.335717907702814 8.740878643068092 15.3037640458004
-7.425256819183216 6.087275952800467 30.47545814177369
-7.63028131221509 5.318766265156641 34.29277167502997
-10.55763586080062 -4.615094799613457 6.070097129462571
2.978756127275285 5.159356955797906 76.77708640950702
7.04940219756367 6.090501955695967 34.10316066986687
-5.958054216420107 -0.1052451890827927 76.75839007294908
-5.780372976734945 -2.304957689197631 73.40393597779526
-2.687285818774689 -9.632942673919477 25.40282323704661
-4.211109395455421 -10.25347804994265 11.63189182516557
-1.840376645269258 -11.16670136081143 8.674006047561319
2.012728179357728 -11.08897597571682 9.273520992574589
0.9485457447817838 -11.51638797706085 5.649364507073459
-5.490683101014389 -10.0807021802889 6.619536193627482
-9.707909409386721 0.03246830296225262 29.12308243096657
5.596339051000432 5.857498331276819 49.53906392558852
3.866547902226375 -5.779363651182639 64.12179400331915
4.269271966756834 8.128583465867429 35.81201593650815
-8.648214188902566 6.777984115805781 12.86068358503038
8.032292777286417 8.550945690940361 3.407117329609986
7.544842141138526 -3.345370312515295 47.60696497449707
0.7022698793961919 11.71144705371016 3.39911617162844
-8.31269593119006 -7.876926255523499 6.96378968682377
-11.06366472285659 3.915923134359469 3.351495875172704
-6.529151241275238 9.752766280182454 3.347633604596195
0.7674599032527765 9.010304988669798 37.57313142462013
-5.31997683107099 3.802126998752928 69.38877624336268
-5.179735710733384 3.504551905129117 73.0108377008205
-10.01936709019048 5.596524002261212 6.65239261535927
-8.276419539642349 7.662527922103603 9.162517830756506
5.964749372808124 5.942336182059092 45.49334808991183
7.300514453267034 3.162118161433833 51.3850366125974
4.349777932842245 10.58154350099322 7.106572291166607
6.963136141158261 3.152403177525565 55.35473182185174
7.867106895594184 -8.729613433879312 3.157616564810868
-6.450569289439373 -9.821091579612066 3.175911023579762
4.519590661385685 5.625406317422444 60.78539176033016
11.08065882448961 -3.189415299241905 5.965045374239724
11.09987319675308 3.128692215598836 5.941614034472197
4.894895652288723 5.70239506623734 56.98556313691387
4.951543205236643 -5.651153866776831 57.0058481777624
4.181743243731966 5.520120200017203 64.48116474518233
3.763152947067699 5.443188697413346 68.39276271815594
-1.028912770623078 -5.835254290007242 77.18673141795152
9.943995216555424 -2.883158453922455 20.92034804807133
3.332308441598027 5.366550985591452 72.20970342847276
4.35518770018965 -10.60147140503684 6.846241459962802
9.764127095035445 -5.917127986366482 7.40621908121741
-11.17102799265548 -3.708616614122689 2.915516237776629
-1.368214014989726 11.39585868820341 6.636446558904068
-1.026372295734968 5.820846540961 77.37262334316128
-3.654681273777257 -5.015875896889105 73.61844991774463
6.952299412409076 -5.738972056320784 37.92799126908503
2.741000527487458 -7.543666084229788 50.491840833919
10.54625822188219 -2.937568507507081 13.37031217476109
0.3515131432113561 -8.688220608726155 41.98983185172869
0.9746345422669047 -11.76208972856607 2.510734475215751
-2.976152980702794 -7.835635800163439 45.9735113624431
-7.958434417127364 8.328772364485289 6.101886020616718
7.937063077022101 -5.41455821477414 30.39274782395696
1.466597763299599 -6.634462336854464 66.14049445893875
5.233287610856198 2.768252807570017 77.24930047901637
5.248593974836205 -2.731991800645705 77.29116814885538
-2.702429824911079 5.501825372352645 74.589246829328
-5.428112774614064 -3.463572621225097 70.6591822428832
11.42161303753389 -2.865258955235403 2.85224460448703
11.43396464721201 2.820216538592482 2.83810148489461
6.919074889860954 9.206468571664606 6.141856472646364
-11.40732724006851 -1.765485634071055 5.80497143133166
5.142843697352604 -7.245023608566302 39.58269981809052
-2.363526614569319 -5.94378075092928 71.19963993677224
5.095135256046669 -5.118540731780238 60.70797798326101
-6.153075377091734 0.7079345192994866 73.77645896943076
9.611005849926078 -2.619339105583233 25.90103167099565
1.942178575185269 11.36481392033485 5.977342051259296
7.59643491691998 4.439081938164364 8.915085302296129
7.003879181155426 4.327087581015157 16.10206299955331
2.744387076377544 8.64756390455341 5.43066611270946
6.292130346842689 4.37919312442071 23.30261534734399
2.920365216471364 7.997510842274907 12.52793233418674
7.162428857075636 5.889139176889022 2.888543694217753
4.2743786418781 5.373893735357715 33.46158254817385
2.893459078085528 7.401098039915764 19.73789352942262
3.056714720314817 6.716257935544371 26.94815163190792
6.699977240102732 4.278781247533495 19.698482033431
7.366856625095437 4.274040355418711 12.49116263518591
2.95871662092074 8.284902202903792 8.92784033297098
2.902828557618352 7.092021903176962 23.33995560111041
2.796120632774099 7.741663697962607 16.12240906171053
5.958286639587919 4.359818868484176 26.89859549863814
5.64992563126289 4.308014667279474 30.43169564780998
2.928672914995316 6.471732295278397 30.44976525241539
5.813221168881241 6.851176354490143 6.542328806496736
5.566961599789228 6.646387258855143 10.54862301694769
7.981773601978113 4.273863253113388 5.667177160290733
4.691596633748571 8.014817009648402 2.706420465048214
5.375497155764379 6.435791426258442 14.16199653353089
5.159179986622934 6.246562086254947 17.76776584819948
4.979379168115504 6.02670934521102 21.37645345821955
5.90011596250482 3.488269391960577 33.61869372724851
8.469246176880093 3.854671140089856 2.475255143847543
2.326456371025436 9.005423418174678 2.527544871073268
2.085028563640451 6.522136774078583 33.70566123354595
4.777356342640812 5.837699546189379 24.86181414095407
-5.532595354931903 1.5 12.21540067250146
4.680994686512744 1.5 19.55050544189678
5.633949060993554 1.5 8.938224508147622
4.10924853731011 1.5 26.75198161115081
-4.175025812378591 1.5 23.01572432228655
-3.769769362222394 1.5 30.65069171125112
-0.09758657821515548 1.5 3.402667971120625
1.626706760935697 1.5 33.32788223442935
-6.082237982440276 1.5 5.039309720708392
5.268317917493939 1.5 3.84147766291124
3.543964369187773 1.5 30.5751536130706
0.8453567524400629 1.5 28.03247353371356
1.053410274656887 1.5 24.49061721629962
-1.978659242153423 1.5 26.13088890250428
5.272266995376494 1.5 12.38238056746961
2.300798281969895 1.5 10.33863071434473
1.865168403908617 1.5 14.05657520535269
-0.8475191670667392 1.5 11.87599507803497
-1.265246666967984 1.5 15.45355094483883
-0.3827357799868505 1.5 8.031295046127521
-5.737404960857976 1.5 8.431782483142856
-4.876499769274817 1.5 15.99939596712205
-2.577837228447148 1.5 19.00857562595002
1.12511294206163 1.5 18.23476171252729
4.528601802222768 1.5 23.12769452782278
4.852932766835917 1.5 16.10415668593697
3.110161385859824 1.5 6.208219194281551
-1.617525624235181 1.5 33.40350186456705
-0.6964243969500359 1.5 21.6125529992591
-2.861413984723949 1.5 5.854076649651994
-3.859481431054846 1.5 2.813387736017384
-5.508047538047151 1.5 19.61678937098608
-5.329070518200751e-15 1.5 30.93323698649643
-4.723505434678465 1.5 26.92683733833915
2.246189064475419 1.5 21.25649081984926
4.340124450673746 1.5 33.66063861354483
-4.383449221940566 1.5 33.69087015920847
-2.976383098123977 1.5 9.882445307936756
-1.844149956176606 1.5 28.64123142094994
2.682143890456595 1.5 2.631741617778555
-6.662521149032226 1.5 2.507817163881743
6.366242908306786 1.5 6.273496839540562
-2.992093769846075 1.5 13.39742249749282
-1.449174794206289 1.5 23.81244586008739
-7.596434916919911 4.439081938164479 8.91508530229615
-7.003879181155029 4.32708758101581 16.10206299955325
-3.080865931191364 8.539572068107729 5.357860059227217
-6.292130346842653 4.379193124420762 23.30261534734397
-3.074418305788022 7.9372741934351 12.55505469080448
-7.162428857075633 5.889139176889028 2.888543694217748
-4.274378641878095 5.373893735357719 33.46158254817386
-3.066524316244119 7.329892996527411 19.7518492562456
-3.056714720309926 6.716257935546408 26.9481516319101
-6.701140456511554 4.276976095825261 19.69836698598434
-7.366856625094087 4.274040355421025 12.49116263518601
-3.077778412286363 8.239015375432508 8.956379573630592
-3.061959519613799 7.02391864344023 23.3500366327026
-3.070730446678276 7.634264754079688 16.15349063526454
-5.958311156680783 4.359755512688594 26.89881946578506
-5.650010648834502 4.307881856200511 30.43185981288763
-2.903642447380842 6.483761996330373 30.4409427363403
-5.950920177436231 6.731866377147207 6.54281097334357
-5.633358780517578 6.5920223021187 10.53106386148049
-7.981773601976891 4.273863253116498 5.66717716028578
-4.691596633747922 8.014817009647293 2.706420465064544
-5.375497155759996 6.435791426262145 14.16199653353047
-5.177350087539957 6.231371635652107 17.76912219722121
-4.99138524750146 6.015283121212908 21.3909887633719
-5.900185730679547 3.477119395214924 33.6899464722501
-8.443250408479971 3.896238239419951 2.555485134300295
-2.516487741479973 8.960311734001664 2.452537847193904
-2.094252939556498 6.524455097157026 33.64185261352957
-4.781639600282209 5.821768409303075 24.98384861118898
1.861466232561885 -0.6775183007441694 80
-1.796581528936375 0.6539021999652996 80
1.425965863507625 2.469845325454036 80
-0.4952327472266952 -2.808604475826126 80
-1.619444587534517 3.897509141834141 36
1.622581541383957 3.694230868125434 36
0.05575234315686876 4.440892098500626e-16 44.32678594170086
-0.02339774609743095 0.04598179232670674 52.90497728174415
-0.006898455219285005 -0.005980989946518633 60.44729315854807
0.1352741899121508 0.04173158763533703 67.08285065240675
7.736695996030107e-05 0.001699857936662497 73.90352383761198
-3.853025102282825 -4.884981308350689e-15 40.92373220216122
-0.423699829999609 -3.766401085700961 40.93113398321945
3.738044776708103 -5.666793018964772e-15 40.8280572955605
-0.03438415469365555 3.222471928620766 40.60920472558953
-2.911101241987057 -1.070683047882235 48.59473434857636
0.8679383944823822 3.009384631593663 48.60773271797446
2.206471314253108 -2.020577749725614 48.61443218204023
0.6943730902896521 2.987244955254588 56.69502592805703
-2.088457874751773 -2.21183660901452 56.6652944756158
2.668622997131196 -1.413831894961765 56.68874018779391
-2.881615786921649 3.124373542824769 45.89662117312394
2.978551738064248 -3.265659239492639 43.71582465481786
4.173092006184982 1.393897627180258 45.3567281532139
-0.9860628735460419 -4.092362815032375 45.19257798438252
-1.315614492737714 -2.597115527609604 63.81343831693143
-1.805080633650231 2.245470816880927 63.78910523250681
2.762464402662018 0.8090783670511283 63.70156986356357
0.9650126394990861 4.352080557379248 44.57955378589117
-2.783663342226421 2.594335295789628 50.82694797357718
3.373015950350806 4.240670002245622 39.31177030155558
-4.619220447891741 -0.9783236337529093 44.84931466347089
-3.297514457670356 1.776541443794095 57.21817420333831
3.298483643606361 -3.732920173092953 39.55952884298728
-0.7818194022702358 -3.806929071012 51.14417721769495
2.825929007116569 0.1131015502507752 70.19070204064035
3.653747835579642 1.060962124780334 51.10477596502828
0.916149162385089 4.066994066958283 52.71081399631883
0.2405731836828644 -0.3542430230011813 39.55187359075738
-0.6437487930704306 2.423001980562694 70.42208992117381
-3.530417021895846 3.343927142579394 39.25456165129404
-1.525247012674585 -1.878925763206216 70.45045772860037
-3.950820951436556 -0.908559839014016 52.51640377856418
-3.505711123976673 -3.320367315299924 39.10614335115464
2.250682435155987 -2.776068499369935 62.12746058339776
3.083640775918568 -2.674174230496478 52.77608801180809

CELLS 3817 17395
1 0
1 1
1 2
1 3
1 4
1 5
1 6
1 7
1 8
1 9
1 10
1 11
2 0 12
2 12 13
2 13 14
2 14 15
2 15 16
2 16 17
2 17 1
2 0 18
2 18 19
2 19 20
2 20 21
2 21 1
2 2 22
2 22 23
2 23 24
2 24 25
2 25 26
2 26 27
2 27 28
2 28 29
2 29 30
2 30 0
2 2 31
2 31 32
2 32 33
2 33 34
2 34 3
2 1 35
2 35 36
2 36 37
2 37 38
2 38 39
2 39 40
2 40 41
2 41 42
2 42 43
2 43 3
2 2 44
2 44 45
2 45 46
2 46 3
2 4 47
2 47 48
2 48 49
2 49 50
2 50 51
2 51 52
2 52 53
2 53 54
2 54 55
2 55 56
2 56 57
2 57 58
2 58 59
2 59 60
2 60 61
2 61 62
2 62 63
2 63 64
2 64 4
2 5 65
2 65 66
2 66 67
2 67 6
2 5 68
2 68 69
2 69 70
2 70 71
2 71 7
2 6 72
2 72 73
2 73 74
2 74 7
2 8 75
2 75 76
2 76 77
2 77 78
2 78 79
2 79 80
2 80 81
2 81 82
2 82 8
2 4 83
2 83 84
2 84 85
2 85 86
2 86 87
2 87 88
2 88 89
2 89 90
2 90 91
2 91 92
2 92 93
2 93 94
2 94 95
2 95 96
2 96 97
2 97 98
2 98 99
2 99 100
2 100 101
2 101 102
2 102 8
2 9 103
2 103 104
2 104 105
2 105 106
2 106 107
2 107 108
2 108 109
2 109 110
2 110 111
2 111 5
2 9 112
2 112 113
2 113 10
2 6 114
2 114 115
2 115 116
2 116 117
2 117 118
2 118 119
2 119 120
2 120 121
2 121 122
2 122 10
2 7 123
2 123 124
2 124 125
2 125 126
2 126 127
2 127 128
2 128 129
2 129 130
2 130 131
2 131 11
2 9 132
2 132 133
2 133 134
2 134 11
2 10 135
2 135 136
2 136 11
3 12 196 0
3 0 196 30
3 1 197 17
3 35 197 1
3 22 187 2
3 2 187 31
3 34 188 3
3 3 188 43
3 13 194 12
3 12 194 145
3 145 196 12
3 14 176 13
3 176 194 13
3 15 143 14
3 143 176 14
3 16 163 15
3 15 163 143
3 17 195 16
3 16 195 163
3 17 197 195
3 23 172 22
3 172 187 22
3 24 137 23
3 137 172 23
3 25 170 24
3 24 170 137
3 26 138 25
3 138 170 25
3 27 174 26
3 26 174 138
3 28 140 27
3 140 174 27
3 29 147 28
3 28 147 140
3 30 199 29
3 29 199 147
3 196 199 30
3 31 173 32
3 31 187 173
3 32 144 33
3 32 173 144
3 33 169 34
3 144 169 33
3 169 188 34
3 36 198 35
3 35 198 197
3 37 162 36
3 162 198 36
3 38 139 37
3 139 162 37
3 39 175 38
3 38 175 139
3 40 141 39
3 141 175 39
3 41 178 40
3 40 178 141
3 42 142 41
3 142 178 41
3 43 168 42
3 42 168 142
3 43 188 168
3 170 185 137
3 137 190 172
3 185 190 137
3 138 183 170
3 174 179 138
3 179 183 138
3 139 166 162
3 139 186 166
3 175 186 139
3 147 148 140
3 148 149 140
3 149 174 140
3 161 171 141
3 141 178 161
3 171 193 141
3 141 193 175
3 161 178 142
3 142 184 161
3 168 189 142
3 142 189 184
3 163 167 143
3 167 182 143
3 143 182 176
3 144 181 165
3 165 189 144
3 144 189 169
3 173 181 144
3 145 155 147
3 147 199 145
3 145 194 155
3 145 199 196
3 162 180 146
3 146 198 162
3 146 180 163
3 163 195 146
3 195 197 146
3 197 198 146
3 147 155 148
3 148 150 149
3 148 177 150
3 155 177 148
3 150 151 149
3 151 179 149
3 149 179 174
3 150 152 151
3 150 153 152
3 150 177 153
3 152 154 151
3 154 156 151
3 156 179 151
3 153 191 152
3 152 160 154
3 152 191 160
3 153 177 167
3 167 192 153
3 153 192 191
3 154 157 156
3 154 171 157
3 160 171 154
3 176 182 155
3 155 194 176
3 155 182 177
3 157 158 156
3 158 183 156
3 156 183 179
3 157 159 158
3 157 161 159
3 157 171 161
3 159 164 158
3 164 185 158
3 158 185 183
3 161 184 159
3 159 165 164
3 159 184 165
3 160 193 171
3 160 186 175
3 175 193 160
3 160 191 186
3 166 180 162
3 163 180 167
3 165 181 164
3 181 190 164
3 164 190 185
3 184 189 165
3 166 192 180
3 186 191 166
3 191 192 166
3 177 182 167
3 180 192 167
3 168 188 169
3 169 189 168
3 183 185 170
3 173 187 172
3 172 190 173
3 173 190 181
3 30 18 0
3 21 240 1
3 1 240 35
3 2 235 22
3 44 235 2
3 43 236 3
3 3 236 46
3 18 239 19
3 30 209 18
3 209 239 18
3 19 206 20
3 19 239 206
3 20 230 21
3 206 230 20
3 230 240 21
3 22 210 23
3 22 235 210
3 23 203 24
3 23 210 203
3 24 224 25
3 203 224 24
3 25 201 26
3 25 224 201
3 26 225 27
3 201 225 26
3 27 214 28
3 27 225 214
3 28 202 29
3 28 214 202
3 29 241 30
3 202 241 29
3 30 241 209
3 35 208 36
3 35 240 208
3 36 220 37
3 208 220 36
3 37 200 38
3 37 220 200
3 38 221 39
3 200 221 38
3 39 231 40
3 221 231 39
3 40 204 41
3 40 231 204
3 41 233 42
3 204 233 41
3 42 205 43
3 42 233 205
3 205 236 43
3 45 207 44
3 207 235 44
3 46 227 45
3 45 227 207
3 46 236 227
3 220 237 200
3 200 242 221
3 237 242 200
3 223 225 201
3 201 234 223
3 224 234 201
3 214 215 202
3 215 226 202
3 226 241 202
3 210 211 203
3 211 212 203
3 212 224 203
3 213 233 204
3 204 243 213
3 222 228 204
3 204 231 222
3 228 243 204
3 205 232 227
3 227 236 205
3 205 238 232
3 233 238 205
3 206 226 219
3 219 229 206
3 206 239 226
3 229 230 206
3 207 232 210
3 210 235 207
3 227 232 207
3 208 229 220
3 208 230 229
3 208 240 230
3 226 239 209
3 209 241 226
3 210 232 211
3 211 213 212
3 211 238 213
3 232 238 211
3 213 243 212
3 212 234 224
3 228 234 212
3 212 243 228
3 213 238 233
3 214 216 215
3 214 225 216
3 216 217 215
3 217 219 215
3 219 226 215
3 216 218 217
3 216 223 218
3 216 225 223
3 218 242 217
3 217 237 219
3 217 242 237
3 218 222 221
3 221 242 218
3 218 223 222
3 219 237 229
3 229 237 220
3 222 231 221
3 223 228 222
3 223 234 228
3 44 2 31
3 34 3 46
3 32 245 31
3 31 245 44
3 33 244 32
3 244 245 32
3 34 244 33
3 46 244 34
3 44 245 45
3 45 244 46
3 45 245 244
3 7 0 55
3 7 247 0
3 12 249 0
3 0 247 18
3 55 0 56
3 0 249 56
3 1 5 4
3 4 64 1
3 1 251 5
3 1 64 17
3 21 251 1
3 4 5 47
3 47 5 65
3 5 251 68
3 51 50 6
3 6 50 67
3 6 72 51
3 55 248 7
3 71 247 7
3 7 248 74
3 12 13 58
3 57 12 58
3 57 249 12
3 13 14 59
3 58 13 59
3 14 15 60
3 59 14 60
3 16 246 15
3 60 15 61
3 15 246 61
3 17 63 16
3 16 63 62
3 62 246 16
3 17 64 63
3 18 252 19
3 18 247 71
3 71 252 18
3 19 253 20
3 19 252 70
3 70 253 19
3 20 254 21
3 20 253 69
3 69 254 20
3 68 251 21
3 21 254 68
3 48 47 65
3 49 48 66
3 66 48 65
3 50 49 67
3 67 49 66
3 51 72 52
3 52 255 53
3 72 255 52
3 53 250 54
3 73 250 53
3 53 255 73
3 54 248 55
3 74 248 54
3 54 250 74
3 56 249 57
3 61 246 62
3 68 254 69
3 69 253 70
3 70 252 71
3 73 255 72
3 74 250 73
3 47 569 4
3 4 568 64
3 83 568 4
3 4 569 83
3 8 564 75
3 82 565 8
3 102 564 8
3 8 565 102
3 48 283 47
3 283 569 47
3 49 522 48
3 48 522 283
3 50 275 49
3 275 522 49
3 51 524 50
3 50 524 275
3 52 263 51
3 263 524 51
3 53 527 52
3 52 527 263
3 54 277 53
3 277 527 53
3 55 526 54
3 54 526 277
3 56 262 55
3 262 526 55
3 57 551 56
3 56 551 262
3 58 278 57
3 278 551 57
3 59 538 58
3 58 538 278
3 60 264 59
3 264 538 59
3 61 559 60
3 60 559 264
3 62 276 61
3 276 559 61
3 63 537 62
3 62 537 276
3 64 282 63
3 282 537 63
3 64 568 282
3 75 507 76
3 75 564 507
3 76 553 77
3 507 553 76
3 77 267 78
3 77 553 267
3 78 509 79
3 267 509 78
3 79 279 80
3 79 509 279
3 80 546 81
3 279 546 80
3 81 281 82
3 81 546 281
3 281 565 82
3 84 540 83
3 83 541 84
3 540 568 83
3 83 569 541
3 85 273 84
3 84 274 85
3 273 540 84
3 84 541 274
3 85 456 86
3 86 557 85
3 85 557 273
3 274 456 85
3 86 265 87
3 87 266 86
3 86 456 265
3 266 557 86
3 87 492 88
3 88 547 87
3 265 492 87
3 87 547 266
3 88 446 89
3 89 576 88
3 422 547 88
3 88 576 422
3 88 492 446
3 90 257 89
3 89 258 90
3 257 576 89
3 89 446 258
3 90 286 91
3 91 444 90
3 90 444 257
3 258 286 90
3 92 269 91
3 91 285 92
3 269 444 91
3 91 286 285
3 92 260 93
3 93 284 92
3 92 285 260
3 92 284 269
3 94 256 93
3 93 443 94
3 256 284 93
3 260 443 93
3 94 271 95
3 95 523 94
3 94 523 256
3 94 443 271
3 96 445 95
3 95 534 96
3 271 534 95
3 445 523 95
3 97 272 96
3 96 536 97
3 272 445 96
3 534 536 96
3 97 259 98
3 98 447 97
3 97 536 259
3 97 447 272
3 99 261 98
3 98 452 99
3 259 452 98
3 261 447 98
3 99 268 100
3 100 459 99
3 99 459 261
3 99 452 268
3 101 270 100
3 100 468 101
3 268 468 100
3 270 459 100
3 101 280 102
3 102 464 101
3 101 464 270
3 101 468 280
3 280 564 102
3 102 565 464
3 256 288 284
3 256 343 288
3 256 523 343
3 444 562 257
3 257 562 457
3 457 576 257
3 258 287 286
3 258 290 287
3 258 446 290
3 259 539 452
3 536 542 259
3 259 542 539
3 285 289 260
3 289 359 260
3 359 443 260
3 261 574 447
3 459 519 261
3 519 574 261
3 476 526 262
3 262 571 476
3 551 571 262
3 263 527 502
3 502 552 263
3 263 552 524
3 264 515 513
3 513 516 264
3 264 559 515
3 516 538 264
3 423 428 265
3 265 456 423
3 428 492 265
3 266 416 414
3 414 419 266
3 266 547 416
3 419 557 266
3 267 575 509
3 267 566 530
3 530 575 267
3 553 566 267
3 452 544 268
3 268 545 468
3 544 545 268
3 284 555 269
3 269 486 444
3 269 555 486
3 270 460 459
3 270 461 460
3 270 464 461
3 443 533 271
3 271 533 518
3 518 534 271
3 432 445 272
3 272 543 432
3 447 543 272
3 273 419 417
3 417 550 273
3 273 557 419
3 273 550 540
3 274 454 453
3 453 456 274
3 274 541 454
3 275 570 522
3 524 577 275
3 535 570 275
3 275 577 535
3 276 537 418
3 418 549 276
3 276 549 515
3 515 559 276
3 526 531 277
3 277 561 527
3 531 561 277
3 278 525 506
3 506 551 278
3 278 538 525
3 509 510 279
3 510 554 279
3 279 554 546
3 468 548 280
3 280 548 507
3 507 564 280
3 281 463 461
3 461 464 281
3 281 546 463
3 464 565 281
3 418 537 282
3 282 550 418
3 540 550 282
3 282 568 540
3 283 522 454
3 454 541 283
3 541 569 283
3 288 555 284
3 286 508 285
3 285 508 289
3 287 508 286
3 290 291 287
3 291 370 287
3 370 508 287
3 343 355 288
3 355 572 288
3 288 572 555
3 289 401 359
3 289 520 401
3 508 520 289
3 290 292 291
3 290 430 292
3 290 446 430
3 292 293 291
3 293 499 291
3 291 499 370
3 292 294 293
3 292 371 294
3 292 430 371
3 294 295 293
3 295 296 293
3 296 499 293
3 294 480 295
3 371 389 294
3 389 480 294
3 295 297 296
3 295 299 297
3 295 480 299
3 297 298 296
3 298 351 296
3 351 499 296
3 297 458 298
3 299 300 297
3 300 458 297
3 298 425 351
3 298 504 425
3 458 504 298
3 299 301 300
3 299 315 301
3 299 480 315
3 301 302 300
3 302 303 300
3 303 458 300
3 301 336 302
3 315 503 301
3 301 503 336
3 302 304 303
3 302 469 304
3 336 469 302
3 304 305 303
3 305 388 303
3 388 458 303
3 304 306 305
3 304 314 306
3 304 469 314
3 306 307 305
3 307 517 305
3 305 517 388
3 306 308 307
3 306 478 308
3 314 478 306
3 308 309 307
3 309 441 307
3 441 517 307
3 308 310 309
3 308 313 310
3 308 478 313
3 310 311 309
3 311 312 309
3 312 441 309
3 310 511 311
3 313 316 310
3 316 511 310
3 311 318 312
3 311 490 318
3 311 511 490
3 318 319 312
3 319 320 312
3 320 441 312
3 313 317 316
3 313 495 317
3 478 495 313
3 469 470 314
3 470 471 314
3 471 478 314
3 480 487 315
3 487 500 315
3 500 503 315
3 317 339 316
3 339 340 316
3 340 511 316
3 317 344 339
3 317 345 344
3 317 495 345
3 318 352 319
3 318 353 352
3 318 490 353
3 319 321 320
3 319 484 321
3 352 484 319
3 321 322 320
3 322 493 320
3 320 493 441
3 321 323 322
3 321 342 323
3 321 484 342
3 323 324 322
3 324 354 322
3 354 493 322
3 323 325 324
3 323 481 325
3 342 481 323
3 325 326 324
3 326 455 324
3 324 455 354
3 325 327 326
3 325 328 327
3 325 481 328
3 327 338 326
3 338 341 326
3 341 455 326
3 328 329 327
3 329 434 327
3 327 434 338
3 328 330 329
3 328 483 330
3 481 483 328
3 330 331 329
3 331 335 329
3 335 434 329
3 330 332 331
3 330 334 332
3 330 483 334
3 332 333 331
3 333 467 331
3 331 467 335
3 332 496 333
3 334 337 332
3 337 496 332
3 333 491 467
3 333 497 491
3 496 497 333
3 334 347 337
3 334 362 347
3 334 483 362
3 335 465 434
3 335 466 465
3 335 467 466
3 336 479 469
3 336 521 479
3 503 521 336
3 347 348 337
3 348 349 337
3 349 496 337
3 338 350 341
3 338 365 350
3 338 434 365
3 339 427 340
3 344 346 339
3 346 427 339
3 427 440 340
3 340 440 433
3 433 511 340
3 350 360 341
3 360 361 341
3 361 455 341
3 342 482 481
3 342 485 482
3 484 485 342
3 343 402 355
3 343 403 402
3 343 523 403
3 345 512 344
3 344 356 346
3 344 512 356
3 488 489 345
3 345 495 488
3 489 512 345
3 356 357 346
3 357 358 346
3 358 427 346
3 347 369 348
3 362 420 347
3 347 420 369
3 348 363 349
3 348 431 363
3 369 431 348
3 363 364 349
3 364 375 349
3 375 496 349
3 350 435 360
3 365 372 350
3 372 435 350
3 351 425 424
3 424 442 351
3 442 499 351
3 353 366 352
3 366 387 352
3 387 484 352
3 353 367 366
3 353 368 367
3 353 490 368
3 455 505 354
3 354 494 493
3 354 505 494
3 402 407 355
3 407 558 355
3 355 558 426
3 426 572 355
3 356 514 357
3 512 513 356
3 513 514 356
3 357 374 358
3 357 400 374
3 357 514 400
3 374 414 358
3 414 415 358
3 415 427 358
3 401 436 359
3 436 533 359
3 359 533 443
3 360 424 361
3 360 528 424
3 435 528 360
3 424 425 361
3 425 505 361
3 361 505 455
3 362 560 420
3 362 483 482
3 482 560 362
3 363 406 364
3 363 413 406
3 363 431 413
3 364 376 375
3 364 498 376
3 406 498 364
3 365 373 372
3 365 465 373
3 434 465 365
3 367 410 366
3 366 426 387
3 410 426 366
3 368 411 367
3 367 486 410
3 411 486 367
3 368 412 411
3 368 433 412
3 368 490 433
3 420 556 369
3 369 432 431
3 369 556 432
3 370 499 442
3 442 520 370
3 370 520 508
3 371 390 389
3 371 428 390
3 371 430 428
3 373 408 372
3 408 436 372
3 372 436 435
3 373 409 408
3 373 429 409
3 373 465 429
3 400 417 374
3 374 419 414
3 417 419 374
3 376 377 375
3 377 497 375
3 375 497 496
3 376 378 377
3 376 380 378
3 376 498 380
3 378 379 377
3 379 381 377
3 381 497 377
3 378 396 379
3 380 567 378
3 378 567 396
3 379 382 381
3 379 529 382
3 396 529 379
3 380 498 462
3 462 573 380
3 380 573 567
3 382 383 381
3 383 491 381
3 491 497 381
3 382 384 383
3 382 385 384
3 382 529 385
3 384 386 383
3 386 398 383
3 398 491 383
3 385 448 384
3 384 397 386
3 384 448 397
3 385 449 448
3 385 450 449
3 385 529 450
3 397 437 386
3 386 399 398
3 386 437 399
3 426 558 387
3 387 485 484
3 387 558 485
3 388 504 458
3 494 504 388
3 388 517 494
3 390 391 389
3 391 487 389
3 389 487 480
3 390 392 391
3 390 423 392
3 390 428 423
3 392 393 391
3 393 394 391
3 394 487 391
3 392 395 393
3 392 453 395
3 423 453 392
3 393 404 394
3 395 535 393
3 393 535 404
3 404 405 394
3 405 500 394
3 394 500 487
3 453 454 395
3 454 570 395
3 395 570 535
3 396 567 510
3 510 575 396
3 396 530 529
3 396 575 530
3 397 539 437
3 448 544 397
3 397 544 539
3 399 466 398
3 466 467 398
3 467 491 398
3 399 438 429
3 429 466 399
3 437 438 399
3 400 418 417
3 400 549 418
3 514 549 400
3 435 436 401
3 401 528 435
3 520 528 401
3 403 556 402
3 402 420 407
3 402 556 420
3 403 445 432
3 432 556 403
3 403 523 445
3 404 552 405
3 535 577 404
3 404 577 552
3 405 501 500
3 405 502 501
3 405 552 502
3 413 519 406
3 406 563 498
3 519 563 406
3 420 560 407
3 485 558 407
3 407 560 485
3 409 518 408
3 408 533 436
3 518 533 408
3 429 438 409
3 438 439 409
3 439 518 409
3 410 572 426
3 486 555 410
3 555 572 410
3 412 457 411
3 457 562 411
3 411 562 486
3 412 440 421
3 421 457 412
3 433 440 412
3 431 543 413
3 413 574 519
3 543 574 413
3 414 416 415
3 416 421 415
3 421 440 415
3 415 440 427
3 416 422 421
3 416 547 422
3 418 550 417
3 422 457 421
3 422 576 457
3 423 456 453
3 424 528 442
3 504 505 425
3 430 492 428
3 465 466 429
3 446 492 430
3 432 543 431
3 490 511 433
3 437 542 438
3 539 542 437
3 438 542 439
3 439 534 518
3 439 536 534
3 439 542 536
3 493 517 441
3 442 528 520
3 486 562 444
3 447 574 543
3 449 545 448
3 448 545 544
3 450 451 449
3 451 548 449
3 449 548 545
3 450 566 451
3 529 530 450
3 530 566 450
3 507 548 451
3 451 553 507
3 451 566 553
3 539 544 452
3 522 570 454
3 460 519 459
3 461 462 460
3 462 563 460
3 460 563 519
3 461 463 462
3 463 573 462
3 498 563 462
3 546 554 463
3 554 573 463
3 545 548 468
3 469 479 470
3 470 472 471
3 470 473 472
3 470 479 473
3 472 488 471
3 471 495 478
3 488 495 471
3 473 474 472
3 474 475 472
3 475 488 472
3 473 476 474
3 473 477 476
3 473 479 477
3 474 506 475
3 476 571 474
3 474 571 506
3 475 489 488
3 475 525 489
3 506 525 475
3 477 531 476
3 476 531 526
3 479 521 477
3 521 532 477
3 477 532 531
3 482 483 481
3 485 560 482
3 489 516 512
3 489 525 516
3 494 517 493
3 494 505 504
3 501 503 500
3 502 532 501
3 501 521 503
3 501 532 521
3 527 561 502
3 502 561 532
3 506 571 551
3 509 575 510
3 510 567 554
3 512 516 513
3 513 515 514
3 515 549 514
3 525 538 516
3 552 577 524
3 532 561 531
3 567 573 554
3 65 5 603
3 5 111 603
3 6 67 604
3 114 6 604
3 103 9 602
3 9 112 602
3 113 10 605
3 10 122 605
3 66 65 583
3 583 65 603
3 67 66 598
3 66 583 598
3 67 598 604
3 104 103 593
3 593 103 602
3 105 104 592
3 592 104 593
3 106 105 581
3 581 105 592
3 107 106 587
3 106 581 587
3 108 107 579
3 579 107 587
3 109 108 588
3 108 579 588
3 110 109 578
3 578 109 588
3 111 110 597
3 110 578 597
3 111 597 603
3 112 113 584
3 112 584 602
3 584 113 605
3 115 114 580
3 580 114 604
3 116 115 589
3 115 580 589
3 117 116 582
3 582 116 589
3 118 117 591
3 117 582 591
3 119 118 585
3 585 118 591
3 120 119 590
3 119 585 590
3 121 120 586
3 586 120 590
3 122 121 594
3 121 586 594
3 122 594 605
3 578 588 596
3 595 578 596
3 578 595 597
3 579 587 600
3 588 579 599
3 599 579 600
3 589 580 595
3 595 580 598
3 598 580 604
3 587 581 601
3 581 592 606
3 601 581 606
3 582 589 596
3 591 582 599
3 582 596 599
3 595 583 597
3 583 595 598
3 597 583 603
3 593 584 594
3 584 593 602
3 594 584 605
3 590 585 601
3 585 591 600
3 585 600 601
3 586 590 606
3 586 592 593
3 592 586 606
3 586 593 594
3 600 587 601
3 596 588 599
3 589 595 596
3 590 601 606
3 591 599 600
3 111 5 68
3 71 7 647
3 7 123 647
3 9 103 642
3 132 9 642
3 131 11 643
3 11 134 643
3 68 69 646
3 111 68 616
3 616 68 646
3 69 70 613
3 69 613 646
3 70 71 637
3 613 70 637
3 637 71 647
3 103 104 617
3 103 617 642
3 104 105 610
3 104 610 617
3 105 106 631
3 610 105 631
3 106 107 608
3 106 608 631
3 107 108 632
3 608 107 632
3 108 109 621
3 108 621 632
3 109 110 609
3 109 609 621
3 110 111 648
3 609 110 648
3 111 616 648
3 123 124 615
3 123 615 647
3 124 125 627
3 615 124 627
3 125 126 607
3 125 607 627
3 126 127 628
3 607 126 628
3 127 128 638
3 628 127 638
3 128 129 611
3 128 611 638
3 129 130 640
3 611 129 640
3 130 131 612
3 130 612 640
3 612 131 643
3 133 132 614
3 614 132 642
3 134 133 634
3 133 614 634
3 134 634 643
3 627 607 644
3 607 628 649
3 644 607 649
3 630 608 632
3 608 630 641
3 631 608 641
3 621 609 622
3 622 609 633
3 633 609 648
3 617 610 618
3 618 610 619
3 619 610 631
3 620 611 640
3 611 620 650
3 629 611 635
3 611 629 638
3 635 611 650
3 612 634 639
3 634 612 643
3 612 639 645
3 640 612 645
3 613 626 633
3 626 613 636
3 613 633 646
3 636 613 637
3 614 617 639
3 617 614 642
3 634 614 639
3 615 627 636
3 615 636 637
3 615 637 647
3 633 616 646
3 616 633 648
3 617 618 639
3 618 619 620
3 618 620 645
3 639 618 645
3 620 619 650
3 619 631 641
3 635 619 641
3 619 635 650
3 620 640 645
3 621 622 623
3 621 623 632
3 623 622 624
3 624 622 626
3 626 622 633
3 623 624 625
3 623 625 630
3 623 630 632
3 625 624 649
3 624 626 644
3 624 644 649
3 625 628 629
3 628 625 649
3 625 629 630
3 626 636 644
3 636 627 644
3 629 628 638
3 630 629 635
3 630 635 641
3 72 6 677
3 6 114 677
3 7 74 676
3 123 7 676
3 122 10 678
3 10 135 678
3 11 131 675
3 136 11 675
3 73 72 671
3 671 72 677
3 74 73 656
3 656 73 671
3 74 656 676
3 114 115 653
3 114 653 677
3 115 116 662
3 653 115 662
3 116 117 655
3 116 655 662
3 117 118 664
3 655 117 664
3 118 119 658
3 118 658 664
3 119 120 663
3 658 119 663
3 120 121 659
3 120 659 663
3 121 122 667
3 659 121 667
3 667 122 678
3 124 123 670
3 670 123 676
3 125 124 651
3 651 124 670
3 126 125 661
3 125 651 661
3 127 126 652
3 652 126 661
3 128 127 660
3 127 652 660
3 129 128 654
3 654 128 660
3 130 129 665
3 129 654 665
3 131 130 666
3 130 665 666
3 131 666 675
3 135 136 657
3 135 657 678
3 657 136 675
3 661 651 669
3 651 668 669
3 668 651 670
3 660 652 673
3 652 661 672
3 652 672 673
3 653 662 668
3 653 668 671
3 653 671 677
3 654 660 674
3 665 654 679
3 654 674 679
3 662 655 669
3 655 664 672
3 669 655 672
3 656 668 670
3 668 656 671
3 656 670 676
3 657 666 667
3 666 657 675
3 657 667 678
3 658 663 674
3 664 658 673
3 673 658 674
3 663 659 679
3 665 659 666
3 659 665 679
3 666 659 667
3 660 673 674
3 661 669 672
3 668 662 669
3 674 663 679
3 672 664 673
3 75 682 8
3 8 680 82
3 8 682 680
3 76 682 75
3 77 682 76
3 78 681 77
3 681 682 77
3 79 681 78
3 80 683 79
3 79 683 681
3 81 683 80
3 82 683 81
3 680 683 82
3 680 682 681
3 681 683 680
3 132 112 9
3 10 113 685
3 135 10 684
3 684 10 685
3 136 134 11
3 113 112 685
3 112 132 685
3 132 133 685
3 133 134 684
3 133 684 685
3 134 136 684
3 136 135 684
4 397 386 437 688
4 98 688 259 700
4 397 437 539 688
4 437 688 386 698
4 259 688 98 707
4 259 688 539 698
4 539 688 259 707
4 539 688 437 698
4 386 688 397 706
4 688 698 259 700
4 397 688 539 707
4 497 688 375 699
4 497 705 688 706
4 497 706 688 712
4 363 700 699 724
4 704 711 692 723
4 375 688 497 705
4 386 688 706 712
4 349 699 375 705
4 491 706 497 712
4 491 381 497 706
4 397 706 688 707
4 375 699 688 705
4 377 705 497 706
4 431 348 699 714
4 378 379 689 705
4 688 700 98 724
4 497 688 699 712
4 386 698 688 712
4 378 377 379 705
4 379 689 705 706
4 386 706 383 712
4 326 701 691 720
4 98 707 688 724
4 694 701 350 720
4 379 705 377 706
4 413 700 363 724
4 563 705 689 724
4 536 700 698 716
4 338 350 701 720
4 364 349 375 705
4 431 714 699 725
4 563 689 519 724
4 529 379 382 706
4 326 338 701 720
4 699 700 688 724
4 431 699 363 700
4 377 497 381 706
4 689 719 379 721
4 529 396 379 719
4 529 706 382 719
4 326 691 701 711
4 10 135 684 720
4 382 706 385 719
4 342 704 692 723
4 431 369 348 714
4 396 379 719 721
4 529 382 385 719
4 342 711 704 723
4 564 102 680 690
4 536 716 698 717
4 519 689 459 724
4 431 699 700 725
4 10 360 135 720
4 545 689 448 707
4 519 563 460 689
4 466 712 709 717
4 378 689 379 721
4 326 701 327 711
4 462 563 498 689
4 692 711 691 723
4 377 375 497 705
4 680 102 565 690
4 359 693 703 710
4 539 259 452 707
4 536 259 698 700
4 689 707 459 724
4 545 448 544 707
4 498 689 563 705
4 359 703 708 710
4 359 693 443 703
4 689 706 448 707
4 497 375 496 699
4 413 431 363 700
4 462 689 498 721
4 491 383 706 712
4 691 701 694 720
4 378 705 689 721
4 431 369 714 725
4 380 705 378 721
4 459 519 460 689
4 466 698 712 717
4 350 701 694 708
4 460 563 462 689
4 545 268 689 707
4 693 708 703 710
4 452 259 98 707
4 396 378 379 721
4 447 98 700 724
4 459 100 707 715
4 689 705 498 721
4 465 365 373 701
4 350 338 341 720
4 558 702 692 704
4 380 376 378 705
4 329 701 695 711
4 709 712 687 717
4 698 700 687 716
4 466 467 709 712
4 536 96 700 716
4 462 460 689 721
4 544 448 706 707
4 268 545 689 715
4 342 482 704 711
4 326 325 691 711
4 523 256 702 703
4 523 702 697 703
4 100 268 707 715
4 256 93 693 703
4 439 716 536 717
4 536 259 542 698
4 386 383 398 712
4 359 260 693 710
4 256 693 702 703
4 380 498 705 721
4 694 708 693 710
4 397 544 706 707
4 10 684 694 720
4 443 359 260 693
4 467 709 712 722
4 459 707 689 715
4 448 689 545 719
4 279 509 681 690
4 329 327 701 711
4 10 528 694 710
4 397 544 448 706
4 691 692 686 711
4 387 426 33 692
4 545 544 268 707
4 483 695 704 711
4 686 694 691 701
4 10 694 360 720
4 256 702 693 713
4 491 383 381 706
4 483 695 362 704
4 326 327 325 711
4 565 281 680 690
4 460 715 689 721
4 102 464 565 690
4 97 98 259 700
4 256 693 284 713
4 698 687 712 717
4 523 94 256 703
4 132 685 133 718
4 44 134 11 691
4 406 363 705 724
4 33 692 426 713
4 682 564 680 690
4 542 259 539 698
4 101 464 102 690
4 536 97 259 700
4 518 703 271 716
4 406 363 364 705
4 360 694 350 720
4 326 338 327 701
4 348 337 699 714
4 387 33 32 692
4 365 373 701 708
4 420 697 402 704
4 689 707 268 715
4 329 695 701 709
4 692 704 686 711
4 518 696 703 716
4 9 132 46 693
4 260 9 693 710
4 698 716 687 717
4 564 280 102 690
4 359 703 533 708
4 497 699 496 712
4 101 102 280 690
4 696 701 373 708
4 342 691 711 723
4 329 695 328 711
4 420 697 704 714
4 566 553 267 690
4 256 288 702 713
4 355 702 558 704
4 467 331 709 722
4 329 328 327 711
4 363 431 348 699
4 518 696 533 703
4 288 256 284 713
4 378 376 377 705
4 132 693 9 710
4 459 689 460 715
4 466 399 698 717
4 533 703 696 708
4 435 694 528 710
4 481 342 691 711
4 260 9 92 693
4 95 523 697 703
4 420 556 697 714
4 575 396 719 721
4 362 704 695 714
4 556 402 420 697
4 575 719 690 721
4 459 100 99 707
4 553 681 267 690
4 466 698 399 712
4 533 696 408 708
4 681 509 267 690
4 436 708 694 710
4 699 714 337 722
4 256 94 93 703
4 693 694 686 708
4 689 715 545 719
4 544 397 539 707
4 284 693 3 713
4 279 510 509 690
4 566 451 553 690
4 518 408 533 696
4 335 467 331 709
4 402 697 702 704
4 373 465 709 717
4 11 2 44 691
4 693 686 703 708
4 687 712 709 722
4 44 134 691 718
4 11 324 2 691
4 435 436 694 710
4 284 92 3 693
4 575 396 530 719
4 341 338 326 720
4 464 690 101 715
4 3 92 9 693
4 373 709 696 717
4 575 530 690 719
4 33 244 32 692
4 2 324 323 691
4 132 710 685 718
4 461 715 460 721
4 279 681 683 690
4 348 347 337 714
4 685 694 133 718
4 349 496 375 699
4 365 372 373 708
4 350 360 435 694
4 700 716 96 725
4 46 3 9 693
4 95 703 697 716
4 462 498 380 721
4 329 701 434 709
4 100 268 99 707
4 509 510 575 690
4 464 461 690 715
4 335 466 467 709
4 379 377 381 706
4 407 355 558 704
4 564 507 280 690
4 435 694 436 708
4 373 429 465 717
4 101 690 280 715
4 436 359 708 710
4 134 718 133 720
4 536 96 97 700
4 523 343 697 702
4 2 691 323 723
4 687 699 714 725
4 481 342 323 691
4 464 281 565 690
4 483 704 482 711
4 435 350 694 708
4 686 696 695 697
4 324 691 11 720
4 530 566 690 719
4 323 691 342 723
4 32 387 692 723
4 413 574 700 724
4 113 528 10 710
4 342 692 485 723
4 402 697 343 702
4 461 690 715 721
4 680 281 683 690
4 244 692 33 713
4 564 682 507 690
4 682 681 553 690
4 695 696 687 697
4 267 530 566 690
4 482 483 362 704
4 245 32 244 692
4 333 699 332 722
4 93 443 260 693
4 132 693 710 718
4 333 712 699 722
4 443 693 93 703
4 546 279 683 690
4 362 420 704 714
4 256 93 284 693
4 467 712 331 722
4 134 11 691 720
4 558 426 387 692
4 507 553 451 690
4 95 94 523 703
4 334 337 714 722
4 466 399 398 712
4 497 496 333 712
4 451 690 566 719
4 134 691 718 720
4 3 693 46 713
4 362 695 334 714
4 365 701 350 708
4 575 267 509 690
4 323 325 481 691
4 329 695 709 722
4 546 554 279 690
4 481 691 325 711
4 691 686 701 711
4 329 330 695 722
4 260 92 93 693
4 462 461 460 721
4 372 365 350 708
4 333 331 712 722
4 695 696 686 701
4 687 700 699 725
4 133 44 45 718
4 686 692 691 718
4 413 543 431 700
4 93 92 284 693
4 326 691 324 720
4 533 359 443 703
4 507 451 548 690
4 483 334 362 695
4 434 701 465 709
4 548 280 690 715
4 507 548 280 690
4 360 350 341 720
4 575 690 510 721
4 44 133 134 718
4 329 330 328 695
4 436 359 533 708
4 10 694 685 710
4 685 710 694 718
4 461 281 464 690
4 507 682 553 690
4 386 397 384 706
4 518 533 271 703
4 334 337 347 714
4 333 496 332 699
4 97 447 98 700
4 32 692 245 723
4 574 447 700 724
4 271 703 95 716
4 543 413 574 700
4 692 686 702 718
4 467 333 331 712
4 434 329 327 701
4 543 431 700 725
4 466 429 399 717
4 397 448 384 706
4 554 510 279 690
4 465 434 365 701
4 245 244 45 692
4 267 575 530 690
4 44 691 2 723
4 542 539 437 698
4 384 448 385 706
4 548 715 690 719
4 688 699 698 700
4 696 716 518 717
4 686 694 701 708
4 548 690 451 719
4 435 528 401 710
4 683 281 546 690
4 438 439 542 717
4 449 448 545 719
4 261 459 707 724
4 687 696 695 709
4 684 685 10 694
4 485 692 387 723
4 46 693 132 718
4 693 702 686 718
4 496 699 333 712
4 133 718 694 720
4 438 542 698 717
4 683 681 680 690
4 682 680 681 690
4 408 696 373 708
4 481 482 342 711
4 409 696 518 717
4 696 697 686 703
4 686 697 695 704
4 687 698 699 700
4 260 112 9 710
4 268 468 545 715
4 343 402 403 697
4 518 716 439 717
4 10 685 113 710
4 705 707 689 724
4 380 498 376 705
4 270 460 461 715
4 691 44 718 723
4 401 528 113 710
4 686 691 694 718
4 558 692 485 704
4 698 699 688 712
4 329 709 331 722
4 334 714 695 722
4 483 330 334 695
4 363 348 349 699
4 45 132 133 718
4 45 692 244 718
4 523 256 343 702
4 687 699 698 712
4 445 95 697 716
4 695 704 697 714
4 343 403 523 697
4 445 95 523 697
4 326 325 324 691
4 455 324 11 720
4 330 483 328 695
4 463 690 461 721
4 464 270 461 715
4 530 450 566 719
4 372 408 373 708
4 261 98 447 724
4 398 383 491 712
4 261 459 99 707
4 261 707 98 724
4 686 697 702 703
4 399 437 386 698
4 554 546 463 690
4 687 716 700 725
4 435 401 436 710
4 270 459 460 715
4 360 341 135 720
4 529 530 396 719
4 510 690 554 721
4 32 484 387 723
4 546 281 463 690
4 461 463 281 690
4 334 695 330 722
4 328 695 483 711
4 697 703 696 716
4 686 694 693 718
4 575 510 396 721
4 431 432 369 725
4 373 696 409 717
4 455 326 324 720
4 361 135 341 720
4 46 132 45 718
4 332 699 337 722
4 325 323 324 691
4 699 712 687 722
4 406 705 563 724
4 45 718 44 723
4 543 574 447 700
4 132 9 112 710
4 409 518 439 717
4 697 714 556 725
4 449 385 448 719
4 696 701 695 709
4 452 544 539 707
4 135 360 361 341
4 435 372 350 708
4 272 700 96 725
4 439 534 536 716
4 548 545 715 719
4 692 713 244 718
4 687 697 696 716
4 329 331 330 722
4 406 413 363 724
4 409 408 518 696
4 386 384 383 706
4 560 362 420 704
4 94 443 93 703
4 687 714 699 722
4 409 373 408 696
4 133 694 684 720
4 695 697 687 714
4 695 701 686 711
4 496 337 332 699
4 484 485 387 723
4 329 335 331 709
4 245 45 44 723
4 686 702 693 703
4 365 338 350 701
4 468 548 545 715
4 445 716 697 725
4 271 534 518 716
4 403 402 556 697
4 46 713 693 718
4 134 133 684 720
4 379 381 382 706
4 686 702 697 704
4 694 710 693 718
4 543 432 431 725
4 556 403 697 725
4 376 375 377 705
4 97 96 272 700
4 686 704 695 711
4 384 385 382 706
4 321 2 323 723
4 688 706 705 707
4 420 402 407 704
4 34 555 3 713
4 261 99 98 707
4 284 3 555 713
4 464 101 270 715
4 450 451 566 719
4 705 706 689 707
4 133 685 684 694
4 696 703 686 708
4 438 698 399 717
4 407 558 485 704
4 95 271 94 703
4 348 369 347 714
4 268 100 468 715
4 445 523 403 697
4 463 554 690 721
4 482 362 560 704
4 329 434 335 709
4 518 534 439 716
4 373 409 429 717
4 288 355 702 713
4 362 334 347 714
4 692 702 686 704
4 548 468 280 715
4 556 714 369 725
4 466 398 467 712
4 686 701 696 708
4 333 332 331 722
4 387 485 558 692
4 112 260 289 710
4 497 333 491 712
4 694 718 691 720
4 261 519 459 724
4 270 100 459 715
4 34 3 46 713
4 406 563 519 724
4 396 567 378 721
4 361 136 135 720
4 691 718 692 723
4 534 96 536 716
4 349 348 337 699
4 429 438 399 717
4 402 343 355 702
4 334 332 337 722
4 548 449 545 719
4 463 461 462 721
4 101 280 468 715
4 426 572 33 713
4 271 95 534 716
4 426 355 572 713
4 465 466 335 709
4 567 396 510 721
4 102 680 8 564
4 261 447 574 724
4 688 707 705 724
4 132 45 133 227
4 96 716 445 725
4 432 556 369 725
4 436 401 359 710
4 288 572 355 713
4 438 542 437 698
4 136 455 11 720
4 509 681 79 279
4 445 697 403 725
4 445 96 95 716
4 376 364 375 705
4 485 482 560 704
4 99 452 98 707
4 213 619 631 243
4 650 224 212 620
4 361 341 136 720
4 324 322 2 323
4 434 465 335 709
4 126 127 26 628
4 696 709 687 717
4 406 498 563 705
4 349 337 496 699
4 438 437 399 698
4 642 103 9 236
4 614 132 133 227
4 136 341 455 720
4 328 325 327 711
4 133 44 634 45
4 327 338 434 701
4 34 33 410 713
4 45 634 133 227
4 483 482 481 711
4 573 463 462 721
4 35 5 1 251
4 687 709 695 722
4 46 45 132 227
4 44 133 634 134
4 9 132 642 236
4 436 533 408 708
4 26 27 126 628
4 9 260 285 112
4 326 455 341 720
4 687 716 696 717
4 22 2 235 643
4 435 436 372 708
4 695 714 687 722
4 321 31 2 723
4 25 24 224 128
4 105 106 40 631
4 45 207 634 227
4 614 133 634 227
4 277 54 53 250
4 207 44 45 634
4 380 378 567 721
4 342 485 484 723
4 102 8 680 565
4 205 236 642 227
4 235 634 612 643
4 452 268 544 707
4 529 450 530 719
4 420 407 560 704
4 382 381 383 706
4 426 387 33 366
4 455 136 361 341
4 42 43 103 205
4 543 700 272 725
4 33 572 410 713
4 548 451 449 719
4 124 241 123 615
4 362 347 420 714
4 107 108 38 221
4 609 110 109 220
4 131 23 612 22
4 78 267 681 509
4 24 25 306 128
4 11 44 643 134
4 132 9 46 236
4 643 22 11 131
4 553 77 267 681
4 23 131 612 130
4 447 97 272 700
4 434 338 365 701
4 129 224 24 128
4 99 268 452 707
4 34 410 572 713
4 450 449 451 719
4 235 2 44 643
4 634 207 235 612
4 105 40 41 631
4 107 38 39 221
4 631 204 213 243
4 620 650 224 611
4 343 256 288 702
4 687 714 697 725
4 485 560 407 704
4 328 483 481 711
4 2 22 11 643
4 260 285 112 289
4 103 3 9 236
4 103 43 3 236
4 385 450 529 719
4 498 406 364 705
4 323 342 321 723
4 134 136 11 720
4 697 716 687 725
4 443 271 533 703
4 103 104 42 205
4 359 289 260 710
4 493 11 22 131
4 24 130 129 517
4 420 369 556 714
4 410 33 426 572
4 614 232 617 227
4 109 110 36 220
4 129 24 306 128
4 52 53 255 527
4 638 25 224 128
4 631 106 40 231
4 125 29 474 124
4 124 125 29 627
4 556 432 403 725
4 632 108 107 221
4 125 126 27 607
4 640 224 24 129
4 24 23 130 517
4 384 382 383 706
4 401 113 289 710
4 631 41 105 233
4 27 26 225 628
4 355 343 288 702
4 83 5 1 35
4 447 272 543 700
4 11 22 2 493
4 648 35 36 208
4 305 24 129 517
4 610 631 105 233
4 24 203 224 640
4 690 719 715 721
4 247 30 209 647
4 616 251 111 240
4 334 330 332 722
4 614 642 132 227
4 279 681 79 683
4 212 650 243 228
4 104 103 617 205
4 23 22 210 612
4 618 211 620 213
4 298 504 458 665
4 83 35 36 110
4 128 660 127 304
4 648 36 35 110
4 612 640 23 130
4 224 201 25 638
4 106 631 608 231
4 108 109 38 200
4 621 109 108 200
4 614 207 232 227
4 639 634 207 614
4 484 32 31 723
4 11 44 2 643
4 443 94 271 703
4 469 127 660 304
4 9 3 46 236
4 284 555 288 713
4 129 306 24 305
4 387 32 33 366
4 620 619 618 213
4 620 211 212 213
4 112 289 113 710
4 23 210 640 612
4 233 104 617 205
4 619 641 631 243
4 212 234 224 650
4 322 321 2 323
4 715 719 689 721
4 670 476 123 124
4 42 104 233 205
4 631 610 619 213
4 224 203 212 620
4 380 573 462 721
4 128 306 129 305
4 82 680 565 281
4 632 621 108 221
4 23 22 131 517
4 436 408 372 708
4 214 27 225 628
4 474 476 125 124
4 235 44 207 634
4 210 235 207 612
4 328 481 325 711
4 210 207 232 639
4 617 639 232 614
4 498 364 376 705
4 619 620 212 213
4 23 131 130 517
4 409 439 438 717
4 32 245 31 723
4 567 510 554 721
4 26 25 638 128
4 107 40 106 231
4 25 26 314 128
4 210 645 640 612
4 617 233 205 238
4 55 54 526 248
4 645 203 210 640
4 233 617 610 238
4 23 210 203 640
4 610 104 617 233
4 493 11 131 354
4 638 127 26 128
4 127 314 26 128
4 302 469 660 304
4 321 484 31 723
4 10 360 424 135
4 614 634 207 227
4 33 34 244 713
4 331 332 330 722
4 131 22 493 517
4 463 573 554 721
4 276 62 61 246
4 127 26 470 126
4 308 185 170 137
4 639 207 232 614
4 493 2 11 354
4 621 609 109 200
4 205 617 232 227
4 272 96 445 725
4 333 467 491 712
4 605 594 122 442
4 543 272 432 725
4 15 16 163 246
4 31 44 2 723
4 420 347 369 714
4 629 225 628 625
4 222 218 632 221
4 27 488 174 471
4 528 113 10 442
4 107 106 40 87
4 308 310 185 137
4 174 26 478 138
4 605 10 113 442
4 405 655 116 394
4 4 5 1 83
4 467 398 491 712
4 26 27 470 126
4 305 307 24 517
4 129 611 224 128
4 204 641 608 231
4 638 201 234 611
4 212 650 619 243
4 103 642 617 205
4 22 235 210 612
4 254 21 240 230
4 637 647 71 252
4 631 40 41 204
4 128 302 660 304
4 35 5 251 111
4 27 473 126 125
4 95 96 534 716
4 247 7 30 123
4 571 123 476 124
4 385 449 450 719
4 107 39 40 231
4 130 640 24 129
4 149 179 317 151
4 677 6 51 114
4 270 101 100 715
4 26 201 225 638
4 684 135 136 720
4 222 608 641 231
4 638 234 201 629
4 611 638 224 128
4 204 631 40 231
4 628 214 607 649
4 621 242 200 221
4 488 27 472 471
4 103 9 3 91
4 103 3 43 91
4 244 34 46 713
4 224 640 611 129
4 370 594 605 442
4 26 25 201 638
4 106 608 107 231
4 316 183 185 158
4 248 123 7 676
4 56 57 249 551
4 204 41 631 233
4 520 401 113 289
4 24 23 640 130
4 321 342 484 723
4 637 239 209 252
4 616 646 254 230
4 409 438 429 717
4 41 42 105 233
4 53 73 656 250
4 590 119 120 294
4 241 615 627 636
4 117 116 655 394
4 74 54 676 250
4 232 210 639 645
4 232 639 617 238
4 322 2 11 324
4 310 308 309 137
4 107 38 108 86
4 308 170 24 137
4 174 478 26 471
4 247 209 18 647
4 251 616 68 240
4 660 652 469 336
4 654 302 128 303
4 42 43 90 103
4 306 128 304 305
4 685 132 112 710
4 80 546 279 683
4 42 104 105 233
4 149 317 345 151
4 5 111 68 251
4 269 284 3 555
4 285 260 9 92
4 23 24 307 517
4 655 405 500 394
4 585 389 371 600
4 392 423 599 588
4 488 495 149 174
4 474 476 473 125
4 223 225 629 625
4 218 632 630 222
4 633 609 237 220
4 627 202 226 644
4 232 617 205 238
4 210 639 645 612
4 107 40 39 87
4 564 680 8 682
4 442 594 122 499
4 253 20 646 206
4 239 253 70 613
4 204 631 641 243
4 650 234 224 611
4 618 610 617 238
4 203 210 211 645
4 555 572 288 713
4 137 24 308 307
4 308 170 313 138
4 123 247 7 647
4 528 520 113 442
4 125 27 28 607
4 681 553 77 682
4 425 678 424 135
4 110 597 578 541
4 119 295 120 294
4 251 1 35 240
4 681 79 78 509
4 669 651 661 521
4 170 310 185 308
4 107 39 38 86
4 298 504 667 425
4 109 36 37 220
4 174 488 27 140
4 101 468 100 715
4 680 82 683 281
4 294 119 480 585
4 42 41 105 89
4 120 590 294 293
4 18 647 637 252
4 254 240 68 230
4 296 351 667 121
4 310 316 183 185
4 237 609 621 200
4 607 214 202 644
4 28 29 474 125
4 479 652 661 521
4 636 613 626 206
4 28 29 125 627
4 68 616 251 111
4 209 18 30 247
4 51 677 114 524
4 508 286 602 287
4 500 117 655 394
4 37 38 109 200
4 517 493 131 494
4 120 296 295 297
4 123 571 30 124
4 106 446 492 581
4 657 678 425 135
4 310 316 185 158
4 469 127 652 660
4 432 445 403 725
4 628 225 214 649
4 242 621 632 221
4 344 345 149 150
4 83 35 110 111
4 258 446 105 592
4 317 344 345 151
4 242 237 621 200
4 644 607 214 649
4 277 676 54 250
4 136 11 455 354
4 493 322 2 354
4 105 104 42 89
4 35 648 110 111
4 641 204 222 231
4 629 638 234 611
4 123 30 241 124
4 279 79 80 683
4 424 361 425 135
4 336 469 660 302
4 294 295 120 293
4 35 648 111 208
4 243 619 641 228
4 478 308 25 306
4 9 285 103 602
4 370 594 442 499
4 441 137 309 307
4 389 294 480 585
4 352 353 318 144
4 526 476 123 670
4 29 28 202 627
4 123 241 30 615
4 164 311 185 511
4 594 291 370 287
4 112 113 685 710
4 667 351 296 298
4 287 592 291 290
4 77 78 267 681
4 504 298 666 665
4 183 313 310 170
4 209 18 637 252
4 254 68 616 230
4 415 358 193 414
4 304 128 302 303
4 297 295 120 663
4 128 127 314 304
4 478 308 313 138
4 253 20 69 646
4 253 70 19 239
4 610 105 104 233
4 24 23 203 640
4 389 390 371 600
4 35 83 5 111
4 654 302 660 128
4 104 42 90 103
4 113 401 520 528
4 567 554 573 721
4 179 183 317 156
4 103 285 9 91
4 487 117 664 500
4 183 316 317 156
4 441 23 137 307
4 361 424 360 135
4 651 477 531 124
4 118 480 119 585
4 519 413 406 724
4 492 106 581 587
4 490 181 353 165
4 210 232 211 645
4 618 617 639 238
4 134 684 136 720
4 27 488 472 140
4 255 53 73 527
4 126 479 469 652
4 165 368 433 184
4 113 520 605 442
4 214 28 27 607
4 475 29 199 474
4 649 628 216 625
4 623 218 242 221
4 310 316 158 511
4 470 314 26 127
4 111 251 35 240
4 683 82 81 281
4 564 8 75 682
4 588 579 108 456
4 53 656 277 250
4 599 390 600 579
4 488 495 345 149
4 678 424 10 122
4 128 314 25 304
4 555 34 572 713
4 320 31 2 321
4 672 664 655 503
4 521 479 652 336
4 657 425 361 135
4 103 285 286 602
4 30 247 123 647
4 455 505 136 354
4 231 222 608 221
4 630 623 632 218
4 223 216 225 625
4 359 401 289 710
4 425 504 657 505
4 237 621 622 242
4 644 214 215 649
4 229 633 237 220
4 226 627 644 636
4 1 83 35 568
4 412 433 368 184
4 301 673 660 336
4 470 27 473 126
4 174 478 495 138
4 107 587 492 265
4 30 0 7 247
4 673 672 652 336
4 32 352 144 366
4 107 579 587 265
4 248 526 123 676
4 581 105 446 592
4 584 370 508 287
4 215 226 202 644
4 633 609 622 237
4 320 2 22 493
4 0 30 18 247
4 480 118 389 585
4 495 478 174 471
4 144 352 353 366
4 131 130 517 494
4 253 19 20 206
4 69 70 253 613
4 158 185 310 511
4 295 299 119 663
4 286 285 103 91
4 631 641 608 204
4 224 234 201 611
4 469 127 126 652
4 123 262 571 476
4 456 579 108 265
4 581 446 492 430
4 149 345 344 151
4 392 599 596 588
4 638 224 201 611
4 204 608 631 231
4 664 487 500 315
4 324 11 322 354
4 651 477 661 521
4 574 413 519 724
4 199 506 475 474
4 579 588 423 456
4 314 306 25 304
4 591 391 390 599
4 192 400 357 514
4 170 313 310 308
4 405 116 115 404
4 511 340 158 159
4 592 606 291 290
4 609 237 220 200
4 607 202 627 644
4 258 446 592 290
4 660 301 336 302
4 81 546 683 281
4 592 446 581 290
4 217 215 624 219
4 656 73 74 250
4 500 655 664 503
4 308 309 137 307
4 114 6 51 524
4 423 392 453 588
4 2 320 322 493
4 430 492 581 587
4 423 579 456 265
4 38 109 108 85
4 600 428 601 587
4 311 310 185 511
4 43 42 444 168
4 179 495 313 138
4 472 470 27 473
4 29 30 571 124
4 48 65 47 283
4 178 576 41 142
4 92 284 3 269
4 391 392 390 599
4 480 295 299 119
4 658 118 315 480
4 389 585 591 600
4 423 390 599 579
4 150 149 344 151
4 186 160 191 374
4 488 345 489 149
4 307 24 308 306
4 675 505 494 354
4 428 492 587 265
4 189 144 368 367
4 117 664 118 487
4 424 360 10 528
4 30 29 241 124
4 119 299 658 663
4 494 131 675 354
4 186 166 139 374
4 25 26 478 314
4 127 469 314 304
4 579 428 587 265
4 651 125 477 124
4 314 470 469 127
4 672 661 652 521
4 292 291 606 290
4 112 584 113 520
4 470 26 314 471
4 28 214 202 607
4 36 84 110 109
4 672 673 503 336
4 254 646 20 230
4 70 239 637 252
4 380 567 573 721
4 185 183 310 170
4 609 621 622 237
4 215 202 214 644
4 144 353 368 367
4 627 226 241 636
4 446 106 105 581
4 524 6 50 604
4 475 28 29 474
4 480 299 658 119
4 2 320 321 322
4 183 316 313 317
4 664 118 487 315
4 315 664 673 503
4 635 223 630 228
4 455 11 324 354
4 20 21 254 230
4 637 71 70 252
4 521 652 672 336
4 427 171 157 440
4 154 156 339 157
4 673 315 503 301
4 277 670 656 561
4 247 71 7 647
4 656 676 277 250
4 144 33 32 366
4 351 424 678 122
4 479 469 652 336
4 179 317 345 149
4 630 641 635 228
4 635 234 223 228
4 319 32 31 484
4 32 387 352 366
4 590 371 601 585
4 602 285 286 508
4 173 352 318 144
4 623 216 624 217
4 473 27 28 125
4 651 669 532 521
4 601 371 428 600
4 656 73 53 527
4 287 258 592 290
4 36 35 83 540
4 318 311 181 490
4 674 300 301 302
4 641 204 243 228
4 650 635 234 611
4 601 371 430 428
4 276 16 62 246
4 216 623 218 217
4 624 625 216 623
4 662 116 115 405
4 591 390 389 600
4 121 120 296 293
4 520 113 112 289
4 181 353 318 490
4 427 339 340 157
4 240 68 21 254
4 647 18 71 252
4 427 154 339 157
4 678 424 351 425
4 83 4 5 569
4 656 527 561 668
4 366 144 33 367
4 371 590 294 585
4 251 21 1 240
4 446 258 105 89
4 609 648 110 220
4 152 191 358 357
4 84 83 36 110
4 458 300 654 303
4 430 292 606 290
4 292 371 590 294
4 303 129 665 388
4 299 658 315 480
4 306 25 478 314
4 66 48 49 522
4 428 430 601 587
4 149 489 488 140
4 499 121 296 293
4 216 214 225 649
4 621 632 623 242
4 389 487 391 591
4 358 193 171 415
4 39 107 87 86
4 368 490 353 165
4 107 265 87 86
4 391 591 582 599
4 26 25 478 138
4 248 7 74 676
4 27 26 470 471
4 222 632 608 221
4 165 181 353 144
4 430 581 446 290
4 458 300 679 654
4 1 4 83 568
4 623 625 216 218
4 394 391 117 582
4 473 28 474 125
4 578 588 109 274
4 292 606 601 430
4 125 476 477 124
4 484 319 32 352
4 340 511 433 159
4 105 104 258 592
4 313 183 317 179
4 361 425 657 505
4 91 3 43 269
4 269 3 43 188
4 394 116 393 582
4 50 275 524 604
4 581 601 606 430
4 503 521 672 336
4 49 50 67 275
4 151 339 344 346
4 351 424 122 442
4 291 593 592 287
4 317 495 313 179
4 582 392 391 599
4 476 526 531 670
4 495 179 149 174
4 117 487 391 394
4 118 664 658 315
4 161 184 412 421
4 118 487 315 480
4 358 171 154 427
4 164 181 311 490
4 238 618 610 213
4 620 203 211 645
4 214 216 215 649
4 623 622 621 242
4 682 553 76 507
4 603 47 65 283
4 394 393 391 582
4 456 109 588 274
4 90 43 42 444
4 118 487 389 591
4 674 301 660 302
4 40 88 106 105
4 128 129 654 303
4 371 292 601 430
4 169 144 189 367
4 665 504 458 388
4 161 141 178 421
4 654 300 302 303
4 314 26 478 471
4 300 299 297 663
4 125 477 479 661
4 179 345 495 149
4 671 255 73 527
4 122 424 10 442
4 595 580 570 598
4 658 118 480 119
4 278 525 194 145
4 58 12 278 194
4 274 110 578 541
4 187 31 2 320
4 500 487 117 394
4 394 393 116 404
4 127 470 469 126
4 340 339 156 157
4 161 142 184 421
4 317 179 156 151
4 479 126 125 661
4 340 316 158 156
4 580 275 570 598
4 223 225 201 629
4 632 608 630 222
4 317 345 495 179
4 615 124 241 627
4 171 160 193 358
4 678 351 667 425
4 90 258 104 286
4 191 160 152 358
4 618 232 211 238
4 639 211 645 618
4 117 655 664 500
4 55 0 7 262
4 344 356 150 152
4 316 313 310 183
4 339 151 154 346
4 609 633 648 220
4 241 202 226 627
4 299 300 301 674
4 299 295 297 663
4 298 667 351 425
4 171 427 415 440
4 154 152 358 346
4 628 225 216 625
4 218 623 632 221
4 458 659 298 665
4 311 164 490 511
4 366 353 144 367
4 674 300 302 654
4 154 160 171 358
4 161 171 141 421
4 257 90 42 444
4 580 577 115 589
4 601 292 371 590
4 269 3 34 555
4 670 651 531 124
4 596 453 392 588
4 400 191 192 357
4 658 315 301 299
4 313 183 179 138
4 156 339 317 151
4 494 493 131 354
4 315 500 664 503
4 167 153 177 514
4 272 445 432 725
4 112 520 289 508
4 393 392 391 582
4 503 500 655 501
4 477 651 532 521
4 318 311 312 190
4 628 216 225 649
4 242 632 623 221
4 583 603 65 283
4 194 525 155 145
4 265 107 108 86
4 635 629 234 611
4 641 204 228 222
4 442 122 351 499
4 476 531 477 124
4 395 596 595 578
4 511 164 490 433
4 303 665 458 388
4 531 476 670 124
4 301 503 673 336
4 286 104 90 103
4 676 656 74 250
4 319 31 320 321
4 306 307 24 305
4 245 44 31 723
4 478 313 495 138
4 298 659 667 666
4 503 655 672 501
4 107 492 106 87
4 618 619 610 213
4 203 211 212 620
4 159 433 340 440
4 411 168 562 457
4 666 298 659 665
4 594 121 122 499
4 492 430 428 587
4 423 390 392 599
4 622 633 237 219
4 644 215 226 626
4 262 30 7 123
4 42 41 257 142
4 121 351 122 499
4 302 660 674 654
4 170 183 313 138
4 666 675 657 505
4 38 419 266 175
4 458 300 297 679
4 50 51 6 524
4 410 169 34 486
4 411 412 184 457
4 391 487 117 591
4 654 665 458 303
4 470 479 469 126
4 613 646 633 229
4 226 239 636 206
4 294 590 292 293
4 119 120 295 663
4 371 294 389 585
4 582 393 392 596
4 475 29 147 199
4 430 606 581 290
4 318 312 173 190
4 223 625 630 218
4 153 192 357 514
4 419 38 266 557
4 13 59 14 176
4 480 295 119 294
4 269 43 91 444
4 561 670 656 668
4 412 433 159 440
4 34 33 169 410
4 370 291 594 499
4 276 15 163 246
4 141 416 178 421
4 295 296 120 293
4 339 344 317 151
4 665 654 129 303
4 653 115 114 552
4 519 261 574 724
4 154 152 160 358
4 318 353 181 144
4 118 487 480 389
4 444 269 43 188
4 453 395 454 578
4 137 309 172 441
4 265 492 107 87
4 657 136 361 505
4 358 160 193 414
4 390 428 371 600
4 174 488 495 471
4 276 61 15 246
4 652 660 673 336
4 43 90 103 91
4 258 104 105 89
4 505 136 361 455
4 285 112 289 508
4 155 148 516 177
4 389 391 390 591
4 639 232 618 238
4 639 211 232 645
4 296 351 121 499
4 583 454 595 597
4 173 181 318 190
4 520 112 584 508
4 344 356 152 346
4 182 513 264 515
4 387 484 32 352
4 91 285 9 92
4 116 405 394 404
4 168 169 411 486
4 65 48 583 283
4 103 90 286 91
4 303 305 129 388
4 665 458 679 654
4 316 340 339 156
4 317 316 339 156
4 653 662 115 552
4 12 57 58 278
4 635 641 619 228
4 122 667 351 121
4 142 257 42 168
4 230 616 229 208
4 637 615 209 636
4 586 593 291 594
4 41 40 88 576
4 395 453 596 578
4 340 157 159 440
4 320 22 441 493
4 88 40 41 105
4 29 241 124 627
4 579 423 428 265
4 312 319 187 320
4 547 40 141 178
4 110 648 36 220
4 646 613 253 206
4 613 239 253 206
4 475 29 28 147
4 492 106 587 107
4 213 212 619 243
4 212 650 620 619
4 597 583 454 283
4 357 358 152 346
4 165 353 368 144
4 278 525 538 194
4 570 535 275 580
4 374 166 139 417
4 149 148 489 140
4 191 358 357 374
4 155 538 525 194
4 198 197 35 540
4 623 630 625 218
4 625 223 216 218
4 209 226 239 637
4 616 633 646 230
4 394 117 116 582
4 520 370 605 442
4 476 477 473 125
4 241 29 202 627
4 91 9 3 92
4 671 653 527 668
4 589 535 395 595
4 415 171 161 421
4 639 232 211 618
4 53 656 527 277
4 404 393 116 589
4 673 658 315 301
4 118 117 487 591
4 472 27 470 471
4 91 43 90 444
4 677 51 263 524
4 657 361 136 135
4 276 143 15 559
4 159 165 433 184
4 153 192 191 357
4 594 593 291 287
4 126 479 652 661
4 589 393 116 582
4 626 624 215 219
4 393 395 392 596
4 577 404 115 589
4 595 454 395 578
4 633 237 219 229
4 626 226 644 636
4 672 521 503 501
4 368 165 144 189
4 476 474 29 124
4 291 592 593 586
4 653 502 527 668
4 311 318 181 190
4 18 209 239 252
4 616 646 68 254
4 16 62 63 537
4 263 114 677 524
4 121 667 296 659
4 137 172 23 441
4 55 56 0 262
4 603 597 541 283
4 357 400 191 374
4 184 142 411 457
4 388 517 130 494
4 89 90 42 257
4 262 7 55 123
4 368 189 412 184
4 553 76 77 682
4 186 160 374 414
4 425 504 667 666
4 51 72 677 263
4 184 412 159 161
4 615 209 30 647
4 240 111 616 208
4 411 189 142 184
4 209 226 637 636
4 633 616 229 230
4 148 512 516 177
4 263 653 502 527
4 174 495 179 138
4 104 258 90 89
4 199 29 506 474
4 374 419 186 414
4 340 158 316 511
4 368 189 411 412
4 277 531 670 561
4 322 11 2 354
4 167 276 549 515
4 195 16 63 537
4 169 410 367 486
4 522 66 48 583
4 646 20 69 254
4 239 70 19 252
4 144 169 33 367
4 149 488 174 140
4 547 88 40 422
4 441 312 172 320
4 309 312 172 441
4 588 453 456 274
4 419 175 186 414
4 559 276 143 515
4 593 602 286 287
4 472 27 28 473
4 535 577 580 589
4 296 120 659 297
4 358 191 160 374
4 185 158 164 511
4 12 0 249 196
4 528 10 424 442
4 172 22 441 320
4 85 108 38 86
4 164 185 311 190
4 188 269 34 486
4 370 520 584 508
4 226 239 637 636
4 229 646 633 230
4 115 552 405 404
4 522 454 595 583
4 240 35 111 208
4 400 166 191 374
4 161 412 159 440
4 151 344 150 152
4 117 391 591 582
4 65 48 66 583
4 115 114 552 577
4 561 527 502 668
4 275 50 67 604
4 588 578 453 274
4 38 37 109 85
4 511 158 164 159
4 30 123 615 647
4 108 456 265 86
4 629 234 223 635
4 630 641 228 222
4 299 301 658 674
4 33 426 366 410
4 648 36 220 208
4 173 32 352 144
4 229 206 646 230
4 613 637 239 636
4 524 114 6 604
4 31 319 484 321
4 275 67 49 598
4 75 564 682 507
4 527 656 671 668
4 662 669 502 668
4 163 167 143 515
4 187 2 22 320
4 142 168 189 411
4 662 655 116 405
4 107 108 579 265
4 500 405 655 501
4 73 656 671 527
4 111 648 616 208
4 241 209 30 615
4 666 667 425 657
4 476 123 262 526
4 633 616 648 208
4 158 340 156 157
4 647 209 18 637
4 240 616 68 230
4 659 667 296 298
4 188 444 269 486
4 646 613 206 229
4 636 239 613 206
4 206 20 646 230
4 637 239 70 613
4 522 454 583 283
4 589 580 535 595
4 427 339 154 346
4 126 473 479 125
4 473 479 470 126
4 74 54 248 676
4 294 590 119 585
4 616 633 229 208
4 502 669 532 668
4 49 66 522 598
4 656 527 277 561
4 164 490 433 165
4 300 299 663 674
4 473 477 479 125
4 673 658 664 315
4 551 278 57 196
4 555 34 269 486
4 112 285 602 508
4 23 24 137 307
4 297 120 659 663
4 148 489 345 149
4 307 441 23 517
4 552 662 115 405
4 427 171 154 157
4 316 183 158 156
4 169 367 411 486
4 578 454 453 274
4 129 130 665 388
4 502 552 653 263
4 368 433 490 165
4 189 411 412 184
4 257 41 576 142
4 588 453 423 456
4 357 356 153 514
4 610 233 238 213
4 645 620 203 640
4 661 477 479 521
4 657 504 666 505
4 178 422 576 142
4 142 168 411 457
4 512 516 489 148
4 357 152 356 346
4 345 344 512 150
4 34 555 410 486
4 128 25 306 304
4 26 27 174 471
4 669 502 532 501
4 671 52 255 527
4 140 488 472 475
4 104 90 42 89
4 415 193 416 414
4 216 215 649 624
4 623 622 242 217
4 51 72 6 677
4 157 340 427 440
4 197 568 35 540
4 67 50 6 604
4 602 593 508 287
4 178 142 421 457
4 118 389 585 591
4 115 114 577 580
4 521 672 669 501
4 663 297 300 679
4 433 511 164 159
4 318 319 352 173
4 131 11 675 354
4 368 189 367 411
4 148 516 489 155
4 427 358 171 415
4 410 33 169 367
4 393 535 395 589
4 570 522 595 598
4 72 51 52 263
4 190 311 312 309
4 596 589 395 595
4 669 662 502 501
4 30 7 0 262
4 400 192 549 514
4 635 223 629 630
4 228 223 630 222
4 152 151 344 346
4 374 139 419 417
4 535 404 577 589
4 15 14 60 559
4 84 36 37 109
4 38 419 175 139
4 584 520 370 605
4 172 173 312 190
4 388 130 666 494
4 72 52 255 671
4 604 524 114 580
4 161 157 171 440
4 319 318 312 173
4 516 513 264 182
4 600 591 390 599
4 40 547 422 178
4 168 169 189 411
4 661 672 669 521
4 173 318 181 144
4 160 358 374 414
4 582 589 393 596
4 111 83 5 569
4 111 110 83 541
4 22 172 187 320
4 370 584 593 287
4 475 28 140 147
4 276 163 16 246
4 667 504 298 666
4 676 526 670 277
4 269 34 3 188
4 613 253 69 646
4 19 253 239 206
4 84 83 110 541
4 12 58 13 194
4 192 166 191 400
4 258 104 286 593
4 275 49 522 598
4 551 249 0 196
4 31 32 319 173
4 522 595 598 583
4 149 345 512 150
4 352 319 32 173
4 262 571 30 123
4 583 48 522 283
4 12 57 278 196
4 153 152 356 357
4 248 54 526 676
4 576 40 88 422
4 427 154 358 346
4 531 651 670 668
4 3 91 92 269
4 456 108 109 85
4 499 586 121 293
4 456 108 85 86
4 622 237 242 217
4 649 215 644 624
4 187 319 31 320
4 291 606 592 586
4 195 146 163 537
4 666 504 388 494
4 194 12 278 145
4 169 168 188 486
4 151 156 339 154
4 152 154 151 346
4 311 181 164 190
4 395 393 589 596
4 283 541 603 569
4 276 163 143 515
4 667 678 425 657
4 405 662 655 501
4 276 163 167 549
4 653 662 552 502
4 570 535 580 595
4 588 423 599 579
4 508 593 584 287
4 8 82 680 565
4 108 109 588 456
4 238 211 618 213
4 645 211 620 618
4 626 215 226 219
4 633 622 626 219
4 40 39 87 547
4 593 258 592 287
4 141 175 266 414
4 301 660 673 674
4 593 286 258 287
4 123 55 262 526
4 178 142 161 421
4 116 115 404 589
4 476 29 571 124
4 535 570 395 595
4 47 65 5 603
4 173 312 319 187
4 59 13 538 176
4 160 186 175 414
4 84 36 540 273
4 661 125 477 651
4 552 114 653 263
4 120 121 586 293
4 370 593 594 287
4 190 312 172 309
4 599 582 392 596
4 412 159 433 184
4 17 63 282 195
4 356 177 150 153
4 522 454 570 595
4 410 555 34 572
4 87 266 39 86
4 678 667 351 122
4 266 39 38 175
4 584 602 593 508
4 541 597 454 283
4 163 143 15 276
4 103 286 104 593
4 535 393 404 589
4 141 266 39 547
4 374 400 166 417
4 395 453 392 596
4 153 513 177 514
4 601 606 292 590
4 0 56 249 551
4 187 172 312 320
4 672 673 664 503
4 370 593 584 594
4 410 366 33 367
4 562 168 411 486
4 155 489 148 147
4 38 557 85 86
4 109 84 110 274
4 606 592 581 290
4 532 651 531 668
4 199 145 506 196
4 676 54 526 277
4 140 472 28 475
4 371 601 585 600
4 551 506 278 145
4 475 472 28 474
4 577 114 524 580
4 255 73 72 671
4 512 148 149 150
4 625 629 223 630
4 218 630 223 222
4 587 600 428 579
4 69 68 646 254
4 19 18 239 252
4 36 84 37 273
4 594 586 121 499
4 63 282 195 537
4 36 83 84 540
4 47 5 4 569
4 110 578 109 274
4 106 88 40 87
4 66 49 67 598
4 425 504 666 657
4 415 161 171 440
4 499 291 586 293
4 158 340 157 159
4 152 153 191 357
4 524 552 114 577
4 551 57 249 196
4 526 531 670 277
4 531 561 532 668
4 188 444 562 168
4 581 601 430 587
4 670 656 676 277
4 142 422 576 457
4 216 215 624 217
4 622 623 624 217
4 440 415 161 421
4 167 163 276 515
4 67 275 604 598
4 655 669 672 501
4 433 164 165 159
4 145 12 278 196
4 166 162 139 417
4 297 458 659 298
4 106 88 446 105
4 180 166 400 417
4 603 5 47 569
4 171 193 141 415
4 562 444 188 486
4 605 122 10 442
4 419 266 175 414
4 666 504 665 388
4 63 64 17 282
4 142 576 257 457
4 105 88 446 89
4 291 586 594 499
4 622 237 217 219
4 215 644 624 626
4 251 68 21 240
4 247 18 71 647
4 172 190 309 137
4 506 525 278 145
4 175 266 39 141
4 492 88 106 87
4 88 446 492 106
4 63 17 16 195
4 167 177 513 514
4 673 658 301 674
4 405 552 662 502
4 584 370 594 605
4 161 159 157 440
4 520 584 113 605
4 522 570 275 598
4 674 663 300 679
4 273 84 37 85
4 186 139 419 374
4 194 155 538 176
4 416 141 266 414
4 177 512 356 150
4 38 419 139 557
4 440 161 412 421
4 547 141 266 416
4 662 669 655 501
4 266 38 39 86
4 502 662 405 501
4 145 506 525 199
4 197 198 282 540
4 551 30 56 262
4 131 675 666 494
4 145 551 506 196
4 58 59 13 538
4 625 216 649 624
4 242 218 623 217
4 4 1 64 568
4 130 666 665 388
4 66 522 598 583
4 234 223 201 629
4 641 630 608 222
4 142 178 422 457
4 344 356 512 150
4 104 258 592 593
4 197 17 64 282
4 188 43 444 168
4 148 345 512 149
4 41 88 105 89
4 9 285 602 112
4 111 603 597 541
4 561 531 670 668
4 130 131 666 494
4 14 15 143 559
4 590 586 292 293
4 59 60 14 264
4 278 551 145 196
4 276 15 61 559
4 291 292 586 293
4 475 140 489 147
4 140 148 489 147
4 278 538 58 194
4 421 422 178 457
4 39 40 141 547
4 540 36 198 273
4 189 368 165 184
4 297 659 296 298
4 422 547 141 178
4 678 10 424 135
4 56 30 0 262
4 669 651 532 668
4 312 173 172 187
4 367 189 169 411
4 521 669 532 501
4 663 299 658 674
4 152 356 150 153
4 513 182 167 515
4 682 76 75 507
4 283 603 47 569
4 489 488 140 475
4 276 163 418 537
4 590 120 586 293
4 525 489 155 147
4 557 38 266 86
4 193 175 141 414
4 87 39 266 547
4 550 540 198 273
4 263 52 671 527
4 418 146 282 537
4 416 141 193 415
4 296 120 121 659
4 263 552 114 524
4 264 14 59 176
4 532 561 502 668
4 114 677 653 263
4 578 453 596 588
4 525 489 516 155
4 513 182 177 167
4 123 526 670 676
4 109 37 84 85
4 474 472 28 473
4 549 276 163 418
4 418 163 146 537
4 606 291 292 586
4 550 146 282 418
4 160 175 193 414
4 502 653 662 668
4 531 477 651 532
4 297 659 458 679
4 182 155 516 177
4 166 186 191 374
4 274 456 109 85
4 147 506 475 199
4 168 562 188 486
4 162 36 37 273
4 506 475 525 147
4 282 568 197 540
4 571 474 29 476
4 577 275 535 580
4 647 615 209 637
4 240 616 230 208
4 37 162 273 139
4 419 175 139 186
4 513 516 512 177
4 176 155 516 182
4 671 653 263 527
4 356 513 153 514
4 153 167 192 514
4 22 23 172 441
4 472 28 27 140
4 87 88 40 547
4 513 167 514 515
4 597 454 595 578
4 109 84 274 85
4 194 538 13 176
4 145 525 155 147
4 300 674 679 654
4 111 603 541 569
4 169 188 34 486
4 549 192 167 514
4 166 180 162 417
4 57 12 249 196
4 538 525 516 155
4 679 659 458 665
4 557 273 37 85
4 139 273 419 417
4 162 198 36 273
4 56 0 30 551
4 139 37 38 557
4 540 198 282 550
4 1 17 64 197
4 37 38 557 85
4 474 29 506 571
4 586 292 606 590
4 568 35 1 197
4 286 103 602 593
4 568 83 35 540
4 657 675 136 505
4 162 273 139 417
4 162 146 198 550
4 419 273 139 557
4 30 506 199 571
4 180 163 146 418
4 176 516 264 182
4 490 164 181 165
4 155 516 538 176
4 192 180 400 549
4 264 143 182 515
4 570 454 395 595
4 16 163 276 195
4 512 489 345 148
4 603 583 597 283
4 173 319 31 187
4 400 180 417 418
4 180 146 162 418
4 139 273 37 557
4 35 36 198 540
4 264 59 538 176
4 89 41 88 576
4 551 506 30 571
4 167 182 143 515
4 110 111 597 541
4 80 81 546 683
4 147 525 506 199
4 550 162 146 418
4 30 551 571 262
4 61 15 60 559
4 167 549 514 515
4 671 653 677 263
4 147 145 525 199
4 141 416 193 414
4 516 513 182 177
4 568 1 64 197
4 141 547 422 416
4 538 13 58 194
4 197 198 146 282
4 177 356 513 153
4 603 111 5 569
4 112 602 584 508
4 549 163 180 418
4 416 422 141 178
4 197 64 568 282
4 198 162 550 273
4 356 513 512 177
4 199 29 30 571
4 199 506 29 571
4 274 84 110 541
4 489 525 475 147
4 264 143 14 176
4 178 416 422 421
4 180 192 167 549
4 551 0 30 196
4 282 198 146 550
4 143 264 559 515
4 580 604 275 598
4 148 512 177 150
4 180 400 549 418
4 404 115 552 577
4 180 167 163 549
4 516 264 538 176
4 417 180 162 418
4 192 180 166 400
4 163 276 195 537
4 195 282 146 537
4 659 297 663 679
4 83 111 541 569
4 162 550 417 418
4 264 143 176 182
4 273 162 550 417
4 705 349 363 364
4 705 363 349 699
4 699 724 705 363
4 705 724 699 688
4 379 719 706 529
4 706 719 379 689
4 706 719 448 385
4 448 719 706 689
4 704 342 485 482
4 704 485 342 692
4 702 558 713 355
4 702 713 558 692
4 426 713 558 355
4 426 558 713 692
4 528 694 360 10
4 360 694 528 435
4 709 373 701 465
4 709 701 373 696
4 717 542 536 439
4 717 536 542 698
4 717 465 466 429
4 717 466 465 709
4 702 718 713 692
4 713 718 702 693
4 712 399 386 698
4 712 386 399 398
4 723 45 692 245
4 723 692 45 718
4 704 355 402 407
4 704 402 355 702
4 244 718 46 45
4 46 718 244 713
4 123 248 55 526
4 55 248 123 7
4 129 517 388 305
4 388 517 129 130
4 607 27 628 126
4 607 628 27 214
4 628 26 638 127
4 628 638 26 225
4 103 236 205 43
4 205 236 103 642
4 643 22 612 235
4 643 612 22 131
4 200 108 221 38
4 200 221 108 621
4 221 107 231 39
4 579 390 428 423
4 579 428 390 600
4 612 207 639 634
4 612 639 207 210
4 227 617 642 205
4 227 642 617 614
4 220 109 200 37
4 220 200 109 609
4 627 28 607 125
4 627 607 28 202
4 517 22 441 23
4 517 441 22 493
4 308 138 25 170
4 25 138 308 478
4 226 626 206 636
4 226 206 626 219
4 136 354 675 11
4 675 354 136 505
4 233 631 213 610
4 233 213 631 204
4 640 224 620 203
4 620 224 640 611
4 190 137 311 309
4 190 311 137 185
4 310 311 137 309
4 310 137 311 185
4 132 236 227 642
4 227 236 132 46
4 44 643 634 235
4 44 634 643 134
4 241 636 209 615
4 209 636 241 226
4 633 208 220 229
4 220 208 633 648
4 228 619 650 243
4 228 650 619 635
4 228 650 234 212
4 228 234 650 635
4 225 638 629 628
4 629 638 225 201
4 608 221 107 231
4 107 221 608 632
4 626 206 229 219
4 229 206 626 613
4 229 633 626 219
4 626 633 229 613
4 308 25 24 170
4 24 25 308 306
4 219 624 622 626
4 219 622 624 217
4 578 541 454 274
4 454 541 578 597
4 128 305 303 304
4 303 305 128 129
4 168 257 444 562
4 168 444 257 42
4 16 537 276 62
4 276 537 16 195
4 457 184 421 412
4 457 421 184 142
4 559 14 264 143
4 559 264 14 60
4 72 263 671 677
4 671 263 72 52
4 666 505 494 675
4 494 505 666 504
4 580 524 275 604
4 580 275 524 577
4 506 196 30 199
4 30 196 506 551
4 457 168 257 142
4 457 257 168 562
4 415 141 421 416
4 415 421 141 171
4 41 257 89 42
4 89 257 41 576
4 576 178 40 422
4 40 178 576 41
4 197 195 282 146
4 282 195 197 17

CELL_TYPES 3817
1
1
1
1
1
1
1
1
1
1
1
1
3
3
3
3
3
3
3
3
3
3
3
3
3
3
3
3
3
3
3
3
3
3
3
3
3
3
3
3
3
3
3
3
3
3
3
3
3
3
3
3
3
3
3
3
3
3
3
3
3
3
3
3
3
3
3
3
3
3
3
3
3
3
3
3
3
3
3
3
3
3
3
3
3
3
3
3
3
3
3
3
3
3
3
3
3
3
3
3
3
3
3
3
3
3
3
3
3
3
3
3
3
3
3
3
3
3
3
3
3
3
3
3
3
3
3
3
3
3
3
3
3
3
3
3
3
3
3
3
3
3
3
3
3
3
3
3
3
3
3
3
3
3
3
5
5
5
5
5
5
5
5
5
5
5
5
5
5
5
5
5
5
5
5
5
5
5
5
5
5
5
5
5
5
5
5
5
5
5
5
5
5
5
5
5
5
5
5
5
5
5
5
5
5
5
5
5
5
5
5
5
5
5
5
5
5
5
5
5
5
5
5
5
5
5
5
5
5
5
5
5
5
5
5
5
5
5
5
5
5
5
5
5
5
5
5
5
5
5
5
5
5
5
5
5
5
5
5
5
5
5
5
5
5
5
5
5
5
5
5
5
5
5
5
5
5
5
5
5
5
5
5
5
5
5
5
5
5
5
5
5
5
5
5
5
5
5
5
5
5
5
5
5
5
5
5
5
5
5
5
5
5
5
5
5
5
5
5
5
5
5
5
5
5
5
5
5
5
5
5
5
5
5
5
5
5
5
5
5
5
5
5
5
5
5
5
5
5
5
5
5
5
5
5
5
5
5
5
5
5
5
5
5
5
5
5
5
5
5
5
5
5
5
5
5
5
5
5
5
5
5
5
5
5
5
5
5
5
5
5
5
5
5
5
5
5
5
5
5
5
5
5
5
5
5
5
5
5
5
5
5
5
5
5
5
5
5
5
5
5
5
5
5
5
5
5
5
5
5
5
5
5
5
5
5
5
5
5
5
5
5
5
5
5
5
5
5
5
5
5
5
5
5
5
5
5
5
5
5
5
5
5
5
5
5
5
5
5
5
5
5
5
5
5
5
5
5
5
5
5
5
5
5
5
5
5
5
5
5
5
5
5
5
5
5
5
5
5
5
5
5
5
5
5
5
5
5
5
5
5
5
5
5
5
5
5
5
5
5
5
5
5
5
5
5
5
5
5
5
5
5
5
5
5
5
5
5
5
5
5
5
5
5
5
5
5
5
5
5
5
5
5
5
5
5
5
5
5
5
5
5
5
5
5
5
5
5
5
5
5
5
5
5
5
5
5
5
5
5
5
5
5
5
5
5
5
5
5
5
5
5
5
5
5
5
5
5
5
5
5
5
5
5
5
5
5
5
5
5
5
5
5
5
5
5
5
5
5
5
5
5
5
5
5
5
5
5
5
5
5
5
5
5
5
5
5
5
5
5
5
5
5
5
5
5
5
5
5
5
5
5
5
5
5
5
5
5
5
5
5
5
5
5
5
5
5
5
5
5
5
5
5
5
5
5
5
5
5
5
5
5
5
5
5
5
5
5
5
5
5
5
5
5
5
5
5
5
5
5
5
5
5
5
5
5
5
5
5
5
5
5
5
5
5
5
5
5
5
5
5
5
5
5
5
5
5
5
5
5
5
5
5
5
5
5
5
5
5
5
5
5
5
5
5
5
5
5
5
5
5
5
5
5
5
5
5
5
5
5
5
5
5
5
5
5
5
5
5
5
5
5
5
5
5
5
5
5
5
5
5
5
5
5
5
5
5
5
5
5
5
5
5
5
5
5
5
5
5
5
5
5
5
5
5
5
5
5
5
5
5
5
5
5
5
5
5
5
5
5
5
5
5
5
5
5
5
5
5
5
5
5
5
5
5
5
5
5
5
5
5
5
5
5
5
5
5
5
5
5
5
5
5
5
5
5
5
5
5
5
5
5
5
5
5
5
5
5
5
5
5
5
5
5
5
5
5
5
5
5
5
5
5
5
5
5
5
5
5
5
5
5
5
5
5
5
5
5
5
5
5
5
5
5
5
5
5
5
5
5
5
5
5
5
5
5
5
5
5
5
5
5
5
5
5
5
5
5
5
5
5
5
5
5
5
5
5
5
5
5
5
5
5
5
5
5
5
5
5
5
5
5
5
5
5
5
5
5
5
5
5
5
5
5
5
5
5
5
5
5
5
5
5
5
5
5
5
5
5
5
5
5
5
5
5
5
5
5
5
5
5
5
5
5
5
5
5
5
5
5
5
5
5
5
5
5
5
5
5
5
5
5
5
5
5
5
5
5
5
5
5
5
5
5
5
5
5
5
5
5
5
5
5
5
5
5
5
5
5
5
5
5
5
5
5
5
5
5
5
5
5
5
5
5
5
5
5
5
5
5
5
5
5
5
5
5
5
5
5
5
5
5
5
5
5
5
5
5
5
5
5
5
5
5
5
5
5
5
5
5
5
5
5
5
5
5
5
5
5
5
5
5
5
5
5
5
5
5
5
5
5
5
5
5
5
5
5
5
5
5
5
5
5
5
5
5
5
5
5
5
5
5
5
5
5
5
5
5
5
5
5
5
5
5
5
5
5
5
5
5
5
5
5
5
5
5
5
5
5
5
5
5
5
5
5
5
5
5
5
5
5
5
5
5
5
5
5
5
5
5
5
5
5
5
5
5
5
5
5
5
5
5
5
5
5
5
5
5
5
5
5
5
5
5
5
5
5
5
5
5
5
5
5
5
5
5
5
5
5
5
5
5
5
5
5
5
5
5
5
5
5
5
5
5
5
5
5
5
5
5
5
5
5
5
5
5
5
5
5
5
5
5
5
5
5
5
5
5
5
5
5
5
5
5
5
5
5
5
5
5
5
5
5
5
5
5
5
5
5
5
5
5
5
5
5
5
5
5
5
5
5
5
5
5
5
5
5
5
5
5
5
5
5
5
5
5
5
5
5
5
5
5
5
5
5
5
5
5
5
5
5
5
5
5
5
5
5
5
5
5
5
5
5
5
5
5
5
5
5
5
5
5
5
5
5
5
5
5
5
5
5
5
5
5
5
5
5
5
5
5
5
5
5
5
5
5
5
5
5
5
5
5
5
5
5
5
5
5
5
5
5
5
5
5
5
5
5
5
5
5
5
5
5
5
5
5
5
5
5
5
5
5
5
5
5
5
5
5
5
5
5
5
5
5
5
5
5
5
5
5
5
5
5
5
5
5
5
5
5
5
5
5
5
5
5
5
5
5
5
5
5
5
5
5
5
5
5
5
5
5
5
5
5
5
5
5
5
5
5
5
5
5
5
5
5
5
5
5
5
5
5
5
5
5
5
5
5
5
5
5
5
5
5
5
5
5
5
5
5
5
5
5
5
5
5
5
5
5
5
5
5
5
5
5
5
5
5
5
5
5
5
5
5
5
5
5
5
5
5
5
5
5
5
10
10
10
10
10
10
10
10
10
10
10
10
10
10
10
10
10
10
10
10
10
10
10
10
10
10
10
10
10
10
10
10
10
10
10
10
10
10
10
10
10
10
10
10
10
10
10
10
10
10
10
10
10
10
10
10
10
10
10
10
10
10
10
10
10
10
10
10
10
10
10
10
10
10
10
10
10
10
10
10
10
10
10
10
10
10
10
10
10
10
10
10
10
10
10
10
10
10
10
10
10
10
10
10
10
10
10
10
10
10
10
10
10
10
10
10
10
10
10
10
10
10
10
10
10
10
10
10
10
10
10
10
10
10
10
10
10
10
10
10
10
10
10
10
10
10
10
10
10
10
10
10
10
10
10
10
10
10
10
10
10
10
10
10
10
10
10
10
10
10
10
10
10
10
10
10
10
10
10
10
10
10
10
10
10
10
10
10
10
10
10
10
10
10
10
10
10
10
10
10
10
10
10
10
10
10
10
10
10
10
10
10
10
10
10
10
10
10
10
10
10
10
10
10
10
10
10
10
10
10
10
10
10
10
10
10
10
10
10
10
10
10
10
10
10
10
10
10
10
10
10
10
10
10
10
10
10
10
10
10
10
10
10
10
10
10
10
10
10
10
10
10
10
10
10
10
10
10
10
10
10
10
10
10
10
10
10
10
10
10
10
10
10
10
10
10
10
10
10
10
10
10
10
10
10
10
10
10
10
10
10
10
10
10
10
10
10
10
10
10
10
10
10
10
10
10
10
10
10
10
10
10
10
10
10
10
10
10
10
10
10
10
10
10
10
10
10
10
10
10
10
10
10
10
10
10
10
10
10
10
10
10
10
10
10
10
10
10
10
10
10
10
10
10
10
10
10
10
10
10
10
10
10
10
10
10
10
10
10
10
10
10
10
10
10
10
10
10
10
10
10
10
10
10
10
10
10
10
10
10
10
10
10
10
10
10
10
10
10
10
10
10
10
10
10
10
10
10
10
10
10
10
10
10
10
10
10
10
10
10
10
10
10
10
10
10
10
10
10
10
10
10
10
10
10
10
10
10
10
10
10
10
10
10
10
10
10
10
10
10
10
10
10
10
10
10
10
10
10
10
10
10
10
10
10
10
10
10
10
10
10
10
10
10
10
10
10
10
10
10
10
10
10
10
10
10
10
10
10
10
10
10
10
10
10
10
10
10
10
10
10
10
10
10
10
10
10
10
10
10
10
10
10
10
10
10
10
10
10
10
10
10
10
10
10
10
10
10
10
10
10
10
10
10
10
10
10
10
10
10
10
10
10
10
10
10
10
10
10
10
10
10
10
10
10
10
10
10
10
10
10
10
10
10
10
10
10
10
10
10
10
10
10
10
10
10
10
10
10
10
10
10
10
10
10
10
10
10
10
10
10
10
10
10
10
10
10
10
10
10
10
10
10
10
10
10
10
10
10
10
10
10
10
10
10
10
10
10
10
10
10
10
10
10
10
10
10
10
10
10
10
10
10
10
10
10
10
10
10
10
10
10
10
10
10
10
10
10
10
10
10
10
10
10
10
10
10
10
10
10
10
10
10
10
10
10
10
10
10
10
10
10
10
10
10
10
10
10
10
10
10
10
10
10
10
10
10
10
10
10
10
10
10
10
10
10
10
10
10
10
10
10
10
10
10
10
10
10
10
10
10
10
10
10
10
10
10
10
10
10
10
10
10
10
10
10
10
10
10
10
10
10
10
10
10
10
10
10
10
10
10
10
10
10
10
10
10
10
10
10
10
10
10
10
10
10
10
10
10
10
10
10
10
10
10
10
10
10
10
10
10
10
10
10
10
10
10
10
10
10
10
10
10
10
10
10
10
10
10
10
10
10
10
10
10
10
10
10
10
10
10
10
10
10
10
10
10
10
10
10
10
10
10
10
10
10
10
10
10
10
10
10
10
10
10
10
10
10
10
10
10
10
10
10
10
10
10
10
10
10
10
10
10
10
10
10
10
10
10
10
10
10
10
10
10
10
10
10
10
10
10
10
10
10
10
10
10
10
10
10
10
10
10
10
10
10
10
10
10
10
10
10
10
10
10
10
10
10
10
10
10
10
10
10
10
10
10
10
10
10
10
10
10
10
10
10
10
10
10
10
10
10
10
10
10
10
10
10
10
10
10
10
10
10
10
10
10
10
10
10
10
10
10
10
10
10
10
10
10
10
10
10
10
10
10
10
10
10
10
10
10
10
10
10
10
10
10
10
10
10
10
10
10
10
10
10
10
10
10
10
10
10
10
10
10
10
10
10
10
10
10
10
10
10
10
10
10
10
10
10
10
10
10
10
10
10
10
10
10
10
10
10
10
10
10
10
10
10
10
10
10
10
10
10
10
10
10
10
10
10
10
10
10
10
10
10
10
10
10
10
10
10
10
10
10
10
10
10
10
10
10
10
10
10
10
10
10
10
10
10
10
10
10
10
10
10
10
10
10
10
10
10
10
10
10
10
10
10
10
10
10
10
10
10
10
10
10
10
10
10
10
10
10
10
10
10
10
10
10
10
10
10
10
10
10
10
10
10
10
10
10
10
10
10
10
10
10
10
10
10
10
10
10
10
10
10
10
10
10
10
10
10
10
10
10
10
10
10
10
10
10
10
10
10
10
10
10
10
10
10
10
10
10
10
10
10
10
10
10
10
10
10
10
10
10
10
10
10
10
10
10
10
10
10
10
10
10
10
10
10
10
10
10
10
10
10
10
10
10
10
10
10
10
10
10
10
10
10
10
10
10
10
10
10
10
10
10
10
10
10
10
10
10
10
10
10
10
10
10
10
10
10
10
10
10
10
10
10
10
10
10
10
10
10
10
10
10
10
10
10
10
10
10
10
10
10
10
10
10
10
10
10
10
10
10
10
10
10
10
10
10
10
10
10
10
10
10
10
10
10
10
10
10
10
10
10
10
10
10
10
10
10
10
10
10
10
10
10
10
10
10
10
10
10
10
10
10
10
10
10
10
10
10
10
10
10
10
10
10
10
10
10
10
10
10
10
10
10
10
10
10
10
10
10
10
10
10
10
10
10
10
10
10
10
10
10
10
10
10
10
10
10
10
10
10
10
10
10
10
10
10
10
10
10
10
10
10
10
10
10
10
10
10
10
10
10
10
10
10
10
10
10
10
10
10
10
10
10
10
10
10
10
10
10
10
10
10
10
10
10
10
10
10
10
10
10
10
10
10
10
10
10
10
10
10
10
10
10
10
10
10
10
10
10
10
10
10
10
10
10
10
10
10
10
10
10
10
10
10
10
10
10
10
10
10
10
10
10
10
10
10
10
10
10
10
10
10
10
10
10
10
10
10
10
10
10
10
10
10
10
10
10
10
10
10
10
10
10
10
10
10
10
10
10
10
10
10
10
10
10
10
10
10
10
10
10
10
10
10
10
10
10
10
10
10
10
10
10
10
10
10
10
10
10
10
10
10
10
10
10
10
10
10
10
10
10
10
10
10
10
10
10
10
10
10
10
10
10
10
10
10
10
10
10
10
10
10
10
10
10
10
10
10
10
10
10
10
10
10
10
10
10
10
10
10
10
10
10
10
10
10
10
10
10
10
10
10
10
10
10
10
10
10
10
10
10
10
10
10
10
10
10
10
10
10
10
10
10
10
10
10
10
10
10
10
10
10
10
10
10
10
10
10
10
10
10
10
10
10
10
10
10
10
10
10
10
10
10
10
10
10
10
10
10
10
10
10
10
10
10
10
10
10
10
10
10
10
10
10
10
10
10
10
10
10
10
10
10
10
10
10
10
10
10
10
10
10
10
10
10
10
10
10
10
10
10
10
10
10
10
10
10
10
10
10
10
10
10
10
10
10
10
10
10
10
10
10
10
10
10
10
10
10
10
10
10
10
10
10
10
10
10
10
10
10
10
10
10
10
10
10
10
10
10
10
10
10
10
10
10
10
10
10
10
10
10
10
10
10
10
10
10
10
10
10
10
10
10
10
10
10
10
10
10
10
10
10
10
10
10
10
10
10
10
10
10
10
10
10
10
10
10
10
10
10
10
10
10
10
10
10
10
10
10
10
10
10
10
10
10
10
10
10
10
10
10
10
10
10
10
10
10
10
10
10
10
10
10
10
10
10
10
10
10
10
10
10
10
10
10
10
10
10
10
10
10
10
10
10
10
10
10
10
10
10
10
10
10
10
10
10
10
10
10
10
10
10
10
10
10
10
10
10
10
10
10
10
10
10
10
10
10
10
10
10
10
10
10
10
10
10
10
10
10
10
10
10
10
10
10
10
10
10
10
10
10
10
10
10
10
10
10
10
10
10
10
10
10
10
10
10
10
10
10
10
10
10
10
10
10
10
10
10
10
10
10
10
10
10
10
10
10
10
10
10
10
10
10
10
10
10
10
10
10
10
10
10
10
10
10
10
10
10
10
10
10
10
10
10
10
10
10
10
10
10
10
10
10
10
10
10
10
10
10
10
10
10
10
10
10
10
10
10
10
10
10
10
10
10
10
10
10
10
10
10
10
10
10
10
10
10
10
10
10
10
10
10
10
10
10
10
10
10
10
10
10
10
10
10
10
10
10
10
10
10
10
10
10
10
10
10
10
10
10
10
10
10
10
10
10
10
10
10
10
10
10
10
10
10
10
10
10
10
10
10
10
10
10
10
10
10
10
10
10
10
10
10
10
10
10
10
10
10
10
10
10
10
10
10
10
10
10
10
10
10
10
10
10
10
10
10
10
10
10
10
10
10
10
10
10
10
10
10
10
10
10
10
10
10
10
10
10
10
10
10
10
10
10
10
10
10
10
10
10
10
10
10
10
10
10
10
10
10
10
10
10
10
10
10
10
10
10
10
10
10
10
10
10
10
10
10
10
10
10
10
10
10
10
10
10
10
10
10
10
10
10
10
10
10
10
10
10
10
10
10
10
10
10
10
10
10
10
10
10
10
10
10
10
10
10
10
10
10
10
10
10
10
10
10
10
10
10
10
10
10
10
10
10
10
10
10
10
10
10
10
10
10
10
10
10
10
10
10
10
10
10
10
10
10
10
10
10
10
10
10
10
10
10
10
10
10
10
10
10
10
10
10
10
10
10
10
10
10
10
10
10
10
10
10
10
10
10
10
10
10
10
10
10
10
10
10
10
10
10
10
10
10
10
10
10
10
10
10
10
10
10
10
10
10
10
10
10
10
10
10
10
10
10
10
10
10
10
10
10
