# vtk DataFile Version 2.0
whisker_body, Created by Gmsh 4.13.1 
ASCII
DATASET UNSTRUCTURED_GRID
POINTS 715 double
-8.874119674649524 -1.499999999999705 0
8.874119674649528 -1.499999999999699 0
-6.305587247346537 -1.499999999999875 32
6.305587247346537 -1.499999999999873 32
12 0 0
8.874119674649352 1.500000000000214 0
0 9 0
-8.87411967464935 1.500000000000212 0
4.916846385784335 0 90
6.305587247346469 1.50000000000002 32
0 6.481545381612207 32
-6.30558724734647 1.500000000000019 32
-7.584846902842285 -4.844594664205024 0
-5.092435961360746 -7.420720718329175 0
-1.792242851007811 -8.81974294200298 0
1.792242851007785 -8.819742942002986 0
5.092435961360731 -7.420720718329185 0
7.584846902842282 -4.844594664205029 0
-5.324471804789714 -1.5 0
-1.774823934929904 -1.5 0
1.774823934929906 -1.5 0
5.324471804789717 -1.5 0
-6.592875740579217 -1.5 28.44459798652578
-6.879552355402052 -1.5 24.88914556829228
-7.165690410943849 -1.5 21.33365000748253
-7.451351966831681 -1.5 17.77811586955794
-7.736589772974471 -1.5 14.22254766680133
-8.021449065757023 -1.5 10.66694851117781
-8.3059686263035 -1.5 7.111323521316791
-8.590182443898303 -1.5 3.55567228149971
-4.660182780173436 -4.504789339056104 32
-1.712900670843121 -6.251112047125993 32
1.7129006708431 -6.251112047125998 32
4.660182780173424 -4.504789339056115 32
8.590182443898307 -1.5 3.555672281499653
8.3059686263035 -1.5 7.111323521316791
8.021449065757023 -1.5 10.66694851117781
7.736589772974476 -1.5 14.22254766680129
7.451351966831684 -1.5 17.77811586955789
7.165690410943853 -1.5 21.3336500074825
6.879552355402052 -1.5 24.88914556829228
6.592875740579217 -1.5 28.44459798652578
-3.152793623673269 -1.5 32
0 -1.5 32
3.152793623673269 -1.5 32
11.34980690040761 3.896393630456207 0
9.469686112756717 7.370552552276022 0
6.563377897469113 10.04599773915035 0
2.945825845689581 11.63280319127197 0
-0.9909521456679979 11.95901391608004 0
-4.820345095835646 10.98927991986068 0
-8.127378859508902 8.82868692807757 0
-10.55368501447787 5.71136871644487 0
-11.83633564083267 1.975135083368787 0
-11.83633564083267 -1.975135083368821 0
-10.55368501447786 -5.711368716444897 0
-8.12737885950888 -8.828686928077589 0
-4.820345095835619 -10.9892799198607 0
-0.9909521456679715 -11.95901391608004 0
2.945825845689616 -11.63280319127196 0
6.563377897469155 -10.04599773915032 0
9.469686112756747 -7.370552552275983 0
11.34980690040762 -3.896393630456205 0
7.818029843080671 4.458520984889497 0
5.809475019311043 6.873863542433829 0
3.093156003024702 8.451768213868164 0
5.324471804789612 1.5 0
1.774823934929872 1.5 0
-1.774823934929868 1.5 0
-5.324471804789608 1.5 0
-3.093156003024702 8.451768213868164 0
-5.809475019311038 6.873863542433833 0
-7.818029843080673 4.458520984889494 0
3.476735421440674 3.476735421440667 90
1.012690292828946e-14 4.916846385784335 90
-3.476735421440661 3.47673542144068 90
-4.916846385784335 1.588676900374471e-14 90
-3.476735421440683 -3.476735421440658 90
-1.400432058674011e-14 -4.916846385784335 90
3.476735421440664 -3.476735421440678 90
11.69203679938193 0 3.91304347826087
11.38407359876386 0 7.826086956521739
11.07611039814578 0 11.73913043478261
10.76814719752771 0 15.65217391304348
10.46018399690964 0 19.56521739130435
10.15222079629157 0 23.47826086956522
9.844257595673493 0 27.39130434782609
9.536294395055421 0 31.30434782608696
9.228331194437349 0 35.21739130434783
8.920367993819276 0 39.1304347826087
8.612404793201204 0 43.04347826086957
8.304441592583132 0 46.95652173913044
7.996478391965059 0 50.8695652173913
7.688515191346986 0 54.78260869565218
7.380551990728914 0 58.69565217391305
7.072588790110841 0 62.60869565217391
6.764625589492769 0 66.52173913043478
6.456662388874697 0 70.43478260869566
6.148699188256625 0 74.34782608695652
5.840735987638553 0 78.26086956521739
5.532772787020479 0 82.17391304347827
5.224809586402407 0 86.08695652173914
6.592875740579217 1.5 28.44459798652578
6.879552355402052 1.5 24.88914556829228
7.165690410943849 1.5 21.33365000748253
7.451351966831681 1.5 17.77811586955794
7.736589772974471 1.5 14.22254766680133
8.021449065757023 1.5 10.66694851117781
8.3059686263035 1.5 7.111323521316791
8.590182443898303 1.5 3.55567228149971
5.042747095569635 4.071993647345553 32
2.794424709577241 5.848215204351041 32
0 8.720171709068023 3.555555555555555
0 8.440343418136045 7.11111111111111
0 8.16051512720407 10.66666666666667
0 7.880686836272092 14.22222222222222
0 7.600858545340115 17.77777777777778
0 7.321030254408138 21.33333333333333
0 7.041201963476161 24.88888888888889
0 6.761373672544185 28.44444444444444
-8.590182443898307 1.5 3.555672281499653
-8.3059686263035 1.5 7.111323521316791
-8.021449065757023 1.5 10.66694851117781
-7.736589772974476 1.5 14.22254766680129
-7.451351966831684 1.5 17.77811586955789
-7.165690410943853 1.5 21.3336500074825
-6.879552355402052 1.5 24.88914556829228
-6.592875740579217 1.5 28.44459798652578
3.152793623673234 1.5 32
0 1.5 32
-3.152793623673235 1.5 32
-2.794424709577243 5.84821520435104 32
-5.042747095569635 4.071993647345553 32
-5.751299454539629 -4.313510324559 23.00908474083577
-6.410616604685646 -4.351881809779361 15.90539971927669
-1.273726035872935e-14 -8.755741709905614 3.10359584244722
6.723569222636185 -4.385565297472914 12.35772603933656
6.082716009235958 -4.333773260516462 19.45739832235458
-6.386253368871443 -5.346371074643508 8.529162588665116
-0.04037832364243894 -6.722995814743618 28.93054067156975
7.404400024187773 -4.33569136254969 5.331453056714937
5.100601930245759 -4.657259161609204 26.59449679410698
-5.960535948754538 -6.426539988795754 2.983653171888087
5.717237060031075 -4.359390770681449 23.00265974463293
3.624958357622475 -6.388298770121153 21.02733365302174
4.024169982857105 -6.474457038912511 17.49443625245106
0.9359055317171443 -7.448329826077733 18.97164381049867
1.337915393624883 -7.669025883677735 15.43987443450255
-0.3858324770076773 -7.244336685433064 22.17735759460524
-1.926833988632156 -7.433222304776717 16.78618540929887
-1.480486535788223 -7.813453155126129 13.31004158044706
1.761897374493007 -7.868654119524344 11.89938613605917
-1.050581585870237 -8.162417754420606 9.786954040749839
2.223890574392851 -8.039082102965644 8.37319900224454
-4.153935371193493 -6.989004585307493 11.05090970766193
-3.781415130343229 -7.50411008464599 7.585332389097855
3.246946129061235 -6.275627296522067 24.57577700487739
-6.558977985802585 -4.629133910865738 12.35020231194081
-6.155460941963379 -4.225358459573082 19.48944813073168
-3.632029728675957 -6.378946218537708 21.08624573463782
-3.129435970056322 -6.350987177400053 24.39411161377726
-5.132601981753004 -4.623646323031264 26.58023585254435
-3.421585545172257 -5.774635934257013 29.06921830447862
3.421585545172241 -5.774635934257025 29.06921830447861
6.411738156077366 -4.342738692751881 15.95880484002065
7.069835456394916 -4.353344049158182 8.860533550788199
4.387838236483949 -6.572671432807581 13.94214313918535
4.782730120615954 -6.637199512415856 10.40780764275909
5.248769749653485 -6.623961080780211 6.970411688917395
5.959903830242602 -6.397318285497946 3.261072376487443
-3.3105634729013 -8.090187994730096 3.286625216923814
0.02797709766966208 -6.983002927595062 25.62766564404568
-0.4498969015969678 -8.488204781616892 6.351586874753727
2.921290216669889 -8.082418287857617 5.156807509371466
-4.245041870719578 -6.622270913013729 14.40811207685803
-7.441946875368786 -4.232093373658865 5.576193421022054
-4.181397424130156 -6.361851970925523 17.62394331979031
3.301617777978696 -8.173281429596161 2.351379923726362
5.368423762794778 -3.989007942692123 29.37407224085336
-5.445869210803751 -3.879781420139877 29.39493710965146
7.85926960638586 -3.948345804919127 2.600778623638391
-7.880698944786885 -3.911372903929687 2.567050623475092
-5.861834843848239 -6.2176699743458 5.778719011659528
2.099820603778345 -6.552381440178803 26.92926001580843
-1.694121868470281 -7.270405185793478 19.50179839473881
-2.375498314975475 -6.458802079232178 26.91433336692211
3.552713678800501e-15 -1.5 3.153951849923232
4.79985881237122 -1.5 12.19744044766937
-4.630843753727049 -1.5 19.85955353671445
-4.302194438466269 -1.5 12.48859200216322
3.954192640731206 -1.5 22.86610488894035
-3.688392077813077 -1.5 26.71851558605069
1.575125784958251 -1.5 29.34746911880772
5.568547499805058 -1.5 5.217908325656941
-5.568547499805055 -1.5 5.217908325656968
3.496059421646322 -1.5 26.57880708491831
0.7734046594633845 -1.5 24.10926493176314
1.140296365219719 -1.5 20.81506285233116
-1.755507045513196 -1.5 21.91777721596793
5.118348021832158 -1.5 8.664250972360009
1.643382594359309 -1.5 10.28331804807346
1.61830263258264 -1.5 13.90851379140057
-5.03572606279033 -1.5 8.71280210494794
-1.924144843286146 -1.5 6.421965023495344
4.521243496359576 -1.5 15.78295245567442
1.436197961559147 -1.5 17.32805847644227
-1.643926240696192 -1.5 15.25716785635755
-1.836474665423212 -1.5 10.07654327537174
1.936403404984151 -1.5 6.402635262010778
4.278162140274198 -1.5 19.31732409173809
-1.578091031882636 -1.5 29.4442739583952
-4.502228725770831 -1.5 16.41702550559646
3.368098409030397 -1.5 2.873043497782831
-3.366639056447301 -1.5 2.875344659864332
-1.659335239821402 -1.5 18.59910757390163
-3.552713678800501e-15 -1.5 27.02596562751566
4.22448836364071 -1.5 29.67417483805036
-4.263547944258936 -1.5 29.72147750619433
-4.298955454292607 -1.5 23.26753029508954
3.375077994860476e-14 -1.5 8.234460194301827
-0.8995223506386552 -1.5 12.53729869514543
6.20896977197083 -1.5 2.461220105207333
-6.208863405164481 -1.5 2.461387828391132
-1.793889983631099 -1.5 24.60781073127739
1.589896052570632 -3.474379559426863 32
-1.037180058546016 -3.91356549878916 32
4.098470638881822 -9.479816147688613 0
-7.099295739719495 7.814668436628774e-14 0
7.099295739719569 1.698500362568311e-13 0
1.27675647831893e-15 -5.551115123125783e-17 0
3.549647869859776 -5.551115123125783e-17 0
-3.549647869859773 1.110223024625157e-16 0
-10.35522765774104 6.750155989720952e-14 0
-9.770542543260142 3.411256196175788 0
-9.712246808200572 -3.507774616004609 0
-8.077142184094621 6.468110042961442 0
7.177586718607229 -7.420466418490129 0
5.737058024102882 3.289607522377274 68.44488239326789
8.779767898056775 -3.308091448964711 33.26086956521739
7.45050413474929 3.307315383273355 48.89874196794786
8.85740023723625 3.852741056111006 29.7446519980025
5.392052753219706 -3.274245444183336 72.31963636715948
9.736421556488555 -3.387338960590102 21.48835596708263
-11.09527489538306 -3.809012682760156 3.419408766471422
-6.416186870288167 9.82070510030146 3.419408766471416
10.07101483726868 3.364977050983049 17.5560939688033
-2.879762434608147 -11.37192468062311 3.419408766471418
-4.829772077328837 1.806306535911613 86.95497449032479
5.034317199358052 3.267205454209434 76.21713287399251
4.677600194425128 -3.245052061620394 80.13796914691699
4.712243512000815 10.74283313214683 3.419408766471414
6.272477427413467 -3.606975247317707 60.53714669248701
6.429303840877686 3.313197179827051 60.57317065820325
8.111539840237693 3.335203565040566 41.03541898028838
6.968218782574655 -3.632334663928228 52.62767376273138
7.46170826491776 -4.064295046874787 44.512395708514
10.39206144515601 -3.372058214114344 13.65330112395854
7.94511337650492 -8.630693833987381 3.419408766471494
-11.0947272974733 3.836149732572195 3.313668910090439
10.71886229875082 3.360370264401352 9.742374045709338
-2.048561343193576 -4.743631474561535 86.82056970940558
4.344278849665381 3.197809113264323 83.93305939119954
9.97556918242214 6.182949141544467 3.350570481507561
11.04046708034911 -3.362429988012162 5.830404183151199
6.088984370403175 3.295834611060496 64.49992465939702
7.77974593057135 3.330406456502844 44.9465869410723
9.086075975578847 -3.364995447079913 29.36190813501666
9.406995687228001 -3.383948231482536 25.44883481025506
7.550913724998646 -6.331974418263803 27.26178898862109
7.90644125558153 -6.383733795248497 23.35548818591726
5.182163321694786 -8.5799952550898 25.11344413135492
5.597544594563025 -8.683047646604416 21.20772516454012
2.242588435997033 -9.951433943217337 22.85856232869498
1.7932168750127 -9.730294827125114 26.75732274223581
5.667359082161207 6.086140352667537 46.80644403776719
-1.34485795020331 -9.987962252728655 24.42009695564525
-1.809953296203814 -9.603297365942824 28.304699571984
-0.8772207943204224 -10.34690563095652 20.53291087657542
-4.369001364600765 -9.29242252311125 22.00376512838059
-3.943394480590541 -9.81046342369986 18.12741370275167
-7.020546413927658 -7.759812094904648 19.51220147820108
-7.306219502013191 -7.06077940860076 23.37325806115505
-9.201834248516501 -4.76646807328043 20.79931999742873
-9.275631927988966 -3.897241823543225 24.63599198638821
-0.4264316544843584 -10.68210141179069 16.63738196231683
-9.081744704254616 -5.592761140158211 16.95394404555468
-10.36274392919952 -2.086868482644627 18.15990664192581
5.288133683712989 6.014354634209854 50.71622339840308
-3.515438248926221 -10.29542365988556 14.24283010563977
0.03580667581310416 -10.99718720420198 12.74120401465571
-10.44668471418671 -3.010883173155276 14.33361864480327
-10.75729888856474 0.7505679609898167 15.45771113746538
-10.34644323887285 1.694652200259627 19.25868103076981
-9.748949424280795 4.41766685685066 16.47781877733473
-8.98315294642665 5.253240839111985 20.24835438070669
-7.510312378150229 7.524692719809532 17.39023373750962
-6.416118974990917 8.1051395041997 21.12654651270903
-4.299101867033909 9.65427743930347 18.19244426804437
-2.967604474010363 9.839388074961517 21.89062403243543
-5.231751795892792 8.574275408781061 24.84859915182696
-1.658721793572629 9.848912085359093 25.56979244218856
-3.965432509115113 8.909966801840378 28.55660420207562
-0.519523365955618 10.50105784069535 18.88267448824817
-1.925460939452648 10.6299254496279 15.21055859094861
-7.117449825830522 6.760106026022074 27.74823507495323
2.557337068010201 7.772290557081171 48.50968900957493
4.016236970038958 5.846016879970947 62.35344560836528
-6.066104995594355 7.339651416115983 31.48622305032884
2.993922600225894 7.943496932542607 44.61178788801602
-0.590532673118761 8.339123280479333 46.2505047429712
-1.029974451961011 7.991667494328387 50.09082932515599
-2.62909267355524 9.089292141132438 32.2497469540775
-4.891536713328425 7.826339561053024 35.20594615014797
-4.041739211061684 7.189496589435784 47.67752147985205
-4.405922587724445 6.609524322083735 51.54370056432236
-7.651104664266728 5.280008097683328 34.35602481420075
-6.687706349432097 4.643446262166948 49.02456001669646
-6.859265849049608 3.796670972601162 52.85891502357926
-7.970488585207549 1.105517034769358 50.23027438938214
-7.745427515768044 0.1673372053794042 54.03650360726719
-8.094158760186454 2.037765969858509 46.41920077036549
-8.080968244942273 -1.70791658104261 47.52779989956596
-8.522456630312291 -0.7754542879591543 43.73903843552423
-7.271979268163538 -4.359076260782795 44.74619925028097
-6.387215076410807 -5.115571619610936 48.496400044259
-8.019469849507423 -3.561147811453709 40.98254551855855
-5.71283194570586 -6.565155015219879 41.89564186261399
-6.92888155250194 2.969067451961133 56.69228988586061
-7.410121024608873 -0.7542738334998871 57.83342495836684
-6.754534966638037 -5.942827090095055 38.16031479545887
-3.621611053401415 -8.164964818920145 38.98114736042616
1.960084712505909 10.57414494424589 15.8284117251293
-8.510706030211736 6.852222981867641 13.64204427363619
-6.941952174576159 2.048978665564502 60.50662257030517
-6.949149244016779 -1.687753918998436 61.61026567809878
-6.843743811786134 1.143418450204691 64.31112499590286
-6.349080976046708 -2.586333015748264 65.36515433896993
-6.639668506625989 0.1630148467610739 68.08404631801444
-6.004628028889975 -4.274129931601147 58.82382805839382
-2.292462747626977 -8.331933145183614 42.67307317433539
0.1787609109361734 -8.876119939677444 39.66978974336538
-1.239589293597379 9.08838462973015 35.92640564492351
-5.598546743681068 -3.423450242455369 69.09257217474584
-6.299778679149264 -0.7654530527379425 71.83946622625569
-5.743552721673004 2.901578064559692 70.71167996438879
-5.795922323915246 2.02048489772586 74.48374027706026
-5.812257604839655 -1.691260739635827 75.55971434059821
-3.947764265277147 -5.518911660162103 66.25630015467573
-1.48642671854003 7.608490886957747 53.97178307983535
1.241489918172138 9.329423909429963 32.88790793765767
2.97838304637508 10.0368961381546 19.44707729913761
0.5543274498791797 11.0274332476186 12.18071506068634
1.426116091274449 -9.48014734923041 30.66243657643137
2.629729096809062 8.739002521653134 36.51640426593683
4.085127667262024 10.21279618748902 12.71228419535408
-6.761623374686644 5.941540316388386 38.10347224394128
-11.08190298870476 -0.182879604554799 11.64635636930187
-5.740282854323821 1.093259639114992 78.22621518048926
-5.089643538798875 -2.698911323948358 79.27459286079456
-3.651694230039096 -4.738952298796609 76.45721529349376
-3.700907170454628 5.02045911712913 73.22427433969816
-3.33677121715883 5.621499669370843 69.41114730788915
-5.38705246211268 4.523902611844068 63.09099892950202
3.183522556835247 -10.33576974516408 15.05760036255002
3.634030877422156 -10.51210840696558 11.14935346647441
4.439474672419344 5.920898242502562 58.44341534589734
-2.715300395597348 -5.901790876791675 69.92910673728721
-0.3154996822449921 -6.721535644752709 66.97521667987743
-8.551783582975649 -3.019205060460492 37.24059666123854
-7.684060671576609 -5.224128951779119 34.41178844159818
1.122524338803703 7.183476516595413 60.09205063064812
-1.668613958495019 -6.814472427171657 63.3303948097947
-10.49296048730645 -3.838174127088558 10.50924165932275
-0.338263488615179 6.339997640865979 71.80257156684348
-2.436154986482094 -5.150460171762965 80.08020320593621
1.58028623306206 -8.444641793458558 43.31249499534211
3.94300153376902 -7.905626416205539 40.22307326445394
-9.841872780698452 2.625053549211062 23.04982257622499
-3.159128450393546 10.63563835130203 11.50033454560699
-0.8131200018284832 11.30123979498423 8.507390129083273
4.899320839176703 7.988855516449576 33.39816092027791
3.104033021763064 9.133255073614691 29.90641919513828
-9.206533302694382 -1.739186871144769 33.4253693183853
-7.568356538334655 -6.31539332549488 27.22697042100626
-0.9074391305732907 -8.302959157925207 46.34715939814797
-2.602909370757125 -9.098687441059875 32.22699367768529
-3.049548640147967 -10.75863729122988 10.38748313942295
2.937871031856741 -7.769289319292333 46.93419107300491
0.5038634849415732 -8.049004740826918 50.00196365152291
0.1408518085860063 6.650278550908017 67.95570544808071
-3.625130469305028 7.745528639120318 43.81241965926785
6.42694203538152 -8.862010059885106 13.37731381147772
-6.331274048244182 -9.084091490138954 11.7818531781551
-5.955947342103237 -9.694337020950229 7.906277342423951
6.808832392008235 -8.956110814956272 9.524221344962033
4.079835925756753 -10.67734276643254 7.23930752918646
2.81861903938258 -8.670120272916202 36.6348384847588
2.142039494132787 -6.629985527219136 63.94490080400504
0.7675463388322329 -7.232483949702892 60.06098724633562
-0.8193240466151066 5.991167853779231 75.64090340838996
-0.4117704806903422 -5.908855366657331 77.21324896041148
0.2224495980944708 8.890598671754343 39.47333494053945
3.293992186126578 -5.818654479098794 67.51646908124043
6.023625218276776 -6.796270243378162 37.08326297676403
6.350780268000312 6.513367411151187 36.88544467464598
-8.124447453336174 2.961467829681194 42.5992544573977
-11.34238542842658 -1.283176335869144 7.436455953746788
-10.98851922855789 2.63103448073541 8.905645943246812
-5.549667440804051 0.1382299295367655 81.93737576401719
-4.311642546030135 3.647890275542089 80.71266861695759
7.572673094880991 5.487144033981144 33.6499543938907
-9.314764043253437 -2.895097113170392 28.53429272201222
4.39689969548044 -8.265883503996253 33.51183410802997
-8.681439813689137 2.643215100083171 37.16679815519872
6.671474379942704 -5.741999387850348 40.63161097278817
4.244720205082992 -6.826486230637579 50.33477521937828
1.901395503243638 -7.543008188236319 53.63335049424656
-1.97031111158251 -7.576154935736169 53.00812290871411
-4.633232417768356 10.39926646180161 7.818020915049741
-2.261778075804668 11.39753917599006 4.831015338183206
-8.033273341981996 8.169766968154105 6.890750260957127
5.338154947683271 -4.423837208759334 64.38257316566126
6.051279401974893 6.15143151297126 42.83375657918902
0.6519964256807487 6.933487161043182 63.98749139863787
-2.89709158451717 6.19126444026295 65.62041850669935
4.682616503385164 3.241742464607464 80.10953470894087
1.818346950998169 5.253941720491844 81.83174162730283
1.781199247136382 4.911500547166046 86.09075869829869
3.597693082517984 5.75397787413807 66.24840933137769
3.150884453734489 5.656259347540758 70.20598300814117
5.039819681490084 -3.257890743433243 76.22279286888316
2.725380784967744 -5.537308837823447 74.05597586774437
-1.225811623514073 -9.083719784290283 36.00867498935347
4.311926756871684 -3.226424224017219 84.04647073102491
1.839776090342905 -5.244670087148436 81.85339790298103
1.556049849290358 -4.950488254238967 86.53840496064984
5.396056651713369 3.268232003454397 72.31575742415995
6.01953464517217 -8.772150063287938 17.29488053241293
2.71857886808337 -10.1466305822747 19.0019701301118
6.764599967932933 -3.331247855321547 56.66510220072092
4.436814442662794 -5.922143443596041 58.45102694242512
7.446139003479983 -3.325095127173709 48.85752401595235
-8.116084264475104 6.029341659222764 24.00738456364615
6.790728272138417 3.274783410313461 56.68096710215682
8.462432770897781 3.286313054610408 37.12575414505533
9.39776789672495 3.413828478668735 25.43003018338232
7.601969221018515 6.282548912960115 27.16501997056179
7.972686576336702 6.309597949419674 23.28618138256856
5.276471470253448 8.538063529712284 24.94334897623737
-10.41625156889964 3.53213465021814 12.72106489321503
10.06889490935509 -3.357608153794548 17.61128985909322
10.41091572605908 3.312840113526369 13.65541883261309
8.70544104427753 6.365524220414755 15.44488544561728
10.69913565583681 -3.413961113443894 9.776008027706981
9.03466500840403 -7.002729899405196 7.232255454949335
-6.69769057823574 -8.430205955580384 15.66725639039978
8.66864493614696 -6.403580686289121 15.53525441793082
8.291548499665943 -6.390103455105761 19.4633720318546
-4.689958589296364 -4.163416978334695 72.78947910056398
-0.5761132977689438 -7.517718689296841 56.67270578913804
-2.915486480623784 -6.698875139469703 59.64522633980376
-4.778207271289561 -8.743111950717507 25.87494953354827
-5.169768091310711 -8.159224736695803 29.74314065228716
0.5614942471891705 -11.28545735479392 8.901751619330168
0.8692813805026673 -11.57231517450968 5.019989040526291
8.422940158616292 6.249397141722056 19.21012087812019
-1.714443403721027 5.16418390943838 83.33575773773921
-5.122356111458322 5.24491296880277 59.32173146192201
-2.435899250870937 6.713954608658117 61.72440523803905
-10.20576304935623 -1.149452955181685 21.97805877718496
-9.968303299211387 -0.201676191134023 25.78923457393445
-9.612630713653129 1.020258666361342 29.64836801858547
-8.929657763937895 -6.371670256317484 13.08966710495388
-5.622896735421481 3.694446983454855 66.9871848238008
0.8967075541473183 10.1868109306375 22.53824425788571
-6.545363923219611 5.328760989808952 45.231166342618
2.701536470483292 5.547735034442531 74.07020989775972
2.262950123099763 5.412344059987023 77.93503454904199
-1.273903757598039 5.597696986368625 79.53039150517945
5.022771701513651 -6.921560400897481 43.81134312212176
-8.476743674909414 4.491165514646027 30.58376724235862
5.582126502608448 9.145085286681041 16.33844474484437
-6.860746834364667 8.803428914111223 10.65920409602977
-4.233595433844196 -6.307872930318154 55.94693962508897
-5.363123574931353 -5.785414758004834 52.23698146349179
-7.519718764767625 -2.61712433943421 51.30600613177401
-6.832261407627856 -3.469340728138927 55.11132675057572
-4.057112407341269 4.336590567843997 77.01823573234451
-5.536150552941327 9.344210122355511 14.47125301917538
-4.562228201062018 -7.064833261038431 45.61701614115542
-3.301560161808129 -7.416019491353199 49.32883587665072
8.975708743119416 -6.513720749778602 11.5604663090245
-1.117933688836509 -6.111906879523294 73.52690849792874
-4.699980033934525 -7.931600188487845 35.32897270095286
4.879366123481772 5.959641713379806 54.60735890572756
-5.005998751567894 -4.995604854406536 62.61356516096322
2.998447140393022 10.87239389183767 9.170302685038761
6.50796671403417 9.170263481056855 9.594688501768154
8.186282475254798 -3.879310941081699 37.36979450495412
-0.3235146448773338 9.691234852145772 29.26705062188667
4.797095966921017 -8.445830191015219 29.05790743961033
7.119067605303325 3.294762226073451 52.80030865929959
-8.675287165413906 -7.196605108579013 9.253640554302637
-7.742058520660969 -8.59302529737861 5.510539166036398
-9.186688081273324 3.661738378810291 26.81557424447757
1.100042387611707 -6.341843777975377 70.69043358491497
2.086837592396343 7.593547180196826 52.41210634987458
1.606421804349353 7.398249671235917 56.28027176242373
-4.795549842940446 5.939077473901887 55.48196149992799
9.038737381344843 6.433544505406157 11.50470214626611
9.400592318408185 6.433705080386024 7.733161821162278
7.244719431569405 8.984771620028839 5.822570077275518
9.748820336990221 3.353734859628141 21.47907175628078
-3.62478958464166 8.1696698940685 38.91012232261428
1.540500021039777 11.46445314925517 5.495559827149953
-8.842023578970874 0.4572335230166886 39.97578127822785
-1.998339938068026 7.180489443710565 57.77035469861757
-4.752938292131502 -2.00876708549139 86.91048027155162
-4.10147526973879 -3.553162790289106 83.52404605595675
3.947677137994472 7.912047242195919 40.12354876832498
-9.294400922535175 7.165396162569666 3.357093495720715
4.644756120182949 -10.77729677694288 3.359749051448044
-11.73666604211394 0.04718123912198326 3.344770207887464
-2.27298204729897 4.632619592181382 86.90796362713705
-9.41337861179421 6.101478153415587 9.938399338437
7.232129535698575 -6.239778383820063 31.10623388153031
-10.3669382141895 -4.87214961448436 6.92808462120563
2.153152200464065 9.711651061876871 26.07982084150912
-9.179124684644595 1.929900242685439 33.29266429752583
-7.673313434327894 -5.729821719484467 30.7926620713651
-5.818827935285195 6.495960021975843 41.66334363076692
11.06464513983536 3.19976310502633 6.12409724306738
4.860146972324698 -5.98040887210113 54.55724201229516
-6.271747834573086 -9.931781555107724 3.223811818358188
10.23355556339068 -5.767975609078225 3.212942893686346
5.581858067471797 -3.5534713777072 68.39787519697697
6.652719175388081 6.918581345595632 30.51776450636682
-10.16684212483131 5.34784247187739 6.511132635023921
5.887643376624935 8.501867132423703 21.07356798281587
-2.361039981994888 -11.208180722256 6.935530613733611
5.571979903709661 -6.144548062006375 47.0800071805589
-0.1199888978792369 8.620261481464849 42.9330392994846
-1.248216236601962 -5.266992294931934 83.69731680429739
6.856194920878869 8.552302252528467 13.19840727466469
-4.44047913601703 3.053763267708804 83.99835697016759
7.986503012631817 8.675654964229826 2.642914598289324
2.939785349201109 -5.069909534545536 78.00881133032128
4.233457725950793 -5.754071137178761 61.70598756823853
8.270020483131454 -2.929456267057911 40.99609849465815
1.120265297857841 -9.266701820275355 33.87256313991864
7.197143841774801 -5.892446260254165 34.28639564263743
6.77567691639953 -9.295308150806621 6.31855038594098
4.342260446346416 2.767525058717667 87.04746988164331
9.053770051270975 2.468852166349826 33.23501269054103
-9.318091619717748 -7.251343515659619 2.450379157635769
-11.38333918131618 1.872752021732372 5.891099806351037
0.6623349574869111 11.78731789882556 2.466125797406038
4.610440194158348 10.51912688134352 6.542055794922907
6.70369088323769 5.798985202755506 39.84866144805699
4.326193519401213 -2.783957517392799 87.10678197913089
-6.066236464778987 -7.232620018903248 32.53029537701391
11.42788698796132 -2.83397060423707 2.871108874984216
3.913456983956866 -5.129810035590852 70.49225880561119
11.4373054853514 2.803594414356152 2.847310718600158
2.441845181897473 -7.139440849489949 56.60008092157037
-9.158456676324015 -0.02978448019281038 36.10461585863784
-5.325233542321421 -0.03636705359639645 84.80937135411946
-7.994456634204898 3.838600765632665 39.79241694258891
3.73578272488267 9.509218738335113 22.65875434688255
0.9884260609080567 -11.7922509505184 2.114269734405977
-2.225478702374507 8.450194276066046 41.44335405424324
5.483922261779384 8.137308949038669 27.79220456455376
-2.905933249478464 11.47527089139346 2.0648206165667
-4.721642158968192 -10.55881208340582 5.508966381038663
7.100218030376961 4.312400049643771 8.802615117849268
6.410616604686118 4.351881809778602 15.90539971927714
2.61003464526258 8.173383808436871 5.336543991307193
5.75129945452992 4.313510324572852 23.00908474082885
4.137794258533499 5.237576035151636 29.54390663229143
6.755388806333396 5.617658137566788 2.719442449965966
2.828900818826126 7.510700229814534 12.37851752564324
2.858920978312725 6.896562596780798 19.49570150805036
5.444949098128643 4.261732769291635 26.49922491659357
2.882853957961708 6.266031658971325 26.7161831169893
2.702195025737327 7.85546411142337 8.802397850363713
6.082697990804863 4.333826589017969 19.45719159438879
6.79876565842897 4.269832911263294 12.34575921542694
2.742413509907629 7.244491128412633 15.93114683310047
3.016941843674155 6.521136280304325 23.05916957212713
4.416939107839914 7.603637855700254 2.624541133528829
7.573713605572766 4.001048469256637 5.519558076132449
5.448294117998356 6.52067234165287 6.388179743052939
5.160632237725601 6.349585157949833 10.39038889351295
5.034728259065031 6.085808718057914 13.99648444152462
5.728847648044288 3.403100667893212 29.68942289248985
4.850329919014094 5.872877662611469 17.57459672221226
1.999163546689681 6.349861364631171 29.76897214831404
2.158412325374027 8.543023896516875 2.395502580061236
8.073041619951944 3.549423897030067 2.301515983230574
4.644141491358353 5.680939892832122 21.12214149015539
-1.77635683940025e-15 1.5 3.153951849923227
-4.79985881237122 1.5 12.19744044766937
4.630843753727051 1.5 19.85955353671445
4.30219443846627 1.5 12.48859200216321
-3.9541926407312 1.5 22.86610488894035
3.688392077813075 1.5 26.71851558605069
-1.575125784958241 1.5 29.34746911880774
-5.56854749980506 1.5 5.217908325656934
5.568547499805058 1.5 5.217908325656961
-3.496059421646311 1.5 26.57880708491832
-0.7734046594633828 1.5 24.10926493176315
-1.140296365219715 1.5 20.81506285233116
1.755507045513197 1.5 21.91777721596793
-5.118348021832162 1.5 8.664250972360005
-1.643382594359313 1.5 10.28331804807345
-1.618302632582637 1.5 13.90851379140056
5.035726062790333 1.5 8.712802104947935
1.924144843286147 1.5 6.421965023495335
-4.521243496359574 1.5 15.78295245567442
-1.436197961559145 1.5 17.32805847644227
1.643926240696194 1.5 15.25716785635754
1.836474665423215 1.5 10.07654327537174
-1.936403404984153 1.5 6.40263526201077
-4.278162140274194 1.5 19.3173240917381
1.578091031882631 1.5 29.44427395839521
4.502228725770832 1.5 16.41702550559645
-3.368098409030381 1.5 2.873043497782823
3.366639056447287 1.5 2.875344659864324
1.659335239821404 1.5 18.59910757390163
1.77635683940025e-15 1.5 27.02596562751567
-4.224488363640697 1.5 29.67417483805037
4.263547944258928 1.5 29.72147750619433
4.298955454292606 1.5 23.26753029508953
-3.552713678800501e-14 1.5 8.234460194301811
0.8995223506386569 1.5 12.53729869514542
-6.208969771970805 1.5 2.461220105207319
6.208863405164456 1.5 2.46138782839112
1.793889983631099 1.5 24.6078107312774
-7.10021803037657 4.312400049644439 8.802615117849102
-6.410616604686076 4.351881809778669 15.9053997192771
-3.038612448075299 8.027850406706362 5.289857947224036
-5.751299454529877 4.313510324572911 23.00908474082885
-4.1377942585335 5.237576035151635 29.54390663229143
-6.755388806333396 5.617658137566789 2.719442449965966
-3.031310187341496 7.42966530610105 12.39793679814851
-3.022280589496865 6.825704306565579 19.50556107596885
-5.444949098136718 4.261732769281597 26.49922491659138
-2.882853957971005 6.266031658967763 26.71618311698104
-3.033555090671025 7.730281995126287 8.840993648619374
-6.082697990804848 4.333826589017992 19.45719159438877
-6.799959360582916 4.267959432498548 12.34557131015916
-3.027104893967988 7.12846077224224 15.9517895484255
-3.01701762808047 6.521104899938326 23.05912712229719
-4.416939107839523 7.603637855699597 2.624541133538517
-7.571459044665004 4.00373697796602 5.528922271287163
-5.652588486005166 6.345455124705408 6.378101107680468
-5.298343863311886 6.235386944599495 10.38794988648468
-5.047699899917724 6.073796499228201 14.00877418051948
-5.729267088071331 3.392543203901795 29.75326864883297
-4.825401603704542 5.893727809291235 17.57114720371936
-2.00788508103073 6.351803208721384 29.71210147193794
-2.340587348251487 8.498918736463155 2.346508292952426
-8.054177632050061 3.575901163426383 2.38479950590557
-4.653463440726217 5.671604347597019 21.13886235436718
0.5473750369420712 1.321480237890017 90
-0.7398602367303317 -1.78618061777492 90
2.201188615676791 -0.935382126248411 90
-2.217890441286627 0.8950603523447548 90
0.9044712376808419 3.990772690806103 32
-1.60360393560968 3.590515055423016 32
2.973609166625238 3.852745385625674 32
0.06583082050634201 8.215650382226158e-15 40.59071832980567
0.005715580846732848 0.009740508499453959 48.85931862027397
0.01053793378993984 -0.01791111562907943 56.38739203774686
-0.0110476016143668 0.02117120965986663 64.37542435742981
0.0204371782429762 -0.01889265822667596 70.98524620483043
1.849798805889488 2.583960277314965 36.70199728533831
0.06589876409112261 6.199978513774036e-05 76.91470474988384
-3.917055562028876 8.659739592076221e-15 37.05369433115779
2.21401856538266 -2.362651998535104 36.79423292863893
-0.1118424626145538 -0.2258885152324934 85.05560150746881
1.325194104331748 -3.153342421419141 44.73811336900641
-3.355465799430168 0.238216084262866 44.70008825166058
2.546767545256523 2.273223741828451 44.74060202072546
-2.858929707186175 -1.513512750766586 52.61964758591447
2.293259394818962 2.240597401561436 52.63013653364524
-2.380355843969704 4.237438754478862 36.43589410802435
-2.056332579916871 -4.267402364321151 36.55597073558802
1.908689873981491 -2.643824839232184 52.5139397789582
-2.008069117330404 -2.002285847357918 60.29832207964593
1.830445096518063 2.326439227194534 60.07080411615699
-0.08072221247946149 4.481601315300413 40.28934982001642
4.505150031775558 0.7801974301839159 39.93364640883959
-3.509787621582481 -2.805140278157487 40.60607605725122
0.6789993293843564 -4.463695127868963 40.47437152752827
-2.183647662927119 2.970664219868631 53.1895540220652
-1.278216954473741 3.751657795683404 46.65843007591794
-2.352504206354734 -3.501895075862032 47.31383608280506
-3.939551721270522 2.343753180325913 40.82985982612264
-0.5448601581171773 0 35.39995391402741
4.729190435509859 0.2836284322372726 35.37373807352403
-1.163089465706298 -2.550091344327493 67.69449852904795
-0.4731476714628688 1.609827722564651 81.11259648445915
-2.415290308855942 2.262920377563297 60.90430728470551
2.312966502934803 -2.001095919090316 59.54936687423038
3.904364427950497 4.942103034281758 35.09781283445969
-4.019451832053687 1.296220039720979 48.73881017213446
1.336452994018502 2.588779853506326 67.92017809785499
2.547001687755309 3.604064394151866 48.69502070175035
4.030754795077341 -0.9128201832938729 47.37040074072817
-2.711412279269464 1.159624770587578 68.22957873161918
-3.981447200593854 0.3150666855620945 56.02207705443927
4.334622528006109 -2.710568978011409 42.02764361513066
-1.194599414434333 -3.735392663234368 55.50747317342241
1.396737385484575 -3.741015123248388 48.69775169781202

CELLS 3714 16918
1 0
1 1
1 2
1 3
1 4
1 5
1 6
1 7
1 8
1 9
1 10
1 11
2 0 12
2 12 13
2 13 14
2 14 15
2 15 16
2 16 17
2 17 1
2 0 18
2 18 19
2 19 20
2 20 21
2 21 1
2 2 22
2 22 23
2 23 24
2 24 25
2 25 26
2 26 27
2 27 28
2 28 29
2 29 0
2 2 30
2 30 31
2 31 32
2 32 33
2 33 3
2 1 34
2 34 35
2 35 36
2 36 37
2 37 38
2 38 39
2 39 40
2 40 41
2 41 3
2 2 42
2 42 43
2 43 44
2 44 3
2 4 45
2 45 46
2 46 47
2 47 48
2 48 49
2 49 50
2 50 51
2 51 52
2 52 53
2 53 54
2 54 55
2 55 56
2 56 57
2 57 58
2 58 59
2 59 60
2 60 61
2 61 62
2 62 4
2 5 63
2 63 64
2 64 65
2 65 6
2 5 66
2 66 67
2 67 68
2 68 69
2 69 7
2 6 70
2 70 71
2 71 72
2 72 7
2 8 73
2 73 74
2 74 75
2 75 76
2 76 77
2 77 78
2 78 79
2 79 8
2 4 80
2 80 81
2 81 82
2 82 83
2 83 84
2 84 85
2 85 86
2 86 87
2 87 88
2 88 89
2 89 90
2 90 91
2 91 92
2 92 93
2 93 94
2 94 95
2 95 96
2 96 97
2 97 98
2 98 99
2 99 100
2 100 101
2 101 8
2 9 102
2 102 103
2 103 104
2 104 105
2 105 106
2 106 107
2 107 108
2 108 109
2 109 5
2 9 110
2 110 111
2 111 10
2 6 112
2 112 113
2 113 114
2 114 115
2 115 116
2 116 117
2 117 118
2 118 119
2 119 10
2 7 120
2 120 121
2 121 122
2 122 123
2 123 124
2 124 125
2 125 126
2 126 127
2 127 11
2 9 128
2 128 129
2 129 130
2 130 11
2 10 131
2 131 132
2 132 11
3 12 181 0
3 0 181 29
3 1 180 17
3 34 180 1
3 22 179 2
3 2 179 30
3 33 178 3
3 3 178 41
3 13 142 12
3 142 181 12
3 14 170 13
3 13 170 142
3 15 135 14
3 135 170 14
3 16 177 15
3 15 177 135
3 17 169 16
3 169 177 16
3 17 180 169
3 23 161 22
3 161 179 22
3 24 133 23
3 133 161 23
3 25 158 24
3 24 158 133
3 26 134 25
3 134 158 25
3 27 157 26
3 26 157 134
3 28 138 27
3 138 157 27
3 29 175 28
3 28 175 138
3 29 181 175
3 30 162 31
3 30 179 162
3 31 139 32
3 31 162 139
3 32 163 33
3 139 163 32
3 163 178 33
3 35 140 34
3 140 180 34
3 36 165 35
3 35 165 140
3 37 136 36
3 136 165 36
3 38 164 37
3 37 164 136
3 39 137 38
3 137 164 38
3 40 143 39
3 39 143 137
3 41 141 40
3 141 143 40
3 41 178 141
3 158 159 133
3 159 160 133
3 160 161 133
3 157 174 134
3 134 176 158
3 174 176 134
3 135 172 170
3 135 173 172
3 135 177 173
3 164 166 136
3 136 167 165
3 166 167 136
3 143 144 137
3 144 145 137
3 145 164 137
3 138 155 154
3 154 157 138
3 138 182 155
3 175 182 138
3 162 185 139
3 139 183 163
3 171 183 139
3 139 185 171
3 165 168 140
3 168 169 140
3 169 180 140
3 141 156 143
3 141 183 156
3 141 178 163
3 163 183 141
3 170 182 142
3 175 181 142
3 142 182 175
3 143 156 144
3 144 146 145
3 144 148 146
3 144 156 148
3 146 147 145
3 147 166 145
3 145 166 164
3 146 149 147
3 148 184 146
3 146 184 149
3 149 150 147
3 150 151 147
3 151 166 147
3 156 171 148
3 148 160 159
3 159 184 148
3 148 171 160
3 149 174 150
3 149 176 174
3 149 184 176
3 150 152 151
3 150 154 152
3 150 174 154
3 152 153 151
3 153 167 151
3 151 167 166
3 152 172 153
3 154 155 152
3 155 172 152
3 153 168 167
3 153 173 168
3 172 173 153
3 154 174 157
3 170 172 155
3 155 182 170
3 156 183 171
3 158 176 159
3 176 184 159
3 160 185 161
3 171 185 160
3 162 179 161
3 161 185 162
3 167 168 165
3 168 173 169
3 173 177 169
3 0 222 18
3 29 222 0
3 21 221 1
3 1 221 34
3 2 217 22
3 42 217 2
3 41 216 3
3 3 216 44
3 18 213 19
3 18 222 213
3 19 186 20
3 19 213 186
3 20 212 21
3 186 212 20
3 212 221 21
3 22 191 23
3 22 217 191
3 23 218 24
3 191 218 23
3 24 188 25
3 24 218 188
3 25 211 26
3 188 211 25
3 26 189 27
3 26 211 189
3 27 202 28
3 189 202 27
3 28 194 29
3 28 202 194
3 194 222 29
3 34 193 35
3 34 221 193
3 35 199 36
3 193 199 35
3 36 187 37
3 36 199 187
3 37 204 38
3 187 204 37
3 38 209 39
3 204 209 38
3 39 190 40
3 39 209 190
3 40 195 41
3 190 195 40
3 195 216 41
3 43 210 42
3 210 217 42
3 44 192 43
3 192 210 43
3 44 216 192
3 203 208 186
3 186 213 203
3 208 212 186
3 199 200 187
3 200 201 187
3 201 204 187
3 198 214 188
3 188 218 198
3 188 214 211
3 189 207 202
3 189 211 206
3 206 220 189
3 189 220 207
3 190 196 195
3 190 197 196
3 190 209 197
3 210 215 191
3 191 217 210
3 215 223 191
3 191 223 218
3 195 215 192
3 192 216 195
3 192 215 210
3 193 208 199
3 193 212 208
3 193 221 212
3 202 203 194
3 203 213 194
3 213 222 194
3 196 215 195
3 197 198 196
3 198 223 196
3 196 223 215
3 197 214 198
3 197 209 205
3 205 214 197
3 218 223 198
3 199 208 200
3 200 220 201
3 200 219 207
3 207 220 200
3 208 219 200
3 201 205 204
3 201 206 205
3 201 220 206
3 202 207 203
3 207 219 203
3 203 219 208
3 205 209 204
3 206 214 205
3 211 214 206
3 42 2 30
3 33 3 44
3 31 225 30
3 30 225 42
3 32 225 31
3 33 224 32
3 224 225 32
3 44 224 33
3 42 225 43
3 43 224 44
3 43 225 224
3 7 227 0
3 0 232 7
3 12 234 0
3 0 227 18
3 54 232 0
3 0 234 54
3 4 1 5
3 62 1 4
3 1 228 5
3 17 1 62
3 21 228 1
3 45 4 5
3 5 63 45
3 5 228 66
3 49 48 6
3 6 48 65
3 70 49 6
3 7 232 53
3 53 233 7
3 69 227 7
3 7 233 72
3 12 13 56
3 55 12 56
3 55 234 12
3 13 14 57
3 56 13 57
3 14 15 58
3 57 14 58
3 16 226 15
3 58 15 59
3 15 226 59
3 17 236 16
3 60 226 16
3 16 236 60
3 62 61 17
3 61 236 17
3 18 231 19
3 18 227 69
3 69 231 18
3 19 229 20
3 68 229 19
3 19 231 68
3 20 230 21
3 20 229 67
3 67 230 20
3 66 228 21
3 21 230 66
3 45 63 46
3 47 46 64
3 46 63 64
3 48 47 65
3 65 47 64
3 50 49 70
3 50 71 51
3 70 71 50
3 51 235 52
3 71 235 51
3 52 233 53
3 72 233 52
3 52 235 72
3 53 232 54
3 54 234 55
3 59 226 60
3 60 236 61
3 66 230 67
3 67 229 68
3 68 231 69
3 72 235 71
3 45 563 4
3 4 561 62
3 80 561 4
3 4 563 80
3 8 552 73
3 79 559 8
3 101 552 8
3 8 559 101
3 46 262 45
3 262 563 45
3 47 545 46
3 46 545 262
3 48 250 47
3 250 545 47
3 49 556 48
3 48 556 250
3 50 572 49
3 49 572 556
3 51 244 50
3 244 572 50
3 52 520 51
3 51 520 244
3 53 258 52
3 258 520 52
3 54 522 53
3 53 522 258
3 55 243 54
3 243 522 54
3 56 554 55
3 55 554 243
3 57 533 56
3 533 554 56
3 58 246 57
3 246 533 57
3 59 569 58
3 58 569 246
3 60 521 59
3 521 569 59
3 61 257 60
3 257 521 60
3 62 534 61
3 61 534 257
3 62 561 534
3 73 427 74
3 73 552 427
3 74 523 75
3 427 523 74
3 75 247 76
3 75 523 247
3 76 517 77
3 247 517 76
3 77 260 78
3 77 517 260
3 78 435 79
3 260 435 78
3 435 559 79
3 81 263 80
3 80 531 81
3 263 561 80
3 80 563 531
3 81 259 82
3 82 453 81
3 81 531 259
3 81 453 263
3 83 256 82
3 82 451 83
3 256 453 82
3 259 451 82
3 83 245 84
3 84 450 83
3 83 451 245
3 83 450 256
3 85 242 84
3 84 512 85
3 242 450 84
3 245 512 84
3 86 267 85
3 85 445 86
3 85 267 242
3 85 512 445
3 86 240 87
3 87 266 86
3 86 445 240
3 266 267 86
3 88 238 87
3 87 553 88
3 238 266 87
3 240 553 87
3 88 444 89
3 89 498 88
3 88 498 238
3 88 553 444
3 89 253 90
3 90 548 89
3 89 444 253
3 89 548 498
3 91 255 90
3 90 265 91
3 253 265 90
3 255 548 90
3 91 239 92
3 92 441 91
3 91 265 239
3 91 441 255
3 93 254 92
3 92 501 93
3 239 501 92
3 254 441 92
3 94 439 93
3 93 443 94
3 93 439 254
3 93 501 443
3 95 251 94
3 94 252 95
3 251 439 94
3 94 443 252
3 95 264 96
3 96 421 95
3 95 421 251
3 252 264 95
3 96 237 97
3 97 535 96
3 96 264 237
3 96 535 421
3 98 241 97
3 97 436 98
3 237 436 97
3 241 535 97
3 98 248 99
3 99 430 98
3 98 430 241
3 98 436 248
3 100 249 99
3 99 425 100
3 248 425 99
3 249 430 99
3 100 261 101
3 101 433 100
3 100 433 249
3 100 425 261
3 261 552 101
3 101 559 433
3 264 428 237
3 428 429 237
3 429 436 237
3 238 525 266
3 498 550 238
3 238 550 525
3 265 274 239
3 274 287 239
3 287 501 239
3 240 536 410
3 410 553 240
3 445 446 240
3 446 536 240
3 430 431 241
3 431 562 241
3 241 562 535
3 267 269 242
3 269 457 242
3 242 457 450
3 406 522 243
3 243 526 406
3 243 554 526
3 418 419 244
3 244 420 418
3 419 572 244
3 244 520 420
3 451 452 245
3 452 465 245
3 465 512 245
3 464 539 246
3 246 569 464
3 246 573 533
3 539 573 246
3 247 566 517
3 523 544 247
3 544 566 247
3 248 477 425
3 436 476 248
3 476 477 248
3 249 546 430
3 433 434 249
3 434 546 249
3 511 545 250
3 250 557 511
3 250 556 514
3 514 557 250
3 421 547 251
3 251 440 439
3 251 547 440
3 252 306 264
3 252 365 306
3 252 443 365
3 253 422 265
3 253 558 422
3 444 558 253
3 415 441 254
3 254 532 415
3 439 532 254
3 255 479 414
3 414 548 255
3 441 540 255
3 255 540 479
3 450 456 256
3 256 491 453
3 456 491 256
3 257 534 454
3 454 551 257
3 257 551 521
3 258 537 520
3 522 555 258
3 258 555 537
3 259 509 451
3 259 510 509
3 259 531 510
3 260 542 435
3 517 518 260
3 518 542 260
3 425 426 261
3 426 427 261
3 427 552 261
3 262 511 510
3 510 531 262
3 262 545 511
3 531 563 262
3 453 454 263
3 454 534 263
3 534 561 263
3 306 428 264
3 265 422 274
3 266 268 267
3 266 525 268
3 268 269 267
3 268 270 269
3 268 500 270
3 268 525 500
3 270 271 269
3 271 457 269
3 270 272 271
3 270 273 272
3 270 500 273
3 272 438 271
3 271 438 437
3 437 457 271
3 273 275 272
3 275 277 272
3 277 438 272
3 273 276 275
3 273 352 276
3 273 500 352
3 274 305 287
3 274 308 305
3 274 422 308
3 276 461 275
3 275 278 277
3 275 461 278
3 352 385 276
3 385 462 276
3 276 462 461
3 278 279 277
3 279 284 277
3 284 438 277
3 278 280 279
3 278 281 280
3 278 461 281
3 280 455 279
3 279 288 284
3 279 455 288
3 281 282 280
3 282 285 280
3 285 455 280
3 281 283 282
3 281 383 283
3 281 461 383
3 283 469 282
3 282 286 285
3 282 469 286
3 383 411 283
3 411 470 283
3 283 470 469
3 288 289 284
3 289 363 284
3 363 438 284
3 286 290 285
3 290 472 285
3 285 472 455
3 286 291 290
3 286 292 291
3 286 469 292
3 305 506 287
3 494 501 287
3 287 506 494
3 288 386 289
3 288 392 386
3 288 455 392
3 289 364 363
3 289 463 364
3 386 463 289
3 291 356 290
3 356 372 290
3 372 472 290
3 292 293 291
3 293 449 291
3 291 449 356
3 292 294 293
3 292 377 294
3 292 469 377
3 294 295 293
3 295 332 293
3 332 449 293
3 294 296 295
3 294 442 296
3 377 442 294
3 296 297 295
3 297 488 295
3 295 488 332
3 296 298 297
3 296 299 298
3 296 442 299
3 298 302 297
3 302 303 297
3 303 488 297
3 299 300 298
3 300 474 298
3 298 474 302
3 299 301 300
3 299 304 301
3 299 442 304
3 301 499 300
3 300 527 474
3 499 527 300
3 304 307 301
3 307 311 301
3 311 499 301
3 302 331 303
3 302 350 331
3 302 474 350
3 331 351 303
3 351 378 303
3 378 488 303
3 304 480 307
3 442 504 304
3 304 504 480
3 308 309 305
3 309 310 305
3 310 506 305
3 365 370 306
3 370 423 306
3 423 428 306
3 307 312 311
3 307 315 312
3 307 480 315
3 308 541 309
3 422 519 308
3 519 541 308
3 309 313 310
3 309 390 313
3 309 541 390
3 313 314 310
3 314 348 310
3 348 506 310
3 312 341 311
3 341 349 311
3 349 499 311
3 315 355 312
3 312 513 341
3 355 513 312
3 313 316 314
3 313 475 316
3 390 475 313
3 316 317 314
3 317 508 314
3 314 508 348
3 315 413 355
3 315 528 413
3 480 528 315
3 316 318 317
3 316 320 318
3 316 475 320
3 318 319 317
3 319 327 317
3 327 508 317
3 318 485 319
3 320 321 318
3 321 485 318
3 319 328 327
3 319 486 328
3 485 486 319
3 320 322 321
3 320 405 322
3 320 475 405
3 322 323 321
3 323 324 321
3 324 485 321
3 322 325 323
3 322 515 325
3 405 515 322
3 323 489 324
3 325 326 323
3 326 489 323
3 484 485 324
3 324 490 484
3 489 490 324
3 325 329 326
3 325 368 329
3 325 515 368
3 329 330 326
3 330 339 326
3 339 489 326
3 328 333 327
3 333 467 327
3 467 508 327
3 328 334 333
3 328 338 334
3 328 486 338
3 329 493 330
3 368 369 329
3 369 493 329
3 330 340 339
3 330 432 340
3 330 493 432
3 350 481 331
3 331 354 351
3 331 481 354
3 332 524 449
3 332 488 482
3 482 524 332
3 334 335 333
3 335 362 333
3 362 467 333
3 334 336 335
3 334 495 336
3 338 495 334
3 336 337 335
3 337 473 335
3 335 473 362
3 336 342 337
3 336 347 342
3 336 495 347
3 342 343 337
3 343 344 337
3 344 473 337
3 338 483 460
3 460 495 338
3 338 486 483
3 340 375 339
3 375 384 339
3 384 489 339
3 340 376 375
3 340 396 376
3 340 432 396
3 341 353 349
3 341 401 353
3 341 513 401
3 342 458 343
3 347 366 342
3 366 458 342
3 343 345 344
3 343 346 345
3 343 458 346
3 345 360 344
3 360 361 344
3 361 473 344
3 346 357 345
3 357 487 345
3 345 487 360
3 346 358 357
3 346 359 358
3 346 458 359
3 347 367 366
3 347 371 367
3 347 495 371
3 348 507 506
3 348 516 507
3 508 516 348
3 353 380 349
3 380 381 349
3 381 499 349
3 474 568 350
3 350 538 481
3 350 568 538
3 354 496 351
3 351 379 378
3 351 496 379
3 352 549 385
3 352 500 412
3 412 549 352
3 353 404 380
3 401 519 353
3 353 519 404
3 481 543 354
3 354 497 496
3 354 543 497
3 413 567 355
3 355 530 513
3 355 567 530
3 356 406 372
3 356 407 406
3 356 449 407
3 358 408 357
3 408 409 357
3 409 487 357
3 359 374 358
3 374 518 358
3 358 518 408
3 359 400 374
3 359 492 400
3 458 492 359
3 360 373 361
3 360 399 373
3 360 487 399
3 373 389 361
3 389 424 361
3 424 473 361
3 424 468 362
3 362 473 424
3 362 468 467
3 364 391 363
3 391 437 363
3 437 438 363
3 364 394 391
3 364 395 394
3 364 463 395
3 365 507 370
3 443 494 365
3 494 507 365
3 367 505 366
3 366 492 458
3 366 505 492
3 371 397 367
3 397 402 367
3 402 505 367
3 368 382 369
3 368 565 382
3 515 565 368
3 382 529 369
3 369 560 493
3 529 560 369
3 370 468 423
3 370 516 468
3 507 516 370
3 371 398 397
3 371 460 398
3 371 495 460
3 406 526 372
3 372 502 472
3 372 526 502
3 373 429 389
3 399 476 373
3 373 476 429
3 400 434 374
3 434 542 374
3 374 542 518
3 376 479 375
3 375 387 384
3 375 479 387
3 396 403 376
3 403 414 376
3 414 479 376
3 377 504 442
3 469 470 377
3 470 504 377
3 379 418 378
3 418 482 378
3 482 488 378
3 379 419 418
3 379 514 419
3 496 514 379
3 380 536 381
3 404 410 380
3 410 536 380
3 381 527 499
3 381 571 527
3 536 571 381
3 382 471 411
3 411 529 382
3 382 528 471
3 382 565 528
3 383 529 411
3 461 462 383
3 462 529 383
3 387 388 384
3 388 490 384
3 384 490 489
3 432 493 385
3 385 549 432
3 385 560 462
3 493 560 385
3 392 393 386
3 393 539 386
3 386 539 463
3 387 415 388
3 387 540 415
3 479 540 387
3 415 416 388
3 416 417 388
3 417 490 388
3 423 424 389
3 389 428 423
3 389 429 428
3 390 530 475
3 390 570 530
3 541 570 390
3 394 491 391
3 391 456 437
3 391 491 456
3 392 502 393
3 455 472 392
3 472 502 392
3 502 503 393
3 503 573 393
3 393 573 539
3 395 551 394
3 454 491 394
3 394 551 454
3 463 464 395
3 464 521 395
3 521 551 395
3 396 412 403
3 396 549 412
3 432 549 396
3 398 547 397
3 397 421 402
3 397 547 421
3 440 547 398
3 398 564 440
3 398 460 459
3 459 564 398
3 399 477 476
3 399 478 477
3 399 487 478
3 400 492 431
3 431 546 400
3 400 546 434
3 513 570 401
3 401 541 519
3 401 570 541
3 421 535 402
3 402 562 505
3 535 562 402
3 412 550 403
3 403 498 414
3 403 550 498
3 404 444 410
3 404 558 444
3 519 558 404
3 475 530 405
3 405 567 515
3 530 567 405
3 407 555 406
3 406 555 522
3 449 524 407
3 524 537 407
3 537 555 407
3 408 544 409
3 518 566 408
3 408 566 544
3 466 478 409
3 409 544 466
3 478 487 409
3 444 553 410
3 411 471 470
3 500 525 412
3 525 550 412
3 413 565 515
3 515 567 413
3 528 565 413
3 498 548 414
3 415 532 416
3 415 540 441
3 416 459 417
3 416 564 459
3 532 564 416
3 459 483 417
3 483 484 417
3 484 490 417
3 420 482 418
3 514 556 419
3 556 572 419
3 420 524 482
3 520 537 420
3 420 537 524
3 422 558 519
3 423 468 424
3 425 477 426
3 426 466 427
3 426 478 466
3 477 478 426
3 466 523 427
3 429 476 436
3 430 546 431
3 492 505 431
3 505 562 431
3 433 435 434
3 433 559 435
3 435 542 434
3 456 457 437
3 440 532 439
3 440 564 532
3 443 501 494
3 445 447 446
3 445 512 447
3 447 448 446
3 448 571 446
3 446 571 536
3 447 538 448
3 447 512 465
3 465 538 447
3 448 568 527
3 527 571 448
3 538 568 448
3 450 457 456
3 451 509 452
3 452 481 465
3 452 543 481
3 509 543 452
3 453 491 454
3 460 483 459
3 462 560 529
3 463 539 464
3 464 569 521
3 481 538 465
3 466 544 523
3 468 516 467
3 467 516 508
3 471 504 470
3 480 504 471
3 471 528 480
3 527 568 474
3 483 486 484
3 484 486 485
3 506 507 494
3 497 557 496
3 496 557 514
3 509 510 497
3 497 543 509
3 510 511 497
3 511 557 497
3 502 526 503
3 526 554 503
3 503 554 533
3 533 573 503
3 530 570 513
3 517 566 518
3 63 5 598
3 5 109 598
3 6 65 597
3 112 6 597
3 102 9 594
3 9 110 594
3 111 10 596
3 10 119 596
3 64 63 579
3 579 63 598
3 65 64 589
3 64 579 589
3 65 589 597
3 103 102 582
3 582 102 594
3 104 103 577
3 577 103 582
3 105 104 585
3 104 577 585
3 106 105 575
3 575 105 585
3 107 106 586
3 106 575 586
3 108 107 574
3 574 107 586
3 109 108 590
3 108 574 590
3 109 590 598
3 110 111 578
3 110 578 594
3 578 111 596
3 113 112 576
3 576 112 597
3 114 113 584
3 113 576 584
3 115 114 580
3 580 114 584
3 116 115 587
3 115 580 587
3 117 116 581
3 581 116 587
3 118 117 588
3 117 581 588
3 119 118 583
3 583 118 588
3 119 583 596
3 574 586 592
3 590 574 591
3 591 574 592
3 575 585 595
3 586 575 593
3 593 575 595
3 584 576 591
3 576 589 591
3 589 576 597
3 577 582 588
3 585 577 599
3 577 588 599
3 582 578 583
3 578 582 594
3 583 578 596
3 589 579 591
3 579 590 591
3 590 579 598
3 580 584 592
3 587 580 593
3 580 592 593
3 581 587 595
3 588 581 599
3 581 595 599
3 582 583 588
3 584 591 592
3 595 585 599
3 592 586 593
3 587 593 595
3 5 66 636
3 109 5 636
3 69 7 635
3 7 120 635
3 9 102 631
3 128 9 631
3 127 11 630
3 11 130 630
3 66 67 627
3 66 627 636
3 67 68 600
3 67 600 627
3 68 69 626
3 600 68 626
3 626 69 635
3 102 103 605
3 102 605 631
3 103 104 632
3 605 103 632
3 104 105 602
3 104 602 632
3 105 106 625
3 602 105 625
3 106 107 603
3 106 603 625
3 107 108 616
3 603 107 616
3 108 109 608
3 108 608 616
3 608 109 636
3 120 121 607
3 120 607 635
3 121 122 613
3 607 121 613
3 122 123 601
3 122 601 613
3 123 124 618
3 601 123 618
3 124 125 623
3 618 124 623
3 125 126 604
3 125 604 623
3 126 127 609
3 604 126 609
3 609 127 630
3 129 128 624
3 624 128 631
3 130 129 606
3 606 129 624
3 130 606 630
3 617 600 622
3 600 617 627
3 622 600 626
3 613 601 614
3 614 601 615
3 615 601 618
3 612 602 628
3 602 612 632
3 602 625 628
3 603 616 621
3 603 620 625
3 620 603 634
3 603 621 634
3 604 609 610
3 604 610 611
3 604 611 623
3 624 605 629
3 605 624 631
3 629 605 637
3 605 632 637
3 609 606 629
3 606 609 630
3 606 624 629
3 607 613 622
3 607 622 626
3 607 626 635
3 616 608 617
3 617 608 627
3 627 608 636
3 610 609 629
3 611 610 612
3 612 610 637
3 610 629 637
3 611 612 628
3 611 619 623
3 619 611 628
3 632 612 637
3 613 614 622
3 614 615 634
3 614 621 633
3 621 614 634
3 622 614 633
3 615 618 619
3 615 619 620
3 615 620 634
3 616 617 621
3 621 617 633
3 617 622 633
3 619 618 623
3 620 619 628
3 625 620 628
3 70 6 661
3 6 112 661
3 7 72 662
3 120 7 662
3 119 10 660
3 10 131 660
3 11 127 658
3 132 11 658
3 71 70 653
3 653 70 661
3 72 71 643
3 643 71 653
3 72 643 662
3 112 113 640
3 112 640 661
3 113 114 648
3 640 113 648
3 114 115 644
3 114 644 648
3 115 116 651
3 644 115 651
3 116 117 645
3 116 645 651
3 117 118 652
3 645 117 652
3 118 119 647
3 118 647 652
3 647 119 660
3 121 120 654
3 654 120 662
3 122 121 638
3 638 121 654
3 123 122 650
3 122 638 650
3 124 123 639
3 639 123 650
3 125 124 649
3 124 639 649
3 126 125 641
3 641 125 649
3 127 126 646
3 126 641 646
3 127 646 658
3 131 132 642
3 131 642 660
3 642 132 658
3 650 638 656
3 638 654 655
3 638 655 656
3 649 639 659
3 639 650 657
3 639 657 659
3 640 648 655
3 653 640 655
3 640 653 661
3 646 641 652
3 641 649 663
3 652 641 663
3 642 646 647
3 646 642 658
3 642 647 660
3 643 653 655
3 654 643 655
3 643 654 662
3 648 644 656
3 644 651 657
3 656 644 657
3 651 645 659
3 645 652 663
3 659 645 663
3 647 646 652
3 655 648 656
3 649 659 663
3 650 656 657
3 657 651 659
3 73 666 8
3 8 666 79
3 74 664 73
3 664 666 73
3 75 667 74
3 74 667 664
3 76 667 75
3 77 667 76
3 78 665 77
3 665 667 77
3 79 666 78
3 78 666 665
3 665 666 664
3 664 667 665
3 128 110 9
3 10 111 668
3 131 10 669
3 10 668 669
3 132 130 11
3 111 110 670
3 110 128 670
3 668 111 670
3 128 129 668
3 128 668 670
3 129 130 669
3 668 129 669
3 130 132 669
3 132 131 669
4 365 507 685 690
4 507 673 516 695
4 516 673 507 690
4 673 685 507 690
4 345 346 343 675
4 93 673 443 685
4 443 690 673 704
4 365 685 443 690
4 399 373 476 675
4 399 360 373 675
4 436 476 675 677
4 436 675 98 677
4 516 673 703 711
4 98 675 241 677
4 516 695 673 711
4 365 507 494 685
4 681 693 339 697
4 439 93 673 704
4 436 248 476 677
4 439 673 93 688
4 430 98 241 677
4 535 674 701 707
4 436 98 248 677
4 346 675 345 677
4 365 494 443 685
4 535 701 675 707
4 443 94 690 704
4 443 685 673 690
4 399 360 675 677
4 507 685 673 695
4 673 685 93 688
4 10 341 686 705
4 345 675 360 677
4 668 686 676 705
4 489 339 693 697
4 476 399 675 677
4 2 30 42 678
4 132 315 11 678
4 458 675 346 677
4 673 690 516 703
4 458 343 346 675
4 10 686 668 705
4 458 492 675 677
4 132 315 678 686
4 130 132 11 678
4 535 674 402 701
4 339 693 681 694
4 30 2 369 678
4 100 249 433 702
4 241 675 431 677
4 334 335 336 689
4 439 94 93 704
4 396 679 32 687
4 430 241 431 677
4 42 678 30 687
4 335 674 336 689
4 516 703 467 711
4 336 347 495 701
4 550 33 679 700
4 508 695 516 711
4 130 132 678 686
4 673 688 439 704
4 558 691 676 692
4 97 535 675 707
4 508 516 467 711
4 100 433 680 702
4 99 249 100 702
4 676 686 353 705
4 264 428 306 674
4 224 32 33 679
4 417 490 684 714
4 30 678 369 687
4 423 306 428 674
4 564 704 688 713
4 32 412 33 679
4 683 691 422 692
4 10 353 341 705
4 458 359 492 677
4 490 697 684 714
4 345 344 360 675
4 683 691 682 696
4 336 495 674 701
4 682 683 671 691
4 264 674 306 690
4 674 689 335 703
4 362 335 674 710
4 413 11 315 678
4 362 473 335 710
4 306 674 423 690
4 562 675 535 701
4 397 689 674 704
4 345 343 344 675
4 353 686 341 705
4 310 695 696 708
4 362 674 424 710
4 558 422 691 692
4 362 424 473 710
4 323 489 693 697
4 397 371 674 689
4 458 346 359 677
4 362 674 335 703
4 402 674 397 701
4 336 674 495 689
4 431 675 492 677
4 495 674 371 689
4 353 686 676 691
4 310 506 685 708
4 487 345 360 677
4 390 691 696 698
4 310 685 695 708
4 564 532 688 704
4 310 685 506 695
4 96 674 535 707
4 413 678 315 686
4 99 100 425 702
4 264 428 674 707
4 682 696 691 698
4 99 677 249 702
4 335 689 334 703
4 362 424 674 703
4 423 674 428 707
4 518 680 542 702
4 323 693 682 697
4 417 684 688 714
4 423 674 424 703
4 558 692 676 705
4 384 681 339 697
4 241 535 562 675
4 336 674 335 710
4 692 700 676 705
4 32 549 396 687
4 439 688 532 704
4 682 691 671 698
4 399 487 360 677
4 429 476 373 675
4 429 436 476 675
4 403 33 412 679
4 682 693 681 697
4 669 129 668 676
4 676 671 686 699
4 475 390 696 698
4 423 424 674 707
4 396 679 687 694
4 129 676 669 699
4 326 489 339 693
4 397 674 371 701
4 396 412 32 679
4 310 695 314 696
4 423 690 674 703
4 421 402 535 674
4 98 436 97 675
4 241 98 97 675
4 458 342 343 675
4 343 675 342 710
4 475 696 682 698
4 92 688 685 709
4 241 97 535 675
4 484 417 490 684
4 249 434 433 702
4 93 685 92 688
4 564 440 532 704
4 489 384 339 697
4 688 704 673 713
4 672 696 695 708
4 684 697 485 706
4 326 323 489 693
4 33 403 550 679
4 434 680 433 702
4 397 398 689 704
4 314 696 695 706
4 542 680 434 702
4 43 225 224 679
4 2 368 369 678
4 397 398 371 689
4 485 697 324 706
4 518 542 374 702
4 249 677 434 702
4 417 388 490 714
4 550 679 498 700
4 562 535 402 701
4 360 675 344 710
4 321 485 324 706
4 681 682 672 683
4 321 324 697 706
4 516 507 370 690
4 671 682 681 683
4 348 507 516 695
4 458 342 675 701
4 42 130 11 678
4 678 686 671 699
4 558 519 676 691
4 376 679 396 694
4 44 679 33 700
4 373 707 675 710
4 225 679 43 699
4 492 366 458 675
4 492 505 366 675
4 264 95 674 690
4 99 425 677 702
4 369 678 368 687
4 682 693 322 698
4 678 686 355 698
4 675 701 342 710
4 336 701 674 710
4 353 401 686 691
4 92 685 708 709
4 241 562 431 675
4 413 355 678 686
4 341 353 401 686
4 343 344 675 710
4 484 684 490 697
4 674 707 424 710
4 376 414 403 679
4 562 505 431 675
4 422 683 308 691
4 562 505 675 701
4 432 396 549 687
4 318 317 684 706
4 366 675 505 701
4 558 444 692 705
4 97 675 436 707
4 440 439 532 704
4 519 558 676 705
4 498 692 679 712
4 402 421 397 674
4 319 318 317 684
4 95 674 690 704
4 11 413 565 678
4 417 688 684 713
4 541 691 683 696
4 11 565 2 678
4 429 675 373 707
4 669 676 668 686
4 485 684 324 697
4 444 700 692 705
4 396 687 340 694
4 376 403 396 679
4 403 412 396 679
4 431 505 492 675
4 367 397 371 701
4 681 682 671 693
4 253 683 422 692
4 413 678 355 698
4 458 675 366 701
4 92 708 239 709
4 317 695 684 706
4 676 686 669 699
4 329 687 678 693
4 265 683 253 692
4 421 397 674 704
4 676 686 671 691
4 468 423 424 703
4 334 336 495 689
4 436 675 429 707
4 265 422 253 683
4 542 434 374 702
4 558 422 519 691
4 97 96 535 707
4 32 225 31 687
4 670 668 128 676
4 434 677 374 702
4 679 692 498 700
4 515 322 693 698
4 695 696 672 706
4 384 375 339 681
4 323 322 682 693
4 417 688 388 714
4 678 671 687 699
4 375 339 681 694
4 100 680 261 702
4 546 434 249 677
4 413 315 355 686
4 413 355 567 698
4 111 10 668 705
4 333 689 328 711
4 131 10 341 686
4 44 33 3 700
4 11 2 42 678
4 671 686 678 698
4 90 683 692 712
4 90 709 683 712
4 421 547 397 704
4 672 695 685 708
4 264 674 96 707
4 679 687 671 699
4 353 519 676 705
4 333 703 689 711
4 111 353 10 705
4 484 324 684 697
4 476 477 399 677
4 360 344 361 710
4 323 682 321 697
4 2 565 368 678
4 33 44 224 679
4 516 690 370 703
4 357 346 345 677
4 421 535 96 674
4 313 696 314 706
4 319 684 317 695
4 476 248 477 677
4 414 498 679 712
4 558 404 444 705
4 90 683 265 692
4 368 678 329 687
4 421 674 95 704
4 396 432 340 687
4 129 43 44 699
4 672 683 682 696
4 310 506 348 695
4 333 334 328 689
4 130 686 678 699
4 313 310 314 696
4 374 677 358 702
4 689 704 398 713
4 357 345 487 677
4 518 374 358 702
4 90 265 683 709
4 671 691 686 698
4 321 697 682 706
4 398 704 564 713
4 402 397 367 701
4 518 358 408 702
4 254 93 92 688
4 225 687 679 699
4 548 692 498 712
4 670 676 128 705
4 99 98 430 677
4 99 248 98 677
4 329 678 368 693
4 550 403 498 679
4 484 324 485 684
4 541 683 308 696
4 515 693 678 698
4 237 97 436 707
4 458 366 342 701
4 390 691 541 696
4 42 678 687 699
4 128 676 129 699
4 369 368 329 687
4 44 128 699 700
4 519 353 676 691
4 330 693 339 694
4 681 693 671 694
4 671 683 681 712
4 93 501 92 685
4 678 687 671 693
4 409 357 487 702
4 274 683 239 708
4 274 265 239 683
4 44 128 129 699
4 671 691 683 692
4 319 684 695 711
4 239 683 265 709
4 358 677 357 702
4 338 711 689 713
4 249 99 430 677
4 498 403 414 679
4 398 460 689 713
4 684 685 672 695
4 313 314 316 706
4 308 683 541 691
4 390 475 530 698
4 248 425 477 677
4 410 110 9 705
4 355 686 513 698
4 248 99 425 677
4 682 696 475 706
4 96 264 95 674
4 686 691 513 698
4 416 388 417 688
4 685 688 672 709
4 357 677 487 702
4 130 669 686 699
4 10 669 668 686
4 100 101 261 680
4 672 685 684 688
4 487 399 478 677
4 668 129 128 676
4 477 677 425 702
4 668 676 670 705
4 399 477 478 677
4 671 687 679 694
4 239 708 683 709
4 684 685 673 688
4 673 685 684 695
4 368 678 515 693
4 254 688 92 709
4 501 93 443 685
4 486 711 338 713
4 508 467 327 711
4 42 225 43 699
4 249 430 546 677
4 459 398 564 713
4 312 132 131 686
4 443 94 252 690
4 131 669 10 686
4 130 678 42 699
4 430 431 546 677
4 128 676 699 700
4 100 261 425 702
4 515 322 325 693
4 410 9 700 705
4 337 336 335 710
4 397 547 398 704
4 506 494 507 685
4 308 696 683 708
4 254 439 93 688
4 131 341 312 686
4 423 389 424 707
4 90 265 253 692
4 562 402 505 701
4 672 682 681 697
4 323 325 322 693
4 319 695 317 711
4 224 44 43 679
4 43 679 44 699
4 110 670 128 705
4 111 10 353 349
4 11 565 413 528
4 671 692 683 712
4 320 682 475 706
4 100 433 101 680
4 330 687 693 694
4 390 530 691 698
4 507 365 370 690
4 308 305 696 708
4 334 689 333 703
4 375 681 479 694
4 42 687 225 699
4 322 321 323 682
4 361 424 389 710
4 516 370 468 703
4 544 680 566 702
4 261 680 427 702
4 408 358 357 702
4 487 677 478 702
4 671 693 687 694
4 517 665 260 680
4 333 327 703 711
4 519 422 308 691
4 475 682 405 698
4 309 308 305 696
4 335 334 333 703
4 664 523 427 680
4 337 342 336 710
4 498 692 89 700
4 44 699 679 700
4 424 707 389 710
4 400 431 492 677
4 359 400 492 677
4 467 703 327 711
4 318 684 485 706
4 671 676 679 699
4 130 669 132 686
4 357 358 346 677
4 314 695 317 706
4 325 368 515 693
4 319 485 318 684
4 342 701 336 710
4 398 459 460 713
4 467 333 327 703
4 330 326 339 693
4 672 684 697 714
4 324 323 321 697
4 315 11 413 528
4 287 239 501 708
4 484 490 324 697
4 479 694 681 712
4 287 501 685 708
4 316 314 317 706
4 477 478 677 702
4 341 401 513 686
4 390 530 570 691
4 558 253 422 692
4 405 682 322 698
4 33 550 403 412
4 513 686 401 691
4 96 95 421 674
4 672 708 685 709
4 519 404 558 705
4 486 338 483 713
4 264 252 95 690
4 530 513 691 698
4 553 410 9 700
4 664 427 552 680
4 671 676 691 692
4 264 306 252 690
4 359 346 358 677
4 330 340 687 694
4 544 566 408 702
4 671 679 676 692
4 671 694 679 712
4 310 696 305 708
4 130 129 669 699
4 417 416 688 713
4 672 697 684 706
4 460 338 689 713
4 348 516 508 695
4 444 410 700 705
4 312 315 132 686
4 328 689 338 711
4 671 679 692 712
4 501 443 494 685
4 90 91 265 709
4 132 669 131 686
4 552 666 664 680
4 97 237 96 707
4 426 261 427 702
4 375 384 387 681
4 369 493 30 687
4 484 417 684 713
4 517 667 665 680
4 89 498 548 692
4 475 320 405 682
4 362 468 424 703
4 309 541 308 696
4 370 306 423 690
4 321 682 320 706
4 564 688 416 713
4 681 683 709 712
4 681 697 384 714
4 95 690 94 704
4 530 355 513 698
4 367 371 347 701
4 387 681 384 714
4 681 683 672 709
4 42 30 225 687
4 95 252 94 690
4 310 305 506 708
4 376 694 479 712
4 320 321 322 682
4 375 479 376 694
4 460 483 338 713
4 530 513 570 691
4 540 255 479 681
4 523 664 667 680
4 409 487 478 702
4 443 252 365 690
4 684 695 672 706
4 309 305 310 696
4 338 328 334 689
4 552 101 666 680
4 672 688 684 714
4 427 680 466 702
4 486 483 484 684
4 414 548 498 712
4 486 483 684 713
4 689 690 674 704
4 374 359 358 677
4 330 339 340 694
4 255 681 540 709
4 329 330 687 693
4 515 405 322 698
4 484 684 483 713
4 689 703 673 711
4 340 376 396 694
4 237 436 429 707
4 371 398 460 689
4 353 10 341 349
4 369 329 493 687
4 264 96 237 707
4 671 693 682 698
4 689 690 673 703
4 493 31 30 687
4 486 684 711 713
4 400 546 431 677
4 321 318 485 706
4 247 544 523 680
4 274 308 683 708
4 676 700 128 705
4 90 255 709 712
4 668 670 111 705
4 375 387 479 681
4 674 690 689 703
4 540 479 387 681
4 517 247 667 680
4 254 92 441 709
4 444 410 553 700
4 552 261 101 680
4 310 348 314 695
4 479 681 255 712
4 330 340 432 687
4 309 390 541 696
4 260 665 435 680
4 398 440 564 704
4 405 320 322 682
4 341 311 10 131
4 408 357 409 702
4 523 667 247 680
4 2 368 565 382
4 312 355 315 686
4 422 265 274 683
4 671 678 693 698
4 42 43 129 699
4 343 342 337 710
4 435 665 666 680
4 421 95 251 704
4 633 219 203 617
4 317 695 327 711
4 287 685 506 708
4 129 130 42 699
4 676 692 679 700
4 540 709 681 714
4 91 239 265 709
4 320 475 316 706
4 313 475 390 696
4 564 532 416 688
4 532 439 254 688
4 317 508 327 695
4 559 666 101 680
4 466 523 544 680
4 673 690 689 704
4 426 425 261 702
4 387 540 681 714
4 673 689 711 713
4 255 681 709 712
4 508 327 695 711
4 264 237 428 707
4 565 515 368 678
4 519 401 353 691
4 247 517 566 680
4 515 565 413 678
4 426 427 466 702
4 311 341 312 131
4 432 31 493 687
4 31 225 30 687
4 423 428 389 707
4 67 20 600 229
4 186 19 68 229
4 673 704 689 713
4 247 566 544 680
4 422 274 308 683
4 617 633 219 621
4 219 203 207 633
4 544 466 680 702
4 466 427 523 680
4 671 681 694 712
4 679 699 676 700
4 444 89 692 700
4 427 261 552 680
4 477 425 426 702
4 682 697 672 706
4 486 328 338 711
4 329 326 330 693
4 390 570 541 691
4 467 516 468 703
4 325 329 368 693
4 3 238 88 700
4 559 101 433 680
4 287 494 506 685
4 253 558 444 692
4 347 336 342 701
4 274 305 308 708
4 353 111 380 705
4 367 505 402 701
4 600 186 68 229
4 20 186 600 229
4 323 326 325 693
4 665 664 666 680
4 665 667 664 680
4 484 483 417 713
4 498 88 238 700
4 486 485 319 684
4 374 400 359 677
4 362 335 333 703
4 324 489 323 697
4 416 415 388 688
4 337 335 473 710
4 361 473 424 710
4 672 709 688 714
4 675 707 701 710
4 260 518 517 680
4 319 486 684 711
4 495 371 460 689
4 547 421 251 704
4 388 688 415 714
4 34 80 1 109
4 333 328 327 711
4 435 434 542 680
4 7 53 232 120
4 368 2 369 382
4 684 688 673 713
4 672 683 696 708
4 666 559 435 680
4 518 566 517 680
4 387 384 388 714
4 701 707 674 710
4 80 5 1 109
4 672 696 682 706
4 54 29 0 232
4 435 433 434 680
4 88 498 89 700
4 233 53 7 120
4 287 501 494 685
4 530 475 405 698
4 375 340 339 694
4 120 29 7 227
4 105 37 38 204
4 177 16 60 226
4 429 373 389 707
4 90 255 91 709
4 318 316 317 706
4 439 251 94 704
4 486 484 485 684
4 35 80 34 109
4 228 34 1 109
4 313 309 310 696
4 29 0 7 227
4 24 124 292 125
4 353 380 111 349
4 210 42 43 129
4 44 43 129 624
4 228 1 5 109
4 80 35 108 109
4 232 29 7 120
4 210 42 129 130
4 90 692 548 712
4 260 542 518 680
4 313 390 309 696
4 307 312 132 131
4 441 709 540 714
4 341 513 312 686
4 630 217 11 127
4 43 210 129 624
4 673 695 684 711
4 233 258 53 120
4 513 355 312 686
4 650 293 123 639
4 319 317 327 711
4 606 210 129 130
4 29 7 0 232
4 95 94 251 704
4 683 708 672 709
4 343 337 344 710
4 681 672 697 714
4 477 426 478 702
4 305 287 506 708
4 660 311 307 131
4 664 523 74 427
4 493 329 330 687
4 23 24 469 125
4 600 203 186 617
4 414 376 479 712
4 559 433 435 680
4 25 26 124 618
4 128 44 129 624
4 630 11 217 130
4 123 124 26 618
4 519 308 541 691
4 37 105 106 204
4 495 338 334 689
4 605 631 624 216
4 210 191 217 630
4 660 307 642 131
4 318 321 320 706
4 26 123 618 601
4 122 123 26 601
4 44 43 624 192
4 37 106 187 204
4 35 36 108 199
4 203 600 622 617
4 617 203 186 208
4 31 139 276 162
4 68 213 231 19
4 20 627 230 67
4 188 25 24 124
4 124 24 188 125
4 104 38 602 105
4 163 33 32 412
4 1 4 5 80
4 606 129 210 624
4 43 210 624 192
4 11 42 217 130
4 271 137 143 269
4 260 435 542 680
4 490 384 489 697
4 353 404 519 705
4 544 408 409 702
4 38 104 602 39
4 565 11 2 382
4 415 441 540 714
4 134 25 290 285
4 608 35 34 109
4 365 306 370 690
4 125 469 23 126
4 375 376 340 694
4 444 88 89 700
4 118 117 298 474
4 459 564 416 713
4 632 103 39 104
4 367 366 505 701
4 271 145 137 457
4 631 605 102 216
4 417 459 416 713
4 449 293 123 650
4 232 54 29 522
4 495 460 338 689
4 622 633 203 617
4 617 219 203 208
4 35 36 81 108
4 35 608 108 109
4 522 232 53 120
4 460 459 483 713
4 104 577 103 512
4 24 286 469 292
4 398 547 440 704
4 207 202 613 622
4 616 621 208 199
4 109 598 590 563
4 202 207 203 622
4 616 621 617 208
4 600 203 213 186
4 186 617 627 600
4 521 177 60 226
4 92 239 91 709
4 188 124 125 623
4 608 208 193 199
4 613 194 607 622
4 608 616 617 208
4 203 194 202 622
4 258 233 662 120
4 213 68 231 626
4 627 20 230 212
4 126 125 469 377
4 164 137 145 457
4 636 34 228 109
4 365 252 306 690
4 90 89 548 692
4 303 651 116 297
4 644 115 114 378
4 102 3 9 631
4 35 81 80 108
4 26 25 290 134
4 36 37 107 187
4 40 102 103 605
4 455 176 134 285
4 222 120 227 29
4 553 88 444 700
4 208 608 616 199
4 613 202 194 622
4 606 215 210 609
4 513 401 570 691
4 120 555 28 121
4 602 38 39 209
4 253 444 89 692
4 216 624 605 192
4 125 124 294 649
4 28 29 555 120
4 191 609 126 127
4 600 626 213 622
4 208 186 627 212
4 120 222 227 635
4 34 636 228 221
4 106 105 625 204
4 26 25 211 618
4 165 140 35 263
4 567 355 530 698
4 639 650 293 332
4 203 600 213 622
4 617 186 627 208
4 32 396 549 412
4 151 167 166 364
4 613 207 622 614
4 208 621 200 199
4 329 325 326 693
4 493 330 432 687
4 218 191 609 126
4 105 585 104 512
4 121 194 120 607
4 180 534 169 236
4 608 34 35 193
4 23 191 126 127
4 672 681 709 714
4 622 207 633 614
4 200 219 621 208
4 202 207 613 601
4 199 616 621 187
4 72 52 662 235
4 24 23 218 125
4 650 638 122 524
4 77 260 517 665
4 633 203 207 622
4 219 617 621 208
4 269 271 137 457
4 437 164 145 457
4 121 407 406 122
4 39 38 242 137
4 626 607 213 622
4 212 608 208 193
4 662 233 7 120
4 608 212 208 627
4 607 194 213 622
4 207 613 601 614
4 621 200 199 187
4 60 16 177 257
4 439 440 251 704
4 631 128 624 216
4 673 711 684 713
4 512 105 585 245
4 560 31 30 493
4 44 3 128 700
4 213 19 68 186
4 600 20 67 627
4 617 627 608 208
4 203 213 194 622
4 363 151 166 364
4 612 602 190 209
4 22 11 217 127
4 605 103 40 632
4 105 38 37 83
4 270 271 143 269
4 191 23 22 127
4 314 508 317 695
4 11 22 217 2
4 266 41 267 268
4 108 608 35 199
4 279 174 176 149
4 298 300 118 474
4 520 662 52 235
4 242 143 137 269
4 286 290 25 285
4 9 88 553 700
4 102 40 41 605
4 450 242 38 137
4 187 106 603 204
4 618 189 26 601
4 141 267 41 268
4 314 348 508 695
4 144 137 143 271
4 11 42 2 217
4 109 80 5 563
4 299 296 663 641
4 164 145 166 437
4 191 218 23 126
4 234 29 0 243
4 197 612 190 209
4 534 180 17 236
4 105 104 38 84
4 604 125 218 126
4 106 107 37 187
4 103 39 40 632
4 107 108 36 199
4 198 214 188 611
4 40 605 632 195
4 73 552 664 427
4 25 26 291 124
4 125 23 218 126
4 176 455 280 285
4 378 115 114 351
4 293 294 124 649
4 26 291 124 123
4 218 223 604 609
4 632 637 190 195
4 116 302 303 297
4 271 437 145 457
4 169 177 16 257
4 351 331 115 580
4 122 449 650 524
4 437 166 164 456
4 191 210 215 609
4 363 145 147 438
4 623 188 214 611
4 242 40 39 143
4 104 39 38 84
4 294 292 124 125
4 195 629 215 192
4 606 629 215 609
4 490 489 324 697
4 210 606 630 130
4 174 472 134 157
4 449 293 650 332
4 628 611 214 197
4 16 60 236 257
4 144 145 137 271
4 469 24 292 125
4 186 68 213 600
4 600 186 20 627
4 29 232 522 120
4 647 119 300 301
4 635 222 231 626
4 636 221 212 230
4 637 629 215 195
4 223 215 629 609
4 274 239 287 708
4 631 3 9 128
4 29 522 555 120
4 169 17 180 236
4 626 213 68 600
4 627 186 20 212
4 294 125 641 377
4 3 88 9 700
4 31 276 385 162
4 472 455 174 134
4 34 1 80 561
4 128 3 9 700
4 121 406 28 122
4 30 31 462 162
4 609 604 218 126
4 124 293 649 639
4 496 351 114 580
4 585 447 577 512
4 565 11 382 528
4 364 167 166 391
4 194 121 613 607
4 37 256 450 164
4 193 35 608 199
4 195 216 605 192
4 33 163 500 412
4 637 605 629 195
4 215 223 191 609
4 158 24 25 282
4 447 577 448 599
4 136 166 391 456
4 639 293 649 295
4 469 470 126 377
4 116 651 645 297
4 141 143 267 269
4 590 574 108 531
4 364 153 167 394
4 174 279 288 149
4 198 611 610 612
4 196 198 612 197
4 616 603 621 187
4 207 202 189 601
4 469 470 23 126
4 36 81 108 107
4 583 119 596 381
4 612 610 198 196
4 115 644 303 378
4 624 128 44 216
4 286 25 24 282
4 87 3 9 102
4 576 496 113 584
4 496 113 514 576
4 291 286 25 124
4 104 103 39 85
4 366 347 342 701
4 223 218 191 609
4 637 632 605 195
4 154 502 392 157
4 132 312 307 315
4 318 320 316 706
4 519 541 401 691
4 133 281 161 283
4 174 392 472 157
4 40 242 267 143
4 432 493 31 385
4 587 580 354 593
4 393 502 392 154
4 658 304 307 642
4 158 281 133 282
4 178 3 33 525
4 211 25 188 623
4 105 602 625 209
4 216 44 624 192
4 166 145 147 363
4 198 611 612 197
4 253 89 90 692
4 445 103 577 512
4 269 137 242 457
4 645 117 302 298
4 515 567 405 698
4 662 258 654 520
4 106 105 37 83
4 315 132 11 480
4 472 290 134 157
4 37 256 164 136
4 632 39 40 190
4 648 655 656 482
4 168 167 153 394
4 605 40 41 195
4 455 279 174 176
4 162 461 462 161
4 364 166 363 391
4 236 169 16 257
4 122 28 121 613
4 103 104 512 85
4 596 499 10 349
4 616 608 108 199
4 472 455 392 174
4 660 307 311 301
4 184 284 279 149
4 301 660 307 642
4 493 30 560 369
4 146 147 145 438
4 627 636 212 230
4 213 231 222 626
4 415 416 532 688
4 24 133 283 282
4 177 173 135 464
4 105 575 585 245
4 124 188 25 623
4 38 602 105 209
4 153 151 152 463
4 0 54 234 243
4 319 328 486 711
4 456 164 437 457
4 641 299 296 442
4 162 185 461 161
4 606 210 215 192
4 624 606 629 192
4 166 136 164 456
4 53 52 258 233
4 231 69 18 635
4 221 66 21 230
4 149 184 284 146
4 616 108 107 199
4 190 40 632 195
4 134 290 26 157
4 178 266 3 525
4 419 640 113 379
4 118 300 119 527
4 444 404 410 705
4 126 470 23 127
4 441 255 540 709
4 623 125 188 604
4 104 585 577 512
4 104 105 512 84
4 101 666 8 552
4 156 271 143 270
4 242 38 39 84
4 294 125 649 641
4 151 289 152 463
4 534 17 61 236
4 36 37 82 107
4 379 640 113 418
4 10 111 596 349
4 137 164 450 457
4 640 648 113 418
4 569 177 135 464
4 184 277 284 146
4 520 52 51 235
4 51 643 520 235
4 145 166 437 363
4 534 169 236 257
4 511 591 579 590
4 190 602 39 209
4 381 111 578 536
4 158 280 281 282
4 464 395 153 463
4 122 638 407 524
4 154 288 386 150
4 191 630 609 127
4 415 532 254 688
4 166 167 136 391
4 341 10 311 349
4 378 303 115 351
4 584 496 114 580
4 38 37 450 164
4 106 625 603 204
4 211 189 26 618
4 221 636 66 230
4 222 231 18 635
4 245 106 575 451
4 123 26 356 122
4 596 111 578 381
4 312 307 311 131
4 352 139 163 183
4 654 638 537 121
4 580 331 115 587
4 297 651 659 488
4 294 663 296 641
4 537 638 654 420
4 119 647 660 301
4 4 5 80 563
4 116 645 117 302
4 119 499 300 301
4 350 568 117 581
4 643 662 520 235
4 293 294 649 295
4 302 116 645 297
4 293 294 292 124
4 637 190 195 196
4 223 610 604 609
4 284 289 150 147
4 30 31 560 462
4 276 139 31 385
4 153 364 395 394
4 521 60 177 257
4 395 168 153 394
4 603 620 201 204
4 618 206 189 615
4 291 292 286 124
4 164 450 38 137
4 590 598 262 563
4 500 163 32 412
4 470 22 23 127
4 356 406 407 122
4 279 277 284 184
4 279 288 455 174
4 41 102 605 216
4 223 629 610 609
4 195 215 637 196
4 595 593 452 575
4 143 39 242 137
4 256 164 136 456
4 120 28 194 121
4 143 141 270 269
4 517 667 77 665
4 524 656 638 420
4 665 78 260 435
4 153 173 395 464
4 267 141 269 268
4 160 281 461 161
4 214 211 623 619
4 625 628 205 209
4 279 280 159 176
4 29 28 194 120
4 480 658 11 127
4 303 116 115 331
4 467 362 333 703
4 26 27 122 601
4 531 574 108 259
4 165 140 263 454
4 166 437 391 456
4 473 361 344 710
4 126 442 641 377
4 109 108 80 531
4 118 298 117 652
4 78 665 666 435
4 247 667 76 517
4 555 258 654 120
4 363 437 145 438
4 214 628 197 205
4 214 619 611 628
4 114 113 379 496
4 111 110 380 705
4 242 267 143 269
4 122 407 449 524
4 354 331 351 580
4 80 1 4 561
4 442 294 641 377
4 215 629 606 192
4 35 34 80 263
4 87 41 3 102
4 176 159 279 184
4 531 109 590 563
4 586 575 106 451
4 117 116 350 581
4 467 468 362 703
4 417 483 459 713
4 110 240 9 594
4 143 267 40 141
4 438 146 277 272
4 233 52 258 662
4 161 160 281 133
4 256 450 164 456
4 210 606 624 192
4 114 113 496 584
4 290 472 134 285
4 151 153 364 463
4 168 169 140 454
4 163 33 500 525
4 592 591 497 574
4 245 512 105 84
4 271 145 437 438
4 127 22 11 471
4 158 25 134 285
4 429 428 237 707
4 281 383 161 283
4 521 60 59 226
4 522 406 29 555
4 464 153 172 463
4 480 304 658 504
4 22 2 11 471
4 586 574 509 259
4 103 40 39 85
4 38 242 450 84
4 242 39 40 85
4 577 447 585 599
4 72 52 233 662
4 579 262 511 590
4 655 643 654 520
4 236 61 534 257
4 267 41 40 141
4 366 367 347 701
4 53 54 232 522
4 278 281 160 159
4 651 657 659 488
4 520 537 654 420
4 107 37 82 106
4 603 107 106 187
4 530 405 567 698
4 281 160 159 133
4 165 167 168 394
4 137 450 242 457
4 641 296 294 442
4 147 146 284 438
4 305 274 287 708
4 118 119 300 647
4 438 144 146 272
4 218 198 188 604
4 632 612 602 190
4 115 651 116 303
4 352 32 31 549
4 284 150 149 147
4 107 574 586 259
4 603 616 107 187
4 38 37 83 450
4 107 586 451 259
4 35 165 263 453
4 658 307 304 480
4 451 586 509 259
4 544 409 466 702
4 297 659 645 296
4 173 153 172 464
4 115 644 651 303
4 664 74 73 427
4 488 644 657 482
4 620 619 206 205
4 385 139 31 352
4 581 116 350 587
4 480 11 315 528
4 636 608 34 109
4 575 105 106 245
4 537 555 258 654
4 209 205 625 204
4 623 211 618 619
4 238 33 3 525
4 116 331 350 587
4 28 29 406 555
4 147 289 150 151
4 258 537 654 520
4 300 499 119 527
4 354 351 496 580
4 120 654 555 121
4 667 523 74 664
4 59 177 521 226
4 266 238 3 525
4 222 29 194 120
4 472 290 157 372
4 81 36 82 107
4 167 165 491 394
4 124 291 293 123
4 151 147 289 363
4 216 605 41 195
4 385 276 462 162
4 663 294 649 641
4 187 603 201 204
4 601 618 189 615
4 524 650 656 332
4 83 105 38 84
4 496 514 557 576
4 117 116 302 350
4 90 548 255 712
4 654 655 520 420
4 119 583 527 381
4 407 537 638 121
4 34 636 221 193
4 635 120 222 607
4 152 154 386 150
4 659 297 488 295
4 289 151 364 463
4 110 111 670 705
4 575 586 452 451
4 36 165 453 136
4 271 143 144 156
4 297 645 302 298
4 227 7 120 635
4 228 5 636 109
4 173 177 521 464
4 272 171 275 273
4 391 167 136 491
4 171 185 275 276
4 379 113 648 418
4 469 286 24 282
4 303 302 116 331
4 283 161 23 411
4 461 383 462 161
4 10 311 499 660
4 654 537 555 121
4 31 432 385 549
4 121 194 613 28
4 139 32 31 352
4 236 60 61 257
4 412 500 33 525
4 377 126 442 504
4 502 472 392 157
4 24 283 469 282
4 643 51 71 235
4 147 151 166 363
4 552 666 73 664
4 488 657 659 295
4 456 450 164 457
4 588 448 577 599
4 256 36 453 136
4 303 644 651 488
4 296 659 649 295
4 0 29 222 227
4 185 461 462 162
4 653 640 661 244
4 288 284 150 149
4 278 279 280 159
4 108 81 80 531
4 655 654 638 420
4 288 154 174 150
4 245 575 452 451
4 186 20 19 229
4 600 68 67 229
4 275 185 461 276
4 354 331 580 587
4 510 574 590 531
4 80 81 35 263
4 569 521 177 464
4 634 615 220 201
4 110 578 111 536
4 386 289 152 150
4 381 380 111 536
4 22 23 161 411
4 127 126 470 504
4 234 0 29 181
4 117 474 568 350
4 429 389 428 707
4 159 278 279 184
4 106 37 82 83
4 349 111 596 381
4 288 386 392 154
4 228 1 34 221
4 185 160 171 275
4 174 154 392 157
4 610 198 223 604
4 637 612 190 196
4 510 497 591 574
4 461 160 185 275
4 293 124 123 639
4 277 279 278 184
4 656 657 644 482
4 660 499 119 301
4 23 24 133 283
4 271 144 145 438
4 258 522 53 120
4 393 502 154 138
4 667 77 76 517
4 297 659 296 295
4 456 391 136 491
4 648 656 644 482
4 628 625 602 209
4 214 211 188 623
4 363 147 284 438
4 378 648 644 482
4 82 37 36 256
4 406 356 27 122
4 663 659 649 296
4 593 543 452 586
4 380 110 111 536
4 40 242 85 267
4 502 472 157 372
4 256 37 36 136
4 168 169 454 551
4 655 648 418 482
4 319 327 328 711
4 160 461 281 278
4 84 104 39 85
4 500 183 141 270
4 349 596 499 381
4 273 272 171 156
4 119 499 10 596
4 387 415 540 714
4 154 502 157 138
4 620 603 625 204
4 189 211 206 618
4 185 462 461 276
4 557 496 576 584
4 27 26 290 157
4 157 290 27 372
4 301 304 647 642
4 118 300 298 652
4 134 472 455 285
4 636 34 608 193
4 194 222 120 607
4 511 262 510 590
4 269 141 270 268
4 512 445 103 85
4 352 273 139 183
4 166 437 363 391
4 299 641 646 442
4 392 288 154 174
4 299 663 652 641
4 294 292 125 377
4 667 75 523 247
4 656 655 638 420
4 280 281 278 159
4 473 344 337 710
4 560 31 493 385
4 256 83 37 450
4 281 383 461 161
4 662 52 258 520
4 662 643 72 235
4 214 619 628 205
4 143 141 156 270
4 284 289 147 363
4 179 30 462 162
4 641 125 126 377
4 206 615 620 201
4 133 161 23 283
4 448 582 577 447
4 393 392 386 154
4 356 449 123 122
4 284 289 288 150
4 83 106 105 245
4 643 655 244 520
4 289 152 150 151
4 301 647 304 299
4 385 276 139 352
4 146 284 149 147
4 177 59 15 226
4 74 75 523 667
4 183 163 352 500
4 383 161 283 411
4 445 577 447 512
4 148 277 146 272
4 649 294 296 295
4 183 141 163 500
4 659 663 645 296
4 332 639 657 295
4 151 153 167 364
4 179 2 22 411
4 615 206 220 201
4 615 634 620 201
4 182 502 138 175
4 298 645 663 296
4 206 620 205 201
4 206 615 619 620
4 379 648 114 378
4 657 656 650 332
4 27 28 406 122
4 276 185 462 162
4 640 655 418 244
4 293 292 291 124
4 591 511 510 590
4 291 26 356 123
4 654 643 662 520
4 102 86 40 103
4 127 480 658 504
4 387 388 415 714
4 420 524 656 482
4 144 148 146 272
4 657 488 482 332
4 351 114 379 496
4 83 37 82 256
4 656 655 420 482
4 409 478 466 702
4 194 28 202 613
4 583 118 119 527
4 496 497 354 584
4 619 623 214 611
4 628 197 205 209
4 54 55 234 243
4 289 386 288 150
4 419 661 640 244
4 514 379 113 496
4 156 272 271 270
4 2 22 411 471
4 23 24 283 469
4 245 105 83 84
4 454 169 140 257
4 372 157 502 138
4 222 635 607 626
4 212 221 636 193
4 125 292 469 377
4 27 26 189 601
4 596 571 578 583
4 391 364 167 394
4 531 510 574 259
4 173 169 168 551
4 580 354 543 592
4 461 160 275 278
4 363 289 151 364
4 87 9 3 88
4 117 302 298 474
4 311 499 660 301
4 32 139 163 352
4 54 0 29 243
4 27 189 202 601
4 449 293 291 123
4 354 496 584 580
4 380 111 349 381
4 450 83 38 84
4 632 637 612 190
4 218 223 198 604
4 298 297 645 296
4 538 581 481 595
4 227 18 69 635
4 228 66 21 221
4 656 657 482 332
4 301 307 304 642
4 31 385 352 549
4 657 488 332 295
4 559 79 666 435
4 529 30 2 369
4 167 165 136 491
4 502 182 526 175
4 146 277 284 438
4 155 573 170 172
4 488 378 644 482
4 594 110 240 536
4 382 11 2 471
4 584 557 497 591
4 133 24 158 282
4 543 593 592 586
4 662 654 258 120
4 648 114 113 379
4 276 171 139 273
4 31 560 462 385
4 278 160 275 148
4 107 81 108 259
4 539 573 155 172
4 453 165 263 454
4 351 115 114 580
4 146 145 144 438
4 536 594 578 446
4 119 10 499 660
4 557 250 511 576
4 356 449 291 123
4 591 576 511 589
4 635 231 69 626
4 212 221 21 230
4 246 135 172 464
4 152 289 386 463
4 276 275 171 273
4 283 133 281 282
4 629 610 637 196
4 215 223 610 196
4 524 638 537 420
4 636 627 66 230
4 18 213 231 222
4 420 655 418 482
4 655 244 520 420
4 228 636 66 221
4 227 222 18 635
4 629 215 223 610
4 637 215 629 196
4 597 250 514 576
4 84 512 104 85
4 79 78 666 435
4 499 119 527 381
4 641 646 442 126
4 385 462 31 162
4 658 307 132 642
4 39 242 84 85
4 10 311 660 131
4 666 73 8 552
4 644 303 378 488
4 148 171 275 272
4 474 117 302 350
4 482 524 656 332
4 538 447 448 599
4 122 27 28 613
4 127 470 22 471
4 14 13 57 170
4 91 255 441 709
4 284 288 279 149
4 184 278 277 148
4 531 590 262 563
4 280 159 176 158
4 115 303 331 351
4 379 419 640 418
4 35 81 36 453
4 587 354 481 593
4 597 514 112 576
4 499 311 10 349
4 107 82 81 259
4 288 392 455 174
4 279 455 280 176
4 169 16 17 236
4 243 234 29 181
4 142 503 182 175
4 148 171 272 156
4 86 40 41 102
4 121 638 407 122
4 332 293 639 295
4 639 659 657 295
4 576 250 511 589
4 491 391 167 394
4 352 163 32 500
4 183 352 273 500
4 481 581 587 595
4 547 251 440 704
4 607 213 222 626
4 280 158 285 282
4 584 576 557 591
4 636 608 212 193
4 500 32 352 412
4 568 588 117 581
4 543 509 452 586
4 636 608 627 212
4 245 83 106 451
4 12 56 13 142
4 139 185 276 162
4 14 57 246 170
4 537 407 638 524
4 184 159 278 148
4 213 607 222 194
4 524 449 650 332
4 649 294 663 296
4 257 454 169 551
4 154 386 393 155
4 165 453 136 491
4 585 465 447 512
4 6 661 112 556
4 163 178 500 268
4 559 666 8 101
4 478 426 466 702
4 102 9 87 240
4 116 115 331 587
4 611 198 214 197
4 611 628 612 197
4 212 21 20 230
4 68 69 231 626
4 658 132 307 480
4 19 18 213 231
4 67 66 627 230
4 272 271 144 156
4 620 628 619 205
4 619 214 206 205
4 140 180 34 263
4 456 136 256 491
4 315 307 132 480
4 650 123 449 122
4 620 205 201 204
4 615 618 206 619
4 395 364 153 463
4 331 302 116 350
4 26 27 356 122
4 465 585 575 245
4 14 15 135 569
4 182 573 533 170
4 454 165 168 394
4 300 647 301 299
4 593 580 543 592
4 582 448 446 447
4 438 271 144 272
4 646 658 304 504
4 113 112 640 419
4 83 82 106 451
4 297 303 651 488
4 652 299 641 646
4 176 174 455 134
4 47 48 65 250
4 63 45 262 598
4 92 91 441 709
4 453 256 136 491
4 82 36 81 453
4 141 500 270 268
4 155 386 539 152
4 659 639 649 295
4 28 27 372 138
4 585 465 512 245
4 577 582 448 588
4 610 611 198 604
4 612 190 196 197
4 419 113 112 514
4 454 491 165 394
4 135 170 246 172
4 14 57 58 246
4 27 157 372 138
4 2 179 529 411
4 150 174 288 149
4 160 278 159 148
4 581 350 481 587
4 474 118 588 527
4 205 620 625 204
4 618 211 206 619
4 471 382 11 528
4 570 401 541 691
4 648 644 114 378
4 380 110 410 705
4 353 380 404 705
4 382 2 411 471
4 592 509 543 586
4 414 479 255 712
4 1 62 561 180
4 471 127 470 504
4 169 534 140 257
4 454 140 534 257
4 576 511 557 591
4 378 114 379 351
4 290 26 356 291
4 646 442 126 504
4 178 163 141 268
4 250 48 65 597
4 655 418 244 420
4 628 620 625 205
4 214 206 211 619
4 28 29 243 406
4 161 179 22 411
4 537 407 555 121
4 470 23 283 469
4 240 445 102 582
4 533 13 56 142
4 185 171 139 276
4 603 620 634 201
4 206 220 189 615
4 509 452 586 451
4 29 243 406 522
4 615 220 614 634
4 220 634 201 200
4 87 3 41 266
4 652 296 663 299
4 452 481 593 595
4 202 28 27 613
4 243 29 54 522
4 533 57 13 170
4 474 300 118 527
4 275 277 278 148
4 273 183 500 270
4 661 6 572 556
4 646 304 299 442
4 585 447 465 599
4 152 386 539 463
4 172 539 246 464
4 636 66 5 228
4 227 69 7 635
4 155 154 386 152
4 102 86 445 240
4 661 419 572 244
4 377 470 126 504
4 481 350 581 538
4 62 1 17 180
4 55 234 243 181
4 383 179 161 411
4 244 51 643 520
4 222 18 0 227
4 127 11 480 471
4 354 497 543 592
4 266 3 41 178
4 262 510 590 531
4 273 272 156 270
4 580 543 354 593
4 529 2 411 382
4 273 139 276 352
4 445 86 102 103
4 34 1 561 180
4 34 35 140 263
4 299 652 647 646
4 395 168 394 551
4 48 250 556 597
4 228 21 1 221
4 87 86 102 240
4 250 514 556 597
4 521 177 59 569
4 588 582 448 583
4 178 500 268 525
4 582 102 240 594
4 238 550 33 525
4 583 596 571 381
4 610 223 198 196
4 612 637 610 196
4 514 113 112 576
4 170 246 14 135
4 170 182 573 155
4 299 647 304 646
4 596 578 571 381
4 82 107 106 451
4 526 182 503 175
4 86 41 87 102
4 410 240 110 536
4 554 243 175 181
4 418 419 640 244
4 65 47 250 589
4 588 474 527 568
4 33 163 178 525
4 9 87 553 88
4 173 521 395 464
4 82 107 451 259
4 543 481 354 593
4 272 144 148 156
4 165 453 491 454
4 183 273 171 156
4 610 629 215 196
4 142 554 175 181
4 155 393 154 138
4 113 419 379 514
4 156 141 183 270
4 13 56 57 533
4 598 109 5 563
4 2 529 369 382
4 656 638 650 524
4 372 526 28 138
4 586 452 593 575
4 3 87 238 266
4 127 658 646 504
4 165 35 36 453
4 300 118 647 652
4 582 445 577 447
4 572 112 661 556
4 273 171 139 183
4 103 102 445 582
4 152 539 172 463
4 655 653 643 244
4 574 107 108 259
4 185 160 461 161
4 108 109 590 531
4 268 266 178 525
4 599 581 538 595
4 180 561 34 263
4 267 86 41 266
4 538 481 465 595
4 182 533 142 170
4 647 300 652 299
4 555 406 28 121
4 46 63 45 262
4 107 586 106 451
4 527 583 571 381
4 591 497 584 592
4 511 591 589 579
4 180 17 62 534
4 500 178 163 525
4 556 6 48 597
4 117 118 588 474
4 103 86 40 85
4 643 71 51 244
4 65 48 6 597
4 331 354 481 587
4 583 588 118 527
4 179 30 2 529
4 240 102 9 594
4 481 452 465 595
4 356 407 449 122
4 589 545 511 579
4 642 307 132 131
4 511 545 262 579
4 582 240 445 446
4 453 82 36 256
4 55 12 234 181
4 556 514 112 597
4 61 62 17 534
4 153 173 168 395
4 414 255 548 712
4 172 155 539 152
4 594 582 578 446
4 386 539 393 155
4 15 14 58 569
4 153 152 172 463
4 658 11 132 480
4 350 331 481 587
4 577 103 445 582
4 655 640 653 244
4 3 87 88 238
4 160 171 275 148
4 573 533 503 182
4 177 135 15 569
4 41 40 86 267
4 650 639 657 332
4 500 141 163 268
4 412 33 550 525
4 526 503 554 175
4 574 591 510 590
4 62 4 1 561
4 246 57 533 170
4 503 502 182 526
4 531 108 81 259
4 177 15 59 569
4 298 663 645 652
4 534 140 180 169
4 503 142 554 175
4 647 660 301 642
4 574 510 509 259
4 648 378 418 482
4 71 50 51 244
4 263 140 534 454
4 395 521 173 551
4 46 64 63 579
4 595 452 465 575
4 180 140 534 263
4 65 250 597 589
4 471 11 480 528
4 182 393 573 155
4 275 277 148 272
4 471 480 127 504
4 598 5 45 563
4 657 651 644 488
4 652 300 298 299
4 496 557 497 584
4 574 509 592 586
4 138 502 526 175
4 661 6 70 572
4 445 582 446 447
4 85 86 40 267
4 240 594 536 446
4 647 304 646 642
4 652 298 296 299
4 445 86 103 85
4 64 46 545 579
4 86 87 41 266
4 497 509 543 592
4 663 298 296 652
4 448 588 583 527
4 594 240 582 446
4 645 117 298 652
4 569 135 246 464
4 168 140 165 454
4 27 26 356 290
4 119 499 596 381
4 45 63 5 598
4 511 510 497 591
4 543 452 481 593
4 378 379 648 418
4 5 4 45 563
4 582 571 448 583
4 290 356 27 372
4 411 23 283 470
4 81 35 263 453
4 50 71 653 244
4 179 462 30 529
4 12 0 234 181
4 598 262 63 579
4 575 452 465 245
4 395 173 168 551
4 553 87 9 240
4 655 648 640 418
4 568 588 581 599
4 538 568 581 599
4 653 70 50 661
4 381 578 571 536
4 545 47 64 589
4 243 526 554 175
4 71 643 653 244
4 383 462 179 529
4 659 645 651 297
4 47 545 250 589
4 380 410 110 536
4 598 45 262 563
4 474 588 117 568
4 46 47 64 545
4 279 176 184 149
4 578 571 536 446
4 406 555 407 121
4 260 77 78 665
4 572 6 49 556
4 411 22 23 470
4 142 533 13 170
4 175 243 29 181
4 465 585 595 575
4 47 65 64 589
4 183 273 156 270
4 46 63 262 579
4 380 410 404 705
4 173 172 135 464
4 180 62 561 534
4 661 70 50 572
4 573 503 393 182
4 531 80 109 563
4 511 497 557 591
4 112 661 640 419
4 142 12 56 554
4 442 646 304 504
4 233 7 72 662
4 250 557 514 576
4 502 526 372 138
4 571 448 583 527
4 534 561 180 263
4 470 411 22 471
4 448 571 582 446
4 372 356 27 406
4 556 112 6 597
4 527 448 588 568
4 172 539 464 463
4 419 112 661 572
4 646 304 658 642
4 250 545 511 589
4 538 465 447 599
4 578 110 594 536
4 138 526 28 175
4 646 126 127 504
4 258 555 522 120
4 50 71 70 653
4 571 582 578 583
4 177 15 16 226
4 571 578 582 446
4 142 503 533 182
4 549 352 32 412
4 243 526 28 406
4 142 56 533 554
4 481 587 593 595
4 277 184 148 146
4 49 70 6 572
4 76 75 667 247
4 393 539 573 155
4 579 598 262 590
4 576 597 250 589
4 462 560 30 529
4 561 80 34 263
4 48 49 6 556
4 112 419 514 556
4 27 28 372 406
4 572 419 112 556
4 59 15 58 569
4 394 168 454 551
4 64 545 589 579
4 581 350 568 538
4 262 545 46 579
4 529 179 383 411
4 155 182 393 138
4 70 49 50 572
4 28 526 372 406
4 71 72 643 235
4 243 554 55 181
4 554 142 12 181
4 8 79 666 559
4 12 55 56 554
4 12 55 554 181
4 529 560 30 369
4 573 246 533 170
4 533 503 142 554
4 704 443 93 673
4 704 93 443 94
4 701 495 371 347
4 701 371 495 674
4 373 710 360 361
4 360 710 373 675
4 549 687 31 432
4 31 687 549 32
4 695 506 507 685
4 695 507 506 348
4 225 679 32 224
4 225 32 679 687
4 698 413 515 567
4 698 515 413 678
4 708 501 92 239
4 708 92 501 685
4 238 700 550 498
4 705 9 128 110
4 705 128 9 700
4 712 376 679 414
4 712 679 376 694
4 703 370 423 690
4 703 423 370 468
4 389 710 373 361
4 373 710 389 707
4 702 566 518 680
4 702 518 566 408
4 706 313 475 316
4 706 475 313 696
4 709 254 714 441
4 709 714 254 688
4 415 714 254 441
4 415 254 714 688
4 714 490 384 388
4 714 384 490 697
4 33 238 700 550
4 700 238 33 3
4 434 400 677 546
4 434 677 400 374
4 176 285 158 134
4 158 285 176 280
4 281 158 159 280
4 159 158 281 133
4 605 192 629 195
4 629 192 605 624
4 609 210 630 191
4 609 630 210 606
4 618 25 623 124
4 618 623 25 211
4 204 105 209 38
4 204 209 105 625
4 611 188 604 623
4 611 604 188 198
4 612 209 628 602
4 628 209 612 197
4 282 25 285 286
4 282 285 25 158
4 218 125 188 24
4 218 188 125 604
4 632 39 602 104
4 632 602 39 190
4 268 41 178 266
4 268 178 41 141
4 217 130 210 630
4 210 130 217 42
4 199 107 187 36
4 199 187 107 616
4 216 128 3 631
4 216 3 128 44
4 124 286 24 292
4 124 24 286 25
4 462 161 179 162
4 179 161 462 383
4 25 290 291 26
4 291 290 25 286
4 354 592 584 497
4 584 592 354 580
4 200 207 621 219
4 633 621 207 219
4 633 207 621 614
4 613 27 601 122
4 613 601 27 202
4 187 201 634 200
4 634 201 187 603
4 634 621 187 200
4 187 621 634 603
4 601 207 220 189
4 220 207 601 614
4 220 615 601 189
4 601 615 220 614
4 574 497 509 510
4 574 509 497 592
4 172 573 246 539
4 172 246 573 170
4 257 177 551 169
4 257 551 177 521
4 173 551 177 169
4 173 177 551 521
4 410 9 240 553
4 410 240 9 110
4 569 14 246 135
4 569 246 14 58
4 216 102 3 41
4 216 3 102 631
4 217 127 191 22
4 191 127 217 630
4 244 661 50 572
4 244 50 661 653
4 243 28 175 29
4 243 175 28 526
4 599 465 595 538
4 599 595 465 585
4 502 182 393 503
4 502 393 182 138
4 568 599 448 588
4 448 599 568 538
4 220 207 634 200
4 220 634 207 614
4 621 634 207 200
4 621 207 634 614

CELL_TYPES 3714
1
1
1
1
1
1
1
1
1
1
1
1
3
3
3
3
3
3
3
3
3
3
3
3
3
3
3
3
3
3
3
3
3
3
3
3
3
3
3
3
3
3
3
3
3
3
3
3
3
3
3
3
3
3
3
3
3
3
3
3
3
3
3
3
3
3
3
3
3
3
3
3
3
3
3
3
3
3
3
3
3
3
3
3
3
3
3
3
3
3
3
3
3
3
3
3
3
3
3
3
3
3
3
3
3
3
3
3
3
3
3
3
3
3
3
3
3
3
3
3
3
3
3
3
3
3
3
3
3
3
3
3
3
3
3
3
3
3
3
3
3
3
3
3
3
3
3
3
3
3
3
5
5
5
5
5
5
5
5
5
5
5
5
5
5
5
5
5
5
5
5
5
5
5
5
5
5
5
5
5
5
5
5
5
5
5
5
5
5
5
5
5
5
5
5
5
5
5
5
5
5
5
5
5
5
5
5
5
5
5
5
5
5
5
5
5
5
5
5
5
5
5
5
5
5
5
5
5
5
5
5
5
5
5
5
5
5
5
5
5
5
5
5
5
5
5
5
5
5
5
5
5
5
5
5
5
5
5
5
5
5
5
5
5
5
5
5
5
5
5
5
5
5
5
5
5
5
5
5
5
5
5
5
5
5
5
5
5
5
5
5
5
5
5
5
5
5
5
5
5
5
5
5
5
5
5
5
5
5
5
5
5
5
5
5
5
5
5
5
5
5
5
5
5
5
5
5
5
5
5
5
5
5
5
5
5
5
5
5
5
5
5
5
5
5
5
5
5
5
5
5
5
5
5
5
5
5
5
5
5
5
5
5
5
5
5
5
5
5
5
5
5
5
5
5
5
5
5
5
5
5
5
5
5
5
5
5
5
5
5
5
5
5
5
5
5
5
5
5
5
5
5
5
5
5
5
5
5
5
5
5
5
5
5
5
5
5
5
5
5
5
5
5
5
5
5
5
5
5
5
5
5
5
5
5
5
5
5
5
5
5
5
5
5
5
5
5
5
5
5
5
5
5
5
5
5
5
5
5
5
5
5
5
5
5
5
5
5
5
5
5
5
5
5
5
5
5
5
5
5
5
5
5
5
5
5
5
5
5
5
5
5
5
5
5
5
5
5
5
5
5
5
5
5
5
5
5
5
5
5
5
5
5
5
5
5
5
5
5
5
5
5
5
5
5
5
5
5
5
5
5
5
5
5
5
5
5
5
5
5
5
5
5
5
5
5
5
5
5
5
5
5
5
5
5
5
5
5
5
5
5
5
5
5
5
5
5
5
5
5
5
5
5
5
5
5
5
5
5
5
5
5
5
5
5
5
5
5
5
5
5
5
5
5
5
5
5
5
5
5
5
5
5
5
5
5
5
5
5
5
5
5
5
5
5
5
5
5
5
5
5
5
5
5
5
5
5
5
5
5
5
5
5
5
5
5
5
5
5
5
5
5
5
5
5
5
5
5
5
5
5
5
5
5
5
5
5
5
5
5
5
5
5
5
5
5
5
5
5
5
5
5
5
5
5
5
5
5
5
5
5
5
5
5
5
5
5
5
5
5
5
5
5
5
5
5
5
5
5
5
5
5
5
5
5
5
5
5
5
5
5
5
5
5
5
5
5
5
5
5
5
5
5
5
5
5
5
5
5
5
5
5
5
5
5
5
5
5
5
5
5
5
5
5
5
5
5
5
5
5
5
5
5
5
5
5
5
5
5
5
5
5
5
5
5
5
5
5
5
5
5
5
5
5
5
5
5
5
5
5
5
5
5
5
5
5
5
5
5
5
5
5
5
5
5
5
5
5
5
5
5
5
5
5
5
5
5
5
5
5
5
5
5
5
5
5
5
5
5
5
5
5
5
5
5
5
5
5
5
5
5
5
5
5
5
5
5
5
5
5
5
5
5
5
5
5
5
5
5
5
5
5
5
5
5
5
5
5
5
5
5
5
5
5
5
5
5
5
5
5
5
5
5
5
5
5
5
5
5
5
5
5
5
5
5
5
5
5
5
5
5
5
5
5
5
5
5
5
5
5
5
5
5
5
5
5
5
5
5
5
5
5
5
5
5
5
5
5
5
5
5
5
5
5
5
5
5
5
5
5
5
5
5
5
5
5
5
5
5
5
5
5
5
5
5
5
5
5
5
5
5
5
5
5
5
5
5
5
5
5
5
5
5
5
5
5
5
5
5
5
5
5
5
5
5
5
5
5
5
5
5
5
5
5
5
5
5
5
5
5
5
5
5
5
5
5
5
5
5
5
5
5
5
5
5
5
5
5
5
5
5
5
5
5
5
5
5
5
5
5
5
5
5
5
5
5
5
5
5
5
5
5
5
5
5
5
5
5
5
5
5
5
5
5
5
5
5
5
5
5
5
5
5
5
5
5
5
5
5
5
5
5
5
5
5
5
5
5
5
5
5
5
5
5
5
5
5
5
5
5
5
5
5
5
5
5
5
5
5
5
5
5
5
5
5
5
5
5
5
5
5
5
5
5
5
5
5
5
5
5
5
5
5
5
5
5
5
5
5
5
5
5
5
5
5
5
5
5
5
5
5
5
5
5
5
5
5
5
5
5
5
5
5
5
5
5
5
5
5
5
5
5
5
5
5
5
5
5
5
5
5
5
5
5
5
5
5
5
5
5
5
5
5
5
5
5
5
5
5
5
5
5
5
5
5
5
5
5
5
5
5
5
5
5
5
5
5
5
5
5
5
5
5
5
5
5
5
5
5
5
5
5
5
5
5
5
5
5
5
5
5
5
5
5
5
5
5
5
5
5
5
5
5
5
5
5
5
5
5
5
5
5
5
5
5
5
5
5
5
5
5
5
5
5
5
5
5
5
5
5
5
5
5
5
5
5
5
5
5
5
5
5
5
5
5
5
5
5
5
5
5
5
5
5
5
5
5
5
5
5
5
5
5
5
5
5
5
5
5
5
5
5
5
5
5
5
5
5
5
5
5
5
5
5
5
5
5
5
5
5
5
5
5
5
5
5
5
5
5
5
5
5
5
5
5
5
5
5
5
5
5
5
5
5
5
5
5
5
5
5
5
5
5
5
5
5
5
5
5
5
5
5
5
5
5
5
5
5
5
5
5
5
5
5
5
5
5
5
5
5
5
5
5
5
5
5
5
5
5
5
5
5
5
5
5
5
5
5
5
5
5
5
5
5
5
5
5
5
5
5
5
5
5
5
5
5
5
5
5
5
5
5
5
5
5
5
5
5
5
5
5
5
5
5
5
5
5
5
5
5
5
5
5
5
5
5
5
5
5
5
5
5
5
5
5
5
5
5
5
5
5
5
5
5
5
5
5
5
5
5
5
5
5
5
5
5
5
5
5
5
5
5
5
5
5
5
5
5
5
10
10
10
10
10
10
10
10
10
10
10
10
10
10
10
10
10
10
10
10
10
10
10
10
10
10
10
10
10
10
10
10
10
10
10
10
10
10
10
10
10
10
10
10
10
10
10
10
10
10
10
10
10
10
10
10
10
10
10
10
10
10
10
10
10
10
10
10
10
10
10
10
10
10
10
10
10
10
10
10
10
10
10
10
10
10
10
10
10
10
10
10
10
10
10
10
10
10
10
10
10
10
10
10
10
10
10
10
10
10
10
10
10
10
10
10
10
10
10
10
10
10
10
10
10
10
10
10
10
10
10
10
10
10
10
10
10
10
10
10
10
10
10
10
10
10
10
10
10
10
10
10
10
10
10
10
10
10
10
10
10
10
10
10
10
10
10
10
10
10
10
10
10
10
10
10
10
10
10
10
10
10
10
10
10
10
10
10
10
10
10
10
10
10
10
10
10
10
10
10
10
10
10
10
10
10
10
10
10
10
10
10
10
10
10
10
10
10
10
10
10
10
10
10
10
10
10
10
10
10
10
10
10
10
10
10
10
10
10
10
10
10
10
10
10
10
10
10
10
10
10
10
10
10
10
10
10
10
10
10
10
10
10
10
10
10
10
10
10
10
10
10
10
10
10
10
10
10
10
10
10
10
10
10
10
10
10
10
10
10
10
10
10
10
10
10
10
10
10
10
10
10
10
10
10
10
10
10
10
10
10
10
10
10
10
10
10
10
10
10
10
10
10
10
10
10
10
10
10
10
10
10
10
10
10
10
10
10
10
10
10
10
10
10
10
10
10
10
10
10
10
10
10
10
10
10
10
10
10
10
10
10
10
10
10
10
10
10
10
10
10
10
10
10
10
10
10
10
10
10
10
10
10
10
10
10
10
10
10
10
10
10
10
10
10
10
10
10
10
10
10
10
10
10
10
10
10
10
10
10
10
10
10
10
10
10
10
10
10
10
10
10
10
10
10
10
10
10
10
10
10
10
10
10
10
10
10
10
10
10
10
10
10
10
10
10
10
10
10
10
10
10
10
10
10
10
10
10
10
10
10
10
10
10
10
10
10
10
10
10
10
10
10
10
10
10
10
10
10
10
10
10
10
10
10
10
10
10
10
10
10
10
10
10
10
10
10
10
10
10
10
10
10
10
10
10
10
10
10
10
10
10
10
10
10
10
10
10
10
10
10
10
10
10
10
10
10
10
10
10
10
10
10
10
10
10
10
10
10
10
10
10
10
10
10
10
10
10
10
10
10
10
10
10
10
10
10
10
10
10
10
10
10
10
10
10
10
10
10
10
10
10
10
10
10
10
10
10
10
10
10
10
10
10
10
10
10
10
10
10
10
10
10
10
10
10
10
10
10
10
10
10
10
10
10
10
10
10
10
10
10
10
10
10
10
10
10
10
10
10
10
10
10
10
10
10
10
10
10
10
10
10
10
10
10
10
10
10
10
10
10
10
10
10
10
10
10
10
10
10
10
10
10
10
10
10
10
10
10
10
10
10
10
10
10
10
10
10
10
10
10
10
10
10
10
10
10
10
10
10
10
10
10
10
10
10
10
10
10
10
10
10
10
10
10
10
10
10
10
10
10
10
10
10
10
10
10
10
10
10
10
10
10
10
10
10
10
10
10
10
10
10
10
10
10
10
10
10
10
10
10
10
10
10
10
10
10
10
10
10
10
10
10
10
10
10
10
10
10
10
10
10
10
10
10
10
10
10
10
10
10
10
10
10
10
10
10
10
10
10
10
10
10
10
10
10
10
10
10
10
10
10
10
10
10
10
10
10
10
10
10
10
10
10
10
10
10
10
10
10
10
10
10
10
10
10
10
10
10
10
10
10
10
10
10
10
10
10
10
10
10
10
10
10
10
10
10
10
10
10
10
10
10
10
10
10
10
10
10
10
10
10
10
10
10
10
10
10
10
10
10
10
10
10
10
10
10
10
10
10
10
10
10
10
10
10
10
10
10
10
10
10
10
10
10
10
10
10
10
10
10
10
10
10
10
10
10
10
10
10
10
10
10
10
10
10
10
10
10
10
10
10
10
10
10
10
10
10
10
10
10
10
10
10
10
10
10
10
10
10
10
10
10
10
10
10
10
10
10
10
10
10
10
10
10
10
10
10
10
10
10
10
10
10
10
10
10
10
10
10
10
10
10
10
10
10
10
10
10
10
10
10
10
10
10
10
10
10
10
10
10
10
10
10
10
10
10
10
10
10
10
10
10
10
10
10
10
10
10
10
10
10
10
10
10
10
10
10
10
10
10
10
10
10
10
10
10
10
10
10
10
10
10
10
10
10
10
10
10
10
10
10
10
10
10
10
10
10
10
10
10
10
10
10
10
10
10
10
10
10
10
10
10
10
10
10
10
10
10
10
10
10
10
10
10
10
10
10
10
10
10
10
10
10
10
10
10
10
10
10
10
10
10
10
10
10
10
10
10
10
10
10
10
10
10
10
10
10
10
10
10
10
10
10
10
10
10
10
10
10
10
10
10
10
10
10
10
10
10
10
10
10
10
10
10
10
10
10
10
10
10
10
10
10
10
10
10
10
10
10
10
10
10
10
10
10
10
10
10
10
10
10
10
10
10
10
10
10
10
10
10
10
10
10
10
10
10
10
10
10
10
10
10
10
10
10
10
10
10
10
10
10
10
10
10
10
10
10
10
10
10
10
10
10
10
10
10
10
10
10
10
10
10
10
10
10
10
10
10
10
10
10
10
10
10
10
10
10
10
10
10
10
10
10
10
10
10
10
10
10
10
10
10
10
10
10
10
10
10
10
10
10
10
10
10
10
10
10
10
10
10
10
10
10
10
10
10
10
10
10
10
10
10
10
10
10
10
10
10
10
10
10
10
10
10
10
10
10
10
10
10
10
10
10
10
10
10
10
10
10
10
10
10
10
10
10
10
10
10
10
10
10
10
10
10
10
10
10
10
10
10
10
10
10
10
10
10
10
10
10
10
10
10
10
10
10
10
10
10
10
10
10
10
10
10
10
10
10
10
10
10
10
10
10
10
10
10
10
10
10
10
10
10
10
10
10
10
10
10
10
10
10
10
10
10
10
10
10
10
10
10
10
10
10
10
10
10
10
10
10
10
10
10
10
10
10
10
10
10
10
10
10
10
10
10
10
10
10
10
10
10
10
10
10
10
10
10
10
10
10
10
10
10
10
10
10
10
10
10
10
10
10
10
10
10
10
10
10
10
10
10
10
10
10
10
10
10
10
10
10
10
10
10
10
10
10
10
10
10
10
10
10
10
10
10
10
10
10
10
10
10
10
10
10
10
10
10
10
10
10
10
10
10
10
10
10
10
10
10
10
10
10
10
10
10
10
10
10
10
10
10
10
10
10
10
10
10
10
10
10
10
10
10
10
10
10
10
10
10
10
10
10
10
10
10
10
10
10
10
10
10
10
10
10
10
10
10
10
10
10
10
10
10
10
10
10
10
10
10
10
10
10
10
10
10
10
10
10
10
10
10
10
10
10
10
10
10
10
10
10
10
10
10
10
10
10
10
10
10
10
10
10
10
10
10
10
10
10
10
10
10
10
10
10
10
10
10
10
10
10
10
10
10
10
10
10
10
10
10
10
10
10
10
10
10
10
10
10
10
10
10
10
10
10
10
10
10
10
10
10
10
10
10
10
10
10
10
10
10
10
10
10
10
10
10
10
10
10
10
10
10
10
10
10
10
10
10
10
10
10
10
10
10
10
10
10
10
10
10
10
10
10
10
10
10
10
10
10
10
10
10
10
10
10
10
10
10
10
10
10
10
10
10
10
10
10
10
10
10
10
10
10
10
10
10
10
10
10
10
10
10
10
10
10
10
10
10
10
10
10
10
10
10
10
10
10
10
10
10
10
10
10
10
10
10
10
10
10
10
10
10
10
10
10
10
10
10
10
10
10
10
10
10
10
10
10
10
10
10
10
10
10
10
10
10
10
10
10
10
10
10
10
10
10
10
10
10
10
10
10
10
10
10
10
10
10
10
10
10
10
10
10
10
10
10
10
10
10
10
10
10
10
10
10
10
10
10
10
10
10
10
10
10
10
10
10
10
10
10
10
10
10
10
10
10
10
10
10
10
10
10
10
10
10
10
10
10
10
10
10
10
10
10
10
10
10
10
10
10
10
10
10
10
10
10
10
10
10
10
10
10
10
10
10
10
10
10
10
10
10
10
10
10
10
10
10
10
10
10
10
10
10
10
10
10
10
10
10
10
10
10
10
10
10
10
10
10
10
10
10
10
10
10
10
10
10
10
10
10
10
10
10
10
10
10
10
10
10
10
10
10
10
10
10
10
10
10
10
10
10
10
10
10
10
10
10
10
10
10
10
10
10
10
10
10
10
10
10
10
10
10
10
10
10
10
10
10
10
10
10
10
10
10
10
10
10
10
10
10
10
10
10
10
10
10
10
10
10
10
10
10
10
10
10
10
10
10
10
10
10
10
10
10
10
10
10
10
10
10
10
10
10
10
10
10
10
10
10
10
10
10
10
10
10
10
10
10
10
10
10
10
10
10
10
10
10
10
10
10
10
10
10
10
10
10
10
10
10
10
10
10
10
10
10
10
10
10
10
10
10
10
10
10
10
10
10
10
10
10
10
10
10
10
10
10
10
10
10
10
10
10
10
10
10
10
10
10
10
10
10
10
10
10
10
10
10
10
10
10
10
10
10
10
10
10
10
10
10
10
10
10
10
10
10
10
10
10
10
10
10
10
10
10
10
10
10
10
10
10
10
10
10
10
10
10
10
10
10
10
10
10
10
10
10
10
10
10
10
10
10
10
10
10
10
10
10
10
10
10
10
10
10
10
10
10
10
10
10
10
10
10
10
10
10
10
10
10
10
10
10
10
10
10
10
10
10
10
10
10
10
10
10
10
10
10
10
10
10
10
10
10
10
10
10
10
10
10
10
10
10
10
10
10
10
10
10
10
10
10
10
10
10
10
10
10
10
10
10
10
10
10
10
10
10
10
10
10
10
10
10
10
10
10
10
10
10
10
10
10
10
10
10
10
10
10
