# vtk DataFile Version 2.0
whisker_body, Created by Gmsh 4.13.1 
ASCII
DATASET UNSTRUCTURED_GRID
POINTS 742 double
-9.886859966642536 -1.500000000000193 0
9.88685996664254 -1.500000000000187 0
-7.650693286584374 -1.499999999999874 28
7.650693286584374 -1.499999999999873 28
12 0 0
9.886859966642614 1.499999999999935 0
0 10 0
-9.886859966642614 1.499999999999936 0
4.12982931753815 0 100
7.65069328658435 1.499999999999936 28
0 7.796352208910681 28
-7.650693286584353 1.499999999999929 28
-8.748717852015751 -4.8435458030064 0
-6.519202405202561 -7.582875444051627 0
-3.476438231831796 -9.376266699505631 0
3.430248998885766e-14 -10 0
3.476438231831848 -9.376266699505612 0
6.519202405202592 -7.582875444051599 0
8.74871785201576 -4.843545803006382 0
-5.932115979985521 -1.5 0
-1.977371993328505 -1.5 0
1.977371993328511 -1.5 0
5.932115979985525 -1.5 0
-7.931203312905641 -1.5 24.50007976926727
-8.2113729620882 -1.5 21.00013165433879
-8.491235875216802 -1.5 17.50015897028011
-8.770821412808679 -1.5 14.00016402266392
-9.050155311453739 -1.5 10.50014844409077
-9.329260017924636 -1.5 7.000116005255705
-9.608155667661325 -1.5 3.500066102697573
-6.193936023717168 -4.734792952124224 28
-3.454634153883581 -6.989178108204679 28
3.020570525174463e-14 -7.796352208910681 28
3.454634153883636 -6.989178108204652 28
6.19393602371719 -4.734792952124195 28
9.608155667661325 -1.5 3.500066102697573
9.329260017924636 -1.5 7.000116005255705
9.050155311453736 -1.5 10.50014844409081
8.770821412808679 -1.5 14.00016402266392
8.491235875216802 -1.5 17.50015897028011
8.211372962088197 -1.5 21.00013165433884
7.931203312905641 -1.5 24.50007976926727
-3.825346643292187 -1.5 28
0 -1.5 28
3.825346643292187 -1.5 28
11.34980690040761 3.896393630456207 0
9.469686112756717 7.370552552276022 0
6.563377897469113 10.04599773915035 0
2.945825845689581 11.63280319127197 0
-0.9909521456679979 11.95901391608004 0
-4.820345095835646 10.98927991986068 0
-8.127378859508902 8.82868692807757 0
-10.55368501447787 5.71136871644487 0
-11.83633564083267 1.975135083368787 0
-11.83633564083267 -1.975135083368821 0
-10.55368501447786 -5.711368716444897 0
-8.12737885950888 -8.828686928077589 0
-4.820345095835619 -10.9892799198607 0
-0.9909521456679715 -11.95901391608004 0
2.945825845689616 -11.63280319127196 0
6.563377897469155 -10.04599773915032 0
9.469686112756747 -7.370552552275983 0
11.34980690040762 -3.896393630456205 0
8.748717852015853 4.843545803006216 0
6.519202405202677 7.582875444051527 0
3.47643823183188 9.376266699505599 0
5.932115979985569 1.5 0
1.977371993328523 1.5 0
-1.977371993328521 1.5 0
-5.932115979985568 1.5 0
-3.476438231831882 9.376266699505599 0
-6.519202405202678 7.582875444051524 0
-8.748717852015854 4.843545803006212 0
2.574906462902252 3.228830577670782 100
-0.9189734768187546 4.026285874214754 100
-3.720847644852559 1.791865786210781 100
-3.720847644852582 -1.791865786210735 100
-0.9189734768187868 -4.026285874214746 100
2.574906462902235 -3.228830577670795 100
11.69730112759762 0 3.846153846153846
11.39460225519524 0 7.692307692307693
11.09190338279286 0 11.53846153846154
10.78920451039049 0 15.38461538461539
10.48650563798811 0 19.23076923076923
10.18380676558573 0 23.07692307692308
9.881107893183348 0 26.92307692307692
9.578409020780969 0 30.76923076923077
9.27571014837859 0 34.61538461538461
8.973011275976212 0 38.46153846153846
8.670312403573833 0 42.30769230769231
8.367613531171454 0 46.15384615384615
8.064914658769075 0 50
7.762215786366696 0 53.84615384615385
7.459516913964317 0 57.69230769230769
7.156818041561938 0 61.53846153846154
6.85411916915956 0 65.38461538461539
6.551420296757181 0 69.23076923076923
6.248721424354802 0 73.07692307692308
5.946022551952423 0 76.92307692307692
5.643323679550044 0 80.76923076923077
5.340624807147665 0 84.61538461538461
5.037925934745286 0 88.46153846153847
4.735227062342908 0 92.30769230769231
4.432528189940529 0 96.15384615384616
7.931203312905645 1.5 24.50007976926724
8.2113729620882 1.5 21.00013165433879
8.491235875216807 1.5 17.50015897028005
8.770821412808679 1.5 14.00016402266392
9.050155311453739 1.5 10.50014844409077
9.329260017924636 1.5 7.000116005255705
9.608155667661325 1.5 3.500066102697573
6.193936023717145 4.734792952124254 28
3.454634153883573 6.989178108204682 28
0 9.724544026113835 3.5
0 9.449088052227671 7
0 9.173632078341505 10.5
0 8.898176104455342 14
0 8.622720130569176 17.5
0 8.347264156683011 21
0 8.071808182796847 24.5
-9.608155667661325 1.5 3.500066102697573
-9.329260017924636 1.5 7.000116005255705
-9.050155311453739 1.5 10.50014844409077
-8.770821412808679 1.5 14.00016402266392
-8.491235875216802 1.5 17.50015897028011
-8.2113729620882 1.5 21.00013165433879
-7.931203312905645 1.5 24.50007976926724
3.825346643292175 1.5 28
0 1.5 28
-3.825346643292178 1.5 28
-3.454634153883591 6.989178108204674 28
-6.193936023717163 4.734792952124231 28
-7.686828722172939 -4.752834555611304 12.22946486486101
-7.048741869651741 -4.757306557793527 19.00944479521631
7.175328564898286 -4.549329259319912 19.11034075925355
7.70417682117928 -4.718493416391096 12.27042120790245
1.723478280175821 -9.605973867654455 3.057618686932469
-4.955436681322455 -8.407660710667495 3.05761868693257
1.828277848531728 -7.82486838069006 24.95983321139366
8.539595479144843 -4.354905263448999 5.261366332463539
-5.10626200631991 -6.204615490855875 24.95983321139365
-8.596473882538252 -4.247220462042161 5.229323724511424
-1.772815172358803 -7.840562014610128 24.92337542428769
0.1122423225816536 -8.275879043723835 21.89736300166944
3.269338593666868 -7.60671889352563 21.86054419936119
1.920211520996014 -8.296728483381544 18.85551559672172
-1.59623142837254 -8.368476754688036 18.81341702784792
0.2253344898819608 -8.751954991965215 15.82106312894811
-3.243150619058322 -8.141697675614038 15.70662988698956
-1.484380185333391 -8.873759986310741 12.74362298653765
2.036480854445645 -8.759065661992294 12.7990785405631
0.3369940797936062 -9.226491967067751 9.750179828460359
-3.181319365515847 -8.682119388053838 9.572594650059852
3.421653795737099 -8.565466629054031 9.865003467640788
-1.372508959927892 -9.37488917158386 6.67296830289431
-3.104915658901447 -7.677235620284207 21.83775643884487
5.120486716388003 -7.400466760920444 12.71588127894547
5.106262006319948 -6.204615490855841 24.95983321139367
-4.617830975097775 -7.168033974088577 18.7197078966068
-5.997450672829672 -6.395584327970763 15.65760235574494
8.232019865488436 -4.355798192280822 8.724278405357405
6.565523761775826 -6.81498055606546 6.82209516700983
-8.211031772596813 -4.406167937666307 8.658653741932321
-6.572167665608646 -6.809800146315046 6.810881619165158
3.636360947885169 -7.965674196182476 15.80104051440773
6.278530430923406 -6.111827440528096 15.72902344106424
-4.793862470334738 -7.630956161253467 12.55622211596654
4.850062859991565 -7.000773372498122 18.84729350819931
7.206572771307151 -3.944916231473564 22.6722002268749
-7.236490553311976 -3.892415777675061 22.65623998143965
7.253925956515582 -6.514449728329896 3.179811153271774
2.106434427051955 -9.231458055114208 6.750401231809096
-1.831393534533109 -9.579187629408796 3.142452476854897
-7.444181634018859 -6.336374958770504 2.84923659401666
4.529487003916056 -8.511186034487242 4.556480421721487
-6.401481647785089 -6.62239226173622 10.0303509986426
5.978283643316847 -7.024905836751562 9.85519274993932
-3.967781863717154 -8.651470371964681 6.125119232601212
-7.895328796719493 -3.806582580233727 15.69139254383344
6.951865177961751 -3.953749669225904 25.44373040744221
-6.952292068676567 -3.95282794795815 25.44480450185297
8.007039286779477 -3.563888132398941 15.7003161674059
-8.965085948388371 -3.956144140727003 2.551715887594141
8.971574414899349 -3.940029318501711 2.558759554541716
-5.752493270110611 -6.043401482815804 21.04791338515245
4.998364598674346 -8.480494526801225 1.983394111431606
5.652748005893375 -6.113620327390817 21.26435912258004
4.468554522762142 -8.302393184720801 7.260854898014606
-5.933108217991026 -1.5 12.28845182743122
5.560432805139069 -1.5 18.88397673145243
5.955143874564069 -1.5 8.452051959964731
-5.47972703125269 -1.5 19.10223055987063
0.06637956507678489 -1.5 3.344949141855201
-2.128674014691892 -1.5 24.36929397439454
-6.503423260976797 -1.5 5.166655372871134
5.922225583022399 -1.5 4.561133219844011
2.443067018511009 -1.5 6.345528595050297
2.922875122296777 -1.5 10.32120076002618
-0.2302958945344287 -1.5 8.796043302998527
0.09685020670747235 -1.5 12.36182164140602
3.090012338518044 -1.5 13.85143687492722
0.2185774452003599 -1.5 15.70913701934965
-2.800095242949704 -1.5 14.04452817276943
2.052940016584586 -1.5 24.22709729218933
-0.06829900316593651 -1.5 21.50705887271562
-6.142170377739248 -1.5 8.711599781372286
-3.299554051857848 -1.5 7.106729690161675
5.231550954762156 -1.5 22.30827053794852
-5.283078541083201 -1.5 22.48126530991968
5.965379168735414 -1.5 12.11087558227865
-3.587267034316632 -1.5 3.207721747703979
-3.05139559639413 -1.5 10.55152906935653
-5.652931280025927 -1.5 15.75142316672762
-2.655711204593853 -1.5 17.368973379994
5.918968724618356 -1.5 15.54355644858261
2.959888084400621 -1.5 17.03196018163031
2.63081485561724 -1.5 20.42927186615351
-2.779934525695374 -1.5 20.49957681860647
-5.363799159711449 -1.5 25.4701278107163
5.33834684282578 -1.5 25.40708951988103
3.080442170931256 -1.5 2.829197357808952
0.04837627598296201 -1.5 18.61726758098486
-0.9215340794242213 -1.5 5.760194495553936
-7.144175008504563 -1.5 2.407465434773934
1.086044773458637 -4.648176104455336 28
-1.990210066336375 -4.230855754696329 28
3.644452129845286 -4.428371304201303 28
-7.909487973314067 -4.907185768843192e-14 0
-10.25639961849221 -3.507512400705078 0
-10.25639961849225 3.507512400704967 0
-8.487246032801327 6.741619222895044 0
-8.487246032801263 -6.741619222895128 0
7.909487973314082 -7.885165086143733e-14 0
1.776356839400251e-15 0 0
3.954743986657032 0 0
-3.954743986657029 -1.110223024625157e-16 0
5.873563766464052 -3.232224655892819 67.28977499250952
4.481712651254909 -3.177432529221948 82.66912391067751
8.838320800436971 -3.280666171817381 32.68608574070607
7.554268963987093 3.231101375388721 48.07692307692309
9.181817935895939 3.23003139853843 28.80000905174118
6.869378104247244 -3.287719480846849 55.70900766071961
7.867941861712451 -3.276727156126993 44.17953275857112
9.798498096784749 -3.297515537212519 21.111610245
-11.1657903760237 -3.616930427408046 3.341790608973243
-6.713239270206378 9.645620444208966 3.153262660782645
4.376157437413393 2.818438862274933 86.33582152562722
10.13981473400592 3.228462306601805 17.26299737139007
-2.518136117665676 -11.43307054852751 3.72169009458731
3.752172511923079 -3.141425038482989 90.29533585463945
4.79811431138024 10.69577319231262 3.52355531022866
5.149402534326526 -3.272637249393243 74.94942415788415
8.191770008330739 3.286667241674997 40.32301464221243
4.897601154316932 3.11373742482956 78.73263413517154
5.52986613998835 3.235631427417044 71.06671410552613
6.213887481933059 3.245444915275249 63.39923967603453
6.995739867096134 2.99948778998679 55.75920046506192
10.4335831550334 -3.302239113208106 13.42163899493247
-2.723844371020274 3.415592807225254 96.96476903409871
7.945113376504919 -8.63069383398738 3.419408766471524
-11.09527489538305 3.809012682760117 3.419408766471708
10.77562275141164 3.216246898016816 9.588515283028604
-2.633579180006027 -3.523592931555294 96.57950772588465
9.935226484425232 6.234911832567003 3.436118109269079
11.06555625010633 -3.306234306777092 5.731422828049544
3.374681076347565 3.1132268918116 94.13560339841358
4.812366599042043 -3.224042144942172 78.873476585039
6.195068113102339 -3.26720803300037 63.48246542003737
6.522641944107701 -3.298998453792851 59.59892398279454
7.879344283728515 3.250741259105456 44.17212733116521
0.8839995536723747 4.277270915254395 96.9780051014545
-0.6087510069504397 4.572291850264672 93.86533233342223
-3.967763370978763 2.380981615854184 93.67860409287384
-2.514787536491404 4.16790822991209 90.62301262457657
2.066990261246719 -5.261510892665558 80.64680223727419
-4.80108364624302 0.9237778919459773 90.35193927379757
-4.148411874349152 3.013742045850459 87.3225173675719
-5.124635680411549 -0.5869825869384447 86.93403556407078
-5.122782828649765 1.689962471480975 83.93290014234525
-4.102942731135807 -2.73176048741506 89.84349415526822
-3.450955103805575 -3.897373372224187 86.33062376829567
-2.749581690125994 4.616421910315226 84.20115536910222
-4.250413780804886 3.703850031937411 80.83971605503233
-5.662420831680111 0.1966082333486384 80.48322173876019
-5.375381797001242 2.447836594630518 77.42537557844391
3.812537905289616 -5.706104485838225 65.27704606376504
4.599124468079863 -5.897081752692706 57.45148120297365
5.012582181100913 -5.951347032463563 53.60702820513303
-5.792725851936313 -1.320368238167501 76.98308328728535
-6.097558140013832 1.001434411147309 73.95968687944386
-5.576404695974744 -2.755619968878821 73.44050416384161
-6.434678987631139 -0.5117031387743215 70.45599504599815
1.866011173784356 -7.422114365427838 55.23273440165571
6.206963665807508 6.076425012455441 42.10635631986352
2.34933884033256 -7.599056025841686 51.41015943067822
6.586950354737561 6.115913930651129 38.2653109498273
-5.217995146303775 -3.8796357175828 69.85574072248086
-6.430603242787645 -1.996604071655376 66.91811071418103
-1.198618119634415 -7.74334443339539 52.91417220012781
-0.7184470908275126 -8.103877072224591 49.10107475974507
-1.691303905958023 -7.344041763758416 56.71698902177695
-6.446021055353896 1.810465342034865 67.400772821131
-6.963644857210911 0.3179370843741539 63.900786198686
-4.507274597441638 -6.276993639667925 54.28568353797854
-5.027323647993964 -4.565677342815891 66.18501919658796
-5.718843775429927 3.933382560482593 64.2814297887372
-6.727446136432748 2.603316446623901 60.81718700781244
-4.595354370977821 5.551037143687374 60.90926156774842
-5.791866873345177 4.707256752835089 57.641565194443
-2.738908155885913 6.359465291061377 64.49427232848898
-4.325427677657929 4.376226859456523 74.29186045009789
-2.658321834712739 6.963566203321625 57.7659752018727
-4.459231579748779 6.292405049040063 54.48077603239729
3.693961838868039 8.049660413438618 39.93851530093913
4.134491260051017 8.172261153940788 36.10346813727557
3.247859820302117 7.91464353766347 43.77127814781241
0.2312441233784443 8.73048763463 41.50418785767474
-0.2493164453993333 8.429350036740725 45.32257143935303
-3.264880595604335 7.977005283294758 42.95606823521809
-2.818179978613177 8.46167247646763 39.15246223046774
-5.890878241671989 6.55354165952455 40.50737295485371
-5.55118836513258 7.223775322297431 36.71638336551474
-7.866609030679623 4.394854844822967 37.97872909730926
-7.705897422843736 5.221438767845654 34.20140799407528
-7.965336507755377 3.534647958927964 41.74783105555312
-8.880768722107426 0.8435634506063195 39.12567221414058
-8.628785134572063 -0.1991780394900613 42.80614101704665
-8.347572205608595 -2.912240226352715 40.13902733229308
-6.930532459783058 3.433020925039916 54.20207624276086
-8.919523495493118 -1.961653542592084 36.43265755619994
-7.326578552305422 -5.32754234623931 37.37176758750493
-8.172519359014936 -4.540807592218927 33.68061157766353
-5.659134990378325 -7.357778934610122 34.5305394567448
-6.730664184171713 -6.805052355603788 30.85903225938904
-4.918406425079151 -7.527994897172994 38.21647343156529
-3.551024175726478 -8.822879111542557 31.62985336031595
-4.829175198930227 -8.524880376851666 27.98313843778583
-7.748040324651958 -6.10033189184644 27.17415423917365
-6.027504023170842 -8.087293796721353 24.31480706998799
-8.623199990797044 -5.36011555881048 23.46397513297297
-7.138899111712679 -7.53070618676978 20.62628012382855
-9.42617967014588 -4.50216298320929 19.7433629728719
-10.04935583621382 -1.908130315312705 22.50388541425145
-10.48481300233317 -0.9103402213549732 18.75106999194185
-10.14357178680225 1.858088495557018 21.44363940426504
-10.21907240221264 2.854711752244256 17.65760084213637
-8.899670355618612 5.389974593159367 20.27132187034025
-5.176839681805609 7.857607428709469 32.91341584416823
-8.139800604467236 -6.896618956328485 16.91663548417966
-5.173413195955926 -9.257224414716323 17.72852063029842
-2.565594180261729 -9.69494386394323 25.04813015034415
-8.695273324501105 6.243754239959885 16.45737183541965
-6.520067747753981 8.237306400044123 18.99004591478841
-6.151563004446524 8.885703176354554 15.15485789999356
-3.355221118593188 10.07006290612709 17.60680163802443
-2.881539707633345 10.52987584240837 13.76043137224239
-3.790569381182275 9.589624130126793 21.45302507227902
-0.2765327732168132 10.4229335568711 19.9919262353477
-0.7585753938063373 10.09531832196997 23.83965605760514
-0.8577277315722565 7.655549188918071 54.59285357288078
-10.82074949293265 0.07409197709634419 14.98057533735194
-6.383939222388364 -8.828654416877633 14.04105959115822
-2.903028371148273 -10.44084868695986 14.77829746420948
2.788265065142721 9.858660652264522 22.29468460998806
2.334753359997067 9.664080111774325 26.14799313095878
-7.493001686535445 6.011664166065715 30.4120774591608
3.265155033046601 10.03037456107683 18.44377952416035
-8.462714208879598 7.0295910373792 12.68733040401436
-7.69414771294934 -3.725506011273295 43.8536435114861
-6.017460139625747 5.243890107063108 51.05680514361279
-7.767712421567986 1.932287453273203 50.7683785111529
1.101556762283952 7.348247957813804 58.06284500659867
-4.861568272795789 -5.618944565786616 58.06523160767606
-1.51901687630193 -10.43966876399617 18.42905766219885
0.9357131177275069 -10.74648034857855 15.41084185685252
2.523153380506127 -10.19947868482952 18.97119844497594
-0.3359644054636738 -11.07077264347975 11.74219487829984
3.434506535531813 -10.47989833926506 12.34621390212773
1.975563701868275 -11.13753074260023 8.749676229934552
-4.630002429305735 -3.353222420848561 79.83649146589214
-3.22695078443888 -5.385708674616216 72.69904921396734
-9.120347793851272 2.70128461211324 31.61334566411546
5.609172467529446 8.36319626618519 24.52236471624617
2.800899683272091 -7.765636841217105 47.58078904853826
-0.204326355381253 -8.432480975017448 45.2981775026155
-9.085609357883767 -6.132613982927917 13.19378851952879
-7.511834227551703 -8.289590408352 10.33241970483414
-2.202962497408794 -6.895300020925434 60.4985542339714
3.435669499319663 -5.589876939302518 69.10534083807377
5.725724803185765 -9.707619926220127 9.270507294731765
2.825109400983114 7.758503796297358 47.5611899689677
5.098853539889244 8.329643047295143 28.3814299218997
1.808052141520714 9.468540628774155 29.99144488219785
-4.721381777381734 8.487126858822929 29.07191143231945
3.279833666652764 -7.90260478622696 43.75769258192631
6.956083056205363 6.158439293986045 34.42740991730672
-9.13423143514604 3.576411086229081 27.83384176123986
-6.93700178206935 -3.171584028520655 55.55606218971751
-6.645526311416525 -4.318184756620701 51.77448591293535
-9.843519344604095 -5.451518375537797 9.500615377115023
-8.555261135392488 -7.655235087596595 6.604615880676276
6.759061714443298 -8.668337423812677 12.80731977543796
-9.720958759091037 -0.06513313066210538 28.95519208216994
8.56755222359768 -7.277070969885943 9.644782549891797
-3.661011436712729 -7.475009841388848 46.7157931501187
-7.054854985621883 4.272006383564574 47.68021725313226
-1.141473390652306 5.514291925759736 80.92331789836042
0.5050933306326838 -8.715201717303765 41.55150163634719
3.777757867739801 -8.012275294986789 39.92013696540695
1.236551243152149 -8.957470841189759 37.57962867269742
4.301458955095674 -8.090688316557294 36.04665864030962
6.625052585257434 -6.074652819609921 38.26502083893802
-0.953570453658671 8.105165258958369 48.77827963765056
-7.169432679535329 -0.9531944489997318 60.57657778694946
2.408956305467424 7.32621582252684 54.48291687676665
1.536813300763055 -9.203577916954487 33.91280556707011
4.734981743386286 -8.192964310530382 32.23809372354393
1.899770933032091 -9.450509965227674 29.99213425199284
5.096627825735228 -8.327573104334254 28.41862629833087
-8.228239114518004 -1.372490785607699 46.48029773575507
1.979888415474268 -4.986428075485938 84.304249690604
-5.203240972821671 -10.16867136383249 7.336672090745447
1.689021609192513 -9.811611851096179 25.9723853488332
5.532538163622411 -8.409485807253724 24.57122865525498
7.767463330678484 -6.132270595063618 26.72909564910416
4.166273123667124 -10.77332714018607 5.706841325756034
0.7651535221986568 -6.692218005986077 66.887776502379
-1.714684285248882 -4.682169777183954 89.11793074351316
-5.291129393820539 -4.799829710425084 61.70339381452349
-2.310489625791758 -4.106458645292604 92.60494920429589
1.25490926388507 4.690446686513215 90.78051716507835
-6.896308222585875 -4.543241875089891 47.54234857058265
-0.9811831879436982 5.012003014675975 87.58207086269074
-4.373797870819125 0.05949301263183673 96.89494471490113
2.425769257960733 -5.437810937582964 76.81741565136404
-2.284768145532497 -4.998621277873863 82.64073465630742
4.211177610020674 -5.809809875253531 61.30098965927812
0.8901156941663316 -6.973079531847764 63.154135604984
9.148539001936843 -3.309353382876334 28.85961457651511
-6.395861062135172 -9.811115048162394 3.6626019471354
-1.688011349918193 -11.30163491481239 7.280652497736951
2.974324575994636 -5.503453469465835 72.98741475222673
-1.338037975996733 -5.658754210727359 78.590476748873
2.767451965606174 -3.656060944166346 94.21187059484977
0.8502221189687292 -4.28245174500155 96.99870917382096
4.151595880050725 -3.10881660211555 86.57286023530499
-5.035547155150557 6.50009781665422 47.99884696227014
-1.83676536068367 9.342310700755364 31.4966562390371
-1.277279605192092 9.738680573587951 27.6730411601659
4.571886868603894 3.055732086504722 82.60228935906667
1.62348279022263 5.114871894269904 84.28863516157752
-4.283979796335961 9.047725400409536 25.27664135998259
-7.20261330083579 6.808918192509918 26.53615667995099
-0.1068970590506898 -10.26372324966427 22.05441491729707
5.188173153497538 3.21407996495389 74.92761314965497
2.958422553484909 5.528945006805444 72.79784277826795
3.390221004719081 5.629988057441091 68.970072011301
-0.08830622351713914 6.447849910280511 70.5390727241674
2.908963270465764 5.221705045884485 76.52549387646251
-1.08203430820874 6.052783740704244 74.34732233265241
5.991036744538128 8.464825567743267 20.70566550101269
6.45940881880493 8.496799670085235 16.85718251993224
3.772514147400049 10.17445797735023 14.59518036628739
6.864004748286274 8.566390348005028 12.99666730358788
4.246857057704161 10.31404401589448 10.74740851070374
7.267688187756516 8.615541528500929 9.256393960565296
8.203449161069003 6.070580533651302 22.80359028428789
4.793843998890829 -9.619688031121431 15.90826639152638
7.540679425044661 -7.62355003330588 16.22722625586213
5.86711584685049 3.253465659741669 67.23098553749504
6.551922449441563 3.247470356008771 59.55938315504534
4.26798467539927 5.778807560406723 61.19268051115967
3.829188886643246 5.711735688917967 65.09990749711463
0.7944117886820685 6.710604662270475 66.61274956186038
0.9903658371107854 6.979134766734393 62.90774767392619
7.32023539987649 3.029588158042562 51.81095759453838
7.541270426403965 -3.271842904183838 48.02379992311081
7.198084759945645 -3.29814331961003 51.87037889302751
5.527719161187908 -3.226610736457857 71.14809989104356
8.186451039094585 -3.290738755287423 40.36645087052852
-4.134153683872047 -6.878153840860334 50.50747895616387
-9.372690102238158 -0.9960605645360863 32.71252436816956
8.518135428693823 3.282047879207629 36.48520071658915
7.018696017757249 -6.087471254120785 34.42335212931561
-2.344713523394479 8.915345801872624 35.34208103182198
9.503102071825319 3.227234053945235 24.95328159633656
-3.887741360281091 -9.55527135813171 21.39854969506453
-5.08132322380627 -1.928940850931788 83.41455844757306
5.41390522544453 -6.002118887338323 49.76948719411796
-9.045815621788293 1.761538561813422 35.37742266972374
10.12157530385624 -3.270620973924703 17.32006265605408
10.46065465835948 3.21603932806899 13.41945377908718
0.7636879293064867 9.001587165377034 37.68756335531497
-4.160435640694256 -10.31951630668066 11.09736285013905
10.11188110122532 -4.917704183286351 9.602264608836794
-5.642520936754487 3.068114929614457 70.86602243498113
-3.306917906935155 -8.002077515563995 42.45827593854092
0.7716906965331053 11.00765467427823 12.26566567729993
1.312521528112349 11.26220637280288 8.406038107006125
-2.310264950516846 10.98397422148469 9.856144516492819
-0.9460130799269171 11.48514669453351 6.047624576501078
-5.236628781420055 10.16266590793551 7.210769464696889
-8.355311950115114 7.904598807676805 6.328841003640677
-5.753039639262859 9.503690654253152 11.31681343301676
0.2221375502022995 10.72921411095089 16.11765004482004
-10.09778528524232 -3.652405018627818 16.03482445656742
-10.23151459178637 3.783288937646167 13.86777777868717
-11.07030980407017 1.041389985703033 11.19182875397131
-4.808435465071741 4.621828065835932 67.73031380931104
-6.729014747899494 -5.622784064871571 41.05376263177314
-7.40966407228065 1.035132950659693 57.41147488706399
-8.889443365134229 -3.724159619551729 30.01171004011113
-3.13576137718344 4.980957249303334 77.68796085027978
5.430939506508762 5.98105445735627 49.82269955395099
5.84555979416416 6.004026667471118 46.00062673060513
-10.68405965701854 -2.76843308908664 12.23723588710871
1.22313310206693 9.256288584663618 33.83977772725194
-9.53129435993905 -2.801334459292299 26.24546098779333
-9.978490965758221 0.8731188770113123 25.20126894449653
8.83900499564381 3.287876266123014 32.64602679245239
5.829625646116819 -6.02570203066276 45.94399643180818
-9.042505344759366 4.501191926871984 24.13069880262258
1.362487105949007 -7.225378519361925 59.04931321106267
4.593715279143314 8.266463108482473 32.31068058962718
6.101625196311021 -8.499140978603695 19.53498754127773
8.519795902544343 -3.272859274442114 36.50743138248593
6.22357497449388 -6.059294759959071 42.10738060620009
-2.500755275765139 -8.894813208288125 35.0733337615888
-3.987477995067187 -4.475185714158163 76.31427972733331
7.347764743804756 6.162403976555622 30.62409354700902
9.487240943227986 -3.271172276970405 24.96320768365036
8.14014554473664 -6.142521328586325 22.90073390315331
-11.18934811486874 -1.78405784517934 8.504480862792411
-11.34248684723381 1.533865244059939 7.042659643451112
-10.08090016852759 4.899263756058249 10.05874010459623
7.349778405736445 -6.159221465208288 30.63046536423859
7.845438738298856 8.737716073745814 3.265201290698713
-11.73666604211394 0.04718123912198847 3.344770207887467
-6.880982398563415 7.535966779201058 22.80969873281601
1.234699501508766 11.67032665596749 3.361307139960131
0.7775159941704498 -11.71121839934428 3.341732647624339
-7.761129940325595 -0.3217486286632141 53.77524606569127
7.776058764692979 6.123658279727806 26.71108899225543
4.507113789199277 5.955822947322406 57.57186410963119
8.478231766890701 6.19147422099198 19.08062684096827
-6.017098616886324 5.987943429856538 44.61311537497397
9.841834364371508 3.164951802853413 21.11502088322771
8.874220334098817 6.163259243809498 15.1900732533216
-4.522928016685367 -1.116538227789206 93.27999296042566
0.1899684698455322 -6.427080344406011 70.77499327652333
9.254298998606862 6.130378170700033 11.4278082387475
4.877556397471827 10.34869804224512 7.108528844721677
10.22813237147876 -5.778600291799357 3.206609444451877
11.08750541272171 3.153571137340417 6.006695905809782
9.62147456200027 6.125814461045515 7.546628087160627
2.602763508061666 7.544673050476006 51.0661506109393
-9.450810018537974 -6.98064893410527 3.184786357756781
-1.738245447402566 -9.601645206001198 28.49087637421038
-9.284974228487995 7.226785522004678 2.974105359916647
8.503635231431277 -6.097814998458789 19.51681310357199
-0.5177935407150281 -6.062343411939362 75.16462171574942
-3.146242101865075 7.300705395217425 51.46281539576675
2.881494568876632 -9.834721320227656 22.25925567580902
9.227391890521528 -6.882090690661189 6.210678114063843
2.450529738704667 5.107444261733613 80.49508785546136
-2.425760742850553 -6.534191123688628 63.91305858833477
-5.756135075394901 -6.267930954012785 44.34469226678655
0.675787463642481 -4.726761959406258 91.80453479411077
-3.387540275224223 11.24607670722664 3.237569428901639
-10.16453465215342 5.353199424387492 6.505375098526218
-3.176927501384569 5.538981256944516 71.3404077920088
-8.095133877761961 2.476117653250981 44.91183609210517
-7.940178085511497 -1.139518021964767 50.55126559441243
8.892964170446474 -6.457167706325339 12.83342487444749
-2.587743578199011 -6.044556655072946 68.92878666453429
5.377318262089517 5.624148012889068 53.60532916278943
-1.904238157405352 6.952890691720766 60.87619278178034
4.136490153060944 2.610269484400888 90.32558230896208
-8.224822456980531 7.676206881031294 9.524369828619307
-6.54752520706339 -2.402011469671706 63.85858888365182
-10.34758847279892 -5.027511965251613 6.298716805018322
1.576871404464845 -4.839456285904439 87.80142174536869
4.74088023310448 -10.80811828039617 2.513588040159329
6.903999453853563 -9.182498875813993 6.500406137581299
3.150491641629034 -2.99878010852642 97.2086302191444
-1.901582471330819 -8.715475407784728 39.12860989847725
3.407052942739645 2.703714494624518 97.20891928206666
11.44288147924984 -2.793102482646737 2.810165575525718
11.37548618731505 3.030953188959276 2.892492652108917
-0.1639798221050647 5.855491294854493 78.04421683436269
-0.8183929021767927 -5.16345271735792 86.04760099369275
-0.7178031234106117 -9.475236916979568 31.73518396224038
7.55088640616417 8.692113662169318 6.177130474846702
-6.625216433102091 -3.293836487499938 58.46326531655382
-11.41187659164708 -1.849918167358078 5.580000234912525
-2.17010779515334 6.269626255526614 68.1741925722839
2.225673043544537 4.563577893605502 87.96013190611274
-0.05469789955032378 -4.565507725670101 94.46001779304729
-8.101286283077863 1.470052407807451 47.85686204833237
2.507952300141112 11.26619981471895 5.819816612068124
9.297997225248739 -5.445612661716881 15.56107693728158
-2.923454371309332 7.875471391745818 45.73505006114886
-0.4484470749861242 7.914173458201476 51.75404108188532
0.8942540844399332 -11.47698124075508 6.203583321230307
8.22397645726449 4.376144010049557 8.693383740370821
7.605104008553219 4.361269245114348 15.66820889510349
7.041947074375233 4.235088725456793 22.65059674230461
3.225072102094553 9.01554286945694 5.399819660249351
3.244284937655351 8.441042001854832 12.15932800372992
2.896281121631553 7.982279627800839 19.16756411710906
7.569220907142832 6.160519960780086 3.057618686932529
7.914900491133314 4.372056328494056 12.17060328574657
5.85593988941461 7.086096853543657 10.25836366581974
6.312270800587187 7.073759954420147 6.5988882692285
3.368462889303272 8.686134472105852 8.685848805125138
5.781405277177187 6.777446865065217 13.87091862565909
3.034728041521288 8.224381498044632 15.67418838216018
2.871203923806917 7.696302528785383 22.6877991491938
7.374850519668278 4.213495692849561 19.14008438989263
5.132306353233683 6.173339547573681 25.0551276621752
5.565026382031985 6.607682018326273 17.2941306071192
5.117656983806019 8.32747273521943 2.867611879177143
8.581141374845991 4.233544221700202 5.480940160621323
5.359948514588303 6.42343701362894 20.76221560690749
6.951393716125484 3.954767377833257 25.44254383726477
2.566259767552411 7.573571029463554 25.45636073647972
2.530431073385601 9.465403077885206 2.569160877160796
8.950260650070771 3.985399388749014 2.573286753244416
5.933108217990986 1.5 12.28845182743122
-5.560027303682588 1.5 18.88440097358311
-5.955143874564101 1.5 8.452051959964724
5.479514261117349 1.5 19.10265730078999
-0.06637956507678311 1.5 3.344949141855223
-2.089709932230846 1.5 24.27819563318259
6.503423260976799 1.5 5.166655372871135
-5.922225583022412 1.5 4.561133219844011
-2.443067018511035 1.5 6.345528595050306
-2.922875122296846 1.5 10.32120076002617
0.230295894534347 1.5 8.796043302998552
-0.09685020670756472 1.5 12.36182164140602
-3.090012338518129 1.5 13.8514368749272
-0.2185389866312306 1.5 15.70907231471354
2.800101652711163 1.5 14.04451738866342
2.036319695554182 1.5 24.42704943088825
0.04277004419090247 1.5 21.52974210808445
6.142170377739237 1.5 8.711599781372293
3.299554051857827 1.5 7.106729690161693
5.267437922735724 1.5 22.49138908374121
-5.237206189003945 1.5 22.31728187726654
-5.965379168735453 1.5 12.11087558227864
3.587267034316637 1.5 3.207721747703987
3.051396664687665 1.5 10.55152727200553
5.652896886630254 1.5 15.75149249286318
2.655573601733022 1.5 17.36926355914709
-5.918934243202024 1.5 15.54359252359372
-2.959503024619407 1.5 17.03224560381441
-2.641954938224545 1.5 20.44309837632878
2.77865790488355 1.5 20.50213726412268
5.167559399865412 1.5 25.41627908304036
-5.34683187280339 1.5 25.41911145594327
-3.080442170931262 1.5 2.829197357808958
-0.04805322400138934 1.5 18.61672406204161
0.9215340794242 1.5 5.760194495553951
7.144175008504569 1.5 2.407465434773945
-8.223976457264465 4.376144010049511 8.693383740371392
-7.60510400855315 4.361269245114461 15.66820889510353
-7.041957851452755 4.235068449565948 22.65061217142554
-3.225320400887843 9.015888946343745 5.39461661980972
-3.242935363849229 8.441976115521834 12.15439931301906
-2.991587735390634 7.943702001838837 19.20739954195452
-7.569220907142834 6.160519960780083 3.057618686932527
-7.914900491133304 4.372056328494067 12.17060328574661
-5.865994381786717 7.07819313146908 10.25428103256596
-6.307144902398727 7.078356896895654 6.598639907863554
-3.375426055293783 8.685880663036215 8.656836648138704
-5.781960591211408 6.777003749292906 13.87062258567855
-3.081346926449034 8.203537666777111 15.71571920009587
-2.98887030500967 7.649750197229653 22.70702845307427
-7.374851625515259 4.213493508081358 19.14008596073556
-5.143758838867496 6.163166294951801 25.06131301260063
-5.600091030797581 6.577897138651401 17.29503513493512
-5.117656983806003 8.327472735219441 2.867611879177151
-8.581141374846043 4.233544221699137 5.480940160626723
-5.359948514581937 6.423437013632658 20.76221560692303
-6.951393716131 3.954767377821972 25.44254383727474
-2.565729312238926 7.573703439581862 25.4569300939494
-2.547193228316142 9.461458809534482 2.562379028770094
-8.967717525597276 3.9512197592887 2.546365539543248
-6.661338147750939e-15 5.900042359436546e-15 100
1.086044773458606 4.648176104455339 28
-1.990210066336377 4.230855754696314 28
3.644452129845251 4.428371304201341 28
0.003624684837478576 1.911002266208328e-05 37.23080249654045
0.001757971492221344 0.0001822246562490637 47.13330008975056
0.05432942166840626 -0.008354006745571851 56.04455481200358
0.0006428625151730927 0.003137446080785811 63.13504159692353
0.002956742050770345 0.001431934375685451 69.64394874918312
0.05598667214977926 -0.02103357996047883 77.43412798602102
2.317312436095069 -3.259265713135133 33.31133104006307
2.303538213624984 3.258427386615815 33.3054825191368
2.729058310383321 -1.401494040515219 42.18258832596847
-2.994447931513482 -0.9795999566767892 42.02792114497226
-3.073151469568157 -2.793788881590706 33.20060974828097
-0.160227545125863 3.536073380943694 42.996567642107
-3.066098348139179 2.614601076573898 33.23768197800534
0.003245524026145752 0.04810908698782224 82.9119570819403
-0.02561776209041722 0.08903857575638074 88.76686126006
2.978119584716908 -0.08609974396226565 51.53464892743794
-1.735023232834805 2.239090316277965 51.55955425277334
4.75720552246375 0.3183197070310771 36.19475897106308
-1.273598359249024 -2.770102276016289 52.02788779190107
2.406323333298941 3.991788840274779 37.94687935318878
2.44030032844663 -3.954011972432338 37.95943327903099
-4.723578482932689 0.1794047591306007 36.94984378688302
-2.251975939340218 4.068778437162647 37.68387612263018
-0.1307571101749794 0.06779108854410505 94.96497955225448
2.970814848521233 -0.3436847387580193 59.61263678517732
3.575451395065532 2.112917371585332 45.21653471653645
-1.918533864929166 -2.329664621687488 59.5788350841014
-0.3958339922896135 -3.853026165901495 44.58021120388949
5.494679969205325 -0.6195271409574463 32.04091567993039
-1.352295749647629 2.578281682343776 59.57516819096065
-3.629158255871229 2.201222942728634 45.57413127931097
1.743793271827345 -3.669953222227005 48.90738124075497
-2.132121332105828 -3.869606327596985 38.54124321733493
-1.943524304464881 -0.3164959257778739 73.55158464855076
1.727258239974919 3.676814208050094 48.94870046830543
1.80179970219649 2.151309715666841 66.38941838664581
-2.728664945309885 0.0194444801009146 66.39047033410205
-0.01174608189477544 -0.006543580809522886 31.95234282182115
1.993632303217129 -2.039634464146554 66.21502564025194
2.107109512230481 0.8691732051208048 73.21421870937247
-5.584601629170403 -0.07401487385652439 31.42483712007834
4.165433949770041 -1.908164669635133 46.03930129671158
-0.7285013909389801 5.851286169764068 33.09231307614291
4.296469104554696 2.265325531856642 41.16832899238357
-3.826662561198438 -0.7293868242856669 49.12024685213091
-0.5539822998365296 -5.465531922422498 31.57390848389037
2.291628941411843 -3.344294115459497 55.22244237996519
-3.893837412775627 2.988587166981683 41.31685128783287
1.686520295658188 3.210585164612068 53.84384427972223
-3.114355996948496 2.527446326582623 55.41845667093597

CELLS 3827 17443
1 0
1 1
1 2
1 3
1 4
1 5
1 6
1 7
1 8
1 9
1 10
1 11
2 0 12
2 12 13
2 13 14
2 14 15
2 15 16
2 16 17
2 17 18
2 18 1
2 0 19
2 19 20
2 20 21
2 21 22
2 22 1
2 2 23
2 23 24
2 24 25
2 25 26
2 26 27
2 27 28
2 28 29
2 29 0
2 2 30
2 30 31
2 31 32
2 32 33
2 33 34
2 34 3
2 1 35
2 35 36
2 36 37
2 37 38
2 38 39
2 39 40
2 40 41
2 41 3
2 2 42
2 42 43
2 43 44
2 44 3
2 4 45
2 45 46
2 46 47
2 47 48
2 48 49
2 49 50
2 50 51
2 51 52
2 52 53
2 53 54
2 54 55
2 55 56
2 56 57
2 57 58
2 58 59
2 59 60
2 60 61
2 61 62
2 62 4
2 5 63
2 63 64
2 64 65
2 65 6
2 5 66
2 66 67
2 67 68
2 68 69
2 69 7
2 6 70
2 70 71
2 71 72
2 72 7
2 8 73
2 73 74
2 74 75
2 75 76
2 76 77
2 77 78
2 78 8
2 4 79
2 79 80
2 80 81
2 81 82
2 82 83
2 83 84
2 84 85
2 85 86
2 86 87
2 87 88
2 88 89
2 89 90
2 90 91
2 91 92
2 92 93
2 93 94
2 94 95
2 95 96
2 96 97
2 97 98
2 98 99
2 99 100
2 100 101
2 101 102
2 102 103
2 103 8
2 9 104
2 104 105
2 105 106
2 106 107
2 107 108
2 108 109
2 109 110
2 110 5
2 9 111
2 111 112
2 112 10
2 6 113
2 113 114
2 114 115
2 115 116
2 116 117
2 117 118
2 118 119
2 119 10
2 7 120
2 120 121
2 121 122
2 122 123
2 123 124
2 124 125
2 125 126
2 126 11
2 9 127
2 127 128
2 128 129
2 129 11
2 10 130
2 130 131
2 131 11
3 12 182 0
3 0 182 29
3 1 183 18
3 35 183 1
3 23 180 2
3 2 180 30
3 34 179 3
3 3 179 41
3 13 173 12
3 173 182 12
3 14 137 13
3 137 173 13
3 15 172 14
3 14 172 137
3 16 136 15
3 136 172 15
3 17 185 16
3 16 185 136
3 18 170 17
3 170 185 17
3 18 183 170
3 24 169 23
3 169 180 23
3 25 133 24
3 133 169 24
3 26 178 25
3 25 178 133
3 27 132 26
3 132 178 26
3 28 162 27
3 27 162 132
3 29 141 28
3 141 162 28
3 29 182 141
3 30 140 31
3 30 180 140
3 31 142 32
3 140 142 31
3 32 138 33
3 32 142 138
3 33 157 34
3 138 157 33
3 157 179 34
3 36 139 35
3 139 183 35
3 37 160 36
3 36 160 139
3 38 135 37
3 135 160 37
3 39 181 38
3 38 181 135
3 40 134 39
3 134 181 39
3 41 168 40
3 40 168 134
3 41 179 168
3 132 166 159
3 159 178 132
3 162 175 132
3 132 175 166
3 133 159 158
3 158 184 133
3 133 178 159
3 133 184 169
3 134 167 165
3 165 181 134
3 134 186 167
3 168 186 134
3 135 165 156
3 156 176 135
3 135 176 160
3 135 181 165
3 136 171 154
3 154 172 136
3 136 174 171
3 136 185 174
3 163 173 137
3 137 177 163
3 172 177 137
3 142 143 138
3 143 144 138
3 144 157 138
3 160 161 139
3 161 170 139
3 170 183 139
3 140 155 142
3 140 184 155
3 140 180 169
3 169 184 140
3 141 163 162
3 141 173 163
3 141 182 173
3 142 155 143
3 143 145 144
3 143 146 145
3 143 155 146
3 145 167 144
3 144 186 157
3 167 186 144
3 146 147 145
3 147 164 145
3 164 167 145
3 146 148 147
3 146 158 148
3 155 158 146
3 148 149 147
3 149 150 147
3 150 164 147
3 148 166 149
3 158 159 148
3 159 166 148
3 149 151 150
3 149 152 151
3 149 166 152
3 151 153 150
3 153 156 150
3 156 164 150
3 152 154 151
3 151 171 153
3 154 171 151
3 152 177 154
3 152 175 163
3 163 177 152
3 166 175 152
3 153 176 156
3 171 187 153
3 153 187 176
3 154 177 172
3 155 184 158
3 156 165 164
3 168 179 157
3 157 186 168
3 160 176 161
3 161 174 170
3 161 187 174
3 176 187 161
3 163 175 162
3 165 167 164
3 174 185 170
3 174 187 171
3 0 223 19
3 29 223 0
3 1 22 35
3 2 218 23
3 42 218 2
3 41 219 3
3 3 219 44
3 19 210 20
3 19 223 210
3 20 192 21
3 20 210 192
3 21 220 22
3 192 220 21
3 22 195 35
3 22 220 195
3 23 208 24
3 23 218 208
3 24 191 25
3 24 208 191
3 25 212 26
3 191 212 25
3 26 188 27
3 26 212 188
3 27 205 28
3 188 205 27
3 28 194 29
3 28 205 194
3 194 223 29
3 35 195 36
3 36 190 37
3 36 195 190
3 37 209 38
3 190 209 37
3 38 214 39
3 209 214 38
3 39 189 40
3 39 214 189
3 40 207 41
3 189 207 40
3 207 219 41
3 43 193 42
3 193 218 42
3 44 203 43
3 43 203 193
3 44 219 203
3 202 211 188
3 188 212 202
3 188 211 205
3 189 216 207
3 214 215 189
3 215 216 189
3 195 196 190
3 196 197 190
3 197 209 190
3 208 217 191
3 191 213 212
3 191 217 213
3 196 220 192
3 192 222 196
3 210 222 192
3 203 204 193
3 204 217 193
3 193 217 208
3 208 218 193
3 205 206 194
3 206 210 194
3 210 223 194
3 195 220 196
3 196 198 197
3 196 222 198
3 198 199 197
3 199 200 197
3 200 209 197
3 198 211 199
3 206 211 198
3 198 222 206
3 199 201 200
3 199 202 201
3 199 211 202
3 201 215 200
3 200 214 209
3 200 215 214
3 202 213 201
3 213 221 201
3 201 221 215
3 212 213 202
3 203 216 204
3 207 216 203
3 203 219 207
3 216 221 204
3 204 221 217
3 205 211 206
3 206 222 210
3 217 221 213
3 215 221 216
3 42 2 30
3 34 3 44
3 31 225 30
3 30 225 42
3 32 225 31
3 33 224 32
3 224 225 32
3 34 226 33
3 33 226 224
3 44 226 34
3 42 225 43
3 43 224 44
3 43 225 224
3 224 226 44
3 7 0 54
3 7 227 0
3 12 228 0
3 0 227 19
3 0 228 54
3 4 1 5
3 62 1 4
3 1 232 5
3 18 1 62
3 22 232 1
3 45 4 5
3 5 63 45
3 5 232 66
3 49 48 6
3 6 48 65
3 70 49 6
3 54 53 7
3 53 229 7
3 69 227 7
3 7 229 72
3 13 231 12
3 55 228 12
3 12 231 55
3 13 14 57
3 56 13 57
3 56 231 13
3 14 15 58
3 57 14 58
3 59 15 16
3 58 15 59
3 17 60 16
3 16 60 59
3 18 61 17
3 17 61 60
3 62 61 18
3 19 235 20
3 19 227 69
3 69 235 19
3 20 233 21
3 68 233 20
3 20 235 68
3 21 234 22
3 21 233 67
3 67 234 21
3 66 232 22
3 22 234 66
3 45 63 46
3 47 46 64
3 46 63 64
3 48 47 65
3 65 47 64
3 50 49 70
3 50 71 51
3 70 71 50
3 51 230 52
3 71 230 51
3 52 229 53
3 72 229 52
3 52 230 72
3 54 228 55
3 55 231 56
3 66 234 67
3 67 233 68
3 68 235 69
3 72 230 71
3 45 588 4
3 4 587 62
3 79 587 4
3 4 588 79
3 8 586 73
3 78 584 8
3 8 584 103
3 103 586 8
3 46 263 45
3 263 588 45
3 47 536 46
3 46 536 263
3 48 250 47
3 250 536 47
3 49 539 48
3 48 539 250
3 50 568 49
3 49 568 539
3 51 245 50
3 245 568 50
3 52 558 51
3 51 558 245
3 53 260 52
3 260 558 52
3 54 537 53
3 53 537 260
3 55 244 54
3 244 537 54
3 56 556 55
3 55 556 244
3 57 439 56
3 439 556 56
3 58 248 57
3 248 439 57
3 59 540 58
3 58 540 248
3 60 582 59
3 59 582 540
3 61 259 60
3 259 582 60
3 62 552 61
3 61 552 259
3 62 587 552
3 73 270 74
3 73 586 270
3 74 258 75
3 74 270 258
3 75 433 76
3 258 433 75
3 76 262 77
3 76 433 262
3 77 444 78
3 262 444 77
3 444 584 78
3 80 264 79
3 79 553 80
3 264 587 79
3 79 588 553
3 80 261 81
3 81 494 80
3 80 553 261
3 80 494 264
3 82 257 81
3 81 491 82
3 257 494 81
3 261 491 81
3 82 247 83
3 83 490 82
3 82 491 247
3 82 490 257
3 84 243 83
3 83 546 84
3 243 490 83
3 247 546 83
3 84 485 85
3 85 530 84
3 84 530 243
3 84 546 485
3 85 240 86
3 86 438 85
3 85 485 240
3 438 530 85
3 87 238 86
3 86 519 87
3 238 438 86
3 240 519 86
3 87 482 88
3 88 525 87
3 87 525 238
3 87 519 482
3 88 252 89
3 89 479 88
3 88 482 252
3 479 525 88
3 90 242 89
3 89 269 90
3 242 479 89
3 252 269 89
3 90 239 91
3 91 476 90
3 90 269 239
3 90 476 242
3 91 475 92
3 92 477 91
3 239 475 91
3 91 477 476
3 93 241 92
3 92 256 93
3 241 477 92
3 92 475 256
3 94 268 93
3 93 470 94
3 93 268 241
3 256 470 93
3 94 255 95
3 95 267 94
3 94 470 255
3 267 268 94
3 96 236 95
3 95 469 96
3 236 267 95
3 255 469 95
3 96 254 97
3 97 478 96
3 96 478 236
3 96 469 254
3 98 251 97
3 97 454 98
3 251 478 97
3 254 454 97
3 98 253 99
3 99 266 98
3 98 266 251
3 98 454 253
3 100 237 99
3 99 449 100
3 237 266 99
3 253 449 99
3 100 246 101
3 101 445 100
3 100 445 237
3 100 449 246
3 102 249 101
3 101 577 102
3 246 577 101
3 249 445 101
3 102 265 103
3 103 443 102
3 102 443 249
3 102 577 265
3 265 586 103
3 103 584 443
3 236 285 267
3 236 388 285
3 236 478 388
3 237 274 266
3 237 420 274
3 237 445 420
3 238 535 438
3 238 525 483
3 483 535 238
3 269 514 239
3 239 513 475
3 239 514 513
3 485 542 240
3 240 529 519
3 240 542 529
3 268 286 241
3 286 287 241
3 287 477 241
3 476 520 242
3 242 526 479
3 520 526 242
3 243 559 490
3 530 531 243
3 531 559 243
3 244 594 537
3 556 580 244
3 580 594 244
3 245 502 501
3 501 568 245
3 245 558 502
3 449 450 246
3 450 596 246
3 246 596 577
3 491 547 247
3 544 546 247
3 247 547 544
3 421 439 248
3 248 440 421
3 248 603 440
3 540 603 248
3 443 567 249
3 249 581 445
3 567 581 249
3 250 592 536
3 539 599 250
3 551 592 250
3 250 599 551
3 266 434 251
3 434 441 251
3 441 478 251
3 252 293 269
3 252 295 293
3 252 482 295
3 253 564 449
3 454 458 253
3 458 564 253
3 254 455 454
3 254 456 455
3 254 469 456
3 255 472 469
3 470 471 255
3 471 472 255
3 256 543 470
3 475 575 256
3 256 575 543
3 490 600 257
3 257 573 494
3 257 600 573
3 270 271 258
3 271 272 258
3 272 433 258
3 425 582 259
3 259 583 425
3 552 563 259
3 563 583 259
3 260 537 533
3 533 569 260
3 260 569 558
3 261 550 491
3 261 554 550
3 553 554 261
3 262 548 429
3 429 597 262
3 433 548 262
3 262 597 444
3 536 592 263
3 263 554 553
3 553 588 263
3 263 592 554
3 494 563 264
3 264 563 552
3 552 587 264
3 265 271 270
3 270 586 265
3 265 430 271
3 265 577 430
3 274 434 266
3 267 436 268
3 285 436 267
3 268 436 286
3 293 514 269
3 271 273 272
3 271 430 273
3 273 275 272
3 275 548 272
3 272 548 433
3 273 276 275
3 273 432 276
3 430 432 273
3 420 435 274
3 274 442 434
3 435 442 274
3 276 277 275
3 277 279 275
3 279 548 275
3 276 278 277
3 276 281 278
3 276 432 281
3 278 487 277
3 277 280 279
3 277 487 280
3 281 282 278
3 282 283 278
3 283 487 278
3 280 427 279
3 427 429 279
3 429 548 279
3 280 590 427
3 280 487 435
3 435 590 280
3 281 406 282
3 281 450 406
3 432 450 281
3 282 284 283
3 282 512 284
3 406 512 282
3 284 288 283
3 288 379 283
3 379 487 283
3 284 289 288
3 284 310 289
3 284 512 310
3 388 426 285
3 426 437 285
3 285 437 436
3 286 292 287
3 286 522 292
3 436 522 286
3 292 294 287
3 294 488 287
3 287 488 477
3 289 290 288
3 290 528 288
3 288 528 379
3 289 291 290
3 289 495 291
3 310 495 289
3 291 296 290
3 296 380 290
3 380 528 290
3 291 297 296
3 291 301 297
3 291 495 301
3 292 298 294
3 292 300 298
3 292 522 300
3 295 313 293
3 313 315 293
3 315 514 293
3 298 299 294
3 299 383 294
3 383 488 294
3 295 314 313
3 295 395 314
3 295 482 395
3 297 304 296
3 304 574 296
3 296 574 380
3 301 302 297
3 302 579 297
3 297 579 304
3 298 480 299
3 300 303 298
3 303 480 298
3 299 384 383
3 299 404 384
3 299 480 404
3 300 372 303
3 300 387 372
3 300 522 387
3 301 305 302
3 301 508 305
3 495 508 301
3 305 306 302
3 306 413 302
3 413 579 302
3 372 397 303
3 397 398 303
3 398 480 303
3 428 565 304
3 304 579 428
3 565 574 304
3 305 307 306
3 305 309 307
3 305 508 309
3 307 308 306
3 308 510 306
3 306 510 413
3 307 311 308
3 309 576 307
3 307 576 311
3 311 312 308
3 312 328 308
3 328 510 308
3 473 474 309
3 309 595 473
3 474 576 309
3 508 595 309
3 310 512 459
3 459 570 310
3 310 570 495
3 311 359 312
3 311 371 359
3 311 576 371
3 312 369 328
3 359 561 312
3 312 561 369
3 314 492 313
3 313 316 315
3 313 492 316
3 395 523 314
3 314 516 492
3 314 523 516
3 316 317 315
3 317 390 315
3 390 514 315
3 316 318 317
3 316 319 318
3 316 492 319
3 318 601 317
3 317 412 390
3 317 601 412
3 319 320 318
3 320 545 318
3 545 601 318
3 319 321 320
3 319 484 321
3 319 492 484
3 321 322 320
3 322 324 320
3 324 545 320
3 321 323 322
3 321 347 323
3 321 484 347
3 323 489 322
3 322 325 324
3 322 489 325
3 347 365 323
3 365 381 323
3 381 489 323
3 325 326 324
3 326 571 324
3 324 571 545
3 325 327 326
3 325 329 327
3 325 489 329
3 327 368 326
3 368 419 326
3 419 571 326
3 329 330 327
3 330 509 327
3 327 509 368
3 369 370 328
3 370 541 328
3 328 541 510
3 329 331 330
3 329 481 331
3 329 489 481
3 331 332 330
3 332 334 330
3 334 509 330
3 331 333 332
3 331 511 333
3 481 511 331
3 333 335 332
3 332 527 334
3 335 527 332
3 333 336 335
3 333 337 336
3 333 511 337
3 496 509 334
3 334 585 496
3 527 585 334
3 336 557 335
3 335 591 527
3 557 591 335
3 337 338 336
3 338 350 336
3 350 557 336
3 337 339 338
3 337 517 339
3 511 517 337
3 339 340 338
3 340 486 338
3 338 486 350
3 339 341 340
3 339 342 341
3 339 517 342
3 341 348 340
3 348 349 340
3 349 486 340
3 342 343 341
3 343 505 341
3 341 505 348
3 342 344 343
3 342 518 344
3 517 518 342
3 344 345 343
3 345 360 343
3 360 505 343
3 344 346 345
3 344 521 346
3 518 521 344
3 346 351 345
3 351 506 345
3 345 506 360
3 346 352 351
3 346 538 352
3 521 538 346
3 347 393 365
3 347 447 393
3 347 484 447
3 348 361 349
3 348 385 361
3 348 505 385
3 361 362 349
3 362 373 349
3 373 486 349
3 350 453 422
3 422 557 350
3 350 486 453
3 352 353 351
3 353 367 351
3 367 506 351
3 352 354 353
3 352 356 354
3 352 538 356
3 354 355 353
3 355 503 353
3 353 503 367
3 354 504 355
3 356 357 354
3 357 504 354
3 497 499 355
3 355 504 497
3 499 503 355
3 356 358 357
3 356 451 358
3 356 538 451
3 358 363 357
3 363 366 357
3 366 504 357
3 358 364 363
3 358 448 364
3 358 451 448
3 371 414 359
3 414 602 359
3 359 602 561
3 360 515 505
3 506 507 360
3 507 515 360
3 361 493 362
3 385 386 361
3 386 493 361
3 362 374 373
3 362 376 374
3 362 493 376
3 364 382 363
3 363 460 366
3 382 460 363
3 364 391 382
3 364 392 391
3 364 448 392
3 365 396 381
3 393 452 365
3 365 452 396
3 460 461 366
3 461 462 366
3 462 504 366
3 503 578 367
3 367 534 506
3 367 578 534
3 368 431 419
3 368 566 431
3 509 566 368
3 369 405 370
3 369 446 405
3 369 561 446
3 405 598 370
3 370 572 541
3 370 598 572
3 371 543 414
3 371 474 471
3 471 543 371
3 371 576 474
3 387 428 372
3 372 593 397
3 428 593 372
3 374 375 373
3 375 453 373
3 453 486 373
3 374 467 375
3 376 377 374
3 377 467 374
3 375 562 453
3 467 524 375
3 524 562 375
3 376 378 377
3 376 440 378
3 376 493 440
3 378 389 377
3 389 401 377
3 401 467 377
3 378 425 389
3 378 603 425
3 440 603 378
3 379 442 435
3 435 487 379
3 379 528 442
3 380 560 528
3 549 560 380
3 380 574 549
3 396 402 381
3 402 481 381
3 481 489 381
3 391 542 382
3 382 466 460
3 382 542 466
3 384 394 383
3 394 520 383
3 383 520 488
3 384 407 394
3 404 496 384
3 384 496 407
3 385 399 386
3 385 515 399
3 505 515 385
3 399 400 386
3 400 421 386
3 421 493 386
3 387 565 428
3 387 522 437
3 437 565 387
3 388 549 426
3 388 478 441
3 441 549 388
3 389 403 401
3 389 583 403
3 425 583 389
3 412 555 390
3 513 514 390
3 390 555 513
3 392 523 391
3 523 529 391
3 529 542 391
3 392 448 447
3 447 516 392
3 516 523 392
3 447 448 393
3 448 451 393
3 451 452 393
3 407 408 394
3 408 526 394
3 394 526 520
3 482 519 395
3 519 529 395
3 395 529 523
3 396 518 402
3 452 521 396
3 396 521 518
3 397 541 398
3 510 541 397
3 397 593 510
3 431 480 398
3 398 572 431
3 541 572 398
3 399 580 400
3 515 532 399
3 532 580 399
3 400 439 421
3 400 556 439
3 400 580 556
3 403 573 401
3 401 468 467
3 401 573 468
3 402 511 481
3 402 517 511
3 402 518 517
3 403 563 494
3 494 573 403
3 403 583 563
3 404 480 431
3 431 566 404
3 404 566 496
3 446 545 405
3 545 571 405
3 571 598 405
3 450 564 406
3 406 589 512
3 564 589 406
3 407 409 408
3 407 585 409
3 496 585 407
3 409 410 408
3 410 411 408
3 411 526 408
3 409 415 410
3 409 527 415
3 409 585 527
3 410 483 411
3 415 416 410
3 416 483 410
3 411 525 479
3 479 526 411
3 483 525 411
3 446 561 412
3 412 601 446
3 412 602 555
3 561 602 412
3 428 579 413
3 413 593 428
3 510 593 413
3 543 575 414
3 414 575 555
3 555 602 414
3 415 417 416
3 415 591 417
3 527 591 415
3 417 418 416
3 418 535 416
3 416 535 483
3 417 422 418
3 417 557 422
3 417 591 557
3 422 423 418
3 423 424 418
3 424 535 418
3 431 572 419
3 419 598 571
3 572 598 419
3 420 590 435
3 445 581 420
3 581 590 420
3 440 493 421
3 422 562 423
3 453 562 422
3 423 531 424
3 524 531 423
3 423 562 524
3 424 530 438
3 438 535 424
3 424 531 530
3 540 582 425
3 425 603 540
3 426 565 437
3 549 574 426
3 426 574 565
3 427 567 429
3 427 581 567
3 427 590 581
3 567 597 429
3 430 596 432
3 577 596 430
3 432 596 450
3 434 560 441
3 442 560 434
3 437 522 436
3 441 560 549
3 528 560 442
3 443 584 444
3 444 597 443
3 443 597 567
3 446 601 545
3 484 516 447
3 449 564 450
3 451 538 452
3 452 538 521
3 455 458 454
3 456 457 455
3 457 459 455
3 455 459 458
3 456 473 457
3 469 472 456
3 472 473 456
3 457 570 459
3 473 595 457
3 457 595 570
3 459 589 458
3 458 589 564
3 512 589 459
3 460 544 461
3 466 544 460
3 461 463 462
3 461 547 463
3 544 547 461
3 463 464 462
3 464 497 462
3 497 504 462
3 463 465 464
3 463 550 465
3 547 550 463
3 465 551 464
3 464 498 497
3 464 551 498
3 550 554 465
3 465 592 551
3 554 592 465
3 466 542 485
3 485 546 466
3 466 546 544
3 468 524 467
3 468 559 524
3 468 600 559
3 573 600 468
3 470 543 471
3 471 474 472
3 472 474 473
3 513 575 475
3 477 488 476
3 488 520 476
3 492 516 484
3 559 600 490
3 491 550 547
3 495 570 508
3 496 566 509
3 498 499 497
3 498 500 499
3 498 599 500
3 551 599 498
3 500 501 499
3 501 503 499
3 500 568 501
3 539 568 500
3 500 599 539
3 502 578 501
3 501 578 503
3 558 569 502
3 569 578 502
3 506 534 507
3 507 532 515
3 507 533 532
3 507 534 533
3 570 595 508
3 555 575 513
3 524 559 531
3 533 594 532
3 532 594 580
3 534 569 533
3 537 594 533
3 534 578 569
3 63 5 627
3 5 110 627
3 6 65 626
3 113 6 626
3 104 9 624
3 9 111 624
3 112 10 625
3 10 119 625
3 64 63 610
3 610 63 627
3 65 64 621
3 64 610 621
3 65 621 626
3 105 104 606
3 606 104 624
3 106 105 618
3 105 606 618
3 107 106 605
3 605 106 618
3 108 107 611
3 107 605 611
3 109 108 604
3 604 108 611
3 110 109 622
3 109 604 622
3 110 622 627
3 111 112 619
3 111 619 624
3 619 112 625
3 114 113 607
3 607 113 626
3 115 114 614
3 114 607 614
3 116 115 608
3 608 115 614
3 117 116 616
3 116 608 616
3 118 117 609
3 609 117 616
3 119 118 617
3 118 609 617
3 119 617 625
3 604 611 612
3 604 612 613
3 604 613 622
3 611 605 615
3 615 605 620
3 605 618 620
3 618 606 623
3 606 619 623
3 619 606 624
3 607 613 614
3 613 607 621
3 621 607 626
3 612 608 614
3 608 612 615
3 608 615 616
3 609 616 620
3 617 609 623
3 609 620 623
3 610 613 621
3 613 610 622
3 622 610 627
3 612 611 615
3 613 612 614
3 616 615 620
3 619 617 623
3 617 619 625
3 620 618 623
3 5 66 663
3 110 5 663
3 7 120 69
3 9 104 658
3 127 9 658
3 126 11 659
3 11 129 659
3 66 67 650
3 66 650 663
3 67 68 632
3 67 632 650
3 68 69 660
3 632 68 660
3 69 120 635
3 69 635 660
3 104 105 647
3 104 647 658
3 105 106 631
3 105 631 647
3 106 107 652
3 631 106 652
3 107 108 628
3 107 628 652
3 108 109 645
3 628 108 645
3 109 110 634
3 109 634 645
3 634 110 663
3 120 121 635
3 121 122 630
3 121 630 635
3 122 123 649
3 630 122 649
3 123 124 654
3 649 123 654
3 124 125 629
3 124 629 654
3 125 126 648
3 629 125 648
3 648 126 659
3 128 127 643
3 643 127 658
3 129 128 633
3 633 128 643
3 129 633 659
3 642 628 651
3 628 642 652
3 628 645 651
3 629 648 656
3 654 629 655
3 655 629 656
3 635 630 636
3 636 630 637
3 637 630 649
3 647 631 657
3 631 652 653
3 631 653 657
3 636 632 660
3 632 636 662
3 650 632 662
3 633 643 644
3 633 644 656
3 648 633 656
3 633 648 659
3 645 634 646
3 646 634 650
3 650 634 663
3 635 636 660
3 636 637 638
3 636 638 662
3 638 637 639
3 639 637 640
3 640 637 649
3 638 639 651
3 646 638 651
3 638 646 662
3 639 640 641
3 639 641 642
3 639 642 651
3 641 640 655
3 640 649 654
3 640 654 655
3 642 641 653
3 653 641 661
3 641 655 661
3 652 642 653
3 644 643 657
3 643 647 657
3 647 643 658
3 656 644 661
3 644 657 661
3 645 646 651
3 646 650 662
3 657 653 661
3 655 656 661
3 70 6 686
3 6 113 686
3 7 72 687
3 120 7 687
3 119 10 685
3 10 130 685
3 11 126 684
3 131 11 684
3 71 70 681
3 681 70 686
3 72 71 670
3 670 71 681
3 72 670 687
3 113 114 667
3 113 667 686
3 114 115 674
3 667 114 674
3 115 116 668
3 115 668 674
3 116 117 676
3 668 116 676
3 117 118 669
3 117 669 676
3 118 119 677
3 669 118 677
3 677 119 685
3 121 120 682
3 682 120 687
3 122 121 664
3 664 121 682
3 123 122 671
3 122 664 671
3 124 123 665
3 665 123 671
3 125 124 678
3 124 665 678
3 126 125 666
3 666 125 678
3 126 666 684
3 130 131 679
3 130 679 685
3 679 131 684
3 671 664 672
3 672 664 673
3 673 664 682
3 665 671 675
3 665 675 680
3 678 665 680
3 666 678 683
3 679 666 683
3 666 679 684
3 673 667 674
3 667 673 681
3 667 681 686
3 668 672 674
3 672 668 675
3 675 668 676
3 676 669 680
3 669 677 683
3 680 669 683
3 673 670 681
3 670 673 682
3 670 682 687
3 671 672 675
3 672 673 674
3 675 676 680
3 677 679 683
3 679 677 685
3 678 680 683
3 73 688 8
3 8 688 78
3 74 688 73
3 75 688 74
3 76 688 75
3 77 688 76
3 78 688 77
3 127 111 9
3 10 112 689
3 130 10 690
3 10 689 690
3 131 129 11
3 112 111 691
3 111 127 691
3 689 112 691
3 127 128 689
3 127 689 691
3 128 129 690
3 689 128 690
3 129 131 690
3 131 130 690
4 92 93 256 738
4 695 718 302 721
4 256 707 92 738
4 415 712 698 737
4 698 712 724 737
4 303 300 710 718
4 302 695 579 718
4 691 127 111 699
4 695 716 436 718
4 437 695 436 718
4 95 695 255 716
4 394 408 407 712
4 93 694 256 738
4 394 407 700 712
4 691 111 529 699
4 368 431 566 701
4 302 695 305 728
4 519 529 111 699
4 368 701 419 736
4 694 710 300 718
4 519 699 111 720
4 33 416 226 698
4 397 303 710 718
4 255 695 95 727
4 256 694 707 738
4 527 724 712 737
4 93 716 694 738
4 95 255 94 716
4 302 579 695 728
4 394 700 407 719
4 256 707 694 740
4 33 698 226 737
4 300 303 372 718
4 256 694 93 716
4 300 710 694 738
4 566 701 431 719
4 698 724 702 737
4 407 700 712 719
4 691 523 112 699
4 409 712 415 737
4 436 716 695 730
4 437 436 695 730
4 601 703 317 726
4 694 718 300 738
4 397 710 694 718
4 601 722 703 726
4 267 95 94 716
4 267 716 436 730
4 372 303 397 718
4 226 698 535 720
4 409 527 712 737
4 479 88 709 735
4 479 709 700 735
4 689 691 112 699
4 368 431 701 736
4 579 695 428 718
4 560 725 697 731
4 700 709 479 712
4 523 112 699 734
4 127 111 699 720
4 431 719 701 736
4 226 416 535 698
4 404 723 719 736
4 95 727 695 730
4 347 365 130 704
4 91 707 239 733
4 483 525 698 712
4 441 725 560 731
4 92 241 93 738
4 560 697 434 731
4 309 695 305 721
4 305 695 309 728
4 691 529 523 699
4 581 705 590 706
4 471 695 255 727
4 407 719 712 724
4 347 704 130 734
4 525 709 698 712
4 276 277 705 706
4 441 560 434 731
4 471 255 695 716
4 302 579 413 718
4 707 717 239 733
4 441 434 251 731
4 253 697 99 705
4 368 419 431 736
4 695 727 309 728
4 445 100 705 706
4 696 725 441 731
4 409 415 527 737
4 112 689 699 734
4 710 723 480 736
4 694 710 397 741
4 419 701 722 736
4 434 697 251 731
4 99 697 266 705
4 445 705 581 706
4 253 564 697 705
4 283 697 282 705
4 525 483 698 720
4 253 99 449 705
4 570 725 696 731
4 457 570 696 731
4 131 130 365 704
4 601 412 722 726
4 523 392 112 734
4 436 716 522 718
4 698 709 525 720
4 409 712 527 724
4 309 727 595 728
4 471 716 695 721
4 708 722 446 726
4 277 280 705 706
4 397 718 694 741
4 34 226 535 720
4 253 449 564 705
4 395 699 519 709
4 237 99 266 705
4 276 277 278 705
4 404 480 723 736
4 379 442 697 705
4 316 711 703 714
4 541 710 708 741
4 246 705 100 706
4 702 724 527 737
4 33 416 698 737
4 441 696 549 725
4 692 701 700 703
4 280 590 705 706
4 437 436 522 718
4 519 111 9 720
4 595 727 696 728
4 522 718 716 738
4 130 704 690 734
4 329 330 331 702
4 596 450 246 706
4 404 480 299 723
4 388 441 478 696
4 276 705 281 706
4 601 317 412 726
4 695 728 565 730
4 478 696 441 731
4 445 101 100 706
4 329 330 702 713
4 323 713 704 714
4 88 479 89 735
4 525 479 709 712
4 249 706 567 715
4 379 697 283 705
4 322 713 323 714
4 692 703 700 735
4 541 397 710 741
4 394 520 526 733
4 276 281 432 706
4 457 696 456 731
4 519 709 699 720
4 31 702 333 737
4 712 719 700 724
4 239 717 707 726
4 522 716 286 738
4 394 526 700 733
4 131 690 130 704
4 699 709 395 711
4 471 255 472 727
4 313 315 703 735
4 315 390 703 717
4 331 329 702 732
4 522 436 286 716
4 508 595 696 728
4 692 702 698 724
4 519 395 529 699
4 283 284 282 697
4 570 508 595 696
4 708 710 541 736
4 577 430 706 715
4 316 703 319 714
4 380 696 296 725
4 112 392 689 734
4 596 432 450 706
4 692 711 703 735
4 317 703 390 726
4 272 275 706 715
4 256 470 543 716
4 329 713 702 732
4 450 705 246 706
4 492 711 316 714
4 437 285 436 730
4 412 446 722 726
4 479 700 89 735
4 101 246 100 706
4 315 390 317 703
4 406 282 697 705
4 410 698 415 712
4 309 695 474 727
4 703 711 313 735
4 459 725 570 731
4 397 510 718 741
4 457 696 595 727
4 478 696 96 730
4 272 706 273 715
4 432 705 450 706
4 281 705 432 706
4 404 299 719 723
4 457 456 455 731
4 96 696 254 727
4 474 695 471 727
4 420 590 581 705
4 330 702 713 724
4 543 716 471 721
4 412 708 446 726
4 701 719 693 736
4 482 395 519 709
4 327 325 701 713
4 703 717 390 726
4 457 459 570 731
4 446 601 412 722
4 313 703 316 711
4 480 710 299 723
4 570 495 508 696
4 395 709 482 711
4 701 693 722 736
4 474 695 309 721
4 111 127 9 720
4 700 719 394 733
4 318 319 316 703
4 284 310 512 725
4 254 456 696 731
4 96 696 478 731
4 508 309 595 728
4 495 696 291 728
4 701 703 692 739
4 31 225 333 702
4 273 706 271 715
4 570 595 457 696
4 535 698 483 720
4 699 711 314 734
4 128 729 699 734
4 291 696 296 728
4 508 696 495 728
4 326 327 325 701
4 31 225 702 737
4 492 314 711 734
4 474 471 695 721
4 565 428 695 718
4 332 702 330 724
4 525 411 479 712
4 326 419 701 722
4 291 296 696 725
4 318 319 703 739
4 224 33 226 737
4 479 526 700 712
4 319 714 703 739
4 564 406 697 705
4 274 266 697 705
4 102 706 249 715
4 692 698 712 724
4 420 581 445 705
4 274 697 442 705
4 272 275 273 706
4 369 405 446 708
4 368 326 419 701
4 511 331 333 702
4 477 287 707 723
4 565 695 437 718
4 254 696 456 727
4 549 696 380 725
4 478 388 696 730
4 285 267 436 730
4 321 322 323 714
4 700 701 693 703
4 284 512 697 725
4 495 696 570 725
4 388 549 441 696
4 703 711 692 714
4 254 696 96 731
4 325 701 713 739
4 102 577 706 715
4 492 711 714 734
4 704 729 690 734
4 273 430 271 706
4 560 441 549 725
4 703 714 692 739
4 295 395 482 711
4 326 701 325 739
4 252 295 482 735
4 477 488 287 723
4 593 397 510 718
4 565 437 695 730
4 565 728 304 730
4 379 435 442 705
4 321 323 704 714
4 567 706 429 715
4 91 239 90 733
4 492 316 319 714
4 369 405 708 736
4 522 300 718 738
4 327 713 701 724
4 699 704 692 714
4 574 304 728 730
4 496 701 566 719
4 331 702 511 732
4 291 696 495 725
4 405 722 708 736
4 697 725 459 731
4 405 446 708 722
4 510 721 718 741
4 483 411 525 712
4 274 237 266 705
4 331 481 329 732
4 492 516 314 734
4 543 721 371 740
4 309 305 307 721
4 313 293 315 735
4 313 315 316 703
4 457 456 696 727
4 477 707 476 723
4 283 288 284 697
4 548 706 275 715
4 380 560 549 725
4 252 482 709 735
4 430 271 706 715
4 511 333 30 702
4 474 471 472 727
4 128 699 689 734
4 300 298 710 738
4 287 707 723 738
4 525 238 483 720
4 30 511 702 732
4 577 265 430 715
4 365 131 704 732
4 704 714 699 734
4 321 714 704 734
4 321 704 347 734
4 330 713 327 724
4 404 719 431 736
4 93 241 716 738
4 535 483 238 720
4 282 284 512 697
4 692 700 709 735
4 89 717 700 733
4 91 476 707 733
4 489 323 704 732
4 527 702 332 724
4 707 476 723 733
4 489 704 323 713
4 566 496 509 701
4 429 706 548 715
4 574 728 696 730
4 406 282 512 697
4 253 454 98 697
4 31 333 335 737
4 719 723 383 733
4 404 566 431 719
4 696 727 96 730
4 369 370 405 736
4 478 96 236 730
4 89 700 717 735
4 692 709 700 712
4 475 239 707 726
4 549 696 388 730
4 691 112 523 529
4 98 251 697 731
4 416 483 535 698
4 719 723 693 736
4 128 690 729 734
4 224 226 698 737
4 413 718 510 721
4 589 564 406 697
4 314 699 395 711
4 315 717 703 735
4 479 411 526 712
4 283 379 288 697
4 98 99 253 697
4 701 700 719 724
4 287 723 294 738
4 496 701 719 724
4 98 266 99 697
4 98 251 266 697
4 525 479 88 709
4 483 698 410 712
4 700 701 692 724
4 44 698 226 720
4 333 702 335 737
4 371 311 359 741
4 516 699 314 734
4 296 380 574 696
4 239 717 90 733
4 698 692 709 729
4 89 90 717 733
4 489 704 713 732
4 281 276 278 705
4 589 512 459 697
4 523 529 395 699
4 309 473 595 727
4 477 476 488 723
4 306 413 510 721
4 454 98 697 731
4 33 226 416 535
4 277 280 487 705
4 489 381 323 732
4 272 548 275 715
4 496 719 407 724
4 709 720 698 729
4 477 91 476 707
4 332 331 330 702
4 306 307 305 721
4 279 548 429 706
4 567 443 249 715
4 699 720 709 729
4 469 96 254 727
4 693 717 707 733
4 328 541 370 708
4 699 692 711 714
4 543 470 471 716
4 91 475 239 707
4 412 561 446 708
4 333 225 30 702
4 300 292 298 738
4 322 489 323 713
4 699 709 692 729
4 294 723 710 738
4 371 740 721 741
4 699 714 711 734
4 703 722 693 726
4 371 721 311 741
4 693 722 708 726
4 296 696 574 728
4 33 417 416 737
4 333 31 30 225
4 371 359 740 741
4 315 293 717 735
4 314 516 523 699
4 693 701 700 719
4 333 332 335 702
4 492 714 484 734
4 509 701 496 724
4 266 251 434 697
4 102 265 577 715
4 89 700 242 733
4 692 698 702 729
4 278 283 282 705
4 479 242 89 700
4 459 458 697 731
4 277 487 278 705
4 601 318 703 722
4 409 410 415 712
4 303 300 298 710
4 284 697 288 725
4 387 437 522 718
4 254 455 456 731
4 369 708 370 736
4 224 226 44 698
4 370 708 541 736
4 298 294 710 738
4 406 512 589 697
4 321 323 347 704
4 528 697 560 725
4 692 702 704 729
4 692 704 699 729
4 495 291 301 728
4 326 722 701 739
4 365 381 131 732
4 347 130 447 734
4 691 689 127 699
4 692 704 702 713
4 513 726 475 740
4 589 459 458 697
4 131 129 704 732
4 690 128 689 734
4 298 292 294 738
4 477 707 287 738
4 328 541 708 741
4 310 570 459 725
4 315 514 390 717
4 298 294 299 710
4 435 274 442 705
4 707 717 693 726
4 700 692 712 724
4 475 726 707 740
4 321 484 714 734
4 100 237 445 705
4 127 720 699 729
4 701 692 713 739
4 379 283 487 705
4 492 313 316 711
4 347 323 365 704
4 508 305 309 728
4 479 526 242 700
4 575 513 475 740
4 541 710 398 736
4 251 478 441 731
4 509 327 701 724
4 294 299 710 723
4 97 96 478 731
4 256 93 470 716
4 528 288 379 697
4 475 513 239 726
4 279 275 548 706
4 436 268 286 716
4 256 475 92 707
4 335 702 332 737
4 30 702 42 732
4 96 727 95 730
4 574 696 549 730
4 321 347 484 734
4 288 697 528 725
4 566 509 368 701
4 703 722 318 739
4 699 729 704 734
4 457 595 473 727
4 249 443 102 715
4 516 523 699 734
4 410 483 416 698
4 700 703 693 717
4 310 495 570 725
4 281 450 432 705
4 253 458 454 697
4 242 700 526 733
4 427 590 280 706
4 692 709 711 735
4 429 427 279 706
4 256 475 707 740
4 380 549 574 696
4 692 714 713 739
4 471 470 255 716
4 523 395 314 699
4 89 90 269 717
4 541 397 398 710
4 415 410 416 698
4 457 455 459 731
4 268 716 241 738
4 415 698 416 737
4 291 290 296 725
4 327 330 329 713
4 88 252 709 735
4 326 571 722 739
4 601 545 318 722
4 34 44 226 720
4 326 571 419 722
4 327 326 368 701
4 272 273 271 715
4 458 564 589 697
4 693 703 701 722
4 549 388 426 730
4 429 567 427 706
4 478 236 388 730
4 543 471 371 721
4 87 709 519 720
4 454 697 458 731
4 458 253 564 697
4 325 713 322 739
4 369 328 370 708
4 312 561 359 708
4 89 242 90 733
4 527 332 702 737
4 442 528 379 697
4 299 383 384 723
4 528 442 560 697
4 131 129 690 704
4 312 708 359 741
4 89 717 269 735
4 347 393 130 365
4 698 720 44 729
4 404 431 480 736
4 508 495 301 728
4 545 318 722 739
4 99 237 100 705
4 593 372 397 718
4 519 87 482 709
4 111 9 240 519
4 602 561 412 708
4 332 330 334 724
4 287 488 294 723
4 469 95 96 727
4 713 714 322 739
4 268 93 241 716
4 290 380 296 725
4 286 716 268 738
4 306 510 308 721
4 295 314 395 711
4 509 330 327 724
4 576 474 309 721
4 707 708 693 710
4 483 410 411 712
4 708 740 359 741
4 689 392 10 734
4 446 561 369 708
4 99 100 449 705
4 299 384 719 723
4 315 293 514 717
4 30 225 42 702
4 427 581 590 706
4 333 331 332 702
4 473 309 474 727
4 88 252 482 709
4 710 723 707 738
4 602 708 412 726
4 716 718 694 738
4 278 487 283 705
4 242 526 520 733
4 708 710 694 741
4 698 709 692 712
4 359 708 602 740
4 131 381 11 732
4 516 392 523 734
4 525 709 87 720
4 326 325 324 739
4 291 296 297 728
4 574 549 426 730
4 246 449 100 705
4 43 698 44 729
4 127 699 128 729
4 457 473 456 727
4 383 719 384 723
4 34 535 238 720
4 561 602 359 708
4 469 254 456 727
4 721 740 694 741
4 280 277 279 706
4 718 721 694 741
4 327 368 509 701
4 405 370 598 736
4 267 268 436 716
4 438 34 238 720
4 698 729 43 737
4 43 729 702 737
4 94 255 470 716
4 510 308 721 741
4 286 268 241 738
4 10 447 130 734
4 693 717 703 726
4 42 702 729 732
4 602 708 726 740
4 266 434 274 697
4 692 713 702 724
4 237 420 445 705
4 393 130 447 347
4 442 434 560 697
4 129 729 704 732
4 585 409 527 724
4 565 437 387 718
4 42 702 43 729
4 496 407 585 724
4 238 525 87 720
4 97 254 96 731
4 427 280 279 706
4 579 428 413 718
4 576 309 307 721
4 44 720 127 729
4 284 288 289 725
4 34 438 238 535
4 590 435 280 705
4 438 3 34 720
4 527 335 332 737
4 407 408 409 712
4 413 593 510 718
4 284 289 310 725
4 527 332 334 724
4 10 130 690 734
4 224 44 43 698
4 317 390 412 726
4 129 42 729 732
4 128 127 689 699
4 236 96 95 730
4 387 522 300 718
4 442 274 434 697
4 514 717 239 726
4 522 292 300 738
4 318 320 319 739
4 397 303 398 710
4 224 698 43 737
4 408 526 411 712
4 317 316 315 703
4 281 278 282 705
4 565 426 437 730
4 692 709 699 711
4 581 427 567 706
4 702 713 704 732
4 88 89 252 735
4 296 574 304 728
4 430 265 271 715
4 390 717 514 726
4 694 708 707 710
4 225 43 702 737
4 513 514 239 726
4 246 450 449 705
4 519 9 86 720
4 701 713 692 724
4 405 598 722 736
4 541 510 397 741
4 484 492 319 714
4 318 316 317 703
4 54 55 228 244
4 707 710 693 723
4 693 707 723 733
4 708 722 693 736
4 317 601 318 703
4 291 495 289 725
4 564 449 450 705
4 241 477 287 738
4 704 713 692 714
4 42 225 43 702
4 710 693 723 736
4 256 575 475 740
4 240 111 519 529
4 251 97 478 731
4 379 487 435 705
4 567 429 597 715
4 406 564 450 705
4 260 53 52 229
4 91 90 476 733
4 383 394 384 719
4 312 369 708 741
4 289 495 310 725
4 445 249 101 706
4 275 277 276 706
4 469 255 95 727
4 380 528 560 725
4 325 322 324 739
4 406 281 282 705
4 577 596 246 706
4 716 718 695 721
4 415 416 417 737
4 299 384 404 719
4 279 277 275 706
4 328 708 369 741
4 320 714 319 739
4 555 726 513 740
4 326 324 571 739
4 30 2 511 732
4 101 577 246 706
4 598 419 722 736
4 581 567 249 706
4 602 726 555 740
4 480 298 299 710
4 476 488 723 733
4 131 11 129 732
4 312 328 369 741
4 435 487 280 705
4 700 703 717 735
4 320 322 714 739
4 555 513 575 740
4 297 296 304 728
4 693 710 708 736
4 249 102 101 706
4 492 484 516 734
4 331 511 481 732
4 312 369 561 708
4 226 33 34 535
4 92 91 477 707
4 445 581 249 706
4 10 689 112 392
4 112 691 111 529
4 102 577 101 706
4 693 708 707 726
4 258 270 688 715
4 267 94 268 716
4 327 329 325 713
4 433 258 688 715
4 444 262 688 715
4 693 719 700 733
4 320 322 321 714
4 707 708 694 740
4 688 584 444 715
4 384 394 407 719
4 700 717 693 733
4 273 275 276 706
4 98 97 251 731
4 704 729 702 732
4 702 729 698 737
4 572 541 398 736
4 371 471 474 721
4 30 42 2 732
4 586 103 688 715
4 586 688 270 715
4 571 598 419 722
4 459 455 458 731
4 92 475 91 707
4 590 420 435 705
4 235 223 210 660
4 650 234 663 220
4 476 520 488 733
4 292 287 294 738
4 32 417 33 737
4 44 34 3 720
4 694 710 707 738
4 690 689 10 734
4 514 293 269 717
4 558 52 51 230
4 269 717 293 735
4 128 129 42 729
4 231 55 56 556
4 281 406 450 705
4 694 718 716 721
4 359 414 371 740
4 290 288 528 725
4 688 262 433 715
4 572 370 541 736
4 576 371 474 721
4 372 387 300 718
4 688 103 584 715
4 398 710 480 736
4 426 285 437 730
4 432 273 276 706
4 312 359 311 741
4 567 597 443 715
4 237 274 420 705
4 489 481 381 732
4 290 528 380 725
4 10 392 447 734
4 236 95 267 730
4 301 291 297 728
4 301 302 305 728
4 224 32 33 737
4 42 43 128 729
4 44 127 128 729
4 727 728 695 730
4 325 489 322 713
4 307 306 308 721
4 496 566 404 719
4 492 314 313 711
4 90 239 269 717
4 321 484 319 714
4 473 474 472 727
4 575 256 543 740
4 128 43 44 729
4 87 525 88 709
4 496 384 407 719
4 291 289 290 725
4 508 301 305 728
4 701 722 703 739
4 433 258 75 688
4 414 543 371 740
4 631 106 105 189
4 688 77 262 444
4 435 420 274 705
4 688 258 74 270
4 262 433 76 688
4 693 723 719 733
4 334 585 527 724
4 696 728 727 730
4 103 688 8 586
4 577 430 596 706
4 308 311 721 741
4 571 545 722 739
4 44 3 9 720
4 432 430 273 706
4 472 255 469 727
4 596 430 432 706
4 297 304 579 728
4 431 398 480 736
4 359 602 414 740
4 446 545 601 722
4 513 390 514 726
4 105 106 39 189
4 31 335 557 737
4 584 688 8 103
4 707 726 708 740
4 289 288 290 725
4 87 88 482 709
4 293 295 252 735
4 454 97 98 731
4 86 87 519 720
4 320 321 319 714
4 314 295 313 711
4 523 112 391 529
4 555 414 602 740
4 516 447 392 734
4 334 509 496 724
4 94 470 93 716
4 302 297 579 728
4 522 286 292 738
4 628 108 107 209
4 294 383 299 723
4 565 387 428 718
4 571 324 545 739
4 329 489 325 713
4 86 240 9 519
4 408 411 410 712
4 9 127 44 720
4 124 125 25 629
4 89 269 252 735
4 509 334 330 724
4 298 480 303 710
4 39 40 105 189
4 37 645 108 109
4 527 415 591 737
4 307 308 311 721
4 200 628 652 214
4 212 188 654 640
4 200 642 651 199
4 640 202 211 639
4 652 107 106 214
4 660 192 20 233
4 632 233 67 220
4 31 557 32 737
4 2 481 511 732
4 239 514 269 717
4 628 645 108 209
4 629 191 212 655
4 591 557 335 737
4 213 212 191 655
4 25 123 124 654
4 106 107 38 214
4 632 192 233 220
4 233 660 192 632
4 188 211 205 649
4 645 628 651 209
4 631 652 106 189
4 235 69 223 660
4 663 234 22 220
4 496 404 384 719
4 417 591 415 737
4 586 688 73 270
4 28 27 205 122
4 41 40 647 104
4 105 647 40 104
4 320 318 545 739
4 585 334 496 724
4 107 108 37 209
4 94 93 268 716
4 201 202 641 199
4 230 72 71 670
4 106 38 39 214
4 398 303 480 710
4 429 262 597 715
4 216 653 631 189
4 104 41 9 219
4 639 651 642 199
4 639 202 211 199
4 402 481 2 732
4 27 122 123 649
4 649 188 211 640
4 200 651 628 209
4 584 78 688 444
4 301 297 302 728
4 649 211 205 637
4 652 628 107 214
4 3 86 9 720
4 227 120 223 635
4 232 35 663 195
4 628 200 209 214
4 188 649 654 640
4 653 216 215 189
4 108 645 37 209
4 644 633 204 203
4 33 416 418 535
4 215 653 642 201
4 409 408 410 712
4 213 202 655 641
4 218 11 129 659
4 628 652 642 200
4 188 212 202 640
4 193 633 128 643
4 639 641 202 199
4 223 69 227 635
4 232 663 22 195
4 128 43 193 643
4 126 24 208 23
4 236 267 285 730
4 628 642 651 200
4 202 211 188 640
4 5 1 110 232
4 311 371 576 721
4 402 381 481 732
4 107 37 38 209
4 26 27 123 649
4 591 32 557 737
4 25 24 191 629
4 27 188 205 649
4 647 40 41 207
4 652 215 214 189
4 454 458 455 731
4 122 27 205 649
4 193 42 128 129
4 541 328 510 741
4 9 658 104 219
4 643 43 193 203
4 629 212 654 655
4 25 26 123 654
4 652 215 200 214
4 414 575 543 740
4 694 740 708 741
4 24 25 125 629
4 641 642 653 201
4 213 202 641 201
4 488 383 294 723
4 640 654 212 655
4 11 381 402 732
4 602 412 555 726
4 215 642 652 200
4 121 29 194 28
4 78 77 688 444
4 25 191 212 629
4 218 193 208 659
4 335 527 591 737
4 640 212 202 655
4 320 324 322 739
4 653 221 661 201
4 27 26 188 649
4 642 200 201 199
4 641 202 640 639
4 653 661 221 216
4 656 221 213 661
4 205 194 28 630
4 109 645 634 190
4 2 23 11 218
4 262 76 77 688
4 41 3 9 219
4 651 200 199 197
4 211 640 639 637
4 212 188 26 654
4 21 67 233 220
4 660 20 68 233
4 12 0 228 182
4 193 42 43 128
4 652 653 642 215
4 218 11 2 129
4 444 597 262 715
4 269 293 252 735
4 198 638 199 197
4 639 198 637 638
4 213 202 212 655
4 511 2 402 481
4 687 72 7 229
4 2 129 11 732
4 103 102 443 715
4 447 484 347 734
4 87 86 238 720
4 648 208 217 633
4 258 433 272 715
4 661 641 653 201
4 75 76 433 688
4 127 44 128 643
4 428 593 413 718
4 44 9 3 219
4 429 548 262 715
4 242 476 90 733
4 26 25 212 654
4 218 208 23 659
4 128 633 193 129
4 221 653 215 201
4 597 444 443 715
4 555 575 414 740
4 258 74 75 688
4 189 631 216 207
4 661 213 655 641
4 200 215 642 201
4 630 649 205 637
4 254 97 454 731
4 202 640 655 641
4 649 205 122 630
4 223 210 19 235
4 234 66 650 663
4 126 23 208 659
4 455 254 454 731
4 629 648 191 656
4 219 44 658 203
4 656 633 204 644
4 688 74 73 270
4 456 472 469 727
4 44 43 128 643
4 651 200 197 209
4 640 211 649 637
4 173 12 13 231
4 218 2 42 129
4 103 265 102 715
4 217 213 191 656
4 42 129 2 732
4 271 258 272 715
4 633 648 208 659
4 233 67 68 632
4 192 21 20 233
4 388 236 285 730
4 219 658 647 203
4 208 191 24 648
4 216 221 653 215
4 271 270 258 715
4 571 405 598 722
4 308 312 311 741
4 233 192 21 220
4 68 660 233 632
4 242 520 476 733
4 213 655 656 661
4 657 653 631 216
4 644 204 216 203
4 412 390 555 726
4 225 224 43 737
4 221 661 644 216
4 104 647 41 219
4 44 43 643 203
4 203 657 647 207
4 633 644 643 203
4 270 271 265 715
4 131 11 381 396
4 456 473 472 727
4 426 388 285 730
4 633 217 648 656
4 270 265 586 715
4 639 198 638 199
4 197 198 638 196
4 636 637 198 638
4 645 37 209 190
4 193 204 633 203
4 203 647 219 207
4 688 8 78 584
4 688 73 8 586
4 311 576 307 721
4 342 344 126 125
4 648 126 208 659
4 633 204 217 656
4 121 28 194 630
4 109 634 36 190
4 598 572 419 736
4 651 646 645 190
4 433 548 272 715
4 262 548 433 715
4 203 216 657 207
4 287 286 241 738
4 23 24 342 126
4 126 24 342 125
4 658 647 104 219
4 213 217 221 656
4 650 67 66 234
4 20 19 210 235
4 644 204 221 216
4 638 646 197 196
4 637 198 206 636
4 428 387 372 718
4 32 225 31 737
4 193 217 208 633
4 106 39 83 105
4 219 647 41 207
4 443 444 584 715
4 653 657 661 216
4 381 365 131 396
4 591 417 32 737
4 216 657 644 203
4 40 41 84 104
4 105 40 84 104
4 111 391 112 529
4 320 545 324 739
4 648 217 191 656
4 129 633 193 659
4 126 23 11 518
4 635 210 223 660
4 220 663 650 195
4 191 208 217 648
4 206 194 205 630
4 646 634 645 190
4 405 545 446 722
4 633 208 193 659
4 631 657 216 207
4 198 206 211 637
4 646 651 638 197
4 571 545 405 722
4 419 572 431 736
4 594 28 29 121
4 402 2 11 732
4 44 127 658 643
4 35 1 22 232
4 370 572 598 736
4 647 643 657 203
4 643 658 44 203
4 120 7 69 227
4 38 82 107 106
4 41 9 85 104
4 109 35 634 110
4 39 40 83 105
4 145 147 164 375
4 217 193 204 633
4 431 572 398 736
4 646 651 197 190
4 657 631 647 207
4 125 25 343 124
4 37 80 81 494
4 145 146 453 143
4 447 516 484 734
4 360 25 123 124
4 82 38 39 106
4 586 265 103 715
4 126 344 342 518
4 336 31 333 335
4 443 584 103 715
4 287 292 286 738
4 643 644 657 203
4 308 510 328 741
4 204 221 217 656
4 447 448 10 130
4 658 643 647 203
4 23 2 11 518
4 29 228 182 244
4 29 0 120 227
4 227 69 120 635
4 22 35 232 195
4 110 1 35 232
4 657 644 661 216
4 81 37 494 257
4 28 122 532 27
4 206 194 630 635
4 634 646 195 190
4 593 428 372 718
4 142 453 143 138
4 418 34 33 535
4 228 0 29 182
4 391 112 523 392
4 0 29 223 227
4 110 663 5 232
4 192 632 662 220
4 660 222 192 632
4 513 555 390 726
4 85 3 9 41
4 1 4 5 110
4 345 344 125 678
4 222 192 210 660
4 650 662 632 220
4 222 198 662 638
4 164 167 145 375
4 20 210 192 660
4 650 632 67 220
4 178 515 385 505
4 223 19 69 235
4 22 66 234 663
4 228 29 0 244
4 194 206 210 635
4 646 650 634 195
4 126 342 23 518
4 122 507 27 123
4 453 373 146 145
4 447 448 130 393
4 638 198 662 196
4 198 222 636 638
4 25 26 360 123
4 643 193 633 203
4 120 223 29 227
4 35 663 110 232
4 160 139 264 563
4 206 210 635 636
4 650 646 196 195
4 26 515 178 505
4 374 164 147 375
4 122 28 532 121
4 124 123 345 665
4 220 662 192 196
4 632 660 222 636
4 125 343 344 124
4 29 121 194 120
4 678 680 351 352
4 118 357 363 609
4 344 126 125 666
4 26 27 507 123
4 220 650 662 196
4 660 210 222 636
4 25 125 343 24
4 260 7 53 229
4 385 515 178 132
4 308 328 312 741
4 635 630 206 636
4 646 196 195 190
4 178 515 26 132
4 235 210 20 660
4 234 650 67 220
4 663 66 5 232
4 223 19 0 227
4 36 35 634 109
4 637 206 630 636
4 646 197 196 190
4 662 636 222 638
4 662 198 222 196
4 150 156 164 377
4 635 223 69 660
4 220 22 663 195
4 120 0 7 227
4 147 145 373 375
4 453 142 422 138
4 366 609 616 620
4 345 344 678 346
4 144 145 167 375
4 389 377 153 378
4 630 194 121 635
4 195 36 634 190
4 343 345 344 124
4 668 116 115 355
4 363 357 366 609
4 678 344 125 346
4 104 105 606 546
4 167 164 467 375
4 351 346 678 352
4 105 106 618 546
4 680 354 353 352
4 243 84 41 530
4 506 345 123 665
4 416 417 33 418
4 353 351 680 352
4 345 125 124 678
4 235 20 68 660
4 234 67 21 220
4 517 180 337 339
4 521 666 538 684
4 133 178 348 505
4 486 349 340 158
4 71 51 230 670
4 354 355 676 353
4 669 356 354 352
4 158 486 349 146
4 342 517 23 518
4 0 54 228 244
4 377 153 156 389
4 521 666 346 538
4 145 453 373 375
4 84 41 40 243
4 186 423 524 531
4 620 547 544 605
4 463 550 615 612
4 243 40 39 134
4 349 348 340 158
4 343 360 345 124
4 84 105 104 546
4 210 206 222 636
4 650 646 662 196
4 550 615 612 611
4 357 117 354 504
4 610 592 613 622
4 358 357 118 356
4 666 344 521 346
4 677 358 356 451
4 499 668 115 355
4 521 344 126 518
4 145 373 146 147
4 618 544 546 247
4 676 355 354 504
4 355 116 115 497
4 354 676 680 353
4 686 113 49 568
4 462 463 461 615
4 126 344 521 666
4 357 669 356 354
4 374 147 373 375
4 342 23 517 339
4 26 515 505 360
4 550 547 463 615
4 616 462 461 615
4 617 363 625 382
4 374 467 164 375
4 345 360 506 123
4 466 606 618 546
4 497 464 115 498
4 506 345 665 351
4 115 499 355 497
4 119 358 448 364
4 119 358 364 363
4 117 357 366 504
4 538 677 356 451
4 546 106 618 247
4 358 118 677 356
4 118 357 358 363
4 366 462 461 616
4 84 85 41 530
4 616 461 366 620
4 104 606 485 546
4 104 485 84 546
4 685 448 358 451
4 245 681 667 673
4 83 106 105 546
4 462 366 504 616
4 366 363 609 460
4 178 385 348 505
4 501 500 667 568
4 346 678 345 351
4 605 547 544 247
4 351 665 506 367
4 592 610 263 622
4 130 451 452 393
4 546 83 106 247
4 646 638 662 196
4 198 222 206 636
4 259 425 583 174
4 468 167 134 165
4 497 355 116 504
4 83 84 40 243
4 373 349 486 146
4 363 625 119 617
4 225 32 224 737
4 83 82 106 247
4 363 364 625 382
4 130 448 451 393
4 2 23 517 518
4 612 465 550 604
4 349 362 361 148
4 243 39 490 134
4 468 134 167 559
4 517 511 2 402
4 615 550 547 611
4 29 194 223 120
4 485 84 85 104
4 663 634 35 110
4 150 147 149 374
4 507 122 533 534
4 467 164 156 377
4 385 159 361 132
4 150 153 377 151
4 666 125 344 346
4 605 544 620 618
4 486 340 338 184
4 125 344 345 124
4 126 521 518 396
4 363 617 460 382
4 544 466 618 546
4 363 119 118 617
4 360 507 506 123
4 544 461 547 620
4 490 83 39 243
4 498 464 115 614
4 402 2 517 518
4 146 373 148 147
4 247 605 547 491
4 554 550 465 604
4 146 155 453 143
4 247 107 605 491
4 48 65 47 250
4 64 46 47 536
4 153 187 389 378
4 79 35 109 110
4 7 54 537 53
4 341 133 348 505
4 54 7 537 0
4 142 350 453 422
4 675 676 668 353
4 83 40 39 243
4 82 107 247 491
4 264 80 36 494
4 82 83 39 490
4 367 351 675 353
4 485 624 542 466
4 230 51 558 670
4 248 58 14 172
4 684 452 521 396
4 521 126 684 396
4 364 625 119 363
4 460 461 544 620
4 106 107 605 247
4 360 26 507 123
4 364 391 625 382
4 373 362 148 147
4 592 263 554 622
4 349 373 362 148
4 676 680 669 354
4 182 228 55 244
4 624 240 485 542
4 497 116 462 504
4 389 156 377 401
4 660 635 210 636
4 196 220 650 195
4 133 348 340 341
4 679 538 666 684
4 105 84 83 546
4 37 36 80 494
4 507 515 26 360
4 618 605 544 247
4 333 30 31 336
4 378 440 376 151
4 422 33 423 138
4 259 425 174 582
4 166 361 159 132
4 462 464 463 608
4 355 499 668 503
4 179 530 438 424
4 140 336 338 350
4 464 462 497 608
4 358 119 118 363
4 625 391 112 382
4 86 3 85 438
4 115 464 608 614
4 568 113 49 539
4 612 613 465 604
4 115 499 497 498
4 378 377 153 151
4 354 680 669 352
4 175 386 166 132
4 4 79 588 110
4 147 150 164 374
4 184 338 140 339
4 438 3 85 530
4 364 112 391 392
4 33 417 422 418
4 118 669 677 356
4 184 340 338 339
4 118 117 357 609
4 123 345 360 124
4 144 423 562 524
4 547 620 615 605
4 505 343 25 360
4 461 463 547 615
4 155 486 338 184
4 57 13 56 439
4 176 156 401 573
4 142 453 155 143
4 354 117 676 504
4 355 676 116 504
4 675 503 367 353
4 58 15 14 172
4 373 362 147 374
4 35 79 4 110
4 117 116 676 504
4 46 63 45 263
4 14 248 172 137
4 49 6 113 686
4 14 57 58 248
4 504 366 117 616
4 175 400 399 162
4 617 609 363 460
4 351 675 665 367
4 402 11 2 518
4 402 11 518 396
4 665 345 678 351
4 11 402 381 396
4 452 131 365 396
4 421 248 439 177
4 121 29 594 120
4 497 115 464 608
4 453 373 486 146
4 588 5 4 110
4 399 515 27 532
4 557 32 417 422
4 423 144 186 524
4 235 68 69 660
4 21 22 234 220
4 162 28 580 532
4 338 337 336 140
4 355 668 676 353
4 30 337 511 517
4 606 466 485 546
4 338 337 140 339
4 500 674 499 501
4 4 1 35 110
4 668 355 503 353
4 156 176 135 573
4 27 132 399 162
4 614 114 599 607
4 554 613 592 622
4 243 41 40 168
4 169 184 140 339
4 155 453 486 146
4 468 134 600 165
4 240 111 529 542
4 447 10 448 392
4 125 666 678 346
4 263 554 622 553
4 366 357 117 609
4 669 118 357 356
4 339 342 169 341
4 123 122 506 671
4 343 25 341 505
4 665 671 506 367
4 665 680 675 351
4 244 29 54 537
4 667 501 245 673
4 168 243 41 530
4 122 532 507 533
4 357 117 669 354
4 114 113 599 607
4 156 467 377 401
4 511 2 30 517
4 485 9 85 240
4 240 9 85 86
4 165 156 135 573
4 616 116 462 608
4 671 665 675 367
4 532 122 121 533
4 468 600 134 559
4 342 343 24 341
4 364 448 10 392
4 551 464 498 614
4 257 82 38 490
4 599 498 114 614
4 333 337 30 336
4 667 674 500 501
4 515 26 27 507
4 180 140 337 339
4 460 623 466 382
4 678 124 345 665
4 532 515 27 507
4 677 119 118 358
4 156 164 467 165
4 349 373 148 146
4 501 674 499 503
4 117 669 118 357
4 173 56 439 556
4 553 79 109 110
4 530 438 3 179
4 497 462 116 608
4 61 62 18 552
4 554 465 613 604
4 23 180 517 339
4 451 685 448 130
4 108 611 491 261
4 156 467 401 165
4 620 616 461 615
4 15 58 59 540
4 158 348 340 133
4 491 611 550 261
4 23 342 169 339
4 620 461 547 615
4 240 485 9 624
4 120 121 194 635
4 35 36 634 195
4 606 623 466 618
4 401 389 176 403
4 580 399 162 532
4 111 391 529 542
4 687 260 52 229
4 464 465 463 612
4 106 82 107 247
4 551 250 592 607
4 132 515 27 399
4 181 600 134 165
4 609 117 366 616
4 72 52 558 230
4 438 34 424 535
4 230 558 72 670
4 609 363 118 617
4 362 149 147 374
4 159 348 385 361
4 57 13 439 137
4 152 376 440 151
4 159 348 361 349
4 462 616 608 615
4 153 187 378 171
4 351 680 675 353
4 222 192 662 196
4 636 222 632 662
4 165 401 156 573
4 158 349 148 146
4 550 463 465 612
4 683 356 352 538
4 625 112 619 382
4 502 670 245 673
4 507 122 534 506
4 680 665 678 351
4 504 116 462 616
4 623 619 466 382
4 162 399 27 532
4 401 467 468 165
4 621 592 250 607
4 621 613 592 607
4 503 675 668 353
4 540 136 172 603
4 604 550 612 611
4 425 389 187 378
4 122 534 506 671
4 537 29 0 120
4 117 676 669 354
4 439 400 173 556
4 37 81 108 107
4 338 350 486 155
4 675 672 671 367
4 12 55 231 556
4 605 618 106 247
4 30 337 333 511
4 133 24 25 341
4 223 194 210 635
4 663 634 650 195
4 452 451 130 679
4 336 30 31 140
4 360 343 25 124
4 14 57 248 137
4 17 61 18 170
4 623 466 619 606
4 667 674 114 500
4 422 423 33 418
4 84 41 85 104
4 149 148 362 147
4 364 10 112 392
4 623 617 619 382
4 153 176 156 389
4 61 17 60 259
4 108 80 37 109
4 605 615 547 611
4 608 463 462 615
4 667 501 568 245
4 260 120 7 229
4 63 45 263 627
4 346 683 352 538
4 35 36 79 109
4 499 114 674 500
4 507 122 506 123
4 611 550 547 491
4 439 13 56 173
4 604 554 550 261
4 63 46 64 610
4 116 668 676 355
4 377 150 376 374
4 33 423 138 157
4 502 245 501 673
4 107 611 605 491
4 684 126 11 396
4 617 623 460 382
4 452 538 451 679
4 27 532 507 122
4 149 362 376 374
4 670 681 245 673
4 544 466 623 618
4 134 490 600 181
4 184 169 133 341
4 115 114 674 499
4 569 533 121 664
4 50 51 71 245
4 175 400 386 399
4 54 29 0 537
4 41 85 3 530
4 686 49 70 568
4 485 85 9 104
4 536 64 46 610
4 466 619 542 382
4 448 358 119 685
4 182 55 556 244
4 385 515 132 399
4 117 116 504 616
4 151 171 378 603
4 248 57 439 137
4 58 15 172 540
4 28 29 141 594
4 231 173 12 556
4 498 115 114 614
4 338 140 155 184
4 503 501 672 578
4 157 34 33 418
4 82 39 83 106
4 105 618 606 546
4 417 32 33 422
4 376 377 378 151
4 336 337 30 140
4 460 623 609 620
4 194 223 120 635
4 663 35 634 195
4 81 37 38 107
4 161 403 176 583
4 448 10 119 364
4 490 243 134 559
4 39 38 82 490
4 176 160 135 403
4 613 536 610 621
4 464 551 465 614
4 518 11 126 396
4 150 149 376 374
4 670 558 682 502
4 385 348 159 178
4 133 340 184 341
4 619 391 542 382
4 184 486 340 158
4 50 70 49 568
4 613 465 551 614
4 569 534 533 664
4 377 376 150 151
4 624 485 9 104
4 552 18 61 170
4 134 600 490 559
4 70 50 71 681
4 453 350 142 155
4 148 362 166 149
4 54 0 29 244
4 573 401 176 403
4 52 260 687 558
4 335 336 31 557
4 358 677 685 451
4 687 7 120 229
4 116 115 497 608
4 120 260 687 229
4 391 619 112 382
4 537 594 29 120
4 608 464 463 612
4 136 154 172 603
4 672 664 671 578
4 530 3 41 179
4 467 167 375 524
4 468 401 165 573
4 108 611 107 491
4 180 23 169 339
4 580 28 162 141
4 159 385 178 132
4 40 84 83 105
4 350 453 486 155
4 49 6 48 539
4 439 400 163 173
4 671 534 506 367
4 158 155 486 146
4 264 139 552 563
4 136 171 154 603
4 180 30 2 517
4 424 179 530 531
4 108 604 611 261
4 257 38 37 135
4 27 28 162 532
4 611 547 605 491
4 493 376 440 152
4 569 664 682 673
4 538 666 683 679
4 160 139 563 161
4 56 173 231 556
4 676 675 680 353
4 674 668 115 499
4 544 623 460 620
4 160 139 36 264
4 465 613 612 614
4 27 26 515 132
4 386 385 132 399
4 687 260 682 558
4 494 160 264 563
4 34 418 424 535
4 625 112 391 364
4 180 337 30 517
4 683 680 678 352
4 502 682 670 673
4 683 677 538 679
4 538 677 451 679
4 400 580 162 141
4 619 111 391 112
4 375 167 144 524
4 537 0 7 120
4 681 50 71 245
4 6 49 70 686
4 438 34 179 424
4 245 51 71 670
4 240 624 111 542
4 615 608 463 612
4 466 544 623 460
4 250 65 47 621
4 260 533 121 682
4 418 157 34 424
4 671 506 123 665
4 438 34 3 179
4 614 551 613 607
4 187 425 378 171
4 9 3 85 86
4 551 592 613 607
4 362 376 493 149
4 553 261 604 109
4 158 159 348 133
4 176 156 389 401
4 682 260 569 558
4 578 501 672 673
4 533 260 569 682
4 624 9 240 111
4 530 168 243 531
4 403 389 176 583
4 552 183 18 170
4 32 31 142 557
4 609 617 623 460
4 108 604 261 109
4 493 386 361 166
4 343 25 24 341
4 664 569 502 673
4 558 569 682 502
4 674 672 501 673
4 421 175 386 152
4 132 175 386 399
4 361 362 493 166
4 13 57 14 137
4 672 674 501 503
4 422 142 32 138
4 48 65 250 626
4 562 143 453 138
4 173 439 13 137
4 150 153 156 377
4 25 26 505 360
4 135 600 181 165
4 173 163 439 137
4 349 361 159 148
4 502 569 682 673
4 161 139 563 170
4 573 176 135 403
4 499 115 114 498
4 170 161 174 259
4 683 678 346 352
4 400 175 163 162
4 361 362 166 148
4 539 6 48 626
4 80 36 37 109
4 672 675 503 367
4 672 664 578 673
4 6 65 48 626
4 184 155 486 158
4 539 48 250 626
4 169 342 24 341
4 133 169 24 341
4 400 173 556 141
4 580 28 594 532
4 245 558 670 502
4 619 391 111 542
4 250 47 536 621
4 542 624 619 466
4 163 175 421 152
4 38 257 490 181
4 611 604 550 261
4 568 500 113 539
4 134 243 40 168
4 610 536 592 263
4 578 502 501 673
4 350 142 31 557
4 540 172 248 603
4 159 348 349 158
4 173 13 56 231
4 39 38 490 181
4 544 623 620 618
4 667 113 686 568
4 222 192 632 662
4 6 49 113 539
4 261 604 554 553
4 51 245 558 670
4 32 33 422 138
4 553 604 622 109
4 421 440 248 177
4 537 594 120 533
4 580 556 244 141
4 422 562 453 138
4 531 524 186 559
4 168 134 243 559
4 64 47 65 621
4 672 675 668 503
4 144 143 145 562
4 137 439 248 177
4 134 39 490 181
4 259 161 174 583
4 223 69 19 227
4 663 22 66 232
4 625 10 112 364
4 4 1 62 587
4 386 400 163 421
4 563 403 161 583
4 554 613 622 604
4 163 400 439 421
4 500 499 114 498
4 166 362 493 149
4 121 120 260 682
4 551 498 599 614
4 176 160 403 161
4 167 467 468 524
4 403 160 563 161
4 558 682 687 670
4 163 175 386 421
4 120 594 121 533
4 165 135 600 573
4 612 464 465 614
4 683 677 356 538
4 376 149 150 151
4 36 37 160 494
4 448 119 10 685
4 151 154 171 603
4 350 31 336 557
4 578 671 672 367
4 134 168 186 559
4 177 163 421 152
4 499 674 668 503
4 144 562 375 524
4 524 468 167 559
4 244 556 182 141
4 141 29 244 594
4 627 45 263 588
4 683 346 666 538
4 250 536 592 621
4 421 439 163 177
4 485 624 466 606
4 175 386 493 166
4 423 562 422 138
4 400 163 173 141
4 356 669 683 352
4 588 622 627 110
4 121 594 28 533
4 178 348 159 133
4 625 119 10 364
4 59 16 15 136
4 183 18 62 552
4 140 180 169 339
4 72 52 687 558
4 80 79 36 109
4 107 82 81 491
4 569 664 502 578
4 578 664 502 673
4 141 580 28 594
4 137 163 439 177
4 45 5 4 588
4 148 159 349 158
4 491 81 108 261
4 622 627 263 588
4 109 622 553 110
4 151 378 440 603
4 35 4 79 587
4 666 678 346 683
4 52 72 687 229
4 171 378 153 151
4 677 119 358 685
4 172 248 58 540
4 613 592 536 621
4 667 114 113 500
4 136 15 59 540
4 114 113 500 599
4 63 46 610 263
4 257 37 494 135
4 55 12 228 182
4 47 64 536 621
4 17 61 170 259
4 61 552 170 259
4 149 376 152 151
4 424 157 179 531
4 162 163 400 141
4 1 4 35 587
4 154 248 172 603
4 32 591 557 417
4 60 185 582 259
4 180 2 23 517
4 46 536 610 263
4 599 551 614 607
4 685 10 448 130
4 138 423 144 157
4 580 400 556 141
4 466 624 619 606
4 135 257 38 181
4 245 71 681 670
4 264 36 160 494
4 16 59 60 582
4 680 683 669 352
4 186 168 157 531
4 553 622 263 588
4 248 172 137 177
4 568 681 667 245
4 12 55 556 182
4 533 120 537 260
4 604 622 554 553
4 501 667 674 673
4 82 38 81 257
4 679 130 452 131
4 539 113 6 626
4 610 536 64 621
4 53 537 120 260
4 612 608 464 614
4 558 687 72 670
4 493 421 386 152
4 562 144 143 138
4 400 580 399 162
4 79 80 553 109
4 440 421 493 152
4 183 62 587 552
4 536 592 613 610
4 136 59 582 540
4 136 172 15 540
4 65 250 626 621
4 423 157 418 424
4 185 60 17 259
4 399 132 175 162
4 139 552 563 170
4 186 167 134 559
4 684 131 452 396
4 588 627 5 110
4 588 553 622 110
4 183 139 552 264
4 674 672 668 503
4 683 677 669 356
4 263 610 63 627
4 531 168 243 559
4 166 493 175 152
4 534 671 664 578
4 186 144 423 157
4 113 539 599 607
4 493 386 175 152
4 1 18 62 183
4 582 185 174 259
4 165 600 468 573
4 600 257 135 181
4 135 494 257 573
4 166 159 361 148
4 664 121 569 682
4 141 244 580 594
4 45 63 5 627
4 587 1 62 183
4 37 160 494 135
4 113 667 500 568
4 423 157 424 531
4 568 50 681 245
4 485 624 606 104
4 556 173 12 182
4 121 120 533 260
4 539 113 626 607
4 664 569 534 578
4 531 186 168 559
4 157 168 179 531
4 79 553 588 110
4 563 161 170 259
4 425 187 389 583
4 562 423 144 138
4 81 38 82 107
4 490 257 600 181
4 33 423 157 418
4 569 121 533 682
4 582 425 136 540
4 120 7 53 260
4 261 80 108 109
4 440 154 151 603
4 36 79 80 264
4 534 671 578 367
4 130 451 685 679
4 578 672 503 367
4 592 465 613 554
4 671 122 534 664
4 532 28 594 533
4 537 7 53 120
4 552 587 183 264
4 107 81 108 491
4 11 131 684 396
4 25 26 178 505
4 60 17 16 185
4 613 465 592 551
4 342 24 23 169
4 145 144 562 375
4 79 36 35 264
4 563 161 259 583
4 157 423 186 531
4 29 244 594 537
4 386 400 175 163
4 80 261 553 109
4 28 532 121 533
4 16 59 582 136
4 168 530 179 531
4 135 257 600 573
4 340 184 158 133
4 152 493 376 149
4 521 126 666 684
4 170 185 17 259
4 625 619 617 382
4 627 5 45 588
4 187 174 161 583
4 172 248 154 177
4 451 677 685 679
4 244 182 29 141
4 250 551 599 607
4 552 139 183 170
4 582 185 16 136
4 539 500 113 599
4 154 248 440 177
4 153 187 176 389
4 170 552 563 259
4 152 440 154 151
4 152 166 493 149
4 170 174 185 259
4 171 174 425 136
4 81 80 108 261
4 563 494 160 403
4 185 16 60 582
4 37 81 38 257
4 425 171 136 603
4 179 34 157 424
4 167 186 524 559
4 248 154 440 603
4 140 337 30 180
4 556 173 182 141
4 530 41 168 179
4 174 185 582 136
4 160 494 135 403
4 540 425 136 603
4 167 186 144 524
4 139 183 35 264
4 498 114 500 599
4 139 35 36 264
4 81 80 37 108
4 587 35 1 183
4 573 135 494 403
4 686 681 667 568
4 174 582 425 136
4 425 378 171 603
4 183 587 35 264
4 619 111 624 542
4 587 79 35 264
4 174 187 425 583
4 187 174 425 171
4 263 610 627 622
4 452 679 131 684
4 250 626 621 607
4 687 260 120 682
4 721 302 305 306
4 721 305 302 695
4 712 394 526 700
4 712 526 394 408
4 730 716 95 267
4 730 95 716 695
4 721 413 302 306
4 721 302 413 718
4 721 694 543 716
4 721 543 694 740
4 256 543 694 716
4 256 694 543 740
4 725 512 459 310
4 725 459 512 697
4 394 733 383 520
4 383 733 394 719
4 695 428 728 579
4 695 728 428 565
4 304 728 428 579
4 304 428 728 565
4 383 733 488 520
4 488 733 383 723
4 482 711 735 295
4 735 711 482 709
4 92 738 477 241
4 477 738 92 707
4 732 329 489 481
4 732 489 329 713
4 732 323 365 381
4 732 365 323 704
4 690 729 129 128
4 129 729 690 704
4 724 409 407 585
4 724 407 409 712
4 313 735 295 293
4 295 735 313 711
4 565 574 730 304
4 565 730 574 426
4 720 438 86 238
4 720 86 438 3
4 211 639 198 637
4 211 198 639 199
4 199 651 638 639
4 638 651 199 197
4 129 218 193 42
4 193 218 129 659
4 130 365 452 131
4 452 365 130 393
4 189 653 652 215
4 189 652 653 631
4 655 191 656 629
4 655 656 191 213
4 214 106 189 39
4 214 189 106 652
4 649 26 654 123
4 649 654 26 188
4 629 24 648 125
4 629 648 24 191
4 209 107 214 38
4 209 214 107 628
4 199 641 642 639
4 199 642 641 201
4 654 25 629 124
4 654 629 25 212
4 651 190 209 197
4 209 190 651 645
4 205 637 206 630
4 206 637 205 211
4 190 109 37 36
4 190 37 109 645
4 630 28 122 121
4 630 122 28 205
4 647 40 631 105
4 647 631 40 207
4 189 631 40 105
4 189 40 631 207
4 661 201 213 641
4 213 201 661 221
4 644 221 656 661
4 644 656 221 204
4 648 24 126 125
4 648 126 24 208
4 31 350 140 142
4 140 350 31 336
4 658 44 9 127
4 9 44 658 219
4 659 23 11 126
4 659 11 23 218
4 133 505 25 178
4 25 505 133 341
4 132 361 386 166
4 132 386 361 385
4 366 620 460 609
4 460 620 366 461
4 684 538 452 679
4 684 452 538 521
4 377 164 374 467
4 377 374 164 150
4 184 339 341 340
4 341 339 184 169
4 557 142 422 350
4 557 422 142 32
4 145 453 562 143
4 145 562 453 375
4 342 125 343 344
4 343 125 342 24
4 664 533 122 534
4 664 122 533 121
4 140 350 155 142
4 155 350 140 338
4 176 583 187 161
4 187 583 176 389
4 467 165 167 468
4 167 165 467 164
4 607 539 250 626
4 607 250 539 599
4 568 70 681 50
4 568 681 70 686
4 177 440 152 421
4 177 152 440 154

CELL_TYPES 3827
1
1
1
1
1
1
1
1
1
1
1
1
3
3
3
3
3
3
3
3
3
3
3
3
3
3
3
3
3
3
3
3
3
3
3
3
3
3
3
3
3
3
3
3
3
3
3
3
3
3
3
3
3
3
3
3
3
3
3
3
3
3
3
3
3
3
3
3
3
3
3
3
3
3
3
3
3
3
3
3
3
3
3
3
3
3
3
3
3
3
3
3
3
3
3
3
3
3
3
3
3
3
3
3
3
3
3
3
3
3
3
3
3
3
3
3
3
3
3
3
3
3
3
3
3
3
3
3
3
3
3
3
3
3
3
3
3
3
3
3
3
3
3
3
3
3
3
3
3
3
5
5
5
5
5
5
5
5
5
5
5
5
5
5
5
5
5
5
5
5
5
5
5
5
5
5
5
5
5
5
5
5
5
5
5
5
5
5
5
5
5
5
5
5
5
5
5
5
5
5
5
5
5
5
5
5
5
5
5
5
5
5
5
5
5
5
5
5
5
5
5
5
5
5
5
5
5
5
5
5
5
5
5
5
5
5
5
5
5
5
5
5
5
5
5
5
5
5
5
5
5
5
5
5
5
5
5
5
5
5
5
5
5
5
5
5
5
5
5
5
5
5
5
5
5
5
5
5
5
5
5
5
5
5
5
5
5
5
5
5
5
5
5
5
5
5
5
5
5
5
5
5
5
5
5
5
5
5
5
5
5
5
5
5
5
5
5
5
5
5
5
5
5
5
5
5
5
5
5
5
5
5
5
5
5
5
5
5
5
5
5
5
5
5
5
5
5
5
5
5
5
5
5
5
5
5
5
5
5
5
5
5
5
5
5
5
5
5
5
5
5
5
5
5
5
5
5
5
5
5
5
5
5
5
5
5
5
5
5
5
5
5
5
5
5
5
5
5
5
5
5
5
5
5
5
5
5
5
5
5
5
5
5
5
5
5
5
5
5
5
5
5
5
5
5
5
5
5
5
5
5
5
5
5
5
5
5
5
5
5
5
5
5
5
5
5
5
5
5
5
5
5
5
5
5
5
5
5
5
5
5
5
5
5
5
5
5
5
5
5
5
5
5
5
5
5
5
5
5
5
5
5
5
5
5
5
5
5
5
5
5
5
5
5
5
5
5
5
5
5
5
5
5
5
5
5
5
5
5
5
5
5
5
5
5
5
5
5
5
5
5
5
5
5
5
5
5
5
5
5
5
5
5
5
5
5
5
5
5
5
5
5
5
5
5
5
5
5
5
5
5
5
5
5
5
5
5
5
5
5
5
5
5
5
5
5
5
5
5
5
5
5
5
5
5
5
5
5
5
5
5
5
5
5
5
5
5
5
5
5
5
5
5
5
5
5
5
5
5
5
5
5
5
5
5
5
5
5
5
5
5
5
5
5
5
5
5
5
5
5
5
5
5
5
5
5
5
5
5
5
5
5
5
5
5
5
5
5
5
5
5
5
5
5
5
5
5
5
5
5
5
5
5
5
5
5
5
5
5
5
5
5
5
5
5
5
5
5
5
5
5
5
5
5
5
5
5
5
5
5
5
5
5
5
5
5
5
5
5
5
5
5
5
5
5
5
5
5
5
5
5
5
5
5
5
5
5
5
5
5
5
5
5
5
5
5
5
5
5
5
5
5
5
5
5
5
5
5
5
5
5
5
5
5
5
5
5
5
5
5
5
5
5
5
5
5
5
5
5
5
5
5
5
5
5
5
5
5
5
5
5
5
5
5
5
5
5
5
5
5
5
5
5
5
5
5
5
5
5
5
5
5
5
5
5
5
5
5
5
5
5
5
5
5
5
5
5
5
5
5
5
5
5
5
5
5
5
5
5
5
5
5
5
5
5
5
5
5
5
5
5
5
5
5
5
5
5
5
5
5
5
5
5
5
5
5
5
5
5
5
5
5
5
5
5
5
5
5
5
5
5
5
5
5
5
5
5
5
5
5
5
5
5
5
5
5
5
5
5
5
5
5
5
5
5
5
5
5
5
5
5
5
5
5
5
5
5
5
5
5
5
5
5
5
5
5
5
5
5
5
5
5
5
5
5
5
5
5
5
5
5
5
5
5
5
5
5
5
5
5
5
5
5
5
5
5
5
5
5
5
5
5
5
5
5
5
5
5
5
5
5
5
5
5
5
5
5
5
5
5
5
5
5
5
5
5
5
5
5
5
5
5
5
5
5
5
5
5
5
5
5
5
5
5
5
5
5
5
5
5
5
5
5
5
5
5
5
5
5
5
5
5
5
5
5
5
5
5
5
5
5
5
5
5
5
5
5
5
5
5
5
5
5
5
5
5
5
5
5
5
5
5
5
5
5
5
5
5
5
5
5
5
5
5
5
5
5
5
5
5
5
5
5
5
5
5
5
5
5
5
5
5
5
5
5
5
5
5
5
5
5
5
5
5
5
5
5
5
5
5
5
5
5
5
5
5
5
5
5
5
5
5
5
5
5
5
5
5
5
5
5
5
5
5
5
5
5
5
5
5
5
5
5
5
5
5
5
5
5
5
5
5
5
5
5
5
5
5
5
5
5
5
5
5
5
5
5
5
5
5
5
5
5
5
5
5
5
5
5
5
5
5
5
5
5
5
5
5
5
5
5
5
5
5
5
5
5
5
5
5
5
5
5
5
5
5
5
5
5
5
5
5
5
5
5
5
5
5
5
5
5
5
5
5
5
5
5
5
5
5
5
5
5
5
5
5
5
5
5
5
5
5
5
5
5
5
5
5
5
5
5
5
5
5
5
5
5
5
5
5
5
5
5
5
5
5
5
5
5
5
5
5
5
5
5
5
5
5
5
5
5
5
5
5
5
5
5
5
5
5
5
5
5
5
5
5
5
5
5
5
5
5
5
5
5
5
5
5
5
5
5
5
5
5
5
5
5
5
5
5
5
5
5
5
5
5
5
5
5
5
5
5
5
5
5
5
5
5
5
5
5
5
5
5
5
5
5
5
5
5
5
5
5
5
5
5
5
5
5
5
5
5
5
5
5
5
5
5
5
5
5
5
5
5
5
5
5
5
5
5
5
5
5
5
5
5
5
5
5
5
5
5
5
5
5
5
5
5
5
5
5
5
5
5
5
5
5
5
5
5
5
5
5
5
5
5
5
5
5
5
5
5
5
5
5
5
5
5
5
5
5
5
5
5
5
5
5
5
5
5
5
5
5
5
5
5
5
5
5
5
5
5
5
5
5
5
5
5
5
5
5
5
5
5
5
5
5
5
5
5
5
5
5
5
5
5
5
5
5
5
5
5
5
5
5
5
5
5
5
5
5
5
5
5
5
5
5
5
5
5
5
5
5
5
5
5
5
5
5
5
5
5
5
5
5
5
5
5
5
5
5
5
5
5
5
5
5
5
5
5
5
5
5
5
5
5
5
5
5
5
5
5
5
5
5
5
5
5
5
5
5
5
5
5
5
5
5
5
5
5
5
5
5
5
5
5
5
5
5
5
10
10
10
10
10
10
10
10
10
10
10
10
10
10
10
10
10
10
10
10
10
10
10
10
10
10
10
10
10
10
10
10
10
10
10
10
10
10
10
10
10
10
10
10
10
10
10
10
10
10
10
10
10
10
10
10
10
10
10
10
10
10
10
10
10
10
10
10
10
10
10
10
10
10
10
10
10
10
10
10
10
10
10
10
10
10
10
10
10
10
10
10
10
10
10
10
10
10
10
10
10
10
10
10
10
10
10
10
10
10
10
10
10
10
10
10
10
10
10
10
10
10
10
10
10
10
10
10
10
10
10
10
10
10
10
10
10
10
10
10
10
10
10
10
10
10
10
10
10
10
10
10
10
10
10
10
10
10
10
10
10
10
10
10
10
10
10
10
10
10
10
10
10
10
10
10
10
10
10
10
10
10
10
10
10
10
10
10
10
10
10
10
10
10
10
10
10
10
10
10
10
10
10
10
10
10
10
10
10
10
10
10
10
10
10
10
10
10
10
10
10
10
10
10
10
10
10
10
10
10
10
10
10
10
10
10
10
10
10
10
10
10
10
10
10
10
10
10
10
10
10
10
10
10
10
10
10
10
10
10
10
10
10
10
10
10
10
10
10
10
10
10
10
10
10
10
10
10
10
10
10
10
10
10
10
10
10
10
10
10
10
10
10
10
10
10
10
10
10
10
10
10
10
10
10
10
10
10
10
10
10
10
10
10
10
10
10
10
10
10
10
10
10
10
10
10
10
10
10
10
10
10
10
10
10
10
10
10
10
10
10
10
10
10
10
10
10
10
10
10
10
10
10
10
10
10
10
10
10
10
10
10
10
10
10
10
10
10
10
10
10
10
10
10
10
10
10
10
10
10
10
10
10
10
10
10
10
10
10
10
10
10
10
10
10
10
10
10
10
10
10
10
10
10
10
10
10
10
10
10
10
10
10
10
10
10
10
10
10
10
10
10
10
10
10
10
10
10
10
10
10
10
10
10
10
10
10
10
10
10
10
10
10
10
10
10
10
10
10
10
10
10
10
10
10
10
10
10
10
10
10
10
10
10
10
10
10
10
10
10
10
10
10
10
10
10
10
10
10
10
10
10
10
10
10
10
10
10
10
10
10
10
10
10
10
10
10
10
10
10
10
10
10
10
10
10
10
10
10
10
10
10
10
10
10
10
10
10
10
10
10
10
10
10
10
10
10
10
10
10
10
10
10
10
10
10
10
10
10
10
10
10
10
10
10
10
10
10
10
10
10
10
10
10
10
10
10
10
10
10
10
10
10
10
10
10
10
10
10
10
10
10
10
10
10
10
10
10
10
10
10
10
10
10
10
10
10
10
10
10
10
10
10
10
10
10
10
10
10
10
10
10
10
10
10
10
10
10
10
10
10
10
10
10
10
10
10
10
10
10
10
10
10
10
10
10
10
10
10
10
10
10
10
10
10
10
10
10
10
10
10
10
10
10
10
10
10
10
10
10
10
10
10
10
10
10
10
10
10
10
10
10
10
10
10
10
10
10
10
10
10
10
10
10
10
10
10
10
10
10
10
10
10
10
10
10
10
10
10
10
10
10
10
10
10
10
10
10
10
10
10
10
10
10
10
10
10
10
10
10
10
10
10
10
10
10
10
10
10
10
10
10
10
10
10
10
10
10
10
10
10
10
10
10
10
10
10
10
10
10
10
10
10
10
10
10
10
10
10
10
10
10
10
10
10
10
10
10
10
10
10
10
10
10
10
10
10
10
10
10
10
10
10
10
10
10
10
10
10
10
10
10
10
10
10
10
10
10
10
10
10
10
10
10
10
10
10
10
10
10
10
10
10
10
10
10
10
10
10
10
10
10
10
10
10
10
10
10
10
10
10
10
10
10
10
10
10
10
10
10
10
10
10
10
10
10
10
10
10
10
10
10
10
10
10
10
10
10
10
10
10
10
10
10
10
10
10
10
10
10
10
10
10
10
10
10
10
10
10
10
10
10
10
10
10
10
10
10
10
10
10
10
10
10
10
10
10
10
10
10
10
10
10
10
10
10
10
10
10
10
10
10
10
10
10
10
10
10
10
10
10
10
10
10
10
10
10
10
10
10
10
10
10
10
10
10
10
10
10
10
10
10
10
10
10
10
10
10
10
10
10
10
10
10
10
10
10
10
10
10
10
10
10
10
10
10
10
10
10
10
10
10
10
10
10
10
10
10
10
10
10
10
10
10
10
10
10
10
10
10
10
10
10
10
10
10
10
10
10
10
10
10
10
10
10
10
10
10
10
10
10
10
10
10
10
10
10
10
10
10
10
10
10
10
10
10
10
10
10
10
10
10
10
10
10
10
10
10
10
10
10
10
10
10
10
10
10
10
10
10
10
10
10
10
10
10
10
10
10
10
10
10
10
10
10
10
10
10
10
10
10
10
10
10
10
10
10
10
10
10
10
10
10
10
10
10
10
10
10
10
10
10
10
10
10
10
10
10
10
10
10
10
10
10
10
10
10
10
10
10
10
10
10
10
10
10
10
10
10
10
10
10
10
10
10
10
10
10
10
10
10
10
10
10
10
10
10
10
10
10
10
10
10
10
10
10
10
10
10
10
10
10
10
10
10
10
10
10
10
10
10
10
10
10
10
10
10
10
10
10
10
10
10
10
10
10
10
10
10
10
10
10
10
10
10
10
10
10
10
10
10
10
10
10
10
10
10
10
10
10
10
10
10
10
10
10
10
10
10
10
10
10
10
10
10
10
10
10
10
10
10
10
10
10
10
10
10
10
10
10
10
10
10
10
10
10
10
10
10
10
10
10
10
10
10
10
10
10
10
10
10
10
10
10
10
10
10
10
10
10
10
10
10
10
10
10
10
10
10
10
10
10
10
10
10
10
10
10
10
10
10
10
10
10
10
10
10
10
10
10
10
10
10
10
10
10
10
10
10
10
10
10
10
10
10
10
10
10
10
10
10
10
10
10
10
10
10
10
10
10
10
10
10
10
10
10
10
10
10
10
10
10
10
10
10
10
10
10
10
10
10
10
10
10
10
10
10
10
10
10
10
10
10
10
10
10
10
10
10
10
10
10
10
10
10
10
10
10
10
10
10
10
10
10
10
10
10
10
10
10
10
10
10
10
10
10
10
10
10
10
10
10
10
10
10
10
10
10
10
10
10
10
10
10
10
10
10
10
10
10
10
10
10
10
10
10
10
10
10
10
10
10
10
10
10
10
10
10
10
10
10
10
10
10
10
10
10
10
10
10
10
10
10
10
10
10
10
10
10
10
10
10
10
10
10
10
10
10
10
10
10
10
10
10
10
10
10
10
10
10
10
10
10
10
10
10
10
10
10
10
10
10
10
10
10
10
10
10
10
10
10
10
10
10
10
10
10
10
10
10
10
10
10
10
10
10
10
10
10
10
10
10
10
10
10
10
10
10
10
10
10
10
10
10
10
10
10
10
10
10
10
10
10
10
10
10
10
10
10
10
10
10
10
10
10
10
10
10
10
10
10
10
10
10
10
10
10
10
10
10
10
10
10
10
10
10
10
10
10
10
10
10
10
10
10
10
10
10
10
10
10
10
10
10
10
10
10
10
10
10
10
10
10
10
10
10
10
10
10
10
10
10
10
10
10
10
10
10
10
10
10
10
10
10
10
10
10
10
10
10
10
10
10
10
10
10
10
10
10
10
10
10
10
10
10
10
10
10
10
10
10
10
10
10
10
10
10
10
10
10
10
10
10
10
10
10
10
10
10
10
10
10
10
10
10
10
10
10
10
10
10
10
10
10
10
10
10
10
10
10
10
10
10
10
10
10
10
10
10
10
10
10
10
10
10
10
10
10
10
10
10
10
10
10
10
10
10
10
10
10
10
10
10
10
10
10
10
10
10
10
10
10
10
10
10
10
10
10
10
10
10
10
10
10
10
10
10
10
10
10
10
10
10
10
10
10
10
10
10
10
10
10
10
10
10
10
10
10
10
10
10
10
10
10
10
10
10
10
10
10
10
10
10
10
10
10
10
10
10
10
10
10
10
10
10
10
10
10
10
10
10
10
10
10
10
10
10
10
10
10
10
10
10
10
10
10
10
10
10
10
10
10
10
10
10
10
10
10
10
10
10
10
10
10
10
10
10
10
10
10
10
10
10
10
10
10
10
10
10
10
10
10
10
10
10
10
10
10
10
10
10
10
10
10
10
10
10
10
10
10
10
10
10
10
10
10
10
10
10
10
10
10
10
10
10
10
10
10
10
10
10
10
10
10
10
10
10
10
10
10
10
10
10
10
10
10
10
10
10
10
10
10
10
10
10
10
10
10
10
10
10
10
10
10
10
10
10
10
10
10
10
10
10
10
10
10
10
10
10
10
10
10
10
10
10
10
10
10
10
10
10
10
10
10
10
10
10
10
10
10
10
10
10
10
10
10
10
10
10
10
10
10
10
10
10
10
10
10
10
10
10
10
10
10
10
10
10
10
10
10
10
10
10
10
10
10
10
10
10
10
10
10
10
10
10
10
10
10
10
10
10
10
10
10
10
10
10
10
10
10
10
10
10
10
10
10
10
10
10
10
10
10
10
10
10
10
10
10
10
10
10
10
10
10
10
10
10
10
10
10
10
10
10
10
10
10
10
10
10
10
10
10
10
10
10
10
10
10
10
10
10
10
10
10
10
10
10
10
10
10
10
10
10
10
10
10
10
10
10
10
10
10
10
10
10
10
10
10
10
10
10
10
10
10
10
10
10
10
10
10
10
10
10
10
10
10
10
10
10
10
10
10
10
10
10
10
10
10
10
10
10
10
10
10
10
10
10
10
10
10
10
10
10
10
10
10
10
10
10
10
10
10
10
10
10
10
10
10
10
10
10
10
10
10
10
10
10
10
10
10
10
10
10
10
10
10
10
10
10
10
10
10
10
10
10
10
10
10
10
10
10
10
10
10
10
10
10
10
10
10
10
10
10
10
10
10
10
10
10
10
10
10
10
10
10
10
10
10
10
10
10
10
10
10
10
10
10
10
10
10
10
10
10
10
10
10
10
10
10
10
10
10
10
10
10
10
10
10
10
10
10
10
10
10
10
10
10
10
10
10
10
10
10
10
10
10
10
10
10
10
10
10
10
10
10
10
10
10
10
10
10
10
10
10
10
10
10
10
10
10
10
10
10
10
10
10
10
10
10
10
10
10
10
10
10
10
10
10
10
10
10
10
10
10
10
10
10
