# vtk DataFile Version 2.0
whisker_body, Created by Gmsh 4.13.1 
ASCII
DATASET UNSTRUCTURED_GRID
POINTS 730 double
-8.874119674649524 -1.499999999999705 0
8.874119674649528 -1.499999999999699 0
-6.143677370349939 -1.500000000000105 34
6.143677370349938 -1.500000000000105 34
12 0 0
8.874119674649352 1.500000000000214 0
0 9 0
-8.87411967464935 1.500000000000212 0
4.12982931753815 0 100
6.143677370349989 1.5 34
0 6.324141967962971 34
-6.143677370349989 1.500000000000002 34
-7.584846902842285 -4.844594664205024 0
-5.092435961360746 -7.420720718329175 0
-1.792242851007811 -8.81974294200298 0
1.792242851007785 -8.819742942002986 0
5.092435961360731 -7.420720718329185 0
7.584846902842282 -4.844594664205029 0
-5.324471804789714 -1.5 0
-1.774823934929904 -1.5 0
1.774823934929906 -1.5 0
5.324471804789717 -1.5 0
-6.44930514218048 -1.5 30.22240399602018
-6.754194720889839 -1.5 26.44474750178945
-7.05844168001655 -1.5 22.66703906197496
-7.362125724968754 -1.5 18.88928441550867
-7.665313505064645 -1.5 15.11149202495099
-7.968061899323682 -1.5 11.33366317528581
-8.270419075435791 -1.5 7.555802800106704
-8.572426451192664 -1.5 3.777913857166752
-4.531356634784009 -4.411527930247013 34
-1.664074295437553 -6.101280879472323 34
1.66407429543753 -6.10128087947233 34
4.531356634784006 -4.411527930247017 34
8.572426451192664 -1.5 3.777913857166752
8.270419075435791 -1.5 7.555802800106704
7.968061899323682 -1.5 11.33366317528581
7.665313505064649 -1.5 15.11149202495095
7.362125724968754 -1.5 18.88928441550867
7.058441680016553 -1.5 22.66703906197492
6.754194720889839 -1.5 26.44474750178945
6.44930514218048 -1.5 30.22240399602018
-3.071838685174969 -1.5 34
0 -1.5 34
3.071838685174969 -1.5 34
11.34980690040761 3.896393630456207 0
9.469686112756717 7.370552552276022 0
6.563377897469113 10.04599773915035 0
2.945825845689581 11.63280319127197 0
-0.9909521456679979 11.95901391608004 0
-4.820345095835646 10.98927991986068 0
-8.127378859508902 8.82868692807757 0
-10.55368501447787 5.71136871644487 0
-11.83633564083267 1.975135083368787 0
-11.83633564083267 -1.975135083368821 0
-10.55368501447786 -5.711368716444897 0
-8.12737885950888 -8.828686928077589 0
-4.820345095835619 -10.9892799198607 0
-0.9909521456679715 -11.95901391608004 0
2.945825845689616 -11.63280319127196 0
6.563377897469155 -10.04599773915032 0
9.469686112756747 -7.370552552275983 0
11.34980690040762 -3.896393630456205 0
7.818029843080671 4.458520984889497 0
5.809475019311043 6.873863542433829 0
3.093156003024702 8.451768213868164 0
5.324471804789612 1.5 0
1.774823934929872 1.5 0
-1.774823934929868 1.5 0
-5.324471804789608 1.5 0
-3.093156003024702 8.451768213868164 0
-5.809475019311038 6.873863542433833 0
-7.818029843080673 4.458520984889494 0
2.574906462902252 3.228830577670782 100
-0.9189734768187546 4.026285874214754 100
-3.720847644852559 1.791865786210781 100
-3.720847644852582 -1.791865786210735 100
-0.9189734768187868 -4.026285874214746 100
2.574906462902235 -3.228830577670795 100
11.69730112759762 0 3.846153846153846
11.39460225519524 0 7.692307692307693
11.09190338279286 0 11.53846153846154
10.78920451039049 0 15.38461538461539
10.48650563798811 0 19.23076923076923
10.18380676558573 0 23.07692307692308
9.881107893183348 0 26.92307692307692
9.578409020780969 0 30.76923076923077
9.27571014837859 0 34.61538461538461
8.973011275976212 0 38.46153846153846
8.670312403573833 0 42.30769230769231
8.367613531171454 0 46.15384615384615
8.064914658769075 0 50
7.762215786366696 0 53.84615384615385
7.459516913964317 0 57.69230769230769
7.156818041561938 0 61.53846153846154
6.85411916915956 0 65.38461538461539
6.551420296757181 0 69.23076923076923
6.248721424354802 0 73.07692307692308
5.946022551952423 0 76.92307692307692
5.643323679550044 0 80.76923076923077
5.340624807147665 0 84.61538461538461
5.037925934745286 0 88.46153846153847
4.735227062342908 0 92.30769230769231
4.432528189940529 0 96.15384615384616
6.44930514218048 1.5 30.22240399602018
6.754194720889839 1.5 26.44474750178945
7.05844168001655 1.5 22.66703906197496
7.362125724968754 1.5 18.88928441550867
7.665313505064645 1.5 15.11149202495099
7.968061899323682 1.5 11.33366317528581
8.270419075435791 1.5 7.555802800106704
8.572426451192664 1.5 3.777913857166752
4.90455263374938 3.992509873968076 34
2.715287496701086 5.711565935994201 34
0 8.702682440884775 3.777777777777778
0 8.405364881769549 7.555555555555555
0 8.108047322654324 11.33333333333333
0 7.810729763539099 15.11111111111111
0 7.513412204423873 18.88888888888889
0 7.216094645308647 22.66666666666666
0 6.918777086193423 26.44444444444445
0 6.621459527078197 30.22222222222222
-8.572426451192664 1.5 3.777913857166752
-8.270419075435791 1.5 7.555802800106704
-7.968061899323682 1.5 11.33366317528581
-7.665313505064649 1.5 15.11149202495095
-7.362125724968754 1.5 18.88928441550867
-7.058441680016553 1.5 22.66703906197492
-6.754194720889839 1.5 26.44474750178945
-6.44930514218048 1.5 30.22240399602018
3.071838685174995 1.5 34
0 1.5 34
-3.071838685174994 1.5 34
-2.715287496701083 5.711565935994202 34
-4.904552633749379 3.992509873968077 34
-1.273726035872934e-14 -8.755741709905609 3.10359584244728
-6.585308332403857 -4.488460295618917 13.09403781399184
-5.851759768773558 -4.485836284415614 20.66895347034794
-0.006795529355530832 -6.549826335941852 31.13236342249137
6.205497531266205 -4.508365062377599 16.89539649266876
5.493602622324576 -4.460409544623357 24.44211678864447
6.788266632256696 -4.708063529445001 9.388112608025462
-7.266309852266724 -4.514358240261876 5.661194274699358
6.292644529000632 -6.088155527105011 3.103595842447224
-5.130506394361925 -4.431565294538551 28.21483366028117
-3.068166351079161 -5.78165058661927 31.18974976561635
-1.784280720025223 -6.5420143022151 28.19539826843517
1.901360712483079 -6.510444537926201 28.17717576088238
-0.03403434575447754 -7.012027467523528 25.25853652673253
-5.494435515159866 -4.459651492209512 24.43997110545356
-2.477144367633613 -6.801348479904948 22.38311790422888
-3.510611218953987 -6.670303646409744 18.57992870660501
-0.01229175925409406 -7.424045002314619 20.02427756317214
-0.6218249641286528 -7.684812772092309 16.3918992929669
3.481079728100839 -6.762258858468141 17.71677209568855
2.291602873820628 -7.543635382083221 14.17978401891258
-1.130981040097618 -7.920418832061681 12.69655436454796
1.854292083491655 -7.962050392758607 10.48104864390108
-1.584475093189875 -8.137389773469245 9.018666708204364
3.247962271545688 -6.541177446374488 21.56029612923239
1.638714054932433 -8.332935703706427 6.44791643102595
3.072129656482754 -5.779562698362929 31.189558214269
5.150493278665347 -4.413200216688722 28.17450008604057
-6.910603330545968 -4.53555955003513 9.32559889775801
-4.850002526672149 -6.892664330196568 7.267826933688473
-4.451047851686999 -6.810004823657741 10.98323922248247
-4.007542561302876 -6.736898295925539 14.75492263893043
6.561699828933371 -4.521163200020884 13.10658645904542
-6.218479704740449 -4.490683614382675 16.8935958309235
-5.685079587581004 -6.621858343583906 3.462526986373321
4.880658841745769 -6.78769107024182 8.128945907326587
5.911507458715259 -4.406168973178974 20.67375643450389
3.424300766238102 -8.060612249674158 3.077265249409402
7.173985946929669 -4.625379217309058 5.897977875473313
-2.193380159789545 -8.265301908510525 5.700233601885769
4.571049511468778 -6.683510593157944 11.4718209844172
3.000847063322146 -6.343939186308631 25.18521546814971
-3.09769012598788 -6.277082586355104 25.41472392625095
-2.890151428056678 -8.299195834073091 2.693221811184662
5.195625637926386 -3.953233758963207 31.40214848064882
4.815618467178543 -6.174741844912469 14.85918612628655
-7.625802503294838 -4.333903527902465 2.905995998964613
-5.194786379136159 -3.954232603744313 31.40294830380433
4.849974038140609 -7.075882886493439 5.355884106584093
7.762782138854512 -4.107309644155758 2.764704285803185
0.73633828077675 -7.183616879948867 22.60107899367125
0.1188231711636067 -1.5 3.384678643483213
-4.549965955603236 -1.5 12.94897354401963
4.475711365685427 -1.5 19.83310686896422
-3.266033260353175 -1.5 28.3791446447973
4.702132448740308 -1.5 9.381959097438752
1.514847201322006 -1.5 31.30715938422505
-3.943861434252765 -1.5 20.51793317010541
-5.567342126689688 -1.5 5.451930149788045
4.04963175377182 -1.5 3.551521903789961
2.305692971096111 -1.5 6.572462656611444
3.178464887900212 -1.5 28.38361512803096
-3.643707132630121 -1.5 24.33085557781784
-0.6343112212738511 -1.5 22.27213807775653
-1.063996435699933 -1.5 18.39242124622443
-0.3112051261293676 -1.5 25.92478467365213
3.111001435631612 -1.5 23.6634975215035
-4.95544566274238 -1.5 9.188296618406305
-1.560835926234134 -1.5 10.94821033213813
-1.190770144456149 -1.5 14.59525569570423
1.972690560012566 -1.5 12.39277127374417
2.290128838188354 -1.5 16.22940814182617
-4.296005533340915 -1.5 16.74256001608556
-1.499886878328857 -1.5 31.35270847718475
-1.820617687070829 -1.5 6.932558099577573
-3.549647869859809 -1.5 2.648088327083819
5.026894452083688 -1.5 13.39175108449447
-0.07676263511783787 -1.5 29.06948246157804
5.364034777198174 -1.5 16.69100850714889
1.193716624482375 -1.5 9.47398677653414
-4.086148267277494 -1.5 31.59085142360044
4.071626657385531 -1.5 31.58263570165524
5.627471717254881 -1.5 6.337259796069905
-6.217515751901614 -1.5 2.517356236994695
1.394195176069296 -1.5 20.1041326185672
-1.161128857093033 -3.770328052645758 34
1.596854206211206 -3.482184757903646 34
4.098470638881822 -9.479816147688613 0
-7.099295739719495 7.814668436628774e-14 0
7.099295739719569 1.698500362568311e-13 0
1.27675647831893e-15 -5.551115123125783e-17 0
3.549647869859776 -5.551115123125783e-17 0
-3.549647869859773 1.110223024625157e-16 0
-10.35522765774104 6.750155989720952e-14 0
-9.770542543260142 3.411256196175788 0
-9.712246808200572 -3.507774616004609 0
-8.077142184094621 6.468110042961442 0
7.177586718607229 -7.420466418490129 0
5.873563766464052 -3.232224655892819 67.28977499250952
4.481712651254909 -3.177432529221948 82.66912391067751
8.838320800436971 -3.280666171817381 32.68608574070607
7.554268963987093 3.231101375388721 48.07692307692309
9.181817935895939 3.23003139853843 28.80000905174118
6.869378104247244 -3.287719480846849 55.70900766071961
7.867941861712451 -3.276727156126993 44.17953275857112
9.798498096784749 -3.297515537212519 21.111610245
-11.1657903760237 -3.616930427408046 3.341790608973243
-6.713239270206378 9.645620444208966 3.153262660782645
4.376157437413393 2.818438862274933 86.33582152562722
10.13981473400592 3.228462306601805 17.26299737139007
-2.518136117665676 -11.43307054852751 3.72169009458731
3.752172511923079 -3.141425038482989 90.29533585463945
4.79811431138024 10.69577319231262 3.52355531022866
5.149402534326526 -3.272637249393243 74.94942415788415
8.191770008330739 3.286667241674997 40.32301464221243
4.897601154316932 3.11373742482956 78.73263413517154
5.52986613998835 3.235631427417044 71.06671410552613
6.213887481933059 3.245444915275249 63.39923967603453
6.995739867096134 2.99948778998679 55.75920046506192
10.4335831550334 -3.302239113208106 13.42163899493247
-2.723844371020274 3.415592807225254 96.96476903409871
7.945113376504919 -8.63069383398738 3.419408766471524
-11.09527489538305 3.809012682760117 3.419408766471708
10.77562275141164 3.216246898016816 9.588515283028604
-2.633579180006027 -3.523592931555294 96.57950772588465
9.935226484425232 6.234911832567003 3.436118109269079
11.06555625010633 -3.306234306777092 5.731422828049544
3.374681076347565 3.1132268918116 94.13560339841358
4.812366599042043 -3.224042144942172 78.873476585039
6.195068113102339 -3.26720803300037 63.48246542003737
6.522641944107701 -3.298998453792851 59.59892398279454
7.879344283728515 3.250741259105456 44.17212733116521
0.8839995536723747 4.277270915254395 96.9780051014545
-0.6087510069504397 4.572291850264672 93.86533233342223
-3.967763370978763 2.380981615854184 93.67860409287384
-2.514787536491404 4.16790822991209 90.62301262457657
2.066990261246719 -5.261510892665558 80.64680223727419
-4.80108364624302 0.9237778919459773 90.35193927379757
-4.148411874349152 3.013742045850459 87.3225173675719
-5.124635680411549 -0.5869825869384447 86.93403556407078
-5.122782828649765 1.689962471480975 83.93290014234525
-4.102942731135807 -2.73176048741506 89.84349415526822
-3.450955103805575 -3.897373372224187 86.33062376829567
-2.749581690125994 4.616421910315226 84.20115536910222
-4.250413780804886 3.703850031937411 80.83971605503233
-5.662420831680111 0.1966082333486384 80.48322173876019
-5.375381797001242 2.447836594630518 77.42537557844391
3.812537905289616 -5.706104485838225 65.27704606376504
4.599124468079863 -5.897081752692706 57.45148120297365
5.012582181100913 -5.951347032463563 53.60702820513303
-5.792725851936313 -1.320368238167501 76.98308328728535
-6.097558140013832 1.001434411147309 73.95968687944386
-5.576404695974744 -2.755619968878821 73.44050416384161
-6.434678987631139 -0.5117031387743215 70.45599504599815
1.866011173784356 -7.422114365427838 55.23273440165571
6.206963665807508 6.076425012455441 42.10635631986352
2.34933884033256 -7.599056025841686 51.41015943067822
6.586950354737561 6.115913930651129 38.2653109498273
-5.217995146303775 -3.8796357175828 69.85574072248086
-6.430603242787645 -1.996604071655376 66.91811071418103
-1.198618119634415 -7.74334443339539 52.91417220012781
-0.7184470908275126 -8.103877072224591 49.10107475974507
-1.691303905958023 -7.344041763758416 56.71698902177695
-6.446021055353896 1.810465342034865 67.400772821131
-6.963644857210911 0.3179370843741539 63.900786198686
-4.507274597441638 -6.276993639667925 54.28568353797854
-5.027323647993964 -4.565677342815891 66.18501919658796
-5.718843775429927 3.933382560482593 64.2814297887372
-6.727446136432748 2.603316446623901 60.81718700781244
-4.595354370977821 5.551037143687374 60.90926156774842
-5.791866873345177 4.707256752835089 57.641565194443
-2.738908155885913 6.359465291061377 64.49427232848898
-4.325427677657929 4.376226859456523 74.29186045009789
-2.658321834712739 6.963566203321625 57.7659752018727
-4.459231579748779 6.292405049040063 54.48077603239729
3.693961838868039 8.049660413438618 39.93851530093913
4.134491260051017 8.172261153940788 36.10346813727557
3.247859820302117 7.91464353766347 43.77127814781241
0.2312441233784443 8.73048763463 41.50418785767474
-0.2493164453993333 8.429350036740725 45.32257143935303
-3.264880595604335 7.977005283294758 42.95606823521809
-2.818179978613177 8.46167247646763 39.15246223046774
-5.890878241671989 6.55354165952455 40.50737295485371
-5.55118836513258 7.223775322297431 36.71638336551474
-7.866609030679623 4.394854844822967 37.97872909730926
-7.705897422843736 5.221438767845654 34.20140799407528
-7.965336507755377 3.534647958927964 41.74783105555312
-8.880768722107426 0.8435634506063195 39.12567221414058
-8.628785134572063 -0.1991780394900613 42.80614101704665
-8.347572205608595 -2.912240226352715 40.13902733229308
-6.930532459783058 3.433020925039916 54.20207624276086
-8.919523495493118 -1.961653542592084 36.43265755619994
-7.326578552305422 -5.32754234623931 37.37176758750493
-8.172519359014936 -4.540807592218927 33.68061157766353
-5.659134990378325 -7.357778934610122 34.5305394567448
-6.730664184171713 -6.805052355603788 30.85903225938904
-4.918406425079151 -7.527994897172994 38.21647343156529
-3.551024175726478 -8.822879111542557 31.62985336031595
-4.829175198930227 -8.524880376851666 27.98313843778583
-7.748040324651958 -6.10033189184644 27.17415423917365
-6.027504023170842 -8.087293796721353 24.31480706998799
-8.623199990797044 -5.36011555881048 23.46397513297297
-7.138899111712679 -7.53070618676978 20.62628012382855
-9.42617967014588 -4.50216298320929 19.7433629728719
-10.04935583621382 -1.908130315312705 22.50388541425145
-10.48481300233317 -0.9103402213549732 18.75106999194185
-10.14357178680225 1.858088495557018 21.44363940426504
-10.21907240221264 2.854711752244256 17.65760084213637
-8.899670355618612 5.389974593159367 20.27132187034025
-5.176839681805609 7.857607428709469 32.91341584416823
-8.139800604467236 -6.896618956328485 16.91663548417966
-5.173413195955926 -9.257224414716323 17.72852063029842
-2.565594180261729 -9.69494386394323 25.04813015034415
-8.695273324501105 6.243754239959885 16.45737183541965
-6.520067747753981 8.237306400044123 18.99004591478841
-6.151563004446524 8.885703176354554 15.15485789999356
-3.355221118593188 10.07006290612709 17.60680163802443
-2.881539707633345 10.52987584240837 13.76043137224239
-3.790569381182275 9.589624130126793 21.45302507227902
-0.2765327732168132 10.4229335568711 19.9919262353477
-0.7585753938063373 10.09531832196997 23.83965605760514
-0.8577277315722565 7.655549188918071 54.59285357288078
-10.82074949293265 0.07409197709634419 14.98057533735194
-6.383939222388364 -8.828654416877633 14.04105959115822
-2.903028371148273 -10.44084868695986 14.77829746420948
2.788265065142721 9.858660652264522 22.29468460998806
2.334753359997067 9.664080111774325 26.14799313095878
-7.493001686535445 6.011664166065715 30.4120774591608
3.265155033046601 10.03037456107683 18.44377952416035
-8.462714208879598 7.0295910373792 12.68733040401436
-7.69414771294934 -3.725506011273295 43.8536435114861
-6.017460139625747 5.243890107063108 51.05680514361279
-7.767712421567986 1.932287453273203 50.7683785111529
1.101556762283952 7.348247957813804 58.06284500659867
-4.861568272795789 -5.618944565786616 58.06523160767606
-1.51901687630193 -10.43966876399617 18.42905766219885
0.9357131177275069 -10.74648034857855 15.41084185685252
2.523153380506127 -10.19947868482952 18.97119844497594
-0.3359644054636738 -11.07077264347975 11.74219487829984
3.434506535531813 -10.47989833926506 12.34621390212773
1.975563701868275 -11.13753074260023 8.749676229934552
-4.630002429305735 -3.353222420848561 79.83649146589214
-3.22695078443888 -5.385708674616216 72.69904921396734
-9.120347793851272 2.70128461211324 31.61334566411546
5.609172467529446 8.36319626618519 24.52236471624617
2.800899683272091 -7.765636841217105 47.58078904853826
-0.204326355381253 -8.432480975017448 45.2981775026155
-9.085609357883767 -6.132613982927917 13.19378851952879
-7.511834227551703 -8.289590408352 10.33241970483414
-2.202962497408794 -6.895300020925434 60.4985542339714
3.435669499319663 -5.589876939302518 69.10534083807377
5.725724803185765 -9.707619926220127 9.270507294731765
2.825109400983114 7.758503796297358 47.5611899689677
5.098853539889244 8.329643047295143 28.3814299218997
1.808052141520714 9.468540628774155 29.99144488219785
-4.721381777381734 8.487126858822929 29.07191143231945
3.279833666652764 -7.90260478622696 43.75769258192631
6.956083056205363 6.158439293986045 34.42740991730672
-9.13423143514604 3.576411086229081 27.83384176123986
-6.93700178206935 -3.171584028520655 55.55606218971751
-6.645526311416525 -4.318184756620701 51.77448591293535
-9.843519344604095 -5.451518375537797 9.500615377115023
-8.555261135392488 -7.655235087596595 6.604615880676276
6.759061714443298 -8.668337423812677 12.80731977543796
-9.720958759091037 -0.06513313066210538 28.95519208216994
8.56755222359768 -7.277070969885943 9.644782549891797
-3.661011436712729 -7.475009841388848 46.7157931501187
-7.054854985621883 4.272006383564574 47.68021725313226
-1.141473390652306 5.514291925759736 80.92331789836042
0.5050933306326838 -8.715201717303765 41.55150163634719
3.777757867739801 -8.012275294986789 39.92013696540695
1.236551243152149 -8.957470841189759 37.57962867269742
4.301458955095674 -8.090688316557294 36.04665864030962
6.625052585257434 -6.074652819609921 38.26502083893802
-0.953570453658671 8.105165258958369 48.77827963765056
-7.169432679535329 -0.9531944489997318 60.57657778694946
2.408956305467424 7.32621582252684 54.48291687676665
1.536813300763055 -9.203577916954487 33.91280556707011
4.734981743386286 -8.192964310530382 32.23809372354393
1.899770933032091 -9.450509965227674 29.99213425199284
5.096627825735228 -8.327573104334254 28.41862629833087
-8.228239114518004 -1.372490785607699 46.48029773575507
1.979888415474268 -4.986428075485938 84.304249690604
-5.203240972821671 -10.16867136383249 7.336672090745447
1.689021609192513 -9.811611851096179 25.9723853488332
5.532538163622411 -8.409485807253724 24.57122865525498
7.767463330678484 -6.132270595063618 26.72909564910416
4.166273123667124 -10.77332714018607 5.706841325756034
0.7651535221986568 -6.692218005986077 66.887776502379
-1.714684285248882 -4.682169777183954 89.11793074351316
-5.291129393820539 -4.799829710425084 61.70339381452349
-2.310489625791758 -4.106458645292604 92.60494920429589
1.25490926388507 4.690446686513215 90.78051716507835
-6.896308222585875 -4.543241875089891 47.54234857058265
-0.9811831879436982 5.012003014675975 87.58207086269074
-4.373797870819125 0.05949301263183673 96.89494471490113
2.425769257960733 -5.437810937582964 76.81741565136404
-2.284768145532497 -4.998621277873863 82.64073465630742
4.211177610020674 -5.809809875253531 61.30098965927812
0.8901156941663316 -6.973079531847764 63.154135604984
9.148539001936843 -3.309353382876334 28.85961457651511
-6.395861062135172 -9.811115048162394 3.6626019471354
-1.688011349918193 -11.30163491481239 7.280652497736951
2.974324575994636 -5.503453469465835 72.98741475222673
-1.338037975996733 -5.658754210727359 78.590476748873
2.767451965606174 -3.656060944166346 94.21187059484977
0.8502221189687292 -4.28245174500155 96.99870917382096
4.151595880050725 -3.10881660211555 86.57286023530499
-5.035547155150557 6.50009781665422 47.99884696227014
-1.83676536068367 9.342310700755364 31.4966562390371
-1.277279605192092 9.738680573587951 27.6730411601659
4.571886868603894 3.055732086504722 82.60228935906667
1.62348279022263 5.114871894269904 84.28863516157752
-4.283979796335961 9.047725400409536 25.27664135998259
-7.20261330083579 6.808918192509918 26.53615667995099
-0.1068970590506898 -10.26372324966427 22.05441491729707
5.188173153497538 3.21407996495389 74.92761314965497
2.958422553484909 5.528945006805444 72.79784277826795
3.390221004719081 5.629988057441091 68.970072011301
-0.08830622351713914 6.447849910280511 70.5390727241674
2.908963270465764 5.221705045884485 76.52549387646251
-1.08203430820874 6.052783740704244 74.34732233265241
5.991036744538128 8.464825567743267 20.70566550101269
6.45940881880493 8.496799670085235 16.85718251993224
3.772514147400049 10.17445797735023 14.59518036628739
6.864004748286274 8.566390348005028 12.99666730358788
4.246857057704161 10.31404401589448 10.74740851070374
7.267688187756516 8.615541528500929 9.256393960565296
8.203449161069003 6.070580533651302 22.80359028428789
4.793843998890829 -9.619688031121431 15.90826639152638
7.540679425044661 -7.62355003330588 16.22722625586213
5.86711584685049 3.253465659741669 67.23098553749504
6.551922449441563 3.247470356008771 59.55938315504534
4.26798467539927 5.778807560406723 61.19268051115967
3.829188886643246 5.711735688917967 65.09990749711463
0.7944117886820685 6.710604662270475 66.61274956186038
0.9903658371107854 6.979134766734393 62.90774767392619
7.32023539987649 3.029588158042562 51.81095759453838
7.541270426403965 -3.271842904183838 48.02379992311081
7.198084759945645 -3.29814331961003 51.87037889302751
5.527719161187908 -3.226610736457857 71.14809989104356
8.186451039094585 -3.290738755287423 40.36645087052852
-4.134153683872047 -6.878153840860334 50.50747895616387
-9.372690102238158 -0.9960605645360863 32.71252436816956
8.518135428693823 3.282047879207629 36.48520071658915
7.018696017757249 -6.087471254120785 34.42335212931561
-2.344713523394479 8.915345801872624 35.34208103182198
9.503102071825319 3.227234053945235 24.95328159633656
-3.887741360281091 -9.55527135813171 21.39854969506453
-5.08132322380627 -1.928940850931788 83.41455844757306
5.41390522544453 -6.002118887338323 49.76948719411796
-9.045815621788293 1.761538561813422 35.37742266972374
10.12157530385624 -3.270620973924703 17.32006265605408
10.46065465835948 3.21603932806899 13.41945377908718
0.7636879293064867 9.001587165377034 37.68756335531497
-4.160435640694256 -10.31951630668066 11.09736285013905
10.11188110122532 -4.917704183286351 9.602264608836794
-5.642520936754487 3.068114929614457 70.86602243498113
-3.306917906935155 -8.002077515563995 42.45827593854092
0.7716906965331053 11.00765467427823 12.26566567729993
1.312521528112349 11.26220637280288 8.406038107006125
-2.310264950516846 10.98397422148469 9.856144516492819
-0.9460130799269171 11.48514669453351 6.047624576501078
-5.236628781420055 10.16266590793551 7.210769464696889
-8.355311950115114 7.904598807676805 6.328841003640677
-5.753039639262859 9.503690654253152 11.31681343301676
0.2221375502022995 10.72921411095089 16.11765004482004
-10.09778528524232 -3.652405018627818 16.03482445656742
-10.23151459178637 3.783288937646167 13.86777777868717
-11.07030980407017 1.041389985703033 11.19182875397131
-4.808435465071741 4.621828065835932 67.73031380931104
-6.729014747899494 -5.622784064871571 41.05376263177314
-7.40966407228065 1.035132950659693 57.41147488706399
-8.889443365134229 -3.724159619551729 30.01171004011113
-3.13576137718344 4.980957249303334 77.68796085027978
5.430939506508762 5.98105445735627 49.82269955395099
5.84555979416416 6.004026667471118 46.00062673060513
-10.68405965701854 -2.76843308908664 12.23723588710871
1.22313310206693 9.256288584663618 33.83977772725194
-9.53129435993905 -2.801334459292299 26.24546098779333
-9.978490965758221 0.8731188770113123 25.20126894449653
8.83900499564381 3.287876266123014 32.64602679245239
5.829625646116819 -6.02570203066276 45.94399643180818
-9.042505344759366 4.501191926871984 24.13069880262258
1.362487105949007 -7.225378519361925 59.04931321106267
4.593715279143314 8.266463108482473 32.31068058962718
6.101625196311021 -8.499140978603695 19.53498754127773
8.519795902544343 -3.272859274442114 36.50743138248593
6.22357497449388 -6.059294759959071 42.10738060620009
-2.500755275765139 -8.894813208288125 35.0733337615888
-3.987477995067187 -4.475185714158163 76.31427972733331
7.347764743804756 6.162403976555622 30.62409354700902
9.487240943227986 -3.271172276970405 24.96320768365036
8.14014554473664 -6.142521328586325 22.90073390315331
-11.18934811486874 -1.78405784517934 8.504480862792411
-11.34248684723381 1.533865244059939 7.042659643451112
-10.08090016852759 4.899263756058249 10.05874010459623
7.349778405736445 -6.159221465208288 30.63046536423859
7.845438738298856 8.737716073745814 3.265201290698713
-11.73666604211394 0.04718123912198847 3.344770207887467
-6.880982398563415 7.535966779201058 22.80969873281601
1.234699501508766 11.67032665596749 3.361307139960131
0.7775159941704498 -11.71121839934428 3.341732647624339
-7.761129940325595 -0.3217486286632141 53.77524606569127
7.776058764692979 6.123658279727806 26.71108899225543
4.507113789199277 5.955822947322406 57.57186410963119
8.478231766890701 6.19147422099198 19.08062684096827
-6.017098616886324 5.987943429856538 44.61311537497397
9.841834364371508 3.164951802853413 21.11502088322771
8.874220334098817 6.163259243809498 15.1900732533216
-4.522928016685367 -1.116538227789206 93.27999296042566
0.1899684698455322 -6.427080344406011 70.77499327652333
9.254298998606862 6.130378170700033 11.4278082387475
4.877556397471827 10.34869804224512 7.108528844721677
10.22813237147876 -5.778600291799357 3.206609444451877
11.08750541272171 3.153571137340417 6.006695905809782
9.62147456200027 6.125814461045515 7.546628087160627
2.602763508061666 7.544673050476006 51.0661506109393
-9.450810018537974 -6.98064893410527 3.184786357756781
-1.738245447402566 -9.601645206001198 28.49087637421038
-9.284974228487995 7.226785522004678 2.974105359916647
8.503635231431277 -6.097814998458789 19.51681310357199
-0.5177935407150281 -6.062343411939362 75.16462171574942
-3.146242101865075 7.300705395217425 51.46281539576675
2.881494568876632 -9.834721320227656 22.25925567580902
9.227391890521528 -6.882090690661189 6.210678114063843
2.450529738704667 5.107444261733613 80.49508785546136
-2.425760742850553 -6.534191123688628 63.91305858833477
-5.756135075394901 -6.267930954012785 44.34469226678655
0.675787463642481 -4.726761959406258 91.80453479411077
-3.387540275224223 11.24607670722664 3.237569428901639
-10.16453465215342 5.353199424387492 6.505375098526218
-3.176927501384569 5.538981256944516 71.3404077920088
-8.095133877761961 2.476117653250981 44.91183609210517
-7.940178085511497 -1.139518021964767 50.55126559441243
8.892964170446474 -6.457167706325339 12.83342487444749
-2.587743578199011 -6.044556655072946 68.92878666453429
5.377318262089517 5.624148012889068 53.60532916278943
-1.904238157405352 6.952890691720766 60.87619278178034
4.136490153060944 2.610269484400888 90.32558230896208
-8.224822456980531 7.676206881031294 9.524369828619307
-6.54752520706339 -2.402011469671706 63.85858888365182
-10.34758847279892 -5.027511965251613 6.298716805018322
1.576871404464845 -4.839456285904439 87.80142174536869
4.74088023310448 -10.80811828039617 2.513588040159329
6.903999453853563 -9.182498875813993 6.500406137581299
3.150491641629034 -2.99878010852642 97.2086302191444
-1.901582471330819 -8.715475407784728 39.12860989847725
3.407052942739645 2.703714494624518 97.20891928206666
11.44288147924984 -2.793102482646737 2.810165575525718
11.37548618731505 3.030953188959276 2.892492652108917
-0.1639798221050647 5.855491294854493 78.04421683436269
-0.8183929021767927 -5.16345271735792 86.04760099369275
-0.7178031234106117 -9.475236916979568 31.73518396224038
7.55088640616417 8.692113662169318 6.177130474846702
-6.625216433102091 -3.293836487499938 58.46326531655382
-11.41187659164708 -1.849918167358078 5.580000234912525
-2.17010779515334 6.269626255526614 68.1741925722839
2.225673043544537 4.563577893605502 87.96013190611274
-0.05469789955032378 -4.565507725670101 94.46001779304729
-8.101286283077863 1.470052407807451 47.85686204833237
2.507952300141112 11.26619981471895 5.819816612068124
9.297997225248739 -5.445612661716881 15.56107693728158
-2.923454371309332 7.875471391745818 45.73505006114886
-0.4484470749861242 7.914173458201476 51.75404108188532
0.8942540844399332 -11.47698124075508 6.203583321230307
3.221228631570296 7.928512168112965 5.617437844512302
6.555267698993135 4.528420859258392 13.12148967484375
6.755388806333396 5.617658137566788 2.719442449965966
5.85175976877396 4.485836284415043 20.66895347034831
4.056553643500125 5.087847012175357 31.67582083797753
3.206146271356327 6.963781741874068 16.94504344478809
3.192710054144628 6.310431881011558 24.4959780498831
2.975617118857886 7.71159606724036 9.329232547609596
5.728655825198607 6.167226242933822 7.402971249088624
3.028645316438561 7.367999164922305 13.13586449676969
3.136149453893471 6.01344944098695 28.18097236181926
6.205471825050589 4.508434108880722 16.89514507961966
4.607253625208042 7.485640636243005 2.67010869100921
3.042530627100857 6.711350779104538 20.72635387431179
5.757360133732087 4.1114558855321 24.46335914285846
7.147789739269419 4.097630565991612 9.669149288065622
5.538951709713629 3.904575550326085 28.24779873275822
7.591210239221313 3.953982394725762 5.600490494772716
5.180578176182942 6.257702056166078 11.13231727427257
5.64630868392764 3.186549938799366 31.97601670903203
1.788227110384666 6.228754781567541 32.01498660805476
5.559582571891623 6.586448190821718 4.838781109926446
4.977024814476729 6.05571221954321 14.75797779514834
2.408393134368636 8.470556888785325 2.461356482953272
8.093634985529638 3.496108414056751 2.332288214676743
-0.1188231711636085 1.5 3.384678643483211
4.44031961623246 1.5 13.17901539633477
-3.67465005764582 1.5 20.50649130255018
-3.174917723951797 1.5 28.37944150510495
-4.84751751415876 1.5 9.182883998860271
3.76011782391342 1.5 24.50655573903935
1.510181588874245 1.5 31.30220857225409
5.567342126689675 1.5 5.451930149788049
-4.049631753771802 1.5 3.551521903789959
-1.882892635684177 1.5 7.299246393199735
3.282385632900746 1.5 28.40467504842784
0.3266036286802532 1.5 25.92672490520118
0.5613227889909354 1.5 22.09568242745874
-3.295712960805469 1.5 24.33668778401324
-0.4763769238792488 1.5 18.24771962463969
3.196067300683111 1.5 18.98986364375466
-4.052477392805333 1.5 16.69619691269664
-1.152707236795804 1.5 14.6878301519931
4.861031143904374 1.5 9.163808321595873
1.499086480510179 1.5 10.32205243931247
-4.591730019677636 1.5 12.93910892958107
-1.485478557669918 1.5 31.35195578367495
2.245898635686031 1.5 6.378300712410532
2.10464994157452 1.5 16.16425736355061
3.515521901249588 1.5 2.867580681866398
-1.644074114695366 1.5 11.12135551551701
0.09175491376670308 1.5 29.07300116293261
4.953695217704698 1.5 16.46678256881994
-4.065043495865437 1.5 31.59076025696001
4.091477683896091 1.5 31.58585752334042
-5.599164036643298 1.5 6.391107616274991
6.217515751901576 1.5 2.517356236994704
1.424700684393946 1.5 13.3485910557796
4.470688549589347 1.5 21.6237673955769
-3.22122863157035 7.928512168112945 5.617437844512293
-6.661125746908406 4.370173815097082 13.12875795170888
-6.755388806333396 5.617658137566789 2.719442449965965
-5.85175976877391 4.485836284415108 20.66895347034829
-4.021648599465571 5.121680011931617 31.61389630349797
-3.206146271354342 6.963781741874902 16.94504344478902
-3.192710054143522 6.310431881012073 24.49597804988361
-3.182988919257904 7.628068843154321 9.332428761850268
-5.863850021834065 6.043319388404478 7.362018822100399
-3.230594591101744 7.286539797651256 13.0798155574747
-3.136149453897263 6.013449440985299 28.18097236181559
-6.205471825050568 4.508434108880752 16.89514507961967
-4.601301068454116 7.492917803381141 2.63095044680081
-3.042530627098782 6.711350779105396 20.72635387431275
-5.757360133730426 4.111455885534571 24.46335914285739
-7.158149203328783 4.077157049399256 9.683928284060366
-7.47521570247261 4.163028153963096 5.638200782986343
-5.538951709713943 3.904575550325732 28.24779873275755
-5.16819608404074 6.273968572077025 11.07312904066125
-5.647872770197418 3.181064679506302 31.99293436806702
-2.105768954168605 6.140559559976391 31.87237702163369
-5.515892424412153 6.625472744009637 4.815417752085154
-4.968513214482048 6.049710365979791 14.88555677073237
-2.455688208845948 8.463544147023867 2.381095657687203
-8.07462722424517 3.524508057789001 2.410096071287562
-6.661338147750939e-15 5.900042359436546e-15 100
-1.525959912172993 3.742951724082651 34
1.533758908043188 3.52468788894432 34
0.02122294015607961 -2.220446049250313e-16 42.5077398673053
-0.01404822734149658 -0.01192342208304353 50.50567045370578
0.074350118467156 -0.0058464964686624 58.09086197681393
-0.001976691051380541 -0.0008615609659612389 66.63773664022202
0.02952937812285539 -0.03284766853353904 73.4795132867979
2.699280753856894 -2.762647509338493 39.02206083824196
-3.753605634522406 -5.551115123125783e-15 38.9317541176363
-0.08085091636577335 0.1356005896750796 79.20283962576408
2.668067860013963 2.789825210944219 39.01566054934672
-0.4378704143366197 3.337865495296239 46.50974333793361
0.09247932453711449 -0.03830437469277603 85.17520898778295
2.766682086275008 -1.85981067102341 46.51612676683067
-3.072395664613921 -1.102270789890975 46.49150557019634
-1.702251199930415 4.016522505566881 40.54669094703103
-0.02434701045546772 -0.05289062080853624 90.05819175695284
-1.697421496819236 -4.127750406019138 38.5798161959959
-2.322772079186679 0.9294333359794027 62.31173493513257
-0.3095904436272183 -3.114766417557736 54.3047138820389
2.366244707794504 -0.4380425060144 62.38767363821963
-1.076609883092965 2.813326632098328 54.30890344917865
3.00566908912247 0.3279316597545095 54.19629062854261
0.07952846624097555 -2.220446049250313e-16 37.72674610873878
-0.1307571101749794 0.06779108854410505 94.96497955225448
2.913307331997137 3.320698037184105 43.48918969137796
0.7312887414579161 -4.402553796212503 42.67620487465167
4.349461552942927 -0.7579124360202621 42.56742164937812
-3.454708852945153 -2.737534759252099 42.39659407517587
3.311256373459929 2.065040272459254 48.46959223137756
-4.298693022444766 1.502409322050269 42.99257616651773
4.607758027762491 -1.332267629550188e-14 37.17464827975876
0.7403880824706897 -4.107981733166352 49.53692162961506
-3.545082576730586 2.168421514716199 49.28346441022444
-3.199931597604502 4.075200828132345 37.22247389907881
1.61529784125778 1.927418892039305 70.06033973659358
-2.266589186235856 -0.8935011258342103 70.06502751752247
3.809412241734305 -1.480635240450531 50.4591043951658
0.3444358389349644 4.085359997315985 50.47789937981801
1.665077003776643 -2.142069837966173 70.38956629390411
-3.510301046594209 -0.5143071587489145 53.00149537039441
3.439573116315309 -2.070395748180569 57.3672422606931
-0.8716760064150332 -2.887900454974817 61.08695844966468
1.159488558568541 5.139516764197574 37.01116490663821

CELLS 3753 17075
1 0
1 1
1 2
1 3
1 4
1 5
1 6
1 7
1 8
1 9
1 10
1 11
2 0 12
2 12 13
2 13 14
2 14 15
2 15 16
2 16 17
2 17 1
2 0 18
2 18 19
2 19 20
2 20 21
2 21 1
2 2 22
2 22 23
2 23 24
2 24 25
2 25 26
2 26 27
2 27 28
2 28 29
2 29 0
2 2 30
2 30 31
2 31 32
2 32 33
2 33 3
2 1 34
2 34 35
2 35 36
2 36 37
2 37 38
2 38 39
2 39 40
2 40 41
2 41 3
2 2 42
2 42 43
2 43 44
2 44 3
2 4 45
2 45 46
2 46 47
2 47 48
2 48 49
2 49 50
2 50 51
2 51 52
2 52 53
2 53 54
2 54 55
2 55 56
2 56 57
2 57 58
2 58 59
2 59 60
2 60 61
2 61 62
2 62 4
2 5 63
2 63 64
2 64 65
2 65 6
2 5 66
2 66 67
2 67 68
2 68 69
2 69 7
2 6 70
2 70 71
2 71 72
2 72 7
2 8 73
2 73 74
2 74 75
2 75 76
2 76 77
2 77 78
2 78 8
2 4 79
2 79 80
2 80 81
2 81 82
2 82 83
2 83 84
2 84 85
2 85 86
2 86 87
2 87 88
2 88 89
2 89 90
2 90 91
2 91 92
2 92 93
2 93 94
2 94 95
2 95 96
2 96 97
2 97 98
2 98 99
2 99 100
2 100 101
2 101 102
2 102 103
2 103 8
2 9 104
2 104 105
2 105 106
2 106 107
2 107 108
2 108 109
2 109 110
2 110 111
2 111 5
2 9 112
2 112 113
2 113 10
2 6 114
2 114 115
2 115 116
2 116 117
2 117 118
2 118 119
2 119 120
2 120 121
2 121 10
2 7 122
2 122 123
2 123 124
2 124 125
2 125 126
2 126 127
2 127 128
2 128 129
2 129 11
2 9 130
2 130 131
2 131 132
2 132 11
2 10 133
2 133 134
2 134 11
3 12 181 0
3 0 181 29
3 1 184 17
3 34 184 1
3 22 182 2
3 2 182 30
3 33 179 3
3 3 179 41
3 13 169 12
3 169 181 12
3 14 178 13
3 13 178 169
3 15 135 14
3 135 178 14
3 16 172 15
3 15 172 135
3 17 143 16
3 143 172 16
3 17 184 143
3 23 144 22
3 144 182 22
3 24 149 23
3 23 149 144
3 25 137 24
3 137 149 24
3 26 168 25
3 25 168 137
3 27 136 26
3 136 168 26
3 28 163 27
3 27 163 136
3 29 142 28
3 142 163 28
3 29 181 142
3 30 145 31
3 30 182 145
3 31 138 32
3 31 145 138
3 32 161 33
3 138 161 32
3 161 179 33
3 35 173 34
3 173 184 34
3 36 141 35
3 141 173 35
3 37 167 36
3 36 167 141
3 38 139 37
3 139 167 37
3 39 171 38
3 38 171 139
3 40 140 39
3 140 171 39
3 41 162 40
3 40 162 140
3 41 179 162
3 135 172 160
3 160 174 135
3 174 178 135
3 163 165 136
3 165 166 136
3 166 168 136
3 137 150 149
3 137 151 150
3 137 168 151
3 145 146 138
3 146 147 138
3 147 161 138
3 139 171 154
3 154 180 139
3 139 180 167
3 159 171 140
3 140 176 159
3 162 176 140
3 167 175 141
3 170 173 141
3 141 175 170
3 142 164 163
3 142 169 164
3 142 181 169
3 143 183 172
3 173 183 143
3 143 184 173
3 144 146 145
3 145 182 144
3 144 177 146
3 149 177 144
3 146 148 147
3 146 177 148
3 148 176 147
3 147 162 161
3 147 176 162
3 148 177 150
3 150 185 148
3 148 185 176
3 150 177 149
3 151 152 150
3 152 185 150
3 151 153 152
3 151 166 153
3 151 168 166
3 153 154 152
3 154 159 152
3 159 185 152
3 153 155 154
3 153 156 155
3 153 166 156
3 155 180 154
3 154 171 159
3 156 157 155
3 157 175 155
3 175 180 155
3 156 158 157
3 156 165 158
3 156 166 165
3 158 160 157
3 160 170 157
3 170 175 157
3 158 174 160
3 158 165 164
3 164 174 158
3 176 185 159
3 160 183 170
3 172 183 160
3 162 179 161
3 164 165 163
3 169 174 164
3 167 180 175
3 169 178 174
3 170 183 173
3 0 218 18
3 29 218 0
3 1 21 34
3 2 215 22
3 42 215 2
3 41 216 3
3 3 216 44
3 18 210 19
3 18 218 210
3 19 186 20
3 19 210 186
3 20 194 21
3 186 194 20
3 21 194 34
3 22 189 23
3 22 215 189
3 23 197 24
3 189 197 23
3 24 192 25
3 24 197 192
3 25 207 26
3 192 207 25
3 26 187 27
3 26 207 187
3 27 202 28
3 187 202 27
3 28 193 29
3 28 202 193
3 193 218 29
3 34 217 35
3 194 217 34
3 35 190 36
3 35 217 190
3 36 211 37
3 190 211 36
3 37 213 38
3 211 213 37
3 38 188 39
3 38 213 188
3 39 201 40
3 188 201 39
3 40 196 41
3 40 201 196
3 196 216 41
3 43 208 42
3 208 215 42
3 44 191 43
3 191 208 43
3 44 216 191
3 186 195 194
3 186 209 195
3 186 210 209
3 187 203 202
3 187 204 203
3 187 207 204
3 188 219 201
3 188 213 206
3 206 219 188
3 189 200 197
3 189 212 200
3 208 212 189
3 189 215 208
3 195 214 190
3 190 217 195
3 205 211 190
3 190 214 205
3 196 212 191
3 191 216 196
3 191 212 208
3 197 198 192
3 198 199 192
3 199 207 192
3 202 209 193
3 209 210 193
3 210 218 193
3 195 217 194
3 209 214 195
3 196 201 200
3 200 212 196
3 197 200 198
3 198 219 199
3 200 201 198
3 201 219 198
3 199 206 204
3 204 207 199
3 199 219 206
3 203 209 202
3 204 205 203
3 205 214 203
3 203 214 209
3 204 206 205
3 206 211 205
3 206 213 211
3 42 2 30
3 33 3 44
3 31 220 30
3 30 220 42
3 32 220 31
3 33 221 32
3 32 221 220
3 44 221 33
3 42 220 43
3 43 221 44
3 220 221 43
3 7 223 0
3 0 228 7
3 12 230 0
3 0 223 18
3 54 228 0
3 0 230 54
3 4 1 5
3 62 1 4
3 1 224 5
3 17 1 62
3 21 224 1
3 45 4 5
3 5 63 45
3 5 224 66
3 49 48 6
3 6 48 65
3 70 49 6
3 7 228 53
3 53 229 7
3 69 223 7
3 7 229 72
3 12 13 56
3 55 12 56
3 55 230 12
3 13 14 57
3 56 13 57
3 14 15 58
3 57 14 58
3 16 222 15
3 58 15 59
3 15 222 59
3 17 232 16
3 60 222 16
3 16 232 60
3 62 61 17
3 61 232 17
3 18 227 19
3 18 223 69
3 69 227 18
3 19 225 20
3 68 225 19
3 19 227 68
3 20 226 21
3 20 225 67
3 67 226 20
3 66 224 21
3 21 226 66
3 45 63 46
3 47 46 64
3 46 63 64
3 48 47 65
3 65 47 64
3 50 49 70
3 50 71 51
3 70 71 50
3 51 231 52
3 71 231 51
3 52 229 53
3 72 229 52
3 52 231 72
3 53 228 54
3 54 230 55
3 59 222 60
3 60 232 61
3 66 226 67
3 67 225 68
3 68 227 69
3 72 231 71
3 45 585 4
3 4 584 62
3 79 584 4
3 4 585 79
3 8 583 73
3 78 581 8
3 8 581 103
3 103 583 8
3 46 260 45
3 260 585 45
3 47 533 46
3 46 533 260
3 48 247 47
3 247 533 47
3 49 536 48
3 48 536 247
3 50 565 49
3 49 565 536
3 51 242 50
3 242 565 50
3 52 555 51
3 51 555 242
3 53 257 52
3 257 555 52
3 54 534 53
3 53 534 257
3 55 241 54
3 241 534 54
3 56 553 55
3 55 553 241
3 57 436 56
3 436 553 56
3 58 245 57
3 245 436 57
3 59 537 58
3 58 537 245
3 60 579 59
3 59 579 537
3 61 256 60
3 256 579 60
3 62 549 61
3 61 549 256
3 62 584 549
3 73 267 74
3 73 583 267
3 74 255 75
3 74 267 255
3 75 430 76
3 255 430 75
3 76 259 77
3 76 430 259
3 77 441 78
3 259 441 77
3 441 581 78
3 80 261 79
3 79 550 80
3 261 584 79
3 79 585 550
3 80 258 81
3 81 491 80
3 80 550 258
3 80 491 261
3 82 254 81
3 81 488 82
3 254 491 81
3 258 488 81
3 82 244 83
3 83 487 82
3 82 488 244
3 82 487 254
3 84 240 83
3 83 543 84
3 240 487 83
3 244 543 83
3 84 482 85
3 85 527 84
3 84 527 240
3 84 543 482
3 85 237 86
3 86 435 85
3 85 482 237
3 435 527 85
3 87 235 86
3 86 516 87
3 235 435 86
3 237 516 86
3 87 479 88
3 88 522 87
3 87 522 235
3 87 516 479
3 88 249 89
3 89 476 88
3 88 479 249
3 476 522 88
3 90 239 89
3 89 266 90
3 239 476 89
3 249 266 89
3 90 236 91
3 91 473 90
3 90 266 236
3 90 473 239
3 91 472 92
3 92 474 91
3 236 472 91
3 91 474 473
3 93 238 92
3 92 253 93
3 238 474 92
3 92 472 253
3 94 265 93
3 93 467 94
3 93 265 238
3 253 467 93
3 94 252 95
3 95 264 94
3 94 467 252
3 264 265 94
3 96 233 95
3 95 466 96
3 233 264 95
3 252 466 95
3 96 251 97
3 97 475 96
3 96 475 233
3 96 466 251
3 98 248 97
3 97 451 98
3 248 475 97
3 251 451 97
3 98 250 99
3 99 263 98
3 98 263 248
3 98 451 250
3 100 234 99
3 99 446 100
3 234 263 99
3 250 446 99
3 100 243 101
3 101 442 100
3 100 442 234
3 100 446 243
3 102 246 101
3 101 574 102
3 243 574 101
3 246 442 101
3 102 262 103
3 103 440 102
3 102 440 246
3 102 574 262
3 262 583 103
3 103 581 440
3 233 282 264
3 233 385 282
3 233 475 385
3 234 271 263
3 234 417 271
3 234 442 417
3 235 532 435
3 235 522 480
3 480 532 235
3 266 511 236
3 236 510 472
3 236 511 510
3 482 539 237
3 237 526 516
3 237 539 526
3 265 283 238
3 283 284 238
3 284 474 238
3 473 517 239
3 239 523 476
3 517 523 239
3 240 556 487
3 527 528 240
3 528 556 240
3 241 591 534
3 553 577 241
3 577 591 241
3 242 499 498
3 498 565 242
3 242 555 499
3 446 447 243
3 447 593 243
3 243 593 574
3 488 544 244
3 541 543 244
3 244 544 541
3 418 436 245
3 245 437 418
3 245 600 437
3 537 600 245
3 440 564 246
3 246 578 442
3 564 578 246
3 247 589 533
3 536 596 247
3 548 589 247
3 247 596 548
3 263 431 248
3 431 438 248
3 438 475 248
3 249 290 266
3 249 292 290
3 249 479 292
3 250 561 446
3 451 455 250
3 455 561 250
3 251 452 451
3 251 453 452
3 251 466 453
3 252 469 466
3 467 468 252
3 468 469 252
3 253 540 467
3 472 572 253
3 253 572 540
3 487 597 254
3 254 570 491
3 254 597 570
3 267 268 255
3 268 269 255
3 269 430 255
3 422 579 256
3 256 580 422
3 549 560 256
3 560 580 256
3 257 534 530
3 530 566 257
3 257 566 555
3 258 547 488
3 258 551 547
3 550 551 258
3 259 545 426
3 426 594 259
3 430 545 259
3 259 594 441
3 533 589 260
3 260 551 550
3 550 585 260
3 260 589 551
3 491 560 261
3 261 560 549
3 549 584 261
3 262 268 267
3 267 583 262
3 262 427 268
3 262 574 427
3 271 431 263
3 264 433 265
3 282 433 264
3 265 433 283
3 290 511 266
3 268 270 269
3 268 427 270
3 270 272 269
3 272 545 269
3 269 545 430
3 270 273 272
3 270 429 273
3 427 429 270
3 417 432 271
3 271 439 431
3 432 439 271
3 273 274 272
3 274 276 272
3 276 545 272
3 273 275 274
3 273 278 275
3 273 429 278
3 275 484 274
3 274 277 276
3 274 484 277
3 278 279 275
3 279 280 275
3 280 484 275
3 277 424 276
3 424 426 276
3 426 545 276
3 277 587 424
3 277 484 432
3 432 587 277
3 278 403 279
3 278 447 403
3 429 447 278
3 279 281 280
3 279 509 281
3 403 509 279
3 281 285 280
3 285 376 280
3 376 484 280
3 281 286 285
3 281 307 286
3 281 509 307
3 385 423 282
3 423 434 282
3 282 434 433
3 283 289 284
3 283 519 289
3 433 519 283
3 289 291 284
3 291 485 284
3 284 485 474
3 286 287 285
3 287 525 285
3 285 525 376
3 286 288 287
3 286 492 288
3 307 492 286
3 288 293 287
3 293 377 287
3 377 525 287
3 288 294 293
3 288 298 294
3 288 492 298
3 289 295 291
3 289 297 295
3 289 519 297
3 292 310 290
3 310 312 290
3 312 511 290
3 295 296 291
3 296 380 291
3 380 485 291
3 292 311 310
3 292 392 311
3 292 479 392
3 294 301 293
3 301 571 293
3 293 571 377
3 298 299 294
3 299 576 294
3 294 576 301
3 295 477 296
3 297 300 295
3 300 477 295
3 296 381 380
3 296 401 381
3 296 477 401
3 297 369 300
3 297 384 369
3 297 519 384
3 298 302 299
3 298 505 302
3 492 505 298
3 302 303 299
3 303 410 299
3 410 576 299
3 369 394 300
3 394 395 300
3 395 477 300
3 425 562 301
3 301 576 425
3 562 571 301
3 302 304 303
3 302 306 304
3 302 505 306
3 304 305 303
3 305 507 303
3 303 507 410
3 304 308 305
3 306 573 304
3 304 573 308
3 308 309 305
3 309 325 305
3 325 507 305
3 470 471 306
3 306 592 470
3 471 573 306
3 505 592 306
3 307 509 456
3 456 567 307
3 307 567 492
3 308 356 309
3 308 368 356
3 308 573 368
3 309 366 325
3 356 558 309
3 309 558 366
3 311 489 310
3 310 313 312
3 310 489 313
3 392 520 311
3 311 513 489
3 311 520 513
3 313 314 312
3 314 387 312
3 387 511 312
3 313 315 314
3 313 316 315
3 313 489 316
3 315 598 314
3 314 409 387
3 314 598 409
3 316 317 315
3 317 542 315
3 542 598 315
3 316 318 317
3 316 481 318
3 316 489 481
3 318 319 317
3 319 321 317
3 321 542 317
3 318 320 319
3 318 344 320
3 318 481 344
3 320 486 319
3 319 322 321
3 319 486 322
3 344 362 320
3 362 378 320
3 378 486 320
3 322 323 321
3 323 568 321
3 321 568 542
3 322 324 323
3 322 326 324
3 322 486 326
3 324 365 323
3 365 416 323
3 416 568 323
3 326 327 324
3 327 506 324
3 324 506 365
3 366 367 325
3 367 538 325
3 325 538 507
3 326 328 327
3 326 478 328
3 326 486 478
3 328 329 327
3 329 331 327
3 331 506 327
3 328 330 329
3 328 508 330
3 478 508 328
3 330 332 329
3 329 524 331
3 332 524 329
3 330 333 332
3 330 334 333
3 330 508 334
3 493 506 331
3 331 582 493
3 524 582 331
3 333 554 332
3 332 588 524
3 554 588 332
3 334 335 333
3 335 347 333
3 347 554 333
3 334 336 335
3 334 514 336
3 508 514 334
3 336 337 335
3 337 483 335
3 335 483 347
3 336 338 337
3 336 339 338
3 336 514 339
3 338 345 337
3 345 346 337
3 346 483 337
3 339 340 338
3 340 502 338
3 338 502 345
3 339 341 340
3 339 515 341
3 514 515 339
3 341 342 340
3 342 357 340
3 357 502 340
3 341 343 342
3 341 518 343
3 515 518 341
3 343 348 342
3 348 503 342
3 342 503 357
3 343 349 348
3 343 535 349
3 518 535 343
3 344 390 362
3 344 444 390
3 344 481 444
3 345 358 346
3 345 382 358
3 345 502 382
3 358 359 346
3 359 370 346
3 370 483 346
3 347 450 419
3 419 554 347
3 347 483 450
3 349 350 348
3 350 364 348
3 364 503 348
3 349 351 350
3 349 353 351
3 349 535 353
3 351 352 350
3 352 500 350
3 350 500 364
3 351 501 352
3 353 354 351
3 354 501 351
3 494 496 352
3 352 501 494
3 496 500 352
3 353 355 354
3 353 448 355
3 353 535 448
3 355 360 354
3 360 363 354
3 363 501 354
3 355 361 360
3 355 445 361
3 355 448 445
3 368 411 356
3 411 599 356
3 356 599 558
3 357 512 502
3 503 504 357
3 504 512 357
3 358 490 359
3 382 383 358
3 383 490 358
3 359 371 370
3 359 373 371
3 359 490 373
3 361 379 360
3 360 457 363
3 379 457 360
3 361 388 379
3 361 389 388
3 361 445 389
3 362 393 378
3 390 449 362
3 362 449 393
3 457 458 363
3 458 459 363
3 459 501 363
3 500 575 364
3 364 531 503
3 364 575 531
3 365 428 416
3 365 563 428
3 506 563 365
3 366 402 367
3 366 443 402
3 366 558 443
3 402 595 367
3 367 569 538
3 367 595 569
3 368 540 411
3 368 471 468
3 468 540 368
3 368 573 471
3 384 425 369
3 369 590 394
3 425 590 369
3 371 372 370
3 372 450 370
3 450 483 370
3 371 464 372
3 373 374 371
3 374 464 371
3 372 559 450
3 464 521 372
3 521 559 372
3 373 375 374
3 373 437 375
3 373 490 437
3 375 386 374
3 386 398 374
3 398 464 374
3 375 422 386
3 375 600 422
3 437 600 375
3 376 439 432
3 432 484 376
3 376 525 439
3 377 557 525
3 546 557 377
3 377 571 546
3 393 399 378
3 399 478 378
3 478 486 378
3 388 539 379
3 379 463 457
3 379 539 463
3 381 391 380
3 391 517 380
3 380 517 485
3 381 404 391
3 401 493 381
3 381 493 404
3 382 396 383
3 382 512 396
3 502 512 382
3 396 397 383
3 397 418 383
3 418 490 383
3 384 562 425
3 384 519 434
3 434 562 384
3 385 546 423
3 385 475 438
3 438 546 385
3 386 400 398
3 386 580 400
3 422 580 386
3 409 552 387
3 510 511 387
3 387 552 510
3 389 520 388
3 520 526 388
3 526 539 388
3 389 445 444
3 444 513 389
3 513 520 389
3 444 445 390
3 445 448 390
3 448 449 390
3 404 405 391
3 405 523 391
3 391 523 517
3 479 516 392
3 516 526 392
3 392 526 520
3 393 515 399
3 449 518 393
3 393 518 515
3 394 538 395
3 507 538 394
3 394 590 507
3 428 477 395
3 395 569 428
3 538 569 395
3 396 577 397
3 512 529 396
3 529 577 396
3 397 436 418
3 397 553 436
3 397 577 553
3 400 570 398
3 398 465 464
3 398 570 465
3 399 508 478
3 399 514 508
3 399 515 514
3 400 560 491
3 491 570 400
3 400 580 560
3 401 477 428
3 428 563 401
3 401 563 493
3 443 542 402
3 542 568 402
3 568 595 402
3 447 561 403
3 403 586 509
3 561 586 403
3 404 406 405
3 404 582 406
3 493 582 404
3 406 407 405
3 407 408 405
3 408 523 405
3 406 412 407
3 406 524 412
3 406 582 524
3 407 480 408
3 412 413 407
3 413 480 407
3 408 522 476
3 476 523 408
3 480 522 408
3 443 558 409
3 409 598 443
3 409 599 552
3 558 599 409
3 425 576 410
3 410 590 425
3 507 590 410
3 540 572 411
3 411 572 552
3 552 599 411
3 412 414 413
3 412 588 414
3 524 588 412
3 414 415 413
3 415 532 413
3 413 532 480
3 414 419 415
3 414 554 419
3 414 588 554
3 419 420 415
3 420 421 415
3 421 532 415
3 428 569 416
3 416 595 568
3 569 595 416
3 417 587 432
3 442 578 417
3 578 587 417
3 437 490 418
3 419 559 420
3 450 559 419
3 420 528 421
3 521 528 420
3 420 559 521
3 421 527 435
3 435 532 421
3 421 528 527
3 537 579 422
3 422 600 537
3 423 562 434
3 546 571 423
3 423 571 562
3 424 564 426
3 424 578 564
3 424 587 578
3 564 594 426
3 427 593 429
3 574 593 427
3 429 593 447
3 431 557 438
3 439 557 431
3 434 519 433
3 438 557 546
3 525 557 439
3 440 581 441
3 441 594 440
3 440 594 564
3 443 598 542
3 481 513 444
3 446 561 447
3 448 535 449
3 449 535 518
3 452 455 451
3 453 454 452
3 454 456 452
3 452 456 455
3 453 470 454
3 466 469 453
3 469 470 453
3 454 567 456
3 470 592 454
3 454 592 567
3 456 586 455
3 455 586 561
3 509 586 456
3 457 541 458
3 463 541 457
3 458 460 459
3 458 544 460
3 541 544 458
3 460 461 459
3 461 494 459
3 494 501 459
3 460 462 461
3 460 547 462
3 544 547 460
3 462 548 461
3 461 495 494
3 461 548 495
3 547 551 462
3 462 589 548
3 551 589 462
3 463 539 482
3 482 543 463
3 463 543 541
3 465 521 464
3 465 556 521
3 465 597 556
3 570 597 465
3 467 540 468
3 468 471 469
3 469 471 470
3 510 572 472
3 474 485 473
3 485 517 473
3 489 513 481
3 556 597 487
3 488 547 544
3 492 567 505
3 493 563 506
3 495 496 494
3 495 497 496
3 495 596 497
3 548 596 495
3 497 498 496
3 498 500 496
3 497 565 498
3 536 565 497
3 497 596 536
3 499 575 498
3 498 575 500
3 555 566 499
3 566 575 499
3 503 531 504
3 504 529 512
3 504 530 529
3 504 531 530
3 567 592 505
3 552 572 510
3 521 556 528
3 530 591 529
3 529 591 577
3 531 566 530
3 534 591 530
3 531 575 566
3 63 5 625
3 5 111 625
3 6 65 624
3 114 6 624
3 104 9 620
3 9 112 620
3 113 10 621
3 10 121 621
3 64 63 603
3 603 63 625
3 65 64 613
3 64 603 613
3 65 613 624
3 105 104 617
3 617 104 620
3 106 105 615
3 615 105 617
3 107 106 604
3 604 106 615
3 108 107 612
3 107 604 612
3 109 108 602
3 602 108 612
3 110 109 616
3 109 602 616
3 111 110 618
3 110 616 618
3 111 618 625
3 112 113 605
3 112 605 620
3 605 113 621
3 115 114 601
3 601 114 624
3 116 115 608
3 115 601 608
3 117 116 610
3 116 608 610
3 118 117 606
3 606 117 610
3 119 118 614
3 118 606 614
3 120 119 607
3 607 119 614
3 121 120 611
3 120 607 611
3 121 611 621
3 608 601 609
3 609 601 622
3 601 613 622
3 613 601 624
3 602 612 623
3 616 602 619
3 619 602 623
3 613 603 622
3 603 618 622
3 618 603 625
3 604 606 612
3 606 604 614
3 604 607 614
3 607 604 615
3 605 611 617
3 611 605 621
3 605 617 620
3 606 610 623
3 612 606 623
3 611 607 615
3 608 609 619
3 610 608 619
3 616 609 618
3 609 616 619
3 618 609 622
3 610 619 623
3 611 615 617
3 5 66 657
3 111 5 657
3 7 122 69
3 9 104 655
3 130 9 655
3 129 11 654
3 11 132 654
3 66 67 650
3 66 650 657
3 67 68 626
3 67 626 650
3 68 69 634
3 626 68 634
3 69 122 634
3 104 105 636
3 104 636 655
3 105 106 631
3 105 631 636
3 106 107 659
3 631 106 659
3 107 108 653
3 641 107 653
3 107 641 659
3 108 109 627
3 108 627 653
3 109 110 644
3 627 109 644
3 110 111 633
3 110 633 644
3 633 111 657
3 122 123 656
3 634 122 656
3 123 124 630
3 123 630 656
3 124 125 646
3 630 124 646
3 125 126 642
3 125 642 646
3 126 127 628
3 126 628 642
3 127 128 639
3 628 127 639
3 128 129 629
3 128 629 639
3 629 129 654
3 131 130 632
3 632 130 655
3 132 131 647
3 131 632 647
3 132 647 654
3 626 634 635
3 626 635 648
3 626 648 650
3 627 644 645
3 627 645 658
3 627 649 653
3 649 627 658
3 638 628 639
3 628 638 640
3 628 640 642
3 629 637 639
3 637 629 652
3 629 647 652
3 647 629 654
3 635 630 651
3 630 635 656
3 630 646 651
3 636 631 637
3 637 631 638
3 638 631 659
3 632 636 652
3 636 632 655
3 647 632 652
3 644 633 648
3 648 633 650
3 650 633 657
3 635 634 656
3 635 645 648
3 645 635 651
3 636 637 652
3 637 638 639
3 640 638 641
3 641 638 659
3 640 641 649
3 642 640 643
3 643 640 649
3 649 641 653
3 642 643 646
3 646 643 651
3 643 649 658
3 651 643 658
3 645 644 648
3 645 651 658
3 70 6 683
3 6 114 683
3 7 72 684
3 122 7 684
3 121 10 680
3 10 133 680
3 11 129 679
3 134 11 679
3 71 70 672
3 672 70 683
3 72 71 662
3 662 71 672
3 72 662 684
3 114 115 660
3 114 660 683
3 115 116 667
3 660 115 667
3 116 117 669
3 667 116 669
3 117 118 665
3 117 665 669
3 118 119 673
3 665 118 673
3 119 120 666
3 119 666 673
3 120 121 670
3 666 120 670
3 670 121 680
3 123 122 676
3 676 122 684
3 124 123 675
3 675 123 676
3 125 124 661
3 661 124 675
3 126 125 671
3 125 661 671
3 127 126 663
3 663 126 671
3 128 127 674
3 127 663 674
3 129 128 677
3 128 674 677
3 129 677 679
3 133 134 664
3 133 664 680
3 664 134 679
3 660 667 668
3 660 668 681
3 672 660 681
3 660 672 683
3 671 661 682
3 661 675 678
3 661 678 682
3 662 672 681
3 676 662 681
3 662 676 684
3 665 663 671
3 663 665 673
3 666 663 673
3 663 666 674
3 670 664 677
3 664 670 680
3 677 664 679
3 669 665 682
3 665 671 682
3 666 670 674
3 668 667 678
3 667 669 678
3 668 675 676
3 675 668 678
3 668 676 681
3 678 669 682
3 674 670 677
3 73 685 8
3 8 685 78
3 74 685 73
3 75 685 74
3 76 685 75
3 77 685 76
3 78 685 77
3 130 112 9
3 10 113 687
3 133 10 686
3 686 10 687
3 134 132 11
3 113 112 687
3 112 130 687
3 130 131 687
3 131 132 686
3 131 686 687
3 132 134 686
3 134 133 686
4 248 98 692 695
4 98 451 692 695
4 468 704 690 706
4 285 692 281 695
4 586 509 692 695
4 573 690 471 704
4 248 692 431 695
4 401 712 700 718
4 98 250 451 695
4 2 30 42 694
4 304 305 308 690
4 248 263 98 695
4 471 469 691 706
4 30 42 694 703
4 281 692 509 695
4 30 694 327 703
4 470 691 306 704
4 525 692 285 695
4 308 573 304 690
4 2 327 30 694
4 691 706 282 728
4 303 507 305 704
4 281 285 286 692
4 281 307 509 692
4 248 431 263 695
4 275 695 279 698
4 469 252 466 706
4 471 691 704 706
4 567 592 721 722
4 294 691 576 704
4 471 704 468 706
4 477 718 700 726
4 469 466 691 706
4 467 690 540 708
4 401 381 712 718
4 525 557 692 695
4 305 308 690 707
4 304 305 690 704
4 573 304 690 704
4 468 471 690 704
4 697 701 314 711
4 99 695 234 698
4 298 294 299 704
4 700 712 699 718
4 690 708 467 727
4 700 718 689 726
4 471 469 470 691
4 455 692 451 695
4 99 446 695 698
4 314 701 313 711
4 567 505 592 722
4 711 713 90 715
4 221 32 693 703
4 294 301 576 691
4 455 586 692 695
4 281 286 307 692
4 590 690 369 705
4 315 701 697 716
4 590 690 705 726
4 275 484 280 695
4 431 692 557 695
4 690 707 540 708
4 586 509 456 692
4 471 470 306 704
4 507 690 305 704
4 471 691 470 704
4 275 484 695 698
4 298 691 294 704
4 466 95 96 691
4 233 96 95 691
4 305 690 507 707
4 275 280 279 695
4 90 711 266 713
4 99 234 100 698
4 455 451 250 695
4 467 468 690 706
4 90 266 711 715
4 466 95 691 706
4 99 100 446 698
4 253 467 540 708
4 327 694 324 703
4 525 439 557 695
4 315 314 697 701
4 278 279 695 698
4 278 275 279 698
4 700 712 401 714
4 694 716 701 720
4 380 699 712 718
4 540 467 468 690
4 411 540 707 708
4 576 704 301 728
4 287 285 525 692
4 576 691 301 704
4 233 282 691 706
4 286 285 287 692
4 308 368 573 690
4 32 33 221 693
4 590 705 394 726
4 561 446 447 695
4 699 90 713 715
4 385 233 282 725
4 447 695 446 698
4 590 507 690 726
4 466 252 95 706
4 286 492 307 692
4 297 705 369 728
4 233 691 282 725
4 307 492 567 692
4 301 704 691 728
4 306 470 592 691
4 233 691 95 706
4 310 696 701 729
4 466 691 96 721
4 467 706 690 727
4 505 302 306 704
4 507 707 690 726
4 469 691 466 721
4 693 703 405 712
4 492 567 692 722
4 542 315 697 716
4 2 326 327 694
4 96 691 233 725
4 517 523 712 713
4 221 43 703 709
4 690 704 410 728
4 306 592 505 691
4 299 294 576 704
4 517 712 699 713
4 598 542 315 697
4 492 692 286 722
4 590 369 394 705
4 395 477 700 726
4 369 705 690 728
4 253 93 467 727
4 33 693 522 717
4 253 467 708 727
4 321 716 694 720
4 423 385 282 725
4 380 712 381 718
4 32 407 33 693
4 519 705 297 728
4 567 721 692 722
4 453 470 469 721
4 572 715 708 724
4 310 701 313 729
4 505 306 691 704
4 249 713 696 717
4 234 695 271 698
4 410 690 507 704
4 321 694 319 720
4 453 469 466 721
4 98 451 97 692
4 470 691 469 721
4 439 431 557 695
4 33 408 522 693
4 479 696 112 717
4 406 693 32 703
4 403 695 447 698
4 369 690 590 728
4 590 690 410 728
4 368 690 308 707
4 98 97 248 692
4 519 727 705 728
4 542 716 697 719
4 307 456 509 692
4 567 492 505 722
4 304 303 305 704
4 312 314 313 711
4 298 294 691 722
4 540 690 368 707
4 94 706 467 727
4 319 694 11 720
4 112 479 292 696
4 249 711 696 713
4 411 572 540 708
4 586 456 455 692
4 572 472 708 715
4 410 590 507 690
4 423 282 691 725
4 278 695 403 698
4 96 721 691 725
4 404 405 703 712
4 314 598 315 697
4 403 278 279 695
4 403 561 447 695
4 88 713 249 717
4 542 402 716 719
4 423 562 691 728
4 470 592 691 721
4 368 540 468 690
4 315 313 314 701
4 221 703 693 709
4 705 708 284 723
4 477 705 718 726
4 326 324 327 694
4 233 264 282 706
4 322 11 319 694
4 506 327 324 703
4 406 407 32 693
4 221 43 220 703
4 705 284 718 723
4 305 507 325 707
4 699 713 711 715
4 407 408 33 693
4 688 699 697 700
4 93 94 467 727
4 405 693 406 703
4 287 525 377 692
4 505 298 691 722
4 451 97 692 721
4 686 720 131 729
4 468 252 469 706
4 42 132 11 694
4 423 434 562 728
4 471 468 469 706
4 484 432 695 698
4 303 410 507 704
4 311 113 112 729
4 88 89 249 713
4 221 44 43 709
4 699 700 688 712
4 401 700 477 718
4 700 716 595 719
4 90 236 266 715
4 43 42 703 709
4 590 394 507 726
4 697 699 688 711
4 301 691 562 728
4 132 709 131 720
4 90 715 699 723
4 131 720 709 729
4 313 310 312 711
4 697 699 689 700
4 431 248 438 692
4 432 271 695 698
4 568 595 716 719
4 239 523 517 713
4 221 220 32 703
4 325 707 507 726
4 284 708 705 727
4 233 95 264 706
4 238 474 284 708
4 234 271 417 698
4 474 284 708 723
4 479 249 696 717
4 687 131 130 709
4 91 715 90 723
4 476 522 693 717
4 90 699 473 723
4 523 693 712 713
4 284 291 705 718
4 248 692 97 725
4 234 99 263 695
4 286 692 287 722
4 377 692 557 725
4 366 707 325 719
4 220 43 42 703
4 221 33 44 693
4 321 319 317 720
4 456 692 567 721
4 132 694 42 709
4 525 285 376 695
4 221 693 44 709
4 298 299 302 704
4 568 402 595 719
4 510 715 572 724
4 266 711 249 713
4 88 476 713 717
4 91 90 473 723
4 697 711 387 715
4 3 33 522 717
4 249 292 479 696
4 112 696 292 729
4 694 703 42 709
4 239 517 699 713
4 522 408 476 693
4 277 274 276 702
4 693 713 476 717
4 686 132 131 720
4 391 517 523 712
4 112 687 130 696
4 376 280 484 695
4 404 405 406 703
4 542 697 443 719
4 568 716 402 719
4 705 727 690 728
4 377 722 692 725
4 481 720 133 729
4 132 11 694 720
4 277 698 274 702
4 569 395 700 726
4 699 711 697 715
4 280 285 281 695
4 301 691 294 722
4 405 407 406 693
4 324 694 323 714
4 563 700 401 714
4 688 701 697 711
4 290 696 249 711
4 411 540 368 707
4 98 263 99 695
4 511 387 711 715
4 693 688 696 709
4 688 693 703 709
4 377 525 557 692
4 451 251 97 721
4 694 709 132 720
4 688 703 694 709
4 511 711 266 715
4 238 708 284 727
4 33 44 693 717
4 424 698 277 702
4 98 99 250 695
4 31 406 32 703
4 274 698 273 702
4 519 289 705 727
4 99 446 250 695
4 687 130 696 709
4 11 322 319 486
4 424 578 587 698
4 287 692 377 722
4 307 567 456 692
4 428 395 477 700
4 278 403 447 698
4 402 542 443 719
4 693 696 688 713
4 220 31 32 703
4 688 697 701 716
4 572 510 472 715
4 323 714 694 716
4 236 511 266 715
4 130 112 696 717
4 301 425 576 728
4 365 700 714 716
4 569 700 719 726
4 567 592 454 721
4 325 719 707 726
4 405 408 407 693
4 97 692 721 725
4 424 277 276 702
4 451 692 452 721
4 557 431 438 692
4 523 693 405 712
4 424 587 277 698
4 366 558 707 719
4 493 401 712 714
4 476 693 523 713
4 578 698 424 702
4 296 381 401 718
4 477 300 705 726
4 369 300 394 705
4 557 692 438 725
4 42 43 131 709
4 131 132 42 709
4 689 699 697 715
4 593 698 243 702
4 571 691 722 725
4 433 706 727 728
4 472 708 715 723
4 365 416 700 716
4 561 250 446 695
4 481 133 10 729
4 432 417 271 698
4 11 2 42 694
4 322 319 321 694
4 574 593 101 702
4 101 698 442 702
4 376 484 432 695
4 248 438 692 725
4 477 705 295 718
4 101 243 698 702
4 309 325 366 707
4 451 455 452 692
4 571 423 691 725
4 439 525 376 695
4 384 297 369 728
4 289 284 705 727
4 505 492 298 722
4 365 323 416 716
4 101 593 243 702
4 239 699 90 713
4 688 703 693 712
4 324 322 323 694
4 88 476 89 713
4 689 718 705 726
4 310 696 290 711
4 454 456 567 721
4 433 727 519 728
4 131 709 687 729
4 519 289 297 705
4 467 252 468 706
4 280 281 279 695
4 485 718 284 723
4 311 112 292 729
4 697 716 700 719
4 243 101 574 593
4 517 380 485 699
4 709 720 701 729
4 131 43 44 709
4 485 699 380 718
4 313 701 316 729
4 519 283 289 727
4 707 719 558 724
4 44 130 131 709
4 309 366 558 707
4 322 323 694 716
4 572 253 540 708
4 284 485 291 718
4 280 376 285 695
4 289 284 291 705
4 301 571 691 722
4 289 283 284 727
4 452 692 456 721
4 689 700 699 718
4 689 719 700 726
4 429 273 698 702
4 700 688 712 714
4 479 112 9 717
4 326 322 324 694
4 688 694 703 714
4 377 557 546 725
4 688 711 699 713
4 89 266 249 713
4 489 313 316 729
4 442 698 578 702
4 365 714 323 716
4 493 563 401 714
4 248 97 475 725
4 271 234 263 695
4 112 687 696 729
4 481 316 720 729
4 593 429 698 702
4 239 473 90 699
4 30 220 42 703
4 443 719 697 724
4 401 428 477 700
4 380 391 381 712
4 279 281 509 695
4 365 700 563 714
4 134 319 11 720
4 272 274 273 702
4 456 452 455 692
4 282 264 433 706
4 428 569 395 700
4 97 721 96 725
4 708 715 689 724
4 433 706 265 727
4 696 713 693 717
4 467 94 252 706
4 331 31 30 703
4 573 471 306 704
4 688 694 701 709
4 384 519 297 728
4 476 408 523 693
4 493 401 381 712
4 586 455 561 695
4 688 701 696 709
4 266 290 249 711
4 443 542 598 697
4 249 290 292 696
4 470 454 592 721
4 477 395 300 726
4 455 250 561 695
4 569 700 595 719
4 696 709 701 729
4 687 709 696 729
4 297 300 369 705
4 688 696 701 711
4 697 715 387 724
4 246 101 442 702
4 305 325 309 707
4 130 696 709 717
4 688 700 697 716
4 265 706 94 727
4 263 431 271 695
4 322 694 321 716
4 44 130 709 717
4 394 705 300 726
4 701 720 316 729
4 273 274 275 698
4 331 30 327 703
4 477 300 295 705
4 408 405 523 693
4 44 709 693 717
4 92 708 472 723
4 292 290 310 696
4 238 92 474 708
4 91 236 90 715
4 33 3 44 717
4 305 309 308 707
4 557 438 546 725
4 439 271 431 695
4 473 517 485 699
4 558 719 443 724
4 269 270 268 702
4 366 325 367 719
4 409 443 697 724
4 296 380 381 718
4 427 702 262 710
4 703 712 688 714
4 376 432 439 695
4 701 709 694 720
4 325 367 719 726
4 427 268 702 710
4 246 442 578 702
4 473 699 485 723
4 292 696 310 729
4 699 718 485 723
4 451 452 251 721
4 295 705 291 718
4 101 100 442 698
4 234 442 100 698
4 377 546 722 725
4 269 702 268 710
4 595 569 416 700
4 239 517 473 699
4 276 274 272 702
4 696 711 688 713
4 274 484 275 698
4 689 707 705 708
4 31 220 30 703
4 493 404 703 712
4 401 563 428 700
4 454 452 456 721
4 404 406 582 703
4 97 96 475 725
4 476 88 522 717
4 391 523 405 712
4 251 96 97 721
4 401 477 296 718
4 479 88 249 717
4 365 428 563 700
4 433 264 265 706
4 310 313 489 729
4 472 715 91 723
4 312 511 387 711
4 689 715 708 723
4 481 489 316 729
4 493 712 703 714
4 310 290 312 711
4 92 472 91 723
4 432 271 439 695
4 92 474 708 723
4 509 403 279 695
4 112 113 687 729
4 288 492 286 722
4 427 262 268 710
4 590 410 425 728
4 573 306 304 704
4 699 712 688 713
4 568 542 402 716
4 552 510 572 724
4 387 715 510 724
4 686 133 720 729
4 243 446 100 698
4 295 289 291 705
4 288 286 287 722
4 411 707 356 724
4 552 572 411 724
4 101 243 100 698
4 519 433 283 727
4 586 403 509 695
4 89 90 266 713
4 429 270 273 702
4 298 288 294 722
4 704 706 691 728
4 693 709 696 717
4 582 493 404 703
4 93 265 94 727
4 301 562 425 728
4 586 561 403 695
4 324 323 365 714
4 409 558 443 724
4 564 426 594 710
4 694 688 701 716
4 693 688 712 713
4 301 294 293 722
4 564 702 426 710
4 274 277 484 698
4 356 411 368 707
4 689 705 718 723
4 278 273 275 698
4 697 700 689 719
4 470 453 454 721
4 492 288 298 722
4 368 308 356 707
4 132 134 11 720
4 476 523 239 713
4 329 31 30 331
4 427 574 262 702
4 707 708 689 724
4 686 131 687 729
4 689 708 705 723
4 322 321 323 716
4 510 387 511 715
4 318 133 481 720
4 705 707 689 726
4 411 356 599 724
4 705 707 690 708
4 311 292 310 729
4 506 493 703 714
4 243 447 446 698
4 564 440 702 710
4 690 707 705 726
4 327 506 331 703
4 686 10 133 729
4 262 702 102 710
4 270 272 273 702
4 593 429 447 698
4 440 102 702 710
4 587 432 277 698
4 432 484 277 698
4 475 96 233 725
4 269 545 702 710
4 269 272 270 702
4 265 264 94 706
4 95 252 94 706
4 130 9 112 717
4 331 524 31 703
4 273 278 429 698
4 255 267 685 710
4 311 10 113 729
4 246 564 440 702
4 234 417 442 698
4 248 475 438 725
4 255 685 430 710
4 102 262 574 702
4 685 441 259 710
4 409 697 387 724
4 306 302 304 704
4 323 568 416 716
4 425 369 590 728
4 581 441 685 710
4 426 702 545 710
4 269 545 272 702
4 593 447 243 698
4 246 440 102 702
4 416 569 428 700
4 253 572 472 708
4 434 433 519 728
4 587 417 432 698
4 474 485 284 723
4 443 598 409 697
4 314 387 409 697
4 583 103 685 710
4 583 685 267 710
4 578 424 564 702
4 689 719 707 724
4 270 427 268 702
4 466 96 251 721
4 9 88 479 717
4 299 576 410 704
4 3 522 88 717
4 694 714 688 716
4 87 3 88 717
4 87 88 9 717
4 44 131 632 43
4 311 113 10 513
4 593 427 429 702
4 131 44 632 130
4 259 430 685 710
4 301 293 571 722
4 103 581 685 710
4 477 295 296 718
4 278 447 429 698
4 91 472 236 715
4 89 239 90 713
4 558 356 309 707
4 480 522 33 408
4 564 594 440 710
4 552 387 510 724
4 134 318 319 720
4 309 356 308 707
4 292 112 311 392
4 365 416 428 700
4 690 727 706 728
4 707 719 689 726
4 315 316 313 701
4 264 95 94 706
4 208 42 43 131
4 131 208 42 132
4 317 542 321 716
4 426 424 276 702
4 331 506 493 703
4 318 481 316 720
4 9 87 479 88
4 3 87 88 522
4 571 546 423 725
4 545 426 276 702
4 317 316 701 720
4 253 472 92 708
4 283 238 284 727
4 538 325 507 726
4 458 541 457 612
4 481 10 489 729
4 44 632 191 43
4 700 688 714 716
4 417 587 578 698
4 319 134 11 320
4 208 131 647 132
4 367 569 595 719
4 578 564 246 702
4 131 208 632 43
4 75 255 685 430
4 314 409 598 697
4 429 427 270 702
4 569 719 367 726
4 37 38 82 108
4 287 377 293 722
4 259 685 77 441
4 426 564 424 702
4 685 255 74 267
4 300 297 295 705
4 582 524 331 703
4 417 578 442 698
4 92 91 474 723
4 297 289 295 705
4 571 722 546 725
4 377 546 571 722
4 546 385 423 725
4 430 685 76 259
4 28 29 591 123
4 545 276 272 702
4 574 427 593 702
4 391 405 404 712
4 103 685 8 583
4 2 30 327 328
4 87 9 3 717
4 292 479 112 392
4 109 37 82 108
4 538 507 394 726
4 699 715 689 723
4 689 715 697 724
4 443 558 366 719
4 303 304 302 704
4 697 719 689 724
4 288 293 294 722
4 476 239 89 713
4 295 291 296 718
4 299 303 302 704
4 581 685 8 103
4 82 36 37 109
4 412 32 31 406
4 510 511 236 715
4 632 43 208 191
4 101 246 102 702
4 315 317 316 701
4 689 718 699 723
4 472 510 236 715
4 660 667 115 496
4 26 207 187 646
4 24 25 339 341
4 41 9 3 86
4 9 41 104 86
4 208 131 632 647
4 511 290 266 711
4 27 26 187 646
4 582 331 493 703
4 101 102 574 702
4 107 82 38 108
4 410 303 299 704
4 134 133 318 720
4 433 265 283 727
4 475 233 385 725
4 225 20 67 186
4 28 124 202 123
4 124 28 202 27
4 394 300 395 726
4 311 489 10 729
4 485 380 291 718
4 207 26 25 125
4 552 411 599 724
4 340 25 26 125
4 466 251 453 721
4 207 26 125 646
4 311 112 113 392
4 41 3 655 216
4 25 24 192 126
4 124 27 202 646
4 124 28 504 123
4 504 27 28 124
4 124 125 27 646
4 26 27 125 646
4 396 27 136 163
4 83 82 38 107
4 425 384 369 728
4 105 41 85 104
4 104 105 41 636
4 123 124 202 630
4 24 25 341 126
4 317 318 316 720
4 33 407 480 408
4 27 187 202 646
4 192 207 25 126
4 630 124 202 646
4 319 318 134 320
4 654 215 11 129
4 329 31 331 524
4 29 0 7 223
4 84 83 39 106
4 317 319 318 720
4 325 538 367 726
4 626 225 67 186
4 19 225 626 186
4 320 11 319 486
4 104 41 85 86
4 474 473 485 723
4 311 10 489 513
4 232 61 17 143
4 705 708 690 727
4 339 25 340 341
4 493 381 404 712
4 129 189 22 128
4 583 685 73 267
4 327 326 2 328
4 257 7 53 229
4 384 434 519 728
4 136 512 27 396
4 44 9 655 130
4 288 287 293 722
4 72 52 684 231
4 87 3 9 86
4 331 30 329 327
4 324 365 506 714
4 44 655 632 130
4 125 25 207 126
4 340 25 125 126
4 42 654 11 132
4 225 68 19 626
4 344 318 134 133
4 29 7 0 228
4 312 290 511 711
4 125 207 646 642
4 125 27 357 124
4 27 125 357 26
4 293 377 571 722
4 426 259 594 710
4 38 39 83 107
4 107 39 83 106
4 581 78 685 441
4 690 706 704 728
4 189 197 23 128
4 109 36 644 110
4 457 606 458 612
4 24 197 192 127
4 636 41 655 216
4 126 24 192 127
4 642 204 646 643
4 36 35 644 110
4 632 636 655 216
4 126 341 24 127
4 189 23 22 128
4 357 340 26 125
4 683 6 49 114
4 396 28 27 163
4 654 42 208 132
4 529 27 28 504
4 203 202 187 651
4 504 28 529 123
4 37 82 38 487
4 44 655 3 216
4 166 358 345 136
4 216 632 636 191
4 136 345 166 168
4 474 91 473 723
4 650 20 67 226
4 382 512 136 396
4 22 2 11 478
4 478 11 22 129
4 310 489 311 729
4 655 44 632 216
4 118 363 360 614
4 82 109 108 488
4 654 42 11 215
4 41 3 9 655
4 41 9 104 655
4 379 614 457 604
4 646 204 187 651
4 38 82 83 487
4 9 130 44 717
4 692 722 721 725
4 11 2 22 215
4 215 22 11 129
4 354 118 673 351
4 207 125 126 642
4 197 189 629 128
4 78 77 685 441
4 24 23 197 127
4 497 660 115 496
4 340 357 342 125
4 396 27 28 529
4 35 633 110 111
4 44 632 216 191
4 204 646 643 651
4 37 38 108 213
4 125 342 340 126
4 640 204 643 649
4 363 354 118 360
4 1 4 5 79
4 29 28 193 123
4 208 647 654 132
4 49 683 114 565
4 84 83 106 543
4 77 76 685 259
4 360 119 118 614
4 508 23 334 514
4 136 26 512 502
4 51 662 555 231
4 691 721 722 725
4 506 563 493 714
4 207 628 126 192
4 31 524 412 406
4 144 23 334 508
4 684 662 72 231
4 291 380 296 718
4 259 441 594 710
4 215 42 208 654
4 654 208 215 629
4 604 457 541 612
4 105 84 40 106
4 344 680 481 133
4 102 440 103 710
4 36 82 37 254
4 129 629 189 128
4 652 647 212 632
4 269 255 430 710
4 35 36 644 190
4 353 354 673 351
4 685 76 75 430
4 530 28 591 123
4 354 119 118 360
4 522 33 3 480
4 409 387 552 724
4 120 445 355 448
4 381 391 404 712
4 426 545 259 710
4 108 107 82 244
4 351 118 117 501
4 328 2 22 478
4 662 51 71 231
4 629 212 200 652
4 628 207 126 642
4 83 39 38 240
4 208 632 191 212
4 182 2 22 328
4 84 39 40 106
4 166 345 346 168
4 495 494 116 608
4 594 441 440 710
4 74 75 255 685
4 122 591 29 123
4 112 605 113 392
4 357 27 504 124
4 496 660 667 498
4 386 157 170 375
4 127 23 197 128
4 667 669 116 496
4 85 40 41 105
4 105 40 41 636
4 83 82 107 244
4 382 345 358 136
4 105 482 84 106
4 39 83 84 240
4 69 218 122 223
4 21 34 224 657
4 654 647 208 629
4 685 74 73 267
4 454 453 452 721
4 516 9 104 86
4 655 104 41 636
4 208 632 212 647
4 86 3 41 235
4 671 125 342 348
4 33 32 413 407
4 204 203 187 651
4 86 41 85 435
4 335 334 333 177
4 108 109 37 211
4 336 339 24 338
4 155 175 180 398
4 54 53 534 228
4 136 512 382 502
4 157 160 170 375
4 649 640 204 206
4 379 457 463 604
4 125 503 342 348
4 28 29 577 591
4 34 5 224 111
4 122 29 7 223
4 461 494 495 608
4 102 103 262 710
4 87 9 516 86
4 520 311 113 392
4 269 268 255 710
4 386 170 160 375
4 151 166 346 168
4 86 87 3 235
4 215 189 22 129
4 199 204 207 642
4 104 85 237 86
4 647 212 208 629
4 496 669 116 352
4 341 25 340 126
4 479 516 9 112
4 548 495 596 601
4 127 197 192 628
4 20 650 194 226
4 354 673 119 353
4 268 267 255 710
4 84 85 482 105
4 629 647 212 652
4 83 107 106 543
4 479 516 112 392
4 651 643 204 658
4 22 508 328 478
4 682 678 364 350
4 329 30 31 145
4 9 44 655 3
4 539 611 388 379
4 636 105 40 631
4 85 84 40 105
4 334 333 177 144
4 318 344 481 133
4 402 367 595 719
4 629 639 197 128
4 568 321 542 716
4 267 268 262 710
4 34 79 5 111
4 577 29 28 142
4 22 399 129 128
4 38 107 108 213
4 662 684 555 231
4 350 671 682 349
4 149 337 335 336
4 23 24 514 515
4 339 514 24 515
4 478 11 129 378
4 366 367 402 719
4 42 2 11 215
4 165 383 358 136
4 109 36 37 211
4 267 262 583 710
4 29 7 228 122
4 108 602 544 488
4 555 684 52 231
4 662 676 681 499
4 85 237 105 104
4 657 224 5 111
4 508 182 22 328
4 134 132 686 720
4 684 229 7 122
4 125 357 503 124
4 235 41 435 179
4 5 34 224 1
4 464 154 155 371
4 141 167 175 570
4 155 180 464 398
4 554 146 138 147
4 488 544 108 244
4 628 198 199 640
4 685 8 78 581
4 108 544 612 244
4 24 23 127 515
4 685 73 8 583
4 53 52 257 229
4 151 337 483 150
4 514 24 149 336
4 350 348 671 349
4 383 382 358 136
4 337 335 483 150
4 332 329 31 145
4 608 115 495 601
4 596 495 115 601
4 396 512 27 529
4 241 29 54 534
4 596 115 114 601
4 119 118 673 354
4 495 548 608 601
4 678 682 669 350
4 111 79 5 585
4 361 119 355 360
4 25 168 338 502
4 457 360 614 379
4 329 330 30 145
4 494 459 117 610
4 631 105 40 106
4 667 668 678 575
4 230 54 55 241
4 680 10 481 133
4 640 199 204 206
4 25 24 339 338
4 414 554 138 147
4 79 5 1 34
4 108 107 653 213
4 430 545 269 710
4 139 487 38 556
4 512 27 26 136
4 413 179 33 480
4 72 52 229 684
4 259 545 430 710
4 348 671 682 350
4 16 232 143 256
4 612 602 544 108
4 650 67 20 186
4 351 117 352 501
4 182 30 330 145
4 512 26 27 357
4 119 355 120 361
4 175 155 374 398
4 179 435 235 532
4 496 667 669 500
4 399 22 23 128
4 186 648 209 195
4 508 22 23 399
4 192 126 127 628
4 145 333 330 144
4 148 146 554 147
4 172 160 135 537
4 166 346 359 153
4 235 3 33 480
4 230 29 0 241
4 653 206 211 213
4 570 175 141 400
4 631 40 39 106
4 26 136 168 502
4 165 166 490 156
4 138 32 31 412
4 0 54 230 241
4 106 39 659 188
4 209 626 648 186
4 343 126 342 671
4 579 172 16 222
4 235 522 3 480
4 650 657 194 226
4 251 452 453 721
4 602 109 547 488
4 44 3 9 717
4 232 16 60 256
4 352 117 116 494
4 119 355 354 353
4 22 23 144 508
4 441 581 440 710
4 504 512 27 357
4 207 192 199 628
4 213 107 653 188
4 153 155 154 371
4 166 359 490 156
4 24 137 336 338
4 113 311 520 513
4 659 107 106 188
4 346 166 151 153
4 182 330 30 328
4 588 138 31 412
4 371 464 154 372
4 362 129 378 393
4 520 113 605 392
4 23 24 149 514
4 488 109 547 258
4 504 503 357 124
4 364 678 500 350
4 506 365 563 714
4 24 514 339 336
4 30 330 329 328
4 143 232 61 256
4 673 353 351 349
4 106 463 482 543
4 579 16 60 222
4 650 626 67 186
4 82 81 36 109
4 514 508 23 399
4 352 496 669 500
4 39 107 188 106
4 107 39 188 38
4 128 127 23 515
4 137 151 337 168
4 549 17 61 143
4 54 0 29 241
4 129 362 677 393
4 318 344 134 320
4 496 497 660 498
4 143 172 16 256
4 569 367 538 726
4 235 33 3 179
4 501 459 117 494
4 327 30 329 328
4 640 198 199 219
4 179 235 33 480
4 407 413 33 480
4 668 667 498 575
4 109 81 36 110
4 15 172 579 222
4 414 161 138 412
4 198 192 197 628
4 626 209 210 186
4 684 676 662 555
4 549 184 17 143
4 346 358 345 166
4 628 199 207 642
4 543 107 541 244
4 265 93 238 727
4 371 154 153 372
4 35 36 81 110
4 464 374 155 398
4 351 354 118 501
4 390 449 677 362
4 165 383 136 163
4 332 138 146 145
4 624 596 114 601
4 639 127 197 128
4 686 133 134 720
4 168 25 26 502
4 342 343 671 348
4 110 80 35 111
4 108 627 109 211
4 419 148 554 147
4 257 229 684 122
4 105 237 482 539
4 203 635 651 214
4 669 117 116 352
4 124 504 531 123
4 658 643 204 649
4 107 612 541 244
4 121 120 445 389
4 22 399 478 129
4 606 457 604 612
4 55 230 241 181
4 660 672 681 242
4 500 678 669 350
4 138 31 332 588
4 436 57 13 178
4 478 326 2 486
4 129 399 478 378
4 618 622 260 603
4 570 398 175 400
4 240 38 487 556
4 649 627 653 206
4 164 165 418 158
4 332 138 588 554
4 389 120 445 361
4 122 7 69 223
4 202 656 630 635
4 229 257 7 122
4 608 548 462 609
4 116 115 496 495
4 208 189 215 629
4 161 32 138 412
4 650 648 186 194
4 438 475 385 725
4 579 59 15 222
4 650 648 626 186
4 260 589 622 618
4 180 167 465 570
4 150 151 337 137
4 229 52 257 684
4 607 614 379 604
4 146 333 145 144
4 657 34 224 111
4 122 218 29 223
4 500 667 678 575
4 121 444 10 513
4 358 359 490 166
4 636 637 631 196
4 104 237 617 526
4 4 5 79 585
4 335 334 177 149
4 166 490 358 165
4 348 343 671 349
4 10 481 489 513
4 465 398 180 570
4 162 435 41 179
4 241 230 29 181
4 79 1 4 584
4 415 176 162 421
4 149 137 337 336
4 349 673 353 535
4 340 26 25 502
4 228 534 29 122
4 656 123 202 630
4 195 644 214 190
4 64 46 533 603
4 247 65 47 613
4 138 332 31 145
4 620 104 617 526
4 640 628 198 638
4 40 84 85 527
4 197 127 639 628
4 179 413 532 480
4 0 29 218 223
4 138 332 146 554
4 583 262 103 710
4 627 653 206 211
4 494 117 116 610
4 599 558 409 724
4 533 260 622 603
4 214 648 644 195
4 636 40 41 196
4 370 359 346 153
4 103 440 581 710
4 116 115 495 608
4 41 40 85 435
4 24 25 137 338
4 198 199 192 628
4 179 162 435 532
4 151 483 370 152
4 40 636 631 196
4 81 36 35 491
4 189 208 212 629
4 616 110 551 258
4 323 321 568 716
4 358 166 165 136
4 637 631 196 201
4 333 330 332 145
4 155 373 156 157
4 189 212 200 629
4 513 121 444 389
4 21 34 1 224
4 502 340 26 357
4 114 6 49 536
4 149 334 177 144
4 157 155 373 374
4 579 172 15 537
4 520 605 388 526
4 237 105 617 539
4 149 334 23 514
4 657 650 66 226
4 122 530 591 123
4 616 547 109 258
4 459 460 458 623
4 363 118 354 501
4 117 352 501 494
4 155 156 373 371
4 616 109 547 602
4 684 257 676 555
4 374 155 373 371
4 330 329 332 145
4 140 162 176 421
4 448 120 445 670
4 172 135 15 537
4 614 606 457 604
4 378 478 11 486
4 19 68 227 210
4 649 204 658 206
4 167 180 398 570
4 560 141 170 400
4 565 114 49 536
4 12 56 13 169
4 40 39 84 527
4 173 141 170 560
4 339 340 25 338
4 366 402 443 719
4 633 35 34 111
4 494 116 496 495
4 500 498 667 575
4 615 379 463 604
4 352 116 496 494
4 461 459 494 610
4 637 629 200 652
4 625 618 111 585
4 550 551 110 258
4 121 444 445 670
4 396 28 577 529
4 151 370 346 153
4 661 503 531 124
4 514 149 334 336
4 122 29 193 123
4 209 626 635 648
4 579 16 172 256
4 169 164 436 174
4 209 210 634 626
4 63 45 260 625
4 338 340 25 502
4 538 394 395 726
4 412 414 161 413
4 120 355 666 448
4 355 119 666 353
4 554 414 419 147
4 640 649 641 206
4 546 438 385 725
4 624 65 247 613
4 664 134 344 320
4 478 2 11 486
4 621 121 10 513
4 627 649 658 206
4 659 631 39 106
4 209 193 202 656
4 205 627 658 206
4 344 664 320 362
4 193 209 634 656
4 397 383 164 163
4 676 662 555 499
4 679 134 664 320
4 29 577 241 142
4 682 661 348 364
4 146 333 332 145
4 589 601 247 622
4 487 38 37 139
4 390 680 444 344
4 283 265 238 727
4 533 47 64 613
4 483 346 337 151
4 680 481 444 344
4 398 386 175 400
4 196 216 636 191
4 338 168 345 502
4 216 636 41 196
4 560 183 173 143
4 597 139 167 180
4 589 609 622 618
4 364 348 682 350
4 198 640 638 219
4 397 396 163 142
4 219 640 641 206
4 617 388 526 539
4 116 115 667 496
4 139 37 597 167
4 648 645 635 214
4 633 644 648 217
4 11 320 378 486
4 161 33 32 413
4 611 539 607 379
4 609 608 548 601
4 579 15 59 537
4 180 167 597 465
4 533 247 613 622
4 555 52 51 231
4 360 361 119 607
4 673 666 119 353
4 320 664 679 362
4 481 10 444 513
4 196 200 637 201
4 633 34 35 217
4 461 548 462 608
4 165 418 383 164
4 481 444 10 680
4 679 362 129 378
4 26 512 502 357
4 206 653 641 213
4 180 597 139 465
4 14 58 15 135
4 610 461 460 619
4 498 660 681 242
4 642 628 199 640
4 569 538 395 726
4 149 23 334 144
4 254 36 491 167
4 109 602 108 488
4 20 650 186 194
4 17 16 232 143
4 422 386 160 375
4 645 651 635 214
4 195 186 648 194
4 613 64 533 603
4 562 434 384 728
4 235 179 532 480
4 167 491 254 570
4 241 577 29 591
4 114 683 660 565
4 639 198 197 628
4 190 644 35 217
4 386 160 170 422
4 342 341 126 343
4 171 139 38 556
4 354 355 119 360
4 128 399 129 393
4 161 179 33 413
4 501 363 118 606
4 399 23 514 515
4 164 436 397 169
4 619 462 547 616
4 68 227 210 634
4 202 203 209 635
4 618 110 551 616
4 459 461 460 610
4 348 661 503 364
4 390 445 444 670
4 462 551 547 616
4 450 347 148 185
4 82 81 109 488
4 64 46 47 533
4 461 462 460 619
4 687 10 686 729
4 645 648 644 214
4 232 60 61 256
4 344 390 680 664
4 611 120 389 361
4 164 418 436 174
4 178 245 14 135
4 504 530 531 123
4 626 634 209 635
4 370 346 483 151
4 164 397 163 142
4 374 157 175 386
4 462 461 608 619
4 652 637 636 196
4 386 170 175 400
4 530 504 529 123
4 14 57 245 178
4 144 334 330 508
4 118 117 501 606
4 664 344 390 362
4 36 141 491 167
4 531 675 124 123
4 378 129 399 393
4 195 648 644 217
4 527 435 40 421
4 400 170 560 580
4 676 675 566 123
4 160 157 158 375
4 513 621 121 389
4 230 0 29 181
4 123 193 122 656
4 609 462 608 619
4 56 12 553 169
4 330 182 144 508
4 108 653 627 211
4 178 169 436 174
4 681 498 242 499
4 361 120 119 607
4 551 462 609 616
4 539 617 611 615
4 213 38 107 188
4 206 205 627 211
4 260 618 625 585
4 150 148 347 185
4 31 329 332 524
4 225 19 20 186
4 621 520 611 389
4 520 388 611 389
4 562 384 425 728
4 126 125 342 671
4 135 58 15 537
4 218 210 227 634
4 386 175 374 398
4 612 544 541 244
4 110 109 81 258
4 190 195 644 217
4 625 260 63 603
4 333 334 330 144
4 497 115 114 596
4 362 677 679 129
4 117 665 118 351
4 589 533 260 622
4 355 445 120 361
4 599 409 552 724
4 629 200 639 637
4 330 182 508 328
4 352 665 117 351
4 47 48 65 247
4 205 658 204 206
4 445 444 121 389
4 458 460 544 623
4 548 461 495 608
4 107 641 653 188
4 213 653 641 188
4 566 675 668 575
4 13 56 57 436
4 61 62 17 549
4 128 518 127 515
4 396 397 577 142
4 247 601 613 622
4 651 645 658 205
4 219 199 640 206
4 58 14 245 135
4 631 39 40 201
4 160 172 422 537
4 1 62 584 184
4 196 631 40 201
4 672 660 565 242
4 23 399 128 515
4 460 462 547 619
4 675 661 531 124
4 551 110 618 550
4 415 162 161 532
4 490 418 165 158
4 579 60 16 256
4 589 260 551 618
4 363 360 614 457
4 529 512 27 504
4 39 240 527 528
4 120 121 611 389
4 386 374 157 375
4 31 524 588 412
4 71 662 672 242
4 184 17 62 549
4 460 459 610 623
4 399 508 22 478
4 676 566 675 668
4 656 202 209 635
4 398 175 167 570
4 9 87 516 479
4 148 450 185 419
4 343 341 126 663
4 516 620 392 526
4 172 183 579 256
4 161 413 415 532
4 178 436 245 174
4 371 153 370 372
4 162 179 161 532
4 436 13 56 169
4 501 117 459 606
4 436 397 418 164
4 320 679 11 378
4 46 64 63 603
4 412 161 32 413
4 36 81 82 254
4 602 547 544 488
4 612 107 108 244
4 62 1 17 184
4 619 609 462 616
4 673 666 353 535
4 626 210 19 186
4 169 436 13 178
4 522 3 87 235
4 682 678 661 364
4 47 533 247 613
4 38 240 171 556
4 383 165 164 163
4 624 247 596 601
4 50 71 672 242
4 45 46 63 260
4 515 128 518 393
4 138 588 554 414
4 10 444 121 680
4 501 459 363 606
4 666 355 353 448
4 51 662 242 555
4 346 359 358 166
4 34 1 79 584
4 435 86 41 235
4 154 152 153 372
4 326 2 328 478
4 254 37 36 167
4 162 40 435 421
4 547 544 460 602
4 589 609 601 622
4 142 241 29 181
4 650 67 66 226
4 260 46 63 603
4 661 125 503 124
4 516 104 237 86
4 444 121 680 670
4 607 614 360 379
4 656 209 634 635
4 254 597 37 167
4 657 34 633 194
4 488 108 82 244
4 146 177 333 144
4 65 64 47 613
4 160 158 437 375
4 536 6 48 624
4 601 589 247 548
4 173 549 560 143
4 247 48 65 624
4 362 679 320 378
4 210 19 68 626
4 628 639 198 638
4 245 57 436 178
4 37 597 487 139
4 127 126 341 663
4 155 374 464 371
4 520 611 605 621
4 541 458 544 612
4 67 68 225 626
4 664 670 677 362
4 684 52 257 555
4 662 71 51 242
4 390 670 664 362
4 117 669 665 352
4 113 520 621 513
4 340 342 341 126
4 449 677 362 393
4 487 83 38 240
4 257 53 7 122
4 638 200 198 201
4 168 137 25 338
4 526 237 617 539
4 413 32 412 407
4 605 112 620 392
4 606 363 614 457
4 677 449 674 393
4 450 148 347 419
4 458 363 606 457
4 141 175 170 400
4 482 84 106 543
4 140 527 40 421
4 531 566 675 123
4 152 370 153 372
4 483 151 150 152
4 531 503 661 364
4 388 605 611 526
4 180 175 167 398
4 203 209 635 214
4 623 460 544 602
4 118 665 673 351
4 421 435 162 532
4 657 66 21 226
4 227 69 18 218
4 605 520 392 526
4 194 657 21 226
4 227 69 218 634
4 235 3 41 179
4 224 5 66 657
4 683 49 70 565
4 399 128 515 393
4 666 119 355 120
4 143 61 549 256
4 450 370 483 152
4 14 13 57 178
4 111 110 80 550
4 518 341 127 515
4 420 176 415 421
4 498 681 668 499
4 167 141 491 570
4 200 198 197 639
4 172 15 16 222
4 157 373 158 375
4 14 57 58 245
4 392 620 605 526
4 140 39 527 528
4 342 357 503 125
4 388 611 605 520
4 383 397 396 163
4 170 175 157 386
4 59 15 58 537
4 620 112 516 392
4 617 611 605 526
4 641 206 213 188
4 619 547 460 602
4 615 463 482 106
4 663 673 349 535
4 390 444 680 670
4 171 140 159 528
4 347 450 150 185
4 254 82 37 487
4 676 566 257 122
4 351 665 673 349
4 352 669 665 350
4 144 182 22 508
4 146 332 333 554
4 465 167 597 570
4 111 80 79 550
4 665 682 671 349
4 663 673 665 349
4 115 114 660 497
4 80 34 35 111
4 553 436 56 169
4 419 559 185 176
4 34 80 79 111
4 344 134 664 133
4 184 173 549 261
4 672 660 683 565
4 609 589 551 618
4 257 534 53 122
4 566 530 676 123
4 671 663 665 349
4 449 448 390 670
4 114 536 596 624
4 518 674 449 393
4 579 183 172 422
4 240 84 39 527
4 670 390 677 362
4 122 193 218 634
4 669 352 500 350
4 247 533 589 622
4 549 173 184 143
4 610 608 461 619
4 333 177 146 347
4 184 62 584 549
4 34 633 194 217
4 156 153 359 371
4 182 30 2 328
4 676 257 566 555
4 418 383 490 165
4 682 661 671 348
4 623 544 458 612
4 153 156 155 371
4 261 35 173 491
4 351 352 665 350
4 591 577 28 529
4 535 666 353 448
4 143 560 183 256
4 638 637 200 201
4 237 482 85 105
4 39 631 659 201
4 534 591 29 122
4 210 227 18 218
4 139 597 487 556
4 550 111 618 585
4 373 437 158 375
4 607 379 615 604
4 537 160 135 600
4 65 48 6 624
4 388 617 611 539
4 256 422 580 183
4 209 210 193 634
4 682 665 350 349
4 138 588 414 412
4 180 464 398 465
4 171 159 521 528
4 611 617 388 526
4 521 159 420 528
4 406 412 32 407
4 566 668 499 575
4 449 390 677 670
4 663 671 343 349
4 565 660 498 242
4 154 180 139 465
4 504 531 503 124
4 160 183 170 422
4 413 161 179 532
4 678 675 661 364
4 414 161 413 415
4 604 463 106 543
4 566 531 530 123
4 50 71 70 672
4 662 681 672 242
4 49 70 6 683
4 677 674 449 670
4 554 347 148 419
4 541 604 107 543
4 668 667 660 498
4 21 34 657 194
4 122 218 69 634
4 445 120 121 670
4 176 420 140 421
4 482 105 539 615
4 176 147 419 415
4 183 172 143 256
4 666 535 449 448
4 162 147 176 415
4 154 159 152 372
4 497 114 660 565
4 448 666 120 670
4 420 159 140 528
4 520 621 513 389
4 174 135 160 600
4 524 332 31 588
4 155 157 175 374
4 330 182 145 144
4 147 162 161 415
4 668 660 681 498
4 219 659 638 201
4 256 422 183 579
4 390 448 445 670
4 375 437 160 600
4 666 673 663 535
4 260 533 46 603
4 539 607 379 615
4 135 174 245 600
4 359 373 156 371
4 335 334 149 336
4 521 465 139 556
4 536 114 6 624
4 112 516 9 620
4 80 81 35 491
4 214 644 645 190
4 418 245 436 174
4 128 677 674 393
4 663 343 518 535
4 543 83 107 244
4 609 548 589 601
4 577 241 142 181
4 397 164 169 142
4 676 530 566 122
4 419 185 148 176
4 625 111 5 585
4 146 177 148 347
4 667 496 498 500
4 40 162 140 421
4 336 137 337 338
4 153 359 166 156
4 414 419 147 415
4 579 60 59 222
4 161 414 147 415
4 177 333 335 347
4 35 81 80 110
4 24 137 149 336
4 657 633 34 111
4 347 148 146 554
4 240 39 171 528
4 397 383 418 164
4 498 497 660 565
4 122 676 530 123
4 48 49 6 536
4 634 122 193 656
4 35 141 173 491
4 139 171 521 556
4 618 260 550 585
4 173 549 261 560
4 645 205 214 190
4 551 547 616 258
4 71 50 51 242
4 422 160 537 600
4 638 641 659 219
4 180 154 464 465
4 671 343 126 663
4 607 539 611 615
4 55 12 230 181
4 373 437 490 158
4 591 534 530 122
4 491 173 261 560
4 81 36 491 254
4 335 347 483 150
4 541 604 612 107
4 347 146 333 554
4 335 177 150 149
4 648 650 633 194
4 674 518 128 393
4 172 579 422 537
4 435 41 40 162
4 240 39 38 171
4 241 553 55 181
4 555 566 676 499
4 10 687 113 729
4 610 459 117 606
4 261 80 35 491
4 659 219 188 201
4 135 245 58 537
4 653 641 649 206
4 516 104 9 620
4 218 18 0 223
4 422 183 170 580
4 169 12 553 181
4 530 257 566 122
4 675 531 661 364
4 664 677 679 362
4 158 165 490 156
4 641 638 640 219
4 620 617 605 526
4 614 360 119 607
4 128 129 677 393
4 138 161 414 147
4 139 171 154 521
4 465 139 154 521
4 105 617 539 615
4 389 388 611 361
4 12 55 56 553
4 499 668 498 575
4 450 370 152 372
4 141 35 36 491
4 159 185 559 176
4 435 40 85 527
4 625 45 260 585
4 584 184 549 261
4 50 672 565 242
4 37 597 254 487
4 29 193 218 122
4 637 638 631 201
4 372 159 152 559
4 551 609 618 616
4 206 641 219 188
4 634 210 68 626
4 597 139 465 556
4 379 463 539 615
4 188 39 659 201
4 260 551 618 550
4 107 659 641 188
4 623 610 460 619
4 537 135 245 600
4 529 28 591 530
4 50 70 49 565
4 559 185 450 419
4 421 162 415 532
4 109 110 616 258
4 150 450 483 152
4 383 358 490 165
4 496 115 497 495
4 170 386 422 580
4 153 151 370 152
4 553 397 436 169
4 607 360 361 379
4 194 21 20 226
4 227 68 69 634
4 256 560 183 580
4 675 678 575 364
4 460 623 619 602
4 559 159 420 521
4 237 105 104 617
4 169 553 397 142
4 129 11 679 378
4 153 370 359 371
4 614 118 363 606
4 347 335 177 150
4 48 247 536 624
4 12 0 230 181
4 140 171 39 528
4 421 140 527 528
4 448 449 666 670
4 386 170 400 580
4 40 39 527 140
4 548 589 462 609
4 62 4 1 584
4 241 577 553 181
4 373 158 156 157
4 641 659 219 188
4 606 459 458 623
4 602 544 623 612
4 596 536 247 624
4 675 566 531 575
4 347 450 483 150
4 549 560 143 256
4 134 679 11 320
4 224 66 21 657
4 218 69 18 223
4 142 553 577 181
4 350 665 351 349
4 45 63 5 625
4 5 4 45 585
4 374 373 157 375
4 174 158 437 160
4 530 529 28 123
4 110 81 80 258
4 667 678 669 500
4 601 624 247 613
4 547 619 616 602
4 463 482 539 615
4 159 185 152 559
4 349 343 663 535
4 158 490 373 156
4 621 611 121 389
4 670 680 390 664
4 115 497 495 596
4 625 618 260 603
4 676 566 668 499
4 154 159 372 521
4 559 372 159 521
4 625 5 45 585
4 622 613 533 603
4 141 173 491 560
4 627 658 645 205
4 106 107 604 543
4 419 420 176 415
4 458 363 459 606
4 359 373 490 156
4 418 490 437 158
4 110 111 618 550
4 518 127 674 128
4 604 541 463 543
4 535 518 674 449
4 668 681 676 499
4 682 665 669 350
4 674 666 535 449
4 577 397 553 142
4 155 180 154 464
4 674 666 449 670
4 229 7 72 684
4 565 497 114 536
4 79 80 34 261
4 167 254 597 570
4 518 674 663 535
4 418 164 158 174
4 34 35 173 261
4 71 72 662 231
4 173 184 34 261
4 247 548 596 601
4 462 589 551 609
4 621 10 113 513
4 34 1 584 184
4 678 668 675 575
4 35 34 80 261
4 457 541 463 604
4 659 631 638 201
4 140 159 420 176
4 18 19 227 210
4 666 663 674 535
4 482 105 615 106
4 606 610 459 623
4 372 152 450 559
4 420 559 419 176
4 638 198 219 201
4 463 615 604 106
4 160 172 183 422
4 465 154 464 521
4 174 437 245 600
4 560 491 141 400
4 257 530 534 122
4 171 159 154 521
4 160 437 174 600
4 550 79 111 585
4 177 148 347 150
4 147 419 148 176
4 127 518 674 663
4 657 633 650 194
4 678 500 575 364
4 81 109 488 258
4 623 458 606 612
4 29 241 591 534
4 185 450 152 559
4 361 611 120 607
4 556 171 521 528
4 12 55 553 181
4 536 497 114 596
4 184 584 34 261
4 372 464 154 521
4 559 420 159 176
4 531 675 575 364
4 142 169 553 181
4 152 150 450 185
4 418 437 245 174
4 664 680 344 133
4 684 676 257 122
4 570 141 491 400
4 158 437 418 174
4 556 240 171 528
4 421 420 140 528
4 520 605 113 621
4 550 110 80 258
4 174 245 178 135
4 193 210 218 634
4 584 79 34 261
4 160 422 375 600
4 722 592 691 505
4 722 691 592 721
4 728 423 282 691
4 728 282 423 434
4 701 310 711 696
4 701 711 310 313
4 282 728 433 434
4 433 728 282 706
4 704 505 298 691
4 704 298 505 302
4 471 368 690 573
4 471 690 368 468
4 238 727 92 708
4 238 92 727 93
4 253 92 727 708
4 253 727 92 93
4 324 703 714 506
4 714 703 324 694
4 708 411 724 707
4 708 724 411 572
4 716 315 317 542
4 716 317 315 701
4 712 517 380 391
4 712 380 517 699
4 595 716 416 568
4 416 716 595 700
4 711 314 387 312
4 711 387 314 697
4 716 317 720 321
4 716 720 317 701
4 728 576 410 425
4 728 410 576 704
4 562 571 691 301
4 562 691 571 423
4 703 524 406 582
4 703 406 524 31
4 724 356 558 707
4 724 558 356 599
4 486 2 322 326
4 486 322 2 11
4 694 322 2 326
4 694 2 322 11
4 29 228 54 534
4 54 228 29 0
4 651 202 635 203
4 651 635 202 630
4 125 348 661 503
4 661 348 125 671
4 136 396 383 382
4 136 383 396 163
4 136 345 502 382
4 136 502 345 168
4 608 494 610 461
4 608 610 494 116
4 35 633 644 110
4 35 644 633 217
4 346 168 337 151
4 337 168 346 345
4 213 108 211 653
4 213 211 108 37
4 662 499 242 555
4 242 499 662 681
4 122 228 53 7
4 122 53 228 534
4 104 526 516 237
4 516 526 104 620
4 202 646 651 630
4 651 646 202 187
4 207 646 204 187
4 207 204 646 642
4 215 629 129 654
4 129 629 215 189
4 337 149 150 137
4 150 149 337 335
4 168 337 338 345
4 168 338 337 137
4 205 651 204 658
4 205 204 651 203
4 123 193 202 28
4 123 202 193 656
4 396 142 28 163
4 28 142 396 577
4 640 204 642 643
4 640 642 204 199
4 36 644 211 109
4 36 211 644 190
4 627 211 644 109
4 191 212 652 196
4 652 212 191 632
4 652 636 191 196
4 191 636 652 632
4 341 24 515 339
4 515 24 341 127
4 629 197 200 189
4 629 200 197 639
4 379 611 361 607
4 379 361 611 388
4 648 209 214 635
4 214 209 648 195
4 663 341 518 343
4 663 518 341 127
4 560 183 170 173
4 170 183 560 580
4 200 638 639 637
4 639 638 200 198
4 200 652 196 637
4 196 652 200 212
4 217 648 194 195
4 217 194 648 633
4 214 651 205 645
4 214 205 651 203
4 565 70 672 50
4 565 672 70 683
4 211 644 205 627
4 211 205 644 190
4 645 205 644 627
4 645 644 205 190

CELL_TYPES 3753
1
1
1
1
1
1
1
1
1
1
1
1
3
3
3
3
3
3
3
3
3
3
3
3
3
3
3
3
3
3
3
3
3
3
3
3
3
3
3
3
3
3
3
3
3
3
3
3
3
3
3
3
3
3
3
3
3
3
3
3
3
3
3
3
3
3
3
3
3
3
3
3
3
3
3
3
3
3
3
3
3
3
3
3
3
3
3
3
3
3
3
3
3
3
3
3
3
3
3
3
3
3
3
3
3
3
3
3
3
3
3
3
3
3
3
3
3
3
3
3
3
3
3
3
3
3
3
3
3
3
3
3
3
3
3
3
3
3
3
3
3
3
3
3
3
3
3
3
3
3
3
3
3
5
5
5
5
5
5
5
5
5
5
5
5
5
5
5
5
5
5
5
5
5
5
5
5
5
5
5
5
5
5
5
5
5
5
5
5
5
5
5
5
5
5
5
5
5
5
5
5
5
5
5
5
5
5
5
5
5
5
5
5
5
5
5
5
5
5
5
5
5
5
5
5
5
5
5
5
5
5
5
5
5
5
5
5
5
5
5
5
5
5
5
5
5
5
5
5
5
5
5
5
5
5
5
5
5
5
5
5
5
5
5
5
5
5
5
5
5
5
5
5
5
5
5
5
5
5
5
5
5
5
5
5
5
5
5
5
5
5
5
5
5
5
5
5
5
5
5
5
5
5
5
5
5
5
5
5
5
5
5
5
5
5
5
5
5
5
5
5
5
5
5
5
5
5
5
5
5
5
5
5
5
5
5
5
5
5
5
5
5
5
5
5
5
5
5
5
5
5
5
5
5
5
5
5
5
5
5
5
5
5
5
5
5
5
5
5
5
5
5
5
5
5
5
5
5
5
5
5
5
5
5
5
5
5
5
5
5
5
5
5
5
5
5
5
5
5
5
5
5
5
5
5
5
5
5
5
5
5
5
5
5
5
5
5
5
5
5
5
5
5
5
5
5
5
5
5
5
5
5
5
5
5
5
5
5
5
5
5
5
5
5
5
5
5
5
5
5
5
5
5
5
5
5
5
5
5
5
5
5
5
5
5
5
5
5
5
5
5
5
5
5
5
5
5
5
5
5
5
5
5
5
5
5
5
5
5
5
5
5
5
5
5
5
5
5
5
5
5
5
5
5
5
5
5
5
5
5
5
5
5
5
5
5
5
5
5
5
5
5
5
5
5
5
5
5
5
5
5
5
5
5
5
5
5
5
5
5
5
5
5
5
5
5
5
5
5
5
5
5
5
5
5
5
5
5
5
5
5
5
5
5
5
5
5
5
5
5
5
5
5
5
5
5
5
5
5
5
5
5
5
5
5
5
5
5
5
5
5
5
5
5
5
5
5
5
5
5
5
5
5
5
5
5
5
5
5
5
5
5
5
5
5
5
5
5
5
5
5
5
5
5
5
5
5
5
5
5
5
5
5
5
5
5
5
5
5
5
5
5
5
5
5
5
5
5
5
5
5
5
5
5
5
5
5
5
5
5
5
5
5
5
5
5
5
5
5
5
5
5
5
5
5
5
5
5
5
5
5
5
5
5
5
5
5
5
5
5
5
5
5
5
5
5
5
5
5
5
5
5
5
5
5
5
5
5
5
5
5
5
5
5
5
5
5
5
5
5
5
5
5
5
5
5
5
5
5
5
5
5
5
5
5
5
5
5
5
5
5
5
5
5
5
5
5
5
5
5
5
5
5
5
5
5
5
5
5
5
5
5
5
5
5
5
5
5
5
5
5
5
5
5
5
5
5
5
5
5
5
5
5
5
5
5
5
5
5
5
5
5
5
5
5
5
5
5
5
5
5
5
5
5
5
5
5
5
5
5
5
5
5
5
5
5
5
5
5
5
5
5
5
5
5
5
5
5
5
5
5
5
5
5
5
5
5
5
5
5
5
5
5
5
5
5
5
5
5
5
5
5
5
5
5
5
5
5
5
5
5
5
5
5
5
5
5
5
5
5
5
5
5
5
5
5
5
5
5
5
5
5
5
5
5
5
5
5
5
5
5
5
5
5
5
5
5
5
5
5
5
5
5
5
5
5
5
5
5
5
5
5
5
5
5
5
5
5
5
5
5
5
5
5
5
5
5
5
5
5
5
5
5
5
5
5
5
5
5
5
5
5
5
5
5
5
5
5
5
5
5
5
5
5
5
5
5
5
5
5
5
5
5
5
5
5
5
5
5
5
5
5
5
5
5
5
5
5
5
5
5
5
5
5
5
5
5
5
5
5
5
5
5
5
5
5
5
5
5
5
5
5
5
5
5
5
5
5
5
5
5
5
5
5
5
5
5
5
5
5
5
5
5
5
5
5
5
5
5
5
5
5
5
5
5
5
5
5
5
5
5
5
5
5
5
5
5
5
5
5
5
5
5
5
5
5
5
5
5
5
5
5
5
5
5
5
5
5
5
5
5
5
5
5
5
5
5
5
5
5
5
5
5
5
5
5
5
5
5
5
5
5
5
5
5
5
5
5
5
5
5
5
5
5
5
5
5
5
5
5
5
5
5
5
5
5
5
5
5
5
5
5
5
5
5
5
5
5
5
5
5
5
5
5
5
5
5
5
5
5
5
5
5
5
5
5
5
5
5
5
5
5
5
5
5
5
5
5
5
5
5
5
5
5
5
5
5
5
5
5
5
5
5
5
5
5
5
5
5
5
5
5
5
5
5
5
5
5
5
5
5
5
5
5
5
5
5
5
5
5
5
5
5
5
5
5
5
5
5
5
5
5
5
5
5
5
5
5
5
5
5
5
5
5
5
5
5
5
5
5
5
5
5
5
5
5
5
5
5
5
5
5
5
5
5
5
5
5
5
5
5
5
5
5
5
5
5
5
5
5
5
5
5
5
5
5
5
5
5
5
5
5
5
5
5
5
5
5
5
5
5
5
5
5
5
5
5
5
5
5
5
5
5
5
5
5
5
5
5
5
5
5
5
5
5
5
5
5
5
5
5
5
5
5
5
5
5
5
5
5
5
5
5
5
5
5
5
5
5
5
5
5
5
5
5
5
5
5
5
5
5
5
5
5
5
5
5
5
5
5
5
5
5
5
5
5
5
5
5
5
5
5
5
5
5
5
5
5
5
5
5
5
5
5
5
5
5
5
5
5
5
5
5
5
5
5
5
5
5
5
5
5
5
5
5
5
5
5
5
5
5
5
5
5
5
5
5
5
5
5
5
5
5
5
5
5
5
5
5
5
5
5
5
5
5
5
5
5
5
5
5
5
5
5
5
5
5
5
5
5
5
5
5
5
5
5
5
5
5
5
5
5
5
5
5
5
5
5
5
5
5
5
5
5
5
5
5
5
5
5
5
5
5
5
5
5
5
5
5
5
5
5
5
5
5
5
5
5
5
5
5
5
5
5
5
5
5
5
5
5
5
5
5
5
5
5
5
5
5
5
5
5
5
5
5
5
5
5
5
5
5
5
5
5
5
10
10
10
10
10
10
10
10
10
10
10
10
10
10
10
10
10
10
10
10
10
10
10
10
10
10
10
10
10
10
10
10
10
10
10
10
10
10
10
10
10
10
10
10
10
10
10
10
10
10
10
10
10
10
10
10
10
10
10
10
10
10
10
10
10
10
10
10
10
10
10
10
10
10
10
10
10
10
10
10
10
10
10
10
10
10
10
10
10
10
10
10
10
10
10
10
10
10
10
10
10
10
10
10
10
10
10
10
10
10
10
10
10
10
10
10
10
10
10
10
10
10
10
10
10
10
10
10
10
10
10
10
10
10
10
10
10
10
10
10
10
10
10
10
10
10
10
10
10
10
10
10
10
10
10
10
10
10
10
10
10
10
10
10
10
10
10
10
10
10
10
10
10
10
10
10
10
10
10
10
10
10
10
10
10
10
10
10
10
10
10
10
10
10
10
10
10
10
10
10
10
10
10
10
10
10
10
10
10
10
10
10
10
10
10
10
10
10
10
10
10
10
10
10
10
10
10
10
10
10
10
10
10
10
10
10
10
10
10
10
10
10
10
10
10
10
10
10
10
10
10
10
10
10
10
10
10
10
10
10
10
10
10
10
10
10
10
10
10
10
10
10
10
10
10
10
10
10
10
10
10
10
10
10
10
10
10
10
10
10
10
10
10
10
10
10
10
10
10
10
10
10
10
10
10
10
10
10
10
10
10
10
10
10
10
10
10
10
10
10
10
10
10
10
10
10
10
10
10
10
10
10
10
10
10
10
10
10
10
10
10
10
10
10
10
10
10
10
10
10
10
10
10
10
10
10
10
10
10
10
10
10
10
10
10
10
10
10
10
10
10
10
10
10
10
10
10
10
10
10
10
10
10
10
10
10
10
10
10
10
10
10
10
10
10
10
10
10
10
10
10
10
10
10
10
10
10
10
10
10
10
10
10
10
10
10
10
10
10
10
10
10
10
10
10
10
10
10
10
10
10
10
10
10
10
10
10
10
10
10
10
10
10
10
10
10
10
10
10
10
10
10
10
10
10
10
10
10
10
10
10
10
10
10
10
10
10
10
10
10
10
10
10
10
10
10
10
10
10
10
10
10
10
10
10
10
10
10
10
10
10
10
10
10
10
10
10
10
10
10
10
10
10
10
10
10
10
10
10
10
10
10
10
10
10
10
10
10
10
10
10
10
10
10
10
10
10
10
10
10
10
10
10
10
10
10
10
10
10
10
10
10
10
10
10
10
10
10
10
10
10
10
10
10
10
10
10
10
10
10
10
10
10
10
10
10
10
10
10
10
10
10
10
10
10
10
10
10
10
10
10
10
10
10
10
10
10
10
10
10
10
10
10
10
10
10
10
10
10
10
10
10
10
10
10
10
10
10
10
10
10
10
10
10
10
10
10
10
10
10
10
10
10
10
10
10
10
10
10
10
10
10
10
10
10
10
10
10
10
10
10
10
10
10
10
10
10
10
10
10
10
10
10
10
10
10
10
10
10
10
10
10
10
10
10
10
10
10
10
10
10
10
10
10
10
10
10
10
10
10
10
10
10
10
10
10
10
10
10
10
10
10
10
10
10
10
10
10
10
10
10
10
10
10
10
10
10
10
10
10
10
10
10
10
10
10
10
10
10
10
10
10
10
10
10
10
10
10
10
10
10
10
10
10
10
10
10
10
10
10
10
10
10
10
10
10
10
10
10
10
10
10
10
10
10
10
10
10
10
10
10
10
10
10
10
10
10
10
10
10
10
10
10
10
10
10
10
10
10
10
10
10
10
10
10
10
10
10
10
10
10
10
10
10
10
10
10
10
10
10
10
10
10
10
10
10
10
10
10
10
10
10
10
10
10
10
10
10
10
10
10
10
10
10
10
10
10
10
10
10
10
10
10
10
10
10
10
10
10
10
10
10
10
10
10
10
10
10
10
10
10
10
10
10
10
10
10
10
10
10
10
10
10
10
10
10
10
10
10
10
10
10
10
10
10
10
10
10
10
10
10
10
10
10
10
10
10
10
10
10
10
10
10
10
10
10
10
10
10
10
10
10
10
10
10
10
10
10
10
10
10
10
10
10
10
10
10
10
10
10
10
10
10
10
10
10
10
10
10
10
10
10
10
10
10
10
10
10
10
10
10
10
10
10
10
10
10
10
10
10
10
10
10
10
10
10
10
10
10
10
10
10
10
10
10
10
10
10
10
10
10
10
10
10
10
10
10
10
10
10
10
10
10
10
10
10
10
10
10
10
10
10
10
10
10
10
10
10
10
10
10
10
10
10
10
10
10
10
10
10
10
10
10
10
10
10
10
10
10
10
10
10
10
10
10
10
10
10
10
10
10
10
10
10
10
10
10
10
10
10
10
10
10
10
10
10
10
10
10
10
10
10
10
10
10
10
10
10
10
10
10
10
10
10
10
10
10
10
10
10
10
10
10
10
10
10
10
10
10
10
10
10
10
10
10
10
10
10
10
10
10
10
10
10
10
10
10
10
10
10
10
10
10
10
10
10
10
10
10
10
10
10
10
10
10
10
10
10
10
10
10
10
10
10
10
10
10
10
10
10
10
10
10
10
10
10
10
10
10
10
10
10
10
10
10
10
10
10
10
10
10
10
10
10
10
10
10
10
10
10
10
10
10
10
10
10
10
10
10
10
10
10
10
10
10
10
10
10
10
10
10
10
10
10
10
10
10
10
10
10
10
10
10
10
10
10
10
10
10
10
10
10
10
10
10
10
10
10
10
10
10
10
10
10
10
10
10
10
10
10
10
10
10
10
10
10
10
10
10
10
10
10
10
10
10
10
10
10
10
10
10
10
10
10
10
10
10
10
10
10
10
10
10
10
10
10
10
10
10
10
10
10
10
10
10
10
10
10
10
10
10
10
10
10
10
10
10
10
10
10
10
10
10
10
10
10
10
10
10
10
10
10
10
10
10
10
10
10
10
10
10
10
10
10
10
10
10
10
10
10
10
10
10
10
10
10
10
10
10
10
10
10
10
10
10
10
10
10
10
10
10
10
10
10
10
10
10
10
10
10
10
10
10
10
10
10
10
10
10
10
10
10
10
10
10
10
10
10
10
10
10
10
10
10
10
10
10
10
10
10
10
10
10
10
10
10
10
10
10
10
10
10
10
10
10
10
10
10
10
10
10
10
10
10
10
10
10
10
10
10
10
10
10
10
10
10
10
10
10
10
10
10
10
10
10
10
10
10
10
10
10
10
10
10
10
10
10
10
10
10
10
10
10
10
10
10
10
10
10
10
10
10
10
10
10
10
10
10
10
10
10
10
10
10
10
10
10
10
10
10
10
10
10
10
10
10
10
10
10
10
10
10
10
10
10
10
10
10
10
10
10
10
10
10
10
10
10
10
10
10
10
10
10
10
10
10
10
10
10
10
10
10
10
10
10
10
10
10
10
10
10
10
10
10
10
10
10
10
10
10
10
10
10
10
10
10
10
10
10
10
10
10
10
10
10
10
10
10
10
10
10
10
10
10
10
10
10
10
10
10
10
10
10
10
10
10
10
10
10
10
10
10
10
10
10
10
10
10
10
10
10
10
10
10
10
10
10
10
10
10
10
10
10
10
10
10
10
10
10
10
10
10
10
10
10
10
10
10
10
10
10
10
10
10
10
10
10
10
10
10
10
10
10
10
10
10
10
10
10
10
10
10
10
10
10
10
10
10
10
10
10
10
10
10
10
10
10
10
10
10
10
10
10
10
10
10
10
10
10
10
10
10
10
10
10
10
10
10
10
10
10
10
10
10
10
10
10
10
10
10
10
10
10
10
10
10
10
10
10
10
10
10
10
10
10
10
10
10
10
10
10
10
10
10
10
10
10
10
10
10
10
10
10
10
10
10
10
10
10
10
10
10
10
10
10
10
10
10
10
10
10
10
10
10
10
10
10
10
10
10
10
10
10
10
10
10
10
10
10
10
10
10
10
10
10
10
10
10
10
10
10
10
10
10
10
10
10
10
10
10
10
10
10
10
10
10
10
10
10
10
10
10
10
10
10
10
10
10
10
10
10
10
10
10
10
10
10
10
10
10
10
10
10
10
10
10
10
10
10
10
10
10
10
10
10
10
10
10
10
10
10
10
10
10
10
10
10
10
10
10
10
10
10
10
10
10
10
10
10
10
10
10
10
10
10
10
10
10
10
10
10
10
10
10
10
10
10
10
10
10
10
10
10
10
10
10
10
10
10
10
10
10
10
10
10
10
10
10
10
10
10
10
10
10
10
10
10
10
10
10
10
10
10
10
10
10
10
10
10
10
10
10
10
10
10
10
10
10
10
10
10
10
10
10
10
10
10
10
10
10
10
10
10
10
10
10
10
10
10
10
10
10
10
10
10
10
10
10
10
10
10
10
10
10
10
10
10
10
10
10
10
10
10
10
10
10
10
10
10
10
10
10
10
10
10
10
10
10
10
10
10
10
10
10
10
10
10
10
10
10
10
10
10
10
10
10
10
10
10
10
10
10
10
10
10
10
10
10
10
10
10
10
10
10
10
10
10
10
10
10
10
10
10
10
10
10
10
10
10
10
10
10
10
10
10
10
10
10
10
10
10
10
10
10
10
10
10
10
10
10
10
10
10
10
10
10
10
10
10
10
10
10
10
10
10
10
10
10
10
10
10
10
10
10
10
10
10
10
10
10
10
10
10
10
10
10
10
10
10
10
10
10
10
10
10
10
10
10
10
10
10
10
10
10
10
10
10
10
10
10
10
10
10
10
10
10
10
10
10
10
10
10
10
10
10
10
10
10
10
10
10
10
10
10
10
10
10
10
10
10
10
10
10
10
10
10
10
10
10
10
10
10
10
10
10
10
10
10
10
10
10
10
10
10
10
10
10
10
10
10
10
10
10
10
10
10
10
10
10
10
10
10
10
10
10
10
10
10
10
10
10
10
10
10
10
10
10
10
10
10
10
10
10
10
10
10
10
10
10
10
10
10
10
10
10
10
10
10
10
10
10
10
10
10
10
10
10
10
10
10
10
10
10
10
10
10
10
10
10
10
10
10
10
10
10
10
10
10
