# vtk DataFile Version 2.0
whisker_body, Created by Gmsh 4.13.1 
ASCII
DATASET UNSTRUCTURED_GRID
POINTS 756 double
-9.380831519646884 -1.49999999999992 0
9.380831519646883 -1.499999999999922 0
-6.818502468688477 -1.499999999999981 32
6.818502468688479 -1.499999999999979 32
12 0 0
9.380831519646888 1.499999999999912 0
0 9.5 0
-9.380831519646886 1.499999999999914 0
4.12982931753815 0 100
6.818502468688526 1.499999999999871 32
0 6.981545381612207 32
-6.818502468688525 1.49999999999987 32
-8.038537166172308 -5.062797668094835 0
-5.405152974387317 -7.812446564519462 0
-1.903633457046841 -9.307318607483676 0
1.903633457046822 -9.307318607483682 0
5.405152974387304 -7.81244656451947 0
8.038537166172301 -5.062797668094844 0
-5.628498911788131 -1.5 0
-1.876166303929377 -1.5 0
1.876166303929375 -1.5 0
5.62849891178813 -1.5 0
-7.104745271563069 -1.5 28.4445688914883
-7.390499252199572 -1.5 24.88909769694419
-7.675818976675306 -1.5 21.33359106155073
-7.960751034712117 -1.5 17.7780539401511
-8.245335640930662 -1.5 14.22248907348735
-8.529607589377582 -1.5 10.66689894464561
-8.813597201386127 -1.5 7.111285072919259
-9.097330726554242 -1.5 3.555652019243411
-5.068919389554964 -4.800836608103266 32
-1.867924199759249 -6.727022751519763 32
1.867924199759262 -6.727022751519758 32
5.068919389554974 -4.800836608103255 32
9.097330726554242 -1.5 3.555652019243411
8.813597201386127 -1.5 7.111285072919259
8.529607589377582 -1.5 10.66689894464561
8.245335640930662 -1.5 14.22248907348735
7.960751034712114 -1.5 17.77805394015115
7.675818976675311 -1.5 21.33359106155068
7.390499252199572 -1.5 24.88909769694419
7.104745271563069 -1.5 28.4445688914883
-3.409251234344238 -1.5 32
0 -1.5 32
3.409251234344239 -1.5 32
11.34980690040761 3.896393630456207 0
9.469686112756717 7.370552552276022 0
6.563377897469113 10.04599773915035 0
2.945825845689581 11.63280319127197 0
-0.9909521456679979 11.95901391608004 0
-4.820345095835646 10.98927991986068 0
-8.127378859508902 8.82868692807757 0
-10.55368501447787 5.71136871644487 0
-11.83633564083267 1.975135083368787 0
-11.83633564083267 -1.975135083368821 0
-10.55368501447786 -5.711368716444897 0
-8.12737885950888 -8.828686928077589 0
-4.820345095835619 -10.9892799198607 0
-0.9909521456679715 -11.95901391608004 0
2.945825845689616 -11.63280319127196 0
6.563377897469155 -10.04599773915032 0
9.469686112756747 -7.370552552275983 0
11.34980690040762 -3.896393630456205 0
8.283559167353857 4.651091003296739 0
6.164414002969012 7.228416147400448 0
3.284817087730742 8.914032572307111 0
5.628498911788133 1.5 0
1.876166303929379 1.5 0
-1.876166303929375 1.5 0
-5.62849891178813 1.5 0
-3.284817087730742 8.914032572307111 0
-6.164414002969012 7.22841614740045 0
-8.283559167353854 4.651091003296747 0
2.574906462902252 3.228830577670782 100
-0.9189734768187546 4.026285874214754 100
-3.720847644852559 1.791865786210781 100
-3.720847644852582 -1.791865786210735 100
-0.9189734768187868 -4.026285874214746 100
2.574906462902235 -3.228830577670795 100
11.69730112759762 0 3.846153846153846
11.39460225519524 0 7.692307692307693
11.09190338279286 0 11.53846153846154
10.78920451039049 0 15.38461538461539
10.48650563798811 0 19.23076923076923
10.18380676558573 0 23.07692307692308
9.881107893183348 0 26.92307692307692
9.578409020780969 0 30.76923076923077
9.27571014837859 0 34.61538461538461
8.973011275976212 0 38.46153846153846
8.670312403573833 0 42.30769230769231
8.367613531171454 0 46.15384615384615
8.064914658769075 0 50
7.762215786366696 0 53.84615384615385
7.459516913964317 0 57.69230769230769
7.156818041561938 0 61.53846153846154
6.85411916915956 0 65.38461538461539
6.551420296757181 0 69.23076923076923
6.248721424354802 0 73.07692307692308
5.946022551952423 0 76.92307692307692
5.643323679550044 0 80.76923076923077
5.340624807147665 0 84.61538461538461
5.037925934745286 0 88.46153846153847
4.735227062342908 0 92.30769230769231
4.432528189940529 0 96.15384615384616
7.104745271563069 1.5 28.4445688914883
7.390499252199572 1.5 24.88909769694419
7.675818976675306 1.5 21.33359106155073
7.960751034712117 1.5 17.7780539401511
8.245335640930662 1.5 14.22248907348735
8.529607589377582 1.5 10.66689894464561
8.813597201386127 1.5 7.111285072919259
9.097330726554242 1.5 3.555652019243411
5.481123475534178 4.324264256663656 32
3.045646792187985 6.282197985796514 32
0 9.220171709068023 3.555555555555555
0 8.940343418136045 7.11111111111111
0 8.66051512720407 10.66666666666667
0 8.380686836272092 14.22222222222222
0 8.100858545340115 17.77777777777778
0 7.821030254408138 21.33333333333333
0 7.541201963476161 24.88888888888889
0 7.261373672544185 28.44444444444444
-9.097330726554242 1.5 3.555652019243411
-8.813597201386127 1.5 7.111285072919259
-8.529607589377582 1.5 10.66689894464561
-8.245335640930662 1.5 14.22248907348735
-7.960751034712114 1.5 17.77805394015115
-7.675818976675311 1.5 21.33359106155068
-7.390499252199572 1.5 24.88909769694419
-7.104745271563069 1.5 28.4445688914883
3.409251234344263 1.5 32
0 1.5 32
-3.409251234344262 1.5 32
-3.045646792187982 6.282197985796516 32
-5.481123475534176 4.324264256663657 32
6.641432452275239 -3.861471374265153 23.09453604920943
-6.365600323526068 -5.224759853947868 16.07044981780773
-0.1115000355058993 -9.239744618797697 3.298310244373935
6.98882575709673 -4.379728868193114 15.91109041089078
-5.90869117152292 -4.943901888217672 22.81772033164238
7.656100283062108 -4.346304480524037 8.846536201730084
-7.713574672023512 -4.255071813592399 8.775379523920794
-0.02608083569282487 -7.232991517065824 28.80447646190188
-6.673630370101441 -6.391446101097911 3.296513936671632
6.287946774901883 -6.772506073149668 3.284697667602313
-3.729321190883418 -6.197500295608666 28.80447649448407
-1.468192722160708 -7.344402109353092 25.5430915733331
1.431653149031782 -7.356146992575248 25.48653299475647
-0.2841084449292386 -7.724667387709257 22.4913764105173
3.72932119088343 -6.197500295608659 28.80447649448407
2.886328274260582 -7.190335342870456 22.2610171236106
1.412210135867384 -7.854592189646572 19.30661980854471
-1.948038760677194 -7.734258917103002 19.36661375851936
-0.5325772313348304 -8.201658577895364 16.27751328218679
2.726700034297033 -7.770193028420476 16.0767684002731
1.113584061678627 -8.395590286553889 13.09856322584046
-2.272481836364038 -8.146478246039829 13.24623702179641
-0.7673574525381411 -8.674099611155386 10.06362237747074
2.766898644059368 -8.265788958433481 9.954128506213754
-3.709145180381161 -7.869221482809481 10.17051032180207
-2.629718538389519 -8.558667277089707 6.943200883210344
-7.334133227678135 -4.350147908130388 12.36047885913876
-6.695370811149369 -4.319852131903104 19.46583490079891
6.744166079213962 -5.193858095129883 12.54940588516504
6.680286426695113 -4.334416665295044 19.526225018163
-6.151056342680899 -4.129478313126965 26.57312946700321
6.103232607473535 -4.200555495465617 26.56795919432355
-3.119707781400054 -7.06532148517998 22.57348405713259
-3.611857273558968 -7.384961550376556 16.25252714647133
4.059357809612016 -7.457130416472427 12.82796901386418
0.8989899156918341 -8.912570706037824 6.889361925724715
4.073925918508842 -7.989897301579703 6.752399280203725
-3.72112931037315 -8.45361239295519 3.349850207639872
3.264059444677943 -8.644527494709578 3.30062946659977
-5.756705014883049 -6.848985217291083 7.02692734957302
8.040885231404564 -4.193405490019328 5.480770912747975
-7.992811104782678 -4.276138440979676 5.529887282186017
4.485937617044752 -6.637070945628604 18.92094569512324
-5.27562518656374 -6.585441751235243 13.49367307920221
5.622870555852298 -6.665611106461721 9.904541624308621
4.363174550834674 -6.146456865041244 24.9339731315009
-4.559378145798881 -6.541763005949389 19.39132857947616
-5.98704771803863 -3.969974771538611 29.43147544306213
5.986671450246842 -3.970665620954266 29.43060834788366
8.329711178170285 -4.106053353932394 2.709572920267778
-8.298417526165615 -4.155217974537408 2.787718390220762
-4.417429508162788 -6.074867360027463 25.27046244522683
6.522224525427371 -6.135631672253098 6.92958972998765
5.23819215804607 -6.407718446119707 15.54829788591062
-6.263460837841473 -5.988472244686696 10.60197062413582
5.156433947207764 -5.871090527969409 21.42272700939479
-4.965543485628066 -1.5 11.54536160461791
4.74053334190209 -1.5 19.30911833138031
5.678434375859155 -1.5 8.826800020532794
-4.50163047448328 -1.5 23.35772498480674
3.84017248402755 -1.5 26.5512475120277
-0.5386352995423636 -1.5 3.037358293314842
-1.62215956545437 -1.5 28.71068509764915
-6.009890926575557 -1.5 5.236911346964139
5.295651873378411 -1.5 3.801424276295096
4.402066308649502 -1.5 22.88502009079693
1.582018933572385 -1.5 20.84821979895343
1.812927496144869 -1.5 17.28842830808698
-1.414150447442204 -1.5 18.82342632385505
-1.055130889103065 -1.5 15.43439358774332
2.098063696759247 -1.5 13.75884061583425
-1.208169310287799 -1.5 11.94447515859674
-4.543350895426974 -1.5 16.72169824107133
1.257107219476101 -1.5 24.12946766491131
5.02640395498878 -1.5 15.75890503160615
-5.652568411117777 -1.5 8.493225975687364
-2.684804952513499 -1.5 6.31317575675563
-4.304586510516055 -1.5 26.55379342194695
2.365594150731051 -1.5 10.33534230202034
5.323906568107745 -1.5 12.26154599802108
1.769138851627954 -1.5 29.24815472701568
3.015638112585425 -1.5 6.629365360697146
-1.595314466963105 -1.5 22.04412961821345
-3.89317349760335 -1.5 2.848171167231785
-4.796118580455174 -1.5 19.91928976263239
-0.3307511509076697 -1.5 8.67367331399528
-1.709711455158494 -1.5 25.26814916317075
-4.479253889860565 -1.5 29.41390156092032
4.507655642304776 -1.5 29.4750460489425
-2.968367462090963 -1.5 9.393982361930583
0.01257993346314024 -1.5 5.977894651317432
-3.888255755102563 -1.5 14.05171330356351
2.690347763763983 -1.5 2.636478126240971
-6.621044591271166 -1.5 2.501581606356102
0.5083150669897503 -1.5 26.8130941914969
6.406907191306042 -1.5 6.203226453524979
-1.728293841297266 -3.673193421307646 32
1.124979463766993 -4.154679255408404 32
4.204497543648224 -9.699641525606356 0
-7.504665215717504 2.081668171172169e-14 0
-10.01360283557782 3.459398700777601 0
-9.952347335282427 -3.562325366977118 0
-8.28225926107741 6.60489069880491 0
7.504665215717479 -8.243157549326965e-15 0
-3.752332607858754 -3.262696235633113e-16 0
8.640724239821758e-16 5.551115123125782e-16 0
3.752332607858756 1.530906045494314e-15 0
-5.599238761511074 8.990103891911453 0
5.873563766464052 -3.232224655892819 67.28977499250952
4.481712651254909 -3.177432529221948 82.66912391067751
8.838320800436971 -3.280666171817381 32.68608574070607
7.554268963987093 3.231101375388721 48.07692307692309
9.181817935895939 3.23003139853843 28.80000905174118
6.869378104247244 -3.287719480846849 55.70900766071961
7.867941861712451 -3.276727156126993 44.17953275857112
9.798498096784749 -3.297515537212519 21.111610245
-11.1657903760237 -3.616930427408046 3.341790608973243
-6.713239270206378 9.645620444208966 3.153262660782645
4.376157437413393 2.818438862274933 86.33582152562722
10.13981473400592 3.228462306601805 17.26299737139007
-2.518136117665676 -11.43307054852751 3.72169009458731
3.752172511923079 -3.141425038482989 90.29533585463945
4.79811431138024 10.69577319231262 3.52355531022866
5.149402534326526 -3.272637249393243 74.94942415788415
8.191770008330739 3.286667241674997 40.32301464221243
4.897601154316932 3.11373742482956 78.73263413517154
5.52986613998835 3.235631427417044 71.06671410552613
6.213887481933059 3.245444915275249 63.39923967603453
6.995739867096134 2.99948778998679 55.75920046506192
10.4335831550334 -3.302239113208106 13.42163899493247
-2.723844371020274 3.415592807225254 96.96476903409871
7.945113376504919 -8.63069383398738 3.419408766471524
-11.09527489538305 3.809012682760117 3.419408766471708
10.77562275141164 3.216246898016816 9.588515283028604
-2.633579180006027 -3.523592931555294 96.57950772588465
9.935226484425232 6.234911832567003 3.436118109269079
11.06555625010633 -3.306234306777092 5.731422828049544
3.374681076347565 3.1132268918116 94.13560339841358
4.812366599042043 -3.224042144942172 78.873476585039
6.195068113102339 -3.26720803300037 63.48246542003737
6.522641944107701 -3.298998453792851 59.59892398279454
7.879344283728515 3.250741259105456 44.17212733116521
0.8839995536723747 4.277270915254395 96.9780051014545
-0.6087510069504397 4.572291850264672 93.86533233342223
-3.967763370978763 2.380981615854184 93.67860409287384
-2.514787536491404 4.16790822991209 90.62301262457657
2.066990261246719 -5.261510892665558 80.64680223727419
-4.80108364624302 0.9237778919459773 90.35193927379757
-4.148411874349152 3.013742045850459 87.3225173675719
-5.124635680411549 -0.5869825869384447 86.93403556407078
-5.122782828649765 1.689962471480975 83.93290014234525
-4.102942731135807 -2.73176048741506 89.84349415526822
-3.450955103805575 -3.897373372224187 86.33062376829567
-2.749581690125994 4.616421910315226 84.20115536910222
-4.250413780804886 3.703850031937411 80.83971605503233
-5.662420831680111 0.1966082333486384 80.48322173876019
-5.375381797001242 2.447836594630518 77.42537557844391
3.812537905289616 -5.706104485838225 65.27704606376504
4.599124468079863 -5.897081752692706 57.45148120297365
5.012582181100913 -5.951347032463563 53.60702820513303
-5.792725851936313 -1.320368238167501 76.98308328728535
-6.097558140013832 1.001434411147309 73.95968687944386
-5.576404695974744 -2.755619968878821 73.44050416384161
-6.434678987631139 -0.5117031387743215 70.45599504599815
1.866011173784356 -7.422114365427838 55.23273440165571
6.206963665807508 6.076425012455441 42.10635631986352
2.34933884033256 -7.599056025841686 51.41015943067822
6.586950354737561 6.115913930651129 38.2653109498273
-5.217995146303775 -3.8796357175828 69.85574072248086
-6.430603242787645 -1.996604071655376 66.91811071418103
-1.198618119634415 -7.74334443339539 52.91417220012781
-0.7184470908275126 -8.103877072224591 49.10107475974507
-1.691303905958023 -7.344041763758416 56.71698902177695
-6.446021055353896 1.810465342034865 67.400772821131
-6.963644857210911 0.3179370843741539 63.900786198686
-4.507274597441638 -6.276993639667925 54.28568353797854
-5.027323647993964 -4.565677342815891 66.18501919658796
-5.718843775429927 3.933382560482593 64.2814297887372
-6.727446136432748 2.603316446623901 60.81718700781244
-4.595354370977821 5.551037143687374 60.90926156774842
-5.791866873345177 4.707256752835089 57.641565194443
-2.738908155885913 6.359465291061377 64.49427232848898
-4.325427677657929 4.376226859456523 74.29186045009789
-2.658321834712739 6.963566203321625 57.7659752018727
-4.459231579748779 6.292405049040063 54.48077603239729
3.693961838868039 8.049660413438618 39.93851530093913
4.134491260051017 8.172261153940788 36.10346813727557
3.247859820302117 7.91464353766347 43.77127814781241
0.2312441233784443 8.73048763463 41.50418785767474
-0.2493164453993333 8.429350036740725 45.32257143935303
-3.264880595604335 7.977005283294758 42.95606823521809
-2.818179978613177 8.46167247646763 39.15246223046774
-5.890878241671989 6.55354165952455 40.50737295485371
-5.55118836513258 7.223775322297431 36.71638336551474
-7.866609030679623 4.394854844822967 37.97872909730926
-7.705897422843736 5.221438767845654 34.20140799407528
-7.965336507755377 3.534647958927964 41.74783105555312
-8.880768722107426 0.8435634506063195 39.12567221414058
-8.628785134572063 -0.1991780394900613 42.80614101704665
-8.347572205608595 -2.912240226352715 40.13902733229308
-6.930532459783058 3.433020925039916 54.20207624276086
-8.919523495493118 -1.961653542592084 36.43265755619994
-7.326578552305422 -5.32754234623931 37.37176758750493
-8.172519359014936 -4.540807592218927 33.68061157766353
-5.659134990378325 -7.357778934610122 34.5305394567448
-6.730664184171713 -6.805052355603788 30.85903225938904
-4.918406425079151 -7.527994897172994 38.21647343156529
-3.551024175726478 -8.822879111542557 31.62985336031595
-4.829175198930227 -8.524880376851666 27.98313843778583
-7.748040324651958 -6.10033189184644 27.17415423917365
-6.027504023170842 -8.087293796721353 24.31480706998799
-8.623199990797044 -5.36011555881048 23.46397513297297
-7.138899111712679 -7.53070618676978 20.62628012382855
-9.42617967014588 -4.50216298320929 19.7433629728719
-10.04935583621382 -1.908130315312705 22.50388541425145
-10.48481300233317 -0.9103402213549732 18.75106999194185
-10.14357178680225 1.858088495557018 21.44363940426504
-10.21907240221264 2.854711752244256 17.65760084213637
-8.899670355618612 5.389974593159367 20.27132187034025
-5.176839681805609 7.857607428709469 32.91341584416823
-8.139800604467236 -6.896618956328485 16.91663548417966
-5.173413195955926 -9.257224414716323 17.72852063029842
-2.565594180261729 -9.69494386394323 25.04813015034415
-8.695273324501105 6.243754239959885 16.45737183541965
-6.520067747753981 8.237306400044123 18.99004591478841
-6.151563004446524 8.885703176354554 15.15485789999356
-3.355221118593188 10.07006290612709 17.60680163802443
-2.881539707633345 10.52987584240837 13.76043137224239
-3.790569381182275 9.589624130126793 21.45302507227902
-0.2765327732168132 10.4229335568711 19.9919262353477
-0.7585753938063373 10.09531832196997 23.83965605760514
-0.8577277315722565 7.655549188918071 54.59285357288078
-10.82074949293265 0.07409197709634419 14.98057533735194
-6.383939222388364 -8.828654416877633 14.04105959115822
-2.903028371148273 -10.44084868695986 14.77829746420948
2.788265065142721 9.858660652264522 22.29468460998806
2.334753359997067 9.664080111774325 26.14799313095878
-7.493001686535445 6.011664166065715 30.4120774591608
3.265155033046601 10.03037456107683 18.44377952416035
-8.462714208879598 7.0295910373792 12.68733040401436
-7.69414771294934 -3.725506011273295 43.8536435114861
-6.017460139625747 5.243890107063108 51.05680514361279
-7.767712421567986 1.932287453273203 50.7683785111529
1.101556762283952 7.348247957813804 58.06284500659867
-4.861568272795789 -5.618944565786616 58.06523160767606
-1.51901687630193 -10.43966876399617 18.42905766219885
0.9357131177275069 -10.74648034857855 15.41084185685252
2.523153380506127 -10.19947868482952 18.97119844497594
-0.3359644054636738 -11.07077264347975 11.74219487829984
3.434506535531813 -10.47989833926506 12.34621390212773
1.975563701868275 -11.13753074260023 8.749676229934552
-4.630002429305735 -3.353222420848561 79.83649146589214
-3.22695078443888 -5.385708674616216 72.69904921396734
-9.120347793851272 2.70128461211324 31.61334566411546
5.609172467529446 8.36319626618519 24.52236471624617
2.800899683272091 -7.765636841217105 47.58078904853826
-0.204326355381253 -8.432480975017448 45.2981775026155
-9.085609357883767 -6.132613982927917 13.19378851952879
-7.511834227551703 -8.289590408352 10.33241970483414
-2.202962497408794 -6.895300020925434 60.4985542339714
3.435669499319663 -5.589876939302518 69.10534083807377
5.725724803185765 -9.707619926220127 9.270507294731765
2.825109400983114 7.758503796297358 47.5611899689677
5.098853539889244 8.329643047295143 28.3814299218997
1.808052141520714 9.468540628774155 29.99144488219785
-4.721381777381734 8.487126858822929 29.07191143231945
3.279833666652764 -7.90260478622696 43.75769258192631
6.956083056205363 6.158439293986045 34.42740991730672
-9.13423143514604 3.576411086229081 27.83384176123986
-6.93700178206935 -3.171584028520655 55.55606218971751
-6.645526311416525 -4.318184756620701 51.77448591293535
-9.843519344604095 -5.451518375537797 9.500615377115023
-8.555261135392488 -7.655235087596595 6.604615880676276
6.759061714443298 -8.668337423812677 12.80731977543796
-9.720958759091037 -0.06513313066210538 28.95519208216994
8.56755222359768 -7.277070969885943 9.644782549891797
-3.661011436712729 -7.475009841388848 46.7157931501187
-7.054854985621883 4.272006383564574 47.68021725313226
-1.141473390652306 5.514291925759736 80.92331789836042
0.5050933306326838 -8.715201717303765 41.55150163634719
3.777757867739801 -8.012275294986789 39.92013696540695
1.236551243152149 -8.957470841189759 37.57962867269742
4.301458955095674 -8.090688316557294 36.04665864030962
6.625052585257434 -6.074652819609921 38.26502083893802
-0.953570453658671 8.105165258958369 48.77827963765056
-7.169432679535329 -0.9531944489997318 60.57657778694946
2.408956305467424 7.32621582252684 54.48291687676665
1.536813300763055 -9.203577916954487 33.91280556707011
4.734981743386286 -8.192964310530382 32.23809372354393
1.899770933032091 -9.450509965227674 29.99213425199284
5.096627825735228 -8.327573104334254 28.41862629833087
-8.228239114518004 -1.372490785607699 46.48029773575507
1.979888415474268 -4.986428075485938 84.304249690604
-5.203240972821671 -10.16867136383249 7.336672090745447
1.689021609192513 -9.811611851096179 25.9723853488332
5.532538163622411 -8.409485807253724 24.57122865525498
7.767463330678484 -6.132270595063618 26.72909564910416
4.166273123667124 -10.77332714018607 5.706841325756034
0.7651535221986568 -6.692218005986077 66.887776502379
-1.714684285248882 -4.682169777183954 89.11793074351316
-5.291129393820539 -4.799829710425084 61.70339381452349
-2.310489625791758 -4.106458645292604 92.60494920429589
1.25490926388507 4.690446686513215 90.78051716507835
-6.896308222585875 -4.543241875089891 47.54234857058265
-0.9811831879436982 5.012003014675975 87.58207086269074
-4.373797870819125 0.05949301263183673 96.89494471490113
2.425769257960733 -5.437810937582964 76.81741565136404
-2.284768145532497 -4.998621277873863 82.64073465630742
4.211177610020674 -5.809809875253531 61.30098965927812
0.8901156941663316 -6.973079531847764 63.154135604984
9.148539001936843 -3.309353382876334 28.85961457651511
-6.395861062135172 -9.811115048162394 3.6626019471354
-1.688011349918193 -11.30163491481239 7.280652497736951
2.974324575994636 -5.503453469465835 72.98741475222673
-1.338037975996733 -5.658754210727359 78.590476748873
2.767451965606174 -3.656060944166346 94.21187059484977
0.8502221189687292 -4.28245174500155 96.99870917382096
4.151595880050725 -3.10881660211555 86.57286023530499
-5.035547155150557 6.50009781665422 47.99884696227014
-1.83676536068367 9.342310700755364 31.4966562390371
-1.277279605192092 9.738680573587951 27.6730411601659
4.571886868603894 3.055732086504722 82.60228935906667
1.62348279022263 5.114871894269904 84.28863516157752
-4.283979796335961 9.047725400409536 25.27664135998259
-7.20261330083579 6.808918192509918 26.53615667995099
-0.1068970590506898 -10.26372324966427 22.05441491729707
5.188173153497538 3.21407996495389 74.92761314965497
2.958422553484909 5.528945006805444 72.79784277826795
3.390221004719081 5.629988057441091 68.970072011301
-0.08830622351713914 6.447849910280511 70.5390727241674
2.908963270465764 5.221705045884485 76.52549387646251
-1.08203430820874 6.052783740704244 74.34732233265241
5.991036744538128 8.464825567743267 20.70566550101269
6.45940881880493 8.496799670085235 16.85718251993224
3.772514147400049 10.17445797735023 14.59518036628739
6.864004748286274 8.566390348005028 12.99666730358788
4.246857057704161 10.31404401589448 10.74740851070374
7.267688187756516 8.615541528500929 9.256393960565296
8.203449161069003 6.070580533651302 22.80359028428789
4.793843998890829 -9.619688031121431 15.90826639152638
7.540679425044661 -7.62355003330588 16.22722625586213
5.86711584685049 3.253465659741669 67.23098553749504
6.551922449441563 3.247470356008771 59.55938315504534
4.26798467539927 5.778807560406723 61.19268051115967
3.829188886643246 5.711735688917967 65.09990749711463
0.7944117886820685 6.710604662270475 66.61274956186038
0.9903658371107854 6.979134766734393 62.90774767392619
7.32023539987649 3.029588158042562 51.81095759453838
7.541270426403965 -3.271842904183838 48.02379992311081
7.198084759945645 -3.29814331961003 51.87037889302751
5.527719161187908 -3.226610736457857 71.14809989104356
8.186451039094585 -3.290738755287423 40.36645087052852
-4.134153683872047 -6.878153840860334 50.50747895616387
-9.372690102238158 -0.9960605645360863 32.71252436816956
8.518135428693823 3.282047879207629 36.48520071658915
7.018696017757249 -6.087471254120785 34.42335212931561
-2.344713523394479 8.915345801872624 35.34208103182198
9.503102071825319 3.227234053945235 24.95328159633656
-3.887741360281091 -9.55527135813171 21.39854969506453
-5.08132322380627 -1.928940850931788 83.41455844757306
5.41390522544453 -6.002118887338323 49.76948719411796
-9.045815621788293 1.761538561813422 35.37742266972374
10.12157530385624 -3.270620973924703 17.32006265605408
10.46065465835948 3.21603932806899 13.41945377908718
0.7636879293064867 9.001587165377034 37.68756335531497
-4.160435640694256 -10.31951630668066 11.09736285013905
10.11188110122532 -4.917704183286351 9.602264608836794
-5.642520936754487 3.068114929614457 70.86602243498113
-3.306917906935155 -8.002077515563995 42.45827593854092
0.7716906965331053 11.00765467427823 12.26566567729993
1.312521528112349 11.26220637280288 8.406038107006125
-2.310264950516846 10.98397422148469 9.856144516492819
-0.9460130799269171 11.48514669453351 6.047624576501078
-5.236628781420055 10.16266590793551 7.210769464696889
-8.355311950115114 7.904598807676805 6.328841003640677
-5.753039639262859 9.503690654253152 11.31681343301676
0.2221375502022995 10.72921411095089 16.11765004482004
-10.09778528524232 -3.652405018627818 16.03482445656742
-10.23151459178637 3.783288937646167 13.86777777868717
-11.07030980407017 1.041389985703033 11.19182875397131
-4.808435465071741 4.621828065835932 67.73031380931104
-6.729014747899494 -5.622784064871571 41.05376263177314
-7.40966407228065 1.035132950659693 57.41147488706399
-8.889443365134229 -3.724159619551729 30.01171004011113
-3.13576137718344 4.980957249303334 77.68796085027978
5.430939506508762 5.98105445735627 49.82269955395099
5.84555979416416 6.004026667471118 46.00062673060513
-10.68405965701854 -2.76843308908664 12.23723588710871
1.22313310206693 9.256288584663618 33.83977772725194
-9.53129435993905 -2.801334459292299 26.24546098779333
-9.978490965758221 0.8731188770113123 25.20126894449653
8.83900499564381 3.287876266123014 32.64602679245239
5.829625646116819 -6.02570203066276 45.94399643180818
-9.042505344759366 4.501191926871984 24.13069880262258
1.362487105949007 -7.225378519361925 59.04931321106267
4.593715279143314 8.266463108482473 32.31068058962718
6.101625196311021 -8.499140978603695 19.53498754127773
8.519795902544343 -3.272859274442114 36.50743138248593
6.22357497449388 -6.059294759959071 42.10738060620009
-2.500755275765139 -8.894813208288125 35.0733337615888
-3.987477995067187 -4.475185714158163 76.31427972733331
7.347764743804756 6.162403976555622 30.62409354700902
9.487240943227986 -3.271172276970405 24.96320768365036
8.14014554473664 -6.142521328586325 22.90073390315331
-11.18934811486874 -1.78405784517934 8.504480862792411
-11.34248684723381 1.533865244059939 7.042659643451112
-10.08090016852759 4.899263756058249 10.05874010459623
7.349778405736445 -6.159221465208288 30.63046536423859
7.845438738298856 8.737716073745814 3.265201290698713
-11.73666604211394 0.04718123912198847 3.344770207887467
-6.880982398563415 7.535966779201058 22.80969873281601
1.234699501508766 11.67032665596749 3.361307139960131
0.7775159941704498 -11.71121839934428 3.341732647624339
-7.761129940325595 -0.3217486286632141 53.77524606569127
7.776058764692979 6.123658279727806 26.71108899225543
4.507113789199277 5.955822947322406 57.57186410963119
8.478231766890701 6.19147422099198 19.08062684096827
-6.017098616886324 5.987943429856538 44.61311537497397
9.841834364371508 3.164951802853413 21.11502088322771
8.874220334098817 6.163259243809498 15.1900732533216
-4.522928016685367 -1.116538227789206 93.27999296042566
0.1899684698455322 -6.427080344406011 70.77499327652333
9.254298998606862 6.130378170700033 11.4278082387475
4.877556397471827 10.34869804224512 7.108528844721677
10.22813237147876 -5.778600291799357 3.206609444451877
11.08750541272171 3.153571137340417 6.006695905809782
9.62147456200027 6.125814461045515 7.546628087160627
2.602763508061666 7.544673050476006 51.0661506109393
-9.450810018537974 -6.98064893410527 3.184786357756781
-1.738245447402566 -9.601645206001198 28.49087637421038
-9.284974228487995 7.226785522004678 2.974105359916647
8.503635231431277 -6.097814998458789 19.51681310357199
-0.5177935407150281 -6.062343411939362 75.16462171574942
-3.146242101865075 7.300705395217425 51.46281539576675
2.881494568876632 -9.834721320227656 22.25925567580902
9.227391890521528 -6.882090690661189 6.210678114063843
2.450529738704667 5.107444261733613 80.49508785546136
-2.425760742850553 -6.534191123688628 63.91305858833477
-5.756135075394901 -6.267930954012785 44.34469226678655
0.675787463642481 -4.726761959406258 91.80453479411077
-3.387540275224223 11.24607670722664 3.237569428901639
-10.16453465215342 5.353199424387492 6.505375098526218
-3.176927501384569 5.538981256944516 71.3404077920088
-8.095133877761961 2.476117653250981 44.91183609210517
-7.940178085511497 -1.139518021964767 50.55126559441243
8.892964170446474 -6.457167706325339 12.83342487444749
-2.587743578199011 -6.044556655072946 68.92878666453429
5.377318262089517 5.624148012889068 53.60532916278943
-1.904238157405352 6.952890691720766 60.87619278178034
4.136490153060944 2.610269484400888 90.32558230896208
-8.224822456980531 7.676206881031294 9.524369828619307
-6.54752520706339 -2.402011469671706 63.85858888365182
-10.34758847279892 -5.027511965251613 6.298716805018322
1.576871404464845 -4.839456285904439 87.80142174536869
4.74088023310448 -10.80811828039617 2.513588040159329
6.903999453853563 -9.182498875813993 6.500406137581299
3.150491641629034 -2.99878010852642 97.2086302191444
-1.901582471330819 -8.715475407784728 39.12860989847725
3.407052942739645 2.703714494624518 97.20891928206666
11.44288147924984 -2.793102482646737 2.810165575525718
11.37548618731505 3.030953188959276 2.892492652108917
-0.1639798221050647 5.855491294854493 78.04421683436269
-0.8183929021767927 -5.16345271735792 86.04760099369275
-0.7178031234106117 -9.475236916979568 31.73518396224038
7.55088640616417 8.692113662169318 6.177130474846702
-6.625216433102091 -3.293836487499938 58.46326531655382
-11.41187659164708 -1.849918167358078 5.580000234912525
-2.17010779515334 6.269626255526614 68.1741925722839
2.225673043544537 4.563577893605502 87.96013190611274
-0.05469789955032378 -4.565507725670101 94.46001779304729
-8.101286283077863 1.470052407807451 47.85686204833237
2.507952300141112 11.26619981471895 5.819816612068124
9.297997225248739 -5.445612661716881 15.56107693728158
-2.923454371309332 7.875471391745818 45.73505006114886
-0.4484470749861242 7.914173458201476 51.75404108188532
0.8942540844399332 -11.47698124075508 6.203583321230307
7.628698991642504 4.399903431917961 8.810486003328915
7.034232718930973 4.307512879039343 15.90386024213173
2.735247605858468 8.655636851273519 5.367935819023899
6.34102546447294 4.348146493125842 23.01567890047709
4.536410272487298 5.575344245458367 29.38015917606315
2.876030874465082 8.027341175756277 12.36311415409479
7.162428857075636 5.889139176889022 2.888543694217754
2.517685889098304 7.559588628955648 19.46821914661927
6.036205944574059 4.303586189529367 26.51436358766725
4.377403515048989 6.170870437121008 24.57636316316157
6.753246336032436 4.226207945349987 19.48333220328439
7.378547533337599 4.277940025420353 12.33780408204452
2.664989328952285 7.805402563443252 15.91049970014528
2.968451433701934 8.290368558887193 8.8207908160619
5.851300639680236 6.826333407436469 6.468542175238685
5.580235991647805 6.648352432413181 10.42111987918824
8.004701454622651 4.242858381793524 5.595293310755281
4.692343698864004 8.016093246857588 2.687630365112037
5.384408258033935 6.446625340525074 13.98376047387971
4.956071218212347 6.421794609998472 17.63813571802695
4.642362540014553 6.281625638512308 21.46189441249361
2.189489900053998 7.072155014356221 26.64076335324713
6.17591779065972 3.643463110529542 29.59847155332263
2.476745948372056 6.735663923105616 29.52172761686871
2.435305974970417 7.308861699058173 22.8215324233005
8.470328662491044 3.853653616351786 2.468090983584098
2.334574727596973 9.003599602711319 2.524133236757327
4.264269460110993 6.02255240322932 26.94513322415012
4.965543485628071 1.5 11.54536160461791
-4.74053334190209 1.5 19.30911833138031
-5.678434375859149 1.5 8.82680002053279
4.501630474483283 1.5 23.35772498480674
-3.84017248402755 1.5 26.5512475120277
0.5386352995423671 1.5 3.037358293314843
1.622159565454377 1.5 28.71068509764914
6.009890926575557 1.5 5.236911346964137
-5.295651873378411 1.5 3.801424276295094
-4.402066308649498 1.5 22.88502009079693
-1.58201893357238 1.5 20.84821979895343
-1.812927496144862 1.5 17.28842830808698
1.414150447442205 1.5 18.82342632385505
1.055130889103072 1.5 15.43439358774333
-2.098063696759237 1.5 13.75884061583425
1.208169310287809 1.5 11.94447515859674
4.543350895426978 1.5 16.72169824107133
-1.257107219476097 1.5 24.12946766491132
-5.026403954988776 1.5 15.75890503160615
5.652568411117779 1.5 8.493225975687366
2.684804952513502 1.5 6.313175756755637
4.304586510516057 1.5 26.55379342194695
-2.365594150731043 1.5 10.33534230202034
-5.323906568107741 1.5 12.26154599802108
-1.769138851627954 1.5 29.24815472701568
-3.015638112585425 1.5 6.629365360697145
1.595314466963109 1.5 22.04412961821345
3.893173497603351 1.5 2.848171167231786
4.796118580455179 1.5 19.9192897626324
0.3307511509076857 1.5 8.673673313995293
1.709711455158501 1.5 25.26814916317075
4.479253889860573 1.5 29.41390156092032
-4.507655642304783 1.5 29.47504604894251
2.96836746209097 1.5 9.39398236193059
-0.01257993346314379 1.5 5.977894651317449
3.888255755102572 1.5 14.05171330356352
-2.690347763763976 1.5 2.63647812624097
6.621044591271167 1.5 2.501581606356102
-0.5083150669897307 1.5 26.81309419149691
-6.406907191306042 1.5 6.203226453524981
-7.628698991638263 4.399903431925658 8.810486003326726
-7.034232718930489 4.307512879040139 15.90386024213168
-3.044016647760802 8.558257297710224 5.292251021445587
-6.341025464472929 4.348146493125862 23.01567890047707
-4.536431934060866 5.575337136310572 29.38005553200932
-3.037902697169432 7.964327730375641 12.40066479010183
-7.162428857075634 5.889139176889027 2.888543694217748
-3.030438599785408 7.365582498018877 19.50869955770144
-6.036205944574061 4.303586189529369 26.5143635876672
-4.379285643080391 6.169591781200226 24.57577368190827
-6.753246336032138 4.226207945350471 19.48333220328434
-7.378547533335729 4.27794002542359 12.33780408204447
-3.034412105734742 7.665600162601135 15.95471877832974
-3.041148403182295 8.261822307090755 8.846494879195395
-5.971930015443148 6.720735550877253 6.47158949485702
-5.635486038689643 6.604179701757656 10.39604022245883
-8.004701454621163 4.242858381797271 5.595293310749675
-4.692343698863294 8.016093246856379 2.687630365129874
-5.38440825802909 6.446625340529171 13.9837604738792
-5.188535083288643 6.235639674276251 17.63656111108885
-4.747800235430055 6.199168630425927 21.49366278824469
-2.189489900051644 7.072155014356944 26.64076335324718
-6.175917790659707 3.643463110529562 29.59847155332264
-2.564535743395776 6.705859617025781 29.48459187781028
-2.52010657796557 7.281718520138956 22.80158820666475
-8.444422215009332 3.894734042043653 2.54997179623062
-2.522087156143199 8.959509631445219 2.443091123909737
-4.26767831855742 6.020832778031298 26.93792401601189
-6.661338147750939e-15 5.900042359436546e-15 100
0.9737745509980669 4.240772690806103 32
-1.749237694919675 3.827262842948584 32
3.232299490697043 4.02066215319295 32
0.08648183632563899 8.881784197001252e-16 40.62145374629937
0.00283121895755245 0.001747869346457875 48.76558954702764
-0.002143454066447781 -0.005372372229222044 57.14108302493662
-0.08158373413685993 -0.02336351424868655 64.03237703323403
-0.002717916095933859 0.0001179522858039128 70.61271687319315
-0.001790145493020923 0.01980739529665735 76.5709445374317
2.034885565649329 3.431424408084445 37.1104730492862
-3.974938407026129 -4.884981308350689e-15 37.11831297321709
-0.1235118693361876 0.1621683998852448 82.10549111161139
3.686998605382305 -1.493058943418792 37.1873629183691
-0.794602862709884 -4.08882815622469 37.07839660773411
-0.02561776209041722 0.08903857575638074 88.76686126006
-2.785229393777239 -1.884185495209814 44.66485969006974
3.331981436179289 -0.6439040776292133 44.72742502850384
-0.6979242011044804 3.234656474208911 44.68520037508388
0.7105469010680809 -2.952185982797094 52.93379163036181
-1.050285627289124 2.863301952358641 52.85517353302923
-2.170896973851419 3.823537689064173 39.13267519703933
-0.1307571101749794 0.06779108854410505 94.96497955225448
0.8595859249909024 -4.057641589229613 42.76019232073889
3.858149681591782 2.391321814720445 41.07870596977341
3.254940581338186 0.9937401271300701 52.98376189445025
0.007993936266078593 2.220446049250313e-16 35.88905622305132
0.176005657404347 -4.171328797631659 47.17531636152682
2.789180304446034 0.9109272434979307 60.62178092620507
-4.449279518202347 0.7875865164780103 41.49200244436094
0.6250319331708383 -3.07928334246844 60.748562107952
3.1884372845882 2.800174205928706 47.50142895972346
-3.364497597104925 -1.026524968143196 51.79948974230373
-2.346844033667978 1.689079813167978 60.56460627105321
-3.806175514958489 1.430696504402071 47.26630369527334
3.725149699768107 -2.023096065266373 49.63055845238216
2.719091025299638 0.3132698467550434 67.28829392704939
-2.861899680101647 -3.020745960178973 40.60029830515974
-2.683935748699553 -0.1025987803776993 67.35453356546934
4.254416605092944 -2.416106155848725 41.14423643328417
-3.697058658364142 3.460957216357608 35.3530954009536
5.113876851516402 1.696320537858815 35.48660459781596
-2.127452537455957 -3.320871798067194 55.90727309760133
-3.591943062260534 1.655598440788028 55.89956063478395
-4.351028497994748 -3.559257294020396 35.60958753415152
1.212262119931458 5.139405996024349 40.47540276291988
-0.5815750778145637 5.583570530098481 35.45388483802953
3.430771213364618 -2.063247809331488 57.36647840965464
1.703196889713285 3.512485663791394 55.831403490997

CELLS 3902 17774
1 0
1 1
1 2
1 3
1 4
1 5
1 6
1 7
1 8
1 9
1 10
1 11
2 0 12
2 12 13
2 13 14
2 14 15
2 15 16
2 16 17
2 17 1
2 0 18
2 18 19
2 19 20
2 20 21
2 21 1
2 2 22
2 22 23
2 23 24
2 24 25
2 25 26
2 26 27
2 27 28
2 28 29
2 29 0
2 2 30
2 30 31
2 31 32
2 32 33
2 33 3
2 1 34
2 34 35
2 35 36
2 36 37
2 37 38
2 38 39
2 39 40
2 40 41
2 41 3
2 2 42
2 42 43
2 43 44
2 44 3
2 4 45
2 45 46
2 46 47
2 47 48
2 48 49
2 49 50
2 50 51
2 51 52
2 52 53
2 53 54
2 54 55
2 55 56
2 56 57
2 57 58
2 58 59
2 59 60
2 60 61
2 61 62
2 62 4
2 5 63
2 63 64
2 64 65
2 65 6
2 5 66
2 66 67
2 67 68
2 68 69
2 69 7
2 6 70
2 70 71
2 71 72
2 72 7
2 8 73
2 73 74
2 74 75
2 75 76
2 76 77
2 77 78
2 78 8
2 4 79
2 79 80
2 80 81
2 81 82
2 82 83
2 83 84
2 84 85
2 85 86
2 86 87
2 87 88
2 88 89
2 89 90
2 90 91
2 91 92
2 92 93
2 93 94
2 94 95
2 95 96
2 96 97
2 97 98
2 98 99
2 99 100
2 100 101
2 101 102
2 102 103
2 103 8
2 9 104
2 104 105
2 105 106
2 106 107
2 107 108
2 108 109
2 109 110
2 110 111
2 111 5
2 9 112
2 112 113
2 113 10
2 6 114
2 114 115
2 115 116
2 116 117
2 117 118
2 118 119
2 119 120
2 120 121
2 121 10
2 7 122
2 122 123
2 123 124
2 124 125
2 125 126
2 126 127
2 127 128
2 128 129
2 129 11
2 9 130
2 130 131
2 131 132
2 132 11
2 10 133
2 133 134
2 134 11
3 12 185 0
3 0 185 29
3 1 184 17
3 34 184 1
3 22 182 2
3 2 182 30
3 33 183 3
3 3 183 41
3 13 143 12
3 143 185 12
3 14 172 13
3 13 172 143
3 15 137 14
3 137 172 14
3 16 173 15
3 15 173 137
3 17 144 16
3 144 173 16
3 17 184 144
3 23 165 22
3 165 182 22
3 24 139 23
3 139 165 23
3 25 162 24
3 24 162 139
3 26 136 25
3 136 162 25
3 27 161 26
3 26 161 136
3 28 141 27
3 141 161 27
3 29 176 28
3 28 176 141
3 29 185 176
3 30 145 31
3 30 182 145
3 31 142 32
3 31 145 142
3 32 149 33
3 142 149 32
3 149 183 33
3 35 175 34
3 175 184 34
3 36 140 35
3 140 175 35
3 37 163 36
3 36 163 140
3 38 138 37
3 138 163 37
3 39 164 38
3 38 164 138
3 40 135 39
3 135 164 39
3 41 166 40
3 40 166 135
3 41 183 166
3 135 190 164
3 166 180 135
3 180 190 135
3 161 178 136
3 136 181 162
3 136 178 168
3 168 181 136
3 137 170 160
3 160 172 137
3 137 173 170
3 138 188 163
3 164 177 138
3 177 188 138
3 162 181 139
3 139 186 165
3 139 181 167
3 167 186 139
3 163 179 140
3 140 187 175
3 179 187 140
3 141 189 161
3 141 176 174
3 174 189 141
3 145 146 142
3 146 147 142
3 147 149 142
3 172 174 143
3 174 176 143
3 176 185 143
3 171 173 144
3 144 187 171
3 144 184 175
3 175 187 144
3 145 186 146
3 145 182 165
3 165 186 145
3 146 148 147
3 146 167 148
3 146 186 167
3 148 150 147
3 147 180 149
3 150 180 147
3 148 151 150
3 148 152 151
3 148 167 152
3 149 180 166
3 166 183 149
3 151 177 150
3 177 190 150
3 150 190 180
3 152 153 151
3 153 154 151
3 154 177 151
3 152 168 153
3 167 181 152
3 152 181 168
3 153 155 154
3 153 156 155
3 153 168 156
3 155 169 154
3 169 188 154
3 154 188 177
3 156 157 155
3 157 158 155
3 158 169 155
3 156 159 157
3 156 178 159
3 168 178 156
3 157 170 158
3 159 160 157
3 160 170 157
3 158 179 169
3 170 171 158
3 171 179 158
3 159 174 160
3 159 189 174
3 178 189 159
3 160 174 172
3 161 189 178
3 169 179 163
3 163 188 169
3 164 190 177
3 170 173 171
3 171 187 179
3 0 228 18
3 29 228 0
3 1 21 34
3 2 222 22
3 42 222 2
3 41 223 3
3 3 223 44
3 18 218 19
3 18 228 218
3 19 196 20
3 19 218 196
3 20 227 21
3 196 227 20
3 21 199 34
3 21 227 199
3 22 212 23
3 22 222 212
3 23 194 24
3 23 212 194
3 24 219 25
3 194 219 24
3 25 207 26
3 25 219 207
3 26 191 27
3 26 226 191
3 207 226 26
3 27 210 28
3 191 210 27
3 28 198 29
3 28 210 198
3 198 228 29
3 34 230 35
3 199 230 34
3 35 193 36
3 35 230 193
3 36 214 37
3 193 214 36
3 37 209 38
3 37 214 209
3 38 192 39
3 38 209 192
3 39 200 40
3 192 200 39
3 40 195 41
3 40 200 195
3 195 223 41
3 43 197 42
3 197 222 42
3 44 215 43
3 43 215 197
3 44 223 215
3 206 224 191
3 191 226 206
3 191 224 210
3 192 201 200
3 192 202 201
3 192 209 202
3 213 214 193
3 193 216 213
3 193 230 216
3 212 221 194
3 217 219 194
3 194 221 217
3 200 208 195
3 208 229 195
3 215 223 195
3 195 229 215
3 196 218 211
3 211 225 196
3 225 227 196
3 197 221 212
3 212 222 197
3 215 229 197
3 197 229 221
3 210 211 198
3 211 218 198
3 218 228 198
3 199 227 216
3 216 230 199
3 201 208 200
3 202 203 201
3 203 217 201
3 201 217 208
3 202 204 203
3 202 205 204
3 202 209 205
3 204 207 203
3 207 219 203
3 203 219 217
3 205 206 204
3 206 226 204
3 204 226 207
3 205 213 206
3 209 214 205
3 205 214 213
3 213 220 206
3 220 224 206
3 217 221 208
3 221 229 208
3 210 224 211
3 211 224 220
3 220 225 211
3 216 220 213
3 216 225 220
3 216 227 225
3 42 2 30
3 33 3 44
3 31 231 30
3 30 231 42
3 32 232 31
3 31 232 231
3 33 232 32
3 44 232 33
3 42 231 43
3 43 232 44
3 231 232 43
3 7 0 53
3 7 234 0
3 12 236 0
3 0 234 18
3 53 0 54
3 0 236 54
3 4 1 5
3 62 1 4
3 1 238 5
3 17 1 62
3 21 238 1
3 45 4 5
3 5 63 45
3 5 238 66
3 49 48 6
3 6 48 65
3 70 49 6
3 53 235 7
3 69 234 7
3 7 235 72
3 12 13 56
3 55 12 56
3 55 236 12
3 13 14 57
3 56 13 57
3 14 15 58
3 57 14 58
3 16 233 15
3 58 15 59
3 15 233 59
3 17 61 16
3 16 61 60
3 60 233 16
3 62 61 17
3 18 239 19
3 18 234 69
3 69 239 18
3 19 240 20
3 19 239 68
3 68 240 19
3 20 241 21
3 20 240 67
3 67 241 20
3 66 238 21
3 21 241 66
3 45 63 46
3 47 46 64
3 46 63 64
3 48 47 65
3 65 47 64
3 50 49 70
3 50 242 51
3 70 242 50
3 51 237 52
3 71 237 51
3 51 242 71
3 52 235 53
3 72 235 52
3 52 237 72
3 54 236 55
3 59 233 60
3 66 241 67
3 67 240 68
3 68 239 69
3 71 242 70
3 72 237 71
3 45 595 4
3 4 594 62
3 79 594 4
3 4 595 79
3 8 593 73
3 78 591 8
3 8 591 103
3 103 593 8
3 46 270 45
3 270 595 45
3 47 543 46
3 46 543 270
3 48 257 47
3 257 543 47
3 49 546 48
3 48 546 257
3 50 575 49
3 49 575 546
3 51 252 50
3 252 575 50
3 52 565 51
3 51 565 252
3 53 267 52
3 267 565 52
3 54 544 53
3 53 544 267
3 55 251 54
3 251 544 54
3 56 563 55
3 55 563 251
3 57 446 56
3 446 563 56
3 58 255 57
3 255 446 57
3 59 547 58
3 58 547 255
3 60 589 59
3 59 589 547
3 61 266 60
3 266 589 60
3 62 559 61
3 61 559 266
3 62 594 559
3 73 277 74
3 73 593 277
3 74 265 75
3 74 277 265
3 75 440 76
3 265 440 75
3 76 269 77
3 76 440 269
3 77 451 78
3 269 451 77
3 451 591 78
3 80 271 79
3 79 560 80
3 271 594 79
3 79 595 560
3 80 268 81
3 81 501 80
3 80 560 268
3 80 501 271
3 82 264 81
3 81 498 82
3 264 501 81
3 268 498 81
3 82 254 83
3 83 497 82
3 82 498 254
3 82 497 264
3 84 250 83
3 83 553 84
3 250 497 83
3 254 553 83
3 84 492 85
3 85 537 84
3 84 537 250
3 84 553 492
3 85 247 86
3 86 445 85
3 85 492 247
3 445 537 85
3 87 245 86
3 86 526 87
3 245 445 86
3 247 526 86
3 87 489 88
3 88 532 87
3 87 532 245
3 87 526 489
3 88 259 89
3 89 486 88
3 88 489 259
3 486 532 88
3 90 249 89
3 89 276 90
3 249 486 89
3 259 276 89
3 90 246 91
3 91 483 90
3 90 276 246
3 90 483 249
3 91 482 92
3 92 484 91
3 246 482 91
3 91 484 483
3 93 248 92
3 92 263 93
3 248 484 92
3 92 482 263
3 94 275 93
3 93 477 94
3 93 275 248
3 263 477 93
3 94 262 95
3 95 274 94
3 94 477 262
3 274 275 94
3 96 243 95
3 95 476 96
3 243 274 95
3 262 476 95
3 96 261 97
3 97 485 96
3 96 485 243
3 96 476 261
3 98 258 97
3 97 461 98
3 258 485 97
3 261 461 97
3 98 260 99
3 99 273 98
3 98 273 258
3 98 461 260
3 100 244 99
3 99 456 100
3 244 273 99
3 260 456 99
3 100 253 101
3 101 452 100
3 100 452 244
3 100 456 253
3 102 256 101
3 101 584 102
3 253 584 101
3 256 452 101
3 102 272 103
3 103 450 102
3 102 450 256
3 102 584 272
3 272 593 103
3 103 591 450
3 243 292 274
3 243 395 292
3 243 485 395
3 244 281 273
3 244 427 281
3 244 452 427
3 245 542 445
3 245 532 490
3 490 542 245
3 276 521 246
3 246 520 482
3 246 521 520
3 492 549 247
3 247 536 526
3 247 549 536
3 275 293 248
3 293 294 248
3 294 484 248
3 483 527 249
3 249 533 486
3 527 533 249
3 250 566 497
3 537 538 250
3 538 566 250
3 251 601 544
3 563 587 251
3 587 601 251
3 252 509 508
3 508 575 252
3 252 565 509
3 456 457 253
3 457 603 253
3 253 603 584
3 498 554 254
3 551 553 254
3 254 554 551
3 428 446 255
3 255 447 428
3 255 610 447
3 547 610 255
3 450 574 256
3 256 588 452
3 574 588 256
3 257 599 543
3 546 606 257
3 558 599 257
3 257 606 558
3 273 441 258
3 441 448 258
3 448 485 258
3 259 300 276
3 259 302 300
3 259 489 302
3 260 571 456
3 461 465 260
3 465 571 260
3 261 462 461
3 261 463 462
3 261 476 463
3 262 479 476
3 477 478 262
3 478 479 262
3 263 550 477
3 482 582 263
3 263 582 550
3 497 607 264
3 264 580 501
3 264 607 580
3 277 278 265
3 278 279 265
3 279 440 265
3 432 589 266
3 266 590 432
3 559 570 266
3 570 590 266
3 267 544 540
3 540 576 267
3 267 576 565
3 268 557 498
3 268 561 557
3 560 561 268
3 269 555 436
3 436 604 269
3 440 555 269
3 269 604 451
3 543 599 270
3 270 561 560
3 560 595 270
3 270 599 561
3 501 570 271
3 271 570 559
3 559 594 271
3 272 278 277
3 277 593 272
3 272 437 278
3 272 584 437
3 281 441 273
3 274 443 275
3 292 443 274
3 275 443 293
3 300 521 276
3 278 280 279
3 278 437 280
3 280 282 279
3 282 555 279
3 279 555 440
3 280 283 282
3 280 439 283
3 437 439 280
3 427 442 281
3 281 449 441
3 442 449 281
3 283 284 282
3 284 286 282
3 286 555 282
3 283 285 284
3 283 288 285
3 283 439 288
3 285 494 284
3 284 287 286
3 284 494 287
3 288 289 285
3 289 290 285
3 290 494 285
3 287 434 286
3 434 436 286
3 436 555 286
3 287 597 434
3 287 494 442
3 442 597 287
3 288 413 289
3 288 457 413
3 439 457 288
3 289 291 290
3 289 519 291
3 413 519 289
3 291 295 290
3 295 386 290
3 386 494 290
3 291 296 295
3 291 317 296
3 291 519 317
3 395 433 292
3 433 444 292
3 292 444 443
3 293 299 294
3 293 529 299
3 443 529 293
3 299 301 294
3 301 495 294
3 294 495 484
3 296 297 295
3 297 535 295
3 295 535 386
3 296 298 297
3 296 502 298
3 317 502 296
3 298 303 297
3 303 387 297
3 387 535 297
3 298 304 303
3 298 308 304
3 298 502 308
3 299 305 301
3 299 307 305
3 299 529 307
3 302 320 300
3 320 322 300
3 322 521 300
3 305 306 301
3 306 390 301
3 390 495 301
3 302 321 320
3 302 402 321
3 302 489 402
3 304 311 303
3 311 581 303
3 303 581 387
3 308 309 304
3 309 586 304
3 304 586 311
3 305 487 306
3 307 310 305
3 310 487 305
3 306 391 390
3 306 411 391
3 306 487 411
3 307 379 310
3 307 394 379
3 307 529 394
3 308 312 309
3 308 515 312
3 502 515 308
3 312 313 309
3 313 420 309
3 420 586 309
3 379 404 310
3 404 405 310
3 405 487 310
3 435 572 311
3 311 586 435
3 572 581 311
3 312 314 313
3 312 316 314
3 312 515 316
3 314 315 313
3 315 517 313
3 313 517 420
3 314 318 315
3 316 583 314
3 314 583 318
3 318 319 315
3 319 335 315
3 335 517 315
3 480 481 316
3 316 602 480
3 481 583 316
3 515 602 316
3 317 519 466
3 466 577 317
3 317 577 502
3 318 366 319
3 318 378 366
3 318 583 378
3 319 376 335
3 366 568 319
3 319 568 376
3 321 499 320
3 320 323 322
3 320 499 323
3 402 530 321
3 321 523 499
3 321 530 523
3 323 324 322
3 324 397 322
3 397 521 322
3 323 325 324
3 323 326 325
3 323 499 326
3 325 608 324
3 324 419 397
3 324 608 419
3 326 327 325
3 327 552 325
3 552 608 325
3 326 328 327
3 326 491 328
3 326 499 491
3 328 329 327
3 329 331 327
3 331 552 327
3 328 330 329
3 328 354 330
3 328 491 354
3 330 496 329
3 329 332 331
3 329 496 332
3 354 372 330
3 372 388 330
3 388 496 330
3 332 333 331
3 333 578 331
3 331 578 552
3 332 334 333
3 332 336 334
3 332 496 336
3 334 375 333
3 375 426 333
3 426 578 333
3 336 337 334
3 337 516 334
3 334 516 375
3 376 377 335
3 377 548 335
3 335 548 517
3 336 338 337
3 336 488 338
3 336 496 488
3 338 339 337
3 339 341 337
3 341 516 337
3 338 340 339
3 338 518 340
3 488 518 338
3 340 342 339
3 339 534 341
3 342 534 339
3 340 343 342
3 340 344 343
3 340 518 344
3 503 516 341
3 341 592 503
3 534 592 341
3 343 564 342
3 342 598 534
3 564 598 342
3 344 345 343
3 345 357 343
3 357 564 343
3 344 346 345
3 344 524 346
3 518 524 344
3 346 347 345
3 347 493 345
3 345 493 357
3 346 348 347
3 346 349 348
3 346 524 349
3 348 355 347
3 355 356 347
3 356 493 347
3 349 350 348
3 350 512 348
3 348 512 355
3 349 351 350
3 349 525 351
3 524 525 349
3 351 352 350
3 352 367 350
3 367 512 350
3 351 353 352
3 351 528 353
3 525 528 351
3 353 358 352
3 358 513 352
3 352 513 367
3 353 359 358
3 353 545 359
3 528 545 353
3 354 400 372
3 354 454 400
3 354 491 454
3 355 368 356
3 355 392 368
3 355 512 392
3 368 369 356
3 369 380 356
3 380 493 356
3 357 460 429
3 429 564 357
3 357 493 460
3 359 360 358
3 360 374 358
3 374 513 358
3 359 361 360
3 359 363 361
3 359 545 363
3 361 362 360
3 362 510 360
3 360 510 374
3 361 511 362
3 363 364 361
3 364 511 361
3 504 506 362
3 362 511 504
3 506 510 362
3 363 365 364
3 363 458 365
3 363 545 458
3 365 370 364
3 370 373 364
3 373 511 364
3 365 371 370
3 365 455 371
3 365 458 455
3 378 421 366
3 421 609 366
3 366 609 568
3 367 522 512
3 513 514 367
3 514 522 367
3 368 500 369
3 392 393 368
3 393 500 368
3 369 381 380
3 369 383 381
3 369 500 383
3 371 389 370
3 370 467 373
3 389 467 370
3 371 398 389
3 371 399 398
3 371 455 399
3 372 403 388
3 400 459 372
3 372 459 403
3 467 468 373
3 468 469 373
3 469 511 373
3 510 585 374
3 374 541 513
3 374 585 541
3 375 438 426
3 375 573 438
3 516 573 375
3 376 412 377
3 376 453 412
3 376 568 453
3 412 605 377
3 377 579 548
3 377 605 579
3 378 550 421
3 378 481 478
3 478 550 378
3 378 583 481
3 394 435 379
3 379 600 404
3 435 600 379
3 381 382 380
3 382 460 380
3 460 493 380
3 381 474 382
3 383 384 381
3 384 474 381
3 382 569 460
3 474 531 382
3 531 569 382
3 383 385 384
3 383 447 385
3 383 500 447
3 385 396 384
3 396 408 384
3 408 474 384
3 385 432 396
3 385 610 432
3 447 610 385
3 386 449 442
3 442 494 386
3 386 535 449
3 387 567 535
3 556 567 387
3 387 581 556
3 403 409 388
3 409 488 388
3 488 496 388
3 398 549 389
3 389 473 467
3 389 549 473
3 391 401 390
3 401 527 390
3 390 527 495
3 391 414 401
3 411 503 391
3 391 503 414
3 392 406 393
3 392 522 406
3 512 522 392
3 406 407 393
3 407 428 393
3 428 500 393
3 394 572 435
3 394 529 444
3 444 572 394
3 395 556 433
3 395 485 448
3 448 556 395
3 396 410 408
3 396 590 410
3 432 590 396
3 419 562 397
3 520 521 397
3 397 562 520
3 399 530 398
3 530 536 398
3 536 549 398
3 399 455 454
3 454 523 399
3 523 530 399
3 454 455 400
3 455 458 400
3 458 459 400
3 414 415 401
3 415 533 401
3 401 533 527
3 489 526 402
3 526 536 402
3 402 536 530
3 403 525 409
3 459 528 403
3 403 528 525
3 404 548 405
3 517 548 404
3 404 600 517
3 438 487 405
3 405 579 438
3 548 579 405
3 406 587 407
3 522 539 406
3 539 587 406
3 407 446 428
3 407 563 446
3 407 587 563
3 410 580 408
3 408 475 474
3 408 580 475
3 409 518 488
3 409 524 518
3 409 525 524
3 410 570 501
3 501 580 410
3 410 590 570
3 411 487 438
3 438 573 411
3 411 573 503
3 453 552 412
3 552 578 412
3 578 605 412
3 457 571 413
3 413 596 519
3 571 596 413
3 414 416 415
3 414 592 416
3 503 592 414
3 416 417 415
3 417 418 415
3 418 533 415
3 416 422 417
3 416 534 422
3 416 592 534
3 417 490 418
3 422 423 417
3 423 490 417
3 418 532 486
3 486 533 418
3 490 532 418
3 453 568 419
3 419 608 453
3 419 609 562
3 568 609 419
3 435 586 420
3 420 600 435
3 517 600 420
3 550 582 421
3 421 582 562
3 562 609 421
3 422 424 423
3 422 598 424
3 534 598 422
3 424 425 423
3 425 542 423
3 423 542 490
3 424 429 425
3 424 564 429
3 424 598 564
3 429 430 425
3 430 431 425
3 431 542 425
3 438 579 426
3 426 605 578
3 579 605 426
3 427 597 442
3 452 588 427
3 588 597 427
3 447 500 428
3 429 569 430
3 460 569 429
3 430 538 431
3 531 538 430
3 430 569 531
3 431 537 445
3 445 542 431
3 431 538 537
3 547 589 432
3 432 610 547
3 433 572 444
3 556 581 433
3 433 581 572
3 434 574 436
3 434 588 574
3 434 597 588
3 574 604 436
3 437 603 439
3 584 603 437
3 439 603 457
3 441 567 448
3 449 567 441
3 444 529 443
3 448 567 556
3 535 567 449
3 450 591 451
3 451 604 450
3 450 604 574
3 453 608 552
3 491 523 454
3 456 571 457
3 458 545 459
3 459 545 528
3 462 465 461
3 463 464 462
3 464 466 462
3 462 466 465
3 463 480 464
3 476 479 463
3 479 480 463
3 464 577 466
3 480 602 464
3 464 602 577
3 466 596 465
3 465 596 571
3 519 596 466
3 467 551 468
3 473 551 467
3 468 470 469
3 468 554 470
3 551 554 468
3 470 471 469
3 471 504 469
3 504 511 469
3 470 472 471
3 470 557 472
3 554 557 470
3 472 558 471
3 471 505 504
3 471 558 505
3 557 561 472
3 472 599 558
3 561 599 472
3 473 549 492
3 492 553 473
3 473 553 551
3 475 531 474
3 475 566 531
3 475 607 566
3 580 607 475
3 477 550 478
3 478 481 479
3 479 481 480
3 520 582 482
3 484 495 483
3 495 527 483
3 499 523 491
3 566 607 497
3 498 557 554
3 502 577 515
3 503 573 516
3 505 506 504
3 505 507 506
3 505 606 507
3 558 606 505
3 507 508 506
3 508 510 506
3 507 575 508
3 546 575 507
3 507 606 546
3 509 585 508
3 508 585 510
3 565 576 509
3 576 585 509
3 513 541 514
3 514 539 522
3 514 540 539
3 514 541 540
3 577 602 515
3 562 582 520
3 531 566 538
3 540 601 539
3 539 601 587
3 541 576 540
3 544 601 540
3 541 585 576
3 63 5 636
3 5 111 636
3 6 65 637
3 114 6 637
3 104 9 633
3 9 112 633
3 113 10 634
3 10 121 634
3 64 63 617
3 617 63 636
3 65 64 628
3 64 617 628
3 65 628 637
3 105 104 619
3 619 104 633
3 106 105 614
3 614 105 619
3 107 106 621
3 106 614 621
3 108 107 612
3 612 107 621
3 109 108 622
3 108 612 622
3 110 109 611
3 611 109 622
3 111 110 627
3 110 611 627
3 111 627 636
3 112 113 615
3 112 615 633
3 615 113 634
3 115 114 613
3 613 114 637
3 116 115 624
3 115 613 624
3 117 116 616
3 616 116 624
3 118 117 623
3 117 616 623
3 119 118 618
3 618 118 623
3 120 119 635
3 119 618 635
3 121 120 632
3 632 120 635
3 121 632 634
3 611 622 626
3 625 611 626
3 611 625 627
3 612 621 630
3 622 612 629
3 629 612 630
3 624 613 625
3 625 613 628
3 628 613 637
3 614 619 620
3 614 620 631
3 621 614 631
3 615 619 633
3 619 615 638
3 615 634 638
3 623 616 629
3 616 624 626
3 616 626 629
3 625 617 627
3 617 625 628
3 627 617 636
3 618 623 630
3 618 630 631
3 618 631 635
3 620 619 638
3 631 620 635
3 620 632 635
3 632 620 638
3 630 621 631
3 626 622 629
3 623 629 630
3 624 625 626
3 634 632 638
3 5 66 676
3 111 5 676
3 7 122 69
3 9 104 670
3 130 9 670
3 129 11 671
3 11 132 671
3 66 67 666
3 66 666 676
3 67 68 644
3 67 644 666
3 68 69 675
3 644 68 675
3 69 122 647
3 69 647 675
3 104 105 660
3 104 660 670
3 105 106 642
3 105 642 660
3 106 107 667
3 642 106 667
3 107 108 655
3 107 655 667
3 108 109 639
3 108 639 674
3 655 108 674
3 109 110 658
3 639 109 658
3 110 111 646
3 110 646 658
3 646 111 676
3 122 123 678
3 647 122 678
3 123 124 641
3 123 641 678
3 124 125 662
3 641 124 662
3 125 126 657
3 125 657 662
3 126 127 640
3 126 640 657
3 127 128 648
3 640 127 648
3 128 129 643
3 128 643 648
3 643 129 671
3 131 130 645
3 645 130 670
3 132 131 663
3 131 645 663
3 132 663 671
3 654 639 672
3 639 654 674
3 639 658 672
3 640 648 649
3 640 649 650
3 640 650 657
3 661 641 662
3 641 661 664
3 641 664 678
3 660 642 669
3 665 642 667
3 642 665 669
3 648 643 656
3 656 643 677
3 663 643 671
3 643 663 677
3 644 659 666
3 659 644 673
3 673 644 675
3 645 660 669
3 660 645 670
3 663 645 677
3 645 669 677
3 658 646 659
3 659 646 666
3 666 646 676
3 647 664 675
3 664 647 678
3 649 648 656
3 650 649 651
3 651 649 665
3 649 656 665
3 650 651 652
3 650 652 653
3 650 653 657
3 652 651 655
3 655 651 667
3 651 665 667
3 653 652 654
3 654 652 674
3 652 655 674
3 653 654 661
3 657 653 662
3 653 661 662
3 661 654 668
3 668 654 672
3 665 656 669
3 669 656 677
3 658 659 672
3 659 668 672
3 668 659 673
3 664 661 668
3 664 668 673
3 664 673 675
3 70 6 705
3 6 114 705
3 7 72 704
3 122 7 704
3 121 10 702
3 10 133 702
3 11 129 701
3 134 11 701
3 71 70 696
3 696 70 705
3 72 71 685
3 685 71 696
3 72 685 704
3 114 115 681
3 114 681 705
3 115 116 692
3 681 115 692
3 116 117 684
3 116 684 692
3 117 118 691
3 684 117 691
3 118 119 686
3 118 686 691
3 119 120 703
3 686 119 703
3 120 121 700
3 120 700 703
3 700 121 702
3 123 122 695
3 695 122 704
3 124 123 679
3 679 123 695
3 125 124 690
3 124 679 690
3 126 125 680
3 680 125 690
3 127 126 689
3 126 680 689
3 128 127 682
3 682 127 689
3 129 128 687
3 128 682 687
3 129 687 701
3 133 134 683
3 133 683 702
3 683 134 701
3 690 679 694
3 679 693 694
3 693 679 695
3 689 680 698
3 680 690 697
3 680 697 698
3 681 692 693
3 681 693 696
3 681 696 705
3 687 682 688
3 688 682 699
3 682 689 699
3 687 683 701
3 683 687 706
3 702 683 706
3 684 691 697
3 692 684 694
3 694 684 697
3 685 693 695
3 693 685 696
3 685 695 704
3 691 686 698
3 698 686 699
3 699 686 703
3 687 688 706
3 688 699 703
3 700 688 703
3 688 700 706
3 689 698 699
3 690 694 697
3 697 691 698
3 693 692 694
3 700 702 706
3 73 707 8
3 8 707 78
3 74 707 73
3 75 707 74
3 76 707 75
3 77 707 76
3 78 707 77
3 130 112 9
3 10 113 708
3 133 10 709
3 10 708 709
3 134 132 11
3 113 112 710
3 112 130 710
3 708 113 710
3 130 131 708
3 130 708 710
3 131 132 709
3 708 131 709
3 132 134 709
3 134 133 709
4 602 743 715 745
4 296 297 715 716
4 283 284 285 722
4 480 743 602 745
4 419 725 712 741
4 461 715 97 716
4 464 715 602 743
4 296 715 317 716
4 97 715 258 716
4 297 387 715 716
4 419 712 727 741
4 480 464 602 743
4 712 725 419 738
4 321 113 710 717
4 284 719 285 722
4 419 727 712 738
4 715 743 433 745
4 283 285 719 722
4 480 714 743 745
4 258 715 448 716
4 417 720 232 721
4 480 463 464 743
4 452 100 719 722
4 463 715 464 743
4 461 462 715 716
4 714 433 743 745
4 415 720 417 721
4 284 287 719 722
4 415 720 721 746
4 395 433 715 743
4 287 597 719 722
4 419 727 568 741
4 297 535 387 716
4 113 321 710 402
4 232 417 33 720
4 387 567 715 716
4 567 448 715 716
4 97 461 261 715
4 253 719 100 722
4 290 291 289 716
4 258 97 485 715
4 415 721 730 746
4 586 714 435 740
4 415 418 417 720
4 710 402 321 717
4 427 719 597 722
4 317 715 466 716
4 289 290 716 719
4 600 740 737 749
4 296 502 317 715
4 322 725 731 738
4 402 717 710 748
4 32 417 232 721
4 452 719 427 722
4 283 719 288 722
4 448 258 485 715
4 568 727 376 741
4 274 95 735 743
4 433 292 714 743
4 273 99 716 719
4 419 562 727 738
4 260 716 99 719
4 438 734 723 739
4 466 715 462 716
4 296 295 297 716
4 519 289 716 719
4 322 731 521 738
4 298 296 297 715
4 419 568 453 741
4 461 462 261 715
4 274 714 292 743
4 710 717 113 753
4 439 719 457 722
4 480 714 479 743
4 309 714 586 740
4 325 725 552 728
4 596 716 571 719
4 274 735 714 743
4 288 719 439 722
4 435 714 737 740
4 457 719 253 722
4 98 461 97 716
4 600 435 737 740
4 33 417 490 720
4 552 728 725 736
4 562 732 727 738
4 556 395 433 715
4 577 602 715 745
4 98 97 258 716
4 292 714 274 737
4 415 418 720 746
4 322 731 725 752
4 571 716 260 719
4 312 714 316 745
4 723 734 712 739
4 298 502 296 715
4 309 714 312 745
4 710 113 708 753
4 583 378 735 740
4 290 386 716 719
4 453 568 376 741
4 316 602 515 745
4 112 402 710 748
4 289 291 519 716
4 586 714 309 745
4 288 283 285 719
4 32 33 232 417
4 433 581 715 745
4 298 297 303 715
4 435 737 379 749
4 387 535 567 716
4 433 292 444 714
4 98 99 260 716
4 317 502 577 715
4 414 415 721 730
4 248 484 294 726
4 427 597 588 722
4 609 419 562 727
4 309 312 714 740
4 433 714 572 745
4 98 273 99 716
4 583 735 481 740
4 519 413 289 719
4 248 484 726 732
4 284 287 494 719
4 444 714 292 737
4 290 295 291 716
4 297 295 535 716
4 386 449 716 719
4 291 296 317 716
4 433 395 292 743
4 737 740 713 749
4 297 387 303 715
4 438 739 723 741
4 327 325 552 728
4 441 258 448 716
4 603 457 253 722
4 317 577 466 715
4 435 600 737 749
4 290 386 295 716
4 714 735 274 737
4 261 96 97 715
4 387 567 556 715
4 101 100 452 722
4 577 515 602 745
4 481 479 714 735
4 97 96 485 715
4 427 588 452 722
4 453 725 419 741
4 577 602 464 715
4 562 520 732 738
4 574 256 722 729
4 735 740 378 755
4 327 728 552 736
4 567 448 556 715
4 113 710 112 402
4 723 739 712 741
4 283 288 439 722
4 93 754 735 755
4 95 262 735 743
4 316 714 312 740
4 438 487 734 739
4 100 244 452 719
4 284 494 285 719
4 596 571 413 719
4 417 418 490 720
4 422 417 32 721
4 435 379 600 749
4 577 715 502 745
4 485 395 715 743
4 481 479 480 714
4 727 739 376 741
4 273 716 281 719
4 437 722 584 729
4 288 457 439 719
4 415 417 416 721
4 603 439 457 722
4 600 740 749 750
4 279 282 722 729
4 322 300 521 731
4 291 295 296 716
4 481 735 714 740
4 248 732 726 754
4 448 485 395 715
4 88 720 731 748
4 101 253 100 722
4 586 435 420 740
4 96 715 261 743
4 461 465 462 716
4 710 708 717 753
4 279 722 280 729
4 113 717 321 753
4 724 730 527 734
4 261 715 463 743
4 263 93 477 735
4 376 739 377 741
4 487 726 734 739
4 740 750 318 755
4 93 735 263 755
4 521 731 276 738
4 515 312 316 745
4 232 33 44 720
4 485 715 96 743
4 724 734 527 742
4 481 480 316 714
4 567 441 448 716
4 88 731 720 746
4 711 730 721 746
4 487 726 306 734
4 11 496 2 718
4 711 721 720 746
4 243 274 292 743
4 281 716 449 719
4 397 419 725 738
4 710 708 130 717
4 261 462 463 715
4 280 722 278 729
4 481 714 316 740
4 552 736 725 741
4 583 378 481 735
4 723 724 711 725
4 726 732 484 742
4 411 730 723 734
4 395 243 292 743
4 577 502 515 745
4 102 722 256 729
4 298 715 303 745
4 279 282 280 722
4 248 726 294 754
4 713 749 740 750
4 263 735 477 755
4 581 556 433 715
4 464 463 462 715
4 600 420 435 740
4 88 731 259 748
4 464 466 577 715
4 527 730 724 746
4 42 132 11 718
4 232 721 720 733
4 529 299 749 754
4 276 731 724 738
4 102 584 722 729
4 91 738 90 742
4 322 397 725 738
4 280 437 278 722
4 244 99 273 719
4 487 305 306 726
4 464 462 466 715
4 377 376 335 739
4 574 722 436 729
4 90 738 724 742
4 91 732 738 742
4 325 725 728 752
4 376 727 335 739
4 562 727 732 755
4 712 724 723 725
4 2 496 336 718
4 578 723 736 741
4 301 306 726 734
4 91 732 482 738
4 33 3 44 720
4 333 426 723 736
4 414 415 416 721
4 727 732 712 738
4 572 433 444 714
4 232 720 44 733
4 555 722 282 729
4 88 89 731 746
4 437 278 722 729
4 260 99 456 719
4 3 720 532 748
4 419 397 562 738
4 724 731 725 738
4 502 715 298 745
4 718 744 334 751
4 718 728 329 736
4 437 584 272 729
4 572 435 714 737
4 274 95 94 735
4 318 378 740 755
4 578 723 426 736
4 578 426 723 741
4 527 533 730 746
4 556 448 395 715
4 466 462 465 716
4 11 2 42 718
4 291 317 519 716
4 98 260 461 716
4 258 273 98 716
4 31 422 32 721
4 333 578 426 736
4 3 532 87 748
4 244 427 452 719
4 436 722 555 729
4 299 726 749 754
4 596 465 571 716
4 309 586 420 740
4 411 391 730 734
4 527 730 401 734
4 302 731 717 748
4 322 397 324 725
4 484 294 726 742
4 232 44 43 733
4 465 260 571 716
4 301 734 726 742
4 562 732 582 755
4 463 480 479 743
4 91 246 90 738
4 453 608 419 725
4 260 456 571 719
4 274 735 275 737
4 572 714 444 737
4 483 724 527 742
4 503 723 411 730
4 259 731 302 748
4 535 295 386 716
4 562 520 582 732
4 305 301 306 726
4 318 378 583 740
4 578 736 552 741
4 253 456 100 719
4 324 397 419 725
4 527 390 495 742
4 273 441 281 716
4 249 527 724 746
4 411 723 438 734
4 337 334 744 751
4 713 740 735 755
4 496 718 11 747
4 258 441 273 716
4 420 740 600 750
4 529 749 737 754
4 527 734 390 742
4 279 555 282 729
4 319 366 318 727
4 336 2 718 751
4 416 417 422 721
4 329 728 718 747
4 555 436 286 722
4 256 574 450 729
4 449 535 386 716
4 302 717 402 748
4 562 421 727 755
4 521 300 276 731
4 319 727 318 750
4 318 750 727 755
4 318 727 366 755
4 32 232 31 721
4 303 387 581 715
4 711 724 723 730
4 609 568 419 727
4 336 718 334 751
4 332 718 329 736
4 130 710 717 748
4 302 321 402 717
4 435 394 379 737
4 712 734 726 739
4 378 478 481 735
4 401 527 533 730
4 324 322 725 752
4 390 527 401 734
4 132 11 718 747
4 42 231 733 751
4 248 92 484 732
4 305 487 310 726
4 562 582 421 755
4 89 724 276 731
4 317 466 519 716
4 713 750 740 755
4 102 272 584 729
4 597 442 287 719
4 90 276 724 738
4 443 274 275 737
4 303 715 581 745
4 292 274 443 737
4 532 490 418 720
4 485 243 395 743
4 449 281 441 716
4 131 733 717 753
4 130 717 131 733
4 411 438 487 734
4 91 482 246 738
4 299 294 726 754
4 721 733 231 751
4 90 724 483 742
4 723 724 712 734
4 379 737 394 749
4 711 725 724 731
4 479 262 476 743
4 708 131 130 717
4 131 717 708 753
4 88 89 259 731
4 503 411 391 730
4 334 718 736 744
4 92 93 732 754
4 327 329 728 736
4 579 739 438 741
4 482 732 520 738
4 334 736 375 744
4 503 573 411 723
4 249 527 483 724
4 281 244 273 719
4 310 726 487 739
4 529 293 299 754
4 723 730 503 744
4 259 302 489 748
4 44 130 733 748
4 249 533 527 746
4 726 739 310 749
4 596 519 466 716
4 131 747 733 753
4 529 299 307 749
4 481 478 479 735
4 299 293 294 754
4 253 457 456 719
4 334 718 332 736
4 375 333 426 723
4 555 286 282 722
4 95 262 94 735
4 711 720 717 731
4 337 336 334 751
4 724 731 89 746
4 375 736 723 744
4 294 495 301 742
4 329 718 496 747
4 42 231 43 733
4 717 731 302 752
4 717 733 728 753
4 503 730 414 744
4 426 438 723 741
4 44 733 720 748
4 333 723 375 736
4 478 262 479 735
4 709 747 131 753
4 44 720 3 748
4 256 450 102 729
4 465 461 260 716
4 335 739 727 750
4 322 521 397 738
4 132 718 42 733
4 294 301 726 742
4 88 532 720 748
4 243 95 274 743
4 434 597 287 722
4 723 730 724 734
4 99 244 100 719
4 89 90 276 724
4 232 43 721 733
4 436 434 286 722
4 386 442 449 719
4 534 422 31 721
4 90 246 276 738
4 2 42 718 751
4 130 717 733 748
4 718 711 721 733
4 414 416 592 721
4 378 478 735 755
4 113 321 523 753
4 713 727 726 739
4 573 723 503 744
4 503 414 592 744
4 279 280 278 729
4 320 499 321 717
4 583 481 316 740
4 275 274 94 735
4 88 720 486 746
4 723 725 711 736
4 436 574 434 722
4 92 93 263 732
4 310 305 726 749
4 327 331 329 736
4 725 728 711 736
4 717 731 720 748
4 324 323 322 752
4 231 721 43 733
4 88 259 489 748
4 88 87 532 748
4 711 717 720 733
4 733 747 728 753
4 99 100 456 719
4 327 552 331 736
4 332 496 329 718
4 426 579 438 741
4 92 732 248 754
4 320 717 302 752
4 300 731 322 752
4 499 717 320 752
4 325 728 326 752
4 334 336 332 718
4 596 466 465 716
4 387 556 581 715
4 711 721 730 744
4 499 752 728 753
4 726 727 713 732
4 42 733 718 751
4 325 326 323 752
4 275 737 735 754
4 535 449 567 716
4 712 727 726 732
4 499 728 326 753
4 375 723 573 744
4 711 728 725 752
4 324 419 608 725
4 720 721 711 733
4 91 484 92 732
4 315 318 740 750
4 394 737 307 749
4 91 90 483 742
4 334 333 375 736
4 31 721 231 751
4 463 479 476 743
4 711 725 731 752
4 308 309 312 745
4 453 552 608 725
4 415 730 533 746
4 231 31 232 721
4 420 517 740 750
4 321 302 320 717
4 529 307 737 749
4 552 725 453 741
4 718 721 711 744
4 550 735 478 755
4 484 732 91 742
4 88 532 486 720
4 434 588 597 722
4 285 290 289 719
4 133 491 747 753
4 328 133 491 747
4 718 733 132 747
4 499 321 717 753
4 326 728 499 752
4 335 376 319 727
4 394 529 307 737
4 725 736 723 741
4 717 711 728 733
4 442 494 287 719
4 712 739 727 741
4 249 483 90 724
4 449 441 567 716
4 532 418 486 720
4 249 724 89 746
4 88 486 89 746
4 420 600 517 750
4 287 284 286 722
4 329 328 728 747
4 320 302 731 752
4 89 249 90 724
4 401 533 415 730
4 132 733 131 747
4 608 552 325 725
4 486 720 418 746
4 713 739 726 749
4 727 739 713 750
4 477 735 550 755
4 724 725 712 738
4 718 728 711 733
4 562 421 609 727
4 597 427 442 719
4 326 728 328 753
4 713 735 754 755
4 442 281 449 719
4 582 520 482 732
4 386 290 494 719
4 434 287 286 722
4 712 725 723 741
4 332 336 496 718
4 245 532 3 490
4 232 43 231 721
4 726 727 712 739
4 328 354 133 747
4 499 717 752 753
4 31 534 721 751
4 354 133 491 328
4 309 313 312 740
4 712 738 732 742
4 476 262 95 743
4 300 320 302 731
4 328 728 747 753
4 304 586 309 745
4 438 405 487 739
4 299 726 305 749
4 131 132 42 733
4 588 434 574 722
4 711 720 731 746
4 437 272 278 729
4 330 496 11 747
4 307 299 305 749
4 726 734 712 742
4 316 312 314 740
4 92 248 93 754
4 332 329 331 736
4 578 331 552 736
4 285 494 290 719
4 93 275 94 754
4 739 749 713 750
4 485 96 243 743
4 476 261 463 743
4 422 534 416 721
4 415 533 418 746
4 337 334 516 744
4 131 43 44 733
4 327 329 328 728
4 737 749 713 754
4 324 608 325 725
4 304 311 586 745
4 314 315 318 740
4 42 43 131 733
4 711 717 728 752
4 93 94 735 754
4 728 733 718 747
4 376 377 412 741
4 574 436 604 729
4 515 308 312 745
4 334 375 516 744
4 275 735 94 754
4 341 337 744 751
4 44 130 131 733
4 378 550 478 755
4 726 732 713 754
4 516 375 573 744
4 444 292 443 737
4 256 101 452 722
4 282 284 283 722
4 712 734 724 742
4 335 727 319 750
4 401 730 391 734
4 713 754 732 755
4 600 749 404 750
4 263 477 550 755
4 301 390 306 734
4 253 584 603 722
4 411 573 438 723
4 286 284 282 722
4 404 749 739 750
4 320 731 300 752
4 288 285 289 719
4 421 366 609 727
4 482 520 246 738
4 488 336 2 496
4 443 737 275 754
4 711 731 717 752
4 592 721 341 744
4 571 456 457 719
4 341 744 721 751
4 253 101 584 722
4 483 527 495 742
4 583 316 314 740
4 718 711 728 736
4 588 574 256 722
4 709 131 708 753
4 709 132 131 747
4 313 315 740 750
4 390 401 391 734
4 605 579 426 741
4 10 113 523 753
4 329 496 330 747
4 376 568 319 727
4 101 256 102 722
4 256 452 588 722
4 718 733 721 751
4 491 326 328 753
4 101 102 584 722
4 377 335 548 739
4 420 313 309 740
4 265 277 707 729
4 711 731 724 746
4 735 737 714 740
4 713 749 726 754
4 328 747 491 753
4 265 707 440 729
4 712 732 726 742
4 707 451 269 729
4 713 737 735 740
4 724 738 712 742
4 443 293 737 754
4 720 733 717 748
4 314 318 583 740
4 89 276 259 731
4 377 739 579 741
4 591 451 707 729
4 413 571 457 719
4 336 338 2 751
4 299 294 301 726
4 562 397 520 738
4 325 327 326 728
4 280 282 283 722
4 529 737 293 754
4 484 495 294 742
4 330 11 134 747
4 31 339 534 751
4 246 521 276 738
4 386 494 442 719
4 91 92 482 732
4 593 103 707 729
4 593 707 277 729
4 376 412 453 741
4 302 402 489 748
4 305 299 301 726
4 414 401 415 730
4 724 730 711 746
4 718 711 736 744
4 529 443 293 737
4 502 298 308 745
4 534 341 721 751
4 244 281 427 719
4 375 438 573 723
4 375 426 438 723
4 339 31 30 751
4 548 739 335 750
4 377 579 605 741
4 3 33 245 490
4 550 477 478 735
4 333 334 332 736
4 366 727 421 755
4 269 440 707 729
4 515 502 308 745
4 313 420 517 740
4 313 740 517 750
4 591 707 103 729
4 413 288 289 719
4 721 744 718 751
4 315 319 318 750
4 404 310 739 749
4 379 394 307 749
4 713 732 727 755
4 423 33 32 417
4 578 552 412 741
4 572 394 435 737
4 728 752 717 753
4 438 579 405 739
4 411 487 306 734
4 488 2 11 496
4 439 280 283 722
4 9 130 3 748
4 574 604 450 729
4 711 730 723 744
4 288 413 457 719
4 31 231 30 751
4 548 404 739 750
4 341 337 516 744
4 293 248 294 754
4 405 310 487 739
4 10 708 113 753
4 354 134 133 747
4 323 326 499 752
4 93 94 477 735
4 311 303 581 745
4 526 402 112 748
4 578 605 426 741
4 44 3 130 748
4 308 304 309 745
4 499 523 321 753
4 313 517 315 750
4 476 96 261 743
4 600 404 517 750
4 442 427 281 719
4 503 391 414 730
4 592 341 503 744
4 723 736 711 744
4 300 302 259 731
4 412 552 453 741
4 75 265 707 440
4 320 300 322 752
4 327 328 326 728
4 87 9 3 748
4 269 707 77 451
4 707 265 74 277
4 124 125 27 662
4 440 707 76 269
4 568 366 319 727
4 103 707 8 593
4 584 437 603 722
4 298 303 304 745
4 592 416 534 721
4 404 310 405 739
4 439 437 280 722
4 328 330 354 747
4 516 573 503 744
4 526 112 9 748
4 134 354 330 747
4 603 437 439 722
4 486 249 89 746
4 341 592 534 721
4 489 402 526 748
4 27 28 123 641
4 378 318 366 755
4 534 339 341 751
4 27 123 124 641
4 105 41 104 660
4 582 732 263 755
4 313 314 312 740
4 8 707 103 591
4 412 377 605 741
4 126 127 219 640
4 113 530 321 402
4 88 489 87 748
4 311 304 303 745
4 443 275 293 754
4 276 300 259 731
4 663 131 43 215
4 28 27 210 641
4 110 109 658 193
4 328 329 330 747
4 670 104 9 223
4 130 112 710 748
4 568 609 366 727
4 491 499 326 753
4 486 418 533 746
4 601 28 29 123
4 727 750 713 755
4 133 10 491 753
4 532 3 87 245
4 314 313 315 740
4 663 43 197 215
4 131 663 645 215
4 391 401 414 730
4 341 516 503 744
4 132 134 11 747
4 28 29 123 678
4 111 35 110 230
4 29 28 198 678
4 222 22 2 671
4 417 423 33 490
4 111 110 646 230
4 128 22 212 129
4 40 41 105 660
4 310 307 305 749
4 477 94 262 735
4 11 2 22 671
4 593 707 73 277
4 236 54 55 251
4 653 204 206 652
4 671 22 11 129
4 104 41 9 223
4 79 35 110 111
4 642 105 40 106
4 39 107 667 106
4 663 42 131 132
4 436 269 604 729
4 126 25 125 657
4 591 78 707 451
4 648 127 194 128
4 133 747 709 753
4 582 482 263 732
4 735 737 713 754
4 132 42 11 671
4 130 670 9 223
4 92 263 482 732
4 127 219 24 126
4 44 131 215 43
4 2 338 30 751
4 41 3 9 223
4 53 52 267 235
4 654 653 206 652
4 27 28 539 123
4 337 338 336 751
4 29 0 7 234
4 123 539 27 124
4 243 96 95 743
4 131 43 42 663
4 308 298 304 745
4 131 44 215 130
4 520 397 521 738
4 2 30 42 751
4 477 262 478 735
4 484 91 483 742
4 129 128 22 525
4 78 77 707 451
4 333 332 331 736
4 2 42 222 671
4 662 125 26 657
4 125 27 514 124
4 42 2 11 671
4 130 9 3 223
4 660 105 40 642
4 26 27 125 662
4 77 76 707 269
4 669 195 208 200
4 108 38 107 209
4 128 127 349 525
4 129 22 409 525
4 22 2 11 409
4 486 533 249 746
4 110 35 36 193
4 238 34 676 199
4 234 122 228 647
4 548 517 404 750
4 409 11 22 129
4 194 212 643 128
4 642 40 660 195
4 269 451 604 729
4 102 450 103 729
4 23 22 212 128
4 645 130 131 215
4 197 42 43 663
4 279 265 440 729
4 40 41 660 195
4 212 643 128 129
4 707 76 75 440
4 130 3 44 223
4 110 36 109 193
4 333 331 578 736
4 436 555 269 729
4 677 669 229 208
4 221 656 677 229
4 321 530 113 523
4 451 450 604 729
4 74 75 265 707
4 306 391 411 734
4 582 263 550 755
4 476 95 96 743
4 512 355 162 348
4 105 104 492 619
4 306 390 391 734
4 652 650 204 202
4 127 23 194 128
4 229 656 677 208
4 707 74 73 277
4 195 669 642 200
4 491 454 10 133
4 565 52 51 237
4 106 667 39 200
4 394 444 529 737
4 102 103 272 729
4 279 278 265 729
4 336 2 338 488
4 50 51 242 252
4 217 219 648 649
4 201 667 665 200
4 520 521 246 738
4 645 663 197 215
4 650 203 204 202
4 650 652 651 202
4 278 277 265 729
4 203 650 651 202
4 572 444 394 737
4 648 219 640 649
4 667 201 192 200
4 643 648 194 128
4 195 642 40 200
4 221 656 229 208
4 669 677 656 208
4 277 278 272 729
4 484 483 495 742
4 323 499 320 752
4 444 443 529 737
4 320 322 323 752
4 277 272 593 729
4 640 127 219 648
4 39 667 192 200
4 127 349 23 128
4 578 412 605 741
4 491 523 499 753
4 620 473 549 614
4 214 108 674 209
4 127 351 349 525
4 194 24 23 127
4 23 22 128 525
4 223 130 670 215
4 707 8 78 591
4 73 8 707 593
4 132 663 42 671
4 650 226 657 653
4 205 674 202 209
4 687 683 372 701
4 10 523 491 753
4 642 667 106 200
4 42 30 231 751
4 108 37 38 209
4 684 117 116 362
4 104 247 492 619
4 133 709 10 753
4 315 335 319 750
4 440 555 279 729
4 26 226 662 657
4 169 154 155 384
4 677 221 197 643
4 269 555 440 729
4 337 339 338 751
4 549 619 620 614
4 682 127 528 353
4 658 646 230 216
4 678 210 198 664
4 211 218 647 664
4 666 659 216 199
4 664 224 220 661
4 672 668 216 213
4 650 640 203 649
4 651 201 202 192
4 219 25 24 126
4 651 649 203 201
4 15 16 173 233
4 113 112 530 402
4 41 9 86 104
4 198 211 218 647
4 659 666 646 199
4 122 29 7 234
4 228 218 18 239
4 676 666 66 241
4 133 134 709 747
4 130 9 112 748
4 51 71 685 237
4 24 162 346 348
4 34 5 238 111
4 352 351 689 353
4 216 658 672 193
4 210 224 664 641
4 37 108 214 209
4 23 24 349 127
4 372 687 701 403
4 4 5 1 79
4 30 338 339 751
4 579 377 548 739
4 591 450 451 729
4 104 85 41 105
4 384 154 155 381
4 640 219 203 649
4 201 651 667 192
4 108 109 37 214
4 83 38 39 107
4 202 652 674 205
4 650 204 226 653
4 25 26 125 657
4 212 221 194 643
4 660 669 642 195
4 223 44 130 215
4 665 656 217 208
4 195 41 660 223
4 671 643 212 129
4 657 126 207 640
4 209 38 655 192
4 409 2 11 488
4 142 424 147 149
4 275 93 248 754
4 109 36 37 214
4 404 405 548 739
4 197 663 643 671
4 186 344 165 346
4 639 109 108 214
4 345 344 186 346
4 639 658 109 193
4 27 191 210 641
4 646 658 659 216
4 210 211 198 664
4 24 350 127 126
4 212 194 23 128
4 351 127 689 353
4 197 677 645 229
4 107 655 38 192
4 549 473 620 389
4 705 6 49 114
4 155 153 156 381
4 104 492 85 105
4 86 3 9 41
4 69 218 228 239
4 21 666 676 241
4 496 330 11 388
4 122 7 69 234
4 267 7 53 235
4 128 349 23 525
4 27 26 191 662
4 355 162 136 512
4 644 659 225 227
4 673 196 211 675
4 680 690 513 374
4 217 219 194 648
4 667 642 665 200
4 32 422 423 417
4 492 105 614 106
4 670 130 645 215
4 680 352 689 358
4 647 218 69 239
4 241 21 666 199
4 238 676 21 199
4 228 69 234 647
4 122 601 29 123
4 639 205 213 214
4 653 191 662 661
4 107 39 83 106
4 203 207 640 650
4 655 651 202 192
4 523 113 10 399
4 362 117 116 504
4 218 647 664 675
4 216 227 666 199
4 213 216 672 193
4 224 664 641 661
4 229 645 197 215
4 663 197 677 645
4 506 684 116 362
4 492 619 549 614
4 127 351 528 353
4 239 647 218 675
4 666 227 241 199
4 615 112 530 113
4 106 614 492 553
4 221 217 194 656
4 362 691 117 511
4 21 34 238 199
4 234 69 122 647
4 5 34 238 1
4 49 705 114 575
4 21 34 1 238
4 154 151 153 382
4 593 272 103 729
4 212 197 221 643
4 105 84 40 106
4 504 471 116 505
4 29 122 123 678
4 111 34 35 230
4 27 125 514 26
4 111 676 5 238
4 103 450 591 729
4 211 218 664 675
4 666 659 227 216
4 213 672 639 193
4 641 191 224 661
4 34 79 5 111
4 139 24 162 346
4 127 350 351 126
4 384 169 154 474
4 108 107 655 209
4 109 622 498 268
4 198 211 647 664
4 216 659 646 199
4 125 367 25 126
4 67 68 240 644
4 196 20 19 240
4 339 337 341 751
4 133 491 454 354
4 84 39 40 106
4 545 688 703 458
4 40 41 85 105
4 257 558 613 625
4 366 421 378 755
4 512 162 25 348
4 424 429 142 147
4 29 7 0 544
4 518 30 2 338
4 493 347 345 167
4 12 0 236 185
4 682 688 459 687
4 11 409 488 388
4 663 677 197 643
4 182 30 2 518
4 691 118 117 511
4 35 79 34 111
4 619 615 633 549
4 154 384 474 381
4 346 162 347 348
4 368 393 178 159
4 206 191 653 661
4 654 639 205 213
4 659 644 666 227
4 218 211 196 675
4 339 30 31 342
4 111 79 5 595
4 505 471 116 624
4 644 240 67 227
4 19 196 240 675
4 247 492 85 104
4 632 398 638 389
4 2 22 518 409
4 545 682 688 459
4 514 27 539 124
4 227 659 225 216
4 211 664 673 675
4 672 659 658 216
4 210 224 211 664
4 219 217 203 649
4 667 665 651 201
4 589 60 59 233
4 620 635 371 389
4 629 470 554 622
4 691 362 361 511
4 523 530 113 399
4 473 620 631 614
4 358 680 513 374
4 123 679 541 124
4 19 18 218 239
4 666 67 66 241
4 123 541 540 124
4 38 497 250 164
4 180 135 166 431
4 648 194 217 656
4 293 275 248 754
4 125 513 352 680
4 536 633 615 549
4 689 126 352 680
4 379 310 404 749
4 682 689 127 353
4 468 551 630 612
4 126 125 352 680
4 220 211 224 664
4 668 659 672 216
4 116 506 362 504
4 551 468 554 612
4 147 424 429 149
4 109 611 622 268
4 674 655 202 209
4 207 226 657 650
4 369 156 153 381
4 353 689 352 358
4 498 622 557 268
4 421 582 550 755
4 217 649 656 665
4 208 217 665 201
4 236 29 0 251
4 445 41 537 166
4 203 650 649 651
4 203 651 201 202
4 122 228 29 234
4 217 203 649 201
4 649 651 665 201
4 372 459 683 687
4 668 206 220 654
4 161 522 392 512
4 504 116 471 616
4 473 492 549 614
4 34 676 111 238
4 381 154 153 382
4 118 691 361 511
4 122 29 198 678
4 155 156 383 381
4 111 110 79 560
4 110 627 611 560
4 111 646 34 230
4 685 71 72 237
4 107 667 655 192
4 9 247 633 526
4 134 354 133 683
4 165 139 186 346
4 150 151 177 382
4 491 10 454 523
4 240 20 67 227
4 240 68 19 675
4 354 400 133 683
4 537 85 41 445
4 518 22 165 524
4 400 133 454 354
4 690 680 697 374
4 371 120 365 370
4 635 371 632 620
4 557 554 470 622
4 134 132 709 747
4 625 613 257 628
4 358 353 689 359
4 79 5 1 34
4 251 236 29 185
4 537 41 40 166
4 38 655 107 209
4 151 380 153 382
4 687 372 459 403
4 654 206 220 213
4 668 661 206 654
4 9 247 104 633
4 203 207 219 640
4 651 655 667 192
4 409 518 2 488
4 630 467 631 621
4 623 469 468 629
4 250 84 39 537
4 140 175 35 271
4 699 689 353 359
4 254 612 554 498
4 230 658 216 193
4 664 678 210 641
4 665 217 649 201
4 384 158 169 396
4 39 38 250 164
4 370 371 120 635
4 689 698 358 359
4 551 467 630 621
4 139 345 186 346
4 624 471 116 616
4 560 611 110 268
4 141 28 587 539
4 245 3 445 183
4 158 179 169 396
4 40 85 41 537
4 620 632 638 389
4 600 379 404 749
4 247 86 9 104
4 136 162 25 512
4 105 492 84 106
4 307 310 379 749
4 631 620 473 389
4 226 207 204 650
4 674 655 652 202
4 364 118 686 361
4 661 220 664 668
4 216 668 220 213
4 247 633 536 549
4 339 340 30 342
4 622 554 612 498
4 700 120 703 458
4 167 357 493 148
4 622 611 557 268
4 350 352 351 126
4 548 335 517 750
4 492 105 619 614
4 340 30 518 338
4 553 107 621 254
4 681 692 115 507
4 361 691 698 360
4 196 240 644 227
4 196 240 675 644
4 396 169 384 408
4 614 473 492 553
4 350 367 352 126
4 621 612 551 254
4 709 708 10 753
4 9 86 247 526
4 120 365 703 458
4 247 633 526 536
4 167 347 345 139
4 475 164 177 566
4 528 351 127 128
4 649 648 217 656
4 665 208 201 200
4 658 646 110 230
4 28 210 198 678
4 107 82 38 108
4 614 621 473 553
4 553 621 551 254
4 565 51 685 237
4 216 646 230 199
4 647 678 198 664
4 619 247 492 549
4 358 697 680 374
4 431 183 425 542
4 381 153 380 382
4 31 534 598 422
4 367 26 514 125
4 136 161 392 512
4 665 669 656 208
4 656 221 217 208
4 676 66 5 238
4 365 120 700 458
4 541 576 679 123
4 239 218 19 675
4 67 666 227 241
4 683 354 400 372
4 703 699 688 545
4 350 24 25 126
4 225 196 211 673
4 225 673 659 644
4 409 11 129 388
4 179 169 396 408
4 406 27 161 141
4 658 639 672 193
4 224 210 191 641
4 370 364 373 618
4 690 125 513 124
4 115 114 606 613
4 615 638 398 549
4 654 220 668 213
4 661 206 220 668
4 504 117 469 511
4 159 393 178 189
4 684 691 362 360
4 346 349 24 348
4 353 699 359 545
4 627 599 270 617
4 691 684 697 360
4 518 165 344 524
4 365 364 119 363
4 454 702 133 400
4 148 146 357 429
4 369 368 168 156
4 162 347 139 346
4 579 548 405 739
4 193 639 213 214
4 191 641 662 661
4 236 0 54 251
4 459 458 400 706
4 39 38 83 250
4 0 29 228 234
4 470 468 469 629
4 686 119 364 363
4 363 364 686 361
4 504 469 117 616
4 522 26 27 514
4 149 424 429 425
4 496 11 488 388
4 40 39 84 537
4 141 406 27 539
4 182 22 165 518
4 106 492 84 553
4 150 190 430 531
4 467 618 373 630
4 400 459 683 372
4 406 522 27 539
4 445 245 183 542
4 161 522 27 406
4 536 615 398 549
4 554 468 629 612
4 267 122 7 235
4 178 168 368 156
4 119 364 370 618
4 150 151 382 569
4 353 682 689 699
4 677 197 221 229
4 645 677 669 229
4 640 207 657 650
4 209 655 202 192
4 621 614 106 553
4 388 372 701 403
4 698 361 360 359
4 514 540 541 124
4 627 625 599 617
4 677 656 221 643
4 229 669 195 208
4 549 638 398 389
4 638 615 619 549
4 182 340 30 518
4 135 250 39 537
4 686 119 118 364
4 357 460 148 429
4 703 363 545 458
4 638 549 620 389
4 12 56 13 143
4 356 380 369 168
4 235 7 72 704
4 558 257 599 625
4 29 54 251 544
4 445 86 3 245
4 528 127 682 128
4 373 469 468 623
4 125 352 367 126
4 380 369 168 153
4 469 471 470 616
4 674 639 108 214
4 497 83 38 250
4 26 25 207 657
4 680 513 352 358
4 156 369 383 381
4 389 631 370 467
4 662 226 191 653
4 205 639 674 214
4 135 537 166 431
4 252 696 681 693
4 149 166 183 431
4 528 351 128 525
4 345 344 343 186
4 344 343 186 145
4 361 364 118 511
4 176 28 29 601
4 373 468 467 630
4 112 615 530 536
4 162 355 347 348
4 629 468 630 612
4 121 120 455 371
4 631 370 635 389
4 528 682 545 459
4 64 46 47 543
4 33 3 245 183
4 145 30 340 342
4 540 28 601 123
4 493 167 148 152
4 355 347 181 162
4 145 344 340 182
4 121 455 454 399
4 4 5 79 595
4 688 545 459 458
4 228 18 69 239
4 676 66 21 241
4 206 191 226 653
4 639 674 654 205
4 598 32 31 422
4 373 370 618 467
4 352 367 513 125
4 459 400 683 706
4 612 621 107 254
4 177 138 164 475
4 349 24 23 346
4 559 17 61 144
4 53 0 7 544
4 460 380 152 151
4 373 118 364 511
4 86 9 87 526
4 612 554 551 254
4 680 698 697 358
4 454 10 121 399
4 633 247 619 549
4 79 1 4 594
4 470 629 626 622
4 455 121 371 399
4 402 112 530 536
4 35 80 79 110
4 370 120 365 635
4 621 473 631 614
4 493 347 167 181
4 475 138 164 566
4 26 226 191 662
4 575 114 49 546
4 559 184 17 144
4 24 350 351 127
4 469 373 511 623
4 700 455 365 458
4 330 134 11 388
4 635 370 371 389
4 632 634 398 399
4 351 127 128 525
4 374 358 697 360
4 544 29 7 122
4 704 685 72 237
4 315 517 335 750
4 48 65 47 257
4 525 409 129 403
4 634 10 113 399
4 528 682 459 687
4 38 82 83 497
4 653 650 204 652
4 204 652 202 205
4 358 698 697 360
4 528 682 353 545
4 620 371 632 389
4 83 82 38 107
4 198 228 29 122
4 681 692 507 508
4 39 83 84 250
4 599 270 561 627
4 530 615 398 536
4 155 383 157 158
4 681 508 252 693
4 626 557 470 622
4 41 86 3 445
4 145 186 344 165
4 676 646 34 111
4 116 115 506 505
4 343 344 340 145
4 706 683 459 687
4 168 356 380 152
4 446 13 56 143
4 55 236 251 185
4 382 177 150 569
4 425 149 183 431
4 87 3 9 86
4 616 471 470 626
4 31 30 145 342
4 683 134 354 372
4 514 522 26 367
4 684 362 510 360
4 236 0 29 185
4 690 513 541 124
4 398 632 371 389
4 122 198 228 647
4 34 646 676 199
4 686 363 361 359
4 365 455 120 371
4 655 674 108 209
4 406 393 407 141
4 393 368 500 159
4 152 148 460 151
4 139 23 24 346
4 393 392 178 189
4 587 406 141 539
4 624 558 472 625
4 504 362 117 511
4 611 627 561 560
4 639 654 672 213
4 206 224 191 661
4 356 493 380 152
4 355 347 356 181
4 524 165 344 346
4 699 353 682 545
4 606 505 115 613
4 361 362 691 360
4 472 561 557 611
4 695 704 267 565
4 189 174 393 141
4 153 168 380 152
4 356 369 368 168
4 183 245 33 542
4 621 551 473 553
4 63 45 270 636
4 431 180 135 538
4 177 188 138 475
4 142 31 145 564
4 342 145 31 564
4 119 364 365 370
4 524 518 22 409
4 141 27 28 539
4 120 121 632 371
4 511 373 118 623
4 113 530 615 634
4 445 3 41 183
4 526 112 402 536
4 158 155 383 384
4 161 26 522 512
4 118 691 686 361
4 128 687 528 403
4 616 470 469 629
4 207 25 126 657
4 120 455 365 700
4 429 148 146 147
4 625 257 599 628
4 511 117 469 623
4 623 117 469 616
4 497 250 164 566
4 134 330 372 388
4 510 697 684 360
4 10 454 523 399
4 187 410 179 590
4 171 173 144 590
4 181 347 167 139
4 54 0 53 544
4 135 39 40 537
4 86 87 3 245
4 207 226 26 657
4 125 514 513 124
4 695 540 122 123
4 84 85 492 105
4 543 64 46 617
4 120 119 365 635
4 454 455 702 400
4 506 115 692 507
4 112 526 633 536
4 561 611 560 268
4 661 653 206 654
4 206 654 205 213
4 143 12 56 563
4 471 469 504 616
4 634 530 398 399
4 24 350 349 351
4 26 161 136 512
4 30 340 339 338
4 367 350 25 126
4 119 703 365 363
4 271 80 35 501
4 198 122 678 647
4 646 34 230 199
4 176 29 251 601
4 473 631 389 467
4 514 513 367 125
4 254 108 612 498
4 537 445 166 431
4 589 59 15 233
4 626 472 557 611
4 45 46 63 270
4 362 506 684 510
4 247 85 86 104
4 106 107 621 553
4 148 460 493 152
4 235 52 267 704
4 393 392 368 178
4 504 116 506 505
4 186 343 345 357
4 84 83 39 106
4 500 383 447 157
4 655 651 652 202
4 203 204 207 650
4 684 691 117 362
4 151 460 380 382
4 396 384 158 385
4 553 83 107 254
4 82 37 38 108
4 270 627 636 595
4 530 398 615 634
4 631 618 370 467
4 381 474 154 382
4 469 623 616 629
4 625 472 624 626
4 182 344 340 518
4 612 551 630 621
4 685 252 509 693
4 266 144 173 590
4 31 339 342 534
4 601 122 540 123
4 675 673 196 644
4 644 225 196 227
4 524 23 165 346
4 554 468 470 629
4 549 619 638 620
4 371 632 398 399
4 240 196 20 227
4 675 240 68 644
4 697 510 374 360
4 25 26 367 125
4 338 2 518 488
4 425 183 149 542
4 360 358 698 359
4 149 429 147 425
4 85 86 41 445
4 182 165 344 518
4 423 424 32 149
4 0 54 29 544
4 459 528 687 403
4 41 86 85 104
4 147 180 149 425
4 83 82 107 254
4 17 16 61 144
4 143 56 446 563
4 431 445 183 542
4 540 267 576 695
4 114 6 49 546
4 36 35 80 501
4 685 71 51 252
4 454 455 121 702
4 576 540 695 123
4 526 633 9 112
4 507 692 506 508
4 561 472 625 611
4 474 177 154 382
4 370 365 119 635
4 121 10 454 702
4 630 623 468 629
4 181 168 356 136
4 471 558 472 624
4 373 364 118 618
4 388 129 409 403
4 163 188 408 475
4 699 703 363 545
4 32 31 142 598
4 692 694 508 693
4 702 133 400 683
4 468 551 467 630
4 108 622 612 498
4 623 468 373 630
4 509 679 695 693
4 228 18 0 234
4 699 363 359 545
4 349 23 524 346
4 701 129 388 403
4 354 134 330 372
4 694 679 690 585
4 626 625 472 611
4 474 384 169 408
4 690 513 125 680
4 695 679 576 123
4 188 177 474 475
4 190 430 531 538
4 542 245 33 490
4 622 557 554 498
4 59 15 58 547
4 383 158 384 385
4 613 606 505 624
4 63 46 64 617
4 174 407 393 141
4 247 104 633 619
4 158 383 157 385
4 357 460 493 148
4 460 380 493 152
4 242 51 71 252
4 576 541 540 123
4 695 685 565 509
4 703 365 363 458
4 695 576 679 509
4 514 541 513 124
4 23 139 165 346
4 134 372 701 388
4 700 455 458 400
4 29 54 0 251
4 685 704 565 237
4 106 83 107 553
4 493 345 357 167
4 525 129 128 403
4 458 459 688 706
4 14 58 15 137
4 84 83 106 553
4 585 508 694 693
4 180 147 430 425
4 218 69 228 647
4 666 21 676 199
4 149 33 423 542
4 226 662 657 653
4 674 205 214 209
4 692 694 510 508
4 589 173 16 233
4 343 186 145 146
4 392 522 161 406
4 368 369 500 156
4 85 84 40 105
4 152 380 153 151
4 613 505 115 624
4 471 472 470 626
4 664 220 211 673
4 225 659 668 216
4 347 493 356 181
4 361 698 686 359
4 48 65 257 637
4 698 680 689 358
4 421 550 378 755
4 164 250 39 135
4 668 220 225 216
4 673 664 220 668
4 629 616 470 626
4 692 116 115 506
4 525 128 528 403
4 115 114 507 606
4 13 56 57 446
4 410 396 179 590
4 340 343 145 342
4 569 150 430 531
4 349 350 24 348
4 694 510 508 585
4 40 84 85 537
4 392 355 368 136
4 539 522 27 514
4 544 601 29 122
4 589 15 173 233
4 691 698 686 361
4 181 356 355 136
4 158 171 396 385
4 512 350 25 367
4 474 169 188 408
4 380 369 153 381
4 121 632 371 399
4 206 220 224 661
4 654 668 672 213
4 119 686 703 363
4 38 497 164 138
4 157 383 447 385
4 423 32 33 149
4 612 629 554 622
4 135 537 431 538
4 31 142 598 564
4 497 164 138 566
4 392 355 136 512
4 109 110 611 268
4 178 392 368 136
4 528 682 687 128
4 628 543 625 617
4 370 635 618 631
4 508 507 681 575
4 72 52 235 704
4 470 472 557 626
4 257 65 47 628
4 345 186 357 167
4 699 698 689 359
4 6 48 546 637
4 598 342 31 564
4 175 559 570 144
4 634 113 530 399
4 695 267 576 565
4 475 408 163 580
4 252 685 696 693
4 49 70 705 575
4 429 569 148 147
4 343 186 146 357
4 137 58 15 547
4 694 697 510 374
4 429 142 564 424
4 235 122 7 704
4 687 128 129 403
4 227 20 67 241
4 19 68 239 675
4 681 508 575 252
4 406 392 393 189
4 141 587 28 176
4 692 684 116 506
4 344 145 165 182
4 393 406 189 141
4 129 11 701 388
4 270 561 627 560
4 472 471 624 626
4 493 356 181 152
4 176 587 28 601
4 58 14 57 255
4 504 117 116 616
4 135 164 250 538
4 48 6 65 637
4 143 407 446 174
4 509 252 508 693
4 119 118 364 618
4 569 150 148 147
4 400 458 700 706
4 701 11 134 388
4 696 50 242 252
4 266 432 590 173
4 174 446 143 172
4 446 407 143 563
4 685 704 695 565
4 569 148 460 429
4 36 80 35 110
4 424 142 32 149
4 373 618 623 630
4 241 227 21 199
4 69 647 239 675
4 564 146 142 429
4 34 1 79 594
4 235 267 122 704
4 70 50 242 696
4 406 161 392 189
4 565 685 252 509
4 558 471 505 624
4 408 396 179 410
4 118 373 618 623
4 467 631 618 630
4 506 692 684 510
4 561 557 611 268
4 363 686 699 359
4 162 181 355 136
4 146 145 343 564
4 25 26 136 512
4 38 37 82 497
4 49 70 6 705
4 151 150 148 569
4 176 251 587 601
4 695 685 509 693
4 116 115 505 624
4 264 37 36 163
4 585 690 694 374
4 80 36 109 110
4 266 432 173 589
4 599 543 270 617
4 565 576 695 509
4 80 81 36 501
4 613 558 606 624
4 12 55 56 563
4 267 540 122 695
4 598 142 32 424
4 257 543 599 628
4 146 142 145 564
4 61 62 17 559
4 16 60 61 266
4 624 613 558 625
4 81 36 501 264
4 139 347 345 346
4 558 505 606 624
4 48 49 6 546
4 19 218 196 675
4 666 644 67 227
4 188 474 408 475
4 422 424 32 423
4 144 61 559 266
4 47 64 543 628
4 589 16 60 233
4 627 270 560 595
4 429 430 147 425
4 371 632 120 635
4 349 524 23 525
4 425 149 423 542
4 368 168 178 136
4 153 155 154 381
4 114 705 681 575
4 542 33 423 490
4 118 117 511 623
4 13 57 14 172
4 625 599 561 627
4 634 121 10 399
4 70 49 50 575
4 351 349 24 127
4 694 697 684 510
4 190 135 180 538
4 632 121 634 399
4 570 187 144 590
4 151 154 177 382
4 475 163 607 580
4 110 111 627 560
4 611 557 626 622
4 696 242 71 252
4 163 501 264 580
4 173 171 432 590
4 512 25 350 348
4 559 175 184 144
4 1 62 594 184
4 697 694 690 374
4 35 34 79 271
4 122 544 601 540
4 144 16 61 266
4 271 35 140 501
4 539 28 587 601
4 704 52 267 565
4 569 177 150 531
4 264 82 37 497
4 143 446 13 172
4 183 166 445 431
4 255 14 57 172
4 625 599 543 628
4 254 82 108 498
4 57 13 446 172
4 510 506 692 508
4 546 114 6 637
4 182 2 22 518
4 149 423 424 425
4 384 155 383 381
4 175 271 501 570
4 541 690 679 585
4 589 60 16 266
4 26 522 512 367
4 659 673 225 668
4 220 225 211 673
4 184 17 62 559
4 690 541 513 374
4 507 506 115 505
4 144 187 171 590
4 264 36 501 163
4 62 1 17 184
4 156 168 369 153
4 173 170 137 610
4 154 188 177 474
4 146 564 357 429
4 429 146 142 147
4 141 407 587 176
4 169 188 154 474
4 635 620 631 389
4 140 175 501 570
4 174 428 446 172
4 681 115 114 507
4 703 688 700 458
4 428 255 446 172
4 46 63 270 617
4 636 270 63 617
4 57 446 255 172
4 616 624 471 626
4 159 174 393 189
4 343 145 342 564
4 51 685 252 565
4 157 170 158 385
4 537 135 250 538
4 140 175 271 501
4 569 430 150 147
4 174 393 428 159
4 242 71 70 696
4 702 10 454 133
4 547 173 137 610
4 138 607 497 566
4 455 700 702 400
4 64 47 65 628
4 25 24 350 348
4 691 697 698 360
4 163 138 188 475
4 65 257 637 628
4 612 107 108 254
4 566 250 164 538
4 576 679 509 585
4 175 570 187 144
4 170 157 447 385
4 71 685 696 252
4 110 80 79 560
4 251 563 55 185
4 156 383 157 155
4 679 690 541 124
4 108 107 82 254
4 79 80 35 271
4 159 500 428 160
4 163 188 169 408
4 236 55 12 185
4 627 561 625 611
4 356 168 181 152
4 428 446 407 174
4 569 382 177 531
4 408 179 163 410
4 40 135 537 166
4 160 447 137 170
4 151 148 460 569
4 24 25 162 348
4 161 178 392 189
4 407 143 563 176
4 613 606 257 637
4 170 447 137 610
4 14 58 137 255
4 607 264 163 138
4 155 158 169 384
4 541 690 585 374
4 36 140 501 163
4 176 563 587 185
4 186 146 357 167
4 676 21 66 238
4 228 69 18 234
4 369 383 500 156
4 110 109 80 268
4 139 181 347 162
4 174 407 141 176
4 636 111 5 595
4 129 701 687 403
4 163 264 37 138
4 109 622 108 498
4 585 509 508 693
4 257 47 543 628
4 157 500 383 156
4 406 407 587 141
4 540 539 28 123
4 580 408 163 410
4 628 64 543 617
4 239 68 69 675
4 21 20 227 241
4 25 26 512 367
4 546 48 257 637
4 157 159 500 156
4 635 119 370 618
4 251 587 563 185
4 500 428 393 159
4 407 393 428 174
4 163 264 607 580
4 45 63 5 636
4 173 137 15 547
4 692 694 684 510
4 172 428 255 160
4 507 114 681 575
4 607 138 475 566
4 432 396 171 385
4 585 679 509 693
4 181 167 493 152
4 570 410 187 590
4 698 699 686 359
4 174 143 407 176
4 147 430 150 180
4 587 251 176 185
4 343 146 564 357
4 575 696 681 252
4 674 652 654 205
4 204 206 226 653
4 636 45 270 595
4 62 4 1 594
4 575 507 114 546
4 184 62 594 559
4 543 599 625 617
4 172 174 428 160
4 164 135 190 538
4 694 679 585 693
4 544 7 53 122
4 703 119 365 120
4 198 218 228 647
4 676 646 666 199
4 171 158 170 385
4 189 406 161 141
4 271 175 559 570
4 508 681 692 693
4 447 428 500 160
4 137 255 447 160
4 38 37 497 138
4 183 33 149 542
4 170 173 432 610
4 455 120 121 700
4 138 163 607 475
4 5 4 45 595
4 176 251 29 185
4 382 474 177 531
4 109 37 81 108
4 270 543 46 617
4 179 140 163 410
4 430 569 429 147
4 547 432 173 610
4 161 392 178 136
4 561 472 599 625
4 122 7 53 267
4 35 36 140 501
4 81 36 37 109
4 158 171 179 396
4 166 445 41 183
4 424 32 598 422
4 430 180 425 431
4 566 190 531 538
4 122 53 544 267
4 165 22 23 524
4 410 140 570 187
4 430 180 431 538
4 587 407 563 176
4 706 459 688 687
4 345 186 167 139
4 531 475 177 566
4 167 146 357 148
4 169 179 163 408
4 475 177 474 531
4 145 340 30 182
4 700 702 400 706
4 140 175 570 187
4 184 175 559 271
4 81 109 498 268
4 255 137 172 160
4 601 539 28 540
4 447 255 137 610
4 563 143 12 185
4 566 164 190 538
4 634 398 638 632
4 382 151 460 569
4 559 594 184 271
4 58 137 255 547
4 522 27 26 161
4 636 5 45 595
4 559 570 144 266
4 255 137 14 172
4 540 122 544 267
4 180 430 190 538
4 688 699 682 545
4 563 12 55 185
4 142 598 564 424
4 190 150 177 531
4 173 589 432 547
4 546 606 613 637
4 428 447 255 160
4 114 546 606 613
4 673 225 196 644
4 606 546 257 637
4 534 342 31 598
4 266 570 144 590
4 679 576 541 585
4 599 472 558 625
4 546 507 114 606
4 560 79 111 595
4 688 700 458 706
4 257 558 606 613
4 575 50 696 252
4 114 546 613 637
4 190 150 430 180
4 700 121 455 702
4 82 81 108 498
4 37 81 82 264
4 585 694 510 374
4 580 163 501 410
4 160 157 447 170
4 140 501 163 410
4 638 615 398 634
4 173 171 170 432
4 34 1 594 184
4 505 115 507 606
4 81 109 108 498
4 179 140 410 187
4 601 29 251 544
4 683 400 702 706
4 82 81 37 108
4 432 171 170 385
4 547 137 255 610
4 143 563 176 185
4 159 428 174 160
4 560 110 80 268
4 112 633 615 536
4 109 81 80 268
4 703 686 699 363
4 683 134 372 701
4 673 220 225 668
4 636 627 270 617
4 34 35 175 271
4 175 184 34 271
4 36 81 80 109
4 267 122 704 695
4 570 501 140 410
4 184 594 34 271
4 705 696 681 575
4 385 447 170 610
4 257 613 637 628
4 171 396 432 590
4 36 81 37 264
4 170 432 385 610
4 594 79 34 271
4 745 480 316 602
4 745 316 480 714
4 735 743 479 714
4 479 743 735 262
4 719 596 519 413
4 719 519 596 716
4 755 93 732 263
4 755 732 93 754
4 3 490 720 33
4 720 490 3 532
4 714 435 745 586
4 714 745 435 572
4 311 745 435 586
4 311 435 745 572
4 744 414 721 730
4 744 721 414 592
4 752 324 325 725
4 752 325 324 323
4 742 390 301 734
4 742 301 390 495
4 572 581 745 311
4 572 745 581 433
4 748 526 87 9
4 748 87 526 489
4 192 107 39 38
4 192 39 107 667
4 206 652 205 654
4 205 652 206 204
4 28 641 678 123
4 678 641 28 210
4 193 110 230 658
4 193 230 110 35
4 656 194 643 648
4 656 643 194 221
4 200 669 665 208
4 200 665 669 642
4 200 106 40 39
4 200 40 106 642
4 219 126 207 25
4 219 207 126 640
4 351 126 689 127
4 689 126 351 352
4 194 127 219 24
4 219 127 194 648
4 197 671 42 663
4 42 671 197 222
4 525 22 524 23
4 525 524 22 409
4 662 27 641 191
4 662 641 27 124
4 704 237 52 565
4 52 237 704 72
4 159 368 156 178
4 159 156 368 500
4 621 467 473 551
4 621 473 467 631
4 124 540 539 514
4 124 539 540 123
4 214 109 193 639
4 214 193 109 36
4 136 356 368 168
4 136 368 356 355
4 671 212 197 222
4 671 197 212 643
4 223 660 215 670
4 223 215 660 195
4 645 215 660 670
4 595 627 111 560
4 595 111 627 636
4 589 15 547 173
4 589 547 15 59
4 179 590 171 187
4 171 590 179 396
4 671 22 212 222
4 212 22 671 129
4 104 223 660 41
4 660 223 104 670
4 149 431 180 166
4 180 431 149 425
4 160 500 157 159
4 160 157 500 447
4 173 266 16 144
4 16 266 173 589
4 138 264 497 607
4 138 497 264 37
4 70 575 696 705
4 696 575 70 50
4 177 566 190 531
4 190 566 177 164
4 215 660 229 645
4 215 229 660 195
4 669 229 660 645
4 669 660 229 195

CELL_TYPES 3902
1
1
1
1
1
1
1
1
1
1
1
1
3
3
3
3
3
3
3
3
3
3
3
3
3
3
3
3
3
3
3
3
3
3
3
3
3
3
3
3
3
3
3
3
3
3
3
3
3
3
3
3
3
3
3
3
3
3
3
3
3
3
3
3
3
3
3
3
3
3
3
3
3
3
3
3
3
3
3
3
3
3
3
3
3
3
3
3
3
3
3
3
3
3
3
3
3
3
3
3
3
3
3
3
3
3
3
3
3
3
3
3
3
3
3
3
3
3
3
3
3
3
3
3
3
3
3
3
3
3
3
3
3
3
3
3
3
3
3
3
3
3
3
3
3
3
3
3
3
3
3
3
3
5
5
5
5
5
5
5
5
5
5
5
5
5
5
5
5
5
5
5
5
5
5
5
5
5
5
5
5
5
5
5
5
5
5
5
5
5
5
5
5
5
5
5
5
5
5
5
5
5
5
5
5
5
5
5
5
5
5
5
5
5
5
5
5
5
5
5
5
5
5
5
5
5
5
5
5
5
5
5
5
5
5
5
5
5
5
5
5
5
5
5
5
5
5
5
5
5
5
5
5
5
5
5
5
5
5
5
5
5
5
5
5
5
5
5
5
5
5
5
5
5
5
5
5
5
5
5
5
5
5
5
5
5
5
5
5
5
5
5
5
5
5
5
5
5
5
5
5
5
5
5
5
5
5
5
5
5
5
5
5
5
5
5
5
5
5
5
5
5
5
5
5
5
5
5
5
5
5
5
5
5
5
5
5
5
5
5
5
5
5
5
5
5
5
5
5
5
5
5
5
5
5
5
5
5
5
5
5
5
5
5
5
5
5
5
5
5
5
5
5
5
5
5
5
5
5
5
5
5
5
5
5
5
5
5
5
5
5
5
5
5
5
5
5
5
5
5
5
5
5
5
5
5
5
5
5
5
5
5
5
5
5
5
5
5
5
5
5
5
5
5
5
5
5
5
5
5
5
5
5
5
5
5
5
5
5
5
5
5
5
5
5
5
5
5
5
5
5
5
5
5
5
5
5
5
5
5
5
5
5
5
5
5
5
5
5
5
5
5
5
5
5
5
5
5
5
5
5
5
5
5
5
5
5
5
5
5
5
5
5
5
5
5
5
5
5
5
5
5
5
5
5
5
5
5
5
5
5
5
5
5
5
5
5
5
5
5
5
5
5
5
5
5
5
5
5
5
5
5
5
5
5
5
5
5
5
5
5
5
5
5
5
5
5
5
5
5
5
5
5
5
5
5
5
5
5
5
5
5
5
5
5
5
5
5
5
5
5
5
5
5
5
5
5
5
5
5
5
5
5
5
5
5
5
5
5
5
5
5
5
5
5
5
5
5
5
5
5
5
5
5
5
5
5
5
5
5
5
5
5
5
5
5
5
5
5
5
5
5
5
5
5
5
5
5
5
5
5
5
5
5
5
5
5
5
5
5
5
5
5
5
5
5
5
5
5
5
5
5
5
5
5
5
5
5
5
5
5
5
5
5
5
5
5
5
5
5
5
5
5
5
5
5
5
5
5
5
5
5
5
5
5
5
5
5
5
5
5
5
5
5
5
5
5
5
5
5
5
5
5
5
5
5
5
5
5
5
5
5
5
5
5
5
5
5
5
5
5
5
5
5
5
5
5
5
5
5
5
5
5
5
5
5
5
5
5
5
5
5
5
5
5
5
5
5
5
5
5
5
5
5
5
5
5
5
5
5
5
5
5
5
5
5
5
5
5
5
5
5
5
5
5
5
5
5
5
5
5
5
5
5
5
5
5
5
5
5
5
5
5
5
5
5
5
5
5
5
5
5
5
5
5
5
5
5
5
5
5
5
5
5
5
5
5
5
5
5
5
5
5
5
5
5
5
5
5
5
5
5
5
5
5
5
5
5
5
5
5
5
5
5
5
5
5
5
5
5
5
5
5
5
5
5
5
5
5
5
5
5
5
5
5
5
5
5
5
5
5
5
5
5
5
5
5
5
5
5
5
5
5
5
5
5
5
5
5
5
5
5
5
5
5
5
5
5
5
5
5
5
5
5
5
5
5
5
5
5
5
5
5
5
5
5
5
5
5
5
5
5
5
5
5
5
5
5
5
5
5
5
5
5
5
5
5
5
5
5
5
5
5
5
5
5
5
5
5
5
5
5
5
5
5
5
5
5
5
5
5
5
5
5
5
5
5
5
5
5
5
5
5
5
5
5
5
5
5
5
5
5
5
5
5
5
5
5
5
5
5
5
5
5
5
5
5
5
5
5
5
5
5
5
5
5
5
5
5
5
5
5
5
5
5
5
5
5
5
5
5
5
5
5
5
5
5
5
5
5
5
5
5
5
5
5
5
5
5
5
5
5
5
5
5
5
5
5
5
5
5
5
5
5
5
5
5
5
5
5
5
5
5
5
5
5
5
5
5
5
5
5
5
5
5
5
5
5
5
5
5
5
5
5
5
5
5
5
5
5
5
5
5
5
5
5
5
5
5
5
5
5
5
5
5
5
5
5
5
5
5
5
5
5
5
5
5
5
5
5
5
5
5
5
5
5
5
5
5
5
5
5
5
5
5
5
5
5
5
5
5
5
5
5
5
5
5
5
5
5
5
5
5
5
5
5
5
5
5
5
5
5
5
5
5
5
5
5
5
5
5
5
5
5
5
5
5
5
5
5
5
5
5
5
5
5
5
5
5
5
5
5
5
5
5
5
5
5
5
5
5
5
5
5
5
5
5
5
5
5
5
5
5
5
5
5
5
5
5
5
5
5
5
5
5
5
5
5
5
5
5
5
5
5
5
5
5
5
5
5
5
5
5
5
5
5
5
5
5
5
5
5
5
5
5
5
5
5
5
5
5
5
5
5
5
5
5
5
5
5
5
5
5
5
5
5
5
5
5
5
5
5
5
5
5
5
5
5
5
5
5
5
5
5
5
5
5
5
5
5
5
5
5
5
5
5
5
5
5
5
5
5
5
5
5
5
5
5
5
5
5
5
5
5
5
5
5
5
5
5
5
5
5
5
5
5
5
5
5
5
5
5
5
5
5
5
5
5
5
5
5
5
5
5
5
5
5
5
5
5
5
5
5
5
5
5
5
5
5
5
5
5
5
5
5
5
5
5
5
5
5
5
5
5
5
5
5
5
5
5
5
5
5
5
5
5
5
5
5
5
5
5
5
5
5
5
5
5
5
5
5
5
5
5
5
5
5
5
5
5
5
5
5
5
5
5
5
5
5
5
5
5
5
5
5
5
5
5
5
5
5
5
5
5
5
5
5
5
5
5
5
5
5
5
5
5
5
5
5
5
5
5
5
5
5
5
5
5
5
5
5
5
5
5
5
5
5
5
5
5
5
5
5
5
5
5
5
5
5
5
5
5
5
5
5
5
5
5
5
5
5
5
5
5
5
5
5
5
5
5
5
5
5
5
5
5
5
5
5
5
5
5
5
5
5
5
5
5
5
5
5
5
5
5
5
5
5
5
5
5
5
5
5
5
5
5
5
5
5
5
5
5
5
5
5
5
5
5
5
5
5
5
5
5
5
5
5
5
5
5
5
10
10
10
10
10
10
10
10
10
10
10
10
10
10
10
10
10
10
10
10
10
10
10
10
10
10
10
10
10
10
10
10
10
10
10
10
10
10
10
10
10
10
10
10
10
10
10
10
10
10
10
10
10
10
10
10
10
10
10
10
10
10
10
10
10
10
10
10
10
10
10
10
10
10
10
10
10
10
10
10
10
10
10
10
10
10
10
10
10
10
10
10
10
10
10
10
10
10
10
10
10
10
10
10
10
10
10
10
10
10
10
10
10
10
10
10
10
10
10
10
10
10
10
10
10
10
10
10
10
10
10
10
10
10
10
10
10
10
10
10
10
10
10
10
10
10
10
10
10
10
10
10
10
10
10
10
10
10
10
10
10
10
10
10
10
10
10
10
10
10
10
10
10
10
10
10
10
10
10
10
10
10
10
10
10
10
10
10
10
10
10
10
10
10
10
10
10
10
10
10
10
10
10
10
10
10
10
10
10
10
10
10
10
10
10
10
10
10
10
10
10
10
10
10
10
10
10
10
10
10
10
10
10
10
10
10
10
10
10
10
10
10
10
10
10
10
10
10
10
10
10
10
10
10
10
10
10
10
10
10
10
10
10
10
10
10
10
10
10
10
10
10
10
10
10
10
10
10
10
10
10
10
10
10
10
10
10
10
10
10
10
10
10
10
10
10
10
10
10
10
10
10
10
10
10
10
10
10
10
10
10
10
10
10
10
10
10
10
10
10
10
10
10
10
10
10
10
10
10
10
10
10
10
10
10
10
10
10
10
10
10
10
10
10
10
10
10
10
10
10
10
10
10
10
10
10
10
10
10
10
10
10
10
10
10
10
10
10
10
10
10
10
10
10
10
10
10
10
10
10
10
10
10
10
10
10
10
10
10
10
10
10
10
10
10
10
10
10
10
10
10
10
10
10
10
10
10
10
10
10
10
10
10
10
10
10
10
10
10
10
10
10
10
10
10
10
10
10
10
10
10
10
10
10
10
10
10
10
10
10
10
10
10
10
10
10
10
10
10
10
10
10
10
10
10
10
10
10
10
10
10
10
10
10
10
10
10
10
10
10
10
10
10
10
10
10
10
10
10
10
10
10
10
10
10
10
10
10
10
10
10
10
10
10
10
10
10
10
10
10
10
10
10
10
10
10
10
10
10
10
10
10
10
10
10
10
10
10
10
10
10
10
10
10
10
10
10
10
10
10
10
10
10
10
10
10
10
10
10
10
10
10
10
10
10
10
10
10
10
10
10
10
10
10
10
10
10
10
10
10
10
10
10
10
10
10
10
10
10
10
10
10
10
10
10
10
10
10
10
10
10
10
10
10
10
10
10
10
10
10
10
10
10
10
10
10
10
10
10
10
10
10
10
10
10
10
10
10
10
10
10
10
10
10
10
10
10
10
10
10
10
10
10
10
10
10
10
10
10
10
10
10
10
10
10
10
10
10
10
10
10
10
10
10
10
10
10
10
10
10
10
10
10
10
10
10
10
10
10
10
10
10
10
10
10
10
10
10
10
10
10
10
10
10
10
10
10
10
10
10
10
10
10
10
10
10
10
10
10
10
10
10
10
10
10
10
10
10
10
10
10
10
10
10
10
10
10
10
10
10
10
10
10
10
10
10
10
10
10
10
10
10
10
10
10
10
10
10
10
10
10
10
10
10
10
10
10
10
10
10
10
10
10
10
10
10
10
10
10
10
10
10
10
10
10
10
10
10
10
10
10
10
10
10
10
10
10
10
10
10
10
10
10
10
10
10
10
10
10
10
10
10
10
10
10
10
10
10
10
10
10
10
10
10
10
10
10
10
10
10
10
10
10
10
10
10
10
10
10
10
10
10
10
10
10
10
10
10
10
10
10
10
10
10
10
10
10
10
10
10
10
10
10
10
10
10
10
10
10
10
10
10
10
10
10
10
10
10
10
10
10
10
10
10
10
10
10
10
10
10
10
10
10
10
10
10
10
10
10
10
10
10
10
10
10
10
10
10
10
10
10
10
10
10
10
10
10
10
10
10
10
10
10
10
10
10
10
10
10
10
10
10
10
10
10
10
10
10
10
10
10
10
10
10
10
10
10
10
10
10
10
10
10
10
10
10
10
10
10
10
10
10
10
10
10
10
10
10
10
10
10
10
10
10
10
10
10
10
10
10
10
10
10
10
10
10
10
10
10
10
10
10
10
10
10
10
10
10
10
10
10
10
10
10
10
10
10
10
10
10
10
10
10
10
10
10
10
10
10
10
10
10
10
10
10
10
10
10
10
10
10
10
10
10
10
10
10
10
10
10
10
10
10
10
10
10
10
10
10
10
10
10
10
10
10
10
10
10
10
10
10
10
10
10
10
10
10
10
10
10
10
10
10
10
10
10
10
10
10
10
10
10
10
10
10
10
10
10
10
10
10
10
10
10
10
10
10
10
10
10
10
10
10
10
10
10
10
10
10
10
10
10
10
10
10
10
10
10
10
10
10
10
10
10
10
10
10
10
10
10
10
10
10
10
10
10
10
10
10
10
10
10
10
10
10
10
10
10
10
10
10
10
10
10
10
10
10
10
10
10
10
10
10
10
10
10
10
10
10
10
10
10
10
10
10
10
10
10
10
10
10
10
10
10
10
10
10
10
10
10
10
10
10
10
10
10
10
10
10
10
10
10
10
10
10
10
10
10
10
10
10
10
10
10
10
10
10
10
10
10
10
10
10
10
10
10
10
10
10
10
10
10
10
10
10
10
10
10
10
10
10
10
10
10
10
10
10
10
10
10
10
10
10
10
10
10
10
10
10
10
10
10
10
10
10
10
10
10
10
10
10
10
10
10
10
10
10
10
10
10
10
10
10
10
10
10
10
10
10
10
10
10
10
10
10
10
10
10
10
10
10
10
10
10
10
10
10
10
10
10
10
10
10
10
10
10
10
10
10
10
10
10
10
10
10
10
10
10
10
10
10
10
10
10
10
10
10
10
10
10
10
10
10
10
10
10
10
10
10
10
10
10
10
10
10
10
10
10
10
10
10
10
10
10
10
10
10
10
10
10
10
10
10
10
10
10
10
10
10
10
10
10
10
10
10
10
10
10
10
10
10
10
10
10
10
10
10
10
10
10
10
10
10
10
10
10
10
10
10
10
10
10
10
10
10
10
10
10
10
10
10
10
10
10
10
10
10
10
10
10
10
10
10
10
10
10
10
10
10
10
10
10
10
10
10
10
10
10
10
10
10
10
10
10
10
10
10
10
10
10
10
10
10
10
10
10
10
10
10
10
10
10
10
10
10
10
10
10
10
10
10
10
10
10
10
10
10
10
10
10
10
10
10
10
10
10
10
10
10
10
10
10
10
10
10
10
10
10
10
10
10
10
10
10
10
10
10
10
10
10
10
10
10
10
10
10
10
10
10
10
10
10
10
10
10
10
10
10
10
10
10
10
10
10
10
10
10
10
10
10
10
10
10
10
10
10
10
10
10
10
10
10
10
10
10
10
10
10
10
10
10
10
10
10
10
10
10
10
10
10
10
10
10
10
10
10
10
10
10
10
10
10
10
10
10
10
10
10
10
10
10
10
10
10
10
10
10
10
10
10
10
10
10
10
10
10
10
10
10
10
10
10
10
10
10
10
10
10
10
10
10
10
10
10
10
10
10
10
10
10
10
10
10
10
10
10
10
10
10
10
10
10
10
10
10
10
10
10
10
10
10
10
10
10
10
10
10
10
10
10
10
10
10
10
10
10
10
10
10
10
10
10
10
10
10
10
10
10
10
10
10
10
10
10
10
10
10
10
10
10
10
10
10
10
10
10
10
10
10
10
10
10
10
10
10
10
10
10
10
10
10
10
10
10
10
10
10
10
10
10
10
10
10
10
10
10
10
10
10
10
10
10
10
10
10
10
10
10
10
10
10
10
10
10
10
10
10
10
10
10
10
10
10
10
10
10
10
10
10
10
10
10
10
10
10
10
10
10
10
10
10
10
10
10
10
10
10
10
10
10
10
10
10
10
10
10
10
10
10
10
10
10
10
10
10
10
10
10
10
10
10
10
10
10
10
10
10
10
10
10
10
10
10
10
10
10
10
10
10
10
10
10
10
10
10
10
10
10
10
10
10
10
10
10
10
10
10
10
10
10
10
10
10
10
10
10
10
10
10
10
10
10
10
10
10
10
10
10
10
10
10
10
10
10
10
10
10
10
10
10
10
10
10
10
10
10
10
10
10
10
10
10
10
10
10
10
10
10
10
10
10
10
10
10
10
10
10
10
10
10
10
10
10
10
10
10
10
10
10
10
10
10
10
10
10
10
10
10
10
10
10
10
10
10
10
10
10
10
10
10
10
10
10
10
10
10
10
10
10
10
10
10
10
10
10
10
10
10
10
10
10
10
10
10
10
10
10
10
10
10
10
10
10
10
10
10
10
10
10
10
10
10
10
10
10
10
10
10
10
10
10
10
10
10
10
10
10
10
10
10
10
10
10
10
10
10
10
10
10
10
10
10
10
10
10
10
10
10
10
10
10
10
10
10
10
10
10
10
10
10
10
10
10
10
10
10
10
10
10
10
10
10
10
10
10
10
10
10
10
10
10
10
10
10
10
10
10
10
10
10
10
10
10
10
10
10
10
10
10
10
10
10
10
10
10
10
10
10
10
10
10
10
10
10
10
10
10
10
10
10
10
10
10
10
10
10
10
10
10
10
10
10
10
10
10
10
10
10
10
10
10
10
10
10
10
10
10
10
10
10
10
10
10
10
10
10
10
10
10
10
10
10
10
10
10
10
10
10
10
10
10
10
10
10
10
10
10
10
10
10
10
10
10
10
10
10
10
10
10
10
10
10
10
10
10
10
10
10
10
10
10
10
10
10
10
10
10
10
10
10
10
10
10
10
10
10
10
10
10
10
10
10
10
10
10
10
10
10
10
10
10
10
10
10
10
10
10
10
10
10
10
10
10
10
10
10
10
10
10
10
10
10
10
10
10
10
10
10
10
10
10
10
10
10
10
10
10
10
10
10
10
10
10
10
10
10
10
10
10
10
10
10
10
10
10
10
10
10
10
10
10
10
10
10
10
10
10
10
10
10
10
10
10
10
10
10
10
10
10
10
10
10
10
10
10
10
10
10
10
10
10
10
10
10
10
10
10
10
10
10
10
10
10
10
10
10
10
10
10
10
10
10
10
10
10
10
10
10
10
10
10
10
10
10
10
10
10
10
10
10
10
10
10
10
10
10
10
10
10
10
10
10
10
10
10
10
10
10
10
10
10
10
10
10
10
10
10
10
10
10
10
