# vtk DataFile Version 2.0
whisker_body, Created by Gmsh 4.13.1 
ASCII
DATASET UNSTRUCTURED_GRID
POINTS 720 double
-8.874119674649524 -1.499999999999705 0
8.874119674649528 -1.499999999999699 0
-5.656421566471817 -1.500000000000053 40
5.656421566471817 -1.500000000000052 40
12 0 0
8.874119674649352 1.500000000000214 0
0 9 0
-8.87411967464935 1.500000000000212 0
4.916846385784335 0 90
5.656421566471867 1.49999999999996 40
0 5.85193172701526 40
-5.656421566471865 1.499999999999963 40
-7.584846902842285 -4.844594664205024 0
-5.092435961360746 -7.420720718329175 0
-1.792242851007811 -8.81974294200298 0
1.792242851007785 -8.819742942002986 0
5.092435961360731 -7.420720718329185 0
7.584846902842282 -4.844594664205029 0
-5.324471804789714 -1.5 0
-1.774823934929904 -1.5 0
1.774823934929906 -1.5 0
5.324471804789717 -1.5 0
-5.951997481408724 -1.5 36.36388484139199
-6.246703240750554 -1.5 32.72769700421009
-6.540656284695713 -1.5 29.09144804105514
-6.833953495644336 -1.5 25.4551485467353
-7.126676211914118 -1.5 21.81879993055874
-7.418892029195259 -1.5 18.18241283432414
-7.710658810184357 -1.5 14.54598857472116
-8.002025726286011 -1.5 10.90953040293647
-8.293034639093973 -1.5 7.273045337186858
-8.583722072430309 -1.5 3.636534622860012
-3.568417530721751 -4.63804929513319 40
-1.37105536295654e-14 -5.85193172701526 40
3.568417530721749 -4.638049295133192 40
8.583722072430312 -1.5 3.636534622859983
8.293034639093973 -1.5 7.273045337186858
8.002025726286007 -1.5 10.90953040293651
7.710658810184356 -1.5 14.54598857472119
7.418892029195259 -1.5 18.18241283432414
7.126676211914114 -1.5 21.81879993055877
6.833953495644336 -1.5 25.4551485467353
6.54065628469571 -1.5 29.09144804105519
6.246703240750554 -1.5 32.72769700421009
5.951997481408721 -1.5 36.36388484139202
-1.885473855490606 -1.5 40
1.885473855490606 -1.5 40
11.34980690040761 3.896393630456207 0
9.469686112756717 7.370552552276022 0
6.563377897469113 10.04599773915035 0
2.945825845689581 11.63280319127197 0
-0.9909521456679979 11.95901391608004 0
-4.820345095835646 10.98927991986068 0
-8.127378859508902 8.82868692807757 0
-10.55368501447787 5.71136871644487 0
-11.83633564083267 1.975135083368787 0
-11.83633564083267 -1.975135083368821 0
-10.55368501447786 -5.711368716444897 0
-8.12737885950888 -8.828686928077589 0
-4.820345095835619 -10.9892799198607 0
-0.9909521456679715 -11.95901391608004 0
2.945825845689616 -11.63280319127196 0
6.563377897469155 -10.04599773915032 0
9.469686112756747 -7.370552552275983 0
11.34980690040762 -3.896393630456205 0
7.818029843080671 4.458520984889497 0
5.809475019311043 6.873863542433829 0
3.093156003024702 8.451768213868164 0
5.324471804789612 1.5 0
1.774823934929872 1.5 0
-1.774823934929868 1.5 0
-5.324471804789608 1.5 0
-3.093156003024702 8.451768213868164 0
-5.809475019311038 6.873863542433833 0
-7.818029843080673 4.458520984889494 0
3.476735421440674 3.476735421440667 90
1.012690292828946e-14 4.916846385784335 90
-3.476735421440661 3.47673542144068 90
-4.916846385784335 1.588676900374471e-14 90
-3.476735421440683 -3.476735421440658 90
-1.400432058674011e-14 -4.916846385784335 90
3.476735421440664 -3.476735421440678 90
11.69203679938193 0 3.91304347826087
11.38407359876386 0 7.826086956521739
11.07611039814578 0 11.73913043478261
10.76814719752771 0 15.65217391304348
10.46018399690964 0 19.56521739130435
10.15222079629157 0 23.47826086956522
9.844257595673493 0 27.39130434782609
9.536294395055421 0 31.30434782608696
9.228331194437349 0 35.21739130434783
8.920367993819276 0 39.1304347826087
8.612404793201204 0 43.04347826086957
8.304441592583132 0 46.95652173913044
7.996478391965059 0 50.8695652173913
7.688515191346986 0 54.78260869565218
7.380551990728914 0 58.69565217391305
7.072588790110841 0 62.60869565217391
6.764625589492769 0 66.52173913043478
6.456662388874697 0 70.43478260869566
6.148699188256625 0 74.34782608695652
5.840735987638553 0 78.26086956521739
5.532772787020479 0 82.17391304347827
5.224809586402407 0 86.08695652173914
5.951997481408724 1.5 36.36388484139199
6.246703240750554 1.5 32.72769700421009
6.540656284695713 1.5 29.09144804105514
6.833953495644336 1.5 25.4551485467353
7.126676211914118 1.5 21.81879993055874
7.418892029195259 1.5 18.18241283432414
7.710658810184357 1.5 14.54598857472116
8.002025726286011 1.5 10.90953040293647
8.293034639093973 1.5 7.273045337186858
8.583722072430309 1.5 3.636534622860012
3.568417530721787 4.638049295133163 40
0 8.713811975183205 3.636363636363637
0 8.42762395036641 7.272727272727273
0 8.141435925549617 10.90909090909091
0 7.855247900732822 14.54545454545455
0 7.569059875916027 18.18181818181818
0 7.282871851099232 21.81818181818182
0 6.996683826282438 25.45454545454545
0 6.710495801465644 29.09090909090909
0 6.424307776648849 32.72727272727273
0 6.138119751832054 36.36363636363637
-8.583722072430312 1.5 3.636534622859983
-8.293034639093973 1.5 7.273045337186858
-8.002025726286007 1.5 10.90953040293651
-7.710658810184356 1.5 14.54598857472119
-7.418892029195259 1.5 18.18241283432414
-7.126676211914114 1.5 21.81879993055877
-6.833953495644336 1.5 25.4551485467353
-6.54065628469571 1.5 29.09144804105519
-6.246703240750554 1.5 32.72769700421009
-5.951997481408721 1.5 36.36388484139202
1.885473855490623 1.5 40
-1.88547385549062 1.5 40
-3.568417530721785 4.638049295133164 40
-0.1788695898266971 -8.754113622464894 3.101065907482109
6.66754274466191 -4.432055103600235 12.62742606585666
5.992360606951702 -4.400337217923476 19.89193692912847
5.313292254630078 -4.342768012775313 27.1624729687413
-6.786418826337582 -4.255041332208312 12.57854210011589
-5.99958195670708 -4.389639110753452 19.89829334452009
-5.283404760166337 -3.929017272811026 30.69579129068721
4.607905609046292 -4.282536689156749 34.4249123054563
-7.551809641656955 -4.051245725574883 5.465505935035979
7.346166662305032 -4.415316166102458 5.451598939919687
-1.966103806744646 -5.779702471126906 36.78498320569047
1.494912500884112 -5.934218132107328 36.59874027124429
-0.1728268038905154 -6.356163054078238 33.56328431868982
6.998411427809641 -4.447377935886568 8.996246543200723
4.642355230847547 -6.716140806694285 10.61685174669051
4.24931060090724 -6.636020640752803 14.23174705137525
1.116770485568943 -7.964830272436537 12.16311715423411
0.9873608365043103 -7.701233534162943 15.70144595865991
1.734799075358325 -8.151046616682743 8.467262504551636
-1.317998524439534 -8.110554545613326 9.949633943143517
-7.033633082680827 -4.393537667334544 8.982276618414192
-4.92994235091591 -6.867223714001077 6.942865543483981
5.068266531853624 -6.753921689084517 7.063410052416531
-4.86316730233911 -3.990587074885172 34.42262303521876
6.329752259373227 -4.420713527636385 16.25565395227077
3.802019669980005 -6.57680957902404 17.8306782232123
3.409021774651876 -6.466904311945827 21.46811440724553
0.5587964242632307 -7.457443156820941 19.33440224889079
0.1315621704766567 -7.192801991912726 22.9473411985064
-2.351026595978305 -7.293766868808675 16.98422278926375
-3.209472747175841 -6.640772154668409 20.63901598308831
-3.191774736908115 -6.324418578024712 24.34272040178074
-0.07721973171549075 -6.914454321324579 26.49389176243302
-4.666704550683821 -6.699669439358502 10.61242223200803
-1.880682749967349 -7.72485104566749 13.33528889776285
-1.444438877551528 -8.384223116008082 6.254785449725682
-3.251627951183128 -8.115686947620754 3.267376682712494
-6.337952330209257 -4.407970765407564 16.26275209008501
5.63952807519324 -4.392504308995746 23.52792099986432
3.036939777832112 -6.337124133802457 25.06625314303484
-5.353523479077793 -4.292667000537518 27.1657179451092
4.96323805665068 -4.31469496129899 30.79351387337917
5.886362603267894 -6.458668934036496 3.321009957743587
2.633986924341751 -6.207255537308824 28.67803653807313
-0.1817665891812446 -6.629421860973229 30.08939512817667
-5.748776782485137 -4.24720854839851 23.53783655756389
2.684474133402897 -8.171619065368208 5.066408602963204
-6.278763229418995 -6.131036608906923 2.850315116857793
2.580502278868104 -5.93358905538441 32.14122773153694
-2.968879273392904 -6.114529648934085 27.98942488797153
-4.460188789795838 -6.487157836388519 14.32604846042732
-2.869691922187487 -5.760136949939005 32.586395600849
-4.60540162288286 -3.937903717993045 37.36336087294804
4.525917222885971 -4.035385008342013 37.30943727204201
3.283944977000304 -8.182126116325705 2.331004786021611
-4.633604501142245 -6.008490982285737 17.94575726871759
7.779325658272131 -4.084348174958897 2.714780866520275
-7.982654688366154 -3.732503479832538 2.386593464504368
-1.06581410364015e-14 -1.5 3.207201103761872
4.707132486167 -1.5 12.47428842486755
-4.041930418895431 -1.5 19.69064915954653
-3.030043286688904 -1.5 26.4730536300323
-4.359993202351967 -1.5 12.7778509473186
-0.004365131442220616 -1.5 36.66877042824146
3.829042171068938 -1.5 23.38861840452685
3.177206098999202 -1.5 30.68982866557547
-5.521281705393902 -1.5 5.328340486673733
5.521281705393889 -1.5 5.328340486673723
-2.95032020275579 -1.5 34.29056832002198
5.04075179696755 -1.5 8.85899093745333
1.584895515301223 -1.5 10.48491666420682
1.471403791437609 -1.5 14.22098826172332
-5.003510485300631 -1.5 8.832113048751879
-1.929812431044438 -1.5 6.546829093145131
4.420037299886598 -1.5 16.13893677488318
1.276813557158111 -1.5 17.72303499294878
-1.857337324673633 -1.5 16.12798127522283
1.974196968788167 -1.5 6.682943181599698
4.148145659362488 -1.5 19.7632289893691
0.9219324135403451 -1.5 21.3361730698449
0.6572264470763471 -1.5 24.99677753172226
-4.450634542700602 -1.5 23.28823680602716
0.09045979990292707 -1.5 28.70296376295245
2.951071797642447 -1.5 34.29062923528592
3.521424049564576 -1.5 27.05413082542792
-3.132575771496576 -1.5 30.58927352475116
-1.831191480570541 -1.5 10.4077200392244
-0.01811700032493313 -1.5 32.4561689134991
-3.359008638592224 -1.5 2.920358984747962
3.306749156118155 -1.5 2.912056719729521
-5.077762357060129 -1.5 16.26497655822665
3.236290875693793 -1.5 37.41012812801278
-3.237414629274683 -1.5 37.41010146912797
-0.9842182146461642 -1.5 19.57627425216519
-6.074344849422995 -1.5 2.606746599958021
6.322068882676319 -1.5 2.375386365852645
-1.089246484340901 -1.5 13.00547351769926
-1.527053296971877 -1.5 22.77733955490925
-0.01313980031274475 -1.5 8.456798325330073
0 -3.267525212006786 40
4.098470638881822 -9.479816147688613 0
7.099295739719569 1.701869937493001e-13 0
-7.099295739719495 7.843182348671052e-14 0
1.27675647831893e-15 -5.551115123125783e-17 0
3.549647869859776 -5.551115123125783e-17 0
-3.549647869859773 -5.551115123125783e-17 0
-10.35522765774104 6.750155989720952e-14 0
-9.770542543260142 3.411256196175788 0
-9.712246808200572 -3.507774616004609 0
-8.077142184094621 6.468110042961442 0
7.177586718607229 -7.420466418490129 0
5.74050136458254 -3.281280663327221 68.45947964960435
8.761134098530187 -3.360076158509917 33.24747040156395
7.44407362868952 -3.323305503185333 48.89075782304554
9.097838897250501 3.346925046322303 29.30120027615956
5.401201232320405 3.261646699543009 72.30312384159375
8.111539840237866 3.335203565040108 41.03541898028857
7.299503382026074 2.882477855600324 52.75589960909073
9.749158709004757 -3.353034939578846 21.47789884144384
-11.09527489538306 -3.809012682760156 3.419408766471422
-6.232418039053819 9.905474497031095 3.773063892724198
10.07327899865776 3.35569553745293 17.5661269536686
-2.879762434608147 -11.37192468062311 3.419408766471418
-4.816250397428224 -1.865076094056755 86.84992088843468
5.03735348109609 -3.26080356130795 76.22900163682489
4.677600194425406 3.245052061619983 80.13796914691706
4.712243512000815 10.74283313214683 3.419408766471414
6.432277693272545 -3.304580803070757 60.589661722059
8.094005879389012 -3.375425781408232 41.04572807250278
6.088984370403172 3.295834611060506 64.49992465939698
10.39529630898153 -3.361133361174588 13.6569732303231
7.94511337650492 -8.630693833987381 3.419408766471494
-11.09527489538305 3.809012682760122 3.419408766471707
10.71886229875082 3.360370264401352 9.742374045709338
-1.977922590895115 4.775127544263149 86.80166499961184
4.311926756886884 -3.226424223996101 84.04647073103104
10.31700692552852 5.583284939902489 3.419408766471418
11.04046708034911 -3.362429988012162 5.830404183151199
6.068907339767169 -3.318332645026073 64.58740323053345
7.765166913722355 -3.350321649835772 45.01686388351295
5.642496121842763 -6.105791936861487 46.83823299615129
5.278178066632268 -6.019514342876318 50.75042225416736
5.984446116956859 -6.20624722375618 42.92729542501441
6.396941106392194 -6.231243485202469 39.00495321240831
9.086075975578847 -3.364995447079913 29.36190813501666
7.186649615285207 -6.280757920663918 31.201169046227
7.525273556854446 -6.35796996548658 27.29833164618329
4.753296571983761 -8.469428856274545 29.07041654610853
3.362164804827326 -8.125038030628437 40.7462364431173
2.545732079149634 -7.768963837603326 48.59585085351793
4.064491274496943 -5.809571495256635 62.38467828494477
5.148646250283272 -8.595185516815537 25.16756030715231
1.779394262336732 -9.725914705999362 26.84378220683693
2.206386675234307 -9.952680438743577 22.94344582801
-1.390068413368076 -9.972955350374269 24.5310327848055
-1.872499844053349 -9.58202949006186 28.4202818264709
-0.9573515857040965 -10.33140159132219 20.63915957841867
-4.428901345470023 -9.252113683399861 22.14027158931001
-4.037307726193106 -9.760986778239101 18.25896803510916
-7.072090215264514 -7.695395368197326 19.67572967348045
-7.340552768976815 -7.006041098682235 23.54039136754905
-9.241029007423492 -4.656922111371745 20.98915425300419
-9.29109833297345 -3.819947603289911 24.83147065715385
-10.19754063277202 -1.062916250870986 22.20045560973645
-9.95124245415712 -0.1474959663127964 26.01804466359422
-10.36839445452307 -1.96949300164009 18.37582657594496
-10.30910709141277 1.7999426678057 19.50326078921773
-0.4830680063923517 -10.67239910565115 16.72992766239485
-6.76122130600567 -8.366205015671161 15.79708982649612
-10.7276697946795 0.8912034077738887 15.69693278276014
-9.659363686120344 4.561774435241463 16.74203848284429
-8.909797338394963 5.334675217926719 20.52356522282104
-7.36781753567969 7.632037840042694 17.68519669523642
-6.288997288094048 8.174096884195629 21.42959054827664
-4.16162483877015 9.68625482327313 18.52028920308913
-2.856237633990282 9.844656729733385 22.227887993111
2.132554990387124 -7.574073590642374 52.49480536536176
-5.154213838197174 8.592173748727427 25.16401089547433
-1.559816856925419 9.83814304009665 25.90759039742437
-3.913829606433021 8.904822466663822 28.88159763386182
1.004309338617151 10.14748330590554 22.90851103062196
-5.406611971524907 9.389934164153415 14.79974307987735
-1.750421387317233 10.63245938082818 15.55770574383598
-9.301121756610291 -2.901233888401383 28.67661625692852
-1.024127419679856 -7.982253173775085 50.21894816839039
-1.443879901398615 -7.606138340503795 54.10337621673951
-0.1250224904008528 9.669824824490105 29.59741391654269
-2.607231979538324 9.068135807545142 32.58500456521433
-4.370175592150473 -6.616813808139688 51.71765045845702
-4.688634487702346 -6.013777582285645 55.58282279699413
-4.028710151703698 -7.181395585583525 47.84833263430264
-6.674259959597244 -4.633901580192187 49.23406871158741
-6.492315128395826 -5.374529812374538 45.38313924730195
-8.084632221467741 -1.997391874585413 46.66079336008498
-7.945612615875955 -1.137102408502237 50.48726592817298
-8.052669190409905 1.733049008094328 47.81285379556579
-7.501643627533325 2.598794410715498 51.59936247189304
-8.493850626196025 0.8468543253162147 44.01476603660686
-7.214174630727786 4.406346505992712 45.06365017668139
-7.964776630598568 3.623675150987853 41.29067229693035
-5.582669925892706 6.640758017434137 42.24062771638785
-4.487699650317379 7.078902590428808 45.97681986430621
-8.835527120288923 -0.04877641908630301 40.20672960723367
1.258113039497285 9.29786793060898 33.25721098969171
-2.175047681889216 8.33166426251584 43.06269955577187
-6.04093147346916 7.329703162725155 31.78731396465364
-0.8311238628365857 8.279033564972558 46.75061469324468
-3.06087029533004 10.6350739634885 11.85762375910709
0.7609453165888622 10.98625034981756 12.54646667510735
-10.34050757944949 3.693036863917812 12.95788812750047
-11.06488929136004 -0.02580096719305322 11.88132589782478
3.821174604692434 -8.259654699541398 36.83872896834559
0.2781609580416772 -8.967091311711178 38.48195348861039
2.284045983287152 10.4819009059066 16.16399284037234
4.624497838800956 9.945193459815172 13.11521919388273
1.690531070981041 8.388620276500397 43.7440503521278
-0.6712692059968068 11.2818903235161 8.870927791228176
3.000995345921229 7.707394357949 47.38108423883359
0.5360830402182546 8.013899152268799 50.42064028882623
-8.606219505325903 2.793445796213469 37.50587297456081
-9.091940300102474 -0.8983308553142849 36.38787175543573
-8.150443280019973 -3.653564563927384 38.98431782061447
-8.039068862346001 -4.545311950225993 35.13178661569397
-9.608746381695388 0.9155198249685483 29.83082530601827
3.499256336366099 8.959570872310428 30.25773749174219
4.907202546853669 7.946758631502941 33.8012189254469
-6.584019824919031 8.972634416772106 11.06548056173142
-1.848945242637298 -7.203742880283678 57.97538734268333
-4.972161869345267 -5.375478562859122 59.4340038945272
-6.86825053869071 -3.062594628492174 56.92214870301156
-6.869398905340874 -2.223474683298005 60.73206772106311
-5.224782589894274 -4.690135882552434 63.26302908326927
-6.796410237221163 -1.311630367278488 64.52441842846341
-6.963190942172202 1.535165830106863 61.87399375104721
-5.427737284004232 -3.962036704852788 67.08907594488754
-6.394269015082482 2.412846213318648 65.63565482103132
-5.154076129217688 4.813357444762727 62.86831311143214
-4.099891085855669 5.374250035291595 66.58608572385749
-5.68248290580389 3.235536944094318 69.38781624368653
-6.056692117209741 4.157758826252419 59.1288291096736
-3.142102088019969 6.563744429729598 60.01069128848769
-4.295916648997987 6.231881187726136 56.29994927096656
-0.7193765524364334 7.473533278389874 57.07530848631848
-3.090534989630832 5.684584950704537 70.26039032003601
-4.824120590248929 3.967758067439324 73.10872777916524
-6.306890361948573 0.4798088883763985 72.10624780788385
-5.870444493346903 1.381103503090712 75.84691306757077
-5.679949935475919 -2.281518092772112 74.699243037424
-5.65475083514795 -1.433579285599795 78.35103162838479
-5.286263675995431 2.233893130663123 79.55494139623761
-3.776697874476435 -4.565033255780757 77.19303480301188
-3.449629298891807 -5.180234118946496 73.39451750040077
-0.1232440508472278 6.709749582658464 67.20462437996987
0.8085362212716013 7.180159134476331 60.6652770567478
5.563381155388109 -8.703383642817334 21.22477617170413
3.086379481394043 6.791403987987529 57.688463433231
-2.636402088758987 -6.300370220869413 65.69444495735736
6.09596000846257 8.778358171677462 16.67829401258086
2.613857189375318 8.712439996033394 36.89767024403368
-3.468506773340017 8.198937744576906 39.35845889117334
-3.668713622960605 -7.710836144392037 43.97473665831902
-1.240961417273571 6.062681410679423 73.84358829278938
-4.095098096382247 -3.866048739350529 80.91679232906084
-1.058562194495957 -5.640816287860443 79.54995979137847
-1.613527117305174 -5.196442879282069 83.33765304514722
0.7984061043729135 -9.243802736110407 34.58351107033198
4.909963547147981 -5.929004610007932 54.66074450396032
8.240780388437374 7.188632263480082 13.52474698906571
6.701688046856431 8.989256956422896 10.00658551959277
-9.185884323321934 3.606598076286364 27.08280657568902
-2.843142488676265 -8.703933714091878 36.12979547059219
-10.89226480394028 2.903800358830811 9.241378370223474
-11.30653649815278 -1.048979377778072 8.194326934825325
-10.50954295256663 -3.747107609496669 10.70412210359406
5.170512952806249 6.757323963660728 44.36292303722971
5.669076151082156 5.974305025157224 47.82688825982419
6.709189073212869 6.072498946315203 37.49315944359804
7.508049415219423 5.506262177912789 34.17039060533578
4.543473537786211 5.546621282499985 61.37162506402861
3.64582215164388 -5.710334629955913 66.39056139115289
3.237999296782435 -5.597083621042493 70.31335793637429
6.137369826446847 4.171553106325613 58.1834898711534
-4.845037356769359 7.825676089831042 35.52518364361209
-9.154447276706643 1.888675657932795 33.70644026552786
-3.268161776651466 -8.224933517252452 40.01886477038911
-0.1569465987350728 -8.663453275712001 42.37678390846447
-0.594658627011358 -8.332133397268574 46.33537841088289
4.681842145680577 -3.240313106090607 80.12796151780339
5.039819681495067 3.257890743426709 76.22279286887505
2.284701350916046 5.401979773426776 77.94929399848589
2.194580470346426 5.108474722082602 81.82898982841604
1.689682490859397 4.901409064438083 86.59938654007998
-1.642375542801956 5.501630824328872 79.52121038091724
1.872689602750014 5.885243107750092 74.00085739605782
3.048539895427383 5.726056957142096 70.04915513482671
2.952811638216449 -7.955596916247864 44.65078418266706
-3.079633421895907 -5.754711759830976 69.54191463987586
4.395155076098528 3.116451303641386 84.01447175584306
1.765358771849156 -4.868977507756309 86.66731426269013
5.407025339138153 -3.236687614586039 72.40311433207026
-2.022572090719326 7.530217097045121 53.40274575561038
5.74124584272374 3.287308356147871 68.41323689253916
6.786107291256878 -3.27008826574276 56.75976317967716
8.440423489235949 -3.330187450135498 37.1829613028284
6.854065355277794 -6.195382669370924 35.0805541206006
4.34765609915835 -8.341944813598761 32.94819663584752
-0.3822056233994792 10.476430095692 19.27023426713034
9.42150796410257 3.359526804318488 25.37986500262666
7.60196922101851 6.282548912960122 27.16501997056178
7.979997337026695 6.303663003539951 23.2600855925807
5.70061736636502 8.261631694296758 24.93580630902117
5.921170483537547 8.486424025750736 20.99154128235338
-8.144649954263159 -2.844476103320384 42.85711675750343
1.756207269170255 -7.354487793552074 56.39945360077123
10.06601973382255 -3.368964047389828 17.60022003465404
8.676540207272545 -6.394259066004135 15.52485135573326
9.048305128668227 -6.406254935261809 11.60628954573093
6.46308217814357 -8.833153407588183 13.40330152323053
6.801138654117796 -8.957772596398055 9.566547598640778
3.65176697704675 -10.50095761447609 11.2093932262028
4.084253884845535 -10.67041767521519 7.301442316173469
0.552071299325367 -11.28319020318566 8.936423953179958
0.695172744193794 -11.57654659674226 5.115512827677525
3.220315469418082 -10.31874385108707 15.12578688432515
0.1308797750421859 -10.98862029522464 12.84089446752088
-3.096847990950378 -10.73513545425275 10.50935522229352
6.042605490900387 -8.753313932388101 17.32583377377633
-3.528275361302766 -10.28191585114138 14.35238859368055
-6.355295890198772 -9.067392289434663 11.78091249723363
-5.849861876780171 -9.756354215762915 7.932047404910554
-8.638293959398936 -7.248417869521442 9.192808481349681
-7.861188704264696 -8.49499775441655 5.4096602832164
9.08293321372456 -6.939926306689092 7.232891805865513
10.13693252419194 4.082548988601254 13.61906135401581
7.913003005542586 -6.374381795139993 23.36518565175265
9.391693955794436 -3.436980807955708 25.40176692551899
10.68440983831506 -3.481633334605299 9.69018959319707
3.667623427496036 8.000617825997612 40.64444474387283
-10.48208639674238 -2.823851816322911 14.5385092946297
-4.82129858108391 -8.706915313388974 26.01401490734948
-5.226239083022155 -8.109519010449228 29.88896459980392
-2.334620902894141 -6.741517934186857 61.82432897246302
-6.802665563697106 -3.862024157200969 53.08018400083202
-7.722367285165023 -0.2503705363415927 54.30092004682945
-7.400046216628886 0.6021138202613794 58.13721853991523
-1.853042126503651 6.736696680053146 63.69740615565448
-6.836678073205633 3.414269270372368 55.37593665597886
-6.613151648188143 -0.3749983469991419 68.31141245823407
-5.620473075927244 -3.11035546533474 70.85350361869563
-9.109941750348467 -5.508769668281898 17.20404250292098
-7.606788719339405 -6.248100379943331 27.39608955516963
-7.848368734613044 -5.422344201597525 31.2658490107698
-9.795986156945341 2.719203275432727 23.29827055472749
-6.298243777775219 -6.041463860588752 41.58258076378885
-8.054123267915674 6.074733086974433 24.29203428874101
-7.068954002263387 6.777060057988355 28.04531552762106
-8.498500907647967 4.399694282970938 30.87811724967254
7.580311732836834 3.777563992074729 44.86024190387938
-8.362287544064095 6.998194868800554 13.92287258870085
3.674037623406623 5.689772357129296 66.41670828089011
0.2615947165619409 8.845603687488074 40.03126692338915
-6.350772721187698 5.119869460068257 48.82314685067171
-5.372607011065818 5.739559856420821 52.58117668919582
-3.276080115835978 7.395797094128918 49.6950705440028
-3.701154173506059 4.673816589763242 76.72255802702612
-3.799821580346403 3.929280809219813 83.02148662783841
-4.734563261373067 2.08986577149518 86.71616051827439
-5.40836210710744 0.3838896440822346 83.58180383873324
1.779364420562236 7.532672696267982 54.12868195819207
3.826863528919582 7.034620413634514 50.72102346526408
-8.916768815726861 -6.383441343448724 13.13593686139819
-0.6213194243269002 -6.007924000320925 75.72941293328198
-1.234553379756992 9.061992285930009 36.26732174301701
3.553947440751215 10.67635058259157 9.500006458362472
2.664685692378721 -10.15891907993423 19.02652506251889
1.321637931911233 -9.487680862436298 30.75802488504408
4.519417120187243 -5.850602902256269 58.53900074176764
-6.63993108189772 6.023065152767335 38.56703515015499
-6.010842641862121 -6.755695728477205 37.57659971650683
-9.243946642731744 6.318911634217558 10.19945977110546
-7.859953462407109 8.289806911413441 7.323227919465192
-4.413621710306367 10.46106761068877 8.207829918052893
-2.049543144259177 11.40808304270288 5.200288212370042
8.321157351624635 -6.359909661867558 19.3985035134382
9.75160593521146 3.347213161875277 21.47252825639078
8.36974874879583 6.288984929124593 19.45073290169447
-9.243300646286917 -1.858727529356232 32.6761195266275
4.427043393959678 -10.85751794253558 3.489446788885277
-9.217471319926023 7.184905737503438 3.977760190497869
2.062913731278302 11.35261541515606 5.863634013852364
-5.634422528122069 -7.448022273443644 33.8092842679449
-2.377971051817365 -9.15177717446244 32.32872641311602
7.122125956370307 -3.292890703204697 52.77502294389735
7.945744174744589 8.632410223959873 3.397934798244218
8.992784199502282 7.111972149434871 6.795552874748522
-11.73673621825996 0.02571422479438976 3.344725591320318
-2.065605485597664 -4.725264458924056 86.94831110865535
6.859228543081919 6.674291042485446 30.86925516803027
-10.45037716716448 -4.720628625333373 6.770950824463661
5.063907212365243 5.798301755088669 54.65858080668045
0.7828146249731821 -6.906934523121077 64.15166975826187
2.785982814333793 -5.496177291853837 74.179420141338
2.387762211360001 -5.3578729803846 77.9417495045395
-0.1534342089567719 -6.335692733260188 71.94824453313308
8.46748881804511 3.228517762827158 37.32953266161067
-7.628848411003484 5.254285031538966 34.77436510540356
1.242480533870564 -7.15505562567333 60.20030533821014
2.261594848547802 9.666049731168975 26.33868267514158
0.3024038628871168 -6.633087265217537 68.10554943365709
2.013665268376235 -5.183992811662745 81.81078746136922
10.96889972113991 3.513122029852268 6.127444545292837
10.23355556339068 -5.767975609078225 3.212942893686346
6.316593276710679 9.598981024664113 6.469279211480744
-2.44770619123781 -11.18469704853987 6.996062237415197
-6.873933111475134 -9.537580209333331 3.093366197521196
9.044713799668651 6.566188026929878 10.45928465855361
-10.12725620402121 5.359903255458917 6.884480165313871
2.743868032052179 10.09657117440593 19.53235595865188
1.093435851917694 6.882035570112666 63.93307128285446
6.537220007552706 2.973677049557176 61.22125735946742
7.611725699359648 2.926485466816484 48.85640089323691
-0.6358705557123284 5.358469414872449 83.9109403440127
0.6349848440151725 11.77146906570323 2.686307380036512
8.536595099680895 6.478175119375727 16.31028920746138
-4.250749379478618 -3.30909946074609 84.02702760128774
-11.41622635491745 1.55016272581782 6.086389158966842
-0.004795144468308471 6.411400027587029 71.00987265372696
6.778774726268892 -9.283003987616819 6.421649182511891
9.045111093514567 2.500590949182723 33.23433121578628
4.315081948340458 2.79951163583439 87.11810989700997
-9.514174564125643 -6.920414469002414 2.987886434062975
6.418572391693136 5.919663462014523 41.52921531762413
4.326193519401218 -2.783957517392793 87.10678197913087
11.42788698796132 -2.83397060423707 2.871108874984216
-0.6782105451854044 5.926486513252602 76.6798294004916
11.4373054853514 2.803594414356152 2.847310718600158
-2.90127591950284 11.45687951123684 2.305881662103326
7.055874321022205 2.893171605391841 55.57699918796771
5.409929079852004 8.175702601964753 27.90863860149983
0.9880940261269713 -11.79054933760022 2.136167595334329
-5.356522206052866 -1.655347805681845 81.23750044072261
6.301190695102874 4.951440083435439 50.64886079841116
3.73549764926056 9.497926336494983 22.79361699605123
-11.4275963698692 -1.842029425362941 5.398816343814301
-5.281267660920584 -10.29392588806064 5.468171672554818
3.105176066368006 7.992278503871564 5.409021281835066
6.670512845696642 4.426826477185188 12.63274630689577
5.999581956707351 4.389639110753048 19.89829334452035
6.755388806333396 5.617658137566788 2.719442449965965
5.31329225463223 4.342768012772557 27.16247296874229
2.934888523441038 7.13707256953177 16.30264806832685
4.607905609046295 4.282536689156749 34.42491230545627
3.081190925033173 6.445472655943532 23.58172063342394
3.066849935996003 5.812626378682448 30.84968879602517
2.859118149878638 7.785172121473305 8.975923017851523
5.715131964383119 6.213035753643545 7.092182488336202
2.822140221170369 7.491227003453022 12.64034642811132
6.336756414597655 4.40931654738309 16.26546099799643
3.087131820420358 6.758403200349219 19.9474616789967
4.541370792615178 7.528549436387494 2.640114900516684
5.752875820580392 4.241610957175358 23.538166526358
7.179441297835311 4.112819602343539 9.224254355054462
7.459997461443806 4.238162559561863 5.338691125453536
2.706715567201696 6.300188933848561 27.2291736789105
5.210536996097436 6.277733153808523 10.69343383683508
5.370108140156796 3.791804999201046 30.82682736486258
4.605536304651399 3.937715591412232 37.36361362431981
5.020483113250277 6.063041792447338 14.33474372869941
2.225528021597976 5.876408429923595 34.51359567471188
2.408105140269385 8.472791044388611 2.435051292956988
2.372012644461428 5.549463958284782 37.67203460126838
4.808734394448262 5.881310400735804 17.82736595676834
7.997232070182923 3.705844596934681 2.361617723185833
5.545895018693734 6.616911386296305 4.654509317135385
1.06581410364015e-14 1.5 3.207201103761868
-4.707132486167 1.5 12.47428842486755
4.041930418895431 1.5 19.69064915954654
3.030043286688907 1.5 26.47305363003233
4.359993202351971 1.5 12.7778509473186
0.004365131442224168 1.5 36.66877042824144
-3.829042171068936 1.5 23.38861840452687
-3.177206098999193 1.5 30.68982866557548
5.521281705393905 1.5 5.328340486673726
-5.521281705393893 1.5 5.328340486673719
2.950320202755791 1.5 34.29056832002198
-5.040751796967555 1.5 8.858990937453328
-1.584895515301229 1.5 10.48491666420682
-1.471403791437602 1.5 14.22098826172332
5.003510485300635 1.5 8.832113048751872
1.929812431044438 1.5 6.546829093145123
-4.420037299886589 1.5 16.13893677488318
-1.276813557158096 1.5 17.72303499294878
1.857337324673638 1.5 16.12798127522284
-1.974196968788178 1.5 6.682943181599697
-4.148145659362479 1.5 19.76322898936911
-0.9219324135403344 1.5 21.33617306984493
-0.6572264470763471 1.5 24.99677753172229
4.4506345427006 1.5 23.28823680602718
-0.09045979990291109 1.5 28.70296376295246
-2.951071797642447 1.5 34.29062923528592
-3.521424049564573 1.5 27.05413082542793
3.132575771496589 1.5 30.58927352475117
1.83119148057054 1.5 10.40772003922439
0.01811700032495267 1.5 32.4561689134991
3.35900863859221 1.5 2.920358984747954
-3.306749156118146 1.5 2.912056719729511
5.077762357060132 1.5 16.26497655822666
-3.236290875693793 1.5 37.41012812801278
3.237414629274688 1.5 37.41010146912797
0.9842182146461695 1.5 19.57627425216522
6.074344849422987 1.5 2.606746599958006
-6.322068882676263 1.5 2.375386365852643
1.08924648434091 1.5 13.00547351769925
1.527053296971873 1.5 22.77733955490929
0.01313980031274298 1.5 8.45679832533007
-3.105176066368052 7.992278503871546 5.409021281835061
-6.74959972633244 4.304759369814744 12.63630517657212
-5.999581956707302 4.389639110753111 19.89829334452037
-6.755388806333396 5.617658137566789 2.719442449965965
-5.313292254632182 4.342768012772611 27.16247296874232
-3.092414533922112 7.069350580976026 16.31304664619567
-4.607905608995074 4.282536689213782 34.42491230543966
-3.081190925032459 6.445472655943841 23.5817206334243
-3.066849935996056 5.812626378682419 30.84968879602517
-3.074889858392028 7.700785276546167 8.996163413926221
-5.70422033514668 6.22299634796348 7.092734478323626
-3.112183233489613 7.37812993201474 12.60898065035952
-6.336756414597644 4.409316547383099 16.26546099799648
-3.087209923406199 6.75837051005598 19.9474271630319
-4.415353059924898 7.600907518316586 2.664661948746394
-5.752875820578334 4.241610957178324 23.53816652635668
-7.183209294193266 4.107221650337046 9.218032749593231
-7.458417801282025 4.240681114199379 5.3403287554131
-2.706715567200465 6.300188933849038 27.22917367891111
-5.2163475237577 6.275531507772653 10.66777991166773
-5.370108140156065 3.791804999202168 30.82682736486196
-4.605536304651089 3.937715591414779 37.36361362430176
-5.003798698284973 6.078392161432227 14.31930876627144
-2.225528021557202 5.876408429938916 34.51359567471332
-2.327455876363268 8.500903433006924 2.366371352370538
-2.37201264446138 5.549463958284823 37.67203460126814
-4.829176969152106 5.848825722783547 17.98138413442964
-7.972996504185667 3.745222324222884 2.429133476622633
-5.533784182050861 6.627284878916988 4.65215139130621
0.5473750369420712 1.321480237890017 90
-0.7398602367303317 -1.78618061777492 90
2.201188615676791 -0.935382126248411 90
-2.217890441286627 0.8950603523447548 90
1.665334536937735e-15 3.26752521200678 40
-4.440892098500626e-16 9.103828801926284e-15 47.8480416577824
-0.01018954628322355 -0.006672593102345914 55.46298552121792
0.007589344498409645 0.0006304281215889773 62.5284149583203
0.02509193790524922 -0.01954777332882873 70.71580889080457
0.04965368518031976 -0.003803875148380431 76.69057468624518
-0.2190106719194773 -0.1814979894831552 85.07222596149603
-3.770947710981223 -0.6662731837103604 44.54118630293685
3.770947710981227 -0.318682214370076 44.52105395071678
-0.7130632566709738 -3.187650589527073 51.65177600302185
-1.038449479857535 3.746153007112016 44.80351270650871
-0.1795540235268474 3.226717946070591 51.65811048022028
3.211341569007722 -0.2848343687016893 51.80312683253876
-0.06681512499307696 -3.768819132425032 44.8129497277617
-2.278417537747351 0.3554616087831733 66.6279169041098
2.19868266699087 -0.9402103454833295 66.53414997016185
-2.654983010585844 -1.389297206602508 59.00381065161135
2.375664528043838 -1.78705403890354 58.99156305826514
-3.579799952696802 0.2810853136597093 50.71689689105911
1.276253617631569 2.721385984125378 58.98966948239777
-0.3808664573540441 -1.465597460005392 80.84279937811822
2.631257751939823 -3.415248302970674 48.4724882864631
-2.935499507737925 -3.073938644124042 47.94422626098775
3.024692040375521 2.810426364058219 48.88606197089524
-2.583863462252928 2.608651930856632 57.43183117916789
-3.787221782516581 -1.493313704392482 54.64349653912649
-2.220446049250313e-16 8.881784197001252e-15 43.20240838462818
-2.641380490190788 0.1522692696531189 73.71377190645892
-0.5138872100027148 -4.029805298178118 55.80710136372507
-3.910101778692456 2.318888236232647 47.25104359631823
0.8665502991090102 2.752498524410964 67.78579303028977
0.09416239183810493 -2.662861880172296 73.80208260044027
2.847051960511625 3.526018655007797 43.79538232695933
3.123734248118785 -2.419498754399432 55.14660387009779

CELLS 3779 17201
1 0
1 1
1 2
1 3
1 4
1 5
1 6
1 7
1 8
1 9
1 10
1 11
2 0 12
2 12 13
2 13 14
2 14 15
2 15 16
2 16 17
2 17 1
2 0 18
2 18 19
2 19 20
2 20 21
2 21 1
2 2 22
2 22 23
2 23 24
2 24 25
2 25 26
2 26 27
2 27 28
2 28 29
2 29 30
2 30 31
2 31 0
2 2 32
2 32 33
2 33 34
2 34 3
2 1 35
2 35 36
2 36 37
2 37 38
2 38 39
2 39 40
2 40 41
2 41 42
2 42 43
2 43 44
2 44 3
2 2 45
2 45 46
2 46 3
2 4 47
2 47 48
2 48 49
2 49 50
2 50 51
2 51 52
2 52 53
2 53 54
2 54 55
2 55 56
2 56 57
2 57 58
2 58 59
2 59 60
2 60 61
2 61 62
2 62 63
2 63 64
2 64 4
2 5 65
2 65 66
2 66 67
2 67 6
2 5 68
2 68 69
2 69 70
2 70 71
2 71 7
2 6 72
2 72 73
2 73 74
2 74 7
2 8 75
2 75 76
2 76 77
2 77 78
2 78 79
2 79 80
2 80 81
2 81 8
2 4 82
2 82 83
2 83 84
2 84 85
2 85 86
2 86 87
2 87 88
2 88 89
2 89 90
2 90 91
2 91 92
2 92 93
2 93 94
2 94 95
2 95 96
2 96 97
2 97 98
2 98 99
2 99 100
2 100 101
2 101 102
2 102 103
2 103 8
2 9 104
2 104 105
2 105 106
2 106 107
2 107 108
2 108 109
2 109 110
2 110 111
2 111 112
2 112 113
2 113 5
2 9 114
2 114 10
2 6 115
2 115 116
2 116 117
2 117 118
2 118 119
2 119 120
2 120 121
2 121 122
2 122 123
2 123 124
2 124 10
2 7 125
2 125 126
2 126 127
2 127 128
2 128 129
2 129 130
2 130 131
2 131 132
2 132 133
2 133 134
2 134 11
2 9 135
2 135 136
2 136 11
2 10 137
2 137 11
3 12 195 0
3 0 195 31
3 1 194 17
3 35 194 1
3 22 190 2
3 2 190 32
3 34 191 3
3 3 191 44
3 13 185 12
3 185 195 12
3 14 174 13
3 174 185 13
3 15 138 14
3 138 174 14
3 16 192 15
3 15 192 138
3 17 180 16
3 180 192 16
3 17 194 180
3 23 161 22
3 161 190 22
3 24 144 23
3 144 161 23
3 25 178 24
3 24 178 144
3 26 183 25
3 25 183 178
3 27 143 26
3 143 183 26
3 28 175 27
3 27 175 143
3 29 142 28
3 142 175 28
3 30 158 29
3 29 158 142
3 31 146 30
3 146 158 30
3 31 195 146
3 32 148 33
3 32 190 148
3 33 149 34
3 148 149 33
3 149 191 34
3 36 147 35
3 147 194 35
3 37 151 36
3 36 151 147
3 38 139 37
3 139 151 37
3 39 162 38
3 38 162 139
3 40 140 39
3 140 162 39
3 41 176 40
3 40 176 140
3 42 141 41
3 141 176 41
3 43 179 42
3 42 179 141
3 44 145 43
3 145 179 43
3 44 191 145
3 173 174 138
3 138 184 173
3 138 192 184
3 139 152 151
3 139 153 152
3 139 162 153
3 140 163 162
3 140 164 163
3 140 176 164
3 141 177 176
3 141 181 177
3 179 181 141
3 158 171 142
3 171 188 142
3 142 188 175
3 168 183 143
3 143 193 168
3 175 193 143
3 144 189 161
3 178 187 144
3 187 189 144
3 149 186 145
3 145 191 149
3 145 186 179
3 146 159 158
3 146 185 159
3 146 195 185
3 151 160 147
3 160 180 147
3 180 194 147
3 148 150 149
3 148 189 150
3 161 189 148
3 148 190 161
3 150 186 149
3 182 186 150
3 150 189 182
3 152 160 151
3 153 154 152
3 154 156 152
3 156 160 152
3 153 155 154
3 153 163 155
3 162 163 153
3 155 172 154
3 154 157 156
3 154 172 157
3 163 165 155
3 165 167 155
3 167 172 155
3 157 173 156
3 156 184 160
3 173 184 156
3 157 171 159
3 159 173 157
3 157 172 171
3 159 171 158
3 159 174 173
3 159 185 174
3 160 184 180
3 164 165 163
3 164 166 165
3 164 177 166
3 176 177 164
3 166 168 165
3 165 168 167
3 166 169 168
3 166 170 169
3 166 177 170
3 168 193 167
3 167 188 172
3 167 193 188
3 169 183 168
3 170 187 169
3 178 183 169
3 169 187 178
3 177 181 170
3 181 182 170
3 182 187 170
3 172 188 171
3 188 193 175
3 179 186 181
3 184 192 180
3 181 186 182
3 182 189 187
3 0 232 18
3 31 232 0
3 21 233 1
3 1 233 35
3 2 230 22
3 45 230 2
3 44 229 3
3 3 229 46
3 18 226 19
3 18 232 226
3 19 196 20
3 19 226 196
3 20 227 21
3 196 227 20
3 227 233 21
3 22 206 23
3 22 230 206
3 23 223 24
3 206 223 23
3 24 199 25
3 24 223 199
3 25 219 26
3 199 219 25
3 26 198 27
3 26 219 198
3 27 228 28
3 198 228 27
3 28 200 29
3 28 228 200
3 29 210 30
3 200 210 29
3 30 204 31
3 30 210 204
3 204 232 31
3 35 205 36
3 35 233 205
3 36 207 37
3 205 207 36
3 37 197 38
3 37 207 197
3 38 212 39
3 197 212 38
3 39 216 40
3 212 216 39
3 40 202 41
3 40 216 202
3 41 222 42
3 202 222 41
3 42 203 43
3 42 222 203
3 43 221 44
3 203 221 43
3 221 229 44
3 46 201 45
3 201 230 45
3 46 229 201
3 211 215 196
3 196 226 211
3 215 227 196
3 207 208 197
3 208 209 197
3 209 212 197
3 214 228 198
3 198 231 214
3 219 235 198
3 198 235 231
3 199 220 218
3 218 235 199
3 199 235 219
3 199 223 220
3 200 224 210
3 200 228 214
3 214 234 200
3 200 234 224
3 201 225 206
3 206 230 201
3 221 225 201
3 201 229 221
3 216 217 202
3 217 218 202
3 218 222 202
3 203 222 220
3 220 225 203
3 203 225 221
3 210 211 204
3 211 226 204
3 226 232 204
3 205 215 207
3 205 227 215
3 205 233 227
3 206 225 223
3 207 215 208
3 208 234 209
3 215 236 208
3 224 234 208
3 208 236 224
3 209 213 212
3 209 214 213
3 209 234 214
3 210 224 211
3 211 236 215
3 224 236 211
3 213 216 212
3 214 231 213
3 213 217 216
3 213 231 217
3 217 235 218
3 231 235 217
3 220 222 218
3 223 225 220
3 45 2 32
3 34 3 46
3 33 237 32
3 32 237 45
3 34 237 33
3 46 237 34
3 45 237 46
3 7 240 0
3 0 244 7
3 12 246 0
3 0 240 18
3 56 244 0
3 0 246 56
3 1 5 4
3 4 64 1
3 1 239 5
3 1 64 17
3 21 239 1
3 4 5 47
3 47 5 65
3 5 239 68
3 51 50 6
3 6 50 67
3 6 72 51
3 7 244 55
3 55 245 7
3 71 240 7
3 7 245 74
3 12 13 58
3 57 12 58
3 57 246 12
3 13 14 59
3 58 13 59
3 14 15 60
3 59 14 60
3 16 238 15
3 60 15 61
3 15 238 61
3 17 248 16
3 62 238 16
3 16 248 62
3 17 64 63
3 63 248 17
3 18 243 19
3 18 240 71
3 71 243 18
3 19 241 20
3 70 241 19
3 19 243 70
3 20 242 21
3 20 241 69
3 69 242 20
3 68 239 21
3 21 242 68
3 48 47 65
3 49 48 66
3 66 48 65
3 50 49 67
3 67 49 66
3 51 72 52
3 52 73 53
3 72 73 52
3 53 247 54
3 73 247 53
3 54 245 55
3 74 245 54
3 54 247 74
3 55 244 56
3 56 246 57
3 61 238 62
3 62 248 63
3 68 242 69
3 69 241 70
3 70 243 71
3 74 247 73
3 47 573 4
3 4 571 64
3 82 571 4
3 4 573 82
3 8 567 75
3 81 570 8
3 103 567 8
3 8 570 103
3 48 274 47
3 274 573 47
3 49 531 48
3 48 531 274
3 50 264 49
3 264 531 49
3 51 560 50
3 50 560 264
3 52 574 51
3 51 574 560
3 53 258 52
3 258 574 52
3 54 526 53
3 53 526 258
3 55 270 54
3 270 526 54
3 56 533 55
3 55 533 270
3 57 257 56
3 257 533 56
3 58 568 57
3 57 568 257
3 59 552 58
3 552 568 58
3 60 260 59
3 260 552 59
3 61 577 60
3 60 577 260
3 62 525 61
3 525 577 61
3 63 269 62
3 269 525 62
3 64 549 63
3 63 549 269
3 64 571 549
3 75 429 76
3 75 567 429
3 76 272 77
3 76 429 272
3 77 504 78
3 272 504 77
3 78 261 79
3 78 504 261
3 79 534 80
3 261 534 79
3 80 436 81
3 80 534 436
3 436 570 81
3 83 275 82
3 82 548 83
3 275 571 82
3 82 573 548
3 83 271 84
3 84 474 83
3 83 548 271
3 83 474 275
3 85 268 84
3 84 471 85
3 268 474 84
3 271 471 84
3 85 259 86
3 86 452 85
3 85 471 259
3 85 452 268
3 87 256 86
3 86 522 87
3 256 452 86
3 259 522 86
3 87 445 88
3 88 473 87
3 87 473 256
3 87 522 445
3 88 252 89
3 89 282 88
3 88 445 252
3 282 473 88
3 90 250 89
3 89 566 90
3 250 282 89
3 252 566 89
3 91 441 90
3 90 542 91
3 90 441 250
3 90 566 542
3 91 254 92
3 92 266 91
3 91 542 254
3 266 441 91
3 93 277 92
3 92 495 93
3 254 495 92
3 92 277 266
3 94 251 93
3 93 558 94
3 251 277 93
3 495 558 93
3 94 255 95
3 95 530 94
3 94 530 251
3 94 558 255
3 96 440 95
3 95 575 96
3 255 575 95
3 440 530 95
3 97 265 96
3 96 557 97
3 265 440 96
3 419 557 96
3 96 575 419
3 97 267 98
3 98 276 97
3 97 276 265
3 97 557 267
3 99 249 98
3 98 439 99
3 249 276 98
3 267 439 98
3 99 253 100
3 100 437 99
3 99 437 249
3 99 439 253
3 101 262 100
3 100 426 101
3 253 426 100
3 262 437 100
3 101 263 102
3 102 425 101
3 101 425 262
3 101 426 263
3 103 273 102
3 102 435 103
3 263 435 102
3 273 425 102
3 103 570 273
3 435 567 103
3 249 417 276
3 249 418 417
3 249 437 418
3 250 283 282
3 250 442 283
3 441 442 250
3 251 278 277
3 251 279 278
3 251 530 279
3 445 446 252
3 446 535 252
3 535 566 252
3 253 431 426
3 253 432 431
3 253 439 432
3 254 542 414
3 414 569 254
3 254 569 495
3 537 575 255
3 255 579 537
3 558 579 255
3 256 521 452
3 256 473 472
3 472 521 256
3 257 581 533
3 257 568 536
3 536 581 257
3 518 519 258
3 258 526 518
3 519 520 258
3 520 574 258
3 471 561 259
3 259 523 522
3 259 561 523
3 460 551 260
3 260 577 460
3 551 582 260
3 260 582 552
3 504 505 261
3 505 562 261
3 261 562 534
3 425 540 262
3 262 539 437
3 262 540 539
3 426 427 263
3 427 428 263
3 428 435 263
3 527 550 264
3 264 560 527
3 264 550 531
3 276 288 265
3 288 514 265
3 265 514 440
3 277 280 266
3 280 281 266
3 281 441 266
3 416 497 267
3 267 557 416
3 267 497 439
3 452 453 268
3 453 454 268
3 454 474 268
3 269 549 470
3 470 565 269
3 269 565 525
3 270 554 526
3 533 563 270
3 270 563 554
3 271 553 471
3 271 548 532
3 532 553 271
3 429 559 272
3 503 504 272
3 272 559 503
3 273 547 425
3 436 547 273
3 273 570 436
3 531 532 274
3 532 548 274
3 548 573 274
3 275 474 470
3 470 549 275
3 549 571 275
3 276 417 288
3 278 280 277
3 279 287 278
3 278 433 280
3 287 433 278
3 279 314 287
3 279 404 314
3 279 530 404
3 280 286 281
3 280 433 286
3 286 349 281
3 349 442 281
3 281 442 441
3 283 284 282
3 284 473 282
3 283 285 284
3 283 443 285
3 442 443 283
3 285 289 284
3 289 472 284
3 472 473 284
3 285 290 289
3 285 513 290
3 443 513 285
3 286 350 349
3 286 423 350
3 286 433 423
3 314 322 287
3 322 424 287
3 424 433 287
3 417 538 288
3 288 544 514
3 538 544 288
3 290 291 289
3 291 392 289
3 392 472 289
3 290 292 291
3 290 293 292
3 290 513 293
3 292 294 291
3 294 512 291
3 291 512 392
3 293 477 292
3 292 295 294
3 292 477 295
3 293 478 477
3 293 529 478
3 513 529 293
3 295 296 294
3 296 305 294
3 305 512 294
3 295 297 296
3 295 298 297
3 295 477 298
3 297 306 296
3 296 465 305
3 306 465 296
3 298 299 297
3 299 487 297
3 297 487 306
3 298 300 299
3 298 488 300
3 477 488 298
3 300 301 299
3 301 303 299
3 303 487 299
3 300 302 301
3 300 321 302
3 300 488 321
3 302 490 301
3 301 304 303
3 301 490 304
3 321 361 302
3 361 407 302
3 407 490 302
3 304 307 303
3 307 476 303
3 476 487 303
3 304 308 307
3 304 309 308
3 304 490 309
3 305 462 461
3 461 512 305
3 305 465 462
3 306 466 465
3 306 508 466
3 487 508 306
3 308 347 307
3 347 348 307
3 348 476 307
3 309 310 308
3 310 496 308
3 308 496 347
3 309 311 310
3 309 492 311
3 490 492 309
3 311 312 310
3 312 319 310
3 319 496 310
3 311 313 312
3 311 315 313
3 311 492 315
3 313 444 312
3 312 320 319
3 312 444 320
3 315 316 313
3 316 318 313
3 318 444 313
3 314 323 322
3 314 451 323
3 404 451 314
3 315 317 316
3 315 493 317
3 492 493 315
3 317 324 316
3 316 545 318
3 324 545 316
3 317 325 324
3 317 343 325
3 317 493 343
3 318 555 444
3 545 580 318
3 318 580 555
3 320 345 319
3 345 364 319
3 364 496 319
3 320 346 345
3 320 351 346
3 320 444 351
3 321 524 361
3 488 489 321
3 489 524 321
3 323 326 322
3 326 328 322
3 328 424 322
3 323 327 326
3 323 365 327
3 323 451 365
3 325 341 324
3 341 362 324
3 362 545 324
3 325 510 341
3 343 420 325
3 420 510 325
3 327 480 326
3 326 329 328
3 326 480 329
3 365 366 327
3 366 367 327
3 367 480 327
3 329 330 328
3 330 398 328
3 398 424 328
3 329 331 330
3 329 332 331
3 329 480 332
3 331 450 330
3 330 491 398
3 450 491 330
3 332 333 331
3 333 335 331
3 335 450 331
3 332 334 333
3 332 481 334
3 480 481 332
3 334 499 333
3 333 336 335
3 333 499 336
3 481 484 334
3 484 500 334
3 334 500 499
3 336 337 335
3 337 340 335
3 340 450 335
3 336 338 337
3 336 339 338
3 336 499 339
3 338 515 337
3 337 357 340
3 337 515 357
3 339 342 338
3 342 397 338
3 397 515 338
3 339 344 342
3 339 501 344
3 499 501 339
3 357 358 340
3 358 359 340
3 359 450 340
3 341 363 362
3 341 396 363
3 341 510 396
3 344 353 342
3 353 498 342
3 342 498 397
3 343 543 420
3 493 494 343
3 494 543 343
3 344 355 353
3 344 356 355
3 344 501 356
3 346 354 345
3 354 519 345
3 345 519 364
3 351 352 346
3 352 511 346
3 346 511 354
3 347 409 348
3 347 517 409
3 496 517 347
3 409 410 348
3 410 411 348
3 411 476 348
3 350 403 349
3 403 443 349
3 349 443 442
3 350 408 403
3 350 422 408
3 350 423 422
3 351 395 352
3 351 555 395
3 444 555 351
3 395 405 352
3 405 406 352
3 406 511 352
3 355 412 353
3 412 475 353
3 475 498 353
3 511 527 354
3 354 520 519
3 354 527 520
3 356 507 355
3 355 413 412
3 355 507 413
3 356 501 438
3 438 506 356
3 506 507 356
3 357 421 358
3 357 543 421
3 515 543 357
3 358 360 359
3 358 524 360
3 421 524 358
3 360 516 359
3 359 491 450
3 359 516 491
3 360 524 489
3 489 528 360
3 360 528 516
3 361 494 407
3 421 494 361
3 361 524 421
3 363 535 362
3 535 576 362
3 362 576 545
3 396 414 363
3 414 415 363
3 415 535 363
3 364 517 496
3 364 518 517
3 364 519 518
3 365 479 366
3 451 544 365
3 365 544 479
3 366 368 367
3 366 369 368
3 366 479 369
3 368 482 367
3 367 481 480
3 367 482 481
3 369 370 368
3 370 371 368
3 371 482 368
3 369 372 370
3 369 394 372
3 369 479 394
3 370 373 371
3 372 485 370
3 370 485 373
3 373 374 371
3 374 377 371
3 377 482 371
3 394 434 372
3 434 486 372
3 372 486 485
3 373 375 374
3 373 376 375
3 373 485 376
3 375 483 374
3 374 378 377
3 374 483 378
3 376 381 375
3 381 390 375
3 390 483 375
3 376 382 381
3 376 383 382
3 376 485 383
3 378 379 377
3 379 484 377
3 377 484 482
3 378 380 379
3 378 391 380
3 378 483 391
3 380 438 379
3 438 500 379
3 379 500 484
3 391 393 380
3 393 506 380
3 380 506 438
3 382 399 381
3 381 564 390
3 399 564 381
3 383 384 382
3 384 502 382
3 382 502 399
3 383 385 384
3 383 486 385
3 485 486 383
3 385 386 384
3 386 387 384
3 387 502 384
3 385 388 386
3 385 389 388
3 385 486 389
3 386 578 387
3 388 400 386
3 400 578 386
3 430 502 387
3 387 503 430
3 387 505 503
3 387 578 505
3 389 509 388
3 388 401 400
3 388 509 401
3 389 486 434
3 434 541 389
3 389 541 509
3 432 497 390
3 390 564 432
3 390 556 483
3 497 556 390
3 391 416 393
3 391 556 416
3 483 556 391
3 392 512 464
3 464 521 392
3 392 521 472
3 416 419 393
3 419 537 393
3 393 537 506
3 394 546 434
3 479 538 394
3 538 546 394
3 395 561 405
3 449 523 395
3 395 555 449
3 523 561 395
3 396 475 414
3 396 498 475
3 396 510 498
3 397 510 420
3 420 515 397
3 498 510 397
3 422 423 398
3 398 491 422
3 423 424 398
3 431 564 399
3 399 572 431
3 502 572 399
3 401 402 400
3 402 562 400
3 562 578 400
3 401 547 402
3 509 540 401
3 540 547 401
3 436 534 402
3 402 547 436
3 534 562 402
3 408 529 403
3 403 513 443
3 403 529 513
3 440 514 404
3 404 530 440
3 404 514 451
3 405 553 406
3 471 553 405
3 405 561 471
3 406 550 511
3 532 550 406
3 406 553 532
3 407 492 490
3 407 493 492
3 407 494 493
3 422 516 408
3 516 528 408
3 528 529 408
3 409 563 410
3 517 554 409
3 554 563 409
3 410 536 411
3 410 581 536
3 563 581 410
3 468 508 411
3 411 536 468
3 411 508 476
3 413 495 412
3 412 569 475
3 495 569 412
3 413 558 495
3 507 579 413
3 413 579 558
3 414 542 415
3 475 569 414
3 415 566 535
3 542 566 415
3 416 557 419
3 416 556 497
3 418 546 417
3 417 546 538
3 437 539 418
3 539 541 418
3 541 546 418
3 419 575 537
3 420 543 515
3 421 543 494
3 491 516 422
3 423 433 424
3 425 547 540
3 426 431 427
3 427 430 428
3 427 572 430
3 431 572 427
3 429 435 428
3 428 559 429
3 430 559 428
3 429 567 435
3 430 572 502
3 503 559 430
3 432 564 431
3 439 497 432
3 434 546 541
3 438 501 500
3 445 447 446
3 445 522 447
3 447 448 446
3 448 576 446
3 446 576 535
3 447 449 448
3 447 523 449
3 522 523 447
3 449 580 448
3 545 576 448
3 448 580 545
3 555 580 449
3 514 544 451
3 452 521 453
3 453 455 454
3 453 464 455
3 453 521 464
3 455 456 454
3 456 470 454
3 470 474 454
3 455 457 456
3 455 461 457
3 455 464 461
3 457 458 456
3 458 565 456
3 456 565 470
3 457 459 458
3 457 462 459
3 461 462 457
3 459 460 458
3 460 525 458
3 525 565 458
3 459 551 460
3 462 463 459
3 463 551 459
3 460 577 525
3 464 512 461
3 462 465 463
3 465 466 463
3 466 467 463
3 467 551 463
3 466 468 467
3 466 508 468
3 468 469 467
3 469 582 467
3 467 582 551
3 468 536 469
3 536 568 469
3 469 568 552
3 552 582 469
3 476 508 487
3 478 488 477
3 478 489 488
3 478 528 489
3 478 529 528
3 479 544 538
3 482 484 481
3 500 501 499
3 503 505 504
3 505 578 562
3 506 537 507
3 537 579 507
3 539 540 509
3 509 541 539
3 511 550 527
3 518 554 517
3 526 554 518
3 527 560 520
3 560 574 520
3 531 550 532
3 533 581 563
3 65 5 610
3 5 113 610
3 6 67 607
3 115 6 607
3 104 9 604
3 9 114 604
3 114 10 608
3 10 124 608
3 66 65 586
3 586 65 610
3 67 66 597
3 66 586 597
3 67 597 607
3 105 104 589
3 589 104 604
3 106 105 603
3 105 589 603
3 107 106 587
3 587 106 603
3 108 107 598
3 107 587 598
3 109 108 585
3 585 108 598
3 110 109 595
3 109 585 595
3 111 110 584
3 584 110 595
3 112 111 599
3 111 584 599
3 113 112 600
3 112 599 600
3 113 600 610
3 604 114 608
3 116 115 583
3 583 115 607
3 117 116 592
3 116 583 592
3 118 117 594
3 117 592 594
3 119 118 588
3 588 118 594
3 120 119 596
3 119 588 596
3 121 120 590
3 590 120 596
3 122 121 601
3 121 590 601
3 123 122 591
3 591 122 601
3 124 123 606
3 123 591 606
3 124 606 608
3 592 583 593
3 593 583 611
3 597 583 607
3 583 597 611
3 584 595 605
3 599 584 602
3 602 584 605
3 585 590 596
3 590 585 598
3 595 585 609
3 585 596 609
3 597 586 611
3 600 586 610
3 586 600 611
3 587 590 598
3 590 587 601
3 587 591 601
3 591 587 603
3 588 594 605
3 596 588 609
3 588 605 609
3 589 591 603
3 591 589 606
3 589 604 608
3 606 589 608
3 592 593 602
3 594 592 602
3 599 593 600
3 593 599 602
3 600 593 611
3 594 602 605
3 605 595 609
3 5 68 648
3 113 5 648
3 71 7 649
3 7 125 649
3 9 104 646
3 135 9 646
3 134 11 645
3 11 136 645
3 68 69 642
3 68 642 648
3 69 70 612
3 69 612 642
3 70 71 643
3 612 70 643
3 643 71 649
3 104 105 622
3 104 622 646
3 105 106 639
3 622 105 639
3 106 107 615
3 106 615 639
3 107 108 635
3 615 107 635
3 108 109 614
3 108 614 635
3 109 110 644
3 614 109 644
3 110 111 616
3 110 616 644
3 111 112 626
3 616 111 626
3 112 113 620
3 112 620 626
3 620 113 648
3 125 126 621
3 125 621 649
3 126 127 623
3 621 126 623
3 127 128 613
3 127 613 623
3 128 129 628
3 613 128 628
3 129 130 632
3 628 129 632
3 130 131 618
3 130 618 632
3 131 132 638
3 618 131 638
3 132 133 619
3 132 619 638
3 133 134 637
3 619 133 637
3 637 134 645
3 136 135 617
3 617 135 646
3 136 617 645
3 627 612 631
3 612 627 642
3 631 612 643
3 623 613 624
3 624 613 625
3 625 613 628
3 630 614 644
3 614 630 647
3 635 614 651
3 614 647 651
3 615 634 636
3 634 615 651
3 615 635 651
3 615 636 639
3 616 626 640
3 616 630 644
3 630 616 650
3 616 640 650
3 617 622 641
3 622 617 646
3 637 617 641
3 617 637 645
3 632 618 633
3 633 618 634
3 634 618 638
3 619 636 638
3 636 619 641
3 619 637 641
3 626 620 627
3 627 620 642
3 642 620 648
3 621 623 631
3 621 631 643
3 621 643 649
3 622 639 641
3 623 624 631
3 624 625 650
3 631 624 652
3 640 624 650
3 624 640 652
3 625 628 629
3 625 629 630
3 625 630 650
3 626 627 640
3 627 631 652
3 640 627 652
3 629 628 632
3 630 629 647
3 629 632 633
3 629 633 647
3 633 634 651
3 647 633 651
3 636 634 638
3 639 636 641
3 72 6 677
3 6 115 677
3 7 74 680
3 125 7 680
3 124 10 678
3 10 137 678
3 11 134 674
3 137 11 674
3 73 72 667
3 667 72 677
3 74 73 656
3 656 73 667
3 74 656 680
3 115 116 653
3 115 653 677
3 116 117 662
3 653 116 662
3 117 118 664
3 662 117 664
3 118 119 658
3 118 658 664
3 119 120 666
3 658 119 666
3 120 121 660
3 120 660 666
3 121 122 671
3 660 121 671
3 122 123 661
3 122 661 671
3 123 124 676
3 661 123 676
3 676 124 678
3 126 125 670
3 670 125 680
3 127 126 669
3 669 126 670
3 128 127 654
3 654 127 669
3 129 128 665
3 128 654 665
3 130 129 655
3 655 129 665
3 131 130 668
3 130 655 668
3 132 131 657
3 657 131 668
3 133 132 673
3 132 657 673
3 134 133 659
3 659 133 673
3 134 659 674
3 137 674 678
3 653 662 663
3 653 663 681
3 653 667 677
3 667 653 681
3 665 654 675
3 654 669 672
3 654 672 675
3 660 655 666
3 655 660 668
3 655 665 679
3 666 655 679
3 656 667 681
3 656 670 680
3 670 656 681
3 660 657 668
3 657 660 671
3 661 657 671
3 657 661 673
3 664 658 675
3 658 666 679
3 675 658 679
3 661 659 673
3 659 661 676
3 674 659 678
3 659 676 678
3 663 662 672
3 662 664 672
3 663 669 670
3 669 663 672
3 663 670 681
3 672 664 675
3 665 675 679
3 75 684 8
3 8 684 81
3 76 682 75
3 682 684 75
3 77 685 76
3 76 685 682
3 78 685 77
3 79 685 78
3 80 683 79
3 683 685 79
3 81 684 80
3 80 684 683
3 683 684 682
3 682 685 683
3 135 114 9
3 10 114 686
3 137 10 686
3 137 136 11
3 114 135 686
3 135 136 686
3 136 137 686
4 689 700 394 701
4 538 689 394 701
4 434 690 546 700
4 374 689 371 710
4 546 700 690 701
4 100 691 690 717
4 394 689 369 700
4 689 702 371 710
4 506 705 380 710
4 374 378 689 710
4 537 697 688 705
4 506 697 705 710
4 506 697 537 705
4 479 538 544 689
4 479 369 394 689
4 479 689 544 703
4 688 697 537 698
4 374 378 483 689
4 479 394 538 689
4 538 544 689 703
4 479 702 689 703
4 137 336 11 696
4 538 689 288 703
4 253 690 100 691
4 394 700 546 701
4 500 704 697 710
4 538 288 544 703
4 336 693 11 696
4 378 705 689 710
4 434 546 394 700
4 537 575 688 698
4 484 704 500 710
4 378 483 689 705
4 374 371 689 700
4 688 705 697 710
4 370 371 689 702
4 374 689 483 700
4 370 689 369 702
4 537 688 575 705
4 575 705 688 719
4 344 697 696 709
4 501 696 344 697
4 370 689 371 700
4 575 703 705 719
4 97 276 689 703
4 688 698 575 719
4 479 544 702 703
4 538 288 689 701
4 356 697 344 709
4 370 369 689 700
4 97 689 557 703
4 483 700 689 716
4 276 288 689 703
4 263 102 435 706
4 696 697 501 715
4 428 691 263 706
4 101 263 691 706
4 369 689 479 702
4 374 373 371 700
4 557 703 689 705
4 690 691 431 713
4 276 97 689 701
4 689 701 267 716
4 484 704 710 711
4 253 431 690 691
4 276 689 288 701
4 136 137 11 696
4 267 557 97 689
4 267 689 97 701
4 370 369 368 702
4 136 11 693 696
4 486 690 434 700
4 356 501 344 697
4 370 368 371 702
4 100 690 437 717
4 278 694 280 699
4 538 394 546 701
4 398 32 693 699
4 418 546 690 701
4 101 102 263 706
4 374 371 377 710
4 93 707 698 709
4 697 710 704 711
4 541 546 434 690
4 32 330 398 693
4 102 692 435 706
4 393 506 537 705
4 575 96 703 719
4 434 394 372 700
4 93 251 698 707
4 100 99 437 690
4 97 265 276 703
4 575 703 96 705
4 336 693 696 715
4 541 418 546 690
4 697 688 710 711
4 336 137 338 696
4 376 690 383 700
4 427 263 428 691
4 93 694 707 709
4 497 689 267 716
4 483 689 556 716
4 344 696 355 709
4 372 394 369 700
4 500 697 379 710
4 93 251 94 698
4 356 344 355 709
4 537 698 697 709
4 253 100 426 691
4 278 694 699 707
4 556 689 483 705
4 437 99 249 690
4 437 249 418 690
4 398 693 330 699
4 374 483 375 700
4 688 705 703 719
4 280 694 34 699
4 702 703 544 714
4 278 280 433 699
4 434 690 486 717
4 93 698 94 709
4 263 435 428 706
4 430 691 428 706
4 99 249 690 701
4 399 690 431 713
4 365 702 544 714
4 101 691 425 706
4 249 418 690 701
4 279 707 695 719
4 479 544 365 702
4 500 501 697 715
4 399 431 691 713
4 559 692 503 706
4 101 425 102 706
4 486 690 383 713
4 372 486 434 700
4 500 438 379 697
4 279 695 314 719
4 376 383 485 700
4 500 697 704 715
4 393 380 506 705
4 500 499 501 715
4 276 265 288 703
4 383 690 376 713
4 373 370 371 700
4 435 692 428 706
4 556 689 497 716
4 538 417 288 701
4 262 691 100 717
4 438 379 697 710
4 572 691 502 713
4 434 486 389 717
4 279 698 707 719
4 572 399 691 713
4 322 707 424 708
4 695 707 698 719
4 687 697 696 715
4 416 557 267 689
4 500 704 499 715
4 557 689 416 705
4 428 692 559 706
4 378 391 483 705
4 424 707 699 708
4 434 541 690 717
4 335 11 336 693
4 575 96 419 705
4 337 11 137 336
4 99 701 690 716
4 253 426 431 691
4 696 697 687 709
4 100 253 99 690
4 381 376 690 713
4 381 690 399 713
4 486 690 713 717
4 375 700 483 716
4 430 559 503 706
4 491 330 32 693
4 418 690 541 717
4 399 381 564 690
4 381 690 376 700
4 556 483 391 705
4 314 695 279 707
4 95 575 698 719
4 277 280 278 694
4 480 704 695 708
4 427 428 430 691
4 540 425 691 706
4 418 437 690 717
4 262 425 101 691
4 572 502 399 713
4 262 540 425 691
4 480 695 326 708
4 330 699 693 708
4 538 546 417 701
4 401 540 509 691
4 401 509 388 691
4 556 416 689 705
4 484 334 500 704
4 399 564 431 690
4 450 32 2 693
4 32 491 398 330
4 273 692 102 706
4 100 262 101 691
4 575 95 96 719
4 388 691 386 706
4 439 701 99 716
4 370 372 369 700
4 337 137 338 336
4 430 428 559 706
4 507 537 697 709
4 381 382 376 713
4 690 700 381 716
4 433 280 34 699
4 537 255 575 698
4 537 575 419 705
4 704 708 331 715
4 480 326 329 708
4 322 695 707 708
4 322 287 424 707
4 399 431 572 691
4 386 691 388 713
4 93 694 251 707
4 34 694 46 699
4 480 329 704 708
4 32 45 693 699
4 564 432 431 690
4 387 691 430 706
4 486 713 389 717
4 262 100 437 717
4 491 32 450 693
4 401 691 388 706
4 540 691 401 706
4 333 704 331 715
4 484 500 379 710
4 3 280 277 694
4 404 279 314 719
4 355 709 696 718
4 382 381 399 713
4 417 276 288 701
4 374 377 378 710
4 398 699 330 708
4 34 280 3 694
4 438 380 379 710
4 96 703 557 705
4 484 481 704 711
4 339 696 501 715
4 333 332 331 704
4 33 433 34 699
4 432 690 564 716
4 693 331 708 715
4 491 450 330 693
4 695 704 480 711
4 507 579 537 709
4 398 33 32 699
4 484 481 334 704
4 386 691 387 706
4 337 335 11 336
4 332 331 704 708
4 267 97 98 701
4 93 94 558 709
4 339 344 501 696
4 687 697 695 698
4 371 702 482 710
4 695 697 688 698
4 509 691 540 717
4 278 699 433 707
4 388 691 509 717
4 371 482 377 710
4 96 97 557 703
4 386 388 385 713
4 695 697 687 704
4 431 427 572 691
4 426 101 263 691
4 251 694 277 707
4 386 384 691 713
4 262 540 691 717
4 381 564 690 716
4 374 375 373 700
4 388 713 691 717
4 336 338 339 696
4 694 687 707 709
4 530 698 279 719
4 277 694 278 707
4 505 503 692 706
4 432 253 431 690
4 558 495 694 709
4 100 101 426 691
4 102 273 103 692
4 387 430 503 706
4 273 102 425 706
4 485 486 372 700
4 502 691 384 713
4 366 479 365 702
4 418 417 546 701
4 102 103 435 692
4 369 479 366 702
4 266 277 3 280
4 314 287 322 695
4 314 287 695 707
4 322 695 287 707
4 423 433 33 699
4 426 263 427 691
4 93 558 694 709
4 500 334 499 704
4 267 701 439 716
4 695 714 314 719
4 434 389 541 717
4 694 709 495 718
4 388 386 400 706
4 387 386 384 691
4 33 398 423 699
4 32 237 45 699
4 355 696 353 718
4 327 695 326 711
4 530 698 251 707
4 506 507 537 697
4 432 253 690 716
4 322 424 328 708
4 96 557 419 705
4 33 34 433 286
4 344 353 355 696
4 276 98 97 701
4 326 695 480 711
4 279 698 530 707
4 387 384 502 691
4 572 427 430 691
4 695 711 327 714
4 323 326 327 695
4 398 328 699 708
4 237 34 46 699
4 332 480 329 704
4 558 495 93 694
4 323 695 327 714
4 279 530 251 707
4 267 98 439 701
4 136 696 693 712
4 482 484 710 711
4 336 696 339 715
4 33 237 32 699
4 502 572 430 691
4 431 426 427 691
4 375 483 390 716
4 689 705 702 710
4 534 261 683 692
4 375 381 376 700
4 32 45 2 693
4 537 419 393 705
4 251 93 277 694
4 495 9 694 718
4 342 338 137 696
4 251 277 278 707
4 387 502 430 691
4 385 713 388 717
4 137 10 342 696
4 698 707 687 709
4 46 699 694 712
4 353 696 10 718
4 696 709 687 718
4 366 327 702 714
4 439 98 99 701
4 382 383 376 713
4 398 330 328 708
4 46 34 3 694
4 503 505 387 706
4 381 700 375 716
4 336 335 693 715
4 11 335 2 693
4 327 711 702 714
4 33 34 237 699
4 404 530 279 719
4 567 684 682 692
4 691 713 690 717
4 10 353 342 696
4 327 367 702 711
4 482 710 702 711
4 255 94 698 709
4 332 329 331 708
4 366 327 367 702
4 389 385 388 717
4 514 714 703 719
4 398 328 424 699
4 451 314 714 719
4 687 712 696 718
4 562 505 692 706
4 694 687 709 718
4 451 404 314 719
4 451 714 514 719
4 95 575 255 698
4 333 331 693 715
4 322 326 695 708
4 255 558 94 709
4 92 495 9 694
4 378 380 705 710
4 567 103 684 692
4 500 501 438 697
4 424 699 328 708
4 45 693 699 712
4 433 423 33 286
4 249 417 418 701
4 687 694 712 718
4 136 11 2 693
4 482 481 484 711
4 342 339 338 696
4 505 578 387 706
4 366 702 365 714
4 687 704 697 715
4 335 450 2 693
4 2 45 136 693
4 483 556 390 716
4 96 265 97 703
4 332 704 329 708
4 413 495 709 718
4 428 435 559 692
4 333 693 335 715
4 273 547 692 706
4 371 368 482 702
4 440 96 95 719
4 502 382 399 713
4 682 429 567 692
4 262 437 539 717
4 689 703 702 705
4 685 683 261 692
4 578 386 387 706
4 333 331 335 693
4 530 94 251 698
4 389 713 385 717
4 702 703 688 705
4 114 353 10 718
4 262 539 540 717
4 368 369 366 702
4 322 328 326 708
4 418 539 437 717
4 330 693 331 708
4 391 378 380 705
4 327 326 480 711
4 3 277 92 694
4 440 703 96 719
4 401 388 400 706
4 432 439 253 716
4 272 429 682 692
4 272 682 685 692
4 137 686 10 696
4 355 413 709 718
4 700 701 689 716
4 366 365 327 714
4 332 480 704 711
4 687 699 694 707
4 556 391 416 705
4 332 704 481 711
4 567 435 103 692
4 683 436 534 692
4 287 278 433 707
4 9 135 46 694
4 332 481 480 711
4 103 570 684 692
4 334 499 704 715
4 46 3 9 694
4 136 686 137 696
4 356 355 507 709
4 323 314 695 714
4 429 559 435 692
4 562 578 505 706
4 544 288 514 703
4 687 693 696 712
4 687 696 693 715
4 367 482 702 711
4 356 507 697 709
4 398 32 33 422
4 99 98 249 701
4 570 103 273 692
4 687 698 695 707
4 558 413 495 709
4 10 696 686 718
4 331 330 450 693
4 683 684 436 692
4 336 333 335 715
4 499 339 501 715
4 386 385 384 713
4 92 277 3 266
4 398 424 423 699
4 702 705 688 710
4 695 687 707 708
4 95 698 530 719
4 314 279 287 707
4 547 436 273 692
4 334 704 333 715
4 578 400 386 706
4 135 694 9 718
4 501 356 438 697
4 699 707 687 708
4 273 425 547 706
4 486 385 389 713
4 344 342 353 696
4 695 698 688 719
4 237 699 46 712
4 503 272 504 692
4 402 692 547 706
4 694 699 687 712
4 424 433 423 699
4 687 693 708 715
4 33 398 422 423
4 485 372 370 700
4 323 314 322 695
4 697 698 687 709
4 356 507 506 697
4 693 687 699 712
4 683 682 684 692
4 196 69 20 241
4 241 70 19 612
4 693 699 687 708
4 237 45 699 712
4 272 685 504 692
4 688 703 702 714
4 687 708 704 715
4 34 433 286 280
4 429 435 567 692
4 95 94 530 698
4 254 9 495 718
4 3 92 9 694
4 504 685 261 692
4 255 579 558 709
4 534 562 261 692
4 497 267 439 716
4 663 653 681 518
4 683 685 682 692
4 334 333 499 715
4 438 356 506 697
4 334 332 333 704
4 245 270 7 125
4 340 2 11 335
4 503 559 272 692
4 365 544 451 714
4 335 331 450 693
4 332 334 481 704
4 326 323 322 695
4 130 301 26 131
4 95 255 94 698
4 503 504 505 692
4 376 373 375 700
4 329 330 331 708
4 3 34 266 280
4 125 31 7 240
4 339 342 344 696
4 475 10 114 353
4 402 562 692 706
4 56 31 0 244
4 355 412 413 718
4 389 388 509 717
4 418 541 539 717
4 562 505 261 692
4 288 265 514 703
4 696 712 686 718
4 134 22 358 133
4 241 196 69 612
4 19 196 241 612
4 547 402 436 692
4 340 11 22 134
4 31 56 533 244
4 129 304 27 130
4 695 704 687 708
4 412 355 353 718
4 368 367 482 702
4 540 547 425 706
4 436 684 570 692
4 451 514 404 719
4 695 688 714 719
4 136 686 696 712
4 31 7 244 125
4 136 693 45 712
4 130 27 129 632
4 373 485 370 700
4 376 485 373 700
4 31 0 7 240
4 304 26 27 130
4 39 40 109 216
4 22 23 358 133
4 504 261 505 692
4 25 26 301 131
4 11 22 2 340
4 270 7 55 245
4 340 450 2 335
4 9 254 495 92
4 131 130 301 490
4 323 451 314 714
4 509 540 539 717
4 134 637 22 133
4 130 26 27 632
4 93 495 92 694
4 239 35 1 113
4 40 108 109 216
4 390 381 375 716
4 110 37 38 197
4 42 105 203 43
4 132 23 619 133
4 570 273 436 692
4 114 475 353 718
4 391 380 393 705
4 30 127 623 126
4 400 578 562 706
4 112 36 37 207
4 112 82 36 113
4 82 35 36 113
4 702 710 688 711
4 31 7 0 244
4 514 703 440 719
4 534 402 562 692
4 104 105 44 221
4 484 377 482 710
4 254 495 569 718
4 531 611 586 600
4 105 43 44 221
4 23 22 637 133
4 638 618 219 131
4 222 635 41 202
4 329 326 328 708
4 192 16 62 238
4 367 481 482 711
4 265 96 440 703
4 358 340 22 134
4 656 680 526 247
4 301 26 27 304
4 203 43 105 221
4 637 619 23 133
4 239 1 5 113
4 37 112 83 36
4 46 694 135 712
4 301 302 25 131
4 690 701 700 716
4 378 379 380 710
4 181 177 141 285
4 105 104 622 221
4 23 22 206 637
4 35 82 1 113
4 246 31 0 257
4 502 384 382 713
4 36 151 147 275
4 114 10 686 718
4 368 366 367 702
4 276 417 249 701
4 301 302 131 490
4 688 711 695 714
4 514 265 440 703
4 694 135 712 718
4 654 308 128 665
4 105 622 203 221
4 619 23 206 637
4 135 686 712 718
4 129 27 228 632
4 534 436 402 692
4 204 126 125 30
4 31 30 204 125
4 127 128 29 613
4 36 620 112 113
4 620 36 35 113
4 440 95 530 719
4 109 644 39 216
4 559 429 272 692
4 133 358 134 421
4 413 412 495 718
4 127 30 410 126
4 41 42 107 222
4 133 132 23 361
4 135 9 114 718
4 125 563 30 126
4 244 533 31 125
4 540 401 547 706
4 276 249 98 701
4 645 230 11 134
4 313 120 316 121
4 82 5 1 113
4 702 711 688 714
4 42 41 282 141
4 230 11 136 645
4 133 23 358 421
4 0 56 246 257
4 164 140 176 472
4 93 92 277 694
4 486 383 385 713
4 612 211 196 627
4 624 236 652 208
4 175 27 28 487
4 285 177 141 289
4 110 111 37 197
4 28 29 128 613
4 30 204 126 623
4 36 620 207 112
4 46 617 136 135
4 201 46 136 45
4 126 204 125 621
4 632 228 129 628
4 620 35 36 205
4 261 79 534 683
4 44 3 646 229
4 130 219 26 632
4 216 644 39 212
4 656 73 53 667
4 230 22 11 134
4 9 44 646 104
4 127 30 623 29
4 111 112 37 207
4 108 40 635 216
4 36 83 82 112
4 627 211 196 215
4 211 612 631 627
4 646 3 46 229
4 258 681 653 518
4 304 301 26 130
4 623 127 29 613
4 211 226 204 621
4 642 620 627 205
4 37 111 207 197
4 242 69 20 227
4 19 70 243 643
4 347 308 128 654
4 141 179 285 284
4 301 27 303 304
4 638 636 223 220
4 293 182 478 529
4 128 307 28 129
4 41 473 282 141
4 525 192 62 238
4 198 27 26 632
4 109 108 614 216
4 179 141 282 284
4 623 204 126 621
4 282 43 42 179
4 620 36 207 205
4 11 2 22 230
4 177 176 141 289
4 206 201 225 637
4 617 641 622 221
4 651 202 217 216
4 633 632 235 618
4 632 130 219 618
4 123 122 324 362
4 381 390 564 716
4 397 10 342 137
4 307 27 28 129
4 282 250 43 179
4 223 619 638 132
4 289 176 141 284
4 202 635 40 216
4 230 11 2 136
4 112 37 83 111
4 162 38 268 139
4 257 246 31 195
4 336 339 499 715
4 452 38 268 162
4 622 639 105 203
4 223 23 206 619
4 121 120 316 318
4 2 45 230 136
4 646 46 9 135
4 703 714 688 719
4 664 118 117 345
4 105 42 203 106
4 44 3 9 646
4 412 353 475 718
4 226 211 643 621
4 227 642 627 205
4 248 194 180 269
4 623 224 631 624
4 208 215 640 207
4 39 38 644 109
4 46 9 3 646
4 164 176 177 289
4 329 328 330 708
4 224 623 613 624
4 640 208 207 197
4 594 592 511 602
4 645 637 230 134
4 646 44 229 221
4 600 586 531 274
4 278 279 251 707
4 130 26 219 131
4 270 245 680 125
4 222 203 639 220
4 619 636 223 638
4 131 24 638 132
4 586 610 65 274
4 410 29 30 127
4 140 164 392 472
4 210 224 623 613
4 207 626 640 197
4 635 41 40 108
4 40 39 109 86
4 112 626 620 207
4 204 30 210 623
4 224 210 623 631
4 626 640 215 207
4 638 219 199 131
4 28 228 128 129
4 141 179 181 285
4 665 654 308 496
4 44 9 91 104
4 627 620 626 215
4 211 204 210 631
4 40 256 473 176
4 617 46 136 201
4 236 211 224 631
4 627 640 652 215
4 242 642 69 227
4 243 226 19 643
4 392 163 140 521
4 114 412 475 718
4 284 179 285 283
4 623 29 210 613
4 207 111 626 197
4 316 120 313 318
4 358 340 134 357
4 27 198 228 632
4 614 644 109 216
4 226 211 196 643
4 642 627 612 227
4 221 646 617 229
4 637 230 201 645
4 621 211 643 631
4 627 215 227 205
4 228 28 27 129
4 637 22 230 134
4 44 646 104 221
4 282 179 284 283
4 1 4 5 82
4 109 38 644 110
4 618 219 199 638
4 615 635 222 202
4 626 112 111 207
4 30 29 210 623
4 134 340 11 357
4 130 129 304 309
4 109 108 40 86
4 419 557 416 705
4 667 53 656 258
4 324 123 362 341
4 292 170 477 293
4 105 44 90 104
4 452 256 39 140
4 141 285 289 284
4 643 211 196 612
4 196 612 627 227
4 533 581 31 125
4 297 298 168 143
4 162 452 39 140
4 658 119 320 312
4 268 162 139 453
4 246 0 31 195
4 275 151 147 470
4 514 440 404 719
4 90 43 44 105
4 191 441 3 281
4 24 131 302 132
4 410 409 127 126
4 680 245 7 125
4 474 37 151 139
4 473 141 176 284
4 203 622 641 221
4 619 206 225 637
4 53 656 526 247
4 646 46 617 229
4 230 136 201 645
4 128 29 348 127
4 162 140 163 521
4 668 309 130 490
4 290 177 181 285
4 402 400 562 706
4 643 211 612 631
4 215 196 627 227
4 25 199 219 131
4 41 40 473 176
4 56 55 533 244
4 457 156 152 458
4 9 254 604 114
4 268 452 162 453
4 549 194 248 269
4 617 225 221 201
4 315 492 311 668
4 225 617 221 641
4 230 206 22 637
4 622 104 646 221
4 122 324 316 671
4 210 224 211 631
4 640 627 626 215
4 132 131 302 407
4 618 130 219 131
4 598 445 108 522
4 192 62 16 269
4 353 10 342 498
4 596 588 395 609
4 180 192 16 269
4 617 225 201 637
4 347 308 654 496
4 225 617 641 637
4 250 441 44 145
4 345 118 117 346
4 132 24 23 361
4 42 106 107 222
4 156 160 152 458
4 635 40 41 202
4 129 228 128 628
4 324 325 122 123
4 108 41 40 87
4 37 474 268 139
4 9 44 91 3
4 176 40 256 140
4 487 143 27 299
4 38 39 644 212
4 275 36 151 474
4 103 684 8 567
4 26 25 219 131
4 635 107 41 108
4 88 42 41 282
4 635 614 108 216
4 219 198 26 632
4 152 457 458 456
4 11 674 357 515
4 484 379 377 710
4 233 648 242 227
4 649 232 243 643
4 441 266 3 281
4 89 42 43 105
4 141 282 42 179
4 240 7 125 649
4 477 169 170 292
4 22 23 360 358
4 248 16 62 269
4 230 637 201 206
4 646 221 617 622
4 117 116 354 592
4 160 152 458 456
4 176 289 472 284
4 270 55 7 125
4 529 182 478 189
4 28 29 348 128
4 136 45 46 712
4 136 46 135 712
4 223 199 638 220
4 464 162 163 521
4 616 111 110 197
4 29 28 200 613
4 104 415 105 589
4 303 27 28 307
4 196 20 69 227
4 643 19 70 612
4 639 106 105 203
4 140 256 176 472
4 56 57 246 257
4 292 294 295 166
4 682 272 76 429
4 669 654 347 127
4 653 663 519 518
4 526 680 54 247
4 182 478 187 293
4 234 613 625 624
4 208 650 209 197
4 671 122 324 317
4 131 24 302 25
4 480 367 327 711
4 179 282 250 283
4 316 324 122 121
4 443 285 179 283
4 604 254 569 114
4 160 180 147 565
4 601 122 362 545
4 113 112 82 548
4 163 392 464 521
4 303 27 307 129
4 248 180 16 269
4 84 37 38 110
4 217 614 651 216
4 632 235 198 633
4 278 287 279 707
4 324 122 121 545
4 141 41 473 176
4 378 377 379 710
4 140 164 163 392
4 467 463 551 157
4 290 170 182 181
4 309 311 492 668
4 173 467 551 157
4 641 636 639 220
4 636 225 223 220
4 638 24 223 132
4 589 606 608 414
4 114 569 412 718
4 257 31 56 533
4 671 324 316 317
4 140 162 452 521
4 626 616 640 197
4 224 210 200 613
4 494 673 543 133
4 136 230 201 45
4 46 646 617 135
4 290 170 177 166
4 89 43 42 282
4 335 11 340 337
4 666 120 444 313
4 118 664 320 345
4 516 32 190 359
4 337 11 357 515
4 270 533 55 125
4 177 291 290 166
4 145 179 250 283
4 285 290 177 289
4 473 282 141 284
4 293 170 182 290
4 525 62 61 238
4 337 137 11 515
4 355 413 507 709
4 56 0 31 257
4 113 82 5 573
4 685 79 261 683
4 41 42 88 107
4 473 88 41 282
4 495 412 569 718
4 108 107 41 87
4 121 122 316 671
4 348 410 409 127
4 526 54 53 247
4 457 153 154 461
4 586 65 48 274
4 338 397 342 137
4 29 200 210 613
4 616 626 111 197
4 513 290 182 181
4 641 639 622 203
4 223 206 225 619
4 461 163 155 512
4 361 132 302 407
4 656 53 73 247
4 669 347 409 127
4 320 119 444 312
4 667 653 677 258
4 308 304 129 309
4 683 80 534 436
4 39 38 109 85
4 493 671 317 661
4 188 466 508 142
4 256 473 176 472
4 149 145 349 443
4 666 120 119 444
4 296 294 305 167
4 133 134 543 421
4 440 530 404 719
4 678 10 124 498
4 466 188 171 142
4 122 123 591 362
4 650 234 624 208
4 674 11 137 515
4 179 250 43 145
4 307 28 348 128
4 365 323 327 714
4 333 336 499 715
4 472 473 176 284
4 524 358 23 421
4 445 598 447 522
4 142 508 188 175
4 582 467 551 173
4 66 48 531 586
4 140 452 256 521
4 592 511 117 594
4 250 44 43 145
4 114 686 135 718
4 581 533 563 125
4 167 294 305 165
4 517 654 672 496
4 239 1 35 233
4 343 325 420 676
4 225 641 619 637
4 203 641 225 221
4 179 145 443 283
4 188 306 465 167
4 642 612 69 227
4 19 226 196 643
4 36 35 82 275
4 398 491 32 422
4 35 1 82 571
4 347 654 669 517
4 177 291 164 289
4 112 600 599 548
4 290 182 293 513
4 171 466 463 172
4 653 662 116 519
4 346 117 511 594
4 307 304 303 129
4 27 303 487 299
4 66 531 597 586
4 295 169 292 166
4 464 153 162 453
4 248 63 549 269
4 125 670 563 126
4 446 445 598 447
4 658 675 679 310
4 43 89 250 282
4 40 39 256 140
4 410 348 29 127
4 73 52 53 667
4 612 196 69 227
4 643 196 19 612
4 668 492 309 490
4 110 109 38 85
4 143 26 27 299
4 563 270 670 125
4 508 306 188 175
4 41 40 87 473
4 55 54 270 245
4 461 457 153 455
4 465 463 466 172
4 592 406 511 602
4 316 324 121 545
4 145 250 441 442
4 112 83 82 548
4 192 184 138 577
4 132 302 24 361
4 119 658 666 312
4 348 347 128 127
4 90 44 43 250
4 139 153 455 453
4 363 608 606 414
4 685 272 76 682
4 345 320 118 346
4 154 152 153 457
4 678 124 510 498
4 663 681 670 518
4 525 62 192 269
4 445 107 598 108
4 511 352 594 602
4 148 528 516 161
4 392 140 472 521
4 183 168 298 143
4 123 325 122 661
4 201 617 637 645
4 229 201 617 221
4 32 516 491 359
4 428 429 559 435
4 349 403 149 443
4 512 164 165 291
4 629 632 231 633
4 217 213 647 216
4 128 308 307 129
4 121 313 120 660
4 350 408 148 403
4 597 531 264 611
4 122 324 362 545
4 297 298 295 168
4 57 246 257 195
4 91 90 44 104
4 664 658 118 320
4 350 149 33 286
4 531 49 66 597
4 668 315 492 657
4 606 589 363 414
4 143 27 175 487
4 664 658 320 319
4 345 662 664 364
4 264 583 597 611
4 294 296 168 167
4 358 23 360 524
4 673 659 543 133
4 296 465 306 167
4 511 117 354 592
4 408 528 516 148
4 218 615 636 220
4 393 419 416 705
4 153 139 162 453
4 586 48 531 274
4 675 672 496 364
4 669 409 347 517
4 190 32 2 359
4 346 351 118 594
4 391 393 416 705
4 642 242 648 227
4 226 243 232 643
4 320 119 118 351
4 452 39 38 162
4 305 172 155 462
4 37 84 111 110
4 457 152 153 455
4 582 552 185 174
4 402 401 400 706
4 656 681 667 258
4 444 119 666 312
4 470 147 180 565
4 300 178 25 321
4 74 54 680 247
4 46 201 617 229
4 136 617 201 645
4 143 297 298 299
4 389 509 541 717
4 480 481 367 711
4 131 657 668 407
4 675 658 319 310
4 317 122 324 661
4 292 170 290 166
4 542 9 254 604
4 542 104 604 589
4 167 168 294 165
4 553 602 593 599
4 589 608 604 414
4 168 295 294 166
4 23 144 489 524
4 82 4 5 573
4 489 144 488 321
4 113 610 600 274
4 182 187 478 189
4 474 151 275 470
4 178 488 144 321
4 129 128 308 665
4 662 672 664 364
4 164 163 392 512
4 171 463 467 157
4 151 474 139 454
4 75 567 682 429
4 170 187 477 293
4 354 662 117 345
4 610 47 65 274
4 567 684 75 682
4 295 298 169 168
4 291 292 290 166
4 556 497 390 716
4 543 659 134 133
4 82 83 36 275
4 325 324 122 661
4 86 40 39 256
4 543 343 673 494
4 496 672 517 364
4 34 33 149 286
4 395 449 596 609
4 67 49 264 597
4 280 34 266 281
4 313 444 666 312
4 510 124 123 341
4 44 90 441 250
4 337 338 137 515
4 524 23 24 361
4 259 110 595 471
4 317 671 493 315
4 153 163 155 461
4 215 627 620 205
4 204 211 621 631
4 291 392 164 289
4 31 204 232 125
4 648 620 35 113
4 188 465 466 172
4 87 40 256 473
4 348 347 307 128
4 489 161 23 360
4 86 109 108 522
4 470 160 147 565
4 673 493 343 661
4 80 683 684 436
4 303 28 476 307
4 511 354 116 592
4 61 192 525 238
4 488 178 300 321
4 675 672 654 496
4 594 351 118 588
4 649 125 232 621
4 598 448 446 447
4 474 268 139 454
4 35 648 233 205
4 670 554 563 126
4 605 352 405 602
4 363 606 608 396
4 615 107 106 222
4 522 445 108 87
4 472 140 256 521
4 601 121 122 545
4 171 188 466 172
4 319 664 675 364
4 304 130 309 490
4 86 108 40 87
4 569 604 114 414
4 672 675 664 364
4 636 634 218 220
4 494 132 133 361
4 82 1 4 571
4 453 162 464 521
4 504 685 78 261
4 89 42 105 106
4 153 464 455 453
4 574 677 653 258
4 77 272 685 504
4 554 563 270 670
4 624 224 236 208
4 640 624 652 208
4 460 458 156 459
4 172 167 305 155
4 285 179 186 443
4 158 159 468 146
4 37 36 83 474
4 123 510 325 676
4 461 464 163 512
4 84 83 37 111
4 658 312 319 310
4 460 156 173 459
4 123 325 510 341
4 143 175 193 487
4 324 325 317 661
4 365 451 323 714
4 144 23 24 524
4 145 149 186 443
4 659 343 420 676
4 250 145 283 442
4 76 77 272 685
4 162 163 153 464
4 180 184 525 565
4 658 119 118 320
4 555 580 120 596
4 196 20 19 241
4 69 70 241 612
4 121 316 313 660
4 312 658 679 310
4 649 243 71 643
4 233 242 21 227
4 511 550 592 583
4 397 342 10 498
4 190 148 516 161
4 636 634 615 218
4 218 634 199 220
4 108 445 107 87
4 613 200 234 625
4 650 616 209 197
4 478 528 144 489
4 685 79 78 261
4 145 349 443 442
4 62 63 248 269
4 34 3 266 281
4 89 43 90 105
4 664 320 345 319
4 496 319 675 364
4 624 234 224 208
4 624 640 650 208
4 403 186 149 443
4 543 494 133 421
4 382 384 383 713
4 47 48 65 274
4 680 656 74 247
4 390 432 564 716
4 0 31 232 240
4 239 5 648 113
4 324 325 123 341
4 595 109 110 259
4 592 116 527 583
4 144 478 488 178
4 679 666 312 311
4 673 659 343 543
4 125 204 232 621
4 648 35 620 205
4 408 150 148 403
4 38 37 268 139
4 29 28 476 142
4 240 18 71 649
4 239 68 21 233
4 312 679 311 310
4 104 542 415 589
4 653 519 258 518
4 606 123 124 341
4 508 306 466 188
4 25 26 300 301
4 308 304 307 129
4 3 34 191 281
4 23 489 360 524
4 477 169 187 170
4 306 193 175 487
4 218 222 615 220
4 159 582 185 174
4 235 231 198 633
4 651 647 614 217
4 134 357 543 421
4 320 444 119 351
4 143 193 297 487
4 657 492 668 407
4 667 52 53 258
4 662 664 117 345
4 184 192 525 577
4 325 343 661 676
4 191 44 441 145
4 615 106 639 222
4 223 199 24 638
4 512 392 164 291
4 163 153 464 461
4 317 343 493 661
4 88 445 107 252
4 569 114 412 475
4 555 596 588 395
4 632 198 231 633
4 647 614 217 216
4 283 145 443 442
4 678 510 397 498
4 131 668 130 490
4 470 180 147 269
4 509 539 541 717
4 674 134 357 543
4 608 124 10 498
4 302 25 300 301
4 182 150 529 513
4 144 488 478 489
4 193 306 297 487
4 214 625 630 209
4 604 415 542 589
4 48 49 66 531
4 494 657 132 407
4 49 531 264 597
4 348 476 28 307
4 17 194 180 248
4 91 3 44 441
4 167 188 306 193
4 522 86 109 259
4 350 149 286 349
4 256 39 86 452
4 441 3 44 191
4 106 88 42 107
4 167 305 465 172
4 602 406 553 593
4 360 190 22 359
4 362 123 591 341
4 291 164 165 166
4 630 629 214 213
4 163 164 165 512
4 154 156 457 459
4 3 9 92 91
4 26 300 301 299
4 361 133 494 421
4 290 291 177 289
4 142 476 29 411
4 494 657 673 132
4 584 561 595 471
4 245 54 270 680
4 184 156 173 460
4 286 149 34 349
4 258 53 656 526
4 384 385 383 713
4 214 630 213 209
4 214 625 629 630
4 169 295 168 166
4 11 674 134 357
4 156 184 458 460
4 347 308 307 128
4 231 214 198 629
4 647 630 614 213
4 306 296 167 193
4 605 594 352 602
4 496 665 675 310
4 460 138 184 577
4 91 44 90 441
4 587 445 598 446
4 165 155 163 512
4 520 653 116 519
4 252 587 603 446
4 146 30 31 581
4 671 493 657 661
4 663 554 669 518
4 129 130 655 309
4 455 152 139 454
4 172 305 465 462
4 454 152 151 456
4 354 117 511 346
4 611 531 532 600
4 105 566 415 104
4 148 149 350 403
4 453 452 162 521
4 27 303 304 129
4 259 595 561 471
4 120 318 580 555
4 110 584 595 471
4 123 124 510 676
4 120 119 555 596
4 675 319 496 310
4 130 304 301 490
4 85 109 39 86
4 14 13 59 174
4 678 397 10 498
4 89 90 43 250
4 72 52 667 677
4 150 529 513 403
4 614 647 213 216
4 632 231 198 629
4 139 455 454 453
4 311 660 315 668
4 584 599 553 271
4 349 34 286 281
4 515 420 674 543
4 192 61 15 238
4 48 66 65 586
4 111 599 584 271
4 67 264 607 597
4 181 513 290 285
4 464 392 163 512
4 173 159 467 157
4 175 508 306 487
4 108 86 522 87
4 599 600 532 548
4 185 469 552 582
4 165 294 512 291
4 349 191 34 281
4 343 493 673 494
4 256 86 40 87
4 457 154 459 462
4 252 445 107 587
4 615 651 202 218
4 634 235 199 618
4 148 33 422 350
4 569 254 604 414
4 411 30 29 158
4 179 186 181 285
4 592 527 511 583
4 107 88 41 87
4 315 493 492 657
4 674 357 515 543
4 352 511 406 602
4 677 6 574 560
4 87 88 41 473
4 570 684 8 103
4 298 169 168 183
4 662 117 116 354
4 357 134 358 421
4 461 155 305 512
4 684 75 8 567
4 16 17 180 248
4 316 671 317 315
4 186 149 150 403
4 411 536 30 158
4 184 192 180 525
4 527 511 116 592
4 38 37 84 268
4 179 145 186 443
4 461 305 155 462
4 113 610 274 573
4 574 653 677 520
4 319 345 664 364
4 353 475 10 498
4 526 670 681 518
4 593 592 550 583
4 164 291 177 166
4 152 160 151 456
4 106 105 89 252
4 529 150 408 403
4 191 349 442 281
4 239 648 68 233
4 240 232 18 649
4 467 159 171 157
4 635 615 651 202
4 219 199 235 618
4 6 677 115 560
4 192 180 525 269
4 496 308 665 310
4 665 308 655 310
4 269 180 525 565
4 88 89 42 282
4 655 129 308 665
4 465 466 306 188
4 302 321 24 361
4 184 180 160 565
4 354 116 662 519
4 522 109 585 259
4 517 347 654 496
4 26 183 300 299
4 655 308 129 309
4 422 516 32 148
4 528 408 189 148
4 359 22 360 358
4 448 587 598 446
4 269 470 180 565
4 153 152 139 455
4 170 290 177 181
4 466 463 467 171
4 144 161 23 489
4 663 662 653 519
4 552 59 13 174
4 120 444 313 318
4 349 145 191 442
4 470 151 160 456
4 155 154 153 461
4 19 18 226 243
4 69 68 642 242
4 581 410 30 563
4 680 54 270 526
4 146 31 257 581
4 590 448 598 447
4 91 9 542 104
4 28 29 476 348
4 14 15 138 577
4 478 528 189 144
4 598 590 447 449
4 343 659 661 676
4 657 493 673 661
4 554 669 670 663
4 49 50 67 264
4 154 156 152 457
4 470 454 151 456
4 74 54 245 680
4 119 118 351 588
4 441 191 145 442
4 493 657 494 407
4 350 33 423 286
4 85 39 38 452
4 490 302 131 407
4 654 128 347 127
4 508 476 142 411
4 155 165 305 512
4 148 189 528 161
4 252 106 105 603
4 291 165 294 166
4 237 46 45 712
4 136 135 686 712
4 311 309 655 668
4 550 511 527 583
4 3 91 266 441
4 105 415 603 589
4 357 340 11 337
4 588 594 352 605
4 169 477 298 295
4 104 9 542 604
4 402 547 401 706
4 81 80 684 436
4 91 542 90 104
4 152 151 139 454
4 548 113 600 274
4 109 595 585 259
4 666 313 312 311
4 529 293 182 513
4 602 592 406 593
4 470 147 549 269
4 149 148 150 403
4 516 190 360 359
4 123 606 591 341
4 467 582 159 173
4 298 488 183 300
4 143 298 183 299
4 352 406 405 602
4 422 32 33 148
4 305 465 296 167
4 1 64 571 194
4 296 306 297 193
4 596 555 449 395
4 242 20 21 227
4 243 70 71 643
4 297 143 487 299
4 107 106 88 252
4 181 186 513 285
4 49 67 66 597
4 120 119 444 555
4 185 469 582 159
4 397 420 678 515
4 678 420 674 515
4 636 641 225 220
4 312 320 658 319
4 423 422 33 350
4 517 669 554 518
4 315 671 493 657
4 528 161 489 360
4 119 555 596 588
4 598 107 445 587
4 616 630 650 209
4 214 234 200 625
4 576 587 591 601
4 665 679 675 310
4 488 477 187 478
4 172 465 463 462
4 184 525 460 577
4 91 92 3 266
4 511 116 354 527
4 155 154 461 462
4 469 468 159 146
4 449 447 598 585
4 352 351 594 588
4 570 81 684 436
4 165 305 167 155
4 260 14 59 174
4 445 88 107 87
4 657 673 493 494
4 592 550 406 593
4 293 292 170 290
4 454 455 152 456
4 352 351 346 594
4 232 18 0 240
4 648 68 5 239
4 582 551 260 173
4 587 252 445 446
4 528 161 144 489
4 2 359 450 340
4 422 408 148 350
4 608 363 396 414
4 110 38 84 85
4 673 494 132 133
4 491 516 32 422
4 477 169 292 295
4 158 468 536 146
4 670 669 554 126
4 488 178 183 300
4 86 39 85 452
4 420 659 674 543
4 110 84 111 471
4 309 655 308 310
4 468 466 467 171
4 432 497 439 716
4 441 191 442 281
4 147 194 35 275
4 607 527 115 583
4 348 409 347 127
4 454 268 139 453
4 585 447 598 522
4 413 558 579 709
4 560 6 50 607
4 178 144 24 321
4 35 36 147 275
4 227 233 648 205
4 643 649 232 621
4 37 83 84 474
4 620 642 648 205
4 204 226 232 621
4 461 153 464 455
4 535 252 603 446
4 468 469 536 146
4 604 254 542 414
4 415 566 542 104
4 656 681 258 526
4 516 422 408 148
4 202 222 615 218
4 199 634 618 638
4 130 655 309 668
4 511 352 346 594
4 85 110 109 259
4 154 457 461 462
4 409 554 669 126
4 154 155 172 462
4 68 642 242 648
4 18 226 243 232
4 408 150 529 189
4 311 655 660 668
4 411 29 30 410
4 660 315 668 657
4 317 671 122 661
4 361 494 132 407
4 42 89 88 106
4 86 85 109 259
4 52 73 72 667
4 396 606 124 341
4 321 25 300 302
4 149 191 34 349
4 116 115 653 520
4 190 2 22 359
4 50 264 560 607
4 108 585 598 522
4 513 186 150 403
4 36 37 151 474
4 524 24 321 361
4 600 531 532 274
4 64 1 17 194
4 24 25 321 302
4 598 590 449 585
4 595 561 523 259
4 457 152 455 456
4 84 110 85 471
4 22 23 161 360
4 318 316 121 545
4 590 448 447 449
4 264 50 67 607
4 240 71 7 649
4 458 457 156 459
4 405 561 595 584
4 363 591 606 341
4 471 584 553 271
4 165 294 305 512
4 625 234 624 650
4 209 234 650 208
4 29 476 348 411
4 285 186 513 443
4 274 548 113 573
4 527 116 115 583
4 548 599 112 271
4 346 118 117 594
4 413 579 507 709
4 311 655 666 660
4 471 111 584 271
4 411 30 536 410
4 14 59 60 260
4 294 296 295 168
4 35 1 571 194
4 148 516 32 190
4 354 520 116 519
4 67 50 6 607
4 268 85 38 452
4 134 674 659 543
4 420 325 510 676
4 252 107 106 587
4 118 320 351 346
4 291 294 292 166
4 165 168 294 166
4 231 629 647 213
4 587 576 448 601
4 227 648 642 205
4 643 232 226 621
4 449 590 596 585
4 151 474 454 470
4 345 117 354 346
4 395 588 352 605
4 555 119 351 588
4 662 345 519 364
4 460 173 551 459
4 124 510 396 341
4 610 5 47 573
4 183 26 143 299
4 523 449 395 609
4 576 448 601 545
4 574 115 677 560
4 583 264 550 611
4 59 552 260 174
4 149 145 191 349
4 563 410 30 126
4 634 633 235 618
4 651 202 218 217
4 519 520 653 258
4 603 415 566 535
4 137 338 397 515
4 477 488 187 178
4 663 670 554 518
4 672 669 654 517
4 161 528 516 360
4 403 513 186 443
4 531 550 264 611
4 57 12 246 195
4 300 183 298 299
4 520 116 115 527
4 83 112 111 271
4 259 85 110 471
4 280 286 34 281
4 174 582 260 173
4 682 76 75 429
4 408 150 189 148
4 603 566 252 535
4 610 113 5 573
4 532 599 548 271
4 525 192 61 577
4 187 478 144 178
4 510 124 396 498
4 318 120 444 555
4 601 362 576 545
4 680 270 670 526
4 47 65 5 610
4 295 296 297 168
4 138 173 260 460
4 625 214 234 209
4 625 650 630 209
4 169 170 292 166
4 659 420 343 543
4 604 542 415 414
4 475 114 608 414
4 15 14 60 577
4 520 574 653 258
4 611 597 531 586
4 178 24 25 321
4 554 409 563 126
4 397 420 510 678
4 124 608 396 498
4 146 568 257 195
4 585 108 109 522
4 252 105 566 603
4 168 296 297 193
4 194 571 35 275
4 595 523 585 259
4 112 113 600 548
4 415 566 105 603
4 351 555 588 395
4 527 115 560 607
4 173 138 184 460
4 522 585 523 259
4 318 121 590 545
4 187 478 189 144
4 315 660 671 657
4 529 528 408 189
4 63 64 17 549
4 167 465 188 172
4 574 6 51 560
4 147 549 275 470
4 580 590 120 596
4 239 21 1 233
4 362 591 122 601
4 38 84 85 268
4 654 665 675 496
4 157 171 463 172
4 609 605 395 595
4 194 17 64 549
4 111 584 110 471
4 598 587 448 590
4 120 121 590 318
4 183 178 25 300
4 274 610 47 573
4 630 213 209 212
4 625 628 214 629
4 657 493 492 407
4 680 670 270 125
4 192 138 15 577
4 478 187 488 178
4 29 142 411 158
4 147 151 160 470
4 629 231 214 213
4 630 647 629 213
4 595 605 405 584
4 9 254 92 91
4 105 566 89 252
4 395 352 405 605
4 264 527 607 583
4 159 468 467 171
4 193 188 306 175
4 174 159 582 173
4 405 605 602 584
4 345 354 662 519
4 352 351 588 395
4 678 420 510 676
4 526 681 258 518
4 174 260 14 138
4 409 669 127 126
4 25 26 183 300
4 173 551 260 460
4 150 182 186 513
4 405 561 584 471
4 590 587 448 601
4 589 603 591 535
4 591 363 362 341
4 671 316 660 315
4 47 5 4 573
4 231 629 633 647
4 213 647 231 217
4 511 550 406 592
4 184 525 458 460
4 343 659 673 661
4 475 608 10 498
4 410 563 409 126
4 137 397 678 515
4 411 348 29 410
4 64 4 1 571
4 459 154 157 462
4 137 397 10 678
4 396 475 608 414
4 478 528 529 189
4 527 560 264 607
4 316 121 671 660
4 609 561 523 595
4 132 657 131 407
4 58 59 13 552
4 146 536 30 581
4 192 15 61 577
4 651 615 634 218
4 634 199 235 218
4 317 325 343 661
4 161 516 190 360
4 674 659 420 678
4 235 633 634 651
4 218 235 651 217
4 535 603 587 446
4 194 147 549 275
4 257 568 57 195
4 157 463 459 462
4 12 58 13 185
4 458 525 184 565
4 89 88 106 252
4 275 83 36 474
4 406 532 553 593
4 599 532 553 271
4 115 677 653 520
4 187 169 477 178
4 526 554 670 518
4 658 664 675 319
4 161 189 528 144
4 474 84 37 268
4 468 536 411 158
4 678 659 420 676
4 270 554 670 526
4 593 532 553 599
4 560 115 6 607
4 171 159 468 158
4 561 395 605 595
4 172 463 157 462
4 475 569 114 414
4 156 154 157 459
4 114 604 608 414
4 390 497 432 716
4 651 634 235 218
4 194 64 571 549
4 589 415 603 535
4 678 674 137 515
4 576 591 587 535
4 311 666 313 660
4 12 57 58 568
4 681 656 670 526
4 456 458 160 565
4 477 187 478 293
4 311 679 655 310
4 149 350 403 349
4 146 257 31 195
4 548 82 113 573
4 311 655 309 310
4 72 52 677 574
4 610 586 600 274
4 395 561 523 609
4 554 409 669 517
4 362 576 591 601
4 650 625 234 209
4 245 7 74 680
4 156 184 160 458
4 589 604 415 414
4 185 12 58 568
4 660 316 313 315
4 670 656 680 526
4 235 633 651 217
4 513 182 186 181
4 448 590 601 545
4 395 561 609 595
4 603 587 591 535
4 536 469 568 146
4 146 257 536 581
4 116 520 354 527
4 157 463 551 459
4 31 257 581 533
4 553 602 599 584
4 653 667 681 258
4 161 190 22 360
4 551 173 157 459
4 602 553 405 584
4 545 590 318 580
4 448 576 587 446
4 254 9 542 91
4 90 566 105 104
4 527 264 550 583
4 313 311 660 315
4 661 123 325 676
4 582 260 552 174
4 566 90 542 104
4 84 83 111 271
4 79 80 534 683
4 585 523 447 522
4 114 608 10 475
4 33 148 149 350
4 270 563 533 125
4 679 665 655 310
4 571 194 549 275
4 587 106 252 603
4 679 666 658 312
4 677 115 574 520
4 351 444 119 555
4 583 607 264 597
4 260 138 460 577
4 184 160 458 565
4 297 168 193 143
4 666 120 313 660
4 257 536 568 146
4 73 74 656 247
4 666 679 655 311
4 601 590 121 545
4 156 157 173 459
4 12 0 246 195
4 405 561 605 595
4 150 182 529 189
4 406 553 405 602
4 50 51 6 560
4 583 550 593 611
4 158 536 30 146
4 363 589 591 535
4 185 552 13 174
4 647 633 231 217
4 170 182 187 293
4 532 593 600 599
4 410 30 536 581
4 12 57 568 195
4 173 260 174 138
4 566 89 90 105
4 552 13 58 185
4 685 78 77 504
4 415 589 363 535
4 589 591 606 363
4 363 589 415 414
4 296 168 167 193
4 318 590 120 580
4 396 363 606 341
4 160 470 456 565
4 159 185 469 146
4 678 510 124 676
4 550 531 532 611
4 585 596 449 609
4 112 83 548 271
4 192 15 16 238
4 185 568 146 195
4 84 111 471 271
4 608 475 396 498
4 535 587 576 446
4 449 523 447 585
4 448 590 545 580
4 560 520 115 527
4 548 600 532 274
4 605 395 588 609
4 469 185 568 146
4 115 574 520 560
4 52 72 51 574
4 61 15 60 577
4 154 172 157 462
4 405 561 395 605
4 584 553 405 471
4 532 593 611 600
4 448 590 580 449
4 449 523 585 609
4 647 651 633 217
4 633 235 231 217
4 571 82 35 275
4 467 469 468 159
4 580 590 596 449
4 185 58 552 568
4 532 406 550 593
4 593 550 532 611
4 599 111 112 271
4 596 555 580 449
4 568 185 12 195
4 591 576 362 535
4 523 585 609 595
4 684 8 81 570
4 362 363 591 535
4 606 124 608 396
4 582 469 467 159
4 552 469 185 568
4 710 506 438 380
4 710 438 506 697
4 700 383 486 690
4 700 486 383 485
4 711 697 695 704
4 711 695 697 688
4 99 716 253 439
4 253 716 99 690
4 32 450 359 491
4 359 450 32 2
4 709 255 537 698
4 709 537 255 579
4 707 424 433 287
4 707 433 424 699
4 714 514 544 451
4 714 544 514 703
4 416 497 689 267
4 416 689 497 556
4 125 244 55 7
4 125 55 244 533
4 22 340 359 2
4 22 359 340 358
4 668 407 490 131
4 490 407 668 492
4 125 581 30 563
4 125 30 581 31
4 207 620 215 626
4 207 215 620 205
4 623 204 631 210
4 631 204 623 621
4 220 615 639 222
4 220 639 615 636
4 220 638 634 199
4 220 634 638 636
4 303 28 487 476
4 303 487 28 27
4 624 236 631 652
4 624 631 236 224
4 652 208 215 640
4 215 208 652 236
4 508 487 142 476
4 508 142 487 175
4 28 142 487 476
4 28 487 142 175
4 631 627 215 211
4 215 627 631 652
4 215 236 631 211
4 631 236 215 652
4 628 613 228 128
4 28 228 613 128
4 28 613 228 200
4 212 197 644 38
4 110 644 197 38
4 110 197 644 616
4 301 27 299 303
4 301 299 27 26
4 222 107 635 615
4 222 635 107 41
4 131 199 24 25
4 131 24 199 638
4 164 472 289 392
4 289 472 164 176
4 219 632 235 198
4 219 235 632 618
4 216 635 651 202
4 216 651 635 614
4 228 214 629 198
4 629 214 228 628
4 629 632 228 198
4 228 632 629 628
4 644 630 213 614
4 213 630 644 212
4 213 216 644 614
4 644 216 213 212
4 158 142 468 171
4 466 468 142 171
4 466 142 468 508
4 258 677 52 574
4 258 52 677 667
4 613 224 234 200
4 234 224 613 624
4 640 197 650 208
4 650 197 640 616
4 364 518 672 517
4 669 672 518 517
4 669 518 672 663
4 183 169 477 298
4 477 169 183 178
4 477 488 183 298
4 183 488 477 178
4 223 132 23 619
4 23 132 223 24
4 106 203 222 42
4 222 203 106 639
4 641 203 220 639
4 220 203 641 225
4 619 225 636 641
4 619 636 225 223
4 549 17 248 194
4 549 248 17 63
4 269 194 147 549
4 269 147 194 180
4 114 254 718 9
4 114 718 254 569
4 421 23 361 133
4 421 361 23 524
4 577 14 260 138
4 577 260 14 60
4 6 574 72 677
4 72 574 6 51
4 649 18 243 232
4 649 243 18 71
4 233 68 242 648
4 233 242 68 21
4 232 125 240 31
4 232 240 125 649
4 648 35 239 113
4 648 239 35 233
4 321 144 524 489
4 321 524 144 24
4 613 228 625 628
4 613 625 228 200
4 214 625 228 628
4 214 228 625 200
4 197 644 209 212
4 197 209 644 616
4 630 209 644 212
4 630 644 209 616
4 142 468 411 158
4 142 411 468 508
4 519 518 662 364
4 519 662 518 663
4 672 662 518 364
4 672 518 662 663

CELL_TYPES 3779
1
1
1
1
1
1
1
1
1
1
1
1
3
3
3
3
3
3
3
3
3
3
3
3
3
3
3
3
3
3
3
3
3
3
3
3
3
3
3
3
3
3
3
3
3
3
3
3
3
3
3
3
3
3
3
3
3
3
3
3
3
3
3
3
3
3
3
3
3
3
3
3
3
3
3
3
3
3
3
3
3
3
3
3
3
3
3
3
3
3
3
3
3
3
3
3
3
3
3
3
3
3
3
3
3
3
3
3
3
3
3
3
3
3
3
3
3
3
3
3
3
3
3
3
3
3
3
3
3
3
3
3
3
3
3
3
3
3
3
3
3
3
3
3
3
3
3
3
3
3
3
3
3
3
3
3
5
5
5
5
5
5
5
5
5
5
5
5
5
5
5
5
5
5
5
5
5
5
5
5
5
5
5
5
5
5
5
5
5
5
5
5
5
5
5
5
5
5
5
5
5
5
5
5
5
5
5
5
5
5
5
5
5
5
5
5
5
5
5
5
5
5
5
5
5
5
5
5
5
5
5
5
5
5
5
5
5
5
5
5
5
5
5
5
5
5
5
5
5
5
5
5
5
5
5
5
5
5
5
5
5
5
5
5
5
5
5
5
5
5
5
5
5
5
5
5
5
5
5
5
5
5
5
5
5
5
5
5
5
5
5
5
5
5
5
5
5
5
5
5
5
5
5
5
5
5
5
5
5
5
5
5
5
5
5
5
5
5
5
5
5
5
5
5
5
5
5
5
5
5
5
5
5
5
5
5
5
5
5
5
5
5
5
5
5
5
5
5
5
5
5
5
5
5
5
5
5
5
5
5
5
5
5
5
5
5
5
5
5
5
5
5
5
5
5
5
5
5
5
5
5
5
5
5
5
5
5
5
5
5
5
5
5
5
5
5
5
5
5
5
5
5
5
5
5
5
5
5
5
5
5
5
5
5
5
5
5
5
5
5
5
5
5
5
5
5
5
5
5
5
5
5
5
5
5
5
5
5
5
5
5
5
5
5
5
5
5
5
5
5
5
5
5
5
5
5
5
5
5
5
5
5
5
5
5
5
5
5
5
5
5
5
5
5
5
5
5
5
5
5
5
5
5
5
5
5
5
5
5
5
5
5
5
5
5
5
5
5
5
5
5
5
5
5
5
5
5
5
5
5
5
5
5
5
5
5
5
5
5
5
5
5
5
5
5
5
5
5
5
5
5
5
5
5
5
5
5
5
5
5
5
5
5
5
5
5
5
5
5
5
5
5
5
5
5
5
5
5
5
5
5
5
5
5
5
5
5
5
5
5
5
5
5
5
5
5
5
5
5
5
5
5
5
5
5
5
5
5
5
5
5
5
5
5
5
5
5
5
5
5
5
5
5
5
5
5
5
5
5
5
5
5
5
5
5
5
5
5
5
5
5
5
5
5
5
5
5
5
5
5
5
5
5
5
5
5
5
5
5
5
5
5
5
5
5
5
5
5
5
5
5
5
5
5
5
5
5
5
5
5
5
5
5
5
5
5
5
5
5
5
5
5
5
5
5
5
5
5
5
5
5
5
5
5
5
5
5
5
5
5
5
5
5
5
5
5
5
5
5
5
5
5
5
5
5
5
5
5
5
5
5
5
5
5
5
5
5
5
5
5
5
5
5
5
5
5
5
5
5
5
5
5
5
5
5
5
5
5
5
5
5
5
5
5
5
5
5
5
5
5
5
5
5
5
5
5
5
5
5
5
5
5
5
5
5
5
5
5
5
5
5
5
5
5
5
5
5
5
5
5
5
5
5
5
5
5
5
5
5
5
5
5
5
5
5
5
5
5
5
5
5
5
5
5
5
5
5
5
5
5
5
5
5
5
5
5
5
5
5
5
5
5
5
5
5
5
5
5
5
5
5
5
5
5
5
5
5
5
5
5
5
5
5
5
5
5
5
5
5
5
5
5
5
5
5
5
5
5
5
5
5
5
5
5
5
5
5
5
5
5
5
5
5
5
5
5
5
5
5
5
5
5
5
5
5
5
5
5
5
5
5
5
5
5
5
5
5
5
5
5
5
5
5
5
5
5
5
5
5
5
5
5
5
5
5
5
5
5
5
5
5
5
5
5
5
5
5
5
5
5
5
5
5
5
5
5
5
5
5
5
5
5
5
5
5
5
5
5
5
5
5
5
5
5
5
5
5
5
5
5
5
5
5
5
5
5
5
5
5
5
5
5
5
5
5
5
5
5
5
5
5
5
5
5
5
5
5
5
5
5
5
5
5
5
5
5
5
5
5
5
5
5
5
5
5
5
5
5
5
5
5
5
5
5
5
5
5
5
5
5
5
5
5
5
5
5
5
5
5
5
5
5
5
5
5
5
5
5
5
5
5
5
5
5
5
5
5
5
5
5
5
5
5
5
5
5
5
5
5
5
5
5
5
5
5
5
5
5
5
5
5
5
5
5
5
5
5
5
5
5
5
5
5
5
5
5
5
5
5
5
5
5
5
5
5
5
5
5
5
5
5
5
5
5
5
5
5
5
5
5
5
5
5
5
5
5
5
5
5
5
5
5
5
5
5
5
5
5
5
5
5
5
5
5
5
5
5
5
5
5
5
5
5
5
5
5
5
5
5
5
5
5
5
5
5
5
5
5
5
5
5
5
5
5
5
5
5
5
5
5
5
5
5
5
5
5
5
5
5
5
5
5
5
5
5
5
5
5
5
5
5
5
5
5
5
5
5
5
5
5
5
5
5
5
5
5
5
5
5
5
5
5
5
5
5
5
5
5
5
5
5
5
5
5
5
5
5
5
5
5
5
5
5
5
5
5
5
5
5
5
5
5
5
5
5
5
5
5
5
5
5
5
5
5
5
5
5
5
5
5
5
5
5
5
5
5
5
5
5
5
5
5
5
5
5
5
5
5
5
5
5
5
5
5
5
5
5
5
5
5
5
5
5
5
5
5
5
5
5
5
5
5
5
5
5
5
5
5
5
5
5
5
5
5
5
5
5
5
5
5
5
5
5
5
5
5
5
5
5
5
5
5
5
5
5
5
5
5
5
5
5
5
5
5
5
5
5
5
5
5
5
5
5
5
5
5
5
5
5
5
5
5
5
5
5
5
5
5
5
5
5
5
5
5
5
5
5
5
5
5
5
5
5
5
5
5
5
5
5
5
5
5
5
5
5
5
5
5
5
5
5
5
5
5
5
5
5
5
5
5
5
5
5
5
5
5
5
5
5
5
5
5
5
5
5
5
5
5
5
5
5
5
5
5
5
5
5
5
5
5
5
5
5
5
5
5
5
5
5
5
5
5
5
5
5
5
5
5
5
5
5
5
5
5
5
5
5
5
5
5
5
5
5
5
5
5
5
5
5
5
5
5
5
5
5
5
5
5
5
5
5
5
5
5
5
5
5
5
5
5
5
5
5
5
5
5
5
5
5
5
5
5
5
5
5
5
5
5
5
5
5
5
5
5
5
5
10
10
10
10
10
10
10
10
10
10
10
10
10
10
10
10
10
10
10
10
10
10
10
10
10
10
10
10
10
10
10
10
10
10
10
10
10
10
10
10
10
10
10
10
10
10
10
10
10
10
10
10
10
10
10
10
10
10
10
10
10
10
10
10
10
10
10
10
10
10
10
10
10
10
10
10
10
10
10
10
10
10
10
10
10
10
10
10
10
10
10
10
10
10
10
10
10
10
10
10
10
10
10
10
10
10
10
10
10
10
10
10
10
10
10
10
10
10
10
10
10
10
10
10
10
10
10
10
10
10
10
10
10
10
10
10
10
10
10
10
10
10
10
10
10
10
10
10
10
10
10
10
10
10
10
10
10
10
10
10
10
10
10
10
10
10
10
10
10
10
10
10
10
10
10
10
10
10
10
10
10
10
10
10
10
10
10
10
10
10
10
10
10
10
10
10
10
10
10
10
10
10
10
10
10
10
10
10
10
10
10
10
10
10
10
10
10
10
10
10
10
10
10
10
10
10
10
10
10
10
10
10
10
10
10
10
10
10
10
10
10
10
10
10
10
10
10
10
10
10
10
10
10
10
10
10
10
10
10
10
10
10
10
10
10
10
10
10
10
10
10
10
10
10
10
10
10
10
10
10
10
10
10
10
10
10
10
10
10
10
10
10
10
10
10
10
10
10
10
10
10
10
10
10
10
10
10
10
10
10
10
10
10
10
10
10
10
10
10
10
10
10
10
10
10
10
10
10
10
10
10
10
10
10
10
10
10
10
10
10
10
10
10
10
10
10
10
10
10
10
10
10
10
10
10
10
10
10
10
10
10
10
10
10
10
10
10
10
10
10
10
10
10
10
10
10
10
10
10
10
10
10
10
10
10
10
10
10
10
10
10
10
10
10
10
10
10
10
10
10
10
10
10
10
10
10
10
10
10
10
10
10
10
10
10
10
10
10
10
10
10
10
10
10
10
10
10
10
10
10
10
10
10
10
10
10
10
10
10
10
10
10
10
10
10
10
10
10
10
10
10
10
10
10
10
10
10
10
10
10
10
10
10
10
10
10
10
10
10
10
10
10
10
10
10
10
10
10
10
10
10
10
10
10
10
10
10
10
10
10
10
10
10
10
10
10
10
10
10
10
10
10
10
10
10
10
10
10
10
10
10
10
10
10
10
10
10
10
10
10
10
10
10
10
10
10
10
10
10
10
10
10
10
10
10
10
10
10
10
10
10
10
10
10
10
10
10
10
10
10
10
10
10
10
10
10
10
10
10
10
10
10
10
10
10
10
10
10
10
10
10
10
10
10
10
10
10
10
10
10
10
10
10
10
10
10
10
10
10
10
10
10
10
10
10
10
10
10
10
10
10
10
10
10
10
10
10
10
10
10
10
10
10
10
10
10
10
10
10
10
10
10
10
10
10
10
10
10
10
10
10
10
10
10
10
10
10
10
10
10
10
10
10
10
10
10
10
10
10
10
10
10
10
10
10
10
10
10
10
10
10
10
10
10
10
10
10
10
10
10
10
10
10
10
10
10
10
10
10
10
10
10
10
10
10
10
10
10
10
10
10
10
10
10
10
10
10
10
10
10
10
10
10
10
10
10
10
10
10
10
10
10
10
10
10
10
10
10
10
10
10
10
10
10
10
10
10
10
10
10
10
10
10
10
10
10
10
10
10
10
10
10
10
10
10
10
10
10
10
10
10
10
10
10
10
10
10
10
10
10
10
10
10
10
10
10
10
10
10
10
10
10
10
10
10
10
10
10
10
10
10
10
10
10
10
10
10
10
10
10
10
10
10
10
10
10
10
10
10
10
10
10
10
10
10
10
10
10
10
10
10
10
10
10
10
10
10
10
10
10
10
10
10
10
10
10
10
10
10
10
10
10
10
10
10
10
10
10
10
10
10
10
10
10
10
10
10
10
10
10
10
10
10
10
10
10
10
10
10
10
10
10
10
10
10
10
10
10
10
10
10
10
10
10
10
10
10
10
10
10
10
10
10
10
10
10
10
10
10
10
10
10
10
10
10
10
10
10
10
10
10
10
10
10
10
10
10
10
10
10
10
10
10
10
10
10
10
10
10
10
10
10
10
10
10
10
10
10
10
10
10
10
10
10
10
10
10
10
10
10
10
10
10
10
10
10
10
10
10
10
10
10
10
10
10
10
10
10
10
10
10
10
10
10
10
10
10
10
10
10
10
10
10
10
10
10
10
10
10
10
10
10
10
10
10
10
10
10
10
10
10
10
10
10
10
10
10
10
10
10
10
10
10
10
10
10
10
10
10
10
10
10
10
10
10
10
10
10
10
10
10
10
10
10
10
10
10
10
10
10
10
10
10
10
10
10
10
10
10
10
10
10
10
10
10
10
10
10
10
10
10
10
10
10
10
10
10
10
10
10
10
10
10
10
10
10
10
10
10
10
10
10
10
10
10
10
10
10
10
10
10
10
10
10
10
10
10
10
10
10
10
10
10
10
10
10
10
10
10
10
10
10
10
10
10
10
10
10
10
10
10
10
10
10
10
10
10
10
10
10
10
10
10
10
10
10
10
10
10
10
10
10
10
10
10
10
10
10
10
10
10
10
10
10
10
10
10
10
10
10
10
10
10
10
10
10
10
10
10
10
10
10
10
10
10
10
10
10
10
10
10
10
10
10
10
10
10
10
10
10
10
10
10
10
10
10
10
10
10
10
10
10
10
10
10
10
10
10
10
10
10
10
10
10
10
10
10
10
10
10
10
10
10
10
10
10
10
10
10
10
10
10
10
10
10
10
10
10
10
10
10
10
10
10
10
10
10
10
10
10
10
10
10
10
10
10
10
10
10
10
10
10
10
10
10
10
10
10
10
10
10
10
10
10
10
10
10
10
10
10
10
10
10
10
10
10
10
10
10
10
10
10
10
10
10
10
10
10
10
10
10
10
10
10
10
10
10
10
10
10
10
10
10
10
10
10
10
10
10
10
10
10
10
10
10
10
10
10
10
10
10
10
10
10
10
10
10
10
10
10
10
10
10
10
10
10
10
10
10
10
10
10
10
10
10
10
10
10
10
10
10
10
10
10
10
10
10
10
10
10
10
10
10
10
10
10
10
10
10
10
10
10
10
10
10
10
10
10
10
10
10
10
10
10
10
10
10
10
10
10
10
10
10
10
10
10
10
10
10
10
10
10
10
10
10
10
10
10
10
10
10
10
10
10
10
10
10
10
10
10
10
10
10
10
10
10
10
10
10
10
10
10
10
10
10
10
10
10
10
10
10
10
10
10
10
10
10
10
10
10
10
10
10
10
10
10
10
10
10
10
10
10
10
10
10
10
10
10
10
10
10
10
10
10
10
10
10
10
10
10
10
10
10
10
10
10
10
10
10
10
10
10
10
10
10
10
10
10
10
10
10
10
10
10
10
10
10
10
10
10
10
10
10
10
10
10
10
10
10
10
10
10
10
10
10
10
10
10
10
10
10
10
10
10
10
10
10
10
10
10
10
10
10
10
10
10
10
10
10
10
10
10
10
10
10
10
10
10
10
10
10
10
10
10
10
10
10
10
10
10
10
10
10
10
10
10
10
10
10
10
10
10
10
10
10
10
10
10
10
10
10
10
10
10
10
10
10
10
10
10
10
10
10
10
10
10
10
10
10
10
10
10
10
10
10
10
10
10
10
10
10
10
10
10
10
10
10
10
10
10
10
10
10
10
10
10
10
10
10
10
10
10
10
10
10
10
10
10
10
10
10
10
10
10
10
10
10
10
10
10
10
10
10
10
10
10
10
10
10
10
10
10
10
10
10
10
10
10
10
10
10
10
10
10
10
10
10
10
10
10
10
10
10
10
10
10
10
10
10
10
10
10
10
10
10
10
10
10
10
10
10
10
10
10
10
10
10
10
10
10
10
10
10
10
10
10
10
10
10
10
10
10
10
10
10
10
10
10
10
10
10
10
10
10
10
10
10
10
10
10
10
10
10
10
10
10
10
10
10
10
10
10
10
10
10
10
10
10
10
10
10
10
10
10
10
10
10
10
10
10
10
10
10
10
10
10
10
10
10
10
10
10
10
10
10
10
10
10
10
10
10
10
10
10
10
10
10
10
10
10
10
10
10
10
10
10
10
10
10
10
10
10
10
10
10
10
10
10
10
10
10
10
10
10
10
10
10
10
10
10
10
10
10
10
10
10
10
10
10
10
10
10
10
10
10
10
10
10
10
10
10
10
10
10
10
10
10
10
10
10
10
10
10
10
10
10
10
10
10
10
10
10
10
10
10
10
10
10
10
10
10
10
10
10
10
10
10
10
10
10
10
10
10
10
10
10
10
10
10
10
10
10
10
10
10
10
10
10
10
10
10
10
10
10
10
10
10
10
10
10
10
10
10
10
10
10
10
10
10
10
10
10
10
10
10
10
10
10
10
10
10
10
10
10
10
10
10
10
10
10
10
10
10
10
10
10
10
10
10
10
10
10
10
10
10
10
10
10
10
10
10
10
10
10
10
10
10
10
10
10
10
10
10
10
10
10
10
10
10
10
10
10
10
10
10
10
10
10
10
10
10
10
10
10
10
10
10
10
10
10
10
10
10
10
10
10
10
10
10
10
10
10
10
10
10
10
10
10
10
10
10
10
10
10
10
10
10
10
10
10
10
10
10
10
10
10
10
10
10
10
10
10
10
10
10
10
10
10
10
10
10
10
10
10
10
10
10
10
10
10
10
10
10
10
10
10
10
10
10
10
10
10
10
10
10
10
10
10
10
10
10
10
10
10
10
10
10
10
10
10
10
10
10
10
10
10
10
10
10
10
10
10
10
10
10
10
10
10
10
10
10
10
10
10
10
10
10
10
10
10
10
10
10
10
10
10
10
10
10
10
10
10
10
10
10
10
10
10
10
10
10
10
10
10
10
10
10
10
10
10
10
10
10
10
10
10
10
10
10
10
10
10
10
10
10
10
10
10
10
10
10
10
10
10
10
10
10
10
10
10
10
10
10
10
10
10
10
10
10
10
10
10
10
10
10
10
10
10
10
10
10
10
10
10
10
10
10
10
10
10
10
10
10
10
10
10
10
10
10
10
10
10
10
10
10
10
10
10
10
10
10
10
10
