# vtk DataFile Version 2.0
whisker_body, Created by Gmsh 4.13.1 
ASCII
DATASET UNSTRUCTURED_GRID
POINTS 717 double
-8.874119674649524 -1.499999999999705 0
8.874119674649528 -1.499999999999699 0
-5.981526928574338 -1.499999999999915 36
5.981526928574286 -1.500000000000018 36
12 0 0
8.874119674649352 1.500000000000214 0
0 9 0
-8.87411967464935 1.500000000000212 0
4.916846385784335 0 90
5.981526928574236 1.500000000000118 36
0 6.166738554313734 36
-5.981526928574237 1.500000000000117 36
-7.584846902842285 -4.844594664205024 0
-5.092435961360746 -7.420720718329175 0
-1.792242851007811 -8.81974294200298 0
1.792242851007785 -8.819742942002986 0
5.092435961360731 -7.420720718329185 0
7.584846902842282 -4.844594664205029 0
-5.324471804789714 -1.5 0
-1.774823934929904 -1.5 0
1.774823934929906 -1.5 0
5.324471804789717 -1.5 0
-6.273207720616353 -1.5 32.40019651475905
-6.564160241677657 -1.5 28.80033266031779
-6.854477080584809 -1.5 25.20041762017884
-7.144235811842396 -1.5 21.60045637957232
-7.433501456634701 -1.5 18.00045716085012
-7.722329512485571 -1.5 14.4004229857747
-8.010767382600822 -1.5 10.80035660976593
-8.298855715859453 -1.5 7.200261722324385
-8.586629586016866 -1.5 3.600142456087042
-4.402446319201148 -4.318232370288994 36
-1.615234446128838 -5.951443697229967 36
1.615234446128696 -5.951443697230006 36
4.40244631920106 -4.318232370289085 36
8.586629586016866 -1.5 3.600142456087042
8.298855715859453 -1.5 7.200261722324385
8.010767382600825 -1.5 10.80035660976587
7.722329512485574 -1.5 14.40042298577465
7.433501456634701 -1.5 18.00045716085012
7.144235811842396 -1.5 21.60045637957232
6.854477080584809 -1.5 25.20041762017884
6.564160241677654 -1.5 28.80033266031784
6.273207720616353 -1.5 32.40019651475905
-1.993842309524796 -1.5 36
1.993842309524744 -1.5 36
11.34980690040761 3.896393630456207 0
9.469686112756717 7.370552552276022 0
6.563377897469113 10.04599773915035 0
2.945825845689581 11.63280319127197 0
-0.9909521456679979 11.95901391608004 0
-4.820345095835646 10.98927991986068 0
-8.127378859508902 8.82868692807757 0
-10.55368501447787 5.71136871644487 0
-11.83633564083267 1.975135083368787 0
-11.83633564083267 -1.975135083368821 0
-10.55368501447786 -5.711368716444897 0
-8.12737885950888 -8.828686928077589 0
-4.820345095835619 -10.9892799198607 0
-0.9909521456679715 -11.95901391608004 0
2.945825845689616 -11.63280319127196 0
6.563377897469155 -10.04599773915032 0
9.469686112756747 -7.370552552275983 0
11.34980690040762 -3.896393630456205 0
7.818029843080671 4.458520984889497 0
5.809475019311043 6.873863542433829 0
3.093156003024702 8.451768213868164 0
5.324471804789612 1.5 0
1.774823934929872 1.5 0
-1.774823934929868 1.5 0
-5.324471804789608 1.5 0
-3.093156003024702 8.451768213868164 0
-5.809475019311038 6.873863542433833 0
-7.818029843080673 4.458520984889494 0
3.476735421440674 3.476735421440667 90
1.012690292828946e-14 4.916846385784335 90
-3.476735421440661 3.47673542144068 90
-4.916846385784335 1.588676900374471e-14 90
-3.476735421440683 -3.476735421440658 90
-1.400432058674011e-14 -4.916846385784335 90
3.476735421440664 -3.476735421440678 90
11.69203679938193 0 3.91304347826087
11.38407359876386 0 7.826086956521739
11.07611039814578 0 11.73913043478261
10.76814719752771 0 15.65217391304348
10.46018399690964 0 19.56521739130435
10.15222079629157 0 23.47826086956522
9.844257595673493 0 27.39130434782609
9.536294395055421 0 31.30434782608696
9.228331194437349 0 35.21739130434783
8.920367993819276 0 39.1304347826087
8.612404793201204 0 43.04347826086957
8.304441592583132 0 46.95652173913044
7.996478391965059 0 50.8695652173913
7.688515191346986 0 54.78260869565218
7.380551990728914 0 58.69565217391305
7.072588790110841 0 62.60869565217391
6.764625589492769 0 66.52173913043478
6.456662388874697 0 70.43478260869566
6.148699188256625 0 74.34782608695652
5.840735987638553 0 78.26086956521739
5.532772787020479 0 82.17391304347827
5.224809586402407 0 86.08695652173914
6.273207720616353 1.5 32.40019651475905
6.564160241677657 1.5 28.80033266031779
6.854477080584809 1.5 25.20041762017884
7.144235811842396 1.5 21.60045637957232
7.433501456634701 1.5 18.00045716085012
7.722329512485571 1.5 14.4004229857747
8.010767382600822 1.5 10.80035660976593
8.298855715859453 1.5 7.200261722324385
8.586629586016866 1.5 3.600142456087042
4.766253599872917 3.912990035632328 36
2.636121951075113 5.574901385344801 36
0 8.716673855431374 3.6
0 8.433347710862748 7.199999999999999
0 8.15002156629412 10.8
0 7.866695421725494 14.4
0 7.583369277156867 18
0 7.30004313258824 21.6
0 7.016716988019614 25.2
0 6.733390843450987 28.8
0 6.450064698882361 32.4
-8.586629586016866 1.5 3.600142456087042
-8.298855715859453 1.5 7.200261722324385
-8.010767382600825 1.5 10.80035660976587
-7.722329512485574 1.5 14.40042298577465
-7.433501456634701 1.5 18.00045716085012
-7.144235811842396 1.5 21.60045637957232
-6.854477080584809 1.5 25.20041762017884
-6.564160241677654 1.5 28.80033266031784
-6.273207720616353 1.5 32.40019651475905
1.993842309524744 1.5 36
-1.993842309524746 1.5 36
-2.636121951075108 5.574901385344803 36
-4.766253599872914 3.912990035632334 36
-0.4395652221679169 -8.745740507519688 3.090404101888554
-6.699786393968385 -4.400462177501291 12.50690864311518
-6.036198179735027 -4.367696722141928 19.68612151671977
0.0003605936217746149 -6.380478215200452 33.28417997906294
6.746854963618212 -4.331894183790192 12.47984231576768
6.165848459765365 -4.173161134243395 19.75393631227242
-5.336074465146599 -4.352797332266535 26.85765146219881
5.3596713104281 -4.319460828700691 26.89153219586584
-7.361553114714825 -4.39796045272337 5.39725099821417
7.362600327446065 -4.396131189827578 5.397745442530677
-5.690321156995171 -4.359263251240589 23.27536788737973
-3.52752337353637 -6.41966678065331 21.28296429127935
-3.93511241440798 -6.508584109654556 17.71617411059065
-0.8036952981833807 -7.444616553325693 19.21339550851701
-1.214582122625755 -7.67319602616296 15.64478409968493
0.350170362569676 -7.223494119161783 22.46486639441202
2.081977773683109 -7.374107229606608 16.9960556538907
1.654803260355047 -7.763702340926052 13.49270579678769
-1.634630726345594 -7.882275086406048 12.0710695852633
1.229186516405489 -8.125791780827424 9.933262247666464
-2.072138484451416 -8.067606978012746 8.519914519315826
-2.964960986909091 -6.39817696055492 24.75442732132353
-2.731167582618516 -6.191234548238534 28.37448305504161
-4.958552194487008 -4.370907595930421 30.36785519550888
-3.227661534180863 -5.508274650028083 33.23601567566642
5.71369206968346 -4.326836487800699 23.28878723902629
3.172384812032801 -6.291233967072836 24.8301473757221
2.740449403211319 -6.183932519485297 28.41164829776686
3.655564391110916 -6.339463265918391 21.37285946835508
0.1206880094417157 -6.936759441540691 26.20261791479953
4.840682198060922 -4.482811200937262 30.52589214496647
3.227661534180742 -5.508274650028156 33.2360156756664
7.027590927151614 -4.414331655285316 8.907082282874152
5.329170148618648 -6.57488736250253 6.818105366010003
-7.022274976043532 -4.423124369341039 8.904772849790731
4.300846065104159 -6.95604365660077 10.44128710222614
6.535953432094876 -4.137204674459898 16.06930412782169
-6.365314004019599 -4.391028669766456 16.09952861623472
-4.295945437244633 -6.613750859998495 14.14838685608104
-5.104613954545702 -6.739415755565408 6.932558663918557
-4.709347471583361 -6.678999285426469 10.51653869490904
6.229979818960942 -6.1272102989549 3.327054878987697
-5.876745835550978 -6.472664637580472 3.27168575735707
0.5381268553462857 -8.471428406900081 6.499188160095894
-2.809744593691125 -8.119051610165876 5.19063882757483
4.46984727014265 -6.496301625958096 14.16077579563368
2.854970020573998 -8.182567807222735 4.239683682008582
-1.603359923016807 -6.361787861016806 30.99393210358298
1.717108657178726 -6.326806315775665 31.05803032632646
4.59029642992782 -6.059980571173551 17.76011373598321
-3.263121822512871 -8.183167819909642 2.416991609128388
0.01050740492066837 -6.714942427080229 29.03430489926289
-5.179673716974618 -3.694808057626979 33.51339369651847
5.07872755544927 -3.835875870999095 33.48664655144432
-7.781193445864385 -4.087739212651504 2.673735923601846
7.843109863948659 -3.973380645250881 2.64082245698587
2.915246932313812 -7.854265432920188 7.905332452752069
1.73602479557807 -7.24782305325209 19.65861948990195
0.0005350286108658509 -1.5 3.18311765096183
-4.748840777709296 -1.5 12.34960350810728
4.171177933737077 -1.5 19.54994537952719
-3.590471546672926 -1.5 26.74878239686001
4.327594758637122 -1.5 12.64280349055466
-4.168241375515288 -1.5 19.5484134622446
3.150468354839138 -1.5 30.35190719879573
5.542473166998692 -1.5 5.278633732561088
-5.541938138387827 -1.5 5.278591382561288
-2.664535259100376e-14 -1.5 32.56177131906475
-5.075002217822667 -1.5 8.771290331284838
-1.642330999925431 -1.5 10.377316930041
-1.542434596458409 -1.5 14.07653767712535
5.008972249005225 -1.5 8.816319786612686
1.920131196217131 -1.5 6.491586457942613
-1.968233004306067 -1.5 6.536315678461792
-4.467698429141664 -1.5 15.97804709941961
-1.340155357135848 -1.5 17.5411324997869
-0.9945703210296557 -1.5 21.10412225258589
1.831620701625567 -1.5 15.96592083465598
4.473507222422274 -1.5 23.15654738898141
-3.893812145000843 -1.5 23.14949030336803
-0.7679461366293019 -1.5 24.78859660592216
-0.2560359799766445 -1.5 28.5831815099595
3.03505248512667 -1.5 26.23058448588775
-3.299175224375079 -1.5 30.34922239054438
1.801123567042678 -1.5 10.27326409120609
5.097244872624007 -1.5 16.11190997027252
-3.367081714272424 -1.5 2.905471261739911
3.361546390194285 -1.5 2.900151396201891
0.9789619140331816 -1.5 19.37884587672294
3.421001586781989 -1.5 33.35306643297248
-3.421474613634962 -1.5 33.35362875665525
6.099870198232068 -1.5 2.575419655540278
-6.099870198232074 -1.5 2.575419655540278
1.004230540507516 -1.5 12.8522285242854
1.527396767717713 -1.5 22.54688320339164
0.001504614817495309 -1.5 8.340544041370498
-4.257588456451371e-14 -3.572240761103948 36
4.098470638881822 -9.479816147688613 0
-7.099295739719495 7.814668436628774e-14 0
7.099295739719569 1.698500362568311e-13 0
1.27675647831893e-15 -5.551115123125783e-17 0
3.549647869859776 -5.551115123125783e-17 0
-3.549647869859773 1.110223024625157e-16 0
-10.35522765774104 6.750155989720952e-14 0
-9.770542543260142 3.411256196175788 0
-9.712246808200572 -3.507774616004609 0
-8.077142184094621 6.468110042961442 0
7.177586718607229 -7.420466418490129 0
5.764599195947361 3.237472051704273 68.46748326698527
8.741677369090041 3.408690619534037 33.25524839412602
7.450507123565069 3.307315586002351 48.89870621251336
8.909873244888256 -3.730089387592388 29.74316850209621
5.392052753219706 -3.274245444183336 72.31963636715948
8.111539840234119 -3.335203565050087 41.03541898028437
7.110547908283585 -3.319035307261666 52.76848133008502
9.730326812786142 3.413378980404432 21.4523419561569
-11.09527489538307 3.809012682760124 3.419408766471423
-6.416186870288138 -9.820705100301478 3.419408766471416
9.946985602869171 -3.75278710061548 17.39014944193766
-2.879762434608167 11.37192468062311 3.419408766471418
-4.81382179879814 1.846358055041051 86.96424421928202
5.037353481095154 3.260803561309366 76.22900163682509
4.677600194425128 -3.245052061620394 80.13796914691699
4.712243512000855 -10.74283313214681 3.41940876647142
6.440061691463135 3.290313835838942 60.5842948149534
8.111539840237693 3.335203565040566 41.03541898028838
5.766163418068077 -3.842022732574841 64.43432111332541
10.35125691545187 3.492555976670721 13.66449576237022
7.945113376504878 8.630693833987415 3.419408766471512
-11.1174378139469 -3.764105711853455 3.336997618869287
10.71886229871806 -3.360370264523445 9.742374045642428
-2.048755284049052 -4.743407069926543 86.82221029776808
3.927821726089059 3.680015194137531 84.08450305376027
10.31700692552853 -5.583284939902463 3.41940876647138
11.08870751245454 3.174964786762889 5.917412176368185
6.098925562037504 3.278528243388248 64.49314949025536
7.77974593057135 3.330406456502844 44.9465869410723
9.094343945447442 3.357518118786978 29.29632453249093
4.633890564153878 3.309959604438369 80.11736287041585
2.245111946727049 5.419455397031635 77.9387026843978
2.717721299667238 5.538010251606549 74.09090388949909
-0.8098043775931323 5.99056686059649 75.66476666489878
3.606036897995343 5.739879147307726 66.34389926331667
-1.303555165944654 5.593832351298094 79.49368848735193
-4.048102767597868 4.340078904785804 77.06399245818241
-3.732932829529023 4.994360936185704 73.24800601720904
-5.794347628591457 2.013075688461115 74.53357973820434
-5.756665005885074 2.870268972084233 70.74122231406888
-5.733230450279997 1.097936748246028 78.30308563278922
-5.803417196848899 -1.702340835068242 75.62805384736667
-5.07314549488015 -2.715829944188755 79.35851470350026
-3.615735769103191 -4.75918151530135 76.53072023509152
-4.682797225943906 -4.163697418556442 72.85513721467247
-1.783880475082527 -5.428261660349039 79.87291723697376
-3.318036299981277 5.629852963760333 69.44097964398622
-5.61452630644846 3.71369739379364 66.94135448052684
-6.63699301450694 0.1400352571825304 68.12469576704549
-6.856037486504301 1.053288307472133 64.3382028767476
5.667466398767137 6.08603962135703 46.80645145151239
-6.322330265456933 -2.643359942910001 65.40291233996092
-6.930332327018805 -1.751750495099331 61.64674411545214
-6.953478254966139 1.999288753724797 60.54261536387728
-7.399099988890328 -0.8268358066712672 57.87478874018154
-6.967164037984605 2.870382827361319 56.72962311495709
-7.742286823238009 0.1100661332413381 54.08943497272722
-5.96143658171614 -4.328524628354931 58.86598161389695
-6.883218059122197 3.744476291984151 52.91115188989005
7.165677313353173 6.307940018696876 31.17375735052528
-7.973968800476707 1.043391191297114 50.2918854483302
-7.48778636834238 -2.693605330058891 51.36431520015142
-8.056636363784277 -1.796212976143843 47.59185926145608
-6.329551205016632 -5.178512979404046 48.56270188892398
-7.218655105141272 -4.436144278275353 44.81731204007976
-8.507508351328175 -0.8735120713927299 43.80800931563096
-7.985995268558431 -3.621014200137267 41.05917898540094
-8.850640733200882 0.05896667874877176 40.01390777496396
-8.636599844059285 -2.754765066903946 37.28895275660161
-8.154171217948551 2.862533694719518 42.66710953863443
-8.137685041657504 3.709600512189926 38.8387442284746
-6.646246673722293 -6.05455243150657 38.2385389599874
-7.596317455114902 -5.33956921180167 34.49473673889618
-4.484607399022958 -7.107511833913439 45.69059601520056
-4.734881937716757 -7.908251151232483 35.3569190840809
-5.941206396386761 -7.425444944977878 31.64174591881748
-8.439242457173478 -4.535430470546987 30.73937159269794
-7.012083066440323 -6.851336187423304 27.90820389669984
-9.158754256596708 -3.698768508792701 26.9697802943315
-7.984827590382269 -6.18245263341242 24.16054006418692
-9.749081570202765 -2.905261277158656 23.21723025115565
-9.96068639190233 -0.03755486022760562 25.91103667154081
-10.21786485687558 0.9324301865160507 22.10471676714882
-8.858780545611063 -5.437610599953103 20.39982909740346
-9.353346265016643 3.682852213583276 24.74803202401936
-9.302775012656976 4.546593033092263 20.90961779491971
-7.457091090875528 6.889945191468843 23.47077346122995
-7.170828556799676 7.610244193413582 19.61311662397072
-5.058661360973383 -8.662064557985605 25.01822821093112
-4.571662084127618 9.187023219953229 22.08781296661998
-4.943777276252899 8.642386962911081 25.96519706406235
-4.15693995520813 9.714728433411127 18.21123241242004
-10.33503211724645 2.138807482587856 18.37288893900552
-6.870312181263912 8.281951755707674 15.74724241075762
-6.302867403542987 6.058022130717879 41.39448540748592
-6.002958357112066 6.765759476087866 37.54754769312896
5.277936568885915 6.024089531221364 50.70872741237943
-1.551545819498972 9.952224289815124 24.49196241955207
-2.024717277437317 9.554792960273428 28.37343680321757
-2.485434672181545 -9.115634221062143 32.42121238507645
-3.354722624900964 8.192010580753831 39.99533072770006
2.533902876955062 7.78054761477052 48.50261452142114
-5.159403873505176 5.212509579715653 59.28529021671866
-3.744020471219743 10.20742294062863 14.32746350955694
-0.643388731999415 10.66548118721866 16.71031632742879
-0.2082029889286576 10.98989348687332 12.80956326188783
-1.114294135227171 -9.09090611640883 36.09905984456142
-6.558284353352939 8.912624693528747 11.87355657216082
-3.235202642277582 -7.43972618661228 49.39270392116122
-0.8230273262487363 -8.305662861191445 46.42413818245713
-8.036272207782654 4.569743821977186 35.00957667861395
2.102243864277265 7.590342990020957 52.39929132995884
1.380797737283812 -9.29488849757664 33.07563988821743
2.937266075654228 10.40416900674363 15.1097085350506
3.376500629315734 10.59313860580831 11.20377661859862
7.53339728104263 6.355650401409194 27.2384735529528
2.74280107930552 -8.688459112607653 36.70685981993583
-6.536160180187451 5.338434519134322 45.24412104716765
-2.907969849098285 8.68245756746026 36.13018627725502
0.1903088033198271 8.9687140664712 38.49048748903256
2.509994309410311 10.19884230383265 19.01910360739902
-2.928840209987719 6.178594289171993 65.59417813487542
5.821938060325476 8.900436083926383 17.33829434765191
-9.044911965922068 6.189440739848606 13.21560695557857
-0.4390498561329117 -9.669045653644281 29.49099116475728
-1.065417069721249 7.987426925543494 50.08570006026542
0.7974721387422417 -8.019139213719207 50.07903579590504
3.133949939900048 -7.687008674613599 46.99631478855895
-1.79901346198311 -7.614339274449776 53.06140652883953
0.6847095853243864 9.251126370232672 34.60622927432566
3.758277824715966 8.285291602203806 36.8754276320094
5.134976789255241 -7.819650013920144 33.60866672609124
-8.819934211333024 7.000613678786244 9.395690502687758
-10.55496903263738 3.63776700299618 10.61907290460159
5.479282774905277 8.753080459469865 21.26238477884543
-1.516515348835432 7.602888721578226 53.96757273833793
1.662688937065556 7.384733330131126 56.29358901983034
-2.172214867417849 -8.357927522683088 42.74884162484133
-9.332338347300759 2.825143946283961 28.58148224085024
3.351074389064792 8.129337226988731 40.74953967021197
-0.5652349764522631 8.344204787027659 46.20830744442033
-5.344771588443861 8.037295463882552 29.83180067492266
-1.026684839060817 -6.126564780876014 73.54358074429194
-2.544964391268877 -5.973964931470513 69.96714832993952
1.620291525135649 9.755310515428755 26.82337197731211
2.126389777155479 -7.482166782587277 53.63982237492448
-0.4577751083563143 -7.520936333885374 56.73504526749296
3.339008093064955 -6.704104798758358 57.31016081434685
0.8947416911011891 -7.191911692965588 60.38807865760527
0.2522412558096638 11.29587784004564 8.910940023758378
3.805759744433565 10.77371788769819 7.29151089262428
6.679253738507234 9.04987085131045 9.557839862839327
-6.195806305809965 9.534281891009288 7.997283810292494
6.440350020667047 -6.403409619220667 37.07737756926964
4.033296723839664 -7.851505938226717 40.31844377913897
7.463441956873019 -5.628835066677543 33.69573627353016
-5.541746562125244 0.1441045623541551 82.03608799187819
-8.488597743400602 7.794113151778089 6.047097471624123
1.093165110268234 -6.346677107837504 70.64480129359266
-0.2547528935645729 -6.720897160743001 67.01603602061891
3.424717584128609 -5.737336340560113 67.57483442489995
4.463904016345029 -5.658806481055858 60.89406873463535
4.050366719003712 5.821385708286853 62.36425825231084
5.916003281232016 -4.521821569347948 57.86145481608208
6.043121561733475 6.158702880755612 42.84049551543804
4.162012441995428 8.435016200024396 32.9605638572383
6.746972874832169 6.306657560577678 35.12553783729199
8.293798869698419 6.389011738068731 19.44918843362376
8.563378801743312 6.540379913255412 15.56073718219567
1.592282724236336 5.338474565364333 81.68974808303875
-1.901333552746915 5.113837528931508 83.15118823817123
6.52636915766725 -7.050427857101611 30.40093647876471
7.648183174431315 -6.288611807996507 26.66291702773124
4.964961928927726 -8.479419725601202 27.62255858968716
5.997417796293925 -8.154795962488965 23.85294259714664
2.475694840364318 -9.748656322775687 24.67418565222671
3.722915701113894 -9.653038454367641 21.01511899370272
0.005337678276684078 -10.28099011220927 21.84207397198149
1.241200570971185 -10.50036913404314 18.12574440799503
4.927389349691142 -9.43076262209166 17.27515457983425
2.500616124802208 -10.5750324988115 14.40039523693711
-1.316096216308061 -10.72470287907562 15.18195312323184
-0.0400436655681249 -11.09670508068182 11.47653214952333
-3.841770249411985 -10.35120259676136 12.18357426972065
6.076754654140953 -9.092462466011852 13.51723797735437
-5.00427918148256 -9.516834589072777 15.85294348979357
-7.170709306442077 -8.33346279760292 12.78380680965858
-2.619207296345621 -11.02420490379133 8.499453167635222
8.441329647802066 -5.725419146275009 22.87336682717659
1.239526486601193 -11.32195068797577 7.755864508371818
-1.044663675704584 -11.5692882890477 4.874644447774196
-8.073147759413384 -7.031678731757641 16.44076996446076
-9.602276876057035 -5.273943593148558 13.27440165282181
-9.013634461203626 -6.711124926841244 9.686560220932126
-10.59980894176123 -3.63227117806006 10.10295314487478
-10.81566872374022 -1.543782740195486 13.65548906800162
-6.080768034368943 -8.516842334908166 19.50638083021146
8.210660962994242 -6.87388973635618 16.41401392090525
8.879353288170149 -6.516627297517505 12.52765444068606
7.128139387502724 -8.681182608460661 9.749610414371658
-9.998738706513906 -3.748583935163435 16.79345384769138
-1.270256641833086 -9.908829562387202 25.54051750759641
4.662194133320933 8.521541728341614 29.05231506276274
5.039819681490084 -3.257890743433243 76.22279286888316
2.284701350899005 -5.401979773433438 77.94929399849227
2.749424182560043 -5.516650039598939 74.15561137495793
4.311926756871684 -3.226424224017219 84.04647073102491
2.001397874983374 -5.183166825338109 81.87686713169398
1.565777075178143 -4.947209822633408 86.54095420693572
1.761513893630722 4.844257952405719 86.9792201091807
5.433711285664384 3.204128955763616 72.32291496476921
-1.089243270592413 10.32105816568014 20.60468399979951
2.071241691425739 9.983376049791737 22.92235256286298
5.153565984387483 8.595495021102538 25.13205330950228
3.203855357500843 5.618905328498141 70.28899368083069
-0.2810481255422713 6.346115905559953 71.76037258604848
6.779440519845119 3.300173638123657 56.66936995791579
8.430599569149406 3.368565377794603 37.1190220987333
7.457185511834965 -3.285830633651695 48.93151826186603
4.953968236744129 -6.305424339576692 50.58671559731673
7.56847673303799 -3.780429017204123 44.97855026188662
9.430440388569069 3.331516003327835 25.39195107847993
7.925323979212249 6.355566988869613 23.39292906635162
-6.755155452726695 4.535520173120666 49.09008142181968
-2.484445453071071 9.12773458485006 32.27617244609579
-8.106705971189006 1.965363786340262 46.48510602523613
10.05889069157067 3.400406082616405 17.5587068010019
8.931460117609927 6.569620713793803 11.59542035390338
10.68870248361231 3.461746559296651 9.716387300528565
9.062252084171229 6.971590475866694 7.196640091293182
-5.691333070935828 7.415236135183116 33.70236337675411
-9.161729252019819 5.444545678011695 17.05923973901957
-5.63393292471985 -6.624805368790746 41.97484936320801
-6.790838840733591 -3.54748384539233 55.12458267821624
-6.285589193247459 -0.8266705698548268 71.92071055679415
-10.6813773680402 2.067186060074179 14.23639119097713
-3.371590601696466 10.65326012454799 10.49458685625207
-2.734287623455367 -10.15631476919437 18.83135981167717
3.693538346659655 -10.53208861208545 10.66096397016026
-4.910719894932584 5.846423343509079 55.46041124624669
-9.165584290786038 -1.895482607684885 33.55036064208675
-9.097645135865749 0.9448048906177783 36.25622373372933
0.2828420970040734 -8.866278772024591 39.76039460270825
1.743228697314353 -8.403256605400422 43.42770254401695
-3.747930851351392 7.681420851701195 43.87452274825642
-5.455765111003051 4.430261618218279 63.17542445779711
-4.117280544563512 7.13945073489495 47.75516536939466
-4.458765654375605 6.56160953727721 51.6738747989666
6.789191074686482 -7.897904651809207 20.14068361761898
-4.988838813566391 -5.014918754201393 62.59395567026509
-3.870591393448651 -5.567962952980006 66.31206340493367
-3.473859047874605 -8.223003272567905 39.05033015655859
-4.13874562697844 -6.365283954256764 56.00259826738617
6.248453338630771 8.985197716358364 13.41437882443364
-2.951336362025565 -6.678212156089676 59.70271186103916
-1.610068390187356 -6.824988006626428 63.37434758517542
2.884484693821841 7.982108991213772 44.63304450149182
-6.159934866466087 -9.444521891461312 9.201762659780716
2.58170479854855 -6.469204546952517 63.9715613636451
-3.897100199186321 -8.928662599939079 28.68940920635997
-5.469896212179871 -3.613095220070223 69.17927922365864
5.09768138140163 -6.889107610808039 43.58134882519878
-7.87816391140164 5.385917628232131 31.21599860894719
-9.256767642862727 1.901675343674914 32.39973546185856
1.134491694932622 9.514996367839389 30.71862829008434
-4.363354139505034 3.580971193554824 80.75222023383324
-2.05504208825043 7.155617941615354 57.87843418284808
-2.470711928252401 6.699745669781604 61.7420035486998
0.7467157809599236 11.57453325545099 5.100334898114384
7.115538402500456 3.303309178760301 52.79532269998597
4.888880742785934 5.953345568146978 54.59256647113397
4.495115443460168 5.874276761711473 58.48873776589681
-7.692197828674809 6.151462520258933 27.3261456648127
6.364019387257514 6.26578759441269 38.99671103153085
-9.614646582781196 -0.9526508147544459 29.71057292621078
-0.2373183467888253 8.663746330213536 42.34983061821067
0.6339947846911266 6.92523669473831 64.11300894516104
0.155974393340638 6.648413969104802 67.97510356853911
1.119073757842366 7.175839750959733 60.19468621948711
-5.317580523074755 -5.821277395834181 52.29351940783942
-4.757858964287186 -1.995478762198179 86.91837312448672
-4.058103025003204 -3.603697702964136 83.51494746382573
8.459933270260169 -3.261700444923955 37.2682291928053
7.876344472320989 -8.690279376118887 3.449709868083569
8.234659532111918 -7.987143703755508 6.710372369073411
-9.333650253507063 -7.111639931310467 3.376767841566813
4.712559026357229 10.74355243242771 3.409428593027145
-11.73666604211394 0.04718123912198326 3.344770207887467
-11.31581770093242 1.843238772360134 6.798354595906376
-2.028639665938816 4.754743585760059 86.79067135187265
-6.124737957308378 10.01156676267865 3.348922987539255
10.37438242949847 -3.418166534787381 13.68473125006553
5.101546290289569 -10.24109500795747 7.097592927429215
5.20052481124527 -5.705060091384946 54.3868612022002
10.7944439180774 -3.990289559647764 6.246834122918475
-10.17522162734103 -5.299295238581845 6.702850308116549
10.23355556339107 5.767975609077463 3.212942893686832
5.683725420963696 -3.384239393170938 68.42331018044642
9.401147598951734 -3.40413451248103 25.43165577541522
-2.974354221660326 11.06082645294084 6.940611360509951
5.934515816598457 -5.782954547354258 47.18835617922843
-8.107438689818784 -8.13757971245394 6.518506090414399
-10.28087007384603 -1.755344927134722 19.95323358258622
-11.16065586761004 0.3719233723331896 10.58615884893157
-3.568444371589022 -9.613037193867696 22.18518010764026
-11.30683205442915 -1.968657328476251 6.646156704280425
6.590856131140781 -2.905778081219963 60.95190949548759
-10.40400302869044 4.812144066060741 6.82343116943465
-0.8915070854252293 -5.336294837953798 83.73068633488215
3.811608296029338 -8.801243768686591 30.60728076544906
1.897307655295425 -11.60407697037597 3.072840409693865
9.903457113001146 -3.025464213557961 20.89810450147137
-4.955153604504642 -10.37998867617834 6.326746462534988
6.688521600338142 9.347778019772802 6.426443803806096
-4.388664491208097 3.122858132705743 84.03456479640253
-0.729398212586393 -5.916009885950743 76.73524973687002
-9.284076323146282 7.267493878086428 2.664832569357432
6.306795193110823 -6.184409856557187 40.24004557478095
9.055697087968944 -2.428121685718231 33.34646910716525
4.326193519401213 -2.783957517392799 87.10678197913089
4.326193519407976 2.783957517382265 87.10678197913106
-3.935335500322198 -11.09133327102552 2.937736189036495
11.42395651398019 2.851827827667638 2.864788304020534
-10.67725983208911 -0.6258910119734413 16.57411736987625
3.898917408095543 -5.136643792655402 70.53503349588647
11.33740895388608 -3.13888013127002 2.999898724501324
9.322733212271325 -6.297299357874326 9.525794447557702
-6.366612488148969 -8.012615969357547 22.43852855840019
8.825520383575123 -5.625488849065236 19.49205934446667
-5.320692329878739 -0.0359768608763914 84.86710528709906
0.968178681016068 11.7908244205425 2.153604920403892
2.303111701787518 -9.549451982761745 27.65815606021505
7.162791563321224 -2.610619787092593 55.60606631805743
0.7193269455650483 5.304796517525377 84.45376558042899
2.853135717559456 -11.21318905603937 5.457577404882909
3.0752442912171 8.008363613034318 5.355403900544791
6.772582918785803 4.287212011849165 12.50939649435472
6.156179808071659 4.195768332777456 19.69417242740976
6.755388806333396 5.617658137566788 2.719442449965965
3.905445728521592 5.005750487488598 33.68390531735172
5.359671310428183 4.319460828700591 26.89153219586582
2.915962402766553 7.158636195965931 16.14016024259633
3.052324352047799 6.479654806839668 23.346583164087
2.854758467943109 7.793838098046405 8.891619776383068
5.67260143164248 6.259253043442553 7.022886039702201
5.038959693727036 4.269558868856572 30.43691746732307
2.81607364968585 7.503994567348946 12.51562730632271
6.507002557641022 4.179064227369795 16.09352731528107
2.875165228353407 6.86900405241425 19.73957577964346
5.751819067400838 4.27454013025998 23.30002346097416
4.416076185386062 7.60215235869057 2.646369699986671
7.192088232088039 4.109796207874306 9.103853224547228
7.468954717070112 4.230647156572657 5.286814420901619
2.745964971496507 6.306699650446501 26.95526954924015
2.530270748353923 6.090121073580174 30.56052269674487
5.295142054656623 6.218679314745216 10.57601318655462
5.007293615531862 6.089455907294565 14.18253666362182
5.488369069234807 3.133858870226549 34.05175770077611
1.6910495247714 6.085281817782113 34.10501535114566
4.831628405095741 5.866031717852207 17.79289886300734
2.380615287720375 8.480998138821224 2.429641891092611
7.964242163820731 3.773814603544679 2.374718806609845
5.539941759709144 6.626774648970168 4.606962245342539
4.641355483518947 5.665143140410277 21.2998917223044
-0.0005350286108694036 1.5 3.183117650961824
4.748840777709296 1.5 12.34960350810728
-4.171177933737077 1.5 19.54994537952719
3.590471546672926 1.5 26.74878239686002
-4.327594758637121 1.5 12.64280349055466
4.168241375515288 1.5 19.5484134622446
-3.150468354839143 1.5 30.35190719879573
-5.542473166998693 1.5 5.278633732561081
5.541938138387827 1.5 5.278591382561282
0 1.5 32.56177131906476
5.075002217822667 1.5 8.771290331284838
1.642330999925433 1.5 10.377316930041
1.542434596458409 1.5 14.07653767712534
-5.008972249005227 1.5 8.816319786612684
-1.920131196217133 1.5 6.491586457942608
1.968233004306066 1.5 6.536315678461786
4.467698429141664 1.5 15.97804709941961
1.340155357135848 1.5 17.54113249978689
0.9945703210296557 1.5 21.10412225258589
-1.831620701625562 1.5 15.96592083465597
-4.473507222422274 1.5 23.15654738898142
3.893812145000846 1.5 23.14949030336803
0.7679461366293019 1.5 24.78859660592217
0.256035979976641 1.5 28.5831815099595
-3.03505248512667 1.5 26.23058448588775
3.299175224375078 1.5 30.34922239054438
-1.80112356704268 1.5 10.2732640912061
-5.097244872624007 1.5 16.11190997027252
-3.36154639019427 1.5 2.900151396201882
3.367081714272409 1.5 2.905471261739903
-0.978961914033178 1.5 19.37884587672294
-3.421001586781985 1.5 33.35306643297248
3.421474613634958 1.5 33.35362875665527
-6.099870198232059 1.5 2.575419655540261
6.099870198232066 1.5 2.575419655540262
-1.004230540507505 1.5 12.85222852428539
-1.527396767717711 1.5 22.54688320339165
-0.001504614817500638 1.5 8.340544041370496
-3.07524429121715 8.0083636130343 5.355403900544788
-6.771829287235138 4.28840709556191 12.50936392918867
-6.155450169153519 4.196758214348317 19.69474841578387
-6.755388806333395 5.617658137566789 2.719442449965965
-3.905445728521587 5.005750487488601 33.68390531735172
-5.359671310428137 4.319460828700644 26.89153219586585
-3.063030854641413 7.09606736591292 16.15049938226355
-3.052324352046859 6.479654806840069 23.34658316408747
-3.047000161075742 7.719182214925348 8.909665318337399
-5.662435361826937 6.268396424794159 7.02340325096193
-3.081586978255032 7.401289708175503 12.48783884127693
-5.038959693754108 4.26955886882233 30.43691746734189
-6.507643171337778 4.178219590121413 16.09247702646712
-3.058060881411352 6.788777456105027 19.74858232815995
-5.751819067398439 4.274540130263399 23.30002346097272
-4.416076185386055 7.602152358690572 2.646369699986681
-7.190286861342223 4.113749232802186 9.098791509788706
-7.467387502556694 4.233147726645702 5.288475359333533
-2.745964971495155 6.306699650447032 26.95526954924081
-2.530270748374856 6.090121073571496 30.56052269674463
-5.225351273694437 6.278665756548485 10.56400577148084
-5.012676537388184 6.085942391076628 14.17354527925979
-5.486650167940713 3.133068164404694 34.07570604629483
-1.818411269111466 6.053896737604487 34.03867192556801
-4.838691790020899 5.859642612436716 17.79842593926885
-2.333476080019397 8.499991371286644 2.35732266823282
-7.972925755722931 3.746326199752618 2.423982936874842
-5.5287181048795 6.636399788495588 4.604440071093685
-4.627228625587949 5.663153399531798 21.43312417149047
0.5473750369420712 1.321480237890017 90
-0.7398602367303317 -1.78618061777492 90
2.201188615676791 -0.935382126248411 90
-2.217890441286627 0.8950603523447548 90
-0.8326888029207471 3.839061462260307 36
-2.131628207280301e-14 -3.019806626980426e-14 44.12650960917137
-0.001828342262377269 0.0009158994791640396 52.01173135406781
-0.007835910039673877 0.01053089872291757 60.56461789964073
-0.08686094654019882 0.08272229976103773 67.18166850706297
0.009295863657630576 -0.00326568689639628 74.5904347749747
0.01989984410289569 0.001988045991586862 80.26975421229992
-0.3185174087841007 -0.1402809495263375 85.27627891924412
-3.296543026413097 0.8062896274900244 48.05401464994553
3.905722255353202 2.220446049250313e-16 40.6384944744034
-3.816147181629594 0.8357488959434418 40.77078063706699
2.014325358550253 2.659949399113522 48.06927884378212
2.801040303045343 0.106505779164745 56.2900321805819
2.146814115489722 -2.45611518874802 48.06990381487926
0.5842531594418818 3.867760861293569 40.88109532244233
0.8008279400543972 -3.993063948291938 41.09250716333886
-2.573643410673825 -0.9617837421270501 56.28745794162351
-0.622268044023766 3.276716359346725 55.61402721105655
-2.062994298085113 -3.315453477532806 46.50556795596473
-1.587492248549101 4.026313400918571 45.39746561849593
-1.491231619041529 1.992124960217649 71.01199773477026
1.776490484199411 -1.348604572998307 70.8463782592077
1.828670786861177 2.30517189390782 63.8709073035447
-2.29321325172136 -1.781991489640478 63.86627170567948
3.488116900134051 2.800579861202631 43.96188205586557
0.5073816344591005 -3.485007621628179 58.03148459055652
-3.203604507308057 -3.104423148897475 42.36919621481249
-0.8705005540959649 -4.060381821183543 50.74745318545365
-1.440417490005096 3.750779210464635 50.54021005720107
1.756523033428005 -3.28741506090918 53.99951266978536
3.43153980095247 -2.474216560491103 44.03825982367381
2.953893433280388 2.956708690328179 52.38209909229309
-2.995175514668897 4.397091846094954 39.62638253920584
-4.105814550277773 0.7296316318078393 52.14430919311602
-0.02410547439977706 -3.241851231905457e-14 39.32320259785621
1.977606028549276 -1.96697512008244 63.79368515349314
3.980036896594717 -0.9303381092944931 51.44039471440028
-2.215373071865129 2.305754778992421 64.48697196304093

CELLS 3738 17014
1 0
1 1
1 2
1 3
1 4
1 5
1 6
1 7
1 8
1 9
1 10
1 11
2 0 12
2 12 13
2 13 14
2 14 15
2 15 16
2 16 17
2 17 1
2 0 18
2 18 19
2 19 20
2 20 21
2 21 1
2 2 22
2 22 23
2 23 24
2 24 25
2 25 26
2 26 27
2 27 28
2 28 29
2 29 30
2 30 0
2 2 31
2 31 32
2 32 33
2 33 34
2 34 3
2 1 35
2 35 36
2 36 37
2 37 38
2 38 39
2 39 40
2 40 41
2 41 42
2 42 43
2 43 3
2 2 44
2 44 45
2 45 3
2 4 46
2 46 47
2 47 48
2 48 49
2 49 50
2 50 51
2 51 52
2 52 53
2 53 54
2 54 55
2 55 56
2 56 57
2 57 58
2 58 59
2 59 60
2 60 61
2 61 62
2 62 63
2 63 4
2 5 64
2 64 65
2 65 66
2 66 6
2 5 67
2 67 68
2 68 69
2 69 70
2 70 7
2 6 71
2 71 72
2 72 73
2 73 7
2 8 74
2 74 75
2 75 76
2 76 77
2 77 78
2 78 79
2 79 80
2 80 8
2 4 81
2 81 82
2 82 83
2 83 84
2 84 85
2 85 86
2 86 87
2 87 88
2 88 89
2 89 90
2 90 91
2 91 92
2 92 93
2 93 94
2 94 95
2 95 96
2 96 97
2 97 98
2 98 99
2 99 100
2 100 101
2 101 102
2 102 8
2 9 103
2 103 104
2 104 105
2 105 106
2 106 107
2 107 108
2 108 109
2 109 110
2 110 111
2 111 5
2 9 112
2 112 113
2 113 10
2 6 114
2 114 115
2 115 116
2 116 117
2 117 118
2 118 119
2 119 120
2 120 121
2 121 122
2 122 10
2 7 123
2 123 124
2 124 125
2 125 126
2 126 127
2 127 128
2 128 129
2 129 130
2 130 131
2 131 11
2 9 132
2 132 133
2 133 11
2 10 134
2 134 135
2 135 11
3 12 190 0
3 0 190 30
3 1 191 17
3 35 191 1
3 22 188 2
3 2 188 31
3 34 189 3
3 3 189 43
3 13 178 12
3 178 190 12
3 14 186 13
3 13 186 178
3 15 136 14
3 136 186 14
3 16 182 15
3 15 182 136
3 17 177 16
3 177 182 16
3 17 191 177
3 23 159 22
3 159 188 22
3 24 142 23
3 142 159 23
3 25 146 24
3 24 146 142
3 26 138 25
3 138 146 25
3 27 173 26
3 26 173 138
3 28 137 27
3 137 173 27
3 29 170 28
3 28 170 137
3 30 144 29
3 144 170 29
3 30 190 144
3 31 160 32
3 31 188 160
3 32 139 33
3 32 160 139
3 33 167 34
3 139 167 33
3 167 189 34
3 36 145 35
3 145 191 35
3 37 168 36
3 36 168 145
3 38 140 37
3 140 168 37
3 39 172 38
3 38 172 140
3 40 141 39
3 141 172 39
3 41 161 40
3 40 161 141
3 42 143 41
3 143 161 41
3 43 166 42
3 42 166 143
3 43 189 166
3 179 180 136
3 136 182 179
3 180 186 136
3 170 176 137
3 137 174 173
3 137 176 174
3 138 147 146
3 138 148 147
3 138 173 148
3 160 183 139
3 139 184 167
3 183 184 139
3 140 171 168
3 140 181 171
3 172 181 140
3 161 164 141
3 164 185 141
3 141 185 172
3 146 157 142
3 157 158 142
3 158 159 142
3 143 162 161
3 143 163 162
3 143 166 163
3 144 175 170
3 144 178 175
3 144 190 178
3 168 169 145
3 169 177 145
3 177 191 145
3 147 157 146
3 148 149 147
3 149 151 147
3 151 157 147
3 148 150 149
3 148 174 150
3 173 174 148
3 150 152 149
3 149 193 151
3 152 193 149
3 150 153 152
3 150 154 153
3 150 174 154
3 151 165 157
3 151 164 162
3 162 165 151
3 151 193 164
3 153 181 152
3 181 185 152
3 185 193 152
3 154 155 153
3 155 171 153
3 171 181 153
3 154 156 155
3 154 176 156
3 174 176 154
3 156 179 155
3 155 192 171
3 179 192 155
3 156 176 175
3 175 180 156
3 156 180 179
3 157 165 158
3 158 183 159
3 165 187 158
3 158 187 183
3 159 183 160
3 160 188 159
3 162 164 161
3 163 165 162
3 163 187 165
3 166 184 163
3 184 187 163
3 164 193 185
3 167 184 166
3 166 189 167
3 168 171 169
3 171 192 169
3 169 182 177
3 169 192 182
3 175 176 170
3 172 185 181
3 178 180 175
3 178 186 180
3 182 192 179
3 183 187 184
3 0 228 18
3 30 228 0
3 21 227 1
3 1 227 35
3 2 226 22
3 44 226 2
3 43 225 3
3 3 225 45
3 18 222 19
3 18 228 222
3 19 194 20
3 19 222 194
3 20 223 21
3 194 223 20
3 223 227 21
3 22 219 23
3 22 226 219
3 23 197 24
3 23 219 197
3 24 215 25
3 197 215 24
3 25 199 26
3 25 215 199
3 26 210 27
3 199 210 26
3 27 195 28
3 27 210 195
3 28 204 29
3 195 204 28
3 29 202 30
3 29 204 202
3 202 228 30
3 35 201 36
3 35 227 201
3 36 207 37
3 201 207 36
3 37 198 38
3 37 207 198
3 38 221 39
3 198 221 38
3 39 196 40
3 39 221 196
3 40 214 41
3 196 214 40
3 41 218 42
3 214 218 41
3 42 200 43
3 42 218 200
3 200 225 43
3 45 203 44
3 203 226 44
3 45 225 203
3 194 209 208
3 208 223 194
3 194 222 209
3 195 205 204
3 195 206 205
3 195 210 206
3 196 221 213
3 213 224 196
3 196 230 214
3 224 230 196
3 197 216 215
3 197 217 216
3 197 219 217
3 207 220 198
3 213 221 198
3 198 229 213
3 220 229 198
3 199 211 210
3 199 212 211
3 199 215 212
3 200 217 203
3 203 225 200
3 200 218 217
3 201 208 207
3 201 223 208
3 201 227 223
3 204 209 202
3 209 222 202
3 222 228 202
3 217 219 203
3 219 226 203
3 205 209 204
3 206 229 205
3 205 231 209
3 205 229 220
3 220 231 205
3 210 211 206
3 211 213 206
3 213 229 206
3 208 220 207
3 209 231 208
3 208 231 220
3 212 224 211
3 211 224 213
3 215 216 212
3 216 230 212
3 212 230 224
3 214 230 218
3 217 218 216
3 218 230 216
3 44 2 31
3 34 3 45
3 32 232 31
3 31 232 44
3 33 232 32
3 34 232 33
3 45 232 34
3 44 232 45
3 7 234 0
3 0 239 7
3 12 241 0
3 0 234 18
3 55 239 0
3 0 241 55
3 5 4 1
3 4 63 1
3 1 235 5
3 1 63 17
3 21 235 1
3 46 4 5
3 64 46 5
3 5 235 67
3 50 49 6
3 6 49 66
3 6 71 50
3 7 239 54
3 54 240 7
3 70 234 7
3 7 240 73
3 12 13 57
3 56 12 57
3 56 241 12
3 13 14 58
3 57 13 58
3 14 15 59
3 58 14 59
3 16 233 15
3 59 15 60
3 15 233 60
3 17 243 16
3 61 233 16
3 16 243 61
3 17 63 62
3 62 243 17
3 18 238 19
3 18 234 70
3 70 238 18
3 19 236 20
3 69 236 19
3 19 238 69
3 20 237 21
3 20 236 68
3 68 237 20
3 67 235 21
3 21 237 67
3 47 46 64
3 48 47 65
3 65 47 64
3 49 48 66
3 66 48 65
3 50 71 51
3 51 72 52
3 71 72 51
3 52 242 53
3 72 242 52
3 53 240 54
3 73 240 53
3 53 242 73
3 54 239 55
3 55 241 56
3 60 233 61
3 61 243 62
3 67 237 68
3 68 236 69
3 69 238 70
3 73 242 72
3 46 566 4
3 4 569 63
3 4 566 81
3 81 569 4
3 8 564 74
3 80 563 8
3 8 563 102
3 102 564 8
3 47 540 46
3 540 566 46
3 48 264 47
3 264 540 47
3 49 530 48
3 48 530 264
3 50 574 49
3 49 574 530
3 51 255 50
3 255 574 50
3 52 534 51
3 51 534 255
3 53 560 52
3 52 560 534
3 54 252 53
3 252 560 53
3 55 531 54
3 54 531 252
3 56 265 55
3 265 531 55
3 57 529 56
3 56 529 265
3 58 253 57
3 253 529 57
3 59 565 58
3 58 565 253
3 60 554 59
3 59 554 434
3 434 565 59
3 61 259 60
3 259 554 60
3 62 527 61
3 61 527 259
3 63 269 62
3 269 527 62
3 63 569 269
3 74 453 75
3 74 564 453
3 75 533 76
3 453 533 75
3 76 256 77
3 76 533 256
3 77 524 78
3 256 524 77
3 78 267 79
3 78 524 267
3 79 452 80
3 267 452 79
3 452 563 80
3 81 270 82
3 82 538 81
3 81 566 270
3 538 569 81
3 83 266 82
3 82 472 83
3 266 538 82
3 270 472 82
3 83 263 84
3 84 535 83
3 83 472 263
3 83 535 266
3 85 254 84
3 84 470 85
3 254 535 84
3 263 470 84
3 85 251 86
3 86 555 85
3 85 470 251
3 85 555 254
3 86 465 87
3 87 542 86
3 251 465 86
3 542 555 86
3 88 247 87
3 87 273 88
3 247 542 87
3 87 465 273
3 88 245 89
3 89 562 88
3 88 273 245
3 88 562 247
3 89 461 90
3 90 526 89
3 245 461 89
3 526 562 89
3 91 249 90
3 90 261 91
3 249 526 90
3 90 461 261
3 91 272 92
3 92 464 91
3 91 464 249
3 261 272 91
3 92 246 93
3 93 462 92
3 92 272 246
3 462 464 92
3 94 250 93
3 93 513 94
3 246 513 93
3 250 462 93
3 94 460 95
3 95 576 94
3 94 576 250
3 94 513 460
3 95 260 96
3 96 550 95
3 95 460 260
3 95 550 407
3 407 576 95
3 97 262 96
3 96 271 97
3 260 271 96
3 262 550 96
3 97 244 98
3 98 541 97
3 97 271 244
3 97 541 262
3 99 248 98
3 98 454 99
3 244 454 98
3 248 541 98
3 99 257 100
3 100 447 99
3 99 447 248
3 99 454 257
3 101 258 100
3 100 274 101
3 257 274 100
3 258 447 100
3 101 268 102
3 102 450 101
3 101 450 258
3 101 274 268
3 268 564 102
3 102 563 450
3 271 278 244
3 278 458 244
3 244 458 454
3 273 303 245
3 303 410 245
3 410 461 245
3 272 294 246
3 294 340 246
3 340 513 246
3 399 415 247
3 247 562 399
3 415 416 247
3 416 542 247
3 447 449 248
3 449 568 248
3 248 568 541
3 464 505 249
3 505 561 249
3 249 561 526
3 250 463 462
3 250 537 463
3 250 576 537
3 411 466 251
3 251 470 411
3 251 466 465
3 531 532 252
3 532 551 252
3 551 560 252
3 253 545 529
3 253 556 545
3 253 565 556
3 441 535 254
3 254 572 441
3 555 572 254
3 255 543 512
3 512 574 255
3 534 543 255
3 256 573 524
3 533 558 256
3 558 573 256
3 257 275 274
3 257 276 275
3 257 454 276
3 258 448 447
3 258 451 448
3 450 451 258
3 527 536 259
3 536 578 259
3 259 578 554
3 260 406 271
3 260 515 406
3 460 515 260
3 261 408 272
3 261 517 408
3 461 517 261
3 404 502 262
3 262 541 404
3 262 502 405
3 405 550 262
3 412 470 263
3 263 471 412
3 263 472 471
3 473 540 264
3 264 557 473
3 530 557 264
3 529 539 265
3 265 549 531
3 539 549 265
3 266 535 442
3 442 570 266
3 266 570 538
3 267 552 452
3 524 525 267
3 525 552 267
3 274 413 268
3 413 577 268
3 453 564 268
3 268 577 453
3 269 528 527
3 269 538 528
3 269 569 538
3 270 473 472
3 270 540 473
3 270 566 540
3 271 406 278
3 272 408 294
3 273 359 303
3 273 465 359
3 275 413 274
3 276 277 275
3 277 279 275
3 279 413 275
3 276 459 277
3 454 458 276
3 458 459 276
3 277 280 279
3 277 281 280
3 277 459 281
3 406 520 278
3 278 521 458
3 520 521 278
3 280 509 279
3 279 414 413
3 279 509 414
3 281 282 280
3 282 284 280
3 284 509 280
3 281 283 282
3 281 290 283
3 281 459 290
3 283 478 282
3 282 285 284
3 282 478 285
3 290 291 283
3 291 292 283
3 292 478 283
3 285 286 284
3 286 400 284
3 400 509 284
3 285 287 286
3 285 288 287
3 285 478 288
3 287 289 286
3 289 525 286
3 286 525 400
3 288 386 287
3 287 559 289
3 386 559 287
3 288 387 386
3 288 504 387
3 478 504 288
3 448 451 289
3 289 559 448
3 451 552 289
3 289 552 525
3 290 365 291
3 290 521 365
3 459 521 290
3 291 293 292
3 291 489 293
3 365 489 291
3 293 295 292
3 295 504 292
3 292 504 478
3 293 296 295
3 293 297 296
3 293 489 297
3 294 345 340
3 294 500 345
3 408 500 294
3 296 493 295
3 493 494 295
3 494 504 295
3 297 298 296
3 298 301 296
3 301 493 296
3 297 299 298
3 297 346 299
3 297 489 346
3 299 300 298
3 300 477 298
3 298 477 301
3 299 302 300
3 299 483 302
3 346 483 299
3 302 304 300
3 304 305 300
3 305 477 300
3 477 496 301
3 301 498 493
3 496 498 301
3 302 467 304
3 302 491 467
3 483 491 302
3 359 446 303
3 409 410 303
3 303 446 409
3 304 306 305
3 304 469 306
3 467 469 304
3 306 307 305
3 307 523 305
3 305 523 477
3 306 308 307
3 306 309 308
3 306 469 309
3 308 317 307
3 317 352 307
3 352 523 307
3 309 310 308
3 310 476 308
3 308 476 317
3 309 311 310
3 309 313 311
3 309 469 313
3 311 312 310
3 312 315 310
3 315 476 310
3 311 485 312
3 313 314 311
3 314 485 311
3 312 316 315
3 312 484 316
3 312 485 484
3 313 338 314
3 313 361 338
3 313 469 361
3 338 339 314
3 339 354 314
3 354 485 314
3 316 318 315
3 318 495 315
3 315 495 476
3 316 319 318
3 316 320 319
3 316 484 320
3 317 353 352
3 317 381 353
3 317 476 381
3 319 343 318
3 343 350 318
3 350 495 318
3 320 321 319
3 321 503 319
3 319 503 343
3 320 322 321
3 320 518 322
3 484 518 320
3 322 323 321
3 323 332 321
3 332 503 321
3 322 324 323
3 322 325 324
3 322 518 325
3 324 327 323
3 327 571 323
3 323 571 332
3 325 326 324
3 326 546 324
3 324 546 327
3 325 328 326
3 325 382 328
3 325 518 382
3 328 329 326
3 329 336 326
3 336 546 326
3 435 440 327
3 327 444 435
3 440 571 327
3 327 546 444
3 328 330 329
3 328 516 330
3 382 516 328
3 330 331 329
3 331 475 329
3 329 475 336
3 330 333 331
3 330 334 333
3 330 516 334
3 333 335 331
3 335 337 331
3 337 475 331
3 445 503 332
3 332 548 445
3 332 571 548
3 334 341 333
3 333 455 335
3 341 455 333
3 334 342 341
3 334 385 342
3 334 516 385
3 335 347 337
3 335 348 347
3 335 455 348
3 475 479 336
3 479 567 336
3 336 567 546
3 347 351 337
3 351 367 337
3 367 475 337
3 338 344 339
3 338 488 344
3 361 488 338
3 344 362 339
3 339 474 354
3 362 474 339
3 345 355 340
3 355 514 340
3 340 514 513
3 342 388 341
3 388 456 341
3 341 456 455
3 385 468 342
3 342 508 388
3 468 508 342
3 343 356 350
3 343 368 356
3 343 503 368
3 344 363 362
3 344 519 363
3 488 519 344
3 345 369 355
3 345 384 369
3 345 500 384
3 346 510 483
3 489 511 346
3 346 511 510
3 348 349 347
3 349 480 347
3 347 480 351
3 348 357 349
3 348 364 357
3 348 455 364
3 357 358 349
3 358 393 349
3 393 480 349
3 356 360 350
3 360 486 350
3 486 495 350
3 351 376 367
3 351 396 376
3 351 480 396
3 353 370 352
3 370 372 352
3 372 523 352
3 353 371 370
3 353 487 371
3 381 487 353
3 474 506 354
3 354 507 485
3 506 507 354
3 369 379 355
3 379 380 355
3 380 514 355
3 356 375 360
3 368 553 356
3 356 553 375
3 357 497 358
3 364 366 357
3 366 497 357
3 358 394 393
3 358 395 394
3 358 497 395
3 359 457 446
3 359 466 457
3 465 466 359
3 375 397 360
3 397 398 360
3 398 486 360
3 361 469 467
3 467 490 361
3 361 490 488
3 363 373 362
3 373 468 362
3 468 474 362
3 363 374 373
3 363 383 374
3 363 519 383
3 364 378 366
3 364 456 378
3 455 456 364
3 365 511 489
3 365 520 511
3 365 521 520
3 378 411 366
3 411 412 366
3 412 497 366
3 376 377 367
3 377 479 367
3 367 479 475
3 368 503 445
3 445 575 368
3 368 575 553
3 369 491 379
3 384 490 369
3 490 491 369
3 371 463 370
3 370 389 372
3 370 463 389
3 371 544 463
3 487 505 371
3 505 544 371
3 389 390 372
3 390 496 372
3 496 523 372
3 374 409 373
3 409 508 373
3 373 508 468
3 383 517 374
3 374 410 409
3 374 517 410
3 375 399 397
3 375 415 399
3 375 553 415
3 376 551 377
3 396 401 376
3 401 551 376
3 377 547 479
3 532 547 377
3 377 551 532
3 378 466 411
3 456 457 378
3 457 466 378
3 379 510 380
3 379 491 483
3 483 510 379
3 510 522 380
3 380 515 514
3 380 522 515
3 476 495 381
3 486 487 381
3 381 495 486
3 382 507 506
3 506 516 382
3 382 518 507
3 383 500 408
3 408 517 383
3 383 519 500
3 488 490 384
3 384 519 488
3 500 519 384
3 385 474 468
3 385 506 474
3 385 516 506
3 387 402 386
3 402 449 386
3 449 559 386
3 387 403 402
3 387 494 403
3 387 504 494
3 446 457 388
3 388 508 446
3 388 457 456
3 389 391 390
3 389 537 391
3 463 537 389
3 391 392 390
3 392 498 390
3 390 498 496
3 391 405 392
3 391 407 405
3 391 537 407
3 405 502 392
3 392 499 498
3 392 502 499
3 394 512 393
3 393 543 480
3 512 543 393
3 395 557 394
3 394 530 512
3 394 557 530
3 471 473 395
3 395 497 471
3 473 557 395
3 396 534 401
3 480 543 396
3 396 543 534
3 397 561 398
3 399 526 397
3 526 561 397
3 398 487 486
3 398 505 487
3 398 561 505
3 399 562 526
3 400 558 509
3 525 573 400
3 400 573 558
3 534 560 401
3 401 560 551
3 403 404 402
3 404 568 402
3 402 568 449
3 403 502 404
3 494 499 403
3 499 502 403
3 541 568 404
3 407 550 405
3 515 522 406
3 406 522 520
3 537 576 407
3 446 508 409
3 410 517 461
3 411 470 412
3 471 497 412
3 414 577 413
3 509 558 414
3 414 558 533
3 533 577 414
3 415 417 416
3 415 553 417
3 417 418 416
3 418 432 416
3 432 542 416
3 417 419 418
3 417 575 419
3 553 575 417
3 419 420 418
3 420 492 418
3 418 492 432
3 419 421 420
3 419 445 421
3 419 575 445
3 421 422 420
3 422 423 420
3 423 492 420
3 421 481 422
3 445 548 421
3 421 548 481
3 422 424 423
3 422 425 424
3 422 481 425
3 424 428 423
3 428 441 423
3 441 492 423
3 425 426 424
3 426 482 424
3 424 482 428
3 425 427 426
3 425 429 427
3 425 481 429
3 427 431 426
3 431 433 426
3 433 482 426
3 429 430 427
3 430 501 427
3 427 501 431
3 428 442 441
3 428 443 442
3 428 482 443
3 429 435 430
3 429 440 435
3 429 481 440
3 435 436 430
3 436 437 430
3 437 501 430
3 431 434 433
3 431 556 434
3 501 556 431
3 492 572 432
3 432 555 542
3 432 572 555
3 434 578 433
3 433 536 482
3 433 578 536
3 554 578 434
3 556 565 434
3 435 444 436
3 436 438 437
3 436 439 438
3 436 444 439
3 438 539 437
3 437 545 501
3 539 545 437
3 439 547 438
3 438 549 539
3 547 549 438
3 444 567 439
3 479 547 439
3 439 567 479
3 481 548 440
3 548 571 440
3 442 535 441
3 441 572 492
3 443 570 442
3 482 536 443
3 443 536 528
3 528 570 443
3 546 567 444
3 448 449 447
3 448 559 449
3 450 452 451
3 450 563 452
3 452 552 451
3 453 577 533
3 458 521 459
3 513 514 460
3 514 515 460
3 463 544 462
3 462 544 464
3 464 544 505
3 467 491 490
3 472 473 471
3 477 523 496
3 485 507 484
3 507 518 484
3 493 499 494
3 498 499 493
3 545 556 501
3 511 522 510
3 520 522 511
3 530 574 512
3 524 573 525
3 528 536 527
3 538 570 528
3 529 545 539
3 531 549 532
3 532 549 547
3 64 5 605
3 5 111 605
3 6 66 604
3 114 6 604
3 103 9 601
3 9 112 601
3 113 10 602
3 10 122 602
3 65 64 582
3 582 64 605
3 66 65 594
3 65 582 594
3 66 594 604
3 104 103 589
3 589 103 601
3 105 104 584
3 584 104 589
3 106 105 593
3 105 584 593
3 107 106 581
3 581 106 593
3 108 107 591
3 107 581 591
3 109 108 580
3 580 108 591
3 110 109 595
3 109 580 595
3 111 110 596
3 110 595 596
3 111 596 605
3 112 113 583
3 112 583 601
3 583 113 602
3 115 114 579
3 579 114 604
3 116 115 587
3 115 579 587
3 117 116 590
3 116 587 590
3 118 117 585
3 585 117 590
3 119 118 592
3 118 585 592
3 120 119 586
3 586 119 592
3 121 120 597
3 120 586 597
3 122 121 598
3 121 597 598
3 122 598 602
3 587 579 588
3 588 579 606
3 594 579 604
3 579 594 606
3 580 591 600
3 595 580 599
3 599 580 600
3 591 581 603
3 581 593 607
3 603 581 607
3 594 582 606
3 596 582 605
3 582 596 606
3 589 583 598
3 583 589 601
3 598 583 602
3 584 586 593
3 586 584 597
3 584 589 597
3 585 590 600
3 592 585 603
3 585 600 603
3 586 592 607
3 593 586 607
3 587 588 599
3 590 587 599
3 595 588 596
3 588 595 599
3 596 588 606
3 597 589 598
3 590 599 600
3 600 591 603
3 592 603 607
3 5 67 642
3 111 5 642
3 70 7 641
3 7 123 641
3 9 103 640
3 132 9 640
3 131 11 639
3 11 133 639
3 67 68 637
3 67 637 642
3 68 69 608
3 68 608 637
3 69 70 636
3 608 69 636
3 636 70 641
3 103 104 633
3 103 633 640
3 104 105 611
3 104 611 633
3 105 106 629
3 611 105 629
3 106 107 613
3 106 613 629
3 107 108 624
3 613 107 624
3 108 109 609
3 108 609 624
3 109 110 618
3 609 109 618
3 110 111 616
3 110 616 618
3 616 111 642
3 123 124 615
3 123 615 641
3 124 125 621
3 615 124 621
3 125 126 612
3 125 612 621
3 126 127 635
3 612 126 635
3 127 128 610
3 127 610 635
3 128 129 628
3 610 128 628
3 129 130 632
3 628 129 632
3 130 131 614
3 130 614 632
3 614 131 639
3 133 132 617
3 617 132 640
3 133 617 639
3 608 622 623
3 622 608 636
3 608 623 637
3 609 618 619
3 609 619 620
3 609 620 624
3 610 627 635
3 627 610 638
3 610 628 644
3 638 610 644
3 611 629 630
3 611 630 631
3 611 631 633
3 621 612 634
3 627 612 635
3 612 627 643
3 634 612 643
3 613 624 625
3 613 625 626
3 613 626 629
3 614 617 631
3 617 614 639
3 614 631 632
3 615 621 622
3 615 622 636
3 615 636 641
3 618 616 623
3 623 616 637
3 637 616 642
3 631 617 633
3 633 617 640
3 619 618 623
3 620 619 643
3 619 623 645
3 619 634 643
3 634 619 645
3 624 620 625
3 625 620 627
3 627 620 643
3 622 621 634
3 623 622 645
3 622 634 645
3 626 625 638
3 625 627 638
3 629 626 630
3 630 626 644
3 626 638 644
3 628 632 644
3 631 630 632
3 632 630 644
3 71 6 671
3 6 114 671
3 7 73 672
3 123 7 672
3 122 10 669
3 10 134 669
3 11 131 668
3 135 11 668
3 72 71 661
3 661 71 671
3 73 72 649
3 649 72 661
3 73 649 672
3 114 115 646
3 114 646 671
3 115 116 654
3 646 115 654
3 116 117 656
3 654 116 656
3 117 118 652
3 117 652 656
3 118 119 659
3 652 118 659
3 119 120 653
3 119 653 659
3 120 121 664
3 653 120 664
3 121 122 665
3 664 121 665
3 665 122 669
3 124 123 663
3 663 123 672
3 125 124 662
3 662 124 663
3 126 125 647
3 647 125 662
3 127 126 658
3 126 647 658
3 128 127 648
3 648 127 658
3 129 128 660
3 128 648 660
3 130 129 651
3 651 129 660
3 131 130 657
3 130 651 657
3 131 657 668
3 134 135 650
3 134 650 669
3 650 135 668
3 646 654 655
3 646 655 673
3 646 661 671
3 661 646 673
3 658 647 667
3 647 662 666
3 647 666 667
3 648 658 670
3 660 648 674
3 648 670 674
3 649 661 673
3 649 663 672
3 663 649 673
3 650 657 665
3 657 650 668
3 650 665 669
3 653 651 660
3 651 653 664
3 657 651 664
3 656 652 667
3 652 659 670
3 667 652 670
3 659 653 674
3 653 660 674
3 655 654 666
3 654 656 666
3 655 662 663
3 662 655 666
3 655 663 673
3 666 656 667
3 657 664 665
3 658 667 670
3 670 659 674
3 74 677 8
3 8 677 80
3 75 675 74
3 675 677 74
3 76 678 75
3 75 678 675
3 77 678 76
3 78 678 77
3 79 676 78
3 676 678 78
3 80 677 79
3 79 677 676
3 676 677 675
3 675 678 676
3 132 112 9
3 10 113 679
3 134 10 679
3 135 133 11
3 112 132 113
3 113 132 679
3 132 133 679
3 133 135 679
3 135 134 679
4 297 346 682 695
4 511 682 346 696
4 361 469 313 689
4 309 689 687 705
4 687 689 469 698
4 515 682 522 696
4 469 687 309 689
4 361 469 689 698
4 510 511 346 696
4 515 691 682 696
4 682 695 346 696
4 260 682 515 691
4 297 682 296 695
4 288 504 699 700
4 515 682 260 701
4 515 522 682 701
4 683 699 504 700
4 275 279 684 685
4 280 684 279 685
4 296 682 301 695
4 288 387 504 700
4 682 702 301 704
4 277 275 279 684
4 515 406 522 701
4 301 682 296 702
4 498 301 702 704
4 309 687 697 705
4 346 297 682 716
4 280 277 279 684
4 309 687 306 697
4 387 683 504 700
4 550 682 691 704
4 309 306 308 697
4 257 275 684 685
4 309 697 308 705
4 515 260 406 701
4 301 695 682 704
4 346 682 511 716
4 257 684 100 685
4 447 100 684 685
4 313 469 309 689
4 298 297 296 695
4 288 699 684 700
4 296 682 297 702
4 495 694 32 705
4 297 299 346 695
4 493 498 301 702
4 284 684 280 685
4 687 689 680 705
4 307 687 305 706
4 522 511 682 701
4 284 286 684 685
4 112 688 517 693
4 244 458 683 700
4 284 286 285 684
4 487 694 697 709
4 346 489 297 716
4 288 504 478 699
4 297 702 682 716
4 305 706 687 712
4 458 699 683 700
4 32 694 232 705
4 550 682 95 691
4 92 692 690 709
4 92 690 703 709
4 550 682 704 714
4 346 695 299 696
4 260 682 96 701
4 307 697 687 706
4 95 682 260 691
4 447 684 448 685
4 96 682 550 714
4 287 684 286 685
4 454 684 276 699
4 523 695 706 712
4 447 258 100 685
4 684 699 454 700
4 257 274 275 685
4 680 689 687 698
4 517 693 688 703
4 495 32 31 705
4 496 706 695 708
4 689 338 698 711
4 96 95 550 682
4 511 682 701 716
4 257 100 274 685
4 559 684 287 685
4 523 695 496 706
4 458 278 244 683
4 504 683 292 699
4 454 699 458 700
4 458 521 278 683
4 287 285 286 684
4 477 695 523 712
4 361 689 338 698
4 96 260 95 682
4 32 232 31 705
4 387 494 504 683
4 2 689 310 705
4 403 683 387 700
4 496 372 706 708
4 261 517 688 703
4 458 521 683 699
4 386 288 684 700
4 244 454 458 700
4 288 478 684 699
4 387 403 494 683
4 458 454 276 699
4 92 690 692 715
4 550 704 405 714
4 298 296 301 695
4 499 704 702 714
4 447 448 258 685
4 403 387 402 700
4 386 387 288 700
4 284 282 280 684
4 261 517 112 688
4 499 498 702 704
4 499 392 704 714
4 493 301 296 702
4 478 504 292 699
4 469 306 309 687
4 292 683 504 702
4 687 680 697 705
4 695 704 496 708
4 96 701 682 714
4 313 338 361 689
4 292 504 295 702
4 514 691 515 696
4 346 511 489 716
4 448 684 559 685
4 244 683 97 700
4 413 268 577 686
4 494 504 683 702
4 284 285 282 684
4 92 246 690 715
4 31 2 310 705
4 99 100 257 684
4 261 408 517 703
4 558 685 414 686
4 99 447 100 684
4 232 694 44 705
4 31 689 2 705
4 282 285 478 684
4 44 689 31 705
4 306 305 307 687
4 293 702 297 716
4 293 296 297 702
4 282 684 478 699
4 381 697 694 705
4 291 292 683 699
4 244 683 278 701
4 403 494 683 702
4 31 44 2 689
4 98 244 97 700
4 112 132 688 693
4 413 685 268 686
4 32 486 33 694
4 297 298 299 695
4 261 112 9 688
4 403 404 683 700
4 288 478 285 684
4 276 257 275 684
4 496 704 390 708
4 523 706 305 712
4 550 691 407 704
4 702 704 682 714
4 299 696 695 712
4 509 284 280 685
4 44 705 694 713
4 278 683 521 701
4 99 684 454 700
4 477 496 523 695
4 523 307 305 706
4 509 280 279 685
4 97 683 541 700
4 276 275 277 684
4 112 517 113 693
4 454 99 257 684
4 31 232 44 705
4 495 486 32 694
4 454 257 276 684
4 31 310 315 705
4 92 690 246 703
4 372 496 390 708
4 277 276 684 699
4 97 683 244 701
4 450 101 685 686
4 2 311 310 689
4 280 282 281 684
4 691 696 514 710
4 483 696 299 712
4 514 460 515 691
4 460 260 515 691
4 277 280 281 684
4 291 290 699 716
4 292 291 683 716
4 477 523 305 712
4 499 392 498 704
4 692 697 353 706
4 541 683 97 714
4 488 698 338 711
4 558 400 685 686
4 268 685 101 686
4 523 496 372 706
4 414 558 509 685
4 541 683 404 700
4 292 683 702 716
4 345 698 690 707
4 92 246 272 703
4 307 306 687 697
4 384 698 345 707
4 403 402 404 700
4 384 345 369 707
4 403 702 683 714
4 380 515 522 696
4 521 701 683 716
4 289 559 287 685
4 522 520 511 701
4 380 514 515 696
4 291 699 683 716
4 34 561 688 694
4 31 315 495 705
4 681 706 695 712
4 404 683 541 714
4 680 690 687 692
4 500 690 345 698
4 44 689 705 713
4 404 403 683 714
4 277 459 276 699
4 244 98 454 700
4 290 365 521 716
4 447 449 684 700
4 450 685 451 686
4 92 93 246 715
4 447 248 449 700
4 687 690 681 692
4 384 500 345 698
4 500 690 698 703
4 483 707 696 712
4 315 476 495 705
4 34 688 45 694
4 483 346 299 696
4 277 684 281 699
4 291 283 292 699
4 451 685 552 686
4 495 381 694 705
4 488 361 338 698
4 488 693 698 711
4 500 698 693 703
4 282 281 684 699
4 552 685 525 686
4 355 345 690 707
4 488 519 693 711
4 288 285 287 684
4 383 113 517 693
4 690 680 703 709
4 491 707 483 712
4 690 692 680 709
4 355 690 345 710
4 519 693 500 698
4 687 697 692 706
4 688 694 561 709
4 97 683 701 714
4 355 707 690 710
4 458 276 459 699
4 288 287 386 684
4 92 692 462 715
4 92 703 91 709
4 98 97 541 700
4 92 462 692 709
4 687 692 681 706
4 386 402 387 700
4 370 692 353 706
4 494 295 504 702
4 292 702 293 716
4 289 287 286 685
4 558 400 509 685
4 33 398 34 694
4 414 509 279 685
4 275 413 279 685
4 680 692 687 697
4 449 448 447 684
4 491 483 302 712
4 689 698 693 711
4 302 483 299 712
4 400 525 685 686
4 453 675 533 686
4 261 461 9 112
4 414 279 413 685
4 488 693 519 698
4 310 689 309 705
4 499 498 493 702
4 550 407 405 704
4 449 386 684 700
4 564 675 453 686
4 292 295 293 702
4 405 704 392 714
4 246 710 690 715
4 112 113 132 693
4 306 304 305 687
4 681 695 706 708
4 680 697 694 709
4 371 353 370 692
4 680 693 689 698
4 511 701 520 716
4 514 460 691 710
4 94 460 513 691
4 696 707 355 710
4 275 274 413 685
4 232 32 33 694
4 520 701 521 716
4 258 450 101 685
4 94 691 513 710
4 294 246 690 703
4 513 691 460 710
4 268 413 274 685
4 305 687 304 712
4 307 308 306 697
4 300 299 695 712
4 312 310 2 311
4 478 292 283 699
4 317 697 381 705
4 355 696 379 707
4 490 687 467 698
4 381 486 495 694
4 310 311 309 689
4 294 272 246 703
4 261 461 112 517
4 232 44 694 713
4 449 559 448 684
4 486 398 33 694
4 10 693 363 711
4 294 690 500 703
4 287 559 386 684
4 361 490 467 698
4 490 467 687 707
4 450 102 101 686
4 289 448 559 685
4 490 687 698 707
4 691 695 682 696
4 91 703 688 709
4 113 363 10 693
4 9 90 261 688
4 383 500 693 703
4 462 544 692 709
4 294 345 500 690
4 403 499 702 714
4 268 274 101 685
4 92 272 91 703
4 559 449 386 684
4 345 690 340 710
4 450 451 552 686
4 687 706 681 712
4 414 577 533 686
4 355 345 340 710
4 92 464 462 709
4 258 451 450 685
4 400 284 509 685
4 317 353 381 697
4 271 97 244 701
4 102 268 101 686
4 34 249 3 688
4 524 676 267 686
4 458 459 521 699
4 383 363 113 693
4 489 293 297 716
4 94 691 710 715
4 558 573 400 686
4 502 392 499 714
4 564 677 675 686
4 694 697 680 705
4 520 521 365 716
4 246 513 710 715
4 258 101 100 685
4 246 93 513 715
4 450 552 452 686
4 232 33 34 694
4 495 476 381 705
4 2 11 311 689
4 99 454 98 700
4 45 694 688 713
4 355 369 345 707
4 383 408 500 703
4 577 268 453 686
4 453 533 577 686
4 101 274 100 685
4 519 500 384 698
4 132 9 112 688
4 355 380 696 710
4 314 689 11 711
4 488 344 519 711
4 298 300 299 695
4 315 310 476 705
4 277 281 459 699
4 338 689 314 711
4 462 464 544 709
4 514 696 380 710
4 525 552 289 685
4 400 286 284 685
4 414 533 558 686
4 290 291 365 716
4 510 380 522 696
4 550 95 407 691
4 520 278 521 701
4 135 314 11 711
4 92 462 93 715
4 467 491 302 712
4 460 95 260 691
4 687 690 680 698
4 45 34 3 688
4 133 11 44 689
4 2 44 11 689
4 477 300 695 712
4 338 313 314 689
4 291 290 283 699
4 94 710 513 715
4 467 707 491 712
4 688 693 132 713
4 311 11 314 689
4 246 340 690 710
4 292 293 291 716
4 522 406 520 701
4 261 688 91 703
4 34 398 561 694
4 576 708 691 715
4 400 573 525 686
4 34 561 249 688
4 502 405 392 714
4 525 286 400 685
4 403 502 499 714
4 564 453 268 686
4 681 690 687 707
4 544 371 692 709
4 533 675 678 686
4 681 695 691 696
4 271 244 278 701
4 678 676 524 686
4 355 514 380 710
4 352 353 697 706
4 467 687 707 712
4 313 309 311 689
4 383 500 519 693
4 352 697 307 706
4 676 452 267 686
4 691 695 681 708
4 680 692 697 709
4 483 510 346 696
4 682 695 691 704
4 97 701 96 714
4 403 499 494 702
4 310 309 308 705
4 576 691 94 715
4 564 102 677 686
4 689 693 680 713
4 282 478 283 699
4 448 451 258 685
4 452 676 677 686
4 552 451 289 685
4 463 706 389 708
4 271 260 96 701
4 407 704 691 708
4 525 289 286 685
4 97 271 96 701
4 449 402 386 700
4 568 404 402 700
4 261 9 461 90
4 34 45 232 694
4 249 688 561 709
4 477 301 496 695
4 688 680 693 713
4 45 3 9 688
4 477 305 300 712
4 370 463 692 706
4 680 688 694 713
4 272 261 91 703
4 680 688 693 703
4 298 477 300 695
4 523 352 307 706
4 379 355 380 696
4 362 344 134 363
4 564 268 102 686
4 679 132 113 693
4 92 91 464 709
4 9 3 90 688
4 308 697 317 705
4 311 314 313 689
4 294 246 340 690
4 695 696 681 712
4 693 698 680 703
4 9 132 45 688
4 693 711 679 713
4 262 541 97 714
4 694 705 680 713
4 450 563 102 686
4 304 306 469 687
4 645 231 622 208
4 689 680 705 713
4 691 704 695 708
4 256 558 533 686
4 681 692 690 715
4 383 519 363 693
4 407 691 576 708
4 679 693 10 711
4 304 687 467 712
4 350 33 32 486
4 498 390 496 704
4 134 10 362 363
4 677 102 563 686
4 533 678 256 686
4 688 680 694 709
4 487 371 505 709
4 300 302 299 712
4 448 289 451 685
4 404 502 403 714
4 690 698 687 707
4 3 249 90 688
4 99 98 248 700
4 696 707 681 712
4 463 708 537 715
4 113 10 679 693
4 133 679 711 713
4 690 680 698 703
4 290 521 459 699
4 381 487 486 694
4 68 20 194 236
4 236 69 19 608
4 345 294 340 690
4 307 317 308 697
4 370 389 463 706
4 477 298 301 695
4 524 256 678 686
4 514 513 460 710
4 682 702 701 716
4 463 371 370 692
4 679 10 134 711
4 372 390 389 708
4 304 469 467 687
4 681 696 691 710
4 391 704 407 708
4 476 317 381 705
4 452 677 563 686
4 132 693 679 713
4 352 370 353 706
4 249 34 3 526
4 541 404 568 700
4 450 452 563 686
4 463 537 250 715
4 463 462 692 715
4 682 701 702 714
4 262 404 541 714
4 133 711 689 713
4 113 383 374 363
4 701 702 683 716
4 406 260 271 701
4 681 707 696 710
4 676 675 677 686
4 261 90 91 688
4 246 513 340 710
4 681 706 692 715
4 487 505 694 709
4 407 576 537 708
4 236 194 68 608
4 19 194 236 608
4 374 383 113 517
4 369 355 379 707
4 490 491 467 707
4 486 360 33 398
4 296 293 295 702
4 488 519 384 698
4 390 704 391 708
4 29 30 532 123
4 683 702 701 714
4 511 520 365 716
4 94 513 93 715
4 681 708 706 715
4 123 532 29 124
4 133 689 44 713
4 267 525 524 686
4 680 688 703 709
4 267 552 525 686
4 505 561 694 709
4 232 694 45 713
4 282 283 281 699
4 339 134 344 711
4 524 573 256 686
4 256 573 558 686
4 676 678 675 686
4 240 54 7 123
4 544 463 462 692
4 681 690 710 715
4 691 681 710 715
4 463 544 371 692
4 24 25 326 128
4 476 308 317 705
4 91 688 249 709
4 689 711 693 713
4 55 30 0 239
4 239 55 30 531
4 267 452 552 686
4 304 467 302 712
4 111 5 35 235
4 568 402 449 700
4 452 552 450 451
4 307 352 317 697
4 525 573 524 686
4 391 407 537 708
4 372 389 706 708
4 360 34 33 398
4 154 174 427 150
4 30 0 123 234
4 240 252 54 123
4 487 398 486 694
4 135 339 314 711
4 488 338 344 711
4 30 531 532 123
4 353 317 352 697
4 109 609 38 108
4 390 391 389 708
4 28 27 195 126
4 272 408 261 703
4 35 5 1 235
4 110 618 36 109
4 95 576 407 691
4 624 609 108 221
4 210 195 27 635
4 484 11 22 131
4 338 314 339 711
4 32 495 350 486
4 690 707 681 710
4 691 708 681 715
4 675 533 75 453
4 239 30 0 123
4 97 96 262 714
4 128 326 24 129
4 249 34 526 561
4 123 0 7 234
4 174 429 427 150
4 408 294 500 703
4 343 32 139 160
4 262 96 550 714
4 544 505 371 709
4 127 546 26 128
4 617 45 133 203
4 44 45 203 133
4 546 25 26 128
4 191 17 62 243
4 177 191 62 243
4 622 194 608 208
4 20 68 223 237
4 238 19 69 636
4 45 688 132 713
4 405 262 550 714
4 95 460 94 691
4 576 94 250 715
4 310 308 476 705
4 103 104 43 633
4 623 622 608 208
4 622 209 194 208
4 248 98 541 700
4 110 35 201 111
4 131 484 11 485
4 29 30 123 615
4 239 0 7 123
4 339 362 344 134
4 215 199 25 628
4 209 202 204 615
4 616 618 623 201
4 27 28 439 126
4 368 158 187 165
4 11 22 2 484
4 29 123 124 615
4 105 611 629 214
4 35 110 201 36
4 617 45 132 133
4 505 561 398 694
4 24 25 324 326
4 681 707 687 712
4 531 30 239 123
4 249 3 90 526
4 197 215 24 628
4 248 568 449 700
4 490 361 488 698
4 609 618 109 207
4 622 231 209 208
4 623 645 622 208
4 154 427 425 150
4 311 11 2 485
4 621 209 204 615
4 207 623 618 201
4 107 39 40 196
4 220 623 618 207
4 621 204 209 634
4 106 107 40 196
4 23 22 219 131
4 296 295 493 702
4 128 26 127 610
4 106 613 107 196
4 405 407 391 704
4 118 117 348 585
4 128 25 26 610
4 199 26 25 610
4 405 391 392 704
4 205 209 204 634
4 618 619 623 220
4 127 326 546 128
4 494 499 493 702
4 518 22 23 131
4 111 110 616 201
4 30 29 202 615
4 264 606 582 596
4 27 28 137 436
4 645 623 619 220
4 207 208 623 201
4 615 621 209 622
4 425 427 429 150
4 241 30 0 265
4 17 191 177 243
4 576 95 94 691
4 379 510 483 696
4 215 212 199 644
4 629 626 613 230
4 35 81 5 111
4 78 267 524 676
4 679 134 135 711
4 137 435 174 173
4 35 642 111 235
4 38 37 609 109
4 641 30 123 234
4 223 68 637 237
4 19 238 222 636
4 195 28 126 125
4 142 323 24 146
4 637 616 623 201
4 209 222 202 615
4 29 28 204 125
4 81 35 110 111
4 110 36 618 201
4 29 30 549 532
4 139 350 32 343
4 124 204 29 615
4 220 208 623 207
4 634 209 621 622
4 220 618 609 207
4 621 195 204 634
4 464 91 249 709
4 194 636 622 608
4 636 194 622 222
4 194 637 208 223
4 343 318 32 160
4 618 609 619 220
4 205 204 195 634
4 567 26 126 127
4 567 26 27 126
4 463 389 537 708
4 106 40 105 214
4 611 105 41 214
4 608 194 637 208
4 125 204 29 124
4 81 35 36 110
4 36 82 110 109
4 226 11 133 639
4 640 3 45 225
4 424 152 150 422
4 628 24 197 129
4 463 250 462 715
4 637 623 608 208
4 222 209 194 622
4 593 465 105 106
4 332 321 158 142
4 484 2 11 485
4 24 25 128 628
4 223 637 208 201
4 615 222 636 622
4 326 325 24 129
4 208 637 623 201
4 209 222 615 622
4 33 139 167 356
4 156 426 431 155
4 23 142 320 322
4 437 176 175 170
4 122 468 121 665
4 109 37 609 207
4 625 624 613 196
4 211 210 199 610
4 618 616 110 201
4 0 55 241 265
4 202 29 204 615
4 487 505 398 694
4 81 5 1 35
4 42 104 105 611
4 325 24 324 326
4 379 380 510 696
4 155 431 156 433
4 599 588 395 595
4 119 455 333 341
4 90 249 91 688
4 235 35 642 227
4 142 24 323 322
4 641 30 234 228
4 139 33 350 356
4 392 390 498 704
4 490 369 491 707
4 226 133 203 639
4 640 45 617 225
4 424 150 425 422
4 109 38 83 108
4 511 365 489 716
4 197 24 23 130
4 658 647 126 367
4 11 311 314 485
4 103 43 9 640
4 106 593 465 251
4 26 173 138 444
4 20 68 194 223
4 636 19 69 608
4 546 26 25 138
4 598 446 121 508
4 357 348 117 585
4 107 38 39 221
4 22 639 11 226
4 38 107 108 221
4 369 379 491 707
4 127 26 126 635
4 484 131 507 485
4 659 119 455 333
4 332 323 142 146
4 126 26 27 635
4 278 520 406 701
4 252 240 672 123
4 126 28 439 125
4 300 305 304 712
4 174 430 435 137
4 494 493 295 702
4 248 541 568 700
4 214 106 40 196
4 105 86 40 106
4 610 128 25 628
4 610 25 199 628
4 176 427 501 156
4 135 134 339 711
4 28 27 439 436
4 127 336 326 128
4 43 3 640 225
4 639 22 11 131
4 654 116 115 393
4 360 33 350 486
4 204 124 621 615
4 207 618 36 201
4 142 159 23 320
4 2 312 311 485
4 587 579 557 588
4 105 629 106 214
4 408 272 294 703
4 39 107 221 196
4 124 125 204 621
4 158 157 332 142
4 45 9 3 640
4 11 44 226 133
4 44 11 226 2
4 635 127 26 610
4 474 135 650 134
4 649 52 72 242
4 531 549 30 532
4 596 595 110 270
4 350 318 32 343
4 155 426 431 433
4 25 24 215 628
4 105 40 41 214
4 590 358 497 599
4 327 138 173 444
4 490 488 384 698
4 108 107 624 221
4 523 372 352 706
4 210 27 26 635
4 128 24 628 129
4 54 53 252 240
4 206 205 195 643
4 609 620 619 229
4 176 501 437 175
4 193 185 164 420
4 617 203 631 200
4 54 55 239 531
4 624 609 221 198
4 210 195 635 612
4 259 61 60 233
4 158 321 319 159
4 398 360 34 397
4 122 121 468 508
4 468 342 121 665
4 32 31 318 495
4 131 219 23 130
4 41 42 105 611
4 146 323 24 324
4 404 262 502 714
4 72 649 661 534
4 474 362 339 134
4 455 118 659 335
4 637 194 68 223
4 446 121 508 388
4 636 194 19 608
4 207 609 220 198
4 195 621 612 634
4 640 45 9 132
4 648 674 330 660
4 104 42 43 633
4 42 104 611 633
4 432 542 40 161
4 45 133 44 713
4 19 222 194 636
4 325 23 24 130
4 194 637 68 608
4 259 16 61 233
4 24 197 129 130
4 133 226 203 44
4 203 133 617 639
4 225 45 617 203
4 73 53 672 242
4 142 157 332 146
4 225 617 640 200
4 104 43 88 103
4 131 23 518 130
4 320 142 321 322
4 489 291 293 716
4 133 132 679 713
4 156 176 427 154
4 281 290 459 699
4 230 613 629 196
4 336 326 546 127
4 116 654 480 393
4 497 585 590 600
4 350 32 33 139
4 219 197 23 130
4 74 564 675 453
4 219 203 217 614
4 631 633 617 200
4 322 24 323 324
4 278 406 271 701
4 82 36 37 109
4 94 93 250 715
4 173 435 148 138
4 135 474 339 134
4 84 38 39 107
4 164 141 161 492
4 11 2 22 226
4 355 340 514 710
4 84 38 107 108
4 624 625 213 196
4 211 210 610 627
4 131 518 22 507
4 370 372 389 706
4 431 426 156 154
4 167 34 33 375
4 126 479 658 367
4 180 156 431 179
4 173 27 137 436
4 648 674 331 330
4 660 329 128 328
4 465 86 105 106
4 43 3 9 640
4 115 114 646 543
4 581 466 593 251
4 669 474 650 134
4 107 40 39 85
4 40 107 106 85
4 631 203 217 200
4 45 132 133 713
4 481 150 149 422
4 599 395 471 595
4 43 9 89 103
4 437 430 176 137
4 86 40 41 105
4 45 640 617 132
4 418 164 161 492
4 153 152 150 424
4 672 240 7 123
4 516 330 660 328
4 79 267 676 452
4 126 336 567 127
4 125 126 195 612
4 609 37 38 198
4 138 173 435 327
4 251 107 581 470
4 590 587 358 599
4 156 179 155 433
4 27 173 444 436
4 162 419 164 418
4 426 156 154 155
4 281 283 290 699
4 557 394 579 587
4 678 533 75 675
4 401 662 655 376
4 55 56 241 265
4 40 141 432 161
4 144 30 265 549
4 427 431 501 156
4 221 624 213 196
4 610 210 635 627
4 610 199 212 644
4 626 613 230 196
4 391 537 389 708
4 532 547 29 124
4 187 163 184 553
4 217 197 219 614
4 611 633 631 200
4 121 342 468 508
4 160 188 319 316
4 265 30 55 531
4 642 67 21 237
4 238 70 18 228
4 37 38 83 109
4 322 23 24 325
4 503 321 319 158
4 524 678 78 676
4 171 168 140 443
4 330 329 648 660
4 358 395 497 599
4 176 437 137 170
4 677 79 676 452
4 612 206 195 643
4 609 620 229 198
4 141 432 161 492
4 561 398 34 397
4 332 321 503 158
4 619 643 205 229
4 262 405 502 714
4 156 427 431 154
4 349 116 656 480
4 118 652 659 335
4 368 445 158 165
4 163 143 166 415
4 144 29 30 549
4 438 28 29 547
4 118 455 348 335
4 356 183 139 184
4 252 531 54 123
4 123 663 532 124
4 438 539 29 170
4 130 131 506 507
4 327 26 138 444
4 426 431 427 154
4 419 420 164 418
4 129 325 24 130
4 34 526 561 397
4 471 600 599 580
4 652 118 348 335
4 319 188 320 316
4 117 349 357 590
4 474 669 362 134
4 542 41 40 161
4 185 193 423 420
4 207 37 609 198
4 621 125 195 612
4 392 391 390 704
4 28 29 547 125
4 203 617 225 200
4 639 617 203 614
4 200 631 611 218
4 217 197 614 632
4 321 159 142 320
4 214 41 611 218
4 197 632 628 129
4 640 43 633 103
4 119 118 364 592
4 106 107 581 251
4 76 533 678 256
4 642 637 237 227
4 228 222 238 641
4 332 323 321 142
4 378 466 457 607
4 331 329 648 330
4 55 0 30 265
4 253 58 13 186
4 425 426 154 153
4 185 164 420 492
4 249 505 464 709
4 26 567 336 127
4 470 108 591 263
4 143 163 417 415
4 602 409 122 373
4 28 137 438 170
4 418 161 432 492
4 334 330 653 660
4 348 117 652 347
4 226 219 22 639
4 82 81 36 110
4 125 29 547 124
4 435 440 148 138
4 364 456 119 592
4 585 357 497 590
4 633 640 617 200
4 106 581 593 251
4 474 665 468 650
4 629 214 230 196
4 667 666 647 351
4 137 430 435 436
4 259 182 16 233
4 108 580 591 263
4 148 481 429 150
4 438 137 437 170
4 656 117 349 347
4 243 62 177 527
4 505 249 561 709
4 545 539 170 144
4 119 118 455 364
4 665 669 468 650
4 603 411 378 607
4 170 175 545 144
4 395 358 587 599
4 25 146 324 327
4 146 25 138 327
4 639 219 22 131
4 587 557 395 588
4 377 647 662 376
4 465 86 106 251
4 188 159 319 320
4 233 259 182 554
4 197 219 614 130
4 633 611 42 200
4 4 5 1 81
4 102 677 8 564
4 300 304 302 712
4 205 645 634 619
4 173 137 435 436
4 150 481 425 422
4 641 222 238 636
4 237 637 223 227
4 212 211 199 638
4 613 626 625 224
4 423 152 181 424
4 656 117 116 349
4 344 338 339 711
4 591 581 107 470
4 240 53 252 672
4 135 133 679 711
4 596 582 264 540
4 518 484 22 507
4 412 591 580 263
4 596 473 595 270
4 105 104 465 584
4 25 546 138 327
4 341 333 119 653
4 138 546 26 327
4 319 318 160 316
4 148 174 435 173
4 121 446 598 597
4 256 678 77 524
4 166 143 247 415
4 436 439 28 438
4 265 241 30 190
4 584 593 457 466
4 581 591 411 470
4 357 349 358 590
4 445 157 158 165
4 178 175 253 180
4 238 70 228 641
4 237 21 642 227
4 322 23 325 518
4 186 565 14 136
4 183 158 319 159
4 533 75 76 678
4 9 43 89 3
4 109 580 263 472
4 65 264 594 582
4 466 465 593 251
4 606 264 473 596
4 144 265 539 549
4 151 419 164 162
4 131 614 219 130
4 164 420 419 151
4 340 513 514 710
4 169 536 259 527
4 649 673 661 534
4 88 104 103 273
4 327 173 435 444
4 2 188 316 484
4 506 130 507 382
4 28 137 436 438
4 182 169 259 527
4 174 427 430 176
4 655 646 673 396
4 176 174 427 154
4 6 671 114 574
4 385 665 468 474
4 410 374 112 517
4 530 579 594 606
4 158 503 157 445
4 105 465 104 87
4 534 673 646 396
4 57 12 529 178
4 358 349 116 590
4 548 157 445 151
4 117 116 349 590
4 25 546 326 128
4 131 668 506 507
4 598 409 122 602
4 518 23 325 130
4 501 545 437 175
4 633 42 43 200
4 545 437 175 170
4 255 114 671 574
4 347 349 656 480
4 473 395 588 595
4 412 366 600 603
4 536 182 169 259
4 174 435 429 148
4 600 471 412 580
4 83 109 108 263
4 12 57 13 178
4 360 33 34 375
4 120 342 121 388
4 221 213 624 198
4 612 635 210 627
4 175 253 545 178
4 214 611 629 218
4 215 197 632 628
4 320 22 23 518
4 506 516 657 382
4 607 466 593 581
4 150 425 154 153
4 603 600 412 591
4 446 409 598 303
4 609 624 620 198
4 195 210 206 612
4 564 677 74 675
4 373 409 122 508
4 130 518 131 507
4 255 646 114 543
4 428 153 171 482
4 598 122 409 508
4 65 47 264 582
4 103 245 273 589
4 374 10 113 363
4 659 119 333 653
4 264 48 65 594
4 417 162 143 416
4 581 411 466 251
4 121 446 597 388
4 356 33 350 360
4 205 619 229 220
4 634 643 205 619
4 35 642 201 111
4 170 539 29 144
4 30 615 641 123
4 213 620 624 198
4 612 210 206 627
4 158 319 503 183
4 562 399 3 189
4 489 365 291 716
4 148 481 150 149
4 678 78 77 524
4 465 104 273 584
4 52 649 560 242
4 194 20 19 236
4 68 69 236 608
4 318 31 315 495
4 548 421 149 151
4 495 318 32 350
4 153 150 425 424
4 109 595 580 472
4 366 585 497 600
4 111 81 5 566
4 73 53 240 672
4 650 474 665 657
4 56 241 265 190
4 393 358 116 587
4 36 35 81 538
4 250 93 462 715
4 163 187 575 553
4 217 631 200 218
4 632 614 217 631
4 343 183 139 356
4 470 591 412 263
4 456 119 455 364
4 647 126 479 125
4 82 37 83 109
4 149 147 548 151
4 120 119 341 456
4 368 187 184 553
4 600 497 471 599
4 158 503 445 368
4 152 149 150 422
4 84 83 38 108
4 436 137 437 438
4 337 347 667 351
4 111 605 596 270
4 363 374 10 373
4 117 656 652 347
4 472 110 595 270
4 155 153 426 482
4 43 88 103 89
4 348 349 117 347
4 152 153 181 424
4 26 567 546 336
4 666 662 647 376
4 671 50 255 574
4 66 48 530 594
4 126 439 479 125
4 551 662 663 655
4 187 183 368 184
4 589 583 409 598
4 659 119 118 455
4 420 423 185 492
4 336 546 26 127
4 632 217 216 631
4 394 557 395 587
4 88 42 43 104
4 497 357 585 366
4 347 656 667 351
4 671 6 50 574
4 651 334 653 660
4 409 374 583 410
4 245 88 103 273
4 652 118 117 348
4 668 354 506 507
4 374 113 112 517
4 415 143 247 416
4 428 153 482 424
4 197 632 129 130
4 41 42 611 218
4 234 7 123 641
4 111 642 5 235
4 543 115 114 512
4 464 505 544 709
4 641 202 30 228
4 410 601 583 303
4 607 411 466 581
4 182 15 233 554
4 197 614 632 130
4 200 611 42 218
4 185 572 141 492
4 235 1 35 227
4 341 342 120 388
4 571 146 138 327
4 591 107 108 470
4 658 479 475 367
4 581 411 251 470
4 378 366 411 603
4 652 348 347 335
4 417 418 162 416
4 219 639 614 131
4 329 128 648 660
4 251 106 107 85
4 616 642 111 201
4 175 556 253 180
4 672 649 73 242
4 630 632 216 631
4 579 530 557 606
4 642 35 201 227
4 202 641 30 615
4 179 156 431 433
4 673 649 663 401
4 438 29 28 170
4 582 605 64 540
4 86 41 40 542
4 153 171 181 428
4 9 3 89 90
4 604 530 512 579
4 660 330 329 328
4 542 40 555 432
4 393 115 394 587
4 396 666 654 351
4 512 394 115 579
4 481 425 429 150
4 129 660 128 328
4 376 647 666 367
4 474 468 669 650
4 22 320 484 518
4 425 426 153 424
4 593 586 466 607
4 108 107 84 470
4 359 584 457 466
4 24 25 146 324
4 329 326 128 328
4 137 437 430 436
4 1 81 35 569
4 607 603 411 581
4 604 512 114 579
4 364 592 585 366
4 474 385 665 657
4 501 437 430 176
4 603 412 411 591
4 273 104 465 87
4 625 224 213 196
4 627 610 211 638
4 471 412 497 600
4 543 654 115 393
4 265 539 529 144
4 224 625 613 196
4 610 199 211 638
4 603 378 592 607
4 481 148 147 149
4 169 182 177 527
4 104 103 273 589
4 610 212 199 638
4 613 626 224 196
4 649 72 52 534
4 0 30 228 234
4 57 58 13 253
4 175 176 501 156
4 579 394 115 587
4 654 656 116 480
4 181 140 172 441
4 333 335 659 331
4 647 479 377 125
4 184 166 167 553
4 429 174 148 150
4 592 364 456 378
4 651 129 382 328
4 638 610 212 644
4 224 626 230 196
4 129 128 326 328
4 660 651 516 328
4 253 13 57 178
4 372 370 352 706
4 395 473 471 595
4 659 455 335 333
4 188 2 22 484
4 269 191 62 177
4 327 546 26 444
4 516 334 385 651
4 254 572 141 172
4 480 349 116 393
4 139 350 343 356
4 468 362 669 373
4 479 126 647 367
4 456 120 586 388
4 144 539 29 549
4 80 677 563 452
4 437 545 539 170
4 109 580 108 263
4 445 421 548 151
4 253 545 556 175
4 591 412 411 470
4 9 103 245 89
4 399 34 3 189
4 669 362 468 474
4 547 439 28 125
4 111 605 270 566
4 241 0 30 190
4 228 70 18 234
4 642 21 67 235
4 138 435 440 327
4 594 264 530 606
4 586 457 466 607
4 324 146 323 327
4 549 438 29 547
4 547 29 549 532
4 378 411 466 607
4 230 214 629 218
4 632 644 215 628
4 366 412 411 603
4 245 103 88 89
4 358 116 349 393
4 567 27 439 126
4 425 426 427 154
4 555 86 40 542
4 181 428 423 424
4 337 667 658 367
4 84 83 108 263
4 475 329 336 648
4 583 409 410 303
4 245 601 410 303
4 141 555 40 432
4 429 427 430 174
4 142 323 321 322
4 592 118 364 585
4 143 163 162 417
4 183 319 503 343
4 2 316 312 484
4 677 80 79 452
4 182 15 16 233
4 482 153 426 424
4 366 497 412 600
4 105 104 42 87
4 394 358 393 587
4 356 368 183 184
4 332 157 503 445
4 663 551 252 123
4 47 65 64 582
4 382 516 651 328
4 106 86 40 85
4 146 147 571 138
4 119 455 341 456
4 420 193 423 422
4 71 51 661 671
4 325 518 130 382
4 430 174 176 137
4 116 115 393 587
4 319 183 159 160
4 180 431 434 179
4 129 326 325 328
4 22 23 159 320
4 141 572 185 441
4 572 141 172 441
4 655 551 662 401
4 553 166 167 415
4 468 342 665 385
4 142 23 24 322
4 143 41 542 161
4 64 47 582 540
4 376 377 647 367
4 337 670 335 331
4 472 595 473 270
4 592 366 378 603
4 374 113 583 410
4 335 347 652 337
4 61 62 243 527
4 178 253 13 186
4 157 548 147 151
4 161 542 143 416
4 39 84 107 85
4 351 647 667 367
4 211 627 625 213
4 42 41 542 143
4 322 320 23 518
4 470 251 107 85
4 677 74 8 564
4 529 253 57 178
4 159 158 321 142
4 351 376 666 367
4 168 145 538 570
4 654 480 396 351
4 529 265 144 190
4 439 27 444 436
4 173 26 27 444
4 89 461 9 90
4 348 455 118 364
4 39 38 84 254
4 548 421 481 149
4 329 326 336 128
4 655 663 551 401
4 111 110 81 270
4 629 630 230 218
4 215 216 644 632
4 667 652 347 337
4 12 56 57 529
4 117 349 348 357
4 141 39 254 172
4 501 556 175 156
4 42 542 247 143
4 501 430 427 176
4 671 51 661 534
4 512 115 114 579
4 620 627 206 213
4 456 341 120 388
4 457 586 378 607
4 567 479 336 126
4 409 583 589 303
4 343 319 318 160
4 410 112 461 517
4 187 368 575 553
4 10 362 363 373
4 354 135 339 314
4 429 430 435 174
4 316 315 31 312
4 245 273 589 303
4 66 530 604 594
4 114 671 646 255
4 193 152 423 422
4 358 394 395 587
4 197 217 216 632
4 631 630 611 218
4 131 22 484 507
4 188 22 159 320
4 47 48 65 264
4 543 480 654 393
4 223 21 20 237
4 238 69 70 636
4 625 627 620 213
4 627 211 206 213
4 109 82 110 472
4 263 580 471 472
4 432 141 572 492
4 357 358 497 590
4 382 129 325 328
4 562 3 43 189
4 588 395 587 599
4 18 19 238 222
4 68 67 637 237
4 333 659 674 331
4 589 446 303 359
4 470 84 108 263
4 592 585 366 603
4 598 409 589 303
4 584 465 105 593
4 186 178 253 180
4 374 583 113 409
4 48 264 530 594
4 143 542 247 416
4 343 183 319 160
4 415 417 143 416
4 351 666 647 367
4 674 333 331 330
4 36 81 82 538
4 364 592 366 378
4 585 357 364 366
4 651 657 516 382
4 193 152 185 423
4 421 481 149 422
4 647 377 479 367
4 60 259 233 554
4 114 255 543 512
4 178 545 175 144
4 48 66 65 594
4 228 70 234 641
4 235 642 21 227
4 373 122 468 508
4 153 155 171 482
4 575 165 163 162
4 148 440 481 147
4 670 659 335 331
4 503 157 332 158
4 565 59 14 136
4 393 394 115 512
4 374 409 602 373
4 456 586 457 388
4 145 191 35 538
4 374 112 113 410
4 567 27 26 444
4 625 638 211 224
4 192 169 171 443
4 669 362 10 373
4 468 669 122 373
4 335 652 670 337
4 232 45 44 713
4 656 347 480 351
4 167 356 184 553
4 117 357 585 590
4 663 532 551 123
4 591 411 603 581
4 131 506 657 130
4 135 339 474 354
4 418 432 161 416
4 153 426 154 155
4 168 145 570 528
4 587 358 116 590
4 434 136 179 578
4 14 13 58 186
4 181 185 423 441
4 457 593 584 586
4 580 595 471 472
4 396 655 666 376
4 507 130 518 382
4 193 421 149 422
4 332 571 323 146
4 508 121 342 388
4 167 375 553 415
4 586 457 593 466
4 420 421 193 422
4 185 172 141 441
4 342 341 120 664
4 81 4 5 566
4 461 245 601 410
4 178 529 545 144
4 324 322 24 325
4 655 654 646 396
4 42 41 105 87
4 48 49 66 530
4 254 84 39 85
4 584 273 465 359
4 354 11 135 314
4 356 139 167 184
4 597 457 446 359
4 672 252 663 560
4 605 596 270 540
4 314 354 11 485
4 530 394 512 579
4 596 264 473 540
4 151 157 445 165
4 1 17 63 191
4 251 86 106 85
4 144 265 30 190
4 9 245 461 89
4 642 67 5 235
4 234 70 7 641
4 235 21 1 227
4 130 129 325 382
4 641 238 70 636
4 237 223 21 227
4 580 471 412 263
4 51 72 661 534
4 482 426 155 433
4 343 368 183 356
4 187 183 158 368
4 589 103 245 601
4 598 409 446 508
4 396 534 673 401
4 435 440 429 148
4 418 162 419 417
4 445 419 151 165
4 303 273 589 359
4 202 222 228 641
4 159 321 319 320
4 605 46 64 540
4 600 590 497 599
4 642 637 67 237
4 222 238 18 228
4 109 83 82 472
4 532 252 551 123
4 146 571 323 327
4 662 666 655 376
4 252 532 531 123
4 642 201 637 227
4 571 332 157 146
4 201 642 637 616
4 641 202 222 615
4 147 548 481 149
4 337 475 670 331
4 264 557 530 606
4 551 662 401 376
4 667 337 351 367
4 547 532 377 124
4 125 547 377 124
4 591 600 412 580
4 265 529 56 190
4 316 31 2 312
4 668 650 657 506
4 647 658 667 367
4 182 179 136 578
4 557 264 473 606
4 233 15 60 554
4 135 474 650 354
4 484 312 2 485
4 663 649 672 560
4 439 547 479 125
4 1 4 81 569
4 375 34 360 397
4 12 529 178 190
4 162 164 161 418
4 673 655 396 401
4 377 662 125 124
4 444 173 435 436
4 228 18 0 234
4 145 538 570 528
4 143 247 42 166
4 670 475 648 331
4 168 266 140 570
4 8 677 102 563
4 526 399 3 562
4 29 539 438 549
4 89 43 88 562
4 171 169 168 443
4 419 420 421 151
4 168 145 36 538
4 670 658 475 337
4 600 366 585 603
4 155 192 482 433
4 37 168 266 140
4 385 334 664 651
4 636 641 222 615
4 227 637 223 201
4 470 107 84 85
4 141 572 555 432
4 47 64 46 540
4 51 72 71 661
4 588 579 557 606
4 492 185 572 441
4 374 113 10 373
4 105 41 86 87
4 140 181 442 441
4 188 319 159 160
4 138 440 571 327
4 667 652 656 347
4 112 461 601 410
4 58 253 565 186
4 657 474 385 506
4 432 542 161 416
4 539 545 529 144
4 657 650 474 506
4 229 620 213 198
4 206 612 627 643
4 598 446 589 597
4 602 10 113 373
4 664 665 385 657
4 582 47 264 540
4 475 648 658 670
4 440 571 147 138
4 630 629 611 218
4 216 215 197 632
4 662 377 551 124
4 650 668 135 354
4 39 38 254 172
4 534 52 649 560
4 395 471 497 599
4 120 121 342 664
4 356 167 375 553
4 446 589 584 359
4 530 512 574 604
4 598 589 446 303
4 456 586 119 592
4 675 75 74 453
4 605 5 46 566
4 601 245 589 303
4 546 25 324 327
4 187 575 165 163
4 66 49 6 604
4 540 270 605 566
4 556 501 431 156
4 83 109 263 472
4 40 39 555 141
4 419 151 165 162
4 180 565 186 136
4 423 428 181 441
4 35 36 145 538
4 213 206 620 229
4 643 627 206 620
4 666 396 376 351
4 473 588 606 596
4 657 651 130 382
4 191 63 1 569
4 651 660 129 328
4 164 185 141 492
4 586 120 597 388
4 423 152 424 422
4 342 341 664 334
4 243 16 61 527
4 588 557 473 606
4 657 385 516 506
4 649 673 534 560
4 342 664 665 385
4 86 465 105 87
4 88 104 273 87
4 46 64 5 605
4 181 185 152 423
4 162 163 575 417
4 530 49 66 604
4 529 545 253 178
4 643 206 205 229
4 643 619 620 229
4 658 670 667 337
4 179 431 434 433
4 184 163 166 553
4 147 148 440 138
4 605 111 5 566
4 259 61 16 527
4 82 81 110 270
4 245 103 9 601
4 653 333 330 334
4 534 646 543 396
4 571 157 147 146
4 440 481 429 148
4 575 368 187 165
4 595 473 471 472
4 592 456 586 378
4 475 329 648 331
4 136 59 15 554
4 629 630 626 230
4 215 216 212 644
4 428 181 153 424
4 560 672 53 242
4 420 164 193 151
4 120 341 119 653
4 269 145 177 527
4 551 532 663 124
4 409 583 113 602
4 655 666 654 396
4 37 36 82 266
4 418 420 164 492
4 130 506 657 382
4 589 583 601 303
4 420 193 421 151
4 419 421 445 151
4 565 14 58 186
4 224 211 625 213
4 211 627 638 625
4 482 171 428 443
4 184 356 368 553
4 606 594 264 582
4 565 434 59 136
4 574 6 49 604
4 43 42 247 166
4 181 428 442 441
4 191 1 35 569
4 165 575 419 162
4 3 89 90 526
4 646 661 673 534
4 252 551 663 560
4 56 12 241 190
4 156 556 175 180
4 30 265 549 531
4 649 672 560 242
4 394 530 557 579
4 437 539 438 170
4 169 192 536 443
4 119 120 586 456
4 50 71 6 671
4 89 3 43 562
4 666 667 656 351
4 659 670 674 331
4 10 362 669 134
4 181 172 185 441
4 337 658 475 367
4 186 253 565 180
4 121 122 598 508
4 113 374 602 373
4 651 129 130 382
4 332 157 445 548
4 177 62 269 527
4 434 136 578 554
4 672 663 252 123
4 12 56 529 190
4 646 654 115 543
4 15 14 59 136
4 442 140 266 570
4 620 206 643 229
4 399 3 34 526
4 270 596 473 540
4 638 212 211 224
4 626 638 625 224
4 113 374 409 602
4 273 584 589 359
4 586 597 457 388
4 548 481 440 147
4 461 245 9 601
4 37 82 83 266
4 104 88 42 87
4 136 434 59 554
4 583 409 598 602
4 38 535 172 140
4 664 342 334 385
4 624 625 620 213
4 211 206 210 627
4 569 35 191 538
4 479 567 439 126
4 4 1 63 569
4 34 167 189 375
4 438 439 28 547
4 122 669 10 373
4 51 671 255 534
4 649 673 560 401
4 574 512 114 604
4 243 177 16 527
4 318 315 31 316
4 247 88 43 562
4 49 530 574 604
4 528 177 145 527
4 543 255 646 534
4 652 667 670 337
4 584 104 273 589
4 43 42 88 247
4 188 31 2 316
4 560 663 649 401
4 42 41 87 542
4 553 163 166 415
4 535 37 266 140
4 38 83 84 535
4 662 647 377 125
4 532 551 377 124
4 343 139 183 160
4 443 169 168 528
4 110 111 596 270
4 506 657 668 131
4 567 439 27 444
4 542 87 42 247
4 653 341 333 334
4 172 535 254 441
4 538 145 269 528
4 536 169 528 527
4 162 575 419 417
4 266 168 36 538
4 38 535 254 172
4 578 136 182 554
4 324 25 546 326
4 83 38 37 535
4 644 216 212 230
4 626 630 644 230
4 332 157 548 147
4 192 536 482 433
4 578 192 179 433
4 445 368 575 165
4 12 0 241 190
4 548 571 332 147
4 516 385 657 651
4 334 653 664 651
4 674 333 330 653
4 560 551 663 401
4 555 39 40 85
4 72 51 52 534
4 78 79 267 676
4 230 630 216 218
4 632 216 644 630
4 145 168 169 528
4 157 332 571 147
4 46 5 4 566
4 574 114 6 604
4 597 446 584 359
4 669 468 122 665
4 584 589 446 597
4 555 40 86 85
4 492 423 185 441
4 114 255 512 574
4 191 145 269 538
4 145 269 528 527
4 672 53 252 560
4 584 457 597 359
4 595 109 110 472
4 431 556 156 180
4 446 457 597 388
4 670 659 652 335
4 216 644 630 230
4 115 543 393 512
4 266 535 140 442
4 87 88 42 247
4 626 644 212 230
4 664 121 342 665
4 569 81 35 538
4 341 120 664 653
4 648 674 670 331
4 657 385 664 651
4 560 673 534 401
4 31 32 318 160
4 575 419 445 165
4 546 567 26 444
4 192 155 179 433
4 653 664 341 334
4 556 431 434 180
4 602 122 10 373
4 16 17 177 243
4 182 136 15 554
4 540 605 46 566
4 653 330 674 660
4 543 646 654 396
4 87 41 86 542
4 152 193 149 422
4 595 588 473 596
4 112 583 113 410
4 240 7 73 672
4 535 84 38 254
4 663 662 551 124
4 503 158 183 368
4 595 471 599 580
4 193 149 421 151
4 14 58 59 565
4 457 586 456 378
4 655 673 663 401
4 36 37 168 266
4 368 183 503 343
4 597 457 584 586
4 72 73 649 242
4 60 15 59 554
4 597 120 121 388
4 601 9 461 112
4 168 570 443 528
4 212 638 626 224
4 177 145 169 528
4 560 53 52 242
4 163 553 417 415
4 579 604 530 594
4 556 545 501 175
4 39 555 254 85
4 3 89 526 562
4 662 551 377 376
4 605 582 596 540
4 254 572 172 441
4 526 34 399 397
4 538 266 168 570
4 136 180 434 179
4 155 192 171 482
4 655 396 401 376
4 179 182 192 578
4 189 399 34 375
4 266 36 82 538
4 472 82 110 270
4 473 395 557 588
4 144 178 529 190
4 556 565 253 180
4 63 191 269 569
4 191 269 569 538
4 378 586 592 607
4 535 38 37 140
4 578 179 434 433
4 434 565 180 136
4 169 177 528 527
4 77 76 678 256
4 49 50 6 574
4 266 83 37 535
4 269 145 191 177
4 212 626 230 224
4 212 638 644 626
4 536 192 578 433
4 434 565 556 180
4 547 377 479 125
4 543 654 480 396
4 169 192 182 536
4 375 399 34 397
4 677 8 80 563
4 333 674 659 653
4 536 192 182 578
4 440 571 548 147
4 443 536 169 528
4 270 81 111 566
4 668 11 135 354
4 112 601 583 410
4 575 163 553 417
4 259 536 182 578
4 182 259 578 554
4 696 511 522 510
4 696 522 511 682
4 698 469 467 361
4 698 467 469 687
4 686 413 414 577
4 686 414 413 685
4 697 487 381 694
4 697 381 487 353
4 699 716 521 683
4 521 716 699 290
4 700 447 99 684
4 700 99 447 248
4 707 384 490 369
4 707 490 384 698
4 709 692 487 371
4 709 487 692 697
4 353 487 692 371
4 353 692 487 697
4 704 301 496 498
4 704 496 301 695
4 363 134 711 344
4 363 711 134 10
4 707 483 379 491
4 707 379 483 696
4 703 383 517 693
4 703 517 383 408
4 711 519 363 344
4 711 363 519 693
4 715 706 463 708
4 715 463 706 692
4 11 711 133 135
4 133 711 11 689
4 715 537 576 708
4 715 576 537 250
4 239 123 54 531
4 54 123 239 7
4 312 31 310 315
4 312 310 31 2
4 585 348 364 357
4 585 364 348 118
4 38 609 221 108
4 38 221 609 198
4 126 195 635 27
4 635 195 126 612
4 336 648 128 127
4 128 648 336 329
4 188 484 320 316
4 320 484 188 22
4 375 33 356 360
4 375 356 33 167
4 316 160 31 318
4 316 31 160 188
4 207 109 36 618
4 207 36 109 37
4 416 162 161 418
4 416 161 162 143
4 125 204 195 28
4 195 204 125 621
4 654 351 656 480
4 656 351 654 666
4 485 354 668 507
4 668 354 485 11
4 668 131 485 507
4 485 131 668 11
4 629 196 106 214
4 106 196 629 613
4 628 199 644 215
4 628 644 199 610
4 203 631 614 617
4 614 631 203 217
4 624 196 107 613
4 107 196 624 221
4 610 210 26 635
4 610 26 210 199
4 658 127 336 126
4 336 479 658 126
4 658 479 336 475
4 220 645 205 619
4 220 205 645 231
4 671 51 50 71
4 671 50 51 255
4 216 631 218 630
4 218 631 216 217
4 645 208 220 231
4 220 208 645 623
4 231 622 634 645
4 634 622 231 209
4 634 205 231 645
4 231 205 634 209
4 141 254 555 572
4 141 555 254 39
4 609 220 229 619
4 609 229 220 198
4 634 195 643 612
4 634 643 195 205
4 415 399 189 375
4 189 167 415 375
4 415 167 189 166
4 660 516 334 330
4 660 334 516 651
4 570 140 443 442
4 570 443 140 168
4 181 442 443 140
4 443 442 181 428
4 443 171 181 140
4 181 171 443 428
4 584 466 465 593
4 465 466 584 359
4 182 527 16 177
4 16 527 182 259
4 354 650 506 474
4 354 506 650 668
4 62 191 63 17
4 62 63 191 269
4 166 189 247 43
4 562 247 189 43
4 562 189 247 399
4 192 443 482 536
4 482 443 192 171
4 441 140 535 442
4 441 535 140 172
4 671 534 646 255
4 646 534 671 661
4 200 640 43 633
4 200 43 640 225
4 639 219 203 226
4 203 219 639 614
4 336 658 648 127
4 648 658 336 475
4 189 415 247 399
4 247 415 189 166

CELL_TYPES 3738
1
1
1
1
1
1
1
1
1
1
1
1
3
3
3
3
3
3
3
3
3
3
3
3
3
3
3
3
3
3
3
3
3
3
3
3
3
3
3
3
3
3
3
3
3
3
3
3
3
3
3
3
3
3
3
3
3
3
3
3
3
3
3
3
3
3
3
3
3
3
3
3
3
3
3
3
3
3
3
3
3
3
3
3
3
3
3
3
3
3
3
3
3
3
3
3
3
3
3
3
3
3
3
3
3
3
3
3
3
3
3
3
3
3
3
3
3
3
3
3
3
3
3
3
3
3
3
3
3
3
3
3
3
3
3
3
3
3
3
3
3
3
3
3
3
3
3
3
3
3
3
3
3
3
5
5
5
5
5
5
5
5
5
5
5
5
5
5
5
5
5
5
5
5
5
5
5
5
5
5
5
5
5
5
5
5
5
5
5
5
5
5
5
5
5
5
5
5
5
5
5
5
5
5
5
5
5
5
5
5
5
5
5
5
5
5
5
5
5
5
5
5
5
5
5
5
5
5
5
5
5
5
5
5
5
5
5
5
5
5
5
5
5
5
5
5
5
5
5
5
5
5
5
5
5
5
5
5
5
5
5
5
5
5
5
5
5
5
5
5
5
5
5
5
5
5
5
5
5
5
5
5
5
5
5
5
5
5
5
5
5
5
5
5
5
5
5
5
5
5
5
5
5
5
5
5
5
5
5
5
5
5
5
5
5
5
5
5
5
5
5
5
5
5
5
5
5
5
5
5
5
5
5
5
5
5
5
5
5
5
5
5
5
5
5
5
5
5
5
5
5
5
5
5
5
5
5
5
5
5
5
5
5
5
5
5
5
5
5
5
5
5
5
5
5
5
5
5
5
5
5
5
5
5
5
5
5
5
5
5
5
5
5
5
5
5
5
5
5
5
5
5
5
5
5
5
5
5
5
5
5
5
5
5
5
5
5
5
5
5
5
5
5
5
5
5
5
5
5
5
5
5
5
5
5
5
5
5
5
5
5
5
5
5
5
5
5
5
5
5
5
5
5
5
5
5
5
5
5
5
5
5
5
5
5
5
5
5
5
5
5
5
5
5
5
5
5
5
5
5
5
5
5
5
5
5
5
5
5
5
5
5
5
5
5
5
5
5
5
5
5
5
5
5
5
5
5
5
5
5
5
5
5
5
5
5
5
5
5
5
5
5
5
5
5
5
5
5
5
5
5
5
5
5
5
5
5
5
5
5
5
5
5
5
5
5
5
5
5
5
5
5
5
5
5
5
5
5
5
5
5
5
5
5
5
5
5
5
5
5
5
5
5
5
5
5
5
5
5
5
5
5
5
5
5
5
5
5
5
5
5
5
5
5
5
5
5
5
5
5
5
5
5
5
5
5
5
5
5
5
5
5
5
5
5
5
5
5
5
5
5
5
5
5
5
5
5
5
5
5
5
5
5
5
5
5
5
5
5
5
5
5
5
5
5
5
5
5
5
5
5
5
5
5
5
5
5
5
5
5
5
5
5
5
5
5
5
5
5
5
5
5
5
5
5
5
5
5
5
5
5
5
5
5
5
5
5
5
5
5
5
5
5
5
5
5
5
5
5
5
5
5
5
5
5
5
5
5
5
5
5
5
5
5
5
5
5
5
5
5
5
5
5
5
5
5
5
5
5
5
5
5
5
5
5
5
5
5
5
5
5
5
5
5
5
5
5
5
5
5
5
5
5
5
5
5
5
5
5
5
5
5
5
5
5
5
5
5
5
5
5
5
5
5
5
5
5
5
5
5
5
5
5
5
5
5
5
5
5
5
5
5
5
5
5
5
5
5
5
5
5
5
5
5
5
5
5
5
5
5
5
5
5
5
5
5
5
5
5
5
5
5
5
5
5
5
5
5
5
5
5
5
5
5
5
5
5
5
5
5
5
5
5
5
5
5
5
5
5
5
5
5
5
5
5
5
5
5
5
5
5
5
5
5
5
5
5
5
5
5
5
5
5
5
5
5
5
5
5
5
5
5
5
5
5
5
5
5
5
5
5
5
5
5
5
5
5
5
5
5
5
5
5
5
5
5
5
5
5
5
5
5
5
5
5
5
5
5
5
5
5
5
5
5
5
5
5
5
5
5
5
5
5
5
5
5
5
5
5
5
5
5
5
5
5
5
5
5
5
5
5
5
5
5
5
5
5
5
5
5
5
5
5
5
5
5
5
5
5
5
5
5
5
5
5
5
5
5
5
5
5
5
5
5
5
5
5
5
5
5
5
5
5
5
5
5
5
5
5
5
5
5
5
5
5
5
5
5
5
5
5
5
5
5
5
5
5
5
5
5
5
5
5
5
5
5
5
5
5
5
5
5
5
5
5
5
5
5
5
5
5
5
5
5
5
5
5
5
5
5
5
5
5
5
5
5
5
5
5
5
5
5
5
5
5
5
5
5
5
5
5
5
5
5
5
5
5
5
5
5
5
5
5
5
5
5
5
5
5
5
5
5
5
5
5
5
5
5
5
5
5
5
5
5
5
5
5
5
5
5
5
5
5
5
5
5
5
5
5
5
5
5
5
5
5
5
5
5
5
5
5
5
5
5
5
5
5
5
5
5
5
5
5
5
5
5
5
5
5
5
5
5
5
5
5
5
5
5
5
5
5
5
5
5
5
5
5
5
5
5
5
5
5
5
5
5
5
5
5
5
5
5
5
5
5
5
5
5
5
5
5
5
5
5
5
5
5
5
5
5
5
5
5
5
5
5
5
5
5
5
5
5
5
5
5
5
5
5
5
5
5
5
5
5
5
5
5
5
5
5
5
5
5
5
5
5
5
5
5
5
5
5
5
5
5
5
5
5
5
5
5
5
5
5
5
5
5
5
5
5
5
5
5
5
5
5
5
5
5
5
5
5
5
5
5
5
5
5
5
5
5
5
5
5
5
5
5
5
5
5
5
5
5
5
5
5
5
5
5
5
5
5
5
5
5
5
5
5
5
5
5
5
5
5
5
5
5
5
5
5
5
5
5
5
5
5
5
5
5
5
5
5
5
5
5
5
5
5
5
5
5
5
5
5
5
5
5
5
5
5
5
5
5
5
5
5
5
5
5
5
5
5
5
5
5
5
5
5
5
5
5
5
5
5
5
5
5
5
5
5
5
5
5
5
5
5
5
5
5
5
5
5
5
5
5
5
5
5
5
5
5
5
5
5
5
5
5
5
5
5
5
5
5
5
5
5
5
5
5
5
5
5
5
5
5
5
5
5
5
5
5
5
5
5
5
5
5
5
5
5
5
5
5
5
5
5
5
5
5
5
5
5
5
5
5
5
5
5
5
5
5
5
5
5
5
5
5
5
5
5
5
5
5
5
5
5
5
5
5
5
5
5
5
5
5
5
5
5
5
5
5
5
5
5
5
5
5
5
5
5
5
5
5
5
5
5
5
5
5
5
10
10
10
10
10
10
10
10
10
10
10
10
10
10
10
10
10
10
10
10
10
10
10
10
10
10
10
10
10
10
10
10
10
10
10
10
10
10
10
10
10
10
10
10
10
10
10
10
10
10
10
10
10
10
10
10
10
10
10
10
10
10
10
10
10
10
10
10
10
10
10
10
10
10
10
10
10
10
10
10
10
10
10
10
10
10
10
10
10
10
10
10
10
10
10
10
10
10
10
10
10
10
10
10
10
10
10
10
10
10
10
10
10
10
10
10
10
10
10
10
10
10
10
10
10
10
10
10
10
10
10
10
10
10
10
10
10
10
10
10
10
10
10
10
10
10
10
10
10
10
10
10
10
10
10
10
10
10
10
10
10
10
10
10
10
10
10
10
10
10
10
10
10
10
10
10
10
10
10
10
10
10
10
10
10
10
10
10
10
10
10
10
10
10
10
10
10
10
10
10
10
10
10
10
10
10
10
10
10
10
10
10
10
10
10
10
10
10
10
10
10
10
10
10
10
10
10
10
10
10
10
10
10
10
10
10
10
10
10
10
10
10
10
10
10
10
10
10
10
10
10
10
10
10
10
10
10
10
10
10
10
10
10
10
10
10
10
10
10
10
10
10
10
10
10
10
10
10
10
10
10
10
10
10
10
10
10
10
10
10
10
10
10
10
10
10
10
10
10
10
10
10
10
10
10
10
10
10
10
10
10
10
10
10
10
10
10
10
10
10
10
10
10
10
10
10
10
10
10
10
10
10
10
10
10
10
10
10
10
10
10
10
10
10
10
10
10
10
10
10
10
10
10
10
10
10
10
10
10
10
10
10
10
10
10
10
10
10
10
10
10
10
10
10
10
10
10
10
10
10
10
10
10
10
10
10
10
10
10
10
10
10
10
10
10
10
10
10
10
10
10
10
10
10
10
10
10
10
10
10
10
10
10
10
10
10
10
10
10
10
10
10
10
10
10
10
10
10
10
10
10
10
10
10
10
10
10
10
10
10
10
10
10
10
10
10
10
10
10
10
10
10
10
10
10
10
10
10
10
10
10
10
10
10
10
10
10
10
10
10
10
10
10
10
10
10
10
10
10
10
10
10
10
10
10
10
10
10
10
10
10
10
10
10
10
10
10
10
10
10
10
10
10
10
10
10
10
10
10
10
10
10
10
10
10
10
10
10
10
10
10
10
10
10
10
10
10
10
10
10
10
10
10
10
10
10
10
10
10
10
10
10
10
10
10
10
10
10
10
10
10
10
10
10
10
10
10
10
10
10
10
10
10
10
10
10
10
10
10
10
10
10
10
10
10
10
10
10
10
10
10
10
10
10
10
10
10
10
10
10
10
10
10
10
10
10
10
10
10
10
10
10
10
10
10
10
10
10
10
10
10
10
10
10
10
10
10
10
10
10
10
10
10
10
10
10
10
10
10
10
10
10
10
10
10
10
10
10
10
10
10
10
10
10
10
10
10
10
10
10
10
10
10
10
10
10
10
10
10
10
10
10
10
10
10
10
10
10
10
10
10
10
10
10
10
10
10
10
10
10
10
10
10
10
10
10
10
10
10
10
10
10
10
10
10
10
10
10
10
10
10
10
10
10
10
10
10
10
10
10
10
10
10
10
10
10
10
10
10
10
10
10
10
10
10
10
10
10
10
10
10
10
10
10
10
10
10
10
10
10
10
10
10
10
10
10
10
10
10
10
10
10
10
10
10
10
10
10
10
10
10
10
10
10
10
10
10
10
10
10
10
10
10
10
10
10
10
10
10
10
10
10
10
10
10
10
10
10
10
10
10
10
10
10
10
10
10
10
10
10
10
10
10
10
10
10
10
10
10
10
10
10
10
10
10
10
10
10
10
10
10
10
10
10
10
10
10
10
10
10
10
10
10
10
10
10
10
10
10
10
10
10
10
10
10
10
10
10
10
10
10
10
10
10
10
10
10
10
10
10
10
10
10
10
10
10
10
10
10
10
10
10
10
10
10
10
10
10
10
10
10
10
10
10
10
10
10
10
10
10
10
10
10
10
10
10
10
10
10
10
10
10
10
10
10
10
10
10
10
10
10
10
10
10
10
10
10
10
10
10
10
10
10
10
10
10
10
10
10
10
10
10
10
10
10
10
10
10
10
10
10
10
10
10
10
10
10
10
10
10
10
10
10
10
10
10
10
10
10
10
10
10
10
10
10
10
10
10
10
10
10
10
10
10
10
10
10
10
10
10
10
10
10
10
10
10
10
10
10
10
10
10
10
10
10
10
10
10
10
10
10
10
10
10
10
10
10
10
10
10
10
10
10
10
10
10
10
10
10
10
10
10
10
10
10
10
10
10
10
10
10
10
10
10
10
10
10
10
10
10
10
10
10
10
10
10
10
10
10
10
10
10
10
10
10
10
10
10
10
10
10
10
10
10
10
10
10
10
10
10
10
10
10
10
10
10
10
10
10
10
10
10
10
10
10
10
10
10
10
10
10
10
10
10
10
10
10
10
10
10
10
10
10
10
10
10
10
10
10
10
10
10
10
10
10
10
10
10
10
10
10
10
10
10
10
10
10
10
10
10
10
10
10
10
10
10
10
10
10
10
10
10
10
10
10
10
10
10
10
10
10
10
10
10
10
10
10
10
10
10
10
10
10
10
10
10
10
10
10
10
10
10
10
10
10
10
10
10
10
10
10
10
10
10
10
10
10
10
10
10
10
10
10
10
10
10
10
10
10
10
10
10
10
10
10
10
10
10
10
10
10
10
10
10
10
10
10
10
10
10
10
10
10
10
10
10
10
10
10
10
10
10
10
10
10
10
10
10
10
10
10
10
10
10
10
10
10
10
10
10
10
10
10
10
10
10
10
10
10
10
10
10
10
10
10
10
10
10
10
10
10
10
10
10
10
10
10
10
10
10
10
10
10
10
10
10
10
10
10
10
10
10
10
10
10
10
10
10
10
10
10
10
10
10
10
10
10
10
10
10
10
10
10
10
10
10
10
10
10
10
10
10
10
10
10
10
10
10
10
10
10
10
10
10
10
10
10
10
10
10
10
10
10
10
10
10
10
10
10
10
10
10
10
10
10
10
10
10
10
10
10
10
10
10
10
10
10
10
10
10
10
10
10
10
10
10
10
10
10
10
10
10
10
10
10
10
10
10
10
10
10
10
10
10
10
10
10
10
10
10
10
10
10
10
10
10
10
10
10
10
10
10
10
10
10
10
10
10
10
10
10
10
10
10
10
10
10
10
10
10
10
10
10
10
10
10
10
10
10
10
10
10
10
10
10
10
10
10
10
10
10
10
10
10
10
10
10
10
10
10
10
10
10
10
10
10
10
10
10
10
10
10
10
10
10
10
10
10
10
10
10
10
10
10
10
10
10
10
10
10
10
10
10
10
10
10
10
10
10
10
10
10
10
10
10
10
10
10
10
10
10
10
10
10
10
10
10
10
10
10
10
10
10
10
10
10
10
10
10
10
10
10
10
10
10
10
10
10
10
10
10
10
10
10
10
10
10
10
10
10
10
10
10
10
10
10
10
10
10
10
10
10
10
10
10
10
10
10
10
10
10
10
10
10
10
10
10
10
10
10
10
10
10
10
10
10
10
10
10
10
10
10
10
10
10
10
10
10
10
10
10
10
10
10
10
10
10
10
10
10
10
10
10
10
10
10
10
10
10
10
10
10
10
10
10
10
10
10
10
10
10
10
10
10
10
10
10
10
10
10
10
10
10
10
10
10
10
10
10
10
10
10
10
10
10
10
10
10
10
10
10
10
10
10
10
10
10
10
10
10
10
10
10
10
10
10
10
10
10
10
10
10
10
10
10
10
10
10
10
10
10
10
10
10
10
10
10
10
10
10
10
10
10
10
10
10
10
10
10
10
10
10
10
10
10
10
10
10
10
10
10
10
10
10
10
10
10
10
10
10
10
10
10
10
10
10
10
10
10
10
10
10
10
10
10
10
10
10
10
10
10
10
10
10
10
10
10
10
10
10
10
10
10
10
10
10
10
10
10
10
10
10
10
10
10
10
10
10
10
10
10
10
10
10
10
10
10
10
10
10
10
10
10
10
10
10
10
10
10
10
10
10
10
10
10
10
10
10
10
10
10
10
10
10
10
10
10
10
10
10
10
10
10
10
10
10
10
10
10
10
10
10
10
10
10
10
10
10
10
10
10
10
10
10
10
10
10
10
10
10
10
10
10
10
10
10
10
10
10
10
10
10
10
10
10
10
10
10
10
10
10
10
10
10
10
10
10
10
10
10
10
10
10
10
10
10
10
10
10
10
10
10
10
10
10
10
10
10
10
10
10
10
10
10
10
10
10
10
10
10
10
10
10
10
10
10
10
10
10
10
10
10
10
10
10
10
10
10
10
10
10
10
10
10
10
10
10
10
10
10
10
10
10
10
10
10
10
10
10
10
10
10
10
10
10
10
10
10
10
10
10
10
10
10
10
10
10
10
10
10
10
10
10
10
10
10
10
10
10
10
10
10
10
10
10
10
10
10
10
10
10
10
10
10
10
10
10
10
10
10
10
10
10
10
10
10
10
10
10
10
10
10
10
10
10
10
10
10
10
10
10
10
10
10
10
10
10
10
10
10
10
10
10
10
10
10
10
10
10
10
10
10
10
10
10
10
10
10
10
10
10
10
10
10
10
10
10
10
10
10
10
10
10
10
10
10
10
10
10
10
10
10
10
10
10
10
10
10
10
10
10
10
10
10
10
10
10
10
10
10
10
10
10
10
10
10
10
10
10
10
10
10
10
10
10
10
10
10
10
10
10
10
10
10
10
10
10
10
10
10
10
10
10
10
10
10
10
10
10
10
10
10
10
10
10
10
10
10
10
10
10
10
10
10
10
10
10
10
10
10
10
10
10
10
10
10
10
10
10
10
10
10
10
10
10
10
10
10
10
10
10
10
10
10
10
10
10
10
10
10
10
10
10
10
10
10
10
10
10
10
10
10
10
10
10
10
10
10
10
10
10
10
10
10
10
10
10
10
10
10
10
10
10
10
10
10
10
10
10
10
10
10
10
10
10
10
10
10
