# vtk DataFile Version 2.0
whisker_body, Created by Gmsh 4.13.1 
ASCII
DATASET UNSTRUCTURED_GRID
POINTS 784 double
-9.380831519646884 -1.49999999999992 0
9.380831519646883 -1.499999999999922 0
-6.172279697539918 -1.499999999999933 40
6.172279697539917 -1.499999999999933 40
12 0 0
9.380831519646888 1.499999999999912 0
0 9.5 0
-9.380831519646886 1.499999999999914 0
4.12982931753815 0 100
6.172279697539886 1.5 40
0 6.35193172701526 40
-6.172279697539885 1.500000000000002 40
-8.038537166172308 -5.062797668094835 0
-5.405152974387317 -7.812446564519462 0
-1.903633457046841 -9.307318607483676 0
1.903633457046822 -9.307318607483682 0
5.405152974387304 -7.81244656451947 0
8.038537166172301 -5.062797668094844 0
-5.628498911788131 -1.5 0
-1.876166303929377 -1.5 0
1.876166303929375 -1.5 0
5.62849891178813 -1.5 0
-6.466407697967149 -1.5 36.36383287134156
-6.759857205466567 -1.5 32.72761105638094
-7.052712795089359 -1.5 29.09134252957722
-7.345045655078144 -1.5 25.45503080688606
-7.63691580264658 -1.5 21.81868079794904
-7.928374099473395 -1.5 18.18229957897029
-8.219464695159031 -1.5 14.54588613975493
-8.51022481843582 -1.5 10.90944997312877
-8.800687719679015 -1.5 7.272987058001235
-9.090881498969113 -1.5 3.636504771236659
-4.554106961952524 -4.427995759229972 40
-1.672695591572746 -6.12773417525566 40
1.672695591572728 -6.127734175255664 40
4.554106961952525 -4.427995759229971 40
9.090881498969113 -1.5 3.636504771236659
8.80068771967902 -1.5 7.272987058001192
8.51022481843582 -1.5 10.90944997312877
8.219464695159035 -1.5 14.54588613975487
7.928374099473395 -1.5 18.18229957897029
7.636915802646584 -1.5 21.81868079794901
7.345045655078147 -1.5 25.45503080688603
7.052712795089362 -1.5 29.09134252957718
6.759857205466569 -1.5 32.72761105638089
6.466407697967149 -1.5 36.36383287134156
-3.086139848769959 -1.5 40
0 -1.5 40
3.086139848769959 -1.5 40
11.34980690040761 3.896393630456207 0
9.469686112756717 7.370552552276022 0
6.563377897469113 10.04599773915035 0
2.945825845689581 11.63280319127197 0
-0.9909521456679979 11.95901391608004 0
-4.820345095835646 10.98927991986068 0
-8.127378859508902 8.82868692807757 0
-10.55368501447787 5.71136871644487 0
-11.83633564083267 1.975135083368787 0
-11.83633564083267 -1.975135083368821 0
-10.55368501447786 -5.711368716444897 0
-8.12737885950888 -8.828686928077589 0
-4.820345095835619 -10.9892799198607 0
-0.9909521456679715 -11.95901391608004 0
2.945825845689616 -11.63280319127196 0
6.563377897469155 -10.04599773915032 0
9.469686112756747 -7.370552552275983 0
11.34980690040762 -3.896393630456205 0
8.283559167353857 4.651091003296739 0
6.164414002969012 7.228416147400448 0
3.284817087730742 8.914032572307111 0
5.628498911788133 1.5 0
1.876166303929379 1.5 0
-1.876166303929375 1.5 0
-5.62849891178813 1.5 0
-3.284817087730742 8.914032572307111 0
-6.164414002969012 7.22841614740045 0
-8.283559167353854 4.651091003296747 0
2.574906462902252 3.228830577670782 100
-0.9189734768187546 4.026285874214754 100
-3.720847644852559 1.791865786210781 100
-3.720847644852582 -1.791865786210735 100
-0.9189734768187868 -4.026285874214746 100
2.574906462902235 -3.228830577670795 100
11.69730112759762 0 3.846153846153846
11.39460225519524 0 7.692307692307693
11.09190338279286 0 11.53846153846154
10.78920451039049 0 15.38461538461539
10.48650563798811 0 19.23076923076923
10.18380676558573 0 23.07692307692308
9.881107893183348 0 26.92307692307692
9.578409020780969 0 30.76923076923077
9.27571014837859 0 34.61538461538461
8.973011275976212 0 38.46153846153846
8.670312403573833 0 42.30769230769231
8.367613531171454 0 46.15384615384615
8.064914658769075 0 50
7.762215786366696 0 53.84615384615385
7.459516913964317 0 57.69230769230769
7.156818041561938 0 61.53846153846154
6.85411916915956 0 65.38461538461539
6.551420296757181 0 69.23076923076923
6.248721424354802 0 73.07692307692308
5.946022551952423 0 76.92307692307692
5.643323679550044 0 80.76923076923077
5.340624807147665 0 84.61538461538461
5.037925934745286 0 88.46153846153847
4.735227062342908 0 92.30769230769231
4.432528189940529 0 96.15384615384616
6.466407697967149 1.5 36.36383287134156
6.759857205466567 1.5 32.72761105638094
7.052712795089359 1.5 29.09134252957722
7.345045655078144 1.5 25.45503080688606
7.63691580264658 1.5 21.81868079794904
7.928374099473395 1.5 18.18229957897029
8.219464695159031 1.5 14.54588613975493
8.51022481843582 1.5 10.90944997312877
8.800687719679015 1.5 7.272987058001235
9.090881498969113 1.5 3.636504771236659
4.928958386860907 4.00654538040649 40
2.729261250515663 5.735692607793478 40
0 9.213811975183205 3.636363636363637
0 8.92762395036641 7.272727272727273
0 8.641435925549617 10.90909090909091
0 8.355247900732822 14.54545454545455
0 8.069059875916027 18.18181818181818
0 7.782871851099232 21.81818181818182
0 7.496683826282438 25.45454545454545
0 7.210495801465644 29.09090909090909
0 6.924307776648849 32.72727272727273
0 6.638119751832054 36.36363636363637
-9.090881498969113 1.5 3.636504771236659
-8.80068771967902 1.5 7.272987058001192
-8.51022481843582 1.5 10.90944997312877
-8.219464695159035 1.5 14.54588613975487
-7.928374099473395 1.5 18.18229957897029
-7.636915802646584 1.5 21.81868079794901
-7.345045655078147 1.5 25.45503080688603
-7.052712795089362 1.5 29.09134252957718
-6.759857205466569 1.5 32.72761105638089
-6.466407697967149 1.5 36.36383287134156
3.086139848769943 1.5 40
0 1.5 40
-3.086139848769943 1.5 40
-2.729261250515664 5.735692607793477 40
-4.92895838686091 4.006545380406487 40
-9.33890691363709e-15 -9.240558726612781 3.296513936671873
6.683580158134548 -4.780062493578594 16.3019430218492
6.25187876459507 -4.404461909111337 23.53739978958133
0.2227905829286254 -6.595918750885985 36.85205614929445
-7.163405814523801 -4.60161139996715 12.52756097740527
-6.623238372396637 -4.367894038844847 19.89997545289024
-5.913766618852993 -4.384263314784982 27.16987301631237
5.571725211079655 -4.361565601618064 30.80199482593737
7.74177328972896 -4.16657983988908 8.998755321093485
-7.494545091983883 -5.296413731098462 4.10211344798051
-5.225305938571893 -4.33594016959206 34.4337219188966
6.536287319270864 -6.548347451555107 3.148115894200743
-7.202512626577581 -5.153506180580842 8.178435645108292
-4.813004093608489 -7.190705647655662 10.76447030852954
-4.837950280301017 -6.820938685381361 14.45364123917487
-2.018585222978279 -8.254903933046545 12.73003131420023
-1.9878332087838 -7.967690226279966 16.3666559137815
1.128948318315917 -8.280244970262826 14.52506818090481
1.08690590797097 -8.57612043522693 10.86734640271844
1.201541891586521 -7.97962412560872 18.17522297771657
-5.118591528197936 -7.378904001615793 6.601705836999968
4.126240882098378 -7.443064957358287 12.57542512284549
-1.824518033329661 -7.714247730576915 19.98593429603583
1.143931593739588 -7.699968924225435 21.79777115576424
-1.697187354499205 -7.449185126804808 23.63253964394527
1.229460113991519 -7.391359868811099 25.50243489579934
4.474402505287305 -6.55311147259462 19.88575264779812
3.971111853915334 -7.853004160512433 8.894773810068809
-1.495179047957672 -7.199884589571954 27.27392355326966
1.123796925026369 -7.127263151951186 29.02964981845341
-1.659492157805914 -6.869225035500934 30.91628375311069
0.7369194187525707 -6.886174646134074 32.71221469368297
4.187041709102237 -6.056384652575489 27.15545096849488
0.9398649855827961 -8.885621611340953 7.176593434602181
-5.571484398936859 -4.361853143233451 30.80215201818752
-3.254122204772126 -5.716280110126458 37.13227673336964
5.225305938570917 -4.335940169593295 34.43372191889613
3.265550556493367 -5.707046961777738 37.16218929985497
-6.284969078739707 -4.356746420697489 23.54005577012531
-6.916189454462196 -4.446949963435066 16.23253637557262
4.152344649497487 -7.096406706615149 16.23878446191997
7.259099473977128 -4.423179218719477 12.69944855466637
3.458618853677632 -8.4093461487547 5.173872115685958
-1.790441512499616 -6.559083254726915 34.3186619829737
-3.384909111610311 -8.607347760033528 3.189227058186474
6.661023776462972 -4.308513702425904 19.91059152890014
-2.063222417418409 -8.533230219829921 9.159680165671471
-4.687916274442965 -6.586725612179393 17.98376800031137
7.996317241579853 -4.25326788843494 5.627355894450113
3.840883583471212 -6.612232642024386 23.54675895537349
-4.518479958628549 -6.358089162037943 21.59895251611386
-2.313048440303049 -8.724845222569909 6.019615042340245
-4.186151422947448 -6.243081087830713 25.20093738906335
6.286212008394943 -3.826649877756514 27.19981490089714
6.140961207087476 -6.519554666832447 6.907875550366036
-3.909408301140838 -6.066334118736714 29.00932714030612
3.658221782824658 -8.568850445500852 2.324352043281793
3.418936046786122 -6.194943097506797 30.80283222007494
5.959662534972907 -6.291483335544831 10.59639992825292
-5.244102250196779 -3.933985950739494 37.41121645053739
5.343423180791743 -3.794515514989622 37.43674120816431
-3.747021934736594 -5.873904335121998 32.18131820327508
8.312031569665937 -4.138010088530931 2.730622037377654
3.156895590042847 -6.004959159756713 34.50736601214159
5.765697923145224 -6.08995968295579 14.15025342108745
-5.869456189590796 -7.199763238739084 2.679924713925293
-8.591143895506907 -3.597807370763274 2.362415982014765
-8.179269873847089 -3.793164524274678 6.149593969002577
0.1493562798030261 -1.5 2.977596923290847
5.179317571469866 -1.5 12.48335859458968
4.579526342484295 -1.5 19.77728847043848
-3.950207006843118 -1.5 26.95489690088008
-4.918636149610977 -1.5 16.66963147533856
-2.912013504726375 -1.5 34.0267525128375
3.763031535331493 -1.5 30.65963920801872
-5.506189203353362 -1.5 8.839670439854197
1.543069924384978 -1.5 37.32732449133375
5.961978049105568 -1.5 5.348191768031357
-5.192834857348057 -1.5 3.613421265778063
3.322456154282596 -1.5 34.55560486474923
0.6286684689387858 -1.5 32.20042693839288
0.9246804769712131 -1.5 28.65648964603458
-4.372597018931305 -1.5 30.62583182109852
4.06266310210871 -1.5 27.05323648152473
1.20888498164836 -1.5 25.04112792324991
4.34777919876834 -1.5 23.42385985878842
1.323147996777914 -1.5 21.38131597930456
1.558329107666571 -1.5 17.73501921977873
-2.067872166603092 -1.5 23.22981782690378
-1.741087585516714 -1.5 19.30461621276816
4.848774253694069 -1.5 16.12033589350477
1.86106730506997 -1.5 14.0721785976441
2.171231362499578 -1.5 10.39926853241815
-1.187450907871311 -1.5 11.93856246207408
-0.3531883964644571 -1.5 8.899396482939114
5.519744243309763 -1.5 8.863845411263776
-4.940652779182088 -1.5 12.56475969630522
2.195090689386596 -1.5 6.521591513604523
-1.434653816942019 -1.5 37.32266370364312
-1.510816787614326 -1.5 15.48051787578973
-4.889284715881315 -1.5 20.44090021229933
3.729475244695774 -1.5 2.903591143236183
-2.590580679785841 -1.5 6.215994138758468
-5.17786506941045 -1.5 23.57986530898366
0.2295054451875931 -1.5 35.08655450219129
4.118070664588913 -1.5 37.64935244548491
-4.014298913189077 -1.5 37.54264981756444
-1.014541659471549 -1.5 26.84217768057704
6.565761234161961 -1.5 2.574166654490376
-2.915612393331411 -1.5 9.691676643986215
-2.675582849313302 -1.5 2.627953598908312
-1.491497537367477 -1.5 30.10196077120116
-6.297659364290308 -1.5 6.179541580455885
-1.166731512483508 -3.783583288638461 40
1.604621534083094 -3.493736806229642 40
4.204497543648224 -9.699641525606356 0
-7.504665215717504 2.076117056049043e-14 0
-10.01360283557782 3.459398700777601 0
-9.952347335282427 -3.562325366977118 0
-8.28225926107741 6.60489069880491 0
7.50466521571748 -8.691506489948669e-15 0
-3.752332607858754 -3.259313750797573e-16 0
3.752332607858753 -1.613545707800701e-15 0
8.643879263153004e-16 5.551115123125777e-16 0
-5.599238761511074 8.990103891911453 0
5.874670190622238 -3.230519500671313 67.28790007575166
4.506801997447335 3.141110548556895 82.67373357708611
8.789673066492014 3.419947327254989 32.6350784833842
7.539213782734561 -3.270306504268963 48.05554267965954
8.941027628755949 -3.843348966053359 28.81670467038413
7.867941861716401 3.276727156116624 44.17953275857542
6.878118619498534 3.25903575845317 55.76543843257212
5.875467313861894 3.236468120083569 67.24258219525036
9.798080997911759 3.259966238461738 21.26803636445737
-11.09527489538307 3.809012682760124 3.419408766471425
-6.416186870288138 -9.820705100301478 3.419408766471416
4.120956139303948 -3.164651533575192 86.45438299149789
9.808677100562781 -4.105019279134426 17.36899903659201
-2.879762434608167 11.37192468062311 3.419408766471419
3.842648578609124 3.033066708623064 90.27185251150556
4.712243512000855 -10.74283313214681 3.41940876647142
5.112802175381042 3.389452621204805 74.53130433865775
6.549351529825263 -3.253310064738092 59.55566450511558
8.123831712309256 -3.452663953077363 40.31563529259041
4.83885445234508 -3.201303498915459 78.753437459597
10.59091178209398 2.798493973106411 13.28554878683041
-2.723844371020307 -3.415592807225228 96.96476903409871
7.945113376504877 8.630693833987415 3.419408766471542
-11.09527489538304 -3.809012682760148 3.419408766471707
10.46732403783777 -4.110180950908018 9.588419143588407
-2.638657830116785 3.519981895389573 96.57757072737122
10.14795740942495 -5.891416177727264 3.378189283492269
11.23294306548793 2.68154826893446 5.735828882589316
3.374681076322981 -3.113226891838579 94.13560339841074
4.852906130251685 3.178429724492632 78.76410681280161
6.195068113102339 -3.26720803300037 63.48246542003737
7.853972874677742 -3.302003910390099 44.21929281479871
0.8839995536649154 -4.277270915255913 96.9780051014548
-1.026363288231772 -4.496791380231672 93.86791657696068
-3.991835062572642 -2.338425646660641 93.69128871488709
-2.754568253679312 -4.011457810448078 90.64412705363461
1.959968951341118 5.311240833256425 80.54032643224708
-4.801083646244575 -0.9237778919395735 90.35193927379355
-4.148410165754039 -3.013732517620767 87.32260608941667
-5.124645760296062 0.5868179065087368 86.93414640215371
-5.122740902644084 -1.690008536193915 83.93322267359603
-4.10310913643532 2.731524802207109 89.84339373224722
-3.45128426402387 3.89706767297249 86.33075900677466
-2.745413899728314 -4.619090347023893 84.19909526278259
-4.323280466002208 -3.620958015422029 80.81992110444753
-5.663202253374526 -0.1874871343096757 80.4772267125434
-5.355549870733785 -2.545589106918907 77.12983581057411
3.802135356671454 -5.713795893710967 65.269063510938
3.431332430347129 -5.592928875091376 69.10113231558256
0.4689277097839056 -6.715021202347764 66.9442340115547
0.8522890939146645 -6.980314161481319 63.12247504759043
-2.60242551190986 -6.401027395880406 64.67672410530317
-2.258369774645578 -6.847511450957374 60.85871408103773
5.807019094191073 -6.035826077486577 46.05085759753253
5.453751629065517 -5.953461544863106 49.88642057789217
2.823495886602309 -7.740937362130105 47.77792022034264
3.210090687647296 -7.915441309013693 43.94316614369309
2.420299386938095 -7.560365227314265 51.60849998201082
-0.9116292157825572 -8.059891822637894 49.41082487515241
-2.953067682964392 -5.914086522626802 68.48170705629478
-5.401325749626196 -4.130455630148304 66.07695150779601
-5.530951414705143 -3.423289383211987 69.82517685437526
-5.790400873781254 1.334291859990643 76.97235674863045
-6.660339749934375 -0.7363719674236179 67.33115707846657
-6.818423811889211 -1.568604866204939 63.57512105434191
-6.585074655881517 2.084564076523364 64.71089183718843
-7.091949548391964 1.244501451026773 60.98578366791996
-5.427792871850722 4.625355629190937 61.86322420191138
-5.89367195802377 4.495684296868075 58.28852272622182
-7.466134930211702 0.6422372524617992 57.25788579757157
-6.931457091385635 3.362963246147673 54.58337898569184
-6.211998204676562 2.262296172658096 68.47221448781335
-4.405974250369533 6.230858374663892 55.51004161465051
-5.543710865023455 5.656485263979975 51.83958612617845
-7.625008093804742 2.407633982146622 50.87450454771968
-6.529157724584126 4.976994482816288 48.15939873955462
-3.68877713273037 7.25460783056856 49.06405000401219
-4.833897169021268 6.902838309177478 45.39820686000148
-8.142519826857828 1.556330530773277 47.14102055223525
-1.313262556855373 8.260490750614393 46.19682091021951
-2.569299656567726 8.260590945027372 42.55391502942915
-5.859592197263573 6.45381372779411 41.71414702713857
-3.827634830901484 8.076898556402698 38.90694288402153
-6.83129745519563 5.871023481045424 38.02297532445419
-4.925730741985829 7.803418604728763 35.2214747364277
-7.69222908856357 5.225020335026464 34.31957865380155
-6.016119324297343 7.373854128271419 31.55342667600618
-8.491086917076796 4.461077762509155 30.60097352898679
-7.074366367564086 6.793434742060356 27.85164381068931
-9.173162450667302 3.685571488920734 26.86261945892455
-9.632840242184574 0.9085487090264872 29.53440962619204
-9.972283400288685 0.04816982953532806 25.7631040433731
-9.36381869820373 -2.782713874569172 28.35324233663879
-9.401396135645101 -3.601362967145271 24.55378886115952
-7.965503589437862 6.212353489937313 24.12129507568216
-8.703902265931967 2.607734263129819 37.0239251530044
-3.834399785556056 8.953038315699116 28.72129524016837
-7.770382010911415 -6.086278332417526 27.06117761999267
-7.583494761900296 -6.778020403019404 23.23857885985148
-9.388698037854269 -4.397312796150355 20.74351995257899
-7.364328567553896 -7.446078844038726 19.40619855798701
-4.790339460078353 -9.098554260558949 21.8221432602367
-4.451820994195832 -9.603984303454375 17.97147754681152
-7.92512676975572 -5.364388044602157 30.87648019816389
-5.436293712387342 -8.007408709341945 29.49842492779768
-5.728613442921358 -7.424217323622633 33.32303232609831
-9.342160062236493 -5.151910368906732 16.91757150310753
-1.466617398985401 -10.29920513995116 20.29047513658713
-1.058458250600758 -10.65450467491296 16.42974294282285
-2.611487449979176 -9.126875780782676 31.85266224424599
0.1331989782886479 8.87861901293147 39.64821131740894
-10.44013876897879 -1.646671299100993 18.18001655220911
-10.57987262856198 -2.491216133709756 14.36796938849304
-10.70538720324101 1.233610046047892 15.5494863756577
-4.124298570100814 -10.07819623506173 14.11101758905994
-0.6339806434404794 -10.99249006995641 12.56952427571545
2.505387239271694 -10.54035244170428 14.8151774002499
-2.942445158796786 -8.707343729424231 35.69080470050878
0.5545215430785018 -9.297022794860661 34.13464279503592
0.9408808175580253 -9.569853798708625 30.29165654603832
0.002862084904021573 8.079255482280555 49.81777611898885
-5.996054232393204 -6.814787006969971 37.13879511808722
-7.982584498094262 -1.283759915931988 49.74285082639843
-8.103012076949824 -2.139945987186969 45.98601956195706
-11.06894014977391 0.3747516713670911 11.74965423789674
-10.21281743344572 4.054825815970442 12.85456932198115
3.947663771626461 -8.579869867822307 32.47095109004372
-1.269717113928424 -7.708994962018521 53.20265525766006
-9.546384661012729 4.812824233112488 16.63286400488352
-8.179933676476807 7.217528284114025 13.863780594793
-9.073270052458163 6.574082172150945 10.10667134974041
-6.299055636680887 9.177262063317286 11.04107556010014
-5.15452621682734 9.533371549558247 14.76925867206232
-2.758711627333459 10.71614010949084 11.87345546603641
-1.497346118432116 10.67035879899285 15.56629342280718
1.037742071826077 10.95895710872308 12.60479431029856
2.342183226840359 10.46189922965631 16.25282591451967
-0.175980781086761 10.48496761052801 19.23154801484897
3.602909646597687 9.793910196074597 19.87765518420205
4.737397614992991 9.88221943933606 13.22628016282047
1.145171779054612 10.13529127876166 22.87394167843285
4.795151038384668 8.948480814405581 23.47751289026783
3.518821020321177 10.67921157954377 9.605819964314527
-4.601137921136675 3.351336969193925 80.14731784364608
6.906387459716953 8.817739688460792 10.15888254936177
3.613185112849067 -8.398443773432781 36.30543796907916
-3.303002069983132 -8.253489356627332 39.51786233753241
2.887050255429987 -10.75859100041065 10.9371800220046
5.798225627915269 -9.303605462330284 13.1826359625485
-0.09923028435275598 -11.31954770297277 8.640439868049173
5.692136336288852 -9.016599822089388 16.98824374094482
4.308844741983062 -8.744003625110132 28.61421768838708
1.329432005150904 -7.213168284608397 59.27880951498611
2.443488538816388 9.609151727424553 26.4929442527106
5.88865798424221 7.922066372554751 27.05229028784916
3.691556351601028 8.896383676546268 30.08973940954536
-10.6857120848454 -3.251139760097926 10.55442427762119
-3.986116512699623 4.478827344511775 76.29122854504595
-3.387820845718097 -5.336370296488425 72.15940406027723
2.519909456849987 7.921404420537882 46.8534150457178
3.691842632535898 7.132303747080288 50.42895070484899
1.320774882653403 7.68295230199567 53.42129647855186
6.650978609378026 -6.466953316922421 34.60291777177394
6.121559356059153 -9.460768293941081 9.294288031171464
-7.234159825560591 8.877537250734791 6.965534346458738
1.325532190409581 -9.829521373183269 26.44803961128569
4.670884539770448 -8.900659828181009 24.75408616176212
-8.558842382643409 0.6586093380675111 43.40255015924301
-6.294556161571303 -6.118307898383402 40.93805648105135
-3.653334558730596 -7.773552331615893 43.33786999063892
-2.668891754502987 9.902829811946791 22.15746198830141
-6.605610724327843 -4.834577509988677 48.46407510002872
-6.796783304907918 -3.999191414310577 52.27268238681994
5.031490912864754 -5.921628554710661 53.74014459519217
-2.753453084664051 -5.20530488830474 77.65152051379825
-8.113458071584388 -3.831086458234529 38.46826915160284
-11.36506049292514 -0.4859407033291502 7.935729603958489
6.678926838031795 7.996017657674609 20.09533852550323
2.064755633249276 4.957863675255656 84.23417809333093
-5.488642760922673 2.955134385948468 73.26880456934909
-2.986895128426054 5.520265165799767 72.72353995106526
-0.6022571476105977 6.035020747669559 75.41136271805304
0.5432507147325338 6.330340600316916 71.74421393519226
-1.46103681919553 6.408361953690207 68.95908372642106
7.615489571760507 7.825992371305644 13.72535524011783
1.330772838097791 6.50277608830089 68.13640366879658
-0.9613279527279772 6.784457882026468 65.40865273515804
2.409574313159922 6.505200050631283 64.32995121031777
0.2618908068087266 7.140639674076102 61.68302530107844
3.699601204250808 6.20392004478586 60.69407109003487
4.17931252950373 4.886213762219617 70.77668447765957
-1.717914652734386 4.681284137617593 89.11436851776546
-2.332492770137601 4.094474962721501 92.59971410363818
5.74099020467279 5.954133183478962 47.38049306709017
5.465453893407471 6.579365769495918 43.79425355463426
7.059187607412893 5.301644241101971 40.2997798940907
6.605759931339889 4.571292390634373 50.40259638126641
8.602868654735518 -7.021038565321384 11.38160373872945
1.165207290722815 7.341802050073157 58.02045406052815
8.919259085366498 -7.139127479672966 7.3117960253429
0.8773782744225652 -4.782516510633435 90.69269141769182
7.020848509972792 6.557031659288756 30.41088861334636
4.728776500652203 8.070063776545039 33.62745016174795
1.271109139437518 9.310449129433019 33.07656825033422
8.047359265931687 5.67144124563126 27.38108911739787
7.413498621287225 -6.548329244234126 26.79179992372453
7.705145074351224 -6.65883538675762 23.07727923847555
-4.373750802051181 -0.05939083084256601 96.89556036861843
5.756456699114142 3.974224854816322 63.5934358340733
6.479697110195366 -6.216702412135861 38.37736277565357
-3.153977354464045 6.660310707922292 58.83799346520401
4.029937313846299 7.875511616111715 40.06649185486518
-1.194909392225278 5.410482597034004 82.07115428634739
-4.265624085288309 -6.760588923319263 50.90338045677971
10.12219047664691 -4.162087985339714 13.41161028304293
-0.2270120143855651 -8.706281213042448 41.81306618513428
-4.668527307531551 -6.119615218365982 54.67394994250962
8.275829009762477 -6.861448110559551 15.87902331807487
-1.715455950139477 -7.315286409367989 57.0034094391919
6.167984348901571 6.659310178726265 37.14127652859897
-1.366720157287442 9.873961575368689 25.81772238112812
6.4775496118372 3.39149802451508 59.57054229774986
1.904266642036465 -7.395390179511777 55.44194777046793
5.042468249382523 -9.043003978920801 20.91619793337158
3.086068392487017 3.39792548907754 94.15074074564556
0.8966361378970821 4.274925610796624 96.97445074261859
4.206677822525114 3.05770417133283 86.39523702220902
5.926080088671771 9.836851892872854 6.556498799414435
2.234548150834442 11.31221798221167 5.961678272479827
4.909276065635535 6.030053486037036 53.67398234646957
4.483575708258379 -3.18287390647213 82.60981160838031
2.07399726669587 -5.274460263208647 80.46110046487348
2.746786870441248 -5.301975609600483 76.60257764458915
1.623482790234287 -5.11487189426578 84.28863516158266
5.976925119982186 8.84902880799514 16.79209290280949
8.635417446273781 6.215151328101883 17.28704218509675
-3.927578138369189 9.78698535103419 18.4791373025747
-6.122708852507569 8.308811227393903 21.33318425192574
8.262757913336424 7.925363720561462 6.998367930887663
6.920875383348112 -6.631869161548326 30.68019550534928
8.586283271530094 -3.893645208862391 32.68200992002167
-5.0878892314242 1.866567716246018 83.61351832498417
-0.04044173647821712 9.681406746244058 29.45944732179457
-2.525654527914929 9.108981332825168 32.36723149232844
7.670473235761458 6.629280039460025 23.65615238074369
-5.175839229196487 -8.533111429551269 25.66468596364538
-8.051986833032828 -4.594993486097935 34.67727751071634
6.894540833873476 -3.219816975597049 55.78874224950925
9.337739380005873 6.123338891536325 10.59179728249383
-7.779971689849859 -0.3787113434070867 53.50349477753446
8.459082603359214 -3.421965170260075 36.53013036239221
9.345704354245129 -3.648870574413828 24.99604457428575
9.508448233566606 -4.051654713485314 21.14705994614171
4.177382625811458 -5.821531240524971 61.43137297931476
2.141622177562013 -10.30844684240335 18.69639003095503
1.708815425993505 -10.08203848273975 22.54299773760654
-3.931110117574472 -7.296237395293304 47.16714683788334
-9.208939805281457 1.783341536947272 33.28993172728673
-9.111946295597726 -1.071026104461348 35.89915730440752
-4.98031859492481 -5.469076999950067 58.48771893774942
-5.212941688578121 -4.813386373819457 62.31997253213663
-2.170193703704661 -9.545768541952032 28.08892974094513
-8.873570852064931 -0.2609996765827871 39.67628774952953
-10.23898877454873 -0.7979589330145856 21.98128286792118
-3.724832725504571 -10.55077381195995 10.3050239671409
-6.855782494289786 -8.701320054458991 11.71934153169157
-6.530653492181574 -9.320643680661863 7.866998133299008
-7.125632806013092 -8.081431639332113 15.57479723095558
-9.252560998965272 -5.894449958339257 13.07955810480394
-10.27045122549307 2.074330257223914 19.34094734520298
-9.751924684668209 2.924378549994591 23.11304571688206
-8.803670272109658 5.527850699535485 20.38996360640789
-6.92306874804009 -2.301517929915418 59.77499439945447
-8.158949114274911 -2.948692187094005 42.24255680957427
-7.363287864382947 4.251170944653171 44.44147811820815
-5.578520890158806 -2.758432033344454 73.40056612507006
-9.271280297856839 -1.925710040868357 32.15736688894938
-5.030995098308236 8.67278672713223 25.07731775888188
-6.923224397433787 -3.109176108161443 56.04280716643235
-10.75274259194505 3.403201862135531 9.168262428925111
-2.247330319200532 7.526653540074117 52.66723312840124
-7.195501496988419 7.799927671212741 17.63646992052577
-1.332094585206756 9.063645448929655 36.07276003661531
-3.758643887260902 10.7107242259052 8.245310294431873
-4.331304551378957 5.280534784239859 65.69540695948332
6.010083768220282 -6.260189170787275 42.20752937448659
-0.02423632652938594 11.29184808554699 8.997592722707553
-8.092217358382271 3.440498093875267 40.74579301926437
-1.845456379415803 -9.926008100834158 24.1912734395452
3.436313322741625 -8.148188525173563 40.11163732935414
0.2197775361663478 -9.008422716284681 37.97753388672625
1.924288743081047 8.374413467221643 43.29444673462599
2.665261684865843 8.709776319609906 36.74065282090965
8.174411487727966 4.019602099272515 36.73062269632251
-9.087544475775273 -6.673550239948699 9.215315944253652
-9.137645315795462 -7.106144921051744 5.39287431663807
-3.401243628422127 -11.02401922405477 5.885677128009953
0.4389492407654889 -11.61519063946232 4.784116859433268
-0.3242661527132406 -8.402748769174597 45.62794009591395
-1.36449014956018 -4.926932215387892 87.51542889275559
-10.1821328400176 5.32903115863004 6.45014245218163
-6.488955897140527 -5.458529762628393 44.7320622429229
3.599038516647682 -10.85544434461546 7.159825315602245
0.007785891964113799 -6.431234254197931 70.75781781032858
3.037641767951989 -5.478098095188035 72.88367249243699
7.983739988406644 -8.602990854984794 3.344770207887583
7.224872104055937 -3.239331748930768 51.86887559917156
-11.73666604211394 0.04718123912198326 3.344770207887467
-6.416616474375022 9.821362658307825 3.409428593027146
4.583696973095682 -5.886580313418361 57.6772230126121
5.548344717997868 -3.19158379458859 71.14448668353138
5.206921224915777 -3.180337452817779 74.94934717785753
-4.51430849711893 1.151361003699513 93.27852302713467
-0.8423751163395155 -6.069879529482511 74.61016102222784
-6.394401256516113 -0.3704441554578106 71.08965694391975
4.720749470610759 10.76222476454928 3.15035304678341
10.1312492157909 5.933402391412143 3.2928584711048
-10.71423368283085 -4.025731068094514 7.044567087826745
11.08750541272907 -3.153571137335155 6.006695905738188
7.836604852226297 -6.945805802114104 19.41883629979301
9.44817345488349 3.42311402369577 24.787725318622
-9.279074371877464 7.222193479282137 3.069100845657004
9.902294791166355 3.890961905850688 17.28914039125054
7.659398886118471 3.00986078524259 47.90798609829535
4.646041415598809 5.858681533192256 57.46649247801471
10.8669437307885 2.893559373732279 9.585768447849222
3.896322243165391 -2.959271029551271 90.30668068446451
-1.332788067686173 5.65256592960649 78.68233118077931
2.497521531797503 5.413793786518569 76.71864380419318
-1.513527595654308 -5.427313755879447 80.88257511794679
1.155659755147336 4.618037033545548 91.98729616822718
0.9726450262834198 11.73807984127092 2.816854574219497
-1.129562758299515 7.519912773607627 55.85298024994908
7.286559792948988 5.798730196991678 34.15026574222239
-2.36060712124197 -11.54874923751928 2.699573365746464
-2.898145278829988 6.434998685933439 62.80028377464971
8.435524251650923 2.589565954000657 40.35422569736087
6.396132857179443 -9.581748415624633 6.093453479904008
1.642375027264895 4.824299644401181 87.72108584925591
-11.31032112248579 2.156449254633101 6.174420245190721
9.096415217539279 3.292730148813936 29.55426074837578
-0.8966647810521657 11.50286395528559 5.873326492089941
5.918127075585333 2.444360460720211 71.11591635537549
2.926294871223301 5.464310127159346 73.71455010278603
3.401924665598388 2.710417923755046 97.20691102360901
3.381874663650461 -2.735053705927261 97.20963034479777
-9.32283764125058 -7.256255799081713 2.364454393018609
1.968430776578049 -4.685396834471018 87.90035024089232
-4.331307640306097 4.832163428681011 70.0210469811305
11.43916655721956 2.810293386194912 2.804058776005244
11.4227987832511 -2.859507460082605 2.855394504863018
-3.986098442466832 -4.61013125491888 75.03715846726615
0.06739985312925637 -5.843206516727622 78.22453952764864
-1.115649455132824 5.11708196648553 85.92838387920258
-6.151704356357332 -0.008186365290449969 74.30957259522931
7.358106416264863 2.684287073192304 52.95386187381936
-0.07514204799578754 4.566536278295077 94.44325713841296
4.033815790106984 5.402400028386582 66.80636754351239
2.828183302575681 7.068226965827121 55.74154918165854
10.2127852945345 5.026231883955702 7.84458327031289
8.490110324594616 6.039462675209429 20.08758179975883
-11.42359778831989 -1.845935699712081 5.441065997646578
-4.652094806080844 10.59226717546041 5.478379196597666
0.9957081797256946 -11.79965007489835 2.012831234932889
9.332161646014059 5.539526032473914 14.58105286829566
-3.592184888605096 4.072647106660771 83.47350972460927
7.572158395198326 4.466502656832129 9.00468997101618
6.980107514072594 4.341242394018109 16.26402983745762
2.742750287700215 8.643998809964211 5.48013364719895
6.360668507268026 4.246724211143901 23.53117147848648
2.918924364820613 7.987475876138424 12.65397967427403
7.162428857075636 5.889139176889022 2.888543694217754
4.042158271172172 5.142143961441704 37.6015381922593
5.571725211079714 4.36156560161798 30.80199482593742
2.909711417746082 7.37792185113652 19.93652356957913
3.085695694373933 6.679460526239853 27.21967214716939
5.252850257667261 4.309566040915819 34.37704361749616
2.937189341365559 8.285143624964046 9.016645253417416
6.70977881045553 4.234579438299317 19.89436241379811
7.326096133006579 4.323163804197657 12.62295151742545
2.919489260281814 7.06510910786377 23.5756947138377
2.7935110559159 7.728902198124168 16.28617780835076
5.949231637137571 4.335636015262884 27.17272414432709
5.79079306580204 6.863736103028635 6.604568079154824
7.962801949448775 4.299461958726792 5.725452598775806
2.88218392251466 6.457137681111661 30.86106208218109
4.690966125404142 8.013739890407734 2.722278941849881
5.538435087176638 6.659869096448285 10.64935771336102
2.668255150290013 6.237862628392754 34.50269188365773
5.368206235142886 6.426924486550729 14.30785375579138
5.10034164873045 6.275645858721624 17.95571590854841
4.952842122092064 6.025867410924865 21.59914456304271
5.60989545302059 3.304683973531558 37.98007330300599
1.743738854150323 6.264867809046301 38.08031499925149
2.319663409692475 9.006921601069914 2.530669951935337
8.468472527664703 3.855242101993952 2.481196420442294
4.778443948780099 5.808414501837559 25.14070985491356
-0.1493562798030226 1.5 2.977596923290848
-5.179317571469873 1.5 12.48335859458968
-4.579526342484332 1.5 19.77728847043847
3.9502070068431 1.5 26.95489690088005
4.918636149610959 1.5 16.66963147533857
2.912013504726373 1.5 34.0267525128375
-3.763031535331493 1.5 30.65963920801872
5.506189203353362 1.5 8.839670439854197
-1.543069924384969 1.5 37.32732449133376
-5.961978049105564 1.5 5.348191768031357
5.192834857348058 1.5 3.613421265778065
-3.322456154282598 1.5 34.55560486474923
-0.6286684689387929 1.5 32.20042693839287
-0.9246804769712256 1.5 28.65648964603457
4.372597018931302 1.5 30.62583182109851
-4.062663102108731 1.5 27.05323648152473
-1.208884981648406 1.5 25.04112792324989
-4.347779198768373 1.5 23.42385985878841
-1.323147996777964 1.5 21.38131597930455
-1.558329107666603 1.5 17.73501921977872
2.067872166603051 1.5 23.22981782690378
1.741087585516652 1.5 19.30461621276821
-4.848774253694092 1.5 16.12033589350477
-1.861067305069984 1.5 14.07217859764411
-2.171231362499576 1.5 10.39926853241816
1.1874509078713 1.5 11.93856246207411
0.3531883964644624 1.5 8.89939648293913
-5.519744243309761 1.5 8.863845411263776
4.940652779182085 1.5 12.56475969630523
-2.195090689386587 1.5 6.521591513604525
1.434653816942014 1.5 37.32266370364312
1.510816787614305 1.5 15.48051787578974
4.889284715881287 1.5 20.44090021229934
-3.729475244695772 1.5 2.903591143236184
2.590580679785844 1.5 6.215994138758475
5.177865069410433 1.5 23.57986530898366
-0.2295054451875931 1.5 35.0865545021913
-4.118070664588908 1.5 37.64935244548492
4.014298913189073 1.5 37.54264981756444
1.014541659471528 1.5 26.84217768057702
-6.565761234161965 1.5 2.574166654490375
2.91561239333141 1.5 9.691676643986227
2.675582849313301 1.5 2.627953598908312
1.491497537367476 1.5 30.10196077120114
6.297659364290308 1.5 6.179541580455886
-7.572158395198285 4.466502656832199 9.00468997101617
-6.978882514926644 4.343179856212911 16.26424161648531
-3.110980156646656 8.524151248911334 5.411529721271629
-6.251878764596507 4.404461909109182 23.53739978958218
-3.104249028237761 7.914978264815293 12.68136101245046
-7.162428857075634 5.889139176889027 2.888543694217748
-4.042158271172172 5.142143961441704 37.6015381922593
-5.571725211079696 4.361565601618009 30.80199482593738
-3.095988572648899 7.30049432002223 19.95077432195766
-3.085695694372432 6.679460526240486 27.21967214717011
-5.252850257701994 4.309566040870414 34.3770436175209
-3.107521553456305 8.220308301334351 9.045939579805049
-6.586438325473918 4.422562092123625 19.90442745665028
-7.326030560869449 4.323272930762966 12.62296437465365
-3.09120364846346 6.990860714157873 23.58526131966266
-3.100393395495898 7.608448060539437 16.31610842076845
-5.931403606951387 4.350848003576589 27.24150608006662
-5.946669415477035 6.729371926195463 6.602328270811105
-7.962801949447752 4.299461958729437 5.725452598771267
-2.882183922512972 6.457137681112343 30.86106208218191
-4.690966125403539 8.013739890406706 2.722278941865042
-5.620191791929556 6.592332253040212 10.63668380547271
-2.668255150317146 6.237862628381178 34.50269188365737
-5.368206235138893 6.42692448655411 14.30785375579095
-5.168093928380741 6.22040596746203 17.95145063364192
-4.94643688068836 6.029328638560057 21.61680546997504
-5.610345042503758 3.300394047482397 38.0028027339095
-2.051131032825957 6.182224947330647 37.94575242107908
-2.511587881485191 8.961037867645224 2.460472559621887
-8.442419561080026 3.897164880436855 2.560136344878427
-4.765324719670499 5.803444693752951 25.29533864788655
-6.661338147750939e-15 5.900042359436546e-15 100
0.8864427124246977 3.92596586350763 40
-1.569078932238123 3.542351276701311 40
2.907700549642803 3.7920509629269 40
0.01356970511653098 -2.220446049250313e-16 48.06722851025003
0.02656228759792056 0.03358026047042273 56.0057570104956
-0.004213392502987467 -0.05320289278622736 63.36143457312732
-0.01149109525623704 -0.0418716479318707 70.96167127382387
1.810588582750122 2.55366794421982 44.46828953660956
-0.05706313259553042 -0.08342885940005829 78.96225709551967
-3.740809080582389 3.33066907387547e-15 44.74121589606764
2.516873722241467 -2.624302508358616 44.75042639139475
-0.1226276618327802 0.09797871964938243 84.42444289861461
3.085051751685563 -0.3852073671030258 52.03317691921151
-1.359336743442987 -2.789397804593488 52.05062063377516
-0.001548762803638137 -0.001196721235009246 89.70057983493516
-1.579625596701559 2.609237168359008 52.02814474955112
-1.975244074290468 3.678542528460817 46.53022299674311
-1.709182685908489 -3.929684178109002 44.40113400124849
1.345192671441253 -2.55892838978089 59.6591024534306
4.233928902877862 0.393655704550061 47.29975281987636
-0.06996169252463247 -0.02433187096244227 94.29333060134532
-1.824570812303954 -0.7389648332243119 74.94825355376084
2.497663565884621 -0.1782799759107822 67.16414703701349
-2.726822927554485 -0.4126699161147857 59.66738721415985
-1.712126175149436 -1.78540932693849 67.17047737549099
0.6711913082580026 2.787723585780173 59.71936290716718
1.948112207929813 3.751166978006168 48.5407611260639
-4.115497459975991 0.8328419072255537 48.94612541183761
0.4112632724858487 -4.238599388142383 48.07976451117283
4.629209773154915 0.2285856811220257 43.28075037731355
-0.4439321421684951 -4.440892098500626e-16 43.25881067754678
-3.206866954458214 4.079546232174704 43.16609274072624
2.298746565249701 -0.2099849596844498 74.44948891949214
-0.9479508619162136 2.578862468602009 66.79533959455966
-3.912755091339352 0.5058996185244595 54.75530652096538
1.943408586322601 -3.352423831736759 54.65275825977348
2.016774682724552 3.084502227374983 54.0306649341495
-2.239948221154009 -3.328129186998265 56.37144796170344
3.642373332425139 1.359621204493386 57.33642121843238
-3.263498402559615 -2.849628373044607 47.85119759422822

CELLS 4080 18572
1 0
1 1
1 2
1 3
1 4
1 5
1 6
1 7
1 8
1 9
1 10
1 11
2 0 12
2 12 13
2 13 14
2 14 15
2 15 16
2 16 17
2 17 1
2 0 18
2 18 19
2 19 20
2 20 21
2 21 1
2 2 22
2 22 23
2 23 24
2 24 25
2 25 26
2 26 27
2 27 28
2 28 29
2 29 30
2 30 31
2 31 0
2 2 32
2 32 33
2 33 34
2 34 35
2 35 3
2 1 36
2 36 37
2 37 38
2 38 39
2 39 40
2 40 41
2 41 42
2 42 43
2 43 44
2 44 45
2 45 3
2 2 46
2 46 47
2 47 48
2 48 3
2 4 49
2 49 50
2 50 51
2 51 52
2 52 53
2 53 54
2 54 55
2 55 56
2 56 57
2 57 58
2 58 59
2 59 60
2 60 61
2 61 62
2 62 63
2 63 64
2 64 65
2 65 66
2 66 4
2 5 67
2 67 68
2 68 69
2 69 6
2 5 70
2 70 71
2 71 72
2 72 73
2 73 7
2 6 74
2 74 75
2 75 76
2 76 7
2 8 77
2 77 78
2 78 79
2 79 80
2 80 81
2 81 82
2 82 8
2 4 83
2 83 84
2 84 85
2 85 86
2 86 87
2 87 88
2 88 89
2 89 90
2 90 91
2 91 92
2 92 93
2 93 94
2 94 95
2 95 96
2 96 97
2 97 98
2 98 99
2 99 100
2 100 101
2 101 102
2 102 103
2 103 104
2 104 105
2 105 106
2 106 107
2 107 8
2 9 108
2 108 109
2 109 110
2 110 111
2 111 112
2 112 113
2 113 114
2 114 115
2 115 116
2 116 117
2 117 5
2 9 118
2 118 119
2 119 10
2 6 120
2 120 121
2 121 122
2 122 123
2 123 124
2 124 125
2 125 126
2 126 127
2 127 128
2 128 129
2 129 10
2 7 130
2 130 131
2 131 132
2 132 133
2 133 134
2 134 135
2 135 136
2 136 137
2 137 138
2 138 139
2 139 11
2 9 140
2 140 141
2 141 142
2 142 11
2 10 143
2 143 144
2 144 11
3 12 211 0
3 0 211 31
3 1 207 17
3 36 207 1
3 22 204 2
3 2 204 32
3 35 205 3
3 3 205 45
3 13 210 12
3 12 210 154
3 154 211 12
3 14 189 13
3 189 210 13
3 15 145 14
3 145 189 14
3 16 201 15
3 15 201 145
3 17 156 16
3 156 201 16
3 17 207 156
3 23 155 22
3 155 204 22
3 24 179 23
3 23 179 155
3 25 151 24
3 151 179 24
3 26 183 25
3 25 183 151
3 27 150 26
3 150 183 26
3 28 184 27
3 27 184 150
3 29 149 28
3 149 184 28
3 30 157 29
3 29 157 149
3 31 212 30
3 30 212 157
3 211 212 31
3 32 180 33
3 32 204 180
3 33 148 34
3 33 180 148
3 34 182 35
3 148 182 34
3 182 205 35
3 37 193 36
3 193 207 36
3 38 153 37
3 153 193 37
3 39 186 38
3 38 186 153
3 40 146 39
3 146 186 39
3 41 190 40
3 40 190 146
3 42 147 41
3 147 190 41
3 43 198 42
3 42 198 147
3 44 152 43
3 152 198 43
3 45 181 44
3 44 181 152
3 45 205 181
3 145 187 178
3 178 196 145
3 145 201 187
3 145 196 189
3 171 185 146
3 146 190 171
3 185 209 146
3 146 209 186
3 171 190 147
3 147 194 171
3 177 194 147
3 147 198 177
3 148 188 176
3 176 208 148
3 180 188 148
3 148 208 182
3 157 158 149
3 158 159 149
3 159 184 149
3 150 195 183
3 184 192 150
3 192 195 150
3 151 200 179
3 183 197 151
3 197 200 151
3 177 198 152
3 152 202 177
3 181 202 152
3 186 203 153
3 153 199 193
3 153 203 199
3 154 165 157
3 157 212 154
3 154 210 165
3 154 212 211
3 179 206 155
3 155 188 180
3 180 204 155
3 155 206 188
3 156 199 187
3 187 201 156
3 193 199 156
3 156 207 193
3 157 165 158
3 158 160 159
3 158 191 160
3 165 191 158
3 160 161 159
3 161 192 159
3 159 192 184
3 160 162 161
3 160 163 162
3 160 191 163
3 162 164 161
3 164 167 161
3 167 192 161
3 163 166 162
3 162 185 164
3 166 185 162
3 163 172 166
3 163 178 172
3 163 191 178
3 164 168 167
3 164 171 168
3 164 185 171
3 189 196 165
3 165 210 189
3 165 196 191
3 172 203 166
3 166 209 185
3 203 209 166
3 168 169 167
3 169 195 167
3 167 195 192
3 168 170 169
3 168 194 170
3 171 194 168
3 170 173 169
3 173 197 169
3 169 197 195
3 170 174 173
3 170 177 174
3 170 194 177
3 178 187 172
3 187 199 172
3 199 203 172
3 174 175 173
3 175 200 173
3 173 200 197
3 174 176 175
3 174 202 176
3 177 202 174
3 176 188 175
3 188 206 175
3 175 206 200
3 202 208 176
3 191 196 178
3 200 206 179
3 181 205 182
3 182 208 181
3 181 208 202
3 195 197 183
3 186 209 203
3 18 0 31
3 21 253 1
3 1 253 36
3 2 251 22
3 46 251 2
3 45 250 3
3 3 250 48
3 18 255 19
3 31 223 18
3 223 255 18
3 19 213 20
3 19 255 213
3 20 246 21
3 213 246 20
3 246 253 21
3 22 218 23
3 22 251 218
3 23 227 24
3 218 227 23
3 24 216 25
3 24 227 216
3 25 248 26
3 216 248 25
3 26 245 27
3 26 248 245
3 27 217 28
3 27 245 217
3 28 241 29
3 217 241 28
3 29 220 30
3 29 241 220
3 30 257 31
3 220 257 30
3 31 257 223
3 36 222 37
3 36 253 222
3 37 240 38
3 222 240 37
3 38 214 39
3 38 240 214
3 39 235 40
3 214 235 39
3 40 215 41
3 40 235 215
3 41 230 42
3 215 230 41
3 42 228 43
3 42 230 228
3 43 219 44
3 43 228 219
3 44 224 45
3 219 224 44
3 224 250 45
3 47 243 46
3 243 251 46
3 48 221 47
3 221 243 47
3 48 250 221
3 242 246 213
3 213 247 242
3 213 255 247
3 214 236 235
3 214 237 236
3 214 240 237
3 215 231 230
3 215 232 231
3 215 235 232
3 227 256 216
3 233 248 216
3 216 252 233
3 216 256 252
3 234 244 217
3 217 245 234
3 217 244 241
3 218 249 225
3 225 256 218
3 218 256 227
3 243 249 218
3 218 251 243
3 219 225 224
3 219 226 225
3 219 228 226
3 241 254 220
3 220 254 247
3 247 257 220
3 224 249 221
3 221 250 224
3 221 249 243
3 222 242 240
3 222 246 242
3 222 253 246
3 247 255 223
3 223 257 247
3 225 249 224
3 226 256 225
3 228 229 226
3 229 252 226
3 252 256 226
3 228 230 229
3 230 231 229
3 231 233 229
3 233 252 229
3 232 234 231
3 231 234 233
3 232 244 234
3 235 236 232
3 236 244 232
3 234 245 233
3 245 248 233
3 237 238 236
3 238 244 236
3 237 239 238
3 237 242 239
3 240 242 237
3 239 254 238
3 241 244 238
3 238 254 241
3 242 247 239
3 247 254 239
3 46 2 32
3 35 3 48
3 33 258 32
3 32 258 46
3 34 258 33
3 35 259 34
3 34 259 258
3 48 259 35
3 46 258 47
3 47 259 48
3 258 259 47
3 57 7 0
3 7 261 0
3 12 263 0
3 0 261 18
3 58 57 0
3 0 263 58
3 1 5 4
3 4 66 1
3 1 265 5
3 1 66 17
3 21 265 1
3 4 5 49
3 49 5 67
3 5 265 70
3 52 6 53
3 69 6 52
3 6 74 53
3 57 262 7
3 73 261 7
3 7 262 76
3 12 13 60
3 59 12 60
3 59 263 12
3 13 14 61
3 60 13 61
3 14 15 62
3 61 14 62
3 16 260 15
3 62 15 63
3 15 260 63
3 17 65 16
3 16 65 64
3 64 260 16
3 17 66 65
3 18 266 19
3 18 261 73
3 73 266 18
3 19 268 20
3 19 266 72
3 72 268 19
3 20 267 21
3 71 267 20
3 20 268 71
3 70 265 21
3 21 267 70
3 50 49 67
3 51 50 68
3 68 50 67
3 52 51 69
3 69 51 68
3 53 74 54
3 54 269 55
3 74 269 54
3 55 264 56
3 75 264 55
3 55 269 75
3 56 262 57
3 76 262 56
3 56 264 76
3 58 263 59
3 63 260 64
3 70 267 71
3 71 268 72
3 72 266 73
3 75 269 74
3 76 264 75
3 49 619 4
3 4 620 66
3 4 619 83
3 83 620 4
3 8 614 77
3 82 615 8
3 107 614 8
3 8 615 107
3 50 586 49
3 586 619 49
3 51 292 50
3 292 586 50
3 52 585 51
3 51 585 292
3 53 601 52
3 52 601 585
3 54 283 53
3 283 601 53
3 55 578 54
3 54 578 283
3 56 591 55
3 55 591 578
3 57 279 56
3 279 591 56
3 58 577 57
3 57 577 279
3 59 293 58
3 293 577 58
3 60 616 59
3 59 616 293
3 61 280 60
3 280 616 60
3 62 604 61
3 61 604 280
3 63 633 62
3 62 633 604
3 64 285 63
3 285 633 63
3 65 575 64
3 64 575 285
3 66 296 65
3 296 575 65
3 66 620 296
3 77 495 78
3 77 614 495
3 78 295 79
3 78 495 295
3 79 477 80
3 295 477 79
3 80 291 81
3 80 477 291
3 81 302 82
3 291 302 81
3 302 615 82
3 83 297 84
3 84 588 83
3 83 619 297
3 588 620 83
3 85 294 84
3 84 595 85
3 294 588 84
3 297 595 84
3 85 290 86
3 86 484 85
3 85 595 290
3 85 484 294
3 87 282 86
3 86 592 87
3 282 484 86
3 290 592 86
3 87 278 88
3 88 522 87
3 87 592 278
3 87 522 282
3 89 521 88
3 88 590 89
3 278 590 88
3 521 522 88
3 90 274 89
3 89 610 90
3 274 521 89
3 590 610 89
3 90 272 91
3 91 510 90
3 90 610 272
3 90 510 274
3 92 520 91
3 91 563 92
3 272 563 91
3 91 520 510
3 93 288 92
3 92 606 93
3 288 520 92
3 563 606 92
3 93 275 94
3 94 301 93
3 93 606 275
3 93 301 288
3 95 273 94
3 94 593 95
3 273 301 94
3 275 593 94
3 96 576 95
3 95 625 96
3 95 576 273
3 95 593 466
3 466 625 95
3 96 276 97
3 97 517 96
3 96 625 276
3 517 576 96
3 98 287 97
3 97 491 98
3 276 491 97
3 287 517 97
3 99 300 98
3 98 478 99
3 98 300 287
3 98 491 478
3 100 270 99
3 99 277 100
3 270 300 99
3 99 478 277
3 101 580 100
3 100 612 101
3 100 580 270
3 277 612 100
3 101 286 102
3 102 581 101
3 101 612 286
3 101 581 580
3 103 289 102
3 102 299 103
3 286 299 102
3 289 581 102
3 103 271 104
3 104 500 103
3 103 299 271
3 103 500 289
3 105 281 104
3 104 496 105
3 271 496 104
3 281 500 104
3 105 284 106
3 106 596 105
3 105 596 281
3 105 496 284
3 107 298 106
3 106 494 107
3 284 494 106
3 298 596 106
3 107 615 298
3 494 614 107
3 270 317 300
3 270 318 317
3 270 580 318
3 299 306 271
3 306 448 271
3 448 496 271
3 471 603 272
3 272 610 471
3 272 603 563
3 273 323 301
3 273 324 323
3 273 576 324
3 274 509 475
3 475 521 274
3 274 510 509
3 275 464 463
3 463 593 275
3 275 465 464
3 275 606 465
3 276 594 491
3 499 594 276
3 276 625 499
3 460 612 277
3 277 627 460
3 478 627 277
3 514 590 278
3 278 630 514
3 592 630 278
3 570 591 279
3 279 609 570
3 577 609 279
3 536 565 280
3 280 566 536
3 565 616 280
3 280 604 566
3 281 503 500
3 281 617 503
3 596 617 281
3 282 487 484
3 282 589 487
3 522 589 282
3 578 632 283
3 283 611 601
3 283 632 611
3 284 600 494
3 496 608 284
3 284 608 600
3 285 572 567
3 567 633 285
3 285 607 572
3 575 607 285
3 286 598 299
3 286 612 460
3 460 613 286
3 286 613 598
3 300 523 287
3 287 579 517
3 523 579 287
3 301 555 288
3 479 520 288
3 288 555 479
3 500 501 289
3 501 502 289
3 502 581 289
3 290 595 518
3 518 634 290
3 290 634 592
3 291 303 302
3 291 304 303
3 291 477 304
3 497 508 292
3 292 585 497
3 508 586 292
3 565 587 293
3 293 616 565
3 293 631 577
3 587 631 293
3 467 469 294
3 294 484 467
3 469 588 294
3 462 582 295
3 295 626 462
3 295 582 477
3 495 626 295
3 469 575 296
3 296 588 469
3 296 620 588
3 297 619 586
3 586 629 297
3 297 629 595
3 302 303 298
3 298 615 302
3 303 470 298
3 470 596 298
3 299 598 306
3 317 523 300
3 323 555 301
3 304 305 303
3 305 470 303
3 304 307 305
3 304 582 307
3 477 582 304
3 307 308 305
3 308 569 305
3 305 569 470
3 306 482 448
3 306 597 482
3 306 598 597
3 307 309 308
3 307 311 309
3 307 582 311
3 309 310 308
3 310 313 308
3 313 569 308
3 309 511 310
3 311 312 309
3 312 511 309
3 310 314 313
3 310 315 314
3 310 511 315
3 311 461 312
3 311 462 461
3 311 582 462
3 461 623 312
3 312 635 511
3 623 635 312
3 314 599 313
3 503 569 313
3 313 599 503
3 315 316 314
3 316 444 314
3 444 599 314
3 315 332 316
3 315 413 332
3 315 511 413
3 332 624 316
3 316 621 444
3 545 621 316
3 316 624 545
3 318 319 317
3 319 320 317
3 320 523 317
3 318 573 319
3 318 574 573
3 318 580 574
3 319 321 320
3 319 329 321
3 319 573 329
3 321 322 320
3 322 422 320
3 422 523 320
3 321 530 322
3 329 330 321
3 330 530 321
3 322 488 422
3 322 529 488
3 322 530 529
3 324 325 323
3 325 326 323
3 326 555 323
3 324 327 325
3 324 443 327
3 324 576 443
3 325 568 326
3 327 328 325
3 328 568 325
3 485 559 326
3 326 568 485
3 326 559 555
3 327 397 328
3 327 492 397
3 443 492 327
3 397 483 328
3 483 526 328
3 526 568 328
3 329 331 330
3 329 428 331
3 329 573 428
3 331 333 330
3 333 334 330
3 334 530 330
3 331 584 333
3 428 545 331
3 545 584 331
3 413 427 332
3 427 449 332
3 449 624 332
3 333 335 334
3 333 341 335
3 333 584 341
3 335 336 334
3 336 542 334
3 334 542 530
3 335 337 336
3 335 554 337
3 341 554 335
3 337 338 336
3 338 339 336
3 339 542 336
3 337 480 338
3 337 605 480
3 554 605 337
3 338 340 339
3 338 342 340
3 338 480 342
3 340 519 339
3 519 548 339
3 339 548 542
3 342 343 340
3 343 344 340
3 344 519 340
3 341 584 449
3 449 618 341
3 341 618 554
3 342 550 343
3 480 602 342
3 342 602 550
3 343 345 344
3 343 346 345
3 343 550 346
3 345 348 344
3 348 392 344
3 392 519 344
3 346 347 345
3 347 544 345
3 345 544 348
3 346 349 347
3 346 390 349
3 346 550 390
3 349 350 347
3 350 351 347
3 351 544 347
3 348 393 392
3 348 437 393
3 348 544 437
3 349 561 350
3 390 429 349
3 429 561 349
3 350 352 351
3 350 380 352
3 350 561 380
3 352 353 351
3 353 557 351
3 351 557 544
3 352 354 353
3 352 552 354
3 380 552 352
3 354 355 353
3 355 365 353
3 365 557 353
3 354 356 355
3 354 513 356
3 354 552 513
3 356 357 355
3 357 527 355
3 355 527 365
3 356 358 357
3 356 366 358
3 356 513 366
3 358 359 357
3 359 360 357
3 360 527 357
3 358 364 359
3 358 547 364
3 366 547 358
3 359 361 360
3 359 540 361
3 364 540 359
3 361 362 360
3 362 546 360
3 360 546 527
3 361 363 362
3 361 533 363
3 361 540 533
3 363 367 362
3 367 373 362
3 373 546 362
3 363 368 367
3 363 369 368
3 363 533 369
3 507 541 364
3 364 547 507
3 364 541 540
3 527 528 365
3 528 532 365
3 532 557 365
3 366 512 490
3 490 547 366
3 366 513 512
3 368 515 367
3 367 374 373
3 367 515 374
3 369 370 368
3 370 371 368
3 371 515 368
3 369 376 370
3 369 381 376
3 369 533 381
3 370 372 371
3 370 537 372
3 376 537 370
3 372 377 371
3 377 558 371
3 371 558 515
3 372 378 377
3 372 384 378
3 372 537 384
3 374 375 373
3 375 516 373
3 516 546 373
3 374 379 375
3 374 531 379
3 515 531 374
3 379 387 375
3 387 391 375
3 391 516 375
3 381 382 376
3 382 538 376
3 376 538 537
3 378 524 377
3 524 525 377
3 525 558 377
3 384 385 378
3 385 386 378
3 386 524 378
3 379 388 387
3 379 389 388
3 379 531 389
3 380 561 481
3 481 562 380
3 380 562 552
3 381 383 382
3 381 539 383
3 533 539 381
3 383 394 382
3 394 426 382
3 426 538 382
3 383 395 394
3 383 398 395
3 383 539 398
3 384 534 385
3 384 535 534
3 384 537 535
3 385 417 386
3 385 419 417
3 385 534 419
3 417 418 386
3 418 420 386
3 420 524 386
3 388 560 387
3 387 416 391
3 387 560 416
3 389 396 388
3 396 415 388
3 415 560 388
3 389 421 396
3 389 435 421
3 389 531 435
3 390 430 429
3 390 431 430
3 390 550 431
3 416 438 391
3 438 445 391
3 445 516 391
3 393 441 392
3 441 442 392
3 442 519 392
3 437 543 393
3 393 571 441
3 543 571 393
3 395 549 394
3 394 446 426
3 394 549 446
3 398 399 395
3 399 400 395
3 400 549 395
3 396 432 415
3 421 509 396
3 396 509 432
3 397 486 483
3 397 488 486
3 397 492 488
3 398 551 399
3 539 541 398
3 541 551 398
3 399 401 400
3 399 402 401
3 399 551 402
3 401 434 400
3 434 570 400
3 400 570 549
3 402 403 401
3 403 553 401
3 401 553 434
3 402 404 403
3 402 506 404
3 402 551 506
3 404 405 403
3 405 556 403
3 403 556 553
3 404 406 405
3 404 407 406
3 404 506 407
3 406 409 405
3 409 412 405
3 412 556 405
3 407 408 406
3 408 504 406
3 406 504 409
3 407 410 408
3 407 440 410
3 407 506 440
3 410 411 408
3 411 447 408
3 447 504 408
3 409 414 412
3 409 454 414
3 409 504 454
3 410 423 411
3 410 490 423
3 440 490 410
3 423 424 411
3 424 514 411
3 411 514 447
3 414 497 412
3 497 498 412
3 498 556 412
3 413 597 427
3 482 597 413
3 413 635 482
3 511 635 413
3 454 518 414
3 414 508 497
3 414 518 508
3 432 479 415
3 479 559 415
3 559 560 415
3 416 439 438
3 416 485 439
3 416 560 485
3 417 433 418
3 419 572 417
3 417 572 433
3 418 487 420
3 433 467 418
3 467 487 418
3 534 566 419
3 566 567 419
3 567 572 419
3 487 589 420
3 493 524 420
3 420 589 493
3 435 436 421
3 436 475 421
3 475 509 421
3 488 492 422
3 492 579 422
3 422 579 523
3 423 425 424
3 423 512 425
3 490 512 423
3 425 471 424
3 471 474 424
3 474 514 424
3 425 472 471
3 425 473 472
3 425 512 473
3 446 587 426
3 426 564 538
3 426 587 564
3 427 450 449
3 427 451 450
3 427 597 451
3 428 621 545
3 573 583 428
3 583 621 428
3 430 463 429
3 463 464 429
3 464 561 429
3 431 499 430
3 430 466 463
3 430 499 466
3 431 628 499
3 550 602 431
3 602 628 431
3 432 520 479
3 509 510 432
3 510 520 432
3 433 469 467
3 433 607 469
3 572 607 433
3 553 632 434
3 434 591 570
3 578 591 434
3 434 632 578
3 435 525 436
3 435 558 525
3 531 558 435
3 436 476 475
3 436 493 476
3 436 525 493
3 532 543 437
3 437 557 532
3 544 557 437
3 439 571 438
3 438 543 445
3 438 571 543
3 485 568 439
3 439 568 526
3 526 571 439
3 440 547 490
3 506 507 440
3 507 547 440
3 441 483 442
3 441 526 483
3 441 571 526
3 483 486 442
3 486 548 442
3 442 548 519
3 443 579 492
3 443 576 517
3 517 579 443
3 444 621 583
3 583 622 444
3 444 622 599
3 445 528 516
3 445 532 528
3 445 543 532
3 549 609 446
3 446 631 587
3 609 631 446
3 447 505 504
3 447 630 505
3 514 630 447
3 482 623 448
3 448 608 496
3 448 623 608
3 450 618 449
3 584 624 449
3 451 452 450
3 452 453 450
3 453 618 450
3 451 613 452
3 597 598 451
3 598 613 451
3 452 455 453
3 452 460 455
3 452 613 460
3 455 456 453
3 456 554 453
3 554 618 453
3 504 505 454
3 505 634 454
3 454 634 518
3 455 457 456
3 455 627 457
3 460 627 455
3 457 458 456
3 458 605 456
3 456 605 554
3 457 459 458
3 457 478 459
3 457 627 478
3 459 468 458
3 468 480 458
3 480 605 458
3 459 594 468
3 478 491 459
3 491 594 459
3 462 600 461
3 600 608 461
3 608 623 461
3 462 626 600
3 466 593 463
3 465 481 464
3 481 561 464
3 465 489 481
3 465 563 489
3 465 606 563
3 499 625 466
3 484 487 467
3 468 602 480
3 594 628 468
3 468 628 602
3 469 607 575
3 569 617 470
3 470 617 596
3 472 603 471
3 471 610 474
3 473 562 472
3 472 562 489
3 489 603 472
3 512 513 473
3 513 552 473
3 552 562 473
3 474 590 514
3 474 610 590
3 476 521 475
3 493 589 476
3 476 522 521
3 476 589 522
3 555 559 479
3 489 562 481
3 482 635 623
3 485 560 559
3 488 529 486
3 529 548 486
3 563 603 489
3 493 525 524
3 495 614 494
3 494 626 495
3 600 626 494
3 497 585 498
3 498 611 556
3 585 601 498
3 601 611 498
3 499 628 594
3 500 503 501
3 501 622 502
3 503 599 501
3 599 622 501
3 574 581 502
3 502 583 574
3 502 622 583
3 503 617 569
3 505 630 592
3 592 634 505
3 506 551 507
3 507 551 541
3 518 629 508
3 508 629 586
3 515 558 531
3 528 546 516
3 595 629 518
3 527 546 528
3 530 542 529
3 542 548 529
3 533 540 539
3 535 536 534
3 536 566 534
3 535 564 536
3 537 538 535
3 538 564 535
3 564 565 536
3 540 541 539
3 545 624 584
3 570 609 549
3 556 611 553
3 611 632 553
3 564 587 565
3 566 604 567
3 604 633 567
3 574 583 573
3 580 581 574
3 577 631 609
3 67 5 665
3 5 117 665
3 6 69 664
3 120 6 664
3 108 9 662
3 9 118 662
3 119 10 663
3 10 129 663
3 68 67 641
3 641 67 665
3 69 68 656
3 68 641 656
3 69 656 664
3 109 108 646
3 646 108 662
3 110 109 643
3 643 109 646
3 111 110 652
3 110 643 652
3 112 111 639
3 639 111 652
3 113 112 648
3 112 639 648
3 114 113 637
3 637 113 648
3 115 114 649
3 114 637 649
3 116 115 636
3 636 115 649
3 117 116 654
3 116 636 654
3 117 654 665
3 118 119 642
3 118 642 662
3 642 119 663
3 121 120 638
3 638 120 664
3 122 121 647
3 121 638 647
3 123 122 640
3 640 122 647
3 124 123 651
3 123 640 651
3 125 124 644
3 644 124 651
3 126 125 650
3 125 644 650
3 127 126 645
3 645 126 650
3 128 127 655
3 127 645 655
3 129 128 658
3 128 655 658
3 129 658 663
3 636 649 657
3 636 653 654
3 653 636 657
3 637 648 660
3 649 637 659
3 659 637 660
3 647 638 653
3 653 638 656
3 656 638 664
3 648 639 661
3 639 652 666
3 661 639 666
3 640 647 657
3 651 640 659
3 640 657 659
3 653 641 654
3 641 653 656
3 654 641 665
3 646 642 658
3 642 646 662
3 658 642 663
3 643 645 652
3 645 643 655
3 643 646 655
3 650 644 661
3 644 651 660
3 644 660 661
3 645 650 666
3 652 645 666
3 655 646 658
3 647 653 657
3 660 648 661
3 657 649 659
3 650 661 666
3 651 659 660
3 117 5 70
3 73 7 707
3 7 130 707
3 9 108 705
3 140 9 705
3 139 11 704
3 11 142 704
3 70 71 709
3 117 70 677
3 677 70 709
3 71 72 667
3 71 667 709
3 72 73 700
3 667 72 700
3 700 73 707
3 108 109 672
3 108 672 705
3 109 110 681
3 672 109 681
3 110 111 670
3 110 670 681
3 111 112 702
3 670 111 702
3 112 113 699
3 112 699 702
3 113 114 671
3 113 671 699
3 114 115 695
3 671 114 695
3 115 116 674
3 115 674 695
3 116 117 711
3 674 116 711
3 117 677 711
3 130 131 676
3 130 676 707
3 131 132 694
3 676 131 694
3 132 133 668
3 132 668 694
3 133 134 689
3 668 133 689
3 134 135 669
3 134 669 689
3 135 136 684
3 669 135 684
3 136 137 682
3 136 682 684
3 137 138 673
3 137 673 682
3 138 139 678
3 673 138 678
3 678 139 704
3 141 140 697
3 697 140 705
3 142 141 675
3 675 141 697
3 142 675 704
3 696 667 700
3 667 696 701
3 667 701 709
3 668 689 690
3 668 690 691
3 668 691 694
3 669 684 685
3 669 685 686
3 669 686 689
3 681 670 710
3 687 670 702
3 670 687 706
3 670 706 710
3 688 671 698
3 671 688 699
3 671 695 698
3 672 679 703
3 679 672 710
3 672 681 710
3 697 672 703
3 672 697 705
3 673 678 679
3 673 679 680
3 673 680 682
3 695 674 708
3 674 701 708
3 701 674 711
3 678 675 703
3 675 678 704
3 675 697 703
3 676 694 696
3 676 696 700
3 676 700 707
3 701 677 709
3 677 701 711
3 679 678 703
3 680 679 710
3 682 680 683
3 683 680 706
3 706 680 710
3 682 683 684
3 684 683 685
3 685 683 687
3 687 683 706
3 686 685 688
3 685 687 688
3 686 688 698
3 689 686 690
3 690 686 698
3 688 687 699
3 699 687 702
3 691 690 692
3 692 690 698
3 691 692 693
3 691 693 696
3 694 691 696
3 693 692 708
3 695 692 698
3 692 695 708
3 696 693 701
3 701 693 708
3 74 6 740
3 6 120 740
3 7 76 741
3 130 7 741
3 129 10 739
3 10 143 739
3 11 139 738
3 144 11 738
3 75 74 732
3 732 74 740
3 76 75 717
3 717 75 732
3 76 717 741
3 120 121 714
3 120 714 740
3 121 122 723
3 714 121 723
3 122 123 716
3 122 716 723
3 123 124 727
3 716 123 727
3 124 125 720
3 124 720 727
3 125 126 726
3 720 125 726
3 126 127 721
3 126 721 726
3 127 128 731
3 721 127 731
3 128 129 734
3 731 128 734
3 734 129 739
3 131 130 730
3 730 130 741
3 132 131 712
3 712 131 730
3 133 132 725
3 132 712 725
3 134 133 713
3 713 133 725
3 135 134 724
3 134 713 724
3 136 135 715
3 715 135 724
3 137 136 728
3 136 715 728
3 138 137 719
3 719 137 728
3 139 138 722
3 138 719 722
3 139 722 738
3 143 144 718
3 143 718 739
3 718 144 738
3 725 712 733
3 729 712 730
3 712 729 733
3 724 713 736
3 713 725 735
3 713 735 736
3 714 723 729
3 714 729 732
3 714 732 740
3 715 724 737
3 728 715 742
3 715 737 742
3 723 716 733
3 716 727 735
3 733 716 735
3 717 729 730
3 729 717 732
3 717 730 741
3 718 722 734
3 722 718 738
3 718 734 739
3 721 719 728
3 719 721 731
3 722 719 731
3 720 726 737
3 727 720 736
3 736 720 737
3 726 721 742
3 721 728 742
3 722 731 734
3 729 723 733
3 724 736 737
3 725 733 735
3 737 726 742
3 735 727 736
3 77 743 8
3 8 743 82
3 78 743 77
3 79 743 78
3 80 743 79
3 81 743 80
3 82 743 81
3 140 118 9
3 10 119 744
3 143 10 745
3 10 744 745
3 142 11 144
3 119 118 746
3 118 140 746
3 744 119 746
3 140 141 744
3 140 744 746
3 141 142 745
3 744 141 745
3 142 144 745
3 144 143 745
4 748 769 342 778
4 342 748 602 769
4 342 602 748 759
4 319 317 320 768
4 342 759 748 778
4 602 748 759 780
4 451 765 750 776
4 321 322 530 749
4 321 320 322 749
4 744 746 119 751
4 342 769 480 778
4 317 749 320 768
4 451 750 613 776
4 324 756 763 772
4 322 749 320 762
4 10 744 751 775
4 273 763 754 772
4 530 749 322 767
4 452 613 451 750
4 32 46 2 753
4 450 750 451 765
4 451 752 765 776
4 273 754 324 772
4 602 769 748 780
4 342 602 480 769
4 749 762 322 767
4 46 753 32 761
4 273 324 763 772
4 317 749 300 762
4 324 327 756 772
4 324 756 327 779
4 523 317 300 762
4 464 119 746 751
4 273 324 756 763
4 320 749 317 762
4 530 749 334 768
4 321 320 749 768
4 452 451 450 750
4 327 756 772 779
4 32 753 571 761
4 338 769 767 778
4 317 766 749 768
4 338 342 480 778
4 330 530 334 768
4 338 480 769 778
4 767 769 748 778
4 32 2 543 753
4 32 543 571 753
4 321 749 530 768
4 335 334 749 768
4 321 319 320 768
4 118 751 746 773
4 451 598 752 776
4 451 752 427 765
4 751 760 561 775
4 10 751 561 775
4 300 749 317 766
4 273 323 324 754
4 335 749 334 767
4 98 762 749 769
4 523 320 317 762
4 457 766 627 777
4 749 769 605 777
4 334 749 530 767
4 337 749 335 767
4 118 464 746 751
4 457 749 766 777
4 34 754 259 761
4 762 769 98 782
4 337 605 749 769
4 458 456 605 777
4 573 750 318 768
4 337 335 749 777
4 500 752 501 755
4 500 103 752 755
4 323 324 754 772
4 300 749 98 762
4 337 749 605 777
4 319 766 317 768
4 457 769 749 777
4 744 119 561 751
4 34 35 259 754
4 337 749 767 769
4 580 101 100 750
4 271 752 103 755
4 458 605 769 777
4 750 765 583 776
4 576 273 324 756
4 318 750 766 768
4 478 627 457 766
4 757 771 442 778
4 545 428 331 750
4 330 321 530 768
4 635 511 413 755
4 478 457 749 766
4 511 315 752 755
4 314 315 310 755
4 306 752 271 755
4 140 118 746 773
4 100 101 612 750
4 99 749 300 766
4 478 98 749 769
4 458 457 456 777
4 335 768 749 777
4 757 772 756 779
4 519 442 771 778
4 597 427 451 752
4 428 583 573 750
4 34 326 754 761
4 314 752 315 755
4 455 460 452 750
4 457 458 769 777
4 580 318 750 766
4 583 750 428 765
4 428 750 573 768
4 455 750 452 777
4 427 450 451 765
4 335 333 334 768
4 574 750 583 776
4 118 464 751 773
4 319 318 317 766
4 511 752 413 755
4 584 545 331 750
4 300 99 98 749
4 517 779 762 782
4 101 750 580 776
4 580 750 100 766
4 318 766 319 768
4 460 766 750 777
4 118 119 746 464
4 545 428 750 765
4 337 554 335 777
4 622 752 502 765
4 428 331 750 768
4 327 772 757 779
4 428 573 329 768
4 561 760 349 775
4 47 259 754 761
4 517 762 287 782
4 500 104 103 755
4 390 759 760 770
4 583 574 573 750
4 460 750 455 777
4 511 315 413 752
4 599 501 752 755
4 10 744 561 751
4 337 605 554 777
4 574 580 318 750
4 35 754 301 773
4 390 759 346 760
4 478 749 457 769
4 105 755 281 758
4 140 746 751 773
4 119 10 744 561
4 573 318 319 768
4 141 744 745 751
4 745 141 751 774
4 573 574 318 750
4 104 271 103 755
4 478 749 99 766
4 511 310 315 755
4 544 348 753 760
4 442 771 757 783
4 281 755 617 758
4 491 98 769 782
4 753 760 348 771
4 100 750 612 766
4 745 751 744 775
4 517 579 762 779
4 496 755 105 758
4 612 750 101 776
4 306 271 448 755
4 35 48 754 773
4 502 765 752 776
4 312 309 755 758
4 613 750 460 776
4 482 752 306 755
4 312 755 623 758
4 443 324 327 779
4 517 579 287 762
4 451 613 598 776
4 544 753 11 775
4 597 451 598 752
4 35 301 3 773
4 747 763 756 772
4 460 627 766 777
4 392 519 442 771
4 545 750 584 765
4 335 334 336 767
4 584 750 331 768
4 312 623 461 758
4 309 308 755 758
4 500 501 503 755
4 99 478 98 749
4 500 103 289 752
4 517 96 756 782
4 460 612 750 766
4 452 460 613 750
4 337 335 336 767
4 346 760 759 771
4 517 756 779 782
4 478 491 98 769
4 11 46 142 753
4 333 768 335 777
4 314 599 752 755
4 338 337 767 769
4 544 345 348 760
4 47 761 754 774
4 745 774 751 775
4 345 348 760 771
4 460 750 612 776
4 453 452 450 750
4 341 750 584 768
4 460 455 627 777
4 501 500 289 752
4 346 759 343 771
4 35 3 48 773
4 47 259 48 754
4 258 34 259 761
4 34 485 326 761
4 322 767 762 781
4 312 311 309 758
4 602 468 769 780
4 444 752 622 765
4 104 281 105 755
4 574 580 750 776
4 427 752 332 765
4 271 299 103 752
4 754 761 568 772
4 299 752 598 776
4 289 502 752 776
4 47 258 259 761
4 437 11 544 753
4 346 343 345 771
4 35 555 301 754
4 10 745 744 775
4 142 11 753 775
4 622 502 583 765
4 568 754 326 761
4 569 617 755 758
4 104 105 496 755
4 429 760 751 770
4 482 306 448 755
4 271 306 299 752
4 428 329 331 768
4 341 750 768 777
4 392 771 442 783
4 453 450 618 750
4 346 345 760 771
4 544 760 753 775
4 350 10 561 775
4 322 529 767 781
4 338 480 337 769
4 623 755 608 758
4 757 778 442 781
4 449 750 450 765
4 453 452 750 777
4 583 765 502 776
4 599 503 501 755
4 48 259 35 754
4 47 754 48 774
4 326 754 568 772
4 464 561 119 751
4 530 322 529 767
4 608 755 496 758
4 301 754 273 763
4 270 300 317 766
4 422 762 779 781
4 746 744 140 751
4 569 755 308 758
4 287 300 98 762
4 314 310 313 755
4 543 393 571 753
4 141 47 140 774
4 287 762 98 782
4 466 763 756 770
4 453 750 618 777
4 2 46 11 753
4 754 763 301 773
4 449 584 750 765
4 548 442 778 781
4 622 501 502 752
4 102 289 103 752
4 390 550 346 759
4 623 608 461 758
4 102 289 752 776
4 466 770 756 780
4 314 313 599 755
4 628 594 769 780
4 118 275 464 773
4 341 618 750 777
4 550 602 759 780
4 140 48 773 774
4 747 759 756 770
4 747 757 756 759
4 289 502 501 752
4 550 431 602 780
4 444 622 583 765
4 413 332 427 752
4 273 756 95 763
4 96 625 756 782
4 613 460 286 776
4 275 763 751 773
4 571 761 753 783
4 333 330 334 768
4 342 550 602 759
4 344 771 759 778
4 340 344 759 778
4 340 344 343 759
4 460 612 286 776
4 576 95 273 756
4 318 270 317 766
4 756 757 748 759
4 140 47 48 774
4 332 752 316 765
4 299 102 752 776
4 350 561 349 775
4 485 34 33 761
4 281 617 596 758
4 34 258 33 761
4 486 757 442 781
4 304 758 307 764
4 460 627 277 766
4 316 314 444 752
4 756 757 747 772
4 309 307 308 758
4 568 326 485 761
4 754 761 747 774
4 316 332 315 752
4 96 276 625 782
4 461 311 312 758
4 571 753 393 783
4 759 771 757 778
4 574 583 502 776
4 769 780 594 782
4 2 11 437 753
4 625 780 756 782
4 584 331 333 768
4 325 754 326 772
4 323 325 324 772
4 327 328 757 772
4 46 753 761 774
4 754 773 48 774
4 337 480 605 769
4 459 478 457 769
4 753 747 761 774
4 305 307 304 758
4 102 103 299 752
4 106 758 596 764
4 2 437 543 753
4 463 751 275 763
4 284 758 106 764
4 281 596 105 758
4 301 323 273 754
4 598 306 597 752
4 344 519 771 778
4 449 618 450 750
4 329 573 319 768
4 302 291 743 764
4 305 758 304 764
4 316 752 444 765
4 756 770 759 780
4 614 743 495 764
4 598 299 306 752
4 517 287 97 782
4 144 544 11 775
4 747 751 754 774
4 427 449 450 765
4 291 477 743 764
4 496 105 284 758
4 463 751 763 770
4 625 276 780 782
4 277 627 478 766
4 341 333 335 777
4 397 327 328 757
4 281 104 500 755
4 413 427 597 752
4 580 270 318 766
4 316 315 314 752
4 340 759 342 778
4 141 140 751 774
4 754 763 747 772
4 453 455 452 777
4 46 142 753 774
4 628 594 468 769
4 517 756 576 779
4 548 778 767 781
4 310 309 308 755
4 753 774 142 775
4 275 751 464 773
4 523 300 287 762
4 341 584 333 768
4 442 757 483 783
4 548 486 442 781
4 745 142 774 775
4 340 343 342 759
4 397 327 757 779
4 140 773 751 774
4 745 142 141 774
4 744 141 140 751
4 301 763 94 773
4 323 754 325 772
4 341 768 333 777
4 422 762 579 779
4 614 107 743 764
4 460 277 612 766
4 344 343 759 771
4 757 759 747 771
4 624 545 584 765
4 757 772 483 783
4 743 107 615 764
4 628 769 468 780
4 32 571 439 761
4 430 770 466 780
4 751 774 760 775
4 449 624 584 765
4 393 753 771 783
4 302 743 615 764
4 494 284 106 764
4 339 767 548 778
4 478 459 491 769
4 582 307 758 764
4 295 495 743 764
4 309 311 307 758
4 338 767 339 778
4 94 301 273 763
4 747 754 751 763
4 517 97 96 782
4 747 760 759 770
4 258 46 32 761
4 597 306 482 752
4 503 617 281 755
4 517 96 576 756
4 143 745 10 775
4 325 326 568 772
4 413 315 332 752
4 393 753 348 771
4 483 757 328 772
4 492 779 397 781
4 325 323 326 754
4 582 304 307 764
4 422 579 492 779
4 496 284 608 758
4 349 390 760 770
4 466 756 625 780
4 104 496 271 755
4 543 437 393 753
4 753 761 747 783
4 542 548 767 781
4 289 581 502 776
4 339 542 548 767
4 397 779 757 781
4 488 492 397 781
4 747 761 754 772
4 303 758 305 764
4 413 597 482 752
4 542 334 530 767
4 762 779 748 782
4 309 511 312 755
4 517 576 443 779
4 95 756 466 763
4 602 468 480 769
4 299 598 286 776
4 743 477 295 764
4 751 747 760 774
4 323 301 555 754
4 322 320 422 762
4 503 569 617 755
4 621 583 428 765
4 305 308 307 758
4 756 763 747 770
4 347 760 544 775
4 753 760 747 774
4 313 503 599 755
4 748 779 756 782
4 437 544 348 753
4 309 310 511 755
4 343 346 550 759
4 106 596 298 764
4 448 271 496 755
4 593 463 275 763
4 483 772 328 783
4 544 144 11 557
4 463 429 751 770
4 47 141 142 774
4 602 628 468 780
4 444 314 599 752
4 622 444 599 752
4 142 144 11 775
4 756 759 748 780
4 747 759 760 771
4 393 771 392 783
4 281 500 503 755
4 748 759 757 778
4 544 347 345 760
4 463 464 275 751
4 275 118 9 773
4 545 621 428 765
4 530 529 542 767
4 392 344 519 771
4 441 392 442 783
4 608 448 496 755
4 599 501 622 752
4 430 466 499 780
4 326 323 555 754
4 482 623 635 755
4 310 308 313 755
4 286 598 613 776
4 439 33 32 761
4 349 760 429 770
4 580 100 270 766
4 343 550 342 759
4 97 287 98 782
4 582 311 462 758
4 760 774 753 775
4 608 623 448 755
4 582 758 462 764
4 46 47 142 774
4 143 10 350 775
4 312 511 635 755
4 483 397 328 757
4 441 442 483 783
4 569 308 305 758
4 338 340 342 778
4 548 442 519 778
4 751 773 754 774
4 462 758 600 764
4 482 448 623 755
4 582 307 311 758
4 32 438 439 571
4 526 483 328 783
4 569 313 308 755
4 561 464 429 751
4 747 757 771 783
4 301 35 3 288
4 270 99 300 766
4 574 581 580 776
4 344 345 343 771
4 47 141 675 142
4 303 470 305 758
4 442 486 483 757
4 444 583 621 765
4 338 337 336 767
4 312 635 623 755
4 526 328 772 783
4 542 767 529 781
4 33 258 32 761
4 464 463 429 751
4 100 612 277 766
4 303 305 304 764
4 542 529 548 781
4 329 319 321 768
4 751 763 754 773
4 748 757 756 779
4 277 478 99 766
4 486 397 757 781
4 466 95 625 756
4 140 9 118 773
4 397 492 327 779
4 102 581 289 776
4 393 348 392 771
4 348 393 437 753
4 349 429 390 770
4 324 325 327 772
4 349 390 346 760
4 568 761 526 772
4 470 758 303 764
4 32 438 571 543
4 140 47 141 221
4 594 459 769 782
4 593 763 466 770
4 574 502 581 776
4 747 761 772 783
4 675 46 47 142
4 594 491 459 782
4 299 286 102 776
4 593 463 763 770
4 459 457 458 769
4 748 780 769 782
4 596 106 105 758
4 11 437 544 557
4 748 767 762 769
4 439 485 33 761
4 338 336 339 767
4 320 523 422 762
4 756 780 748 782
4 106 284 105 758
4 480 458 605 769
4 491 769 459 782
4 526 772 761 783
4 461 462 311 758
4 140 48 47 221
4 748 769 762 782
4 751 760 747 770
4 747 760 753 771
4 107 743 8 614
4 397 483 486 757
4 615 743 8 107
4 602 431 628 780
4 571 526 761 783
4 762 767 749 769
4 80 743 291 477
4 593 95 466 763
4 605 456 554 777
4 288 301 35 555
4 569 503 313 755
4 608 284 600 758
4 291 743 81 302
4 542 336 334 767
4 461 600 462 758
4 608 600 461 758
4 340 519 344 778
4 322 488 529 781
4 393 392 441 783
4 581 101 580 776
4 457 627 455 777
4 748 779 762 781
4 431 430 499 780
4 439 568 485 761
4 747 763 751 770
4 743 295 78 495
4 347 349 760 775
4 441 571 393 783
4 286 612 101 776
4 332 449 427 765
4 79 295 743 477
4 499 466 625 780
4 747 772 757 783
4 94 763 275 773
4 330 329 321 768
4 753 747 771 783
4 333 331 330 768
4 748 778 757 781
4 276 594 780 782
4 144 351 544 775
4 523 287 579 762
4 316 444 621 765
4 141 697 140 221
4 243 46 47 675
4 137 682 24 136
4 42 43 110 228
4 569 470 617 758
4 462 600 626 764
4 97 276 96 782
4 25 24 682 136
4 42 110 111 228
4 291 304 477 764
4 93 3 301 773
4 141 243 47 675
4 470 596 617 758
4 341 335 554 777
4 457 455 456 777
4 328 568 526 772
4 762 767 748 781
4 275 94 593 763
4 569 305 470 758
4 96 95 576 756
4 767 778 748 781
4 28 133 689 668
4 132 133 28 668
4 614 743 77 495
4 499 276 594 780
4 625 95 96 756
4 626 494 495 764
4 5 1 36 265
4 626 495 295 764
4 766 768 750 777
4 346 345 347 760
4 495 494 614 764
4 338 339 340 778
4 269 54 55 578
4 332 624 449 765
4 142 46 11 704
4 57 56 279 262
4 439 571 526 761
4 486 488 397 781
4 481 119 118 464
4 757 779 748 781
4 37 674 115 116
4 135 26 25 361
4 331 329 330 768
4 298 470 303 764
4 136 135 25 361
4 606 9 275 118
4 702 42 111 228
4 682 248 25 136
4 422 523 579 762
4 593 466 463 770
4 594 459 468 769
4 443 579 517 779
4 26 27 533 135
4 133 134 217 689
4 140 3 48 250
4 93 301 94 773
4 235 114 39 214
4 115 39 214 38
4 615 82 743 302
4 499 625 276 780
4 439 526 568 761
4 134 217 27 133
4 48 3 140 773
4 23 678 138 139
4 295 462 626 764
4 347 350 349 775
4 135 27 533 134
4 24 227 682 137
4 681 110 43 228
4 682 684 248 136
4 228 702 42 230
4 107 494 106 764
4 240 37 115 38
4 38 115 240 214
4 571 441 526 783
4 135 27 245 26
4 699 41 113 112
4 544 351 144 557
4 58 59 263 293
4 135 533 26 361
4 25 24 216 682
4 670 111 110 228
4 302 303 291 764
4 336 542 339 767
4 97 98 491 782
4 468 458 480 769
4 327 325 328 772
4 345 344 348 771
4 141 243 675 697
4 749 768 766 777
4 108 44 45 224
4 492 443 327 779
4 28 27 217 133
4 39 115 214 114
4 131 132 30 694
4 494 626 600 764
4 136 25 24 361
4 285 64 63 260
4 674 37 115 240
4 240 115 674 214
4 743 78 77 495
4 533 539 135 134
4 5 1 83 36
4 295 78 79 743
4 614 494 107 764
4 279 130 7 262
4 81 80 743 291
4 539 533 27 134
4 678 23 22 139
4 673 682 227 137
4 228 43 681 219
4 140 9 3 250
4 526 441 483 783
4 131 257 130 676
4 702 42 41 112
4 689 241 28 668
4 695 114 235 214
4 11 46 2 704
4 140 3 9 773
4 133 217 28 689
4 30 257 130 131
4 702 111 42 112
4 295 477 582 764
4 349 346 347 760
4 439 32 33 416
4 111 670 702 228
4 216 248 25 682
4 390 429 430 770
4 248 26 25 135
4 135 25 248 136
4 743 80 79 477
4 615 298 302 764
4 697 224 221 249
4 675 703 243 678
4 555 34 35 559
4 137 24 23 360
4 726 125 440 126
4 555 326 34 559
4 295 582 462 764
4 304 582 477 764
4 684 216 683 682
4 670 228 229 230
4 113 39 671 114
4 545 316 621 765
4 692 690 238 236
4 332 316 624 765
4 684 245 669 685
4 699 231 215 230
4 671 39 40 235
4 140 705 9 250
4 256 680 682 673
4 710 228 219 226
4 251 2 46 704
4 671 40 39 113
4 291 303 304 764
4 94 273 95 763
4 275 465 118 464
4 82 81 743 302
4 43 44 110 681
4 44 108 109 224
4 138 137 23 360
4 24 227 216 682
4 681 670 110 228
4 108 3 9 250
4 45 3 108 250
4 22 11 704 139
4 134 27 383 133
4 265 117 677 253
4 261 31 223 707
4 240 674 708 214
4 220 254 694 668
4 11 22 704 2
4 628 499 594 780
4 107 106 298 764
4 707 223 266 700
4 253 677 267 246
4 134 27 217 669
4 270 100 99 766
4 348 344 392 771
4 439 438 32 416
4 28 29 132 668
4 9 93 275 773
4 624 316 545 765
4 687 683 233 229
4 39 671 114 235
4 77 8 743 614
4 743 8 82 615
4 130 631 30 131
4 55 75 269 578
4 275 465 606 118
4 24 23 227 137
4 490 440 125 126
4 490 726 440 126
4 328 325 568 772
4 251 675 678 704
4 250 705 224 221
4 352 144 718 143
4 239 696 693 242
4 689 244 241 690
4 695 698 236 235
4 668 689 241 690
4 235 236 695 214
4 341 554 618 777
4 684 135 248 136
4 702 41 42 230
4 631 130 609 131
4 443 492 579 779
4 151 374 179 373
4 233 685 683 687
4 229 233 687 231
4 684 216 233 683
4 687 670 229 230
4 695 115 114 214
4 100 277 99 766
4 695 674 115 214
4 262 279 130 741
4 398 134 724 541
4 668 254 694 691
4 708 237 240 214
4 519 339 548 778
4 705 108 9 250
4 27 28 383 133
4 151 179 24 373
4 615 107 298 764
4 231 699 687 230
4 233 245 684 685
4 680 216 256 682
4 710 670 228 226
4 669 217 689 686
4 671 232 235 215
4 279 7 57 262
4 6 740 120 601
4 533 27 381 539
4 699 41 702 230
4 135 248 245 684
4 22 2 251 704
4 117 5 36 265
4 5 1 4 83
4 694 132 29 668
4 445 32 2 543
4 687 233 685 231
4 689 134 217 669
4 137 23 227 138
4 144 352 351 143
4 234 217 669 686
4 232 671 688 215
4 302 298 303 764
4 179 200 374 151
4 119 10 561 380
4 241 668 690 691
4 237 695 236 214
4 113 671 40 215
4 94 275 93 773
4 135 715 724 541
4 387 375 391 180
4 213 667 696 242
4 351 143 350 775
4 712 725 395 132
4 142 745 144 775
4 705 697 224 221
4 243 251 675 678
4 286 101 102 776
4 261 7 31 130
4 395 133 725 713
4 347 544 351 775
4 138 528 23 139
4 546 23 24 360
4 192 195 371 167
4 692 239 238 693
4 713 398 724 551
4 262 130 7 741
4 540 135 136 361
4 217 241 28 689
4 114 671 695 235
4 24 151 373 362
4 375 387 188 180
4 412 409 640 657
4 44 109 110 681
4 84 83 37 116
4 464 481 119 561
4 711 674 37 116
4 143 10 739 380
4 133 28 394 132
4 529 486 548 781
4 27 245 217 669
4 699 671 113 215
4 351 144 143 775
4 690 238 241 691
4 692 695 236 237
4 76 56 741 264
4 367 374 151 373
4 669 135 245 684
4 41 699 215 230
4 216 233 248 684
4 670 687 702 230
4 3 93 301 288
4 140 697 705 221
4 23 546 138 360
4 46 243 251 675
4 218 23 22 678
4 672 109 108 224
4 591 56 55 264
4 43 44 681 219
4 227 673 137 138
4 355 138 139 527
4 29 220 694 668
4 254 220 241 668
4 674 695 708 214
4 134 398 539 541
4 184 382 538 376
4 5 117 70 265
4 135 540 533 361
4 28 27 381 376
4 535 537 159 538
4 137 136 360 359
4 532 11 22 139
4 532 2 11 437
4 717 55 75 264
4 362 25 151 363
4 243 703 697 249
4 132 30 446 131
4 378 161 167 164
4 11 22 2 532
4 102 101 581 776
4 445 438 32 543
4 192 371 372 167
4 515 200 197 151
4 134 398 724 713
4 180 416 387 148
4 255 19 72 268
4 20 71 268 709
4 408 410 644 650
4 715 135 540 541
4 221 243 697 249
4 675 243 703 697
4 512 490 127 366
4 235 40 671 215
4 697 703 672 249
4 703 243 218 249
4 155 375 188 180
4 740 6 53 601
4 365 355 139 527
4 248 216 684 682
4 228 670 702 230
4 241 217 244 689
4 698 695 671 235
4 560 182 34 559
4 94 95 593 763
4 268 72 255 667
4 709 268 20 213
4 155 391 375 180
4 699 702 41 112
4 26 248 245 135
4 408 125 407 644
4 558 515 173 169
4 126 125 490 410
4 515 197 173 169
4 133 395 398 713
4 276 491 594 782
4 144 745 143 775
4 160 161 378 162
4 139 138 528 527
4 738 355 139 365
4 115 37 116 84
4 644 124 408 651
4 381 382 28 376
4 715 540 136 359
4 468 459 458 769
4 554 453 618 777
4 512 128 127 473
4 404 727 124 506
4 222 711 701 240
4 676 257 247 694
4 115 37 84 38
4 27 28 184 376
4 409 412 414 657
4 640 647 412 657
4 29 30 132 694
4 610 111 110 652
4 116 83 37 117
4 83 36 37 117
4 525 169 558 170
4 167 371 377 169
4 490 125 440 410
4 541 724 398 551
4 362 151 367 363
4 3 93 9 773
4 136 361 360 359
4 22 23 528 139
4 37 711 116 117
4 362 24 361 360
4 130 261 7 707
4 395 549 712 132
4 197 515 368 195
4 693 692 239 237
4 691 238 239 693
4 732 269 75 578
4 75 55 717 578
4 716 123 122 403
4 27 28 381 383
4 546 138 360 527
4 27 150 369 376
4 407 125 408 410
4 378 385 160 162
4 731 358 356 366
4 520 3 45 205
4 377 378 167 164
4 703 672 249 225
4 512 127 126 423
4 547 364 737 742
4 36 83 5 117
4 720 125 124 407
4 406 408 124 651
4 117 677 70 265
4 223 18 31 261
4 674 708 701 240
4 220 254 247 694
4 407 720 125 440
4 206 374 375 179
4 690 244 238 236
4 690 692 698 236
4 703 218 243 678
4 224 697 672 249
4 371 368 515 195
4 42 43 89 110
4 651 408 644 660
4 711 674 701 240
4 257 220 247 694
4 42 88 41 112
4 180 33 416 148
4 125 124 407 644
4 173 200 515 531
4 283 120 740 601
4 416 391 32 180
4 561 481 119 380
4 373 151 367 362
4 357 137 138 360
4 740 53 283 601
4 37 674 711 240
4 532 543 2 437
4 123 122 403 405
4 265 1 36 253
4 513 356 734 354
4 408 410 650 411
4 88 42 111 112
4 118 642 119 481
4 660 659 505 637
4 692 238 239 237
4 238 691 692 693
4 383 381 27 134
4 124 407 404 506
4 110 89 42 111
4 159 372 384 161
4 727 735 736 551
4 136 728 715 359
4 371 370 195 192
4 551 724 736 507
4 405 122 412 640
4 416 387 148 560
4 519 340 339 778
4 362 24 25 361
4 430 463 466 770
4 127 512 425 423
4 644 410 125 650
4 143 350 10 380
4 558 377 371 169
4 497 412 498 638
4 707 266 73 700
4 253 267 21 246
4 213 696 247 242
4 701 696 667 242
4 497 412 638 647
4 30 29 220 694
4 229 228 706 226
4 680 683 252 682
4 536 165 191 196
4 739 352 143 380
4 431 499 628 780
4 192 537 370 184
4 53 74 740 283
4 650 644 408 411
4 405 406 123 640
4 149 535 159 538
4 197 367 515 151
4 355 738 353 365
4 370 371 372 192
4 540 715 364 359
4 202 208 396 432
4 113 41 87 112
4 652 666 474 639
4 528 532 139 365
4 172 163 178 417
4 182 34 148 560
4 31 0 7 261
4 183 151 25 363
4 31 18 0 261
4 168 169 525 170
4 265 36 117 253
4 681 672 710 219
4 218 256 227 673
4 446 549 132 131
4 118 465 481 464
4 126 490 512 423
4 293 263 0 211
4 29 28 241 668
4 32 438 391 416
4 31 261 130 707
4 220 29 241 668
4 515 173 531 558
4 347 351 350 775
4 185 171 164 524
4 159 192 372 161
4 364 737 507 547
4 26 183 363 369
4 488 486 529 781
4 606 275 9 93
4 163 162 385 386
4 234 217 245 669
4 671 699 688 215
4 648 630 661 639
4 513 512 128 127
4 672 710 219 225
4 256 218 679 673
4 245 234 669 685
4 231 688 699 215
4 1 83 36 620
4 463 430 429 770
4 558 173 435 170
4 185 164 162 386
4 30 694 257 131
4 123 716 727 404
4 185 164 386 524
4 718 144 352 353
4 559 560 182 415
4 135 539 540 541
4 191 566 536 196
4 0 58 263 293
4 652 424 645 471
4 412 498 638 647
4 509 202 396 432
4 546 24 373 362
4 367 151 183 363
4 404 123 403 405
4 374 515 200 531
4 435 525 558 170
4 475 436 194 476
4 400 712 570 729
4 20 21 267 246
4 266 72 73 700
4 138 357 360 527
4 408 651 504 660
4 68 50 51 292
4 551 541 724 507
4 716 123 403 404
4 368 367 197 183
4 143 352 350 380
4 591 570 730 729
4 381 27 369 376
4 134 383 398 133
4 150 27 184 376
4 520 288 3 205
4 398 134 133 713
4 736 713 724 551
4 161 378 384 160
4 187 145 201 285
4 28 394 383 133
4 326 485 34 559
4 440 407 720 506
4 351 352 144 353
4 233 245 248 684
4 699 702 687 230
4 735 727 402 551
4 537 370 184 376
4 276 97 491 782
4 137 357 728 359
4 234 245 233 685
4 699 687 688 231
4 124 407 408 406
4 404 716 727 402
4 456 453 554 777
4 386 420 185 524
4 162 166 185 386
4 158 564 535 149
4 125 408 410 644
4 75 76 717 264
4 378 385 384 160
4 379 374 375 206
4 127 490 512 126
4 83 4 5 619
4 372 384 537 159
4 123 406 651 640
4 43 44 90 110
4 171 185 420 524
4 572 172 178 417
4 173 558 169 170
4 18 223 266 707
4 677 267 70 253
4 197 200 515 173
4 728 364 715 359
4 549 394 446 132
4 532 11 139 365
4 668 241 254 691
4 237 708 695 214
4 412 121 556 498
4 714 723 553 729
4 688 685 234 231
4 378 162 164 386
4 31 30 257 130
4 647 412 122 640
4 261 223 18 707
4 265 677 70 253
4 498 412 121 647
4 659 505 504 660
4 228 670 706 226
4 680 252 216 682
4 175 374 200 531
4 285 145 201 633
4 562 658 129 473
4 409 406 405 640
4 709 267 677 246
4 255 266 223 700
4 371 515 558 169
4 531 175 374 379
4 377 167 169 168
4 670 706 687 229
4 216 252 233 683
4 506 402 727 551
4 130 577 631 609
4 395 725 712 400
4 658 128 129 473
4 152 202 509 432
4 417 163 385 386
4 184 370 192 150
4 695 692 708 237
4 238 254 241 691
4 667 700 255 696
4 242 213 709 246
4 504 651 409 659
4 138 23 528 527
4 647 497 414 653
4 261 73 7 707
4 410 423 126 650
4 403 122 723 556
4 375 155 179 373
4 124 727 720 506
4 670 710 706 226
4 216 256 252 680
4 45 92 3 520
4 407 124 720 506
4 38 37 84 294
4 642 658 562 489
4 173 531 558 435
4 71 72 268 667
4 268 19 20 213
4 539 27 381 134
4 528 532 22 139
4 417 172 166 433
4 382 28 394 383
4 696 239 247 242
4 693 696 701 242
4 379 375 188 206
4 655 127 128 473
4 108 705 672 224
4 251 218 22 678
4 40 41 87 113
4 204 438 32 445
4 649 115 518 290
4 734 739 552 354
4 148 33 416 560
4 74 53 54 283
4 85 38 39 115
4 219 224 672 225
4 678 679 218 673
4 267 709 20 246
4 72 266 255 700
4 686 244 689 690
4 232 236 698 235
4 195 370 368 150
4 151 197 367 183
4 435 170 421 436
4 183 26 150 369
4 355 357 138 527
4 730 717 591 729
4 124 123 404 406
4 374 375 179 373
4 694 30 257 220
4 420 146 185 589
4 391 438 32 204
4 411 644 408 661
4 129 552 562 473
4 188 375 155 206
4 611 714 121 553
4 404 403 716 402
4 379 175 374 206
4 538 537 184 376
4 237 242 708 240
4 694 254 696 691
4 426 587 30 157
4 262 56 279 741
4 708 693 242 237
4 696 254 239 691
4 541 737 507 364
4 234 686 688 232
4 737 541 715 364
4 381 383 539 134
4 37 36 83 588
4 150 184 370 376
4 365 139 528 527
4 697 672 705 224
4 251 243 218 678
4 382 149 538 426
4 426 149 564 157
4 181 208 202 432
4 736 720 506 507
4 192 372 537 159
4 193 296 469 156
4 368 367 183 363
4 539 383 398 134
4 540 715 541 364
4 28 382 381 383
4 435 170 174 421
4 404 407 124 406
4 363 183 368 369
4 234 688 231 232
4 234 686 685 688
4 640 409 651 659
4 246 677 701 222
4 247 223 676 700
4 238 692 236 237
4 691 690 238 692
4 265 21 1 253
4 383 395 398 133
4 155 375 516 373
4 10 350 561 380
4 199 193 469 156
4 551 736 506 507
4 538 149 564 426
4 420 185 171 589
4 389 531 175 174
4 456 455 453 777
4 520 45 44 181
4 244 238 241 690
4 695 698 692 236
4 399 713 735 551
4 412 497 414 647
4 394 395 133 132
4 737 726 547 742
4 1 4 83 620
4 130 57 577 279
4 383 394 395 133
4 173 531 435 174
4 370 368 150 369
4 689 217 244 686
4 232 698 671 235
4 412 556 121 647
4 57 0 7 577
4 92 3 9 108
4 3 92 45 108
4 531 173 175 174
4 639 648 630 278
4 647 414 412 657
4 399 398 713 551
4 724 737 736 507
4 732 75 717 578
4 111 110 89 610
4 262 7 76 741
4 124 123 727 404
4 636 115 518 649
4 727 736 506 551
4 645 424 425 471
4 412 409 405 640
4 733 712 400 729
4 525 194 170 436
4 446 631 609 131
4 435 531 389 174
4 655 512 127 473
4 432 205 182 479
4 672 703 679 225
4 651 406 408 504
4 409 406 651 504
4 130 7 57 279
4 28 29 394 132
4 200 374 175 206
4 90 44 43 510
4 167 195 371 169
4 222 37 711 240
4 676 131 257 694
4 437 11 532 557
4 255 268 667 213
4 709 667 268 213
4 577 31 7 130
4 353 144 351 557
4 204 391 438 445
4 723 733 401 434
4 158 159 384 160
4 369 150 370 376
4 564 535 149 538
4 30 31 631 130
4 354 739 552 352
4 368 367 515 197
4 168 164 171 524
4 402 716 735 401
4 26 27 150 369
4 408 447 411 661
4 290 115 518 595
4 440 726 490 547
4 363 533 26 369
4 355 722 738 139
4 552 129 128 473
4 151 24 25 362
4 549 395 712 400
4 726 720 737 507
4 89 43 42 274
4 183 150 368 369
4 651 406 409 640
4 577 7 57 130
4 447 408 644 661
4 11 532 557 365
4 39 85 115 114
4 64 16 201 575
4 23 546 528 527
4 475 194 147 476
4 657 647 414 653
4 86 39 113 114
4 15 16 201 260
4 57 58 0 577
4 366 490 127 721
4 418 185 166 386
4 242 693 239 237
4 239 696 691 693
4 735 402 399 551
4 706 670 228 229
4 683 216 252 682
4 508 414 657 636
4 512 513 128 473
4 184 28 382 376
4 371 370 368 195
4 485 33 34 560
4 156 199 187 607
4 606 108 9 662
4 288 3 92 520
4 504 454 505 659
4 726 440 507 547
4 715 724 541 737
4 650 410 423 411
4 182 35 559 479
4 150 368 195 183
4 109 90 44 110
4 631 446 30 131
4 487 418 209 467
4 160 385 191 163
4 423 126 490 410
4 267 21 70 253
4 266 73 18 707
4 128 552 513 734
4 735 402 401 399
4 366 731 358 721
4 391 204 516 445
4 372 371 377 167
4 86 39 40 113
4 146 171 185 589
4 29 30 446 132
4 386 164 378 524
4 357 137 360 359
4 379 531 175 389
4 358 728 357 359
4 165 536 566 196
4 722 355 138 139
4 560 148 182 415
4 539 540 533 135
4 562 658 472 489
4 720 726 440 507
4 686 669 234 685
4 688 231 232 215
4 19 72 266 255
4 709 20 71 267
4 728 358 364 359
4 731 356 358 719
4 242 701 708 240
4 694 254 247 696
4 125 407 440 410
4 727 404 402 506
4 354 734 739 718
4 694 247 676 696
4 701 242 222 240
4 364 715 737 742
4 510 43 90 274
4 659 454 505 637
4 578 717 732 729
4 408 407 124 644
4 741 717 76 264
4 362 546 24 360
4 525 194 168 170
4 122 121 723 556
4 234 244 217 686
4 671 688 698 232
4 128 513 552 473
4 540 135 715 136
4 170 435 525 436
4 509 177 198 475
4 659 640 409 657
4 182 415 432 479
4 524 168 377 525
4 244 690 698 236
4 358 721 719 728
4 518 115 636 595
4 493 168 171 524
4 372 537 370 192
4 378 384 372 161
4 356 734 354 722
4 564 535 536 158
4 202 152 181 432
4 412 556 122 405
4 723 733 434 729
4 645 643 652 471
4 350 351 352 143
4 406 123 404 405
4 650 645 666 411
4 164 168 377 524
4 361 136 540 359
4 52 69 51 585
4 45 44 91 520
4 194 177 436 475
4 714 121 120 611
4 198 152 177 509
4 285 187 145 567
4 363 362 25 361
4 714 723 121 553
4 292 68 50 641
4 153 193 37 588
4 653 497 292 656
4 163 172 166 417
4 377 378 164 524
4 401 553 723 434
4 698 686 244 232
4 535 537 384 159
4 183 25 26 363
4 159 384 535 158
4 352 739 552 380
4 556 723 403 553
4 436 493 194 476
4 513 356 731 734
4 416 387 391 180
4 659 409 454 657
4 111 89 590 610
4 663 10 119 380
4 13 61 14 189
4 524 493 168 525
4 730 570 712 729
4 165 280 565 210
4 419 178 163 417
4 521 89 42 274
4 560 34 485 559
4 17 16 65 156
4 38 153 294 186
4 201 16 64 260
4 161 378 162 164
4 148 388 208 415
4 547 358 364 742
4 84 83 116 297
4 638 498 121 647
4 720 440 506 507
4 508 654 641 586
4 188 387 375 379
4 168 377 167 164
4 182 35 34 559
4 546 516 23 528
4 126 125 410 650
4 145 285 567 633
4 35 555 559 479
4 385 419 191 163
4 178 419 572 417
4 166 418 417 433
4 536 534 566 191
4 136 137 728 359
4 233 234 685 231
4 685 688 687 231
4 493 194 168 525
4 385 160 162 163
4 432 520 205 479
4 416 32 33 180
4 119 481 663 380
4 720 726 125 440
4 411 650 644 661
4 379 388 389 176
4 653 508 657 636
4 525 493 194 436
4 565 536 280 165
4 84 85 38 294
4 734 552 513 354
4 378 385 162 386
4 170 177 421 436
4 87 88 41 522
4 178 419 196 567
4 730 741 279 591
4 556 403 122 405
4 199 469 203 433
4 29 149 426 157
4 161 192 372 167
4 485 416 33 560
4 402 403 716 401
4 588 193 296 469
4 128 129 552 734
4 415 182 559 479
4 557 353 738 365
4 285 201 64 260
4 653 638 497 656
4 145 14 15 633
4 268 255 19 213
4 667 268 71 709
4 38 85 39 484
4 555 35 288 479
4 54 269 732 578
4 158 564 149 157
4 85 38 294 484
4 33 439 416 485
4 384 159 161 160
4 45 91 44 108
4 352 354 739 718
4 43 89 90 274
4 586 654 665 297
4 565 165 210 154
4 177 174 170 421
4 445 2 22 532
4 686 234 244 232
4 686 698 688 232
4 585 498 601 664
4 420 493 171 524
4 687 229 231 230
4 685 684 233 683
4 177 194 147 475
4 645 127 425 423
4 126 127 490 721
4 737 726 507 547
4 274 43 42 198
4 208 388 396 415
4 654 653 508 641
4 497 585 292 656
4 22 445 532 528
4 288 35 3 205
4 703 679 218 678
4 672 224 249 225
4 279 609 130 730
4 733 735 716 401
4 16 64 65 575
4 718 352 354 353
4 148 387 388 560
4 591 741 56 264
4 426 30 29 157
4 514 474 666 639
4 601 6 52 664
4 158 384 534 160
4 356 731 734 722
4 375 155 206 179
4 44 43 510 152
4 2 445 543 532
4 655 425 512 473
4 54 732 283 578
4 730 609 130 131
4 570 591 434 729
4 434 400 570 729
4 171 194 493 476
4 389 175 379 176
4 552 129 562 380
4 417 418 166 386
4 127 128 513 731
4 394 549 395 132
4 88 41 522 521
4 713 736 735 551
4 156 296 469 575
4 447 408 504 660
4 585 497 638 656
4 285 64 201 575
4 209 186 487 467
4 51 68 292 656
4 418 420 185 386
4 253 117 677 222
4 12 0 263 211
4 650 423 645 411
4 149 382 29 426
4 652 474 590 639
4 117 711 677 222
4 564 587 426 157
4 585 497 498 638
4 406 124 123 651
4 645 424 666 411
4 409 414 454 657
4 156 16 65 575
4 725 133 395 132
4 537 192 159 184
4 710 672 679 225
4 218 256 679 225
4 41 88 42 521
4 182 181 205 432
4 109 108 91 272
4 730 712 570 131
4 55 717 591 264
4 403 723 716 401
4 114 649 637 634
4 419 566 196 567
4 253 36 117 222
4 6 69 52 664
4 38 85 84 115
4 201 63 15 260
4 630 514 639 278
4 109 108 272 646
4 630 514 661 639
4 556 122 121 647
4 657 414 508 653
4 484 86 39 282
4 176 388 208 148
4 509 198 274 475
4 731 512 127 366
4 469 199 156 575
4 498 585 638 664
4 67 50 68 641
4 425 655 645 471
4 31 7 0 577
4 76 56 262 741
4 536 165 158 191
4 629 654 508 586
4 379 188 387 388
4 395 725 400 399
4 293 587 565 212
4 199 172 187 607
4 566 534 419 191
4 394 29 446 132
4 469 203 153 199
4 87 41 40 522
4 155 375 391 516
4 400 725 733 399
4 195 368 197 183
4 638 120 498 664
4 415 396 208 432
4 637 659 454 634
4 641 292 508 586
4 647 638 497 653
4 733 735 401 399
4 701 677 711 222
4 257 247 223 676
4 115 84 116 595
4 687 706 683 229
4 683 252 233 229
4 408 447 644 660
4 552 739 129 380
4 556 611 121 553
4 648 639 112 278
4 156 201 16 575
4 353 722 738 355
4 63 201 285 260
4 118 662 642 489
4 549 712 132 131
4 434 733 400 729
4 723 716 122 403
4 562 481 642 489
4 556 121 723 553
4 510 520 44 181
4 14 62 15 633
4 61 13 280 189
4 419 566 191 196
4 719 355 357 138
4 172 203 166 433
4 53 74 6 740
4 389 435 174 421
4 122 556 412 647
4 400 401 733 434
4 296 17 65 156
4 190 171 589 476
4 700 247 255 696
4 709 701 242 246
4 520 44 91 510
4 93 3 92 288
4 117 83 5 619
4 384 534 535 158
4 86 39 85 484
4 189 165 566 196
4 735 733 725 399
4 725 713 735 399
4 520 288 205 479
4 414 508 518 636
4 283 714 120 611
4 50 67 49 586
4 204 32 2 445
4 123 122 405 640
4 637 454 505 634
4 173 175 200 531
4 731 513 512 366
4 121 120 498 638
4 208 182 415 432
4 187 285 572 567
4 590 111 652 639
4 445 22 516 528
4 158 535 159 149
4 199 156 575 607
4 578 55 717 591
4 86 87 40 282
4 292 653 656 641
4 13 60 61 280
4 206 200 374 179
4 192 370 195 150
4 385 419 163 417
4 65 66 17 296
4 601 498 120 664
4 9 92 108 606
4 469 199 575 607
4 636 115 116 595
4 117 116 83 297
4 601 52 585 664
4 722 718 354 353
4 22 23 516 528
4 293 59 263 211
4 563 91 108 272
4 425 512 127 655
4 194 171 147 476
4 74 54 269 732
4 701 242 246 222
4 700 676 247 696
4 296 207 17 156
4 657 518 454 649
4 467 203 469 433
4 205 288 35 479
4 171 190 147 476
4 37 83 84 588
4 728 364 358 742
4 659 637 649 634
4 657 414 518 636
4 213 20 709 246
4 700 255 72 667
4 424 645 423 411
4 721 731 358 719
4 274 510 43 152
4 145 604 566 196
4 603 643 472 471
4 282 87 40 522
4 637 648 113 592
4 152 198 274 509
4 434 553 723 729
4 553 723 403 401
4 90 91 44 510
4 557 738 11 365
4 91 44 108 109
4 421 177 509 475
4 701 709 677 246
4 223 247 255 700
4 165 566 280 189
4 516 204 22 445
4 114 113 86 592
4 12 60 13 210
4 88 89 42 521
4 513 512 127 731
4 585 51 292 656
4 388 148 560 415
4 121 120 611 498
4 382 29 28 149
4 653 292 508 641
4 113 87 86 592
4 148 34 33 560
4 158 536 564 157
4 173 435 170 174
4 385 534 384 160
4 720 736 737 507
4 52 69 585 664
4 40 39 86 282
4 665 49 67 586
4 157 587 30 212
4 274 42 521 198
4 236 698 244 232
4 690 686 244 698
4 642 481 562 663
4 454 659 657 649
4 280 536 566 165
4 424 652 474 471
4 572 187 172 607
4 737 724 541 507
4 196 566 145 567
4 203 209 166 418
4 663 562 129 380
4 108 92 91 563
4 388 389 176 396
4 585 69 51 656
4 586 629 654 297
4 354 722 353 355
4 120 740 714 283
4 60 12 616 210
4 207 17 66 296
4 604 61 280 189
4 409 454 504 659
4 645 126 127 423
4 129 739 10 380
4 710 219 225 226
4 256 679 680 673
4 388 188 387 148
4 32 391 204 180
4 518 649 290 634
4 728 715 364 742
4 642 646 658 489
4 1 17 66 207
4 176 208 388 396
4 146 190 171 589
4 665 586 297 619
4 9 3 92 93
4 712 549 570 131
4 203 209 418 467
4 634 637 114 592
4 562 658 642 663
4 658 472 646 655
4 606 563 108 662
4 278 113 648 592
4 733 401 400 399
4 158 534 536 191
4 385 419 534 191
4 481 562 663 380
4 418 166 203 433
4 534 385 191 160
4 18 19 266 255
4 709 71 70 267
4 279 130 741 730
4 484 38 294 186
4 472 658 562 473
4 52 53 6 601
4 209 420 418 487
4 510 152 509 432
4 505 660 637 648
4 522 41 40 190
4 632 714 611 553
4 153 203 469 467
4 126 490 726 721
4 41 42 147 521
4 39 484 146 186
4 722 354 356 355
4 49 67 5 665
4 487 186 484 467
4 659 504 651 660
4 467 418 203 433
4 154 293 565 212
4 171 493 589 476
4 514 666 424 411
4 708 692 693 237
4 238 239 254 691
4 417 572 172 433
4 153 294 186 467
4 604 145 189 196
4 201 145 15 633
4 601 120 6 664
4 252 683 706 229
4 178 196 145 567
4 252 683 680 706
4 229 706 252 226
4 396 389 202 421
4 272 108 563 646
4 177 421 436 475
4 721 490 726 547
4 30 587 426 446
4 205 181 520 432
4 420 185 209 418
4 658 646 472 489
4 68 51 69 656
4 411 447 514 661
4 717 741 591 264
4 504 505 447 660
4 269 75 74 732
4 357 728 719 137
4 207 36 193 588
4 660 505 630 648
4 620 36 1 207
4 454 414 518 657
4 645 655 643 471
4 139 11 738 365
4 637 113 114 592
4 546 23 138 527
4 28 29 382 394
4 187 178 145 567
4 178 187 572 567
4 620 1 66 207
4 112 113 648 278
4 701 708 693 242
4 239 247 254 696
4 70 709 267 677
4 266 223 18 255
4 9 606 662 118
4 41 88 87 112
4 741 56 279 591
4 294 153 37 588
4 202 389 174 421
4 604 14 61 189
4 474 666 424 514
4 723 733 716 401
4 117 665 654 297
4 155 391 204 516
4 168 171 194 493
4 146 420 487 589
4 655 425 472 471
4 434 578 632 729
4 353 738 144 557
4 411 666 650 661
4 293 31 58 577
4 120 283 611 601
4 278 648 630 592
4 42 89 88 111
4 388 379 188 176
4 201 15 63 633
4 577 631 31 130
4 147 198 177 475
4 426 382 29 394
4 603 643 646 472
4 590 111 639 112
4 225 256 710 226
4 680 679 256 710
4 87 113 278 592
4 203 172 199 433
4 648 637 505 592
4 196 191 419 178
4 65 296 156 575
4 536 565 564 157
4 49 5 4 619
4 256 680 710 226
4 563 108 92 606
4 616 59 293 211
4 22 23 155 516
4 730 279 570 591
4 356 719 355 357
4 661 660 447 648
4 421 202 396 509
4 484 39 38 186
4 358 366 721 547
4 285 201 63 633
4 37 38 153 294
4 85 39 86 114
4 283 740 714 632
4 177 202 421 509
4 90 89 43 110
4 665 5 49 619
4 738 718 722 353
4 572 419 178 567
4 129 739 552 734
4 514 666 411 661
4 735 727 716 402
4 210 280 13 189
4 68 292 656 641
4 185 166 209 418
4 91 92 45 520
4 616 565 280 210
4 727 736 720 506
4 172 199 433 607
4 265 70 21 253
4 261 18 73 707
4 514 590 474 639
4 446 426 29 394
4 481 642 119 663
4 660 447 644 661
4 12 616 210 154
4 356 513 731 366
4 290 114 86 592
4 177 170 194 436
4 182 208 181 432
4 706 680 252 226
4 433 572 172 607
4 649 518 454 634
4 721 366 490 547
4 128 658 655 473
4 202 177 152 509
4 58 31 0 577
4 86 40 87 113
4 719 357 137 138
4 396 389 176 202
4 147 522 41 521
4 630 447 505 660
4 654 508 653 636
4 719 356 358 357
4 4 1 66 620
4 198 147 521 475
4 210 165 280 189
4 115 85 84 595
4 39 484 282 146
4 158 165 536 157
4 565 616 293 154
4 510 520 181 432
4 620 36 207 588
4 733 712 725 400
4 710 679 256 225
4 663 129 10 380
4 717 741 730 591
4 157 565 587 212
4 423 645 126 650
4 565 536 165 157
4 114 290 634 592
4 649 454 659 634
4 521 274 198 475
4 204 2 22 445
4 639 514 590 278
4 152 510 181 432
4 67 50 641 586
4 174 175 389 176
4 389 174 176 202
4 40 39 282 146
4 587 564 565 157
4 740 732 714 632
4 118 465 662 489
4 379 175 188 176
4 272 563 603 646
4 387 188 180 148
4 294 37 84 588
4 536 535 534 158
4 655 658 472 473
4 566 604 280 189
4 209 203 186 467
4 522 40 282 190
4 112 87 113 278
4 611 283 714 632
4 522 190 589 476
4 630 447 660 648
4 649 114 290 634
4 728 719 358 357
4 178 191 419 163
4 547 721 358 742
4 190 146 282 589
4 171 493 420 589
4 120 611 498 601
4 198 274 43 152
4 199 469 433 607
4 36 37 193 588
4 616 293 154 211
4 190 282 522 589
4 652 643 474 471
4 111 590 88 112
4 296 207 193 588
4 630 514 447 661
4 648 505 630 592
4 566 604 145 567
4 606 9 92 93
4 643 474 610 652
4 203 153 186 467
4 446 609 549 131
4 155 204 22 516
4 609 130 577 279
4 115 649 114 290
4 154 565 165 157
4 646 603 472 489
4 187 172 178 572
4 518 657 636 649
4 209 185 420 487
4 652 474 666 424
4 146 282 40 190
4 641 665 67 586
4 110 109 90 610
4 472 643 655 471
4 147 41 522 190
4 117 665 297 619
4 643 646 472 655
4 188 175 379 206
4 355 719 722 138
4 354 734 718 722
4 616 280 60 210
4 609 279 570 730
4 112 639 590 278
4 469 294 153 467
4 152 274 510 509
4 176 188 388 148
4 58 0 31 293
4 208 182 148 415
4 42 147 521 198
4 294 484 186 467
4 356 731 722 719
4 645 425 424 423
4 116 654 636 629
4 147 521 475 476
4 732 740 283 632
4 154 12 616 211
4 207 66 620 296
4 280 13 60 210
4 484 146 186 487
4 69 585 664 656
4 189 566 604 196
4 629 636 116 595
4 472 425 655 473
4 155 204 391 180
4 641 50 292 586
4 604 145 14 189
4 181 520 45 205
4 29 30 426 446
4 590 88 89 111
4 212 293 587 631
4 497 292 508 653
4 114 85 115 290
4 610 110 109 643
4 90 89 110 610
4 646 642 662 489
4 212 154 293 211
4 129 658 562 663
4 662 606 465 118
4 62 14 61 604
4 293 0 31 211
4 706 710 680 226
4 680 256 252 226
4 610 110 643 652
4 121 611 556 498
4 636 654 508 629
4 109 91 90 272
4 570 609 730 131
4 59 12 263 211
4 210 616 565 154
4 35 182 205 479
4 586 665 49 619
4 193 207 296 156
4 296 620 207 588
4 603 272 643 471
4 497 508 414 653
4 420 185 146 487
4 63 15 62 633
4 191 158 534 160
4 731 128 513 734
4 712 570 549 400
4 609 570 549 131
4 112 88 87 278
4 469 153 193 199
4 632 283 732 578
4 12 59 60 616
4 447 630 661 648
4 190 522 147 476
4 610 109 90 272
4 629 116 654 297
4 45 92 91 108
4 246 253 677 222
4 707 676 223 700
4 606 465 563 662
4 44 91 90 109
4 521 147 522 476
4 643 610 474 471
4 12 59 616 211
4 661 514 666 639
4 152 510 44 181
4 585 638 664 656
4 209 186 146 487
4 297 116 84 595
4 127 425 655 645
4 272 610 109 643
4 116 117 654 297
4 484 282 146 487
4 297 629 116 595
4 728 358 721 742
4 719 722 356 355
4 114 86 85 290
4 11 144 738 557
4 127 731 366 721
4 185 209 146 487
4 572 285 187 607
4 157 154 565 212
4 465 563 662 489
4 662 563 646 489
4 508 518 636 629
4 665 117 5 619
4 396 176 208 202
4 174 177 202 421
4 620 83 36 588
4 643 272 603 646
4 112 590 88 278
4 487 282 146 589
4 212 293 31 211
4 643 109 272 646
4 212 31 293 631
4 424 666 652 645
4 643 272 610 471
4 212 587 30 631
4 641 654 665 586
4 718 739 352 143
4 290 85 115 595
4 547 726 721 742
4 563 603 646 489
4 212 30 31 631
4 718 738 144 353
4 629 518 636 595
4 446 30 587 631
4 646 108 563 662
4 31 293 631 577
4 567 604 145 633
4 634 505 637 592
4 297 83 117 619
4 413 755 482 635
4 482 755 413 752
4 760 561 429 751
4 760 429 561 349
4 770 780 390 759
4 550 390 780 759
4 550 780 390 431
4 781 422 322 488
4 781 322 422 762
4 764 284 600 494
4 764 600 284 758
4 779 576 324 756
4 779 324 576 443
4 764 596 470 758
4 764 470 596 298
4 34 555 754 326
4 754 555 34 35
4 47 761 46 258
4 47 46 761 774
4 781 492 422 488
4 781 422 492 779
4 341 449 750 618
4 341 750 449 584
4 141 221 243 697
4 243 221 141 47
4 361 26 363 533
4 361 363 26 25
4 27 669 135 245
4 135 669 27 134
4 134 541 135 724
4 135 541 134 539
4 673 678 227 218
4 673 227 678 138
4 23 227 678 218
4 23 678 227 138
4 219 224 681 672
4 219 681 224 44
4 109 681 224 672
4 109 224 681 44
4 136 360 24 137
4 24 360 136 361
4 215 113 41 40
4 215 41 113 699
4 704 46 675 142
4 704 675 46 251
4 713 395 399 725
4 713 399 395 398
4 681 228 710 670
4 710 228 681 219
4 227 682 256 216
4 256 682 227 673
4 195 515 169 197
4 195 169 515 371
4 378 167 372 377
4 372 167 378 161
4 250 140 221 48
4 250 221 140 705
4 149 382 184 28
4 184 382 149 538
4 163 386 166 162
4 166 386 163 417
4 27 533 369 26
4 369 533 27 381
4 74 283 732 740
4 732 283 74 54
4 159 538 184 149
4 184 538 159 537
4 652 590 610 111
4 652 610 590 474
4 546 373 23 516
4 155 23 373 516
4 155 373 23 179
4 222 117 37 36
4 222 37 117 711
4 223 257 707 31
4 223 707 257 676
4 130 707 257 31
4 130 257 707 676
4 729 632 553 714
4 729 553 632 434
4 225 703 218 249
4 225 218 703 679
4 213 696 255 247
4 213 255 696 667
4 242 667 709 213
4 242 709 667 701
4 591 729 578 434
4 578 729 591 717
4 169 525 377 168
4 377 525 169 558
4 374 151 515 367
4 515 151 374 200
4 153 588 469 193
4 469 588 153 294
4 732 632 729 714
4 732 729 632 578
4 14 633 604 62
4 604 633 14 145
4 250 108 224 705
4 250 224 108 45
4 704 22 678 251
4 678 22 704 139
4 575 201 607 156
4 575 607 201 285
4 187 607 201 156
4 187 201 607 285
4 489 118 481 642
4 489 481 118 465
4 780 390 430 770
4 780 430 390 431
4 373 23 24 546
4 373 24 23 179

CELL_TYPES 4080
1
1
1
1
1
1
1
1
1
1
1
1
3
3
3
3
3
3
3
3
3
3
3
3
3
3
3
3
3
3
3
3
3
3
3
3
3
3
3
3
3
3
3
3
3
3
3
3
3
3
3
3
3
3
3
3
3
3
3
3
3
3
3
3
3
3
3
3
3
3
3
3
3
3
3
3
3
3
3
3
3
3
3
3
3
3
3
3
3
3
3
3
3
3
3
3
3
3
3
3
3
3
3
3
3
3
3
3
3
3
3
3
3
3
3
3
3
3
3
3
3
3
3
3
3
3
3
3
3
3
3
3
3
3
3
3
3
3
3
3
3
3
3
3
3
3
3
3
3
3
3
3
3
3
3
3
3
3
3
3
3
3
3
5
5
5
5
5
5
5
5
5
5
5
5
5
5
5
5
5
5
5
5
5
5
5
5
5
5
5
5
5
5
5
5
5
5
5
5
5
5
5
5
5
5
5
5
5
5
5
5
5
5
5
5
5
5
5
5
5
5
5
5
5
5
5
5
5
5
5
5
5
5
5
5
5
5
5
5
5
5
5
5
5
5
5
5
5
5
5
5
5
5
5
5
5
5
5
5
5
5
5
5
5
5
5
5
5
5
5
5
5
5
5
5
5
5
5
5
5
5
5
5
5
5
5
5
5
5
5
5
5
5
5
5
5
5
5
5
5
5
5
5
5
5
5
5
5
5
5
5
5
5
5
5
5
5
5
5
5
5
5
5
5
5
5
5
5
5
5
5
5
5
5
5
5
5
5
5
5
5
5
5
5
5
5
5
5
5
5
5
5
5
5
5
5
5
5
5
5
5
5
5
5
5
5
5
5
5
5
5
5
5
5
5
5
5
5
5
5
5
5
5
5
5
5
5
5
5
5
5
5
5
5
5
5
5
5
5
5
5
5
5
5
5
5
5
5
5
5
5
5
5
5
5
5
5
5
5
5
5
5
5
5
5
5
5
5
5
5
5
5
5
5
5
5
5
5
5
5
5
5
5
5
5
5
5
5
5
5
5
5
5
5
5
5
5
5
5
5
5
5
5
5
5
5
5
5
5
5
5
5
5
5
5
5
5
5
5
5
5
5
5
5
5
5
5
5
5
5
5
5
5
5
5
5
5
5
5
5
5
5
5
5
5
5
5
5
5
5
5
5
5
5
5
5
5
5
5
5
5
5
5
5
5
5
5
5
5
5
5
5
5
5
5
5
5
5
5
5
5
5
5
5
5
5
5
5
5
5
5
5
5
5
5
5
5
5
5
5
5
5
5
5
5
5
5
5
5
5
5
5
5
5
5
5
5
5
5
5
5
5
5
5
5
5
5
5
5
5
5
5
5
5
5
5
5
5
5
5
5
5
5
5
5
5
5
5
5
5
5
5
5
5
5
5
5
5
5
5
5
5
5
5
5
5
5
5
5
5
5
5
5
5
5
5
5
5
5
5
5
5
5
5
5
5
5
5
5
5
5
5
5
5
5
5
5
5
5
5
5
5
5
5
5
5
5
5
5
5
5
5
5
5
5
5
5
5
5
5
5
5
5
5
5
5
5
5
5
5
5
5
5
5
5
5
5
5
5
5
5
5
5
5
5
5
5
5
5
5
5
5
5
5
5
5
5
5
5
5
5
5
5
5
5
5
5
5
5
5
5
5
5
5
5
5
5
5
5
5
5
5
5
5
5
5
5
5
5
5
5
5
5
5
5
5
5
5
5
5
5
5
5
5
5
5
5
5
5
5
5
5
5
5
5
5
5
5
5
5
5
5
5
5
5
5
5
5
5
5
5
5
5
5
5
5
5
5
5
5
5
5
5
5
5
5
5
5
5
5
5
5
5
5
5
5
5
5
5
5
5
5
5
5
5
5
5
5
5
5
5
5
5
5
5
5
5
5
5
5
5
5
5
5
5
5
5
5
5
5
5
5
5
5
5
5
5
5
5
5
5
5
5
5
5
5
5
5
5
5
5
5
5
5
5
5
5
5
5
5
5
5
5
5
5
5
5
5
5
5
5
5
5
5
5
5
5
5
5
5
5
5
5
5
5
5
5
5
5
5
5
5
5
5
5
5
5
5
5
5
5
5
5
5
5
5
5
5
5
5
5
5
5
5
5
5
5
5
5
5
5
5
5
5
5
5
5
5
5
5
5
5
5
5
5
5
5
5
5
5
5
5
5
5
5
5
5
5
5
5
5
5
5
5
5
5
5
5
5
5
5
5
5
5
5
5
5
5
5
5
5
5
5
5
5
5
5
5
5
5
5
5
5
5
5
5
5
5
5
5
5
5
5
5
5
5
5
5
5
5
5
5
5
5
5
5
5
5
5
5
5
5
5
5
5
5
5
5
5
5
5
5
5
5
5
5
5
5
5
5
5
5
5
5
5
5
5
5
5
5
5
5
5
5
5
5
5
5
5
5
5
5
5
5
5
5
5
5
5
5
5
5
5
5
5
5
5
5
5
5
5
5
5
5
5
5
5
5
5
5
5
5
5
5
5
5
5
5
5
5
5
5
5
5
5
5
5
5
5
5
5
5
5
5
5
5
5
5
5
5
5
5
5
5
5
5
5
5
5
5
5
5
5
5
5
5
5
5
5
5
5
5
5
5
5
5
5
5
5
5
5
5
5
5
5
5
5
5
5
5
5
5
5
5
5
5
5
5
5
5
5
5
5
5
5
5
5
5
5
5
5
5
5
5
5
5
5
5
5
5
5
5
5
5
5
5
5
5
5
5
5
5
5
5
5
5
5
5
5
5
5
5
5
5
5
5
5
5
5
5
5
5
5
5
5
5
5
5
5
5
5
5
5
5
5
5
5
5
5
5
5
5
5
5
5
5
5
5
5
5
5
5
5
5
5
5
5
5
5
5
5
5
5
5
5
5
5
5
5
5
5
5
5
5
5
5
5
5
5
5
5
5
5
5
5
5
5
5
5
5
5
5
5
5
5
5
5
5
5
5
5
5
5
5
5
5
5
5
5
5
5
5
5
5
5
5
5
5
5
5
5
5
5
5
5
5
5
5
5
5
5
5
5
5
5
5
5
5
5
5
5
5
5
5
5
5
5
5
5
5
5
5
5
5
5
5
5
5
5
5
5
5
5
5
5
5
5
5
5
5
5
5
5
5
5
5
5
5
5
5
5
5
5
5
5
5
5
5
5
5
5
5
5
5
5
5
5
5
5
5
5
5
5
5
5
5
5
5
5
5
5
5
5
5
5
5
5
5
5
5
5
5
5
5
5
5
5
5
5
5
5
5
5
5
5
5
5
5
5
5
5
5
5
5
5
5
5
5
5
5
5
5
5
5
5
5
5
5
5
5
5
5
5
5
5
5
5
5
5
5
5
5
5
5
5
5
5
5
5
5
5
5
5
5
5
5
5
5
5
5
5
5
5
5
5
5
5
5
5
5
5
5
5
5
5
5
5
5
5
5
5
5
5
5
5
5
5
5
5
5
5
5
5
5
5
5
5
5
5
5
5
5
5
5
5
5
5
5
5
5
5
5
5
5
5
5
5
5
5
5
5
5
5
5
5
5
5
5
5
5
5
5
5
5
5
5
5
5
5
5
5
5
5
5
5
5
5
5
5
5
5
5
5
5
5
5
5
5
5
5
5
5
5
5
5
5
5
5
5
5
5
5
5
5
5
5
5
5
5
5
5
5
5
5
5
5
5
5
5
5
5
5
5
5
5
5
5
5
5
5
5
5
5
5
5
5
5
5
5
5
5
5
5
10
10
10
10
10
10
10
10
10
10
10
10
10
10
10
10
10
10
10
10
10
10
10
10
10
10
10
10
10
10
10
10
10
10
10
10
10
10
10
10
10
10
10
10
10
10
10
10
10
10
10
10
10
10
10
10
10
10
10
10
10
10
10
10
10
10
10
10
10
10
10
10
10
10
10
10
10
10
10
10
10
10
10
10
10
10
10
10
10
10
10
10
10
10
10
10
10
10
10
10
10
10
10
10
10
10
10
10
10
10
10
10
10
10
10
10
10
10
10
10
10
10
10
10
10
10
10
10
10
10
10
10
10
10
10
10
10
10
10
10
10
10
10
10
10
10
10
10
10
10
10
10
10
10
10
10
10
10
10
10
10
10
10
10
10
10
10
10
10
10
10
10
10
10
10
10
10
10
10
10
10
10
10
10
10
10
10
10
10
10
10
10
10
10
10
10
10
10
10
10
10
10
10
10
10
10
10
10
10
10
10
10
10
10
10
10
10
10
10
10
10
10
10
10
10
10
10
10
10
10
10
10
10
10
10
10
10
10
10
10
10
10
10
10
10
10
10
10
10
10
10
10
10
10
10
10
10
10
10
10
10
10
10
10
10
10
10
10
10
10
10
10
10
10
10
10
10
10
10
10
10
10
10
10
10
10
10
10
10
10
10
10
10
10
10
10
10
10
10
10
10
10
10
10
10
10
10
10
10
10
10
10
10
10
10
10
10
10
10
10
10
10
10
10
10
10
10
10
10
10
10
10
10
10
10
10
10
10
10
10
10
10
10
10
10
10
10
10
10
10
10
10
10
10
10
10
10
10
10
10
10
10
10
10
10
10
10
10
10
10
10
10
10
10
10
10
10
10
10
10
10
10
10
10
10
10
10
10
10
10
10
10
10
10
10
10
10
10
10
10
10
10
10
10
10
10
10
10
10
10
10
10
10
10
10
10
10
10
10
10
10
10
10
10
10
10
10
10
10
10
10
10
10
10
10
10
10
10
10
10
10
10
10
10
10
10
10
10
10
10
10
10
10
10
10
10
10
10
10
10
10
10
10
10
10
10
10
10
10
10
10
10
10
10
10
10
10
10
10
10
10
10
10
10
10
10
10
10
10
10
10
10
10
10
10
10
10
10
10
10
10
10
10
10
10
10
10
10
10
10
10
10
10
10
10
10
10
10
10
10
10
10
10
10
10
10
10
10
10
10
10
10
10
10
10
10
10
10
10
10
10
10
10
10
10
10
10
10
10
10
10
10
10
10
10
10
10
10
10
10
10
10
10
10
10
10
10
10
10
10
10
10
10
10
10
10
10
10
10
10
10
10
10
10
10
10
10
10
10
10
10
10
10
10
10
10
10
10
10
10
10
10
10
10
10
10
10
10
10
10
10
10
10
10
10
10
10
10
10
10
10
10
10
10
10
10
10
10
10
10
10
10
10
10
10
10
10
10
10
10
10
10
10
10
10
10
10
10
10
10
10
10
10
10
10
10
10
10
10
10
10
10
10
10
10
10
10
10
10
10
10
10
10
10
10
10
10
10
10
10
10
10
10
10
10
10
10
10
10
10
10
10
10
10
10
10
10
10
10
10
10
10
10
10
10
10
10
10
10
10
10
10
10
10
10
10
10
10
10
10
10
10
10
10
10
10
10
10
10
10
10
10
10
10
10
10
10
10
10
10
10
10
10
10
10
10
10
10
10
10
10
10
10
10
10
10
10
10
10
10
10
10
10
10
10
10
10
10
10
10
10
10
10
10
10
10
10
10
10
10
10
10
10
10
10
10
10
10
10
10
10
10
10
10
10
10
10
10
10
10
10
10
10
10
10
10
10
10
10
10
10
10
10
10
10
10
10
10
10
10
10
10
10
10
10
10
10
10
10
10
10
10
10
10
10
10
10
10
10
10
10
10
10
10
10
10
10
10
10
10
10
10
10
10
10
10
10
10
10
10
10
10
10
10
10
10
10
10
10
10
10
10
10
10
10
10
10
10
10
10
10
10
10
10
10
10
10
10
10
10
10
10
10
10
10
10
10
10
10
10
10
10
10
10
10
10
10
10
10
10
10
10
10
10
10
10
10
10
10
10
10
10
10
10
10
10
10
10
10
10
10
10
10
10
10
10
10
10
10
10
10
10
10
10
10
10
10
10
10
10
10
10
10
10
10
10
10
10
10
10
10
10
10
10
10
10
10
10
10
10
10
10
10
10
10
10
10
10
10
10
10
10
10
10
10
10
10
10
10
10
10
10
10
10
10
10
10
10
10
10
10
10
10
10
10
10
10
10
10
10
10
10
10
10
10
10
10
10
10
10
10
10
10
10
10
10
10
10
10
10
10
10
10
10
10
10
10
10
10
10
10
10
10
10
10
10
10
10
10
10
10
10
10
10
10
10
10
10
10
10
10
10
10
10
10
10
10
10
10
10
10
10
10
10
10
10
10
10
10
10
10
10
10
10
10
10
10
10
10
10
10
10
10
10
10
10
10
10
10
10
10
10
10
10
10
10
10
10
10
10
10
10
10
10
10
10
10
10
10
10
10
10
10
10
10
10
10
10
10
10
10
10
10
10
10
10
10
10
10
10
10
10
10
10
10
10
10
10
10
10
10
10
10
10
10
10
10
10
10
10
10
10
10
10
10
10
10
10
10
10
10
10
10
10
10
10
10
10
10
10
10
10
10
10
10
10
10
10
10
10
10
10
10
10
10
10
10
10
10
10
10
10
10
10
10
10
10
10
10
10
10
10
10
10
10
10
10
10
10
10
10
10
10
10
10
10
10
10
10
10
10
10
10
10
10
10
10
10
10
10
10
10
10
10
10
10
10
10
10
10
10
10
10
10
10
10
10
10
10
10
10
10
10
10
10
10
10
10
10
10
10
10
10
10
10
10
10
10
10
10
10
10
10
10
10
10
10
10
10
10
10
10
10
10
10
10
10
10
10
10
10
10
10
10
10
10
10
10
10
10
10
10
10
10
10
10
10
10
10
10
10
10
10
10
10
10
10
10
10
10
10
10
10
10
10
10
10
10
10
10
10
10
10
10
10
10
10
10
10
10
10
10
10
10
10
10
10
10
10
10
10
10
10
10
10
10
10
10
10
10
10
10
10
10
10
10
10
10
10
10
10
10
10
10
10
10
10
10
10
10
10
10
10
10
10
10
10
10
10
10
10
10
10
10
10
10
10
10
10
10
10
10
10
10
10
10
10
10
10
10
10
10
10
10
10
10
10
10
10
10
10
10
10
10
10
10
10
10
10
10
10
10
10
10
10
10
10
10
10
10
10
10
10
10
10
10
10
10
10
10
10
10
10
10
10
10
10
10
10
10
10
10
10
10
10
10
10
10
10
10
10
10
10
10
10
10
10
10
10
10
10
10
10
10
10
10
10
10
10
10
10
10
10
10
10
10
10
10
10
10
10
10
10
10
10
10
10
10
10
10
10
10
10
10
10
10
10
10
10
10
10
10
10
10
10
10
10
10
10
10
10
10
10
10
10
10
10
10
10
10
10
10
10
10
10
10
10
10
10
10
10
10
10
10
10
10
10
10
10
10
10
10
10
10
10
10
10
10
10
10
10
10
10
10
10
10
10
10
10
10
10
10
10
10
10
10
10
10
10
10
10
10
10
10
10
10
10
10
10
10
10
10
10
10
10
10
10
10
10
10
10
10
10
10
10
10
10
10
10
10
10
10
10
10
10
10
10
10
10
10
10
10
10
10
10
10
10
10
10
10
10
10
10
10
10
10
10
10
10
10
10
10
10
10
10
10
10
10
10
10
10
10
10
10
10
10
10
10
10
10
10
10
10
10
10
10
10
10
10
10
10
10
10
10
10
10
10
10
10
10
10
10
10
10
10
10
10
10
10
10
10
10
10
10
10
10
10
10
10
10
10
10
10
10
10
10
10
10
10
10
10
10
10
10
10
10
10
10
10
10
10
10
10
10
10
10
10
10
10
10
10
10
10
10
10
10
10
10
10
10
10
10
10
10
10
10
10
10
10
10
10
10
10
10
10
10
10
10
10
10
10
10
10
10
10
10
10
10
10
10
10
10
10
10
10
10
10
10
10
10
10
10
10
10
10
10
10
10
10
10
10
10
10
10
10
10
10
10
10
10
10
10
10
10
10
10
10
10
10
10
10
10
10
10
10
10
10
10
10
10
10
10
10
10
10
10
10
10
10
10
10
10
10
10
10
10
10
10
10
10
10
10
10
10
10
10
10
10
10
10
10
10
10
10
10
10
10
10
10
10
10
10
10
10
10
10
10
10
10
10
10
10
10
10
10
10
10
10
10
10
10
10
10
10
10
10
10
10
10
10
10
10
10
10
10
10
10
10
10
10
10
10
10
10
10
10
10
10
10
10
10
10
10
10
10
10
10
10
10
10
10
10
10
10
10
10
10
10
10
10
10
10
10
10
10
10
10
10
10
10
10
10
10
10
10
10
10
10
10
10
10
10
10
10
10
10
10
10
10
10
10
10
10
10
10
10
10
10
10
10
10
10
10
10
10
10
10
10
10
10
10
10
10
10
10
10
10
10
10
10
10
10
10
10
10
10
10
10
10
10
10
10
10
10
10
10
10
10
10
10
10
10
10
10
10
10
10
10
10
10
10
10
10
10
10
10
10
10
10
10
10
10
10
10
10
10
10
10
10
10
10
10
10
10
10
10
10
10
10
10
10
10
10
10
10
10
10
10
10
10
10
10
10
10
10
10
10
10
10
10
10
10
10
10
10
10
10
10
10
10
10
10
10
10
10
10
10
10
10
10
10
10
10
10
10
10
10
10
10
10
10
10
10
10
10
10
10
10
10
10
10
10
10
10
10
10
10
10
10
10
10
10
10
10
10
10
10
10
10
10
10
10
10
10
10
10
10
10
10
10
10
10
10
10
10
10
10
10
10
10
10
10
10
10
10
10
10
10
10
10
10
10
10
10
10
10
10
10
10
10
10
10
10
10
10
10
10
10
10
10
10
10
10
10
10
10
10
10
10
10
10
10
10
10
10
10
10
10
10
10
10
10
10
10
10
10
10
10
10
10
10
10
10
10
10
10
10
10
10
10
10
10
10
10
10
10
10
10
10
10
10
10
10
10
10
10
10
10
10
10
10
10
10
10
10
10
10
10
10
10
10
10
10
10
10
10
10
10
10
10
10
10
10
10
10
10
10
10
10
10
10
10
10
10
10
10
10
10
10
10
10
10
10
10
10
10
10
10
10
10
10
10
10
10
10
10
10
10
10
10
10
10
10
10
10
10
10
10
10
10
10
10
10
10
10
10
10
10
10
10
10
10
10
10
10
10
10
10
10
10
10
10
10
10
10
10
10
10
10
10
10
10
10
10
10
10
10
10
10
10
10
10
10
10
10
10
10
10
10
10
10
10
10
10
10
10
10
10
10
10
10
10
10
10
10
10
10
10
10
10
10
10
10
10
10
10
10
10
10
10
10
10
10
10
10
10
10
10
10
10
10
10
10
10
10
10
10
