# vtk DataFile Version 2.0
whisker_body, Created by Gmsh 4.13.1 
ASCII
DATASET UNSTRUCTURED_GRID
POINTS 758 double
-9.380831519646884 -1.49999999999992 0
9.380831519646883 -1.499999999999922 0
-6.334149033097508 -1.499999999999932 38
6.334149033097507 -1.499999999999933 38
12 0 0
9.380831519646888 1.499999999999912 0
0 9.5 0
-9.380831519646886 1.499999999999914 0
4.12982931753815 0 100
6.334149033097505 1.499999999999937 38
0 6.509335140664497 38
-6.334149033097503 1.499999999999939 38
-8.038537166172308 -5.062797668094835 0
-5.405152974387317 -7.812446564519462 0
-1.903633457046841 -9.307318607483676 0
1.903633457046822 -9.307318607483682 0
5.405152974387304 -7.81244656451947 0
8.038537166172301 -5.062797668094844 0
-5.628498911788131 -1.5 0
-1.876166303929377 -1.5 0
1.876166303929375 -1.5 0
5.62849891178813 -1.5 0
-6.641094404595972 -1.5 34.20018458977077
-6.947355852160063 -1.5 30.4003125255162
-7.253019877692786 -1.5 26.60039235510567
-7.558158993130937 -1.5 22.80042931220233
-7.862834228925779 -1.5 19.00042922016914
-8.167097464876299 -1.5 15.20039652874074
-8.470993013147002 -1.5 11.40033567488619
-8.774559303724367 -1.5 7.600246657324803
-9.077829199873847 -1.5 3.800134332594411
-4.682918960174081 -4.521251373893271 38
-1.721519722365895 -6.277564322171055 38
1.7215197223659 -6.277564322171054 38
4.682918960174071 -4.521251373893281 38
9.077829199873847 -1.5 3.800134332594411
8.774559303724367 -1.5 7.600246657324803
8.470993013147002 -1.5 11.40033567488619
8.167097464876299 -1.5 15.20039652874074
7.862834228925779 -1.5 19.00042922016914
7.558158993130937 -1.5 22.80042931220233
7.253019877692786 -1.5 26.60039235510567
6.947355852160063 -1.5 30.4003125255162
6.641094404595975 -1.5 34.20018458977074
-3.167074516548754 -1.5 38
0 -1.5 38
3.167074516548753 -1.5 38
11.34980690040761 3.896393630456207 0
9.469686112756717 7.370552552276022 0
6.563377897469113 10.04599773915035 0
2.945825845689581 11.63280319127197 0
-0.9909521456679979 11.95901391608004 0
-4.820345095835646 10.98927991986068 0
-8.127378859508902 8.82868692807757 0
-10.55368501447787 5.71136871644487 0
-11.83633564083267 1.975135083368787 0
-11.83633564083267 -1.975135083368821 0
-10.55368501447786 -5.711368716444897 0
-8.12737885950888 -8.828686928077589 0
-4.820345095835619 -10.9892799198607 0
-0.9909521456679715 -11.95901391608004 0
2.945825845689616 -11.63280319127196 0
6.563377897469155 -10.04599773915032 0
9.469686112756747 -7.370552552275983 0
11.34980690040762 -3.896393630456205 0
8.283559167353857 4.651091003296739 0
6.164414002969012 7.228416147400448 0
3.284817087730742 8.914032572307111 0
5.628498911788133 1.5 0
1.876166303929379 1.5 0
-1.876166303929375 1.5 0
-5.62849891178813 1.5 0
-3.284817087730742 8.914032572307111 0
-6.164414002969012 7.22841614740045 0
-8.283559167353854 4.651091003296747 0
2.574906462902252 3.228830577670782 100
-0.9189734768187546 4.026285874214754 100
-3.720847644852559 1.791865786210781 100
-3.720847644852582 -1.791865786210735 100
-0.9189734768187868 -4.026285874214746 100
2.574906462902235 -3.228830577670795 100
11.69730112759762 0 3.846153846153846
11.39460225519524 0 7.692307692307693
11.09190338279286 0 11.53846153846154
10.78920451039049 0 15.38461538461539
10.48650563798811 0 19.23076923076923
10.18380676558573 0 23.07692307692308
9.881107893183348 0 26.92307692307692
9.578409020780969 0 30.76923076923077
9.27571014837859 0 34.61538461538461
8.973011275976212 0 38.46153846153846
8.670312403573833 0 42.30769230769231
8.367613531171454 0 46.15384615384615
8.064914658769075 0 50
7.762215786366696 0 53.84615384615385
7.459516913964317 0 57.69230769230769
7.156818041561938 0 61.53846153846154
6.85411916915956 0 65.38461538461539
6.551420296757181 0 69.23076923076923
6.248721424354802 0 73.07692307692308
5.946022551952423 0 76.92307692307692
5.643323679550044 0 80.76923076923077
5.340624807147665 0 84.61538461538461
5.037925934745286 0 88.46153846153847
4.735227062342908 0 92.30769230769231
4.432528189940529 0 96.15384615384616
6.641094404595972 1.5 34.20018458977077
6.947355852160063 1.5 30.4003125255162
7.253019877692786 1.5 26.60039235510567
7.558158993130937 1.5 22.80042931220233
7.862834228925779 1.5 19.00042922016914
8.167097464876299 1.5 15.20039652874074
8.470993013147002 1.5 11.40033567488619
8.774559303724367 1.5 7.600246657324803
9.077829199873847 1.5 3.800134332594411
5.067135258466784 4.086023035408934 38
2.808393726272879 5.872339282749322 38
0 9.200933514066449 3.8
0 8.9018670281329 7.600000000000001
0 8.602800542199349 11.4
0 8.3037340562658 15.2
0 8.004667570332249 19
0 7.705601084398698 22.8
0 7.406534598465148 26.6
0 7.107468112531597 30.4
0 6.808401626598048 34.2
-9.077829199873847 1.5 3.800134332594411
-8.774559303724367 1.5 7.600246657324803
-8.470993013147002 1.5 11.40033567488619
-8.167097464876299 1.5 15.20039652874074
-7.862834228925779 1.5 19.00042922016914
-7.558158993130937 1.5 22.80042931220233
-7.253019877692786 1.5 26.60039235510567
-6.947355852160063 1.5 30.4003125255162
-6.641094404595975 1.5 34.20018458977074
3.167074516548753 1.5 38
0 1.5 38
-3.167074516548752 1.5 38
-2.808393726272878 5.872339282749323 38
-5.067135258466784 4.086023035408934 38
-0.006077715363327203 -9.266415972325845 2.967941153420516
7.118004373626995 -4.573741487412846 13.20431738409059
6.421759295311213 -4.537778639200017 20.79710128301802
2.168119559633385e-15 -6.741151118260019 35.05449872755481
-7.118004373627072 -4.573741487412724 13.2043173840906
-6.42175929531269 -4.537778639197825 20.79710128301878
5.710361017499329 -4.49257424020835 28.388555336707
-5.710361017499387 -4.492574240208274 28.38855533670701
-7.812113979698116 -4.57165391943493 5.699089282880773
7.813191230424827 -4.569729143742944 5.699624641096679
6.072347892381076 -4.512089330976776 24.58387421324745
3.81596947614538 -6.723269504229903 22.48087981232961
4.225220524374643 -6.826086282775012 18.70419937371835
0.9287916287239736 -7.848634240191132 20.28674113916274
1.357370182692061 -8.086897404388743 16.51778457398738
0.4684416197910261 -7.593052463767441 24.0466369218202
-2.110127347795327 -7.802897933950758 18.0023620183655
-1.785173398457032 -8.19536341133337 14.13514584271325
1.74953867265155 -8.315283379760933 12.73997619258749
-1.214961717663593 -8.589391589187548 10.48397020563868
2.278723526377748 -8.493508489061036 8.972147255905179
3.386866384105588 -6.623724989736037 26.1824701398494
0.2172912124594095 -7.279125797549926 28.17768259220248
-3.443954948487927 -6.66554844842514 25.37822591233352
5.347876646436688 -4.465484877067328 32.18367600670682
3.235126096483934 -5.910782078280206 35.09195249496657
1.845455018183649 -6.729497449149111 32.04563454522862
-1.929256458871246 -6.706722809403129 32.0362380852504
-3.238691099852138 -5.908811116442591 35.0921568924355
-5.359724596068725 -4.454276818396571 32.15915921564433
-2.365955105409154 -7.426702123080321 21.67090676771526
-6.068125416677965 -4.516596169991419 24.59275278532283
-4.867908227750058 -6.68558367925586 15.62812507951187
7.455895382567415 -4.598383500435289 9.404109607161283
-7.455650454473938 -4.598806783623302 9.403934996474943
-5.628862938478117 -6.93591666637764 7.209717332933185
-4.539555103408648 -7.340685703108343 11.04237932142977
6.7730269992295 -4.546418772606416 17.05884921294944
4.580651856791278 -6.952370755527767 14.9204764833933
5.517896694390287 -7.010912638954247 7.345613365639102
5.046619015171083 -6.994994660659182 11.11226579477601
-6.20439396383853 -6.83610726016396 3.407297826523195
6.326776718974275 -6.720132844108217 3.433849054804554
-0.5293724885710959 -8.943990811976953 6.865883702335704
3.071142741598281 -8.554819035519463 5.217409427431688
-6.891275491587794 -4.371629312128605 17.01446466303168
-3.067533977159921 -6.544816741831748 28.86813952663181
-3.052799115976929 -8.617278860891936 4.548186536822468
3.438204316034053 -6.319892919928873 29.29286119417454
-4.623774081585103 -6.545670811053735 18.88070904478156
-5.499757793378234 -3.857167112927704 35.35476152609373
5.499757793378158 -3.857167112927808 35.35476152609376
3.659193419177152 -8.57112636180287 2.292908686122366
-8.236064519586332 -4.272164630509634 2.81881538695825
8.315702169280248 -4.121109836567619 2.784378484025698
-3.074660937166712 -8.293665653096443 8.319400277405451
-4.788347911087186 -6.047938065103962 22.69325319837418
-3.665919603064072 -8.600243793471508 1.919072613288426
-0.2371329698066464 -1.5 3.144050331944194
-5.028302822827952 -1.5 13.03462254981341
-4.414009467432745 -1.5 20.81047585135413
3.81799476140603 -1.5 28.23132051159454
4.758816331838981 -1.5 17.25829623020667
5.331803481448908 -1.5 9.237395122531909
-3.302459144654366 -1.5 32.14888909918758
1.56427608873426 -1.5 35.26286627774935
-5.862897390904807 -1.5 5.572696441197545
5.441467117722054 -1.5 3.93576896629706
3.382462899159776 -1.5 32.32600584414413
0.3056364151963802 -1.5 29.88934319886939
0.6556362247096708 -1.5 26.08871644011512
-3.473207578199625 -1.5 27.65962193558618
-2.344841969035782 -1.5 23.86276858506737
0.9839347523221456 -1.5 22.36328867097998
-5.372030786135068 -1.5 9.258925107326458
-1.899502940917922 -1.5 10.87385006867215
-1.666972830993298 -1.5 14.67513747318335
1.549690773218263 -1.5 12.50106835732454
1.207884121260728 -1.5 8.732418316371541
-2.085915576615978 -1.5 6.643609714093242
4.103399454083355 -1.5 24.45025523892851
-4.727322389107062 -1.5 16.85077165959687
-1.583107984134648 -1.5 18.211070974559
4.443920586487868 -1.5 20.79739835002116
5.096206652240962 -1.5 13.27065723938302
-1.530811915389185 -1.5 35.28723772952421
1.628742838632435 -1.5 15.87665929962857
-3.589128064268292 -1.5 3.011897663710927
0.08382086860937221 -1.5 32.98286842989494
3.635147679052817 -1.5 6.151047347185761
1.425962920768407 -1.5 19.29248830181265
-4.19511780285715 -1.5 35.52726228369651
4.217811388427249 -1.5 35.55781134233284
-6.707837017296391 -1.5 2.476945687500576
-5.212995170971635 -1.5 24.48238328545598
0.9671617217644073 -1.5 5.680751321218651
-1.497915060655206 -1.5 21.12423749221306
2.709589098122581 -1.5 2.752478240506914
6.283944703534379 -1.5 6.474562234457417
1.198445909322257 -3.858659357567342 38
-1.648591686616461 -3.559165224916313 38
4.204497543648224 -9.699641525606356 0
-7.504665215717504 2.076117056049043e-14 0
-10.01360283557782 3.459398700777601 0
-9.952347335282427 -3.562325366977118 0
-8.28225926107741 6.60489069880491 0
7.50466521571748 -8.691506489948669e-15 0
-3.752332607858754 -3.259313750797573e-16 0
8.640724239821758e-16 5.551115123125782e-16 0
3.752332607858756 1.530906045494314e-15 0
-5.599238761511074 8.990103891911453 0
5.883681420410992 3.213748543947563 67.28990840443682
4.481712651254909 -3.177432529221948 82.66912391067751
8.810413546782909 -3.360026193215169 32.66285386628596
7.539270135885842 -3.27017812066325 48.05553492640802
9.15972057163448 3.291874638607488 28.80129089162229
6.969128505779241 3.057307741933633 55.77708085981889
7.655981290523776 3.74136752986387 44.20157630671031
9.798498096784749 -3.297515537212519 21.111610245
-11.09527489538306 -3.809012682760156 3.419408766471425
-6.416186870288167 9.82070510030146 3.419408766471416
4.376726030725946 2.817894544132044 86.33349174119634
9.794935447971769 4.165321556609954 17.23204404602714
-2.879762434608137 -11.37192468062312 3.419408766471419
3.752172511923079 -3.141425038482989 90.29533585463945
4.712243512000815 10.74283313214683 3.419408766471414
5.150938985619188 -3.27094646601781 74.94446563161718
8.17663737326064 -3.319556363978849 40.34491539162973
4.86311312677706 3.164125686601179 78.75485642628907
8.7004715821458 2.789959259942722 36.37973497539866
5.515811992190327 -3.836622905684349 67.10251085761583
6.549351529824886 -3.253310064738898 59.55566450511531
10.28636908011077 -3.73836073422892 13.40986106903457
-2.723844371020274 3.415592807225254 96.96476903409871
7.945113376504919 -8.63069383398738 3.419408766471524
-11.09619766411182 3.82407101203741 3.346087816331039
10.7499272969823 3.304317935205711 9.576559054785395
-2.633579180006027 -3.523592931555294 96.57950772588465
9.957006246775096 6.199502580142013 3.439934067811965
11.0516879769979 -3.331572724187092 5.807651982928282
3.374681076347565 3.1132268918116 94.13560339841358
4.812366599042043 -3.224042144942172 78.873476585039
6.213887481933059 3.245444915275248 63.39923967603456
7.854154908482224 -3.29597773825231 44.24681280899749
0.8839995536723747 4.277270915254395 96.9780051014545
-0.6087510069504397 4.572291850264672 93.86533233342223
-3.967763370978763 2.380981615854184 93.67860409287384
-2.514782277294542 4.167909695589317 90.62303120156031
2.066990261246719 -5.261510892665558 80.64680223727419
-4.80108364624302 0.9237778919459773 90.35193927379757
-4.148411874349152 3.013742045850459 87.3225173675719
-5.124635680411549 -0.5869825869384447 86.93403556407078
-5.122782828649765 1.689962471480975 83.93290014234525
-4.102942731135807 -2.73176048741506 89.84349415526822
-3.450955103805575 -3.897373372224187 86.33062376829567
-2.74525964620429 4.619206734186632 84.19882538123187
-4.323373963597374 3.620907277386757 80.81942428518379
-5.663254032746599 0.1873336032435064 80.4766336746259
-5.37961283511469 2.441209115202028 77.4112834124462
3.829378504189165 5.70078908652215 65.2140595431384
3.428112131907595 5.599839637092569 69.04764450439538
0.4887954665235053 6.721468060586366 66.84457821158199
0.8928179355429308 6.984360960285742 63.00759621305362
0.04235021281728917 6.438779606489308 70.66023524719105
-2.942669963235654 5.918174962922335 68.49413161016638
-2.753265683547489 5.205468042889199 77.65080134600056
-5.790428627986908 -1.334465356796285 76.9715180640716
-6.101211141251321 0.9881053621990269 73.94113796353074
-5.568038290200307 -2.775568813770978 73.42303853409744
-4.628925851986176 -3.355453354230358 79.83093658536049
-6.435164392552136 -0.5311196167612977 70.42992237761062
-5.247299461382974 -3.842791129203413 69.83410289294285
-6.451079284925978 -1.943402655771053 66.86703271750487
-4.023738940476278 -5.463228443622678 66.26181359785348
-6.127111939367729 -3.421004872982743 63.30914599902164
5.811217550862038 -6.032015714547201 46.04873695987626
5.454323539244878 -5.953004615925793 49.88579263082659
2.8022077834529 -7.749418691590647 47.76896262079863
2.433904072456799 -7.555834424129176 51.61045964612449
-0.6592534214256607 -8.093771712808955 49.29275478804499
-0.2682692160675588 -8.41081811699669 45.55053242754269
-3.566872641885735 -6.118876329295499 62.48148649032691
-5.627544144180462 -4.652193755991903 59.6998788235062
-7.150026395519752 -1.216181454021843 60.31988762970298
-7.066136523793017 -2.613386588290162 56.74682205855343
-3.675997167296891 -7.437852736595195 47.05536458449848
-3.337106839134441 -7.922995942694743 43.23793053363452
-7.399110627028441 1.186938604208062 57.25786728469546
-7.760717677315624 -0.3900210132729153 53.74074167078587
-6.200861280946293 -5.793840997747306 44.64430448029835
-5.966362865280952 -6.448681503160376 40.84556402414968
-2.926818585002982 -8.40145235614755 39.4315951645553
-5.686759627589668 -7.084612709206143 37.04295937462965
-2.536021885899101 -8.841062277868428 35.60790721585147
-5.371248919546576 -7.695295135456422 33.23372708346492
-2.138179001849731 -9.255372017013649 31.77639912984177
-5.055382919697273 -8.261381008182097 29.40955881034828
-1.735483389608434 -9.646392072540573 27.93758548895211
-4.706685818175227 -8.807838843209817 25.58347614339168
-1.347249163613359 -10.01406471383168 24.08734477227008
-4.35142665207022 -9.323015975732845 21.74647888273559
-7.250921477469093 -7.142085012681834 23.15472705832409
-7.836118026218164 -4.970891874030916 34.56353881843241
-7.887371930668207 -3.637912359946707 42.10949889838693
-6.995610359938588 -7.802126448953934 19.3247427273909
-9.170450170580592 -4.851478313127953 20.65164068953261
-3.98786000470651 -9.812028931772874 17.89724905864923
-9.068173024145095 -5.633109518604225 16.83092463736949
-10.35346464990864 -2.163968396018454 18.07849042638538
-10.19659395992997 -1.290995169992689 21.88013838670311
-10.36927319933828 1.565626135013027 19.22700620548145
-9.895050135711458 2.433245596443461 23.00034954531355
-9.073476766294286 5.092247966688552 20.26948309116154
-8.2640168309097 5.824621974250115 24.00963996751245
-6.598352758028958 7.94960065160769 21.20367404241615
-5.492152949030151 8.404390340612796 24.90674240686663
-3.245512679405646 9.739945776403131 22.02690268366821
-4.496918621794461 9.549979158655834 18.35062264509936
-7.361565876809996 6.495251654900008 27.73281906967479
-4.311886799957352 8.744338514190369 28.59331092911318
-6.366916065728883 7.085261027497492 31.43924014373065
-9.787765685478995 4.323625390307066 16.51563559486775
-3.065876177064048 8.950416558567548 32.26170363829723
-5.283031063682296 7.574960869529034 35.12906209376556
-0.790949284565715 10.46713254108184 19.0977553252794
-2.122162621538225 10.57381820109793 15.44217375744585
1.800531663554092 -9.761044307353078 26.35623741844034
0.5494667171124947 10.19577184685695 22.73690282816574
-6.947972934673278 3.407365721142297 54.14742021571233
-7.774609810794701 1.937544775684074 50.66719563327358
-5.923525858022886 5.358189152717993 50.985083498759
-7.12651030545731 4.171509742394253 47.55117366479698
-4.468866678507659 6.922944799561357 47.77507222391867
-10.44764705628619 -3.025881531856688 14.26897501547867
-8.921820484902941 -6.395074931747999 12.99767471072743
-1.767333116646481 9.001874150413366 35.91124666537676
-4.473764661253125 6.287381765707655 54.42590214325406
1.71245844568547 10.59396685820317 16.11808387156692
0.717847977125209 9.378122155604666 32.96553852199423
2.215390924434677 -9.985997037663132 22.5053886164418
-9.971530235230773 -0.4061015125598381 25.66912215128767
0.3740124643129115 11.01119002707983 12.48333589591814
4.130671630337173 10.1623523068149 13.090314074109
-6.802356408607204 2.411914047440895 60.76999814446555
-6.038004243370656 5.994835743197508 44.36298315485899
-2.763115896356329 8.033177883020713 44.53395278899543
-0.845166928101638 8.189084736889633 47.86957704370079
0.9899053350364497 -9.266600041114406 34.06122553346768
-3.431128241470241 10.52899410193911 11.76658708866938
-7.921478008282379 4.884728565304473 34.22454150529455
-2.54207535125688 -6.908272835043129 58.94230614934579
2.172268822389508 8.861456264874922 36.54528488172841
1.061079381434024 8.428833958544013 44.53068097592124
-0.9690048512459284 11.26408920543452 8.82201710809338
2.962318072911799 7.682559538362455 47.85288378530353
5.213393821736089 -8.603778750473086 24.64947897045334
4.754399378260967 -8.517146336611226 28.53450199480944
-2.975323957660133 -5.526783870095705 72.72048054554459
-4.027919559270655 -6.908855836033273 50.85942943979711
5.583243198257635 -8.726968271258832 20.83634845456141
5.328731435531566 9.263506612500452 16.68564584075953
1.03685717071455 7.908535038100741 51.12704118960659
4.308144104514341 8.310465979687113 33.53464054787261
3.154731045434481 9.110324448414884 29.97297585671878
0.1174795517825061 -7.141504785329895 61.72075793419516
2.624938797594594 -10.20003121006333 18.64793332875911
5.865079408161094 -8.907662645344791 16.9607667461672
3.011929733474368 -10.40903730994688 14.78950494336362
6.211842443416677 -9.042661966482893 13.07822812830598
3.40429045134856 -10.60772893815717 10.91963345826976
-0.1050673260574069 -11.01290024391308 12.53592349952411
-10.5050686717419 -3.816166234178441 10.4604671968024
-8.738825967941143 -7.131905494543081 9.152547826381014
-11.08258121503573 -0.1621231765801499 11.64184442683102
-7.898427084638651 -1.569671369619569 50.15280255440411
7.173694200310172 8.246853666283799 13.59123098401653
6.391669036747722 9.209660192809878 10.03383607345546
1.174889512819011 -7.34029326466543 58.02002229428872
-6.63169320767456 6.101444379843752 37.97260137393597
-8.725221339326362 2.553752139075601 36.95895580298878
-9.272346077840087 1.459754136361354 33.20705579467198
2.996450244430661 5.504355379608286 72.84329996013764
7.621266741275861 -6.306686871930308 26.78060649541706
5.142357396234855 -5.825362417282579 53.74251453066729
-6.4213188584889 -9.035121599470051 11.63217625742115
-7.908727279757493 3.207421186565054 44.03496966238203
4.663881116394194 6.473307080732225 51.0987752331682
2.95504135654981 7.122296500182506 54.49703087441205
0.2902586036127973 -11.31386625434132 8.670854494795986
6.50702464532443 -9.201946009103372 9.273116714153256
-6.062561606910668 -9.640988344702428 7.766844515143852
-11.34392959198326 -1.270759989233288 7.434607695075306
-10.97551330793039 2.668520317011463 8.954573770207345
-1.009210317210335 8.698720628507242 41.20535352615279
2.758367604307663 8.342054639261145 40.83436418018644
-9.100103205237474 -7.167695188143212 5.286506943726146
-1.523215334344938 -7.496831598063396 55.27185028235677
-3.18083403039573 5.480644173370679 71.95764687982739
1.979888415474979 -4.986428075485636 84.30424969060424
-6.529799952990007 1.589206942064839 67.08359347164958
-4.69924960712395 10.34802762122546 8.067658787787888
-6.844111155360109 8.787316018499258 10.95061730834538
-2.302320390533954 11.36489174496087 5.136469297527364
5.239415278380335 7.414050938004052 37.12085416666311
6.435368908041698 7.133747341385535 30.3994177028227
5.396974261095282 8.276212097052827 26.93161265638005
-1.714684285248882 -4.682169777183954 89.11793074351316
6.042974550474646 6.375938637786392 40.85485250662715
-2.310489625791758 -4.106458645292604 92.60494920429589
-8.085429920285838 8.117082450323313 6.900381077297767
5.908200535621055 5.736712293472323 47.83772174848421
1.254903866020898 4.690446735387388 90.78053429165655
-7.925151680787539 -2.735285105791055 45.94688075519549
-0.981425048882092 5.011990212035081 87.58164002365606
8.819780162544831 -6.757024191207043 11.30063221639841
9.017071439551472 -7.055914357573965 6.993403750211821
-4.373797870819125 0.05949301263183673 96.89494471490113
2.425769257960733 -5.437810937582964 76.81741565136404
2.82027200399946 -5.587699571852098 72.94506308023425
-0.6805566741684789 6.097069560852588 74.52272997509201
-2.28720780664464 -4.997592158204522 82.6397327241758
8.173114239075636 -6.592211747275478 19.05504025595772
6.159250551952587 -6.114595836852289 42.1975924302034
6.545261997230773 -6.151471853528367 38.34397569139171
3.610762882248423 -8.076643734714382 40.06239524159685
3.781901357702678 -6.155264996096776 60.68141368120746
2.306129256414713 -6.537010587999739 64.39677267489819
5.680816630934607 -4.124439711389869 63.27483573214781
2.90313170616351 -5.924773144961187 68.64131894633614
-0.7435266673747338 -6.705588875087981 66.74970009804981
7.240210654185436 -6.287260021976399 30.63375333231047
9.122994413206149 -3.38396882571171 28.83827132390986
9.46112987883933 -3.338861361824655 24.99317767717859
8.012527851455756 -6.307843757541726 22.90262926912598
-6.412885653187181 -5.090972359563231 48.43624024909247
-1.336082905341356 -5.659187500338486 78.59083090662011
2.767451965606174 -3.656060944166346 94.21187059484977
0.8502221189687292 -4.28245174500155 96.99870917382096
4.151595880050725 -3.10881660211555 86.57286023530499
1.490284449403214 11.44379520692528 5.839461034432489
3.204196442121937 -7.918240921616556 43.93831619156457
4.48357570825921 3.182873906471004 82.60981160837999
2.073997266700022 5.274460263207301 80.4611004648701
1.614789335008934 5.119291401965853 84.26841963380122
6.925735087880159 -6.18263032825888 34.51137395725292
1.858807483549249 9.748128460592955 26.38102731786484
1.39746809121314 -9.520680875728448 30.20650930074138
4.414035873384409 -8.355837923763495 32.39998837849708
9.982537472314036 -3.68347788799848 17.27478779863795
5.230186812348898 3.144617887825967 74.93175104653113
-5.079409767513662 -1.934781934297503 83.41090433262684
8.489834646061707 -6.68422485929336 15.17913490092354
10.59899536246261 -3.758775975868279 9.583538281721523
-6.711156711955483 -8.436573812698411 15.49744320590953
6.549329588493538 3.253376719494234 59.5555374068739
4.195919843878166 5.820055955217346 61.3090585423212
1.321749738526865 7.215829254662927 59.26319536542459
-2.189651970395955 6.878371744964822 60.75486636556875
7.088293079255143 3.552600528202366 51.73030211406253
8.485357925352185 -3.356664105354429 36.52834181880261
6.894540833873587 -3.219816975596809 55.78874224950925
5.403166115282601 -3.444545982232197 71.05643104972593
8.8570062281657 3.238746256719359 32.64744352017681
-10.76072395306034 0.7148421220697166 15.44513470645381
4.867967019025342 6.979029980965076 44.35670267320239
9.52393724467724 3.174737289440045 24.91508510174398
9.813818944289316 3.251333454650609 21.11281602184983
8.391023379139691 5.79623575828136 22.89258254449509
3.024119743623225 9.999802958614824 19.73179309736681
3.984450702739319 9.351278384498809 23.31899207532386
-10.4191591464823 3.518218872263656 12.7427448453828
2.859989605203539 10.88455960574606 9.478454822546038
10.39767362600353 3.453041623699544 13.2645950672984
-1.959799390116531 9.7851773212781 25.67283026001831
-0.6250049909495428 9.669518321191815 29.35519088630936
-7.920115022540573 -4.231709722959232 38.37614189796275
-8.865865078579224 -0.5824019925662585 39.58016334012657
-2.758467587508452 7.479456644868911 51.18168356966901
-5.707168854844602 9.222236067685127 14.67133774355713
-7.473294818554196 -6.458235764843504 26.9728183762463
-7.704998807845924 -5.686009731121428 30.80120877183337
-9.242820468253674 -3.17890088781587 28.28136947894659
-0.5208177507115744 -10.6966877546238 16.39914293855676
-0.9277470668017241 -10.36394732204619 20.26145477300987
-6.241181492719281 4.093052173691593 57.64034411964083
-3.435186653327769 6.01350237405118 64.47748191465328
-9.095390367173161 -1.213782704532253 35.88203250189814
4.032040532202399 -8.209639851291509 36.25918685598143
-6.960249981385983 0.4404976327137751 63.85916047336482
-8.675054796803158 4.110710083183141 30.49852253948949
-9.667706369340582 0.5374728765262025 29.44491217426697
-9.20958673010179 -2.233722726770641 32.06279855080155
-6.378146816968969 -4.517492285103238 53.16386821714346
-4.901567237886852 -5.794800154390308 56.03689895709837
-7.629217739826217 7.387279785042373 17.53906963830121
-5.917188389642313 3.64671032944432 64.15800245425416
8.24786558330989 6.739104073559497 17.14126106612178
-3.581948413303468 -10.28564959867416 14.08472887384414
0.5706661980228015 -8.999076192662523 37.90067594772771
0.1837267521899315 -8.71686847122303 41.69154212677952
-8.571151074780021 6.759595614103813 13.77486010769132
-9.232313311881176 -4.033193854566069 24.46156493127896
-9.33596410068084 3.281507871847625 26.73532903086073
5.545316124772948 3.200633963616605 71.12041853286362
-1.419745594748953 7.375203288795379 57.04307588630223
6.378351073503635 8.225924142229013 20.21440633729289
-3.26869659369778 -10.70462912109939 10.25946236912933
-9.427954453182384 6.069655226034275 10.00223603966135
-3.935880582470612 -4.520599496703763 76.31458940344676
-4.165705095481022 7.697361998910169 41.26614045174991
9.029751558418225 6.579867041021899 10.51079793461153
8.000156133192831 8.192846568931234 6.975799575966851
7.675333144693592 8.87233018020604 3.411134293055797
7.224872224757849 -3.239331477894782 51.868875608671
4.230469682376077 6.175620081593399 57.36008458892331
4.644756120182949 -10.77729677694288 3.359749051448046
3.751435662458301 -10.80784308975815 7.110397933271602
0.7353232397279819 -11.58914903346795 4.924245558311277
-9.305755438015881 7.148153324448866 3.376372254275834
-11.73666604211394 0.04718123912198847 3.344770207887467
2.78270719789505 5.292652934030017 76.49641558320326
-4.522928016685367 -1.116538227789206 93.27999296042566
-8.349331672706715 2.834109663369953 40.44094735680389
-0.1467060946942728 -6.442927872093584 70.58807632597566
-6.296462251648564 -9.914645348100612 3.2397553491885
-10.40984128984836 -4.782873560470877 6.911765455945798
4.62442249864698 -5.890328313305024 57.32097256573304
10.22813237147876 -5.778600291799357 3.206609444451877
11.14419421701994 2.972373463720109 5.923893565935042
7.004229234723419 6.135764350442197 34.15872167206129
-5.657202652786991 3.062192770992701 70.73793305249328
-8.244793736557861 0.7012029497583896 47.33622936843954
8.303680399274008 2.987846346855601 40.34384936114449
7.709249803487288 6.208319328003225 26.70500370971401
5.139924651163037 10.23929337679081 6.899965312550076
-10.21191459152872 5.238166865959939 6.645310347071354
-0.5155269688868627 -6.062175831912949 75.16918892446202
-3.04277403015409 -11.0561332410361 6.769932254330504
-1.508034142645382 5.429304582363539 80.87692083548143
0.675787463642481 -4.726761959406258 91.80453479411077
2.053620129172288 -7.398203846143429 54.91696836899607
-0.862957403625385 7.70335950483107 53.98174457129444
7.772164000857797 2.673138896905809 48.04197164151546
-8.578894126178366 -0.171264377536173 43.44755238004028
-4.329239788235686 4.287738596895608 75.05307980651777
0.6238361859539098 11.77436960961673 2.657067590241274
-3.80859786566958 8.148330041562897 38.1887314818231
-4.920349172596098 5.215592497608889 61.36800850094394
4.136490153060944 2.610269484400888 90.32558230896208
1.576871404464888 -4.839456285904425 87.8014217453687
6.452512501625301 -9.544842667881639 6.083240224743792
5.376458703786377 5.580231191737775 54.01548048097096
-11.3808736670436 1.871674226630495 5.924234482641377
-0.7469839110473178 -7.835384326587056 52.46505623031145
-3.001801111154203 -5.837556917739455 69.06920162568429
-9.321814312836471 -7.256518489891524 2.372664790574404
3.150491641629034 -2.99878010852642 97.2086302191444
3.407052942739645 2.703714494624518 97.20891928206666
8.45959974638526 6.091565365292771 20.01753087970318
9.989677358540582 5.494943602672018 7.608086736659656
0.1312676688643333 5.844406604986242 78.19550131087449
9.036362438056239 6.05914756144035 14.23403521640977
11.44288147924984 -2.793102482646737 2.810165575525718
11.37923947019136 3.017559473982097 2.890122003772733
-6.725888201585374 5.572580954363535 41.49230042943778
-0.8183929021767927 -5.16345271735792 86.04760099369275
-0.2348378546792189 8.974852431955934 38.39911239066556
-2.902659045103456 11.46234135071534 2.234291780102737
-5.135908018217144 4.334669957422169 67.08071146555795
7.292310565134632 5.256196845093733 38.25606595686546
2.225690910328113 4.563570168337198 87.96012061743762
-0.05469789955032378 -4.565507725670101 94.46001779304729
-3.73853128747054 -6.815048909019394 53.70751008527645
1.063239728318028 7.483161235477393 56.43691262184559
0.9912759083853923 -11.79721746320572 2.048356996154488
-4.002407877759291 6.223229941006785 58.45896512773751
-1.283180511090263 -6.837550822459725 64.07848224067104
6.385301205374145 7.80042361764051 24.38817357336235
7.510539557167069 4.507732652990154 9.409656936846098
6.771584250070999 4.556747566509957 17.00085707088877
2.768783863810867 8.617499058232703 5.700275678473226
6.068159645006081 4.516515687349868 24.59301448832183
4.189324139353919 5.225117745160992 35.61313622729357
7.162428857075636 5.889139176889022 2.888543694217754
3.07419805125304 7.879946195399047 13.23499681116079
3.046010557170572 7.246021431160631 20.83542207066165
3.215153160474515 6.511062847235718 28.44129336621283
2.862866256529278 8.278587262209728 9.40737074981125
6.421735873179716 4.537843591882388 20.79686805710051
7.189118462781316 4.462310131807809 13.19640443264886
2.918551168340867 7.620188519081286 17.02661488247098
3.153753244996735 6.216348309706979 32.13918228242428
3.184892877039814 6.856827907971394 24.64496862375574
4.687927507260294 8.008548913798631 2.798705932498045
8.025103653884301 4.152979994329812 5.895513428312017
5.892790937215877 4.248491480204032 28.40322992489338
5.777398864218886 6.852205775073351 6.82628511653391
5.670475762792331 4.044444958437285 32.20967679586283
5.478598959135864 6.662976143001849 11.10343940310635
5.33565846387365 6.386841242457026 14.96385684520139
5.828695411513975 3.242831831064355 35.95784648278167
5.138443869198372 6.159389419827842 18.78832458374388
1.838849133581897 6.408183967190469 35.99925198897137
2.287523047597378 9.01372528036423 2.548068937586992
8.550193330370757 3.677027835048834 2.448139990253546
4.91834030749185 5.954333166372788 22.57939813632824
0.2371329698066482 1.5 3.144050331944195
5.02830282282795 1.5 13.03462254981341
4.414009467432741 1.5 20.81047585135413
-3.817994761406034 1.5 28.23132051159454
-4.75881633183899 1.5 17.25829623020667
-5.331803481448908 1.5 9.237395122531909
3.302459144654366 1.5 32.14888909918758
-1.564276088734262 1.5 35.26286627774937
5.862897390904808 1.5 5.572696441197545
-5.44146711772205 1.5 3.935768966297061
-3.382462899159778 1.5 32.32600584414415
-0.3056364151963855 1.5 29.8893431988694
-0.6556362247096796 1.5 26.08871644011514
3.473207578199619 1.5 27.65962193558618
2.344841969035772 1.5 23.86276858506736
-0.9839347523221651 1.5 22.36328867097999
5.372030786135068 1.5 9.258925107326458
1.899502940917922 1.5 10.87385006867215
1.666972830993294 1.5 14.67513747318334
-1.549690773218263 1.5 12.50106835732454
-1.207884121260728 1.5 8.73241831637154
2.085915576615978 1.5 6.643609714093241
-4.103399454083366 1.5 24.45025523892852
4.727322389107057 1.5 16.85077165959687
1.583107984134639 1.5 18.21107097455899
-4.443920586487888 1.5 20.79739835002117
-5.096206652240962 1.5 13.27065723938302
1.530811915389185 1.5 35.28723772952421
-1.628742838632443 1.5 15.87665929962856
3.589128064268292 1.5 3.011897663710928
-0.08382086860937754 1.5 32.98286842989494
-3.635147679052816 1.5 6.151047347185761
-1.425962920768422 1.5 19.29248830181265
4.19511780285715 1.5 35.52726228369652
-4.217811388427249 1.5 35.55781134233285
6.707837017296393 1.5 2.476945687500577
5.212995170971627 1.5 24.48238328545598
-0.9671617217644091 1.5 5.680751321218649
1.497915060655195 1.5 21.12423749221307
-2.709589098122581 1.5 2.752478240506914
-6.283944703534374 1.5 6.47456223445742
-7.510539557166622 4.507732652990925 9.40965693684592
-6.771584250070954 4.556747566510024 17.00085707088877
-3.246091196284607 8.453272702647329 5.652926339464525
-6.068159645006048 4.516515687349911 24.59301448832184
-4.1582943315143 5.258034305886307 35.53155174327269
-7.162428857075634 5.889139176889027 2.888543694217748
-3.237960616370888 7.812836850425198 13.24959703057669
-3.227875825506876 7.165963545003565 20.84576108313457
-3.215153160472675 6.511062847236555 28.44129336621366
-3.240217245544851 8.134898247568891 9.447581942588814
-6.421735873179698 4.537843591882414 20.79686805710053
-7.190382681626836 4.460300825198558 13.19621629304371
-3.233265843284308 7.490267222016153 17.04771851447261
-3.153753245005996 6.216348309702863 32.13918228241769
-3.184892877037259 6.856827907972479 24.64496862375691
-4.687927507259875 8.008548913797917 2.79870593250858
-8.022692916822136 4.15591726744591 5.905555015197561
-5.892790937213606 4.248491480207354 28.4032299248921
-6.004062618269192 6.655761834605928 6.814326378164115
-5.670475762794262 4.044444958434672 32.20967679586212
-5.622982429505091 6.541451330252214 11.10475090729767
-5.349318320128383 6.373988517430502 14.97764150015369
-5.832853721035764 3.232682384686332 35.97425984866253
-5.113506150658234 6.180620780128224 18.78330725296542
-2.152711869202806 6.322378019818616 35.84649483934074
-2.486587606960989 8.964909440677999 2.498403384950996
-8.530117699935522 3.705828181296485 2.537094094561184
-4.92811298028762 5.944407075080545 22.59740031646706
-6.661338147750939e-15 5.900042359436546e-15 100
0.9083329843548462 4.004667570332249 38
-1.611001811554576 3.600841914798548 38
2.987734121410816 3.865757472122626 38
-0.02140444635249203 2.220446049250313e-16 46.19552153367785
-0.05353238723820031 -0.0435959440225524 53.93957526565097
0.008998888177616848 0.005500184435635269 63.3702079446714
-0.08747813284531158 0.08143352225893352 72.51246385252716
-0.1725239867286521 0.05628779892821267 78.30898189540879
1.858199790622663 2.590454798085394 42.54563485292217
-2.647341588626596 -2.706202497447783 42.86000823332472
-3.093316568661222 2.250659339230781 42.91975743707297
3.182292998585803 -2.192701112742829 42.92940310022549
0.09265999190466179 -0.0386351503763791 85.17479340037931
-2.403417515242833 0.3875356545366841 58.70824600135609
2.765067366327248 -1.673878311926299 50.06987479131588
-1.76994268427582 2.676062741012169 50.07554872558134
2.601391742357929 -0.1537710966502002 59.04486699339976
-1.459816086017041 -1.259760506709521 67.93716902968382
-2.235983459346316 -2.307077444752456 50.04556215277282
-0.02432199889249276 -0.05283267324374297 90.05780947783451
-0.1307571101749794 0.06779108854410505 94.96497955225448
-0.5382433210572208 4.470253532845845 45.6440611714782
-0.646865703222677 -3.391471251268642 56.8806405029895
2.178038187365466 1.328185654355291 68.88633964091895
0.5557084788304206 3.132523036467522 56.93545171988762
2.495769179924119 2.582601061559965 51.38525990328262
-0.8525927040145729 -4.243496996093924 46.45828878590032
4.172269105655588 1.239250354695804 46.00651515577859
-0.5544184225227642 0 41.36989222885974
-4.291998621100117 -0.3941117556447968 46.07814669841342
0.7565772152094075 -3.990240473812187 52.92644725224519
-3.100300272705049 2.412329338071633 55.19897151574497
-1.007892173331184 -3.227143912450223 60.9981104085024
1.130324828456685 3.132473716485233 60.9846524382051
0.4880784136318741 -4.799078353570189 41.74913542849912
-1.035942035774608 2.704854668346028 66.47693028762443
3.871764448462468 -0.4881295593496137 55.13285483571675
-1.950810510425413 0.6004916551207158 81.81350925224967
4.750611774823113 0.6962123026976766 41.24083807613381
-1.517227093581174 5.101618002953032 41.30858933872635
-3.642326129332768 -1.560311474331191 54.92492020574057
1.836683177749869 -0.4491674748325973 81.65268617732799

CELLS 3939 17933
1 0
1 1
1 2
1 3
1 4
1 5
1 6
1 7
1 8
1 9
1 10
1 11
2 0 12
2 12 13
2 13 14
2 14 15
2 15 16
2 16 17
2 17 1
2 0 18
2 18 19
2 19 20
2 20 21
2 21 1
2 2 22
2 22 23
2 23 24
2 24 25
2 25 26
2 26 27
2 27 28
2 28 29
2 29 30
2 30 0
2 2 31
2 31 32
2 32 33
2 33 34
2 34 3
2 1 35
2 35 36
2 36 37
2 37 38
2 38 39
2 39 40
2 40 41
2 41 42
2 42 43
2 43 3
2 2 44
2 44 45
2 45 46
2 46 3
2 4 47
2 47 48
2 48 49
2 49 50
2 50 51
2 51 52
2 52 53
2 53 54
2 54 55
2 55 56
2 56 57
2 57 58
2 58 59
2 59 60
2 60 61
2 61 62
2 62 63
2 63 64
2 64 4
2 5 65
2 65 66
2 66 67
2 67 6
2 5 68
2 68 69
2 69 70
2 70 71
2 71 7
2 6 72
2 72 73
2 73 74
2 74 7
2 8 75
2 75 76
2 76 77
2 77 78
2 78 79
2 79 80
2 80 8
2 4 81
2 81 82
2 82 83
2 83 84
2 84 85
2 85 86
2 86 87
2 87 88
2 88 89
2 89 90
2 90 91
2 91 92
2 92 93
2 93 94
2 94 95
2 95 96
2 96 97
2 97 98
2 98 99
2 99 100
2 100 101
2 101 102
2 102 103
2 103 104
2 104 105
2 105 8
2 9 106
2 106 107
2 107 108
2 108 109
2 109 110
2 110 111
2 111 112
2 112 113
2 113 114
2 114 5
2 9 115
2 115 116
2 116 10
2 6 117
2 117 118
2 118 119
2 119 120
2 120 121
2 121 122
2 122 123
2 123 124
2 124 125
2 125 10
2 7 126
2 126 127
2 127 128
2 128 129
2 129 130
2 130 131
2 131 132
2 132 133
2 133 134
2 134 11
2 9 135
2 135 136
2 136 137
2 137 11
2 10 138
2 138 139
2 139 11
3 12 193 0
3 0 193 30
3 1 194 17
3 35 194 1
3 22 190 2
3 2 190 31
3 34 191 3
3 3 191 43
3 13 181 12
3 181 193 12
3 14 197 13
3 13 197 181
3 15 140 14
3 140 197 14
3 16 192 15
3 15 192 140
3 17 182 16
3 182 192 16
3 17 194 182
3 23 169 22
3 169 190 22
3 24 147 23
3 147 169 23
3 25 171 24
3 24 171 147
3 26 145 25
3 145 171 25
3 27 185 26
3 26 185 145
3 28 144 27
3 144 185 27
3 29 174 28
3 28 174 144
3 30 148 29
3 148 174 29
3 30 193 148
3 31 168 32
3 31 190 168
3 32 143 33
3 32 168 143
3 33 165 34
3 143 165 33
3 165 191 34
3 36 149 35
3 149 194 35
3 37 173 36
3 36 173 149
3 38 141 37
3 141 173 37
3 39 177 38
3 38 177 141
3 40 142 39
3 142 177 39
3 41 150 40
3 40 150 142
3 42 146 41
3 146 150 41
3 43 164 42
3 42 164 146
3 43 191 164
3 140 184 183
3 183 187 140
3 140 192 184
3 187 197 140
3 141 180 173
3 177 178 141
3 178 180 141
3 150 151 142
3 151 152 142
3 152 177 142
3 143 166 165
3 143 167 166
3 143 168 167
3 144 176 172
3 172 185 144
3 174 176 144
3 145 196 171
3 185 189 145
3 189 196 145
3 146 161 150
3 146 188 161
3 164 188 146
3 147 171 163
3 163 186 147
3 147 186 169
3 148 175 174
3 148 181 175
3 148 193 181
3 173 179 149
3 179 182 149
3 182 194 149
3 150 161 151
3 151 153 152
3 151 155 153
3 151 161 155
3 153 154 152
3 154 178 152
3 152 178 177
3 153 156 154
3 155 170 153
3 153 170 156
3 156 157 154
3 157 158 154
3 158 178 154
3 161 162 155
3 162 163 155
3 163 170 155
3 156 172 157
3 170 189 156
3 156 189 172
3 157 159 158
3 157 176 159
3 172 176 157
3 159 160 158
3 160 180 158
3 158 180 178
3 159 183 160
3 176 195 159
3 159 195 183
3 179 180 160
3 160 184 179
3 183 184 160
3 161 188 162
3 162 186 163
3 166 167 162
3 162 188 166
3 167 186 162
3 163 196 170
3 171 196 163
3 165 166 164
3 164 191 165
3 166 188 164
3 168 169 167
3 169 186 167
3 168 190 169
3 170 196 189
3 172 189 185
3 173 180 179
3 175 176 174
3 175 195 176
3 181 187 175
3 187 195 175
3 179 184 182
3 181 197 187
3 184 192 182
3 183 195 187
3 0 233 18
3 30 233 0
3 1 21 35
3 2 231 22
3 44 231 2
3 43 232 3
3 3 232 46
3 18 227 19
3 18 233 227
3 19 198 20
3 19 227 198
3 20 237 21
3 198 237 20
3 21 207 35
3 21 237 207
3 22 204 23
3 22 231 204
3 23 211 24
3 204 211 23
3 24 234 25
3 211 234 24
3 25 200 26
3 25 234 200
3 26 221 27
3 200 221 26
3 27 199 28
3 27 221 199
3 28 214 29
3 199 214 28
3 29 206 30
3 29 214 206
3 206 233 30
3 35 238 36
3 207 238 35
3 36 203 37
3 36 238 203
3 37 224 38
3 203 224 37
3 38 202 39
3 38 224 202
3 39 223 40
3 202 223 39
3 40 220 41
3 40 223 220
3 41 201 42
3 41 220 201
3 42 208 43
3 201 208 42
3 208 232 43
3 45 225 44
3 225 231 44
3 46 205 45
3 205 225 45
3 46 232 205
3 198 227 219
3 219 235 198
3 235 237 198
3 199 215 214
3 199 216 215
3 199 221 216
3 200 234 212
3 212 236 200
3 200 222 221
3 200 236 222
3 201 209 208
3 201 210 209
3 201 220 210
3 202 230 223
3 224 226 202
3 226 230 202
3 203 218 217
3 217 224 203
3 203 229 218
3 203 238 229
3 209 211 204
3 204 228 209
3 225 228 204
3 204 231 225
3 208 228 205
3 205 232 208
3 205 228 225
3 214 219 206
3 219 227 206
3 227 233 206
3 207 237 229
3 229 238 207
3 209 228 208
3 210 211 209
3 210 212 211
3 210 213 212
3 210 220 213
3 212 234 211
3 213 236 212
3 220 223 213
3 223 230 213
3 230 236 213
3 215 219 214
3 216 217 215
3 217 218 215
3 218 219 215
3 216 226 217
3 221 222 216
3 222 226 216
3 217 226 224
3 218 235 219
3 229 235 218
3 222 230 226
3 222 236 230
3 229 237 235
3 44 2 31
3 34 3 46
3 32 240 31
3 31 240 44
3 33 239 32
3 239 240 32
3 34 239 33
3 46 239 34
3 44 240 45
3 45 239 46
3 45 240 239
3 7 0 55
3 7 242 0
3 12 244 0
3 0 242 18
3 55 0 56
3 0 244 56
3 1 5 4
3 4 64 1
3 1 246 5
3 1 64 17
3 21 246 1
3 4 5 47
3 47 5 65
3 5 246 68
3 51 50 6
3 6 50 67
3 6 72 51
3 55 243 7
3 71 242 7
3 7 243 74
3 12 13 58
3 57 12 58
3 57 244 12
3 13 14 59
3 58 13 59
3 14 15 60
3 59 14 60
3 16 241 15
3 60 15 61
3 15 241 61
3 17 63 16
3 16 63 62
3 62 241 16
3 17 64 63
3 18 247 19
3 18 242 71
3 71 247 18
3 19 248 20
3 19 247 70
3 70 248 19
3 20 249 21
3 20 248 69
3 69 249 20
3 68 246 21
3 21 249 68
3 48 47 65
3 49 48 66
3 66 48 65
3 50 49 67
3 67 49 66
3 51 72 52
3 52 250 53
3 72 250 52
3 53 245 54
3 73 245 53
3 53 250 73
3 54 243 55
3 74 243 54
3 54 245 74
3 56 244 57
3 61 241 62
3 68 249 69
3 69 248 70
3 70 247 71
3 73 250 72
3 74 245 73
3 47 603 4
3 4 602 64
3 81 602 4
3 4 603 81
3 8 597 75
3 80 596 8
3 8 596 105
3 105 597 8
3 48 278 47
3 278 603 47
3 49 552 48
3 48 552 278
3 50 265 49
3 265 552 49
3 51 585 50
3 50 585 265
3 52 607 51
3 51 607 585
3 53 260 52
3 260 607 52
3 54 558 53
3 53 558 260
3 55 275 54
3 275 558 54
3 56 559 55
3 55 559 275
3 57 259 56
3 259 559 56
3 58 595 57
3 57 595 259
3 59 564 58
3 564 595 58
3 60 263 59
3 263 564 59
3 61 614 60
3 60 614 263
3 62 555 61
3 555 614 61
3 63 274 62
3 274 555 62
3 64 567 63
3 63 567 274
3 64 602 567
3 75 284 76
3 75 597 284
3 76 273 77
3 76 284 273
3 77 456 78
3 273 456 77
3 78 277 79
3 78 456 277
3 79 477 80
3 277 477 79
3 477 596 80
3 82 279 81
3 81 568 82
3 279 602 81
3 81 603 568
3 82 276 83
3 83 492 82
3 82 568 276
3 82 492 279
3 84 272 83
3 83 512 84
3 272 492 83
3 276 512 83
3 84 262 85
3 85 488 84
3 84 512 262
3 84 488 272
3 86 258 85
3 85 506 86
3 258 488 85
3 262 506 85
3 87 472 86
3 86 505 87
3 86 472 258
3 86 506 505
3 87 255 88
3 88 471 87
3 87 505 255
3 471 472 87
3 89 253 88
3 88 502 89
3 253 471 88
3 255 502 88
3 89 269 90
3 90 499 89
3 89 499 253
3 89 502 269
3 91 267 90
3 90 572 91
3 267 499 90
3 269 572 90
3 91 257 92
3 92 283 91
3 91 572 257
3 91 283 267
3 93 254 92
3 92 582 93
3 254 283 92
3 257 582 92
3 93 498 94
3 94 553 93
3 93 553 254
3 93 582 498
3 94 256 95
3 95 500 94
3 94 498 256
3 500 553 94
3 96 271 95
3 95 494 96
3 256 494 95
3 271 500 95
3 96 282 97
3 97 467 96
3 96 467 271
3 96 494 282
3 97 251 98
3 98 270 97
3 97 282 251
3 270 467 97
3 99 501 98
3 98 543 99
3 251 543 98
3 98 501 270
3 100 266 99
3 99 489 100
3 266 501 99
3 99 543 489
3 100 268 101
3 101 281 100
3 100 281 266
3 100 489 268
3 102 252 101
3 101 481 102
3 252 281 101
3 268 481 101
3 102 261 103
3 103 478 102
3 102 478 252
3 102 481 261
3 104 264 103
3 103 588 104
3 261 588 103
3 264 478 103
3 104 280 105
3 105 476 104
3 104 476 264
3 104 588 280
3 280 597 105
3 105 596 476
3 282 299 251
3 299 300 251
3 300 543 251
3 252 288 281
3 252 438 288
3 252 478 438
3 470 471 253
3 253 484 470
3 253 499 484
3 254 315 283
3 254 316 315
3 254 553 316
3 444 502 255
3 255 573 444
3 505 573 255
3 256 554 494
3 498 591 256
3 256 591 554
3 447 504 257
3 257 572 447
3 257 504 450
3 450 582 257
3 258 473 461
3 461 488 258
3 472 473 258
3 431 559 259
3 259 565 431
3 435 565 259
3 259 595 435
3 440 442 260
3 260 449 440
3 442 607 260
3 260 558 449
3 481 483 261
3 483 610 261
3 261 610 588
3 262 598 506
3 512 601 262
3 536 598 262
3 262 601 536
3 557 577 263
3 263 614 557
3 263 577 564
3 476 579 264
3 264 589 478
3 579 589 264
3 479 574 265
3 265 585 479
3 265 574 552
3 281 457 266
3 457 458 266
3 458 501 266
3 283 462 267
3 462 463 267
3 463 499 267
3 268 482 481
3 268 560 482
3 489 560 268
3 502 569 269
3 569 609 269
3 269 609 572
3 466 467 270
3 270 468 466
3 270 501 468
3 271 467 465
3 465 566 271
3 271 566 500
3 272 491 454
3 454 492 272
3 488 491 272
3 284 285 273
3 285 286 273
3 286 456 273
3 274 567 455
3 455 590 274
3 274 590 555
3 275 575 558
3 559 592 275
3 275 592 575
3 276 550 512
3 276 599 550
3 568 599 276
3 277 561 448
3 448 611 277
3 456 561 277
3 277 611 477
3 278 552 551
3 551 599 278
3 278 599 568
3 568 603 278
3 279 492 455
3 455 567 279
3 567 602 279
3 280 285 284
3 284 597 280
3 280 451 285
3 280 588 451
3 288 457 281
3 282 495 299
3 494 495 282
3 315 462 283
3 285 287 286
3 285 451 287
3 287 289 286
3 289 561 286
3 286 561 456
3 287 290 289
3 287 453 290
3 451 453 287
3 438 460 288
3 288 475 457
3 460 475 288
3 290 291 289
3 291 293 289
3 293 561 289
3 290 292 291
3 290 295 292
3 290 453 295
3 292 490 291
3 291 294 293
3 291 490 294
3 295 296 292
3 296 297 292
3 297 490 292
3 294 446 293
3 446 448 293
3 448 561 293
3 294 605 446
3 294 490 460
3 460 605 294
3 295 578 296
3 453 483 295
3 483 578 295
3 296 298 297
3 296 305 298
3 296 578 305
3 298 306 297
3 306 309 297
3 309 490 297
3 305 584 298
3 298 307 306
3 298 584 307
3 299 301 300
3 299 302 301
3 299 495 302
3 301 303 300
3 303 421 300
3 421 543 300
3 302 525 301
3 301 304 303
3 301 525 304
3 495 496 302
3 496 497 302
3 497 525 302
3 304 437 303
3 303 459 421
3 437 459 303
3 304 570 437
3 525 608 304
3 304 608 570
3 459 584 305
3 305 600 459
3 578 600 305
3 307 308 306
3 308 548 306
3 306 548 309
3 307 310 308
3 307 570 310
3 307 584 570
3 310 311 308
3 311 397 308
3 397 548 308
3 309 475 460
3 460 490 309
3 309 548 475
3 310 312 311
3 310 439 312
3 310 570 439
3 312 313 311
3 313 594 311
3 311 594 397
3 312 314 313
3 312 528 314
3 439 528 312
3 314 321 313
3 321 616 313
3 469 594 313
3 313 616 469
3 314 322 321
3 314 323 322
3 314 528 323
3 316 317 315
3 317 480 315
3 315 480 462
3 316 318 317
3 316 423 318
3 316 553 423
3 318 319 317
3 319 320 317
3 320 480 317
3 318 593 319
3 423 580 318
3 580 593 318
3 319 325 320
3 319 398 325
3 319 593 398
3 325 326 320
3 326 539 320
3 320 539 480
3 322 390 321
3 390 404 321
3 404 616 321
3 323 324 322
3 324 533 322
3 322 533 390
3 323 327 324
3 323 383 327
3 323 528 383
3 327 328 324
3 328 532 324
3 532 533 324
3 325 329 326
3 325 474 329
3 398 474 325
3 329 330 326
3 330 331 326
3 331 539 326
3 327 368 328
3 327 524 368
3 383 524 327
3 368 369 328
3 369 414 328
3 414 532 328
3 329 343 330
3 329 452 343
3 329 474 452
3 330 332 331
3 330 515 332
3 343 515 330
3 332 333 331
3 333 538 331
3 538 539 331
3 332 334 333
3 332 342 334
3 332 515 342
3 334 335 333
3 335 387 333
3 387 538 333
3 334 336 335
3 334 520 336
3 342 520 334
3 336 337 335
3 337 486 335
3 335 486 387
3 336 338 337
3 336 519 338
3 336 520 519
3 338 339 337
3 339 366 337
3 366 486 337
3 338 340 339
3 338 341 340
3 338 519 341
3 340 523 339
3 339 379 366
3 339 523 379
3 341 344 340
3 344 346 340
3 346 523 340
3 341 345 344
3 341 541 345
3 519 541 341
3 515 526 342
3 342 531 520
3 526 531 342
3 452 583 343
3 343 516 515
3 343 583 516
3 345 347 344
3 344 493 346
3 347 493 344
3 345 348 347
3 345 349 348
3 345 541 349
3 493 537 346
3 522 523 346
3 346 537 522
3 348 373 347
3 373 374 347
3 374 493 347
3 349 350 348
3 350 503 348
3 348 503 373
3 349 351 350
3 349 380 351
3 349 541 380
3 351 352 350
3 352 361 350
3 361 503 350
3 351 353 352
3 351 542 353
3 380 542 351
3 353 354 352
3 354 534 352
3 352 534 361
3 353 355 354
3 353 358 355
3 353 542 358
3 355 356 354
3 356 357 354
3 357 534 354
3 355 513 356
3 358 359 355
3 359 513 355
3 356 364 357
3 356 367 364
3 356 513 367
3 364 365 357
3 365 518 357
3 518 534 357
3 358 360 359
3 358 529 360
3 358 542 529
3 360 362 359
3 362 514 359
3 359 514 513
3 360 363 362
3 360 389 363
3 360 529 389
3 361 510 503
3 361 540 510
3 534 540 361
3 363 375 362
3 375 378 362
3 378 514 362
3 363 586 375
3 389 418 363
3 418 586 363
3 364 377 365
3 367 508 364
3 364 508 377
3 377 381 365
3 381 388 365
3 388 518 365
3 379 395 366
3 395 396 366
3 396 486 366
3 485 509 367
3 367 513 485
3 367 509 508
3 368 370 369
3 368 376 370
3 368 524 376
3 370 371 369
3 371 571 369
3 369 571 414
3 370 372 371
3 370 517 372
3 376 517 370
3 372 384 371
3 384 425 371
3 425 571 371
3 372 385 384
3 372 386 385
3 372 517 386
3 373 411 374
3 373 413 411
3 373 503 413
3 411 412 374
3 412 424 374
3 424 493 374
3 375 391 378
3 375 606 391
3 586 606 375
3 376 581 517
3 524 615 376
3 544 581 376
3 376 615 544
3 377 382 381
3 377 400 382
3 377 508 400
3 391 402 378
3 402 403 378
3 403 514 378
3 379 399 395
3 379 405 399
3 379 523 405
3 521 530 380
3 380 541 521
3 530 542 380
3 382 511 381
3 381 393 388
3 381 511 393
3 400 415 382
3 415 416 382
3 416 511 382
3 383 587 524
3 528 535 383
3 535 587 383
3 385 549 384
3 384 604 425
3 549 604 384
3 386 392 385
3 392 433 385
3 433 549 385
3 386 394 392
3 386 401 394
3 386 517 401
3 486 487 387
3 487 527 387
3 527 538 387
3 393 440 388
3 440 441 388
3 441 518 388
3 389 419 418
3 389 420 419
3 389 529 420
3 390 417 404
3 390 436 417
3 390 533 436
3 391 443 402
3 434 443 391
3 391 606 434
3 394 504 392
3 392 434 433
3 392 504 434
3 393 442 440
3 393 479 442
3 393 511 479
3 401 426 394
3 426 450 394
3 450 504 394
3 395 422 396
3 399 473 395
3 395 473 422
3 422 470 396
3 470 487 396
3 396 487 486
3 397 576 548
3 563 576 397
3 397 594 563
3 398 532 474
3 398 612 532
3 593 612 398
3 405 406 399
3 406 461 399
3 461 473 399
3 400 536 415
3 508 545 400
3 400 545 536
3 401 427 426
3 401 581 427
3 517 581 401
3 402 444 403
3 443 569 402
3 402 569 444
3 444 445 403
3 445 485 403
3 485 514 403
3 417 465 404
3 465 466 404
3 466 616 404
3 405 407 406
3 405 522 407
3 405 523 522
3 407 408 406
3 408 491 406
3 406 491 461
3 407 409 408
3 407 410 409
3 407 522 410
3 409 429 408
3 429 454 408
3 454 491 408
3 410 428 409
3 428 556 409
3 409 556 429
3 410 546 428
3 522 537 410
3 537 546 410
3 411 565 412
3 413 431 411
3 431 565 411
3 412 430 424
3 412 435 430
3 412 565 435
3 413 432 431
3 413 510 432
3 503 510 413
3 452 474 414
3 414 571 452
3 474 532 414
3 415 550 416
3 536 601 415
3 415 601 550
3 416 574 511
3 550 551 416
3 551 574 416
3 436 580 417
3 417 566 465
3 417 580 566
3 419 562 418
3 549 586 418
3 418 604 549
3 562 604 418
3 420 526 419
3 419 526 516
3 516 562 419
3 420 531 526
3 529 530 420
3 530 531 420
3 459 560 421
3 489 543 421
3 421 560 489
3 422 471 470
3 422 472 471
3 422 473 472
3 423 553 500
3 500 566 423
3 566 580 423
3 430 546 424
3 424 537 493
3 424 546 537
3 562 583 425
3 425 604 562
3 425 583 571
3 427 591 426
3 426 498 450
3 426 591 498
3 554 591 427
3 427 613 554
3 581 613 427
3 546 577 428
3 428 557 556
3 428 577 557
3 429 455 454
3 429 590 455
3 556 590 429
3 435 564 430
3 430 577 546
3 564 577 430
3 432 592 431
3 431 592 559
3 510 547 432
3 547 575 432
3 575 592 432
3 434 606 433
3 433 586 549
3 433 606 586
3 434 447 443
3 434 504 447
3 435 595 564
3 533 612 436
3 436 593 580
3 436 612 593
3 437 584 459
3 570 584 437
3 438 605 460
3 478 589 438
3 589 605 438
3 439 535 528
3 439 608 535
3 570 608 439
3 440 449 441
3 449 547 441
3 441 540 518
3 441 547 540
3 479 585 442
3 585 607 442
3 447 609 443
3 443 609 569
3 444 573 445
3 444 569 502
3 445 509 485
3 445 617 509
3 573 617 445
3 446 579 448
3 446 589 579
3 446 605 589
3 572 609 447
3 579 611 448
3 449 575 547
3 558 575 449
3 498 582 450
3 451 610 453
3 588 610 451
3 571 583 452
3 453 610 483
3 455 492 454
3 457 576 458
3 475 576 457
3 468 501 458
3 458 563 468
3 458 576 563
3 459 600 560
3 461 491 488
3 462 464 463
3 462 480 464
3 464 527 463
3 484 499 463
3 463 527 484
3 480 539 464
3 464 538 527
3 464 539 538
3 465 467 466
3 468 469 466
3 469 616 466
3 468 563 469
3 563 594 469
3 484 487 470
3 548 576 475
3 476 596 477
3 477 611 476
3 476 611 579
3 511 574 479
3 482 483 481
3 482 578 483
3 560 600 482
3 482 600 578
3 484 527 487
3 513 514 485
3 494 554 495
3 495 554 496
3 496 544 497
3 496 613 544
3 554 613 496
3 497 587 525
3 544 615 497
3 497 615 587
3 506 507 505
3 507 573 505
3 506 598 507
3 507 598 545
3 545 617 507
3 507 617 573
3 509 545 508
3 509 617 545
3 540 547 510
3 550 601 512
3 516 526 515
3 516 583 562
3 518 540 534
3 520 521 519
3 521 541 519
3 520 531 521
3 521 531 530
3 587 615 524
3 525 587 535
3 535 608 525
3 529 542 530
3 532 612 533
3 545 598 536
3 544 613 581
3 550 599 551
3 552 574 551
3 556 557 555
3 555 590 556
3 557 614 555
3 65 5 644
3 5 114 644
3 6 67 643
3 117 6 643
3 106 9 640
3 9 115 640
3 116 10 642
3 10 125 642
3 66 65 623
3 623 65 644
3 67 66 633
3 66 623 633
3 67 633 643
3 107 106 637
3 637 106 640
3 108 107 635
3 635 107 637
3 109 108 621
3 621 108 635
3 110 109 628
3 109 621 628
3 111 110 619
3 619 110 628
3 112 111 629
3 111 619 629
3 113 112 618
3 618 112 629
3 114 113 634
3 113 618 634
3 114 634 644
3 115 116 622
3 115 622 640
3 622 116 642
3 118 117 620
3 620 117 643
3 119 118 627
3 118 620 627
3 120 119 624
3 624 119 627
3 121 120 630
3 120 624 630
3 122 121 625
3 625 121 630
3 123 122 632
3 122 625 632
3 124 123 626
3 626 123 632
3 125 124 631
3 124 626 631
3 125 631 642
3 618 629 638
3 634 618 636
3 636 618 638
3 619 628 641
3 629 619 639
3 639 619 641
3 627 620 636
3 620 633 636
3 633 620 643
3 621 626 632
3 626 621 635
3 628 621 645
3 621 632 645
3 622 631 637
3 631 622 642
3 622 637 640
3 633 623 636
3 623 634 636
3 634 623 644
3 624 627 638
3 630 624 639
3 624 638 639
3 625 630 641
3 632 625 645
3 625 641 645
3 631 626 635
3 627 636 638
3 641 628 645
3 638 629 639
3 630 639 641
3 631 635 637
3 5 68 681
3 114 5 681
3 7 126 71
3 9 106 679
3 135 9 679
3 134 11 680
3 11 137 680
3 68 69 675
3 68 675 681
3 69 70 646
3 69 646 675
3 70 71 685
3 646 70 685
3 71 126 655
3 71 655 685
3 106 107 652
3 106 652 679
3 107 108 659
3 652 107 659
3 108 109 682
3 659 108 682
3 109 110 648
3 109 648 682
3 110 111 669
3 648 110 669
3 111 112 647
3 111 647 669
3 112 113 662
3 647 112 662
3 113 114 654
3 113 654 662
3 654 114 681
3 126 127 686
3 655 126 686
3 127 128 651
3 127 651 686
3 128 129 672
3 651 128 672
3 129 130 650
3 129 650 672
3 130 131 671
3 650 130 671
3 131 132 668
3 131 668 671
3 132 133 649
3 132 649 668
3 133 134 656
3 649 133 656
3 656 134 680
3 136 135 673
3 673 135 679
3 137 136 653
3 653 136 673
3 137 653 680
3 646 667 675
3 667 646 683
3 683 646 685
3 647 662 663
3 647 663 664
3 647 664 669
3 648 660 682
3 660 648 684
3 648 669 670
3 648 670 684
3 649 656 657
3 649 657 658
3 649 658 668
3 650 671 678
3 672 650 674
3 674 650 678
3 651 665 666
3 665 651 672
3 651 666 677
3 651 677 686
3 657 652 659
3 652 657 676
3 673 652 676
3 652 673 679
3 656 653 676
3 653 656 680
3 653 673 676
3 662 654 667
3 667 654 675
3 675 654 681
3 655 677 685
3 677 655 686
3 657 656 676
3 658 657 659
3 658 659 660
3 658 660 661
3 658 661 668
3 660 659 682
3 661 660 684
3 668 661 671
3 671 661 678
3 678 661 684
3 663 662 667
3 664 663 665
3 665 663 666
3 666 663 667
3 664 665 674
3 669 664 670
3 670 664 674
3 665 672 674
3 666 667 683
3 677 666 683
3 670 674 678
3 670 678 684
3 677 683 685
3 72 6 712
3 6 117 712
3 7 74 713
3 126 7 713
3 125 10 711
3 10 138 711
3 11 134 709
3 139 11 709
3 73 72 702
3 702 72 712
3 74 73 692
3 692 73 702
3 74 692 713
3 117 118 689
3 117 689 712
3 118 119 696
3 689 118 696
3 119 120 693
3 119 693 696
3 120 121 699
3 693 120 699
3 121 122 694
3 121 694 699
3 122 123 701
3 694 122 701
3 123 124 695
3 123 695 701
3 124 125 700
3 695 124 700
3 700 125 711
3 127 126 703
3 703 126 713
3 128 127 687
3 687 127 703
3 129 128 698
3 128 687 698
3 130 129 688
3 688 129 698
3 131 130 697
3 130 688 697
3 132 131 690
3 690 131 697
3 133 132 704
3 132 690 704
3 134 133 706
3 133 704 706
3 134 706 709
3 138 139 691
3 138 691 711
3 691 139 709
3 698 687 707
3 687 703 705
3 687 705 707
3 697 688 710
3 688 698 708
3 688 708 710
3 689 696 705
3 702 689 705
3 689 702 712
3 695 690 701
3 690 695 704
3 690 697 714
3 701 690 714
3 700 691 706
3 691 700 711
3 706 691 709
3 692 702 705
3 703 692 705
3 692 703 713
3 696 693 707
3 693 699 708
3 707 693 708
3 699 694 710
3 694 701 714
3 710 694 714
3 695 700 704
3 705 696 707
3 697 710 714
3 698 707 708
3 708 699 710
3 704 700 706
3 75 715 8
3 8 715 80
3 76 715 75
3 77 715 76
3 78 715 77
3 79 715 78
3 80 715 79
3 135 115 9
3 10 116 716
3 138 10 717
3 10 716 717
3 137 11 139
3 116 115 718
3 115 135 718
3 716 116 718
3 135 136 716
3 135 716 718
3 136 137 717
3 716 136 717
3 137 139 717
3 139 138 717
4 44 137 2 726
4 315 730 727 742
4 299 282 251 721
4 44 2 725 726
4 299 721 251 739
4 489 722 100 723
4 100 722 266 723
4 315 254 727 730
4 298 307 722 723
4 306 722 307 723
4 535 383 587 729
4 583 725 2 726
4 548 722 306 723
4 535 587 721 729
4 716 718 116 724
4 468 733 722 739
4 528 729 721 748
4 254 727 730 743
4 298 306 307 723
4 2 137 11 726
4 308 306 548 722
4 266 722 457 723
4 560 722 489 723
4 581 741 740 747
4 314 528 721 748
4 501 468 722 739
4 369 734 731 756
4 317 730 315 742
4 731 747 369 756
4 583 2 11 726
4 394 741 737 743
4 721 733 270 739
4 447 116 718 724
4 459 722 560 723
4 303 722 437 751
4 581 731 741 747
4 307 306 308 722
4 469 721 616 733
4 100 489 99 722
4 251 282 97 721
4 100 99 266 722
4 312 721 528 733
4 282 732 721 749
4 251 721 97 739
4 721 739 299 751
4 298 307 584 722
4 115 724 718 754
4 371 726 737 745
4 312 314 528 721
4 721 729 587 749
4 318 730 317 746
4 298 722 584 723
4 716 724 116 755
4 312 314 721 733
4 528 733 721 751
4 371 737 731 745
4 282 721 299 749
4 727 730 719 742
4 730 742 317 746
4 548 576 722 723
4 303 739 722 751
4 2 583 343 725
4 394 731 737 741
4 315 727 480 742
4 44 137 726 744
4 457 722 576 723
4 372 731 371 737
4 458 501 468 722
4 563 722 468 733
4 401 394 731 737
4 371 726 384 737
4 314 721 313 748
4 313 721 314 733
4 437 722 570 751
4 528 721 535 751
4 401 731 394 741
4 44 726 725 744
4 600 459 560 723
4 584 722 459 723
4 516 2 11 583
4 600 305 459 723
4 270 721 466 733
4 328 369 747 756
4 525 535 587 721
4 731 734 369 745
4 401 731 386 737
4 458 457 266 722
4 439 733 528 751
4 115 447 718 724
4 100 268 489 723
4 401 386 394 737
4 96 721 282 732
4 581 427 740 741
4 591 740 741 752
4 315 317 316 730
4 266 281 100 723
4 308 548 397 722
4 584 459 305 723
4 721 732 467 748
4 469 466 616 721
4 560 421 489 722
4 740 741 720 747
4 317 315 480 742
4 719 730 727 743
4 97 721 270 739
4 719 737 741 743
4 563 458 468 722
4 560 489 268 723
4 283 727 254 743
4 372 371 384 737
4 310 308 311 722
4 283 315 254 727
4 466 721 469 733
4 528 323 383 729
4 394 450 741 743
4 525 721 587 749
4 368 369 731 747
4 266 457 281 723
4 535 721 525 751
4 32 240 31 725
4 722 733 570 751
4 459 421 560 722
4 310 722 311 733
4 308 397 311 722
4 439 312 528 733
4 719 737 731 741
4 504 737 724 743
4 465 467 732 748
4 311 722 397 733
4 731 720 741 747
4 581 731 401 741
4 616 721 466 748
4 371 731 369 745
4 99 489 543 722
4 394 737 504 743
4 480 742 727 750
4 489 421 543 722
4 468 270 466 733
4 299 749 721 751
4 304 303 437 751
4 566 465 732 738
4 310 307 308 722
4 467 721 96 732
4 31 44 2 725
4 11 562 583 726
4 369 734 414 745
4 397 548 576 722
4 270 733 468 739
4 303 459 437 722
4 439 528 535 751
4 458 576 457 722
4 368 328 369 747
4 732 738 465 748
4 97 282 96 721
4 116 724 434 755
4 468 466 469 733
4 591 256 740 752
4 725 726 583 745
4 368 369 370 731
4 615 729 740 749
4 591 740 427 741
4 266 99 501 722
4 566 738 732 752
4 99 501 722 739
4 566 746 738 752
4 570 722 310 733
4 313 469 616 733
4 93 730 741 743
4 303 421 722 739
4 93 741 582 743
4 315 316 254 730
4 525 721 749 751
4 397 722 563 733
4 319 742 734 746
4 31 2 343 725
4 316 317 318 730
4 314 313 321 748
4 99 722 543 739
4 615 740 497 749
4 615 497 729 749
4 303 421 459 722
4 45 727 46 744
4 517 581 376 731
4 313 616 321 748
4 497 587 729 749
4 581 376 731 747
4 240 725 32 750
4 368 731 370 747
4 93 730 94 741
4 543 722 421 739
4 266 501 458 722
4 734 742 730 746
4 516 343 2 583
4 460 723 753 757
4 94 741 730 752
4 581 401 427 741
4 116 10 716 755
4 423 746 566 752
4 304 437 570 751
4 137 139 11 726
4 727 743 283 754
4 732 740 256 752
4 294 291 293 735
4 615 497 587 729
4 34 462 727 750
4 294 728 291 735
4 270 97 467 721
4 97 96 467 721
4 594 311 397 733
4 281 100 723 757
4 460 475 723 757
4 281 101 100 757
4 466 721 467 748
4 239 46 45 727
4 581 517 401 731
4 310 570 307 722
4 446 728 294 735
4 256 732 494 740
4 270 467 466 721
4 731 720 747 756
4 312 313 314 733
4 291 728 290 735
4 612 746 734 756
4 731 734 720 756
4 446 589 605 728
4 34 3 46 727
4 329 742 725 745
4 594 397 563 733
4 548 475 576 723
4 727 744 45 750
4 724 737 392 755
4 722 739 733 751
4 450 394 504 743
4 501 270 468 739
4 447 724 115 754
4 566 417 465 738
4 482 753 723 757
4 322 729 323 748
4 136 45 46 744
4 446 605 294 728
4 423 553 730 752
4 34 464 462 750
4 298 584 305 723
4 423 730 746 752
4 446 294 293 735
4 447 434 116 724
4 589 728 446 735
4 580 738 566 746
4 560 482 600 723
4 437 459 584 722
4 309 460 723 753
4 434 724 392 755
4 46 135 744 754
4 34 267 3 727
4 729 738 322 756
4 261 610 728 735
4 478 103 728 735
4 718 716 135 724
4 93 254 730 743
4 560 268 482 723
4 288 723 475 757
4 571 371 369 745
4 322 323 314 748
4 417 465 738 748
4 11 516 583 562
4 371 425 726 745
4 261 728 103 735
4 31 343 330 725
4 588 610 103 735
4 437 584 570 722
4 482 723 268 757
4 369 371 370 731
4 297 306 298 723
4 392 724 504 737
4 482 483 753 757
4 91 283 743 754
4 31 240 44 725
4 494 740 732 749
4 494 732 282 749
4 425 384 371 726
4 591 256 554 740
4 135 136 46 744
4 322 738 729 748
4 239 727 45 750
4 267 34 462 727
4 45 744 240 750
4 261 103 610 735
4 719 727 725 744
4 136 744 724 755
4 727 742 725 750
4 296 298 305 723
4 136 724 716 755
4 719 741 730 743
4 475 457 576 723
4 239 34 46 727
4 720 731 730 734
4 309 460 475 723
4 439 570 733 751
4 283 254 92 743
4 731 737 719 745
4 137 717 139 755
4 566 465 271 732
4 103 588 261 610
4 566 732 271 752
4 719 731 730 741
4 525 587 497 749
4 548 306 309 723
4 307 570 584 722
4 427 613 581 740
4 718 724 135 754
4 453 290 728 735
4 725 727 719 742
4 115 116 718 447
4 135 724 136 744
4 46 744 727 754
4 615 740 729 747
4 554 256 494 740
4 730 731 719 734
4 137 139 726 755
4 478 728 589 735
4 604 726 139 755
4 730 731 720 741
4 562 139 604 726
4 517 386 401 731
4 93 553 94 730
4 738 746 612 756
4 324 729 322 756
4 583 343 725 745
4 570 310 439 733
4 423 580 566 746
4 139 562 11 726
4 610 453 728 735
4 329 474 742 745
4 94 730 553 752
4 34 727 239 750
4 401 394 426 741
4 372 386 731 737
4 466 467 465 748
4 33 464 34 750
4 135 724 744 754
4 289 291 290 735
4 398 734 612 746
4 297 723 298 753
4 296 298 723 753
4 566 271 500 752
4 297 309 306 723
4 46 727 3 754
4 465 467 271 732
4 504 392 434 724
4 257 724 447 754
4 582 741 450 743
4 93 94 498 741
4 326 725 329 742
4 300 299 739 751
4 460 288 475 757
4 302 749 299 751
4 728 753 483 757
4 323 322 324 729
4 372 370 371 731
4 3 727 267 754
4 533 322 738 756
4 370 731 376 747
4 720 741 740 752
4 267 727 283 754
4 554 740 494 749
4 439 608 570 751
4 136 717 744 755
4 116 434 10 755
4 729 732 720 740
4 578 723 482 753
4 91 283 92 743
4 240 744 725 750
4 384 726 385 737
4 385 737 726 755
4 475 548 309 723
4 725 744 727 750
4 720 732 729 738
4 593 398 612 746
4 478 264 103 735
4 320 742 480 750
4 240 44 725 744
4 257 504 724 743
4 716 136 135 724
4 93 498 582 741
4 423 730 316 746
4 115 718 135 754
4 386 517 372 731
4 292 290 291 728
4 612 738 436 746
4 725 742 326 750
4 317 480 320 742
4 300 739 303 751
4 423 566 500 752
4 426 394 450 741
4 480 315 462 727
4 281 457 288 723
4 385 726 384 755
4 571 369 414 745
4 460 753 728 757
4 494 96 282 732
4 482 481 483 757
4 581 740 544 747
4 303 300 421 739
4 719 724 727 744
4 257 743 724 754
4 452 725 343 745
4 240 45 44 744
4 591 554 427 740
4 726 719 737 745
4 370 517 376 731
4 286 287 285 735
4 305 578 296 723
4 451 735 280 736
4 102 728 481 757
4 296 297 298 753
4 326 329 325 742
4 480 727 462 750
4 717 136 716 755
4 451 285 735 736
4 478 589 264 735
4 33 34 239 750
4 137 136 717 744
4 398 734 319 742
4 316 730 318 746
4 600 482 578 723
4 95 732 256 752
4 99 98 501 739
4 478 103 102 728
4 532 612 734 756
4 102 252 478 728
4 309 723 297 753
4 553 316 423 730
4 288 281 723 757
4 252 728 102 757
4 286 735 285 736
4 481 482 268 757
4 291 490 292 728
4 93 92 254 743
4 497 740 496 749
4 734 742 474 745
4 325 329 474 742
4 724 719 726 744
4 320 326 742 750
4 583 562 425 726
4 257 504 447 724
4 329 343 452 725
4 578 296 723 753
4 293 291 289 735
4 475 288 457 723
4 325 734 398 742
4 532 734 414 756
4 578 482 483 753
4 383 524 587 729
4 305 600 578 723
4 261 481 102 728
4 325 398 319 742
4 423 316 318 746
4 524 615 587 729
4 725 726 719 744
4 563 468 469 733
4 535 608 439 751
4 451 280 285 736
4 95 494 256 732
4 417 566 580 738
4 372 384 385 737
4 724 726 719 737
4 495 282 299 749
4 91 267 283 754
4 481 728 483 757
4 329 725 452 745
4 733 739 721 751
4 724 737 719 743
4 103 261 102 728
4 615 544 497 740
4 533 738 612 756
4 394 392 504 737
4 323 324 327 729
4 544 496 497 740
4 300 299 251 739
4 453 287 290 735
4 533 324 322 756
4 300 301 299 751
4 460 728 438 757
4 390 738 322 748
4 291 294 490 728
4 292 728 490 753
4 525 749 302 751
4 732 738 720 752
4 498 741 94 752
4 719 727 724 743
4 292 295 290 728
4 579 448 611 736
4 504 434 447 724
4 579 735 448 736
4 480 462 464 750
4 467 96 271 732
4 563 469 594 733
4 583 726 425 745
4 267 462 283 727
4 615 729 524 747
4 384 726 604 755
4 533 322 390 738
4 719 734 731 745
4 423 500 553 752
4 729 732 721 748
4 583 452 343 745
4 730 734 719 742
4 501 98 270 739
4 330 329 326 725
4 490 728 460 753
4 588 280 451 735
4 310 312 439 733
4 295 483 728 753
4 426 427 401 741
4 417 404 465 748
4 532 612 398 734
4 139 138 549 755
4 301 300 303 751
4 283 462 315 727
4 727 744 724 754
4 579 476 735 736
4 572 447 115 754
4 271 732 95 752
4 280 735 104 736
4 324 327 729 756
4 605 460 294 728
4 460 490 294 728
4 325 474 734 742
4 287 289 290 735
4 45 136 44 744
4 476 104 735 736
4 343 329 330 725
4 383 323 327 729
4 721 732 729 749
4 553 93 254 730
4 494 282 495 749
4 44 136 137 744
4 615 544 740 747
4 593 318 319 746
4 286 561 735 736
4 286 289 287 735
4 295 453 290 728
4 582 498 450 741
4 738 746 720 752
4 483 481 261 728
4 273 284 715 736
4 729 738 732 748
4 252 438 478 728
4 436 612 533 738
4 719 726 725 745
4 414 734 474 745
4 525 497 302 749
4 372 517 370 731
4 579 476 264 735
4 720 740 732 752
4 543 421 300 739
4 368 370 376 747
4 273 715 456 736
4 104 280 588 735
4 277 715 477 736
4 98 97 270 739
4 562 604 425 726
4 554 494 495 749
4 326 539 331 750
4 328 532 414 756
4 477 715 596 736
4 271 95 500 752
4 325 474 398 734
4 717 138 139 755
4 581 544 376 747
4 610 453 483 728
4 448 735 561 736
4 295 728 292 753
4 605 438 460 728
4 286 561 289 735
4 264 476 104 735
4 466 465 404 748
4 252 438 728 757
4 724 744 726 755
4 327 747 729 756
4 581 613 544 740
4 553 254 316 730
4 304 570 608 751
4 597 105 715 736
4 730 741 720 752
4 597 715 284 736
4 99 543 98 739
4 329 452 474 745
4 589 446 579 735
4 287 451 285 735
4 45 240 239 750
4 720 734 730 746
4 257 91 743 754
4 726 737 724 755
4 720 746 730 752
4 610 483 261 728
4 720 734 746 756
4 549 604 139 755
4 724 743 727 754
4 610 451 453 735
4 277 456 715 736
4 322 314 321 748
4 715 105 596 736
4 524 383 327 729
4 320 539 326 750
4 426 591 427 741
4 371 571 425 745
4 579 611 476 736
4 481 268 101 757
4 295 578 483 753
4 256 498 94 752
4 417 738 390 748
4 302 299 301 751
4 392 737 385 755
4 448 446 293 735
4 515 31 2 343
4 496 740 554 749
4 257 447 572 754
4 293 561 448 735
4 295 483 453 728
4 327 328 368 747
4 384 604 549 755
4 612 436 593 746
4 438 605 589 728
4 328 747 327 756
4 594 469 313 733
4 524 729 327 747
4 616 466 404 748
4 32 331 539 750
4 732 740 729 749
4 589 579 264 735
4 417 390 404 748
4 77 273 715 456
4 453 451 287 735
4 310 311 312 733
4 225 44 45 136
4 46 136 673 45
4 277 715 79 477
4 729 740 720 747
4 438 589 478 728
4 448 579 446 735
4 32 539 33 750
4 715 273 76 284
4 434 392 433 755
4 326 325 320 742
4 225 44 136 137
4 719 742 734 745
4 456 715 78 277
4 460 438 288 757
4 293 289 561 735
4 426 450 498 741
4 425 604 384 726
4 719 725 742 745
4 105 715 8 597
4 588 451 610 735
4 93 582 92 743
4 436 738 580 746
4 539 320 480 750
4 653 225 136 137
4 92 257 91 743
4 98 251 97 739
4 720 738 729 756
4 319 317 320 742
4 136 46 673 135
4 596 715 8 105
4 257 450 504 743
4 474 414 532 734
4 114 5 1 246
4 496 554 495 749
4 385 384 549 755
4 264 104 103 735
4 46 45 673 205
4 104 588 103 735
4 130 131 25 671
4 39 40 109 223
4 572 115 9 754
4 558 54 53 245
4 311 594 313 733
4 136 45 225 673
4 474 532 398 734
4 615 376 544 747
4 25 26 130 671
4 39 109 110 223
4 372 385 386 737
4 312 311 313 733
4 233 227 247 655
4 675 249 681 207
4 720 746 738 756
4 91 3 267 754
4 515 330 31 343
4 417 580 436 738
4 452 414 474 745
4 309 490 460 753
4 720 729 747 756
4 394 386 392 737
4 26 25 200 671
4 110 109 648 223
4 436 533 390 738
4 55 54 275 243
4 433 392 385 755
4 554 613 427 740
4 302 495 299 749
4 95 96 494 732
4 597 715 75 284
4 95 271 96 732
4 42 43 106 208
4 500 94 553 752
4 113 662 36 112
4 33 539 464 750
4 571 583 425 745
4 29 28 214 127
4 538 33 32 539
4 26 27 129 650
4 110 111 38 202
4 669 111 110 202
4 27 26 221 650
4 37 36 662 112
4 128 214 28 127
4 662 647 37 112
4 448 277 611 736
4 214 28 199 128
4 129 130 26 650
4 110 38 39 202
4 596 80 715 477
4 673 45 225 205
4 136 225 653 673
4 3 90 9 754
4 539 480 464 750
4 2 44 680 137
4 679 106 9 232
4 592 29 30 127
4 555 62 61 241
4 321 390 322 748
4 91 90 3 754
4 24 133 649 132
4 10 434 433 755
4 647 112 111 224
4 463 267 34 462
4 243 275 7 713
4 26 27 503 129
4 535 525 608 751
4 2 11 680 134
4 74 54 713 245
4 114 36 113 238
4 650 130 26 671
4 39 110 202 223
4 544 613 496 740
4 130 26 503 129
4 135 9 115 754
4 29 30 127 686
4 80 79 715 477
4 108 86 40 109
4 41 86 40 108
4 46 9 135 754
4 111 112 38 224
4 231 680 656 134
4 656 23 22 134
4 613 554 496 740
4 533 612 532 756
4 503 348 26 130
4 571 414 452 745
4 436 390 417 738
4 239 240 32 750
4 201 682 41 220
4 649 668 234 132
4 112 37 38 224
4 26 27 348 503
4 128 129 27 672
4 79 78 715 277
4 26 200 650 671
4 202 110 648 223
4 106 3 9 232
4 43 3 106 232
4 131 234 25 671
4 109 40 682 223
4 101 102 481 757
4 46 679 9 232
4 679 46 9 135
4 543 300 251 739
4 325 319 320 742
4 301 303 304 751
4 2 44 231 680
4 477 611 277 736
4 105 104 476 736
4 23 656 133 134
4 106 9 3 89
4 106 3 43 89
4 91 9 90 754
4 232 679 208 205
4 286 273 456 736
4 246 35 681 207
4 126 233 242 655
4 34 464 463 462
4 715 78 77 456
4 81 5 1 114
4 28 29 413 127
4 673 208 205 228
4 653 676 225 656
4 448 561 277 736
4 309 297 490 753
4 234 200 25 671
4 109 682 648 223
4 232 46 679 205
4 611 477 476 736
4 41 107 108 201
4 302 301 525 751
4 128 28 413 127
4 273 76 77 715
4 348 503 350 130
4 114 113 654 238
4 42 106 107 208
4 113 36 83 112
4 87 86 41 108
4 30 29 206 686
4 680 11 2 137
4 244 56 57 259
4 139 418 549 138
4 683 227 677 685
4 237 675 235 229
4 580 423 318 746
4 40 682 223 220
4 131 234 671 668
4 239 32 33 750
4 715 76 75 284
4 36 37 83 112
4 693 120 119 381
4 114 681 5 246
4 426 498 591 741
4 252 101 281 757
4 105 280 104 736
4 286 285 273 736
4 42 43 88 106
4 27 28 413 128
4 113 82 36 114
4 670 230 202 223
4 679 673 208 205
4 41 42 107 201
4 433 138 10 755
4 202 648 670 223
4 385 392 386 737
4 285 284 273 736
4 171 521 24 541
4 514 124 123 403
4 648 669 110 202
4 26 200 221 650
4 424 412 374 174
4 120 693 365 381
4 519 521 171 541
4 19 198 248 685
4 646 248 69 237
4 131 25 349 130
4 257 582 450 743
4 324 328 327 756
4 288 252 281 757
4 9 91 572 754
4 647 669 664 224
4 216 199 221 672
4 284 285 280 736
4 27 221 199 672
4 669 647 111 224
4 655 227 247 685
4 237 249 675 207
4 671 212 236 661
4 213 684 660 223
4 89 9 3 90
4 90 91 3 267
4 219 227 677 683
4 675 667 235 229
4 46 9 3 232
4 436 580 593 746
4 133 24 649 23
4 284 280 597 736
4 177 488 39 142
4 25 26 349 130
4 106 43 88 89
4 46 3 9 754
4 699 121 120 365
4 715 8 80 596
4 75 8 715 597
4 364 121 122 356
4 160 410 159 428
4 250 52 53 260
4 485 514 123 403
4 158 410 159 160
4 628 619 598 110
4 572 91 257 754
4 694 122 121 356
4 9 572 91 90
4 424 374 493 144
4 558 713 54 245
4 153 523 156 154
4 656 22 231 134
4 121 699 364 365
4 456 561 286 736
4 364 120 121 365
4 277 561 456 736
4 388 365 693 381
4 191 34 165 484
4 615 524 376 747
4 302 497 496 749
4 381 382 119 511
4 39 40 85 109
4 672 221 216 674
4 226 664 669 224
4 30 29 565 148
4 252 288 438 757
4 234 25 24 131
4 543 251 98 739
4 108 40 682 109
4 131 24 234 132
4 40 108 682 41
4 409 410 160 428
4 248 70 19 685
4 248 20 69 237
4 101 252 102 757
4 368 524 327 747
4 121 699 694 357
4 275 7 55 243
4 160 158 410 409
4 388 693 119 381
4 321 404 390 748
4 464 33 34 527
4 523 522 156 154
4 10 433 606 138
4 114 1 35 246
4 41 107 87 108
4 109 85 39 110
4 683 198 227 685
4 646 675 235 237
4 660 658 661 213
4 484 191 34 463
4 476 477 596 736
4 227 247 18 233
4 249 68 675 681
4 177 141 488 491
4 652 107 106 208
4 204 23 22 656
4 141 488 38 177
4 669 648 670 202
4 222 221 200 650
4 154 153 523 405
4 627 382 119 624
4 200 212 236 671
4 648 660 684 223
4 364 121 694 357
4 380 24 25 131
4 131 380 24 132
4 126 7 71 242
4 112 38 84 111
4 225 204 676 228
4 676 652 673 228
4 683 666 219 235
4 526 11 2 134
4 85 40 86 109
4 258 39 488 142
4 522 410 158 407
4 111 38 85 110
4 695 701 358 355
4 247 71 233 655
4 681 249 21 207
4 353 131 351 697
4 225 673 205 228
4 653 225 676 673
4 358 701 690 355
4 37 173 272 141
4 699 121 364 357
4 38 112 84 37
4 689 696 118 393
4 449 547 687 441
4 673 225 676 228
4 227 219 198 683
4 667 646 675 235
4 39 85 38 110
4 212 671 668 661
4 660 213 223 220
4 523 522 154 405
4 511 382 119 627
4 267 34 3 463
4 538 143 33 527
4 107 41 87 42
4 142 177 488 461
4 713 692 74 245
4 37 647 662 203
4 128 199 214 651
4 228 676 652 209
4 158 154 522 407
4 122 364 356 367
4 431 29 30 592
4 242 30 0 233
4 234 211 668 649
4 201 659 682 220
4 484 34 165 463
4 499 3 34 463
4 526 2 22 134
4 36 83 82 113
4 201 652 659 209
4 211 204 657 649
4 5 1 4 81
4 32 331 538 539
4 127 128 214 651
4 549 138 433 755
4 36 37 662 203
4 35 1 21 246
4 172 424 493 144
4 40 86 41 472
4 119 382 381 624
4 69 70 248 646
4 198 20 19 248
4 539 538 33 464
4 163 337 339 155
4 40 472 150 473
4 123 122 513 485
4 672 650 221 674
4 202 226 669 224
4 150 142 40 473
4 351 352 353 697
4 295 292 296 753
4 654 681 114 207
4 106 88 42 107
4 223 682 648 220
4 234 200 671 668
4 30 206 233 655
4 139 549 418 604
4 668 131 234 132
4 682 40 41 220
4 198 248 685 646
4 198 248 646 237
4 150 41 146 422
4 472 41 150 422
4 24 133 132 530
4 471 41 472 422
4 219 214 215 666
4 662 663 667 218
4 201 208 652 209
4 656 657 204 649
4 242 7 0 126
4 332 31 330 331
4 571 452 583 745
4 485 122 367 632
4 340 338 339 170
4 0 30 242 126
4 41 471 146 422
4 367 121 508 625
4 527 165 34 463
4 122 121 367 625
4 352 351 350 130
4 41 86 87 472
4 134 23 22 420
4 522 410 157 158
4 586 606 433 138
4 112 647 37 224
4 692 53 73 245
4 485 122 513 367
4 597 280 105 736
4 335 143 333 387
4 578 295 296 753
4 35 681 114 246
4 236 678 684 230
4 203 647 663 224
4 651 199 215 672
4 71 242 233 655
4 246 681 21 207
4 37 647 203 224
4 651 128 199 672
4 659 108 107 201
4 24 23 211 649
4 152 151 153 399
4 233 242 30 126
4 476 596 105 736
4 145 171 25 541
4 379 153 399 405
4 399 151 153 379
4 364 694 121 356
4 154 522 157 158
4 112 618 629 512
4 21 35 246 207
4 242 71 126 655
4 671 200 212 668
4 648 660 223 220
4 404 321 616 748
4 399 153 152 405
4 272 488 141 491
4 95 94 500 752
4 624 400 377 630
4 26 348 185 345
4 38 272 488 141
4 341 171 145 541
4 488 258 142 461
4 424 493 537 172
4 144 493 185 347
4 112 618 512 276
4 153 170 523 155
4 257 92 582 743
4 30 126 592 127
4 110 598 628 506
4 348 185 345 347
4 108 505 86 109
4 116 10 606 391
4 42 88 87 107
4 219 206 214 677
4 654 662 667 229
4 84 83 37 112
4 116 606 10 434
4 145 185 344 345
4 667 218 229 203
4 219 677 651 666
4 155 337 339 366
4 155 523 153 379
4 29 431 413 127
4 113 36 662 238
4 134 133 23 420
4 127 214 29 686
4 34 464 527 463
4 345 341 145 541
4 43 88 89 253
4 692 713 558 245
4 675 69 68 249
4 18 19 247 227
4 345 145 25 541
4 713 275 703 558
4 538 387 143 527
4 377 382 400 624
4 95 256 94 752
4 657 659 652 209
4 657 204 211 209
4 652 659 107 201
4 204 211 23 649
4 662 647 663 203
4 215 214 199 651
4 662 654 238 229
4 686 214 206 677
4 89 3 43 499
4 381 377 120 624
4 707 687 547 441
4 499 267 3 463
4 200 234 212 668
4 660 648 682 220
4 565 29 30 431
4 42 471 253 470
4 339 523 170 155
4 472 40 258 473
4 593 580 318 746
4 395 151 155 161
4 3 89 90 499
4 2 190 515 526
4 412 424 176 174
4 185 493 344 347
4 345 185 344 347
4 83 113 112 276
4 441 687 449 705
4 192 184 140 557
4 155 339 523 379
4 142 258 40 473
4 361 352 130 688
4 366 395 155 161
4 155 151 395 379
4 165 527 484 463
4 292 297 296 753
4 86 87 505 108
4 638 636 416 618
4 341 519 338 171
4 123 122 485 632
4 85 111 110 262
4 471 42 146 470
4 379 395 155 366
4 87 42 41 471
4 208 673 652 228
4 676 204 225 656
4 173 272 141 454
4 36 173 149 492
4 368 376 524 747
4 185 348 27 347
4 636 550 416 618
4 114 35 36 238
4 373 27 348 347
4 165 33 143 527
4 523 346 340 156
4 2 515 343 516
4 30 126 127 686
4 707 687 441 705
4 400 508 630 641
4 88 43 42 253
4 357 518 699 534
4 679 652 106 208
4 204 22 231 656
4 367 509 485 632
4 658 660 210 213
4 356 364 694 357
4 122 121 364 367
4 292 490 297 753
4 229 662 667 203
4 214 219 677 651
4 382 377 381 624
4 687 510 432 128
4 87 88 42 471
4 156 340 523 170
4 638 416 550 618
4 37 173 492 272
4 413 432 128 127
4 110 619 598 262
4 518 708 699 534
4 410 546 537 159
4 25 26 145 345
4 687 703 575 449
4 125 124 362 378
4 701 122 356 513
4 335 387 486 166
4 374 493 144 347
4 549 586 433 138
4 302 496 495 749
4 407 406 154 405
4 558 703 692 449
4 407 409 158 408
4 687 698 510 128
4 167 336 334 169
4 190 342 515 526
4 619 629 601 262
4 431 29 592 127
4 413 373 27 503
4 26 25 349 345
4 530 529 133 542
4 687 432 510 547
4 652 679 673 208
4 204 231 225 656
4 83 37 36 492
4 629 619 111 262
4 418 586 549 138
4 129 503 510 128
4 531 22 23 420
4 85 84 38 111
4 155 163 337 162
4 35 81 1 114
4 218 219 666 235
4 687 575 703 127
4 408 141 178 491
4 133 132 530 542
4 119 118 393 511
4 180 158 409 408
4 164 42 253 470
4 406 154 178 407
4 114 81 5 603
4 508 364 121 367
4 361 352 350 130
4 359 513 701 355
4 53 692 558 245
4 211 658 657 209
4 717 10 138 755
4 249 675 69 237
4 19 247 227 685
4 406 152 154 405
4 244 0 30 193
4 699 364 365 357
4 365 364 120 377
4 176 424 172 144
4 62 16 192 274
4 190 332 334 168
4 178 152 154 406
4 32 31 332 331
4 380 349 351 131
4 629 618 550 512
4 275 575 703 558
4 164 146 42 470
4 180 179 173 429
4 362 711 375 363
4 178 180 141 408
4 12 0 244 193
4 510 698 687 547
4 145 26 185 345
4 27 28 373 413
4 349 380 25 131
4 189 340 346 156
4 512 618 550 276
4 685 248 70 646
4 248 198 20 237
4 236 678 661 684
4 213 236 684 230
4 184 192 555 557
4 10 717 716 755
4 391 606 116 434
4 243 54 275 713
4 24 23 133 530
4 172 537 424 176
4 367 122 509 632
4 652 208 228 209
4 204 676 657 656
4 176 537 546 159
4 407 158 178 408
4 158 180 178 408
4 667 675 654 229
4 219 227 206 677
4 214 219 651 666
4 218 667 662 203
4 706 363 360 389
4 658 211 210 209
4 236 222 200 678
4 556 160 183 428
4 157 346 522 156
4 53 73 250 260
4 668 211 212 658
4 660 659 210 220
4 82 35 36 114
4 189 340 156 170
4 697 130 352 688
4 222 674 670 226
4 710 352 697 354
4 455 173 179 429
4 508 400 545 641
4 182 16 63 274
4 247 71 18 233
4 21 68 249 681
4 522 537 346 157
4 711 375 125 362
4 333 167 143 335
4 121 377 508 630
4 190 334 332 342
4 178 177 152 406
4 121 120 364 377
4 511 118 479 620
4 39 38 85 488
4 344 340 189 196
4 432 413 431 127
4 642 402 125 378
4 406 178 177 491
4 492 173 149 455
4 377 364 121 508
4 113 83 82 276
4 340 344 341 196
4 626 123 124 403
4 352 710 534 354
4 681 68 5 246
4 555 62 192 274
4 73 74 692 245
4 159 546 195 428
4 381 119 393 511
4 332 32 331 333
4 345 25 349 541
4 247 19 70 685
4 249 69 20 237
4 707 708 518 540
4 706 389 529 420
4 173 455 454 429
4 447 115 116 443
4 184 160 183 556
4 142 151 399 473
4 413 510 503 128
4 37 84 38 272
4 532 324 533 756
4 557 556 183 428
4 110 109 85 506
4 513 122 356 367
4 190 2 22 526
4 506 110 598 262
4 358 690 701 695
4 109 86 85 506
4 183 263 187 557
4 532 328 324 756
4 338 163 339 170
4 714 356 354 355
4 527 387 165 487
4 454 180 173 429
4 183 187 140 557
4 671 236 678 661
4 230 684 213 223
4 133 706 529 420
4 694 701 122 356
4 676 657 652 209
4 510 361 129 698
4 396 161 146 422
4 134 526 11 419
4 671 236 200 678
4 442 689 118 393
4 89 269 9 90
4 63 17 16 182
4 244 30 0 259
4 159 537 410 157
4 381 120 119 624
4 279 36 149 492
4 663 215 666 218
4 151 150 395 473
4 691 363 706 389
4 115 572 609 447
4 106 269 9 89
4 393 696 119 388
4 388 119 393 381
4 558 575 703 449
4 16 62 63 274
4 253 499 191 484
4 167 143 335 387
4 82 83 36 492
4 491 408 141 454
4 366 155 337 162
4 391 116 443 434
4 185 172 493 144
4 564 181 435 175
4 623 278 551 634
4 114 113 82 568
4 243 7 74 713
4 81 4 5 603
4 420 23 531 530
4 244 0 56 259
4 662 654 113 238
4 49 50 67 265
4 15 16 192 241
4 206 29 214 686
4 173 492 272 454
4 655 206 227 677
4 229 675 654 207
4 713 54 275 558
4 575 592 275 703
4 555 192 62 241
4 387 165 143 527
4 556 179 160 429
4 142 151 152 399
4 159 176 537 157
4 567 149 182 274
4 161 395 150 422
4 63 567 182 274
4 259 565 30 431
4 129 361 130 688
4 210 201 659 209
4 657 658 211 649
4 12 58 13 595
4 183 184 556 557
4 396 395 161 422
4 701 122 513 123
4 263 140 187 557
4 1 4 81 602
4 688 352 697 710
4 373 28 144 411
4 534 688 361 540
4 218 662 663 203
4 651 215 214 666
4 395 399 151 473
4 567 17 63 182
4 449 703 692 705
4 114 644 634 568
4 85 40 39 258
4 177 406 491 461
4 35 82 81 114
4 706 133 134 420
4 551 636 623 634
4 161 150 146 422
4 620 511 118 627
4 508 625 630 641
4 151 142 150 473
4 84 112 111 512
4 195 183 159 428
4 172 493 344 185
4 510 361 698 540
4 416 551 550 636
4 420 133 23 530
4 114 82 81 568
4 259 244 30 193
4 362 375 125 378
4 349 348 26 345
4 464 538 33 527
4 408 180 141 454
4 175 564 181 187
4 406 177 152 461
4 688 129 361 698
4 689 696 393 440
4 336 334 169 520
4 486 337 335 162
4 698 361 688 540
4 123 626 485 403
4 362 124 514 378
4 387 143 333 538
4 547 510 698 540
4 710 688 352 534
4 693 699 120 365
4 518 699 365 357
4 624 382 400 639
4 86 40 85 258
4 30 565 259 148
4 116 447 443 434
4 188 164 487 470
4 85 84 111 262
4 689 440 260 705
4 37 83 84 272
4 655 247 71 685
4 21 249 237 207
4 10 606 375 138
4 687 703 449 705
4 511 416 382 627
4 559 431 30 592
4 492 149 279 455
4 693 699 365 518
4 380 521 24 530
4 634 644 278 568
4 132 690 131 542
4 352 353 697 354
4 422 395 150 473
4 486 335 167 162
4 340 346 344 189
4 684 661 236 213
4 396 188 487 470
4 160 409 556 429
4 625 509 122 632
4 422 146 396 470
4 415 400 382 639
4 547 687 575 449
4 551 550 636 618
4 349 25 380 541
4 525 301 304 751
4 340 341 338 196
4 693 518 388 441
4 362 514 124 695
4 219 198 683 235
4 646 667 683 235
4 27 26 348 185
4 389 706 134 420
4 672 215 651 665
4 663 217 203 224
4 358 359 695 355
4 161 188 162 396
4 181 13 58 595
4 165 34 33 527
4 149 567 455 274
4 186 336 167 169
4 253 499 43 191
4 487 164 165 484
4 567 194 17 182
4 562 139 11 419
4 165 527 487 484
4 119 118 511 627
4 141 177 178 491
4 24 25 171 541
4 162 486 366 396
4 432 575 687 127
4 74 54 243 713
4 433 385 549 755
4 338 163 337 339
4 486 167 335 166
4 65 47 278 644
4 162 366 161 396
4 694 356 357 354
4 185 344 189 145
4 416 382 627 638
4 435 430 564 175
4 430 564 175 187
4 344 341 145 345
4 519 336 186 147
4 562 139 418 604
4 60 14 59 263
4 353 714 354 355
4 530 132 380 542
4 333 332 32 168
4 518 365 693 388
4 120 365 377 381
4 373 348 27 503
4 395 150 151 161
4 210 659 201 220
4 658 668 211 649
4 182 192 16 274
4 184 555 182 590
4 472 41 40 150
4 192 16 62 241
4 696 119 118 393
4 378 124 514 403
4 441 707 518 540
4 356 714 701 355
4 624 377 120 630
4 356 701 513 355
4 182 455 179 590
4 121 120 377 630
4 373 144 374 411
4 188 487 486 396
4 361 352 688 534
4 32 331 333 538
4 181 12 13 595
4 159 410 546 428
4 332 330 31 515
4 0 56 30 559
4 178 406 408 491
4 342 190 22 526
4 176 172 537 157
4 696 707 441 705
4 147 336 169 520
4 678 222 674 670
4 230 222 670 226
4 508 377 400 630
4 357 699 710 534
4 178 406 407 408
4 143 32 333 538
4 484 499 191 463
4 411 565 29 174
4 659 660 682 220
4 211 212 234 668
4 409 160 180 429
4 55 0 7 559
4 509 122 367 625
4 624 627 382 638
4 25 24 380 541
4 516 11 2 526
4 132 380 24 530
4 190 332 31 515
4 523 522 346 156
4 158 160 180 409
4 160 179 180 429
4 387 335 167 166
4 196 344 341 145
4 418 139 562 419
4 636 620 574 633
4 157 172 346 156
4 66 48 49 552
4 513 514 123 485
4 172 346 537 157
4 486 162 188 396
4 708 710 699 534
4 547 698 707 540
4 367 508 509 625
4 499 34 3 191
4 406 399 152 405
4 171 341 519 541
4 373 374 144 347
4 123 514 513 695
4 608 525 304 751
4 499 43 89 253
4 711 10 375 138
4 242 0 18 233
4 167 334 336 335
4 672 199 215 665
4 217 663 647 224
4 14 60 140 263
4 479 393 118 511
4 534 518 708 540
4 114 681 35 207
4 642 391 402 378
4 163 338 519 171
4 510 361 503 129
4 514 362 359 695
4 196 189 344 145
4 400 536 641 639
4 182 179 184 590
4 628 109 110 506
4 710 357 534 354
4 14 60 15 140
4 166 486 167 162
4 126 30 233 655
4 692 260 558 449
4 213 660 210 220
4 661 668 212 658
4 712 702 689 260
4 344 189 172 185
4 399 152 142 461
4 606 433 10 434
4 412 424 430 176
4 142 399 461 473
4 380 24 521 541
4 499 34 191 463
4 703 575 592 127
4 61 192 555 241
4 153 154 152 405
4 409 158 410 407
4 675 646 69 237
4 19 227 198 685
4 472 87 41 471
4 163 341 338 171
4 630 624 400 639
4 696 693 119 388
4 267 3 90 499
4 166 165 387 487
4 526 516 11 419
4 440 442 689 260
4 339 523 340 170
4 56 0 55 559
4 634 278 551 599
4 255 505 108 573
4 332 190 342 515
4 379 523 153 405
4 132 133 704 542
4 620 479 265 643
4 703 692 713 558
4 534 708 688 540
4 182 149 455 274
4 628 507 109 506
4 663 217 218 203
4 665 215 651 666
4 618 112 113 276
4 73 53 692 260
4 359 513 514 695
4 674 650 222 678
4 670 230 226 202
4 235 198 646 237
4 685 683 198 646
4 151 399 395 379
4 686 127 214 651
4 342 22 531 526
4 333 334 332 168
4 238 36 662 203
4 148 29 565 174
4 650 222 221 674
4 226 669 670 202
4 422 150 472 473
4 492 173 455 454
4 175 412 430 176
4 586 375 606 138
4 625 508 545 641
4 47 48 65 278
4 167 333 334 335
4 442 712 689 260
4 164 487 470 484
4 407 154 522 405
4 618 634 636 599
4 84 83 112 512
4 502 255 637 444
4 133 529 704 542
4 636 574 552 633
4 445 626 632 621
4 337 186 335 162
4 664 670 674 226
4 674 222 216 226
4 50 265 585 643
4 176 175 412 174
4 265 479 585 643
4 33 32 143 538
4 366 395 161 396
4 670 664 669 226
4 222 216 221 674
4 192 61 15 241
4 455 182 274 590
4 154 158 178 407
4 42 41 471 146
4 556 409 160 428
4 408 409 180 429
4 449 260 440 705
4 431 30 259 559
4 432 687 128 127
4 359 360 358 695
4 353 690 131 697
4 660 659 658 210
4 658 211 212 210
4 229 237 675 207
4 227 655 677 685
4 164 165 166 487
4 672 216 199 665
4 647 664 217 224
4 415 536 400 639
4 250 73 702 260
4 521 520 23 531
4 422 471 146 470
4 192 184 555 182
4 696 707 693 388
4 38 84 85 488
4 22 531 526 420
4 522 157 156 154
4 698 129 510 128
4 706 360 700 704
4 258 142 461 473
4 375 10 125 642
4 509 445 485 632
4 186 163 519 147
4 164 253 191 484
4 712 6 607 585
4 258 40 39 142
4 374 412 411 174
4 187 577 263 183
4 160 184 179 556
4 342 22 169 531
4 6 712 117 585
4 177 142 152 461
4 265 50 67 643
4 332 31 32 168
4 678 236 222 230
4 684 678 670 230
4 30 56 259 559
4 455 179 149 182
4 336 338 186 337
4 144 27 28 373
4 191 43 253 164
4 121 508 625 630
4 692 260 449 705
4 683 198 646 235
4 707 708 693 518
4 360 700 363 706
4 360 706 389 529
4 152 399 406 461
4 666 667 663 218
4 215 219 666 218
4 216 215 199 665
4 647 664 663 217
4 29 28 411 174
4 109 507 505 506
4 487 166 164 188
4 471 88 42 253
4 356 694 714 354
4 520 342 169 531
4 238 662 229 203
4 677 686 214 651
4 419 134 526 420
4 502 106 88 89
4 111 84 512 262
4 708 698 688 540
4 624 415 382 639
4 67 50 6 643
4 125 391 642 378
4 52 72 702 250
4 274 182 555 590
4 86 40 258 472
4 125 375 391 378
4 400 536 545 641
4 334 333 167 168
4 169 186 336 147
4 707 687 698 547
4 161 146 188 396
4 30 56 0 259
4 83 37 492 272
4 346 537 493 172
4 689 118 117 442
4 506 85 110 262
4 140 60 15 614
4 521 23 24 530
4 441 440 696 705
4 523 156 170 153
4 529 133 420 530
4 701 694 714 356
4 148 412 175 174
4 148 565 412 174
4 706 700 363 691
4 151 155 153 379
4 416 627 636 638
4 714 697 353 354
4 388 707 693 441
4 537 546 424 176
4 125 124 700 362
4 559 0 7 126
4 545 509 508 625
4 637 255 635 444
4 183 577 263 557
4 387 486 166 487
4 522 410 537 157
4 163 339 170 155
4 519 336 147 520
4 559 30 0 126
4 263 14 59 197
4 340 189 196 170
4 253 164 470 484
4 712 442 607 260
4 362 700 711 363
4 184 183 140 557
4 511 479 574 620
4 2 515 516 526
4 180 173 141 454
4 149 567 279 455
4 396 146 188 470
4 441 547 707 540
4 175 435 412 148
4 546 577 195 428
4 411 28 144 174
4 568 644 278 603
4 505 108 573 621
4 590 179 556 429
4 196 341 163 171
4 43 42 253 164
4 173 36 37 492
4 335 336 186 337
4 550 601 415 629
4 664 674 216 226
4 113 634 618 599
4 382 416 415 638
4 272 38 37 141
4 418 363 691 389
4 39 38 488 177
4 265 67 49 633
4 187 175 430 195
4 362 700 360 359
4 486 166 487 188
4 700 711 125 362
4 520 147 519 521
4 184 555 556 557
4 435 412 430 175
4 167 143 387 166
4 575 432 687 547
4 411 373 28 413
4 217 215 663 218
4 666 665 215 663
4 665 672 216 674
4 217 664 226 224
4 518 693 707 441
4 114 644 568 603
4 569 502 637 444
4 710 694 357 354
4 505 86 109 506
4 60 140 263 614
4 670 678 222 230
4 454 408 180 429
4 709 418 389 419
4 393 442 689 440
4 602 1 64 194
4 379 155 339 366
4 574 265 552 633
4 163 519 147 171
4 552 66 48 623
4 410 159 157 158
4 117 479 620 643
4 255 87 88 107
4 629 550 601 512
4 265 574 620 633
4 502 106 640 637
4 160 159 183 428
4 585 6 50 643
4 359 701 513 695
4 123 513 701 695
4 247 70 71 685
4 20 21 249 237
4 23 147 520 521
4 190 31 2 515
4 110 111 619 262
4 640 609 269 569
4 107 255 87 108
4 183 195 577 428
4 169 190 334 168
4 212 236 661 213
4 661 684 660 213
4 65 48 66 623
4 691 709 418 389
4 1 81 35 602
4 565 412 435 148
4 411 144 374 174
4 84 38 272 488
4 645 545 617 507
4 263 140 14 197
4 691 586 418 138
4 112 629 111 512
4 260 53 692 558
4 275 126 7 713
4 259 57 244 193
4 601 639 629 619
4 186 167 335 162
4 118 117 442 479
4 29 565 411 431
4 441 449 440 705
4 378 631 124 403
4 126 7 55 275
4 696 707 388 441
4 125 402 631 378
4 599 618 113 276
4 640 622 609 569
4 393 118 442 479
4 23 521 531 530
4 143 167 333 168
4 387 143 165 166
4 491 488 177 461
4 599 634 278 568
4 66 49 67 633
4 640 609 622 115
4 10 375 391 642
4 545 509 625 645
4 509 545 617 645
4 564 430 577 187
4 1 17 64 194
4 216 665 664 217
4 260 692 702 705
4 624 382 415 638
4 163 338 341 196
4 627 574 416 636
4 413 432 510 128
4 702 72 73 250
4 641 630 400 639
4 638 550 415 629
4 391 375 125 642
4 575 432 592 127
4 545 645 628 507
4 419 389 134 420
4 695 359 701 355
4 418 139 691 138
4 695 358 690 704
4 491 141 272 454
4 555 192 61 614
4 412 565 411 174
4 146 164 188 470
4 334 190 169 342
4 628 598 545 507
4 607 6 51 585
4 216 665 674 664
4 226 216 664 217
4 358 353 690 542
4 22 23 169 531
4 536 641 639 619
4 107 106 88 502
4 499 3 43 191
4 126 559 30 592
4 63 64 17 567
4 192 140 15 614
4 708 707 698 540
4 182 555 192 274
4 691 706 709 389
4 192 15 61 614
4 551 552 278 623
4 704 360 358 529
4 556 184 179 590
4 179 149 173 455
4 520 169 23 531
4 631 402 125 642
4 572 609 9 115
4 633 552 636 623
4 709 139 418 419
4 118 117 479 620
4 123 124 514 695
4 260 702 689 705
4 635 445 573 621
4 162 366 155 161
4 577 263 564 187
4 627 620 574 636
4 704 706 360 529
4 592 126 275 703
4 358 690 353 355
4 699 693 708 518
4 606 10 375 391
4 574 511 620 627
4 486 366 337 162
4 639 601 536 619
4 702 73 692 260
4 36 35 82 279
4 586 711 375 138
4 485 626 123 632
4 631 124 125 378
4 552 551 636 623
4 279 82 36 492
4 637 640 502 569
4 681 21 68 246
4 242 18 71 233
4 512 83 112 276
4 81 82 35 279
4 358 704 529 542
4 134 22 526 420
4 113 114 634 568
4 206 227 233 655
4 681 654 675 207
4 618 636 551 599
4 143 333 32 168
4 402 631 378 403
4 635 107 255 637
4 619 598 641 628
4 342 169 334 520
4 488 85 39 258
4 585 479 117 643
4 621 628 507 109
4 375 125 10 711
4 265 574 479 620
4 126 55 559 275
4 362 360 700 363
4 702 72 52 712
4 639 624 415 638
4 574 552 551 636
4 164 191 165 484
4 601 536 415 639
4 666 219 677 683
4 235 667 218 229
4 194 17 64 567
4 559 7 55 126
4 163 186 337 162
4 634 551 636 599
4 691 711 586 138
4 338 163 186 337
4 430 424 546 176
4 147 23 24 521
4 712 72 52 607
4 502 255 107 637
4 13 58 59 564
4 176 546 430 195
4 169 334 167 168
4 696 393 440 388
4 49 66 552 633
4 644 114 5 603
4 250 702 52 260
4 4 1 64 602
4 626 445 635 621
4 695 360 358 704
4 171 196 341 145
4 622 443 402 642
4 124 700 362 695
4 640 269 502 569
4 445 626 485 632
4 416 550 415 638
4 564 13 58 181
4 709 11 139 419
4 567 149 194 182
4 607 117 712 585
4 632 617 445 621
4 557 183 577 428
4 47 5 4 603
4 644 47 278 603
4 626 445 485 403
4 599 113 634 568
4 635 255 108 573
4 259 565 435 148
4 444 255 635 573
4 703 592 126 127
4 9 269 572 90
4 67 265 643 633
4 663 665 215 217
4 644 278 65 623
4 551 550 618 599
4 47 65 5 644
4 113 599 276 568
4 415 639 638 629
4 640 9 609 115
4 507 505 621 109
4 48 65 278 623
4 585 117 6 643
4 31 332 190 168
4 502 106 269 640
4 432 431 592 127
4 57 12 244 193
4 695 700 360 704
4 50 51 6 585
4 443 609 622 569
4 194 64 602 567
4 505 108 621 109
4 710 694 699 357
4 455 179 590 429
4 187 430 577 195
4 162 166 486 188
4 511 574 416 627
4 87 255 505 108
4 388 440 696 441
4 637 635 631 444
4 622 640 637 569
4 276 82 113 568
4 550 638 618 629
4 147 169 23 520
4 562 11 516 419
4 140 263 614 557
4 181 435 175 148
4 710 708 688 534
4 641 536 598 619
4 631 622 637 569
4 556 555 184 590
4 58 564 181 595
4 72 51 52 607
4 167 336 186 335
4 418 363 586 691
4 447 609 115 443
4 391 402 443 642
4 194 149 567 279
4 9 269 609 572
4 363 711 375 586
4 13 59 14 197
4 709 389 134 419
4 689 696 440 705
4 573 108 635 621
4 363 700 711 691
4 598 545 536 641
4 59 564 263 197
4 61 15 60 614
4 115 609 622 443
4 664 665 663 217
4 665 216 215 217
4 694 710 714 354
4 140 263 187 197
4 169 190 22 342
4 389 706 709 134
4 631 402 622 569
4 148 259 30 193
4 595 181 12 193
4 697 714 710 354
4 148 435 259 193
4 126 275 703 713
4 545 625 641 645
4 172 189 346 156
4 704 358 690 542
4 359 700 360 695
4 645 641 545 628
4 229 654 238 207
4 655 686 206 677
4 632 625 509 645
4 35 36 149 279
4 595 57 259 193
4 117 712 689 442
4 430 175 176 195
4 265 49 552 633
4 644 5 47 603
4 639 415 601 629
4 617 573 445 621
4 586 363 711 691
4 402 443 622 569
4 602 194 567 279
4 631 622 402 642
4 59 13 564 197
4 621 573 505 507
4 509 617 445 632
4 12 57 58 595
4 278 552 48 623
4 132 704 690 542
4 134 11 709 419
4 633 66 552 623
4 435 595 259 193
4 507 628 598 506
4 623 644 278 634
4 479 117 442 585
4 569 637 631 444
4 435 181 564 595
4 529 704 706 133
4 602 35 1 194
4 442 117 712 607
4 569 631 402 444
4 359 362 700 695
4 714 353 690 355
4 115 622 116 443
4 391 116 10 642
4 619 601 536 262
4 269 9 609 640
4 607 442 117 585
4 402 631 403 444
4 619 536 598 262
4 265 620 643 633
4 635 445 444 573
4 9 269 106 640
4 195 176 546 159
4 574 551 416 636
4 709 418 139 691
4 626 124 631 403
4 181 564 13 197
4 641 598 545 628
4 148 181 435 193
4 635 626 631 444
4 599 550 618 276
4 149 194 35 279
4 697 353 690 714
4 701 714 690 355
4 403 626 445 444
4 430 546 577 195
4 577 187 195 183
4 269 106 502 89
4 12 57 595 193
4 568 81 114 603
4 595 435 181 193
4 391 443 116 642
4 502 107 106 637
4 564 181 187 197
4 443 622 116 642
4 509 617 632 645
4 194 602 35 279
4 187 263 564 197
4 107 88 255 502
4 592 126 559 275
4 626 635 445 444
4 617 632 645 621
4 108 107 255 635
4 403 631 626 444
4 645 621 628 507
4 621 617 573 507
4 602 81 35 279
4 621 645 617 507
4 729 535 528 721
4 729 528 535 383
4 616 721 313 733
4 313 721 616 748
4 317 746 319 318
4 319 746 317 742
4 748 323 528 729
4 748 528 323 314
4 750 331 725 32
4 750 725 331 326
4 330 331 725 326
4 757 100 268 101
4 757 268 100 723
4 414 756 369 328
4 369 756 414 734
4 752 591 498 741
4 752 498 591 256
4 746 398 319 593
4 746 319 398 734
4 563 576 722 397
4 563 722 576 458
4 755 137 744 726
4 755 744 137 717
4 331 31 725 32
4 331 725 31 330
4 202 111 224 669
4 202 224 111 38
4 27 650 672 129
4 672 650 27 221
4 171 521 147 24
4 171 147 521 519
4 200 678 650 671
4 650 678 200 222
4 670 223 684 230
4 684 223 670 648
4 225 137 680 44
4 680 137 225 653
4 680 231 225 44
4 235 666 667 683
4 235 667 666 218
4 673 46 679 135
4 679 46 673 205
4 130 348 349 350
4 130 349 348 26
4 128 199 27 28
4 27 199 128 672
4 213 658 212 210
4 213 212 658 661
4 128 503 27 129
4 128 27 503 413
4 347 27 144 373
4 347 144 27 185
4 192 557 614 555
4 614 557 192 140
4 262 629 512 111
4 262 512 629 601
4 201 108 682 659
4 201 682 108 41
4 649 24 234 211
4 234 24 649 132
4 542 131 380 351
4 542 380 131 132
4 351 697 130 352
4 130 697 351 131
4 503 130 361 350
4 361 130 503 129
4 130 351 349 131
4 130 349 351 350
4 29 413 411 28
4 411 413 29 431
4 208 107 201 652
4 208 201 107 42
4 656 23 649 204
4 649 23 656 133
4 338 170 196 163
4 196 170 338 340
4 238 114 207 654
4 238 207 114 35
4 30 686 655 126
4 655 686 30 206
4 424 144 174 374
4 174 144 424 176
4 232 106 208 679
4 232 208 106 43
4 231 134 2 680
4 2 134 231 22
4 338 186 519 336
4 519 186 338 163
4 209 658 659 210
4 209 659 658 657
4 6 607 72 712
4 72 607 6 51
4 131 353 542 690
4 542 353 131 351
4 676 209 204 657
4 204 209 676 228
4 172 344 346 189
4 172 346 344 493
4 260 712 52 607
4 260 52 712 702
4 225 680 656 231
4 656 680 225 653

CELL_TYPES 3939
1
1
1
1
1
1
1
1
1
1
1
1
3
3
3
3
3
3
3
3
3
3
3
3
3
3
3
3
3
3
3
3
3
3
3
3
3
3
3
3
3
3
3
3
3
3
3
3
3
3
3
3
3
3
3
3
3
3
3
3
3
3
3
3
3
3
3
3
3
3
3
3
3
3
3
3
3
3
3
3
3
3
3
3
3
3
3
3
3
3
3
3
3
3
3
3
3
3
3
3
3
3
3
3
3
3
3
3
3
3
3
3
3
3
3
3
3
3
3
3
3
3
3
3
3
3
3
3
3
3
3
3
3
3
3
3
3
3
3
3
3
3
3
3
3
3
3
3
3
3
3
3
3
3
3
3
3
3
5
5
5
5
5
5
5
5
5
5
5
5
5
5
5
5
5
5
5
5
5
5
5
5
5
5
5
5
5
5
5
5
5
5
5
5
5
5
5
5
5
5
5
5
5
5
5
5
5
5
5
5
5
5
5
5
5
5
5
5
5
5
5
5
5
5
5
5
5
5
5
5
5
5
5
5
5
5
5
5
5
5
5
5
5
5
5
5
5
5
5
5
5
5
5
5
5
5
5
5
5
5
5
5
5
5
5
5
5
5
5
5
5
5
5
5
5
5
5
5
5
5
5
5
5
5
5
5
5
5
5
5
5
5
5
5
5
5
5
5
5
5
5
5
5
5
5
5
5
5
5
5
5
5
5
5
5
5
5
5
5
5
5
5
5
5
5
5
5
5
5
5
5
5
5
5
5
5
5
5
5
5
5
5
5
5
5
5
5
5
5
5
5
5
5
5
5
5
5
5
5
5
5
5
5
5
5
5
5
5
5
5
5
5
5
5
5
5
5
5
5
5
5
5
5
5
5
5
5
5
5
5
5
5
5
5
5
5
5
5
5
5
5
5
5
5
5
5
5
5
5
5
5
5
5
5
5
5
5
5
5
5
5
5
5
5
5
5
5
5
5
5
5
5
5
5
5
5
5
5
5
5
5
5
5
5
5
5
5
5
5
5
5
5
5
5
5
5
5
5
5
5
5
5
5
5
5
5
5
5
5
5
5
5
5
5
5
5
5
5
5
5
5
5
5
5
5
5
5
5
5
5
5
5
5
5
5
5
5
5
5
5
5
5
5
5
5
5
5
5
5
5
5
5
5
5
5
5
5
5
5
5
5
5
5
5
5
5
5
5
5
5
5
5
5
5
5
5
5
5
5
5
5
5
5
5
5
5
5
5
5
5
5
5
5
5
5
5
5
5
5
5
5
5
5
5
5
5
5
5
5
5
5
5
5
5
5
5
5
5
5
5
5
5
5
5
5
5
5
5
5
5
5
5
5
5
5
5
5
5
5
5
5
5
5
5
5
5
5
5
5
5
5
5
5
5
5
5
5
5
5
5
5
5
5
5
5
5
5
5
5
5
5
5
5
5
5
5
5
5
5
5
5
5
5
5
5
5
5
5
5
5
5
5
5
5
5
5
5
5
5
5
5
5
5
5
5
5
5
5
5
5
5
5
5
5
5
5
5
5
5
5
5
5
5
5
5
5
5
5
5
5
5
5
5
5
5
5
5
5
5
5
5
5
5
5
5
5
5
5
5
5
5
5
5
5
5
5
5
5
5
5
5
5
5
5
5
5
5
5
5
5
5
5
5
5
5
5
5
5
5
5
5
5
5
5
5
5
5
5
5
5
5
5
5
5
5
5
5
5
5
5
5
5
5
5
5
5
5
5
5
5
5
5
5
5
5
5
5
5
5
5
5
5
5
5
5
5
5
5
5
5
5
5
5
5
5
5
5
5
5
5
5
5
5
5
5
5
5
5
5
5
5
5
5
5
5
5
5
5
5
5
5
5
5
5
5
5
5
5
5
5
5
5
5
5
5
5
5
5
5
5
5
5
5
5
5
5
5
5
5
5
5
5
5
5
5
5
5
5
5
5
5
5
5
5
5
5
5
5
5
5
5
5
5
5
5
5
5
5
5
5
5
5
5
5
5
5
5
5
5
5
5
5
5
5
5
5
5
5
5
5
5
5
5
5
5
5
5
5
5
5
5
5
5
5
5
5
5
5
5
5
5
5
5
5
5
5
5
5
5
5
5
5
5
5
5
5
5
5
5
5
5
5
5
5
5
5
5
5
5
5
5
5
5
5
5
5
5
5
5
5
5
5
5
5
5
5
5
5
5
5
5
5
5
5
5
5
5
5
5
5
5
5
5
5
5
5
5
5
5
5
5
5
5
5
5
5
5
5
5
5
5
5
5
5
5
5
5
5
5
5
5
5
5
5
5
5
5
5
5
5
5
5
5
5
5
5
5
5
5
5
5
5
5
5
5
5
5
5
5
5
5
5
5
5
5
5
5
5
5
5
5
5
5
5
5
5
5
5
5
5
5
5
5
5
5
5
5
5
5
5
5
5
5
5
5
5
5
5
5
5
5
5
5
5
5
5
5
5
5
5
5
5
5
5
5
5
5
5
5
5
5
5
5
5
5
5
5
5
5
5
5
5
5
5
5
5
5
5
5
5
5
5
5
5
5
5
5
5
5
5
5
5
5
5
5
5
5
5
5
5
5
5
5
5
5
5
5
5
5
5
5
5
5
5
5
5
5
5
5
5
5
5
5
5
5
5
5
5
5
5
5
5
5
5
5
5
5
5
5
5
5
5
5
5
5
5
5
5
5
5
5
5
5
5
5
5
5
5
5
5
5
5
5
5
5
5
5
5
5
5
5
5
5
5
5
5
5
5
5
5
5
5
5
5
5
5
5
5
5
5
5
5
5
5
5
5
5
5
5
5
5
5
5
5
5
5
5
5
5
5
5
5
5
5
5
5
5
5
5
5
5
5
5
5
5
5
5
5
5
5
5
5
5
5
5
5
5
5
5
5
5
5
5
5
5
5
5
5
5
5
5
5
5
5
5
5
5
5
5
5
5
5
5
5
5
5
5
5
5
5
5
5
5
5
5
5
5
5
5
5
5
5
5
5
5
5
5
5
5
5
5
5
5
5
5
5
5
5
5
5
5
5
5
5
5
5
5
5
5
5
5
5
5
5
5
5
5
5
5
5
5
5
5
5
5
5
5
5
5
5
5
5
5
5
5
5
5
5
5
5
5
5
5
5
5
5
5
5
5
5
5
5
5
5
5
5
5
5
5
5
5
5
5
5
5
5
5
5
5
5
5
5
5
5
5
5
5
5
5
5
5
5
5
5
5
5
5
5
5
5
5
5
5
5
5
5
5
5
5
5
5
5
5
5
5
5
5
5
5
5
5
5
5
5
5
5
5
5
5
5
5
5
5
5
5
5
5
5
5
5
5
5
5
5
5
5
5
5
5
5
5
5
5
5
5
5
5
5
5
5
5
5
5
5
5
5
5
5
5
5
5
5
5
5
5
5
5
5
5
5
5
5
5
5
5
5
5
5
5
5
5
5
5
5
5
5
5
5
5
5
5
5
5
5
5
5
5
5
5
5
5
5
5
5
5
5
5
5
5
5
5
5
5
5
5
5
5
5
5
5
5
5
5
5
5
5
5
5
5
5
5
5
5
5
5
5
5
5
5
5
5
5
5
5
5
5
5
5
5
5
5
5
10
10
10
10
10
10
10
10
10
10
10
10
10
10
10
10
10
10
10
10
10
10
10
10
10
10
10
10
10
10
10
10
10
10
10
10
10
10
10
10
10
10
10
10
10
10
10
10
10
10
10
10
10
10
10
10
10
10
10
10
10
10
10
10
10
10
10
10
10
10
10
10
10
10
10
10
10
10
10
10
10
10
10
10
10
10
10
10
10
10
10
10
10
10
10
10
10
10
10
10
10
10
10
10
10
10
10
10
10
10
10
10
10
10
10
10
10
10
10
10
10
10
10
10
10
10
10
10
10
10
10
10
10
10
10
10
10
10
10
10
10
10
10
10
10
10
10
10
10
10
10
10
10
10
10
10
10
10
10
10
10
10
10
10
10
10
10
10
10
10
10
10
10
10
10
10
10
10
10
10
10
10
10
10
10
10
10
10
10
10
10
10
10
10
10
10
10
10
10
10
10
10
10
10
10
10
10
10
10
10
10
10
10
10
10
10
10
10
10
10
10
10
10
10
10
10
10
10
10
10
10
10
10
10
10
10
10
10
10
10
10
10
10
10
10
10
10
10
10
10
10
10
10
10
10
10
10
10
10
10
10
10
10
10
10
10
10
10
10
10
10
10
10
10
10
10
10
10
10
10
10
10
10
10
10
10
10
10
10
10
10
10
10
10
10
10
10
10
10
10
10
10
10
10
10
10
10
10
10
10
10
10
10
10
10
10
10
10
10
10
10
10
10
10
10
10
10
10
10
10
10
10
10
10
10
10
10
10
10
10
10
10
10
10
10
10
10
10
10
10
10
10
10
10
10
10
10
10
10
10
10
10
10
10
10
10
10
10
10
10
10
10
10
10
10
10
10
10
10
10
10
10
10
10
10
10
10
10
10
10
10
10
10
10
10
10
10
10
10
10
10
10
10
10
10
10
10
10
10
10
10
10
10
10
10
10
10
10
10
10
10
10
10
10
10
10
10
10
10
10
10
10
10
10
10
10
10
10
10
10
10
10
10
10
10
10
10
10
10
10
10
10
10
10
10
10
10
10
10
10
10
10
10
10
10
10
10
10
10
10
10
10
10
10
10
10
10
10
10
10
10
10
10
10
10
10
10
10
10
10
10
10
10
10
10
10
10
10
10
10
10
10
10
10
10
10
10
10
10
10
10
10
10
10
10
10
10
10
10
10
10
10
10
10
10
10
10
10
10
10
10
10
10
10
10
10
10
10
10
10
10
10
10
10
10
10
10
10
10
10
10
10
10
10
10
10
10
10
10
10
10
10
10
10
10
10
10
10
10
10
10
10
10
10
10
10
10
10
10
10
10
10
10
10
10
10
10
10
10
10
10
10
10
10
10
10
10
10
10
10
10
10
10
10
10
10
10
10
10
10
10
10
10
10
10
10
10
10
10
10
10
10
10
10
10
10
10
10
10
10
10
10
10
10
10
10
10
10
10
10
10
10
10
10
10
10
10
10
10
10
10
10
10
10
10
10
10
10
10
10
10
10
10
10
10
10
10
10
10
10
10
10
10
10
10
10
10
10
10
10
10
10
10
10
10
10
10
10
10
10
10
10
10
10
10
10
10
10
10
10
10
10
10
10
10
10
10
10
10
10
10
10
10
10
10
10
10
10
10
10
10
10
10
10
10
10
10
10
10
10
10
10
10
10
10
10
10
10
10
10
10
10
10
10
10
10
10
10
10
10
10
10
10
10
10
10
10
10
10
10
10
10
10
10
10
10
10
10
10
10
10
10
10
10
10
10
10
10
10
10
10
10
10
10
10
10
10
10
10
10
10
10
10
10
10
10
10
10
10
10
10
10
10
10
10
10
10
10
10
10
10
10
10
10
10
10
10
10
10
10
10
10
10
10
10
10
10
10
10
10
10
10
10
10
10
10
10
10
10
10
10
10
10
10
10
10
10
10
10
10
10
10
10
10
10
10
10
10
10
10
10
10
10
10
10
10
10
10
10
10
10
10
10
10
10
10
10
10
10
10
10
10
10
10
10
10
10
10
10
10
10
10
10
10
10
10
10
10
10
10
10
10
10
10
10
10
10
10
10
10
10
10
10
10
10
10
10
10
10
10
10
10
10
10
10
10
10
10
10
10
10
10
10
10
10
10
10
10
10
10
10
10
10
10
10
10
10
10
10
10
10
10
10
10
10
10
10
10
10
10
10
10
10
10
10
10
10
10
10
10
10
10
10
10
10
10
10
10
10
10
10
10
10
10
10
10
10
10
10
10
10
10
10
10
10
10
10
10
10
10
10
10
10
10
10
10
10
10
10
10
10
10
10
10
10
10
10
10
10
10
10
10
10
10
10
10
10
10
10
10
10
10
10
10
10
10
10
10
10
10
10
10
10
10
10
10
10
10
10
10
10
10
10
10
10
10
10
10
10
10
10
10
10
10
10
10
10
10
10
10
10
10
10
10
10
10
10
10
10
10
10
10
10
10
10
10
10
10
10
10
10
10
10
10
10
10
10
10
10
10
10
10
10
10
10
10
10
10
10
10
10
10
10
10
10
10
10
10
10
10
10
10
10
10
10
10
10
10
10
10
10
10
10
10
10
10
10
10
10
10
10
10
10
10
10
10
10
10
10
10
10
10
10
10
10
10
10
10
10
10
10
10
10
10
10
10
10
10
10
10
10
10
10
10
10
10
10
10
10
10
10
10
10
10
10
10
10
10
10
10
10
10
10
10
10
10
10
10
10
10
10
10
10
10
10
10
10
10
10
10
10
10
10
10
10
10
10
10
10
10
10
10
10
10
10
10
10
10
10
10
10
10
10
10
10
10
10
10
10
10
10
10
10
10
10
10
10
10
10
10
10
10
10
10
10
10
10
10
10
10
10
10
10
10
10
10
10
10
10
10
10
10
10
10
10
10
10
10
10
10
10
10
10
10
10
10
10
10
10
10
10
10
10
10
10
10
10
10
10
10
10
10
10
10
10
10
10
10
10
10
10
10
10
10
10
10
10
10
10
10
10
10
10
10
10
10
10
10
10
10
10
10
10
10
10
10
10
10
10
10
10
10
10
10
10
10
10
10
10
10
10
10
10
10
10
10
10
10
10
10
10
10
10
10
10
10
10
10
10
10
10
10
10
10
10
10
10
10
10
10
10
10
10
10
10
10
10
10
10
10
10
10
10
10
10
10
10
10
10
10
10
10
10
10
10
10
10
10
10
10
10
10
10
10
10
10
10
10
10
10
10
10
10
10
10
10
10
10
10
10
10
10
10
10
10
10
10
10
10
10
10
10
10
10
10
10
10
10
10
10
10
10
10
10
10
10
10
10
10
10
10
10
10
10
10
10
10
10
10
10
10
10
10
10
10
10
10
10
10
10
10
10
10
10
10
10
10
10
10
10
10
10
10
10
10
10
10
10
10
10
10
10
10
10
10
10
10
10
10
10
10
10
10
10
10
10
10
10
10
10
10
10
10
10
10
10
10
10
10
10
10
10
10
10
10
10
10
10
10
10
10
10
10
10
10
10
10
10
10
10
10
10
10
10
10
10
10
10
10
10
10
10
10
10
10
10
10
10
10
10
10
10
10
10
10
10
10
10
10
10
10
10
10
10
10
10
10
10
10
10
10
10
10
10
10
10
10
10
10
10
10
10
10
10
10
10
10
10
10
10
10
10
10
10
10
10
10
10
10
10
10
10
10
10
10
10
10
10
10
10
10
10
10
10
10
10
10
10
10
10
10
10
10
10
10
10
10
10
10
10
10
10
10
10
10
10
10
10
10
10
10
10
10
10
10
10
10
10
10
10
10
10
10
10
10
10
10
10
10
10
10
10
10
10
10
10
10
10
10
10
10
10
10
10
10
10
10
10
10
10
10
10
10
10
10
10
10
10
10
10
10
10
10
10
10
10
10
10
10
10
10
10
10
10
10
10
10
10
10
10
10
10
10
10
10
10
10
10
10
10
10
10
10
10
10
10
10
10
10
10
10
10
10
10
10
10
10
10
10
10
10
10
10
10
10
10
10
10
10
10
10
10
10
10
10
10
10
10
10
10
10
10
10
10
10
10
10
10
10
10
10
10
10
10
10
10
10
10
10
10
10
10
10
10
10
10
10
10
10
10
10
10
10
10
10
10
10
10
10
10
10
10
10
10
10
10
10
10
10
10
10
10
10
10
10
10
10
10
10
10
10
10
10
10
10
10
10
10
10
10
10
10
10
10
10
10
10
10
10
10
10
10
10
10
10
10
10
10
10
10
10
10
10
10
10
10
10
10
10
10
10
10
10
10
10
10
10
10
10
10
10
10
10
10
10
10
10
10
10
10
10
10
10
10
10
10
10
10
10
10
10
10
10
10
10
10
10
10
10
10
10
10
10
10
10
10
10
10
10
10
10
10
10
10
10
10
10
10
10
10
10
10
10
10
10
10
10
10
10
10
10
10
10
10
10
10
10
10
10
10
10
10
10
10
10
10
10
10
10
10
10
10
10
10
10
10
10
10
10
10
10
10
10
10
10
10
10
10
10
10
10
10
10
10
10
10
10
10
10
10
10
10
10
10
10
10
10
10
10
10
10
10
10
10
10
10
10
10
10
10
10
10
10
10
10
10
10
10
10
10
10
10
10
10
10
10
10
10
10
10
10
10
10
10
10
10
10
10
10
10
10
10
10
10
10
10
10
10
10
10
10
10
10
10
10
10
10
10
10
10
10
10
10
10
10
10
10
10
10
10
10
10
10
10
10
10
10
10
10
10
10
10
10
10
10
10
10
10
10
10
10
10
10
10
10
10
10
10
10
10
10
10
10
10
10
10
10
10
10
10
10
10
10
10
10
10
10
10
10
10
10
10
10
10
10
10
10
10
10
10
10
10
10
10
10
10
10
10
10
10
10
10
10
10
10
10
10
10
10
10
10
10
10
10
10
10
10
10
10
10
10
10
10
10
10
10
10
10
10
10
10
10
10
10
10
10
10
10
10
10
10
10
10
10
10
10
10
10
10
10
10
10
10
10
10
10
10
10
10
10
10
10
10
10
10
10
10
10
10
10
10
10
10
10
10
10
10
10
10
10
10
10
10
10
10
10
10
10
10
10
10
10
10
10
10
10
10
10
10
10
10
10
10
10
10
10
10
10
10
10
10
10
10
10
10
10
10
10
10
10
10
10
10
10
10
10
10
10
10
10
10
10
10
10
10
10
10
10
10
10
10
10
10
10
10
10
10
10
10
10
10
10
10
10
10
10
10
10
10
10
10
10
10
10
10
10
10
10
10
10
10
10
10
10
10
10
10
10
10
10
10
10
10
10
10
10
10
10
10
10
10
10
10
10
10
10
10
