# vtk DataFile Version 2.0
whisker_body, Created by Gmsh 4.13.1 
ASCII
DATASET UNSTRUCTURED_GRID
POINTS 700 double
-9.886859966642536 -1.500000000000193 0
9.88685996664254 -1.500000000000187 0
-7.008005529812793 -1.500000000000037 36
7.008005529812795 -1.500000000000032 36
12 0 0
9.886859966642614 1.499999999999935 0
0 10 0
-9.886859966642614 1.499999999999936 0
6.490880522276705 0 70
7.008005529812765 1.500000000000102 36
0 7.166738554313734 36
-7.008005529812767 1.500000000000101 36
-8.748717852015751 -4.8435458030064 0
-6.519202405202561 -7.582875444051627 0
-3.476438231831796 -9.376266699505631 0
3.430248998885766e-14 -10 0
3.476438231831848 -9.376266699505612 0
6.519202405202592 -7.582875444051599 0
8.74871785201576 -4.843545803006382 0
-5.932115979985521 -1.5 0
-1.977371993328505 -1.5 0
1.977371993328511 -1.5 0
5.932115979985525 -1.5 0
-7.297486767358037 -1.5 32.4001286793678
-7.586505624085252 -1.5 28.80021881366969
-7.875112795769539 -1.5 25.2002771470427
-8.163352041622861 -1.5 21.60030574945071
-8.451261041542882 -1.5 18.0003071358019
-8.73887229090418 -1.5 14.40028573493053
-9.026214482894348 -1.5 10.80024077353791
-9.313312130837836 -1.5 7.200179270240824
-9.600187606621445 -1.5 3.600097245255938
-5.220146460312989 -4.910418764094227 36
-1.925317908741209 -6.903281281837448 36
1.925317908741198 -6.903281281837452 36
5.220146460312981 -4.910418764094235 36
9.600187606621441 -1.5 3.600097245255995
9.313312130837836 -1.5 7.200179270240824
9.026214482894348 -1.5 10.80024077353791
8.73887229090418 -1.5 14.40028573493053
8.451261041542882 -1.5 18.0003071358019
8.163352041622861 -1.5 21.60030574945071
7.875112795769535 -1.5 25.20027714704275
7.586505624085252 -1.5 28.80021881366969
7.297486767358032 -1.5 32.40012867936785
-3.504002764906396 -1.5 36
1.77635683940025e-15 -1.5 36
3.504002764906398 -1.5 36
11.34980690040761 3.896393630456207 0
9.469686112756717 7.370552552276022 0
6.563377897469113 10.04599773915035 0
2.945825845689581 11.63280319127197 0
-0.9909521456679979 11.95901391608004 0
-4.820345095835646 10.98927991986068 0
-8.127378859508902 8.82868692807757 0
-10.55368501447787 5.71136871644487 0
-11.83633564083267 1.975135083368787 0
-11.83633564083267 -1.975135083368821 0
-10.55368501447786 -5.711368716444897 0
-8.12737885950888 -8.828686928077589 0
-4.820345095835619 -10.9892799198607 0
-0.9909521456679715 -11.95901391608004 0
2.945825845689616 -11.63280319127196 0
6.563377897469155 -10.04599773915032 0
9.469686112756747 -7.370552552275983 0
11.34980690040762 -3.896393630456205 0
8.748717852015853 4.843545803006216 0
6.519202405202677 7.582875444051527 0
3.47643823183188 9.376266699505599 0
5.932115979985569 1.5 0
1.977371993328523 1.5 0
-1.977371993328521 1.5 0
-5.932115979985568 1.5 0
-3.476438231831882 9.376266699505599 0
-6.519202405202678 7.582875444051524 0
-8.748717852015854 4.843545803006212 0
5.460476170550379 3.509234951570297 70
2.69640921655526 5.904312601086342 70
-0.9237486117790363 6.424812717636788 70
-4.250622782769287 4.905480191894958 70
-6.227954253695701 1.828692365693239 70
-6.227954253695695 -1.82869236569326 70
-4.250622782769273 -4.905480191894971 70
-0.9237486117790209 -6.42481271763679 70
2.696409216555272 -5.904312601086336 70
5.460476170550383 -3.509234951570289 70
11.69393780679315 0 3.888888888888888
11.3878756135863 0 7.777777777777777
11.08181342037945 0 11.66666666666667
10.7757512271726 0 15.55555555555555
10.46968903396575 0 19.44444444444444
10.1636268407589 0 23.33333333333333
9.857564647552053 0 27.22222222222222
9.551502454345203 0 31.11111111111111
9.245440261138352 0 35
8.939378067931504 0 38.88888888888889
8.633315874724653 0 42.77777777777777
8.327253681517803 0 46.66666666666666
8.021191488310954 0 50.55555555555556
7.715129295104104 0 54.44444444444444
7.409067101897254 0 58.33333333333333
7.103004908690405 0 62.22222222222221
6.796942715483555 0 66.11111111111111
7.297486767358037 1.5 32.4001286793678
7.586505624085252 1.5 28.80021881366969
7.875112795769539 1.5 25.2002771470427
8.163352041622861 1.5 21.60030574945071
8.451261041542882 1.5 18.0003071358019
8.73887229090418 1.5 14.40028573493053
9.026214482894348 1.5 10.80024077353791
9.313312130837836 1.5 7.200179270240824
9.600187606621445 1.5 3.600097245255938
5.643288231419974 4.417628259938101 36
3.13864259965695 6.442908049747844 36
0 9.716673855431374 3.6
0 9.433347710862748 7.199999999999999
0 9.15002156629412 10.8
0 8.866695421725494 14.4
0 8.583369277156867 18
0 8.300043132588241 21.6
0 8.016716988019613 25.2
0 7.733390843450987 28.8
0 7.450064698882361 32.4
-9.600187606621441 1.5 3.600097245255995
-9.313312130837836 1.5 7.200179270240824
-9.026214482894348 1.5 10.80024077353791
-8.73887229090418 1.5 14.40028573493053
-8.451261041542882 1.5 18.0003071358019
-8.163352041622861 1.5 21.60030574945071
-7.875112795769535 1.5 25.20027714704275
-7.586505624085252 1.5 28.80021881366969
-7.297486767358032 1.5 32.40012867936785
3.504002764906382 1.5 36
0 1.5 36
-3.504002764906383 1.5 36
-3.138642599656946 6.442908049747846 36
-5.643288231419969 4.417628259938108 36
-7.838292808930895 -4.454071493650936 12.5104235713688
7.232545448455923 -4.339536964886993 19.89118352393327
-7.194458395820396 -4.429999899427742 19.70767716799227
7.841131747039555 -4.448000326047824 12.51714165253988
-0.007736136024423877 -7.421638390622336 32.76113926149137
-1.723478280175759 -9.605973867654466 3.057618686932476
4.9554366813225 -8.407660710667471 3.05761868693252
6.567960551033646 -4.361819725263503 26.88139681219936
-6.53335050808337 -4.411346489658944 26.89665176140747
-8.495681631145915 -4.415873109997577 5.402846349994383
8.475256047771268 -4.468620691778527 5.321927121192179
-8.165112549226121 -4.448645769720901 8.915172310682584
-6.057942194832632 -6.884735517016209 10.53967453629931
-5.681323718316725 -6.835795726544013 14.12286782874047
-3.213770028330248 -8.459935500654003 12.07347334715023
-2.776603519840016 -8.317830345244266 15.6409991416354
-0.06750616007537096 -8.939126715196858 13.47643445095173
0.4630355538653773 -8.642976103125005 17.08513819762447
-0.4084445312438927 -9.20815125320153 9.946347729449927
-2.336316526902897 -8.16000281650345 19.21337068727478
0.9798357662798335 -8.318965438509206 20.6288936270808
-1.894964617103778 -7.983773821390939 22.80027394579627
1.449323592800692 -7.963805470130181 24.21025551428086
-1.388318352611914 -7.802580562189791 26.3637184028896
3.678774714673477 -8.329168459322164 11.36688600728873
1.960037553468989 -7.573041326444828 27.66678956420648
2.244806042925775 -9.075245356321124 8.274843878306356
5.650254057871619 -7.382853187185671 8.934045191723644
3.743386801256579 -7.704449847485596 18.22430496445598
-6.479001286417119 -6.880012866464626 6.982002722852185
-3.63326111595593 -8.596440943183778 8.478786474627261
-7.521175422956118 -4.438464188377081 16.09675713661035
-5.278652434387314 -6.795640340929742 17.72598681715688
-3.843232346175358 -6.354071869866122 32.70646551082849
3.703468218439377 -6.442888248563603 32.63649077829402
6.213959785416246 -4.374780189621185 30.50158081153768
7.686015605508098 -5.23585977549445 8.894983083510811
7.695436192124135 -4.137684397434779 16.04429990666634
5.496990686212094 -6.943123395680789 14.53938968665077
-6.862115199875318 -4.427347513995765 23.29814207434576
6.627023025028278 -4.770965303587147 23.3063007670935
4.671051017194277 -6.874695383565093 21.45509784173633
-6.213959785416611 -4.374780189620626 30.50158081153798
-7.215884370553852 -6.545615325715272 3.273307789820077
-0.2646938709440643 -9.519604161232012 6.05725904418555
-4.92634188477346 -6.710662246012412 21.28578743412967
-4.506196886091591 -6.659695016274184 24.8917181100514
-4.101199817045559 -6.581461904606822 28.52915248083658
1.651441482757979 -9.623148608134299 3.00090776577127
-4.27459307271596 -8.603205696473742 4.998270021774523
4.47519486529403 -6.632790546188231 25.39551201207529
7.457002631622187 -6.319943879051351 2.860225913649119
6.483710002177334 -7.027619426181931 5.569246940057845
2.919794844026969 -8.330088622405162 14.90463050336733
-1.091974427256074 -7.585642061984953 29.6837852042688
4.22126566776402 -6.493302479993759 28.65492308665218
-4.865519658461583 -8.529691966946908 2.28936400912833
6.179540291272881 -4.016717875940033 33.41400774116525
-6.179540291266078 -4.016717875951689 33.41400774115701
8.938866552735464 -3.998270334866611 2.638844104731298
6.021522275817648 -6.139024169185467 17.79877207871978
-8.888296642666631 -4.101143770976865 2.683166223650221
3.707614662811962 -8.825104584597891 5.434476866211162
6.061612207745219 -6.78479935729565 11.45887325830066
1.750642168069349 -7.39204139822513 30.5391859646872
-5.812865607420814 -1.5 12.35525129504123
-5.189429113989766 -1.5 19.55133285131247
5.838614386317264 -1.5 8.652803690218688
4.665515899823838 -1.5 26.85828302954284
5.877469622728922 -1.5 15.3300605888027
-4.738889922608753 -1.5 26.67308531016263
3.552713678800501e-15 -1.5 3.424908757908722
1.663114029299692 -1.5 32.72146745363224
-6.45197284144522 -1.5 5.340107489669787
5.864258410152543 -1.5 4.645917345652023
2.333659895257602 -1.5 6.445245626109775
2.666028757079546 -1.5 10.47473946727067
-0.4974352319427719 -1.5 8.890668670226631
-0.1619957325317909 -1.5 12.27016726920067
-6.189910021395727 -1.5 8.792473258113493
-5.582807387235933 -1.5 15.95968275832009
-2.374580850496846 -1.5 17.60574883011144
-1.952163654611912 -1.5 21.11986543004667
0.9952481667709776 -1.5 19.15151084647772
1.477852816888827 -1.5 22.45001771488477
4.633514694316474 -1.5 20.46579353249955
-4.901906446845715 -1.5 23.15067955536951
4.469854408870948 -1.5 30.38923121866421
1.530959075976467 -1.5 28.81641916085522
-1.457873640121786 -1.5 30.93038515524167
-1.633078648086679 -1.5 24.4447977154395
5.819840689610624 -1.5 12.26694841421732
-3.404084059057659 -1.5 7.128763846426754
2.966615238054027 -1.5 14.02059771759378
-3.446198800726495 -1.5 3.272529439597315
-4.381330133524663 -1.5 29.94354596615939
4.966990559104518 -1.5 23.66010989544365
-3.226895070618653 -1.5 10.50152315143028
-1.445111549487534 -1.5 27.71394829181033
-2.975453886922761 -1.5 14.0109341495716
0.489041021341956 -1.5 16.01851695917824
-4.085877253271196 -1.5 33.12511858461451
4.592603807351567 -1.5 33.34845895554426
1.79745760456761 -1.5 25.56821470405418
3.809210195380329 -1.5 17.38834420979849
3.046497228622222 -1.5 2.850356239046447
-1.177974501197591 -1.5 33.61886728435671
-0.866581383359101 -1.5 5.91817459234745
-7.077763978056534 -1.5 2.50143406896741
-1.162024640461032 -4.272893407911075 36
1.789872872521585 -3.89355164444515 36
-7.909487973314067 -4.912736883966318e-14 0
-10.25639961849221 -3.507512400705078 0
-10.25639961849225 3.507512400704967 0
-8.487246032801327 6.741619222895044 0
-8.487246032801263 -6.741619222895128 0
7.909487973314093 -8.747084689217649e-14 0
1.776356839400251e-15 0 0
3.954743986657032 0 0
-3.954743986657029 0 0
8.471493693702204 3.305083133274469 36.93195504006688
9.12024591028915 -3.327061996255039 29.12068223207022
7.480602335062962 -3.30586737815997 48.55652201354238
9.450417110476149 3.31361308864769 25.22803944531748
7.483216511994405 3.301079207683854 48.5507094457618
-11.73088669374762 -1.940162152660215e-14 3.419408766471568
-2.879762434608137 -11.37192468062312 3.419408766471415
-2.879762434608169 11.37192468062311 3.419408766471416
9.651249461501015 -4.492755666531373 17.20769012470526
-5.6489378831646 3.656791210848561 66.97140270108116
-2.997120918387266 -6.02871756829087 66.92841129514439
10.40992648181597 3.337958848345632 13.57027627075293
6.812365077321208 -3.293518903338332 56.32988361258764
5.929151854752794 4.167627341730284 60.38825145241592
8.141026838319975 -3.315694598105127 40.78254553741689
10.61191769476084 -3.711389704420279 9.62867726228378
7.94511337650488 8.630693833987415 3.419408766471522
-9.257317901175377 7.20525973842184 3.419408766471709
-9.270845421492016 -7.192506362949151 3.383117134659854
4.712243512000845 -10.74283313214679 3.419408766471714
0.9878800136711519 6.667665362755049 66.8289171327261
6.113497538291999 -3.334971641850821 63.98881925906856
10.31700692552853 -5.583284939902463 3.41940876647138
11.08257688853625 3.219591297337824 5.835121916429649
8.795163772731252 3.323644629425852 33.00807421887499
6.480808973725249 -3.277025769982694 60.19925208222763
4.554570568871301 -5.867446128989847 58.09631488999862
4.941039860644231 -5.942154043951461 54.28001418845407
1.767970569848087 -7.391515078492856 55.90712103697911
2.207257558778864 -7.583145931678086 52.12271469896217
-1.261240401955144 -7.674278189450471 53.65540745144916
-0.9141068581720007 -8.053566939106787 49.48713486104209
6.88241637594081 6.189311476696437 34.86466189412359
6.517833041050251 6.134022190773882 38.74975362996217
-1.723151756929313 -7.279927446022886 57.41829074984199
-4.522702981154562 -6.188215201242128 55.08419523026641
-4.809510693223735 -5.589070682500883 58.78473756357472
-6.7456945741487 -3.430040754927255 56.31813807445208
-6.610282489912002 -4.25078093173073 52.61551095747675
4.016161158028218 8.188940376210317 36.58419066635269
2.903284532438069 8.3167788620705 40.54593873255121
0.2672934437608138 9.003090320118771 38.02894278615062
0.9838141449996257 9.24723800871279 34.31406177181407
-2.659654661598384 8.78813617471363 35.80886898070868
-2.149334231472649 9.23516706076791 31.99447526553994
-5.4081190046099 7.651313772730233 33.42175715602637
-5.023911350384259 8.263270331874727 29.59729627382542
-7.725231394709049 -0.8096725577031586 53.77842796800361
-7.900014058423825 -1.58892488447284 50.08506777043035
-7.7181306481281 2.006885745190227 51.14525744062861
-8.188516705157543 1.123900314367933 47.45403680610637
-7.128089246789266 2.874709068293194 54.81538345309588
-6.842587598013696 4.496467827535198 48.43924615499962
-1.637775691819644 9.645076526934865 28.16788861170759
-4.62213294107666 8.836225728150765 25.76677265855849
-1.181352446887705 10.01705365565075 24.31365325546
-4.20032489640857 9.376517793907286 21.92674215794092
-7.167208375055535 7.210282658222702 23.29724528806419
-7.635963616212615 5.760832801613381 30.9356832114447
-6.856649894016224 7.909893008766612 19.46527982739896
-9.104103915411006 4.958044942738788 20.75399479158317
-3.779345061801817 9.879511161199938 18.07176316490967
-7.831791642706293 4.952251148866563 34.73670975485913
-8.968553659025289 5.775763360896358 16.9317081310238
-10.31292809557848 2.325806511059685 18.14525490515376
-9.16483920572151 2.382410999873291 32.15390340860503
-9.054672263602548 1.46696822013877 35.92379534187428
-7.936833199019835 -2.597812742561576 46.36284804481881
-9.290633117374648 -1.308930692728752 33.25994195907138
-10.17589574034631 1.406650571489626 21.94795023915909
-10.38716492258341 -1.425398857515008 19.2561219183084
-9.914524902381761 -2.343036373412693 23.02845748146026
-9.131510236155865 -4.989105277904454 20.25929832545538
-8.304101831092622 -5.768943346451328 23.997940678475
-6.674011870109302 -7.891492137779651 21.15223016572253
-5.532203260891715 -8.383033830780839 24.85422635185421
-7.706929610171176 -7.318180934077095 17.43401746242968
-4.605674584150287 -9.506515151127443 18.25334331873348
-10.7707972116343 -0.4974101530538689 15.47264238721665
-5.836011917484567 -9.152013792271241 14.55599859345487
-2.257947998473739 -10.55701781183452 15.30101382527899
-0.878346755900293 -10.47073154079409 18.96391638445873
1.604147793545638 -10.6250608473173 15.94026617281666
-8.812337325750256 -2.222851479074659 36.99584477991049
-7.963103557220277 -4.813773591274969 34.24294220660332
-7.093137064017677 -5.56213483674903 37.94231925782457
-5.345070030073392 -7.533661123996755 35.10473015027225
-4.143704225818991 -7.932107094278084 38.76378626053467
-1.835894647040839 -8.993701961769728 35.84202811089308
-0.4553441289855891 -8.882970412318057 39.45742501363621
-2.966293424174631 8.36652020779537 39.68403378637682
2.96502328725485 -10.03140840600526 19.56213904901103
1.986934134675649 -8.912305552042548 36.45275402576465
0.609992455612938 -9.39402719949655 32.86064673346014
0.2147751972249579 -11.0297707125847 12.3013647256679
4.008340678719732 -10.22974910944611 12.8711582435018
-6.814217440057472 -2.574593280721406 59.91772222749587
1.928253148720916 9.715346620942649 26.62136210401807
2.394634595201534 9.92415192461762 22.7571952336418
-7.618978604290274 3.715103400562766 44.77048027550408
7.239565500539718 6.247322983978039 30.97207373295741
-2.780166968575617 -8.20612774204343 42.38425842452104
0.4303105079712093 -8.60479022353563 43.00360301749008
4.303920426711406 -8.325152373402355 33.393594606529
3.022891427742705 -9.167430637781466 29.82195738980753
0.5174385379020652 -10.20746913647164 22.60972873912823
4.264997145601619 -9.240172795897504 23.16362039278209
-5.228308861195224 6.583496631170689 45.65339932958697
-4.079101716554797 7.021964306523709 49.29017470226967
-1.687217109322262 8.175067468251264 46.41118351256332
-0.6323226161646553 8.04065939159246 49.99276332239307
-8.679037034614906 -6.630187578227337 13.70020459575308
-6.99221573676925 -8.681177333041271 10.83935481466111
-9.505489158642344 -5.950986460351255 9.978710609255456
2.650018823906354 7.864980478006046 47.02021585898535
-2.837305410193937 7.303729273142699 52.91523040543203
0.9161732433049899 7.729600904478561 53.57307482766504
-1.519476677464958 7.398149158811787 56.50986633807373
-6.452748166367114 -7.008399750833776 31.42784796042974
-9.669809975296113 -0.3848956825691033 29.51057842018925
6.095466720681388 6.143954574826475 42.50675652756513
-0.7323360870600879 -9.671498234542012 29.23462344948527
-7.949196876736432 4.15208465982731 38.52201499588885
6.398482532231396 -8.226810334590757 20.04862146023682
7.394968206755117 -6.941473117981583 23.60221528517052
5.280447094031437 8.531863811312306 24.98377606659241
5.686395927258051 8.634954743557833 21.10339548635324
2.829876453412812 10.12702777689372 18.86891502730871
6.077630505316626 8.739546655991058 17.21616539187735
3.268055991311904 10.31414626732383 14.99954378526486
6.487357506501683 8.822722643560503 13.32774058421357
3.690940482107019 10.49546956514236 11.11090633639364
0.1742508183986551 10.99793733802051 12.71487465721517
8.331774952123824 6.351471356427174 19.35632018633692
0.6315383662588095 11.287438658073 8.829639364912804
-2.971588247246497 10.78105821231549 10.37979677183559
2.722490120701532 -7.72990386152468 48.34296841126049
2.097676828525906 7.206923729608619 57.10171648356285
4.446474249718436 6.33944606545302 54.08566911292251
-0.1556520050761121 7.2709358810708 60.06729010449722
-3.751037918163271 6.294726474992427 59.36834520756597
-2.507855473950425 -6.735576826713322 61.15110470579636
6.841437417405512 8.933589771200218 9.50040847760307
2.764507330264694 -10.92353341458089 9.301923455822877
6.044305279383162 -9.481970608667051 9.598061528667522
7.305244276545839 -8.157759413548774 13.33389575836407
5.935357130699077 -6.897486401329619 36.85233422417031
-2.522142754263904 6.580875423878918 62.92579397531014
7.276267574147153 -5.85520146281955 33.80404567982525
-8.226240114645254 -3.11330665062817 40.71494960349134
-5.488782895857493 4.531703324576164 62.03423645832273
-1.080052354028937 -11.26279446099669 8.710585166861563
-6.277146859285737 6.016076668571566 41.99932148517941
0.3839482538165719 8.568289561304908 43.49476597829391
-2.752460437450242 6.139140446301582 66.98796133765728
0.6650133447138433 -11.53311184660445 5.688965840700975
-6.330545246348777 3.82368857809805 58.503162172458
4.115665695960351 -5.819200691454064 61.91049718584907
3.594370104947841 -5.810185414744269 65.6642461204537
5.471953237410159 -8.244578509782142 26.74378602912701
3.489371156186564 6.33260670177495 60.6044502928886
-1.512256565089714 -8.240444476859626 46.02114475123182
-4.405128992741912 -6.904868393629501 48.40577722236068
-8.176869091467438 -8.004783894989883 7.079852027287547
0.924820800356452 -6.939637010402471 63.51844964824282
7.13913636010506 -3.308103100745677 52.49768577498606
7.813587761153108 -3.307779757021105 44.66355584961679
6.121774907181443 -6.110452387934961 42.57220790231269
5.907951145315378 -5.884840543890974 46.52022379962021
6.140311095721447 3.269076605013464 64.08612727520487
6.841298885178948 3.232568972915844 56.33216075265245
7.017407124748602 3.563467549495631 52.4722634630627
-9.345865743039795 -3.241157756420721 26.78554913150816
7.814626571653105 3.30476739176907 44.66631478360522
5.367716596344404 5.974722944954407 50.42085300366974
5.685200995040897 6.095099144752809 46.56860703342583
7.877100048304648 -4.548588792585755 36.89801591518562
-7.076516466459872 1.246393886639249 61.17475410490005
9.138094265920083 3.277394342999679 29.1220869281224
7.980875189859861 6.305320318129253 23.23827921385679
9.450470213520656 -3.298327479300293 25.29153476265024
9.751304977221144 -3.365227137814658 21.40165436051804
5.260192953120657 -9.32205331997986 16.47039180787609
8.698517260190892 6.370281408192555 15.48018556971757
9.767219809843803 3.33260594746019 21.34491866499995
10.41486847520076 -3.308735152441685 13.6233596905794
10.74352182746011 3.296492046282969 9.68355428795512
9.100397474853505 6.921436280076913 7.198847278016943
9.006510599836902 6.474860166805596 11.53231774075556
-7.416127258240461 6.505353453775052 27.12752681804708
1.488872189696699 9.484035176780182 30.49246686727362
-0.7427046291155232 10.36362638339666 20.45438360669276
-9.96440709242294 0.45349550273394 25.73360462416064
-9.202993548150248 3.270914563176199 28.37316116116878
-0.2817606592024564 10.6901351144066 16.59623901418332
7.824338342077817 -7.259204913048827 16.85911136163815
-8.724396717820538 -3.993143721303376 30.56089223362207
-3.267738164710297 -9.740192671755846 21.9343784619525
-9.194113782058455 4.098087237929809 24.57273254259021
-3.382571485780012 10.34185655163341 14.21846158981917
-6.222446515723226 9.158840143293462 11.78331963874562
-5.857569312434347 9.752964199067449 7.91859017676696
-8.608982716552733 7.266180416247454 9.332441758685482
-5.927440759881403 5.223878372521946 52.08461623513395
-7.423827123814633 -6.427060115651013 27.70734768251414
-6.559012798745213 8.541684833652768 15.63563475656145
3.780646559506234 -8.009873728960002 39.93207490445433
7.642883590484589 6.236551077226529 27.1341783573464
-9.844675318003983 -4.186743370792819 16.54392504828146
-3.544457903579379 -10.50103947899694 11.65037279950616
-4.823737598444846 5.89070334461853 55.73288987405638
4.414800204650652 8.326277433923501 32.72742124607289
5.350633725335427 -5.98829537301162 50.4372539989776
-7.474204309631288 0.2606835142604117 57.4479414203427
-6.589674949615951 -2.333126899286592 63.65154466423573
-5.687382783816202 -3.603818678947403 66.92306798442449
-4.574159308537361 -5.278861246770859 63.72244948743031
-3.113367082026294 -8.936067070420995 32.23699739107025
-8.806546697195735 6.53801215036786 13.11057693455879
-10.41309025751693 4.042845264928036 10.54151653761121
-10.03049321311354 5.564953347793483 6.723986622860926
-11.31309975810649 1.536931075081651 7.40744232202089
-10.3857837809403 3.207822827216949 14.35933689753738
4.077712174280959 5.351275391265328 66.98909353600837
-11.07576609113686 0.4214293236052596 11.64166853325674
10.08891958193964 3.335586933530202 17.45798898571894
-1.944612932837336 -9.795588999769008 25.58082537122802
-10.49295536361153 -3.273583011247152 12.81109454340653
1.924890661368448 -9.75048616762227 26.19166618230199
8.133287781810116 3.329316035732667 40.80815737114661
-5.753866873114555 7.005667228242695 37.28420842524449
6.08435084394316 -7.440160018781159 30.35248876570641
1.144447323527338 -7.210934652365988 59.70407422762271
-8.86433530325305 0.5355358797330997 39.63703515110743
-8.554971916848544 -0.2423868276370608 43.72961089071835
-6.729942736128216 -1.113059952506895e-14 66.96242656611952
4.854427675727335 8.432087124261399 28.84787655227685
-4.9116656117601 -10.26083548083474 7.931001777515426
-6.057021473007123 -6.282043630236564 41.59392206333882
-11.03079753351092 -2.405366750974328 9.021302141968723
7.983739988406643 -8.602990854984792 3.344770207887585
9.020702469255749 -7.07718699114634 6.7903812208682
-6.45884642602813 9.799737685184185 3.344770207887513
-11.10603189100703 -3.79454127321739 3.349678800446281
-6.298682428293954 -9.879157375251012 3.605040337452768
4.71255902635723 10.74355243242771 3.40942859302714
4.171215814951526 10.63892937715831 7.275356617873682
0.9484142644196053 11.56843893469919 4.990352911702749
-4.431302350746276 -8.678478045604628 28.66070847197672
-11.09736854309932 3.80007248834626 3.431087175900573
0.9491641564848814 6.953066281784545 63.30799781891818
0.2301172101580312 -6.733256993624448 66.8703653216923
-4.975188378646945 -6.843653423473741 44.96758099722076
10.23150102214299 5.772003778761523 3.210542373292359
11.0729416002587 -3.18297190478548 6.081913120389219
9.036612850533942 -6.572603434914829 10.49463617507015
-2.900344472857135 8.098632502882424 43.17166416504629
-10.32792586758887 -5.03583441407186 6.477078591774908
-2.512036315015572 11.17549218675179 6.933241481246942
8.801022208677443 -3.29986585746244 33.04484679394677
6.358922635962171 -9.588351070622675 6.285513618929708
-4.271462959950616 -6.677464420864559 51.75509853578963
-6.554496206555353 -4.850491381421462 48.86730674677544
7.938191445243024 -5.864453811348233 27.07078053576403
-6.668616771397271 1.896472232464817 64.38181930096731
3.352939098199753 7.848418669087454 44.0317252978446
4.833515003461828 5.680164292570791 57.70700785714722
-8.154266349189182 3.102031998352762 41.62080334421067
3.641990262835334 -7.69528836829079 44.29878444836829
-7.483544477105469 -4.165527710765356 43.64890341269037
2.607980608809334 7.560588880236439 50.85335864752066
6.387006954447533 -6.175915074643537 39.58514786323099
-7.854389333449126 8.420351997301742 6.163317817837554
4.088508141488703 5.659186926990516 63.76522102593343
8.328300889713667 -6.276438437410318 19.96739688991742
5.586742204812301 -3.74373641948206 67.02369406581842
-11.37234965888883 -1.925069938675847 5.919397642065661
0.9748040532655473 -11.76413542209483 2.484652390870469
6.8327344812474 9.248121358807534 6.372986634115233
-2.018777549479268 -6.656767092421039 64.08820163191579
6.143183668061086 2.698073866079039 67.22130700302222
-4.381940076807644 5.334652482396638 64.75569661395257
11.42947086033016 2.836795110322626 2.842934230731131
11.4242258120163 -2.852565214613362 2.859198906567372
9.13213320456069 -5.916182901825625 14.21770827849017
1.30931528469111 -8.283565747706668 45.91509367024798
8.085627733520701 -5.077350479572523 31.16056475815984
-0.01580566831866877 8.787459603625761 40.8190153870278
0.9638285389723601 11.79536700739349 2.100591061128159
-2.77631579707491 -11.16487182296112 6.291080398588034
-5.484085641416808 -4.634687735104246 61.24114112563521
-4.705702407501152 10.56992059618791 5.462593692060059
3.844370682730291 -10.81443909553856 6.639948113548431
-0.9787040641295339 6.808927291798827 65.06966444721465
-6.669759129899306 -5.057597421084508 46.11739150599423
7.977568678419167 4.777153924357586 8.912924775329726
7.520919017090366 4.436153657218028 16.11448112679862
2.909356033588356 9.121025065383083 5.415514301443347
6.933488153272221 4.314279140815535 23.30107388396094
3.080170763641816 8.468959564289417 12.55754838356011
6.213959785416516 4.374780189620778 30.50158081153786
2.896799801922552 7.935191149814258 19.72754749325302
7.569220907142832 6.160519960780086 3.057618686932529
2.884167563184643 7.333200038231494 26.93727873794168
3.069808007227481 8.774156350038172 8.949320101685528
6.333713724352017 7.057504418290572 6.571111570482436
6.545123476560096 4.39267842663256 26.90501872116928
7.274694857707462 4.298698483878333 19.69650153886047
7.841128515189666 4.448024069227013 12.5170285163976
2.773228044518305 7.678979964529736 23.32343181495887
2.983756778780702 8.206123800804626 16.1147792793111
3.060729304323115 6.951724387179667 30.5496306413064
5.916792861235529 7.000815327154853 10.59399646274443
5.735034549236872 6.780650632998943 14.2213311405629
4.642827553391859 5.741743836650012 33.23941956484695
5.098810850774289 8.337977484866432 2.878970482126089
8.533231189185214 4.299446693369685 5.6520992786691
5.492978838132133 6.617734946998936 17.78334399061223
5.328894838045017 6.387701584965587 21.36364308089161
5.144314346100941 6.170792464610678 24.98238042900426
6.348284185416024 3.72578397671656 33.53352359548332
2.602017666934581 9.439846366477481 2.644232736015664
4.910485098657736 6.02303736494803 28.32098416965659
2.51093190927431 6.920785728789058 33.51637048890612
8.945769195547108 3.992617726760307 2.588066403300616
5.812865607420815 1.5 12.35525129504123
5.189429113989766 1.5 19.55133285131247
-5.838614386317264 1.5 8.652803690218692
-4.665515899823838 1.5 26.85828302954284
-5.877469622728919 1.5 15.3300605888027
4.738889922608749 1.5 26.67308531016263
1.77635683940025e-15 1.5 3.424908757908748
-1.66311402929969 1.5 32.72146745363225
6.451972841445221 1.5 5.340107489669791
-5.864258410152544 1.5 4.645917345652023
-2.333659895257599 1.5 6.445245626109784
-2.666028757079546 1.5 10.47473946727068
0.4974352319427844 1.5 8.890668670226644
0.1619957325317927 1.5 12.27016726920067
6.189910021395729 1.5 8.792473258113493
5.582807387235934 1.5 15.95968275832008
2.374580850496844 1.5 17.60574883011144
1.952163654611907 1.5 21.11986543004667
-0.9952481667709794 1.5 19.15151084647771
-1.477852816888829 1.5 22.45001771488477
-4.633514694316471 1.5 20.46579353249954
4.901906446845715 1.5 23.15067955536951
-4.469854408870949 1.5 30.38923121866421
-1.530959075976469 1.5 28.81641916085522
1.457873640121784 1.5 30.93038515524166
1.633078648086677 1.5 24.44479771543949
-5.819840689610624 1.5 12.26694841421732
3.404084059057666 1.5 7.128763846426761
-2.966615238054025 1.5 14.02059771759378
3.446198800726495 1.5 3.272529439597324
4.381330133524659 1.5 29.94354596615939
-4.966990559104513 1.5 23.66010989544364
3.226895070618658 1.5 10.50152315143029
1.44511154948753 1.5 27.71394829181033
2.975453886922761 1.5 14.0109341495716
-0.4890410213419525 1.5 16.01851695917823
4.085877253271195 1.5 33.12511858461451
-4.592603807351573 1.5 33.34845895554427
-1.797457604567608 1.5 25.56821470405418
-3.809210195380324 1.5 17.38834420979848
-3.046497228622226 1.5 2.850356239046456
1.1779745011976 1.5 33.61886728435671
0.8665813833591063 1.5 5.918174592347464
7.077763978056538 1.5 2.501434068967421
-7.975077015753934 4.781218907441601 8.913535582214774
-7.563332672938066 4.366929202577135 16.09237226689054
-3.08562247582057 9.06752285424418 5.360059833802455
-6.932272716931961 4.316199523832314 23.30129103746601
-3.080170763616031 8.468959564297714 12.55754838357303
-6.213959785416503 4.374780189620791 30.5015808115379
-3.073572459345082 7.866114750287191 19.75469997009088
-7.569220907142834 6.160519960780083 3.057618686932527
-3.065480721886798 7.258064989900899 26.95144191844513
-3.078394956563824 8.771044395262587 8.950554115817694
-6.232349439291911 7.133003466016375 6.706774082158675
-6.545123476560081 4.392678426632576 26.90501872116931
-7.27686403951221 4.295242344354521 19.69510074461911
-7.823267364299785 4.480956580457203 12.50697266720714
-3.069791080771769 7.562789347260082 23.35310451400068
-3.077076693651502 8.168109314608442 16.15615876832046
-3.060792186191467 6.95170011836071 30.54959090101717
-5.896964165119173 7.017343016497835 10.59577332539241
-5.705539218010025 6.813044108703616 14.14774018304703
-4.642827553391854 5.741743836650016 33.23941956484695
-5.098810850774278 8.337977484866437 2.878970482126094
-8.533231189185173 4.299446693369047 5.652099278673194
-5.52710766606512 6.592018193612533 17.75646562598699
-5.328894838041008 6.38770158496897 21.36364308089123
-5.130795783639599 6.18322902336164 24.97072734867812
-6.348284185416036 3.725783976716543 33.5335235954833
-2.553892616779752 9.453997652348866 2.631747781037714
-4.940154445578084 5.996840455580588 28.3394797536681
-2.51093339031989 6.920785293865229 33.51636926562499
-8.974201485131234 3.934605930655846 2.555882386383007
2.036762255503579 -2.465878735148001 70
-2.931242834104605 1.814244488222067 70
2.220444710834426 2.562529799245061 70
-0.6831995369230197 -3.496268133505534 70
-0.02234530465756696 0.03719856234068248 70
-3.39055316097431 -1.091717545806296 70
3.607782420842984 0.02230827107295836 70
-0.5196398350093629 3.614174438789244 70
-0.9993571331433541 4.333369277156867 36
1.799047553986281 3.898884365574975 36
-3.326079389407941 4.113333009835756 36
0.00484458140882932 0 44.35252037210698
0.002628409261961728 -0.002787004413453698 52.22213140205923
-0.000698051833154939 -0.0009993665411629493 59.51653793477637
-0.9155224838751299 -1.325044878540971 64.76129623099621
-2.019759939906332 2.711671673117022 40.64205143090345
3.835091332699882 1.998401444325282e-15 40.91323357777157
2.417050609087163 -2.320198917731239 48.2871843043032
-3.064822895623688 -2.235181794947937 40.99550541007678
-3.134642150017561 0.9624804153280432 48.2867834375946
1.656319384623611 2.939156794250011 48.28883266229457
1.663870245632142 2.606464939923833 55.869453771903
1.866788570703778 -2.581528060686933 55.83135324672023
-2.845239734273862 1.097002632321212 55.86776741032187
1.324158350684042 -4.02483802687911 40.72294293644346
-2.45193573358008 -3.291491898638084 46.3793665440162
1.931498287744116 3.753241223689296 42.64571801272028
-0.3405149981656042 2.715005237686108 63.01221585717418
2.352232168070629 1.166835427558297 65.95640675063149
-1.848153802474179 3.931269260320492 44.83817789413059
4.24573346229391 0.7905996846656835 45.22302321845137
2.6889773276907 -1.304605532263363 62.52588381678271
-4.285267785891553 0.4339313652119277 44.16040926923365
-2.247922276249592 -3.003042163612053 56.65468634982678
-3.071310507413231 -2.649117328809768 50.68701325956403
-2.214010749717979 3.442409311595356 51.49770927449944
3.451823612834507 -3.257966760659178 44.29586304385226
4.075706030937018 -0.6209321244433346 51.69475589984454
-2.300774097677988 1.94236014090138 66.21805583278309
-3.335887100415297 -1.197477458279675 61.5020328727125
0.1399847615649759 -0.4055610151875593 39.73895963750849
-0.9043788983466574 3.7061938053086 58.61902507849677
0.5643967525458952 5.266873418562665 39.38630533603094
0.3201998491946014 -4.024079330850586 52.39221371110617

CELLS 3673 16713
1 0
1 1
1 2
1 3
1 4
1 5
1 6
1 7
1 8
1 9
1 10
1 11
2 0 12
2 12 13
2 13 14
2 14 15
2 15 16
2 16 17
2 17 18
2 18 1
2 0 19
2 19 20
2 20 21
2 21 22
2 22 1
2 2 23
2 23 24
2 24 25
2 25 26
2 26 27
2 27 28
2 28 29
2 29 30
2 30 31
2 31 0
2 2 32
2 32 33
2 33 34
2 34 35
2 35 3
2 1 36
2 36 37
2 37 38
2 38 39
2 39 40
2 40 41
2 41 42
2 42 43
2 43 44
2 44 3
2 2 45
2 45 46
2 46 47
2 47 3
2 4 48
2 48 49
2 49 50
2 50 51
2 51 52
2 52 53
2 53 54
2 54 55
2 55 56
2 56 57
2 57 58
2 58 59
2 59 60
2 60 61
2 61 62
2 62 63
2 63 64
2 64 65
2 65 4
2 5 66
2 66 67
2 67 68
2 68 6
2 5 69
2 69 70
2 70 71
2 71 72
2 72 7
2 6 73
2 73 74
2 74 75
2 75 7
2 8 76
2 76 77
2 77 78
2 78 79
2 79 80
2 80 81
2 81 82
2 82 83
2 83 84
2 84 85
2 85 8
2 4 86
2 86 87
2 87 88
2 88 89
2 89 90
2 90 91
2 91 92
2 92 93
2 93 94
2 94 95
2 95 96
2 96 97
2 97 98
2 98 99
2 99 100
2 100 101
2 101 102
2 102 8
2 9 103
2 103 104
2 104 105
2 105 106
2 106 107
2 107 108
2 108 109
2 109 110
2 110 111
2 111 5
2 9 112
2 112 113
2 113 10
2 6 114
2 114 115
2 115 116
2 116 117
2 117 118
2 118 119
2 119 120
2 120 121
2 121 122
2 122 10
2 7 123
2 123 124
2 124 125
2 125 126
2 126 127
2 127 128
2 128 129
2 129 130
2 130 131
2 131 11
2 9 132
2 132 133
2 133 134
2 134 11
2 10 135
2 135 136
2 136 11
3 12 198 0
3 0 198 31
3 1 196 18
3 36 196 1
3 23 195 2
3 2 195 32
3 35 194 3
3 3 194 44
3 13 180 12
3 180 198 12
3 14 193 13
3 13 193 180
3 15 142 14
3 142 193 14
3 16 185 15
3 15 185 142
3 17 143 16
3 143 185 16
3 18 188 17
3 17 188 143
3 18 196 188
3 24 179 23
3 179 195 23
3 25 145 24
3 145 179 24
3 26 176 25
3 25 176 145
3 27 139 26
3 139 176 26
3 28 168 27
3 27 168 139
3 29 137 28
3 137 168 28
3 30 148 29
3 29 148 137
3 31 146 30
3 146 148 30
3 31 198 146
3 32 170 33
3 32 195 170
3 33 141 34
3 33 170 141
3 34 171 35
3 141 171 34
3 171 194 35
3 37 147 36
3 147 196 36
3 38 173 37
3 37 173 147
3 39 140 38
3 140 173 38
3 40 174 39
3 39 174 140
3 41 138 40
3 138 174 40
3 42 177 41
3 41 177 138
3 43 144 42
3 144 177 42
3 44 172 43
3 43 172 144
3 44 194 172
3 148 149 137
3 149 150 137
3 150 168 137
3 138 197 174
3 177 178 138
3 178 197 138
3 168 169 139
3 169 182 139
3 139 182 176
3 140 200 173
3 174 175 140
3 175 200 140
3 170 191 141
3 141 201 171
3 191 201 141
3 142 185 181
3 181 186 142
3 186 193 142
3 143 199 185
3 188 189 143
3 189 199 143
3 172 192 144
3 144 187 177
3 144 192 187
3 176 183 145
3 145 184 179
3 183 184 145
3 146 166 148
3 146 180 166
3 146 198 180
3 173 189 147
3 147 189 188
3 188 196 147
3 148 166 149
3 149 151 150
3 149 167 151
3 166 167 149
3 151 152 150
3 152 169 150
3 150 169 168
3 151 153 152
3 151 155 153
3 151 167 155
3 153 154 152
3 154 156 152
3 156 169 152
3 153 190 154
3 155 161 153
3 161 190 153
3 154 157 156
3 154 165 157
3 154 190 165
3 155 163 161
3 155 181 163
3 167 181 155
3 157 158 156
3 158 182 156
3 156 182 169
3 157 159 158
3 157 178 159
3 165 178 157
3 159 160 158
3 160 183 158
3 158 183 182
3 159 162 160
3 159 187 162
3 178 187 159
3 162 191 160
3 160 184 183
3 160 191 184
3 163 164 161
3 164 200 161
3 175 190 161
3 161 200 175
3 187 192 162
3 162 201 191
3 192 201 162
3 163 199 164
3 181 199 163
3 164 189 173
3 173 200 164
3 164 199 189
3 165 190 175
3 175 197 165
3 165 197 178
3 166 186 167
3 180 186 166
3 167 186 181
3 179 184 170
3 170 195 179
3 184 191 170
3 171 192 172
3 172 194 171
3 171 201 192
3 174 197 175
3 182 183 176
3 177 187 178
3 180 193 186
3 185 199 181
3 0 245 19
3 31 245 0
3 1 22 36
3 2 238 23
3 45 238 2
3 44 239 3
3 3 239 47
3 19 231 20
3 19 245 231
3 20 208 21
3 20 231 208
3 21 242 22
3 208 242 21
3 22 211 36
3 22 242 211
3 23 232 24
3 23 238 232
3 24 207 25
3 24 232 207
3 25 223 26
3 207 223 25
3 26 203 27
3 26 223 203
3 27 217 28
3 203 217 27
3 28 202 29
3 28 217 202
3 29 216 30
3 202 216 29
3 30 210 31
3 30 216 210
3 210 245 31
3 36 211 37
3 37 204 38
3 37 211 204
3 38 228 39
3 204 228 38
3 39 206 40
3 39 228 206
3 40 222 41
3 206 241 40
3 40 241 222
3 41 233 42
3 222 233 41
3 42 205 43
3 42 233 205
3 43 224 44
3 205 224 43
3 224 239 44
3 46 243 45
3 45 243 238
3 47 209 46
3 209 243 46
3 47 239 209
3 202 234 216
3 217 236 202
3 202 236 234
3 203 218 217
3 203 219 218
3 203 223 219
3 211 212 204
3 212 213 204
3 213 228 204
3 205 225 224
3 205 240 225
3 233 240 205
3 228 230 206
3 230 241 206
3 207 227 223
3 207 235 227
3 232 235 207
3 212 242 208
3 208 244 212
3 231 244 208
3 224 225 209
3 209 239 224
3 225 226 209
3 226 243 209
3 216 229 210
3 229 231 210
3 231 245 210
3 211 242 212
3 212 214 213
3 212 244 214
3 214 215 213
3 215 230 213
3 213 230 228
3 214 234 215
3 229 234 214
3 214 244 229
3 215 237 230
3 234 236 215
3 236 237 215
3 216 234 229
3 218 236 217
3 219 220 218
3 220 237 218
3 218 237 236
3 219 221 220
3 219 227 221
3 223 227 219
3 221 222 220
3 222 241 220
3 220 241 237
3 221 233 222
3 227 240 221
3 221 240 233
3 225 235 226
3 225 240 235
3 226 235 232
3 232 238 226
3 238 243 226
3 235 240 227
3 229 244 231
3 237 241 230
3 45 2 32
3 35 3 47
3 33 246 32
3 32 246 45
3 34 246 33
3 35 247 34
3 34 247 246
3 47 247 35
3 45 246 46
3 46 247 47
3 246 247 46
3 0 57 7
3 7 248 0
3 12 249 0
3 0 248 19
3 0 249 57
3 1 5 4
3 4 65 1
3 1 253 5
3 1 65 18
3 22 253 1
3 4 5 48
3 48 5 66
3 5 253 69
3 51 6 52
3 68 6 51
3 6 73 52
3 57 56 7
3 56 250 7
3 72 248 7
3 7 250 75
3 13 252 12
3 58 249 12
3 12 252 58
3 13 14 60
3 59 13 60
3 59 252 13
3 14 15 61
3 60 14 61
3 62 15 16
3 61 15 62
3 17 63 16
3 16 63 62
3 18 64 17
3 17 64 63
3 18 65 64
3 19 256 20
3 19 248 72
3 72 256 19
3 20 254 21
3 71 254 20
3 20 256 71
3 21 255 22
3 21 254 70
3 70 255 21
3 69 253 22
3 22 255 69
3 49 48 66
3 50 49 67
3 67 49 66
3 51 50 68
3 68 50 67
3 52 73 53
3 53 74 54
3 73 74 53
3 54 251 55
3 74 251 54
3 55 250 56
3 75 250 55
3 55 251 75
3 57 249 58
3 58 252 59
3 69 255 70
3 70 254 71
3 71 256 72
3 75 251 74
3 48 539 4
3 4 540 65
3 4 539 86
3 86 540 4
3 8 537 76
3 85 532 8
3 8 532 102
3 102 537 8
3 49 510 48
3 510 539 48
3 50 273 49
3 273 510 49
3 51 502 50
3 50 502 273
3 52 545 51
3 51 545 502
3 53 264 52
3 264 545 52
3 54 499 53
3 53 499 264
3 55 274 54
3 274 499 54
3 56 506 55
3 55 506 274
3 57 262 56
3 262 506 56
3 58 500 57
3 57 500 262
3 59 275 58
3 275 500 58
3 60 501 59
3 59 501 275
3 61 263 60
3 263 501 60
3 62 534 61
3 61 534 263
3 63 276 62
3 276 534 62
3 64 497 63
3 63 497 276
3 65 279 64
3 279 497 64
3 65 540 279
3 76 480 77
3 76 537 480
3 77 277 78
3 77 480 277
3 78 411 79
3 277 411 78
3 79 266 80
3 79 411 266
3 80 492 81
3 266 492 80
3 81 472 82
3 81 492 472
3 82 267 83
3 82 472 267
3 83 508 84
3 267 508 83
3 84 532 85
3 84 508 415
3 415 532 84
3 86 280 87
3 87 511 86
3 86 539 280
3 511 540 86
3 88 272 87
3 87 443 88
3 272 511 87
3 280 443 87
3 88 268 89
3 89 442 88
3 88 443 268
3 88 442 272
3 90 265 89
3 89 482 90
3 265 442 89
3 268 482 89
3 91 438 90
3 90 441 91
3 90 438 265
3 90 482 441
3 91 260 92
3 92 437 91
3 91 441 260
3 437 438 91
3 93 258 92
3 92 435 93
3 258 437 92
3 260 435 92
3 93 281 94
3 94 516 93
3 93 516 258
3 93 435 281
3 94 257 95
3 95 433 94
3 94 281 257
3 433 516 94
3 96 271 95
3 95 486 96
3 257 486 95
3 271 433 95
3 97 423 96
3 96 430 97
3 96 423 271
3 96 486 430
3 98 259 97
3 97 261 98
3 259 423 97
3 97 430 261
3 99 422 98
3 98 428 99
3 98 422 259
3 261 428 98
3 100 269 99
3 99 427 100
3 269 422 99
3 99 428 427
3 100 270 101
3 101 282 100
3 100 282 269
3 100 427 270
3 102 278 101
3 101 426 102
3 270 426 101
3 278 282 101
3 102 532 278
3 426 537 102
3 281 289 257
3 289 290 257
3 290 486 257
3 258 520 437
3 516 543 258
3 258 543 520
3 422 469 259
3 259 425 423
3 259 469 425
3 260 464 435
3 260 441 436
3 436 464 260
3 261 431 428
3 430 432 261
3 261 432 431
3 478 506 262
3 262 533 478
3 500 533 262
3 263 534 412
3 412 546 263
3 263 546 501
3 499 548 264
3 264 515 504
3 504 545 264
3 264 548 515
3 438 531 265
3 265 541 442
3 265 531 452
3 452 541 265
3 411 538 266
3 266 521 492
3 266 538 521
3 472 473 267
3 473 536 267
3 267 536 508
3 268 445 440
3 440 482 268
3 443 445 268
3 282 283 269
3 283 284 269
3 284 422 269
3 270 523 417
3 417 530 270
3 270 530 426
3 427 523 270
3 423 424 271
3 424 528 271
3 271 528 433
3 442 512 272
3 498 511 272
3 272 512 498
3 444 510 273
3 273 535 444
3 502 535 273
3 274 506 477
3 477 529 274
3 274 529 499
3 275 501 420
3 420 514 275
3 275 514 500
3 412 534 276
3 276 549 412
3 497 517 276
3 517 549 276
3 277 550 411
3 480 530 277
3 277 530 507
3 507 550 277
3 278 414 282
3 278 415 414
3 278 532 415
3 279 498 497
3 279 511 498
3 279 540 511
3 280 444 443
3 280 510 444
3 280 539 510
3 281 357 289
3 281 435 357
3 282 414 283
3 283 285 284
3 283 489 285
3 414 489 283
3 285 286 284
3 286 469 284
3 284 469 422
3 285 287 286
3 285 291 287
3 285 489 291
3 287 288 286
3 288 393 286
3 393 469 286
3 287 518 288
3 291 292 287
3 292 518 287
3 288 542 393
3 288 419 418
3 418 542 288
3 288 518 419
3 289 296 290
3 289 468 296
3 357 468 289
3 296 297 290
3 297 377 290
3 377 486 290
3 291 293 292
3 291 398 293
3 291 489 398
3 293 294 292
3 294 295 292
3 295 518 292
3 293 353 294
3 293 547 353
3 398 547 293
3 294 304 295
3 294 470 304
3 353 470 294
3 304 305 295
3 305 519 295
3 295 519 518
3 296 298 297
3 296 299 298
3 296 468 299
3 298 544 297
3 297 522 377
3 410 522 297
3 297 544 410
3 299 300 298
3 300 347 298
3 347 544 298
3 299 301 300
3 299 447 301
3 299 468 447
3 301 302 300
3 302 487 300
3 300 487 347
3 301 303 302
3 301 310 303
3 301 447 310
3 303 315 302
3 315 319 302
3 319 487 302
3 310 311 303
3 311 446 303
3 303 446 315
3 304 306 305
3 304 308 306
3 304 470 308
3 306 307 305
3 307 324 305
3 324 519 305
3 306 309 307
3 308 460 306
3 306 460 309
3 309 356 307
3 307 491 324
3 356 491 307
3 413 467 308
3 308 470 413
3 308 467 460
3 309 364 356
3 309 365 364
3 309 460 365
3 310 312 311
3 310 354 312
3 310 447 354
3 312 313 311
3 313 314 311
3 314 446 311
3 312 448 313
3 354 355 312
3 355 448 312
3 313 316 314
3 313 318 316
3 313 448 318
3 316 317 314
3 317 455 314
3 314 455 446
3 315 322 319
3 315 450 322
3 446 450 315
3 316 320 317
3 318 462 316
3 316 462 320
3 320 321 317
3 321 326 317
3 326 455 317
3 448 451 318
3 451 456 318
3 456 462 318
3 322 323 319
3 323 379 319
3 379 487 319
3 320 479 321
3 462 475 320
3 475 479 320
3 321 327 326
3 321 335 327
3 321 479 335
3 322 325 323
3 322 376 325
3 322 450 376
3 325 340 323
3 340 490 323
3 323 490 379
3 491 526 324
3 324 551 519
3 526 551 324
3 325 341 340
3 325 453 341
3 376 453 325
3 327 328 326
3 328 449 326
3 449 455 326
3 327 329 328
3 327 465 329
3 335 465 327
3 329 330 328
3 330 429 328
3 429 449 328
3 329 331 330
3 329 333 331
3 329 465 333
3 331 332 330
3 332 461 330
3 330 461 429
3 331 454 332
3 333 334 331
3 334 454 331
3 454 483 332
3 332 505 461
3 483 505 332
3 333 336 334
3 333 368 336
3 333 465 368
3 336 337 334
3 337 338 334
3 338 454 334
3 335 484 465
3 479 481 335
3 481 484 335
3 336 466 337
3 368 369 336
3 369 466 336
3 337 339 338
3 337 351 339
3 337 466 351
3 339 348 338
3 348 362 338
3 362 454 338
3 339 439 348
3 351 352 339
3 352 439 339
3 341 342 340
3 342 406 340
3 406 490 340
3 341 343 342
3 341 375 343
3 341 453 375
3 343 344 342
3 344 495 342
3 342 495 406
3 343 345 344
3 343 474 345
3 375 474 343
3 345 346 344
3 346 358 344
3 358 495 344
3 345 349 346
3 345 350 349
3 345 474 350
3 349 463 346
3 346 359 358
3 346 463 359
3 347 487 409
3 409 513 347
3 513 544 347
3 348 363 362
3 348 380 363
3 348 439 380
3 350 360 349
3 360 403 349
3 403 463 349
3 350 361 360
3 350 378 361
3 350 474 378
3 351 400 352
3 351 408 400
3 351 466 408
3 400 401 352
3 401 402 352
3 402 439 352
3 434 470 353
3 353 471 434
3 353 547 471
3 354 382 355
3 354 493 382
3 447 493 354
3 382 383 355
3 383 384 355
3 384 448 355
3 364 409 356
3 409 524 356
3 356 524 491
3 435 464 357
3 464 493 357
3 357 493 468
3 359 418 358
3 418 509 358
3 358 509 495
3 359 542 418
3 463 525 359
3 525 542 359
3 361 488 360
3 360 405 403
3 360 488 405
3 378 485 361
3 361 485 416
3 416 488 361
3 363 485 362
3 362 483 454
3 362 485 483
3 380 381 363
3 381 416 363
3 416 485 363
3 365 366 364
3 366 513 364
3 364 513 409
3 365 367 366
3 365 372 367
3 365 460 372
3 367 371 366
3 371 410 366
3 410 513 366
3 367 527 371
3 372 373 367
3 373 527 367
3 368 370 369
3 368 484 370
3 465 484 368
3 370 420 369
3 420 494 369
3 369 494 466
3 370 514 420
3 484 496 370
3 496 514 370
3 371 522 410
3 431 432 371
3 371 527 431
3 432 522 371
3 372 374 373
3 372 467 374
3 460 467 372
3 374 394 373
3 394 395 373
3 395 527 373
3 374 396 394
3 374 397 396
3 374 467 397
3 453 461 375
3 461 505 375
3 375 505 474
3 376 449 429
3 429 453 376
3 376 450 449
3 377 432 430
3 430 486 377
3 377 522 432
3 474 505 378
3 483 485 378
3 378 505 483
3 409 487 379
3 379 524 409
3 490 524 379
3 380 531 381
3 439 452 380
3 452 531 380
3 381 520 416
3 381 438 437
3 437 520 381
3 381 531 438
3 382 436 383
3 382 464 436
3 382 493 464
3 383 385 384
3 383 390 385
3 383 436 390
3 385 386 384
3 386 451 384
3 384 451 448
3 385 387 386
3 385 440 387
3 390 440 385
3 387 388 386
3 388 389 386
3 389 451 386
3 387 399 388
3 387 445 399
3 440 445 387
3 388 391 389
3 388 503 391
3 399 503 388
3 391 392 389
3 392 456 389
3 389 456 451
3 436 441 390
3 390 482 440
3 441 482 390
3 391 515 392
3 503 504 391
3 504 515 391
3 392 457 456
3 392 458 457
3 392 515 458
3 425 469 393
3 393 525 425
3 393 542 525
3 394 523 395
3 396 417 394
3 417 523 394
3 427 428 395
3 395 523 427
3 428 431 395
3 431 527 395
3 397 404 396
3 404 507 396
3 396 507 417
3 397 407 404
3 397 413 407
3 397 467 413
3 398 489 421
3 421 536 398
3 398 536 473
3 473 547 398
3 399 445 444
3 444 535 399
3 399 535 503
3 400 549 401
3 408 412 400
3 412 549 400
3 401 512 402
3 498 512 401
3 401 517 498
3 401 549 517
3 402 452 439
3 402 541 452
3 512 541 402
3 405 433 403
3 433 528 403
3 403 528 463
3 407 538 404
3 404 550 507
3 538 550 404
3 405 516 433
3 488 543 405
3 405 543 516
3 406 491 490
3 406 526 491
3 495 526 406
3 413 434 407
3 434 521 407
3 521 538 407
3 408 546 412
3 466 494 408
3 494 546 408
3 410 544 513
3 411 550 538
3 413 470 434
3 415 421 414
3 421 489 414
3 415 508 421
3 416 520 488
3 507 530 417
3 419 509 418
3 419 551 509
3 518 519 419
3 519 551 419
3 420 501 494
3 508 536 421
3 423 425 424
3 425 525 424
3 424 525 463
3 463 528 424
3 426 530 480
3 480 537 426
3 429 461 453
3 471 521 434
3 442 541 512
3 444 445 443
3 446 455 450
3 468 493 447
3 450 455 449
3 457 462 456
3 458 459 457
3 459 475 457
3 457 475 462
3 458 529 459
3 515 548 458
3 458 548 529
3 459 476 475
3 459 477 476
3 459 529 477
3 471 473 472
3 472 492 471
3 471 547 473
3 492 521 471
3 476 479 475
3 477 478 476
3 478 481 476
3 476 481 479
3 477 506 478
3 478 496 481
3 478 533 496
3 481 496 484
3 520 543 488
3 491 524 490
3 501 546 494
3 509 526 495
3 496 533 514
3 498 517 497
3 529 548 499
3 514 533 500
3 502 504 503
3 503 535 502
3 502 545 504
3 509 551 526
3 66 5 581
3 5 111 581
3 6 68 578
3 114 6 578
3 103 9 577
3 9 112 577
3 113 10 580
3 10 122 580
3 67 66 559
3 559 66 581
3 68 67 572
3 67 559 572
3 68 572 578
3 104 103 557
3 557 103 577
3 105 104 563
3 104 557 563
3 106 105 555
3 555 105 563
3 107 106 564
3 106 555 564
3 108 107 553
3 553 107 564
3 109 108 565
3 108 553 565
3 110 109 552
3 552 109 565
3 111 110 573
3 110 552 573
3 111 573 581
3 112 113 571
3 112 571 577
3 571 113 580
3 115 114 554
3 554 114 578
3 116 115 561
3 115 554 561
3 117 116 556
3 556 116 561
3 118 117 567
3 117 556 567
3 119 118 558
3 558 118 567
3 120 119 566
3 119 558 566
3 121 120 560
3 560 120 566
3 122 121 568
3 121 560 568
3 122 568 580
3 562 552 569
3 552 562 573
3 552 565 569
3 553 564 574
3 565 553 570
3 570 553 574
3 561 554 562
3 562 554 572
3 572 554 578
3 555 563 576
3 564 555 575
3 575 555 576
3 556 561 569
3 567 556 570
3 556 569 570
3 563 557 579
3 568 557 571
3 557 568 579
3 571 557 577
3 566 558 575
3 558 567 574
3 558 574 575
3 559 562 572
3 562 559 573
3 573 559 581
3 560 566 576
3 568 560 579
3 560 576 579
3 561 562 569
3 576 563 579
3 574 564 575
3 569 565 570
3 566 575 576
3 567 570 574
3 568 571 580
3 5 69 625
3 111 5 625
3 7 123 72
3 9 103 618
3 132 9 618
3 131 11 619
3 11 134 619
3 69 70 611
3 69 611 625
3 70 71 588
3 70 588 611
3 71 72 622
3 588 71 622
3 72 123 591
3 72 591 622
3 103 104 612
3 103 612 618
3 104 105 587
3 104 587 612
3 105 106 603
3 587 105 603
3 106 107 583
3 106 583 603
3 107 108 597
3 583 107 597
3 108 109 582
3 108 582 597
3 109 110 596
3 582 109 596
3 110 111 590
3 110 590 596
3 590 111 625
3 123 124 591
3 124 125 584
3 124 584 591
3 125 126 608
3 584 125 608
3 126 127 586
3 126 586 608
3 127 128 602
3 586 127 621
3 127 602 621
3 128 129 613
3 602 128 613
3 129 130 585
3 129 585 613
3 130 131 604
3 585 130 604
3 604 131 619
3 133 132 623
3 132 618 623
3 134 133 589
3 589 133 623
3 134 589 619
3 582 596 614
3 597 582 616
3 582 614 616
3 583 597 598
3 583 598 599
3 583 599 603
3 591 584 592
3 592 584 593
3 593 584 608
3 585 604 605
3 585 605 620
3 613 585 620
3 608 586 610
3 610 586 621
3 587 603 607
3 587 607 615
3 612 587 615
3 592 588 622
3 588 592 624
3 611 588 624
3 604 589 605
3 589 604 619
3 605 589 606
3 606 589 623
3 596 590 609
3 609 590 611
3 611 590 625
3 591 592 622
3 592 593 594
3 592 594 624
3 594 593 595
3 595 593 610
3 593 608 610
3 594 595 614
3 609 594 614
3 594 609 624
3 595 610 617
3 614 595 616
3 616 595 617
3 596 609 614
3 598 597 616
3 599 598 600
3 600 598 617
3 598 616 617
3 599 600 601
3 599 601 607
3 603 599 607
3 601 600 602
3 602 600 621
3 600 617 621
3 601 602 613
3 607 601 620
3 601 613 620
3 605 606 615
3 605 615 620
3 606 612 615
3 612 606 618
3 618 606 623
3 615 607 620
3 609 611 624
3 617 610 621
3 73 6 652
3 6 114 652
3 7 75 655
3 123 7 655
3 122 10 654
3 10 135 654
3 11 131 651
3 136 11 651
3 74 73 646
3 646 73 652
3 75 74 633
3 633 74 646
3 75 633 655
3 114 115 628
3 114 628 652
3 115 116 635
3 628 115 635
3 116 117 630
3 116 630 635
3 117 118 641
3 630 117 641
3 118 119 632
3 118 632 641
3 119 120 640
3 632 119 640
3 120 121 634
3 120 634 640
3 121 122 642
3 634 121 642
3 642 122 654
3 124 123 647
3 647 123 655
3 125 124 626
3 626 124 647
3 126 125 639
3 125 626 639
3 127 126 627
3 627 126 639
3 128 127 638
3 127 627 638
3 129 128 629
3 629 128 638
3 130 129 637
3 129 629 637
3 131 130 631
3 631 130 637
3 131 631 651
3 135 136 645
3 135 645 654
3 645 136 651
3 626 636 643
3 636 626 647
3 639 626 643
3 638 627 648
3 627 639 644
3 627 644 648
3 628 635 636
3 628 636 646
3 628 646 652
3 637 629 650
3 629 638 649
3 629 649 650
3 635 630 643
3 630 641 644
3 643 630 644
3 631 637 653
3 631 642 645
3 642 631 653
3 631 645 651
3 632 640 649
3 641 632 648
3 648 632 649
3 636 633 646
3 633 636 647
3 633 647 655
3 640 634 650
3 634 642 653
3 650 634 653
3 636 635 643
3 637 650 653
3 638 648 649
3 639 643 644
3 649 640 650
3 644 641 648
3 645 642 654
3 76 662 8
3 8 662 85
3 77 658 76
3 658 662 76
3 78 663 77
3 77 663 658
3 79 663 78
3 80 657 79
3 657 663 79
3 81 661 80
3 80 661 657
3 82 661 81
3 83 659 82
3 659 661 82
3 84 659 83
3 85 656 84
3 656 659 84
3 85 662 656
3 656 660 659
3 656 662 660
3 657 661 660
3 660 663 657
3 660 662 658
3 658 663 660
3 660 661 659
3 132 112 9
3 10 113 665
3 135 10 664
3 664 10 665
3 136 134 11
3 113 112 665
3 112 132 665
3 132 133 665
3 133 134 664
3 133 664 665
3 134 136 666
3 664 134 666
3 136 135 666
3 135 664 666
4 373 527 677 691
4 676 677 527 691
4 398 489 669 687
4 490 134 671 674
4 665 132 112 698
4 676 677 668 693
4 668 677 676 691
4 669 398 687 695
4 304 690 306 691
4 304 679 690 691
4 670 687 398 695
4 489 678 669 687
4 395 677 676 693
4 421 398 670 687
4 283 678 489 687
4 395 527 676 677
4 398 669 489 689
4 490 45 134 674
4 490 2 11 134
4 134 666 136 671
4 398 421 489 687
4 395 428 677 693
4 656 415 670 684
4 490 674 671 688
4 290 672 682 698
4 669 678 489 689
4 271 47 35 528
4 358 680 674 681
4 395 373 527 677
4 490 45 2 134
4 135 671 666 698
4 490 671 524 688
4 35 528 47 680
4 414 283 489 687
4 490 2 45 674
4 669 677 100 678
4 669 678 100 687
4 282 100 678 687
4 677 679 374 691
4 669 689 398 695
4 675 306 690 691
4 536 421 398 670
4 270 683 669 687
4 282 678 283 687
4 304 679 689 690
4 407 695 413 697
4 395 676 431 693
4 304 689 295 690
4 395 431 428 693
4 270 677 669 697
4 670 684 415 687
4 666 487 136 671
4 99 678 677 693
4 373 677 374 691
4 344 674 358 680
4 3 47 271 672
4 9 112 132 672
4 467 374 679 691
4 490 379 524 671
4 358 359 680 681
4 413 695 679 697
4 680 681 359 692
4 100 669 270 677
4 374 679 677 697
4 132 696 672 698
4 683 695 407 697
4 246 674 344 680
4 47 35 3 271
4 304 294 295 689
4 426 684 683 687
4 542 359 681 692
4 365 685 676 691
4 415 508 656 670
4 270 669 100 687
4 665 696 132 698
4 9 486 112 672
4 668 690 679 691
4 358 674 509 681
4 290 672 486 682
4 372 373 374 691
4 100 677 99 678
4 270 426 683 687
4 673 542 681 692
4 656 508 659 670
4 112 486 290 672
4 673 681 288 699
4 656 532 415 684
4 536 670 398 695
4 358 418 359 681
4 393 673 542 681
4 486 672 430 682
4 288 673 393 681
4 135 666 664 698
4 467 372 374 691
4 379 134 136 671
4 407 434 413 695
4 430 682 672 686
4 395 527 431 676
4 346 344 358 680
4 261 686 98 693
4 542 359 418 681
4 673 98 686 693
4 304 679 294 689
4 261 676 686 693
4 528 424 271 680
4 367 365 676 691
4 365 675 685 691
4 346 246 33 344
4 414 489 421 687
4 472 661 670 694
4 365 367 676 685
4 472 661 267 670
4 246 344 346 680
4 305 324 675 690
4 674 680 667 681
4 413 434 470 679
4 424 271 672 692
4 470 689 679 695
4 414 282 283 687
4 667 681 680 692
4 324 681 675 690
4 304 305 306 690
4 288 393 542 681
4 673 690 681 699
4 424 672 271 680
4 672 680 424 692
4 407 521 683 694
4 681 690 288 699
4 374 467 679 697
4 413 434 679 695
4 470 353 689 695
4 660 656 670 684
4 261 97 98 686
4 434 470 679 695
4 490 406 674 688
4 679 695 669 697
4 305 519 324 690
4 490 406 2 674
4 407 683 521 695
4 472 492 661 694
4 324 519 681 690
4 309 365 675 685
4 377 486 430 682
4 683 694 521 695
4 365 366 367 685
4 358 495 509 674
4 305 675 306 690
4 672 696 682 698
4 665 133 132 696
4 668 675 673 690
4 247 35 47 680
4 246 32 344 674
4 532 415 684 687
4 267 661 659 670
4 98 673 259 693
4 668 689 679 690
4 270 426 530 683
4 671 674 134 696
4 676 685 675 691
4 675 681 673 690
4 290 486 377 682
4 427 677 428 693
4 673 675 668 676
4 673 675 667 681
4 427 99 677 693
4 2 342 32 674
4 526 509 674 681
4 473 670 536 695
4 426 530 683 684
4 406 342 2 674
4 418 288 542 681
4 495 358 344 674
4 2 32 45 674
4 269 100 99 678
4 282 100 269 678
4 666 671 664 698
4 667 675 673 676
4 665 133 696 698
4 398 489 291 689
4 471 694 670 695
4 100 427 99 677
4 356 309 675 685
4 490 491 406 688
4 11 379 134 136
4 32 342 344 674
4 45 134 674 696
4 495 344 342 674
4 309 364 365 685
4 673 686 676 693
4 136 487 379 671
4 47 3 132 672
4 469 284 693 699
4 295 689 292 690
4 324 675 681 688
4 513 685 671 698
4 288 393 673 699
4 366 676 367 685
4 269 678 99 693
4 530 417 270 683
4 356 685 675 688
4 526 681 674 688
4 669 695 683 697
4 358 509 418 681
4 135 347 671 698
4 96 430 486 672
4 421 670 415 687
4 404 683 407 697
4 526 509 495 674
4 682 685 410 698
4 676 682 432 686
4 308 306 460 691
4 656 659 660 670
4 292 690 689 699
4 430 432 682 686
4 282 269 283 678
4 96 430 672 686
4 305 324 307 675
4 398 689 293 695
4 259 673 686 692
4 473 536 398 695
4 132 3 9 672
4 96 686 672 692
4 427 428 99 693
4 259 686 423 692
4 683 684 277 694
4 356 364 309 685
4 467 679 308 691
4 470 353 294 689
4 417 394 523 697
4 659 508 267 670
4 678 693 284 699
4 677 678 669 679
4 394 677 523 697
4 663 277 684 694
4 668 678 677 679
4 513 410 685 698
4 542 673 393 692
4 397 404 407 697
4 259 97 423 686
4 407 683 538 694
4 417 683 396 697
4 471 521 694 695
4 423 686 96 692
4 469 693 673 699
4 473 472 267 670
4 492 471 521 694
4 460 467 308 691
4 324 307 675 688
4 100 270 427 677
4 269 422 678 693
4 371 682 676 685
4 397 407 413 697
4 269 422 284 678
4 536 267 508 670
4 671 685 682 698
4 469 673 393 699
4 421 536 508 670
4 689 690 668 699
4 469 284 422 693
4 101 270 100 687
4 285 689 678 699
4 284 678 422 693
4 309 675 365 691
4 421 508 415 670
4 306 675 309 691
4 367 676 527 691
4 551 526 324 681
4 470 294 679 689
4 667 673 681 692
4 377 430 432 682
4 490 524 491 688
4 677 678 668 693
4 257 112 9 486
4 373 367 527 691
4 658 663 277 684
4 524 671 409 688
4 278 684 102 687
4 523 427 270 677
4 307 356 309 675
4 660 670 661 694
4 668 675 690 691
4 536 473 267 670
4 285 287 689 699
4 526 674 406 688
4 32 246 45 674
4 294 292 295 689
4 668 679 677 691
4 417 507 396 683
4 291 285 287 689
4 671 685 409 688
4 324 681 526 688
4 271 35 3 433
4 470 294 304 679
4 433 271 35 528
4 678 679 668 689
4 410 682 371 685
4 286 469 393 699
4 306 309 460 691
4 432 676 371 682
4 45 674 46 696
4 679 689 669 695
4 669 679 678 689
4 307 356 675 688
4 410 522 371 682
4 373 394 374 677
4 290 682 297 698
4 473 471 472 670
4 522 432 371 682
4 550 683 277 694
4 660 684 670 694
4 288 681 419 690
4 544 410 513 698
4 671 696 133 698
4 659 661 660 670
4 379 409 524 671
4 463 528 35 680
4 247 463 35 680
4 656 662 532 684
4 47 680 672 696
4 664 666 134 671
4 45 246 46 674
4 246 46 674 696
4 682 696 671 698
4 660 663 684 694
4 432 261 676 686
4 82 267 472 661
4 491 526 406 688
4 658 660 663 684
4 35 34 463 247
4 518 690 292 699
4 246 674 680 696
4 379 487 409 671
4 526 551 509 681
4 413 679 467 697
4 495 342 406 674
4 283 285 489 678
4 57 58 249 500
4 547 398 293 695
4 407 538 521 694
4 668 690 673 699
4 247 680 47 696
4 270 101 426 687
4 274 55 54 251
4 347 513 671 698
4 3 271 95 672
4 670 694 683 695
4 277 683 530 684
4 34 246 346 680
4 532 684 278 687
4 658 277 480 684
4 393 673 425 692
4 259 673 469 693
4 9 95 486 672
4 47 672 132 696
4 306 305 307 675
4 463 247 34 680
4 246 32 33 344
4 133 671 134 696
4 525 359 542 692
4 246 33 34 346
4 261 98 428 693
4 434 407 521 695
4 366 371 676 685
4 292 689 287 699
4 133 45 46 696
4 356 409 685 688
4 673 676 668 693
4 269 99 422 693
4 667 672 680 696
4 532 102 278 684
4 377 297 290 682
4 678 689 668 699
4 267 82 659 661
4 34 247 246 680
4 247 47 46 696
4 676 682 667 685
4 295 305 304 690
4 133 134 45 696
4 671 667 674 696
4 395 428 427 677
4 398 291 293 689
4 374 677 394 697
4 667 682 676 686
4 409 671 513 685
4 672 667 680 692
4 671 674 667 688
4 667 680 674 696
4 675 676 667 685
4 252 58 59 275
4 667 676 673 686
4 397 413 467 697
4 469 286 284 699
4 668 676 675 691
4 101 100 282 687
4 425 673 259 692
4 293 689 353 695
4 101 102 684 687
4 277 507 530 683
4 473 471 670 695
4 396 683 404 697
4 667 674 681 688
4 290 297 113 698
4 525 680 359 692
4 667 671 682 696
4 422 259 469 693
4 667 682 672 696
4 101 684 426 687
4 487 347 409 671
4 356 524 409 688
4 663 411 277 694
4 3 95 9 672
4 306 307 309 675
4 324 519 551 681
4 421 415 414 687
4 506 56 55 250
4 530 507 417 683
4 47 132 133 696
4 366 410 371 685
4 308 470 304 679
4 101 102 426 684
4 288 286 393 699
4 518 292 287 699
4 550 277 411 694
4 133 46 47 696
4 377 432 522 682
4 657 661 492 694
4 532 662 102 684
4 133 664 671 698
4 480 277 530 684
4 133 664 134 671
4 366 371 367 676
4 660 662 656 684
4 425 259 423 692
4 284 285 678 699
4 657 492 266 694
4 434 353 470 695
4 432 430 261 686
4 309 365 460 691
4 542 393 525 692
4 417 396 394 697
4 288 418 419 681
4 295 292 518 690
4 373 372 367 691
4 347 513 409 671
4 398 547 473 695
4 424 423 271 692
4 277 550 507 683
4 393 425 525 692
4 288 690 518 699
4 290 112 257 486
4 347 544 513 698
4 423 97 96 686
4 393 469 425 673
4 407 404 538 683
4 358 359 346 680
4 396 507 404 683
4 411 663 657 694
4 672 682 667 686
4 353 293 294 689
4 364 366 365 685
4 656 415 84 508
4 467 413 308 679
4 469 259 425 673
4 518 288 419 690
4 411 657 79 694
4 660 661 657 694
4 364 356 409 685
4 550 538 683 694
4 406 340 2 342
4 672 686 667 692
4 532 278 415 687
4 683 684 670 687
4 547 293 353 695
4 667 681 675 688
4 460 372 467 691
4 373 395 394 677
4 292 291 287 689
4 667 682 671 685
4 673 693 668 699
4 135 664 10 698
4 340 2 490 406
4 397 396 404 697
4 413 470 308 679
4 431 432 261 676
4 668 693 678 699
4 528 463 424 680
4 677 679 669 697
4 406 526 495 674
4 245 231 256 622
4 625 611 255 242
4 673 667 686 692
4 284 286 285 699
4 135 10 347 698
4 463 34 346 680
4 671 667 685 688
4 324 526 491 688
4 424 680 525 692
4 96 486 95 672
4 663 79 411 657
4 80 266 657 492
4 658 480 537 684
4 675 685 667 688
4 537 662 658 684
4 367 371 527 676
4 96 95 271 672
4 266 79 657 694
4 283 269 284 678
4 374 397 467 697
4 106 105 603 233
4 26 25 613 129
4 324 491 307 688
4 26 25 223 613
4 670 684 683 694
4 537 102 662 684
4 104 105 43 587
4 109 582 39 108
4 415 278 414 687
4 285 283 284 678
4 404 550 538 683
4 202 29 28 125
4 660 657 663 694
4 130 207 24 129
4 525 424 463 680
4 125 28 202 126
4 207 25 24 129
4 202 125 126 608
4 108 39 107 206
4 43 44 103 224
4 131 604 23 130
4 129 613 26 128
4 550 411 538 694
4 430 97 261 686
4 427 523 395 677
4 297 682 410 698
4 266 411 79 694
4 130 585 207 129
4 107 597 108 206
4 84 659 656 508
4 419 681 519 690
4 658 663 77 277
4 287 288 518 699
4 662 660 658 684
4 480 658 77 277
4 297 410 544 698
4 105 106 41 233
4 419 418 509 681
4 216 202 234 608
4 596 582 614 228
4 582 596 109 228
4 101 278 102 687
4 622 208 20 254
4 254 70 588 242
4 96 97 430 686
4 463 403 35 528
4 364 409 513 685
4 133 665 664 698
4 23 11 619 131
4 42 43 105 587
4 523 394 395 677
4 422 98 259 693
4 253 1 5 111
4 492 657 80 661
4 31 0 7 248
4 290 297 296 113
4 254 588 208 242
4 208 622 588 254
4 278 282 414 687
4 180 12 13 252
4 256 72 245 622
4 625 255 22 242
4 298 113 297 698
4 29 124 216 30
4 26 25 129 326
4 633 74 75 251
4 42 43 587 205
4 210 31 30 124
4 410 297 522 682
4 356 491 524 688
4 525 463 359 680
4 307 491 356 688
4 599 601 219 221
4 371 431 527 676
4 10 113 298 698
4 105 41 42 233
4 428 98 99 693
4 377 522 297 682
4 26 129 128 326
4 431 371 432 676
4 106 107 40 583
4 616 614 582 228
4 305 295 519 690
4 47 133 132 623
4 27 26 203 127
4 219 600 601 599
4 221 219 599 220
4 30 216 210 124
4 374 394 396 697
4 132 3 47 239
4 367 372 365 691
4 403 35 34 463
4 658 76 537 480
4 47 46 133 623
4 45 46 243 133
4 250 7 75 655
4 203 217 27 127
4 108 582 39 206
4 608 234 216 584
4 228 614 596 204
4 124 29 216 125
4 472 492 81 661
4 662 76 537 658
4 219 600 599 220
4 126 28 202 586
4 610 234 608 593
4 359 463 346 680
4 228 39 582 206
4 21 70 254 242
4 622 20 71 254
4 588 71 70 254
4 208 21 20 254
4 537 480 426 684
4 25 26 328 326
4 426 480 530 684
4 43 612 205 224
4 604 585 232 130
4 608 126 202 586
4 257 9 95 486
4 519 419 551 681
4 449 129 25 326
4 134 45 243 133
4 2 23 11 619
4 103 44 9 239
4 237 215 595 230
4 617 215 610 595
4 127 26 203 128
4 223 207 227 613
4 607 603 587 233
4 608 216 125 584
4 3 9 44 239
4 36 22 625 253
4 72 245 123 248
4 419 509 551 681
4 10 298 347 698
4 619 11 2 134
4 590 37 111 110
4 25 207 613 129
4 532 656 415 84
4 365 372 460 691
4 85 532 656 662
4 292 294 293 689
4 202 608 586 610
4 595 616 237 230
4 610 236 215 617
4 102 537 426 684
4 109 596 38 228
4 404 507 550 683
4 9 3 132 239
4 620 227 207 613
4 233 587 607 240
4 521 266 492 694
4 106 40 41 583
4 292 293 291 689
4 296 297 298 113
4 513 410 366 685
4 287 285 286 699
4 597 582 108 206
4 28 217 202 586
4 183 182 330 176
4 12 0 249 198
4 205 612 615 225
4 605 235 232 585
4 287 286 288 699
4 619 604 23 131
4 224 44 103 239
4 216 210 124 584
4 243 589 134 133
4 107 39 40 206
4 207 232 235 585
4 615 587 612 205
4 596 37 590 110
4 585 613 207 129
4 449 25 328 326
4 266 521 538 694
4 47 46 623 209
4 586 126 28 127
4 105 587 603 233
4 105 43 92 104
4 24 130 129 449
4 208 21 254 242
4 588 622 71 254
4 25 207 223 613
4 129 25 24 449
4 37 596 109 110
4 11 23 325 131
4 411 78 663 277
4 278 101 282 687
4 596 590 37 204
4 434 521 471 695
4 621 217 203 127
4 615 235 620 240
4 106 603 583 222
4 207 620 613 585
4 587 233 205 240
4 26 223 203 602
4 601 223 227 613
4 607 603 233 221
4 587 105 42 233
4 267 659 83 508
4 10 135 347 300
4 612 205 224 225
4 585 232 605 604
4 231 256 19 245
4 611 255 69 625
4 255 69 70 611
4 19 20 256 231
4 596 38 228 204
4 230 595 616 213
4 607 227 601 221
4 603 607 599 221
4 227 219 223 601
4 230 215 595 213
4 593 610 215 595
4 36 1 22 253
4 31 124 533 30
4 43 44 93 103
4 104 43 93 103
4 397 374 396 697
4 113 10 665 698
4 95 433 3 94
4 123 7 72 248
4 618 9 132 239
4 332 183 182 330
4 614 616 595 213
4 111 1 5 86
4 23 376 131 130
4 216 124 125 584
4 617 595 616 237
4 617 236 215 237
4 518 419 519 690
4 210 216 229 584
4 609 590 596 204
4 102 532 8 662
4 376 23 24 130
4 233 42 587 205
4 599 598 583 222
4 219 218 203 602
4 604 23 238 619
4 103 618 224 239
4 606 623 589 209
4 243 226 589 209
4 226 605 606 225
4 623 243 589 209
4 618 103 9 239
4 23 2 238 619
4 249 31 0 500
4 584 608 234 593
4 228 213 614 204
4 42 43 92 105
4 148 137 29 370
4 601 219 223 602
4 222 603 599 221
4 582 597 616 206
4 41 91 106 105
4 222 599 598 220
4 218 219 600 602
4 99 98 422 693
4 425 423 424 692
4 610 218 236 617
4 616 598 237 230
4 214 229 234 593
4 609 614 594 213
4 620 235 227 240
4 620 607 615 240
4 589 238 243 134
4 295 518 519 690
4 595 617 215 237
4 621 586 217 127
4 253 36 1 111
4 513 366 364 685
4 606 589 226 209
4 123 31 7 248
4 584 234 229 593
4 609 614 213 204
4 481 29 496 125
4 596 38 37 109
4 45 243 238 134
4 208 588 624 242
4 622 244 208 588
4 500 249 31 198
4 11 23 2 325
4 593 214 229 592
4 594 609 213 212
4 302 303 645 315
4 0 31 245 248
4 131 325 11 323
4 473 547 471 695
4 332 182 331 330
4 81 82 472 661
4 253 5 625 111
4 234 229 216 584
4 614 609 596 204
4 303 645 315 631
4 602 223 601 613
4 603 222 233 221
4 137 168 28 484
4 330 182 331 176
4 563 105 260 104
4 570 386 567 385
4 103 618 612 224
4 232 23 238 604
4 203 602 127 128
4 594 595 215 213
4 594 215 214 213
4 224 618 606 209
4 589 226 238 604
4 240 607 233 221
4 620 601 227 613
4 602 203 26 128
4 607 620 227 240
4 244 208 231 622
4 611 624 588 242
4 242 624 208 212
4 588 622 244 592
4 334 156 338 152
4 8 537 102 662
4 591 210 229 584
4 590 609 211 204
4 249 0 31 198
4 411 78 79 663
4 0 57 249 500
4 231 245 591 622
4 625 611 242 211
4 346 34 463 349
4 362 454 158 157
4 4 5 1 86
4 209 226 606 225
4 226 605 589 606
4 39 109 108 88
4 593 214 592 594
4 213 214 594 212
4 484 29 137 370
4 131 651 322 323
4 492 80 81 661
4 91 41 42 105
4 83 82 659 267
4 210 31 124 123
4 645 303 642 631
4 583 40 41 222
4 606 224 209 225
4 589 605 226 604
4 651 131 11 323
4 123 245 31 248
4 487 666 136 135
4 593 229 584 592
4 212 609 213 204
4 94 433 3 516
4 119 312 313 640
4 227 219 601 221
4 599 607 601 221
4 253 625 36 111
4 606 612 618 224
4 232 238 226 604
4 105 92 260 104
4 583 41 106 222
4 330 461 183 145
4 26 27 139 327
4 596 37 38 204
4 238 589 619 134
4 481 28 29 125
4 215 214 234 593
4 595 594 614 213
4 651 319 322 323
4 260 555 563 464
4 656 532 85 84
4 538 411 266 694
4 242 611 624 212
4 622 231 244 592
4 620 227 601 607
4 240 227 607 221
4 118 119 558 384
4 25 176 145 429
4 125 481 28 126
4 387 386 570 385
4 590 37 36 111
4 166 149 148 370
4 8 532 85 662
4 20 231 208 622
4 611 588 70 242
4 552 444 445 443
4 133 46 243 623
4 471 353 434 695
4 139 331 176 329
4 84 83 659 508
4 465 28 168 484
4 337 334 338 152
4 79 80 266 657
4 77 76 658 480
4 591 124 210 584
4 149 369 151 150
4 645 651 319 315
4 220 218 600 237
4 260 435 563 104
4 446 650 637 629
4 168 333 139 465
4 207 235 620 585
4 205 615 587 240
4 37 111 110 86
4 210 229 231 591
4 609 611 590 211
4 448 312 313 119
4 479 126 627 321
4 623 46 243 209
4 243 589 133 623
4 362 338 454 157
4 148 29 496 370
4 663 78 77 277
4 245 19 0 248
4 625 69 5 253
4 382 493 579 464
4 352 439 190 339
4 156 338 152 154
4 425 424 525 692
4 571 468 289 357
4 650 446 314 629
4 323 2 11 490
4 229 231 591 592
4 611 609 212 211
4 347 10 300 298
4 321 128 638 317
4 224 606 612 225
4 605 232 226 604
4 592 214 244 594
4 151 369 336 150
4 139 331 182 176
4 211 37 590 204
4 26 27 327 127
4 624 592 244 594
4 256 72 19 245
4 22 69 255 625
4 108 107 39 89
4 384 119 558 355
4 651 319 315 322
4 31 7 0 262
4 301 654 122 299
4 176 331 330 329
4 257 281 577 289
4 640 120 312 634
4 384 448 119 355
4 461 183 332 330
4 629 446 314 455
4 584 229 591 592
4 609 212 211 204
4 20 256 231 622
4 70 255 611 242
4 617 218 236 237
4 616 598 617 237
4 313 119 640 632
4 637 315 446 450
4 64 65 18 279
4 281 577 289 357
4 24 376 130 449
4 275 252 58 198
4 579 493 357 464
4 617 610 218 621
4 237 598 241 230
4 552 573 444 280
4 638 320 627 321
4 615 205 225 240
4 620 235 605 585
4 462 456 644 457
4 454 334 156 338
4 314 316 313 649
4 329 26 139 327
4 317 629 314 455
4 464 260 555 436
4 59 13 180 193
4 347 298 544 698
4 92 435 260 104
4 311 446 314 650
4 24 25 429 449
4 40 90 265 89
4 654 301 300 299
4 454 334 182 156
4 571 296 113 289
4 12 58 252 198
4 218 617 600 237
4 382 579 576 464
4 629 637 446 455
4 116 392 389 391
4 256 20 71 622
4 255 70 21 242
4 312 313 640 311
4 447 301 122 299
4 329 139 333 465
4 33 34 346 349
4 328 429 25 449
4 207 235 227 620
4 615 607 587 240
4 329 176 26 328
4 310 311 634 303
4 93 43 92 258
4 260 106 105 555
4 119 118 448 384
4 484 496 29 370
4 506 7 56 250
4 598 616 241 230
4 610 236 218 621
4 604 238 589 619
4 618 224 239 209
4 556 386 567 570
4 222 583 40 241
4 602 621 203 127
4 311 312 310 634
4 27 28 335 127
4 599 583 603 222
4 203 223 219 602
4 303 446 311 653
4 591 245 72 622
4 242 22 625 211
4 496 478 481 125
4 131 376 325 322
4 447 493 560 354
4 151 336 337 152
4 448 312 119 355
4 493 382 560 354
4 484 137 368 370
4 456 630 644 457
4 429 376 24 449
4 331 454 334 182
4 149 368 137 370
4 145 176 330 429
4 653 303 446 315
4 92 260 91 105
4 336 334 337 152
4 126 335 28 127
4 451 448 118 384
4 552 573 280 110
4 114 115 515 628
4 386 384 451 567
4 127 327 26 128
4 576 382 464 436
4 610 586 217 621
4 475 462 644 457
4 640 313 314 311
4 462 641 456 318
4 325 23 376 131
4 576 563 555 464
4 319 302 645 315
4 514 148 166 146
4 24 145 453 429
4 128 629 317 455
4 176 26 139 329
4 456 451 117 389
4 201 350 361 360
4 64 17 63 497
4 336 466 369 151
4 327 328 26 326
4 325 2 11 323
4 168 368 333 465
4 217 236 610 621
4 330 176 329 328
4 121 310 447 354
4 386 117 451 389
4 169 333 331 139
4 314 316 649 317
4 384 558 383 355
4 345 33 346 349
4 575 383 382 436
4 376 24 453 429
4 302 654 301 300
4 633 274 54 251
4 462 627 644 648
4 384 383 558 385
4 605 226 235 225
4 605 615 606 225
4 260 441 91 106
4 176 330 183 145
4 128 321 326 317
4 321 638 320 317
4 571 113 296 468
4 337 466 336 151
4 638 316 320 317
4 27 327 335 465
4 145 179 24 453
4 448 313 318 632
4 350 378 201 361
4 152 338 337 154
4 652 52 73 264
4 440 387 570 385
4 302 303 642 645
4 64 279 188 497
4 120 310 312 634
4 490 323 2 340
4 154 338 337 339
4 599 600 598 220
4 219 218 600 220
4 455 637 446 450
4 637 631 315 450
4 154 338 339 348
4 328 26 329 327
4 567 386 384 385
4 54 74 633 251
4 139 27 168 465
4 575 382 576 436
4 331 454 182 332
4 391 503 115 504
4 384 118 451 567
4 316 318 313 632
4 325 131 322 323
4 139 333 331 329
4 318 316 462 648
4 447 560 121 354
4 106 91 260 105
4 31 210 245 123
4 121 310 301 447
4 320 462 316 648
4 231 229 244 592
4 611 609 624 212
4 14 61 15 142
4 455 449 129 450
4 468 296 571 289
4 5 539 111 86
4 314 640 311 650
4 574 383 390 385
4 354 382 566 355
4 319 651 11 323
4 151 369 149 167
4 320 479 627 321
4 331 182 169 139
4 641 451 456 318
4 53 73 52 264
4 387 386 388 556
4 354 120 312 355
4 448 318 451 118
4 590 36 625 111
4 260 441 555 436
4 195 341 375 343
4 382 383 566 355
4 120 312 310 354
4 53 54 74 499
4 558 574 567 385
4 116 115 635 391
4 317 326 128 455
4 664 665 10 698
4 313 448 119 632
4 510 444 573 280
4 389 388 116 391
4 390 564 441 436
4 598 616 597 241
4 236 217 218 621
4 326 449 129 455
4 440 574 390 385
4 124 477 476 626
4 392 456 630 389
4 441 482 564 390
4 92 93 435 104
4 368 333 336 150
4 311 640 312 634
4 61 14 263 142
4 50 51 68 502
4 111 36 1 86
4 122 654 10 299
4 453 145 461 429
4 630 456 392 457
4 627 479 320 475
4 260 441 106 555
4 383 575 390 436
4 33 170 345 343
4 344 32 33 343
4 334 333 331 169
4 235 615 225 240
4 620 605 235 615
4 126 479 335 321
4 300 10 654 299
4 468 571 113 580
4 169 334 333 336
4 383 574 558 385
4 115 114 515 504
4 232 226 235 605
4 606 615 612 225
4 177 438 437 381
4 296 468 580 299
4 440 482 390 553
4 336 369 368 150
4 158 332 454 483
4 447 580 468 299
4 435 260 563 464
4 335 28 465 484
4 368 149 369 370
4 449 376 130 450
4 553 440 482 268
4 10 296 113 299
4 150 149 368 137
4 3 271 433 95
4 258 44 43 172
4 387 386 556 570
4 450 130 631 322
4 121 568 560 447
4 170 474 345 343
4 67 49 50 273
4 389 388 386 556
4 169 182 334 156
4 258 93 44 516
4 341 375 179 195
4 298 10 296 113
4 150 169 336 152
4 376 130 450 322
4 461 375 179 453
4 564 555 441 436
4 499 54 74 633
4 39 38 109 88
4 360 34 35 171
4 375 505 170 474
4 136 645 487 135
4 348 338 362 157
4 173 147 511 498
4 61 14 60 263
4 93 44 43 258
4 576 382 575 566
4 459 476 639 475
4 151 466 369 167
4 145 330 461 429
4 332 183 461 184
4 169 334 336 152
4 462 320 627 648
4 382 576 579 560
4 54 499 274 633
4 392 630 116 389
4 652 114 6 545
4 464 555 576 436
4 123 245 72 591
4 22 36 625 211
4 515 635 115 391
4 501 60 59 193
4 644 641 630 456
4 352 190 153 339
4 535 562 399 503
4 241 222 598 220
4 218 600 621 602
4 33 345 344 343
4 639 476 479 475
4 520 172 144 192
4 180 252 275 198
4 643 458 459 457
4 57 0 7 262
4 56 57 7 262
4 264 515 114 504
4 483 454 158 362
4 567 384 558 385
4 179 453 341 195
4 149 166 420 370
4 601 600 219 602
4 221 599 222 220
4 126 125 479 639
4 362 348 157 363
4 130 131 631 322
4 382 383 575 566
4 59 180 252 275
4 504 502 503 554
4 565 445 440 268
4 162 378 160 485
4 435 93 281 103
4 319 645 302 136
4 361 485 162 416
4 165 348 439 380
4 379 323 11 490
4 10 298 296 299
4 511 37 147 173
4 368 333 150 168
4 455 129 637 450
4 333 169 150 168
4 644 641 456 462
4 346 33 345 344
4 388 399 387 569
4 130 637 129 450
4 450 631 315 322
4 440 387 445 570
4 342 341 32 343
4 630 117 116 389
4 579 493 382 560
4 118 448 318 632
4 560 568 493 447
4 117 451 118 567
4 375 179 453 341
4 11 319 323 379
4 568 468 493 447
4 23 453 341 325
4 122 121 301 447
4 108 553 482 268
4 392 116 635 391
4 63 17 16 143
4 13 59 60 193
4 648 316 320 638
4 568 468 571 357
4 622 591 231 592
4 212 242 611 211
4 483 160 378 485
4 118 318 641 632
4 471 547 353 695
4 124 31 533 123
4 13 59 180 252
4 439 339 348 165
4 478 506 477 647
4 30 31 146 533
4 453 23 376 325
4 258 43 437 144
4 500 275 58 198
4 504 503 115 554
4 479 627 639 475
4 264 114 515 628
4 493 468 568 357
4 160 378 505 483
4 500 31 57 262
4 485 162 378 361
4 474 170 375 343
4 440 390 574 553
4 344 342 32 343
4 143 63 17 497
4 441 107 106 564
4 128 327 26 326
4 71 72 256 622
4 21 22 255 242
4 369 149 368 150
4 598 583 222 241
4 621 203 218 602
4 110 109 37 87
4 351 352 153 339
4 172 405 194 171
4 279 18 64 188
4 475 643 459 457
4 127 627 126 321
4 325 341 2 340
4 120 121 310 634
4 639 626 476 459
4 579 493 568 357
4 16 15 62 185
4 314 649 629 317
4 482 107 553 108
4 570 445 440 565
4 646 53 74 499
4 565 553 108 268
4 481 479 335 126
4 583 598 597 241
4 203 218 217 621
4 169 333 139 168
4 379 11 319 136
4 124 262 533 478
4 375 505 184 170
4 147 279 511 498
4 539 5 4 86
4 555 564 575 436
4 130 376 131 322
4 644 639 627 475
4 437 43 42 144
4 629 649 638 317
4 556 388 387 569
4 34 35 403 360
4 86 1 4 540
4 441 482 107 564
4 505 184 170 474
4 382 566 560 354
4 575 574 383 390
4 336 151 150 152
4 459 639 643 475
4 451 117 641 456
4 633 274 647 529
4 638 649 316 317
4 391 115 515 504
4 128 127 327 326
4 641 117 451 118
4 447 122 580 299
4 500 58 249 198
4 176 25 26 328
4 437 92 43 258
4 123 124 210 591
4 128 129 629 455
4 570 440 574 553
4 168 27 28 465
4 252 180 12 198
4 488 201 171 192
4 369 149 420 370
4 187 416 485 363
4 443 552 444 280
4 451 117 386 567
4 6 52 652 545
4 487 645 302 135
4 390 575 564 436
4 635 392 458 457
4 171 361 201 488
4 119 120 312 640
4 435 557 281 357
4 570 574 440 385
4 571 557 568 357
4 345 474 141 350
4 341 23 2 195
4 250 123 7 655
4 505 332 461 184
4 514 30 148 146
4 448 118 119 632
4 357 435 557 464
4 199 164 549 517
4 93 435 104 103
4 171 172 405 488
4 117 630 456 389
4 642 301 310 303
4 351 161 352 400
4 477 478 124 476
4 488 361 201 192
4 158 454 182 156
4 626 639 643 459
4 57 0 31 500
4 182 334 331 169
4 42 41 437 177
4 323 325 2 340
4 166 180 420 146
4 577 112 257 289
4 122 301 121 642
4 484 335 28 481
4 461 179 145 453
4 148 149 137 370
4 125 476 479 639
4 354 566 120 355
4 482 564 390 553
4 303 642 301 302
4 635 515 392 391
4 563 557 435 464
4 653 642 303 631
4 420 275 514 146
4 63 16 62 276
4 104 435 557 103
4 555 105 260 563
4 420 166 494 186
4 10 300 298 299
4 155 161 351 400
4 341 2 23 325
4 129 128 326 455
4 561 562 399 569
4 66 48 49 510
4 94 44 9 103
4 321 327 127 326
4 386 117 389 556
4 264 53 646 499
4 172 520 488 192
4 335 28 27 465
4 389 117 116 556
4 184 170 474 191
4 36 37 590 211
4 119 312 120 355
4 641 451 318 118
4 164 199 549 163
4 180 501 59 193
4 161 153 155 351
4 609 594 624 212
4 214 244 229 592
4 349 34 403 360
4 494 501 420 186
4 558 566 383 355
4 276 185 534 412
4 640 314 313 649
4 44 9 3 94
4 184 183 461 145
4 127 638 627 321
4 55 506 655 274
4 153 337 351 339
4 63 143 276 497
4 117 630 641 456
4 35 405 360 171
4 647 633 529 636
4 150 368 168 137
4 566 119 120 355
4 638 127 128 321
4 339 439 190 165
4 23 24 453 376
4 500 514 275 146
4 275 420 180 146
4 145 24 25 429
4 383 574 575 558
4 560 566 120 354
4 114 652 264 545
4 482 107 564 553
4 113 296 290 112
4 112 113 296 289
4 188 279 498 497
4 348 339 154 165
4 637 629 129 455
4 568 557 579 357
4 148 420 166 370
4 92 43 42 437
4 178 159 157 363
4 390 564 574 553
4 577 571 289 357
4 503 562 399 561
4 320 627 648 638
4 87 37 110 86
4 478 476 481 125
4 14 263 142 193
4 334 169 156 152
4 148 166 420 514
4 449 130 129 450
4 302 487 135 300
4 188 143 17 497
4 190 154 339 165
4 501 420 180 275
4 573 559 444 510
4 28 29 137 484
4 29 496 484 481
4 630 635 643 457
4 650 311 446 653
4 570 567 574 385
4 17 64 188 497
4 157 348 178 363
4 458 635 643 636
4 615 605 235 225
4 363 348 178 380
4 281 557 435 103
4 569 399 445 552
4 499 74 646 633
4 264 652 52 545
4 420 166 369 494
4 627 126 479 639
4 506 478 124 647
4 352 175 439 402
4 438 177 531 381
4 279 196 18 188
4 624 244 208 212
4 244 588 592 624
4 553 565 440 268
4 644 643 639 475
4 537 8 76 662
4 375 170 195 343
4 116 388 389 556
4 66 49 67 559
4 263 14 60 193
4 402 401 200 512
4 341 453 23 195
4 336 333 169 150
4 442 541 140 512
4 43 258 172 144
4 499 646 548 636
4 301 310 121 642
4 529 499 548 636
4 462 641 318 648
4 569 445 570 565
4 555 441 106 564
4 383 575 566 558
4 649 640 314 650
4 310 121 120 354
4 40 39 107 89
4 245 210 231 591
4 611 625 590 211
4 147 279 498 188
4 125 124 476 626
4 111 37 36 86
4 628 548 646 636
4 174 140 541 175
4 485 362 159 363
4 458 628 635 636
4 153 161 352 351
4 444 445 399 552
4 618 623 606 209
4 243 226 238 589
4 458 643 635 457
4 635 630 392 457
4 17 64 18 188
4 565 440 570 553
4 559 273 444 510
4 191 474 378 350
4 335 28 481 126
4 180 59 501 275
4 496 148 370 514
4 634 121 310 642
4 637 130 631 450
4 185 276 549 412
4 265 90 40 438
4 128 629 638 317
4 384 558 118 567
4 161 190 153 352
4 170 184 375 179
4 178 187 159 363
4 569 562 399 552
4 335 327 27 127
4 109 38 37 87
4 60 501 263 193
4 567 117 386 556
4 34 403 463 349
4 146 31 500 533
4 250 55 506 655
4 210 245 123 591
4 590 625 36 211
4 544 298 297 698
4 554 562 503 561
4 257 112 290 289
4 580 113 296 299
4 110 111 280 86
4 316 318 632 648
4 514 166 420 146
4 31 7 262 123
4 91 92 42 437
4 28 29 484 481
4 142 263 61 534
4 554 535 562 572
4 311 634 303 653
4 280 443 552 110
4 40 90 107 106
4 281 9 257 577
4 651 315 631 322
4 274 477 647 529
4 136 645 302 487
4 644 643 475 457
4 136 302 319 487
4 93 92 43 104
4 127 335 327 321
4 468 113 296 580
4 575 564 574 390
4 503 388 391 561
4 632 313 316 649
4 114 264 504 545
4 142 61 15 534
4 560 120 121 354
4 533 262 124 123
4 172 520 543 488
4 405 403 35 360
4 496 30 29 148
4 276 549 199 185
4 185 142 15 534
4 563 435 557 104
4 387 399 445 569
4 119 566 558 355
4 138 177 178 531
4 505 184 474 191
4 162 201 378 361
4 170 33 32 343
4 6 52 73 652
4 644 641 462 648
4 570 556 387 569
4 73 53 74 646
4 113 112 571 289
4 262 533 31 123
4 112 296 290 289
4 476 479 481 125
4 580 10 113 299
4 511 272 173 498
4 23 24 179 453
4 191 141 474 350
4 171 405 360 488
4 57 31 0 262
4 196 18 65 279
4 502 50 273 572
4 148 496 30 514
4 570 387 445 569
4 466 494 369 167
4 391 115 503 561
4 445 565 443 268
4 250 506 123 655
4 626 477 476 459
4 370 148 420 514
4 388 503 399 561
4 16 63 143 276
4 461 375 505 184
4 557 563 579 464
4 276 16 62 185
4 461 375 184 179
4 108 109 565 268
4 626 476 125 639
4 439 190 175 352
4 172 258 520 144
4 315 653 303 631
4 488 171 172 192
4 494 546 501 186
4 643 644 630 457
4 483 362 159 485
4 151 466 155 351
4 441 90 91 106
4 273 67 49 559
4 401 200 161 402
4 158 483 362 159
4 502 504 545 578
4 498 401 164 517
4 185 549 199 412
4 568 121 122 447
4 311 650 634 653
4 648 649 316 638
4 141 474 170 191
4 632 318 641 648
4 554 502 535 572
4 39 265 442 89
4 15 62 185 534
4 268 482 108 89
4 201 191 378 350
4 420 166 149 369
4 483 158 160 159
4 143 16 276 185
4 192 488 361 416
4 444 562 559 573
4 87 110 280 86
4 68 51 6 578
4 357 557 579 464
4 502 68 50 572
4 631 131 651 322
4 378 505 474 191
4 642 310 634 303
4 541 174 175 452
4 37 511 272 173
4 408 494 466 167
4 152 337 151 153
4 499 274 633 529
4 146 275 500 198
4 439 197 380 452
4 184 461 179 145
4 466 408 155 351
4 272 87 38 88
4 506 123 7 250
4 534 142 263 412
4 109 552 565 443
4 405 35 194 171
4 156 338 154 157
4 159 362 157 363
4 533 496 30 478
4 189 147 498 188
4 316 632 649 648
4 512 401 164 498
4 187 485 159 363
4 568 122 580 447
4 348 154 338 157
4 153 152 337 154
4 636 643 458 459
4 42 41 91 437
4 568 580 468 447
4 51 502 545 578
4 549 164 401 517
4 498 189 188 497
4 65 4 1 540
4 549 401 164 163
4 441 482 90 107
4 191 378 505 160
4 90 40 41 106
4 192 520 488 416
4 351 408 155 400
4 48 5 4 539
4 412 163 408 400
4 388 556 561 569
4 38 37 272 173
4 391 388 116 561
4 41 438 437 177
4 363 187 416 381
4 281 93 94 103
4 347 135 487 300
4 416 485 162 187
4 177 138 438 531
4 626 124 477 647
4 479 481 125 126
4 654 302 135 300
4 635 630 116 392
4 341 2 32 195
4 127 126 335 321
4 164 199 189 517
4 443 565 109 268
4 546 181 186 167
4 144 42 437 177
4 91 42 92 105
4 337 153 154 339
4 194 44 3 516
4 556 116 388 561
4 392 515 635 458
4 160 191 378 162
4 319 379 136 487
4 534 185 142 412
4 265 39 40 89
4 503 535 562 554
4 124 123 506 647
4 67 50 68 572
4 181 408 155 167
4 93 94 44 516
4 554 503 115 561
4 352 401 161 402
4 161 155 163 400
4 520 543 258 172
4 108 268 89 88
4 444 562 273 559
4 443 109 552 110
4 157 348 154 165
4 141 191 201 350
4 535 503 502 554
4 62 276 185 534
4 588 244 208 624
4 391 116 115 561
4 562 444 399 552
4 146 500 514 533
4 576 382 566 560
4 561 399 388 569
4 575 576 555 436
4 60 14 13 193
4 109 443 268 88
4 146 514 30 533
4 647 506 477 274
4 171 360 361 488
4 140 272 442 512
4 3 433 194 516
4 360 361 201 171
4 268 108 109 88
4 636 626 643 459
4 178 363 380 381
4 178 348 157 165
4 153 151 155 351
4 478 123 262 506
4 642 654 301 302
4 416 192 144 187
4 36 1 86 540
4 655 506 647 274
4 187 177 144 381
4 497 143 276 517
4 315 645 651 631
4 439 175 190 165
4 178 197 138 380
4 402 175 439 452
4 192 361 162 416
4 502 51 68 578
4 497 189 143 517
4 11 651 319 136
4 144 520 192 416
4 559 49 273 510
4 477 626 647 636
4 127 128 321 326
4 543 405 172 488
4 380 197 138 531
4 477 626 636 459
4 598 241 220 237
4 600 617 218 621
4 65 1 18 196
4 263 501 546 186
4 9 112 257 577
4 200 175 161 402
4 115 635 515 628
4 466 155 408 167
4 50 67 273 572
4 94 9 257 281
4 144 520 187 381
4 577 281 9 103
4 445 565 552 443
4 201 378 191 162
4 498 189 497 517
4 562 273 559 572
4 636 529 477 459
4 162 160 159 485
4 86 87 37 511
4 124 533 30 478
4 151 155 466 167
4 87 109 38 88
4 559 66 49 510
4 160 483 159 485
4 577 281 557 357
4 438 91 41 437
4 442 272 38 88
4 477 124 478 647
4 245 72 19 248
4 625 22 69 253
4 262 124 123 478
4 515 548 628 458
4 66 5 48 581
4 173 272 38 140
4 175 200 140 402
4 75 55 250 655
4 107 90 441 106
4 632 640 313 649
4 62 15 61 534
4 185 181 142 412
4 476 478 124 125
4 531 177 178 381
4 529 477 647 636
4 548 628 458 636
4 159 162 485 187
4 545 6 51 578
4 32 341 195 343
4 89 39 108 88
4 580 122 10 299
4 443 109 87 88
4 158 362 157 159
4 48 66 581 510
4 453 179 23 195
4 199 549 163 412
4 163 408 181 412
4 314 649 650 629
4 181 142 546 186
4 280 573 581 111
4 545 114 6 578
4 197 175 174 452
4 352 161 175 402
4 108 482 107 89
4 571 577 557 357
4 380 138 178 531
4 115 114 504 554
4 654 302 645 135
4 196 147 279 511
4 10 654 135 300
4 505 184 191 160
4 273 535 502 572
4 319 651 645 136
4 111 280 573 110
4 189 498 164 517
4 539 581 5 111
4 628 635 515 458
4 181 263 142 412
4 161 175 190 352
4 565 569 445 552
4 274 647 655 633
4 520 258 437 144
4 514 496 30 533
4 175 140 541 402
4 504 502 554 578
4 199 181 185 412
4 165 178 348 380
4 195 170 32 343
4 124 123 478 506
4 110 280 443 87
4 175 439 197 165
4 165 439 197 380
4 190 154 153 339
4 178 380 531 381
4 535 273 562 572
4 458 529 636 459
4 302 642 654 645
4 163 181 199 412
4 408 181 546 167
4 559 273 67 572
4 557 281 577 103
4 482 90 107 89
4 31 500 533 262
4 402 541 175 452
4 640 311 650 634
4 512 173 272 498
4 1 65 540 196
4 438 41 138 177
4 58 12 249 198
4 41 90 91 438
4 375 170 179 195
4 144 520 416 187
4 5 48 581 539
4 516 194 44 172
4 89 442 39 88
4 529 548 458 636
4 579 563 576 464
4 35 3 433 194
4 279 540 196 511
4 549 163 412 400
4 110 443 109 87
4 520 416 187 381
4 163 549 401 400
4 66 559 581 510
4 402 200 140 512
4 196 65 540 279
4 44 94 93 103
4 363 178 187 381
4 142 263 181 546
4 193 263 142 186
4 138 265 438 531
4 146 500 31 198
4 68 502 578 572
4 531 197 265 452
4 273 562 444 535
4 516 433 194 405
4 40 39 265 174
4 161 401 352 400
4 155 408 181 163
4 442 39 140 174
4 634 642 303 653
4 510 573 581 280
4 56 262 123 506
4 539 280 581 111
4 498 173 147 189
4 652 114 264 628
4 94 3 44 516
4 38 37 87 272
4 511 87 37 272
4 402 140 541 512
4 197 265 138 531
4 51 52 6 545
4 568 493 579 560
4 512 164 173 498
4 91 90 41 106
4 262 7 56 123
4 188 189 143 497
4 442 39 38 140
4 164 200 401 512
4 446 650 653 637
4 548 264 646 499
4 180 501 193 186
4 281 94 9 103
4 197 439 175 452
4 163 155 408 400
4 438 40 265 138
4 510 581 48 539
4 123 7 56 506
4 189 199 143 517
4 548 646 652 628
4 264 646 652 548
4 186 166 494 167
4 178 177 187 381
4 138 174 265 197
4 442 38 272 140
4 38 39 442 88
4 531 380 197 452
4 442 265 39 174
4 197 178 165 380
4 122 654 301 642
4 257 95 9 94
4 573 444 562 552
4 581 510 280 539
4 401 161 164 163
4 86 37 36 511
4 194 543 405 172
4 416 162 192 187
4 438 41 40 138
4 140 541 442 174
4 194 516 543 172
4 546 263 181 412
4 401 161 163 400
4 111 539 280 86
4 548 652 264 628
4 140 173 272 512
4 197 174 265 452
4 147 196 36 511
4 501 263 193 186
4 180 275 146 198
4 498 164 173 189
4 546 142 263 186
4 554 114 504 578
4 433 35 403 528
4 173 140 200 512
4 174 265 40 138
4 399 444 562 535
4 196 540 36 511
4 276 143 199 517
4 279 147 196 188
4 36 1 540 196
4 361 162 201 192
4 573 581 559 510
4 580 468 571 568
4 545 504 114 578
4 276 199 143 185
4 147 36 37 511
4 95 3 9 94
4 571 112 577 289
4 194 433 35 405
4 408 546 494 167
4 174 541 265 452
4 90 41 40 438
4 265 442 541 174
4 107 90 40 89
4 200 164 173 512
4 548 264 515 628
4 540 86 36 511
4 276 199 549 517
4 655 506 123 647
4 186 494 546 167
4 502 554 578 572
4 181 408 546 412
4 433 403 35 405
4 164 200 161 401
4 543 516 194 405
4 134 490 379 11
4 134 379 490 671
4 691 304 308 306
4 691 308 304 679
4 112 672 698 132
4 698 672 112 290
4 697 270 683 669
4 697 683 270 417
4 671 135 487 347
4 671 487 135 666
4 271 680 47 528
4 47 680 271 672
4 694 472 471 670
4 694 471 472 492
4 523 697 270 417
4 270 697 523 677
4 686 259 98 673
4 686 98 259 97
4 687 695 683 669
4 683 695 687 670
4 112 698 113 665
4 113 698 112 290
4 693 431 261 676
4 693 261 431 428
4 96 692 271 423
4 271 692 96 672
4 689 285 489 291
4 689 489 285 678
4 696 247 246 46
4 696 246 247 680
4 202 125 216 29
4 216 125 202 608
4 613 26 602 223
4 602 26 613 128
4 233 106 222 603
4 233 222 106 41
4 228 109 39 38
4 228 39 109 582
4 202 610 234 608
4 234 610 202 236
4 616 228 206 230
4 206 228 616 582
4 43 587 612 104
4 43 612 587 205
4 207 130 232 585
4 232 130 207 24
4 43 612 103 104
4 43 103 612 224
4 130 232 23 24
4 130 23 232 604
4 55 75 274 655
4 55 274 75 251
4 633 274 75 655
4 633 75 274 251
4 496 125 124 478
4 124 125 496 29
4 124 30 496 478
4 496 30 124 29
4 107 206 241 597
4 241 206 107 40
4 241 583 107 597
4 107 583 241 40
4 127 217 28 586
4 127 28 217 27
4 213 616 228 614
4 213 228 616 230
4 610 234 215 236
4 610 215 234 593
4 157 454 156 338
4 157 156 454 158
4 215 594 593 595
4 593 594 215 214
4 484 168 368 137
4 484 368 168 465
4 244 594 212 624
4 212 594 244 214
4 158 332 182 454
4 158 182 332 183
4 429 176 328 25
4 429 328 176 330
4 616 206 241 230
4 241 206 616 597
4 610 217 202 236
4 610 202 217 586
4 139 327 465 329
4 465 327 139 27
4 600 237 598 220
4 598 237 600 617
4 462 627 475 644
4 462 475 627 320
4 170 345 141 33
4 141 345 170 474
4 342 2 341 340
4 342 341 2 32
4 315 637 653 631
4 653 637 315 446
4 264 73 646 53
4 264 646 73 652
4 239 209 623 618
4 623 209 239 47
4 623 132 239 618
4 239 132 623 47
4 167 369 166 494
4 167 166 369 149
4 134 238 2 619
4 134 2 238 45
4 141 350 349 345
4 141 33 349 34
4 349 33 141 345
4 420 186 180 166
4 180 186 420 501
4 332 184 160 183
4 160 184 332 505
4 332 483 160 505
4 499 636 633 646
4 633 636 499 529
4 151 351 337 466
4 337 351 151 153
4 144 381 437 520
4 437 381 144 177
4 516 172 258 543
4 258 172 516 44
4 360 171 141 34
4 360 349 141 350
4 141 349 360 34
4 160 332 158 483
4 158 332 160 183
4 141 360 201 171
4 201 360 141 350

CELL_TYPES 3673
1
1
1
1
1
1
1
1
1
1
1
1
3
3
3
3
3
3
3
3
3
3
3
3
3
3
3
3
3
3
3
3
3
3
3
3
3
3
3
3
3
3
3
3
3
3
3
3
3
3
3
3
3
3
3
3
3
3
3
3
3
3
3
3
3
3
3
3
3
3
3
3
3
3
3
3
3
3
3
3
3
3
3
3
3
3
3
3
3
3
3
3
3
3
3
3
3
3
3
3
3
3
3
3
3
3
3
3
3
3
3
3
3
3
3
3
3
3
3
3
3
3
3
3
3
3
3
3
3
3
3
3
3
3
3
3
3
3
3
3
3
3
3
3
3
3
3
3
3
3
3
3
3
3
3
5
5
5
5
5
5
5
5
5
5
5
5
5
5
5
5
5
5
5
5
5
5
5
5
5
5
5
5
5
5
5
5
5
5
5
5
5
5
5
5
5
5
5
5
5
5
5
5
5
5
5
5
5
5
5
5
5
5
5
5
5
5
5
5
5
5
5
5
5
5
5
5
5
5
5
5
5
5
5
5
5
5
5
5
5
5
5
5
5
5
5
5
5
5
5
5
5
5
5
5
5
5
5
5
5
5
5
5
5
5
5
5
5
5
5
5
5
5
5
5
5
5
5
5
5
5
5
5
5
5
5
5
5
5
5
5
5
5
5
5
5
5
5
5
5
5
5
5
5
5
5
5
5
5
5
5
5
5
5
5
5
5
5
5
5
5
5
5
5
5
5
5
5
5
5
5
5
5
5
5
5
5
5
5
5
5
5
5
5
5
5
5
5
5
5
5
5
5
5
5
5
5
5
5
5
5
5
5
5
5
5
5
5
5
5
5
5
5
5
5
5
5
5
5
5
5
5
5
5
5
5
5
5
5
5
5
5
5
5
5
5
5
5
5
5
5
5
5
5
5
5
5
5
5
5
5
5
5
5
5
5
5
5
5
5
5
5
5
5
5
5
5
5
5
5
5
5
5
5
5
5
5
5
5
5
5
5
5
5
5
5
5
5
5
5
5
5
5
5
5
5
5
5
5
5
5
5
5
5
5
5
5
5
5
5
5
5
5
5
5
5
5
5
5
5
5
5
5
5
5
5
5
5
5
5
5
5
5
5
5
5
5
5
5
5
5
5
5
5
5
5
5
5
5
5
5
5
5
5
5
5
5
5
5
5
5
5
5
5
5
5
5
5
5
5
5
5
5
5
5
5
5
5
5
5
5
5
5
5
5
5
5
5
5
5
5
5
5
5
5
5
5
5
5
5
5
5
5
5
5
5
5
5
5
5
5
5
5
5
5
5
5
5
5
5
5
5
5
5
5
5
5
5
5
5
5
5
5
5
5
5
5
5
5
5
5
5
5
5
5
5
5
5
5
5
5
5
5
5
5
5
5
5
5
5
5
5
5
5
5
5
5
5
5
5
5
5
5
5
5
5
5
5
5
5
5
5
5
5
5
5
5
5
5
5
5
5
5
5
5
5
5
5
5
5
5
5
5
5
5
5
5
5
5
5
5
5
5
5
5
5
5
5
5
5
5
5
5
5
5
5
5
5
5
5
5
5
5
5
5
5
5
5
5
5
5
5
5
5
5
5
5
5
5
5
5
5
5
5
5
5
5
5
5
5
5
5
5
5
5
5
5
5
5
5
5
5
5
5
5
5
5
5
5
5
5
5
5
5
5
5
5
5
5
5
5
5
5
5
5
5
5
5
5
5
5
5
5
5
5
5
5
5
5
5
5
5
5
5
5
5
5
5
5
5
5
5
5
5
5
5
5
5
5
5
5
5
5
5
5
5
5
5
5
5
5
5
5
5
5
5
5
5
5
5
5
5
5
5
5
5
5
5
5
5
5
5
5
5
5
5
5
5
5
5
5
5
5
5
5
5
5
5
5
5
5
5
5
5
5
5
5
5
5
5
5
5
5
5
5
5
5
5
5
5
5
5
5
5
5
5
5
5
5
5
5
5
5
5
5
5
5
5
5
5
5
5
5
5
5
5
5
5
5
5
5
5
5
5
5
5
5
5
5
5
5
5
5
5
5
5
5
5
5
5
5
5
5
5
5
5
5
5
5
5
5
5
5
5
5
5
5
5
5
5
5
5
5
5
5
5
5
5
5
5
5
5
5
5
5
5
5
5
5
5
5
5
5
5
5
5
5
5
5
5
5
5
5
5
5
5
5
5
5
5
5
5
5
5
5
5
5
5
5
5
5
5
5
5
5
5
5
5
5
5
5
5
5
5
5
5
5
5
5
5
5
5
5
5
5
5
5
5
5
5
5
5
5
5
5
5
5
5
5
5
5
5
5
5
5
5
5
5
5
5
5
5
5
5
5
5
5
5
5
5
5
5
5
5
5
5
5
5
5
5
5
5
5
5
5
5
5
5
5
5
5
5
5
5
5
5
5
5
5
5
5
5
5
5
5
5
5
5
5
5
5
5
5
5
5
5
5
5
5
5
5
5
5
5
5
5
5
5
5
5
5
5
5
5
5
5
5
5
5
5
5
5
5
5
5
5
5
5
5
5
5
5
5
5
5
5
5
5
5
5
5
5
5
5
5
5
5
5
5
5
5
5
5
5
5
5
5
5
5
5
5
5
5
5
5
5
5
5
5
5
5
5
5
5
5
5
5
5
5
5
5
5
5
5
5
5
5
5
5
5
5
5
5
5
5
5
5
5
5
5
5
5
5
5
5
5
5
5
5
5
5
5
5
5
5
5
5
5
5
5
5
5
5
5
5
5
5
5
5
5
5
5
5
5
5
5
5
5
5
5
5
5
5
5
5
5
5
5
5
5
5
5
5
5
5
5
5
5
5
5
5
5
5
5
5
5
5
5
5
5
5
5
5
5
5
5
5
5
5
5
5
5
5
5
5
5
5
5
5
5
5
5
5
5
5
5
5
5
5
5
5
5
5
5
5
5
5
5
5
5
5
5
5
5
5
5
5
5
5
5
5
5
5
5
5
5
5
5
5
5
5
5
5
5
5
5
5
5
5
5
5
5
5
5
5
5
5
5
5
5
5
5
5
5
5
5
5
5
5
5
5
5
5
5
5
5
5
5
5
5
5
5
5
5
5
5
5
5
5
5
5
5
5
5
5
5
5
5
5
5
5
5
5
5
5
5
5
5
5
5
5
5
5
5
5
5
5
5
5
5
5
5
5
5
5
5
5
5
5
5
5
5
5
5
5
5
5
5
5
5
5
5
5
5
5
5
5
5
5
5
5
5
5
5
5
5
5
5
5
5
5
5
5
5
5
5
5
5
5
5
5
5
5
5
5
5
5
5
5
5
5
5
5
5
5
5
5
5
5
5
5
5
5
5
5
5
5
5
5
5
5
5
5
5
5
10
10
10
10
10
10
10
10
10
10
10
10
10
10
10
10
10
10
10
10
10
10
10
10
10
10
10
10
10
10
10
10
10
10
10
10
10
10
10
10
10
10
10
10
10
10
10
10
10
10
10
10
10
10
10
10
10
10
10
10
10
10
10
10
10
10
10
10
10
10
10
10
10
10
10
10
10
10
10
10
10
10
10
10
10
10
10
10
10
10
10
10
10
10
10
10
10
10
10
10
10
10
10
10
10
10
10
10
10
10
10
10
10
10
10
10
10
10
10
10
10
10
10
10
10
10
10
10
10
10
10
10
10
10
10
10
10
10
10
10
10
10
10
10
10
10
10
10
10
10
10
10
10
10
10
10
10
10
10
10
10
10
10
10
10
10
10
10
10
10
10
10
10
10
10
10
10
10
10
10
10
10
10
10
10
10
10
10
10
10
10
10
10
10
10
10
10
10
10
10
10
10
10
10
10
10
10
10
10
10
10
10
10
10
10
10
10
10
10
10
10
10
10
10
10
10
10
10
10
10
10
10
10
10
10
10
10
10
10
10
10
10
10
10
10
10
10
10
10
10
10
10
10
10
10
10
10
10
10
10
10
10
10
10
10
10
10
10
10
10
10
10
10
10
10
10
10
10
10
10
10
10
10
10
10
10
10
10
10
10
10
10
10
10
10
10
10
10
10
10
10
10
10
10
10
10
10
10
10
10
10
10
10
10
10
10
10
10
10
10
10
10
10
10
10
10
10
10
10
10
10
10
10
10
10
10
10
10
10
10
10
10
10
10
10
10
10
10
10
10
10
10
10
10
10
10
10
10
10
10
10
10
10
10
10
10
10
10
10
10
10
10
10
10
10
10
10
10
10
10
10
10
10
10
10
10
10
10
10
10
10
10
10
10
10
10
10
10
10
10
10
10
10
10
10
10
10
10
10
10
10
10
10
10
10
10
10
10
10
10
10
10
10
10
10
10
10
10
10
10
10
10
10
10
10
10
10
10
10
10
10
10
10
10
10
10
10
10
10
10
10
10
10
10
10
10
10
10
10
10
10
10
10
10
10
10
10
10
10
10
10
10
10
10
10
10
10
10
10
10
10
10
10
10
10
10
10
10
10
10
10
10
10
10
10
10
10
10
10
10
10
10
10
10
10
10
10
10
10
10
10
10
10
10
10
10
10
10
10
10
10
10
10
10
10
10
10
10
10
10
10
10
10
10
10
10
10
10
10
10
10
10
10
10
10
10
10
10
10
10
10
10
10
10
10
10
10
10
10
10
10
10
10
10
10
10
10
10
10
10
10
10
10
10
10
10
10
10
10
10
10
10
10
10
10
10
10
10
10
10
10
10
10
10
10
10
10
10
10
10
10
10
10
10
10
10
10
10
10
10
10
10
10
10
10
10
10
10
10
10
10
10
10
10
10
10
10
10
10
10
10
10
10
10
10
10
10
10
10
10
10
10
10
10
10
10
10
10
10
10
10
10
10
10
10
10
10
10
10
10
10
10
10
10
10
10
10
10
10
10
10
10
10
10
10
10
10
10
10
10
10
10
10
10
10
10
10
10
10
10
10
10
10
10
10
10
10
10
10
10
10
10
10
10
10
10
10
10
10
10
10
10
10
10
10
10
10
10
10
10
10
10
10
10
10
10
10
10
10
10
10
10
10
10
10
10
10
10
10
10
10
10
10
10
10
10
10
10
10
10
10
10
10
10
10
10
10
10
10
10
10
10
10
10
10
10
10
10
10
10
10
10
10
10
10
10
10
10
10
10
10
10
10
10
10
10
10
10
10
10
10
10
10
10
10
10
10
10
10
10
10
10
10
10
10
10
10
10
10
10
10
10
10
10
10
10
10
10
10
10
10
10
10
10
10
10
10
10
10
10
10
10
10
10
10
10
10
10
10
10
10
10
10
10
10
10
10
10
10
10
10
10
10
10
10
10
10
10
10
10
10
10
10
10
10
10
10
10
10
10
10
10
10
10
10
10
10
10
10
10
10
10
10
10
10
10
10
10
10
10
10
10
10
10
10
10
10
10
10
10
10
10
10
10
10
10
10
10
10
10
10
10
10
10
10
10
10
10
10
10
10
10
10
10
10
10
10
10
10
10
10
10
10
10
10
10
10
10
10
10
10
10
10
10
10
10
10
10
10
10
10
10
10
10
10
10
10
10
10
10
10
10
10
10
10
10
10
10
10
10
10
10
10
10
10
10
10
10
10
10
10
10
10
10
10
10
10
10
10
10
10
10
10
10
10
10
10
10
10
10
10
10
10
10
10
10
10
10
10
10
10
10
10
10
10
10
10
10
10
10
10
10
10
10
10
10
10
10
10
10
10
10
10
10
10
10
10
10
10
10
10
10
10
10
10
10
10
10
10
10
10
10
10
10
10
10
10
10
10
10
10
10
10
10
10
10
10
10
10
10
10
10
10
10
10
10
10
10
10
10
10
10
10
10
10
10
10
10
10
10
10
10
10
10
10
10
10
10
10
10
10
10
10
10
10
10
10
10
10
10
10
10
10
10
10
10
10
10
10
10
10
10
10
10
10
10
10
10
10
10
10
10
10
10
10
10
10
10
10
10
10
10
10
10
10
10
10
10
10
10
10
10
10
10
10
10
10
10
10
10
10
10
10
10
10
10
10
10
10
10
10
10
10
10
10
10
10
10
10
10
10
10
10
10
10
10
10
10
10
10
10
10
10
10
10
10
10
10
10
10
10
10
10
10
10
10
10
10
10
10
10
10
10
10
10
10
10
10
10
10
10
10
10
10
10
10
10
10
10
10
10
10
10
10
10
10
10
10
10
10
10
10
10
10
10
10
10
10
10
10
10
10
10
10
10
10
10
10
10
10
10
10
10
10
10
10
10
10
10
10
10
10
10
10
10
10
10
10
10
10
10
10
10
10
10
10
10
10
10
10
10
10
10
10
10
10
10
10
10
10
10
10
10
10
10
10
10
10
10
10
10
10
10
10
10
10
10
10
10
10
10
10
10
10
10
10
10
10
10
10
10
10
10
10
10
10
10
10
10
10
10
10
10
10
10
10
10
10
10
10
10
10
10
10
10
10
10
10
10
10
10
10
10
10
10
10
10
10
10
10
10
10
10
10
10
10
10
10
10
10
10
10
10
10
10
10
10
10
10
10
10
10
10
10
10
10
10
10
10
10
10
10
10
10
10
10
10
10
10
10
10
10
10
10
10
10
10
10
10
10
10
10
10
10
10
10
10
10
10
10
10
10
10
10
10
10
10
10
10
10
10
10
10
10
10
10
10
10
10
10
10
10
10
10
10
10
10
10
10
10
10
10
10
10
10
10
10
10
10
10
10
10
10
10
10
10
10
10
10
10
10
10
10
10
10
10
10
10
10
10
10
10
10
10
10
10
10
10
10
10
10
10
10
10
10
10
10
10
10
10
10
10
10
10
10
10
10
10
10
10
10
10
10
10
10
10
10
10
10
10
10
10
10
10
10
10
10
10
10
10
10
10
10
10
10
10
10
10
10
10
10
10
10
10
10
10
10
10
10
10
10
10
10
10
10
10
10
10
10
10
10
10
10
10
10
10
10
10
10
10
10
10
10
10
10
10
10
10
10
10
10
10
10
10
10
10
10
10
10
10
10
10
10
10
10
10
10
10
10
10
10
10
10
10
10
10
10
10
10
10
10
10
10
10
10
10
10
10
10
10
10
10
10
10
10
10
10
10
10
10
10
10
10
10
10
10
10
10
10
10
10
10
10
10
10
10
10
10
10
10
10
10
10
10
10
10
10
10
10
10
10
10
10
10
10
10
10
10
10
10
10
10
10
10
10
10
10
10
10
10
10
10
10
10
10
10
10
10
10
10
10
10
10
10
10
10
10
10
10
10
10
10
10
10
10
10
10
10
10
10
10
10
10
10
10
10
10
10
10
10
10
10
10
10
10
10
10
10
10
10
10
10
10
10
10
10
10
10
10
10
10
10
10
10
10
10
10
10
10
10
10
10
10
10
10
10
10
10
10
10
10
10
10
10
10
10
10
10
10
10
10
10
10
10
10
10
10
10
10
10
10
10
10
10
10
10
10
10
10
10
10
10
10
10
10
10
10
10
10
10
10
10
10
10
10
10
10
10
10
10
10
10
10
10
10
10
10
10
10
10
10
10
10
10
10
10
10
10
10
10
10
10
10
10
10
10
10
10
10
10
10
10
10
10
10
10
10
10
10
10
10
10
10
10
10
10
10
10
10
10
10
10
10
10
10
10
10
10
10
10
10
10
10
10
10
10
10
10
10
10
10
10
10
10
10
10
10
10
10
10
10
10
10
10
10
10
10
10
10
10
10
10
10
10
10
10
10
10
10
10
10
10
10
10
10
10
10
10
10
10
10
10
10
10
10
10
10
10
10
10
10
10
10
10
10
10
10
10
10
10
10
10
10
10
10
10
10
10
10
10
10
10
10
10
10
10
10
10
10
10
10
10
10
10
10
10
10
10
10
10
10
10
10
10
10
10
10
10
10
10
10
10
10
10
10
10
10
10
10
10
10
10
10
10
10
10
10
10
10
10
10
10
10
10
10
10
10
10
10
10
10
10
10
10
10
10
10
10
10
10
10
10
10
10
10
10
10
10
10
10
10
10
10
10
10
10
10
10
10
10
10
10
10
10
10
10
10
10
10
10
10
10
10
10
10
10
10
10
10
10
10
10
10
10
10
10
10
10
10
10
10
10
10
10
10
10
10
10
10
10
10
10
10
10
10
10
10
10
10
10
10
10
10
10
10
10
10
10
10
10
10
10
10
10
10
10
10
10
10
10
10
10
10
10
10
10
10
10
10
10
10
10
10
10
10
10
10
10
10
10
10
10
10
10
10
10
10
10
10
10
10
10
10
10
10
10
10
10
10
10
10
10
10
10
10
10
10
10
10
10
10
10
10
10
10
10
10
10
10
10
10
10
10
10
10
10
10
10
