# vtk DataFile Version 2.0
whisker_body, Created by Gmsh 4.13.1 
ASCII
DATASET UNSTRUCTURED_GRID
POINTS 717 double
-8.874119674649524 -1.499999999999705 0
8.874119674649528 -1.499999999999699 0
-6.467274627391649 -1.499999999999934 30
6.467274627391646 -1.499999999999938 30
12 0 0
8.874119674649352 1.500000000000214 0
0 9 0
-8.87411967464935 1.500000000000212 0
4.12982931753815 0 100
6.46727462739157 1.500000000000103 30
0 6.638948795261445 30
-6.467274627391571 1.500000000000104 30
-7.584846902842285 -4.844594664205024 0
-5.092435961360746 -7.420720718329175 0
-1.792242851007811 -8.81974294200298 0
1.792242851007785 -8.819742942002986 0
5.092435961360731 -7.420720718329185 0
7.584846902842282 -4.844594664205029 0
-5.324471804789714 -1.5 0
-1.774823934929904 -1.5 0
1.774823934929906 -1.5 0
5.324471804789717 -1.5 0
-6.769882844023054 -1.5 26.25014150089865
-7.071862351382888 -1.5 22.50023129362657
-7.373290231855138 -1.5 18.75027752975809
-7.674231529727759 -1.5 15.00028459573589
-7.974741352843361 -1.5 11.25025649789868
-8.274866615848868 -1.5 7.500198110647091
-8.574647737126879 -1.5 3.750112041965963
-4.788931420189972 -4.598018808010757 30
-1.761714821980892 -6.400937586956791 30
1.761714821980899 -6.400937586956789 30
4.788931420189963 -4.598018808010766 30
8.574647737126879 -1.5 3.750112041965963
8.274866615848865 -1.5 7.500198110647148
7.974741352843361 -1.5 11.25025649789868
7.674231529727755 -1.5 15.00028459573593
7.373290231855138 -1.5 18.75027752975809
7.071862351382885 -1.5 22.5002312936266
6.769882844023051 -1.5 26.25014150089868
-3.233637313695825 -1.5 30
0 -1.5 30
3.233637313695823 -1.5 30
11.34980690040761 3.896393630456207 0
9.469686112756717 7.370552552276022 0
6.563377897469113 10.04599773915035 0
2.945825845689581 11.63280319127197 0
-0.9909521456679979 11.95901391608004 0
-4.820345095835646 10.98927991986068 0
-8.127378859508902 8.82868692807757 0
-10.55368501447787 5.71136871644487 0
-11.83633564083267 1.975135083368787 0
-11.83633564083267 -1.975135083368821 0
-10.55368501447786 -5.711368716444897 0
-8.12737885950888 -8.828686928077589 0
-4.820345095835619 -10.9892799198607 0
-0.9909521456679715 -11.95901391608004 0
2.945825845689616 -11.63280319127196 0
6.563377897469155 -10.04599773915032 0
9.469686112756747 -7.370552552275983 0
11.34980690040762 -3.896393630456205 0
7.818029843080671 4.458520984889497 0
5.809475019311043 6.873863542433829 0
3.093156003024702 8.451768213868164 0
5.324471804789612 1.5 0
1.774823934929872 1.5 0
-1.774823934929868 1.5 0
-5.324471804789608 1.5 0
-3.093156003024702 8.451768213868164 0
-5.809475019311038 6.873863542433833 0
-7.818029843080673 4.458520984889494 0
2.574906462902252 3.228830577670782 100
-0.9189734768187546 4.026285874214754 100
-3.720847644852559 1.791865786210781 100
-3.720847644852582 -1.791865786210735 100
-0.9189734768187868 -4.026285874214746 100
2.574906462902235 -3.228830577670795 100
11.69730112759762 0 3.846153846153846
11.39460225519524 0 7.692307692307693
11.09190338279286 0 11.53846153846154
10.78920451039049 0 15.38461538461539
10.48650563798811 0 19.23076923076923
10.18380676558573 0 23.07692307692308
9.881107893183348 0 26.92307692307692
9.578409020780969 0 30.76923076923077
9.27571014837859 0 34.61538461538461
8.973011275976212 0 38.46153846153846
8.670312403573833 0 42.30769230769231
8.367613531171454 0 46.15384615384615
8.064914658769075 0 50
7.762215786366696 0 53.84615384615385
7.459516913964317 0 57.69230769230769
7.156818041561938 0 61.53846153846154
6.85411916915956 0 65.38461538461539
6.551420296757181 0 69.23076923076923
6.248721424354802 0 73.07692307692308
5.946022551952423 0 76.92307692307692
5.643323679550044 0 80.76923076923077
5.340624807147665 0 84.61538461538461
5.037925934745286 0 88.46153846153847
4.735227062342908 0 92.30769230769231
4.432528189940529 0 96.15384615384616
6.769882844023054 1.5 26.25014150089865
7.071862351382888 1.5 22.50023129362657
7.373290231855138 1.5 18.75027752975809
7.674231529727759 1.5 15.00028459573589
7.974741352843361 1.5 11.25025649789868
8.274866615848868 1.5 7.500198110647091
8.574647737126879 1.5 3.750112041965963
5.180845138667606 4.151443695300182 30
2.873536060900797 5.984850174633123 30
0 8.70486859940768 3.75
0 8.40973719881536 7.5
0 8.114605798223042 11.25
0 7.819474397630723 15
0 7.524342997038404 18.75
0 7.229211596446084 22.5
0 6.934080195853765 26.25
-8.574647737126879 1.5 3.750112041965963
-8.274866615848865 1.5 7.500198110647148
-7.974741352843361 1.5 11.25025649789868
-7.674231529727755 1.5 15.00028459573593
-7.373290231855138 1.5 18.75027752975809
-7.071862351382885 1.5 22.5002312936266
-6.769882844023051 1.5 26.25014150089868
3.233637313695785 1.5 30
0 1.5 30
-3.233637313695786 1.5 30
-2.873536060900794 5.984850174633125 30
-5.180845138667604 4.151443695300185 30
-5.881079245256547 -4.467072118459964 20.5174225191454
-6.578122512084295 -4.508547994507262 13.0253927341364
6.905653151950356 -4.543727735508969 9.321165558906236
6.231531092138027 -4.489004369886399 16.77157811807692
-1.273726035872935e-14 -8.755741709905614 3.103595842447223
-0.005882990554596722 -6.888324147664198 26.83135379580201
-7.261202452654314 -4.541750973683524 5.532140747197652
6.292644529000632 -6.088155527105011 3.103595842447224
5.242029700387259 -4.769690953886432 24.30404893422554
5.855897568046742 -4.501376422548986 20.50701448230688
3.637615949492 -6.615323672671104 18.43051251899875
4.043234548348364 -6.719569202127474 14.71103723536443
0.7817129838205694 -7.680189594731213 16.26559832670697
1.197764473595464 -7.921624974950941 12.55798217477753
-0.2852743644678978 -7.449648094599728 19.6297115719207
-2.191159682953352 -7.586963646326545 14.01446987509068
-1.759887943990421 -7.99516722185605 10.3356266535209
1.594800649414705 -8.143620184948229 8.915824478685394
-1.279291440879534 -8.376295876667911 6.690778775985814
-4.711707424655964 -6.925442285582011 7.925211808238643
-4.341568442315407 -7.474917953821926 4.519823046317528
-6.924669588002734 -4.51848979734702 9.294814120486224
3.231390119484966 -6.496317274783307 22.16445059577688
4.402133222062844 -6.841219559883934 10.98865156192888
-6.355733041540748 -4.303554078306649 16.82719963328869
-3.774698440989269 -6.533772108257889 18.47784397617544
-3.182402988385301 -6.537094927887029 21.97439488082641
3.518495395948027 -5.907780088442306 26.98585432459886
-5.255309019238062 -4.756843936322278 24.28880224570208
-3.518495395948028 -5.907780088442306 26.98585432459886
6.574044782302814 -4.50679492755313 13.08072287616724
-0.007624603838223555 -7.152015032038067 23.48082371162641
4.742744148888466 -7.006078009103499 6.855980494245213
3.417584831073757 -8.061837562478999 3.096268997139131
7.338969425872266 -4.357872547714696 5.904439892551208
-4.534063026669167 -6.717582995144443 11.37783521310437
-6.396318238090862 -6.056114531779111 2.433427191856622
1.722327147591672 -8.365971117343008 5.826790598698065
-4.491043318073222 -6.419406305208318 14.8100083800148
5.511422002693164 -4.072189996699685 27.28495443770273
-5.5116911766381 -4.071855140226877 27.28473188780144
7.769726565525452 -4.094826209308644 2.760744857158343
-7.944376002636147 -3.793760454765787 2.493798781120259
-2.370525580687967 -6.646606831552233 24.69218462410312
2.320133487247964 -6.664181921433961 24.69437581011321
-3.45337059697 -8.146253618250636 1.931262347010188
-1.787645274266479 -7.468941974721537 16.77353876630461
0.008941560498534784 -1.5 3.207299432771665
4.465335064588901 -1.5 13.10526181764003
-3.992904068239997 -1.5 20.36453520044427
-4.641531823157455 -1.5 12.86745159552519
3.443255420800105 -1.5 23.90858987884778
-1.616818656847911 -1.5 27.19958793971415
5.561662992413556 -1.5 5.414429613578019
-5.55272143191502 -1.5 5.413739526720288
-3.492293593553695 -1.5 24.3709928746249
-0.4082336504747737 -1.5 21.9350107475389
-0.8465302204925926 -1.5 18.24817316785226
2.477022808544525 -1.5 19.82665951546873
2.16529350349011 -1.5 16.11513517936872
-1.339868793734803 -1.5 14.6812113538547
4.888971886118238 -1.5 9.098694136218128
1.495458429596024 -1.5 10.38504305159217
-5.028083803511003 -1.5 9.127216772776183
-1.813857328828919 -1.5 6.969605192474946
-4.311392777867958 -1.5 16.65198890719507
2.281804234942875 -1.5 6.285185340777424
1.565943628316822 -1.5 27.23434764548404
-1.839954258699008 -1.5 10.87963956837849
3.53376785291332 -1.5 2.827025798112725
-3.549647869859809 -1.5 2.636040618029595
-0.1016293703518922 -1.5 24.92970581724195
4.978873016582096 -1.5 17.06099899543736
-4.315981407102421 -1.5 27.56414446304755
4.295998766845484 -1.5 27.4786158050461
1.224432866791428 -1.5 13.25891331725999
5.195387464025712 -1.5 20.46230540749232
-6.375121703668189 -1.5 2.359978437343169
6.212790549233764 -1.5 2.513604833748719
-1.633492979803755 -3.536974597095893 30
1.064845959013673 -3.989478096503372 30
4.098470638881822 -9.479816147688613 0
-7.099295739719495 7.814668436628774e-14 0
7.099295739719569 1.698500362568311e-13 0
1.27675647831893e-15 -5.551115123125783e-17 0
3.549647869859776 -5.551115123125783e-17 0
-3.549647869859773 1.110223024625157e-16 0
-10.35522765774104 6.750155989720952e-14 0
-9.770542543260143 3.411256196175788 0
-9.712246808200572 -3.507774616004609 0
-8.077142184094621 6.468110042961442 0
7.177586718607229 -7.420466418490129 0
5.874941965699419 -3.230168356778296 67.28702389844678
4.506801907311686 3.141110676025596 82.67373359057132
8.847295239772535 -3.254968410217793 32.69230769230769
7.537115834733423 -3.271746318549972 48.07271413411885
9.15972057163448 3.291874638607488 28.80129089162229
8.19296927772441 3.281111394805397 40.33513620691421
7.240851357910233 3.211885203716478 51.82548599373602
6.213887481934265 3.245444915272786 63.39923967603544
9.723053105880227 -3.468851899138217 21.30438744049582
-11.12831668876398 -3.727894577179308 3.352849618660026
-6.40897086032933 9.831472495910349 3.354945321539879
4.120956139303948 -3.164651533575192 86.45438299149789
10.11646280799686 3.299978907415305 17.2666578464178
-2.879762434608137 -11.37192468062312 3.419408766471419
3.842648706686319 3.033066542990181 90.27185253803145
4.712243512000815 10.74283313214683 3.419408766471414
5.061682954132237 3.461593149354008 74.55810570178097
6.549351529825263 -3.253310064738092 59.55566450511558
8.185627868035191 -3.295453179501717 40.35379801693936
3.99829196355395 -4.223427697770227 78.57754692094852
10.4335831550334 -3.302239113208106 13.42163899493247
-2.723844371020307 -3.415592807225228 96.96476903409871
7.945113376504919 -8.63069383398738 3.419408766471524
-11.08753515077069 3.853785920094337 3.326612998327261
10.7499272969823 3.304317935205711 9.576559054785395
-2.638657531705449 3.519982119789499 96.577570720213
10.31700692552852 5.583284939902489 3.419408766471419
11.06555625010633 -3.306234306777092 5.731422828049544
3.374681076322981 -3.113226891838579 94.13560339841074
4.837845728766099 3.200344540605741 78.77084989766158
6.195068113102339 -3.26720803300037 63.48246542003737
7.854154908482224 -3.29597773825231 44.24681280899749
0.8839995536649154 -4.277270915255913 96.9780051014548
-1.026363288231772 -4.496791380231672 93.86791657696068
-3.991835062572642 -2.338425646660641 93.69128871488709
-2.665778498675616 -4.082165187506186 90.52542422060061
2.088941625451757 5.259300196691987 80.57045436876267
-4.789128481357247 -0.998974029050823 90.31305828804543
-4.063088705780968 -3.137996338283004 87.24358005335516
-5.133833359580962 0.5167245571648957 86.91333477525899
-5.092103450417761 -1.79128887533157 83.88656447193314
-4.137555563474096 2.681750410533583 89.82481218481928
-3.534227894942234 3.814507298768926 86.40068611547279
-2.745413211788464 -4.619090841170763 84.19909433151128
-4.229962878426591 -3.731070561349256 80.80709901781614
-5.662514182462533 -0.2402448000503219 80.46066475038572
-5.379579876003437 -2.441171381806897 77.41186289194502
3.812537701748236 -5.706104623038395 65.27704605104638
3.445742303776671 -5.583582627396864 69.10632278986269
0.4911922108151668 -6.712797169206367 66.95224476051388
1.143464320643022 -6.926736729453251 63.27075269923444
0.08577594838555021 -6.429788803425194 70.76897444867173
-2.968178828717595 -5.906781641627339 68.47870201813842
-2.812990279230799 -5.172294541192574 77.66355917088102
-5.803499292467115 1.280888273429342 76.95931224276956
-6.165426915598736 -0.5163699563488854 73.86100590676175
-5.568079174286397 2.775291215819899 73.42414712643092
-4.616140362221717 3.339830848340895 80.0789422640907
-6.45970213750156 0.5001904012506133 70.15046494516989
-5.146336094539605 3.97933599320776 69.81584362257871
-6.401091178945522 2.109303577478371 66.83885055259844
-4.359195922247593 5.20275571084354 66.23006275663192
-6.149674133762011 3.381768823395737 63.3000232367161
5.809972493555698 -6.032786365925511 46.05265945222149
5.483215405421368 -5.924671387682396 49.90194595353329
2.770156728754613 -7.764620367478688 47.72484271747959
3.197155937797593 -7.920946156974291 43.93996734546543
-0.2569776379302992 -8.410660465874201 45.55701233050966
-0.6818808050036312 -8.700779911526498 41.58158184668897
-0.6671914285516238 -8.086363505812598 49.37832924700315
-2.048430611042799 6.236409428135071 69.06824360937026
-6.943077754669846 -0.7329269500110238 63.76411529187673
-7.188574497988151 0.979690458577076 60.29061597442615
-4.158909450699647 -7.16646696194676 47.19315952123127
-5.652448707960202 4.62128534136601 59.70484312230154
-7.096168556176027 2.532917763741478 56.73737310769452
-7.408339600764843 -1.121528961806938 57.27002409329229
-7.765273482854552 0.3108318771617382 53.7282877116732
-6.720173583549493 3.99058580242222 53.16629484459393
-7.838811755490177 1.834124035242298 50.18281590220685
-6.130460423854603 5.292737683007017 49.56548001124296
-7.640766975599243 3.32092098968225 46.61580502410243
-5.417422455364337 6.399237017923387 45.94014686001342
-7.244027809965948 4.661430977200892 43.02034641989764
-4.582072707789624 7.36168803329914 42.29631793681227
-6.672983402153744 5.887569786268963 39.401951971356
-3.656235475914772 8.179528721744836 38.63313912047684
-5.960174234669215 6.98908655833611 35.76327486455481
-8.239827369905372 3.935590089591099 36.44821290591296
-7.810694034069372 5.258736538256931 32.83270128525685
-9.21361308727511 1.695943530694406 33.43766735723329
-9.119726043985697 3.158094829966825 29.84610797872299
-7.220163593585337 6.481014944963302 29.19524846901984
-8.830637291209458 4.553283979681282 26.23298935170881
-9.853888081885977 0.8468657815926163 26.80739919173483
-9.899489069629343 2.34203813233494 23.21729776061863
-10.01936222375667 -1.515058792143533 23.71914032419615
-8.369522572392357 5.867750685818723 22.59777134328572
-10.41401573666399 -0.003873766085273089 20.15183160380345
-9.658355668309826 -3.802589900428109 20.58458772961264
-8.687514945621384 -5.156723340943562 24.1073789536439
-2.668088635643538 8.855983563822353 34.95261181105375
-7.563088979116242 -7.072426871789754 20.90568757888035
-6.082625098435082 -8.039888742825887 24.37591052276914
-8.835874271088166 -5.909242320583987 17.41053725909698
-6.102848057758151 -8.678663802273476 17.66649889071108
-9.085252053783758 0.1945545888349499 37.00891854036126
-7.629286659641945 -7.760812732356723 14.19485041035589
-4.394756641702084 -9.939276967009928 14.38945164329912
-2.548165262185131 -10.28727504584942 17.81195893302541
-2.452098059501019 8.091037198267392 45.05052700900085
-9.879796805045832 -4.620945510379475 13.88737308734527
-0.5885160324955491 -10.84564795930193 14.46469889091548
-9.079967415467737 -2.147137607525264 33.92072655769719
-8.316105793124109 -3.578729645031018 37.43949245432583
-7.409406365584005 -5.62445196742441 34.27686103810949
1.335732040548531 -10.51240189443926 17.82778565714264
-4.08215821143085 6.73103014759256 52.4492774499427
3.267899554509923 -10.35918139124074 14.45453590880531
0.01088434121323473 9.029877729818596 37.73889830591371
1.06548969723169 9.261161907459554 34.02401035384445
-6.942264211297345 -3.418481453304153 54.1502289945637
1.356356133844737 -11.04280688658928 11.10784397742507
-5.82630155070551 -4.668326887873859 57.61171101296442
5.096085893480838 -9.895769356369282 11.04330055472265
-6.118756346475385 -9.308020638733939 10.93941122459134
-8.508834120212358 1.009298713336881 43.60152711614192
5.051615622276785 -9.321810454504236 17.75574410279
3.242535969760757 -9.812470356591113 21.16419805953207
3.67715174223119 8.334806265265673 36.72208904942217
2.635863986535363 8.414800463365173 40.43148800417042
4.516148617191805 8.248852317099772 32.98264111219947
2.072374166742005 9.389776499044856 30.29477569418341
3.177956450264367 -10.94560617906291 7.653985814632709
-0.9848255123734625 6.781829855640603 65.39930998451169
-6.048494199024834 -6.704827252410404 37.73877147030184
-4.471124028675689 -8.136919863313409 34.50474268794946
-7.285910560730762 -4.897046851714615 40.93050681379519
1.744982169499744 6.40414318623439 68.13548527274267
3.594329307080958 -8.080079818294569 40.10756572002908
-6.092686909699484 -7.359840681328197 31.07327743154858
-2.640008319660853 -9.170501759085472 31.21987905016183
-1.054673765909588 -9.220540069021672 34.55245937907628
1.111851810002619 -9.481172955445528 31.17920352417124
-0.7288089992467067 -9.778368625930993 27.88387948903526
3.106942574579127 -9.298804957951099 27.90123810775533
-4.476787624997994 -6.285026424915273 54.42800580013167
-2.685104324440409 -6.956741402973625 57.72498061226258
-4.435723682319979 -5.664804213864659 61.05540967174702
3.042387528160674 -5.47929934022448 72.84106887246327
4.275414147810827 -8.523056005093785 31.31718022226572
6.131437863282505 -7.666956268957684 27.73553543091047
6.737487476394668 6.263687178090555 35.5859954576712
0.6421837833028491 6.317342309761007 71.79134352776813
5.402350220548191 8.056160227696013 29.2261666736803
3.034009005939303 9.434481201628651 26.55177133605042
6.221921077717592 7.823519108968155 25.4634013522328
4.110551458214496 9.339326332686163 22.8215679860098
0.4065506320735739 10.11554489075705 23.84050750813004
1.461817434956392 10.31438062997075 20.10814728984476
4.99211045453958 9.238837402715724 19.04280013702764
2.466161356423616 10.42521123264946 16.35370857175486
-1.226245682949912 10.56398965751649 17.34496651490306
-0.2129745450080051 10.92736468958665 13.60275541286224
-3.920950636473105 10.12514162814086 14.51271925204581
3.540042647472943 10.42376160380013 12.5984122548302
0.8719741861132828 11.19043209834716 9.855524343539704
-4.846247184142977 9.38869447363256 18.22470234924532
-7.123241199386736 8.110401386642081 15.31853893939305
-6.33921988057035 9.093593025642386 11.6250781908687
-9.002791773614192 6.36770313871447 12.36130856043212
-9.472579869348117 5.059686448031641 16.02011326043861
-10.60079620523335 2.851016570207055 12.99228566313457
-8.498862896924546 7.464203139716929 8.751048883778356
-0.7814032311717948 -7.695407523828609 54.19224002009445
0.9065191464717539 -7.407998764166278 57.64477040734522
4.511585005847619 10.36023636514315 8.894963555640015
6.791060219121028 8.773658626321389 11.5010853108971
7.74716831763251 8.355955416114035 7.690274138997628
2.718961461239941 -7.217120327248431 54.48038914122273
6.334300088945515 -8.182047619218388 20.9979214612566
8.038326646872445 -6.940162996498381 17.53686109849178
-6.132914290546355 -5.118054266718456 50.9781100725362
2.07800996055995 4.953032195715553 84.22586814853931
-2.786084298413722 -5.698196605649716 71.88094202919675
-0.5830986955050595 -11.37504014710886 7.751095886290489
4.13042035846926 4.927533225167408 70.77745728384517
-5.538088363368597 9.972418273772183 7.534835132547117
-1.759305257880336 4.666118517346254 89.11161016473577
-2.342847786647146 4.088918508857934 92.59574701421931
-4.519261502138036 -7.503849100733068 41.1725449114199
1.144020526503447 -11.62259479002157 4.081709940765449
-4.627223932163061 -10.46193011392612 7.121259740757749
0.8479558272891687 -4.79372798193365 90.61878196999864
3.202930083487102 6.150278340808913 64.36566713901919
0.1155014452076663 7.141834002348753 61.71698531121131
3.888635771255289 6.083622787806154 60.73253107770582
1.172132484829703 7.341194495758945 58.01424463646313
4.60298253605617 5.944846161747816 56.94217895563088
2.159602958599292 7.413276439679062 54.36432776207033
6.661501494892027 -9.258992415772401 7.543193059604755
7.678992637913786 -8.064832724611096 10.9793253988934
-4.373750802884843 -0.05939077523651471 96.89556036761994
-0.2962274520403595 -6.122769910055819 74.58629022778531
0.96959454470377 -5.769229344656036 78.14139894543648
2.445656155806871 5.442607167444125 76.65853717768783
-0.9846209240630275 5.757023176779468 78.2623952811209
-6.432326285927266 -9.79258783437794 3.605882358039993
-7.771994756428275 -8.394515899172022 7.116474449968634
-8.968882167158526 -6.638392515571717 10.69399058247443
-10.70671138545846 -3.239490923624671 10.34207021530924
-1.02076248775237 5.454688793664817 81.962935593426
5.145755728925514 4.294286841892866 67.3147260746198
6.463609707211541 3.426186478512636 59.52181314447186
9.148539001936843 -3.309353382876334 28.85961457651511
9.463482968043524 -3.327383327945379 25.01343227656949
1.220247668243799 -9.991459057258808 24.57764844461785
3.086068666702198 3.397925239102435 94.15074075436492
0.8966364754763329 4.274925537742678 96.97445077058647
4.20926710731317 3.054091775807742 86.39558756282304
4.443920459808573 -3.237322786202509 82.61495296099633
1.623482570749397 -5.114871947092084 84.28863536551812
5.085494012820636 -3.376369221396902 74.91234595408164
5.974406273868009 8.993518268501679 15.28456860462441
8.760205837018628 6.468958457770055 14.10591172665945
8.242110851125162 6.648890934323209 17.92052292490406
9.262438595842442 4.62878599233617 20.90636755080708
-1.257399864225491 8.649079306078969 41.42220762363256
-5.12185445204123 1.774078599938992 83.60173091420259
6.894540833873476 -3.219816975597049 55.78874224950925
8.524273281615441 -3.250986891574802 36.55364675045605
6.988146950232939 -6.12174498085801 34.42980786070177
7.539866708817557 3.278409280633644 48.00692106147236
5.502977750296201 5.931589513274051 49.66679760738871
6.206293925831684 5.641286696358827 45.90719131999431
2.86803127908949 7.747585833993104 47.50344800784521
6.187254270748793 -6.087622867343313 42.18542856853905
8.838069642415908 3.289903928386507 32.64818036811545
9.492425247617035 3.28987549884893 24.82330642069737
-3.576284128421725 7.33262835190212 48.81390345483114
-4.942833979260365 5.754381937045085 56.08759697008497
-2.685715780495423 -8.607220185241452 37.90893623841519
-4.40477767280219 -9.353092229936314 21.11269981455078
9.34313072318427 -5.066129151372793 17.42970154166091
6.647629664862268 -8.600802979420367 14.353398824112
10.75429323060449 -3.276515026134759 9.626889877272861
-3.051947455409839 -6.228088702713379 64.34845614129001
-5.656450802993461 -3.772784075618338 66.08222895257174
-9.586156969831571 -0.6640395061136292 30.37890053794545
-9.391476494237946 -2.983487700239153 27.26770001314014
-8.525743335100298 -4.356465312617638 30.82152779045485
-8.708971858532948 -1.318562256257612 40.55536854426678
-2.602527007318026 -9.726724819097658 24.53721992346256
-5.748593744205112 -3.011752788750344 70.01423754741791
-4.412385255420515 -8.760219688458152 27.84310841885279
-8.473344236251766 2.541204106969224 40.07280952332155
4.682966362443106 -8.917947060228322 24.48824679279101
-0.6054337881109911 -10.31553250433517 21.17763307604281
6.264082842926384 6.318680552754521 39.42174883019022
-10.39389296023896 -2.349507279415576 17.07543444792258
-2.526309902433627 -10.83421586414091 11.11972794648405
-6.737353165295117 -2.587901712101366 60.77019104193616
-0.6035033590170324 9.811809765303273 27.56798734339852
-3.27091274618175 9.503855023905327 24.76469042249273
-1.631629466072756 9.396246462880596 31.29718535144812
-2.250961242371323 10.09254446665291 21.08573782045494
-2.901999922419637 10.76420689797403 10.81893360847041
-5.127817843525019 7.96509178206197 32.10893217757321
-6.527717471658869 7.559054172738099 25.5710849221897
4.216304387648155 -5.804674098854957 61.31554974493402
-8.276335153593788 -0.4741042979887413 47.14124693030929
-7.773993554994194 -1.938503801096064 50.67184589904295
-8.077657715958182 -2.747424026675969 44.0637263690899
-7.020269724230321 -4.390817543621762 47.26319486362462
2.87497146020014 11.14362359805689 6.244969600229775
-3.549180608096966 6.119490869376361 62.58773308181486
-10.52050743437714 4.015293258093077 9.393532343616481
-2.597379310374846 6.887876028279223 58.93985957308242
-1.516960381386093 7.497773366612432 55.27591527463868
-0.5787253547165173 7.917100089958074 51.60976017241865
-6.139831511339594 -5.921521326675526 44.08975152320703
-7.814551735154071 7.024249329581397 18.96416703652369
-9.757599498374734 3.752410454268368 19.64062257944157
-0.9654483781543656 -5.545680874525615 80.95007247678765
6.596541938127752 -6.103301693868773 38.28486366396199
4.409609766826014 -8.027036119020526 36.10478834702321
-0.9955465161498583 -5.027522652498468 87.35333299162522
-1.821233427644873 11.29833159690149 7.062400355332658
-4.245376226492257 8.791874134716092 28.42111130071023
9.45800549112086 -6.394248877377327 7.411947866816204
-3.125685279651416 5.44822357376052 72.66467337278843
-7.497549737613959 -6.350577643423732 27.62793635308141
-5.685299795972243 8.558988066175761 21.9161717467397
7.918499575988743 3.150193175518596 44.1907870671268
4.22535182890592 -6.154980083419284 57.61314725224493
7.203873882166826 -3.253697395845952 52.037276605075
7.964185582186293 8.595423749283304 3.584213785241628
-9.246730109991748 7.2346593438235 3.295651205569434
-11.73771590432759 0.05482027831583988 3.331008812680999
-11.3499407470844 -1.634059233164384 6.772841742265706
-11.21293297876576 0.4106005493535703 9.905144213535266
-2.807522953356625 11.39481022661879 3.359749051447992
1.029378425378889 8.469625749528577 44.06574627832212
-10.59535857149059 1.432310543067816 16.62311892433396
6.874962188625505 3.276807487683493 55.70473864088044
-10.88011960289544 -1.070391585879309 13.56202300641513
10.39770366976174 3.420223168427501 13.39509550435483
5.510893789983192 -3.25989110379643 71.11818432609338
-4.520168753124788 1.13013400919192 93.27236627761127
-3.963106426323523 4.497874024428724 76.30387693741601
-9.274840183734129 -7.196660900884091 3.310654541961095
8.559307474896203 3.171134687261199 36.49399088424074
4.811193617678333 -10.71216094362602 3.26553405213307
-10.13017678734646 -5.277079168614983 7.340870049997697
7.768513291650863 -6.443105728329085 24.23403007684662
7.095775676107832 7.460464710502784 21.65078659054888
0.9513938235998163 -8.972776230289025 37.82543189035829
-11.30216450692813 2.067645393282541 6.483493051056691
10.22813237147876 -5.778600291799357 3.206609444451877
11.08389952473384 3.17832177867688 5.964390773792038
7.538831152556242 -5.903837479725172 30.8068091660943
5.087454027738384 5.904866533008261 53.43968772268055
4.753040342262481 7.186890545942843 42.99239047167125
3.896322243165391 -2.959271029551271 90.30668068446451
2.562277114945073 -7.543975965412784 51.24113468461965
9.216783892701878 6.358475776947635 10.19938841978921
7.298138344365696 6.092053575376073 31.68131908779024
0.9723295293993114 11.73427236010845 2.865399013269942
-3.227200122320934 -7.266994942375042 51.44292043504727
-0.4659490905685341 6.082712071308754 74.9598440618857
1.155660495451052 4.618036842747767 91.98729623648123
-10.08724428321334 5.547132601985389 6.202265128345379
-6.618784764931701 -1.033077473762915 67.35657777259105
2.514412573362519 7.58139698649575 50.98388940870333
8.972693591781653 -6.121115616819342 14.46302844037023
-1.403816813427035 -7.075548622571336 60.81868254582469
2.351435159339479 -5.095965484564877 81.16319732445046
-3.444954813065147 -7.809778533862019 44.0164825685859
7.867390765544982 5.862240629886131 27.81000880993658
-4.795564817562962 -3.816432172707062 74.60024734412376
5.344778617024042 -5.636436071184585 53.77736445632956
9.781868549265504 5.94101652306994 7.056048838399456
1.626031594882819 4.82808902862204 87.74208305253772
-0.1983828378245658 8.244649797391867 47.68592645041309
2.852693858542097 5.501392985401541 73.7337185320047
5.792274820747835 2.765526561889862 70.91825393153636
2.931958409823908 -5.267411464782263 75.87595371898335
3.401924694290912 2.710417887029657 97.20691102925085
-7.836011937423484 8.475599459857536 5.807825174034988
8.268128090354029 5.815385475021813 24.0344913698661
3.381874663650461 -2.735053705927261 97.20963034479777
1.848073090273324 -9.126939347718258 34.15219612264134
11.44288147924984 -2.793102482646737 2.810165575525718
11.43511606580018 2.81450147625472 2.841268662269142
-5.744219982591737 -4.051624714757932 63.15812855258415
5.786260193637208 9.95874904336374 6.128160486728351
1.990792527642509 -4.670423817568779 87.96482448511226
-1.117602913793202 5.116367588646565 85.93196003123127
8.356391242562202 -6.171891714886529 20.47568830763399
8.209293434386115 -5.489677961277258 26.99204011813231
-0.07514033188691656 4.566536312958517 94.44325705678277
6.883920091030335 5.274064290261491 42.28586404648978
9.585414015698936 -5.609212839313916 11.35923575531052
1.556359286250544 -7.067026245238142 60.52760240431921
10.14142930373471 1.995462062946458 21.1446237369333
6.398895746106571 2.006367714737436 67.26575528293998
-3.597638853682229 4.066886389414027 83.4824910071997
3.198477139483122 7.941190326585681 5.576510888946117
6.578122512084871 4.508547994506346 13.02539273413694
4.253887393864972 5.353440772846779 27.47393450921696
5.881079245246178 4.467072118474538 20.51742251913832
6.755388806333396 5.617658137566788 2.719442449965966
3.183875304902968 6.984729630471004 16.82091783454279
2.874259771233696 7.757500393258997 9.239213514825725
5.698800981832107 6.20042472926528 7.350586812753607
3.012294102485024 7.382888771235959 13.03952485374613
6.231506411195666 4.489070873497699 16.77133865844393
5.556418525941988 4.412632906956408 24.19986609423775
3.068293412413171 6.712905648879127 20.57275216819984
4.609741820579604 7.484226155699244 2.668837262111853
2.850659016939444 6.486576057657746 24.32816698803017
7.149020847241277 4.109403654512902 9.581109006588683
7.582000183106269 3.978852715196253 5.557785252837486
5.186895433450497 6.261325198425189 11.04566396795637
5.895673770377043 3.395173122671202 27.91052572843691
1.960222375994099 6.510506071459679 27.96377760613604
4.983764224119492 6.061303012901036 14.64872303252525
5.561442660233683 6.588512446530043 4.803493075084514
2.410616888316295 8.470279339721873 2.457017625205058
8.09093657796932 3.503152373775813 2.328231370590954
-0.008941560498531231 1.5 3.207299432771678
-4.465335064588901 1.5 13.10526181764003
3.992904068239996 1.5 20.36453520044427
4.641531823157457 1.5 12.86745159552519
-3.443255420800103 1.5 23.90858987884778
1.616818656847893 1.5 27.19958793971418
-5.561662992413538 1.5 5.414429613578024
5.552721431915006 1.5 5.413739526720294
3.49229359355369 1.5 24.37099287462491
0.4082336504747719 1.5 21.9350107475389
0.8465302204925926 1.5 18.24817316785226
-2.477022808544522 1.5 19.82665951546873
-2.165293503490107 1.5 16.11513517936872
1.339868793734808 1.5 14.6812113538547
-4.888971886118243 1.5 9.098694136218123
-1.495458429596024 1.5 10.38504305159217
5.028083803511003 1.5 9.127216772776187
1.813857328828927 1.5 6.96960519247495
4.311392777867959 1.5 16.65198890719507
-2.281804234942857 1.5 6.28518534077743
-1.56594362831682 1.5 27.23434764548405
1.839954258699009 1.5 10.87963956837848
-3.533767852913273 1.5 2.827025798112738
3.549647869859742 1.5 2.636040618029626
0.1016293703518869 1.5 24.92970581724197
-4.978873016582094 1.5 17.06099899543736
4.315981407102407 1.5 27.56414446304755
-4.295998766845475 1.5 27.4786158050461
-1.224432866791423 1.5 13.25891331725998
-5.195387464025709 1.5 20.46230540749233
6.375121703668118 1.5 2.359978437343177
-6.212790549233731 1.5 2.513604833748723
-3.198477139483173 7.94119032658566 5.576510888946109
-6.678594948670283 4.357397485794101 13.0318914999244
-4.253887393864966 5.353440772846783 27.47393450921696
-5.881079245246132 4.467072118474595 20.51742251913834
-6.755388806333395 5.617658137566789 2.719442449965965
-3.183875304900694 6.984729630471949 16.82091783454385
-3.161800053607046 7.642500849963289 9.266389053757116
-5.714145404180981 6.186928172177497 7.344598280786975
-3.207407590362919 7.304723794373963 12.98735846517309
-6.231506411195652 4.489070873497718 16.77133865844394
-5.556418525948541 4.412632906948339 24.19986609423633
-3.068293412410964 6.712905648880048 20.57275216820086
-4.60408592631921 7.491324620746477 2.629676602748841
-2.850659016943232 6.486576057656032 24.32816698803074
-7.144746554402179 4.115515316306092 9.589451649217896
-7.46387609523074 4.188881694475391 5.603662521929979
-5.175214468304759 6.276347780808907 10.99308406151358
-5.896275163579772 3.3902578666177 27.9350516523902
-2.150340086460566 6.457948721427417 27.87047959273756
-4.975629972628111 6.055204512032546 14.77421434195752
-5.518630773145434 6.626801368778742 4.780180636113818
-2.456244013629051 8.463826444613563 2.375682734087206
-8.071941547284041 3.531331243307009 2.406650119035637
-6.661338147750939e-15 5.900042359436546e-15 100
-1.611866642736048 3.884973356251424 30
1.615314765293032 3.683566810722652 30
-0.124774780219326 3.552713678800501e-15 38.70423752265052
-0.002397328965188628 0.001872012572477821 49.24249968378545
-0.003056455869411501 0.01027979668985246 56.97309199588398
0.08076674004525142 -0.02635767239797371 63.90550777558573
-0.02097441404467026 0.007146590518308571 70.69955452741564
2.938997134729553 -0.02722159719236459 43.79161639571716
-0.04840364033890543 0.1134787879566739 76.58288755542708
3.910977045896455 9.103828801926284e-15 35.13211262373105
-4.082000293135091 1.13242748511766e-14 35.08106911350522
-2.764859926847515 1.222852663241058 44.3020907108567
0.01620407490758558 -0.0008250814956545227 83.30641462471796
0.01994842479652537 4.076283071268303 35.15274079313582
-0.1634408554508932 -3.042386894087028 34.72566088938537
-0.0359943785813126 -0.1089459568490299 88.81305567901298
-0.9180447121406825 -3.409764252351188 42.63003329840539
-0.1918063697192092 3.193698591063372 53.14564146044121
0.6276620194599332 3.985268825353557 41.7918907383666
2.951937019649709 -0.9423454708772894 53.10907926292241
-2.308753738703146 -2.041072654519417 53.10982569966585
3.453744990496644 -2.909265633029787 39.91403733084074
-3.799730159833862 -2.797831682599673 38.74539918825548
-1.574513355502053 2.662363867565483 60.34572126131007
-0.02628319053683548 0.05479143778603679 93.43371563950819
-2.72959310065092 3.738019738109572 38.74779481051669
3.909649012341957 2.116703274659212 39.1964511742357
-2.348917029139468 -1.755403142349063 60.36366574344285
1.524288758611205 -3.45644776857701 46.565651466424
0.5285892150772746 3.7638812622771 46.48193732386691
-3.62721760952709 4.564788120822214 33.63947890442696
2.842183192755938 0.8394736655734478 60.40988255041118
-2.912449890194839 -2.652487767946761 46.60259502338113
3.56955046091305 4.492215051518716 33.55257692190101
4.430342710391425 0.3547390471342556 47.7789646020529
-3.645576245189638 2.097429453721987 50.90106842683593
-1.242032953830851 2.370230984297288 67.27174799493056
1.730254444500319 -2.046197804564132 67.33803737413817
0.5327556419143726 -3.849238769071516 55.53836193589427
-0.08255199017815906 -4.895975979114006 38.57362078386445
-2.492339208311843 -1.592985602567402 67.7308715089937
-3.951382507651339 -3.745512269435201 33.78216966398118
-4.796395610276209 0.7201685874850332 40.71482480608641
1.535241645540542 -3.020139870098761 59.50468434694426
-3.42964423119914 1.444207820341496 55.09246204613375
3.249942587459066 2.725179333186979 50.93306125953321
-0.5828407622804027 0.6062862687131205 33.66955608923281
3.400895945345869 -3.35544186087987 33.35019078552267
2.902741020648322 2.502969188700374 55.66078909514385

CELLS 3691 16811
1 0
1 1
1 2
1 3
1 4
1 5
1 6
1 7
1 8
1 9
1 10
1 11
2 0 12
2 12 13
2 13 14
2 14 15
2 15 16
2 16 17
2 17 1
2 0 18
2 18 19
2 19 20
2 20 21
2 21 1
2 2 22
2 22 23
2 23 24
2 24 25
2 25 26
2 26 27
2 27 28
2 28 0
2 2 29
2 29 30
2 30 31
2 31 32
2 32 3
2 1 33
2 33 34
2 34 35
2 35 36
2 36 37
2 37 38
2 38 39
2 39 3
2 2 40
2 40 41
2 41 42
2 42 3
2 4 43
2 43 44
2 44 45
2 45 46
2 46 47
2 47 48
2 48 49
2 49 50
2 50 51
2 51 52
2 52 53
2 53 54
2 54 55
2 55 56
2 56 57
2 57 58
2 58 59
2 59 60
2 60 4
2 5 61
2 61 62
2 62 63
2 63 6
2 5 64
2 64 65
2 65 66
2 66 67
2 67 7
2 6 68
2 68 69
2 69 70
2 70 7
2 8 71
2 71 72
2 72 73
2 73 74
2 74 75
2 75 76
2 76 8
2 4 77
2 77 78
2 78 79
2 79 80
2 80 81
2 81 82
2 82 83
2 83 84
2 84 85
2 85 86
2 86 87
2 87 88
2 88 89
2 89 90
2 90 91
2 91 92
2 92 93
2 93 94
2 94 95
2 95 96
2 96 97
2 97 98
2 98 99
2 99 100
2 100 101
2 101 8
2 9 102
2 102 103
2 103 104
2 104 105
2 105 106
2 106 107
2 107 108
2 108 5
2 9 109
2 109 110
2 110 10
2 6 111
2 111 112
2 112 113
2 113 114
2 114 115
2 115 116
2 116 117
2 117 10
2 7 118
2 118 119
2 119 120
2 120 121
2 121 122
2 122 123
2 123 124
2 124 11
2 9 125
2 125 126
2 126 127
2 127 11
2 10 128
2 128 129
2 129 11
3 12 172 0
3 0 172 28
3 1 171 17
3 33 171 1
3 22 170 2
3 2 170 29
3 32 169 3
3 3 169 39
3 13 166 12
3 166 172 12
3 14 175 13
3 13 175 166
3 15 134 14
3 134 175 14
3 16 163 15
3 15 163 134
3 17 137 16
3 137 163 16
3 17 171 137
3 23 158 22
3 158 170 22
3 24 130 23
3 130 158 23
3 25 154 24
3 24 154 130
3 26 131 25
3 131 154 25
3 27 151 26
3 26 151 131
3 28 136 27
3 136 151 27
3 28 172 136
3 29 159 30
3 29 170 159
3 30 135 31
3 30 159 135
3 31 157 32
3 135 157 31
3 157 169 32
3 34 164 33
3 164 171 33
3 35 132 34
3 132 164 34
3 36 160 35
3 35 160 132
3 37 133 36
3 133 160 36
3 38 139 37
3 37 139 133
3 39 138 38
3 138 139 38
3 39 169 138
3 154 155 130
3 155 156 130
3 156 158 130
3 151 165 131
3 131 168 154
3 165 168 131
3 132 160 153
3 153 162 132
3 162 164 132
3 139 140 133
3 140 141 133
3 141 160 133
3 148 150 134
3 134 167 148
3 150 175 134
3 163 167 134
3 135 174 157
3 159 173 135
3 135 173 161
3 161 174 135
3 136 150 149
3 149 151 136
3 136 166 150
3 136 172 166
3 162 163 137
3 137 164 162
3 137 171 164
3 138 152 139
3 138 174 152
3 138 169 157
3 157 174 138
3 139 152 140
3 140 142 141
3 140 144 142
3 140 152 144
3 142 143 141
3 143 153 141
3 153 160 141
3 142 145 143
3 144 176 142
3 142 176 145
3 145 146 143
3 146 147 143
3 147 153 143
3 152 161 144
3 144 156 155
3 155 176 144
3 144 161 156
3 145 165 146
3 145 168 165
3 145 176 168
3 146 148 147
3 146 149 148
3 146 165 149
3 148 167 147
3 147 162 153
3 147 167 162
3 149 150 148
3 149 165 151
3 166 175 150
3 152 174 161
3 154 168 155
3 168 176 155
3 156 173 158
3 161 173 156
3 159 170 158
3 158 173 159
3 162 167 163
3 0 207 18
3 28 207 0
3 21 208 1
3 1 208 33
3 2 203 22
3 40 203 2
3 39 204 3
3 3 204 42
3 18 200 19
3 18 207 200
3 19 177 20
3 19 200 177
3 20 199 21
3 177 199 20
3 199 208 21
3 22 185 23
3 22 203 185
3 23 179 24
3 23 185 179
3 24 195 25
3 179 195 24
3 25 180 26
3 25 195 180
3 26 193 27
3 180 193 26
3 27 184 28
3 27 193 184
3 184 207 28
3 33 183 34
3 33 208 183
3 34 191 35
3 183 191 34
3 35 178 36
3 35 191 178
3 36 202 37
3 178 202 36
3 37 206 38
3 202 206 37
3 38 181 39
3 38 206 181
3 181 204 39
3 41 182 40
3 182 203 40
3 42 197 41
3 41 197 182
3 42 204 197
3 194 196 177
3 177 200 194
3 196 199 177
3 189 202 178
3 178 205 189
3 191 192 178
3 192 205 178
3 185 186 179
3 186 187 179
3 187 195 179
3 180 195 190
3 190 198 180
3 180 198 193
3 181 188 186
3 186 201 181
3 181 206 188
3 181 201 197
3 197 204 181
3 182 201 185
3 185 203 182
3 197 201 182
3 183 196 191
3 183 199 196
3 183 208 199
3 193 194 184
3 194 200 184
3 200 207 184
3 185 201 186
3 186 188 187
3 188 189 187
3 189 190 187
3 190 195 187
3 188 202 189
3 188 206 202
3 189 205 190
3 190 205 198
3 191 196 192
3 192 196 194
3 194 198 192
3 198 205 192
3 193 198 194
3 40 2 29
3 32 3 42
3 30 209 29
3 29 209 40
3 31 210 30
3 30 210 209
3 32 210 31
3 42 210 32
3 40 209 41
3 41 210 42
3 209 210 41
3 7 212 0
3 0 217 7
3 12 219 0
3 0 212 18
3 52 217 0
3 0 219 52
3 4 1 5
3 4 60 1
3 1 213 5
3 1 60 17
3 21 213 1
3 43 4 5
3 61 43 5
3 5 213 64
3 47 46 6
3 46 63 6
3 68 47 6
3 7 217 51
3 51 218 7
3 67 212 7
3 7 218 70
3 12 13 54
3 53 12 54
3 53 219 12
3 55 13 14
3 54 13 55
3 15 56 14
3 14 56 55
3 16 211 15
3 15 57 56
3 15 211 57
3 17 221 16
3 58 211 16
3 16 221 58
3 17 60 59
3 59 221 17
3 18 216 19
3 18 212 67
3 67 216 18
3 19 214 20
3 66 214 19
3 19 216 66
3 20 215 21
3 20 214 65
3 65 215 20
3 64 213 21
3 21 215 64
3 44 43 61
3 45 44 62
3 62 44 61
3 45 63 46
3 62 63 45
3 48 47 68
3 49 48 69
3 69 48 68
3 49 220 50
3 69 220 49
3 50 218 51
3 70 218 50
3 50 220 70
3 51 217 52
3 52 219 53
3 57 211 58
3 58 221 59
3 64 215 65
3 65 214 66
3 66 216 67
3 70 220 69
3 43 575 4
3 4 574 60
3 77 574 4
3 4 575 77
3 8 569 71
3 76 572 8
3 101 569 8
3 8 572 101
3 44 248 43
3 248 575 43
3 45 518 44
3 44 518 248
3 46 237 45
3 237 518 45
3 47 549 46
3 46 549 237
3 48 523 47
3 523 549 47
3 49 232 48
3 232 523 48
3 50 519 49
3 49 519 232
3 51 245 50
3 245 519 50
3 52 520 51
3 51 520 245
3 53 231 52
3 231 520 52
3 54 532 53
3 53 532 231
3 55 429 54
3 429 532 54
3 56 235 55
3 235 429 55
3 57 413 56
3 56 413 235
3 58 534 57
3 57 534 413
3 59 244 58
3 244 534 58
3 60 540 59
3 59 540 244
3 60 574 540
3 71 440 72
3 71 569 440
3 72 247 73
3 72 440 247
3 73 424 74
3 247 424 73
3 74 243 75
3 74 424 243
3 75 254 76
3 243 254 75
3 254 572 76
3 78 249 77
3 77 541 78
3 249 574 77
3 77 575 541
3 78 246 79
3 79 467 78
3 78 541 246
3 78 467 249
3 80 242 79
3 79 528 80
3 242 467 79
3 246 528 79
3 80 234 81
3 81 465 80
3 80 528 234
3 80 465 242
3 82 230 81
3 81 586 82
3 230 465 81
3 234 586 81
3 83 437 82
3 82 460 83
3 82 437 230
3 82 586 460
3 83 226 84
3 84 436 83
3 83 460 226
3 436 437 83
3 85 224 84
3 84 459 85
3 224 436 84
3 226 459 84
3 86 452 85
3 85 533 86
3 85 452 224
3 459 533 85
3 86 227 87
3 87 240 86
3 86 533 227
3 240 452 86
3 88 253 87
3 87 515 88
3 227 515 87
3 87 253 240
3 89 225 88
3 88 454 89
3 225 253 88
3 88 515 454
3 89 228 90
3 90 517 89
3 89 517 225
3 89 454 228
3 91 451 90
3 90 526 91
3 228 526 90
3 451 517 90
3 92 239 91
3 91 435 92
3 239 451 91
3 91 526 435
3 92 229 93
3 93 252 92
3 92 435 229
3 92 252 239
3 94 222 93
3 93 587 94
3 222 252 93
3 229 587 93
3 95 529 94
3 94 567 95
3 94 529 222
3 94 587 567
3 95 238 96
3 96 444 95
3 95 567 238
3 444 529 95
3 97 241 96
3 96 251 97
3 238 251 96
3 241 444 96
3 97 223 98
3 98 442 97
3 97 251 223
3 97 442 241
3 99 233 98
3 98 441 99
3 223 441 98
3 233 442 98
3 99 236 100
3 100 545 99
3 99 545 233
3 99 441 236
3 101 250 100
3 100 439 101
3 236 439 100
3 250 545 100
3 101 572 250
3 439 569 101
3 222 269 252
3 222 270 269
3 222 529 270
3 251 258 223
3 258 405 223
3 405 441 223
3 224 542 436
3 452 453 224
3 453 542 224
3 225 285 253
3 225 286 285
3 225 517 286
3 226 548 459
3 460 560 226
3 226 560 548
3 227 533 480
3 480 583 227
3 227 583 515
3 454 455 228
3 455 543 228
3 228 543 526
3 229 418 416
3 416 434 229
3 229 435 418
3 434 587 229
3 437 536 230
3 230 580 465
3 536 580 230
3 231 521 520
3 231 535 521
3 532 535 231
3 409 523 232
3 232 570 409
3 519 570 232
3 233 443 442
3 233 578 443
3 545 578 233
3 446 447 234
3 234 528 446
3 447 448 234
3 448 586 234
3 235 413 407
3 407 414 235
3 414 429 235
3 236 552 439
3 441 564 236
3 236 564 552
3 237 549 496
3 496 577 237
3 237 577 518
3 238 427 251
3 408 566 238
3 238 567 408
3 238 566 427
3 252 491 239
3 239 516 451
3 491 516 239
3 253 458 240
3 240 506 452
3 458 506 240
3 241 558 426
3 426 568 241
3 442 558 241
3 241 568 444
3 465 556 242
3 242 584 467
3 556 584 242
3 243 255 254
3 243 256 255
3 243 424 256
3 244 511 422
3 422 534 244
3 244 540 511
3 245 553 519
3 520 539 245
3 539 553 245
3 246 547 528
3 541 563 246
3 246 563 547
3 411 530 247
3 247 582 411
3 247 530 424
3 440 582 247
3 518 563 248
3 248 563 541
3 541 575 248
3 467 511 249
3 511 540 249
3 540 574 249
3 254 255 250
3 250 572 254
3 255 415 250
3 415 545 250
3 251 427 258
3 269 491 252
3 285 458 253
3 256 257 255
3 257 415 255
3 256 259 257
3 256 530 259
3 424 530 256
3 259 260 257
3 260 508 257
3 257 508 415
3 258 433 405
3 427 428 258
3 428 433 258
3 259 261 260
3 259 263 261
3 259 530 263
3 261 262 260
3 262 265 260
3 265 508 260
3 261 450 262
3 263 264 261
3 264 450 261
3 262 266 265
3 262 267 266
3 262 450 267
3 263 410 264
3 263 411 410
3 263 530 411
3 410 579 264
3 264 588 450
3 579 588 264
3 266 505 265
3 265 505 443
3 443 508 265
3 267 268 266
3 268 275 266
3 275 505 266
3 267 276 268
3 267 279 276
3 267 450 279
3 268 561 275
3 276 277 268
3 277 561 268
3 270 271 269
3 271 272 269
3 272 491 269
3 270 273 271
3 270 371 273
3 270 529 371
3 271 468 272
3 273 274 271
3 274 468 271
3 468 557 272
3 272 585 491
3 557 585 272
3 273 406 274
3 371 425 273
3 273 425 406
3 406 475 274
3 274 469 468
3 274 475 469
3 425 426 275
3 275 561 425
3 426 505 275
3 276 278 277
3 276 531 278
3 279 531 276
3 278 280 277
3 280 475 277
3 475 561 277
3 278 281 280
3 278 512 281
3 278 531 512
3 279 433 428
3 428 531 279
3 279 588 433
3 450 588 279
3 281 282 280
3 282 554 280
3 280 554 475
3 281 283 282
3 281 292 283
3 281 512 292
3 283 284 282
3 284 293 282
3 293 554 282
3 283 497 284
3 292 356 283
3 356 497 283
3 284 294 293
3 284 296 294
3 284 497 296
3 286 287 285
3 287 288 285
3 288 458 285
3 286 546 287
3 517 562 286
3 286 562 546
3 287 289 288
3 287 291 289
3 287 546 291
3 289 290 288
3 290 361 288
3 361 458 288
3 289 559 290
3 291 295 289
3 295 559 289
3 290 538 361
3 412 463 290
3 290 559 412
3 463 538 290
3 291 550 295
3 291 546 396
3 396 550 291
3 292 360 356
3 292 375 360
3 292 512 375
3 294 483 293
3 469 554 293
3 293 576 469
3 483 576 293
3 296 297 294
3 297 298 294
3 298 483 294
3 404 495 295
3 295 550 404
3 495 502 295
3 502 559 295
3 296 462 297
3 296 499 462
3 497 499 296
3 297 299 298
3 297 300 299
3 297 462 300
3 299 343 298
3 343 345 298
3 345 483 298
3 300 301 299
3 301 493 299
3 299 493 343
3 300 302 301
3 300 339 302
3 300 462 339
3 302 303 301
3 303 492 301
3 492 493 301
3 302 304 303
3 302 461 304
3 339 461 302
3 304 305 303
3 305 348 303
3 348 492 303
3 304 306 305
3 304 332 306
3 304 461 332
3 306 307 305
3 307 477 305
3 305 477 348
3 306 308 307
3 306 449 308
3 332 449 306
3 308 309 307
3 309 310 307
3 310 477 307
3 308 323 309
3 308 341 323
3 308 449 341
3 309 311 310
3 309 489 311
3 323 489 309
3 311 312 310
3 312 328 310
3 328 477 310
3 311 313 312
3 311 314 313
3 311 489 314
3 313 470 312
3 312 335 328
3 312 470 335
3 314 315 313
3 315 316 313
3 316 470 313
3 314 490 315
3 489 510 314
3 314 510 490
3 315 317 316
3 315 319 317
3 315 490 319
3 317 318 316
3 318 471 316
3 316 471 470
3 317 320 318
3 319 504 317
3 317 504 320
3 320 321 318
3 321 322 318
3 322 471 318
3 490 514 319
3 503 504 319
3 319 514 503
3 320 481 321
3 320 525 481
3 504 525 320
3 321 324 322
3 321 326 324
3 321 481 326
3 324 325 322
3 325 513 322
3 322 513 471
3 341 342 323
3 342 486 323
3 486 489 323
3 324 464 325
3 326 327 324
3 327 464 324
3 464 474 325
3 474 476 325
3 476 513 325
3 326 329 327
3 326 333 329
3 326 481 333
3 329 330 327
3 330 331 327
3 331 464 327
3 335 336 328
3 336 473 328
3 473 477 328
3 329 347 330
3 333 431 329
3 329 431 347
3 330 334 331
3 330 482 334
3 347 482 330
3 334 338 331
3 338 479 331
3 331 479 464
3 332 524 449
3 461 565 332
3 332 565 524
3 333 432 431
3 333 527 432
3 481 527 333
3 334 340 338
3 334 344 340
3 334 482 344
3 335 337 336
3 335 472 337
3 470 472 335
3 337 357 336
3 357 359 336
3 359 473 336
3 337 358 357
3 337 362 358
3 337 472 362
3 340 349 338
3 349 350 338
3 350 479 338
3 339 501 461
3 462 500 339
3 500 501 339
3 344 346 340
3 346 466 340
3 340 466 349
3 341 351 342
3 341 352 351
3 341 449 352
3 351 353 342
3 353 354 342
3 354 486 342
3 343 368 345
3 343 404 368
3 343 493 404
3 344 355 346
3 344 407 355
3 344 482 407
3 368 369 345
3 369 370 345
3 370 483 345
3 355 422 346
3 422 423 346
3 423 466 346
3 347 430 414
3 414 482 347
3 347 431 430
3 348 477 473
3 473 494 348
3 348 494 492
3 349 402 350
3 349 403 402
3 349 466 403
3 402 478 350
3 350 478 438
3 438 479 350
3 352 480 351
3 351 374 353
3 351 480 374
3 449 524 352
3 352 544 480
3 524 544 352
3 353 376 354
3 374 548 353
3 353 548 376
3 376 377 354
3 377 484 354
3 484 486 354
3 407 413 355
3 413 534 355
3 355 534 422
3 360 416 356
3 416 417 356
3 417 497 356
3 358 463 357
3 357 412 359
3 357 463 412
3 362 363 358
3 363 364 358
3 364 463 358
3 412 502 359
3 359 494 473
3 359 502 494
3 375 408 360
3 408 434 360
3 360 434 416
3 361 506 458
3 361 507 506
3 361 538 507
3 362 476 363
3 472 513 362
3 362 513 476
3 363 365 364
3 363 366 365
3 363 476 366
3 365 573 364
3 364 538 463
3 364 573 538
3 366 367 365
3 367 372 365
3 372 573 365
3 366 438 367
3 366 474 438
3 366 476 474
3 367 373 372
3 367 478 373
3 438 478 367
3 368 396 369
3 368 550 396
3 404 550 368
3 369 557 370
3 396 397 369
3 397 557 369
3 370 557 468
3 468 576 370
3 370 576 483
3 371 568 425
3 371 529 444
3 444 568 371
3 373 542 372
3 453 507 372
3 372 542 453
3 507 573 372
3 478 536 373
3 536 581 373
3 373 581 542
3 374 533 459
3 459 548 374
3 480 533 374
3 375 566 408
3 512 551 375
3 551 566 375
3 376 378 377
3 376 560 378
3 548 560 376
3 378 379 377
3 379 380 377
3 380 484 377
3 378 537 379
3 378 571 537
3 560 571 378
3 379 381 380
3 379 382 381
3 379 537 382
3 381 487 380
3 380 485 484
3 380 487 485
3 382 383 381
3 383 384 381
3 384 487 381
3 382 445 383
3 382 447 445
3 382 537 447
3 383 385 384
3 383 387 385
3 383 445 387
3 385 386 384
3 386 389 384
3 389 487 384
3 385 488 386
3 387 388 385
3 388 488 385
3 386 390 389
3 386 391 390
3 386 488 391
3 387 398 388
3 387 399 398
3 387 445 399
3 398 496 388
3 388 509 488
3 496 509 388
3 390 503 389
3 389 514 487
3 503 514 389
3 391 392 390
3 392 393 390
3 393 503 390
3 391 395 392
3 391 409 395
3 391 488 409
3 392 394 393
3 392 498 394
3 395 498 392
3 394 525 393
3 393 504 503
3 393 525 504
3 498 522 394
3 522 527 394
3 394 527 525
3 409 570 395
3 395 553 498
3 395 570 553
3 396 401 397
3 396 546 401
3 401 516 397
3 516 585 397
3 397 585 557
3 399 400 398
3 400 577 398
3 398 577 496
3 399 547 400
3 445 446 399
3 446 547 399
3 400 563 518
3 518 577 400
3 547 563 400
3 401 562 516
3 546 562 401
3 403 580 402
3 402 536 478
3 402 580 536
3 403 556 465
3 465 580 403
3 466 556 403
3 493 495 404
3 433 579 405
3 405 564 441
3 405 579 564
3 425 561 406
3 406 561 475
3 407 482 414
3 408 567 434
3 488 509 409
3 509 523 409
3 411 552 410
3 552 564 410
3 564 579 410
3 411 582 552
3 412 559 502
3 414 430 429
3 508 578 415
3 415 578 545
3 416 418 417
3 418 419 417
3 419 499 417
3 417 499 497
3 418 420 419
3 418 435 420
3 420 421 419
3 421 500 419
3 419 500 499
3 420 543 421
3 435 526 420
3 526 543 420
3 421 501 500
3 421 555 501
3 543 555 421
3 422 511 423
3 423 556 466
3 511 584 423
3 423 584 556
3 425 568 426
3 426 558 505
3 427 551 428
3 427 566 551
3 428 551 531
3 430 532 429
3 431 535 430
3 430 535 532
3 432 535 431
3 432 522 521
3 521 535 432
3 432 527 522
3 433 588 579
3 567 587 434
3 436 581 437
3 542 581 436
3 437 581 536
3 474 479 438
3 440 569 439
3 439 582 440
3 552 582 439
3 443 558 442
3 505 558 443
3 443 578 508
3 445 447 446
3 528 547 446
3 447 537 448
3 448 571 460
3 460 586 448
3 537 571 448
3 516 562 451
3 451 562 517
3 452 506 453
3 506 507 453
3 454 456 455
3 454 515 456
3 456 457 455
3 457 555 455
3 455 555 543
3 456 544 457
3 515 583 456
3 456 583 544
3 457 544 524
3 524 565 457
3 457 565 555
3 460 571 560
3 501 565 461
3 499 500 462
3 464 479 474
3 467 584 511
3 469 576 468
3 475 554 469
3 471 472 470
3 471 513 472
3 544 583 480
3 525 527 481
3 485 510 484
3 484 510 486
3 487 514 485
3 490 510 485
3 485 514 490
3 486 510 489
3 491 585 516
3 492 495 493
3 494 495 492
3 494 502 495
3 496 549 509
3 498 539 522
3 498 553 539
3 555 565 501
3 538 573 507
3 509 549 523
3 531 551 512
3 553 570 519
3 521 539 520
3 522 539 521
3 61 5 611
3 5 108 611
3 6 63 610
3 111 6 610
3 102 9 606
3 9 109 606
3 110 10 607
3 10 117 607
3 62 61 593
3 593 61 611
3 63 62 601
3 62 593 601
3 63 601 610
3 103 102 599
3 599 102 606
3 104 103 592
3 592 103 599
3 105 104 598
3 104 592 598
3 106 105 590
3 590 105 598
3 107 106 603
3 106 590 603
3 108 107 604
3 107 603 604
3 108 604 611
3 109 110 591
3 109 591 606
3 591 110 607
3 112 111 589
3 589 111 610
3 113 112 595
3 112 589 595
3 114 113 597
3 113 595 597
3 115 114 594
3 594 114 597
3 116 115 600
3 115 594 600
3 117 116 602
3 116 600 602
3 117 602 607
3 595 589 596
3 596 589 609
3 589 601 609
3 601 589 610
3 590 598 608
3 603 590 605
3 605 590 608
3 599 591 602
3 591 599 606
3 602 591 607
3 592 594 598
3 594 592 600
3 592 599 600
3 601 593 609
3 593 604 609
3 604 593 611
3 594 597 608
3 598 594 608
3 595 596 605
3 597 595 605
3 603 596 604
3 596 603 605
3 604 596 609
3 597 605 608
3 600 599 602
3 5 64 642
3 108 5 642
3 67 7 643
3 7 118 643
3 9 102 638
3 125 9 638
3 124 11 639
3 11 127 639
3 64 65 635
3 64 635 642
3 65 66 612
3 65 612 635
3 66 67 634
3 612 66 634
3 634 67 643
3 102 103 620
3 102 620 638
3 103 104 614
3 103 614 620
3 104 105 630
3 614 104 630
3 105 106 615
3 105 615 630
3 106 107 628
3 615 106 628
3 107 108 619
3 107 619 628
3 619 108 642
3 118 119 618
3 118 618 643
3 119 120 626
3 618 119 626
3 120 121 613
3 120 613 626
3 121 122 637
3 613 121 637
3 122 123 641
3 637 122 641
3 123 124 616
3 123 616 641
3 616 124 639
3 126 125 617
3 617 125 638
3 127 126 632
3 126 617 632
3 127 632 639
3 629 612 631
3 612 629 635
3 631 612 634
3 624 613 637
3 613 624 640
3 626 613 627
3 627 613 640
3 620 614 621
3 621 614 622
3 622 614 630
3 615 625 630
3 625 615 633
3 615 628 633
3 616 621 623
3 621 616 636
3 616 623 641
3 616 632 636
3 632 616 639
3 617 620 636
3 620 617 638
3 632 617 636
3 618 626 631
3 618 631 634
3 618 634 643
3 628 619 629
3 629 619 635
3 635 619 642
3 620 621 636
3 621 622 623
3 623 622 624
3 624 622 625
3 625 622 630
3 623 624 637
3 623 637 641
3 624 625 640
3 625 633 640
3 626 627 631
3 627 629 631
3 629 627 633
3 633 627 640
3 628 629 633
3 68 6 665
3 6 111 665
3 7 70 666
3 118 7 666
3 117 10 662
3 10 128 662
3 11 124 661
3 129 11 661
3 69 68 656
3 656 68 665
3 70 69 648
3 648 69 656
3 70 648 666
3 111 112 644
3 111 644 665
3 112 113 650
3 644 112 650
3 113 114 652
3 650 113 652
3 114 115 649
3 114 649 652
3 115 116 655
3 649 115 655
3 116 117 657
3 655 116 657
3 657 117 662
3 119 118 659
3 659 118 666
3 120 119 658
3 658 119 659
3 121 120 645
3 645 120 658
3 122 121 653
3 121 645 653
3 123 122 647
3 647 122 653
3 124 123 654
3 123 647 654
3 124 654 661
3 128 129 646
3 128 646 662
3 646 129 661
3 644 650 651
3 644 651 664
3 656 644 664
3 644 656 665
3 653 645 663
3 645 658 660
3 645 660 663
3 646 654 657
3 654 646 661
3 646 657 662
3 649 647 653
3 647 649 655
3 654 647 655
3 648 656 664
3 659 648 664
3 648 659 666
3 652 649 663
3 649 653 663
3 651 650 660
3 650 652 660
3 651 658 659
3 658 651 660
3 651 659 664
3 660 652 663
3 654 655 657
3 71 667 8
3 8 667 76
3 72 667 71
3 73 667 72
3 74 667 73
3 75 667 74
3 76 667 75
3 125 109 9
3 10 110 669
3 128 10 668
3 668 10 669
3 11 129 127
3 110 109 669
3 109 125 669
3 125 126 669
3 126 127 668
3 126 668 669
3 127 129 668
3 129 128 668
4 546 688 671 696
4 558 676 505 680
4 546 687 671 688
4 266 676 267 680
4 671 687 546 696
4 687 711 91 716
4 672 711 687 716
4 671 696 688 700
4 546 687 688 706
4 375 566 551 674
4 444 674 371 676
4 494 684 359 710
4 551 674 566 676
4 500 685 419 691
4 359 494 502 684
4 505 558 426 676
4 546 291 688 696
4 304 302 303 703
4 500 691 499 712
4 505 676 266 680
4 568 444 371 676
4 684 690 359 710
4 419 691 685 716
4 258 676 251 680
4 95 674 444 676
4 91 711 699 716
4 685 691 500 712
4 500 419 499 691
4 94 567 587 674
4 304 303 679 703
4 688 696 291 700
4 451 91 687 711
4 699 711 672 716
4 558 241 676 680
4 286 546 687 696
4 434 674 704 705
4 512 278 674 676
4 238 566 674 676
4 587 94 674 705
4 679 697 304 703
4 494 700 684 710
4 352 686 681 694
4 434 587 674 705
4 434 587 567 674
4 371 444 529 674
4 685 691 672 716
4 551 512 674 676
4 345 695 688 712
4 558 442 241 680
4 286 696 687 702
4 345 688 695 706
4 258 433 676 680
4 444 95 529 674
4 223 258 251 680
4 303 492 679 703
4 352 681 351 694
4 238 674 95 676
4 461 302 304 703
4 375 551 512 674
4 491 269 252 711
4 461 304 697 703
4 341 681 352 686
4 672 691 685 712
4 492 700 679 703
4 345 298 695 712
4 269 673 252 711
4 434 704 673 705
4 688 695 672 712
4 364 31 30 682
4 672 695 688 706
4 494 502 684 700
4 494 679 700 710
4 567 408 434 674
4 434 673 587 705
4 434 674 408 704
4 267 676 279 680
4 364 573 31 682
4 675 689 458 696
4 684 700 679 710
4 550 688 291 700
4 293 704 282 708
4 462 500 499 712
4 566 408 238 674
4 341 681 686 693
4 452 689 677 715
4 352 341 351 681
4 587 673 93 705
4 517 286 687 702
4 284 691 673 695
4 425 371 674 676
4 233 680 578 683
4 497 284 691 704
4 673 704 293 708
4 512 531 278 676
4 332 679 306 686
4 515 456 583 675
4 273 371 270 674
4 306 679 305 710
4 576 673 293 708
4 233 98 680 683
4 452 506 689 715
4 508 578 680 683
4 293 673 576 695
4 441 680 98 683
4 505 275 266 676
4 238 567 95 674
4 433 279 676 680
4 419 699 691 716
4 268 267 266 676
4 425 568 371 676
4 371 529 270 674
4 284 673 293 695
4 278 277 674 676
4 93 587 229 673
4 252 673 93 699
4 687 706 451 711
4 688 700 493 703
4 583 675 686 694
4 452 86 677 689
4 416 673 434 704
4 304 306 332 679
4 345 688 298 712
4 251 676 97 680
4 673 691 416 699
4 260 680 261 683
4 672 706 687 711
4 497 283 284 704
4 233 99 98 683
4 272 673 269 711
4 99 441 98 683
4 294 691 695 712
4 456 686 675 697
4 229 587 434 673
4 95 94 529 674
4 544 583 675 686
4 310 678 693 710
4 261 680 264 683
4 310 328 678 710
4 408 567 238 674
4 345 695 369 706
4 93 673 252 705
4 551 531 512 676
4 241 426 558 676
4 468 673 576 708
4 364 682 30 709
4 288 458 689 696
4 573 31 682 715
4 576 673 468 695
4 416 691 417 699
4 428 258 433 676
4 294 695 298 712
4 273 674 270 705
4 458 675 253 689
4 269 252 673 705
4 508 680 260 683
4 677 689 86 694
4 356 497 691 704
4 512 292 375 674
4 375 408 566 674
4 351 694 681 701
4 408 674 375 704
4 456 544 583 675
4 529 270 674 705
4 673 691 284 704
4 95 567 94 674
4 517 225 286 702
4 252 673 699 711
4 463 707 682 709
4 360 408 375 704
4 491 272 269 711
4 512 278 281 674
4 515 675 583 694
4 493 700 492 703
4 345 343 298 688
4 469 576 293 708
4 360 434 408 704
4 546 688 396 706
4 303 301 492 703
4 87 86 689 694
4 239 91 451 711
4 253 285 225 696
4 312 678 11 698
4 87 86 240 689
4 272 695 673 711
4 288 689 684 696
4 223 251 97 680
4 280 281 278 674
4 229 434 416 673
4 462 499 691 712
4 425 371 273 674
4 294 297 691 712
4 260 262 261 680
4 272 673 468 705
4 468 673 272 695
4 97 676 241 680
4 564 680 441 683
4 515 87 675 694
4 264 680 579 683
4 310 693 678 698
4 31 210 30 682
4 512 292 674 704
4 253 696 225 702
4 515 227 87 694
4 529 674 94 705
4 687 696 671 702
4 512 674 281 704
4 505 426 275 676
4 345 368 688 706
4 463 364 682 707
4 443 578 233 680
4 294 691 284 695
4 356 691 673 704
4 87 689 675 694
4 10 681 323 698
4 239 699 91 711
4 292 375 674 704
4 443 508 578 680
4 468 705 673 708
4 463 357 690 709
4 579 680 564 683
4 243 667 254 692
4 253 675 696 702
4 544 675 456 686
4 573 682 364 707
4 304 305 306 679
4 10 342 323 681
4 569 667 440 692
4 3 85 9 677
4 418 699 419 716
4 268 266 275 676
4 424 667 243 692
4 507 707 689 715
4 42 677 125 714
4 332 679 686 697
4 310 678 312 698
4 42 9 125 677
4 253 675 87 689
4 463 690 707 709
4 296 294 297 691
4 555 685 697 713
4 486 128 10 698
4 345 369 368 706
4 425 674 561 676
4 240 253 87 689
4 416 356 673 704
4 93 673 229 699
4 271 272 468 705
4 294 284 293 695
4 269 673 272 705
4 689 707 682 715
4 469 468 576 708
4 501 555 685 697
4 348 492 494 679
4 225 696 286 702
4 675 679 670 684
4 515 583 227 694
4 561 674 277 676
4 418 416 417 699
4 551 566 427 676
4 252 93 92 699
4 412 359 502 684
4 310 477 328 710
4 304 679 332 697
4 262 266 267 680
4 224 85 3 677
4 127 11 678 698
4 442 97 241 680
4 288 285 458 696
4 684 689 675 696
4 40 127 11 678
4 492 494 679 700
4 677 689 682 715
4 279 428 433 676
4 405 441 564 680
4 280 281 674 704
4 512 281 292 704
4 298 688 343 712
4 425 406 561 674
4 364 30 358 709
4 667 572 254 692
4 11 312 2 678
4 311 312 11 698
4 452 240 86 689
4 507 689 506 715
4 277 280 278 674
4 323 486 10 698
4 296 691 297 712
4 507 682 573 707
4 359 684 412 690
4 494 348 679 710
4 126 41 42 714
4 2 312 335 678
4 323 10 486 342
4 456 697 675 702
4 557 695 272 711
4 301 493 492 703
4 670 679 675 686
4 456 675 515 702
4 681 686 670 694
4 294 298 297 712
4 671 679 675 696
4 468 272 557 695
4 404 493 688 700
4 679 684 675 696
4 42 125 126 714
4 328 690 678 710
4 229 673 416 699
4 463 358 357 709
4 40 209 41 682
4 579 405 564 680
4 674 705 273 708
4 238 427 566 676
4 268 276 267 676
4 684 689 361 707
4 125 677 9 701
4 677 701 125 714
4 569 101 667 692
4 671 700 688 703
4 667 101 572 692
4 508 265 260 680
4 341 686 449 693
4 573 364 538 707
4 404 688 550 700
4 670 686 681 693
4 679 700 671 703
4 697 702 455 713
4 406 425 273 674
4 261 450 264 680
4 573 682 507 715
4 416 434 360 704
4 669 126 125 714
4 308 323 341 681
4 224 452 677 715
4 110 342 10 701
4 224 452 85 677
4 427 251 258 676
4 224 677 3 715
4 247 440 667 692
4 562 286 546 687
4 278 531 276 676
4 310 312 311 698
4 310 693 477 710
4 96 95 444 676
4 364 30 31 365
4 280 704 674 708
4 271 705 468 708
4 681 693 323 698
4 456 455 697 702
4 339 461 501 703
4 684 696 679 700
4 669 125 701 714
4 323 681 308 693
4 544 686 456 697
4 406 674 273 708
4 42 714 41 715
4 31 364 365 573
4 323 693 308 698
4 341 308 681 693
4 279 267 276 676
4 671 697 679 703
4 670 682 677 689
4 507 682 707 715
4 42 3 9 677
4 336 678 328 690
4 278 276 277 676
4 310 309 693 698
4 209 30 210 682
4 501 461 565 697
4 339 501 685 703
4 450 267 279 680
4 262 267 450 680
4 494 359 473 710
4 679 696 671 700
4 351 374 694 701
4 681 693 678 714
4 516 451 706 711
4 30 682 209 709
4 309 323 308 698
4 90 687 91 716
4 336 335 678 709
4 424 247 667 692
4 288 361 684 689
4 554 293 282 708
4 500 421 419 685
4 280 277 475 674
4 421 419 685 716
4 2 678 335 709
4 238 95 96 676
4 261 262 450 680
4 11 2 40 678
4 348 303 492 679
4 309 308 693 698
4 462 691 296 712
4 459 9 677 701
4 9 85 459 677
4 691 699 672 716
4 31 210 682 715
4 40 682 41 714
4 310 307 477 693
4 517 687 89 702
4 681 694 677 701
4 685 697 671 703
4 497 356 283 704
4 342 681 10 701
4 670 684 679 710
4 473 690 328 710
4 369 706 695 711
4 259 683 263 692
4 42 677 714 715
4 128 668 10 698
4 417 356 497 691
4 456 454 455 702
4 670 678 693 714
4 336 328 473 690
4 672 695 691 712
4 677 681 670 694
4 222 93 252 705
4 420 418 419 716
4 677 694 533 701
4 678 690 336 709
4 679 686 670 710
4 675 679 671 697
4 260 265 262 680
4 289 684 559 700
4 561 406 475 674
4 85 452 86 677
4 452 453 506 715
4 450 279 588 680
4 290 684 361 707
4 686 693 670 710
4 538 507 573 707
4 258 223 405 680
4 427 258 428 676
4 304 303 305 679
4 264 450 588 680
4 561 475 277 674
4 90 228 89 713
4 280 674 475 708
4 87 253 88 675
4 670 693 681 714
4 299 688 493 703
4 449 332 306 686
4 129 311 11 698
4 87 88 515 675
4 352 351 480 694
4 40 209 682 709
4 253 88 675 702
4 461 304 332 697
4 341 449 308 693
4 335 328 336 678
4 90 89 687 713
4 433 588 279 680
4 252 699 239 711
4 526 228 90 716
4 127 129 11 698
4 677 670 681 714
4 449 686 306 693
4 406 475 674 708
4 668 681 10 698
4 264 588 579 680
4 682 707 690 709
4 501 565 555 697
4 678 127 698 714
4 517 286 562 687
4 90 451 91 687
4 292 360 375 704
4 289 696 684 700
4 276 268 277 676
4 257 683 259 692
4 285 286 225 696
4 282 284 283 704
4 427 238 251 676
4 364 358 30 363
4 348 305 303 679
4 341 352 449 686
4 328 312 310 678
4 353 342 110 701
4 671 697 685 713
4 462 499 296 691
4 87 227 86 694
4 678 693 681 698
4 127 678 40 714
4 568 425 426 676
4 669 10 668 681
4 2 40 678 709
4 274 273 705 708
4 40 709 682 714
4 263 683 411 692
4 110 10 669 701
4 505 443 558 680
4 441 223 98 680
4 345 368 343 688
4 515 675 88 702
4 92 93 229 699
4 286 287 546 696
4 486 489 128 698
4 559 684 502 700
4 441 405 223 680
4 290 288 361 684
4 517 89 225 702
4 670 682 689 707
4 89 702 687 713
4 678 670 693 710
4 557 369 695 711
4 266 265 505 680
4 40 678 709 714
4 336 690 357 709
4 41 714 682 715
4 266 262 265 680
4 675 684 670 689
4 412 690 684 707
4 98 442 233 680
4 264 263 261 683
4 3 677 42 715
4 307 310 309 693
4 359 690 473 710
4 10 681 669 701
4 685 687 672 688
4 670 690 684 710
4 412 502 559 684
4 444 568 241 676
4 240 458 253 689
4 688 703 299 712
4 85 3 9 84
4 93 94 587 705
4 562 451 687 706
4 279 276 531 676
4 299 298 343 712
4 328 335 312 678
4 299 343 493 688
4 508 443 265 680
4 305 679 348 710
4 678 690 670 710
4 289 291 696 700
4 455 702 454 713
4 264 579 410 683
4 544 583 686 694
4 253 225 88 702
4 86 533 677 694
4 530 259 263 692
4 30 29 362 709
4 93 222 94 705
4 298 294 483 695
4 668 698 127 714
4 406 273 274 708
4 433 258 405 680
4 125 9 109 701
4 90 91 526 716
4 275 426 425 676
4 669 701 681 714
4 410 411 263 683
4 351 374 480 694
4 492 493 495 700
4 411 683 552 692
4 100 683 545 692
4 298 483 345 695
4 336 337 335 709
4 252 92 239 699
4 337 336 357 709
4 30 362 358 709
4 299 343 688 712
4 456 515 454 702
4 236 683 100 692
4 516 239 451 711
4 257 259 256 692
4 271 269 272 705
4 410 552 411 683
4 416 360 356 704
4 374 533 694 701
4 307 477 693 710
4 323 342 341 681
4 110 10 342 354
4 241 568 426 676
4 91 699 435 716
4 670 686 675 694
4 252 239 491 711
4 472 2 335 709
4 127 41 126 714
4 441 99 236 683
4 533 459 677 701
4 332 686 524 697
4 468 557 370 695
4 351 341 342 681
4 517 90 89 687
4 670 689 677 694
4 280 282 281 704
4 678 682 670 690
4 677 682 670 714
4 452 506 240 689
4 31 573 372 715
4 671 687 685 688
4 274 273 271 705
4 675 689 670 694
4 552 683 236 692
4 678 698 681 714
4 295 550 291 700
4 588 433 579 680
4 397 706 369 711
4 289 288 684 696
4 462 296 297 712
4 442 558 443 680
4 302 301 303 703
4 681 701 677 714
4 352 480 686 694
4 280 282 704 708
4 269 222 252 705
4 233 545 99 683
4 261 259 260 683
4 339 703 685 712
4 97 251 96 676
4 279 531 428 676
4 99 545 100 683
4 233 578 545 683
4 533 85 86 677
4 546 287 291 696
4 361 689 507 707
4 442 443 233 680
4 554 469 293 708
4 463 690 412 707
4 294 293 483 695
4 562 516 451 706
4 675 686 679 697
4 275 425 561 676
4 339 300 703 712
4 99 100 236 683
4 351 681 342 701
4 289 559 295 700
4 370 576 468 695
4 339 462 300 712
4 277 268 561 676
4 463 357 412 690
4 96 251 238 676
4 668 681 698 714
4 433 405 579 680
4 418 229 416 699
4 546 396 401 706
4 415 545 683 692
4 342 353 110 354
4 127 40 41 714
4 449 306 308 693
4 410 263 264 683
4 472 335 337 709
4 263 259 261 683
4 557 397 369 711
4 289 295 291 700
4 524 686 544 697
4 449 524 332 686
4 672 695 706 711
4 288 458 361 689
4 459 85 533 677
4 678 670 682 714
4 579 564 410 683
4 284 294 296 691
4 415 683 257 692
4 529 94 222 705
4 675 697 671 702
4 243 256 424 692
4 493 404 495 700
4 682 690 678 709
4 268 275 561 676
4 370 369 345 695
4 295 404 550 700
4 421 543 685 713
4 456 455 457 697
4 97 98 223 680
4 361 506 507 689
4 441 236 564 683
4 2 472 29 709
4 428 531 551 676
4 290 412 684 707
4 241 97 96 676
4 428 551 427 676
4 492 495 494 700
4 543 421 685 716
4 224 453 452 715
4 453 507 506 715
4 494 473 348 710
4 671 696 675 702
4 307 305 477 710
4 582 440 247 692
4 358 362 30 363
4 526 543 228 716
4 459 109 9 701
4 274 271 468 708
4 486 323 489 698
4 691 695 672 699
4 685 688 672 712
4 543 713 228 716
4 265 443 505 680
4 293 576 483 695
4 564 236 552 683
4 668 127 126 714
4 526 91 435 716
4 259 257 260 683
4 685 713 543 716
4 455 457 697 713
4 370 557 369 695
4 444 241 96 676
4 299 493 301 703
4 97 442 98 680
4 564 552 410 683
4 440 439 569 692
4 417 499 419 691
4 530 263 411 692
4 285 287 286 696
4 32 224 3 715
4 544 480 583 694
4 544 686 480 694
4 84 85 3 224
4 421 685 555 713
4 672 688 687 706
4 289 288 290 684
4 463 538 364 707
4 421 555 543 713
4 274 705 271 708
4 257 508 260 683
4 555 697 457 713
4 41 209 210 682
4 470 335 2 312
4 673 695 691 699
4 671 688 685 703
4 461 332 565 697
4 542 224 32 715
4 515 88 454 702
4 682 714 677 715
4 440 582 439 692
4 672 699 695 711
4 210 41 682 715
4 254 255 243 692
4 670 689 684 707
4 421 420 419 716
4 502 494 495 700
4 477 473 328 710
4 557 272 585 711
4 670 690 682 707
4 337 29 472 709
4 412 559 290 684
4 30 364 363 365
4 273 270 271 705
4 695 699 673 711
4 89 228 454 702
4 559 289 290 684
4 672 687 685 716
4 280 554 282 708
4 101 667 8 569
4 573 507 372 715
4 455 555 457 713
4 544 352 480 686
4 572 667 8 101
4 92 91 239 699
4 687 702 671 713
4 470 2 11 312
4 339 302 461 703
4 336 473 359 690
4 424 74 243 667
4 670 684 690 707
4 228 454 702 713
4 228 702 89 713
4 682 709 678 714
4 368 396 688 706
4 667 75 243 254
4 214 66 19 612
4 65 20 177 214
4 308 307 309 693
4 30 209 29 709
4 685 703 688 712
4 404 493 343 688
4 572 250 254 692
4 457 524 544 697
4 457 544 456 697
4 439 236 100 692
4 306 307 308 693
4 210 42 41 715
4 310 311 309 698
4 28 0 118 212
4 118 0 7 212
4 667 247 72 440
4 530 256 259 692
4 300 299 703 712
4 33 5 213 108
4 550 368 396 688
4 685 687 671 713
4 424 247 73 667
4 86 227 533 694
4 565 457 555 697
4 107 78 33 108
4 562 401 516 706
4 358 337 357 709
4 559 502 295 700
4 217 52 0 520
4 552 236 439 692
4 501 500 339 685
4 36 79 106 105
4 78 33 34 107
4 126 632 41 127
4 671 702 697 713
4 415 250 545 692
4 569 439 101 692
4 34 79 78 107
4 529 222 270 705
4 9 459 85 84
4 217 0 7 118
4 351 342 353 701
4 2 29 40 709
4 357 359 412 690
4 106 79 35 107
4 538 361 507 707
4 33 77 5 108
4 34 35 79 107
4 250 100 545 692
4 666 218 7 118
4 245 218 666 118
4 33 5 1 213
4 557 585 397 711
4 78 77 33 108
4 372 32 31 715
4 245 7 51 218
4 218 245 7 118
4 26 25 180 121
4 106 615 36 105
4 284 296 497 691
4 289 291 287 696
4 290 463 412 707
4 255 415 257 692
4 79 35 36 106
4 118 521 27 119
4 27 28 521 118
4 42 126 197 41
4 255 257 256 692
4 617 125 126 197
4 483 370 345 695
4 451 90 517 687
4 126 42 197 125
4 569 667 71 440
4 243 255 256 692
4 477 305 348 710
4 501 421 500 685
4 77 5 1 33
4 29 337 362 709
4 118 539 521 119
4 508 257 415 683
4 572 101 250 692
4 19 177 214 612
4 214 177 65 612
4 421 501 555 685
4 155 327 130 154
4 247 424 530 692
4 299 297 298 712
4 92 435 91 699
4 368 369 396 706
4 299 301 300 703
4 285 288 287 696
4 109 548 110 701
4 327 324 130 154
4 247 411 582 692
4 542 453 224 715
4 180 26 121 120
4 615 36 35 106
4 470 11 2 316
4 415 545 578 683
4 508 415 578 683
4 124 2 11 316
4 332 524 565 697
4 272 491 585 711
4 129 127 668 698
4 327 324 154 326
4 256 530 424 692
4 154 324 130 326
4 295 495 404 700
4 562 451 517 687
4 704 705 674 708
4 648 666 519 220
4 487 384 115 389
4 469 274 468 708
4 352 524 449 686
4 357 336 359 690
4 281 282 283 704
4 70 50 666 220
4 289 287 288 696
4 119 193 27 618
4 525 24 25 122
4 121 525 25 122
4 625 622 187 189
4 155 327 324 130
4 506 458 240 689
4 26 180 193 120
4 628 615 35 106
4 480 374 533 694
4 29 362 337 472
4 187 190 625 189
4 362 337 358 709
4 157 32 31 373
4 572 76 667 254
4 343 368 404 688
4 49 648 519 220
4 106 35 628 107
4 27 193 119 120
4 193 27 26 120
4 107 34 628 183
4 404 368 550 688
4 27 118 119 618
4 27 28 118 618
4 687 713 685 716
4 33 107 108 183
4 673 705 704 708
4 228 455 454 713
4 35 34 628 107
4 129 128 489 698
4 435 229 418 699
4 11 40 203 127
4 42 9 638 125
4 107 33 34 183
4 526 435 420 716
4 107 106 79 246
4 123 317 318 124
4 533 374 459 701
4 519 666 50 220
4 4 5 1 77
4 102 38 620 103
4 124 317 318 316
4 110 548 353 701
4 499 417 497 691
4 101 439 100 692
4 203 40 182 127
4 406 274 475 708
4 40 29 209 709
4 507 453 372 715
4 26 131 432 151
4 41 632 126 197
4 398 595 596 605
4 506 361 458 689
4 120 180 193 626
4 35 615 628 191
4 22 2 124 316
4 39 9 83 102
4 521 520 539 118
4 120 121 180 613
4 615 35 36 178
4 520 521 28 118
4 38 102 620 39
4 107 79 78 246
4 400 398 596 605
4 123 22 185 124
4 227 480 533 694
4 311 11 312 313
4 548 109 459 701
4 108 107 78 541
4 39 9 3 83
4 23 22 185 123
4 628 619 107 183
4 184 27 193 618
4 0 28 207 212
4 642 213 5 108
4 281 283 292 704
4 618 119 193 626
4 2 22 470 316
4 136 27 28 521
4 366 30 135 159
4 26 121 527 25
4 254 250 255 692
4 34 33 78 249
4 183 34 628 191
4 108 107 619 183
4 28 27 184 618
4 142 141 349 340
4 489 311 129 698
4 667 72 71 440
4 543 420 421 716
4 207 216 18 643
4 642 215 64 208
4 499 497 296 691
4 29 30 362 476
4 78 77 108 541
4 154 130 24 321
4 247 530 411 692
4 666 648 70 220
4 247 72 73 667
4 33 77 78 249
4 121 393 525 122
4 74 75 243 667
4 24 25 481 525
4 356 360 292 704
4 22 123 318 124
4 83 9 3 84
4 510 490 657 646
4 379 537 378 602
4 120 193 119 626
4 327 330 168 176
4 617 126 632 197
4 632 41 182 197
4 219 0 28 172
4 127 203 11 639
4 302 339 300 703
4 300 297 299 712
4 397 516 706 711
4 474 476 366 173
4 663 660 645 392
4 657 662 510 646
4 82 38 102 103
4 122 121 393 653
4 78 79 34 467
4 626 120 180 613
4 191 35 615 178
4 34 35 628 191
4 300 462 297 712
4 639 203 11 124
4 123 22 318 23
4 29 30 476 159
4 352 544 524 686
4 160 133 141 466
4 583 480 227 694
4 26 131 333 432
4 82 38 39 102
4 616 123 185 124
4 109 669 125 701
4 129 314 489 128
4 648 49 69 220
4 73 74 424 667
4 398 400 399 605
4 129 668 128 698
4 483 576 370 695
4 476 513 29 159
4 432 131 431 151
4 130 154 326 321
4 114 387 383 597
4 121 26 527 120
4 39 9 102 638
4 191 615 633 178
4 626 180 198 613
4 477 348 473 710
4 604 609 518 593
4 326 154 24 321
4 17 59 137 221
4 79 35 34 467
4 628 615 633 191
4 198 193 180 626
4 133 140 141 403
4 83 82 39 102
4 476 30 366 159
4 317 123 315 124
4 154 481 25 333
4 216 67 18 643
4 215 21 64 208
4 51 52 217 520
4 510 489 314 128
4 143 153 141 340
4 136 28 231 521
4 415 255 250 692
4 32 3 42 715
4 52 28 0 520
4 203 2 11 124
4 116 657 117 380
4 39 3 638 204
4 446 598 590 105
4 411 552 582 692
4 658 645 394 120
4 245 51 7 118
4 385 114 387 383
4 76 75 667 254
4 39 3 9 638
4 131 329 154 333
4 330 327 331 176
4 51 50 245 218
4 387 114 385 597
4 113 112 650 488
4 485 490 657 510
4 162 153 147 346
4 470 22 471 316
4 135 31 30 366
4 168 329 327 154
4 270 222 269 705
4 32 3 224 542
4 138 139 38 536
4 203 182 185 639
4 89 88 225 702
4 0 52 219 231
4 311 129 11 313
4 353 110 376 548
4 349 141 140 403
4 108 77 5 575
4 393 504 525 122
4 122 24 25 637
4 122 25 121 637
4 219 28 0 231
4 117 657 485 380
4 394 645 658 392
4 349 142 340 338
4 290 361 538 707
4 245 520 51 118
4 250 101 100 692
4 638 3 42 204
4 141 349 466 403
4 516 491 239 711
4 333 131 431 432
4 271 270 269 705
4 326 154 329 333
4 362 513 29 476
4 105 36 37 202
4 37 104 105 202
4 435 92 229 699
4 69 648 656 232
4 11 40 2 203
4 23 24 320 122
4 9 42 638 3
4 481 154 326 333
4 19 66 216 200
4 215 65 20 635
4 137 164 162 244
4 489 323 309 698
4 657 116 487 485
4 366 31 30 365
4 657 116 485 380
4 334 482 145 143
4 519 50 49 220
4 119 522 27 120
4 522 26 27 120
4 662 485 657 510
4 163 57 15 211
4 504 317 123 319
4 366 135 31 367
4 71 8 667 569
4 620 38 39 181
4 201 185 182 632
4 617 636 620 197
4 667 8 76 572
4 597 595 387 605
4 346 141 340 466
4 2 22 471 470
4 110 109 376 548
4 534 16 58 211
4 2 170 472 471
4 66 216 200 634
4 635 20 215 199
4 176 334 330 145
4 555 455 543 713
4 342 10 486 354
4 162 167 163 534
4 145 482 146 143
4 398 577 596 589
4 474 366 135 173
4 393 504 122 653
4 660 663 391 392
4 154 329 327 326
4 156 464 324 155
4 662 486 510 128
4 153 141 340 346
4 510 314 646 128
4 502 495 295 700
4 24 481 326 321
4 324 156 155 130
4 1 77 33 574
4 643 118 7 212
4 105 79 106 528
4 122 320 23 123
4 201 185 632 636
4 231 219 28 172
4 593 611 61 248
4 340 143 153 346
4 165 347 431 151
4 124 318 22 316
4 324 325 156 158
4 162 167 534 355
4 504 320 122 123
4 160 133 466 556
4 474 479 156 161
4 70 50 218 666
4 347 165 149 151
4 113 112 488 388
4 31 32 210 715
4 158 156 324 130
4 22 2 203 124
4 511 162 164 244
4 116 379 381 380
4 16 58 221 244
4 77 4 5 575
4 320 24 525 122
4 634 618 184 631
4 199 619 196 183
4 141 140 142 349
4 115 655 487 389
4 356 292 283 704
4 10 486 662 128
4 143 147 346 344
4 322 23 130 321
4 390 391 663 392
4 448 104 598 234
4 109 110 669 701
4 218 50 245 666
4 168 155 327 176
4 331 334 330 176
4 133 160 36 556
4 646 314 129 128
4 37 230 139 580
4 320 24 481 525
4 476 30 362 363
4 466 133 141 403
4 147 162 346 355
4 593 518 604 248
4 387 385 113 597
4 139 230 38 536
4 302 300 301 703
4 24 481 154 326
4 114 113 385 597
4 309 311 489 698
4 605 399 608 590
4 439 582 552 692
4 596 595 398 589
4 245 659 666 519
4 516 401 397 706
4 232 49 648 519
4 658 498 394 392
4 89 454 88 702
4 592 382 447 598
4 84 3 83 436
4 548 459 374 701
4 632 185 182 639
4 320 504 317 123
4 144 161 479 350
4 652 114 113 385
4 474 479 464 156
4 316 470 11 313
4 609 589 577 601
4 195 25 24 637
4 105 104 630 202
4 168 330 329 165
4 106 603 590 528
4 488 652 113 385
4 204 42 638 197
4 510 486 489 128
4 1 4 77 574
4 105 446 598 234
4 365 366 31 367
4 658 394 498 120
4 121 394 393 645
4 527 394 121 120
4 213 1 33 208
4 350 161 479 438
4 534 163 16 211
4 52 0 28 231
4 385 652 114 386
4 463 290 538 707
4 170 29 2 472
4 35 79 36 242
4 347 414 149 146
4 188 622 630 189
4 195 187 624 623
4 393 653 645 663
4 543 455 228 713
4 129 489 314 311
4 648 659 664 519
4 471 22 170 322
4 117 484 485 662
4 149 431 347 151
4 372 31 32 373
4 659 498 553 119
4 472 170 513 471
4 155 464 331 144
4 25 26 131 333
4 438 174 135 367
4 162 132 153 423
4 173 325 476 159
4 106 603 528 246
4 131 154 25 333
4 318 320 317 123
4 165 330 482 145
4 38 437 138 536
4 237 63 45 601
4 231 28 52 520
4 353 376 110 354
4 350 144 140 338
4 388 387 113 595
4 153 141 346 466
4 471 170 513 322
4 431 329 165 131
4 2 472 335 470
4 611 43 61 248
4 539 245 659 118
4 665 48 656 232
4 136 535 27 521
4 39 82 83 437
4 666 659 648 519
4 380 377 117 602
4 80 36 37 105
4 104 80 37 105
4 143 334 482 344
4 602 379 537 600
4 595 387 113 597
4 324 325 464 156
4 457 565 524 697
4 318 23 22 322
4 593 61 44 248
4 82 38 103 586
4 143 147 153 346
4 539 245 553 659
4 318 22 471 322
4 464 327 324 155
4 486 484 662 510
4 651 660 409 395
4 116 487 485 380
4 83 460 82 102
4 26 25 527 333
4 369 397 396 706
4 10 486 484 662
4 402 140 139 403
4 659 664 519 570
4 37 36 80 465
4 666 50 245 519
4 474 325 476 173
4 249 34 164 511
4 650 651 660 409
4 322 130 324 321
4 384 385 114 386
4 52 53 219 231
4 105 590 446 528
4 643 118 28 618
4 573 365 31 372
4 136 231 535 521
4 346 340 143 344
4 663 393 653 390
4 179 195 24 637
4 104 614 630 202
4 543 526 420 716
4 117 485 657 662
4 79 36 80 105
4 649 115 384 389
4 554 280 475 708
4 33 108 208 183
4 658 498 553 659
4 83 3 39 436
4 130 158 23 322
4 387 399 597 605
4 659 658 498 119
4 385 488 652 386
4 662 484 485 510
4 384 115 114 383
4 135 366 474 438
4 602 537 378 599
4 485 484 117 380
4 637 24 179 641
4 202 104 614 206
4 141 153 160 466
4 430 431 149 151
4 116 379 380 602
4 659 553 658 395
4 200 19 66 612
4 177 20 65 635
4 397 585 516 711
4 532 429 166 150
4 23 122 641 24
4 437 38 230 536
4 648 69 49 232
4 429 13 54 166
4 161 135 474 438
4 643 216 67 634
4 208 215 21 199
4 591 377 378 602
4 487 116 115 381
4 325 513 476 159
4 139 402 403 580
4 539 553 498 119
4 324 130 326 321
4 207 28 184 643
4 619 642 108 208
4 34 249 467 511
4 616 186 179 623
4 188 614 621 181
4 386 652 663 390
4 143 142 334 340
4 414 347 482 146
4 170 513 29 472
4 173 135 474 161
4 158 22 23 322
4 314 129 311 313
4 317 123 654 315
4 642 635 215 208
4 207 200 216 643
4 26 27 432 522
4 634 200 66 612
4 635 177 20 199
4 610 63 237 601
4 349 140 142 338
4 104 37 38 206
4 133 139 140 403
4 503 649 653 390
4 324 158 130 322
4 327 155 168 154
4 102 460 82 103
4 608 597 399 605
4 83 9 226 102
4 536 139 230 580
4 221 137 16 244
4 140 349 350 338
4 503 389 649 390
4 162 163 137 244
4 320 318 23 123
4 347 430 431 149
4 659 245 553 519
4 312 11 470 313
4 11 124 316 313
4 518 609 604 563
4 83 226 9 84
4 179 185 186 616
4 614 620 621 181
4 132 164 34 511
4 363 366 30 365
4 380 379 377 602
4 651 659 658 395
4 534 57 163 211
4 393 504 653 503
4 377 376 591 378
4 39 38 82 437
4 509 112 111 496
4 194 184 193 631
4 619 628 629 196
4 157 31 135 367
4 122 23 641 123
4 436 32 3 169
4 161 144 152 350
4 513 325 158 159
4 632 185 616 636
4 479 331 464 144
4 387 383 597 445
4 154 168 329 131
4 195 179 187 623
4 622 630 614 188
4 615 625 633 205
4 190 198 180 640
4 448 598 447 234
4 22 158 170 322
4 347 329 330 165
4 611 604 108 248
4 155 156 464 144
4 482 146 143 344
4 155 331 327 176
4 27 26 432 151
4 590 603 547 528
4 366 30 476 363
4 174 157 135 367
4 13 54 55 429
4 429 55 13 175
4 43 44 61 248
4 445 597 399 608
4 657 514 490 485
4 384 115 383 381
4 146 165 482 145
4 142 143 141 340
4 648 664 232 519
4 210 32 42 715
4 478 138 157 373
4 38 81 37 104
4 437 581 169 138
4 634 184 200 631
4 196 635 619 199
4 24 23 320 321
4 315 123 654 124
4 394 525 527 121
4 622 623 187 621
4 391 663 652 390
4 316 124 315 313
4 380 117 116 602
4 633 192 191 178
4 613 198 626 627
4 643 28 184 618
4 208 108 619 183
4 59 137 221 244
4 166 429 13 175
4 182 201 632 197
4 636 617 632 197
4 630 188 189 202
4 624 637 195 623
4 104 598 592 448
4 156 325 474 173
4 177 20 19 214
4 214 65 66 612
4 158 324 325 322
4 159 513 29 170
4 353 374 351 701
4 478 152 138 402
4 467 132 34 511
4 664 656 648 232
4 596 547 400 605
4 53 219 231 172
4 110 376 607 354
4 652 386 391 390
4 29 513 362 472
4 655 657 487 485
4 539 522 521 119
4 113 385 387 388
4 135 366 438 367
4 142 334 145 143
4 25 24 481 154
4 610 496 111 589
4 400 596 609 563
4 657 655 514 485
4 527 522 394 120
4 609 577 518 601
4 403 466 133 556
4 553 539 659 119
4 234 105 446 528
4 333 527 26 432
4 48 69 656 232
4 237 577 589 601
4 389 655 514 503
4 414 149 146 148
4 645 394 393 392
4 466 153 160 423
4 481 25 527 525
4 653 121 393 645
4 104 38 103 206
4 354 607 484 377
4 347 431 329 165
4 525 25 527 121
4 605 547 399 590
4 146 407 414 148
4 6 665 111 549
4 522 27 521 119
4 221 58 59 244
4 522 527 26 120
4 340 142 334 338
4 149 165 347 146
4 163 162 534 244
4 45 46 63 237
4 604 609 596 563
4 174 152 478 438
4 639 616 185 124
4 184 643 618 634
4 208 619 199 183
4 118 659 539 119
4 516 585 491 711
4 437 39 38 138
4 528 603 547 246
4 430 429 532 150
4 39 437 169 138
4 464 325 474 156
4 608 445 594 598
4 661 315 124 313
4 205 640 633 192
4 204 620 39 181
4 592 594 382 598
4 591 607 377 602
4 163 15 57 413
4 389 649 655 503
4 381 487 116 380
4 654 319 317 315
4 542 32 436 169
4 156 479 464 144
4 487 514 655 485
4 138 478 402 536
4 658 553 498 395
4 637 122 24 641
4 320 23 318 321
4 391 409 660 395
4 190 613 624 640
4 205 625 189 178
4 399 446 608 590
4 464 331 327 155
4 350 152 161 438
4 224 3 436 542
4 81 38 103 104
4 398 577 400 596
4 152 174 161 438
4 496 112 111 589
4 205 633 615 178
4 613 180 198 640
4 62 44 518 593
4 665 6 47 549
4 124 315 317 316
4 3 32 436 542
4 108 611 248 575
4 176 330 168 145
4 202 37 104 206
4 472 2 471 470
4 605 596 547 603
4 607 484 10 354
4 20 21 215 199
4 216 66 67 634
4 496 388 112 595
4 537 602 600 599
4 208 635 215 199
4 643 200 216 634
4 322 318 23 321
4 144 142 140 338
4 609 518 400 563
4 646 490 654 315
4 377 117 484 380
4 330 482 347 165
4 654 661 646 315
4 398 387 388 595
4 521 432 27 522
4 244 511 162 422
4 402 349 140 403
4 62 518 601 593
4 655 657 116 487
4 141 349 340 466
4 165 431 131 151
4 393 525 394 121
4 330 329 327 168
4 432 535 27 151
4 103 571 460 448
4 423 162 132 422
4 159 158 513 170
4 137 163 16 244
4 19 200 177 612
4 612 177 65 635
4 409 660 650 391
4 519 553 659 570
4 613 190 180 640
4 615 625 205 178
4 200 216 18 207
4 635 215 64 642
4 438 478 174 367
4 340 334 143 344
4 115 384 487 381
4 636 632 201 197
4 636 621 620 181
4 607 376 591 377
4 139 138 152 402
4 630 614 188 202
4 179 195 637 623
4 376 607 354 377
4 653 647 649 503
4 381 379 116 600
4 237 46 63 610
4 518 45 62 601
4 574 1 60 171
4 657 514 654 490
4 147 143 146 344
4 161 479 156 144
4 597 399 387 445
4 57 15 56 413
4 137 540 164 244
4 139 138 402 536
4 656 664 644 232
4 139 465 37 580
4 319 123 504 647
4 246 107 603 563
4 68 48 656 665
4 459 226 9 109
4 484 486 10 354
4 157 174 478 367
4 173 474 156 161
4 541 108 604 248
4 115 383 381 594
4 314 490 510 646
4 144 331 176 338
4 563 604 518 248
4 170 2 22 471
4 651 664 659 570
4 401 396 397 706
4 140 152 144 350
4 1 17 60 171
4 509 650 112 488
4 164 171 33 249
4 355 162 346 422
4 649 663 653 390
4 423 153 162 422
4 475 274 469 708
4 650 652 113 488
4 147 146 407 344
4 318 471 22 316
4 481 24 320 321
4 632 616 185 639
4 620 204 197 181
4 23 24 130 321
4 399 400 547 605
4 133 139 403 580
4 317 123 319 654
4 436 84 3 224
4 460 102 606 599
4 350 479 144 338
4 200 194 177 631
4 635 629 612 196
4 124 11 661 313
4 104 103 81 586
4 160 242 36 556
4 119 498 522 120
4 645 121 394 120
4 658 660 395 392
4 104 103 614 206
4 315 661 314 313
4 145 176 334 142
4 581 542 436 169
4 35 132 584 160
4 114 385 384 383
4 44 62 61 593
4 503 653 393 390
4 142 144 176 338
4 246 541 107 563
4 325 513 158 322
4 33 34 164 249
4 45 518 237 601
4 165 168 330 145
4 346 162 153 422
4 636 186 616 621
4 525 504 320 122
4 350 478 152 438
4 174 138 157 478
4 623 186 187 621
4 511 164 540 244
4 629 627 194 192
4 355 534 162 422
4 195 187 190 624
4 622 625 630 189
4 382 447 537 592
4 432 527 26 522
4 102 226 460 606
4 626 194 193 631
4 196 628 629 191
4 249 78 34 467
4 474 479 161 438
4 170 158 513 322
4 248 541 108 575
4 621 186 188 181
4 623 616 186 621
4 595 112 496 589
4 540 17 59 137
4 112 111 644 509
4 136 430 149 151
4 24 23 179 641
4 643 7 67 212
4 488 650 652 391
4 519 664 232 570
4 655 514 654 657
4 540 171 17 137
4 63 62 45 601
4 414 482 407 146
4 536 402 139 580
4 660 663 652 391
4 245 539 520 118
4 134 56 15 413
4 577 237 518 601
4 666 659 245 118
4 606 560 460 599
4 481 527 25 333
4 179 641 616 623
4 614 188 206 181
4 329 168 165 131
4 44 45 62 518
4 106 590 105 528
4 488 112 509 388
4 176 155 331 144
4 115 649 655 389
4 445 399 446 608
4 109 591 110 376
4 69 48 49 232
4 534 58 16 244
4 592 571 103 448
4 650 660 652 391
4 593 44 518 248
4 63 46 6 610
4 556 466 160 423
4 379 378 377 602
4 334 482 330 145
4 398 388 496 595
4 384 114 649 386
4 131 431 329 333
4 514 319 654 490
4 549 509 111 496
4 103 38 81 586
4 447 592 598 448
4 409 644 664 232
4 244 162 534 422
4 132 34 35 467
4 631 627 194 629
4 192 194 629 196
4 534 16 163 244
4 586 104 103 448
4 660 391 395 392
4 107 604 603 563
4 162 164 132 511
4 194 200 184 631
4 629 635 619 196
4 437 83 39 436
4 610 237 496 589
4 59 60 17 540
4 171 574 33 249
4 53 12 219 172
4 407 235 148 413
4 574 33 1 171
4 325 173 158 159
4 541 107 78 246
4 542 32 169 373
4 138 581 169 373
4 599 560 460 571
4 644 650 112 509
4 395 498 658 392
4 171 17 60 540
4 207 18 0 212
4 213 5 64 642
4 213 21 1 208
4 38 82 81 586
4 166 12 54 532
4 355 346 147 344
4 117 484 607 377
4 548 374 353 701
4 640 633 625 205
4 640 190 198 205
4 171 164 540 249
4 163 134 15 413
4 137 16 17 221
4 373 478 138 536
4 133 465 37 139
4 522 539 498 119
4 188 187 622 189
4 187 624 623 622
4 28 231 521 520
4 664 409 232 570
4 136 535 430 151
4 534 58 57 211
4 27 535 432 521
4 169 157 138 373
4 388 113 112 595
4 37 36 465 133
4 136 231 28 172
4 48 69 68 656
4 117 484 10 607
4 133 36 465 556
4 169 581 542 373
4 611 108 5 575
4 385 113 488 388
4 148 235 134 413
4 381 383 382 594
4 465 36 80 242
4 627 629 633 192
4 627 198 194 192
4 589 577 596 609
4 47 68 6 665
4 153 132 160 423
4 560 460 226 606
4 144 479 331 338
4 554 475 469 708
4 167 534 355 413
4 242 36 35 160
4 109 560 591 376
4 409 523 644 232
4 534 163 57 413
4 81 37 80 465
4 54 429 166 532
4 431 430 535 151
4 642 619 635 208
4 184 200 207 643
4 163 15 16 211
4 109 459 226 548
4 653 504 122 647
4 35 132 467 584
4 614 188 202 206
4 179 637 641 623
4 167 407 148 413
4 12 53 54 532
4 446 399 547 590
4 611 5 43 575
4 314 661 129 313
4 116 379 602 600
4 436 3 39 169
4 522 498 394 120
4 532 231 136 172
4 35 584 242 160
4 598 104 105 234
4 367 478 157 373
4 167 148 134 413
4 407 235 414 148
4 386 488 652 391
4 647 653 504 503
4 231 535 532 136
4 123 122 504 647
4 79 106 528 246
4 350 349 140 402
4 10 484 117 662
4 43 5 4 575
4 640 627 633 192
4 604 107 541 563
4 43 61 5 611
4 660 651 658 395
4 652 649 114 386
4 173 156 325 158
4 643 184 200 634
4 208 619 635 199
4 105 80 79 528
4 372 32 542 373
4 230 37 465 580
4 194 626 627 631
4 629 192 196 191
4 106 107 603 246
4 12 54 13 166
4 248 611 43 575
4 377 607 117 602
4 132 584 160 423
4 38 37 230 139
4 383 115 114 594
4 647 655 649 503
4 119 658 498 120
4 80 36 79 242
4 604 611 593 248
4 446 447 598 234
4 231 532 53 172
4 614 621 622 188
4 186 187 179 623
4 12 53 532 172
4 535 430 532 136
4 511 132 162 422
4 594 597 383 445
4 150 430 149 136
4 496 111 549 610
4 146 482 407 344
4 589 610 237 601
4 27 535 136 151
4 132 511 423 422
4 83 226 460 102
4 150 414 235 148
4 235 14 55 175
4 597 383 114 594
4 171 60 574 540
4 112 509 388 496
4 577 518 400 609
4 134 150 235 148
4 381 116 115 600
4 109 226 560 548
4 4 1 60 574
4 190 625 189 205
4 640 624 190 625
4 376 591 110 607
4 376 109 560 548
4 115 655 116 487
4 465 81 37 230
4 590 547 446 528
4 660 658 645 392
4 148 146 407 147
4 115 381 600 594
4 560 591 376 378
4 249 164 540 511
4 105 104 80 234
4 596 577 400 609
4 574 171 540 249
4 382 600 594 592
4 107 108 604 541
4 586 103 460 448
4 633 205 192 178
4 198 613 640 627
4 389 386 649 390
4 111 665 644 523
4 174 135 161 438
4 549 6 46 610
4 162 147 167 355
4 540 164 171 137
4 48 665 523 232
4 80 37 81 104
4 532 166 12 172
4 650 488 409 391
4 378 560 591 599
4 595 496 398 589
4 547 605 603 590
4 140 152 350 402
4 167 163 534 413
4 437 581 138 536
4 165 482 347 146
4 414 430 347 149
4 175 150 235 134
4 665 47 523 549
4 55 429 235 175
4 571 599 592 103
4 139 152 140 402
4 556 160 584 423
4 242 465 36 556
4 373 138 581 536
4 386 663 649 390
4 431 535 432 151
4 12 0 219 172
4 466 346 153 423
4 514 647 319 503
4 655 647 514 503
4 523 111 665 549
4 14 56 15 134
4 59 540 137 244
4 38 37 81 230
4 509 111 644 523
4 649 115 114 384
4 386 649 384 389
4 46 237 549 610
4 606 591 560 599
4 319 654 490 315
4 496 549 237 610
4 603 604 596 563
4 651 644 664 409
4 448 586 104 234
4 460 599 571 103
4 79 35 467 242
4 423 346 153 422
4 167 148 407 147
4 14 13 55 175
4 230 82 38 437
4 81 82 38 230
4 647 319 654 514
4 592 103 104 448
4 490 654 657 646
4 664 651 409 570
4 607 10 110 354
4 599 537 378 571
4 655 514 487 389
4 584 467 35 242
4 459 9 226 84
4 603 596 547 563
4 541 77 108 575
4 139 133 465 580
4 14 55 56 235
4 157 169 32 373
4 600 381 382 594
4 646 662 510 128
4 602 378 591 599
4 109 560 226 606
4 218 7 70 666
4 647 504 319 503
4 600 382 537 592
4 350 152 478 402
4 226 9 109 606
4 138 174 152 478
4 400 547 596 563
4 592 537 600 599
4 651 650 644 409
4 69 70 648 220
4 644 509 523 409
4 598 608 446 590
4 599 378 560 571
4 129 661 11 313
4 654 647 514 655
4 460 102 599 103
4 509 644 650 409
4 18 19 216 200
4 64 65 215 635
4 584 132 467 511
4 77 33 574 249
4 414 429 430 150
4 355 407 167 413
4 523 509 111 549
4 625 190 640 205
4 584 132 511 423
4 382 379 381 600
4 9 226 102 606
4 379 382 537 600
4 56 14 235 134
4 175 235 14 134
4 407 167 147 355
4 549 111 6 610
4 372 365 31 367
4 103 460 82 586
4 429 166 150 175
4 577 398 496 589
4 136 166 532 172
4 488 509 650 409
4 150 149 414 148
4 403 465 133 580
4 109 591 560 606
4 134 235 56 413
4 445 594 597 608
4 355 147 407 344
4 414 235 429 150
4 46 47 6 549
4 149 414 430 150
4 654 661 315 124
4 163 167 134 413
4 571 592 537 448
4 654 123 319 647
4 570 651 409 395
4 563 541 604 248
4 594 383 382 445
4 649 652 663 386
4 601 518 609 593
4 592 447 537 448
4 246 603 547 563
4 160 584 242 556
4 129 661 314 646
4 150 235 429 175
4 104 81 80 234
4 237 577 496 589
4 599 592 537 571
4 80 105 234 528
4 586 81 104 234
4 403 133 465 556
4 703 501 697 461
4 703 697 501 685
4 710 306 307 305
4 710 307 306 693
4 691 416 356 673
4 691 356 416 417
4 704 293 284 673
4 704 284 293 282
4 696 253 458 675
4 696 458 253 285
4 709 364 463 358
4 709 463 364 682
4 706 562 546 687
4 706 546 562 401
4 417 699 419 418
4 419 699 417 691
4 710 686 306 679
4 710 306 686 693
4 714 669 668 681
4 714 668 669 126
4 712 500 339 462
4 712 339 500 685
4 713 90 716 687
4 713 716 90 228
4 291 396 688 550
4 291 688 396 546
4 716 418 435 420
4 716 435 418 699
4 0 520 118 217
4 118 520 0 28
4 217 118 51 520
4 51 118 217 7
4 715 542 372 32
4 715 372 542 453
4 625 187 624 190
4 625 624 187 622
4 159 366 173 135
4 159 173 366 476
4 315 646 314 661
4 315 314 646 490
4 197 125 638 617
4 197 638 125 42
4 182 127 41 632
4 41 127 182 40
4 373 31 367 372
4 373 367 31 157
4 150 532 136 166
4 150 136 532 430
4 392 663 393 645
4 392 393 663 390
4 179 185 641 23
4 179 641 185 616
4 123 641 185 23
4 123 185 641 616
4 36 615 202 105
4 36 202 615 178
4 630 202 615 105
4 180 195 637 25
4 637 121 180 25
4 180 121 637 613
4 614 620 206 103
4 614 206 620 181
4 38 206 620 103
4 38 620 206 181
4 639 182 127 203
4 639 127 182 632
4 197 638 620 617
4 197 620 638 204
4 629 631 196 194
4 629 196 631 612
4 177 196 631 194
4 177 631 196 612
4 176 338 334 142
4 334 338 176 331
4 636 185 186 201
4 636 186 185 616
4 181 636 197 620
4 181 197 636 201
4 598 382 445 594
4 598 445 382 447
4 628 183 196 619
4 628 196 183 191
4 193 618 631 184
4 193 631 618 626
4 445 598 446 447
4 446 598 445 608
4 187 621 188 622
4 188 621 187 186
4 398 605 387 595
4 387 605 398 399
4 659 395 570 553
4 570 395 659 651
4 191 633 629 192
4 191 629 633 628
4 198 626 194 193
4 198 194 626 627
4 437 169 436 39
4 436 169 437 581
4 64 208 213 642
4 213 208 64 21
4 18 643 212 207
4 212 643 18 67
4 640 192 198 627
4 198 192 640 205
4 612 200 631 634
4 612 631 200 177
4 635 177 196 612
4 635 196 177 199
4 638 39 620 102
4 620 39 638 204
4 643 28 212 207
4 643 212 28 118
4 665 232 644 523
4 644 232 665 656
4 208 108 213 642
4 208 213 108 33
4 665 48 47 68
4 665 47 48 523
4 203 124 185 22
4 185 124 203 639
4 636 186 181 201
4 181 186 636 621
4 202 615 189 630
4 202 189 615 178
4 625 189 615 630
4 625 615 189 178
4 180 190 624 195
4 624 190 180 613
4 624 637 180 195
4 180 637 624 613

CELL_TYPES 3691
1
1
1
1
1
1
1
1
1
1
1
1
3
3
3
3
3
3
3
3
3
3
3
3
3
3
3
3
3
3
3
3
3
3
3
3
3
3
3
3
3
3
3
3
3
3
3
3
3
3
3
3
3
3
3
3
3
3
3
3
3
3
3
3
3
3
3
3
3
3
3
3
3
3
3
3
3
3
3
3
3
3
3
3
3
3
3
3
3
3
3
3
3
3
3
3
3
3
3
3
3
3
3
3
3
3
3
3
3
3
3
3
3
3
3
3
3
3
3
3
3
3
3
3
3
3
3
3
3
3
3
3
3
3
3
3
3
3
3
3
3
3
3
3
3
3
3
3
5
5
5
5
5
5
5
5
5
5
5
5
5
5
5
5
5
5
5
5
5
5
5
5
5
5
5
5
5
5
5
5
5
5
5
5
5
5
5
5
5
5
5
5
5
5
5
5
5
5
5
5
5
5
5
5
5
5
5
5
5
5
5
5
5
5
5
5
5
5
5
5
5
5
5
5
5
5
5
5
5
5
5
5
5
5
5
5
5
5
5
5
5
5
5
5
5
5
5
5
5
5
5
5
5
5
5
5
5
5
5
5
5
5
5
5
5
5
5
5
5
5
5
5
5
5
5
5
5
5
5
5
5
5
5
5
5
5
5
5
5
5
5
5
5
5
5
5
5
5
5
5
5
5
5
5
5
5
5
5
5
5
5
5
5
5
5
5
5
5
5
5
5
5
5
5
5
5
5
5
5
5
5
5
5
5
5
5
5
5
5
5
5
5
5
5
5
5
5
5
5
5
5
5
5
5
5
5
5
5
5
5
5
5
5
5
5
5
5
5
5
5
5
5
5
5
5
5
5
5
5
5
5
5
5
5
5
5
5
5
5
5
5
5
5
5
5
5
5
5
5
5
5
5
5
5
5
5
5
5
5
5
5
5
5
5
5
5
5
5
5
5
5
5
5
5
5
5
5
5
5
5
5
5
5
5
5
5
5
5
5
5
5
5
5
5
5
5
5
5
5
5
5
5
5
5
5
5
5
5
5
5
5
5
5
5
5
5
5
5
5
5
5
5
5
5
5
5
5
5
5
5
5
5
5
5
5
5
5
5
5
5
5
5
5
5
5
5
5
5
5
5
5
5
5
5
5
5
5
5
5
5
5
5
5
5
5
5
5
5
5
5
5
5
5
5
5
5
5
5
5
5
5
5
5
5
5
5
5
5
5
5
5
5
5
5
5
5
5
5
5
5
5
5
5
5
5
5
5
5
5
5
5
5
5
5
5
5
5
5
5
5
5
5
5
5
5
5
5
5
5
5
5
5
5
5
5
5
5
5
5
5
5
5
5
5
5
5
5
5
5
5
5
5
5
5
5
5
5
5
5
5
5
5
5
5
5
5
5
5
5
5
5
5
5
5
5
5
5
5
5
5
5
5
5
5
5
5
5
5
5
5
5
5
5
5
5
5
5
5
5
5
5
5
5
5
5
5
5
5
5
5
5
5
5
5
5
5
5
5
5
5
5
5
5
5
5
5
5
5
5
5
5
5
5
5
5
5
5
5
5
5
5
5
5
5
5
5
5
5
5
5
5
5
5
5
5
5
5
5
5
5
5
5
5
5
5
5
5
5
5
5
5
5
5
5
5
5
5
5
5
5
5
5
5
5
5
5
5
5
5
5
5
5
5
5
5
5
5
5
5
5
5
5
5
5
5
5
5
5
5
5
5
5
5
5
5
5
5
5
5
5
5
5
5
5
5
5
5
5
5
5
5
5
5
5
5
5
5
5
5
5
5
5
5
5
5
5
5
5
5
5
5
5
5
5
5
5
5
5
5
5
5
5
5
5
5
5
5
5
5
5
5
5
5
5
5
5
5
5
5
5
5
5
5
5
5
5
5
5
5
5
5
5
5
5
5
5
5
5
5
5
5
5
5
5
5
5
5
5
5
5
5
5
5
5
5
5
5
5
5
5
5
5
5
5
5
5
5
5
5
5
5
5
5
5
5
5
5
5
5
5
5
5
5
5
5
5
5
5
5
5
5
5
5
5
5
5
5
5
5
5
5
5
5
5
5
5
5
5
5
5
5
5
5
5
5
5
5
5
5
5
5
5
5
5
5
5
5
5
5
5
5
5
5
5
5
5
5
5
5
5
5
5
5
5
5
5
5
5
5
5
5
5
5
5
5
5
5
5
5
5
5
5
5
5
5
5
5
5
5
5
5
5
5
5
5
5
5
5
5
5
5
5
5
5
5
5
5
5
5
5
5
5
5
5
5
5
5
5
5
5
5
5
5
5
5
5
5
5
5
5
5
5
5
5
5
5
5
5
5
5
5
5
5
5
5
5
5
5
5
5
5
5
5
5
5
5
5
5
5
5
5
5
5
5
5
5
5
5
5
5
5
5
5
5
5
5
5
5
5
5
5
5
5
5
5
5
5
5
5
5
5
5
5
5
5
5
5
5
5
5
5
5
5
5
5
5
5
5
5
5
5
5
5
5
5
5
5
5
5
5
5
5
5
5
5
5
5
5
5
5
5
5
5
5
5
5
5
5
5
5
5
5
5
5
5
5
5
5
5
5
5
5
5
5
5
5
5
5
5
5
5
5
5
5
5
5
5
5
5
5
5
5
5
5
5
5
5
5
5
5
5
5
5
5
5
5
5
5
5
5
5
5
5
5
5
5
5
5
5
5
5
5
5
5
5
5
5
5
5
5
5
5
5
5
5
5
5
5
5
5
5
5
5
5
5
5
5
5
5
5
5
5
5
5
5
5
5
5
5
5
5
5
5
5
5
5
5
5
5
5
5
5
5
5
5
5
5
5
5
5
5
5
5
5
5
5
5
5
5
5
5
5
5
5
5
5
5
5
5
5
5
5
5
5
5
5
5
5
5
5
5
5
5
5
5
5
5
5
5
5
5
5
5
5
5
5
5
5
5
5
5
5
5
5
5
5
5
5
5
5
5
5
5
5
5
5
5
5
5
5
5
5
5
5
5
5
5
5
5
5
5
5
5
5
5
5
5
5
5
5
5
5
5
5
5
5
5
5
5
5
5
5
5
5
5
5
5
5
5
5
5
5
5
5
5
5
5
5
5
5
5
5
5
5
5
5
5
5
5
5
5
5
5
5
5
5
5
5
5
5
5
5
5
5
5
5
5
5
5
5
5
5
5
5
5
5
5
5
5
5
5
5
5
5
5
5
5
5
5
5
5
5
5
5
5
5
5
5
5
5
5
5
5
5
5
5
5
5
5
5
5
5
5
5
5
5
5
5
5
5
5
5
5
5
5
5
5
5
5
5
5
5
5
5
5
5
5
5
5
5
5
5
5
5
5
5
5
5
5
5
5
5
5
5
10
10
10
10
10
10
10
10
10
10
10
10
10
10
10
10
10
10
10
10
10
10
10
10
10
10
10
10
10
10
10
10
10
10
10
10
10
10
10
10
10
10
10
10
10
10
10
10
10
10
10
10
10
10
10
10
10
10
10
10
10
10
10
10
10
10
10
10
10
10
10
10
10
10
10
10
10
10
10
10
10
10
10
10
10
10
10
10
10
10
10
10
10
10
10
10
10
10
10
10
10
10
10
10
10
10
10
10
10
10
10
10
10
10
10
10
10
10
10
10
10
10
10
10
10
10
10
10
10
10
10
10
10
10
10
10
10
10
10
10
10
10
10
10
10
10
10
10
10
10
10
10
10
10
10
10
10
10
10
10
10
10
10
10
10
10
10
10
10
10
10
10
10
10
10
10
10
10
10
10
10
10
10
10
10
10
10
10
10
10
10
10
10
10
10
10
10
10
10
10
10
10
10
10
10
10
10
10
10
10
10
10
10
10
10
10
10
10
10
10
10
10
10
10
10
10
10
10
10
10
10
10
10
10
10
10
10
10
10
10
10
10
10
10
10
10
10
10
10
10
10
10
10
10
10
10
10
10
10
10
10
10
10
10
10
10
10
10
10
10
10
10
10
10
10
10
10
10
10
10
10
10
10
10
10
10
10
10
10
10
10
10
10
10
10
10
10
10
10
10
10
10
10
10
10
10
10
10
10
10
10
10
10
10
10
10
10
10
10
10
10
10
10
10
10
10
10
10
10
10
10
10
10
10
10
10
10
10
10
10
10
10
10
10
10
10
10
10
10
10
10
10
10
10
10
10
10
10
10
10
10
10
10
10
10
10
10
10
10
10
10
10
10
10
10
10
10
10
10
10
10
10
10
10
10
10
10
10
10
10
10
10
10
10
10
10
10
10
10
10
10
10
10
10
10
10
10
10
10
10
10
10
10
10
10
10
10
10
10
10
10
10
10
10
10
10
10
10
10
10
10
10
10
10
10
10
10
10
10
10
10
10
10
10
10
10
10
10
10
10
10
10
10
10
10
10
10
10
10
10
10
10
10
10
10
10
10
10
10
10
10
10
10
10
10
10
10
10
10
10
10
10
10
10
10
10
10
10
10
10
10
10
10
10
10
10
10
10
10
10
10
10
10
10
10
10
10
10
10
10
10
10
10
10
10
10
10
10
10
10
10
10
10
10
10
10
10
10
10
10
10
10
10
10
10
10
10
10
10
10
10
10
10
10
10
10
10
10
10
10
10
10
10
10
10
10
10
10
10
10
10
10
10
10
10
10
10
10
10
10
10
10
10
10
10
10
10
10
10
10
10
10
10
10
10
10
10
10
10
10
10
10
10
10
10
10
10
10
10
10
10
10
10
10
10
10
10
10
10
10
10
10
10
10
10
10
10
10
10
10
10
10
10
10
10
10
10
10
10
10
10
10
10
10
10
10
10
10
10
10
10
10
10
10
10
10
10
10
10
10
10
10
10
10
10
10
10
10
10
10
10
10
10
10
10
10
10
10
10
10
10
10
10
10
10
10
10
10
10
10
10
10
10
10
10
10
10
10
10
10
10
10
10
10
10
10
10
10
10
10
10
10
10
10
10
10
10
10
10
10
10
10
10
10
10
10
10
10
10
10
10
10
10
10
10
10
10
10
10
10
10
10
10
10
10
10
10
10
10
10
10
10
10
10
10
10
10
10
10
10
10
10
10
10
10
10
10
10
10
10
10
10
10
10
10
10
10
10
10
10
10
10
10
10
10
10
10
10
10
10
10
10
10
10
10
10
10
10
10
10
10
10
10
10
10
10
10
10
10
10
10
10
10
10
10
10
10
10
10
10
10
10
10
10
10
10
10
10
10
10
10
10
10
10
10
10
10
10
10
10
10
10
10
10
10
10
10
10
10
10
10
10
10
10
10
10
10
10
10
10
10
10
10
10
10
10
10
10
10
10
10
10
10
10
10
10
10
10
10
10
10
10
10
10
10
10
10
10
10
10
10
10
10
10
10
10
10
10
10
10
10
10
10
10
10
10
10
10
10
10
10
10
10
10
10
10
10
10
10
10
10
10
10
10
10
10
10
10
10
10
10
10
10
10
10
10
10
10
10
10
10
10
10
10
10
10
10
10
10
10
10
10
10
10
10
10
10
10
10
10
10
10
10
10
10
10
10
10
10
10
10
10
10
10
10
10
10
10
10
10
10
10
10
10
10
10
10
10
10
10
10
10
10
10
10
10
10
10
10
10
10
10
10
10
10
10
10
10
10
10
10
10
10
10
10
10
10
10
10
10
10
10
10
10
10
10
10
10
10
10
10
10
10
10
10
10
10
10
10
10
10
10
10
10
10
10
10
10
10
10
10
10
10
10
10
10
10
10
10
10
10
10
10
10
10
10
10
10
10
10
10
10
10
10
10
10
10
10
10
10
10
10
10
10
10
10
10
10
10
10
10
10
10
10
10
10
10
10
10
10
10
10
10
10
10
10
10
10
10
10
10
10
10
10
10
10
10
10
10
10
10
10
10
10
10
10
10
10
10
10
10
10
10
10
10
10
10
10
10
10
10
10
10
10
10
10
10
10
10
10
10
10
10
10
10
10
10
10
10
10
10
10
10
10
10
10
10
10
10
10
10
10
10
10
10
10
10
10
10
10
10
10
10
10
10
10
10
10
10
10
10
10
10
10
10
10
10
10
10
10
10
10
10
10
10
10
10
10
10
10
10
10
10
10
10
10
10
10
10
10
10
10
10
10
10
10
10
10
10
10
10
10
10
10
10
10
10
10
10
10
10
10
10
10
10
10
10
10
10
10
10
10
10
10
10
10
10
10
10
10
10
10
10
10
10
10
10
10
10
10
10
10
10
10
10
10
10
10
10
10
10
10
10
10
10
10
10
10
10
10
10
10
10
10
10
10
10
10
10
10
10
10
10
10
10
10
10
10
10
10
10
10
10
10
10
10
10
10
10
10
10
10
10
10
10
10
10
10
10
10
10
10
10
10
10
10
10
10
10
10
10
10
10
10
10
10
10
10
10
10
10
10
10
10
10
10
10
10
10
10
10
10
10
10
10
10
10
10
10
10
10
10
10
10
10
10
10
10
10
10
10
10
10
10
10
10
10
10
10
10
10
10
10
10
10
10
10
10
10
10
10
10
10
10
10
10
10
10
10
10
10
10
10
10
10
10
10
10
10
10
10
10
10
10
10
10
10
10
10
10
10
10
10
10
10
10
10
10
10
10
10
10
10
10
10
10
10
10
10
10
10
10
10
10
10
10
10
10
10
10
10
10
10
10
10
10
10
10
10
10
10
10
10
10
10
10
10
10
10
10
10
10
10
10
10
10
10
10
10
10
10
10
10
10
10
10
10
10
10
10
10
10
10
10
10
10
10
10
10
10
10
10
10
10
10
10
10
10
10
10
10
10
10
10
10
10
10
10
10
10
10
10
10
10
10
10
10
10
10
10
10
10
10
10
10
10
10
10
10
10
10
10
10
10
10
10
10
10
10
10
10
10
10
10
10
10
10
10
10
10
10
10
10
10
10
10
10
10
10
10
10
10
10
10
10
10
10
10
10
10
10
10
10
10
10
10
10
10
10
10
10
10
10
10
10
10
10
10
10
10
10
10
10
10
10
10
10
10
10
10
10
10
10
10
10
10
10
10
10
10
10
10
10
10
10
10
10
10
10
10
10
10
10
10
10
10
10
10
10
10
10
10
10
10
10
10
10
10
10
10
10
10
10
10
10
10
10
10
10
10
10
10
10
10
10
10
10
10
10
10
10
10
10
10
10
10
10
10
10
10
10
10
10
10
10
10
10
10
10
10
10
10
10
10
10
10
10
10
10
10
10
10
10
10
10
10
10
10
10
10
10
10
10
10
10
10
10
10
10
10
10
10
10
10
10
10
10
10
10
10
10
10
10
10
10
10
10
10
10
10
10
10
10
10
10
10
10
10
10
10
10
10
10
10
10
10
10
10
10
10
10
10
10
10
10
10
10
10
10
10
10
10
10
10
10
10
10
10
10
10
10
10
10
10
10
10
10
10
10
10
10
10
10
10
10
10
10
10
10
10
10
10
10
10
10
10
10
10
10
10
10
10
10
10
10
10
10
10
10
10
10
10
10
10
10
10
10
10
10
10
10
10
10
10
10
10
10
10
10
10
10
10
10
10
10
10
10
10
10
10
10
10
10
10
10
10
10
10
10
10
10
10
10
10
10
10
10
10
10
10
10
10
10
10
10
10
10
10
10
10
10
10
10
10
10
10
10
10
10
10
10
10
10
10
10
10
10
10
10
10
10
10
10
10
10
10
10
10
10
10
10
10
10
10
10
10
10
10
10
10
10
10
10
10
10
10
10
10
10
10
10
10
10
10
10
10
10
10
10
10
10
10
10
10
10
10
10
10
10
10
10
10
10
10
10
10
10
10
10
10
10
10
10
10
10
10
10
10
10
10
10
10
10
10
10
10
10
10
10
10
10
10
10
10
10
10
10
10
10
10
10
10
10
10
10
10
10
10
10
10
10
10
10
10
10
10
10
10
10
10
10
10
10
10
10
10
10
10
10
10
10
10
10
10
10
10
10
10
10
10
10
10
10
10
10
10
10
10
10
10
10
10
10
10
10
10
10
10
10
10
10
10
10
10
10
10
10
10
10
10
10
10
10
10
10
10
10
10
10
10
10
10
10
10
10
10
10
10
10
10
10
10
10
10
10
10
10
10
10
10
10
10
10
10
10
10
10
10
10
10
10
10
10
10
10
10
10
10
10
10
10
10
10
10
10
10
10
10
10
10
10
10
10
10
10
10
10
10
10
10
10
10
10
10
10
10
10
10
10
10
10
10
10
10
10
10
10
10
10
10
10
10
10
10
10
10
10
10
10
10
10
10
10
10
10
10
10
10
10
10
10
10
10
10
10
10
10
10
10
10
10
10
10
10
10
10
10
10
10
10
10
10
10
10
10
10
10
10
10
10
10
10
10
10
10
10
10
