# vtk DataFile Version 2.0
whisker_body, Created by Gmsh 4.13.1 
ASCII
DATASET UNSTRUCTURED_GRID
POINTS 714 double
-8.874119674649524 -1.499999999999705 0
8.874119674649528 -1.499999999999699 0
-6.790045453329709 -1.500000000000041 26
6.790045453329709 -1.50000000000004 26
12 0 0
8.874119674649352 1.500000000000214 0
0 9 0
-8.87411967464935 1.500000000000212 0
4.12982931753815 0 100
6.790045453329679 1.500000000000108 26
0 6.953755622559919 26
-6.790045453329679 1.500000000000106 26
-7.584846902842285 -4.844594664205024 0
-5.092435961360746 -7.420720718329175 0
-1.792242851007811 -8.81974294200298 0
1.792242851007785 -8.819742942002986 0
5.092435961360731 -7.420720718329185 0
7.584846902842282 -4.844594664205029 0
-5.324471804789714 -1.5 0
-1.774823934929904 -1.5 0
1.774823934929906 -1.5 0
5.324471804789717 -1.5 0
-7.0891112082824 -1.5 22.2858223620017
-7.387639835552088 -1.5 18.57160140504531
-7.685693934781712 -1.5 14.85734185740446
-7.983326605518288 -1.5 11.14304850389767
-8.280583246563149 -1.5 7.428725418756017
-8.577502970677127 -1.5 3.714375367101766
-5.046219474070928 -4.784389854285603 26
-1.859310743318055 -6.700573170861262 26
1.859310743318068 -6.700573170861259 26
5.046219474070946 -4.784389854285584 26
8.577502970677127 -1.5 3.714375367101766
8.280583246563149 -1.5 7.428725418756017
7.983326605518291 -1.5 11.14304850389763
7.685693934781717 -1.5 14.85734185740441
7.387639835552092 -1.5 18.57160140504526
7.0891112082824 -1.5 22.2858223620017
-3.395022726664854 -1.5 26
0 -1.5 26
3.395022726664854 -1.5 26
11.34980690040761 3.896393630456207 0
9.469686112756717 7.370552552276022 0
6.563377897469113 10.04599773915035 0
2.945825845689581 11.63280319127197 0
-0.9909521456679979 11.95901391608004 0
-4.820345095835646 10.98927991986068 0
-8.127378859508902 8.82868692807757 0
-10.55368501447787 5.71136871644487 0
-11.83633564083267 1.975135083368787 0
-11.83633564083267 -1.975135083368821 0
-10.55368501447786 -5.711368716444897 0
-8.12737885950888 -8.828686928077589 0
-4.820345095835619 -10.9892799198607 0
-0.9909521456679715 -11.95901391608004 0
2.945825845689616 -11.63280319127196 0
6.563377897469155 -10.04599773915032 0
9.469686112756747 -7.370552552275983 0
11.34980690040762 -3.896393630456205 0
7.818029843080671 4.458520984889497 0
5.809475019311043 6.873863542433829 0
3.093156003024702 8.451768213868164 0
5.324471804789612 1.5 0
1.774823934929872 1.5 0
-1.774823934929868 1.5 0
-5.324471804789608 1.5 0
-3.093156003024702 8.451768213868164 0
-5.809475019311038 6.873863542433833 0
-7.818029843080673 4.458520984889494 0
2.574906462902252 3.228830577670782 100
-0.9189734768187546 4.026285874214754 100
-3.720847644852559 1.791865786210781 100
-3.720847644852582 -1.791865786210735 100
-0.9189734768187868 -4.026285874214746 100
2.574906462902235 -3.228830577670795 100
11.69730112759762 0 3.846153846153846
11.39460225519524 0 7.692307692307693
11.09190338279286 0 11.53846153846154
10.78920451039049 0 15.38461538461539
10.48650563798811 0 19.23076923076923
10.18380676558573 0 23.07692307692308
9.881107893183348 0 26.92307692307692
9.578409020780969 0 30.76923076923077
9.27571014837859 0 34.61538461538461
8.973011275976212 0 38.46153846153846
8.670312403573833 0 42.30769230769231
8.367613531171454 0 46.15384615384615
8.064914658769075 0 50
7.762215786366696 0 53.84615384615385
7.459516913964317 0 57.69230769230769
7.156818041561938 0 61.53846153846154
6.85411916915956 0 65.38461538461539
6.551420296757181 0 69.23076923076923
6.248721424354802 0 73.07692307692308
5.946022551952423 0 76.92307692307692
5.643323679550044 0 80.76923076923077
5.340624807147665 0 84.61538461538461
5.037925934745286 0 88.46153846153847
4.735227062342908 0 92.30769230769231
4.432528189940529 0 96.15384615384616
7.0891112082824 1.5 22.2858223620017
7.387639835552088 1.5 18.57160140504531
7.685693934781712 1.5 14.85734185740446
7.983326605518288 1.5 11.14304850389767
8.280583246563149 1.5 7.428725418756017
8.577502970677127 1.5 3.714375367101766
5.456780513049141 4.310251000892042 26
3.03168972078164 6.258080751731367 26
0 8.707679374651416 3.714285714285714
0 8.415358749302834 7.428571428571428
0 8.123038123954251 11.14285714285714
0 7.830717498605669 14.85714285714286
0 7.538396873257085 18.57142857142857
0 7.246076247908502 22.28571428571428
-8.577502970677127 1.5 3.714375367101766
-8.280583246563149 1.5 7.428725418756017
-7.983326605518291 1.5 11.14304850389763
-7.685693934781717 1.5 14.85734185740441
-7.387639835552092 1.5 18.57160140504526
-7.0891112082824 1.5 22.2858223620017
3.395022726664839 1.5 26
0 1.5 26
-3.395022726664839 1.5 26
-3.031689720781641 6.258080751731367 26
-5.456780513049146 4.310251000892035 26
6.361084314687934 -4.327665446241118 16.59888965579668
-1.273726035872935e-14 -8.755741709905614 3.10359584244722
-6.600715719093425 -4.494552303922145 12.88866408007095
6.753950899670527 -4.782769121390809 9.200399787456464
8.715530697707052e-15 -7.204091129330843 22.8191857982346
-7.308837825904108 -4.459839567768459 5.564252644152162
-6.002810548735902 -4.331924547243998 20.29618941344078
6.292644529000632 -6.088155527105011 3.103595842447224
-6.955019111135949 -4.488341572111628 9.179853268226029
-4.531155343640833 -6.771406621894066 10.83082301063838
-4.119813038610644 -6.697753690121167 14.44211112312913
-1.359384117949194 -7.91191389523044 12.35239150553327
-1.004196758665547 -7.674365954018019 16.01252346908312
2.044571977784292 -7.648470669300435 13.76042720389823
1.569990820781698 -8.052516674835839 10.11237339255817
1.878626083454507 -7.398605412331945 17.36446380987362
-5.014936960863035 -6.782398719537874 7.17802645741043
-1.879398954057241 -8.102416374555366 8.671614060845153
-6.247711607592685 -4.491432423204966 16.58668264829044
6.685559727467051 -4.370232670390673 12.86862253748915
-3.486754514377608 -6.313945575073515 22.70951391770025
-0.574008532005892 -7.4366709697034 19.582919033191
6.31182191964308 -3.860350237998413 20.34589762407037
3.593829774216164 -6.250741242684226 22.74121764249807
-5.839593520293068 -6.495684812307264 3.371109168659415
1.748485838502301 -8.331569213160384 6.187116260969979
5.089488072387836 -6.663778521182786 7.813855233618007
3.432642783829148 -8.058729160806863 3.05779187154036
4.603198990366749 -6.683800665458047 11.23762664663346
-2.625846392126136 -8.18665454656967 5.114708739753234
7.215289422961986 -4.577203686766581 5.785657739620429
4.703694000472003 -6.286307904176708 14.5960279372155
-3.986405026800263 -6.478033897697761 17.70817938867109
1.782515581268042 -7.19010491518868 20.23127402354561
5.912163644231072 -4.052910236280301 23.27817802661369
-5.912163644226434 -4.052910236287802 23.27817802660842
-3.208326612053355 -8.208011380858302 2.379058115029057
-7.727330842054841 -4.169679960481644 2.788510764896531
7.768310413646581 -4.098215518209152 2.756575085253517
4.855533740334436 -7.090749441074396 5.160124044575617
4.512694389723455 -6.056488171337966 18.38785441849071
0.3759104328459237 -1.5 2.964269843003706
4.373231902374629 -1.5 13.0691461149572
-4.322667820072217 -1.5 16.45756993929617
4.021765864605667 -1.5 20.17017851230301
-4.601146947257321 -1.5 9.639487911629583
-1.703850353599409 -1.5 23.2287611899119
5.569331753611312 -1.5 5.367437361764261
-5.326878415083832 -1.5 4.004895551271466
-3.714874744390991 -1.5 20.39329064933367
-0.9130103198308692 -1.5 17.77174445103305
-1.300113019402763 -1.5 14.43420842847046
1.976761893172105 -1.5 15.89519510025953
4.924941870137374 -1.5 9.014916134745663
1.532013701343097 -1.5 10.38355496718162
-4.635225390973671 -1.5 12.99616392808433
1.955888923946929 -1.5 6.531785326696644
1.701845282148625 -1.5 23.25817206503521
-1.273058365536847 -1.5 8.447738955792083
3.534543945280181 -1.5 2.895400586383222
4.694574220104288 -1.5 16.77243044247779
-1.703913127178851 -1.5 11.49454568981771
0 -1.5 20.74709124921885
-4.538580897253476 -1.5 23.58157484024946
4.570579635067507 -1.5 23.50288225955642
-3.457709949384219 -1.5 6.565345298065231
-0.6845877700972789 -1.5 5.787891506029073
1.898797076838196 -1.5 18.38809526975805
1.175115542184329 -1.5 13.2423714903996
6.206836821557305 -1.5 2.508910986834722
-2.563584354408403 -1.5 2.737133722354927
-1.720608316144282 -3.662145093446276 26
1.120105647431922 -4.141280214909063 26
4.098470638881822 -9.479816147688613 0
-7.099295739719495 7.814668436628774e-14 0
7.099295739719569 1.698500362568311e-13 0
1.27675647831893e-15 -5.551115123125783e-17 0
3.549647869859776 0 0
-3.549647869859773 1.110223024625157e-16 0
-10.35522765774104 6.750155989720952e-14 0
-9.770542543260143 3.411256196175788 0
-9.712246808200572 -3.507774616004609 0
-8.077142184094621 6.468110042961442 0
7.177586718607229 -7.420466418490129 0
5.874948782831618 -3.230160805719968 67.28699422121484
4.506801997447335 3.141110548556895 82.67373357708611
8.847295239772535 -3.254968410217793 32.69230769230769
7.627969614727161 3.071355614048278 47.99024071016398
9.159500042799657 3.293131521724414 28.7985255698915
6.869379998302799 -3.287717112340353 55.70899894476794
7.867941861712451 -3.276727156126993 44.17953275857112
9.798498096784749 -3.297515537212519 21.111610245
-11.09527489538306 -3.809012682760156 3.419408766471425
-6.625189608636713 9.700774998175879 3.211336219496806
4.120956139303948 -3.164651533575192 86.45438299149789
10.12575952959035 3.272189207054331 17.26334570097736
-2.879762434608137 -11.37192468062312 3.419408766471419
3.842648578609124 3.033066708623064 90.27185251150556
4.790677619860844 10.6990259056463 3.524486240569336
4.865314593390361 3.724607644451 74.61953890611392
8.191770587662631 3.286666369229235 40.32301193828322
3.99894295040083 -4.222848239847759 78.577206280026
5.680333820191566 3.568543686048832 67.23798477172095
6.423531489804303 3.494192926441408 59.56165115314533
10.4335831550334 -3.302239113208106 13.42163899493247
-2.723844371020307 -3.415592807225228 96.96476903409871
7.945113376504919 -8.63069383398738 3.419408766471524
-11.16774454504261 3.60455789643243 3.366532034876158
10.76592478634692 3.249547895367116 9.584894975564891
-2.638657830116785 3.519981895389573 96.57757072737122
9.934383933007995 6.236250847388837 3.436140910181822
11.06555625010633 -3.306234306777092 5.731422828049544
3.374681076322981 -3.113226891838579 94.13560339841074
4.827417538278557 3.216346875626802 78.76877898644236
6.195068113102339 -3.26720803300037 63.48246542003737
6.522643884566843 -3.298993271034273 59.59893170264564
7.86794186171622 3.276727156117102 44.17953275857522
0.8839995536649154 -4.277270915255913 96.9780051014548
-1.026363288231772 -4.496791380231672 93.86791657696068
-3.991835062572642 -2.338425646660641 93.69128871488709
-2.66577845669365 -4.082165216048411 90.52542420861383
1.105752485241562 5.583102257188163 80.15648185818667
-4.789128428953244 -0.9989742850671126 90.31305827561987
-4.063088607620149 -3.137996432840815 87.24358030608931
-5.133833222096308 0.5167243968547338 86.91333671737358
-5.092118266449201 -1.791241607204491 83.88658618618959
-4.137556115088588 2.681749597375723 89.82481192286889
-3.534500226286887 3.814328604518613 86.3999997465765
-2.745413899728314 -4.619090347023893 84.19909526278259
-4.22996612394823 -3.731065650714707 80.80710936569365
-5.662507426868378 -0.240290175285007 80.46072606955452
-5.379571385480122 -2.441153893411545 77.41205295639891
3.812537713136523 -5.706104615361956 65.27704605175791
4.617669042457515 -5.882037315712513 57.45682372450987
5.013926994767433 -5.950202359229829 53.60714218531478
3.44580316110292 -5.583559261506456 69.10616934564808
0.4799885645820255 -6.713976954122603 66.94756323611877
0.08067629912307764 -6.430114466848985 70.76567548197627
-2.964878728430524 -5.908535531924343 68.47760346738464
-2.599128252299687 -6.401857901772972 64.68271715221078
1.822058900518678 -7.428946596424666 55.28308120268062
6.206963665807537 6.07642501245541 42.10635631986352
2.321738429139524 -7.607764779977847 51.40735685208157
6.586942705804071 6.115925221813606 38.26528455380529
-2.812678605682063 -5.172468904770622 77.66350481134629
-5.81020252832096 1.250485851098765 76.95836141962462
-6.165092563045925 -0.5216707029103569 73.85958923320663
-5.385287846968722 -4.150060254536879 66.08691041407205
-5.210856238964572 -4.818165634897091 62.29822298493346
-1.281455386746245 -7.728559259313775 52.93307566945568
-0.7556437576710229 -8.100786428819255 49.09736679829788
-6.835376674478202 -1.50152702328219 63.55193902497071
-6.8953985638479 -2.371787903235037 59.82200096701887
-4.132067122514229 -6.875910663896645 50.54556583357218
-3.697467570959165 -7.457494995131562 46.71066311626932
-6.498127467311024 -5.03326614978404 48.03638789029804
-6.17409276633236 -5.869078064135874 44.23616212711316
-3.240464014334873 -7.990721362605575 42.91172244122902
-5.78941596100004 -6.645872857573374 40.48314520639974
3.693906968206344 8.049686044976472 39.93851008335687
4.134391841720569 8.172328168323794 36.10327859447883
3.24773791709705 7.914678770985745 43.77145200323692
0.7087460644369424 9.006567378694299 37.68138464427728
1.170528299457332 9.262394409478953 33.84851915673548
-7.979118988772915 -2.70272942210101 45.43187519288723
-2.366257135990819 8.909786217173416 35.34043324709631
-1.899130773349029 9.327690672269126 31.52332644698282
-5.192952398977638 7.846527000606347 32.91809012910569
-4.811299129914388 8.433641282553868 29.10322539990732
-7.506974527155121 5.993507290851302 30.41762227827696
-7.24871662008248 6.750219218024313 26.61928910033867
-9.131932661655044 3.580292058813831 27.84304835685963
-9.068448749393383 4.461750540046031 24.05754016975807
-6.967394837205521 7.45733848644841 22.79863382819123
-9.980126648850462 0.8565894460888536 25.1986971379029
-10.15419897718538 1.805777103024563 21.42882606062422
-10.04463641362146 -1.938850917149488 22.48938398750698
-9.513115766581898 -2.866332958456324 26.231271669112
-8.588624840027835 -5.418324892087368 23.4437633659553
-9.371143126289684 -4.619239857459839 19.72307234611857
-1.419625655976409 9.717265207190096 27.69423427048294
-7.690192291218398 -6.176047037393514 27.15068253528339
-7.067998281176298 -7.600004106577792 20.6010297956319
-8.074584065326178 -6.976008717186145 16.89049670264368
-5.09510074503403 -9.302833715755831 17.70314664834458
-3.80897315700909 -9.589526396868541 21.36803796610631
-10.07804915672593 -3.716779981858818 15.98974965035133
-1.442504461167937 -10.45276787633676 18.40070896075381
-7.718961227819634 5.201091349422219 34.20861852507957
-2.749053036323507 -8.487945482173064 39.10939404913289
-7.952616251937997 -1.67937243134279 49.19841456651537
-2.971103130393116 8.405589884030304 39.19566990186135
-8.281015778371659 0.9927649321509149 46.5007447891933
-7.771698232495802 2.086584415580848 50.22848082172056
-7.090913320315571 1.245277069962893 60.99704788537785
-5.367379301326489 3.141242985921113 73.45435805427913
-0.03539890561250933 -10.26679724055505 22.02165370464729
-6.115709692338833 -9.019843504254096 14.00627299857957
-6.919223728790412 4.52406032465163 47.43265434102963
-6.012793812779818 5.243388892451155 51.10568332408588
-8.876763165016811 -3.765013511079005 29.95853786064204
2.338125083911809 -10.24300655393842 18.97703730301255
1.003204454664341 -10.74164268512381 15.39499536551311
-8.655117138191619 0.09379297632542652 42.49430931194762
-6.557994113214501 2.167314635567442 64.71464105723749
-5.426722596105965 4.608770664522535 62.01012926974676
-4.33746054066362 5.278741483815187 65.66338635933795
-6.688168338135347 -6.848746292063127 30.84154762935313
0.2828730026505684 -8.73114363877526 41.47655002805195
0.7961395862621183 -8.995101375679322 37.73406019800997
-2.271907364984417 6.676166366736295 62.86844842764245
-3.5907814619377 6.400069192296599 59.22909473994349
3.737177193277173 -9.516930950789021 22.56106707914383
1.37456985652575 -9.888718448840308 25.61829299880311
4.998658235551269 -8.597409880254652 26.11187946159625
2.75484411755528 -9.303183751677793 29.19257886226519
4.428544070618762 -9.793491564291102 15.90522729981095
3.399731587963144 -10.49166079329055 12.34101972288651
-4.17839410531735 7.059765573465056 48.23766970697871
-2.805187168983727 7.402637981600896 51.88807271465378
2.786271178137987 -7.771016186145773 47.5793691427701
-4.622351134287265 3.314360001962584 80.20405706896368
-7.727432056650488 -5.259753916043813 33.70153530212789
3.766813968535787 -8.016810628192339 39.92721578784215
4.570676379005317 8.283433150717864 32.26385649927539
4.182069334527472 -8.145568706007595 36.13113308313779
-7.205886518419678 2.872926734776119 53.90631740709625
-0.3978239080306299 -11.06543438541807 11.78394585525415
2.03489523338958 -11.12769144198692 8.739076801049739
-4.63013387819536 -6.179738869944697 54.35876610373489
-0.9279867091064998 6.702689469591728 66.4963421284174
1.221430291418448 6.890188878039602 63.56134700536274
-2.269070761415986 -6.842902608384248 60.87162231024537
5.622550496097677 -9.774274748247793 9.198534470060325
-2.022190161951 -9.001155889320914 35.25322032515788
-0.5317962880271979 8.134277638173716 48.89801475542109
1.132859049189571 7.787136084162232 52.48796167249958
3.042049386686659 -5.479619946362106 72.839592851288
-1.059099753903417 -9.689291824067022 28.62704059232448
-9.333319139130255 -1.309152375450627 32.72245353193533
-8.952505854010637 -1.82693790743278 36.37765960920566
-5.377215679992243 6.56516135766609 44.64691121550522
6.617595383546755 -6.082743688608624 38.2652959240046
-6.406536851489519 0.7892861367720568 70.45623789250921
3.228525825716644 7.4406993895092 49.41516225597314
4.470515647490385 6.43389595151584 52.92677380835377
2.020359775672574 7.305941759763625 56.15954867467679
5.764821097078952 -7.758071197115803 29.66333121281595
7.870651626397725 -6.030180031221177 26.49051254801338
-3.131333673661073 5.749672787423978 69.28617875485705
0.4972751318627148 6.464160894797213 70.09682948118841
1.835969861595812 5.042167089272891 84.29263273913001
-2.786567643894301 -5.698042049314473 71.88000837223558
-1.828027977962875 -11.21163617196819 8.135957467342912
4.17794337245293 -10.7817331378281 5.553704144323714
-1.759326447936041 4.666114803560899 89.11155932977462
-2.342848884202351 4.088918278282263 92.595742623115
-2.82957408275352 5.570535946717467 73.08623583772426
0.847955924972116 -4.793727963895563 90.61878197949628
1.052959554988209 6.109556146997459 73.70070106175102
-0.8616981391787983 5.908244722097452 76.60885956366151
3.77718356676335 5.213700092675611 70.66999599897757
-4.373750802051181 -0.05939083084256601 96.89556036861843
-0.2940378959458637 -6.12303624873106 74.58424945288357
0.9687780367573265 -5.769409984706773 78.14085417498713
-7.490353862666701 0.3193809226275104 57.21400939500154
-6.927129166953492 -3.102818807012349 56.03059375008832
-1.410667243050298 5.352171466996207 82.14619156152276
0.3519663673954828 -9.4570984115455 32.22743651289926
4.164004122075112 -5.844122410089869 61.29674926410583
5.106298431481481 6.626767480330447 46.17558210459693
0.8304318027704001 -6.982278369896504 63.13092644184977
9.148539001936843 -3.309353382876334 28.85961457651511
3.086068392487017 3.39792548907754 94.15074074564556
0.8966361378970821 4.274925610796624 96.97445074261859
4.177818497066078 3.088603493786337 86.45885815610755
4.443947486658613 -3.237287776676124 82.61493731758507
1.623482790221525 -5.11487189427003 84.28863516158025
-3.350603351213378 -8.910163861320527 31.51995482541679
5.085298599446515 -3.376702520395812 74.91207193905539
-5.123869067664563 1.767863306856414 83.60334020285738
-2.449463827926007 -9.728048234695541 25.00975538896924
6.213859897271856 3.245523368553678 63.39908885684818
7.541270426403965 -3.271842904183838 48.02379992311081
7.198368641170004 -3.297545621486387 51.8702628256825
6.885616509456053 3.282294936428834 55.55253424258825
7.165596674827529 3.366773046013793 51.87779094789516
8.184695840166892 -3.295219023378571 40.36589481953072
8.528980688111826 3.252710345873322 36.48995650731589
8.85707784952098 3.238549095121609 32.6474491568997
3.277608610642594 -7.903557925245846 43.75734004081843
9.486976899869793 3.274641124481096 24.9520050701339
7.711794484806559 6.205430657353546 26.7028327648906
8.096293440656572 6.205802113027934 22.85749927355331
5.453281279937736 8.465918114494563 24.51972845052745
5.897206501408056 8.533912431512725 20.66957948688583
2.661926755344976 9.896509167268375 22.25801995069361
3.154866879493884 10.0687856764938 18.40525199367914
-0.3941133253369725 10.42530499220024 19.91377688329572
0.1261856037077595 10.73480037772649 16.06646227418323
3.690855251573767 10.2078865863539 14.553089974626
0.6749955704491369 11.01780446624331 12.21750389766431
-2.924091733750732 10.52679506207718 13.65445884648412
4.1731717453789 10.34800442397596 10.70113309687256
-2.417147768407617 10.96539213062889 9.801017538673195
-5.769949636918496 9.507368960447845 11.16547355716499
-6.202929392721948 8.864408630631342 15.00408269622568
-8.527315771445073 6.97549961115271 12.49111033448908
6.808644231686454 8.615389093972176 12.94750430368014
7.253842987546591 8.632147660370931 9.208287301732788
-8.76194332449986 6.177795294469859 16.2530346477011
-10.27563582092261 3.722115711376022 13.60846392122918
-9.961103908781144 5.174351753550465 9.84907331520051
-11.07398865200277 1.252528735231666 10.86891960451997
-10.25871742516492 2.784247695232509 17.40964105409701
-8.943371746959249 5.318980697960642 20.25941847997425
-6.595060730208809 8.18836014546733 18.88149763837882
-11.32960490420437 1.719777391992611 6.869122192753273
-11.148839875669 -2.160673773579804 8.179212216103416
-10.71108248130366 -2.767723738730385 11.90708426360145
-9.756762198452307 -5.65499286500036 9.185107810051997
-5.599783604751877 9.996174157639032 6.889363332051821
-0.8803069986375469 11.49219047070624 6.024556575725875
-8.40010503527343 7.866558392437563 6.24568848807063
-0.9239740998479763 10.08843132369194 23.7522777959847
4.99491078732928 8.394024340328711 28.36353067065588
2.146221337105979 9.711041860823219 26.10641170318743
1.661969481654651 9.498462980017274 29.95149425074294
-9.084163645003224 -6.17695433121694 12.89299875625229
-7.424260832147166 -8.388975814358538 10.1340161338981
-8.342063937586865 -7.911626854084491 6.389639917104992
6.338330472483198 8.591644049863998 16.81480040697924
-0.05910600088012801 8.740867826148797 41.40866150660128
10.12157530385624 -3.270620973924703 17.32006265605408
8.139298323459148 -6.612937252933286 19.22330807652002
10.45139877359362 3.246050671037245 13.41923524793387
5.40246487333331 -6.011954636903909 49.77386963541691
10.754151687105 -3.287654395437099 9.58729490910172
9.347602367989293 -6.597439409512952 7.098661677005164
2.724734829946107 6.137986468720753 67.14488170813156
-5.932105115437711 -8.159719670849807 24.29227831068334
-0.2633505250976083 -8.431552481758567 45.28918023005806
-4.713076984114489 -8.592124920337955 27.95513802367298
-3.440313486324377 10.0504006110471 17.49753218465329
1.488520188472816 11.23283884908874 8.500002444383993
-5.395823561480783 -7.34114770621798 36.71028912556325
-10.83903293809823 0.005318630796569998 14.75146860008006
-5.007277589261714 -5.442575030346838 58.5048335446347
-1.841343461939267 -7.286839245700114 56.9760455470106
1.300005594612753 -7.223415821722248 59.21770826034656
-6.742623462219999 -4.103296291846823 52.18393000422154
-5.716326568350278 -3.066727201780259 70.04927129087532
-3.917500606579465 9.54842020313467 21.33611942142936
-4.377795477825036 9.011118237523386 25.1805135792842
8.479285352186436 6.192535760809498 19.06186093505509
-10.47181638706899 -1.029767333598562 18.77561946830696
6.971797085516194 6.141251201015787 34.42231216634645
-2.720292697286313 -10.48816070311439 14.8002176178399
-7.921691461776935 -3.629839033123484 41.75613863817861
6.791824927593785 -8.644422028110931 12.79002264119047
7.327558787193708 6.195094961609829 30.55293059776293
-5.71340309980764 7.089913971552911 36.77830158363728
-7.932987350529539 4.27476488438962 37.97335939295407
-7.741122954985649 3.631064235349487 43.83112181255949
1.129118802278838 -11.52952597244378 5.277103814922574
-6.306896368654249 3.877561372251639 58.40354511502901
-4.727642403482276 5.982642399656156 55.58798953123497
6.94149843049695 -7.458925627111173 23.00828621486058
-5.227771586222801 -10.24044250821668 6.382794525045579
-2.075710937605995 8.162666796301552 45.45705173576734
-9.054216096336107 1.716525277607341 35.3805319461252
-9.142456559894599 2.623366970242296 31.62077048258598
-0.9654549380464944 -5.545679440905412 80.95007612706029
-9.718017839249555 -0.249667365476692 28.954588875561
0.1844308303700869 7.272724765042561 60.03601812295649
3.763455722667522 6.175811010225442 60.58106128432755
8.932276378650043 -6.071727263121827 15.24072022914542
-0.995546306905546 -5.027522698236958 87.35333293797834
-8.89394136175202 0.745512284505119 39.06990213457696
5.823720768533533 -6.031262335796172 45.94533856033326
6.221075840977803 -6.061887847500655 42.10713891596038
9.810205361255028 3.26285704152177 21.11026347117415
8.524703096114095 -3.256927009736519 36.5216281102507
6.77308019867948 -6.412510542647878 33.96233806010533
7.842842658680521 8.740087384385996 3.264813238367732
-11.73666604211394 0.04718123912198847 3.344770207887467
1.364956642953298 11.6576029394764 3.338676881981232
8.856323646309251 6.188877031551173 15.19059281774096
-6.509874911342352 5.861787383422616 41.16707155845945
5.510561892368267 -3.260480528041694 71.11800049629417
-4.520169591478988 1.13013090649653 93.27236550572781
-4.065882773868257 -10.34400619349127 11.25262663131929
9.220964842199351 -6.185945574203293 11.38859328855225
9.23597620733973 6.158106193995143 11.42669683907015
9.5401383138631 -3.114025745029455 24.96125365317625
5.731128769878413 -8.752039056298981 19.54786297346317
-1.388243359040712 7.435756021604778 56.36170793036054
3.537620981924722 -8.752463845550352 32.52331752926103
-6.694515307006637 -0.4965511115257674 67.17890711646174
4.934850131356391 10.32207204762327 7.101970952241032
10.22813237147876 -5.778600291799357 3.206609444451877
11.08750541272171 3.153571137340417 6.006695905809782
9.60176282794899 6.157129760881615 7.543441709773377
2.607399893017845 5.333503181218848 77.04112078321717
-7.751528807895391 -0.6937296384277464 53.58829323256236
-6.601567634890247 -9.704141012925399 3.345045089028863
-3.906785866685649 4.529931046752375 76.46707957355923
-5.792076885803182 3.234726505344512 68.17991045675589
3.896322243165391 -2.959271029551271 90.30668068446451
-7.687292029794707 -4.705470661135637 37.95220431377768
4.920533285336564 5.659045890671481 57.18940146321037
-9.280849142450101 7.218902469475398 3.076981978126068
-9.478640382930346 -6.948718008067598 3.140434535076523
1.155659755147336 4.618037033545548 91.98729616822718
-3.21497733985042 8.042032249037607 42.42789474018845
-2.892848084297142 11.42359874264701 2.742102152583454
5.890848320040124 5.524136024972353 49.86198197103458
2.351306793261672 -5.096052384266798 81.16287809104887
-10.27806567684157 5.150527885476923 6.399199155814159
7.426746057731238 -8.74692889001328 6.676461818667534
1.75588275079686 8.140058627093328 46.6662662741738
5.843400596558062 2.619107323283989 71.1100352539311
-4.794602735897391 -3.817703878750042 74.59974786097155
1.599749714055551 4.833800459154224 87.77900144329466
-8.235413693602602 7.680697377931554 9.387047607529796
4.038014662614717 5.662584283741199 64.10426609641576
-5.435647962819329 -7.612152158927972 33.62481974676399
4.741202203840103 -10.80885229973906 2.503403642143319
-8.187494106088414 3.189855961869883 40.82585152574934
-10.40573857167806 -4.96682369882706 5.967600324997659
2.932512500193272 -5.267192779096479 75.87495711490459
-2.298023541142042 5.281000469108993 79.29523501135938
3.401924665598388 2.710417923755046 97.20691102360901
3.381874663650461 -2.735053705927261 97.20963034479777
6.92778676966162 -8.128636587883909 16.76828665736135
7.871445718488428 -5.480173110794928 30.6061511639994
11.44288147924984 -2.793102482646737 2.810165575525718
11.37540898880102 3.031237783099012 2.89250942012105
1.319030403659179 -9.157614820339925 34.91510807959095
1.990792781939702 -4.670423692158315 87.96482468399363
-1.288897182403153 5.078282387906814 85.90290690964989
0.9764171912357643 -11.78360310226356 2.236444304453248
-8.644075940784488 -2.113965707360854 39.40429761903668
7.925548038073379 -7.992321451687068 9.456815358023059
7.557522041253812 8.688419731515177 6.157239414904633
8.758963233075743 -5.196272002011414 23.07021106945081
-0.07514204799578754 4.566536278295077 94.44325713841296
-5.246263072691189 3.703661761195112 70.87688915683381
2.425676498491834 11.28193880764824 5.847909791296004
0.5411911506783982 8.508106785517054 44.15022810108035
-3.694754642243721 3.978483674823632 83.48603166944127
-11.431090150645 -1.834268113223035 5.370645908214003
3.169192936662107 7.957381057220512 5.523881879296613
6.607361323047991 4.48292727418711 12.90186163944793
4.511574537665577 5.561802627384411 23.35958470804892
6.755388806333396 5.617658137566788 2.719442449965965
2.98089928630677 7.088583404812694 16.64704882469302
2.869321707139298 7.766269683444234 9.156484398404832
5.670513261401677 6.233704088584005 7.281063692538801
2.92575898117395 7.428333806925 12.91272456793509
6.383478803404192 4.294015134218471 16.60278258805007
5.948223458004055 4.411668946552769 20.257680037929
3.215234053083941 6.675967392443421 20.20443397873656
4.556172884818986 7.515932126727413 2.679978359246957
7.152141856614627 4.121854577471945 9.467820836927325
7.570096874995063 4.010690447332838 5.502887484164264
5.194707649019016 6.266209911347183 10.93453686143786
5.002399872203741 6.04595737525209 14.64847609470545
6.172199447081778 3.609644069544281 23.50374534889299
2.206177500297183 6.793385059090773 23.60000216198699
2.397382946816215 8.474375478351316 2.452848828121536
5.563809390227861 6.5911389539229 4.758593443455141
8.000795353894391 3.695685961147902 2.374725213401098
4.829304620743661 5.825688493094409 18.20686590411453
-0.3759104328459095 1.5 2.964269843003703
-4.373231902374631 1.5 13.0691461149572
4.322667820072217 1.5 16.45756993929617
-4.021765864605666 1.5 20.17017851230301
4.60114694725732 1.5 9.639487911629582
1.703850353599406 1.5 23.2287611899119
-5.569331753611296 1.5 5.367437361764265
5.32687841508382 1.5 4.004895551271471
3.714874744390989 1.5 20.39329064933367
0.9130103198308657 1.5 17.77174445103306
1.300113019402761 1.5 14.43420842847046
-1.976761893172105 1.5 15.89519510025953
-4.924941870137378 1.5 9.014916134745658
-1.532013701343102 1.5 10.38355496718162
4.63522539097367 1.5 12.99616392808433
-1.955888923946922 1.5 6.531785326696642
-1.70184528214862 1.5 23.25817206503521
1.273058365536847 1.5 8.447738955792076
-3.534543945280141 1.5 2.895400586383223
-4.69457422010429 1.5 16.77243044247779
1.703913127178845 1.5 11.4945456898177
0 1.5 20.74709124921886
4.538580897253472 1.5 23.58157484024946
-4.570579635067501 1.5 23.50288225955642
3.457709949384221 1.5 6.565345298065237
0.6845877700972878 1.5 5.787891506029037
-1.898797076838198 1.5 18.38809526975806
-1.175115542184329 1.5 13.24237149039959
-6.20683682155726 1.5 2.508910986834729
2.563584354408405 1.5 2.737133722354918
-3.16919293666216 7.957381057220491 5.523881879296606
-6.701531155320521 4.340046276662053 12.90770129594455
-4.485932410656916 5.585084311978868 23.33403674443548
-6.755388806333396 5.617658137566789 2.719442449965965
-3.155190882171 7.011510404464748 16.66131578381169
-3.134524385126467 7.660949650070252 9.181471381682508
-5.792739233068165 6.124611730551301 7.241182681693864
-3.1775430753507 7.327964436931995 12.86846319993245
-6.264836631666464 4.464026074095612 16.61241246822937
-5.948306150093489 4.411535272842326 20.2578479070586
-3.089889640389953 6.729666849441023 20.26484463041778
-4.537017808996151 7.531192053411329 2.639913262368782
-7.17109576304285 4.088514525849081 9.469554667637759
-7.565827190075022 4.018796304660989 5.50254617178095
-5.196765851472793 6.269007331166237 10.89048197566473
-4.984652514743364 6.062353343054748 14.63124615586189
-6.171888129684181 3.597611960523346 23.58424656037007
-2.216178498716817 6.796134021485568 23.52746439331268
-5.522098462799279 6.628508844748265 4.735311152448284
-2.430923375376645 8.471583030202728 2.370193573450407
-7.976307843524524 3.736106367177847 2.440230659510766
-4.772834461344482 5.868194541953609 18.24479976451228
-6.661338147750939e-15 5.900042359436546e-15 100
0.9699319343973383 4.226877811279959 26
-1.741758985180316 3.816515629988252 26
3.218221066574106 4.006755863887584 26
0.04432299675571194 3.108624468950438e-15 35.07328660505975
-0.02095506363154609 0.006886748852796831 43.60456288813047
0.007391008607645411 -0.06709152908924221 51.56107903760061
-0.00358455622229048 -0.0005052537399858892 58.92237223525733
0.02985689098397065 -0.01182173525802188 65.74613177548109
3.098338427313273 2.738687684810717 31.37454539869836
0.007376888208892929 0.01289387508501783 72.06836418892041
-0.1578236463693168 -0.08093354647575421 78.58931603397554
-2.943782549483317 2.926169443901024 31.3772243429854
-2.898789013149779 -2.845130185553326 31.34677151741966
2.707447960243704 -3.208122008668491 31.30779945282362
0.4004442522124724 -3.666218008544035 39.2196957686509
-3.376310377667218 0.9317185192953178 39.3122517741543
2.837114112281079 2.166167520064529 39.35879802885884
0.06193910280027093 7.101667927056354e-05 85.16146459180729
2.447089048368511 -2.398244421407744 47.49297351600593
2.141696932067938 2.700021528205175 47.82188324188566
-3.20938086132718 0.8973077011256518 47.60285351183528
-0.02393291479648862 0.0526683234793075 90.04750768420448
0.9963475963541448 4.681889637429622 35.20189192893876
-0.1818169454864098 -4.717451041879555 34.68349437771091
-4.019390640904239 -2.253038775297665 35.89130520472756
4.682475421257195 0.6999445456751716 35.2971100726887
0.05635468472012952 0 30.03630767802449
3.136784511550242 -0.2422687861347823 55.24828540230027
3.943593546399149 -1.930708095824647 41.92703837765097
-3.310269204943349 -2.984427090404137 41.95602410992598
-0.7794767855175513 -2.963280211075835 55.26705911943147
-2.78911347985182 0.9554702306064233 62.34957985994811
-0.1061346915612993 -0.04390503104929966 94.66147166835451
-0.7985987056178963 4.12834880646008 41.54322602785906
0.1586328484774015 5.474242240905678 29.98142898239683
-2.770761279903862 1.448948126418813 55.22417951735997
2.059756504152296 -2.038409621911034 62.32085179377832
-1.961873138918291 -3.488416897856294 48.29159837220999
1.393489787930756 2.527343613091617 62.33168880889876
0.5384569835047964 -4.440218087491711 43.56884303597268
-4.69823830399987 2.227535655210285 35.33594359161191
-5.092534089997306 8.215650382226158e-15 29.40052908070924
3.690061450160381 -3.452167635234452 36.32056207386417
5.481791617762576 -0.3875011370272884 29.85060121504881
2.383698910289477 -1.512024334111473 68.90147364968196
-4.45103071855341 0.876676653588502 43.4807154122442
3.035260481476511 3.406193847486413 43.5738104866185
-0.2811232146947862 -5.723293647286848 29.76659200139969
-2.276491728905339 4.575668906693434 37.71508715132168
-1.974479375955386 1.790350831655152 68.89316416370197
3.969772931541546 5.202414847685921 29.13707065046016
-1.864886934393043 -2.816683069839599 61.17402795434321
4.125365390869726 -0.5668909439883678 51.21808901457013
-1.216171315173563 4.06673162741422 45.71502158267323
0.5027346186135051 2.297876687760728 75.37703473330575
1.017309362186181 3.500683912531884 54.04919633990877
1.576807005361053 -1.575327510963113 75.34851505778947
1.921711451462233 2.40372578884327 68.29557505339841
-1.731925866078073 1.055994346111681 81.91818626981656
0.9051234449249077 -1.664485204849274 81.86353839545346
1.902519559504212 -3.720685739713751 52.36325198142985
-1.334028559738147 3.899930164042146 49.96722327403263

CELLS 3678 16786
1 0
1 1
1 2
1 3
1 4
1 5
1 6
1 7
1 8
1 9
1 10
1 11
2 0 12
2 12 13
2 13 14
2 14 15
2 15 16
2 16 17
2 17 1
2 0 18
2 18 19
2 19 20
2 20 21
2 21 1
2 2 22
2 22 23
2 23 24
2 24 25
2 25 26
2 26 27
2 27 0
2 2 28
2 28 29
2 29 30
2 30 31
2 31 3
2 1 32
2 32 33
2 33 34
2 34 35
2 35 36
2 36 37
2 37 3
2 2 38
2 38 39
2 39 40
2 40 3
2 4 41
2 41 42
2 42 43
2 43 44
2 44 45
2 45 46
2 46 47
2 47 48
2 48 49
2 49 50
2 50 51
2 51 52
2 52 53
2 53 54
2 54 55
2 55 56
2 56 57
2 57 58
2 58 4
2 5 59
2 59 60
2 60 61
2 61 6
2 5 62
2 62 63
2 63 64
2 64 65
2 65 7
2 6 66
2 66 67
2 67 68
2 68 7
2 8 69
2 69 70
2 70 71
2 71 72
2 72 73
2 73 74
2 74 8
2 4 75
2 75 76
2 76 77
2 77 78
2 78 79
2 79 80
2 80 81
2 81 82
2 82 83
2 83 84
2 84 85
2 85 86
2 86 87
2 87 88
2 88 89
2 89 90
2 90 91
2 91 92
2 92 93
2 93 94
2 94 95
2 95 96
2 96 97
2 97 98
2 98 99
2 99 8
2 9 100
2 100 101
2 101 102
2 102 103
2 103 104
2 104 105
2 105 5
2 9 106
2 106 107
2 107 10
2 6 108
2 108 109
2 109 110
2 110 111
2 111 112
2 112 113
2 113 10
2 7 114
2 114 115
2 115 116
2 116 117
2 117 118
2 118 119
2 119 11
2 9 120
2 120 121
2 121 122
2 122 11
2 10 123
2 123 124
2 124 11
3 12 162 0
3 0 162 27
3 1 163 17
3 32 163 1
3 22 160 2
3 2 160 28
3 31 159 3
3 3 159 37
3 13 149 12
3 149 162 12
3 14 161 13
3 13 161 149
3 15 126 14
3 126 161 14
3 16 152 15
3 15 152 126
3 17 132 16
3 132 152 16
3 17 163 132
3 23 131 22
3 131 160 22
3 24 143 23
3 23 143 131
3 25 127 24
3 127 143 24
3 26 133 25
3 25 133 127
3 27 130 26
3 130 133 26
3 27 162 130
3 28 145 29
3 28 160 145
3 29 129 30
3 29 145 129
3 30 148 31
3 129 148 30
3 148 159 31
3 33 155 32
3 155 163 32
3 34 128 33
3 128 155 33
3 35 144 34
3 34 144 128
3 36 125 35
3 125 144 35
3 37 147 36
3 36 147 125
3 37 159 147
3 125 156 144
3 147 165 125
3 125 165 156
3 126 152 150
3 150 154 126
3 154 161 126
3 133 134 127
3 134 135 127
3 135 143 127
3 144 153 128
3 128 153 151
3 151 155 128
3 145 146 129
3 146 158 129
3 129 158 148
3 130 141 133
3 130 149 141
3 130 162 149
3 143 157 131
3 131 157 145
3 145 160 131
3 132 164 152
3 132 163 155
3 155 164 132
3 133 141 134
3 134 136 135
3 134 142 136
3 141 142 134
3 136 137 135
3 137 157 135
3 135 157 143
3 136 138 137
3 136 139 138
3 136 142 139
3 138 140 137
3 140 146 137
3 146 157 137
3 139 153 138
3 138 156 140
3 153 156 138
3 142 150 139
3 150 151 139
3 151 153 139
3 140 158 146
3 156 165 140
3 140 165 158
3 141 154 142
3 149 154 141
3 142 154 150
3 144 156 153
3 145 157 146
3 147 159 148
3 148 165 147
3 158 165 148
3 149 161 154
3 150 164 151
3 152 164 150
3 151 164 155
3 27 18 0
3 21 194 1
3 1 194 32
3 2 188 22
3 38 188 2
3 37 189 3
3 3 189 40
3 18 195 19
3 27 173 18
3 173 195 18
3 19 166 20
3 19 195 166
3 20 184 21
3 166 184 20
3 184 194 21
3 22 174 23
3 22 188 174
3 23 168 24
3 23 174 168
3 24 180 25
3 168 180 24
3 25 170 26
3 25 180 170
3 26 173 27
3 170 190 26
3 26 190 173
3 32 172 33
3 32 194 172
3 33 178 34
3 172 178 33
3 34 167 35
3 34 178 167
3 35 185 36
3 167 185 35
3 36 169 37
3 36 185 169
3 169 189 37
3 39 171 38
3 171 188 38
3 40 182 39
3 39 182 171
3 40 189 182
3 181 184 166
3 166 191 181
3 166 195 191
3 177 185 167
3 167 193 177
3 178 179 167
3 179 193 167
3 174 175 168
3 175 176 168
3 176 180 168
3 169 187 182
3 182 189 169
3 185 192 169
3 169 192 187
3 180 186 170
3 170 186 183
3 183 190 170
3 171 187 174
3 174 188 171
3 182 187 171
3 172 181 178
3 172 184 181
3 172 194 184
3 190 195 173
3 174 187 175
3 175 177 176
3 175 192 177
3 187 192 175
3 177 193 176
3 176 186 180
3 176 193 186
3 177 192 185
3 178 181 179
3 181 183 179
3 183 186 179
3 186 193 179
3 181 191 183
3 183 191 190
3 191 195 190
3 38 2 28
3 31 3 40
3 29 196 28
3 28 196 38
3 30 197 29
3 29 197 196
3 31 197 30
3 40 197 31
3 38 196 39
3 39 197 40
3 196 197 39
3 7 199 0
3 0 204 7
3 12 206 0
3 0 199 18
3 50 204 0
3 0 206 50
3 4 1 5
3 58 1 4
3 1 200 5
3 17 1 58
3 21 200 1
3 41 4 5
3 5 59 41
3 5 200 62
3 45 44 6
3 6 44 61
3 66 45 6
3 7 204 49
3 49 205 7
3 65 199 7
3 7 205 68
3 52 12 13
3 51 12 52
3 51 206 12
3 14 53 13
3 13 53 52
3 15 54 14
3 14 54 53
3 16 198 15
3 15 55 54
3 15 198 55
3 17 208 16
3 56 198 16
3 16 208 56
3 17 58 57
3 57 208 17
3 18 203 19
3 18 199 65
3 65 203 18
3 19 201 20
3 64 201 19
3 19 203 64
3 20 202 21
3 20 201 63
3 63 202 20
3 62 200 21
3 21 202 62
3 41 59 42
3 42 60 43
3 59 60 42
3 44 43 61
3 43 60 61
3 46 45 66
3 47 46 67
3 67 46 66
3 47 207 48
3 67 207 47
3 48 205 49
3 68 205 48
3 48 207 68
3 49 204 50
3 50 206 51
3 55 198 56
3 56 208 57
3 62 202 63
3 63 201 64
3 64 203 65
3 68 207 67
3 41 562 4
3 4 561 58
3 75 561 4
3 4 562 75
3 8 557 69
3 74 558 8
3 99 557 8
3 8 558 99
3 42 235 41
3 235 562 41
3 43 509 42
3 42 509 235
3 44 223 43
3 223 509 43
3 45 511 44
3 44 511 223
3 46 540 45
3 45 540 511
3 47 218 46
3 218 540 46
3 48 536 47
3 47 536 218
3 49 232 48
3 232 536 48
3 50 510 49
3 49 510 232
3 51 217 50
3 217 510 50
3 52 537 51
3 51 537 217
3 53 530 52
3 530 537 52
3 54 221 53
3 221 530 53
3 55 566 54
3 54 566 221
3 56 552 55
3 552 566 55
3 57 231 56
3 231 552 56
3 58 525 57
3 57 525 231
3 58 561 525
3 69 399 70
3 69 557 399
3 70 234 71
3 70 399 234
3 71 387 72
3 234 387 71
3 72 230 73
3 72 387 230
3 73 242 74
3 230 242 73
3 242 558 74
3 76 236 75
3 75 526 76
3 236 561 75
3 75 562 526
3 76 233 77
3 77 462 76
3 76 526 233
3 76 462 236
3 78 229 77
3 77 460 78
3 229 462 77
3 233 460 77
3 78 220 79
3 79 458 78
3 78 460 220
3 78 458 229
3 80 216 79
3 79 506 80
3 216 458 79
3 220 506 79
3 80 416 81
3 81 519 80
3 80 519 216
3 80 506 416
3 81 213 82
3 82 397 81
3 81 416 213
3 397 519 81
3 83 211 82
3 82 414 83
3 211 397 82
3 213 414 82
3 83 413 84
3 84 507 83
3 83 507 211
3 83 414 413
3 84 225 85
3 85 412 84
3 84 413 225
3 412 507 84
3 86 215 85
3 85 241 86
3 215 412 85
3 225 241 85
3 86 212 87
3 87 408 86
3 86 241 212
3 86 408 215
3 88 409 87
3 87 411 88
3 212 411 87
3 87 409 408
3 89 214 88
3 88 410 89
3 214 409 88
3 88 411 410
3 89 228 90
3 90 240 89
3 89 240 214
3 89 410 228
3 91 239 90
3 90 407 91
3 228 407 90
3 239 240 90
3 92 209 91
3 91 227 92
3 209 239 91
3 91 407 227
3 93 514 92
3 92 546 93
3 92 514 209
3 227 546 92
3 93 224 94
3 94 404 93
3 93 546 224
3 404 514 93
3 95 226 94
3 94 238 95
3 224 238 94
3 226 404 94
3 95 210 96
3 96 401 95
3 95 238 210
3 95 401 226
3 97 219 96
3 96 400 97
3 210 400 96
3 219 401 96
3 97 222 98
3 98 533 97
3 97 533 219
3 97 400 222
3 99 237 98
3 98 398 99
3 222 398 98
3 237 533 98
3 99 558 237
3 398 557 99
3 209 257 239
3 209 260 257
3 209 514 260
3 238 246 210
3 246 376 210
3 376 400 210
3 211 560 397
3 507 508 211
3 508 560 211
3 241 395 212
3 395 541 212
3 212 541 411
3 213 485 414
3 416 417 213
3 417 485 213
3 240 258 214
3 258 259 214
3 259 409 214
3 408 504 215
3 215 505 412
3 504 505 215
3 216 459 458
3 216 570 459
3 519 570 216
3 217 576 510
3 537 554 217
3 554 576 217
3 218 448 446
3 446 540 218
3 218 536 448
3 219 402 401
3 219 564 402
3 533 564 219
3 460 512 220
3 479 506 220
3 220 512 479
3 221 489 378
3 378 493 221
3 221 566 489
3 493 530 221
3 222 538 398
3 400 548 222
3 222 548 538
3 223 569 509
3 511 573 223
3 524 569 223
3 223 573 524
3 224 528 238
3 224 386 384
3 384 528 224
3 224 546 386
3 225 266 241
3 225 268 266
3 225 413 268
3 226 542 389
3 389 555 226
3 401 542 226
3 226 555 404
3 227 464 386
3 386 546 227
3 407 550 227
3 227 550 464
3 228 500 407
3 410 535 228
3 228 535 500
3 458 501 229
3 229 517 462
3 501 517 229
3 230 243 242
3 230 244 243
3 230 387 244
3 231 544 379
3 379 552 231
3 231 525 463
3 463 544 231
3 232 510 442
3 442 543 232
3 232 543 536
3 233 518 460
3 233 527 518
3 526 527 233
3 381 515 234
3 234 571 381
3 234 515 387
3 399 571 234
3 509 569 235
3 235 527 526
3 526 562 235
3 235 569 527
3 462 463 236
3 463 525 236
3 525 561 236
3 242 243 237
3 237 558 242
3 243 383 237
3 383 533 237
3 238 528 246
3 239 394 240
3 257 394 239
3 240 394 258
3 266 395 241
3 244 245 243
3 245 383 243
3 244 247 245
3 244 515 247
3 387 515 244
3 247 248 245
3 248 502 245
3 245 502 383
3 246 392 376
3 246 528 385
3 385 556 246
3 246 556 392
3 247 249 248
3 247 251 249
3 247 515 251
3 249 250 248
3 250 253 248
3 253 502 248
3 249 405 250
3 251 252 249
3 252 405 249
3 250 254 253
3 250 255 254
3 250 405 255
3 251 380 252
3 251 381 380
3 251 515 381
3 380 565 252
3 252 575 405
3 565 575 252
3 254 497 253
3 253 497 402
3 402 502 253
3 255 256 254
3 256 269 254
3 269 497 254
3 255 270 256
3 255 346 270
3 255 405 346
3 256 547 269
3 270 271 256
3 271 547 256
3 260 261 257
3 261 396 257
3 257 396 394
3 258 265 259
3 258 474 265
3 394 474 258
3 265 267 259
3 267 461 259
3 259 461 409
3 260 262 261
3 260 362 262
3 260 514 362
3 262 263 261
3 263 264 261
3 264 396 261
3 262 377 263
3 362 388 262
3 262 388 377
3 263 272 264
3 263 476 272
3 377 476 263
3 272 273 264
3 273 357 264
3 357 396 264
3 265 274 267
3 265 473 274
3 265 474 473
3 268 284 266
3 284 286 266
3 286 395 266
3 274 275 267
3 275 345 267
3 345 461 267
3 268 285 284
3 268 481 285
3 413 481 268
3 388 389 269
3 269 547 388
3 389 497 269
3 270 320 271
3 270 531 320
3 346 531 270
3 320 368 271
3 368 476 271
3 476 547 271
3 272 276 273
3 272 523 276
3 476 523 272
3 276 277 273
3 277 472 273
3 273 472 357
3 274 278 275
3 274 354 278
3 274 473 354
3 278 279 275
3 279 466 275
3 275 466 345
3 276 319 277
3 276 329 319
3 276 523 329
3 319 390 277
3 390 391 277
3 391 472 277
3 278 280 279
3 278 475 280
3 354 475 278
3 280 281 279
3 281 282 279
3 282 466 279
3 280 289 281
3 280 315 289
3 280 475 315
3 281 283 282
3 281 483 283
3 289 483 281
3 283 314 282
3 314 333 282
3 333 466 282
3 283 470 314
3 283 534 470
3 483 534 283
3 285 287 284
3 284 457 286
3 287 457 284
3 285 288 287
3 285 349 288
3 285 481 349
3 286 545 395
3 457 574 286
3 286 574 545
3 288 290 287
3 290 316 287
3 316 457 287
3 288 291 290
3 288 452 291
3 349 452 288
3 315 317 289
3 317 328 289
3 328 483 289
3 291 292 290
3 292 486 290
3 290 486 316
3 291 293 292
3 291 305 293
3 291 452 305
3 293 294 292
3 294 313 292
3 313 486 292
3 293 295 294
3 293 478 295
3 305 478 293
3 295 296 294
3 296 496 294
3 294 496 313
3 295 297 296
3 295 298 297
3 295 478 298
3 297 299 296
3 299 498 296
3 296 498 496
3 298 440 297
3 297 300 299
3 297 440 300
3 298 441 440
3 298 477 441
3 298 478 477
3 300 301 299
3 301 302 299
3 302 498 299
3 300 480 301
3 300 440 439
3 439 480 300
3 301 303 302
3 301 304 303
3 301 480 304
3 303 306 302
3 306 325 302
3 325 498 302
3 304 307 303
3 303 465 306
3 307 465 303
3 304 308 307
3 304 311 308
3 304 480 311
3 305 451 449
3 449 478 305
3 305 452 451
3 306 332 325
3 306 467 332
3 465 467 306
3 308 309 307
3 309 310 307
3 310 465 307
3 308 322 309
3 311 453 308
3 308 453 322
3 309 312 310
3 309 482 312
3 322 482 309
3 312 321 310
3 321 406 310
3 406 465 310
3 444 453 311
3 311 471 444
3 311 480 471
3 312 326 321
3 312 327 326
3 312 482 327
3 313 487 486
3 313 495 487
3 313 496 495
3 314 334 333
3 314 359 334
3 314 470 359
3 315 318 317
3 315 529 318
3 475 529 315
3 316 539 457
3 486 513 316
3 513 539 316
3 318 323 317
3 323 488 317
3 317 488 328
3 318 324 323
3 318 351 324
3 318 529 351
3 329 330 319
3 330 490 319
3 319 490 390
3 320 572 368
3 320 531 382
3 382 572 320
3 326 337 321
3 337 338 321
3 338 406 321
3 453 454 322
3 454 516 322
3 322 516 482
3 324 343 323
3 343 366 323
3 366 488 323
3 324 344 343
3 324 491 344
3 351 491 324
3 332 347 325
3 347 364 325
3 364 498 325
3 327 341 326
3 326 520 337
3 341 520 326
3 327 342 341
3 327 352 342
3 327 482 352
3 328 567 483
3 488 553 328
3 328 553 503
3 503 567 328
3 329 331 330
3 329 532 331
3 523 532 329
3 331 335 330
3 335 336 330
3 336 490 330
3 331 355 335
3 331 374 355
3 331 532 374
3 332 551 347
3 332 467 403
3 403 551 332
3 334 348 333
3 348 415 333
3 415 466 333
3 334 350 348
3 334 563 350
3 359 563 334
3 335 499 336
3 355 356 335
3 356 499 335
3 336 491 490
3 336 521 491
3 499 521 336
3 337 339 338
3 337 492 339
3 337 520 492
3 339 340 338
3 340 363 338
3 363 406 338
3 339 372 340
3 339 373 372
3 339 492 373
3 340 393 363
3 372 522 340
3 340 522 393
3 342 484 341
3 484 559 341
3 341 559 520
3 352 353 342
3 353 358 342
3 358 484 342
3 344 360 343
3 360 494 343
3 343 494 366
3 344 361 360
3 344 521 361
3 491 521 344
3 345 466 415
3 415 504 345
3 345 504 461
3 392 556 346
3 346 575 392
3 405 575 346
3 346 556 531
3 347 365 364
3 347 534 365
3 470 534 347
3 347 551 470
3 350 367 348
3 367 505 348
3 348 505 415
3 450 452 349
3 349 485 450
3 481 485 349
3 350 508 367
3 350 522 508
3 350 563 522
3 390 490 351
3 351 529 390
3 490 491 351
3 352 378 353
3 352 516 378
3 482 516 352
3 353 379 358
3 378 489 353
3 353 489 379
3 354 472 391
3 391 475 354
3 354 473 472
3 355 464 356
3 374 375 355
3 375 464 355
3 464 550 356
3 356 500 499
3 356 550 500
3 357 474 396
3 472 473 357
3 473 474 357
3 379 544 358
3 358 568 484
3 544 568 358
3 359 403 393
3 393 563 359
3 359 551 403
3 470 551 359
3 361 369 360
3 369 545 360
3 360 545 494
3 361 370 369
3 361 371 370
3 361 521 371
3 362 555 388
3 362 514 404
3 404 555 362
3 393 403 363
3 403 467 363
3 363 467 406
3 365 495 364
3 495 496 364
3 496 498 364
3 365 503 495
3 365 567 503
3 534 567 365
3 366 513 488
3 494 539 366
3 366 539 513
3 412 505 367
3 367 507 412
3 367 508 507
3 368 523 476
3 368 532 523
3 368 572 532
3 370 541 369
3 369 541 395
3 395 545 369
3 371 535 370
3 410 411 370
3 370 535 410
3 411 541 370
3 499 500 371
3 371 521 499
3 500 535 371
3 373 560 372
3 508 522 372
3 372 560 508
3 373 519 397
3 397 560 373
3 492 570 373
3 373 570 519
3 374 382 375
3 374 572 382
3 532 572 374
3 382 384 375
3 384 386 375
3 386 464 375
3 392 565 376
3 376 548 400
3 376 565 548
3 388 547 377
3 377 547 476
3 378 516 493
3 489 566 379
3 379 566 552
3 381 538 380
3 538 548 380
3 548 565 380
3 381 571 538
3 382 385 384
3 382 531 385
3 502 564 383
3 383 564 533
3 385 528 384
3 531 556 385
3 388 555 389
3 389 542 497
3 390 529 391
3 391 529 475
3 392 575 565
3 522 563 393
3 396 474 394
3 399 557 398
3 398 571 399
3 538 571 398
3 402 542 401
3 497 542 402
3 402 564 502
3 406 467 465
3 500 550 407
3 409 461 408
3 461 504 408
3 414 481 413
3 414 485 481
3 415 505 504
3 416 418 417
3 416 506 418
3 418 419 417
3 419 450 417
3 450 485 417
3 418 420 419
3 418 479 420
3 418 506 479
3 420 421 419
3 421 451 419
3 419 451 450
3 420 422 421
3 420 456 422
3 420 479 456
3 422 423 421
3 423 449 421
3 449 451 421
3 422 424 423
3 422 425 424
3 422 456 425
3 424 468 423
3 423 477 449
3 468 477 423
3 425 426 424
3 426 427 424
3 427 468 424
3 425 428 426
3 425 433 428
3 425 456 433
3 426 429 427
3 428 469 426
3 426 469 429
3 429 430 427
3 430 431 427
3 431 468 427
3 433 434 428
3 434 524 428
3 428 524 469
3 429 446 430
3 429 447 446
3 429 469 447
3 430 432 431
3 430 549 432
3 446 549 430
3 432 435 431
3 435 441 431
3 441 468 431
3 432 436 435
3 432 437 436
3 432 549 437
3 433 518 434
3 456 512 433
3 512 518 433
3 518 527 434
3 434 569 524
3 527 569 434
3 436 439 435
3 439 440 435
3 440 441 435
3 437 438 436
3 438 471 436
3 436 471 439
3 437 442 438
3 437 543 442
3 437 549 543
3 442 443 438
3 443 444 438
3 444 471 438
3 471 480 439
3 441 477 468
3 442 576 443
3 510 576 442
3 443 445 444
3 443 554 445
3 443 576 554
3 445 453 444
3 445 454 453
3 445 455 454
3 445 554 455
3 447 540 446
3 448 549 446
3 469 573 447
3 511 540 447
3 447 573 511
3 536 543 448
3 543 549 448
3 477 478 449
3 451 452 450
3 455 493 454
3 493 516 454
3 455 530 493
3 455 537 530
3 455 554 537
3 479 512 456
3 539 574 457
3 459 501 458
3 492 520 459
3 459 570 492
3 459 559 501
3 520 559 459
3 460 518 512
3 462 517 463
3 517 568 463
3 463 568 544
3 524 573 469
3 483 567 534
3 484 517 501
3 501 559 484
3 484 568 517
3 487 513 486
3 495 503 487
3 503 553 487
3 487 553 513
3 513 553 488
3 494 574 539
3 545 574 494
3 59 5 597
3 5 105 597
3 6 61 595
3 108 6 595
3 100 9 593
3 9 106 593
3 107 10 594
3 10 113 594
3 60 59 580
3 580 59 597
3 61 60 588
3 60 580 588
3 61 588 595
3 101 100 586
3 586 100 593
3 102 101 585
3 585 101 586
3 103 102 578
3 578 102 585
3 104 103 589
3 103 578 589
3 105 104 590
3 104 589 590
3 105 590 597
3 106 107 579
3 106 579 593
3 579 107 594
3 109 108 577
3 577 108 595
3 110 109 582
3 109 577 582
3 111 110 584
3 110 582 584
3 112 111 581
3 581 111 584
3 113 112 587
3 112 581 587
3 113 587 594
3 582 577 583
3 583 577 596
3 588 577 595
3 577 588 596
3 578 585 592
3 589 578 591
3 591 578 592
3 586 579 587
3 579 586 593
3 587 579 594
3 588 580 596
3 580 590 596
3 590 580 597
3 581 584 592
3 587 581 598
3 581 592 598
3 582 583 591
3 584 582 591
3 589 583 590
3 583 589 591
3 590 583 596
3 584 591 592
3 585 586 598
3 592 585 598
3 586 587 598
3 5 62 105
3 65 7 627
3 7 114 627
3 9 100 621
3 120 9 621
3 119 11 622
3 11 122 622
3 62 63 628
3 105 62 606
3 606 62 628
3 63 64 599
3 63 599 628
3 64 65 617
3 599 64 617
3 617 65 627
3 100 101 607
3 100 607 621
3 101 102 601
3 101 601 607
3 102 103 613
3 601 102 613
3 103 104 603
3 103 603 613
3 104 105 606
3 603 104 623
3 104 606 623
3 114 115 605
3 114 605 627
3 115 116 611
3 605 115 611
3 116 117 600
3 116 600 611
3 117 118 618
3 600 117 618
3 118 119 602
3 118 602 618
3 602 119 622
3 121 120 604
3 604 120 621
3 122 121 615
3 121 604 615
3 122 615 622
3 614 599 617
3 599 614 624
3 599 624 628
3 610 600 618
3 600 610 626
3 611 600 612
3 612 600 626
3 607 601 608
3 608 601 609
3 609 601 613
3 602 615 620
3 615 602 622
3 618 602 625
3 602 620 625
3 613 603 619
3 603 616 619
3 616 603 623
3 604 607 620
3 607 604 621
3 615 604 620
3 605 611 614
3 605 614 617
3 605 617 627
3 623 606 628
3 607 608 620
3 608 609 610
3 608 610 625
3 620 608 625
3 610 609 626
3 609 613 619
3 609 619 626
3 610 618 625
3 611 612 614
3 614 612 616
3 616 612 619
3 619 612 626
3 614 616 624
3 616 623 624
3 624 623 628
3 66 6 648
3 6 108 648
3 7 68 649
3 114 7 649
3 113 10 646
3 10 123 646
3 11 119 645
3 124 11 645
3 67 66 640
3 640 66 648
3 68 67 632
3 632 67 640
3 68 632 649
3 108 109 629
3 108 629 648
3 109 110 634
3 629 109 634
3 110 111 636
3 634 110 636
3 111 112 633
3 111 633 636
3 112 113 639
3 633 112 639
3 639 113 646
3 115 114 642
3 642 114 649
3 116 115 641
3 641 115 642
3 117 116 630
3 630 116 641
3 118 117 637
3 117 630 637
3 119 118 638
3 118 637 638
3 119 638 645
3 123 124 631
3 123 631 646
3 631 124 645
3 629 634 635
3 629 635 647
3 640 629 647
3 629 640 648
3 637 630 644
3 630 641 643
3 630 643 644
3 631 638 639
3 638 631 645
3 631 639 646
3 632 640 647
3 642 632 647
3 632 642 649
3 636 633 644
3 633 639 650
3 644 633 650
3 635 634 643
3 634 636 643
3 635 641 642
3 641 635 643
3 635 642 647
3 643 636 644
3 638 637 650
3 637 644 650
3 639 638 650
3 69 651 8
3 8 651 74
3 70 651 69
3 71 651 70
3 72 651 71
3 73 651 72
3 74 651 73
3 120 106 9
3 10 107 652
3 123 10 653
3 10 652 653
3 124 122 11
3 107 106 654
3 106 120 654
3 652 107 654
3 120 121 652
3 120 652 654
3 121 122 653
3 652 121 653
3 122 124 653
3 124 123 653
4 661 706 662 708
4 659 263 696 701
4 475 672 657 689
4 529 657 475 672
4 89 658 240 688
4 670 86 680 698
4 661 696 263 701
4 240 658 258 688
4 474 258 658 688
4 258 658 240 679
4 670 671 86 698
4 90 658 89 688
4 271 662 661 706
4 90 228 89 658
4 240 658 89 679
4 474 658 258 682
4 277 472 682 703
4 90 89 240 688
4 270 662 271 706
4 277 658 683 703
4 657 672 529 687
4 90 228 658 690
4 90 658 688 690
4 277 682 391 687
4 89 658 228 679
4 261 264 659 688
4 336 683 658 690
4 291 674 663 686
4 475 682 657 687
4 270 256 271 662
4 277 472 391 682
4 258 658 679 682
4 318 529 672 687
4 657 682 475 689
4 661 662 547 708
4 499 336 521 658
4 228 658 535 679
4 535 658 228 690
4 84 680 677 694
4 315 529 475 672
4 355 659 331 690
4 529 475 657 687
4 521 658 336 687
4 659 683 331 690
4 336 658 499 690
4 668 677 84 680
4 291 290 663 674
4 262 263 661 696
4 666 675 314 676
4 272 659 523 701
4 272 476 659 701
4 263 659 476 701
4 474 688 658 703
4 261 396 264 688
4 315 672 475 689
4 278 475 682 689
4 264 659 688 703
4 263 476 661 701
4 263 261 659 696
4 263 261 264 659
4 335 355 331 690
4 289 689 681 697
4 412 680 84 694
4 663 674 290 700
4 272 476 263 659
4 291 290 292 663
4 272 659 264 703
4 86 671 670 704
4 523 659 272 683
4 364 692 676 693
4 655 667 666 668
4 124 123 293 663
4 268 674 481 677
4 335 331 683 690
4 658 682 474 703
4 272 683 659 703
4 292 663 290 700
4 318 687 672 713
4 676 692 664 693
4 521 499 658 707
4 470 283 314 676
4 278 475 354 682
4 535 679 658 707
4 284 674 668 685
4 261 659 257 688
4 292 692 663 700
4 271 547 661 662
4 287 674 284 685
4 470 314 675 676
4 377 262 263 661
4 272 263 264 659
4 91 690 659 709
4 668 674 268 677
4 364 676 664 693
4 390 277 391 687
4 289 672 689 697
4 271 256 547 662
4 215 670 86 680
4 474 394 258 688
4 281 681 289 689
4 521 658 687 707
4 665 677 211 695
4 336 335 683 690
4 523 272 276 683
4 261 257 659 696
4 85 225 668 698
4 331 659 355 701
4 666 667 656 668
4 677 680 668 694
4 211 677 665 694
4 293 663 123 686
4 84 85 225 668
4 672 687 657 713
4 278 682 274 689
4 315 318 529 672
4 274 689 682 712
4 319 490 683 687
4 481 674 660 677
4 674 685 287 700
4 84 85 668 680
4 85 668 680 698
4 659 688 91 696
4 91 688 659 690
4 209 91 688 696
4 663 664 655 692
4 671 704 541 707
4 28 664 467 699
4 272 523 476 701
4 355 659 690 709
4 270 271 320 706
4 664 692 663 693
4 28 332 467 664
4 285 268 668 674
4 124 653 123 663
4 567 676 667 681
4 213 695 660 702
4 294 124 663 693
4 267 345 275 670
4 86 212 671 704
4 656 670 680 698
4 319 390 490 687
4 664 676 655 692
4 271 661 320 706
4 332 467 664 699
4 541 704 411 707
4 264 688 396 703
4 394 240 258 688
4 213 660 485 702
4 655 663 660 678
4 331 329 683 701
4 285 481 268 674
4 655 668 666 694
4 331 683 659 701
4 660 663 655 674
4 285 268 284 668
4 267 670 275 712
4 86 87 212 704
4 272 276 683 703
4 285 668 284 674
4 535 228 500 690
4 668 685 674 700
4 666 680 348 694
4 377 263 476 661
4 336 499 335 690
4 349 660 481 674
4 293 294 124 663
4 213 414 660 695
4 123 663 653 686
4 325 664 28 693
4 86 671 212 698
4 655 665 660 677
4 210 710 662 711
4 496 692 364 693
4 209 688 257 696
4 281 279 681 689
4 257 688 659 696
4 263 262 261 696
4 413 84 225 677
4 279 681 689 691
4 655 660 665 678
4 215 408 86 670
4 261 257 396 688
4 84 668 225 677
4 324 687 318 713
4 355 690 464 709
4 670 689 275 712
4 667 676 503 692
4 414 485 213 660
4 281 289 280 689
4 355 701 659 709
4 294 296 124 693
4 269 547 662 708
4 349 660 674 686
4 659 696 91 709
4 332 28 325 664
4 413 225 668 677
4 667 668 655 700
4 407 690 91 709
4 481 660 414 677
4 503 667 567 676
4 278 354 274 682
4 270 320 531 706
4 213 9 695 702
4 653 122 121 678
4 496 663 692 693
4 414 677 660 695
4 282 333 314 666
4 262 661 362 696
4 39 678 196 699
4 551 675 664 676
4 656 671 670 698
4 291 288 674 686
4 293 291 663 686
4 666 668 680 694
4 211 677 83 695
4 534 676 567 681
4 413 268 481 677
4 282 666 314 681
4 213 106 9 702
4 682 689 657 712
4 403 664 551 675
4 333 666 282 691
4 196 664 28 699
4 355 356 464 690
4 367 348 680 694
4 258 682 679 712
4 121 653 678 686
4 256 269 547 662
4 474 682 473 703
4 120 9 106 702
4 665 675 522 694
4 655 677 668 694
4 282 681 279 691
4 507 412 84 694
4 655 664 663 678
4 314 666 334 675
4 252 251 249 673
4 403 664 675 699
4 209 91 239 688
4 666 667 655 676
4 270 531 662 706
4 666 681 282 691
4 292 293 291 663
4 83 677 414 695
4 31 665 560 695
4 38 196 39 678
4 320 661 368 701
4 227 407 91 709
4 252 249 669 673
4 663 674 660 686
4 663 655 674 692
4 663 692 674 700
4 534 283 676 681
4 348 680 666 691
4 324 351 318 687
4 351 529 318 687
4 514 661 362 708
4 350 522 675 694
4 413 668 268 677
4 362 661 514 696
4 653 663 122 678
4 334 348 350 694
4 505 680 348 691
4 349 660 686 702
4 332 403 467 699
4 215 504 670 680
4 660 677 665 695
4 332 664 403 699
4 291 288 290 674
4 282 281 279 681
4 120 695 9 702
4 334 675 666 694
4 334 666 348 694
4 214 258 240 679
4 196 678 664 699
4 330 336 335 683
4 364 347 664 676
4 30 372 665 699
4 496 294 663 693
4 289 672 280 689
4 364 664 325 693
4 655 665 664 678
4 666 668 656 680
4 38 664 196 678
4 197 678 39 699
4 249 248 669 673
4 219 669 564 673
4 334 350 675 694
4 663 678 653 686
4 28 467 29 699
4 391 354 475 682
4 30 372 31 665
4 476 368 661 701
4 349 674 288 686
4 219 97 669 673
4 197 30 31 665
4 367 348 505 680
4 85 241 225 698
4 556 662 531 706
4 122 663 124 693
4 122 653 124 663
4 670 680 504 691
4 335 356 355 690
4 400 669 97 673
4 507 84 677 694
4 664 665 655 675
4 667 676 666 681
4 660 678 120 695
4 656 689 681 691
4 474 258 265 682
4 366 323 697 705
4 656 668 667 685
4 671 707 369 713
4 415 504 505 691
4 415 505 348 691
4 370 541 411 707
4 2 325 28 693
4 670 671 656 672
4 572 320 368 701
4 328 567 503 667
4 30 340 372 699
4 668 674 655 700
4 514 93 661 708
4 413 225 268 668
4 28 664 38 693
4 265 682 258 712
4 211 665 508 694
4 657 671 670 672
4 346 531 556 662
4 272 273 276 703
4 366 697 685 705
4 246 662 210 710
4 504 680 505 691
4 83 414 82 695
4 365 503 676 692
4 197 30 665 699
4 533 219 564 673
4 124 296 11 693
4 532 329 331 701
4 461 345 267 670
4 211 507 677 694
4 470 314 359 675
4 274 275 689 712
4 313 496 663 692
4 397 31 560 695
4 271 368 320 661
4 563 350 522 675
4 120 660 695 702
4 93 514 661 696
4 496 296 294 693
4 656 667 666 681
4 28 196 38 664
4 86 85 215 680
4 40 120 678 695
4 546 93 661 696
4 241 86 212 698
4 284 457 287 685
4 380 252 669 673
4 39 121 122 678
4 29 196 28 699
4 349 485 660 702
4 521 371 499 707
4 481 485 414 660
4 349 481 285 674
4 533 97 219 673
4 284 685 668 698
4 523 276 329 683
4 546 696 661 709
4 209 239 257 688
4 40 665 31 695
4 652 686 660 702
4 388 362 262 661
4 502 669 248 673
4 551 470 675 676
4 91 407 688 690
4 84 412 85 680
4 314 334 359 675
4 546 661 386 709
4 411 704 679 707
4 365 503 567 676
4 386 546 224 661
4 522 675 665 699
4 486 692 292 700
4 386 661 224 706
4 313 496 294 663
4 476 368 271 661
4 249 247 248 673
4 349 485 481 660
4 269 662 389 708
4 375 386 661 709
4 461 670 267 712
4 663 122 678 693
4 330 490 336 683
4 215 504 408 670
4 346 270 531 662
4 655 665 677 694
4 496 495 364 692
4 254 662 255 710
4 328 503 553 667
4 502 564 669 673
4 357 474 473 703
4 334 350 563 675
4 313 663 292 692
4 532 523 329 701
4 672 697 323 705
4 197 665 678 699
4 256 255 254 662
4 254 662 710 711
4 400 548 669 673
4 669 710 210 711
4 400 97 222 673
4 93 224 546 661
4 380 251 252 673
4 513 685 366 697
4 289 315 280 672
4 325 364 347 664
4 90 688 407 690
4 470 534 283 676
4 305 293 123 686
4 252 565 380 669
4 472 473 682 703
4 403 675 393 699
4 375 661 382 701
4 40 678 665 695
4 375 661 701 709
4 522 393 675 699
4 366 323 488 697
4 292 294 293 663
4 345 670 504 691
4 670 672 656 689
4 364 365 676 692
4 362 661 388 708
4 397 3 31 695
4 660 678 663 686
4 287 285 284 674
4 668 667 685 700
4 91 407 90 688
4 262 260 261 696
4 106 654 120 702
4 39 122 38 678
4 256 270 255 662
4 657 672 670 689
4 382 320 572 701
4 508 665 522 694
4 674 692 655 700
4 122 38 678 693
4 667 685 513 697
4 328 667 553 697
4 666 655 675 676
4 396 688 474 703
4 503 487 667 692
4 121 39 40 678
4 272 264 273 703
4 386 384 661 706
4 403 551 359 675
4 320 661 382 706
4 82 211 83 695
4 254 497 662 711
4 664 678 38 693
4 333 348 666 691
4 346 255 270 662
4 464 690 550 709
4 95 210 662 711
4 382 661 320 701
4 367 680 412 694
4 548 380 669 673
4 211 560 665 695
4 655 660 674 677
4 345 504 415 691
4 534 567 483 681
4 657 704 671 707
4 280 672 315 689
4 261 260 257 696
4 211 507 83 677
4 254 710 253 711
4 31 40 197 665
4 256 254 269 662
4 565 548 380 669
4 497 269 254 662
4 238 662 528 706
4 503 487 553 667
4 662 706 94 708
4 294 292 313 663
4 410 228 535 679
4 364 495 365 692
4 556 246 662 706
4 279 689 466 691
4 214 704 409 712
4 284 286 685 698
4 254 250 253 710
4 655 674 668 677
4 350 508 522 694
4 553 667 513 697
4 377 388 262 661
4 551 664 347 676
4 486 292 290 700
4 283 282 314 681
4 400 222 548 673
4 306 332 28 325
4 255 662 346 710
4 403 359 393 675
4 665 678 660 695
4 388 661 547 708
4 655 675 665 694
4 259 214 409 712
4 31 372 560 665
4 214 240 89 679
4 259 265 258 712
4 679 704 214 712
4 375 386 384 661
4 40 120 121 678
4 551 403 332 664
4 497 389 269 662
4 197 39 196 699
4 481 414 413 677
4 91 696 92 709
4 376 210 669 710
4 497 389 662 711
4 121 652 653 686
4 563 522 393 675
4 252 405 575 710
4 356 550 464 690
4 547 377 476 661
4 343 672 323 705
4 245 502 248 673
4 553 487 513 667
4 262 362 260 696
4 346 662 556 710
4 107 452 686 702
4 359 551 470 675
4 287 685 457 700
4 382 375 384 661
4 411 88 679 704
4 317 672 289 697
4 251 247 249 673
4 556 662 246 710
4 382 661 384 706
4 514 362 404 708
4 219 669 96 711
4 281 280 279 689
4 278 274 275 689
4 411 679 410 707
4 466 282 279 691
4 528 662 246 706
4 333 334 314 666
4 284 668 266 698
4 210 246 238 662
4 274 267 275 712
4 266 668 225 698
4 361 369 707 713
4 514 404 93 708
4 332 325 347 664
4 253 710 669 711
4 277 683 276 703
4 670 689 656 691
4 250 669 253 710
4 249 248 250 669
4 284 286 457 685
4 280 315 475 689
4 2 28 38 693
4 667 655 692 700
4 96 97 400 669
4 249 250 405 669
4 96 219 97 669
4 369 360 545 671
4 667 692 487 700
4 271 547 476 661
4 333 348 334 666
4 565 376 669 710
4 107 452 10 686
4 219 96 401 711
4 513 685 667 700
4 545 671 360 705
4 324 344 687 713
4 410 89 228 679
4 655 664 675 676
4 266 284 268 668
4 365 495 503 692
4 396 394 474 688
4 513 667 487 700
4 330 335 331 683
4 408 670 461 704
4 545 698 671 705
4 305 123 10 686
4 249 405 252 669
4 215 505 504 680
4 655 676 667 692
4 344 707 687 713
4 333 415 348 691
4 289 681 483 697
4 388 377 547 661
4 323 672 343 713
4 90 407 228 690
4 679 682 658 687
4 238 94 662 706
4 655 666 675 694
4 239 91 90 688
4 266 268 225 668
4 560 508 211 665
4 472 357 473 703
4 405 669 250 710
4 528 238 246 662
4 40 31 3 695
4 288 452 349 686
4 243 245 244 673
4 247 245 248 673
4 663 678 664 693
4 96 669 210 711
4 230 651 242 684
4 557 651 399 684
4 534 483 283 681
4 398 222 98 673
4 210 238 95 662
4 252 669 405 710
4 398 673 98 684
4 245 247 244 673
4 409 408 461 704
4 387 651 230 684
4 213 82 414 695
4 488 513 366 697
4 474 265 473 682
4 472 354 391 682
4 385 556 531 706
4 367 505 412 680
4 279 275 466 689
4 360 671 369 713
4 366 343 323 705
4 523 368 476 701
4 656 672 671 705
4 664 678 665 699
4 491 521 336 687
4 289 317 315 672
4 461 704 670 712
4 376 246 210 710
4 227 91 92 709
4 672 705 343 713
4 665 675 664 699
4 556 385 246 706
4 94 226 662 708
4 491 324 344 687
4 486 313 292 692
4 357 396 474 703
4 557 99 651 684
4 565 392 376 710
4 574 698 545 705
4 360 705 671 713
4 651 99 558 684
4 317 323 672 697
4 269 388 547 708
4 657 682 679 687
4 291 293 305 686
4 546 92 93 696
4 679 687 658 707
4 538 222 398 673
4 366 513 539 685
4 491 687 344 707
4 243 673 244 684
4 349 285 288 674
4 531 320 382 706
4 106 213 485 702
4 277 319 276 683
4 226 662 389 711
4 95 662 226 711
4 366 685 539 705
4 411 88 410 679
4 122 124 11 693
4 683 688 659 703
4 349 686 452 702
4 107 450 452 702
4 214 88 409 704
4 656 680 670 691
4 234 399 651 684
4 515 244 247 673
4 289 483 328 697
4 317 488 323 697
4 214 679 88 704
4 277 276 273 703
4 398 538 673 684
4 656 680 668 698
4 659 688 683 690
4 651 558 242 684
4 361 369 370 707
4 332 347 551 664
4 98 533 237 673
4 565 575 392 710
4 685 698 574 705
4 253 250 248 669
4 386 224 384 706
4 657 707 671 713
4 683 688 658 690
4 331 355 374 701
4 237 673 383 684
4 545 574 286 698
4 657 689 670 712
4 106 485 417 702
4 503 495 487 692
4 402 502 564 669
4 81 213 9 695
4 402 564 219 669
4 376 392 246 710
4 244 673 515 684
4 237 98 673 684
4 211 508 507 694
4 410 679 535 707
4 226 389 542 711
4 280 475 278 689
4 219 402 669 711
4 212 671 395 698
4 381 673 538 684
4 389 662 226 708
4 387 234 651 684
4 451 10 107 452
4 504 345 461 670
4 409 704 461 712
4 658 688 683 703
4 497 542 389 711
4 330 319 490 683
4 666 680 656 691
4 254 255 250 710
4 533 383 237 673
4 81 82 213 695
4 539 685 513 700
4 656 681 666 691
4 239 90 240 688
4 374 375 382 701
4 213 106 485 417
4 670 671 657 704
4 293 295 124 294
4 496 498 296 693
4 83 507 84 677
4 375 701 355 709
4 502 253 248 669
4 383 673 243 684
4 656 685 667 697
4 671 672 657 713
4 574 685 286 698
4 393 359 563 675
4 539 316 685 700
4 324 323 343 713
4 96 400 210 669
4 546 92 696 709
4 414 83 413 677
4 260 209 257 696
4 507 367 412 694
4 504 461 408 670
4 545 395 671 698
4 289 281 483 681
4 364 365 347 676
4 657 687 679 707
4 529 390 391 687
4 330 331 329 683
4 290 674 287 700
4 11 296 498 693
4 488 553 513 697
4 334 563 359 675
4 522 508 372 665
4 209 92 91 696
4 656 667 681 697
4 348 367 350 694
4 269 389 388 708
4 313 495 496 692
4 515 673 381 684
4 375 374 355 701
4 502 383 564 673
4 490 491 336 687
4 94 706 224 708
4 381 538 571 684
4 411 410 370 707
4 345 415 466 691
4 286 574 457 685
4 94 226 95 662
4 362 514 260 696
4 565 376 548 669
4 211 397 560 695
4 560 372 508 665
4 356 335 499 690
4 93 92 514 696
4 316 287 457 700
4 376 400 548 669
4 10 123 653 686
4 94 95 238 662
4 97 533 98 673
4 241 266 225 698
4 403 363 467 699
4 413 83 84 677
4 411 212 87 704
4 473 354 472 682
4 515 251 381 673
4 93 94 224 708
4 99 651 8 557
4 253 669 402 711
4 515 247 251 673
4 498 496 364 693
4 558 651 8 99
4 291 452 288 686
4 219 401 402 711
4 376 210 400 669
4 502 402 253 669
4 254 253 497 711
4 97 98 222 673
4 387 72 230 651
4 502 245 383 673
4 656 668 685 698
4 464 550 227 709
4 306 28 332 467
4 284 266 286 698
4 498 325 2 693
4 467 363 29 699
4 274 682 265 712
4 551 347 470 676
4 651 73 230 242
4 385 528 246 706
4 548 222 538 673
4 287 290 288 674
4 491 344 521 707
4 685 697 656 705
4 494 685 574 705
4 264 396 357 703
4 451 107 450 452
4 652 107 686 702
4 3 397 81 695
4 81 397 82 695
4 548 538 380 673
4 295 123 293 124
4 243 383 245 673
4 491 351 324 687
4 478 646 10 123
4 652 654 107 702
4 316 457 685 700
4 498 364 325 693
4 651 234 70 399
4 656 671 698 705
4 409 461 259 712
4 539 513 316 700
4 393 522 340 699
4 572 374 382 701
4 491 521 687 707
4 539 685 494 705
4 387 234 71 651
4 237 383 243 684
4 539 574 494 685
4 340 30 363 699
4 392 556 246 710
4 361 360 369 713
4 323 318 317 672
4 397 211 82 695
4 9 120 40 695
4 380 381 251 673
4 365 567 534 676
4 366 539 494 705
4 9 3 81 695
4 473 265 274 682
4 659 701 696 709
4 96 210 95 711
4 523 532 368 701
4 107 10 652 686
4 333 282 466 691
4 412 215 85 680
4 396 257 394 688
4 687 707 657 713
4 397 31 373 560
4 241 212 395 698
4 679 704 657 707
4 239 240 394 688
4 486 487 692 700
4 672 656 697 705
4 380 538 381 673
4 383 533 564 673
4 103 35 77 102
4 317 318 315 672
4 287 288 285 674
4 305 10 452 686
4 35 36 78 102
4 114 0 7 199
4 369 545 395 671
4 40 3 9 695
4 670 704 657 712
4 696 701 661 709
4 283 281 282 681
4 372 30 31 339
4 103 613 35 102
4 204 50 0 510
4 354 473 274 682
4 557 651 69 399
4 119 22 300 118
4 360 343 705 713
4 238 224 94 706
4 89 88 214 679
4 277 273 472 703
4 409 87 408 704
4 317 289 328 697
4 398 571 538 684
4 78 77 35 102
4 513 487 486 700
4 363 30 29 699
4 629 634 109 429
4 117 439 471 118
4 204 0 7 114
4 671 705 672 713
4 305 452 291 686
4 343 494 360 705
4 9 621 100 189
4 545 286 395 698
4 212 541 395 671
4 679 682 657 712
4 121 615 39 122
4 470 347 534 676
4 541 369 395 671
4 412 505 215 680
4 118 119 22 602
4 132 17 57 208
4 372 340 30 339
4 34 77 76 103
4 375 355 464 709
4 77 34 35 103
4 331 374 532 701
4 656 698 685 705
4 478 10 305 123
4 619 626 186 193
4 9 37 80 3
4 494 545 360 705
4 101 78 36 102
4 238 528 224 706
4 117 180 24 116
4 99 398 98 684
4 143 135 308 127
4 11 188 622 122
4 37 9 80 100
4 558 74 651 242
4 399 571 398 684
4 421 112 422 587
4 230 244 387 684
4 35 36 102 185
4 401 96 95 711
4 329 276 319 683
4 366 494 343 705
4 34 76 33 103
4 450 107 106 702
4 609 610 176 177
4 349 452 450 702
4 25 24 180 116
4 257 239 394 688
4 106 107 417 419
4 594 421 419 579
4 107 450 106 417
4 40 39 121 182
4 613 35 34 103
4 422 423 112 421
4 22 23 300 118
4 295 124 294 296
4 79 36 37 101
4 133 127 25 444
4 213 416 9 106
4 274 265 267 712
4 36 37 101 169
4 328 553 488 697
4 2 11 498 693
4 234 381 571 684
4 283 483 281 681
4 604 120 121 182
4 370 410 535 707
4 615 38 39 122
4 421 113 112 587
4 0 50 206 217
4 399 398 557 684
4 480 471 439 118
4 171 38 39 615
4 621 607 100 189
4 188 174 22 622
4 633 112 111 424
4 449 646 10 478
4 405 250 255 710
4 340 363 393 699
4 3 9 37 189
4 500 228 407 690
4 555 388 389 708
4 135 322 308 127
4 232 7 49 205
4 205 232 7 114
4 610 609 608 177
4 175 176 610 177
4 457 574 539 685
4 119 22 11 299
4 337 30 129 338
4 423 113 112 421
4 39 615 121 182
4 330 329 319 683
4 107 450 417 419
4 347 365 534 676
4 38 122 11 693
4 100 37 9 189
4 119 11 22 622
4 571 399 234 684
4 100 79 37 101
4 11 38 188 122
4 333 466 415 691
4 25 115 116 611
4 106 213 416 417
4 37 100 101 169
4 22 23 118 602
4 363 30 340 338
4 264 357 273 703
4 89 410 88 679
4 4 5 1 75
4 546 227 92 709
4 279 278 275 689
4 385 531 382 706
4 438 25 115 116
4 40 121 120 182
4 420 419 421 579
4 634 635 643 549
4 651 70 69 399
4 112 633 468 424
4 649 205 7 114
4 47 632 536 207
4 604 121 615 182
4 615 39 171 182
4 22 2 11 299
4 103 77 76 233
4 80 79 37 100
4 403 393 363 699
4 78 36 79 101
4 36 101 102 185
4 486 487 313 692
4 529 351 390 687
4 344 361 521 707
4 234 70 71 651
4 230 72 73 651
4 397 31 3 373
4 302 160 28 303
4 22 160 302 303
4 453 127 133 444
4 23 117 118 618
4 117 23 24 618
4 117 24 471 116
4 637 650 431 441
4 10 653 652 686
4 120 9 40 621
4 608 175 610 177
4 363 29 30 338
4 637 650 644 431
4 160 2 22 302
4 401 95 226 711
4 638 118 119 440
4 116 117 180 600
4 613 34 35 167
4 232 205 649 114
4 203 627 173 617
4 606 194 184 202
4 24 127 311 444
4 478 295 631 123
4 679 657 704 712
4 123 295 631 124
4 160 28 2 302
4 411 87 88 704
4 487 495 313 692
4 114 442 576 115
4 24 25 471 116
4 390 351 490 687
4 71 72 387 651
4 78 77 102 460
4 77 103 102 460
4 632 47 67 207
4 361 707 344 713
4 423 112 639 468
4 362 388 555 708
4 302 28 306 303
4 316 290 287 700
4 441 638 639 298
4 32 75 76 236
4 552 152 16 198
4 542 401 226 711
4 49 50 204 510
4 93 404 94 708
4 301 22 302 303
4 35 77 78 229
4 317 328 488 697
4 555 389 226 708
4 33 103 178 34
4 253 402 497 711
4 9 3 80 81
4 37 100 169 189
4 22 119 622 602
4 644 643 432 431
4 26 114 576 115
4 643 644 636 431
4 494 574 545 705
4 645 119 297 440
4 440 118 439 637
4 74 73 651 242
4 99 98 237 684
4 119 645 638 440
4 102 512 585 220
4 2 38 11 693
4 31 373 560 372
4 440 638 118 637
4 234 515 381 684
4 309 482 135 137
4 242 243 230 684
4 141 134 516 142
4 68 48 649 207
4 38 11 188 2
4 259 461 267 712
4 279 280 278 689
4 557 398 99 684
4 102 578 512 460
4 578 512 585 102
4 645 631 298 124
4 50 51 206 217
4 302 325 2 498
4 512 102 460 220
4 185 601 192 169
4 168 618 602 625
4 106 417 450 702
4 637 440 638 650
4 638 631 639 298
4 33 32 76 236
4 15 152 552 198
4 300 23 480 118
4 176 186 180 626
4 613 609 619 193
4 128 155 33 463
4 418 106 417 579
4 650 637 440 441
4 356 499 500 690
4 612 626 186 619
4 193 186 619 179
4 406 321 310 129
4 195 19 64 201
4 20 63 201 628
4 451 305 10 452
4 138 136 352 327
4 579 418 106 593
4 305 449 10 478
4 236 33 155 463
4 166 628 624 181
4 599 195 191 614
4 651 69 8 557
4 573 109 108 577
4 453 308 322 127
4 651 8 74 558
4 599 195 64 201
4 628 201 20 166
4 578 103 518 460
4 133 445 453 444
4 25 180 170 116
4 603 613 34 103
4 618 118 23 602
4 36 101 185 169
4 23 22 174 602
4 101 100 607 169
4 516 454 134 141
4 137 136 138 327
4 362 555 404 708
4 637 117 439 435
4 123 478 295 293
4 234 387 515 684
4 76 75 32 105
4 49 48 232 205
4 615 171 174 620
4 607 604 187 182
4 103 76 33 104
4 615 622 188 122
4 244 515 387 684
4 147 148 520 492
4 424 422 112 581
4 232 49 7 114
4 132 152 16 231
4 34 77 35 229
4 300 119 118 440
4 75 5 1 105
4 508 350 367 694
4 208 132 16 231
4 102 101 601 185
4 460 103 518 233
4 477 423 639 468
4 105 5 1 200
4 136 137 482 327
4 116 180 170 600
4 34 613 603 167
4 469 428 110 582
4 168 24 23 618
4 148 30 129 337
4 573 469 109 577
4 645 638 440 298
4 639 113 423 477
4 303 301 22 304
4 337 30 338 339
4 22 131 303 304
4 273 357 472 703
4 419 417 106 579
4 111 110 427 426
4 230 243 244 684
4 636 633 111 427
4 627 114 7 199
4 132 155 164 544
4 76 32 33 105
4 431 435 637 441
4 429 109 629 447
4 153 138 342 484
4 622 174 22 602
4 169 100 607 189
4 552 16 56 198
4 430 634 643 549
4 305 478 123 293
4 295 645 298 124
4 595 573 108 577
4 593 586 418 506
4 16 56 208 231
4 27 0 114 199
4 558 237 242 684
4 28 29 467 465
4 477 631 646 478
4 508 367 507 694
4 112 111 424 581
4 101 479 586 506
4 632 642 647 448
4 426 110 428 584
4 636 111 110 427
4 392 346 556 710
4 419 418 417 579
4 428 110 582 584
4 102 101 78 220
4 418 420 586 579
4 223 524 577 596
4 322 135 134 127
4 232 510 49 114
4 265 259 267 712
4 426 425 111 584
4 482 352 136 327
4 424 111 425 581
4 420 422 456 598
4 436 439 117 435
4 127 24 25 444
4 451 10 449 594
4 29 406 129 338
4 57 132 208 231
4 425 422 424 581
4 457 539 316 685
4 440 297 645 298
4 80 79 100 506
4 171 187 604 182
4 620 615 171 604
4 416 106 417 593
4 426 428 110 469
4 160 307 465 303
4 182 621 40 189
4 298 297 645 295
4 203 173 195 617
4 628 606 184 202
4 1 75 32 561
4 186 170 600 612
4 179 603 619 167
4 120 604 621 182
4 174 168 602 625
4 601 607 192 169
4 604 187 620 607
4 187 174 171 620
4 88 87 409 704
4 129 30 29 338
4 514 209 260 696
4 513 486 316 700
4 311 127 453 444
4 450 417 485 702
4 32 75 1 105
4 506 101 479 220
4 115 25 26 611
4 421 451 449 594
4 552 55 15 198
4 590 596 235 580
4 205 48 232 649
4 171 188 38 615
4 615 188 38 122
4 636 633 427 431
4 416 9 80 81
4 101 79 78 220
4 106 107 419 579
4 462 128 33 463
4 112 633 639 468
4 197 196 29 699
4 33 236 462 463
4 514 92 209 696
4 552 16 152 231
4 639 477 441 298
4 119 297 11 645
4 37 36 79 216
4 416 80 9 100
4 519 31 3 159
4 418 416 417 593
4 607 608 601 192
4 168 174 175 625
4 1 32 105 200
4 312 482 309 137
4 351 491 490 687
4 429 636 110 427
4 127 143 24 311
4 479 586 585 101
4 438 25 26 115
4 113 112 639 423
4 101 585 479 220
4 78 36 35 458
4 432 643 430 431
4 76 77 34 462
4 435 440 637 441
4 593 418 416 506
4 530 53 13 161
4 94 404 226 708
4 634 636 110 429
4 640 629 648 540
4 582 524 434 583
4 536 649 48 207
4 582 109 469 577
4 242 237 243 684
4 37 79 80 216
4 30 197 29 699
4 497 402 542 711
4 430 643 636 431
4 138 153 156 484
4 572 368 532 701
4 599 617 195 614
4 181 166 628 184
4 79 36 78 458
4 139 150 358 353
4 589 103 518 578
4 492 520 147 459
4 6 45 108 511
4 637 439 440 435
4 420 587 422 598
4 12 52 13 149
4 60 42 509 580
4 589 518 103 233
4 301 23 22 304
4 418 417 106 593
4 337 129 321 338
4 309 310 312 157
4 650 440 638 441
4 632 649 536 207
4 500 407 550 690
4 3 37 80 519
4 468 427 633 431
4 178 34 603 167
4 611 116 170 600
4 295 298 631 124
4 429 629 634 446
4 75 4 5 562
4 435 637 644 431
4 639 650 638 441
4 147 148 165 520
4 26 114 115 605
4 363 406 29 338
4 119 11 297 299
4 620 171 187 604
4 426 111 425 424
4 62 5 105 200
4 223 61 43 588
4 235 569 596 590
4 342 138 352 327
4 621 40 120 182
4 509 235 596 580
4 471 25 438 116
4 406 467 29 465
4 232 642 649 536
4 600 180 186 626
4 193 619 613 167
4 349 450 485 702
4 468 423 112 424
4 650 639 468 441
4 586 593 100 506
4 125 144 35 501
4 455 141 130 133
4 134 454 127 133
4 160 22 131 303
4 558 99 237 684
4 498 11 2 299
4 1 4 75 561
4 449 423 113 477
4 117 471 436 116
4 130 26 554 133
4 625 174 187 620
4 607 187 620 192
4 625 602 174 620
4 192 607 187 169
4 144 229 35 501
4 51 206 217 162
4 477 639 631 298
4 52 12 537 149
4 113 639 646 477
4 629 640 647 218
4 619 186 612 179
4 34 33 76 462
4 525 17 57 132
4 627 27 114 199
4 101 100 79 506
4 176 600 610 626
4 193 609 177 167
4 68 48 205 649
4 640 629 540 218
4 519 397 3 373
4 605 115 26 611
4 81 3 80 519
4 450 107 451 419
4 627 173 27 199
4 200 105 606 194
4 183 611 612 614
4 616 179 181 178
4 103 33 178 104
4 147 36 458 125
4 186 170 180 600
4 603 613 619 167
4 525 163 17 132
4 119 300 297 440
4 312 137 140 327
4 395 266 241 698
4 67 632 640 218
4 650 639 633 468
4 524 583 577 596
4 385 382 384 706
4 206 27 0 217
4 449 113 646 477
4 158 129 321 337
4 124 297 11 296
4 143 23 311 304
4 104 103 76 233
4 10 113 449 594
4 631 477 298 478
4 456 422 581 598
4 604 615 171 182
4 297 645 295 124
4 327 140 312 326
4 295 631 298 478
4 586 420 587 579
4 602 622 174 615
4 607 182 169 189
4 200 1 32 194
4 615 174 602 620
4 182 187 607 169
4 600 176 180 626
4 613 609 193 167
4 106 107 654 702
4 309 322 308 135
4 406 321 129 338
4 337 148 30 339
4 100 593 416 506
4 31 519 373 159
4 588 60 509 580
4 519 3 31 373
4 426 427 111 424
4 405 255 346 710
4 509 43 60 588
4 595 61 223 588
4 451 107 594 419
4 624 183 191 616
4 111 110 426 584
4 195 64 19 203
4 628 20 63 202
4 173 18 627 203
4 194 606 62 202
4 321 158 337 326
4 546 386 227 709
4 418 419 420 579
4 384 224 528 706
4 479 456 512 585
4 543 641 635 549
4 299 498 11 296
4 361 344 360 713
4 433 456 425 592
4 438 444 25 471
4 646 639 631 477
4 115 641 437 116
4 27 18 0 199
4 195 64 203 617
4 20 628 184 202
4 468 639 477 441
4 428 425 426 584
4 146 310 321 129
4 421 449 113 594
4 34 229 144 517
4 108 6 648 540
4 536 48 47 207
4 24 25 444 471
4 201 599 195 166
4 599 201 628 166
4 431 650 633 441
4 428 524 434 582
4 591 582 434 583
4 118 117 439 637
4 516 493 141 142
4 158 140 520 326
4 434 428 582 591
4 633 644 650 431
4 569 583 596 590
4 649 632 68 207
4 32 105 200 194
4 59 41 235 597
4 456 479 598 585
4 337 158 520 326
4 584 428 433 591
4 642 543 641 635
4 135 482 516 136
4 139 150 151 358
4 131 143 308 304
4 422 112 423 424
4 172 104 623 178
4 26 190 605 611
4 301 480 23 304
4 509 223 588 596
4 47 632 218 536
4 157 310 312 146
4 620 608 607 192
4 187 175 174 625
4 576 510 442 114
4 597 235 59 580
4 465 306 28 303
4 524 223 569 596
4 115 437 438 116
4 429 110 109 469
4 103 578 102 460
4 642 632 536 448
4 131 308 307 304
4 33 104 172 178
4 371 370 535 707
4 582 524 583 577
4 128 34 144 517
4 392 575 346 710
4 2 302 498 299
4 425 111 584 581
4 46 67 640 218
4 591 434 518 589
4 133 25 26 443
4 432 630 644 435
4 338 30 340 339
4 645 297 11 124
4 594 421 451 419
4 138 352 136 139
4 124 295 297 296
4 454 453 127 133
4 125 35 458 501
4 439 300 118 440
4 201 19 20 166
4 64 63 599 201
4 108 511 573 595
4 134 135 516 136
4 633 468 431 441
4 552 56 16 231
4 427 110 429 426
4 479 418 420 586
4 108 648 629 540
4 429 634 636 430
4 125 458 147 459
4 307 310 157 145
4 549 635 543 448
4 632 67 47 218
4 152 164 552 231
4 223 577 588 596
4 428 434 433 591
4 572 532 374 701
4 208 56 57 231
4 139 138 352 342
4 587 581 422 598
4 520 148 158 337
4 309 307 310 157
4 581 425 456 592
4 229 458 35 501
4 603 179 178 167
4 600 170 611 612
4 186 600 626 612
4 619 193 179 167
4 454 516 493 141
4 16 17 132 208
4 114 26 576 27
4 438 26 443 115
4 420 456 479 598
4 356 500 550 690
4 638 645 631 298
4 76 75 105 526
4 104 103 603 178
4 170 26 25 611
4 425 428 433 584
4 141 455 454 133
4 360 344 343 713
4 442 438 443 115
4 160 465 28 303
4 467 306 28 465
4 434 527 518 589
4 154 126 150 489
4 479 418 586 506
4 131 22 23 304
4 145 406 310 129
4 105 32 33 172
4 177 601 608 192
4 610 168 175 625
4 649 642 632 536
4 595 223 573 577
4 646 449 477 478
4 65 627 203 617
4 184 194 21 202
4 443 25 26 438
4 104 76 33 105
4 644 432 435 431
4 42 43 60 509
4 527 434 583 589
4 342 139 153 358
4 341 520 140 326
4 511 6 44 595
4 13 52 53 530
4 530 13 52 149
4 297 300 119 299
4 9 416 213 81
4 518 512 433 578
4 153 128 517 568
4 584 433 425 592
4 438 436 471 116
4 137 482 135 136
4 299 11 297 296
4 106 416 9 593
4 566 152 126 489
4 427 429 636 430
4 135 157 309 137
4 324 343 344 713
4 226 404 555 708
4 630 436 437 116
4 441 440 638 298
4 569 509 235 596
4 132 525 155 231
4 597 235 590 562
4 183 191 614 624
4 616 191 624 181
4 406 29 467 363
4 286 266 395 698
4 21 20 184 202
4 203 64 65 617
4 42 60 59 580
4 309 482 322 135
4 512 456 433 592
4 649 48 232 536
4 633 636 644 431
4 43 44 61 223
4 434 591 583 589
4 110 109 634 429
4 585 512 479 220
4 624 614 183 616
4 616 183 191 181
4 433 434 518 591
4 43 509 223 588
4 442 232 642 114
4 66 46 640 648
4 561 1 58 163
4 469 110 109 582
4 161 221 14 126
4 23 143 131 304
4 460 102 78 220
4 537 530 52 149
4 592 512 456 585
4 18 173 627 199
4 200 606 62 194
4 623 624 628 181
4 191 195 190 614
4 644 643 630 432
4 217 27 50 510
4 581 422 112 587
4 235 42 59 580
4 201 63 599 628
4 201 195 19 166
4 179 616 603 178
4 170 183 611 612
4 626 619 609 193
4 626 176 186 193
4 10 449 305 451
4 517 484 153 568
4 447 629 429 446
4 569 235 527 590
4 592 433 512 578
4 105 75 5 562
4 578 518 512 460
4 442 26 576 115
4 152 15 16 198
4 143 23 24 311
4 36 458 216 147
4 307 465 145 160
4 316 486 290 700
4 45 6 108 540
4 110 429 426 469
4 358 153 342 484
4 227 386 464 709
4 153 128 144 517
4 150 139 142 353
4 150 378 154 489
4 61 60 43 588
4 311 308 143 304
4 339 148 31 492
4 422 421 587 420
4 100 416 80 506
4 520 165 147 459
4 544 132 155 231
4 438 442 437 115
4 1 17 58 163
4 379 358 150 353
4 484 153 144 517
4 422 425 456 581
4 586 100 101 506
4 598 479 420 586
4 432 436 630 435
4 443 444 25 438
4 41 42 59 235
4 126 154 221 489
4 397 3 81 519
4 113 423 449 421
4 141 493 455 149
4 616 612 183 179
4 34 128 462 517
4 143 308 157 131
4 484 144 156 501
4 165 148 158 520
4 149 530 13 161
4 229 34 462 517
4 642 641 543 115
4 303 131 307 304
4 77 103 460 233
4 152 150 126 489
4 145 157 307 131
4 641 630 437 116
4 583 524 569 596
4 192 177 601 185
4 610 618 168 625
4 480 439 300 118
4 444 311 24 471
4 308 307 157 131
4 223 44 61 595
4 148 31 30 339
4 57 58 17 525
4 445 454 455 133
4 50 27 0 510
4 468 633 650 441
4 131 307 160 303
4 617 190 195 614
4 181 628 623 184
4 591 518 433 578
4 173 18 27 199
4 105 606 62 200
4 626 610 176 609
4 177 176 609 193
4 158 140 165 520
4 7 65 627 199
4 361 371 521 707
4 511 108 6 595
4 552 164 152 379
4 163 17 58 525
4 358 342 139 353
4 150 142 378 353
4 18 173 195 203
4 606 628 62 202
4 584 582 428 591
4 147 458 216 459
4 50 0 27 217
4 616 619 612 179
4 186 183 612 179
4 31 373 372 339
4 137 312 482 327
4 630 637 644 435
4 3 37 519 159
4 339 31 373 492
4 632 647 640 218
4 581 584 425 592
4 164 132 544 231
4 14 13 53 161
4 164 152 132 231
4 401 542 402 711
4 157 312 309 137
4 155 163 32 236
4 603 623 104 178
4 190 26 170 611
4 627 18 65 203
4 194 62 21 202
4 221 14 53 161
4 642 232 543 536
4 614 612 183 616
4 183 616 179 181
4 322 482 516 135
4 614 191 599 624
4 624 191 166 181
4 321 312 310 146
4 114 642 442 115
4 163 155 525 236
4 157 309 308 135
4 310 157 145 146
4 583 569 527 590
4 530 455 493 149
4 585 101 102 220
4 540 108 45 511
4 161 149 530 154
4 579 586 418 593
4 464 386 375 709
4 116 170 25 611
4 34 603 103 178
4 154 142 378 150
4 223 509 569 596
4 229 35 34 144
4 32 33 155 236
4 79 101 506 220
4 447 109 108 573
4 636 427 430 431
4 53 530 221 161
4 575 405 346 710
4 455 141 149 130
4 12 51 52 537
4 14 15 126 566
4 45 6 44 511
4 643 641 630 432
4 554 455 537 130
4 446 540 629 218
4 619 616 603 179
4 183 170 186 612
4 129 158 148 337
4 57 525 132 231
4 149 537 455 130
4 151 153 139 358
4 648 46 640 540
4 216 80 37 519
4 147 159 148 492
4 601 608 609 177
4 176 168 175 610
4 175 625 620 608
4 608 187 175 192
4 36 35 458 125
4 593 416 9 100
4 598 592 456 585
4 642 543 635 448
4 589 104 527 233
4 67 46 47 218
4 501 484 144 517
4 46 67 66 640
4 113 421 594 587
4 152 126 15 566
4 458 35 78 229
4 552 56 55 198
4 630 117 436 116
4 520 140 165 341
4 154 378 221 489
4 552 152 15 566
4 26 27 114 605
4 135 516 322 134
4 33 34 128 462
4 379 552 164 231
4 352 142 136 139
4 501 458 125 459
4 463 155 525 231
4 200 21 1 194
4 437 543 641 115
4 235 509 42 580
4 61 44 6 595
4 217 206 27 162
4 609 176 626 193
4 611 183 190 614
4 181 623 616 178
4 358 150 151 379
4 451 107 10 594
4 617 605 190 614
4 184 623 181 172
4 384 528 385 706
4 453 454 445 133
4 630 437 436 432
4 510 576 27 114
4 321 312 146 326
4 373 519 570 159
4 337 520 148 492
4 146 145 310 129
4 524 428 469 582
4 599 191 195 166
4 599 628 624 166
4 379 164 151 544
4 138 342 341 327
4 311 23 480 304
4 341 140 138 327
4 463 462 128 517
4 12 537 149 162
4 51 12 206 162
4 342 352 139 353
4 447 540 629 446
4 454 134 141 133
4 573 511 223 595
4 163 58 561 525
4 140 137 138 327
4 561 32 1 163
4 138 139 153 342
4 526 527 104 233
4 439 471 436 117
4 158 321 146 326
4 156 559 484 501
4 236 155 525 463
4 163 561 32 236
4 28 29 465 145
4 160 145 307 131
4 146 312 140 326
4 527 518 589 233
4 544 379 164 231
4 442 232 543 642
4 113 646 10 449
4 217 537 51 162
4 592 584 433 591
4 159 373 31 492
4 339 337 148 492
4 537 455 530 149
4 353 378 150 489
4 146 312 137 140
4 526 590 235 562
4 598 420 587 586
4 161 530 221 154
4 190 173 26 605
4 623 606 104 172
4 109 108 629 447
4 308 157 135 143
4 525 155 163 132
4 484 358 153 568
4 544 155 463 231
4 105 33 104 172
4 590 104 527 589
4 631 646 478 123
4 561 163 525 236
4 433 592 591 578
4 465 29 406 145
4 14 53 54 221
4 130 537 554 162
4 597 590 105 562
4 527 583 590 589
4 105 104 76 526
4 625 187 175 620
4 608 620 187 192
4 543 437 442 115
4 458 79 36 216
4 627 114 173 605
4 327 341 140 326
4 624 191 599 166
4 150 164 151 379
4 156 140 138 341
4 235 527 590 526
4 137 157 312 146
4 140 156 165 341
4 617 195 64 599
4 166 20 628 184
4 46 640 540 218
4 41 59 5 597
4 641 643 549 432
4 236 76 33 462
4 142 516 352 136
4 44 223 511 595
4 148 159 31 492
4 144 125 156 501
4 554 27 26 130
4 156 153 144 484
4 308 307 309 157
4 597 41 235 562
4 446 629 647 218
4 465 310 307 145
4 527 104 590 526
4 641 543 437 549
4 77 34 462 229
4 151 358 379 544
4 145 29 406 129
4 492 147 570 459
4 501 144 229 517
4 493 455 454 141
4 438 437 436 116
4 519 37 570 159
4 149 141 493 154
4 341 156 165 559
4 419 107 594 579
4 232 442 510 114
4 635 647 642 448
4 12 0 206 162
4 649 642 232 114
4 635 634 629 446
4 536 543 642 448
4 183 190 170 611
4 623 603 616 178
4 15 14 54 566
4 597 5 41 562
4 430 429 634 446
4 585 592 512 578
4 406 310 465 145
4 194 32 606 172
4 540 629 108 447
4 26 27 554 576
4 206 0 27 162
4 596 588 509 580
4 177 608 175 192
4 625 175 610 608
4 217 554 537 162
4 518 591 589 578
4 4 1 58 561
4 620 187 175 608
4 552 15 55 566
4 570 373 159 492
4 586 598 479 585
4 559 341 156 484
4 151 164 155 544
4 205 7 68 649
4 437 630 641 432
4 165 520 341 559
4 41 5 4 562
4 159 147 570 492
4 128 463 517 568
4 149 493 530 154
4 559 156 125 501
4 634 643 636 430
4 371 361 370 707
4 627 65 18 199
4 200 62 21 194
4 570 216 37 519
4 190 605 611 614
4 623 181 172 178
4 592 456 581 598
4 190 173 605 617
4 606 623 184 172
4 358 151 153 568
4 524 569 434 583
4 223 524 573 577
4 217 554 27 576
4 577 595 223 588
4 482 352 516 136
4 27 26 173 605
4 105 104 606 172
4 493 516 378 142
4 647 446 218 448
4 606 623 628 184
4 173 190 195 617
4 643 635 641 549
4 19 18 195 203
4 628 63 62 202
4 125 559 501 459
4 128 153 151 568
4 142 134 516 136
4 12 51 537 162
4 150 152 379 489
4 642 543 442 115
4 447 429 109 469
4 67 68 632 207
4 37 36 216 147
4 597 590 235 580
4 147 570 37 159
4 434 569 527 583
4 130 149 537 162
4 442 443 26 115
4 526 105 590 562
4 216 570 147 459
4 145 465 28 160
4 75 32 561 236
4 570 37 216 147
4 114 27 173 605
4 463 128 151 568
4 597 105 5 562
4 321 146 129 158
4 566 126 221 489
4 635 629 647 446
4 647 635 446 448
4 443 26 554 576
4 454 322 516 134
4 643 430 549 432
4 352 378 516 142
4 463 151 155 544
4 103 104 589 233
4 446 635 549 448
4 165 156 125 559
4 544 463 151 568
4 105 606 32 172
4 511 447 108 573
4 142 493 141 154
4 493 378 221 154
4 526 104 76 233
4 151 155 128 463
4 140 158 146 326
4 125 165 559 459
4 576 443 26 442
4 114 173 27 627
4 109 447 469 573
4 493 221 530 154
4 549 437 641 432
4 150 152 164 379
4 154 221 161 126
4 165 125 147 459
4 105 32 606 194
4 55 15 54 566
4 108 540 447 511
4 46 66 45 540
4 378 493 142 154
4 27 217 576 510
4 66 46 648 540
4 173 627 605 617
4 184 194 606 172
4 526 75 105 562
4 151 358 544 568
4 150 379 353 489
4 165 520 559 459
4 104 105 590 526
4 623 616 624 181
4 183 191 190 614
4 277 658 682 687
4 682 658 277 703
4 687 683 277 658
4 314 681 676 283
4 676 681 314 666
4 687 319 277 683
4 687 277 319 390
4 535 707 500 371
4 499 500 707 371
4 683 701 523 659
4 523 701 683 329
4 499 690 707 500
4 499 707 690 658
4 535 707 690 500
4 535 690 707 658
4 704 86 408 670
4 704 408 86 87
4 687 475 391 529
4 687 391 475 682
4 683 687 336 658
4 336 687 683 490
4 689 697 656 681
4 656 697 689 672
4 702 120 652 654
4 702 652 120 660
4 686 121 660 678
4 686 660 121 652
4 120 660 121 678
4 120 121 660 652
4 709 407 550 227
4 709 550 407 690
4 691 670 466 345
4 691 466 670 689
4 275 466 670 345
4 275 670 466 689
4 698 85 86 680
4 698 86 85 241
4 707 541 369 370
4 707 369 541 671
4 678 197 40 665
4 678 40 197 39
4 704 541 212 671
4 704 212 541 411
4 224 708 661 93
4 661 708 224 706
4 699 372 522 340
4 699 522 372 665
4 712 214 258 259
4 712 258 214 679
4 667 697 567 681
4 667 567 697 328
4 483 567 697 681
4 483 697 567 328
4 318 713 323 324
4 323 713 318 672
4 710 252 565 575
4 710 565 252 669
4 204 114 49 510
4 49 114 204 7
4 118 471 23 480
4 118 23 471 117
4 24 471 23 117
4 579 421 587 594
4 579 587 421 420
4 189 9 40 3
4 189 40 9 621
4 188 11 22 2
4 22 11 188 622
4 633 424 427 468
4 427 424 633 111
4 634 549 446 635
4 446 549 634 430
4 435 117 630 637
4 435 630 117 436
4 577 469 524 573
4 577 524 469 582
4 167 613 185 35
4 102 613 185 601
4 102 185 613 35
4 600 180 618 117
4 24 180 618 168
4 24 618 180 117
4 0 510 114 204
4 114 510 0 27
4 133 554 455 445
4 133 455 554 130
4 127 454 322 453
4 127 322 454 134
4 302 28 325 306
4 302 325 28 2
4 138 484 341 342
4 341 484 138 156
4 444 133 443 25
4 444 443 133 445
4 302 22 299 2
4 302 299 22 301
4 127 308 311 453
4 127 311 308 143
4 632 448 218 536
4 218 448 632 647
4 168 602 23 174
4 23 602 168 618
4 601 169 101 607
4 101 169 601 185
4 23 301 300 480
4 300 301 23 22
4 182 621 607 604
4 607 621 182 189
4 615 188 174 171
4 615 174 188 622
4 300 22 299 301
4 299 22 300 119
4 540 6 66 45
4 540 66 6 648
4 443 133 554 26
4 443 554 133 445
4 162 554 27 217
4 162 27 554 130
4 353 142 352 139
4 353 352 142 378
4 566 14 221 126
4 566 221 14 54
4 379 566 152 552
4 379 152 566 489
4 471 23 311 24
4 471 311 23 480
4 609 613 177 167
4 609 177 613 601
4 185 177 613 167
4 185 613 177 601
4 176 180 610 600
4 176 610 180 168
4 618 610 180 600
4 618 180 610 168

CELL_TYPES 3678
1
1
1
1
1
1
1
1
1
1
1
1
3
3
3
3
3
3
3
3
3
3
3
3
3
3
3
3
3
3
3
3
3
3
3
3
3
3
3
3
3
3
3
3
3
3
3
3
3
3
3
3
3
3
3
3
3
3
3
3
3
3
3
3
3
3
3
3
3
3
3
3
3
3
3
3
3
3
3
3
3
3
3
3
3
3
3
3
3
3
3
3
3
3
3
3
3
3
3
3
3
3
3
3
3
3
3
3
3
3
3
3
3
3
3
3
3
3
3
3
3
3
3
3
3
3
3
3
3
3
3
3
3
3
3
3
3
3
3
3
3
3
3
5
5
5
5
5
5
5
5
5
5
5
5
5
5
5
5
5
5
5
5
5
5
5
5
5
5
5
5
5
5
5
5
5
5
5
5
5
5
5
5
5
5
5
5
5
5
5
5
5
5
5
5
5
5
5
5
5
5
5
5
5
5
5
5
5
5
5
5
5
5
5
5
5
5
5
5
5
5
5
5
5
5
5
5
5
5
5
5
5
5
5
5
5
5
5
5
5
5
5
5
5
5
5
5
5
5
5
5
5
5
5
5
5
5
5
5
5
5
5
5
5
5
5
5
5
5
5
5
5
5
5
5
5
5
5
5
5
5
5
5
5
5
5
5
5
5
5
5
5
5
5
5
5
5
5
5
5
5
5
5
5
5
5
5
5
5
5
5
5
5
5
5
5
5
5
5
5
5
5
5
5
5
5
5
5
5
5
5
5
5
5
5
5
5
5
5
5
5
5
5
5
5
5
5
5
5
5
5
5
5
5
5
5
5
5
5
5
5
5
5
5
5
5
5
5
5
5
5
5
5
5
5
5
5
5
5
5
5
5
5
5
5
5
5
5
5
5
5
5
5
5
5
5
5
5
5
5
5
5
5
5
5
5
5
5
5
5
5
5
5
5
5
5
5
5
5
5
5
5
5
5
5
5
5
5
5
5
5
5
5
5
5
5
5
5
5
5
5
5
5
5
5
5
5
5
5
5
5
5
5
5
5
5
5
5
5
5
5
5
5
5
5
5
5
5
5
5
5
5
5
5
5
5
5
5
5
5
5
5
5
5
5
5
5
5
5
5
5
5
5
5
5
5
5
5
5
5
5
5
5
5
5
5
5
5
5
5
5
5
5
5
5
5
5
5
5
5
5
5
5
5
5
5
5
5
5
5
5
5
5
5
5
5
5
5
5
5
5
5
5
5
5
5
5
5
5
5
5
5
5
5
5
5
5
5
5
5
5
5
5
5
5
5
5
5
5
5
5
5
5
5
5
5
5
5
5
5
5
5
5
5
5
5
5
5
5
5
5
5
5
5
5
5
5
5
5
5
5
5
5
5
5
5
5
5
5
5
5
5
5
5
5
5
5
5
5
5
5
5
5
5
5
5
5
5
5
5
5
5
5
5
5
5
5
5
5
5
5
5
5
5
5
5
5
5
5
5
5
5
5
5
5
5
5
5
5
5
5
5
5
5
5
5
5
5
5
5
5
5
5
5
5
5
5
5
5
5
5
5
5
5
5
5
5
5
5
5
5
5
5
5
5
5
5
5
5
5
5
5
5
5
5
5
5
5
5
5
5
5
5
5
5
5
5
5
5
5
5
5
5
5
5
5
5
5
5
5
5
5
5
5
5
5
5
5
5
5
5
5
5
5
5
5
5
5
5
5
5
5
5
5
5
5
5
5
5
5
5
5
5
5
5
5
5
5
5
5
5
5
5
5
5
5
5
5
5
5
5
5
5
5
5
5
5
5
5
5
5
5
5
5
5
5
5
5
5
5
5
5
5
5
5
5
5
5
5
5
5
5
5
5
5
5
5
5
5
5
5
5
5
5
5
5
5
5
5
5
5
5
5
5
5
5
5
5
5
5
5
5
5
5
5
5
5
5
5
5
5
5
5
5
5
5
5
5
5
5
5
5
5
5
5
5
5
5
5
5
5
5
5
5
5
5
5
5
5
5
5
5
5
5
5
5
5
5
5
5
5
5
5
5
5
5
5
5
5
5
5
5
5
5
5
5
5
5
5
5
5
5
5
5
5
5
5
5
5
5
5
5
5
5
5
5
5
5
5
5
5
5
5
5
5
5
5
5
5
5
5
5
5
5
5
5
5
5
5
5
5
5
5
5
5
5
5
5
5
5
5
5
5
5
5
5
5
5
5
5
5
5
5
5
5
5
5
5
5
5
5
5
5
5
5
5
5
5
5
5
5
5
5
5
5
5
5
5
5
5
5
5
5
5
5
5
5
5
5
5
5
5
5
5
5
5
5
5
5
5
5
5
5
5
5
5
5
5
5
5
5
5
5
5
5
5
5
5
5
5
5
5
5
5
5
5
5
5
5
5
5
5
5
5
5
5
5
5
5
5
5
5
5
5
5
5
5
5
5
5
5
5
5
5
5
5
5
5
5
5
5
5
5
5
5
5
5
5
5
5
5
5
5
5
5
5
5
5
5
5
5
5
5
5
5
5
5
5
5
5
5
5
5
5
5
5
5
5
5
5
5
5
5
5
5
5
5
5
5
5
5
5
5
5
5
5
5
5
5
5
5
5
5
5
5
5
5
5
5
5
5
5
5
5
5
5
5
5
5
5
5
5
5
5
5
5
5
5
5
5
5
5
5
5
5
5
5
5
5
5
5
5
5
5
5
5
5
5
5
5
5
5
5
5
5
5
5
5
5
5
5
5
5
5
5
5
5
5
5
5
5
5
5
5
5
5
5
5
5
5
5
5
5
5
5
5
5
5
5
5
5
5
5
5
5
5
5
5
5
5
5
5
5
5
5
5
5
5
5
5
5
5
5
5
5
5
5
5
5
5
5
5
5
5
5
5
5
5
5
5
5
5
5
5
5
5
5
5
5
5
5
5
5
5
5
5
5
5
5
5
5
5
5
5
5
5
5
5
5
5
5
5
5
5
5
5
5
5
5
5
5
5
5
5
5
5
5
5
5
5
5
5
5
5
5
5
5
5
5
5
5
5
5
5
5
5
5
5
5
5
5
5
5
5
5
5
5
5
5
5
5
5
5
5
5
5
5
5
5
5
5
5
5
5
5
5
5
5
5
5
5
5
5
5
5
5
5
5
5
5
5
5
5
5
5
5
5
5
5
5
5
5
5
5
5
5
5
5
5
5
5
5
5
5
5
5
5
5
5
5
5
5
5
5
5
5
5
5
5
5
5
5
5
5
5
5
5
5
5
5
5
5
5
5
5
5
5
5
5
5
5
5
5
5
5
5
5
5
5
10
10
10
10
10
10
10
10
10
10
10
10
10
10
10
10
10
10
10
10
10
10
10
10
10
10
10
10
10
10
10
10
10
10
10
10
10
10
10
10
10
10
10
10
10
10
10
10
10
10
10
10
10
10
10
10
10
10
10
10
10
10
10
10
10
10
10
10
10
10
10
10
10
10
10
10
10
10
10
10
10
10
10
10
10
10
10
10
10
10
10
10
10
10
10
10
10
10
10
10
10
10
10
10
10
10
10
10
10
10
10
10
10
10
10
10
10
10
10
10
10
10
10
10
10
10
10
10
10
10
10
10
10
10
10
10
10
10
10
10
10
10
10
10
10
10
10
10
10
10
10
10
10
10
10
10
10
10
10
10
10
10
10
10
10
10
10
10
10
10
10
10
10
10
10
10
10
10
10
10
10
10
10
10
10
10
10
10
10
10
10
10
10
10
10
10
10
10
10
10
10
10
10
10
10
10
10
10
10
10
10
10
10
10
10
10
10
10
10
10
10
10
10
10
10
10
10
10
10
10
10
10
10
10
10
10
10
10
10
10
10
10
10
10
10
10
10
10
10
10
10
10
10
10
10
10
10
10
10
10
10
10
10
10
10
10
10
10
10
10
10
10
10
10
10
10
10
10
10
10
10
10
10
10
10
10
10
10
10
10
10
10
10
10
10
10
10
10
10
10
10
10
10
10
10
10
10
10
10
10
10
10
10
10
10
10
10
10
10
10
10
10
10
10
10
10
10
10
10
10
10
10
10
10
10
10
10
10
10
10
10
10
10
10
10
10
10
10
10
10
10
10
10
10
10
10
10
10
10
10
10
10
10
10
10
10
10
10
10
10
10
10
10
10
10
10
10
10
10
10
10
10
10
10
10
10
10
10
10
10
10
10
10
10
10
10
10
10
10
10
10
10
10
10
10
10
10
10
10
10
10
10
10
10
10
10
10
10
10
10
10
10
10
10
10
10
10
10
10
10
10
10
10
10
10
10
10
10
10
10
10
10
10
10
10
10
10
10
10
10
10
10
10
10
10
10
10
10
10
10
10
10
10
10
10
10
10
10
10
10
10
10
10
10
10
10
10
10
10
10
10
10
10
10
10
10
10
10
10
10
10
10
10
10
10
10
10
10
10
10
10
10
10
10
10
10
10
10
10
10
10
10
10
10
10
10
10
10
10
10
10
10
10
10
10
10
10
10
10
10
10
10
10
10
10
10
10
10
10
10
10
10
10
10
10
10
10
10
10
10
10
10
10
10
10
10
10
10
10
10
10
10
10
10
10
10
10
10
10
10
10
10
10
10
10
10
10
10
10
10
10
10
10
10
10
10
10
10
10
10
10
10
10
10
10
10
10
10
10
10
10
10
10
10
10
10
10
10
10
10
10
10
10
10
10
10
10
10
10
10
10
10
10
10
10
10
10
10
10
10
10
10
10
10
10
10
10
10
10
10
10
10
10
10
10
10
10
10
10
10
10
10
10
10
10
10
10
10
10
10
10
10
10
10
10
10
10
10
10
10
10
10
10
10
10
10
10
10
10
10
10
10
10
10
10
10
10
10
10
10
10
10
10
10
10
10
10
10
10
10
10
10
10
10
10
10
10
10
10
10
10
10
10
10
10
10
10
10
10
10
10
10
10
10
10
10
10
10
10
10
10
10
10
10
10
10
10
10
10
10
10
10
10
10
10
10
10
10
10
10
10
10
10
10
10
10
10
10
10
10
10
10
10
10
10
10
10
10
10
10
10
10
10
10
10
10
10
10
10
10
10
10
10
10
10
10
10
10
10
10
10
10
10
10
10
10
10
10
10
10
10
10
10
10
10
10
10
10
10
10
10
10
10
10
10
10
10
10
10
10
10
10
10
10
10
10
10
10
10
10
10
10
10
10
10
10
10
10
10
10
10
10
10
10
10
10
10
10
10
10
10
10
10
10
10
10
10
10
10
10
10
10
10
10
10
10
10
10
10
10
10
10
10
10
10
10
10
10
10
10
10
10
10
10
10
10
10
10
10
10
10
10
10
10
10
10
10
10
10
10
10
10
10
10
10
10
10
10
10
10
10
10
10
10
10
10
10
10
10
10
10
10
10
10
10
10
10
10
10
10
10
10
10
10
10
10
10
10
10
10
10
10
10
10
10
10
10
10
10
10
10
10
10
10
10
10
10
10
10
10
10
10
10
10
10
10
10
10
10
10
10
10
10
10
10
10
10
10
10
10
10
10
10
10
10
10
10
10
10
10
10
10
10
10
10
10
10
10
10
10
10
10
10
10
10
10
10
10
10
10
10
10
10
10
10
10
10
10
10
10
10
10
10
10
10
10
10
10
10
10
10
10
10
10
10
10
10
10
10
10
10
10
10
10
10
10
10
10
10
10
10
10
10
10
10
10
10
10
10
10
10
10
10
10
10
10
10
10
10
10
10
10
10
10
10
10
10
10
10
10
10
10
10
10
10
10
10
10
10
10
10
10
10
10
10
10
10
10
10
10
10
10
10
10
10
10
10
10
10
10
10
10
10
10
10
10
10
10
10
10
10
10
10
10
10
10
10
10
10
10
10
10
10
10
10
10
10
10
10
10
10
10
10
10
10
10
10
10
10
10
10
10
10
10
10
10
10
10
10
10
10
10
10
10
10
10
10
10
10
10
10
10
10
10
10
10
10
10
10
10
10
10
10
10
10
10
10
10
10
10
10
10
10
10
10
10
10
10
10
10
10
10
10
10
10
10
10
10
10
10
10
10
10
10
10
10
10
10
10
10
10
10
10
10
10
10
10
10
10
10
10
10
10
10
10
10
10
10
10
10
10
10
10
10
10
10
10
10
10
10
10
10
10
10
10
10
10
10
10
10
10
10
10
10
10
10
10
10
10
10
10
10
10
10
10
10
10
10
10
10
10
10
10
10
10
10
10
10
10
10
10
10
10
10
10
10
10
10
10
10
10
10
10
10
10
10
10
10
10
10
10
10
10
10
10
10
10
10
10
10
10
10
10
10
10
10
10
10
10
10
10
10
10
10
10
10
10
10
10
10
10
10
10
10
10
10
10
10
10
10
10
10
10
10
10
10
10
10
10
10
10
10
10
10
10
10
10
10
10
10
10
10
10
10
10
10
10
10
10
10
10
10
10
10
10
10
10
10
10
10
10
10
10
10
10
10
10
10
10
10
10
10
10
10
10
10
10
10
10
10
10
10
10
10
10
10
10
10
10
10
10
10
10
10
10
10
10
10
10
10
10
10
10
10
10
10
10
10
10
10
10
10
10
10
10
10
10
10
10
10
10
10
10
10
10
10
10
10
10
10
10
10
10
10
10
10
10
10
10
10
10
10
10
10
10
10
10
10
10
10
10
10
10
10
10
10
10
10
10
10
10
10
10
10
10
10
10
10
10
10
10
10
10
10
10
10
10
10
10
10
10
10
10
10
10
10
10
10
10
10
10
10
10
10
10
10
10
10
10
10
10
10
10
10
10
10
10
10
10
10
10
10
10
10
10
10
10
10
10
10
10
10
10
10
10
10
10
10
10
10
10
10
10
10
10
10
10
10
10
10
10
10
10
10
10
10
10
10
10
10
10
10
10
10
10
10
10
10
10
10
10
10
10
10
10
10
10
10
10
10
10
10
10
10
10
10
10
10
10
10
10
10
10
10
10
10
10
10
10
10
10
10
10
10
10
10
10
10
10
10
10
10
10
10
10
10
10
10
10
10
10
10
10
10
10
10
10
10
10
10
10
10
10
10
10
10
10
10
10
10
10
10
10
10
10
10
10
10
10
10
10
10
10
10
10
10
10
10
10
10
10
10
10
10
10
10
10
10
10
10
10
10
10
10
10
10
10
10
10
10
10
10
10
10
10
10
10
10
10
10
10
10
10
10
10
10
10
10
10
10
10
10
10
10
10
10
10
10
10
10
10
10
10
10
10
10
10
10
10
10
10
10
10
10
10
10
10
10
10
10
10
10
10
10
10
10
10
10
10
10
10
10
10
10
10
10
10
10
10
10
10
10
10
10
10
10
10
10
10
10
10
10
10
10
10
10
10
10
10
10
10
10
10
10
10
10
10
10
10
10
10
10
10
10
10
10
10
10
10
10
10
10
10
10
10
10
10
10
10
10
10
10
10
10
10
10
10
10
10
10
10
10
10
10
10
10
10
10
10
10
10
10
10
10
10
10
10
10
10
10
10
10
10
10
10
10
10
10
10
10
10
10
10
10
10
10
10
10
10
10
10
10
10
10
10
10
10
10
10
10
10
10
10
10
10
10
10
10
10
10
10
10
10
10
10
10
10
10
10
10
10
10
10
10
10
10
10
10
10
10
10
10
10
10
10
10
10
10
10
10
10
10
10
10
10
10
10
10
10
10
10
10
10
10
10
10
10
10
10
10
10
10
10
10
10
10
10
10
10
10
10
10
10
10
10
10
10
10
10
10
10
10
10
10
10
10
10
10
10
10
10
10
10
10
10
10
10
10
10
10
10
10
10
10
10
10
10
10
10
10
10
10
10
10
10
10
10
10
10
10
10
10
10
10
10
10
10
10
10
10
10
10
10
10
10
10
10
10
10
10
10
10
10
10
10
10
10
10
10
10
10
10
10
10
10
10
10
10
10
10
10
10
10
10
10
10
10
10
10
10
10
10
10
10
10
10
10
10
10
10
10
10
10
10
10
10
10
10
10
10
10
10
10
10
10
10
10
10
10
10
10
10
10
10
10
10
10
10
10
10
10
10
10
10
10
10
10
10
10
10
10
10
10
10
10
10
10
10
10
10
10
10
10
10
10
10
10
10
10
10
10
10
10
10
10
10
10
10
10
10
10
10
10
10
10
10
10
10
10
10
10
10
10
10
10
10
10
10
10
10
10
10
10
10
10
10
10
10
10
10
10
10
10
10
10
10
10
10
10
10
10
10
10
10
10
10
10
10
10
10
10
10
10
10
10
10
10
10
10
10
10
10
10
10
10
10
10
10
10
10
10
10
10
10
10
10
10
10
10
10
10
10
10
10
10
10
10
10
10
10
10
10
10
10
10
10
10
10
10
