# vtk DataFile Version 2.0
whisker_body, Created by Gmsh 4.13.1 
ASCII
DATASET UNSTRUCTURED_GRID
POINTS 745 double
-9.380831519646884 -1.49999999999992 0
9.380831519646883 -1.499999999999922 0
-6.657245195943498 -1.500000000000127 34
6.657245195943497 -1.500000000000126 34
12 0 0
9.380831519646888 1.499999999999912 0
0 9.5 0
-9.380831519646886 1.499999999999914 0
4.12982931753815 0 100
6.657245195943555 1.499999999999998 34
0 6.824141967962971 34
-6.657245195943556 1.499999999999996 34
-8.038537166172308 -5.062797668094835 0
-5.405152974387317 -7.812446564519462 0
-1.903633457046841 -9.307318607483676 0
1.903633457046822 -9.307318607483682 0
5.405152974387304 -7.81244656451947 0
8.038537166172301 -5.062797668094844 0
-5.628498911788131 -1.5 0
-1.876166303929377 -1.5 0
1.876166303929375 -1.5 0
5.62849891178813 -1.5 0
-6.961682362896779 -1.5 30.22236895066332
-7.265532824648064 -1.5 26.44468955787443
-7.568867093209445 -1.5 22.66696925148798
-7.871744910678744 -1.5 18.88921173630777
-8.174216902520154 -1.5 15.11142241922002
-8.476326687115975 -1.5 11.33360242558662
-8.778111386838054 -1.5 7.555758274334082
-9.079603631237891 -1.5 3.777889620164231
-4.940319607809404 -4.707669887705325 34
-1.819133006660069 -6.577208275780343 34
1.819133006660065 -6.577208275780344 34
4.940319607809414 -4.707669887705316 34
9.079603631237891 -1.5 3.777889620164231
8.778111386838058 -1.5 7.555758274334039
8.476326687115979 -1.5 11.33360242558656
8.174216902520154 -1.5 15.11142241922002
7.871744910678748 -1.5 18.88921173630771
7.568867093209445 -1.5 22.66696925148798
7.265532824648064 -1.5 26.44468955787443
6.961682362896779 -1.5 30.22236895066332
-3.32862259797175 -1.5 34
0 -1.5 34
3.328622597971748 -1.5 34
11.34980690040761 3.896393630456207 0
9.469686112756717 7.370552552276022 0
6.563377897469113 10.04599773915035 0
2.945825845689581 11.63280319127197 0
-0.9909521456679979 11.95901391608004 0
-4.820345095835646 10.98927991986068 0
-8.127378859508902 8.82868692807757 0
-10.55368501447787 5.71136871644487 0
-11.83633564083267 1.975135083368787 0
-11.83633564083267 -1.975135083368821 0
-10.55368501447786 -5.711368716444897 0
-8.12737885950888 -8.828686928077589 0
-4.820345095835619 -10.9892799198607 0
-0.9909521456679715 -11.95901391608004 0
2.945825845689616 -11.63280319127196 0
6.563377897469155 -10.04599773915032 0
9.469686112756747 -7.370552552275983 0
11.34980690040762 -3.896393630456205 0
8.283559167353857 4.651091003296739 0
6.164414002969012 7.228416147400448 0
3.284817087730742 8.914032572307111 0
5.628498911788133 1.5 0
1.876166303929379 1.5 0
-1.876166303929375 1.5 0
-5.62849891178813 1.5 0
-3.284817087730742 8.914032572307111 0
-6.164414002969012 7.22841614740045 0
-8.283559167353854 4.651091003296747 0
2.574906462902252 3.228830577670782 100
-0.9189734768187546 4.026285874214754 100
-3.720847644852559 1.791865786210781 100
-3.720847644852582 -1.791865786210735 100
-0.9189734768187868 -4.026285874214746 100
2.574906462902235 -3.228830577670795 100
11.69730112759762 0 3.846153846153846
11.39460225519524 0 7.692307692307693
11.09190338279286 0 11.53846153846154
10.78920451039049 0 15.38461538461539
10.48650563798811 0 19.23076923076923
10.18380676558573 0 23.07692307692308
9.881107893183348 0 26.92307692307692
9.578409020780969 0 30.76923076923077
9.27571014837859 0 34.61538461538461
8.973011275976212 0 38.46153846153846
8.670312403573833 0 42.30769230769231
8.367613531171454 0 46.15384615384615
8.064914658769075 0 50
7.762215786366696 0 53.84615384615385
7.459516913964317 0 57.69230769230769
7.156818041561938 0 61.53846153846154
6.85411916915956 0 65.38461538461539
6.551420296757181 0 69.23076923076923
6.248721424354802 0 73.07692307692308
5.946022551952423 0 76.92307692307692
5.643323679550044 0 80.76923076923077
5.340624807147665 0 84.61538461538461
5.037925934745286 0 88.46153846153847
4.735227062342908 0 92.30769230769231
4.432528189940529 0 96.15384615384616
6.961682362896783 1.5 30.2223689506633
7.265532824648067 1.5 26.44468955787437
7.568867093209445 1.5 22.66696925148798
7.871744910678748 1.5 18.88921173630771
8.174216902520154 1.5 15.11142241922002
8.476326687115979 1.5 11.33360242558656
8.778111386838054 1.5 7.555758274334082
9.079603631237891 1.5 3.777889620164231
5.343210976694532 4.244880452668201 34
2.966584463054677 6.145591120671479 34
0 9.202682440884775 3.777777777777778
0 8.905364881769549 7.555555555555555
0 8.608047322654324 11.33333333333333
0 8.310729763539099 15.11111111111111
0 8.013412204423872 18.88888888888889
0 7.716094645308647 22.66666666666666
0 7.418777086193423 26.44444444444445
0 7.121459527078197 30.22222222222222
-9.079603631237891 1.5 3.777889620164231
-8.778111386838058 1.5 7.555758274334039
-8.476326687115979 1.5 11.33360242558656
-8.174216902520154 1.5 15.11142241922002
-7.871744910678748 1.5 18.88921173630771
-7.568867093209445 1.5 22.66696925148798
-7.265532824648067 1.5 26.44468955787437
-6.961682362896783 1.5 30.2223689506633
3.328622597971778 1.5 34
0 1.5 34
-3.328622597971778 1.5 34
-2.966584463054673 6.145591120671481 34
-5.343210976694528 4.244880452668207 34
-6.093397323704264 -4.501438761889143 24.44953389535764
-6.791667313233067 -4.540811350531184 16.90173088252956
-9.33890691363711e-15 -9.2405587266128 3.296513936671635
7.123073973858804 -4.576299941145383 13.13255164328399
6.444378309733557 -4.522239310067638 20.6757943054539
-6.768869609648468 -5.602677762048296 9.062253452716259
-0.04115165992916074 -7.080148091445938 30.74561423283375
7.844058926918207 -4.52179736901779 5.666268504476183
5.397148210614239 -4.879426653242999 28.26048775745842
-6.301591363604593 -6.772074829468682 3.170678172822186
6.056706733934464 -4.551507718777501 24.44326374804061
3.845312505481068 -6.71881505100479 22.34543530043968
4.269023094577606 -6.809225282142011 18.59175601445614
0.9905390716717941 -7.850976192066268 20.16199646854186
1.426059253502925 -8.08358748366393 16.41117843685364
-0.4113783017710863 -7.634221582963929 23.56623183241955
-2.050055605934648 -7.832088872589061 17.84019565371478
-1.577033725651469 -8.237004914268683 14.14691732616897
1.867782350079086 -8.296923969188686 12.64825139644493
-1.120502214754263 -8.608572645020418 10.40397600253107
2.358181576784686 -8.477535274433208 8.901833961746982
-4.412875846125949 -7.352956825583683 11.74670324433855
-4.019580040049507 -7.901678036901887 8.064631437353114
3.444638742043802 -6.599796511503327 26.11566681256942
-6.954432184228765 -4.829792455569484 13.12480930369589
-6.520672185643323 -4.406700780558341 20.71008243836798
-3.852568754363079 -6.708910741156006 22.40875761955726
-3.320366763257765 -6.680059178827177 25.92370134474323
-5.43175273680103 -4.842678489987727 28.24524380729774
-3.632475416529094 -6.064402673618712 30.88779831909268
3.632475416529098 -6.064402673618711 30.88779831909268
6.792765406060171 -4.531041229601457 16.95907074503923
7.489907398153859 -4.540832410974448 9.416900091485541
4.649350436408314 -6.916141520237098 14.8200719570862
5.072713432717982 -6.980899517672069 11.06287932752187
5.567953646028201 -6.964687626606707 7.410501346276854
6.323453481352796 -6.719756511941267 3.466272157353001
-3.504638723571003 -8.534393690673866 3.481987461302273
-0.4764659506301201 -8.955990042603789 6.751374858826877
0.03173309878780069 -7.356689439857074 27.23247317667205
3.099673744269159 -8.52208569551593 5.485368745247435
-4.504060171510037 -6.965776472912731 15.3097705059599
-7.883069623921761 -4.411833614742998 5.925376673739928
-4.434549393889843 -6.68976095311019 18.7277949019816
3.500153320140774 -8.619404012044912 2.503539053468772
5.682854342693749 -4.161650603805964 31.20983621131325
-5.768931926514273 -4.038259017058678 31.23334212947778
8.323675807366191 -4.10855154373827 2.764305519705056
-8.346866632246938 -4.067894863438186 2.72723182318014
-6.224260694008441 -6.524118358939283 6.137623520296337
2.230161389244175 -6.896189975280414 28.6165188430947
-1.801570620327608 -7.660090631399346 20.72262166582414
-2.520831522640036 -6.796669093771367 28.60052636338749
0.2407897487050619 -1.5 3.135694879433955
5.053736710829096 -1.5 12.95935176742746
4.394472695373421 -1.5 20.7623040091551
-4.788042413125734 -1.5 17.16224960214106
-4.157718754705391 -1.5 24.29578843609572
3.904605597204654 -1.5 28.39110335662992
-5.355510030453855 -1.5 9.183327133527573
-1.662329535675571 -1.5 31.17062961401912
5.875921743317498 -1.5 5.542317822167121
-5.432026856043539 -1.5 3.929543574737214
-3.681579683751064 -1.5 28.24118465066374
-0.7920192425736392 -1.5 25.61492840293291
-1.084793200778623 -1.5 22.24663209141821
2.156424185321731 -1.5 23.68644698405755
5.393372809736778 -1.5 9.205496989538036
1.941536688223756 -1.5 10.81188516237256
1.703412934228767 -1.5 14.5927025140474
-1.487214378682665 -1.5 12.43171184110098
-1.183208204332805 -1.5 8.685780432928883
2.100279632461882 -1.5 6.610560383042636
4.74830253012553 -1.5 16.73810792065759
1.409325898440196 -1.5 18.27806566755989
-4.53157192058209 -1.5 20.75023530756664
1.668867146025741 -1.5 31.28736413369223
-5.075239405914201 -1.5 13.19092334390379
-1.659337086008042 -1.5 15.81603561611704
3.698250629318688 -1.5 2.997844282872828
0.05347679711236708 -1.5 28.67319148811097
-3.630172619931617 -1.5 6.131070933447754
-1.574094625905058 -1.5 19.23599489089804
-4.458291875247743 -1.5 31.52683664306924
4.504204580008498 -1.5 31.5801672881971
4.851716037211691 -1.5 24.55629174754928
6.467847435710183 -1.5 2.69849261259326
1.426853241117136 -1.5 21.07112241363562
-0.9628618544599359 -1.5 5.656034077064079
-2.711292345091981 -1.5 2.751450380872899
-6.260489519362165 -1.5 6.487943195195831
1.966336053894143 -1.5 26.24965718253586
-1.100771817799214 -4.105045013882177 34
1.698971175064208 -3.744704102025415 34
4.204497543648224 -9.699641525606356 0
-7.504665215717504 2.081668171172169e-14 0
-10.01360283557782 3.459398700777601 0
-9.952347335282427 -3.562325366977118 0
-8.28225926107741 6.60489069880491 0
7.504665215717479 -8.243157549326965e-15 0
-3.752332607858754 -3.262696235633113e-16 0
8.640724239821758e-16 5.551115123125782e-16 0
3.752332607858756 1.530906045494314e-15 0
-5.599238761511074 8.990103891911453 0
5.873563766464052 -3.232224655892819 67.28977499250952
4.481712651254909 -3.177432529221948 82.66912391067751
8.838320800436971 -3.280666171817381 32.68608574070607
7.554268963987093 3.231101375388721 48.07692307692309
9.181817935895939 3.23003139853843 28.80000905174118
6.869378104247244 -3.287719480846849 55.70900766071961
7.867941861712451 -3.276727156126993 44.17953275857112
9.798498096784749 -3.297515537212519 21.111610245
-11.1657903760237 -3.616930427408046 3.341790608973243
-6.713239270206378 9.645620444208966 3.153262660782645
4.376157437413393 2.818438862274933 86.33582152562722
10.13981473400592 3.228462306601805 17.26299737139007
-2.518136117665676 -11.43307054852751 3.72169009458731
3.752172511923079 -3.141425038482989 90.29533585463945
4.79811431138024 10.69577319231262 3.52355531022866
5.149402534326526 -3.272637249393243 74.94942415788415
8.191770008330739 3.286667241674997 40.32301464221243
4.897601154316932 3.11373742482956 78.73263413517154
5.52986613998835 3.235631427417044 71.06671410552613
6.213887481933059 3.245444915275249 63.39923967603453
6.995739867096134 2.99948778998679 55.75920046506192
10.4335831550334 -3.302239113208106 13.42163899493247
-2.723844371020274 3.415592807225254 96.96476903409871
7.945113376504919 -8.63069383398738 3.419408766471524
-11.09527489538305 3.809012682760117 3.419408766471708
10.77562275141164 3.216246898016816 9.588515283028604
-2.633579180006027 -3.523592931555294 96.57950772588465
9.935226484425232 6.234911832567003 3.436118109269079
11.06555625010633 -3.306234306777092 5.731422828049544
3.374681076347565 3.1132268918116 94.13560339841358
4.812366599042043 -3.224042144942172 78.873476585039
6.195068113102339 -3.26720803300037 63.48246542003737
6.522641944107701 -3.298998453792851 59.59892398279454
7.879344283728515 3.250741259105456 44.17212733116521
0.8839995536723747 4.277270915254395 96.9780051014545
-0.6087510069504397 4.572291850264672 93.86533233342223
-3.967763370978763 2.380981615854184 93.67860409287384
-2.514787536491404 4.16790822991209 90.62301262457657
2.066990261246719 -5.261510892665558 80.64680223727419
-4.80108364624302 0.9237778919459773 90.35193927379757
-4.148411874349152 3.013742045850459 87.3225173675719
-5.124635680411549 -0.5869825869384447 86.93403556407078
-5.122782828649765 1.689962471480975 83.93290014234525
-4.102942731135807 -2.73176048741506 89.84349415526822
-3.450955103805575 -3.897373372224187 86.33062376829567
-2.749581690125994 4.616421910315226 84.20115536910222
-4.250413780804886 3.703850031937411 80.83971605503233
-5.662420831680111 0.1966082333486384 80.48322173876019
-5.375381797001242 2.447836594630518 77.42537557844391
3.812537905289616 -5.706104485838225 65.27704606376504
4.599124468079863 -5.897081752692706 57.45148120297365
5.012582181100913 -5.951347032463563 53.60702820513303
-5.792725851936313 -1.320368238167501 76.98308328728535
-6.097558140013832 1.001434411147309 73.95968687944386
-5.576404695974744 -2.755619968878821 73.44050416384161
-6.434678987631139 -0.5117031387743215 70.45599504599815
1.866011173784356 -7.422114365427838 55.23273440165571
6.206963665807508 6.076425012455441 42.10635631986352
2.34933884033256 -7.599056025841686 51.41015943067822
6.586950354737561 6.115913930651129 38.2653109498273
-5.217995146303775 -3.8796357175828 69.85574072248086
-6.430603242787645 -1.996604071655376 66.91811071418103
-1.198618119634415 -7.74334443339539 52.91417220012781
-0.7184470908275126 -8.103877072224591 49.10107475974507
-1.691303905958023 -7.344041763758416 56.71698902177695
-6.446021055353896 1.810465342034865 67.400772821131
-6.963644857210911 0.3179370843741539 63.900786198686
-4.507274597441638 -6.276993639667925 54.28568353797854
-5.027323647993964 -4.565677342815891 66.18501919658796
-5.718843775429927 3.933382560482593 64.2814297887372
-6.727446136432748 2.603316446623901 60.81718700781244
-4.595354370977821 5.551037143687374 60.90926156774842
-5.791866873345177 4.707256752835089 57.641565194443
-2.738908155885913 6.359465291061377 64.49427232848898
-4.325427677657929 4.376226859456523 74.29186045009789
-2.658321834712739 6.963566203321625 57.7659752018727
-4.459231579748779 6.292405049040063 54.48077603239729
3.693961838868039 8.049660413438618 39.93851530093913
4.134491260051017 8.172261153940788 36.10346813727557
3.247859820302117 7.91464353766347 43.77127814781241
0.2312441233784443 8.73048763463 41.50418785767474
-0.2493164453993333 8.429350036740725 45.32257143935303
-3.264880595604335 7.977005283294758 42.95606823521809
-2.818179978613177 8.46167247646763 39.15246223046774
-5.890878241671989 6.55354165952455 40.50737295485371
-5.55118836513258 7.223775322297431 36.71638336551474
-7.866609030679623 4.394854844822967 37.97872909730926
-7.705897422843736 5.221438767845654 34.20140799407528
-7.965336507755377 3.534647958927964 41.74783105555312
-8.880768722107426 0.8435634506063195 39.12567221414058
-8.628785134572063 -0.1991780394900613 42.80614101704665
-8.347572205608595 -2.912240226352715 40.13902733229308
-6.930532459783058 3.433020925039916 54.20207624276086
-8.919523495493118 -1.961653542592084 36.43265755619994
-7.326578552305422 -5.32754234623931 37.37176758750493
-8.172519359014936 -4.540807592218927 33.68061157766353
-5.659134990378325 -7.357778934610122 34.5305394567448
-6.730664184171713 -6.805052355603788 30.85903225938904
-4.918406425079151 -7.527994897172994 38.21647343156529
-3.551024175726478 -8.822879111542557 31.62985336031595
-4.829175198930227 -8.524880376851666 27.98313843778583
-7.748040324651958 -6.10033189184644 27.17415423917365
-6.027504023170842 -8.087293796721353 24.31480706998799
-8.623199990797044 -5.36011555881048 23.46397513297297
-7.138899111712679 -7.53070618676978 20.62628012382855
-9.42617967014588 -4.50216298320929 19.7433629728719
-10.04935583621382 -1.908130315312705 22.50388541425145
-10.48481300233317 -0.9103402213549732 18.75106999194185
-10.14357178680225 1.858088495557018 21.44363940426504
-10.21907240221264 2.854711752244256 17.65760084213637
-8.899670355618612 5.389974593159367 20.27132187034025
-5.176839681805609 7.857607428709469 32.91341584416823
-8.139800604467236 -6.896618956328485 16.91663548417966
-5.173413195955926 -9.257224414716323 17.72852063029842
-2.565594180261729 -9.69494386394323 25.04813015034415
-8.695273324501105 6.243754239959885 16.45737183541965
-6.520067747753981 8.237306400044123 18.99004591478841
-6.151563004446524 8.885703176354554 15.15485789999356
-3.355221118593188 10.07006290612709 17.60680163802443
-2.881539707633345 10.52987584240837 13.76043137224239
-3.790569381182275 9.589624130126793 21.45302507227902
-0.2765327732168132 10.4229335568711 19.9919262353477
-0.7585753938063373 10.09531832196997 23.83965605760514
-0.8577277315722565 7.655549188918071 54.59285357288078
-10.82074949293265 0.07409197709634419 14.98057533735194
-6.383939222388364 -8.828654416877633 14.04105959115822
-2.903028371148273 -10.44084868695986 14.77829746420948
2.788265065142721 9.858660652264522 22.29468460998806
2.334753359997067 9.664080111774325 26.14799313095878
-7.493001686535445 6.011664166065715 30.4120774591608
3.265155033046601 10.03037456107683 18.44377952416035
-8.462714208879598 7.0295910373792 12.68733040401436
-7.69414771294934 -3.725506011273295 43.8536435114861
-6.017460139625747 5.243890107063108 51.05680514361279
-7.767712421567986 1.932287453273203 50.7683785111529
1.101556762283952 7.348247957813804 58.06284500659867
-4.861568272795789 -5.618944565786616 58.06523160767606
-1.51901687630193 -10.43966876399617 18.42905766219885
0.9357131177275069 -10.74648034857855 15.41084185685252
2.523153380506127 -10.19947868482952 18.97119844497594
-0.3359644054636738 -11.07077264347975 11.74219487829984
3.434506535531813 -10.47989833926506 12.34621390212773
1.975563701868275 -11.13753074260023 8.749676229934552
-4.630002429305735 -3.353222420848561 79.83649146589214
-3.22695078443888 -5.385708674616216 72.69904921396734
-9.120347793851272 2.70128461211324 31.61334566411546
5.609172467529446 8.36319626618519 24.52236471624617
2.800899683272091 -7.765636841217105 47.58078904853826
-0.204326355381253 -8.432480975017448 45.2981775026155
-9.085609357883767 -6.132613982927917 13.19378851952879
-7.511834227551703 -8.289590408352 10.33241970483414
-2.202962497408794 -6.895300020925434 60.4985542339714
3.435669499319663 -5.589876939302518 69.10534083807377
5.725724803185765 -9.707619926220127 9.270507294731765
2.825109400983114 7.758503796297358 47.5611899689677
5.098853539889244 8.329643047295143 28.3814299218997
1.808052141520714 9.468540628774155 29.99144488219785
-4.721381777381734 8.487126858822929 29.07191143231945
3.279833666652764 -7.90260478622696 43.75769258192631
6.956083056205363 6.158439293986045 34.42740991730672
-9.13423143514604 3.576411086229081 27.83384176123986
-6.93700178206935 -3.171584028520655 55.55606218971751
-6.645526311416525 -4.318184756620701 51.77448591293535
-9.843519344604095 -5.451518375537797 9.500615377115023
-8.555261135392488 -7.655235087596595 6.604615880676276
6.759061714443298 -8.668337423812677 12.80731977543796
-9.720958759091037 -0.06513313066210538 28.95519208216994
8.56755222359768 -7.277070969885943 9.644782549891797
-3.661011436712729 -7.475009841388848 46.7157931501187
-7.054854985621883 4.272006383564574 47.68021725313226
-1.141473390652306 5.514291925759736 80.92331789836042
0.5050933306326838 -8.715201717303765 41.55150163634719
3.777757867739801 -8.012275294986789 39.92013696540695
1.236551243152149 -8.957470841189759 37.57962867269742
4.301458955095674 -8.090688316557294 36.04665864030962
6.625052585257434 -6.074652819609921 38.26502083893802
-0.953570453658671 8.105165258958369 48.77827963765056
-7.169432679535329 -0.9531944489997318 60.57657778694946
2.408956305467424 7.32621582252684 54.48291687676665
1.536813300763055 -9.203577916954487 33.91280556707011
4.734981743386286 -8.192964310530382 32.23809372354393
1.899770933032091 -9.450509965227674 29.99213425199284
5.096627825735228 -8.327573104334254 28.41862629833087
-8.228239114518004 -1.372490785607699 46.48029773575507
1.979888415474268 -4.986428075485938 84.304249690604
-5.203240972821671 -10.16867136383249 7.336672090745447
1.689021609192513 -9.811611851096179 25.9723853488332
5.532538163622411 -8.409485807253724 24.57122865525498
7.767463330678484 -6.132270595063618 26.72909564910416
4.166273123667124 -10.77332714018607 5.706841325756034
0.7651535221986568 -6.692218005986077 66.887776502379
-1.714684285248882 -4.682169777183954 89.11793074351316
-5.291129393820539 -4.799829710425084 61.70339381452349
-2.310489625791758 -4.106458645292604 92.60494920429589
1.25490926388507 4.690446686513215 90.78051716507835
-6.896308222585875 -4.543241875089891 47.54234857058265
-0.9811831879436982 5.012003014675975 87.58207086269074
-4.373797870819125 0.05949301263183673 96.89494471490113
2.425769257960733 -5.437810937582964 76.81741565136404
-2.284768145532497 -4.998621277873863 82.64073465630742
4.211177610020674 -5.809809875253531 61.30098965927812
0.8901156941663316 -6.973079531847764 63.154135604984
9.148539001936843 -3.309353382876334 28.85961457651511
-6.395861062135172 -9.811115048162394 3.6626019471354
-1.688011349918193 -11.30163491481239 7.280652497736951
2.974324575994636 -5.503453469465835 72.98741475222673
-1.338037975996733 -5.658754210727359 78.590476748873
2.767451965606174 -3.656060944166346 94.21187059484977
0.8502221189687292 -4.28245174500155 96.99870917382096
4.151595880050725 -3.10881660211555 86.57286023530499
-5.035547155150557 6.50009781665422 47.99884696227014
-1.83676536068367 9.342310700755364 31.4966562390371
-1.277279605192092 9.738680573587951 27.6730411601659
4.571886868603894 3.055732086504722 82.60228935906667
1.62348279022263 5.114871894269904 84.28863516157752
-4.283979796335961 9.047725400409536 25.27664135998259
-7.20261330083579 6.808918192509918 26.53615667995099
-0.1068970590506898 -10.26372324966427 22.05441491729707
5.188173153497538 3.21407996495389 74.92761314965497
2.958422553484909 5.528945006805444 72.79784277826795
3.390221004719081 5.629988057441091 68.970072011301
-0.08830622351713914 6.447849910280511 70.5390727241674
2.908963270465764 5.221705045884485 76.52549387646251
-1.08203430820874 6.052783740704244 74.34732233265241
5.991036744538128 8.464825567743267 20.70566550101269
6.45940881880493 8.496799670085235 16.85718251993224
3.772514147400049 10.17445797735023 14.59518036628739
6.864004748286274 8.566390348005028 12.99666730358788
4.246857057704161 10.31404401589448 10.74740851070374
7.267688187756516 8.615541528500929 9.256393960565296
8.203449161069003 6.070580533651302 22.80359028428789
4.793843998890829 -9.619688031121431 15.90826639152638
7.540679425044661 -7.62355003330588 16.22722625586213
5.86711584685049 3.253465659741669 67.23098553749504
6.551922449441563 3.247470356008771 59.55938315504534
4.26798467539927 5.778807560406723 61.19268051115967
3.829188886643246 5.711735688917967 65.09990749711463
0.7944117886820685 6.710604662270475 66.61274956186038
0.9903658371107854 6.979134766734393 62.90774767392619
7.32023539987649 3.029588158042562 51.81095759453838
7.541270426403965 -3.271842904183838 48.02379992311081
7.198084759945645 -3.29814331961003 51.87037889302751
5.527719161187908 -3.226610736457857 71.14809989104356
8.186451039094585 -3.290738755287423 40.36645087052852
-4.134153683872047 -6.878153840860334 50.50747895616387
-9.372690102238158 -0.9960605645360863 32.71252436816956
8.518135428693823 3.282047879207629 36.48520071658915
7.018696017757249 -6.087471254120785 34.42335212931561
-2.344713523394479 8.915345801872624 35.34208103182198
9.503102071825319 3.227234053945235 24.95328159633656
-3.887741360281091 -9.55527135813171 21.39854969506453
-5.08132322380627 -1.928940850931788 83.41455844757306
5.41390522544453 -6.002118887338323 49.76948719411796
-9.045815621788293 1.761538561813422 35.37742266972374
10.12157530385624 -3.270620973924703 17.32006265605408
10.46065465835948 3.21603932806899 13.41945377908718
0.7636879293064867 9.001587165377034 37.68756335531497
-4.160435640694256 -10.31951630668066 11.09736285013905
10.11188110122532 -4.917704183286351 9.602264608836794
-5.642520936754487 3.068114929614457 70.86602243498113
-3.306917906935155 -8.002077515563995 42.45827593854092
0.7716906965331053 11.00765467427823 12.26566567729993
1.312521528112349 11.26220637280288 8.406038107006125
-2.310264950516846 10.98397422148469 9.856144516492819
-0.9460130799269171 11.48514669453351 6.047624576501078
-5.236628781420055 10.16266590793551 7.210769464696889
-8.355311950115114 7.904598807676805 6.328841003640677
-5.753039639262859 9.503690654253152 11.31681343301676
0.2221375502022995 10.72921411095089 16.11765004482004
-10.09778528524232 -3.652405018627818 16.03482445656742
-10.23151459178637 3.783288937646167 13.86777777868717
-11.07030980407017 1.041389985703033 11.19182875397131
-4.808435465071741 4.621828065835932 67.73031380931104
-6.729014747899494 -5.622784064871571 41.05376263177314
-7.40966407228065 1.035132950659693 57.41147488706399
-8.889443365134229 -3.724159619551729 30.01171004011113
-3.13576137718344 4.980957249303334 77.68796085027978
5.430939506508762 5.98105445735627 49.82269955395099
5.84555979416416 6.004026667471118 46.00062673060513
-10.68405965701854 -2.76843308908664 12.23723588710871
1.22313310206693 9.256288584663618 33.83977772725194
-9.53129435993905 -2.801334459292299 26.24546098779333
-9.978490965758221 0.8731188770113123 25.20126894449653
8.83900499564381 3.287876266123014 32.64602679245239
5.829625646116819 -6.02570203066276 45.94399643180818
-9.042505344759366 4.501191926871984 24.13069880262258
1.362487105949007 -7.225378519361925 59.04931321106267
4.593715279143314 8.266463108482473 32.31068058962718
6.101625196311021 -8.499140978603695 19.53498754127773
8.519795902544343 -3.272859274442114 36.50743138248593
6.22357497449388 -6.059294759959071 42.10738060620009
-2.500755275765139 -8.894813208288125 35.0733337615888
-3.987477995067187 -4.475185714158163 76.31427972733331
7.347764743804756 6.162403976555622 30.62409354700902
9.487240943227986 -3.271172276970405 24.96320768365036
8.14014554473664 -6.142521328586325 22.90073390315331
-11.18934811486874 -1.78405784517934 8.504480862792411
-11.34248684723381 1.533865244059939 7.042659643451112
-10.08090016852759 4.899263756058249 10.05874010459623
7.349778405736445 -6.159221465208288 30.63046536423859
7.845438738298856 8.737716073745814 3.265201290698713
-11.73666604211394 0.04718123912198847 3.344770207887467
-6.880982398563415 7.535966779201058 22.80969873281601
1.234699501508766 11.67032665596749 3.361307139960131
0.7775159941704498 -11.71121839934428 3.341732647624339
-7.761129940325595 -0.3217486286632141 53.77524606569127
7.776058764692979 6.123658279727806 26.71108899225543
4.507113789199277 5.955822947322406 57.57186410963119
8.478231766890701 6.19147422099198 19.08062684096827
-6.017098616886324 5.987943429856538 44.61311537497397
9.841834364371508 3.164951802853413 21.11502088322771
8.874220334098817 6.163259243809498 15.1900732533216
-4.522928016685367 -1.116538227789206 93.27999296042566
0.1899684698455322 -6.427080344406011 70.77499327652333
9.254298998606862 6.130378170700033 11.4278082387475
4.877556397471827 10.34869804224512 7.108528844721677
10.22813237147876 -5.778600291799357 3.206609444451877
11.08750541272171 3.153571137340417 6.006695905809782
9.62147456200027 6.125814461045515 7.546628087160627
2.602763508061666 7.544673050476006 51.0661506109393
-9.450810018537974 -6.98064893410527 3.184786357756781
-1.738245447402566 -9.601645206001198 28.49087637421038
-9.284974228487995 7.226785522004678 2.974105359916647
8.503635231431277 -6.097814998458789 19.51681310357199
-0.5177935407150281 -6.062343411939362 75.16462171574942
-3.146242101865075 7.300705395217425 51.46281539576675
2.881494568876632 -9.834721320227656 22.25925567580902
9.227391890521528 -6.882090690661189 6.210678114063843
2.450529738704667 5.107444261733613 80.49508785546136
-2.425760742850553 -6.534191123688628 63.91305858833477
-5.756135075394901 -6.267930954012785 44.34469226678655
0.675787463642481 -4.726761959406258 91.80453479411077
-3.387540275224223 11.24607670722664 3.237569428901639
-10.16453465215342 5.353199424387492 6.505375098526218
-3.176927501384569 5.538981256944516 71.3404077920088
-8.095133877761961 2.476117653250981 44.91183609210517
-7.940178085511497 -1.139518021964767 50.55126559441243
8.892964170446474 -6.457167706325339 12.83342487444749
-2.587743578199011 -6.044556655072946 68.92878666453429
5.377318262089517 5.624148012889068 53.60532916278943
-1.904238157405352 6.952890691720766 60.87619278178034
4.136490153060944 2.610269484400888 90.32558230896208
-8.224822456980531 7.676206881031294 9.524369828619307
-6.54752520706339 -2.402011469671706 63.85858888365182
-10.34758847279892 -5.027511965251613 6.298716805018322
1.576871404464845 -4.839456285904439 87.80142174536869
4.74088023310448 -10.80811828039617 2.513588040159329
6.903999453853563 -9.182498875813993 6.500406137581299
3.150491641629034 -2.99878010852642 97.2086302191444
-1.901582471330819 -8.715475407784728 39.12860989847725
3.407052942739645 2.703714494624518 97.20891928206666
11.44288147924984 -2.793102482646737 2.810165575525718
11.37548618731505 3.030953188959276 2.892492652108917
-0.1639798221050647 5.855491294854493 78.04421683436269
-0.8183929021767927 -5.16345271735792 86.04760099369275
-0.7178031234106117 -9.475236916979568 31.73518396224038
7.55088640616417 8.692113662169318 6.177130474846702
-6.625216433102091 -3.293836487499938 58.46326531655382
-11.41187659164708 -1.849918167358078 5.580000234912525
-2.17010779515334 6.269626255526614 68.1741925722839
2.225673043544537 4.563577893605502 87.96013190611274
-0.05469789955032378 -4.565507725670101 94.46001779304729
-8.101286283077863 1.470052407807451 47.85686204833237
2.507952300141112 11.26619981471895 5.819816612068124
9.297997225248739 -5.445612661716881 15.56107693728158
-2.923454371309332 7.875471391745818 45.73505006114886
-0.4484470749861242 7.914173458201476 51.75404108188532
0.8942540844399332 -11.47698124075508 6.203583321230307
7.521892224694137 4.497176038811411 9.35484109339713
6.791667313233589 4.54081135053034 16.90173088253
2.770127867641174 8.619556283314981 5.670165011769162
6.093397323693374 4.501438761904923 24.44953389534981
4.39041530911816 5.48972424114502 31.39162905495867
7.162428857075636 5.889139176889022 2.888543694217754
3.003179285829393 7.914262031958309 13.15211947903784
3.035648037469686 7.260735380546192 20.71390906457545
5.769464446939116 4.446391787896413 28.15654505145204
3.059743195715386 6.589988727934287 28.38983754427623
2.86686728143879 8.281745549886464 9.352824070315583
6.44435518347162 4.522302920164218 20.67557056825966
7.202464231488329 4.452256848356138 13.11951217972507
2.911064588453006 7.631462176772752 16.92677413916892
3.204221146481761 6.860419136241855 24.49991213218921
4.688358616047764 8.009285391870502 2.787862731507141
8.022121315426665 4.163652668968627 5.866759046460665
5.780595806224622 6.853301816516163 6.789451559429635
5.474407158139596 6.672655763839365 11.04220152259544
5.340098952297802 6.392277099615843 14.87467728778103
6.065191146564054 3.52945304935574 31.54471384667367
5.14431830874948 6.165962625074652 18.67637568925235
2.123292955212034 6.681422046913846 31.62968317647056
2.292031623721004 9.012795957498053 2.545408153336402
8.54827241328505 3.682069597327965 2.445233493472315
4.925132285406521 5.962379786015449 22.44561048629057
-0.0002657903364884362 1.5 3.346955191583755
5.053629064593927 1.5 12.96007618021318
-4.466797181681407 1.5 20.40481375633541
-4.55797760263116 1.5 13.27058585547235
4.157669929050121 1.5 24.29575476952199
-3.904605597020083 1.5 28.39110335667483
1.662329535675584 1.5 31.17062961401909
5.875655952981004 1.5 5.54229672891833
-5.875921743317498 1.5 5.542317822167118
3.68157470154136 1.5 28.24118121529904
0.7920102749616085 1.5 25.61492221936594
1.177871490910581 1.5 22.11771780758938
-1.954735746413263 1.5 23.35907100831908
5.393044779971679 1.5 9.20559311621207
1.71479807068728 1.5 10.92727605720436
1.676506204753926 1.5 14.77942454373781
-5.311617969759023 1.5 9.256934076508141
-2.031784874702009 1.5 6.820781394868556
4.758228324234965 1.5 16.76943277209468
1.491216557700231 1.5 18.41241464691938
-1.905968089855728 1.5 16.74379228750366
-1.920536298724022 1.5 10.70464137825826
2.097096454313125 1.5 6.867128607564629
4.488385259460339 1.5 20.52246996047084
-1.668867145994989 1.5 31.28736413369969
-5.395340937473442 1.5 16.88396521096783
3.564485120363736 1.5 3.056124800332882
-3.556804857434965 1.5 3.050609786112964
-1.131682593867918 1.5 20.20756190133338
-0.0534774023037663 1.5 28.67319107081623
4.458290878805812 1.5 31.52683595599628
-4.504204579965441 1.5 31.58016728820756
-4.840715700533252 1.5 24.49805482334679
-0.9924942225495066 1.5 13.41066596368853
6.70581502720353 1.5 2.475262229883089
-6.704332132685074 1.5 2.474163445688863
-0.0007487975328697161 1.5 8.753142825934793
-1.992304834261752 1.5 26.10726849570457
-7.52189222469365 4.497176038812261 9.354841093396917
-6.79166731323354 4.540811350530413 16.90173088253001
-3.227782256567654 8.463041088301354 5.620155329466535
-6.093397323693338 4.501438761904968 24.44953389534982
-4.390415309118155 5.489724241145023 31.39162905495868
-7.162428857075634 5.889139176889027 2.888543694217748
-3.219854089173735 7.826882678673888 13.17244293111587
-3.210034678456396 7.184450020375356 20.72423673868586
-5.769464446947992 4.446391787885196 28.15654505144973
-3.059743195725696 6.589988727930293 28.38983754426709
-3.222307273724375 8.146614517130901 9.393169399123401
-6.444355183471601 4.522302920164242 20.67557056825967
-7.203731658265589 4.450237362824838 13.11930184208205
-3.215279870356317 7.50651159754305 16.9483772073714
-3.204300300712025 6.860386846018526 24.499858253952
-4.688358616047323 8.009285391869751 2.787862731518226
-8.019723307284215 4.166552893863688 5.876817441542661
-5.99885038523848 6.66425654813281 6.778477496645146
-5.622394445786053 6.548748245114155 11.03929093754971
-5.354020037343076 6.379286594046967 14.88767157880974
-6.065635148852673 3.517852244017642 31.61387984435209
-5.119734262946396 6.186882512537387 18.67155908529219
-2.133010222361322 6.683448419357708 31.56768260971964
-2.490227623098281 8.964336851740482 2.493043158265246
-8.52821401081683 3.710657280866207 2.534811734487354
-4.935137076174444 5.952279920001543 22.46342769807326
-6.661338147750939e-15 5.900042359436546e-15 100
0.9519960843319223 4.162070983981486 34
-1.706861964648773 3.766390443485434 34
3.147603530513227 4.013135639330291 34
0.02122294015607961 -2.220446049250313e-16 42.5077398673053
-0.01404822734149658 -0.01192342208304353 50.50567045370578
0.074350118467156 -0.0058464964686624 58.09086197681393
-0.00197669105138143 -0.0008615609659639034 66.63773664022202
0.02952937812285539 -0.03284766853353904 73.4795132867979
2.730444001203674 2.720000839781269 39.0115367079319
-0.08085091636577513 0.135600589675079 79.20283962576408
2.695411084321794 -2.754203654796096 39.00394789635654
-3.761067380121126 -3.996802888650564e-15 38.95139429161199
-0.4378704143366197 3.337865495296239 46.50974333793361
0.09247932453711449 -0.03830437469277603 85.17520898778295
2.766682086275008 -1.85981067102341 46.51612676683067
-3.072395664613921 -1.102270789890975 46.49150557019634
-1.640898604696303 4.013041643095248 40.4859929428133
-0.02434701045546772 -0.05289062080853624 90.05819175695284
-2.322772079186679 0.9294333359794027 62.31173493513257
-0.3095904436272183 -3.114766417557736 54.3047138820389
-1.656855750247934 -3.982973169090295 40.50296389118562
2.366244707794504 -0.4380425060144018 62.38767363821963
2.898866434873726 3.334527388222678 43.47599873990985
-1.076609883092965 2.813326632098328 54.30890344917865
3.00566908912247 0.3279316597545095 54.19629062854261
-0.1307571101749794 0.06779108854410505 94.96497955225448
4.349329980663406 -0.7703670010984406 42.5617331000218
0.0648026286050514 -2.220446049250313e-16 37.72616127910822
3.311256373459929 2.065040272459254 48.46959223137756
-4.074203054398835 1.448982417513416 43.0738921417271
0.7403880824706897 -4.107981733166352 49.53692162961506
-3.545082576730586 2.168421514716199 49.28346441022444
1.796632972877099 -4.081114935978105 42.87807916588217
4.99293389695768 -1.687538997430238e-14 37.25377574509225
1.615297841257779 1.927418892039304 70.06033973659358
-2.266589186235857 -0.8935011258342105 70.06502751752247
-3.603405070181885 3.410062763307145 37.27643526317792
3.809412241734305 -1.480635240450531 50.4591043951658
0.3444358389349644 4.085359997315985 50.47789937981801
1.665077003776642 -2.142069837966174 70.38956629390411
-3.510301046594209 -0.5143071587489145 53.00149537039441
3.439573116315309 -2.070395748180569 57.3672422606931
0.4652536794274484 -5.215842316970861 37.23609034980537
0.3643375262984855 5.260035034888803 37.5532879609132
-0.8716760064150332 -2.887900454974816 61.08695844966468
3.54620993066809 5.120883266819408 37.00897913597024
-0.9232647659666178 -4.481629096089547 45.85827287242309

CELLS 3855 17559
1 0
1 1
1 2
1 3
1 4
1 5
1 6
1 7
1 8
1 9
1 10
1 11
2 0 12
2 12 13
2 13 14
2 14 15
2 15 16
2 16 17
2 17 1
2 0 18
2 18 19
2 19 20
2 20 21
2 21 1
2 2 22
2 22 23
2 23 24
2 24 25
2 25 26
2 26 27
2 27 28
2 28 29
2 29 0
2 2 30
2 30 31
2 31 32
2 32 33
2 33 3
2 1 34
2 34 35
2 35 36
2 36 37
2 37 38
2 38 39
2 39 40
2 40 41
2 41 3
2 2 42
2 42 43
2 43 44
2 44 3
2 4 45
2 45 46
2 46 47
2 47 48
2 48 49
2 49 50
2 50 51
2 51 52
2 52 53
2 53 54
2 54 55
2 55 56
2 56 57
2 57 58
2 58 59
2 59 60
2 60 61
2 61 62
2 62 4
2 5 63
2 63 64
2 64 65
2 65 6
2 5 66
2 66 67
2 67 68
2 68 69
2 69 7
2 6 70
2 70 71
2 71 72
2 72 7
2 8 73
2 73 74
2 74 75
2 75 76
2 76 77
2 77 78
2 78 8
2 4 79
2 79 80
2 80 81
2 81 82
2 82 83
2 83 84
2 84 85
2 85 86
2 86 87
2 87 88
2 88 89
2 89 90
2 90 91
2 91 92
2 92 93
2 93 94
2 94 95
2 95 96
2 96 97
2 97 98
2 98 99
2 99 100
2 100 101
2 101 102
2 102 103
2 103 8
2 9 104
2 104 105
2 105 106
2 106 107
2 107 108
2 108 109
2 109 110
2 110 111
2 111 5
2 9 112
2 112 113
2 113 10
2 6 114
2 114 115
2 115 116
2 116 117
2 117 118
2 118 119
2 119 120
2 120 121
2 121 10
2 7 122
2 122 123
2 123 124
2 124 125
2 125 126
2 126 127
2 127 128
2 128 129
2 129 11
2 9 130
2 130 131
2 131 132
2 132 11
2 10 133
2 133 134
2 134 11
3 12 183 0
3 0 183 29
3 1 182 17
3 34 182 1
3 22 181 2
3 2 181 30
3 33 180 3
3 3 180 41
3 13 144 12
3 144 183 12
3 14 172 13
3 13 172 144
3 15 137 14
3 137 172 14
3 16 179 15
3 15 179 137
3 17 171 16
3 171 179 16
3 17 182 171
3 23 163 22
3 163 181 22
3 24 135 23
3 135 163 23
3 25 160 24
3 24 160 135
3 26 136 25
3 136 160 25
3 27 159 26
3 26 159 136
3 28 140 27
3 140 159 27
3 29 177 28
3 28 177 140
3 29 183 177
3 30 164 31
3 30 181 164
3 31 141 32
3 31 164 141
3 32 165 33
3 141 165 32
3 165 180 33
3 35 142 34
3 142 182 34
3 36 167 35
3 35 167 142
3 37 138 36
3 138 167 36
3 38 166 37
3 37 166 138
3 39 139 38
3 139 166 38
3 40 145 39
3 39 145 139
3 41 143 40
3 143 145 40
3 41 180 143
3 160 161 135
3 161 162 135
3 162 163 135
3 159 176 136
3 136 178 160
3 176 178 136
3 137 173 172
3 137 175 173
3 137 179 175
3 166 168 138
3 138 169 167
3 168 169 138
3 145 146 139
3 146 147 139
3 147 166 139
3 140 157 156
3 156 159 140
3 140 184 157
3 177 184 140
3 164 187 141
3 141 185 165
3 174 185 141
3 141 187 174
3 167 170 142
3 170 171 142
3 171 182 142
3 143 158 145
3 143 185 158
3 143 180 165
3 165 185 143
3 172 184 144
3 177 183 144
3 144 184 177
3 145 158 146
3 146 148 147
3 146 150 148
3 146 158 150
3 148 149 147
3 149 168 147
3 147 168 166
3 148 151 149
3 150 186 148
3 148 186 151
3 151 152 149
3 152 153 149
3 153 168 149
3 158 174 150
3 150 162 161
3 161 186 150
3 150 174 162
3 151 176 152
3 151 178 176
3 151 186 178
3 152 154 153
3 152 156 154
3 152 176 156
3 154 155 153
3 155 169 153
3 153 169 168
3 154 173 155
3 156 157 154
3 157 173 154
3 155 170 169
3 155 175 170
3 173 175 155
3 156 176 159
3 172 173 157
3 157 184 172
3 158 185 174
3 160 178 161
3 178 186 161
3 162 187 163
3 174 187 162
3 164 181 163
3 163 187 164
3 169 170 167
3 170 175 171
3 175 179 171
3 29 18 0
3 21 221 1
3 1 221 34
3 2 218 22
3 42 218 2
3 41 219 3
3 3 219 44
3 18 224 19
3 29 197 18
3 197 224 18
3 19 188 20
3 19 224 188
3 20 214 21
3 188 214 20
3 214 221 21
3 22 198 23
3 22 218 198
3 23 192 24
3 23 198 192
3 24 210 25
3 192 210 24
3 25 191 26
3 25 210 191
3 26 212 27
3 191 212 26
3 27 194 28
3 27 212 194
3 28 225 29
3 194 225 28
3 29 225 197
3 34 196 35
3 34 221 196
3 35 202 36
3 196 202 35
3 36 189 37
3 36 202 189
3 37 208 38
3 189 208 37
3 38 190 39
3 38 208 190
3 39 220 40
3 190 220 39
3 40 193 41
3 40 220 193
3 193 219 41
3 43 195 42
3 195 218 42
3 44 211 43
3 43 211 195
3 44 219 211
3 207 214 188
3 188 223 207
3 188 224 223
3 202 203 189
3 203 204 189
3 204 208 189
3 201 220 190
3 190 222 201
3 208 209 190
3 209 222 190
3 210 217 191
3 191 213 212
3 191 217 213
3 198 199 192
3 199 200 192
3 200 210 192
3 193 215 211
3 211 219 193
3 193 226 215
3 220 226 193
3 205 206 194
3 194 212 205
3 206 216 194
3 216 225 194
3 195 215 198
3 198 218 195
3 211 215 195
3 196 207 202
3 196 214 207
3 196 221 214
3 216 224 197
3 197 225 216
3 198 215 199
3 199 201 200
3 199 226 201
3 215 226 199
3 201 222 200
3 200 217 210
3 200 222 217
3 201 226 220
3 202 207 203
3 203 205 204
3 203 206 205
3 203 207 206
3 205 213 204
3 204 209 208
3 204 213 209
3 212 213 205
3 207 223 206
3 206 223 216
3 213 217 209
3 217 222 209
3 223 224 216
3 42 2 30
3 33 3 44
3 31 227 30
3 30 227 42
3 32 227 31
3 33 228 32
3 32 228 227
3 44 228 33
3 42 227 43
3 43 228 44
3 227 228 43
3 7 0 53
3 7 230 0
3 12 232 0
3 0 230 18
3 53 0 54
3 0 232 54
3 4 1 5
3 62 1 4
3 1 234 5
3 17 1 62
3 21 234 1
3 45 4 5
3 5 63 45
3 5 234 66
3 49 48 6
3 6 48 65
3 70 49 6
3 53 231 7
3 69 230 7
3 7 231 72
3 12 13 56
3 55 12 56
3 55 232 12
3 13 14 57
3 56 13 57
3 14 15 58
3 57 14 58
3 16 229 15
3 58 15 59
3 15 229 59
3 17 61 16
3 16 61 60
3 60 229 16
3 62 61 17
3 18 235 19
3 18 230 69
3 69 235 18
3 19 236 20
3 19 235 68
3 68 236 19
3 20 237 21
3 20 236 67
3 67 237 20
3 66 234 21
3 21 237 66
3 45 63 46
3 47 46 64
3 46 63 64
3 48 47 65
3 65 47 64
3 50 49 70
3 50 238 51
3 70 238 50
3 51 233 52
3 71 233 51
3 51 238 71
3 52 231 53
3 72 231 52
3 52 233 72
3 54 232 55
3 59 229 60
3 66 237 67
3 67 236 68
3 68 235 69
3 71 238 70
3 72 233 71
3 45 591 4
3 4 590 62
3 79 590 4
3 4 591 79
3 8 589 73
3 78 587 8
3 8 587 103
3 103 589 8
3 46 266 45
3 266 591 45
3 47 539 46
3 46 539 266
3 48 253 47
3 253 539 47
3 49 542 48
3 48 542 253
3 50 571 49
3 49 571 542
3 51 248 50
3 248 571 50
3 52 561 51
3 51 561 248
3 53 263 52
3 263 561 52
3 54 540 53
3 53 540 263
3 55 247 54
3 247 540 54
3 56 559 55
3 55 559 247
3 57 442 56
3 442 559 56
3 58 251 57
3 251 442 57
3 59 543 58
3 58 543 251
3 60 585 59
3 59 585 543
3 61 262 60
3 262 585 60
3 62 555 61
3 61 555 262
3 62 590 555
3 73 273 74
3 73 589 273
3 74 261 75
3 74 273 261
3 75 436 76
3 261 436 75
3 76 265 77
3 76 436 265
3 77 447 78
3 265 447 77
3 447 587 78
3 80 267 79
3 79 556 80
3 267 590 79
3 79 591 556
3 80 264 81
3 81 497 80
3 80 556 264
3 80 497 267
3 82 260 81
3 81 494 82
3 260 497 81
3 264 494 81
3 82 250 83
3 83 493 82
3 82 494 250
3 82 493 260
3 84 246 83
3 83 549 84
3 246 493 83
3 250 549 83
3 84 488 85
3 85 533 84
3 84 533 246
3 84 549 488
3 85 243 86
3 86 441 85
3 85 488 243
3 441 533 85
3 87 241 86
3 86 522 87
3 241 441 86
3 243 522 86
3 87 485 88
3 88 528 87
3 87 528 241
3 87 522 485
3 88 255 89
3 89 482 88
3 88 485 255
3 482 528 88
3 90 245 89
3 89 272 90
3 245 482 89
3 255 272 89
3 90 242 91
3 91 479 90
3 90 272 242
3 90 479 245
3 91 478 92
3 92 480 91
3 242 478 91
3 91 480 479
3 93 244 92
3 92 259 93
3 244 480 92
3 92 478 259
3 94 271 93
3 93 473 94
3 93 271 244
3 259 473 93
3 94 258 95
3 95 270 94
3 94 473 258
3 270 271 94
3 96 239 95
3 95 472 96
3 239 270 95
3 258 472 95
3 96 257 97
3 97 481 96
3 96 481 239
3 96 472 257
3 98 254 97
3 97 457 98
3 254 481 97
3 257 457 97
3 98 256 99
3 99 269 98
3 98 269 254
3 98 457 256
3 100 240 99
3 99 452 100
3 240 269 99
3 256 452 99
3 100 249 101
3 101 448 100
3 100 448 240
3 100 452 249
3 102 252 101
3 101 580 102
3 249 580 101
3 252 448 101
3 102 268 103
3 103 446 102
3 102 446 252
3 102 580 268
3 268 589 103
3 103 587 446
3 239 288 270
3 239 391 288
3 239 481 391
3 240 277 269
3 240 423 277
3 240 448 423
3 241 538 441
3 241 528 486
3 486 538 241
3 272 517 242
3 242 516 478
3 242 517 516
3 488 545 243
3 243 532 522
3 243 545 532
3 271 289 244
3 289 290 244
3 290 480 244
3 479 523 245
3 245 529 482
3 523 529 245
3 246 562 493
3 533 534 246
3 534 562 246
3 247 597 540
3 559 583 247
3 583 597 247
3 248 505 504
3 504 571 248
3 248 561 505
3 452 453 249
3 453 599 249
3 249 599 580
3 494 550 250
3 547 549 250
3 250 550 547
3 424 442 251
3 251 443 424
3 251 606 443
3 543 606 251
3 446 570 252
3 252 584 448
3 570 584 252
3 253 595 539
3 542 602 253
3 554 595 253
3 253 602 554
3 269 437 254
3 437 444 254
3 444 481 254
3 255 296 272
3 255 298 296
3 255 485 298
3 256 567 452
3 457 461 256
3 461 567 256
3 257 458 457
3 257 459 458
3 257 472 459
3 258 475 472
3 473 474 258
3 474 475 258
3 259 546 473
3 478 578 259
3 259 578 546
3 493 603 260
3 260 576 497
3 260 603 576
3 273 274 261
3 274 275 261
3 275 436 261
3 428 585 262
3 262 586 428
3 555 566 262
3 566 586 262
3 263 540 536
3 536 572 263
3 263 572 561
3 264 553 494
3 264 557 553
3 556 557 264
3 265 551 432
3 432 600 265
3 436 551 265
3 265 600 447
3 539 595 266
3 266 557 556
3 556 591 266
3 266 595 557
3 497 566 267
3 267 566 555
3 555 590 267
3 268 274 273
3 273 589 268
3 268 433 274
3 268 580 433
3 277 437 269
3 270 439 271
3 288 439 270
3 271 439 289
3 296 517 272
3 274 276 275
3 274 433 276
3 276 278 275
3 278 551 275
3 275 551 436
3 276 279 278
3 276 435 279
3 433 435 276
3 423 438 277
3 277 445 437
3 438 445 277
3 279 280 278
3 280 282 278
3 282 551 278
3 279 281 280
3 279 284 281
3 279 435 284
3 281 490 280
3 280 283 282
3 280 490 283
3 284 285 281
3 285 286 281
3 286 490 281
3 283 430 282
3 430 432 282
3 432 551 282
3 283 593 430
3 283 490 438
3 438 593 283
3 284 409 285
3 284 453 409
3 435 453 284
3 285 287 286
3 285 515 287
3 409 515 285
3 287 291 286
3 291 382 286
3 382 490 286
3 287 292 291
3 287 313 292
3 287 515 313
3 391 429 288
3 429 440 288
3 288 440 439
3 289 295 290
3 289 525 295
3 439 525 289
3 295 297 290
3 297 491 290
3 290 491 480
3 292 293 291
3 293 531 291
3 291 531 382
3 292 294 293
3 292 498 294
3 313 498 292
3 294 299 293
3 299 383 293
3 383 531 293
3 294 300 299
3 294 304 300
3 294 498 304
3 295 301 297
3 295 303 301
3 295 525 303
3 298 316 296
3 316 318 296
3 318 517 296
3 301 302 297
3 302 386 297
3 386 491 297
3 298 317 316
3 298 398 317
3 298 485 398
3 300 307 299
3 307 577 299
3 299 577 383
3 304 305 300
3 305 582 300
3 300 582 307
3 301 483 302
3 303 306 301
3 306 483 301
3 302 387 386
3 302 407 387
3 302 483 407
3 303 375 306
3 303 390 375
3 303 525 390
3 304 308 305
3 304 511 308
3 498 511 304
3 308 309 305
3 309 416 305
3 416 582 305
3 375 400 306
3 400 401 306
3 401 483 306
3 431 568 307
3 307 582 431
3 568 577 307
3 308 310 309
3 308 312 310
3 308 511 312
3 310 311 309
3 311 513 309
3 309 513 416
3 310 314 311
3 312 579 310
3 310 579 314
3 314 315 311
3 315 331 311
3 331 513 311
3 476 477 312
3 312 598 476
3 477 579 312
3 511 598 312
3 313 515 462
3 462 573 313
3 313 573 498
3 314 362 315
3 314 374 362
3 314 579 374
3 315 372 331
3 362 564 315
3 315 564 372
3 317 495 316
3 316 319 318
3 316 495 319
3 398 526 317
3 317 519 495
3 317 526 519
3 319 320 318
3 320 393 318
3 393 517 318
3 319 321 320
3 319 322 321
3 319 495 322
3 321 604 320
3 320 415 393
3 320 604 415
3 322 323 321
3 323 548 321
3 548 604 321
3 322 324 323
3 322 487 324
3 322 495 487
3 324 325 323
3 325 327 323
3 327 548 323
3 324 326 325
3 324 350 326
3 324 487 350
3 326 492 325
3 325 328 327
3 325 492 328
3 350 368 326
3 368 384 326
3 384 492 326
3 328 329 327
3 329 574 327
3 327 574 548
3 328 330 329
3 328 332 330
3 328 492 332
3 330 371 329
3 371 422 329
3 422 574 329
3 332 333 330
3 333 512 330
3 330 512 371
3 372 373 331
3 373 544 331
3 331 544 513
3 332 334 333
3 332 484 334
3 332 492 484
3 334 335 333
3 335 337 333
3 337 512 333
3 334 336 335
3 334 514 336
3 484 514 334
3 336 338 335
3 335 530 337
3 338 530 335
3 336 339 338
3 336 340 339
3 336 514 340
3 499 512 337
3 337 588 499
3 530 588 337
3 339 560 338
3 338 594 530
3 560 594 338
3 340 341 339
3 341 353 339
3 353 560 339
3 340 342 341
3 340 520 342
3 514 520 340
3 342 343 341
3 343 489 341
3 341 489 353
3 342 344 343
3 342 345 344
3 342 520 345
3 344 351 343
3 351 352 343
3 352 489 343
3 345 346 344
3 346 508 344
3 344 508 351
3 345 347 346
3 345 521 347
3 520 521 345
3 347 348 346
3 348 363 346
3 363 508 346
3 347 349 348
3 347 524 349
3 521 524 347
3 349 354 348
3 354 509 348
3 348 509 363
3 349 355 354
3 349 541 355
3 524 541 349
3 350 396 368
3 350 450 396
3 350 487 450
3 351 364 352
3 351 388 364
3 351 508 388
3 364 365 352
3 365 376 352
3 376 489 352
3 353 456 425
3 425 560 353
3 353 489 456
3 355 356 354
3 356 370 354
3 370 509 354
3 355 357 356
3 355 359 357
3 355 541 359
3 357 358 356
3 358 506 356
3 356 506 370
3 357 507 358
3 359 360 357
3 360 507 357
3 500 502 358
3 358 507 500
3 502 506 358
3 359 361 360
3 359 454 361
3 359 541 454
3 361 366 360
3 366 369 360
3 369 507 360
3 361 367 366
3 361 451 367
3 361 454 451
3 374 417 362
3 417 605 362
3 362 605 564
3 363 518 508
3 509 510 363
3 510 518 363
3 364 496 365
3 388 389 364
3 389 496 364
3 365 377 376
3 365 379 377
3 365 496 379
3 367 385 366
3 366 463 369
3 385 463 366
3 367 394 385
3 367 395 394
3 367 451 395
3 368 399 384
3 396 455 368
3 368 455 399
3 463 464 369
3 464 465 369
3 465 507 369
3 506 581 370
3 370 537 509
3 370 581 537
3 371 434 422
3 371 569 434
3 512 569 371
3 372 408 373
3 372 449 408
3 372 564 449
3 408 601 373
3 373 575 544
3 373 601 575
3 374 546 417
3 374 477 474
3 474 546 374
3 374 579 477
3 390 431 375
3 375 596 400
3 431 596 375
3 377 378 376
3 378 456 376
3 456 489 376
3 377 470 378
3 379 380 377
3 380 470 377
3 378 565 456
3 470 527 378
3 527 565 378
3 379 381 380
3 379 443 381
3 379 496 443
3 381 392 380
3 392 404 380
3 404 470 380
3 381 428 392
3 381 606 428
3 443 606 381
3 382 445 438
3 438 490 382
3 382 531 445
3 383 563 531
3 552 563 383
3 383 577 552
3 399 405 384
3 405 484 384
3 484 492 384
3 394 545 385
3 385 469 463
3 385 545 469
3 387 397 386
3 397 523 386
3 386 523 491
3 387 410 397
3 407 499 387
3 387 499 410
3 388 402 389
3 388 518 402
3 508 518 388
3 402 403 389
3 403 424 389
3 424 496 389
3 390 568 431
3 390 525 440
3 440 568 390
3 391 552 429
3 391 481 444
3 444 552 391
3 392 406 404
3 392 586 406
3 428 586 392
3 415 558 393
3 516 517 393
3 393 558 516
3 395 526 394
3 526 532 394
3 532 545 394
3 395 451 450
3 450 519 395
3 519 526 395
3 450 451 396
3 451 454 396
3 454 455 396
3 410 411 397
3 411 529 397
3 397 529 523
3 485 522 398
3 522 532 398
3 398 532 526
3 399 521 405
3 455 524 399
3 399 524 521
3 400 544 401
3 513 544 400
3 400 596 513
3 434 483 401
3 401 575 434
3 544 575 401
3 402 583 403
3 518 535 402
3 535 583 402
3 403 442 424
3 403 559 442
3 403 583 559
3 406 576 404
3 404 471 470
3 404 576 471
3 405 514 484
3 405 520 514
3 405 521 520
3 406 566 497
3 497 576 406
3 406 586 566
3 407 483 434
3 434 569 407
3 407 569 499
3 449 548 408
3 548 574 408
3 574 601 408
3 453 567 409
3 409 592 515
3 567 592 409
3 410 412 411
3 410 588 412
3 499 588 410
3 412 413 411
3 413 414 411
3 414 529 411
3 412 418 413
3 412 530 418
3 412 588 530
3 413 486 414
3 418 419 413
3 419 486 413
3 414 528 482
3 482 529 414
3 486 528 414
3 449 564 415
3 415 604 449
3 415 605 558
3 564 605 415
3 431 582 416
3 416 596 431
3 513 596 416
3 546 578 417
3 417 578 558
3 558 605 417
3 418 420 419
3 418 594 420
3 530 594 418
3 420 421 419
3 421 538 419
3 419 538 486
3 420 425 421
3 420 560 425
3 420 594 560
3 425 426 421
3 426 427 421
3 427 538 421
3 434 575 422
3 422 601 574
3 575 601 422
3 423 593 438
3 448 584 423
3 584 593 423
3 443 496 424
3 425 565 426
3 456 565 425
3 426 534 427
3 527 534 426
3 426 565 527
3 427 533 441
3 441 538 427
3 427 534 533
3 543 585 428
3 428 606 543
3 429 568 440
3 552 577 429
3 429 577 568
3 430 570 432
3 430 584 570
3 430 593 584
3 570 600 432
3 433 599 435
3 580 599 433
3 435 599 453
3 437 563 444
3 445 563 437
3 440 525 439
3 444 563 552
3 531 563 445
3 446 587 447
3 447 600 446
3 446 600 570
3 449 604 548
3 487 519 450
3 452 567 453
3 454 541 455
3 455 541 524
3 458 461 457
3 459 460 458
3 460 462 458
3 458 462 461
3 459 476 460
3 472 475 459
3 475 476 459
3 460 573 462
3 476 598 460
3 460 598 573
3 462 592 461
3 461 592 567
3 515 592 462
3 463 547 464
3 469 547 463
3 464 466 465
3 464 550 466
3 547 550 464
3 466 467 465
3 467 500 465
3 500 507 465
3 466 468 467
3 466 553 468
3 550 553 466
3 468 554 467
3 467 501 500
3 467 554 501
3 553 557 468
3 468 595 554
3 557 595 468
3 469 545 488
3 488 549 469
3 469 549 547
3 471 527 470
3 471 562 527
3 471 603 562
3 576 603 471
3 473 546 474
3 474 477 475
3 475 477 476
3 516 578 478
3 480 491 479
3 491 523 479
3 495 519 487
3 562 603 493
3 494 553 550
3 498 573 511
3 499 569 512
3 501 502 500
3 501 503 502
3 501 602 503
3 554 602 501
3 503 504 502
3 504 506 502
3 503 571 504
3 542 571 503
3 503 602 542
3 505 581 504
3 504 581 506
3 561 572 505
3 572 581 505
3 509 537 510
3 510 535 518
3 510 536 535
3 510 537 536
3 573 598 511
3 558 578 516
3 527 562 534
3 536 597 535
3 535 597 583
3 537 572 536
3 540 597 536
3 537 581 572
3 63 5 631
3 5 111 631
3 6 65 630
3 114 6 630
3 104 9 627
3 9 112 627
3 113 10 629
3 10 121 629
3 64 63 612
3 612 63 631
3 65 64 622
3 64 612 622
3 65 622 630
3 105 104 615
3 615 104 627
3 106 105 610
3 610 105 615
3 107 106 618
3 106 610 618
3 108 107 608
3 608 107 618
3 109 108 619
3 108 608 619
3 110 109 607
3 607 109 619
3 111 110 623
3 110 607 623
3 111 623 631
3 112 113 611
3 112 611 627
3 611 113 629
3 115 114 609
3 609 114 630
3 116 115 617
3 115 609 617
3 117 116 613
3 613 116 617
3 118 117 620
3 117 613 620
3 119 118 614
3 614 118 620
3 120 119 621
3 119 614 621
3 121 120 616
3 616 120 621
3 121 616 629
3 607 619 625
3 623 607 624
3 624 607 625
3 608 618 628
3 619 608 626
3 626 608 628
3 617 609 624
3 609 622 624
3 622 609 630
3 610 615 621
3 618 610 632
3 610 621 632
3 615 611 616
3 611 615 627
3 616 611 629
3 622 612 624
3 612 623 624
3 623 612 631
3 613 617 625
3 620 613 626
3 613 625 626
3 614 620 628
3 621 614 632
3 614 628 632
3 615 616 621
3 617 624 625
3 628 618 632
3 625 619 626
3 620 626 628
3 5 66 667
3 111 5 667
3 69 7 668
3 7 122 668
3 9 104 663
3 130 9 663
3 129 11 664
3 11 132 664
3 66 67 659
3 66 659 667
3 67 68 633
3 67 633 659
3 68 69 660
3 633 68 660
3 660 69 668
3 104 105 642
3 104 642 663
3 105 106 637
3 105 637 642
3 106 107 656
3 637 106 656
3 107 108 651
3 107 651 656
3 108 109 634
3 108 634 651
3 109 110 646
3 634 109 646
3 110 111 640
3 110 640 646
3 640 111 667
3 122 123 641
3 122 641 668
3 123 124 649
3 641 123 649
3 124 125 636
3 124 636 649
3 125 126 658
3 636 125 658
3 126 127 635
3 126 635 658
3 127 128 665
3 635 127 665
3 128 129 638
3 128 638 665
3 638 129 664
3 131 130 639
3 639 130 663
3 132 131 657
3 131 639 657
3 132 657 664
3 633 650 655
3 650 633 660
3 633 655 659
3 634 646 647
3 634 647 648
3 634 648 651
3 635 645 661
3 645 635 665
3 635 653 658
3 653 635 661
3 649 636 654
3 653 636 658
3 636 653 666
3 654 636 666
3 642 637 643
3 643 637 644
3 644 637 656
3 638 657 662
3 657 638 664
3 638 662 670
3 665 638 670
3 639 642 662
3 642 639 663
3 657 639 662
3 646 640 655
3 655 640 659
3 659 640 667
3 641 649 650
3 641 650 660
3 641 660 668
3 642 643 662
3 643 644 645
3 643 645 670
3 662 643 670
3 645 644 661
3 652 644 656
3 644 652 661
3 645 665 670
3 647 646 655
3 648 647 666
3 647 654 666
3 654 647 669
3 647 655 669
3 651 648 652
3 652 648 653
3 653 648 666
3 650 649 654
3 650 654 669
3 655 650 669
3 651 652 656
3 652 653 661
3 70 6 694
3 6 114 694
3 7 72 695
3 122 7 695
3 121 10 693
3 10 133 693
3 11 129 691
3 134 11 691
3 71 70 686
3 686 70 694
3 72 71 676
3 676 71 686
3 72 676 695
3 114 115 673
3 114 673 694
3 115 116 681
3 673 115 681
3 116 117 677
3 116 677 681
3 117 118 684
3 677 117 684
3 118 119 678
3 118 678 684
3 119 120 685
3 678 119 685
3 120 121 680
3 120 680 685
3 680 121 693
3 123 122 687
3 687 122 695
3 124 123 671
3 671 123 687
3 125 124 683
3 124 671 683
3 126 125 672
3 672 125 683
3 127 126 682
3 126 672 682
3 128 127 674
3 674 127 682
3 129 128 679
3 128 674 679
3 129 679 691
3 133 134 675
3 133 675 693
3 675 134 691
3 683 671 689
3 671 687 688
3 671 688 689
3 682 672 692
3 672 683 690
3 672 690 692
3 673 681 688
3 686 673 688
3 673 686 694
3 679 674 685
3 674 682 696
3 685 674 696
3 675 679 680
3 679 675 691
3 675 680 693
3 676 686 688
3 687 676 688
3 676 687 695
3 681 677 689
3 677 684 690
3 689 677 690
3 684 678 692
3 678 685 696
3 692 678 696
3 680 679 685
3 688 681 689
3 682 692 696
3 683 689 690
3 690 684 692
3 73 697 8
3 8 697 78
3 74 697 73
3 75 697 74
3 76 697 75
3 77 697 76
3 78 697 77
3 130 112 9
3 10 113 698
3 133 10 699
3 10 698 699
3 134 132 11
3 113 112 700
3 112 130 700
3 698 113 700
3 130 131 698
3 130 698 700
3 131 132 699
3 698 131 699
3 132 134 699
3 134 133 699
4 30 42 709 718
4 371 718 709 727
4 30 709 333 718
4 254 98 705 707
4 98 457 705 707
4 474 716 703 719
4 30 227 42 718
4 291 705 287 707
4 371 713 718 727
4 592 515 705 707
4 579 703 477 716
4 254 705 437 707
4 98 256 457 707
4 311 314 310 703
4 254 269 98 707
4 371 713 569 718
4 477 475 704 719
4 287 705 515 707
4 330 371 709 727
4 476 704 312 716
4 709 718 42 725
4 531 705 291 707
4 310 314 579 703
4 704 719 288 742
4 311 309 513 716
4 287 291 292 705
4 287 313 515 705
4 254 437 269 707
4 227 42 718 725
4 330 371 512 709
4 281 707 285 711
4 475 258 472 719
4 477 704 716 719
4 573 598 732 733
4 300 704 582 716
4 371 512 709 718
4 477 716 474 719
4 475 472 704 719
4 483 728 713 738
4 546 473 703 722
4 531 563 705 707
4 311 314 703 721
4 311 703 310 716
4 579 310 703 716
4 474 477 703 716
4 316 706 714 741
4 316 714 706 720
4 99 707 240 711
4 710 714 320 720
4 304 300 305 716
4 703 722 473 739
4 713 728 702 738
4 477 475 476 704
4 461 705 457 707
4 99 452 707 711
4 573 511 598 733
4 720 724 90 726
4 320 714 319 720
4 300 307 582 704
4 461 592 705 707
4 287 292 313 705
4 596 703 375 717
4 596 703 717 738
4 281 490 286 707
4 437 705 563 707
4 30 227 718 740
4 703 721 546 722
4 592 515 462 705
4 569 718 713 744
4 477 476 312 716
4 311 513 703 716
4 477 704 476 716
4 281 490 707 711
4 90 720 272 724
4 304 704 300 716
4 321 714 710 727
4 472 95 96 704
4 239 96 95 704
4 311 703 513 721
4 90 272 720 726
4 281 286 285 707
4 227 725 718 740
4 99 240 100 711
4 461 457 256 707
4 330 329 371 727
4 473 474 703 719
4 472 95 704 719
4 321 320 710 714
4 99 100 452 711
4 316 319 714 720
4 546 259 473 722
4 531 445 563 707
4 284 285 707 711
4 284 281 285 711
4 546 473 474 703
4 417 546 721 722
4 582 716 307 742
4 293 291 531 705
4 582 704 307 716
4 239 288 704 719
4 292 291 293 705
4 316 714 319 741
4 314 374 579 703
4 596 717 400 738
4 567 452 453 707
4 337 30 333 718
4 391 239 288 737
4 453 707 452 711
4 596 513 703 738
4 712 90 724 726
4 472 258 95 719
4 292 498 313 705
4 303 717 375 742
4 239 704 288 737
4 313 498 573 705
4 307 716 704 742
4 312 476 598 704
4 239 704 95 719
4 472 704 96 732
4 473 719 703 739
4 511 308 312 716
4 513 721 703 738
4 475 704 472 732
4 330 709 329 727
4 498 573 705 733
4 96 704 239 737
4 703 716 416 742
4 511 312 598 704
4 332 333 2 709
4 305 300 582 716
4 498 705 292 733
4 596 375 400 717
4 604 548 321 710
4 401 483 713 738
4 375 717 703 742
4 548 321 710 727
4 93 473 259 739
4 473 722 259 739
4 429 391 288 737
4 525 717 303 742
4 573 732 705 733
4 459 476 475 732
4 578 726 722 736
4 511 312 704 716
4 240 707 277 711
4 416 703 513 716
4 459 475 472 732
4 98 457 97 705
4 476 704 475 732
4 445 437 563 707
4 255 720 706 724
4 255 724 706 731
4 409 707 453 711
4 596 375 703 742
4 596 703 416 742
4 374 703 314 721
4 98 97 254 705
4 525 739 717 742
4 31 227 30 740
4 701 718 713 727
4 313 462 515 705
4 30 718 337 740
4 573 498 511 733
4 548 727 710 729
4 333 709 512 718
4 311 310 309 716
4 304 300 704 733
4 546 703 374 721
4 94 719 473 739
4 512 333 330 709
4 417 578 546 722
4 592 462 461 705
4 578 478 722 726
4 416 596 513 703
4 429 288 704 737
4 318 320 319 720
4 284 707 409 711
4 96 732 704 737
4 321 319 320 714
4 409 284 285 707
4 320 604 321 710
4 409 567 453 707
4 568 704 429 742
4 548 408 727 729
4 598 704 476 732
4 546 474 374 703
4 290 717 722 735
4 717 728 483 738
4 713 728 483 744
4 239 270 288 719
4 227 43 42 725
4 512 371 569 718
4 485 731 706 743
4 290 728 717 735
4 311 513 331 721
4 332 330 333 709
4 712 724 720 726
4 93 94 473 739
4 293 531 383 705
4 485 706 298 743
4 328 709 11 734
4 511 304 704 733
4 457 97 705 732
4 474 258 475 719
4 568 429 440 742
4 477 474 475 719
4 490 438 707 711
4 701 712 710 713
4 309 416 513 716
4 90 242 272 726
4 713 727 601 729
4 596 400 513 738
4 255 89 724 731
4 307 704 568 742
4 90 726 712 735
4 710 712 701 720
4 437 254 444 705
4 438 277 707 711
4 574 601 727 729
4 337 31 30 740
4 710 712 702 713
4 331 721 513 738
4 290 722 717 739
4 239 95 270 719
4 290 244 480 722
4 255 706 485 731
4 240 277 423 711
4 290 722 480 735
4 319 316 318 720
4 91 726 90 735
4 90 712 479 735
4 290 297 717 728
4 254 705 97 737
4 322 734 133 741
4 328 11 325 734
4 240 99 269 707
4 292 705 293 733
4 383 705 563 737
4 372 721 331 729
4 255 88 89 731
4 255 298 485 706
4 42 132 11 709
4 462 705 573 732
4 327 727 709 734
4 531 291 382 707
4 304 305 308 716
4 713 718 701 744
4 296 706 255 720
4 574 408 601 729
4 516 726 578 736
4 272 720 255 724
4 698 131 130 706
4 91 90 479 735
4 710 720 393 726
4 414 708 482 731
4 283 280 282 715
4 382 286 490 707
4 245 523 712 724
4 574 727 408 729
4 383 733 705 737
4 717 739 703 742
4 548 710 449 729
4 283 711 280 715
4 286 291 287 707
4 575 401 713 738
4 712 720 710 726
4 300 307 704 733
4 228 44 43 725
4 245 523 724 730
4 131 706 698 741
4 712 724 523 730
4 417 546 374 721
4 33 44 708 731
4 701 714 710 720
4 130 706 131 725
4 99 98 269 707
4 517 393 720 726
4 528 414 482 731
4 383 531 563 705
4 457 257 97 732
4 517 720 272 726
4 131 725 706 741
4 290 244 722 739
4 386 712 523 730
4 430 711 283 715
4 99 256 98 707
4 280 711 279 715
4 487 322 133 741
4 324 133 322 734
4 256 99 452 707
4 525 295 717 739
4 11 328 325 492
4 430 584 593 711
4 293 705 383 733
4 313 573 462 705
4 706 708 701 725
4 434 401 483 713
4 284 409 453 711
4 408 548 449 729
4 701 708 706 724
4 578 516 478 726
4 242 517 272 726
4 307 431 582 742
4 573 598 460 732
4 331 729 721 738
4 131 734 725 741
4 97 705 732 737
4 430 283 282 715
4 575 713 729 738
4 485 112 731 743
4 457 705 458 732
4 563 437 444 705
4 430 593 283 711
4 701 709 718 727
4 316 706 296 720
4 701 710 714 727
4 709 727 714 734
4 372 564 721 729
4 371 422 713 727
4 584 711 430 715
4 306 717 483 738
4 375 306 400 717
4 563 705 444 737
4 599 711 249 715
4 577 704 733 737
4 371 329 422 727
4 439 719 739 742
4 702 712 710 726
4 478 722 726 735
4 256 452 567 707
4 708 724 482 731
4 228 33 44 708
4 438 423 277 711
4 386 712 730 744
4 580 599 101 715
4 699 734 131 741
4 101 711 448 715
4 11 2 42 709
4 382 490 438 707
4 482 708 529 724
4 254 444 705 737
4 101 249 711 715
4 331 372 315 721
4 483 717 301 728
4 457 461 458 705
4 577 429 704 737
4 445 531 382 707
4 390 303 375 742
4 290 717 295 739
4 511 498 304 733
4 101 599 249 715
4 33 708 228 740
4 228 708 44 725
4 328 329 709 727
4 460 462 573 732
4 702 728 717 738
4 439 739 525 742
4 525 295 303 717
4 245 712 90 724
4 473 258 474 719
4 286 287 285 707
4 491 728 290 735
4 245 529 523 730
4 298 706 316 743
4 249 101 580 599
4 434 713 483 744
4 523 386 491 712
4 43 725 227 740
4 322 487 133 324
4 525 289 295 739
4 491 712 386 728
4 721 729 564 736
4 372 564 315 721
4 112 700 130 743
4 411 708 414 740
4 578 259 546 722
4 330 328 329 709
4 286 382 291 707
4 290 491 297 728
4 295 290 297 717
4 228 725 43 740
4 132 11 709 734
4 577 704 307 733
4 290 295 289 739
4 458 705 462 732
4 245 724 529 730
4 708 411 730 740
4 435 279 711 715
4 132 709 42 725
4 410 730 411 740
4 702 729 713 738
4 702 713 712 728
4 386 523 397 730
4 383 563 552 737
4 89 272 255 724
4 33 528 3 731
4 448 711 584 715
4 701 720 712 724
4 254 97 481 737
4 529 724 708 730
4 277 240 269 707
4 599 435 711 715
4 245 479 90 712
4 449 729 710 736
4 296 298 255 706
4 285 287 515 707
4 332 328 330 709
4 411 414 413 740
4 278 280 279 715
4 710 727 713 729
4 462 458 461 705
4 288 270 439 719
4 97 732 96 737
4 434 575 401 713
4 712 713 701 744
4 439 719 271 739
4 722 726 702 736
4 112 130 731 743
4 473 94 258 719
4 706 724 708 731
4 706 701 714 725
4 579 477 312 716
4 701 706 714 720
4 390 525 303 742
4 132 725 131 734
4 328 709 327 727
4 316 298 296 706
4 272 296 255 720
4 461 567 592 707
4 449 548 604 710
4 387 730 410 744
4 460 598 476 732
4 529 482 414 708
4 401 306 483 738
4 42 43 131 725
4 461 256 567 707
4 575 713 601 729
4 303 306 375 717
4 410 718 730 740
4 252 101 448 715
4 311 331 315 721
4 710 726 393 736
4 228 708 725 740
4 386 728 712 744
4 529 708 411 730
4 706 741 316 743
4 499 718 569 744
4 271 719 94 739
4 131 132 42 725
4 269 437 277 707
4 327 325 323 734
4 333 512 337 718
4 400 717 306 738
4 712 728 713 744
4 279 280 281 711
4 706 725 130 731
4 301 483 306 717
4 485 112 9 731
4 92 722 478 735
4 709 714 701 725
4 244 92 480 722
4 131 43 44 725
4 709 725 132 734
4 91 242 90 726
4 529 414 411 708
4 499 410 730 744
4 311 315 314 721
4 563 444 552 737
4 445 277 437 707
4 386 730 397 744
4 564 729 449 736
4 479 523 491 712
4 275 276 274 715
4 373 372 331 729
4 328 327 329 727
4 33 3 44 731
4 407 434 483 744
4 415 449 710 736
4 433 715 268 723
4 382 438 445 707
4 373 729 331 738
4 433 274 715 723
4 252 448 584 715
4 499 730 718 744
4 701 706 720 724
4 698 741 706 743
4 479 712 491 735
4 499 410 718 730
4 701 713 710 727
4 712 728 491 735
4 457 458 257 732
4 101 100 448 711
4 301 717 297 728
4 100 240 448 711
4 383 552 733 737
4 275 715 274 723
4 601 575 422 713
4 718 730 701 744
4 44 725 708 731
4 245 523 479 712
4 725 734 714 741
4 282 280 278 715
4 280 490 281 711
4 701 708 718 725
4 702 721 717 722
4 44 130 725 731
4 460 458 462 732
4 97 96 481 737
4 257 96 97 732
4 44 130 131 725
4 701 718 709 725
4 706 731 130 743
4 569 713 434 744
4 439 270 271 719
4 371 434 569 713
4 574 548 408 727
4 478 726 91 735
4 318 517 393 720
4 702 726 722 735
4 92 478 91 735
4 438 277 445 707
4 499 387 410 744
4 409 285 515 707
4 92 480 722 735
4 294 498 292 733
4 433 268 274 723
4 431 596 416 742
4 712 701 730 744
4 579 312 310 716
4 483 728 302 744
4 706 725 714 741
4 316 296 318 720
4 558 516 578 736
4 249 452 100 711
4 393 726 516 736
4 301 295 297 717
4 294 292 293 733
4 362 417 721 736
4 32 33 228 740
4 558 578 417 736
4 101 249 100 711
4 525 439 289 739
4 409 515 592 707
4 89 90 272 724
4 435 276 279 715
4 304 294 300 733
4 716 719 704 742
4 93 271 94 739
4 699 132 131 734
4 32 413 33 740
4 307 568 431 742
4 592 567 409 707
4 415 564 449 736
4 570 432 600 723
4 300 299 307 733
4 570 715 432 723
4 280 283 490 711
4 362 417 374 721
4 284 279 281 711
4 702 717 728 735
4 710 713 702 729
4 708 725 706 731
4 460 476 459 732
4 498 294 304 733
4 708 730 718 740
4 374 314 362 721
4 714 734 322 741
4 433 580 268 715
4 721 722 702 736
4 702 722 717 735
4 482 529 245 724
4 516 393 517 726
4 717 721 702 738
4 386 397 387 744
4 362 605 417 736
4 130 9 112 731
4 717 721 703 722
4 329 574 422 727
4 709 701 714 727
4 249 453 452 711
4 570 446 715 723
4 703 721 717 738
4 699 131 698 741
4 268 715 102 723
4 133 734 699 741
4 276 278 279 715
4 599 435 453 711
4 446 102 715 723
4 319 714 322 741
4 593 438 283 711
4 438 490 283 711
4 714 725 709 734
4 481 96 239 737
4 275 551 715 723
4 275 278 276 715
4 271 270 94 719
4 95 258 94 719
4 279 284 435 711
4 261 273 697 723
4 407 569 434 744
4 252 570 446 715
4 240 423 448 711
4 254 481 444 737
4 323 322 714 734
4 261 697 436 723
4 102 268 580 715
4 697 447 265 723
4 312 308 310 716
4 415 710 393 736
4 596 431 375 742
4 587 447 697 723
4 88 528 482 731
4 134 325 11 734
4 432 715 551 723
4 708 701 718 730
4 88 255 485 731
4 275 551 278 715
4 599 453 249 711
4 323 548 327 727
4 252 446 102 715
4 259 578 478 722
4 422 575 434 713
4 440 439 525 742
4 593 423 438 711
4 480 491 290 735
4 718 725 708 740
4 487 133 10 741
4 449 604 415 710
4 10 113 495 741
4 589 103 697 723
4 320 393 415 710
4 589 697 273 723
4 584 430 570 715
4 276 433 274 715
4 112 485 298 743
4 472 96 257 732
4 702 729 721 736
4 305 582 416 716
4 407 483 302 744
4 397 730 387 744
4 588 337 718 740
4 599 433 435 715
4 708 724 701 730
4 512 569 499 718
4 265 436 697 723
4 299 577 307 733
4 587 697 103 723
4 712 701 724 730
4 483 301 302 728
4 323 324 322 734
4 284 453 435 711
4 397 523 529 730
4 91 478 242 726
4 315 564 362 721
4 410 588 718 740
4 570 600 446 723
4 89 245 90 724
4 558 393 516 736
4 316 319 495 741
4 315 362 314 721
4 321 322 319 714
4 703 739 719 742
4 371 422 434 713
4 270 95 94 719
4 721 729 702 738
4 432 430 282 715
4 577 552 429 737
4 551 432 282 715
4 259 478 92 722
4 290 289 244 739
4 544 331 513 738
4 423 593 584 711
4 397 529 411 730
4 302 728 386 744
4 373 575 601 729
4 584 570 252 715
4 495 319 322 741
4 75 261 697 436
4 435 433 276 715
4 320 415 604 710
4 293 383 299 733
4 575 729 373 738
4 265 697 77 447
4 432 570 430 715
4 697 261 74 273
4 306 303 301 717
4 423 584 448 711
4 335 31 30 337
4 92 91 480 735
4 303 295 301 717
4 577 733 552 737
4 383 552 577 733
4 552 391 429 737
4 436 697 76 265
4 551 282 278 715
4 580 433 599 715
4 34 5 234 111
4 103 697 8 589
4 410 397 411 730
4 544 513 400 738
4 702 726 710 736
4 712 726 702 735
4 449 564 372 729
4 309 310 308 716
4 321 323 322 714
4 109 36 37 189
4 485 9 88 731
4 294 299 300 733
4 710 729 702 736
4 10 133 699 741
4 305 309 308 716
4 301 297 302 728
4 8 697 103 587
4 482 245 89 724
4 410 411 412 740
4 387 397 410 730
4 9 87 88 731
4 516 517 242 726
4 5 34 234 1
4 102 101 252 715
4 487 495 322 741
4 702 728 712 735
4 478 516 242 726
4 37 634 109 189
4 651 37 634 108
4 634 37 109 108
4 517 296 272 720
4 102 580 101 715
4 416 309 305 716
4 210 25 24 126
4 651 38 108 107
4 439 271 289 739
4 106 38 656 107
4 126 24 210 127
4 481 239 391 737
4 651 38 37 108
4 131 43 42 657
4 44 131 211 43
4 400 306 401 738
4 88 3 528 731
4 491 386 297 728
4 558 417 605 736
4 651 656 38 107
4 485 9 87 88
4 472 257 459 732
4 3 88 87 731
4 657 131 43 211
4 431 390 375 742
4 528 33 486 414
4 663 104 9 219
4 42 131 657 132
4 236 20 67 188
4 302 386 387 744
4 316 741 495 743
4 228 43 227 740
4 373 331 544 738
4 208 634 37 189
4 37 651 634 208
4 480 479 491 735
4 324 325 134 734
4 134 133 324 734
4 717 722 703 739
4 235 668 197 660
4 634 646 109 189
4 325 134 11 326
4 589 697 73 273
4 3 87 88 528
4 390 440 525 742
4 323 325 324 734
4 232 54 55 247
4 294 293 299 733
4 651 656 652 208
4 651 37 38 208
4 111 34 35 196
4 111 35 110 196
4 36 109 202 189
4 36 109 110 202
4 38 656 651 208
4 35 36 110 202
4 499 569 407 744
4 131 44 211 130
4 318 296 517 720
4 299 383 577 733
4 432 265 600 723
4 208 204 634 189
4 219 663 193 211
4 639 130 131 211
4 237 67 20 659
4 587 78 697 447
4 703 719 716 742
4 195 42 43 657
4 657 43 195 211
4 131 657 639 211
4 298 485 112 398
4 638 218 657 664
4 634 204 203 189
4 2 30 333 334
4 53 52 263 231
4 411 413 412 740
4 111 110 640 196
4 113 112 398 743
4 196 640 655 202
4 337 512 499 718
4 42 11 132 664
4 132 134 11 734
4 659 20 237 214
4 480 91 479 735
4 130 663 9 219
4 202 109 646 189
4 110 109 646 202
4 487 10 495 741
4 326 11 325 492
4 410 412 588 740
4 34 79 5 111
4 218 22 2 664
4 633 236 67 188
4 705 733 732 737
4 128 22 638 129
4 108 38 82 107
4 648 634 651 208
4 203 646 634 189
4 82 37 38 108
4 38 656 208 190
4 347 24 25 126
4 78 77 697 447
4 31 412 32 740
4 639 215 642 211
4 634 648 204 208
4 2 42 218 664
4 333 332 2 334
4 588 499 410 718
4 126 347 24 127
4 640 646 655 202
4 316 495 317 743
4 298 398 112 743
4 637 656 106 190
4 574 327 548 727
4 642 105 104 193
4 38 106 83 107
4 35 110 196 202
4 77 76 697 265
4 704 732 733 737
4 220 106 39 190
4 106 38 83 39
4 700 113 698 743
4 655 207 196 202
4 345 24 25 347
4 204 647 634 203
4 105 41 104 193
4 79 5 1 34
4 634 648 647 204
4 657 195 218 638
4 265 447 600 723
4 297 386 302 728
4 210 126 127 635
4 220 637 106 190
4 656 637 644 201
4 588 337 499 718
4 102 446 103 723
4 230 29 197 668
4 83 82 38 107
4 275 261 436 723
4 203 655 646 202
4 697 76 75 436
4 647 654 669 203
4 236 68 224 633
4 644 643 200 201
4 193 642 105 220
4 415 393 558 736
4 647 655 646 203
4 113 741 698 743
4 432 551 265 723
4 418 32 31 412
4 22 11 664 129
4 231 263 7 695
4 24 210 127 665
4 206 669 654 203
4 84 83 39 106
4 447 446 600 723
4 9 3 87 731
4 74 75 261 697
4 646 203 202 189
4 196 110 640 202
4 126 25 346 125
4 130 3 44 219
4 655 647 669 203
4 650 669 223 655
4 697 74 73 273
4 201 644 656 190
4 11 2 22 664
4 460 459 458 732
4 104 41 9 219
4 561 52 51 233
4 102 103 268 723
4 275 274 261 723
4 125 126 25 658
4 203 669 655 207
4 486 33 413 414
4 113 398 317 743
4 50 51 238 248
4 667 234 5 111
4 122 230 7 668
4 659 207 214 196
4 25 346 345 347
4 274 273 261 723
4 335 31 337 530
4 226 637 642 220
4 655 669 223 207
4 638 23 22 128
4 665 198 192 670
4 646 634 647 203
4 343 341 161 135
4 42 2 11 664
4 646 640 110 202
4 193 642 215 211
4 655 203 207 202
4 10 698 113 741
4 642 193 226 220
4 198 195 215 662
4 642 662 215 639
4 188 659 633 207
4 643 199 200 201
4 638 665 23 128
4 408 373 601 729
4 667 237 66 221
4 273 274 268 723
4 215 198 662 670
4 135 343 341 342
4 160 343 161 135
4 41 3 9 219
4 105 642 637 220
4 673 681 115 502
4 670 665 198 638
4 372 373 408 729
4 210 24 192 665
4 666 647 204 203
4 273 268 589 723
4 648 652 653 209
4 660 216 223 650
4 193 105 40 220
4 3 130 44 731
4 207 188 659 214
4 643 200 645 644
4 621 394 545 385
4 141 32 420 165
4 324 134 325 326
4 201 656 637 190
4 84 39 40 106
4 130 9 3 219
4 135 160 343 342
4 329 327 574 727
4 230 7 29 122
4 697 8 78 587
4 23 198 665 638
4 697 73 8 589
4 40 41 105 193
4 209 204 648 208
4 191 636 658 653
4 25 26 346 125
4 499 407 387 744
4 235 197 224 660
4 198 218 195 638
4 223 224 216 660
4 9 86 41 104
4 195 662 657 639
4 639 195 215 211
4 659 67 20 188
4 31 530 412 740
4 436 551 275 723
4 669 206 223 207
4 337 30 335 333
4 201 222 644 190
4 265 551 436 723
4 25 26 125 658
4 514 23 340 520
4 224 236 633 188
4 198 23 22 638
4 215 662 642 226
4 659 655 633 207
4 588 412 530 740
4 237 21 66 221
4 419 418 32 165
4 105 84 40 106
4 663 130 639 211
4 222 652 656 190
4 9 130 3 731
4 218 42 195 657
4 257 458 459 732
4 134 699 133 734
4 204 648 213 209
4 126 346 348 125
4 649 206 650 654
4 198 192 23 665
4 587 446 447 723
4 86 3 9 41
4 224 19 68 236
4 385 545 621 610
4 670 198 662 638
4 645 199 200 643
4 694 6 49 114
4 151 152 149 377
4 360 118 678 357
4 656 644 652 222
4 197 18 668 235
4 684 118 117 357
4 666 647 648 204
4 104 85 41 105
4 198 215 199 670
4 67 68 236 633
4 662 195 215 639
4 206 669 203 207
4 188 20 659 214
4 125 26 212 658
4 1 4 5 79
4 113 112 611 398
4 575 373 544 738
4 597 122 536 123
4 388 518 159 402
4 200 217 210 661
4 418 420 32 165
4 663 642 104 193
4 133 450 693 350
4 652 222 209 190
4 82 108 107 250
4 49 694 114 571
4 271 93 244 739
4 9 3 86 87
4 420 418 419 165
4 633 223 188 207
4 115 673 502 503
4 193 215 642 226
4 152 151 376 377
4 660 223 633 650
4 26 25 191 658
4 223 633 650 655
4 120 451 361 454
4 83 82 107 250
4 357 118 117 507
4 69 668 235 660
4 346 363 348 125
4 163 23 340 514
4 106 39 40 220
4 160 178 343 136
4 682 127 524 349
4 191 212 26 658
4 659 237 66 667
4 31 530 418 412
4 236 19 20 188
4 200 210 192 645
4 484 11 22 129
4 263 7 53 231
4 635 200 210 661
4 549 107 547 250
4 200 635 645 661
4 223 633 655 207
4 444 481 391 737
4 35 81 36 497
4 351 343 178 136
4 198 199 192 670
4 648 653 213 209
4 107 547 618 549
4 347 25 346 126
4 324 350 133 134
4 359 360 678 357
4 23 24 127 665
4 358 684 117 357
4 22 2 11 484
4 135 520 24 342
4 420 32 141 418
4 51 71 676 233
4 618 608 547 107
4 363 346 26 125
4 665 210 127 635
4 107 608 547 250
4 250 108 550 494
4 29 0 7 230
4 649 124 212 636
4 698 10 699 741
4 347 524 127 349
4 642 643 637 226
4 360 119 118 614
4 230 197 18 668
4 39 83 84 246
4 216 641 649 650
4 668 122 197 641
4 589 268 103 723
4 639 657 195 211
4 605 564 415 736
4 660 223 224 633
4 41 86 85 104
4 107 106 83 549
4 672 509 348 354
4 298 317 398 743
4 554 253 595 609
4 153 169 168 380
4 550 608 108 250
4 103 446 587 723
4 643 642 662 226
4 494 109 553 264
4 29 230 122 668
4 24 23 127 521
4 106 40 105 220
4 38 37 82 493
4 84 83 106 549
4 153 155 380 381
4 197 18 29 230
4 665 127 23 128
4 528 33 3 486
4 38 82 83 493
4 133 487 450 350
4 608 619 550 108
4 119 360 366 614
4 341 340 162 135
4 85 84 40 105
4 129 691 368 384
4 108 619 550 494
4 105 637 106 220
4 369 360 118 614
4 659 633 67 188
4 636 191 213 653
4 360 369 366 614
4 380 169 168 404
4 112 113 700 743
4 234 1 34 221
4 376 365 151 152
4 34 111 221 196
4 149 153 470 377
4 217 191 635 653
4 680 454 455 396
4 360 678 119 359
4 125 509 348 672
4 159 26 518 508
4 128 127 23 521
4 405 22 128 129
4 619 109 553 494
4 376 365 152 377
4 38 83 39 246
4 169 167 138 576
4 159 518 388 508
4 222 656 644 190
4 585 60 59 229
4 210 200 635 645
4 212 191 213 636
4 616 629 526 395
4 0 29 18 230
4 485 522 112 398
4 341 340 339 162
4 122 597 29 123
4 118 684 678 357
4 695 263 687 561
4 636 125 212 658
4 356 354 690 355
4 502 677 116 358
4 607 553 109 264
4 40 41 85 105
4 147 148 378 565
4 372 408 449 729
4 641 225 216 649
4 302 387 407 744
4 595 554 609 624
4 345 520 24 521
4 610 469 488 106
4 335 164 31 338
4 384 368 129 399
4 20 21 237 214
4 149 376 151 377
4 357 117 358 507
4 138 471 404 576
4 471 168 138 404
4 141 32 31 594
4 412 413 32 740
4 109 37 81 108
4 176 364 351 159
4 607 109 553 619
4 109 81 36 110
4 556 623 110 264
4 35 36 81 110
4 198 22 218 638
4 81 36 37 109
4 544 400 401 738
4 469 610 618 106
4 119 118 678 360
4 640 667 111 221
4 485 522 9 112
4 552 444 391 737
4 124 125 212 636
4 106 469 488 549
4 149 153 168 470
4 677 684 117 358
4 349 126 348 672
4 471 166 147 562
4 317 298 316 743
4 388 351 136 508
4 334 2 22 484
4 367 119 361 366
4 350 133 487 324
4 526 317 113 398
4 86 9 87 522
4 33 32 419 413
4 692 678 684 355
4 3 241 528 486
4 289 271 244 739
4 672 349 692 355
4 235 68 69 660
4 380 470 153 377
4 237 66 67 659
4 349 682 126 672
4 105 488 84 106
4 31 30 164 335
4 82 81 37 108
4 345 24 520 342
4 221 111 640 196
4 661 652 222 209
4 181 2 22 334
4 206 216 194 650
4 179 175 428 171
4 243 488 105 545
4 132 699 134 734
4 576 169 167 406
4 345 25 24 344
4 22 514 334 484
4 106 618 469 549
4 9 86 104 522
4 419 180 33 486
4 635 191 658 653
4 243 85 86 104
4 160 24 25 344
4 80 34 35 111
4 110 80 35 111
4 629 526 611 616
4 84 85 488 105
4 72 52 561 233
4 611 526 113 398
4 12 0 232 183
4 349 672 354 355
4 223 206 669 650
4 681 677 116 502
4 575 544 401 738
4 15 16 179 229
4 27 26 212 125
4 217 191 210 635
4 609 253 595 622
4 129 484 11 384
4 136 176 351 159
4 111 79 5 591
4 568 440 390 742
4 357 684 678 355
4 488 105 545 610
4 388 351 364 159
4 34 1 79 590
4 119 361 120 367
4 500 465 117 613
4 212 27 124 649
4 673 681 502 504
4 204 205 666 203
4 361 360 119 359
4 661 652 644 222
4 241 3 33 486
4 222 217 661 209
4 220 201 637 190
4 672 125 509 683
4 683 509 672 354
4 463 385 366 632
4 24 23 192 665
4 677 684 358 356
4 524 674 455 399
4 139 166 38 562
4 624 609 595 622
4 166 493 38 562
4 649 194 216 650
4 367 120 616 395
4 396 693 450 350
4 87 3 86 241
4 507 465 117 500
4 653 635 217 661
4 677 117 116 358
4 117 116 358 500
4 388 136 159 508
4 545 615 394 621
4 23 24 520 521
4 168 138 166 471
4 358 502 677 506
4 357 358 684 356
4 514 181 22 334
4 159 518 27 402
4 568 390 431 742
4 236 224 19 188
4 113 317 526 519
4 128 674 524 399
4 234 21 1 221
4 148 376 151 149
4 24 23 520 135
4 246 38 493 562
4 153 155 169 380
4 674 127 524 682
4 524 674 682 541
4 212 191 636 658
4 344 25 136 508
4 605 415 558 736
4 112 627 611 398
4 380 155 169 392
4 120 121 616 395
4 221 237 21 214
4 357 678 359 355
4 690 689 370 356
4 520 23 340 135
4 405 22 23 128
4 156 176 365 152
4 556 557 623 264
4 660 641 216 650
4 678 359 355 541
4 545 615 621 610
4 151 178 489 186
4 691 134 675 326
4 357 360 118 507
4 687 671 572 123
4 104 243 85 105
4 34 80 79 111
4 349 524 682 541
4 355 696 678 541
4 673 502 503 504
4 162 340 163 135
4 115 114 602 609
4 232 0 54 247
4 463 366 614 632
4 149 148 376 378
4 541 696 359 454
4 675 691 326 368
4 263 536 122 687
4 450 451 121 680
4 38 246 139 562
4 555 17 61 171
4 148 147 146 565
4 687 676 695 561
4 616 394 615 621
4 367 451 120 395
4 22 23 163 514
4 40 533 441 427
4 668 18 69 235
4 681 689 506 581
4 676 71 72 233
4 15 14 58 137
4 628 464 369 463
4 326 350 675 368
4 234 5 66 667
4 230 69 7 668
4 413 419 33 486
4 662 199 215 670
4 365 364 176 156
4 594 32 31 418
4 155 153 379 381
4 507 369 118 620
4 510 28 535 123
4 649 206 194 650
4 350 396 693 675
4 180 419 538 486
4 335 336 164 338
4 40 84 85 533
4 649 194 206 654
4 40 39 84 533
4 10 487 495 519
4 266 595 612 623
4 156 389 364 159
4 595 266 557 623
4 163 340 23 135
4 212 27 125 124
4 134 324 350 326
4 389 388 364 159
4 519 629 121 395
4 502 681 677 506
4 143 40 441 427
4 85 86 41 441
4 627 522 243 532
4 540 7 53 122
4 129 405 484 384
4 526 394 616 395
4 520 514 23 405
4 489 352 178 151
4 555 182 17 171
4 153 379 154 155
4 504 681 506 581
4 64 46 47 539
4 465 369 507 620
4 224 68 235 660
4 348 347 126 349
4 645 192 199 670
4 629 121 10 519
4 470 153 168 380
4 263 122 7 695
4 179 15 59 543
4 484 332 2 492
4 205 194 212 654
4 653 213 636 666
4 682 696 692 355
4 61 17 16 171
4 681 689 581 688
4 519 121 450 395
4 155 175 170 392
4 145 533 40 427
4 454 455 685 680
4 693 450 121 680
4 79 4 5 591
4 168 470 380 404
4 348 349 672 354
4 135 340 520 342
4 121 120 451 395
4 164 30 336 335
4 450 451 680 396
4 147 168 166 471
4 380 379 153 381
4 682 696 355 541
4 68 19 224 235
4 351 343 352 178
4 507 117 358 500
4 40 143 145 427
4 507 117 465 620
4 524 127 674 128
4 53 0 7 540
4 171 175 428 586
4 231 7 72 695
4 134 350 675 326
4 170 142 167 566
4 338 164 31 141
4 48 65 47 253
4 369 118 360 507
4 467 500 501 617
4 226 643 637 201
4 55 232 247 183
4 166 139 147 562
4 561 51 676 233
4 561 676 72 233
4 162 340 339 163
4 501 500 116 617
4 370 689 506 356
4 571 114 49 542
4 137 58 15 543
4 358 116 502 500
4 533 39 246 534
4 111 631 623 556
4 522 627 398 532
4 540 29 7 122
4 623 631 266 556
4 79 1 4 590
4 594 141 32 418
4 343 489 352 178
4 641 123 225 649
4 352 489 376 151
4 554 501 602 609
4 159 136 26 508
4 231 52 263 695
4 450 10 121 519
4 526 394 611 616
4 355 349 682 541
4 116 115 502 501
4 139 246 39 534
4 572 671 687 688
4 581 504 681 688
4 684 357 356 355
4 63 45 266 631
4 470 147 149 378
4 492 326 11 384
4 345 346 25 344
4 145 139 39 534
4 351 388 136 159
4 118 117 507 620
4 526 611 394 532
4 466 464 465 626
4 176 352 365 151
4 492 11 484 384
4 647 666 205 203
4 122 7 53 263
4 114 6 49 542
4 248 686 673 688
4 676 248 505 688
4 670 662 199 643
4 39 533 145 534
4 128 524 127 521
4 526 629 519 395
4 248 673 504 688
4 27 125 363 26
4 662 215 643 226
4 377 149 376 378
4 680 451 454 396
4 27 510 124 123
4 41 86 3 241
4 595 624 612 623
4 344 346 25 508
4 500 116 502 501
4 648 213 666 204
4 465 467 466 613
4 54 0 53 540
4 125 363 509 124
4 168 169 138 404
4 687 536 122 123
4 18 197 224 235
4 350 396 675 368
4 178 352 351 176
4 263 572 687 561
4 333 30 335 334
4 30 336 335 334
4 678 692 696 355
4 180 441 241 538
4 617 554 468 624
4 510 536 537 123
4 514 22 23 405
4 351 178 176 136
4 691 326 368 384
4 585 179 59 543
4 336 339 164 338
4 25 26 136 508
4 419 32 33 165
4 227 31 32 740
4 467 554 468 617
4 618 106 107 549
4 45 46 63 266
4 487 10 450 519
4 467 465 500 613
4 120 361 685 454
4 392 380 155 381
4 27 159 402 140
4 107 108 608 250
4 561 687 676 505
4 149 168 147 470
4 643 215 199 226
4 627 611 398 532
4 369 614 628 463
4 643 644 637 201
4 205 206 194 654
4 369 465 464 620
4 122 53 540 263
4 122 540 597 536
4 635 210 217 661
4 117 116 500 613
4 510 509 363 124
4 179 175 137 543
4 72 52 231 695
4 36 167 497 138
4 326 691 11 384
4 660 224 68 633
4 166 37 603 138
4 27 212 194 649
4 80 35 267 497
4 465 117 613 620
4 119 360 361 366
4 508 346 26 363
4 553 550 466 619
4 620 464 369 628
4 151 489 376 186
4 424 172 157 173
4 469 545 385 610
4 344 136 351 508
4 172 424 443 173
4 122 197 29 668
4 346 348 347 126
4 370 354 690 356
4 354 683 509 370
4 611 526 398 532
4 522 627 112 398
4 566 167 170 406
4 489 343 161 178
4 524 347 127 521
4 536 28 597 123
4 361 451 120 367
4 179 137 15 543
4 33 180 419 165
4 135 24 160 342
4 113 526 629 519
4 536 263 572 687
4 384 129 405 399
4 9 87 522 485
4 620 465 464 626
4 200 661 644 222
4 121 451 450 395
4 153 149 152 377
4 124 510 537 123
4 680 693 450 396
4 343 341 489 161
4 597 28 29 123
4 81 36 497 260
4 180 241 33 486
4 352 364 351 176
4 241 33 3 180
4 141 338 187 560
4 521 128 524 399
4 141 31 338 594
4 505 572 687 688
4 547 464 550 608
4 341 340 135 342
4 343 161 178 160
4 468 557 553 607
4 379 443 496 154
4 168 147 470 471
4 661 200 217 222
4 369 366 614 463
4 40 85 41 441
4 144 12 56 559
4 608 550 547 250
4 653 217 213 209
4 110 109 81 264
4 603 166 138 471
4 81 109 108 494
4 136 160 25 344
4 154 156 496 152
4 179 59 15 229
4 352 376 365 151
4 59 15 58 543
4 392 169 380 404
4 216 197 641 660
4 561 572 687 505
4 488 105 610 106
4 690 683 354 370
4 35 80 81 497
4 141 338 164 187
4 650 206 669 654
4 41 40 441 143
4 148 149 147 378
4 228 227 32 740
4 121 10 450 693
4 213 205 636 666
4 39 38 246 139
4 26 25 346 508
4 238 51 71 248
4 262 171 428 586
4 199 200 192 645
4 125 27 363 124
4 630 602 114 609
4 463 469 385 632
4 633 223 224 188
4 696 682 674 541
4 167 142 35 497
4 451 120 121 680
4 246 84 39 533
4 151 365 176 152
4 469 488 545 610
4 348 126 125 672
4 260 36 497 138
4 82 81 108 494
4 29 28 225 123
4 609 554 501 617
4 679 691 368 129
4 129 128 405 399
4 26 518 508 363
4 48 65 253 630
4 154 379 443 381
4 157 443 424 173
4 332 2 334 484
4 463 547 469 618
4 150 489 161 186
4 389 403 184 424
4 342 160 343 344
4 672 349 682 692
4 352 365 364 176
4 671 572 505 688
4 361 119 685 359
4 104 86 243 522
4 72 52 695 561
4 109 619 108 494
4 241 180 538 486
4 537 572 671 123
4 109 110 607 264
4 29 7 0 540
4 379 154 155 381
4 82 108 250 494
4 366 367 119 621
4 405 128 521 399
4 174 560 425 420
4 680 455 685 679
4 678 685 119 359
4 22 405 484 129
4 455 674 685 679
4 539 64 46 612
4 243 104 522 627
4 336 181 514 334
4 622 539 624 612
4 123 194 225 649
4 16 179 585 262
4 636 205 212 654
4 625 617 468 624
4 377 470 149 378
4 565 378 147 527
4 248 676 686 688
4 505 248 504 688
4 247 232 29 183
4 340 336 163 514
4 614 118 369 620
4 456 376 489 186
4 536 510 535 123
4 38 37 493 166
4 144 56 442 559
4 510 27 28 123
4 585 179 16 229
4 359 678 696 541
4 677 358 506 356
4 654 205 206 203
4 369 614 620 628
4 681 116 115 502
4 549 83 107 250
4 12 56 13 144
4 154 173 155 381
4 170 175 171 586
4 484 2 11 492
4 566 170 142 171
4 367 120 119 621
4 260 37 36 138
4 402 518 27 535
4 106 488 84 549
4 171 61 555 262
4 550 464 466 626
4 267 35 142 497
4 367 616 394 395
4 676 71 51 248
4 364 365 496 156
4 179 16 171 262
4 87 3 241 528
4 666 653 213 648
4 205 654 647 203
4 662 215 199 643
4 456 376 148 378
4 368 679 129 399
4 576 404 169 406
4 402 28 27 140
4 137 14 58 251
4 341 353 489 161
4 153 152 379 377
4 171 16 61 262
4 114 694 673 571
4 524 674 541 455
4 637 226 201 220
4 181 336 30 334
4 260 82 37 493
4 49 70 694 571
4 241 41 441 180
4 618 547 469 549
4 585 59 179 229
4 405 23 520 521
4 547 464 628 463
4 644 200 222 201
4 613 466 465 626
4 187 162 174 560
4 185 420 425 421
4 122 29 197 641
4 164 339 336 163
4 671 572 581 505
4 626 466 550 619
4 169 170 167 406
4 624 557 468 607
4 36 81 37 260
4 348 363 509 125
4 340 336 339 163
4 156 365 496 152
4 427 441 143 538
4 154 496 379 152
4 583 28 402 177
4 266 557 623 556
4 57 58 14 251
4 83 38 493 246
4 194 216 225 649
4 527 471 147 562
4 115 114 503 602
4 37 81 82 260
4 194 28 27 123
4 70 50 238 686
4 174 560 353 425
4 504 503 673 571
4 56 57 13 442
4 128 679 674 399
4 613 467 466 625
4 619 553 550 494
4 157 496 443 154
4 173 154 443 381
4 679 455 674 399
4 404 392 169 406
4 338 141 594 560
4 556 631 266 591
4 405 514 22 484
4 533 40 39 145
4 617 609 554 624
4 673 504 571 248
4 364 176 156 159
4 542 6 48 630
4 116 115 501 617
4 63 46 64 612
4 695 52 263 561
4 537 671 124 123
4 161 341 162 135
4 253 65 47 622
4 620 613 465 626
4 338 339 164 187
4 624 595 539 622
4 85 243 488 105
4 155 170 169 392
4 686 50 238 248
4 402 159 388 140
4 468 625 624 607
4 471 138 603 576
4 404 169 138 576
4 164 336 30 181
4 180 143 441 538
4 609 501 115 617
4 554 467 501 617
4 34 35 142 267
4 670 199 645 643
4 505 687 676 688
4 155 175 392 428
4 175 179 428 543
4 442 403 144 559
4 654 666 205 647
4 197 216 224 660
4 179 585 428 543
4 111 631 556 591
4 171 566 170 586
4 150 456 489 186
4 6 65 48 630
4 184 389 424 157
4 86 41 441 241
4 232 29 0 247
4 16 60 61 262
4 539 595 624 612
4 339 164 187 163
4 572 537 536 123
4 85 40 533 441
4 518 27 26 159
4 396 680 693 675
4 162 339 341 353
4 661 645 200 644
4 615 243 105 545
4 684 677 690 356
4 585 16 60 229
4 138 497 260 576
4 178 161 489 186
4 27 28 402 535
4 645 665 192 670
4 365 379 496 152
4 225 197 29 641
4 535 27 28 510
4 467 468 466 625
4 527 139 146 534
4 232 0 29 183
4 31 530 594 418
4 557 553 607 264
4 140 402 28 177
4 510 518 27 363
4 23 405 128 521
4 49 70 6 694
4 683 509 537 124
4 545 105 615 610
4 566 142 555 171
4 690 683 672 354
4 70 49 50 571
4 625 468 553 607
4 456 376 186 148
4 536 122 540 263
4 226 199 643 201
4 260 603 37 138
4 419 32 418 413
4 442 13 56 144
4 388 389 402 140
4 466 468 553 625
4 424 443 251 172
4 143 441 41 180
4 111 110 80 556
4 689 671 683 370
4 47 64 539 622
4 61 62 17 555
4 565 147 146 527
4 379 154 152 153
4 19 18 224 235
4 632 463 469 618
4 468 467 617 625
4 560 174 141 420
4 31 335 338 530
4 170 169 392 406
4 1 62 590 182
4 583 402 28 535
4 212 213 205 636
4 167 35 36 497
4 673 115 114 503
4 13 57 14 172
4 81 80 35 110
4 696 685 359 454
4 180 419 165 538
4 683 537 509 370
4 428 392 155 381
4 353 341 162 161
4 152 365 379 377
4 35 34 80 267
4 111 80 79 556
4 625 553 466 619
4 424 442 184 172
4 48 49 6 542
4 165 419 420 421
4 685 361 359 454
4 12 55 56 559
4 621 367 394 385
4 389 388 159 140
4 624 595 557 623
4 676 248 561 505
4 29 54 247 540
4 363 27 510 124
4 493 37 603 166
4 421 165 419 538
4 505 581 671 688
4 464 547 628 608
4 161 353 489 150
4 142 267 497 566
4 79 80 34 267
4 162 174 560 353
4 675 396 679 368
4 181 163 336 514
4 60 16 585 262
4 217 213 191 653
4 57 13 442 172
4 506 502 681 504
4 394 611 615 532
4 186 376 151 148
4 175 170 392 428
4 671 683 537 124
4 623 557 624 607
4 141 594 420 418
4 692 349 682 355
4 626 550 464 608
4 602 501 115 609
4 394 616 367 621
4 537 683 671 370
4 630 253 602 609
4 691 11 134 326
4 380 153 379 377
4 64 47 65 622
4 238 71 70 686
4 425 150 174 158
4 595 539 266 612
4 695 676 72 561
4 187 338 339 560
4 247 559 55 183
4 251 14 57 172
4 686 238 71 248
4 159 156 389 140
4 632 469 385 610
4 155 175 381 606
4 184 403 442 424
4 62 1 17 182
4 685 119 361 120
4 583 402 403 177
4 146 426 527 534
4 182 17 62 555
4 34 1 590 182
4 253 539 595 622
4 679 396 455 368
4 394 615 611 616
4 463 628 547 618
4 339 162 187 560
4 57 442 251 172
4 543 175 137 606
4 385 621 366 632
4 518 26 27 363
4 167 497 138 576
4 247 583 559 183
4 679 680 396 675
4 225 28 194 123
4 420 425 174 185
4 172 443 251 173
4 146 426 565 527
4 122 263 687 695
4 58 137 251 543
4 134 350 133 675
4 627 243 615 532
4 166 603 493 562
4 181 30 2 334
4 185 141 420 165
4 542 114 6 630
4 110 111 623 556
4 144 559 177 183
4 170 392 428 586
4 466 626 625 619
4 113 629 10 519
4 559 184 144 177
4 412 418 32 413
4 177 559 583 183
4 424 251 442 172
4 142 182 555 171
4 150 148 146 565
4 0 54 29 540
4 540 597 29 122
4 683 125 509 124
4 426 565 425 158
4 378 470 147 527
4 628 620 464 626
4 627 9 522 112
4 29 54 0 247
4 510 537 509 124
4 172 184 424 157
4 139 145 146 534
4 22 163 181 514
4 353 456 150 425
4 496 389 364 156
4 65 253 630 622
4 230 18 69 668
4 51 676 248 561
4 572 536 687 123
4 455 680 396 679
4 353 456 489 150
4 427 145 533 534
4 542 48 253 630
4 406 170 566 586
4 165 420 185 421
4 213 205 666 204
4 241 3 41 180
4 497 167 142 566
4 184 403 389 140
4 503 114 673 571
4 150 174 353 425
4 46 63 266 612
4 471 470 168 404
4 267 142 555 566
4 175 155 173 606
4 522 104 9 627
4 621 614 366 632
4 114 542 602 630
4 503 502 115 501
4 690 689 683 370
4 37 603 260 493
4 427 143 421 538
4 571 686 673 248
4 565 426 146 158
4 631 45 266 591
4 162 174 353 150
4 559 144 12 183
4 603 166 471 562
4 420 174 141 185
4 626 613 466 625
4 55 12 232 183
4 182 62 590 555
4 631 111 5 591
4 534 527 139 562
4 206 223 216 650
4 104 243 615 627
4 367 616 120 621
4 29 583 177 597
4 144 403 442 184
4 464 628 626 608
4 146 147 139 527
4 471 147 470 527
4 583 247 177 183
4 613 617 467 625
4 177 583 28 597
4 607 553 625 619
4 253 47 539 622
4 251 137 173 606
4 631 266 63 612
4 559 403 184 177
4 182 34 142 267
4 158 145 143 427
4 251 137 172 173
4 157 184 389 140
4 247 583 29 597
4 251 137 14 172
4 339 162 560 353
4 62 4 1 590
4 615 394 532 545
4 621 366 367 385
4 455 679 368 399
4 129 11 691 384
4 392 170 406 586
4 532 243 615 545
4 628 463 632 618
4 555 182 142 267
4 614 366 119 621
4 45 5 4 591
4 443 157 154 173
4 121 629 616 395
4 161 162 353 150
4 129 679 128 399
4 143 165 421 538
4 187 174 141 560
4 197 668 641 660
4 144 442 13 172
4 187 162 339 163
4 157 389 496 156
4 666 205 636 654
4 619 550 626 608
4 535 518 27 510
4 175 173 137 606
4 45 63 5 631
4 141 594 560 420
4 571 503 114 542
4 71 676 686 248
4 504 581 505 688
4 381 173 155 606
4 530 338 31 594
4 673 681 504 688
4 527 147 139 562
4 443 424 496 157
4 442 144 184 172
4 247 29 583 177
4 158 185 425 421
4 671 689 581 370
4 176 178 352 151
4 105 104 243 615
4 403 559 583 177
4 622 64 539 612
4 581 689 671 688
4 81 80 110 264
4 693 133 350 675
4 614 628 463 632
4 184 144 403 559
4 156 496 157 154
4 266 539 46 612
4 137 251 543 606
4 175 170 428 586
4 671 572 537 581
4 421 158 143 427
4 496 424 389 157
4 158 426 145 427
4 425 426 158 421
4 140 403 402 177
4 590 34 182 267
4 555 590 182 267
4 494 81 109 264
4 28 583 535 597
4 253 554 602 609
4 543 428 175 606
4 468 595 557 624
4 12 55 559 183
4 608 547 628 618
4 602 542 253 630
4 681 689 677 506
4 685 678 696 359
4 555 566 171 262
4 565 150 456 425
4 155 175 428 381
4 631 5 45 591
4 177 247 29 183
4 581 537 671 370
4 501 115 503 602
4 610 632 469 618
4 427 426 145 534
4 612 631 266 623
4 534 139 246 562
4 177 28 29 597
4 225 216 197 641
4 156 157 389 140
4 185 143 165 421
4 426 158 421 427
4 571 50 686 248
4 497 167 566 406
4 402 389 403 140
4 173 443 251 606
4 629 611 526 113
4 556 79 111 591
4 148 150 456 565
4 426 146 145 534
4 566 171 262 586
4 175 428 381 606
4 165 143 180 538
4 336 164 163 181
4 590 79 34 267
4 378 148 456 565
4 138 260 603 576
4 554 595 468 624
4 185 425 174 158
4 609 630 253 622
4 542 503 114 602
4 597 535 28 536
4 167 497 576 406
4 627 615 611 532
4 632 385 621 610
4 689 506 581 370
4 691 675 679 368
4 556 110 80 264
4 694 686 673 571
4 186 150 456 148
4 145 146 426 158
4 536 535 28 123
4 443 173 381 606
4 158 143 185 421
4 140 184 403 177
4 597 29 247 540
4 709 30 2 42
4 709 2 30 333
4 733 598 704 511
4 733 704 598 732
4 742 429 288 704
4 742 288 429 440
4 288 742 439 440
4 439 742 288 719
4 716 511 304 704
4 716 304 511 308
4 477 374 703 579
4 477 703 374 474
4 739 244 92 93
4 92 244 739 722
4 92 259 739 93
4 739 259 92 722
4 722 417 736 721
4 722 736 417 578
4 731 414 33 528
4 731 33 414 708
4 727 321 323 548
4 727 323 321 714
4 731 89 482 88
4 731 482 89 724
4 720 320 393 318
4 720 393 320 710
4 601 727 422 574
4 422 727 601 713
4 743 130 698 700
4 743 698 130 706
4 727 323 734 327
4 727 734 323 714
4 740 414 33 708
4 740 33 414 413
4 734 328 327 325
4 734 327 328 709
4 742 582 416 431
4 742 416 582 716
4 568 577 704 307
4 568 704 577 429
4 740 530 337 31
4 740 337 530 588
4 736 362 564 721
4 736 564 362 605
4 495 113 519 317
4 495 519 113 10
4 743 495 113 741
4 743 113 495 317
4 492 2 328 332
4 492 328 2 11
4 709 328 2 332
4 709 2 328 11
4 211 642 663 193
4 211 663 642 639
4 638 195 662 657
4 638 662 195 198
4 196 655 659 207
4 196 659 655 640
4 190 652 208 209
4 190 208 652 656
4 190 106 38 656
4 190 38 106 39
4 133 450 10 693
4 133 10 450 487
4 136 343 344 351
4 136 344 343 160
4 210 126 191 25
4 210 191 126 635
4 658 191 126 25
4 658 126 191 635
4 664 42 657 132
4 664 657 42 218
4 264 623 607 557
4 264 607 623 110
4 349 127 126 682
4 349 126 127 347
4 219 130 211 44
4 219 211 130 663
4 208 652 648 209
4 208 648 652 651
4 344 24 342 160
4 344 342 24 345
4 212 649 654 194
4 212 654 649 636
4 665 210 645 192
4 645 210 665 635
4 355 690 684 692
4 355 684 690 356
4 672 355 690 354
4 690 355 672 692
4 356 689 677 690
4 356 677 689 506
4 641 29 123 122
4 641 123 29 225
4 617 500 613 467
4 617 613 500 116
4 565 158 150 425
4 150 158 565 146
4 661 209 653 652
4 653 209 661 217
4 196 659 221 214
4 196 221 659 640
4 667 659 221 640
4 347 24 521 345
4 521 24 347 127
4 664 22 638 218
4 638 22 664 129
4 454 120 680 685
4 454 680 120 451
4 104 219 193 41
4 193 219 104 663
4 66 221 234 667
4 234 221 66 21
4 262 179 428 171
4 262 428 179 585
4 221 111 234 667
4 221 234 111 34
4 696 454 455 685
4 455 454 696 541
4 455 674 696 685
4 696 674 455 541
4 27 649 123 124
4 123 649 27 194
4 70 571 686 694
4 686 571 70 50
4 659 221 237 667
4 659 237 221 214

CELL_TYPES 3855
1
1
1
1
1
1
1
1
1
1
1
1
3
3
3
3
3
3
3
3
3
3
3
3
3
3
3
3
3
3
3
3
3
3
3
3
3
3
3
3
3
3
3
3
3
3
3
3
3
3
3
3
3
3
3
3
3
3
3
3
3
3
3
3
3
3
3
3
3
3
3
3
3
3
3
3
3
3
3
3
3
3
3
3
3
3
3
3
3
3
3
3
3
3
3
3
3
3
3
3
3
3
3
3
3
3
3
3
3
3
3
3
3
3
3
3
3
3
3
3
3
3
3
3
3
3
3
3
3
3
3
3
3
3
3
3
3
3
3
3
3
3
3
3
3
3
3
3
3
3
3
3
3
5
5
5
5
5
5
5
5
5
5
5
5
5
5
5
5
5
5
5
5
5
5
5
5
5
5
5
5
5
5
5
5
5
5
5
5
5
5
5
5
5
5
5
5
5
5
5
5
5
5
5
5
5
5
5
5
5
5
5
5
5
5
5
5
5
5
5
5
5
5
5
5
5
5
5
5
5
5
5
5
5
5
5
5
5
5
5
5
5
5
5
5
5
5
5
5
5
5
5
5
5
5
5
5
5
5
5
5
5
5
5
5
5
5
5
5
5
5
5
5
5
5
5
5
5
5
5
5
5
5
5
5
5
5
5
5
5
5
5
5
5
5
5
5
5
5
5
5
5
5
5
5
5
5
5
5
5
5
5
5
5
5
5
5
5
5
5
5
5
5
5
5
5
5
5
5
5
5
5
5
5
5
5
5
5
5
5
5
5
5
5
5
5
5
5
5
5
5
5
5
5
5
5
5
5
5
5
5
5
5
5
5
5
5
5
5
5
5
5
5
5
5
5
5
5
5
5
5
5
5
5
5
5
5
5
5
5
5
5
5
5
5
5
5
5
5
5
5
5
5
5
5
5
5
5
5
5
5
5
5
5
5
5
5
5
5
5
5
5
5
5
5
5
5
5
5
5
5
5
5
5
5
5
5
5
5
5
5
5
5
5
5
5
5
5
5
5
5
5
5
5
5
5
5
5
5
5
5
5
5
5
5
5
5
5
5
5
5
5
5
5
5
5
5
5
5
5
5
5
5
5
5
5
5
5
5
5
5
5
5
5
5
5
5
5
5
5
5
5
5
5
5
5
5
5
5
5
5
5
5
5
5
5
5
5
5
5
5
5
5
5
5
5
5
5
5
5
5
5
5
5
5
5
5
5
5
5
5
5
5
5
5
5
5
5
5
5
5
5
5
5
5
5
5
5
5
5
5
5
5
5
5
5
5
5
5
5
5
5
5
5
5
5
5
5
5
5
5
5
5
5
5
5
5
5
5
5
5
5
5
5
5
5
5
5
5
5
5
5
5
5
5
5
5
5
5
5
5
5
5
5
5
5
5
5
5
5
5
5
5
5
5
5
5
5
5
5
5
5
5
5
5
5
5
5
5
5
5
5
5
5
5
5
5
5
5
5
5
5
5
5
5
5
5
5
5
5
5
5
5
5
5
5
5
5
5
5
5
5
5
5
5
5
5
5
5
5
5
5
5
5
5
5
5
5
5
5
5
5
5
5
5
5
5
5
5
5
5
5
5
5
5
5
5
5
5
5
5
5
5
5
5
5
5
5
5
5
5
5
5
5
5
5
5
5
5
5
5
5
5
5
5
5
5
5
5
5
5
5
5
5
5
5
5
5
5
5
5
5
5
5
5
5
5
5
5
5
5
5
5
5
5
5
5
5
5
5
5
5
5
5
5
5
5
5
5
5
5
5
5
5
5
5
5
5
5
5
5
5
5
5
5
5
5
5
5
5
5
5
5
5
5
5
5
5
5
5
5
5
5
5
5
5
5
5
5
5
5
5
5
5
5
5
5
5
5
5
5
5
5
5
5
5
5
5
5
5
5
5
5
5
5
5
5
5
5
5
5
5
5
5
5
5
5
5
5
5
5
5
5
5
5
5
5
5
5
5
5
5
5
5
5
5
5
5
5
5
5
5
5
5
5
5
5
5
5
5
5
5
5
5
5
5
5
5
5
5
5
5
5
5
5
5
5
5
5
5
5
5
5
5
5
5
5
5
5
5
5
5
5
5
5
5
5
5
5
5
5
5
5
5
5
5
5
5
5
5
5
5
5
5
5
5
5
5
5
5
5
5
5
5
5
5
5
5
5
5
5
5
5
5
5
5
5
5
5
5
5
5
5
5
5
5
5
5
5
5
5
5
5
5
5
5
5
5
5
5
5
5
5
5
5
5
5
5
5
5
5
5
5
5
5
5
5
5
5
5
5
5
5
5
5
5
5
5
5
5
5
5
5
5
5
5
5
5
5
5
5
5
5
5
5
5
5
5
5
5
5
5
5
5
5
5
5
5
5
5
5
5
5
5
5
5
5
5
5
5
5
5
5
5
5
5
5
5
5
5
5
5
5
5
5
5
5
5
5
5
5
5
5
5
5
5
5
5
5
5
5
5
5
5
5
5
5
5
5
5
5
5
5
5
5
5
5
5
5
5
5
5
5
5
5
5
5
5
5
5
5
5
5
5
5
5
5
5
5
5
5
5
5
5
5
5
5
5
5
5
5
5
5
5
5
5
5
5
5
5
5
5
5
5
5
5
5
5
5
5
5
5
5
5
5
5
5
5
5
5
5
5
5
5
5
5
5
5
5
5
5
5
5
5
5
5
5
5
5
5
5
5
5
5
5
5
5
5
5
5
5
5
5
5
5
5
5
5
5
5
5
5
5
5
5
5
5
5
5
5
5
5
5
5
5
5
5
5
5
5
5
5
5
5
5
5
5
5
5
5
5
5
5
5
5
5
5
5
5
5
5
5
5
5
5
5
5
5
5
5
5
5
5
5
5
5
5
5
5
5
5
5
5
5
5
5
5
5
5
5
5
5
5
5
5
5
5
5
5
5
5
5
5
5
5
5
5
5
5
5
5
5
5
5
5
5
5
5
5
5
5
5
5
5
5
5
5
5
5
5
5
5
5
5
5
5
5
5
5
5
5
5
5
5
5
5
5
5
5
5
5
5
5
5
5
5
5
5
5
5
5
5
5
5
5
5
5
5
5
5
5
5
5
5
5
5
5
5
5
5
5
5
5
5
5
5
5
5
5
5
5
5
5
5
5
5
5
5
5
5
5
5
5
5
5
5
5
5
5
5
5
5
5
5
5
5
5
5
5
5
5
5
5
5
5
5
5
5
5
5
5
5
5
5
5
5
5
5
5
5
5
5
5
5
5
5
5
5
5
5
5
5
5
5
5
5
5
5
5
5
5
5
5
5
5
5
5
5
5
5
5
5
5
5
5
5
5
5
5
5
5
5
5
5
5
5
5
5
5
5
5
5
5
5
5
5
5
5
5
5
5
5
5
5
5
5
5
5
5
5
5
5
5
5
5
5
5
5
5
5
5
5
5
5
5
5
5
5
5
5
5
5
5
5
5
5
5
5
5
5
5
5
5
5
5
5
5
5
5
5
5
5
5
5
5
5
5
5
5
5
5
10
10
10
10
10
10
10
10
10
10
10
10
10
10
10
10
10
10
10
10
10
10
10
10
10
10
10
10
10
10
10
10
10
10
10
10
10
10
10
10
10
10
10
10
10
10
10
10
10
10
10
10
10
10
10
10
10
10
10
10
10
10
10
10
10
10
10
10
10
10
10
10
10
10
10
10
10
10
10
10
10
10
10
10
10
10
10
10
10
10
10
10
10
10
10
10
10
10
10
10
10
10
10
10
10
10
10
10
10
10
10
10
10
10
10
10
10
10
10
10
10
10
10
10
10
10
10
10
10
10
10
10
10
10
10
10
10
10
10
10
10
10
10
10
10
10
10
10
10
10
10
10
10
10
10
10
10
10
10
10
10
10
10
10
10
10
10
10
10
10
10
10
10
10
10
10
10
10
10
10
10
10
10
10
10
10
10
10
10
10
10
10
10
10
10
10
10
10
10
10
10
10
10
10
10
10
10
10
10
10
10
10
10
10
10
10
10
10
10
10
10
10
10
10
10
10
10
10
10
10
10
10
10
10
10
10
10
10
10
10
10
10
10
10
10
10
10
10
10
10
10
10
10
10
10
10
10
10
10
10
10
10
10
10
10
10
10
10
10
10
10
10
10
10
10
10
10
10
10
10
10
10
10
10
10
10
10
10
10
10
10
10
10
10
10
10
10
10
10
10
10
10
10
10
10
10
10
10
10
10
10
10
10
10
10
10
10
10
10
10
10
10
10
10
10
10
10
10
10
10
10
10
10
10
10
10
10
10
10
10
10
10
10
10
10
10
10
10
10
10
10
10
10
10
10
10
10
10
10
10
10
10
10
10
10
10
10
10
10
10
10
10
10
10
10
10
10
10
10
10
10
10
10
10
10
10
10
10
10
10
10
10
10
10
10
10
10
10
10
10
10
10
10
10
10
10
10
10
10
10
10
10
10
10
10
10
10
10
10
10
10
10
10
10
10
10
10
10
10
10
10
10
10
10
10
10
10
10
10
10
10
10
10
10
10
10
10
10
10
10
10
10
10
10
10
10
10
10
10
10
10
10
10
10
10
10
10
10
10
10
10
10
10
10
10
10
10
10
10
10
10
10
10
10
10
10
10
10
10
10
10
10
10
10
10
10
10
10
10
10
10
10
10
10
10
10
10
10
10
10
10
10
10
10
10
10
10
10
10
10
10
10
10
10
10
10
10
10
10
10
10
10
10
10
10
10
10
10
10
10
10
10
10
10
10
10
10
10
10
10
10
10
10
10
10
10
10
10
10
10
10
10
10
10
10
10
10
10
10
10
10
10
10
10
10
10
10
10
10
10
10
10
10
10
10
10
10
10
10
10
10
10
10
10
10
10
10
10
10
10
10
10
10
10
10
10
10
10
10
10
10
10
10
10
10
10
10
10
10
10
10
10
10
10
10
10
10
10
10
10
10
10
10
10
10
10
10
10
10
10
10
10
10
10
10
10
10
10
10
10
10
10
10
10
10
10
10
10
10
10
10
10
10
10
10
10
10
10
10
10
10
10
10
10
10
10
10
10
10
10
10
10
10
10
10
10
10
10
10
10
10
10
10
10
10
10
10
10
10
10
10
10
10
10
10
10
10
10
10
10
10
10
10
10
10
10
10
10
10
10
10
10
10
10
10
10
10
10
10
10
10
10
10
10
10
10
10
10
10
10
10
10
10
10
10
10
10
10
10
10
10
10
10
10
10
10
10
10
10
10
10
10
10
10
10
10
10
10
10
10
10
10
10
10
10
10
10
10
10
10
10
10
10
10
10
10
10
10
10
10
10
10
10
10
10
10
10
10
10
10
10
10
10
10
10
10
10
10
10
10
10
10
10
10
10
10
10
10
10
10
10
10
10
10
10
10
10
10
10
10
10
10
10
10
10
10
10
10
10
10
10
10
10
10
10
10
10
10
10
10
10
10
10
10
10
10
10
10
10
10
10
10
10
10
10
10
10
10
10
10
10
10
10
10
10
10
10
10
10
10
10
10
10
10
10
10
10
10
10
10
10
10
10
10
10
10
10
10
10
10
10
10
10
10
10
10
10
10
10
10
10
10
10
10
10
10
10
10
10
10
10
10
10
10
10
10
10
10
10
10
10
10
10
10
10
10
10
10
10
10
10
10
10
10
10
10
10
10
10
10
10
10
10
10
10
10
10
10
10
10
10
10
10
10
10
10
10
10
10
10
10
10
10
10
10
10
10
10
10
10
10
10
10
10
10
10
10
10
10
10
10
10
10
10
10
10
10
10
10
10
10
10
10
10
10
10
10
10
10
10
10
10
10
10
10
10
10
10
10
10
10
10
10
10
10
10
10
10
10
10
10
10
10
10
10
10
10
10
10
10
10
10
10
10
10
10
10
10
10
10
10
10
10
10
10
10
10
10
10
10
10
10
10
10
10
10
10
10
10
10
10
10
10
10
10
10
10
10
10
10
10
10
10
10
10
10
10
10
10
10
10
10
10
10
10
10
10
10
10
10
10
10
10
10
10
10
10
10
10
10
10
10
10
10
10
10
10
10
10
10
10
10
10
10
10
10
10
10
10
10
10
10
10
10
10
10
10
10
10
10
10
10
10
10
10
10
10
10
10
10
10
10
10
10
10
10
10
10
10
10
10
10
10
10
10
10
10
10
10
10
10
10
10
10
10
10
10
10
10
10
10
10
10
10
10
10
10
10
10
10
10
10
10
10
10
10
10
10
10
10
10
10
10
10
10
10
10
10
10
10
10
10
10
10
10
10
10
10
10
10
10
10
10
10
10
10
10
10
10
10
10
10
10
10
10
10
10
10
10
10
10
10
10
10
10
10
10
10
10
10
10
10
10
10
10
10
10
10
10
10
10
10
10
10
10
10
10
10
10
10
10
10
10
10
10
10
10
10
10
10
10
10
10
10
10
10
10
10
10
10
10
10
10
10
10
10
10
10
10
10
10
10
10
10
10
10
10
10
10
10
10
10
10
10
10
10
10
10
10
10
10
10
10
10
10
10
10
10
10
10
10
10
10
10
10
10
10
10
10
10
10
10
10
10
10
10
10
10
10
10
10
10
10
10
10
10
10
10
10
10
10
10
10
10
10
10
10
10
10
10
10
10
10
10
10
10
10
10
10
10
10
10
10
10
10
10
10
10
10
10
10
10
10
10
10
10
10
10
10
10
10
10
10
10
10
10
10
10
10
10
10
10
10
10
10
10
10
10
10
10
10
10
10
10
10
10
10
10
10
10
10
10
10
10
10
10
10
10
10
10
10
10
10
10
10
10
10
10
10
10
10
10
10
10
10
10
10
10
10
10
10
10
10
10
10
10
10
10
10
10
10
10
10
10
10
10
10
10
10
10
10
10
10
10
10
10
10
10
10
10
10
10
10
10
10
10
10
10
10
10
10
10
10
10
10
10
10
10
10
10
10
10
10
10
10
10
10
10
10
10
10
10
10
10
10
10
10
10
10
10
10
10
10
10
10
10
10
10
10
10
10
10
10
10
10
10
10
10
10
10
10
10
10
10
10
10
10
10
10
10
10
10
10
10
10
10
10
10
10
10
10
10
10
10
10
10
10
10
10
10
10
10
10
10
10
10
10
10
10
10
10
10
10
10
10
10
10
10
10
10
10
10
10
10
10
10
10
10
10
10
10
10
10
10
10
10
10
10
10
10
10
10
10
10
10
10
10
10
10
10
10
10
10
10
10
10
10
10
10
10
10
10
10
10
10
10
10
10
10
10
10
10
10
10
10
10
10
10
10
10
10
10
10
10
10
10
10
10
10
10
10
10
10
10
10
10
10
10
10
10
10
10
10
10
10
10
10
10
10
10
10
10
10
10
10
10
10
10
10
10
10
10
10
10
10
10
10
10
10
10
10
10
10
10
10
10
10
10
10
10
10
10
10
10
10
10
10
10
10
10
10
10
10
10
10
10
10
10
10
10
10
10
10
10
10
10
10
10
10
10
10
10
10
10
10
10
10
10
10
10
10
10
10
10
10
10
10
10
10
10
10
10
10
10
10
10
10
10
10
10
10
10
10
10
10
10
10
10
10
10
10
10
10
10
10
10
10
10
10
10
10
10
10
10
10
10
10
10
10
10
10
10
10
10
10
10
10
10
10
10
10
10
10
10
10
10
10
10
10
10
10
10
10
10
10
10
10
10
10
10
10
10
10
10
10
10
10
10
10
10
10
10
10
10
10
10
10
10
10
10
10
10
10
10
10
10
10
10
10
10
10
10
10
10
10
10
10
10
10
10
10
10
10
10
10
10
10
10
10
10
10
10
10
10
10
10
10
10
10
10
10
10
10
10
10
10
10
10
10
10
10
10
10
10
10
10
10
10
10
10
10
10
10
10
10
10
10
10
10
10
10
10
10
10
10
10
10
10
10
10
10
10
10
10
10
10
10
10
10
10
10
10
10
10
10
10
10
10
10
10
10
10
10
10
10
10
10
10
10
10
10
10
10
10
10
10
10
10
10
10
10
10
10
10
10
10
10
10
10
10
10
10
10
10
10
10
10
10
10
10
10
10
10
10
10
10
10
10
10
10
10
10
10
10
10
10
10
10
10
10
10
10
10
10
10
10
10
10
10
10
10
10
10
10
10
10
10
10
10
10
10
10
10
10
10
10
10
10
10
10
10
10
10
10
10
10
10
10
10
10
10
10
10
10
10
10
10
10
10
10
10
10
10
10
10
10
10
10
10
10
10
10
10
10
10
10
10
10
10
10
10
10
10
10
10
10
10
10
10
10
10
10
10
10
10
10
10
10
10
10
10
10
10
10
10
10
10
10
10
10
10
10
10
10
10
10
10
10
10
10
10
10
10
10
10
10
10
10
10
10
10
10
10
10
10
10
10
10
10
10
10
10
10
10
10
10
10
10
10
10
10
10
10
10
10
10
10
10
10
10
10
10
10
10
10
10
10
10
10
10
10
10
10
10
10
10
10
10
10
10
10
10
10
10
10
10
10
10
10
10
10
10
10
10
10
10
10
10
10
10
10
10
10
10
10
10
10
10
10
10
10
10
10
10
10
10
10
10
10
10
10
10
10
10
10
10
10
10
10
10
10
10
10
10
10
10
10
10
10
10
10
10
10
10
10
10
10
10
10
10
10
10
10
10
10
10
10
10
10
10
10
10
10
10
10
10
10
10
10
10
10
10
10
10
10
10
10
10
10
10
10
10
10
10
10
10
10
10
10
10
10
10
10
10
