# vtk DataFile Version 2.0
whisker_body, Created by Gmsh 4.13.1 
ASCII
DATASET UNSTRUCTURED_GRID
POINTS 725 double
-8.874119674649524 -1.499999999999705 0
8.874119674649528 -1.499999999999699 0
-6.628755791818376 -1.499999999999906 28
6.628755791818378 -1.499999999999903 28
12 0 0
8.874119674649352 1.500000000000214 0
0 9 0
-8.87411967464935 1.500000000000212 0
4.12982931753815 0 100
6.628755791818366 1.499999999999928 28
0 6.796352208910681 28
-6.628755791818367 1.499999999999927 28
-7.584846902842285 -4.844594664205024 0
-5.092435961360746 -7.420720718329175 0
-1.792242851007811 -8.81974294200298 0
1.792242851007785 -8.819742942002986 0
5.092435961360731 -7.420720718329185 0
7.584846902842282 -4.844594664205029 0
-5.324471804789714 -1.5 0
-1.774823934929904 -1.5 0
1.774823934929906 -1.5 0
5.324471804789717 -1.5 0
-6.910885582282804 -1.5 24.50011808444513
-7.192500707380571 -1.5 21.00019383108852
-7.473659269704564 -1.5 17.5002327886836
-7.754410910022886 -1.5 14.00023907327058
-8.034798300302295 -1.5 10.50021578967237
-8.314858142193822 -1.5 7.000167672079073
-8.594622653156597 -1.5 3.500094601365006
-4.917608528178516 -4.691218361060485 28
-1.810517853117737 -6.550757853188212 28
1.810517853117744 -6.550757853188211 28
4.91760852817852 -4.691218361060481 28
8.594622653156597 -1.5 3.500094601365006
8.314858142193824 -1.5 7.00016767207903
8.034798300302299 -1.5 10.50021578967231
7.754410910022891 -1.5 14.00023907327054
7.473659269704568 -1.5 17.50023278868356
7.192500707380574 -1.5 21.00019383108848
6.910885582282804 -1.5 24.50011808444513
-3.314377895909187 -1.5 28
0 -1.5 28
3.314377895909189 -1.5 28
11.34980690040761 3.896393630456207 0
9.469686112756717 7.370552552276022 0
6.563377897469113 10.04599773915035 0
2.945825845689581 11.63280319127197 0
-0.9909521456679979 11.95901391608004 0
-4.820345095835646 10.98927991986068 0
-8.127378859508902 8.82868692807757 0
-10.55368501447787 5.71136871644487 0
-11.83633564083267 1.975135083368787 0
-11.83633564083267 -1.975135083368821 0
-10.55368501447786 -5.711368716444897 0
-8.12737885950888 -8.828686928077589 0
-4.820345095835619 -10.9892799198607 0
-0.9909521456679715 -11.95901391608004 0
2.945825845689616 -11.63280319127196 0
6.563377897469155 -10.04599773915032 0
9.469686112756747 -7.370552552275983 0
11.34980690040762 -3.896393630456205 0
7.818029843080671 4.458520984889497 0
5.809475019311043 6.873863542433829 0
3.093156003024702 8.451768213868164 0
5.324471804789612 1.5 0
1.774823934929872 1.5 0
-1.774823934929868 1.5 0
-5.324471804789608 1.5 0
-3.093156003024702 8.451768213868164 0
-5.809475019311038 6.873863542433833 0
-7.818029843080673 4.458520984889494 0
2.574906462902252 3.228830577670782 100
-0.9189734768187546 4.026285874214754 100
-3.720847644852559 1.791865786210781 100
-3.720847644852582 -1.791865786210735 100
-0.9189734768187868 -4.026285874214746 100
2.574906462902235 -3.228830577670795 100
11.69730112759762 0 3.846153846153846
11.39460225519524 0 7.692307692307693
11.09190338279286 0 11.53846153846154
10.78920451039049 0 15.38461538461539
10.48650563798811 0 19.23076923076923
10.18380676558573 0 23.07692307692308
9.881107893183348 0 26.92307692307692
9.578409020780969 0 30.76923076923077
9.27571014837859 0 34.61538461538461
8.973011275976212 0 38.46153846153846
8.670312403573833 0 42.30769230769231
8.367613531171454 0 46.15384615384615
8.064914658769075 0 50
7.762215786366696 0 53.84615384615385
7.459516913964317 0 57.69230769230769
7.156818041561938 0 61.53846153846154
6.85411916915956 0 65.38461538461539
6.551420296757181 0 69.23076923076923
6.248721424354802 0 73.07692307692308
5.946022551952423 0 76.92307692307692
5.643323679550044 0 80.76923076923077
5.340624807147665 0 84.61538461538461
5.037925934745286 0 88.46153846153847
4.735227062342908 0 92.30769230769231
4.432528189940529 0 96.15384615384616
6.910885582282804 1.5 24.50011808444513
7.192500707380571 1.5 21.00019383108852
7.473659269704564 1.5 17.5002327886836
7.754410910022886 1.5 14.00023907327058
8.034798300302295 1.5 10.50021578967237
8.314858142193822 1.5 7.000167672079073
8.594622653156597 1.5 3.500094601365006
5.318854081553416 4.230862158793131 28
2.952623745844936 6.121471748120522 28
0 8.724544026113835 3.5
0 8.449088052227671 7
0 8.173632078341505 10.5
0 7.898176104455341 14
0 7.622720130569176 17.5
0 7.347264156683011 21
0 7.071808182796846 24.5
-8.594622653156597 1.5 3.500094601365006
-8.314858142193824 1.5 7.00016767207903
-8.034798300302299 1.5 10.50021578967231
-7.754410910022891 1.5 14.00023907327054
-7.473659269704568 1.5 17.50023278868356
-7.192500707380574 1.5 21.00019383108848
-6.910885582282804 1.5 24.50011808444513
3.314377895909184 1.5 28
0 1.5 28
-3.314377895909184 1.5 28
-2.952623745844938 6.121471748120521 28
-5.318854081553414 4.230862158793133 28
6.180629314930665 -4.236320145310134 19.14694643312734
6.696334589598581 -4.470505804352861 12.05209808107409
-6.853684124016674 -4.721504385424596 8.607244940416276
-6.460855346943899 -4.312152720228998 15.6577337350499
-1.273726035872935e-14 -8.755741709905614 3.103595842447225
2.264278469836312e-15 -7.040129900202626 24.90251074433257
7.038542438082229 -5.102137169040388 3.897417989526377
-5.814365833773309 -4.275912350742429 22.6505966358311
-6.292644529000639 -6.088155527105005 3.103595842447215
6.732082302496138 -4.999422297362887 7.809065026912664
4.384543764377726 -6.915273489273545 10.31597377350274
4.427509886685411 -6.552414190738031 13.87476462657256
1.648112895845961 -7.870735189988069 12.17966650523512
1.611226415047692 -7.59855168586626 15.66041203242539
-1.328515928282836 -7.798308506202921 13.8413541835764
-1.418169797486183 -7.498227933976018 17.39274066222469
-1.29507249983 -8.082067323680718 10.35338355170703
1.440176544480514 -7.355743633925409 19.1177118019848
4.342128934323739 -7.267069913322844 6.791692655290698
-4.175857930534764 -6.893107376482293 11.95240968877386
-1.434476503797271 -7.183694637368522 21.27633061966598
-4.504728964282222 -6.002136133900284 19.00153577014341
-4.423891004394515 -7.057848411894381 8.516867035107577
-1.85360118819783 -8.284905054551915 6.483614805483555
-3.164658708306208 -6.295788977851041 24.82259756697279
3.489734432598699 -6.120552278966647 24.83397385353442
5.814365833773094 -4.275912350742743 22.65059663583093
-6.587720655322819 -4.613263411103735 12.16741033004548
6.452067280034806 -4.322899533142658 15.67464934644802
4.588058778789013 -7.427977469838978 3.421773542242948
-3.368174195597105 -8.088801921544416 3.023590973436102
-4.070418869171593 -6.632191302132744 15.48044573342515
1.684689826150608 -8.128691858772292 8.876119029345094
4.275295936941836 -6.335290645724192 17.24347199197844
-7.470308771703509 -4.19740721354653 5.479355131242533
4.077730980529144 -6.136776700691496 20.73609998303077
-6.395536335201933 -3.900094740239515 19.17489863566674
1.408070519192148 -7.121456339449059 22.11736984324825
1.630127293442348 -8.398025190282164 5.657144667559895
-5.139941352399621 -6.846135123729029 5.579625161837424
-5.708774550525124 -4.051264908402306 25.40981905365935
5.796007854891526 -3.918649577556688 25.45823480035721
-3.828464809680046 -6.171821411190382 22.07299275445564
-7.844888087526108 -3.977156866517071 2.598978231380578
-5.635969669316554 -5.953273700940966 10.1916022879158
2.432407222166853 -8.459373391564927 2.51409695013009
7.702872272976617 -3.672668867383754 5.925869468718089
8.102483083351812 -3.481157669545655 2.304196016116321
0.08084490486560725 -1.5 2.919519030154765
4.861487999121113 -1.5 12.01356028263488
-4.30785544744707 -1.5 19.56540017156103
-4.720154635513297 -1.5 12.0455295977678
4.083998858129306 -1.5 22.53205023749914
-1.762132658246883 -1.5 25.18247311903806
5.599414460204219 -1.5 5.143378026383193
-5.423588777505417 -1.5 5.007848009044989
4.319069290325249 -1.5 19.01516252529169
1.516746196795335 -1.5 20.76204120880932
1.566111975381077 -1.5 17.0771240316025
4.610794513786761 -1.5 15.52432815786188
1.717642238196142 -1.5 13.54208804804234
1.960313192530604 -1.5 10.03314825666758
-1.446839565042975 -1.5 14.71910239957891
5.167271387718664 -1.5 8.536105144004466
1.893570778701577 -1.5 6.118067394790361
-0.9458746721176805 -1.5 8.041354523304824
-1.219943569641051 -1.5 11.54669297477309
-4.74307189432599 -1.5 8.304508619101526
-4.205123093523969 -1.5 22.86028170640305
1.532833653061624 -1.5 24.75537449134492
-4.491585088040614 -1.5 16.06848864564512
3.473773064202671 -1.5 2.778190668441357
-3.393206486141781 -1.5 2.621754470036035
-1.246590700512883 -1.5 18.58042784300882
-2.088554357753948 -1.5 5.502175341072083
-4.564255004356236 -1.5 25.70857458197725
-1.135153010749635 -1.5 22.28248783008043
4.363803463893735 -1.5 25.48055689543033
6.169512501725004 -1.5 2.488179559319825
-6.169512501724984 -1.5 2.48817955931984
-2.907261192899505 -1.5 9.984521428736809
-1.677063065850169 -3.599562970502608 28
1.092487226372924 -4.065382839656585 28
4.098470638881822 -9.479816147688613 0
-7.099295739719495 7.814668436628774e-14 0
7.099295739719569 1.698500362568311e-13 0
1.27675647831893e-15 -5.551115123125783e-17 0
3.549647869859776 -5.551115123125783e-17 0
-3.549647869859773 1.110223024625157e-16 0
-10.35522765774104 6.750155989720952e-14 0
-9.770542543260143 3.411256196175788 0
-9.712246808200572 -3.507774616004609 0
-8.077142184094621 6.468110042961442 0
7.177586718607229 -7.420466418490129 0
5.874941965699419 -3.230168356778296 67.28702389844678
4.506801907311686 3.141110676025596 82.67373359057132
8.847295239772535 -3.254968410217793 32.69230769230769
7.537115834733423 -3.271746318549972 48.07271413411885
9.15972057163448 3.291874638607488 28.80129089162229
8.19296927772441 3.281111394805397 40.33513620691421
7.240851357910233 3.211885203716478 51.82548599373602
6.213887481934265 3.245444915272786 63.39923967603544
9.723053105880227 -3.468851899138217 21.30438744049582
-11.12831668876398 -3.727894577179308 3.352849618660026
-6.40897086032933 9.831472495910349 3.354945321539879
4.120956139303948 -3.164651533575192 86.45438299149789
10.11646280799686 3.299978907415305 17.2666578464178
-2.879762434608137 -11.37192468062312 3.419408766471419
3.842648706686319 3.033066542990181 90.27185253803145
4.712243512000815 10.74283313214683 3.419408766471414
5.061682954132237 3.461593149354008 74.55810570178097
6.549351529825263 -3.253310064738092 59.55566450511558
8.185627868035191 -3.295453179501717 40.35379801693936
3.99829196355395 -4.223427697770227 78.57754692094852
10.4335831550334 -3.302239113208106 13.42163899493247
-2.723844371020307 -3.415592807225228 96.96476903409871
7.945113376504919 -8.63069383398738 3.419408766471524
-11.08753515077069 3.853785920094337 3.326612998327261
10.7499272969823 3.304317935205711 9.576559054785395
-2.638657531705449 3.519982119789499 96.577570720213
10.31700692552852 5.583284939902489 3.419408766471419
11.06555625010633 -3.306234306777092 5.731422828049544
3.374681076322981 -3.113226891838579 94.13560339841074
4.837845728766099 3.200344540605741 78.77084989766158
6.195068113102339 -3.26720803300037 63.48246542003737
7.854154908482224 -3.29597773825231 44.24681280899749
0.8839995536649154 -4.277270915255913 96.9780051014548
-1.026363288231772 -4.496791380231672 93.86791657696068
-3.991835062572642 -2.338425646660641 93.69128871488709
-2.665778498675616 -4.082165187506186 90.52542422060061
2.088941625451757 5.259300196691987 80.57045436876267
-4.789128481357247 -0.998974029050823 90.31305828804543
-4.063088705780968 -3.137996338283004 87.24358005335516
-5.133833359580962 0.5167245571648957 86.91333477525899
-5.092103450417761 -1.79128887533157 83.88656447193314
-4.137555563474096 2.681750410533583 89.82481218481928
-3.534227894942234 3.814507298768926 86.40068611547279
-2.745413211788464 -4.619090841170763 84.19909433151128
-4.229962878426591 -3.731070561349256 80.80709901781614
-5.662514182462533 -0.2402448000503219 80.46066475038572
-5.379579876003437 -2.441171381806897 77.41186289194502
3.812537701748236 -5.706104623038395 65.27704605104638
3.445742303776671 -5.583582627396864 69.10632278986269
0.4911922108151668 -6.712797169206367 66.95224476051388
1.143464320643022 -6.926736729453251 63.27075269923444
0.08577594838555021 -6.429788803425194 70.76897444867173
-2.968178828717595 -5.906781641627339 68.47870201813842
-2.812990279230799 -5.172294541192574 77.66355917088102
-5.803499292467115 1.280888273429342 76.95931224276956
-6.165426915598736 -0.5163699563488854 73.86100590676175
-5.568079174286397 2.775291215819899 73.42414712643092
-4.616140362221717 3.339830848340895 80.0789422640907
-6.45970213750156 0.5001904012506133 70.15046494516989
-5.146336094539605 3.97933599320776 69.81584362257871
-6.401091178945522 2.109303577478371 66.83885055259844
-4.359195922247593 5.20275571084354 66.23006275663192
-6.149674133762011 3.381768823395737 63.3000232367161
5.809972493555698 -6.032786365925511 46.05265945222149
5.483215405421368 -5.924671387682396 49.90194595353329
2.770156728754613 -7.764620367478688 47.72484271747959
3.197155937797593 -7.920946156974291 43.93996734546543
-0.2569776379302992 -8.410660465874201 45.55701233050966
-0.6818808050036312 -8.700779911526498 41.58158184668897
-0.6671914285516238 -8.086363505812598 49.37832924700315
-2.048430611042799 6.236409428135071 69.06824360937026
-6.943077754669846 -0.7329269500110238 63.76411529187673
-7.188574497988151 0.979690458577076 60.29061597442615
-4.158909450699647 -7.16646696194676 47.19315952123127
-5.652448707960202 4.62128534136601 59.70484312230154
-7.096168556176027 2.532917763741478 56.73737310769452
-7.408339600764843 -1.121528961806938 57.27002409329229
-7.765273482854552 0.3108318771617382 53.7282877116732
-6.720173583549493 3.99058580242222 53.16629484459393
-7.838811755490177 1.834124035242298 50.18281590220685
-6.130460423854603 5.292737683007017 49.56548001124296
-7.640766975599243 3.32092098968225 46.61580502410243
-5.417422455364337 6.399237017923387 45.94014686001342
-7.244027809965948 4.661430977200892 43.02034641989764
-4.582072707789624 7.36168803329914 42.29631793681227
-6.672983402153744 5.887569786268963 39.401951971356
-3.656235475914772 8.179528721744836 38.63313912047684
-5.960174234669215 6.98908655833611 35.76327486455481
-8.239827369905372 3.935590089591099 36.44821290591296
-7.810694034069372 5.258736538256931 32.83270128525685
-9.21361308727511 1.695943530694406 33.43766735723329
-9.119726043985697 3.158094829966825 29.84610797872299
-7.220163593585337 6.481014944963302 29.19524846901984
-8.830637291209458 4.553283979681282 26.23298935170881
-9.853888081885977 0.8468657815926163 26.80739919173483
-9.899489069629343 2.34203813233494 23.21729776061863
-10.01936222375667 -1.515058792143533 23.71914032419615
-8.369522572392357 5.867750685818723 22.59777134328572
-10.41401573666399 -0.003873766085273089 20.15183160380345
-9.658355668309826 -3.802589900428109 20.58458772961264
-8.687514945621384 -5.156723340943562 24.1073789536439
-2.668088635643538 8.855983563822353 34.95261181105375
-7.563088979116242 -7.072426871789754 20.90568757888035
-6.082625098435082 -8.039888742825887 24.37591052276914
-8.835874271088166 -5.909242320583987 17.41053725909698
-6.102848057758151 -8.678663802273476 17.66649889071108
-9.085252053783758 0.1945545888349499 37.00891854036126
-7.629286659641945 -7.760812732356723 14.19485041035589
-4.394756641702084 -9.939276967009928 14.38945164329912
-2.548165262185131 -10.28727504584942 17.81195893302541
-2.452098059501019 8.091037198267392 45.05052700900085
-9.879796805045832 -4.620945510379475 13.88737308734527
-0.5885160324955491 -10.84564795930193 14.46469889091548
-9.079967415467737 -2.147137607525264 33.92072655769719
-8.316105793124109 -3.578729645031018 37.43949245432583
-7.409406365584005 -5.62445196742441 34.27686103810949
1.335732040548531 -10.51240189443926 17.82778565714264
-4.08215821143085 6.73103014759256 52.4492774499427
3.267899554509923 -10.35918139124074 14.45453590880531
0.01088434121323473 9.029877729818596 37.73889830591371
1.06548969723169 9.261161907459554 34.02401035384445
-6.942264211297345 -3.418481453304153 54.1502289945637
1.356356133844737 -11.04280688658928 11.10784397742507
-5.82630155070551 -4.668326887873859 57.61171101296442
5.096085893480838 -9.895769356369282 11.04330055472265
-6.118756346475385 -9.308020638733939 10.93941122459134
-8.508834120212358 1.009298713336881 43.60152711614192
5.051615622276785 -9.321810454504236 17.75574410279
3.242535969760757 -9.812470356591113 21.16419805953207
3.67715174223119 8.334806265265673 36.72208904942217
2.635863986535363 8.414800463365173 40.43148800417042
4.516148617191805 8.248852317099772 32.98264111219947
2.072374166742005 9.389776499044856 30.29477569418341
3.177956450264367 -10.94560617906291 7.653985814632709
-0.9848255123734625 6.781829855640603 65.39930998451169
-6.048494199024834 -6.704827252410404 37.73877147030184
-4.471124028675689 -8.136919863313409 34.50474268794946
-7.285910560730762 -4.897046851714615 40.93050681379519
1.744982169499744 6.40414318623439 68.13548527274267
3.594329307080958 -8.080079818294569 40.10756572002908
-6.092686909699484 -7.359840681328197 31.07327743154858
-2.640008319660853 -9.170501759085472 31.21987905016183
-1.054673765909588 -9.220540069021672 34.55245937907628
1.111851810002619 -9.481172955445528 31.17920352417124
-0.7288089992467067 -9.778368625930993 27.88387948903526
3.106942574579127 -9.298804957951099 27.90123810775533
-4.476787624997994 -6.285026424915273 54.42800580013167
-2.685104324440409 -6.956741402973625 57.72498061226258
-4.435723682319979 -5.664804213864659 61.05540967174702
3.042387528160674 -5.47929934022448 72.84106887246327
4.275414147810827 -8.523056005093785 31.31718022226572
6.131437863282505 -7.666956268957684 27.73553543091047
6.737487476394668 6.263687178090555 35.5859954576712
0.6421837833028491 6.317342309761007 71.79134352776813
5.402350220548191 8.056160227696013 29.2261666736803
3.034009005939303 9.434481201628651 26.55177133605042
6.221921077717592 7.823519108968155 25.4634013522328
4.110551458214496 9.339326332686163 22.8215679860098
0.4065506320735739 10.11554489075705 23.84050750813004
1.461817434956392 10.31438062997075 20.10814728984476
4.99211045453958 9.238837402715724 19.04280013702764
2.466161356423616 10.42521123264946 16.35370857175486
-1.226245682949912 10.56398965751649 17.34496651490306
-0.2129745450080051 10.92736468958665 13.60275541286224
-3.920950636473105 10.12514162814086 14.51271925204581
3.540042647472943 10.42376160380013 12.5984122548302
0.8719741861132828 11.19043209834716 9.855524343539704
-4.846247184142977 9.38869447363256 18.22470234924532
-7.123241199386736 8.110401386642081 15.31853893939305
-6.33921988057035 9.093593025642386 11.6250781908687
-9.002791773614192 6.36770313871447 12.36130856043212
-9.472579869348117 5.059686448031641 16.02011326043861
-10.60079620523335 2.851016570207055 12.99228566313457
-8.498862896924546 7.464203139716929 8.751048883778356
-0.7814032311717948 -7.695407523828609 54.19224002009445
0.9065191464717539 -7.407998764166278 57.64477040734522
4.511585005847619 10.36023636514315 8.894963555640015
6.791060219121028 8.773658626321389 11.5010853108971
7.74716831763251 8.355955416114035 7.690274138997628
2.718961461239941 -7.217120327248431 54.48038914122273
6.334300088945515 -8.182047619218388 20.9979214612566
8.038326646872445 -6.940162996498381 17.53686109849178
-6.132914290546355 -5.118054266718456 50.9781100725362
2.07800996055995 4.953032195715553 84.22586814853931
-2.786084298413722 -5.698196605649716 71.88094202919675
-0.5830986955050595 -11.37504014710886 7.751095886290489
4.13042035846926 4.927533225167408 70.77745728384517
-5.538088363368597 9.972418273772183 7.534835132547117
-1.759305257880336 4.666118517346254 89.11161016473577
-2.342847786647146 4.088918508857934 92.59574701421931
-4.519261502138036 -7.503849100733068 41.1725449114199
1.144020526503447 -11.62259479002157 4.081709940765449
-4.627223932163061 -10.46193011392612 7.121259740757749
0.8479558272891687 -4.79372798193365 90.61878196999864
3.202930083487102 6.150278340808913 64.36566713901919
0.1155014452076663 7.141834002348753 61.71698531121131
3.888635771255289 6.083622787806154 60.73253107770582
1.172132484829703 7.341194495758945 58.01424463646313
4.60298253605617 5.944846161747816 56.94217895563088
2.159602958599292 7.413276439679062 54.36432776207033
6.661501494892027 -9.258992415772401 7.543193059604755
7.678992637913786 -8.064832724611096 10.9793253988934
-4.373750802884843 -0.05939077523651471 96.89556036761994
-0.2962274520403595 -6.122769910055819 74.58629022778531
0.96959454470377 -5.769229344656036 78.14139894543648
2.445656155806871 5.442607167444125 76.65853717768783
-0.9846209240630275 5.757023176779468 78.2623952811209
-6.432326285927266 -9.79258783437794 3.605882358039993
-7.771994756428275 -8.394515899172022 7.116474449968634
-8.968882167158526 -6.638392515571717 10.69399058247443
-10.70671138545846 -3.239490923624671 10.34207021530924
-1.02076248775237 5.454688793664817 81.962935593426
5.145755728925514 4.294286841892866 67.3147260746198
6.463609707211541 3.426186478512636 59.52181314447186
9.148539001936843 -3.309353382876334 28.85961457651511
9.463482968043524 -3.327383327945379 25.01343227656949
1.220247668243799 -9.991459057258808 24.57764844461785
3.086068666702198 3.397925239102435 94.15074075436492
0.8966364754763329 4.274925537742678 96.97445077058647
4.20926710731317 3.054091775807742 86.39558756282304
4.443920459808573 -3.237322786202509 82.61495296099633
1.623482570749397 -5.114871947092084 84.28863536551812
5.085494012820636 -3.376369221396902 74.91234595408164
5.974406273868009 8.993518268501679 15.28456860462441
8.760205837018628 6.468958457770055 14.10591172665945
8.242110851125162 6.648890934323209 17.92052292490406
9.262438595842442 4.62878599233617 20.90636755080708
-1.257399864225491 8.649079306078969 41.42220762363256
-5.12185445204123 1.774078599938992 83.60173091420259
6.894540833873476 -3.219816975597049 55.78874224950925
8.524273281615441 -3.250986891574802 36.55364675045605
6.988146950232939 -6.12174498085801 34.42980786070177
7.539866708817557 3.278409280633644 48.00692106147236
5.502977750296201 5.931589513274051 49.66679760738871
6.206293925831684 5.641286696358827 45.90719131999431
2.86803127908949 7.747585833993104 47.50344800784521
6.187254270748793 -6.087622867343313 42.18542856853905
8.838069642415908 3.289903928386507 32.64818036811545
9.492425247617035 3.28987549884893 24.82330642069737
-3.576284128421725 7.33262835190212 48.81390345483114
-4.942833979260365 5.754381937045085 56.08759697008497
-2.685715780495423 -8.607220185241452 37.90893623841519
-4.40477767280219 -9.353092229936314 21.11269981455078
9.34313072318427 -5.066129151372793 17.42970154166091
6.647629664862268 -8.600802979420367 14.353398824112
10.75429323060449 -3.276515026134759 9.626889877272861
-3.051947455409839 -6.228088702713379 64.34845614129001
-5.656450802993461 -3.772784075618338 66.08222895257174
-9.586156969831571 -0.6640395061136292 30.37890053794545
-9.391476494237946 -2.983487700239153 27.26770001314014
-8.525743335100298 -4.356465312617638 30.82152779045485
-8.708971858532948 -1.318562256257612 40.55536854426678
-2.602527007318026 -9.726724819097658 24.53721992346256
-5.748593744205112 -3.011752788750344 70.01423754741791
-4.412385255420515 -8.760219688458152 27.84310841885279
-8.473344236251766 2.541204106969224 40.07280952332155
4.682966362443106 -8.917947060228322 24.48824679279101
-0.6054337881109911 -10.31553250433517 21.17763307604281
6.264082842926384 6.318680552754521 39.42174883019022
-10.39389296023896 -2.349507279415576 17.07543444792258
-2.526309902433627 -10.83421586414091 11.11972794648405
-6.737353165295117 -2.587901712101366 60.77019104193616
-0.6035033590170324 9.811809765303273 27.56798734339852
-3.27091274618175 9.503855023905327 24.76469042249273
-1.631629466072756 9.396246462880596 31.29718535144812
-2.250961242371323 10.09254446665291 21.08573782045494
-2.901999922419637 10.76420689797403 10.81893360847041
-5.127817843525019 7.96509178206197 32.10893217757321
-6.527717471658869 7.559054172738099 25.5710849221897
4.216304387648155 -5.804674098854957 61.31554974493402
-8.276335153593788 -0.4741042979887413 47.14124693030929
-7.773993554994194 -1.938503801096064 50.67184589904295
-8.077657715958182 -2.747424026675969 44.0637263690899
-7.020269724230321 -4.390817543621762 47.26319486362462
2.87497146020014 11.14362359805689 6.244969600229775
-3.549180608096966 6.119490869376361 62.58773308181486
-10.52050743437714 4.015293258093077 9.393532343616481
-2.597379310374846 6.887876028279223 58.93985957308242
-1.516960381386093 7.497773366612432 55.27591527463868
-0.5787253547165173 7.917100089958074 51.60976017241865
-6.139831511339594 -5.921521326675526 44.08975152320703
-7.814551735154071 7.024249329581397 18.96416703652369
-9.757599498374734 3.752410454268368 19.64062257944157
-0.9654483781543656 -5.545680874525615 80.95007247678765
6.596541938127752 -6.103301693868773 38.28486366396199
4.409609766826014 -8.027036119020526 36.10478834702321
-0.9955465161498583 -5.027522652498468 87.35333299162522
-1.821233427644873 11.29833159690149 7.062400355332658
-4.245376226492257 8.791874134716092 28.42111130071023
9.45800549112086 -6.394248877377327 7.411947866816204
-3.125685279651416 5.44822357376052 72.66467337278843
-7.497549737613959 -6.350577643423732 27.62793635308141
-5.685299795972243 8.558988066175761 21.9161717467397
7.918499575988743 3.150193175518596 44.1907870671268
4.22535182890592 -6.154980083419284 57.61314725224493
7.203873882166826 -3.253697395845952 52.037276605075
7.964185582186293 8.595423749283304 3.584213785241628
-9.246730109991748 7.2346593438235 3.295651205569434
-11.73771590432759 0.05482027831583988 3.331008812680999
-11.3499407470844 -1.634059233164384 6.772841742265706
-11.21293297876576 0.4106005493535703 9.905144213535266
-2.807522953356625 11.39481022661879 3.359749051447992
1.029378425378889 8.469625749528577 44.06574627832212
-10.59535857149059 1.432310543067816 16.62311892433396
6.874962188625505 3.276807487683493 55.70473864088044
-10.88011960289544 -1.070391585879309 13.56202300641513
10.39770366976174 3.420223168427501 13.39509550435483
5.510893789983192 -3.25989110379643 71.11818432609338
-4.520168753124788 1.13013400919192 93.27236627761127
-3.963106426323523 4.497874024428724 76.30387693741601
-9.274840183734129 -7.196660900884091 3.310654541961095
8.559307474896203 3.171134687261199 36.49399088424074
4.811193617678333 -10.71216094362602 3.26553405213307
-10.13017678734646 -5.277079168614983 7.340870049997697
7.768513291650863 -6.443105728329085 24.23403007684662
7.095775676107832 7.460464710502784 21.65078659054888
0.9513938235998163 -8.972776230289025 37.82543189035829
-11.30216450692813 2.067645393282541 6.483493051056691
10.22813237147876 -5.778600291799357 3.206609444451877
11.08389952473384 3.17832177867688 5.964390773792038
7.538831152556242 -5.903837479725172 30.8068091660943
5.087454027738384 5.904866533008261 53.43968772268055
4.753040342262481 7.186890545942843 42.99239047167125
3.896322243165391 -2.959271029551271 90.30668068446451
2.562277114945073 -7.543975965412784 51.24113468461965
9.216783892701878 6.358475776947635 10.19938841978921
7.298138344365696 6.092053575376073 31.68131908779024
0.9723295293993114 11.73427236010845 2.865399013269942
-3.227200122320934 -7.266994942375042 51.44292043504727
-0.4659490905685341 6.082712071308754 74.9598440618857
1.155660495451052 4.618036842747767 91.98729623648123
-10.08724428321334 5.547132601985389 6.202265128345379
-6.618784764931701 -1.033077473762915 67.35657777259105
2.514412573362519 7.58139698649575 50.98388940870333
8.972693591781653 -6.121115616819342 14.46302844037023
-1.403816813427035 -7.075548622571336 60.81868254582469
2.351435159339479 -5.095965484564877 81.16319732445046
-3.444954813065147 -7.809778533862019 44.0164825685859
7.867390765544982 5.862240629886131 27.81000880993658
-4.795564817562962 -3.816432172707062 74.60024734412376
5.344778617024042 -5.636436071184585 53.77736445632956
9.781868549265504 5.94101652306994 7.056048838399456
1.626031594882819 4.82808902862204 87.74208305253772
-0.1983828378245658 8.244649797391867 47.68592645041309
2.852693858542097 5.501392985401541 73.7337185320047
5.792274820747835 2.765526561889862 70.91825393153636
2.931958409823908 -5.267411464782263 75.87595371898335
3.401924694290912 2.710417887029657 97.20691102925085
-7.836011937423484 8.475599459857536 5.807825174034988
8.268128090354029 5.815385475021813 24.0344913698661
3.381874663650461 -2.735053705927261 97.20963034479777
1.848073090273324 -9.126939347718258 34.15219612264134
11.44288147924984 -2.793102482646737 2.810165575525718
11.43511606580018 2.81450147625472 2.841268662269142
-5.744219982591737 -4.051624714757932 63.15812855258415
5.786260193637208 9.95874904336374 6.128160486728351
1.990792527642509 -4.670423817568779 87.96482448511226
-1.117602913793202 5.116367588646565 85.93196003123127
8.356391242562202 -6.171891714886529 20.47568830763399
8.209293434386115 -5.489677961277258 26.99204011813231
-0.07514033188691656 4.566536312958517 94.44325705678277
6.883920091030335 5.274064290261491 42.28586404648978
9.585414015698936 -5.609212839313916 11.35923575531052
1.556359286250544 -7.067026245238142 60.52760240431921
10.14142930373471 1.995462062946458 21.1446237369333
6.398895746106571 2.006367714737436 67.26575528293998
-3.597638853682229 4.066886389414027 83.4824910071997
7.124552989611859 4.292900812943576 8.666297118066815
6.535176505306454 4.199684902824409 15.65072278415061
2.579780541998994 8.189057104393951 5.262937924727398
4.369932193528881 5.469276248088756 25.4039783485599
2.816309264845866 7.531617947843023 12.18589364400249
6.755388806333396 5.617658137566788 2.719442449965966
2.82157184729088 6.938002237806996 19.18887756487295
2.730622515199222 7.856151818526215 8.676098410005386
6.885544310564068 4.158877026184493 12.14630831432672
2.631312709783454 7.307022021972591 15.67485806894689
6.139252145362752 4.295079130472545 19.15412422968573
5.8394568522874 4.249034186407853 22.5949187264887
2.917995726208796 6.605478288039891 22.60064180636999
5.424097849009784 6.544436534258723 6.352738353445089
4.417984229931256 7.605437004319588 2.598103628135896
7.476304277752905 4.181682638068599 5.510607090464535
5.196248460986729 6.335855609681328 10.23931822803468
5.045764598885189 6.099438422509584 13.77365959535902
4.829599100740659 5.919128490905719 17.28749898567113
6.003417270702359 3.574386551184058 25.57841835660174
2.17460109234263 6.631471034630021 25.68028027575176
4.621020632258042 5.754973267724844 20.57617605372929
2.169472995497902 8.540730906253787 2.389232598540442
7.996979243509027 3.708975677004701 2.347799218989952
-0.0808449048656108 1.5 2.91951903015476
-4.861487999121113 1.5 12.01356028263488
4.30785544744707 1.5 19.56540017156103
4.720154635513296 1.5 12.0455295977678
-4.083998858129304 1.5 22.53205023749914
1.762132658246884 1.5 25.18247311903806
-5.599414460204223 1.5 5.143378026383189
5.423588777505417 1.5 5.007848009044989
-4.319069290325249 1.5 19.01516252529169
-1.516746196795333 1.5 20.76204120880932
-1.566111975381077 1.5 17.0771240316025
-4.610794513786761 1.5 15.52432815786189
-1.717642238196142 1.5 13.54208804804234
-1.960313192530606 1.5 10.03314825666758
1.446839565042975 1.5 14.71910239957891
-5.167271387718664 1.5 8.536105144004466
-1.893570778701587 1.5 6.118067394790356
0.945874672117661 1.5 8.041354523304829
1.219943569641051 1.5 11.54669297477309
4.743071894325984 1.5 8.304508619101522
4.205123093523969 1.5 22.86028170640305
-1.532833653061619 1.5 24.75537449134491
4.491585088040613 1.5 16.06848864564513
-3.473773064202648 1.5 2.778190668441352
3.393206486141752 1.5 2.621754470036028
1.246590700512883 1.5 18.58042784300882
2.088554357753937 1.5 5.502175341072079
4.564255004356235 1.5 25.70857458197725
1.135153010749637 1.5 22.28248783008043
-4.363803463893737 1.5 25.48055689543032
-6.169512501724991 1.5 2.488179559319807
6.169512501724977 1.5 2.488179559319823
2.907261192899499 1.5 9.98452142873681
-7.124552989611494 4.292900812944219 8.666297118066579
-6.534047370201038 4.201424028893991 15.65084245857893
-2.99274871160853 8.051942115718852 5.207904509288936
-4.369932193528881 5.469276248088756 25.4039783485599
-2.98592370125301 7.464376813345588 12.20501982772072
-6.755388806333396 5.617658137566789 2.719442449965966
-2.977516438905062 6.871419812626524 19.20171081029023
-2.988578298408844 7.759272521393148 8.70475474447527
-6.88548334525472 4.158976849107257 12.1463156139197
-2.98200321320007 7.168622147623618 15.70340380983168
-6.139267781089751 4.295030989081535 19.15431209273942
-5.839522987208749 4.248923999235376 22.59506298077129
-2.91799572627101 6.605478288013966 22.60064180635188
-5.60588807186474 6.390140960348076 6.34571615450146
-4.417984229930813 7.605437004318839 2.598103628146969
-7.478044271758467 4.192770233345199 5.422481953830932
-5.312717475183873 6.238627736976318 10.23824934635705
-5.045764598882423 6.099438422511906 13.77365959535868
-4.866351360516566 5.888624984320306 17.29068396650062
-6.002361866848172 3.562877679910196 25.6646719432176
-2.183962085460434 6.634827958854613 25.60263196836162
-4.64550862438728 5.730303230264971 20.62475695747976
-2.43351786162199 8.472644409901484 2.348134425770168
-7.97293621679957 3.747670855636514 2.416595586001084
-6.661338147750939e-15 5.900042359436546e-15 100
-1.654777795892157 3.955974519902267 28
1.656456698178585 3.743969471409422 28
-0.007640765485586343 8.881784197001252e-16 36.93543043855006
-0.003817514895494867 -0.00104010359931921 45.60289854225635
0.07225859009830726 0.00577388249305244 54.19461777430099
-0.02876418663218239 -0.03645995959395076 61.55710741092667
0.01153479107286648 0.004104385202797545 68.18053817394404
0.08680482151781688 0.04719138723287575 75.20332610622135
-2.852809395081676 -2.828252282787157 33.257643359577
3.993343760931966 1.332267629550188e-15 33.21176905228345
-0.01482075618797474 0.004824093125192164 80.83475345657669
-2.836296962338733 2.96565791821258 33.27459902609082
3.096781964073572 1.401765217211701 41.26796423730391
-3.488996334228637 0.4231732275546221 41.30050532074468
0.0004137942125526095 0.002356961957747039 86.26579299627328
0.4397607970812508 -3.36536726078526 41.32814978872895
2.664193196434176 1.510507382968974 49.87427475527269
-2.618854842345184 1.415378016351158 49.92112939711959
1.794566783552846 -4.383838977312674 32.85640005395081
1.785800917796751 4.272547206731037 32.79629055330375
1.459883363541615 -3.201194408503601 49.05749272806256
-0.6784729484797997 4.102514094362178 39.59401391734223
-0.1034348569575105 0.003834561026521577 91.12474300214086
4.192042058666843 -1.988809708450808 38.09777946935619
3.663175277566613 2.911757635234078 36.86832244010335
-3.772724049362814 -2.646878755094224 37.81536237459703
-2.955897319108451 0.4602540838710163 57.83773369359985
2.26130190498482 1.946618359152544 57.91784665206514
-2.269896668122151 3.653885510141546 44.21521769861585
0.3237446987674806 -2.814953852528966 57.86394682775215
-0.02262425935435062 2.220446049250313e-16 31.9372450626155
-4.499005959268327 1.67579859297544 37.17297641891209
-3.733661627765954 -2.267872067041253 44.81706741165068
-5.668225895826474 7.771561172376096e-15 31.84162392734233
4.191078484829026 1.363126293082374 45.73630428311352
0.2189458807927861 -4.442760596330386 37.01693526898747
2.646304354258091 -1.099163567232721 64.85930205954757
-0.03660668251806165 -0.1696387412550973 95.56212127509022
3.249367395197271 -2.771932250698868 44.6369381573063
-2.517709960753622 1.44007717832638 64.87517024997409
0.4654304299037775 -2.312059955772361 71.70181324049335
1.013858706071042 3.888192348800075 46.82731076899385
-1.885466550527508 1.4817039609388 71.70373415478538
-2.29502108270747 -2.793248370684655 51.5455443876419
0.4843074872878399 3.925816563739969 52.60742146039168
-1.290496983876406 5.64596585604735 31.26149643836753
-0.7433811208561758 5.385881851666326 35.75492911763988
3.866741016505007 -0.9956409117552663 52.92257342343411
-3.796288788558726 1.228409821434907 53.81746532074378
-1.265208780880253 -2.534931836200289 65.12215944472256
2.149847238359744 1.356866936726388 71.97793701249287
-1.084078078636577 3.845626966493692 56.83765945603096

CELLS 3747 17081
1 0
1 1
1 2
1 3
1 4
1 5
1 6
1 7
1 8
1 9
1 10
1 11
2 0 12
2 12 13
2 13 14
2 14 15
2 15 16
2 16 17
2 17 1
2 0 18
2 18 19
2 19 20
2 20 21
2 21 1
2 2 22
2 22 23
2 23 24
2 24 25
2 25 26
2 26 27
2 27 28
2 28 0
2 2 29
2 29 30
2 30 31
2 31 32
2 32 3
2 1 33
2 33 34
2 34 35
2 35 36
2 36 37
2 37 38
2 38 39
2 39 3
2 2 40
2 40 41
2 41 42
2 42 3
2 4 43
2 43 44
2 44 45
2 45 46
2 46 47
2 47 48
2 48 49
2 49 50
2 50 51
2 51 52
2 52 53
2 53 54
2 54 55
2 55 56
2 56 57
2 57 58
2 58 59
2 59 60
2 60 4
2 5 61
2 61 62
2 62 63
2 63 6
2 5 64
2 64 65
2 65 66
2 66 67
2 67 7
2 6 68
2 68 69
2 69 70
2 70 7
2 8 71
2 71 72
2 72 73
2 73 74
2 74 75
2 75 76
2 76 8
2 4 77
2 77 78
2 78 79
2 79 80
2 80 81
2 81 82
2 82 83
2 83 84
2 84 85
2 85 86
2 86 87
2 87 88
2 88 89
2 89 90
2 90 91
2 91 92
2 92 93
2 93 94
2 94 95
2 95 96
2 96 97
2 97 98
2 98 99
2 99 100
2 100 101
2 101 8
2 9 102
2 102 103
2 103 104
2 104 105
2 105 106
2 106 107
2 107 108
2 108 5
2 9 109
2 109 110
2 110 10
2 6 111
2 111 112
2 112 113
2 113 114
2 114 115
2 115 116
2 116 117
2 117 10
2 7 118
2 118 119
2 119 120
2 120 121
2 121 122
2 122 123
2 123 124
2 124 11
2 9 125
2 125 126
2 126 127
2 127 11
2 10 128
2 128 129
2 129 11
3 12 173 0
3 0 173 28
3 1 177 17
3 33 177 1
3 22 170 2
3 2 170 29
3 32 171 3
3 3 171 39
3 13 138 12
3 138 173 12
3 14 160 13
3 13 160 138
3 15 134 14
3 134 160 14
3 16 175 15
3 15 175 134
3 17 136 16
3 136 159 16
3 159 175 16
3 17 177 136
3 23 137 22
3 137 170 22
3 24 166 23
3 23 166 137
3 25 133 24
3 133 166 24
3 26 157 25
3 25 157 133
3 27 132 26
3 132 157 26
3 28 164 27
3 27 164 132
3 28 173 164
3 29 154 30
3 29 170 154
3 30 135 31
3 30 154 135
3 31 155 32
3 135 155 31
3 155 171 32
3 34 176 33
3 176 177 33
3 35 139 34
3 139 176 34
3 36 131 35
3 131 139 35
3 37 158 36
3 36 158 131
3 38 130 37
3 130 158 37
3 39 156 38
3 38 156 130
3 39 171 156
3 156 165 130
3 130 163 158
3 130 165 163
3 131 140 139
3 131 141 140
3 131 158 141
3 132 169 152
3 152 174 132
3 132 174 157
3 164 169 132
3 133 161 151
3 151 166 133
3 157 161 133
3 153 160 134
3 134 168 153
3 134 175 168
3 135 154 150
3 150 167 135
3 135 167 155
3 139 148 136
3 136 176 139
3 148 159 136
3 136 177 176
3 137 166 151
3 151 172 137
3 154 170 137
3 137 172 154
3 160 169 138
3 138 169 164
3 164 173 138
3 140 148 139
3 141 142 140
3 142 162 140
3 140 162 148
3 141 143 142
3 141 163 143
3 158 163 141
3 143 144 142
3 144 146 142
3 146 162 142
3 143 145 144
3 143 147 145
3 143 163 147
3 145 161 144
3 144 149 146
3 144 161 149
3 147 150 145
3 150 151 145
3 151 161 145
3 149 152 146
3 152 153 146
3 153 162 146
3 147 167 150
3 163 165 147
3 165 167 147
3 148 168 159
3 162 168 148
3 149 174 152
3 149 161 157
3 157 174 149
3 150 172 151
3 154 172 150
3 152 169 153
3 153 169 160
3 153 168 162
3 155 165 156
3 156 171 155
3 155 167 165
3 168 175 159
3 0 209 18
3 28 209 0
3 21 208 1
3 1 208 33
3 2 205 22
3 40 205 2
3 39 207 3
3 3 207 42
3 18 202 19
3 18 209 202
3 19 178 20
3 19 202 178
3 20 201 21
3 178 201 20
3 201 208 21
3 22 198 23
3 22 205 198
3 23 180 24
3 23 198 180
3 24 200 25
3 180 200 24
3 25 181 26
3 25 200 181
3 26 197 27
3 181 197 26
3 27 185 28
3 27 197 185
3 185 209 28
3 33 184 34
3 33 208 184
3 34 193 35
3 184 193 34
3 35 179 36
3 35 193 179
3 36 189 37
3 179 189 36
3 37 186 38
3 37 189 186
3 38 182 39
3 38 186 182
3 182 207 39
3 41 183 40
3 183 205 40
3 42 199 41
3 41 199 183
3 42 207 199
3 194 201 178
3 178 204 194
3 202 204 178
3 179 190 189
3 179 191 190
3 179 193 191
3 198 206 180
3 180 203 200
3 180 206 203
3 192 196 181
3 181 200 192
3 196 210 181
3 181 210 197
3 186 187 182
3 187 199 182
3 199 207 182
3 198 205 183
3 183 206 198
3 199 206 183
3 184 194 193
3 184 201 194
3 184 208 201
3 197 204 185
3 185 204 202
3 202 209 185
3 186 188 187
3 186 189 188
3 188 203 187
3 187 206 199
3 203 206 187
3 189 190 188
3 190 192 188
3 192 203 188
3 191 196 190
3 190 196 192
3 193 194 191
3 194 195 191
3 195 196 191
3 200 203 192
3 194 204 195
3 195 210 196
3 195 204 197
3 197 210 195
3 40 2 29
3 32 3 42
3 30 211 29
3 29 211 40
3 31 212 30
3 30 212 211
3 32 212 31
3 42 212 32
3 40 211 41
3 41 212 42
3 211 212 41
3 7 214 0
3 0 219 7
3 12 221 0
3 0 214 18
3 52 219 0
3 0 221 52
3 4 1 5
3 4 60 1
3 1 215 5
3 1 60 17
3 21 215 1
3 43 4 5
3 61 43 5
3 5 215 64
3 47 46 6
3 46 63 6
3 68 47 6
3 7 219 51
3 51 220 7
3 67 214 7
3 7 220 70
3 12 13 54
3 53 12 54
3 53 221 12
3 55 13 14
3 54 13 55
3 15 56 14
3 14 56 55
3 16 213 15
3 15 57 56
3 15 213 57
3 17 223 16
3 58 213 16
3 16 223 58
3 17 60 59
3 59 223 17
3 18 218 19
3 18 214 67
3 67 218 18
3 19 216 20
3 66 216 19
3 19 218 66
3 20 217 21
3 20 216 65
3 65 217 20
3 64 215 21
3 21 217 64
3 44 43 61
3 45 44 62
3 62 44 61
3 45 63 46
3 62 63 45
3 48 47 68
3 49 48 69
3 69 48 68
3 49 222 50
3 69 222 49
3 50 220 51
3 70 220 50
3 50 222 70
3 51 219 52
3 52 221 53
3 57 213 58
3 58 223 59
3 64 217 65
3 65 216 66
3 66 218 67
3 70 222 69
3 43 577 4
3 4 576 60
3 77 576 4
3 4 577 77
3 8 571 71
3 76 574 8
3 101 571 8
3 8 574 101
3 44 250 43
3 250 577 43
3 45 520 44
3 44 520 250
3 46 239 45
3 239 520 45
3 47 551 46
3 46 551 239
3 48 525 47
3 525 551 47
3 49 234 48
3 234 525 48
3 50 521 49
3 49 521 234
3 51 247 50
3 247 521 50
3 52 522 51
3 51 522 247
3 53 233 52
3 233 522 52
3 54 534 53
3 53 534 233
3 55 431 54
3 431 534 54
3 56 237 55
3 237 431 55
3 57 415 56
3 56 415 237
3 58 536 57
3 57 536 415
3 59 246 58
3 246 536 58
3 60 542 59
3 59 542 246
3 60 576 542
3 71 442 72
3 71 571 442
3 72 249 73
3 72 442 249
3 73 426 74
3 249 426 73
3 74 245 75
3 74 426 245
3 75 256 76
3 245 256 75
3 256 574 76
3 78 251 77
3 77 543 78
3 251 576 77
3 77 577 543
3 78 248 79
3 79 469 78
3 78 543 248
3 78 469 251
3 80 244 79
3 79 530 80
3 244 469 79
3 248 530 79
3 80 236 81
3 81 467 80
3 80 530 236
3 80 467 244
3 82 232 81
3 81 588 82
3 232 467 81
3 236 588 81
3 83 439 82
3 82 462 83
3 82 439 232
3 82 588 462
3 83 228 84
3 84 438 83
3 83 462 228
3 438 439 83
3 85 226 84
3 84 461 85
3 226 438 84
3 228 461 84
3 86 454 85
3 85 535 86
3 85 454 226
3 461 535 85
3 86 229 87
3 87 242 86
3 86 535 229
3 242 454 86
3 88 255 87
3 87 517 88
3 229 517 87
3 87 255 242
3 89 227 88
3 88 456 89
3 227 255 88
3 88 517 456
3 89 230 90
3 90 519 89
3 89 519 227
3 89 456 230
3 91 453 90
3 90 528 91
3 230 528 90
3 453 519 90
3 92 241 91
3 91 437 92
3 241 453 91
3 91 528 437
3 92 231 93
3 93 254 92
3 92 437 231
3 92 254 241
3 94 224 93
3 93 589 94
3 224 254 93
3 231 589 93
3 95 531 94
3 94 569 95
3 94 531 224
3 94 589 569
3 95 240 96
3 96 446 95
3 95 569 240
3 446 531 95
3 97 243 96
3 96 253 97
3 240 253 96
3 243 446 96
3 97 225 98
3 98 444 97
3 97 253 225
3 97 444 243
3 99 235 98
3 98 443 99
3 225 443 98
3 235 444 98
3 99 238 100
3 100 547 99
3 99 547 235
3 99 443 238
3 101 252 100
3 100 441 101
3 238 441 100
3 252 547 100
3 101 574 252
3 441 571 101
3 224 271 254
3 224 272 271
3 224 531 272
3 253 260 225
3 260 407 225
3 407 443 225
3 226 544 438
3 454 455 226
3 455 544 226
3 227 287 255
3 227 288 287
3 227 519 288
3 228 550 461
3 462 562 228
3 228 562 550
3 229 535 482
3 482 585 229
3 229 585 517
3 456 457 230
3 457 545 230
3 230 545 528
3 231 420 418
3 418 436 231
3 231 437 420
3 436 589 231
3 439 538 232
3 232 582 467
3 538 582 232
3 233 523 522
3 233 537 523
3 534 537 233
3 411 525 234
3 234 572 411
3 521 572 234
3 235 445 444
3 235 580 445
3 547 580 235
3 448 449 236
3 236 530 448
3 449 450 236
3 450 588 236
3 237 415 409
3 409 416 237
3 416 431 237
3 238 554 441
3 443 566 238
3 238 566 554
3 239 551 498
3 498 579 239
3 239 579 520
3 240 429 253
3 410 568 240
3 240 569 410
3 240 568 429
3 254 493 241
3 241 518 453
3 493 518 241
3 255 460 242
3 242 508 454
3 460 508 242
3 243 560 428
3 428 570 243
3 444 560 243
3 243 570 446
3 467 558 244
3 244 586 469
3 558 586 244
3 245 257 256
3 245 258 257
3 245 426 258
3 246 513 424
3 424 536 246
3 246 542 513
3 247 555 521
3 522 541 247
3 541 555 247
3 248 549 530
3 543 565 248
3 248 565 549
3 413 532 249
3 249 584 413
3 249 532 426
3 442 584 249
3 520 565 250
3 250 565 543
3 543 577 250
3 469 513 251
3 513 542 251
3 542 576 251
3 256 257 252
3 252 574 256
3 257 417 252
3 417 547 252
3 253 429 260
3 271 493 254
3 287 460 255
3 258 259 257
3 259 417 257
3 258 261 259
3 258 532 261
3 426 532 258
3 261 262 259
3 262 510 259
3 259 510 417
3 260 435 407
3 429 430 260
3 430 435 260
3 261 263 262
3 261 265 263
3 261 532 265
3 263 264 262
3 264 267 262
3 267 510 262
3 263 452 264
3 265 266 263
3 266 452 263
3 264 268 267
3 264 269 268
3 264 452 269
3 265 412 266
3 265 413 412
3 265 532 413
3 412 581 266
3 266 590 452
3 581 590 266
3 268 507 267
3 267 507 445
3 445 510 267
3 269 270 268
3 270 277 268
3 277 507 268
3 269 278 270
3 269 281 278
3 269 452 281
3 270 563 277
3 278 279 270
3 279 563 270
3 272 273 271
3 273 274 271
3 274 493 271
3 272 275 273
3 272 373 275
3 272 531 373
3 273 470 274
3 275 276 273
3 276 470 273
3 470 559 274
3 274 587 493
3 559 587 274
3 275 408 276
3 373 427 275
3 275 427 408
3 408 477 276
3 276 471 470
3 276 477 471
3 427 428 277
3 277 563 427
3 428 507 277
3 278 280 279
3 278 533 280
3 281 533 278
3 280 282 279
3 282 477 279
3 477 563 279
3 280 283 282
3 280 514 283
3 280 533 514
3 281 435 430
3 430 533 281
3 281 590 435
3 452 590 281
3 283 284 282
3 284 556 282
3 282 556 477
3 283 285 284
3 283 294 285
3 283 514 294
3 285 286 284
3 286 295 284
3 295 556 284
3 285 499 286
3 294 358 285
3 358 499 285
3 286 296 295
3 286 298 296
3 286 499 298
3 288 289 287
3 289 290 287
3 290 460 287
3 288 548 289
3 519 564 288
3 288 564 548
3 289 291 290
3 289 293 291
3 289 548 293
3 291 292 290
3 292 363 290
3 363 460 290
3 291 561 292
3 293 297 291
3 297 561 291
3 292 540 363
3 414 465 292
3 292 561 414
3 465 540 292
3 293 552 297
3 293 548 398
3 398 552 293
3 294 362 358
3 294 377 362
3 294 514 377
3 296 485 295
3 471 556 295
3 295 578 471
3 485 578 295
3 298 299 296
3 299 300 296
3 300 485 296
3 406 497 297
3 297 552 406
3 497 504 297
3 504 561 297
3 298 464 299
3 298 501 464
3 499 501 298
3 299 301 300
3 299 302 301
3 299 464 302
3 301 345 300
3 345 347 300
3 347 485 300
3 302 303 301
3 303 495 301
3 301 495 345
3 302 304 303
3 302 341 304
3 302 464 341
3 304 305 303
3 305 494 303
3 494 495 303
3 304 306 305
3 304 463 306
3 341 463 304
3 306 307 305
3 307 350 305
3 350 494 305
3 306 308 307
3 306 334 308
3 306 463 334
3 308 309 307
3 309 479 307
3 307 479 350
3 308 310 309
3 308 451 310
3 334 451 308
3 310 311 309
3 311 312 309
3 312 479 309
3 310 325 311
3 310 343 325
3 310 451 343
3 311 313 312
3 311 491 313
3 325 491 311
3 313 314 312
3 314 330 312
3 330 479 312
3 313 315 314
3 313 316 315
3 313 491 316
3 315 472 314
3 314 337 330
3 314 472 337
3 316 317 315
3 317 318 315
3 318 472 315
3 316 492 317
3 491 512 316
3 316 512 492
3 317 319 318
3 317 321 319
3 317 492 321
3 319 320 318
3 320 473 318
3 318 473 472
3 319 322 320
3 321 506 319
3 319 506 322
3 322 323 320
3 323 324 320
3 324 473 320
3 492 516 321
3 505 506 321
3 321 516 505
3 322 483 323
3 322 527 483
3 506 527 322
3 323 326 324
3 323 328 326
3 323 483 328
3 326 327 324
3 327 515 324
3 324 515 473
3 343 344 325
3 344 488 325
3 488 491 325
3 326 466 327
3 328 329 326
3 329 466 326
3 466 476 327
3 476 478 327
3 478 515 327
3 328 331 329
3 328 335 331
3 328 483 335
3 331 332 329
3 332 333 329
3 333 466 329
3 337 338 330
3 338 475 330
3 475 479 330
3 331 349 332
3 335 433 331
3 331 433 349
3 332 336 333
3 332 484 336
3 349 484 332
3 336 340 333
3 340 481 333
3 333 481 466
3 334 526 451
3 463 567 334
3 334 567 526
3 335 434 433
3 335 529 434
3 483 529 335
3 336 342 340
3 336 346 342
3 336 484 346
3 337 339 338
3 337 474 339
3 472 474 337
3 339 359 338
3 359 361 338
3 361 475 338
3 339 360 359
3 339 364 360
3 339 474 364
3 342 351 340
3 351 352 340
3 352 481 340
3 341 503 463
3 464 502 341
3 502 503 341
3 346 348 342
3 348 468 342
3 342 468 351
3 343 353 344
3 343 354 353
3 343 451 354
3 353 355 344
3 355 356 344
3 356 488 344
3 345 370 347
3 345 406 370
3 345 495 406
3 346 357 348
3 346 409 357
3 346 484 409
3 370 371 347
3 371 372 347
3 372 485 347
3 357 424 348
3 424 425 348
3 425 468 348
3 349 432 416
3 416 484 349
3 349 433 432
3 350 479 475
3 475 496 350
3 350 496 494
3 351 404 352
3 351 405 404
3 351 468 405
3 404 480 352
3 352 480 440
3 440 481 352
3 354 482 353
3 353 376 355
3 353 482 376
3 451 526 354
3 354 546 482
3 526 546 354
3 355 378 356
3 376 550 355
3 355 550 378
3 378 379 356
3 379 486 356
3 486 488 356
3 409 415 357
3 415 536 357
3 357 536 424
3 362 418 358
3 418 419 358
3 419 499 358
3 360 465 359
3 359 414 361
3 359 465 414
3 364 365 360
3 365 366 360
3 366 465 360
3 414 504 361
3 361 496 475
3 361 504 496
3 377 410 362
3 410 436 362
3 362 436 418
3 363 508 460
3 363 509 508
3 363 540 509
3 364 478 365
3 474 515 364
3 364 515 478
3 365 367 366
3 365 368 367
3 365 478 368
3 367 575 366
3 366 540 465
3 366 575 540
3 368 369 367
3 369 374 367
3 374 575 367
3 368 440 369
3 368 476 440
3 368 478 476
3 369 375 374
3 369 480 375
3 440 480 369
3 370 398 371
3 370 552 398
3 406 552 370
3 371 559 372
3 398 399 371
3 399 559 371
3 372 559 470
3 470 578 372
3 372 578 485
3 373 570 427
3 373 531 446
3 446 570 373
3 375 544 374
3 455 509 374
3 374 544 455
3 509 575 374
3 480 538 375
3 538 583 375
3 375 583 544
3 376 535 461
3 461 550 376
3 482 535 376
3 377 568 410
3 514 553 377
3 553 568 377
3 378 380 379
3 378 562 380
3 550 562 378
3 380 381 379
3 381 382 379
3 382 486 379
3 380 539 381
3 380 573 539
3 562 573 380
3 381 383 382
3 381 384 383
3 381 539 384
3 383 489 382
3 382 487 486
3 382 489 487
3 384 385 383
3 385 386 383
3 386 489 383
3 384 447 385
3 384 449 447
3 384 539 449
3 385 387 386
3 385 389 387
3 385 447 389
3 387 388 386
3 388 391 386
3 391 489 386
3 387 490 388
3 389 390 387
3 390 490 387
3 388 392 391
3 388 393 392
3 388 490 393
3 389 400 390
3 389 401 400
3 389 447 401
3 400 498 390
3 390 511 490
3 498 511 390
3 392 505 391
3 391 516 489
3 505 516 391
3 393 394 392
3 394 395 392
3 395 505 392
3 393 397 394
3 393 411 397
3 393 490 411
3 394 396 395
3 394 500 396
3 397 500 394
3 396 527 395
3 395 506 505
3 395 527 506
3 500 524 396
3 524 529 396
3 396 529 527
3 411 572 397
3 397 555 500
3 397 572 555
3 398 403 399
3 398 548 403
3 403 518 399
3 518 587 399
3 399 587 559
3 401 402 400
3 402 579 400
3 400 579 498
3 401 549 402
3 447 448 401
3 448 549 401
3 402 565 520
3 520 579 402
3 549 565 402
3 403 564 518
3 548 564 403
3 405 582 404
3 404 538 480
3 404 582 538
3 405 558 467
3 467 582 405
3 468 558 405
3 495 497 406
3 435 581 407
3 407 566 443
3 407 581 566
3 427 563 408
3 408 563 477
3 409 484 416
3 410 569 436
3 490 511 411
3 511 525 411
3 413 554 412
3 554 566 412
3 566 581 412
3 413 584 554
3 414 561 504
3 416 432 431
3 510 580 417
3 417 580 547
3 418 420 419
3 420 421 419
3 421 501 419
3 419 501 499
3 420 422 421
3 420 437 422
3 422 423 421
3 423 502 421
3 421 502 501
3 422 545 423
3 437 528 422
3 528 545 422
3 423 503 502
3 423 557 503
3 545 557 423
3 424 513 425
3 425 558 468
3 513 586 425
3 425 586 558
3 427 570 428
3 428 560 507
3 429 553 430
3 429 568 553
3 430 553 533
3 432 534 431
3 433 537 432
3 432 537 534
3 434 537 433
3 434 524 523
3 523 537 434
3 434 529 524
3 435 590 581
3 569 589 436
3 438 583 439
3 544 583 438
3 439 583 538
3 476 481 440
3 442 571 441
3 441 584 442
3 554 584 441
3 445 560 444
3 507 560 445
3 445 580 510
3 447 449 448
3 530 549 448
3 449 539 450
3 450 573 462
3 462 588 450
3 539 573 450
3 518 564 453
3 453 564 519
3 454 508 455
3 508 509 455
3 456 458 457
3 456 517 458
3 458 459 457
3 459 557 457
3 457 557 545
3 458 546 459
3 517 585 458
3 458 585 546
3 459 546 526
3 526 567 459
3 459 567 557
3 462 573 562
3 503 567 463
3 501 502 464
3 466 481 476
3 469 586 513
3 471 578 470
3 477 556 471
3 473 474 472
3 473 515 474
3 546 585 482
3 527 529 483
3 487 512 486
3 486 512 488
3 489 516 487
3 492 512 487
3 487 516 492
3 488 512 491
3 493 587 518
3 494 497 495
3 496 497 494
3 496 504 497
3 498 551 511
3 500 541 524
3 500 555 541
3 557 567 503
3 540 575 509
3 511 551 525
3 533 553 514
3 555 572 521
3 523 541 522
3 524 541 523
3 61 5 614
3 5 108 614
3 6 63 613
3 111 6 613
3 102 9 610
3 9 109 610
3 110 10 611
3 10 117 611
3 62 61 596
3 596 61 614
3 63 62 605
3 62 596 605
3 63 605 613
3 103 102 602
3 602 102 610
3 104 103 601
3 601 103 602
3 105 104 592
3 592 104 601
3 106 105 599
3 105 592 599
3 107 106 591
3 591 106 599
3 108 107 606
3 107 591 606
3 108 606 614
3 109 110 594
3 109 594 610
3 594 110 611
3 112 111 593
3 593 111 613
3 113 112 598
3 112 593 598
3 114 113 595
3 595 113 598
3 115 114 600
3 114 595 600
3 116 115 597
3 597 115 600
3 117 116 603
3 116 597 603
3 117 603 611
3 591 599 607
3 591 604 606
3 604 591 607
3 599 592 608
3 592 601 609
3 608 592 609
3 598 593 604
3 604 593 605
3 605 593 613
3 602 594 603
3 594 602 610
3 603 594 611
3 595 598 607
3 600 595 608
3 595 607 608
3 596 604 605
3 604 596 606
3 606 596 614
3 597 600 609
3 603 597 612
3 597 609 612
3 598 604 607
3 607 599 608
3 600 608 609
3 601 602 612
3 609 601 612
3 602 603 612
3 5 64 646
3 108 5 646
3 67 7 645
3 7 118 645
3 9 102 642
3 125 9 642
3 124 11 644
3 11 127 644
3 64 65 639
3 64 639 646
3 65 66 615
3 65 615 639
3 66 67 638
3 615 66 638
3 638 67 645
3 102 103 635
3 102 635 642
3 103 104 617
3 103 617 635
3 104 105 637
3 617 104 637
3 105 106 618
3 105 618 637
3 106 107 634
3 618 106 634
3 107 108 622
3 107 622 634
3 622 108 646
3 118 119 621
3 118 621 645
3 119 120 630
3 621 119 630
3 120 121 616
3 120 616 630
3 121 122 626
3 616 121 626
3 122 123 623
3 122 623 626
3 123 124 619
3 123 619 623
3 619 124 644
3 126 125 620
3 620 125 642
3 127 126 636
3 126 620 636
3 127 636 644
3 631 615 638
3 615 631 641
3 639 615 641
3 616 626 627
3 616 627 628
3 616 628 630
3 635 617 643
3 617 637 640
3 617 640 643
3 629 618 633
3 618 629 637
3 633 618 647
3 618 634 647
3 623 619 624
3 624 619 636
3 636 619 644
3 635 620 642
3 620 635 643
3 636 620 643
3 621 630 631
3 621 631 638
3 621 638 645
3 634 622 641
3 622 639 641
3 639 622 646
3 623 624 625
3 623 625 626
3 625 624 640
3 624 636 643
3 640 624 643
3 626 625 627
3 627 625 629
3 629 625 640
3 628 627 633
3 627 629 633
3 630 628 631
3 631 628 632
3 632 628 633
3 637 629 640
3 631 632 641
3 632 633 647
3 632 634 641
3 634 632 647
3 68 6 670
3 6 111 670
3 7 70 671
3 118 7 671
3 117 10 668
3 10 128 668
3 11 124 667
3 129 11 667
3 69 68 662
3 662 68 670
3 70 69 653
3 653 69 662
3 70 653 671
3 111 112 650
3 111 650 670
3 112 113 655
3 650 112 655
3 113 114 652
3 113 652 655
3 114 115 657
3 652 114 657
3 115 116 654
3 115 654 657
3 116 117 660
3 654 116 660
3 660 117 668
3 119 118 663
3 663 118 671
3 120 119 648
3 648 119 663
3 121 120 656
3 120 648 656
3 122 121 649
3 649 121 656
3 123 122 658
3 122 649 658
3 124 123 659
3 123 658 659
3 124 659 667
3 128 129 651
3 128 651 668
3 651 129 667
3 656 648 664
3 661 648 663
3 648 661 664
3 649 656 665
3 658 649 666
3 649 665 666
3 650 655 661
3 650 661 662
3 650 662 670
3 651 659 660
3 659 651 667
3 651 660 668
3 655 652 664
3 652 657 665
3 664 652 665
3 661 653 662
3 653 661 663
3 653 663 671
3 657 654 666
3 654 660 669
3 666 654 669
3 661 655 664
3 656 664 665
3 665 657 666
3 659 658 669
3 658 666 669
3 660 659 669
3 71 672 8
3 8 672 76
3 72 672 71
3 73 672 72
3 74 672 73
3 75 672 74
3 76 672 75
3 125 109 9
3 10 110 674
3 128 10 673
3 673 10 674
3 11 129 127
3 110 109 674
3 109 125 674
3 125 126 674
3 126 127 673
3 126 673 674
3 127 129 673
3 129 128 673
4 418 709 679 712
4 305 701 690 705
4 526 694 685 714
4 694 701 685 714
4 291 705 693 711
4 677 403 716 720
4 678 699 499 724
4 526 701 694 714
4 418 678 709 712
4 418 679 362 712
4 403 702 677 716
4 347 370 345 716
4 347 345 699 716
4 499 699 298 724
4 436 679 418 709
4 677 702 403 720
4 291 688 705 711
4 419 678 499 724
4 693 716 403 720
4 693 705 676 711
4 32 544 3 682
4 3 544 226 682
4 32 3 42 682
4 305 690 494 705
4 365 30 681 691
4 125 9 109 682
4 544 682 32 691
4 361 414 698 705
4 485 578 372 678
4 241 678 493 709
4 350 701 305 705
4 501 419 499 724
4 109 125 682 692
4 418 436 362 679
4 92 241 678 700
4 419 678 418 712
4 485 678 372 699
4 32 682 42 691
4 92 678 241 709
4 688 698 414 705
4 211 681 30 691
4 295 578 485 678
4 678 700 241 702
4 493 678 241 702
4 254 241 493 709
4 699 716 345 721
4 337 704 698 706
4 226 682 544 691
4 418 362 358 712
4 372 699 678 702
4 494 690 495 705
4 546 685 526 694
4 350 686 701 705
4 501 499 298 724
4 495 705 690 716
4 366 365 681 691
4 403 398 702 716
4 700 717 528 720
4 337 698 681 706
4 270 680 278 683
4 528 717 545 720
4 677 702 699 716
4 546 526 685 714
4 286 699 298 712
4 254 92 241 709
4 308 686 309 694
4 419 700 678 724
4 461 109 9 682
4 419 499 678 712
4 531 224 272 679
4 270 278 269 683
4 309 308 307 686
4 453 702 700 720
4 531 94 224 679
4 428 680 277 683
4 690 701 676 705
4 231 418 678 709
4 372 678 578 722
4 561 291 688 705
4 559 678 587 702
4 686 694 308 701
4 372 678 559 702
4 429 680 253 683
4 686 361 698 705
4 307 686 308 701
4 495 497 705 716
4 545 528 700 717
4 337 330 698 704
4 241 700 453 702
4 531 679 272 713
4 587 678 493 702
4 564 403 702 720
4 419 418 358 712
4 241 91 453 700
4 92 678 231 700
4 559 678 372 722
4 688 676 705 711
4 306 690 305 701
4 306 304 305 690
4 85 682 696 697
4 270 277 680 683
4 227 693 689 707
4 30 364 365 681
4 286 298 499 712
4 429 253 260 683
4 291 297 693 705
4 686 698 688 705
4 286 296 699 712
4 242 255 87 711
4 493 678 274 709
4 494 495 497 705
4 372 347 699 702
4 94 679 531 723
4 85 696 86 697
4 89 689 227 720
4 548 403 693 716
4 294 679 362 715
4 92 231 678 709
4 274 493 587 678
4 89 227 689 707
4 559 274 587 678
4 676 690 705 716
4 362 715 679 723
4 337 330 704 706
4 698 704 681 706
4 533 680 430 683
4 420 418 419 678
4 685 686 676 701
4 679 713 531 723
4 685 694 354 697
4 283 294 679 712
4 339 681 337 698
4 360 366 365 681
4 242 696 460 711
4 350 305 494 705
4 461 692 682 697
4 545 689 230 720
4 294 362 377 715
4 689 693 227 720
4 548 693 403 720
4 362 377 715 723
4 485 372 347 699
4 364 30 29 681
4 419 420 678 700
4 528 545 230 720
4 677 716 699 721
4 366 691 681 708
4 545 717 689 720
4 455 682 691 696
4 429 430 680 683
4 681 698 360 708
4 414 698 688 708
4 679 709 272 722
4 274 678 559 722
4 414 561 688 705
4 365 367 30 691
4 453 700 91 720
4 225 683 98 687
4 231 678 420 700
4 463 690 306 701
4 30 211 29 681
4 420 231 418 678
4 676 705 693 716
4 272 679 224 709
4 297 693 705 716
4 129 684 313 706
4 693 707 227 711
4 337 330 338 698
4 347 371 370 702
4 452 683 590 687
4 685 694 686 701
4 407 683 225 687
4 283 679 294 715
4 590 683 435 687
4 463 304 306 690
4 94 224 679 709
4 309 694 686 704
4 264 683 452 687
4 286 296 298 699
4 3 226 84 682
4 284 679 283 715
4 226 455 682 691
4 429 260 430 683
4 86 685 229 697
4 676 686 685 688
4 414 465 698 708
4 3 84 9 682
4 675 685 686 688
4 366 681 360 708
4 270 268 277 683
4 590 435 581 687
4 681 691 211 703
4 675 691 682 696
4 338 339 337 698
4 98 683 444 687
4 86 696 685 697
4 41 211 691 703
4 564 403 518 702
4 94 589 679 723
4 283 679 284 712
4 87 707 685 711
4 675 686 685 694
4 548 403 564 720
4 283 285 294 712
4 435 683 407 687
4 414 361 504 705
4 362 679 410 723
4 455 454 682 696
4 437 92 231 700
4 311 310 704 719
4 274 709 678 722
4 282 679 284 715
4 690 714 463 717
4 211 30 212 691
4 30 367 31 691
4 350 307 305 701
4 474 681 29 706
4 282 284 283 715
4 684 704 314 706
4 460 696 688 711
4 272 679 273 713
4 491 313 129 684
4 362 436 410 679
4 436 679 589 723
4 564 702 518 720
4 42 9 125 682
4 410 679 436 723
4 694 704 310 719
4 350 686 307 701
4 414 688 465 708
4 347 345 300 699
4 677 717 700 720
4 86 87 685 696
4 314 684 312 704
4 85 682 454 696
4 463 690 701 714
4 435 407 581 687
4 311 310 309 704
4 365 364 360 681
4 491 684 129 718
4 310 694 309 704
4 312 314 313 684
4 110 109 550 692
4 360 681 339 698
4 281 533 430 683
4 273 679 272 722
4 361 686 496 705
4 691 696 675 708
4 94 679 589 709
4 556 712 679 722
4 589 679 436 709
4 92 91 241 700
4 313 315 129 706
4 270 269 268 683
4 518 702 453 720
4 546 685 707 714
4 243 680 428 683
4 556 679 477 722
4 267 683 264 687
4 465 360 698 708
4 226 455 454 682
4 273 272 709 722
4 496 361 475 686
4 253 680 96 683
4 41 211 212 691
4 281 269 278 683
4 419 358 499 712
4 556 282 477 679
4 675 684 681 704
4 226 544 455 691
4 42 3 9 682
4 29 474 364 681
4 86 87 229 685
4 291 693 289 711
4 685 701 676 714
4 360 339 359 698
4 276 273 679 713
4 370 702 398 716
4 503 463 714 717
4 378 110 550 692
4 231 436 418 709
4 305 303 494 690
4 545 528 422 700
4 366 367 365 691
4 300 699 345 721
4 545 700 422 717
4 265 261 263 687
4 313 684 314 706
4 548 398 403 716
4 474 339 681 706
4 354 546 526 694
4 91 700 528 720
4 29 681 40 706
4 128 491 129 718
4 682 692 125 703
4 482 685 354 697
4 359 465 360 698
4 681 675 691 703
4 309 307 479 686
4 444 683 445 687
4 226 454 85 682
4 507 428 277 683
4 291 561 297 705
4 682 691 675 703
4 681 704 684 706
4 212 30 31 691
4 376 692 461 697
4 475 686 361 698
4 129 315 11 706
4 42 691 682 703
4 341 690 463 717
4 676 693 690 716
4 519 89 227 720
4 414 504 561 705
4 354 685 546 694
4 309 686 479 704
4 297 705 497 716
4 85 86 535 697
4 353 697 694 719
4 84 461 9 682
4 436 589 569 723
4 94 569 589 723
4 700 702 677 720
4 509 696 691 708
4 314 704 330 706
4 276 679 273 722
4 443 407 225 687
4 372 371 347 702
4 443 225 98 687
4 564 518 453 720
4 242 460 255 711
4 276 679 477 713
4 42 41 691 703
4 445 683 267 687
4 337 681 339 706
4 451 694 526 701
4 477 713 679 715
4 339 364 474 681
4 109 674 125 692
4 276 275 273 713
4 682 675 692 703
4 419 421 700 724
4 127 684 129 706
4 363 688 460 696
4 675 681 684 703
4 686 698 475 704
4 684 692 675 703
4 2 474 29 706
4 10 110 356 718
4 474 337 339 706
4 261 687 265 695
4 275 272 273 713
4 681 691 675 708
4 98 444 235 687
4 243 96 680 683
4 688 696 685 711
4 674 125 692 703
4 353 694 343 719
4 353 354 694 697
4 85 454 86 696
4 127 40 703 706
4 330 475 698 704
4 282 477 679 715
4 673 127 126 703
4 280 533 278 680
4 212 42 41 691
4 109 110 674 692
4 292 465 414 688
4 674 126 125 703
4 261 262 687 695
4 259 687 262 695
4 243 570 428 680
4 259 510 262 687
4 370 371 398 702
4 546 685 585 707
4 507 560 428 683
4 110 692 356 718
4 110 109 378 550
4 303 495 494 690
4 437 231 420 700
4 675 692 684 719
4 675 681 698 704
4 40 681 211 703
4 89 88 227 707
4 273 272 271 709
4 518 241 453 702
4 423 717 700 724
4 2 29 40 706
4 681 703 40 706
4 86 242 87 696
4 465 688 292 708
4 673 703 126 718
4 263 261 262 687
4 90 91 528 720
4 547 687 580 695
4 235 580 547 687
4 429 240 253 680
4 312 313 311 684
4 264 269 452 683
4 477 679 276 722
4 510 580 687 695
4 311 704 684 719
4 422 700 423 717
4 129 491 316 313
4 311 312 684 704
4 507 277 268 683
4 446 680 95 723
4 568 680 553 723
4 553 568 429 680
4 423 700 422 724
4 570 680 446 713
4 85 535 682 697
4 675 682 692 697
4 376 550 461 692
4 547 99 687 695
4 677 690 689 716
4 235 547 99 687
4 85 84 226 682
4 556 477 471 722
4 125 42 682 703
4 363 696 508 708
4 673 684 127 703
4 510 687 259 695
4 40 29 211 681
4 341 721 717 724
4 127 703 684 706
4 503 463 567 714
4 685 676 707 714
4 266 452 590 687
4 264 268 269 683
4 689 690 676 693
4 553 680 533 715
4 446 713 680 723
4 40 211 41 703
4 455 691 509 696
4 291 290 688 711
4 341 463 503 717
4 690 693 689 716
4 479 686 475 704
4 238 687 99 695
4 688 696 363 708
4 533 680 280 715
4 673 684 703 718
4 308 309 310 694
4 268 264 267 683
4 296 286 295 712
4 337 314 330 706
4 87 517 685 707
4 127 673 129 684
4 260 225 407 683
4 358 294 285 712
4 491 325 311 684
4 341 464 721 724
4 343 353 354 694
4 261 259 262 695
4 443 99 238 687
4 95 531 713 723
4 446 95 531 713
4 563 680 713 715
4 341 690 717 721
4 291 297 293 693
4 263 264 452 687
4 444 445 235 687
4 240 429 568 680
4 508 363 460 696
4 350 496 686 705
4 338 330 475 698
4 491 325 684 718
4 675 688 686 698
4 278 270 279 680
4 129 684 673 718
4 507 445 560 683
4 496 475 350 686
4 243 428 560 683
4 280 278 279 680
4 446 570 243 680
4 446 95 713 723
4 517 585 685 707
4 680 715 553 723
4 444 560 445 683
4 570 427 428 680
4 325 311 684 719
4 287 693 227 711
4 692 675 697 719
4 227 707 88 711
4 364 339 360 681
4 545 422 423 717
4 266 590 581 687
4 563 713 477 715
4 568 240 680 723
4 378 550 355 692
4 493 274 271 709
4 456 689 457 707
4 304 303 305 690
4 419 421 420 700
4 470 559 372 722
4 362 410 377 723
4 465 366 360 708
4 304 341 302 690
4 127 129 11 706
4 457 707 689 714
4 354 526 451 694
4 279 280 680 715
4 341 302 690 721
4 277 428 427 680
4 686 688 676 705
4 517 229 87 685
4 685 688 675 696
4 341 304 463 690
4 325 684 718 719
4 495 690 303 721
4 227 287 288 693
4 457 689 545 717
4 359 414 465 698
4 561 291 292 688
4 266 265 263 687
4 212 32 42 691
4 569 410 436 723
4 566 687 238 695
4 231 589 436 709
4 297 293 693 716
4 508 696 509 708
4 89 689 456 707
4 414 561 292 688
4 291 289 290 711
4 377 568 553 723
4 272 224 271 709
4 92 437 91 700
4 553 533 514 715
4 265 687 412 695
4 518 493 241 702
4 10 674 110 718
4 575 691 366 708
4 372 559 371 702
4 341 717 502 724
4 353 692 697 719
4 377 553 715 723
4 575 367 366 691
4 225 260 253 683
4 676 688 685 711
4 267 445 507 683
4 689 693 676 707
4 463 701 334 714
4 517 585 229 685
4 430 553 429 680
4 495 716 690 721
4 263 452 266 687
4 443 238 566 687
4 684 704 675 719
4 412 265 266 687
4 545 457 230 689
4 479 475 330 704
4 479 307 350 686
4 345 495 301 721
4 570 446 373 713
4 676 701 690 714
4 546 354 482 685
4 403 398 399 702
4 430 533 553 680
4 546 707 458 714
4 528 230 90 720
4 674 692 110 718
4 128 129 673 718
4 316 128 491 129
4 96 95 446 680
4 676 707 693 711
4 676 701 686 705
4 97 253 96 683
4 262 264 263 687
4 535 461 682 697
4 311 313 491 684
4 503 714 557 717
4 540 688 363 708
4 675 704 694 719
4 457 689 557 714
4 435 260 407 683
4 458 546 585 707
4 458 707 457 714
4 566 412 687 695
4 292 688 540 708
4 510 417 580 695
4 290 460 688 711
4 84 85 461 682
4 255 227 88 711
4 96 253 240 680
4 345 716 495 721
4 495 406 497 716
4 97 98 225 683
4 341 502 464 724
4 451 308 694 701
4 682 675 696 697
4 300 485 347 699
4 95 680 96 723
4 268 267 507 683
4 458 456 457 707
4 684 703 681 706
4 270 277 563 680
4 673 126 674 718
4 560 444 243 683
4 301 495 303 721
4 31 32 212 691
4 686 694 675 704
4 423 422 421 724
4 557 714 689 717
4 125 126 42 703
4 363 508 509 708
4 452 281 590 683
4 273 709 271 722
4 563 279 680 715
4 556 471 712 722
4 477 276 471 722
4 408 276 477 713
4 479 350 475 686
4 427 680 570 713
4 344 356 692 718
4 283 284 285 712
4 262 267 264 687
4 330 314 312 704
4 374 544 32 691
4 508 460 242 696
4 685 675 694 697
4 556 471 295 712
4 353 344 692 719
4 297 497 406 716
4 287 289 693 711
4 97 444 98 683
4 493 271 254 709
4 446 243 96 680
4 463 334 567 714
4 235 99 98 687
4 350 494 496 705
4 557 689 457 717
4 563 408 477 713
4 31 374 32 691
4 243 97 96 683
4 226 3 438 544
4 678 700 699 724
4 230 689 89 720
4 359 361 414 698
4 304 302 303 690
4 694 697 675 719
4 452 269 281 683
4 306 305 307 701
4 86 229 535 697
4 546 482 585 685
4 99 443 98 687
4 689 714 690 717
4 503 567 557 714
4 557 457 545 717
4 301 300 345 721
4 126 41 42 703
4 676 690 689 714
4 517 458 585 707
4 229 685 482 697
4 240 96 680 723
4 563 477 279 715
4 692 703 684 718
4 451 526 334 701
4 313 314 315 706
4 464 699 299 721
4 89 230 456 689
4 127 40 41 703
4 93 224 94 709
4 271 709 274 722
4 676 685 707 711
4 681 675 698 708
4 338 475 361 698
4 685 696 675 697
4 675 688 698 708
4 127 41 126 703
4 353 692 376 697
4 455 509 508 696
4 510 259 417 695
4 461 85 535 682
4 293 548 693 716
4 464 699 721 724
4 463 306 334 701
4 339 338 359 698
4 518 403 399 702
4 464 298 299 699
4 585 482 229 685
4 292 363 540 688
4 675 698 686 704
4 361 496 504 705
4 464 298 699 724
4 93 94 589 709
4 290 460 363 688
4 89 456 88 707
4 353 482 354 697
4 303 690 302 721
4 279 270 563 680
4 93 589 231 709
4 372 578 470 722
4 419 501 421 724
4 519 288 564 720
4 355 376 353 692
4 353 344 355 692
4 311 309 312 704
4 427 563 680 713
4 287 289 288 693
4 95 94 531 723
4 355 344 356 692
4 689 690 677 717
4 422 700 421 724
4 471 295 712 722
4 277 427 563 680
4 240 95 96 723
4 509 691 575 708
4 471 578 295 722
4 465 292 540 708
4 334 701 526 714
4 230 457 456 689
4 291 293 289 693
4 90 453 91 720
4 373 446 531 713
4 688 675 696 708
4 92 93 231 709
4 584 695 441 710
4 355 550 376 692
4 470 274 559 722
4 291 290 292 688
4 445 580 235 687
4 430 260 435 683
4 451 308 310 694
4 341 464 302 721
4 413 695 584 710
4 699 700 678 702
4 87 88 517 707
4 228 9 461 109
4 510 445 267 687
4 377 553 514 715
4 445 510 580 687
4 455 508 454 696
4 225 253 97 683
4 316 129 313 315
4 371 399 398 702
4 677 700 699 702
4 407 443 566 687
4 435 590 281 683
4 398 548 293 716
4 297 552 293 716
4 535 376 461 697
4 266 581 412 687
4 581 407 566 687
4 689 717 677 720
4 417 547 580 695
4 552 398 293 716
4 566 238 554 695
4 700 717 677 724
4 451 334 308 701
4 438 84 3 226
4 540 575 366 708
4 510 267 262 687
4 344 718 692 719
4 566 554 412 695
4 281 430 435 683
4 518 587 493 702
4 514 294 377 715
4 344 325 718 719
4 441 584 554 695
4 441 695 100 710
4 514 533 280 715
4 512 491 128 718
4 90 230 89 720
4 367 374 31 691
4 99 547 100 695
4 287 290 289 711
4 300 296 485 699
4 343 694 310 719
4 528 91 437 700
4 581 566 412 687
4 325 310 311 719
4 99 100 238 695
4 282 279 477 715
4 374 455 544 691
4 444 97 243 683
4 245 426 672 710
4 299 699 300 721
4 571 101 672 710
4 254 93 92 709
4 672 101 574 710
4 488 512 128 718
4 343 451 310 694
4 256 245 672 710
4 679 712 709 722
4 33 77 5 108
4 499 358 285 712
4 65 20 178 216
4 216 66 19 615
4 343 354 451 694
4 571 672 442 710
4 2 472 474 706
4 101 672 8 571
4 408 275 276 713
4 574 672 8 101
4 118 541 523 119
4 249 442 672 710
4 678 709 712 722
4 344 488 356 718
4 245 74 672 426
4 40 127 11 706
4 122 23 623 123
4 699 700 677 724
4 245 672 75 256
4 118 523 27 119
4 11 2 40 706
4 312 309 479 704
4 488 344 325 718
4 27 28 523 118
4 77 5 1 33
4 561 504 297 705
4 273 271 274 722
4 540 509 575 708
4 255 287 227 711
4 128 512 316 491
4 532 695 413 710
4 216 178 65 615
4 19 178 216 615
4 373 531 272 713
4 7 51 219 118
4 334 526 567 714
4 249 413 584 710
4 522 523 28 118
4 672 426 249 710
4 301 299 300 721
4 427 570 373 713
4 22 123 320 124
4 290 363 292 688
4 126 41 183 620
4 123 22 320 23
4 297 406 552 716
4 33 5 215 108
4 359 338 361 698
4 220 51 7 118
4 298 296 299 699
4 672 249 72 442
4 474 472 337 706
4 454 242 86 696
4 52 28 0 219
4 101 441 100 710
4 457 557 459 714
4 0 28 214 118
4 672 73 249 426
4 306 307 308 701
4 441 238 100 695
4 413 554 584 695
4 465 540 366 708
4 717 721 677 724
4 677 717 690 721
4 123 22 198 124
4 38 102 635 39
4 252 100 695 710
4 540 363 509 708
4 198 23 22 123
4 102 38 635 103
4 559 399 371 702
4 502 717 423 724
4 37 38 104 186
4 259 261 258 695
4 23 122 623 24
4 11 315 472 706
4 219 52 28 522
4 33 5 1 215
4 301 303 302 721
4 459 526 546 714
4 77 33 107 108
4 522 219 51 118
4 514 283 294 715
4 128 10 488 718
4 38 39 635 182
4 198 123 124 619
4 616 121 25 626
4 3 32 438 544
4 523 522 541 118
4 220 247 51 118
4 559 587 399 702
4 109 461 228 550
4 219 28 0 118
4 214 7 0 118
4 121 122 25 626
4 422 420 421 700
4 676 689 707 714
4 256 672 574 710
4 19 66 218 202
4 639 20 65 217
4 120 121 26 616
4 312 479 330 704
4 258 695 532 710
4 30 364 478 365
4 464 501 298 724
4 427 408 563 713
4 503 502 341 717
4 509 374 575 691
4 458 457 459 714
4 556 295 284 712
4 141 163 143 342
4 353 343 344 719
4 651 128 492 129
4 459 546 458 714
4 104 36 37 189
4 191 647 633 179
4 616 196 210 628
4 642 9 39 102
4 252 695 257 710
4 257 695 258 710
4 494 497 496 705
4 219 0 7 118
4 554 238 441 695
4 380 594 603 602
4 571 672 71 442
4 528 437 422 700
4 36 105 179 189
4 10 356 488 718
4 23 22 320 324
4 488 491 512 718
4 368 31 30 367
4 126 42 620 125
4 649 121 395 656
4 95 569 94 723
4 316 492 128 129
4 183 636 126 620
4 620 41 183 199
4 412 413 265 695
4 117 116 660 382
4 123 319 320 124
4 4 5 1 77
4 314 472 315 706
4 502 423 421 724
4 302 464 299 721
4 66 218 202 638
4 201 20 639 217
4 594 109 378 110
4 364 29 30 478
4 39 3 9 642
4 491 488 325 718
4 255 460 287 711
4 122 24 25 626
4 11 205 124 644
4 257 259 258 695
4 399 587 518 702
4 252 100 547 695
4 249 532 413 710
4 122 25 527 121
4 149 349 331 174
4 28 219 522 118
4 454 508 242 696
4 142 144 146 346
4 77 33 34 107
4 690 716 677 721
4 275 373 272 713
4 584 441 442 710
4 115 654 116 489
4 296 300 299 699
4 164 27 28 523
4 345 406 495 716
4 575 374 367 691
4 205 2 11 124
4 22 2 205 124
4 183 40 41 127
4 290 287 460 711
4 39 3 642 207
4 25 26 121 616
4 336 144 142 346
4 699 677 721 724
4 42 126 620 41
4 126 183 41 127
4 417 252 547 695
4 499 285 286 712
4 28 209 214 118
4 122 395 658 649
4 121 26 529 120
4 215 646 33 108
4 509 455 374 691
4 114 113 387 595
4 351 143 163 342
4 412 554 413 695
4 532 261 265 695
4 615 204 178 641
4 574 76 672 256
4 489 116 115 383
4 9 228 461 84
4 252 101 100 710
4 365 368 30 367
4 36 104 105 189
4 322 23 122 123
4 316 492 512 128
4 202 19 66 615
4 178 20 65 639
4 163 141 351 342
4 321 124 319 659
4 196 210 181 616
4 618 633 647 179
4 42 9 642 125
4 532 258 261 695
4 33 107 108 184
4 322 320 23 123
4 377 410 568 723
4 386 114 657 388
4 658 506 123 659
4 121 529 396 120
4 39 9 83 102
4 519 90 89 720
4 121 396 395 656
4 660 516 659 651
4 492 659 516 651
4 27 118 119 621
4 324 320 23 323
4 120 27 119 630
4 527 24 25 122
4 27 28 118 621
4 22 23 137 324
4 209 214 118 645
4 215 33 646 208
4 319 124 321 317
4 105 106 36 179
4 472 2 11 706
4 489 660 116 382
4 398 552 370 716
4 652 114 113 387
4 389 114 595 600
4 417 257 252 695
4 38 39 82 102
4 124 2 11 318
4 22 2 124 318
4 144 336 146 346
4 180 24 23 623
4 618 190 179 189
4 626 181 616 627
4 102 82 38 103
4 117 660 487 382
4 110 378 594 380
4 395 506 122 658
4 108 107 622 184
4 229 482 535 697
4 567 459 557 714
4 532 265 413 695
4 83 3 9 39
4 616 25 181 626
4 179 105 618 189
4 616 26 120 630
4 615 178 65 639
4 19 202 178 615
4 654 115 386 489
4 382 611 117 603
4 325 343 310 719
4 633 627 196 190
4 11 40 205 127
4 297 504 497 705
4 102 602 462 103
4 422 437 420 700
4 245 258 426 710
4 114 389 385 600
4 480 165 156 404
4 221 28 0 233
4 28 27 185 621
4 663 648 555 119
4 644 11 205 127
4 1 77 33 576
4 692 718 684 719
4 638 202 66 615
4 639 178 20 201
4 356 110 10 379
4 603 539 380 602
4 395 122 121 649
4 601 103 104 450
4 271 224 254 709
4 642 620 635 207
4 205 183 198 644
4 11 40 2 205
4 9 42 642 3
4 322 23 24 122
4 621 197 185 631
4 306 308 334 701
4 672 72 71 442
4 288 289 548 693
4 26 121 529 25
4 320 322 319 123
4 382 381 611 603
4 119 524 27 120
4 28 233 164 523
4 108 77 5 577
4 192 181 626 627
4 190 618 629 189
4 78 77 34 107
4 249 72 73 672
4 486 10 117 611
4 75 74 672 245
4 633 196 628 191
4 349 433 331 174
4 480 156 165 155
4 541 247 663 118
4 331 149 174 157
4 118 663 541 119
4 512 668 486 128
4 258 532 426 710
4 204 615 631 641
4 641 204 178 194
4 608 447 609 592
4 6 47 670 111
4 472 314 337 706
4 370 406 345 716
4 642 3 42 207
4 442 441 571 710
4 368 135 31 369
4 247 220 671 118
4 651 492 659 667
4 404 163 130 405
4 679 715 713 723
4 115 386 489 383
4 517 88 456 707
4 10 673 674 718
4 155 31 135 369
4 191 633 190 179
4 196 616 627 628
4 515 327 29 478
4 321 123 506 659
4 107 33 34 184
4 634 622 107 184
4 321 659 492 667
4 282 283 280 715
4 74 73 672 426
4 614 606 108 250
4 115 657 654 386
4 611 379 381 382
4 584 442 249 710
4 487 660 489 382
4 224 93 254 709
4 232 38 37 130
4 506 658 321 659
4 158 163 141 468
4 521 671 50 222
4 200 25 24 626
4 105 104 637 189
4 349 152 149 146
4 386 387 114 388
4 478 327 29 154
4 204 185 197 631
4 668 10 486 128
4 51 52 219 522
4 279 282 280 715
4 115 114 657 386
4 147 143 163 351
4 185 27 197 621
4 511 112 111 498
4 42 41 620 199
4 126 636 183 127
4 529 524 396 120
4 598 390 113 595
4 141 351 342 468
4 481 145 147 340
4 506 319 123 321
4 120 26 27 630
4 317 11 124 667
4 317 321 492 667
4 196 195 628 191
4 628 632 633 191
4 515 29 327 170
4 145 333 332 144
4 527 395 122 121
4 115 114 386 385
4 483 24 25 527
4 76 75 672 256
4 249 426 532 710
4 648 500 555 119
4 142 141 342 348
4 145 466 333 150
4 70 50 671 222
4 51 50 247 220
4 17 59 542 223
4 423 557 545 717
4 0 52 221 233
4 378 109 594 380
4 284 295 286 712
4 392 665 649 394
4 665 656 649 394
4 108 107 77 543
4 387 652 114 388
4 167 135 481 440
4 602 462 103 450
4 325 344 343 719
4 49 653 521 222
4 115 385 383 597
4 154 327 29 170
4 351 141 163 468
4 389 390 598 595
4 321 319 123 659
4 333 336 332 144
4 663 555 648 397
4 386 657 654 391
4 324 23 137 323
4 257 417 259 695
4 147 143 351 340
4 143 145 336 340
4 621 119 27 630
4 208 64 21 217
4 218 67 18 209
4 135 481 150 167
4 548 289 293 693
4 333 466 145 151
4 389 387 114 385
4 609 447 449 592
4 597 383 116 603
4 204 202 638 615
4 639 641 178 201
4 588 104 103 450
4 490 652 113 387
4 521 50 49 222
4 163 130 165 404
4 34 33 77 251
4 158 163 468 405
4 71 8 672 571
4 273 274 470 722
4 672 8 76 574
4 328 166 483 323
4 349 432 433 174
4 503 423 502 717
4 482 353 376 697
4 135 368 440 369
4 26 25 181 616
4 618 106 105 179
4 392 649 666 505
4 25 26 335 434
4 389 114 387 595
4 524 529 26 120
4 156 480 404 538
4 135 440 155 369
4 616 181 196 627
4 633 618 190 179
4 24 23 322 323
4 595 400 401 607
4 1 4 77 576
4 374 31 32 375
4 378 110 379 380
4 541 247 555 663
4 335 529 25 434
4 336 142 143 342
4 150 145 466 151
4 202 204 178 615
4 178 615 641 639
4 486 487 117 668
4 524 26 27 120
4 611 379 380 381
4 142 144 336 143
4 166 483 24 328
4 486 10 611 379
4 632 628 195 191
4 327 476 466 172
4 571 441 101 710
4 458 517 456 707
4 166 24 483 323
4 652 657 114 388
4 138 534 169 164
4 77 4 5 577
4 26 25 529 434
4 2 22 473 318
4 504 496 497 705
4 609 449 612 601
4 481 135 476 440
4 616 181 26 630
4 193 106 618 179
4 247 522 51 118
4 245 257 258 710
4 656 396 500 120
4 432 349 152 174
4 713 715 680 723
4 595 600 608 447
4 603 597 381 612
4 218 67 209 645
4 208 646 64 217
4 433 331 174 157
4 193 618 647 179
4 616 210 181 630
4 106 591 599 248
4 381 383 597 603
4 656 396 395 394
4 481 476 135 150
4 610 462 9 102
4 641 631 204 194
4 389 400 401 595
4 9 3 83 84
4 78 77 107 543
4 671 220 7 118
4 247 663 671 521
4 636 198 183 644
4 207 620 635 199
4 302 299 301 721
4 115 385 597 600
4 106 35 36 179
4 611 10 110 379
4 37 36 80 244
4 666 669 654 391
4 449 384 609 612
4 595 598 400 607
4 25 529 483 527
4 317 492 129 667
4 471 276 470 722
4 207 635 39 182
4 3 439 583 171
4 619 124 198 644
4 400 598 604 607
4 516 321 659 492
4 543 108 606 250
4 124 320 22 318
4 431 13 54 138
4 391 666 669 505
4 192 181 200 626
4 618 637 629 189
4 500 656 648 394
4 664 648 656 394
4 648 656 500 120
4 144 145 336 143
4 381 539 380 603
4 527 25 529 121
4 112 111 498 593
4 25 200 181 626
4 637 618 105 189
4 39 38 232 156
4 36 79 106 105
4 145 481 333 340
4 201 622 641 184
4 655 113 112 511
4 484 336 146 144
4 471 470 578 722
4 600 595 389 447
4 649 395 658 505
4 184 107 634 193
4 386 114 387 385
4 647 191 193 179
4 630 616 210 628
4 486 488 10 356
4 34 77 78 251
4 336 333 145 144
4 395 649 656 394
4 117 116 382 603
4 649 395 392 394
4 439 3 39 171
4 39 83 3 439
4 276 273 470 722
4 317 11 129 315
4 36 37 467 244
4 527 322 24 122
4 317 124 11 318
4 462 83 9 102
4 37 36 467 158
4 83 82 39 102
4 320 473 22 318
4 204 202 185 638
4 641 639 622 201
4 170 29 2 473
4 122 506 322 123
4 155 480 156 538
4 34 107 184 193
4 153 152 416 146
4 621 27 197 630
4 395 649 392 505
4 658 321 669 505
4 395 506 658 505
4 668 486 487 512
4 197 621 630 631
4 184 634 194 193
4 481 145 150 147
4 661 663 648 397
4 637 640 188 186
4 203 200 623 625
4 118 28 209 621
4 33 646 184 108
4 124 123 319 659
4 634 107 106 193
4 356 378 110 379
4 484 416 152 146
4 514 280 283 715
4 602 603 539 612
4 28 185 209 621
4 220 50 247 671
4 653 49 69 222
4 124 319 320 318
4 489 386 654 391
4 622 646 108 184
4 555 541 663 119
4 607 401 608 599
4 636 619 198 644
4 635 207 199 182
4 172 476 466 150
4 480 167 165 352
4 598 593 579 604
4 669 516 391 505
4 404 351 163 405
4 604 402 400 607
4 541 555 500 119
4 564 453 519 720
4 29 515 364 474
4 439 39 232 156
4 30 135 368 476
4 146 336 484 346
4 596 614 61 250
4 466 333 329 151
4 322 483 24 323
4 256 252 257 710
4 82 39 38 232
4 326 327 466 172
4 472 11 2 318
4 197 27 26 630
4 432 433 174 132
4 666 649 658 505
4 536 159 58 213
4 170 515 29 473
4 149 332 484 144
4 384 381 597 612
4 541 524 523 119
4 614 43 61 250
4 141 142 140 348
4 251 34 176 469
4 10 486 356 379
4 103 462 102 588
4 342 351 143 340
4 663 247 555 521
4 431 55 13 160
4 476 327 154 172
4 176 177 33 251
4 400 389 598 595
4 163 165 147 351
4 619 198 180 624
4 617 635 187 182
4 492 651 129 667
4 133 331 329 328
4 256 257 245 710
4 459 567 526 714
4 653 671 521 222
4 400 389 390 598
4 318 472 11 315
4 542 136 17 223
4 657 666 391 392
4 524 27 523 119
4 26 27 434 524
4 627 192 196 190
4 627 633 629 190
4 464 502 501 724
4 27 26 434 132
4 646 33 184 208
4 645 118 209 621
4 395 527 396 121
4 342 336 142 346
4 385 115 114 600
4 588 103 462 450
4 478 30 368 476
4 348 141 342 468
4 221 52 53 233
4 351 165 147 352
4 387 490 652 388
4 663 653 521 572
4 159 16 58 213
4 384 449 539 612
4 486 117 487 382
4 31 374 369 375
4 119 500 524 120
4 138 431 13 160
4 70 50 220 671
4 164 233 537 523
4 516 669 321 505
4 317 129 316 315
4 333 336 145 340
4 568 410 240 723
4 669 321 658 659
4 523 434 27 524
4 473 22 170 324
4 103 102 82 588
4 665 664 656 394
4 555 663 661 397
4 438 3 83 439
4 35 106 193 179
4 453 90 519 720
4 149 484 349 146
4 439 438 3 583
4 228 462 9 610
4 516 659 669 660
4 12 54 13 138
4 214 7 118 645
4 215 1 33 208
4 395 506 527 122
4 391 388 657 392
4 656 500 396 394
4 155 440 480 369
4 648 664 397 394
4 474 2 473 472
4 210 197 181 630
4 634 618 647 193
4 183 636 644 127
4 207 42 620 199
4 22 473 320 324
4 599 591 549 248
4 112 111 650 511
4 284 286 285 712
4 604 593 579 605
4 233 28 52 522
4 215 5 646 108
4 367 368 31 369
4 481 333 466 150
4 397 500 648 394
4 321 658 506 505
4 34 35 78 107
4 197 26 181 630
4 618 634 106 193
4 646 639 64 217
4 202 218 18 209
4 661 662 653 572
4 602 380 594 573
4 612 449 539 601
4 623 200 626 625
4 189 637 188 186
4 169 534 432 164
4 52 0 28 233
4 480 165 167 155
4 333 481 145 150
4 107 35 78 106
4 111 47 670 551
4 24 483 322 527
4 447 608 448 592
4 657 386 388 391
4 133 483 25 335
4 134 56 15 415
4 316 492 129 317
4 145 329 333 151
4 521 555 663 572
4 147 351 352 340
4 0 28 209 214
4 602 539 380 573
4 175 134 15 415
4 502 421 501 724
4 427 373 275 713
4 178 20 19 216
4 216 65 66 615
4 482 376 535 697
4 450 104 601 236
4 329 151 133 328
4 318 11 317 315
4 195 631 632 194
4 527 506 322 122
4 240 569 95 723
4 374 32 544 375
4 82 38 103 588
4 79 78 106 248
4 123 122 506 658
4 130 404 405 582
4 317 129 11 667
4 113 112 511 390
4 84 3 83 438
4 152 349 484 146
4 319 124 317 318
4 654 669 516 391
4 203 200 180 623
4 640 637 617 186
4 59 542 223 246
4 597 385 384 600
4 537 27 164 523
4 166 151 326 328
4 141 143 142 342
4 158 131 36 558
4 30 478 154 476
4 671 50 247 521
4 520 604 606 565
4 389 385 600 447
4 221 0 28 173
4 78 107 106 248
4 654 516 489 391
4 384 597 600 609
4 342 143 336 340
4 135 30 154 476
4 332 161 145 144
4 163 351 468 405
4 106 599 530 248
4 641 194 201 184
4 401 448 608 599
4 396 527 529 121
4 486 117 10 668
4 384 600 447 609
4 119 648 500 120
4 511 655 113 490
4 13 54 55 431
4 43 44 61 250
4 39 82 83 439
4 174 152 432 132
4 660 654 516 489
4 104 617 637 186
4 200 24 180 623
4 348 342 142 346
4 369 155 31 375
4 172 154 476 150
4 34 35 107 193
4 615 638 204 631
4 194 178 641 201
4 108 614 250 577
4 384 381 383 597
4 233 221 28 173
4 153 134 168 415
4 82 39 232 439
4 388 652 665 393
4 139 176 34 469
4 655 664 652 393
4 23 24 166 323
4 106 107 35 193
4 228 9 109 610
4 25 26 157 335
4 596 520 606 250
4 661 663 555 572
4 234 653 662 572
4 665 657 388 392
4 653 663 661 572
4 209 67 18 214
4 215 64 21 208
4 234 49 653 521
4 468 348 141 425
4 26 157 335 434
4 483 133 328 335
4 2 473 472 318
4 416 349 484 152
4 473 170 515 324
4 469 35 139 586
4 116 115 383 597
4 23 320 322 323
4 14 13 55 160
4 490 655 652 393
4 352 480 167 440
4 239 46 63 613
4 613 239 551 593
4 151 329 326 328
4 39 439 171 156
4 385 386 115 383
4 524 541 500 119
4 153 416 409 146
4 434 537 27 132
4 645 218 67 638
4 201 208 21 217
4 383 385 384 597
4 574 252 256 710
4 579 400 598 604
4 140 141 348 425
4 135 31 30 368
4 660 117 487 668
4 562 109 378 380
4 326 166 328 323
4 483 25 24 133
4 188 190 629 189
4 627 626 192 625
4 370 552 406 716
4 592 601 104 236
4 352 481 147 340
4 646 622 639 201
4 185 202 209 638
4 155 32 31 375
4 223 58 59 246
4 192 196 181 627
4 618 629 633 190
4 326 327 172 137
4 631 195 204 194
4 632 631 641 194
4 364 515 29 478
4 79 35 36 106
4 248 107 591 565
4 349 331 332 149
4 45 46 63 239
4 671 663 247 118
4 534 431 138 169
4 170 327 515 324
4 393 665 388 392
4 604 520 606 596
4 326 137 166 323
4 583 32 3 171
4 468 141 158 558
4 233 53 221 173
4 656 121 396 120
4 146 149 484 144
4 147 167 481 352
4 130 232 38 156
4 440 480 167 155
4 250 543 108 577
4 322 506 319 123
4 599 592 105 530
4 380 610 594 573
4 664 665 393 394
4 136 16 17 223
4 142 162 348 346
4 170 2 22 473
4 214 209 67 645
4 215 646 64 208
4 400 579 402 604
4 468 141 131 425
4 239 579 593 605
4 530 599 549 248
4 196 633 190 191
4 628 627 196 633
4 438 32 3 583
4 555 661 572 397
4 195 204 197 631
4 634 632 641 194
4 539 602 612 601
4 620 643 635 199
4 183 206 198 636
4 537 432 534 164
4 166 133 151 328
4 447 448 449 592
4 116 489 382 383
4 619 198 206 636
4 199 643 635 182
4 400 402 401 607
4 629 625 192 188
4 169 416 431 160
4 565 606 520 250
4 381 384 539 612
4 177 176 542 251
4 352 167 481 440
4 410 569 240 723
4 462 602 573 450
4 462 9 83 228
4 21 20 201 217
4 218 66 67 638
4 134 153 237 415
4 666 391 392 505
4 469 176 251 513
4 574 101 252 710
4 600 385 384 447
4 643 617 635 187
4 206 180 198 624
4 109 228 562 550
4 247 541 522 118
4 619 206 198 624
4 187 635 643 182
4 408 427 275 713
4 79 78 35 106
4 133 24 483 328
4 177 576 33 251
4 450 588 104 236
4 650 661 411 572
4 596 61 44 250
4 24 133 166 328
4 659 669 321 516
4 416 484 409 146
4 35 131 139 586
4 131 141 468 558
4 654 660 116 489
4 26 157 434 132
4 654 516 669 660
4 141 131 158 558
4 551 511 111 498
4 462 610 602 102
4 172 466 326 151
4 392 393 665 394
4 462 82 102 588
4 186 617 187 182
4 619 180 623 624
4 18 19 218 202
4 639 65 64 217
4 138 12 54 534
4 657 665 666 392
4 591 107 606 565
4 234 650 411 572
4 57 15 56 415
4 352 165 480 404
4 228 9 83 84
4 544 32 438 583
4 368 30 478 365
4 607 549 401 599
4 159 148 168 536
4 602 594 610 573
4 657 652 665 388
4 82 83 462 102
4 113 511 490 390
4 601 592 449 236
4 593 579 498 598
4 351 163 165 404
4 137 326 324 323
4 653 69 49 234
4 498 390 112 598
4 166 137 23 323
4 248 543 107 565
4 613 551 111 593
4 478 29 30 154
4 175 15 57 415
4 161 333 332 145
4 128 673 10 718
4 167 135 440 155
4 233 537 534 164
4 476 481 466 150
4 375 155 171 538
4 161 331 329 133
4 387 113 490 390
4 161 329 333 145
4 107 108 606 543
4 423 503 557 717
4 63 45 239 605
4 380 562 610 573
4 143 147 145 340
4 523 28 233 522
4 160 169 416 153
4 156 130 232 582
4 542 136 223 246
4 603 381 539 612
4 141 140 131 425
4 37 38 81 104
4 434 157 433 132
4 489 516 660 487
4 103 81 38 104
4 447 449 384 609
4 646 64 5 215
4 214 67 7 645
4 215 21 1 208
4 113 112 390 598
4 132 169 432 164
4 608 595 401 607
4 148 168 536 357
4 671 663 653 521
4 329 333 332 161
4 54 431 138 534
4 161 332 331 149
4 154 135 476 150
4 37 467 232 130
4 467 37 80 244
4 103 601 602 450
4 604 579 520 605
4 405 468 158 558
4 163 158 130 405
4 6 47 111 551
4 155 171 32 375
4 601 539 602 450
4 604 520 402 565
4 195 210 196 628
4 633 632 647 191
4 336 484 332 144
4 348 162 140 357
4 483 529 25 335
4 209 18 0 214
4 374 367 31 369
4 188 629 637 189
4 626 200 192 625
4 648 555 500 397
4 142 162 140 348
4 135 368 476 440
4 378 109 562 550
4 434 529 26 524
4 139 34 35 469
4 251 78 34 469
4 614 5 43 577
4 524 500 396 120
4 462 228 562 610
4 236 105 592 530
4 192 627 629 190
4 130 156 165 582
4 655 652 113 490
4 521 653 234 572
4 62 44 45 520
4 136 148 159 246
4 332 484 349 149
4 137 326 327 324
4 480 155 369 375
4 614 108 5 577
4 352 351 165 404
4 148 136 139 424
4 27 537 434 523
4 607 604 402 591
4 69 48 49 234
4 154 478 327 476
4 63 239 613 605
4 81 37 80 467
4 357 140 348 424
4 610 462 602 573
4 543 606 107 565
4 156 232 439 538
4 14 56 15 134
4 432 431 534 169
4 107 78 543 248
4 411 525 650 234
4 43 61 5 614
4 335 157 433 434
4 173 233 534 164
4 16 58 223 246
4 326 172 151 137
4 177 17 60 542
4 150 466 172 151
4 466 329 326 151
4 104 36 80 37
4 448 401 549 599
4 592 104 105 236
4 331 161 149 157
4 35 78 79 469
4 328 133 331 335
4 558 468 131 425
4 625 623 203 624
4 640 187 188 186
4 665 649 666 392
4 591 106 107 248
4 109 562 228 610
4 327 154 172 137
4 145 161 329 151
4 81 38 37 232
4 625 203 192 188
4 640 625 629 188
4 562 462 610 573
4 244 36 131 558
4 513 139 136 424
4 59 60 17 542
4 62 44 520 596
4 671 653 70 222
4 536 58 57 213
4 63 46 6 613
4 139 176 469 513
4 168 409 153 415
4 69 653 662 234
4 600 608 447 609
4 237 14 55 160
4 388 490 652 393
4 105 79 106 530
4 151 161 329 133
4 592 599 448 530
4 48 69 662 234
4 643 199 187 182
4 624 619 206 636
4 136 148 246 424
4 416 237 431 160
4 148 140 162 357
4 480 155 375 538
4 601 449 539 450
4 78 35 34 469
4 432 537 132 164
4 139 131 140 425
4 167 481 150 147
4 53 12 221 173
4 525 111 670 551
4 579 400 498 598
4 43 5 4 577
4 536 159 148 424
4 666 658 669 505
4 192 627 625 629
4 190 629 192 188
4 47 68 6 670
4 246 513 136 424
4 131 139 586 425
4 409 237 153 415
4 664 393 397 394
4 12 53 54 534
4 203 192 200 625
4 637 640 629 188
4 173 28 233 164
4 4 1 60 576
4 112 511 390 498
4 576 177 542 251
4 79 106 530 248
4 520 45 62 605
4 170 137 327 324
4 467 81 37 232
4 416 432 349 152
4 450 601 449 236
4 160 416 237 153
4 670 47 68 525
4 250 614 43 577
4 156 232 538 582
4 664 661 648 397
4 657 666 654 391
4 171 583 375 538
4 607 402 549 591
4 384 597 609 612
4 592 448 449 236
4 195 632 191 194
4 195 631 628 632
4 156 439 171 538
4 411 664 655 393
4 591 606 604 565
4 640 624 203 187
4 592 448 236 530
4 159 536 246 424
4 36 104 80 105
4 661 664 411 397
4 137 151 326 166
4 511 111 650 525
4 159 168 175 536
4 655 490 411 393
4 623 180 203 624
4 187 640 617 186
4 251 176 542 513
4 148 140 357 424
4 608 448 401 447
4 404 165 156 582
4 593 498 112 598
4 44 62 61 596
4 56 14 237 134
4 327 154 137 170
4 160 237 14 134
4 332 331 329 161
4 246 148 159 424
4 149 152 349 174
4 393 411 664 397
4 650 655 112 511
4 55 431 237 160
4 357 348 162 346
4 579 239 520 605
4 139 469 586 513
4 171 583 32 375
4 1 17 60 177
4 149 161 332 144
4 357 536 148 424
4 576 33 1 177
4 45 520 239 605
4 237 160 153 134
4 168 536 357 415
4 596 44 520 250
4 576 1 60 177
4 543 77 108 577
4 643 640 617 187
4 206 203 180 624
4 655 661 664 411
4 538 404 156 582
4 12 0 221 173
4 162 146 409 346
4 433 537 434 132
4 106 599 105 530
4 140 139 425 424
4 400 390 498 598
4 132 537 27 164
4 664 665 652 393
4 46 239 551 613
4 534 53 233 173
4 175 159 536 213
4 551 6 46 613
4 404 130 165 582
4 498 111 551 593
4 520 604 605 596
4 549 607 591 599
4 33 34 176 251
4 409 237 416 153
4 162 142 146 346
4 536 57 175 213
4 534 138 12 173
4 152 169 432 132
4 576 77 33 251
4 134 237 56 415
4 12 53 534 173
4 525 670 47 551
4 401 402 549 607
4 220 7 70 671
4 35 79 36 244
4 79 36 80 105
4 161 331 133 157
4 157 433 331 335
4 103 38 81 588
4 203 625 640 188
4 591 604 402 565
4 449 609 592 601
4 606 614 596 250
4 583 544 32 375
4 157 331 133 335
4 599 549 448 530
4 155 156 171 538
4 498 551 239 593
4 58 159 536 246
4 62 520 605 596
4 525 511 111 551
4 433 432 537 132
4 111 670 650 525
4 579 520 402 604
4 22 137 170 324
4 45 63 62 605
4 536 168 175 415
4 146 409 153 162
4 640 643 624 187
4 624 206 203 187
4 650 511 525 411
4 58 16 159 246
4 513 586 139 425
4 599 448 608 592
4 416 431 432 169
4 593 613 239 605
4 146 484 409 346
4 167 147 165 352
4 662 650 670 525
4 14 55 56 237
4 48 68 47 525
4 136 17 177 542
4 431 138 169 160
4 573 602 539 450
4 534 138 173 164
4 199 206 643 187
4 206 624 636 643
4 48 69 68 662
4 168 153 409 162
4 38 82 81 588
4 187 203 640 188
4 203 625 624 640
4 536 175 57 415
4 177 60 576 542
4 565 543 606 250
4 525 662 650 234
4 35 131 586 244
4 586 469 35 244
4 175 57 15 213
4 131 35 36 244
4 130 37 467 158
4 157 133 25 335
4 79 35 469 244
4 513 136 542 246
4 48 662 525 234
4 131 586 558 425
4 104 103 81 588
4 551 111 6 613
4 81 82 38 232
4 661 655 650 411
4 177 176 136 542
4 542 176 136 513
4 432 416 169 152
4 511 650 655 411
4 139 140 148 424
4 159 175 16 213
4 357 409 168 415
4 467 232 130 582
4 47 6 46 551
4 425 348 140 424
4 206 624 643 187
4 139 513 425 424
4 105 80 79 530
4 80 36 79 244
4 152 416 169 153
4 239 579 498 593
4 572 661 411 397
4 157 174 433 132
4 490 511 655 411
4 409 168 162 357
4 357 162 409 346
4 105 104 80 236
4 69 70 653 222
4 439 583 171 538
4 591 549 248 565
4 588 81 104 236
4 402 549 591 565
4 175 15 16 213
4 139 136 176 513
4 244 131 586 558
4 80 37 81 104
4 134 175 168 415
4 80 105 236 530
4 467 130 158 405
4 148 162 168 357
4 104 81 80 236
4 405 467 130 582
4 405 158 467 558
4 716 347 702 699
4 716 702 347 370
4 699 499 712 678
4 699 712 499 298
4 699 712 295 678
4 295 712 699 296
4 295 485 699 678
4 699 485 295 296
4 722 295 678 578
4 722 678 295 712
4 683 533 278 281
4 683 278 533 680
4 696 87 711 242
4 696 711 87 685
4 712 362 294 679
4 712 294 362 358
4 692 378 356 355
4 692 356 378 110
4 679 284 556 282
4 679 556 284 712
4 692 461 109 550
4 692 109 461 682
4 720 548 288 564
4 720 288 548 693
4 720 288 227 519
4 720 227 288 693
4 716 720 689 677
4 689 720 716 693
4 703 674 718 692
4 703 718 674 126
4 88 711 87 255
4 87 711 88 707
4 486 128 488 512
4 488 128 486 10
4 321 667 124 659
4 124 667 321 317
4 603 383 382 381
4 603 382 383 116
4 473 29 474 515
4 473 474 29 2
4 198 123 180 23
4 198 180 123 619
4 623 180 123 23
4 623 123 180 619
4 635 38 617 103
4 635 617 38 182
4 186 38 617 182
4 620 643 206 636
4 206 643 620 199
4 206 183 620 636
4 620 183 206 199
4 492 128 668 512
4 668 128 492 651
4 668 487 492 512
4 210 630 631 197
4 631 630 210 628
4 631 195 210 197
4 210 195 631 628
4 193 647 194 191
4 193 194 647 634
4 632 194 647 191
4 632 647 194 634
4 641 184 634 194
4 634 184 641 622
4 631 185 638 204
4 631 638 185 621
4 447 595 401 608
4 447 401 595 389
4 595 390 387 389
4 595 387 390 113
4 626 24 623 122
4 626 623 24 200
4 189 104 186 37
4 189 186 104 637
4 603 380 611 594
4 603 611 380 381
4 380 611 110 379
4 380 110 611 594
4 611 382 486 379
4 486 382 611 117
4 42 642 620 125
4 42 620 642 207
4 205 124 198 22
4 205 198 124 644
4 642 39 635 102
4 642 635 39 207
4 205 127 183 644
4 183 127 205 40
4 558 36 467 244
4 558 467 36 158
4 572 662 650 661
4 572 650 662 234
4 380 109 610 562
4 380 610 109 594
4 246 16 136 223
4 246 136 16 159
4 646 201 217 208
4 217 201 646 639
4 209 638 218 645
4 218 638 209 202
4 184 646 201 622
4 184 201 646 208
4 621 209 638 185
4 621 638 209 645
4 525 68 662 48
4 525 662 68 670
4 38 617 104 186
4 38 104 617 103
4 668 660 516 487
4 516 660 668 651
4 516 492 668 487
4 668 492 516 651

CELL_TYPES 3747
1
1
1
1
1
1
1
1
1
1
1
1
3
3
3
3
3
3
3
3
3
3
3
3
3
3
3
3
3
3
3
3
3
3
3
3
3
3
3
3
3
3
3
3
3
3
3
3
3
3
3
3
3
3
3
3
3
3
3
3
3
3
3
3
3
3
3
3
3
3
3
3
3
3
3
3
3
3
3
3
3
3
3
3
3
3
3
3
3
3
3
3
3
3
3
3
3
3
3
3
3
3
3
3
3
3
3
3
3
3
3
3
3
3
3
3
3
3
3
3
3
3
3
3
3
3
3
3
3
3
3
3
3
3
3
3
3
3
3
3
3
3
3
3
3
3
3
3
5
5
5
5
5
5
5
5
5
5
5
5
5
5
5
5
5
5
5
5
5
5
5
5
5
5
5
5
5
5
5
5
5
5
5
5
5
5
5
5
5
5
5
5
5
5
5
5
5
5
5
5
5
5
5
5
5
5
5
5
5
5
5
5
5
5
5
5
5
5
5
5
5
5
5
5
5
5
5
5
5
5
5
5
5
5
5
5
5
5
5
5
5
5
5
5
5
5
5
5
5
5
5
5
5
5
5
5
5
5
5
5
5
5
5
5
5
5
5
5
5
5
5
5
5
5
5
5
5
5
5
5
5
5
5
5
5
5
5
5
5
5
5
5
5
5
5
5
5
5
5
5
5
5
5
5
5
5
5
5
5
5
5
5
5
5
5
5
5
5
5
5
5
5
5
5
5
5
5
5
5
5
5
5
5
5
5
5
5
5
5
5
5
5
5
5
5
5
5
5
5
5
5
5
5
5
5
5
5
5
5
5
5
5
5
5
5
5
5
5
5
5
5
5
5
5
5
5
5
5
5
5
5
5
5
5
5
5
5
5
5
5
5
5
5
5
5
5
5
5
5
5
5
5
5
5
5
5
5
5
5
5
5
5
5
5
5
5
5
5
5
5
5
5
5
5
5
5
5
5
5
5
5
5
5
5
5
5
5
5
5
5
5
5
5
5
5
5
5
5
5
5
5
5
5
5
5
5
5
5
5
5
5
5
5
5
5
5
5
5
5
5
5
5
5
5
5
5
5
5
5
5
5
5
5
5
5
5
5
5
5
5
5
5
5
5
5
5
5
5
5
5
5
5
5
5
5
5
5
5
5
5
5
5
5
5
5
5
5
5
5
5
5
5
5
5
5
5
5
5
5
5
5
5
5
5
5
5
5
5
5
5
5
5
5
5
5
5
5
5
5
5
5
5
5
5
5
5
5
5
5
5
5
5
5
5
5
5
5
5
5
5
5
5
5
5
5
5
5
5
5
5
5
5
5
5
5
5
5
5
5
5
5
5
5
5
5
5
5
5
5
5
5
5
5
5
5
5
5
5
5
5
5
5
5
5
5
5
5
5
5
5
5
5
5
5
5
5
5
5
5
5
5
5
5
5
5
5
5
5
5
5
5
5
5
5
5
5
5
5
5
5
5
5
5
5
5
5
5
5
5
5
5
5
5
5
5
5
5
5
5
5
5
5
5
5
5
5
5
5
5
5
5
5
5
5
5
5
5
5
5
5
5
5
5
5
5
5
5
5
5
5
5
5
5
5
5
5
5
5
5
5
5
5
5
5
5
5
5
5
5
5
5
5
5
5
5
5
5
5
5
5
5
5
5
5
5
5
5
5
5
5
5
5
5
5
5
5
5
5
5
5
5
5
5
5
5
5
5
5
5
5
5
5
5
5
5
5
5
5
5
5
5
5
5
5
5
5
5
5
5
5
5
5
5
5
5
5
5
5
5
5
5
5
5
5
5
5
5
5
5
5
5
5
5
5
5
5
5
5
5
5
5
5
5
5
5
5
5
5
5
5
5
5
5
5
5
5
5
5
5
5
5
5
5
5
5
5
5
5
5
5
5
5
5
5
5
5
5
5
5
5
5
5
5
5
5
5
5
5
5
5
5
5
5
5
5
5
5
5
5
5
5
5
5
5
5
5
5
5
5
5
5
5
5
5
5
5
5
5
5
5
5
5
5
5
5
5
5
5
5
5
5
5
5
5
5
5
5
5
5
5
5
5
5
5
5
5
5
5
5
5
5
5
5
5
5
5
5
5
5
5
5
5
5
5
5
5
5
5
5
5
5
5
5
5
5
5
5
5
5
5
5
5
5
5
5
5
5
5
5
5
5
5
5
5
5
5
5
5
5
5
5
5
5
5
5
5
5
5
5
5
5
5
5
5
5
5
5
5
5
5
5
5
5
5
5
5
5
5
5
5
5
5
5
5
5
5
5
5
5
5
5
5
5
5
5
5
5
5
5
5
5
5
5
5
5
5
5
5
5
5
5
5
5
5
5
5
5
5
5
5
5
5
5
5
5
5
5
5
5
5
5
5
5
5
5
5
5
5
5
5
5
5
5
5
5
5
5
5
5
5
5
5
5
5
5
5
5
5
5
5
5
5
5
5
5
5
5
5
5
5
5
5
5
5
5
5
5
5
5
5
5
5
5
5
5
5
5
5
5
5
5
5
5
5
5
5
5
5
5
5
5
5
5
5
5
5
5
5
5
5
5
5
5
5
5
5
5
5
5
5
5
5
5
5
5
5
5
5
5
5
5
5
5
5
5
5
5
5
5
5
5
5
5
5
5
5
5
5
5
5
5
5
5
5
5
5
5
5
5
5
5
5
5
5
5
5
5
5
5
5
5
5
5
5
5
5
5
5
5
5
5
5
5
5
5
5
5
5
5
5
5
5
5
5
5
5
5
5
5
5
5
5
5
5
5
5
5
5
5
5
5
5
5
5
5
5
5
5
5
5
5
5
5
5
5
5
5
5
5
5
5
5
5
5
5
5
5
5
5
5
5
5
5
5
5
5
5
5
5
5
5
5
5
5
5
5
5
5
5
5
5
5
5
5
5
5
5
5
5
5
5
5
5
5
5
5
5
5
5
5
5
5
5
5
5
5
5
5
5
5
5
5
5
5
5
5
5
5
5
5
5
5
5
5
5
5
5
5
5
5
5
5
5
5
5
5
5
5
5
5
5
5
5
5
5
5
5
5
5
5
5
5
5
5
5
5
5
5
5
5
5
5
5
5
5
5
5
5
5
5
5
5
5
5
5
5
5
5
5
5
5
5
5
5
5
5
5
5
5
5
5
5
5
5
5
5
5
5
5
5
5
5
5
5
5
5
5
5
5
5
5
5
5
5
5
5
5
5
5
5
5
5
5
5
5
5
5
5
5
5
5
5
5
5
5
5
5
5
5
5
5
5
5
5
5
5
5
5
5
5
5
5
5
5
5
5
5
5
5
5
5
5
5
5
5
5
5
5
5
5
5
5
5
5
5
5
5
5
5
5
5
5
5
5
5
5
5
5
5
5
5
5
5
5
10
10
10
10
10
10
10
10
10
10
10
10
10
10
10
10
10
10
10
10
10
10
10
10
10
10
10
10
10
10
10
10
10
10
10
10
10
10
10
10
10
10
10
10
10
10
10
10
10
10
10
10
10
10
10
10
10
10
10
10
10
10
10
10
10
10
10
10
10
10
10
10
10
10
10
10
10
10
10
10
10
10
10
10
10
10
10
10
10
10
10
10
10
10
10
10
10
10
10
10
10
10
10
10
10
10
10
10
10
10
10
10
10
10
10
10
10
10
10
10
10
10
10
10
10
10
10
10
10
10
10
10
10
10
10
10
10
10
10
10
10
10
10
10
10
10
10
10
10
10
10
10
10
10
10
10
10
10
10
10
10
10
10
10
10
10
10
10
10
10
10
10
10
10
10
10
10
10
10
10
10
10
10
10
10
10
10
10
10
10
10
10
10
10
10
10
10
10
10
10
10
10
10
10
10
10
10
10
10
10
10
10
10
10
10
10
10
10
10
10
10
10
10
10
10
10
10
10
10
10
10
10
10
10
10
10
10
10
10
10
10
10
10
10
10
10
10
10
10
10
10
10
10
10
10
10
10
10
10
10
10
10
10
10
10
10
10
10
10
10
10
10
10
10
10
10
10
10
10
10
10
10
10
10
10
10
10
10
10
10
10
10
10
10
10
10
10
10
10
10
10
10
10
10
10
10
10
10
10
10
10
10
10
10
10
10
10
10
10
10
10
10
10
10
10
10
10
10
10
10
10
10
10
10
10
10
10
10
10
10
10
10
10
10
10
10
10
10
10
10
10
10
10
10
10
10
10
10
10
10
10
10
10
10
10
10
10
10
10
10
10
10
10
10
10
10
10
10
10
10
10
10
10
10
10
10
10
10
10
10
10
10
10
10
10
10
10
10
10
10
10
10
10
10
10
10
10
10
10
10
10
10
10
10
10
10
10
10
10
10
10
10
10
10
10
10
10
10
10
10
10
10
10
10
10
10
10
10
10
10
10
10
10
10
10
10
10
10
10
10
10
10
10
10
10
10
10
10
10
10
10
10
10
10
10
10
10
10
10
10
10
10
10
10
10
10
10
10
10
10
10
10
10
10
10
10
10
10
10
10
10
10
10
10
10
10
10
10
10
10
10
10
10
10
10
10
10
10
10
10
10
10
10
10
10
10
10
10
10
10
10
10
10
10
10
10
10
10
10
10
10
10
10
10
10
10
10
10
10
10
10
10
10
10
10
10
10
10
10
10
10
10
10
10
10
10
10
10
10
10
10
10
10
10
10
10
10
10
10
10
10
10
10
10
10
10
10
10
10
10
10
10
10
10
10
10
10
10
10
10
10
10
10
10
10
10
10
10
10
10
10
10
10
10
10
10
10
10
10
10
10
10
10
10
10
10
10
10
10
10
10
10
10
10
10
10
10
10
10
10
10
10
10
10
10
10
10
10
10
10
10
10
10
10
10
10
10
10
10
10
10
10
10
10
10
10
10
10
10
10
10
10
10
10
10
10
10
10
10
10
10
10
10
10
10
10
10
10
10
10
10
10
10
10
10
10
10
10
10
10
10
10
10
10
10
10
10
10
10
10
10
10
10
10
10
10
10
10
10
10
10
10
10
10
10
10
10
10
10
10
10
10
10
10
10
10
10
10
10
10
10
10
10
10
10
10
10
10
10
10
10
10
10
10
10
10
10
10
10
10
10
10
10
10
10
10
10
10
10
10
10
10
10
10
10
10
10
10
10
10
10
10
10
10
10
10
10
10
10
10
10
10
10
10
10
10
10
10
10
10
10
10
10
10
10
10
10
10
10
10
10
10
10
10
10
10
10
10
10
10
10
10
10
10
10
10
10
10
10
10
10
10
10
10
10
10
10
10
10
10
10
10
10
10
10
10
10
10
10
10
10
10
10
10
10
10
10
10
10
10
10
10
10
10
10
10
10
10
10
10
10
10
10
10
10
10
10
10
10
10
10
10
10
10
10
10
10
10
10
10
10
10
10
10
10
10
10
10
10
10
10
10
10
10
10
10
10
10
10
10
10
10
10
10
10
10
10
10
10
10
10
10
10
10
10
10
10
10
10
10
10
10
10
10
10
10
10
10
10
10
10
10
10
10
10
10
10
10
10
10
10
10
10
10
10
10
10
10
10
10
10
10
10
10
10
10
10
10
10
10
10
10
10
10
10
10
10
10
10
10
10
10
10
10
10
10
10
10
10
10
10
10
10
10
10
10
10
10
10
10
10
10
10
10
10
10
10
10
10
10
10
10
10
10
10
10
10
10
10
10
10
10
10
10
10
10
10
10
10
10
10
10
10
10
10
10
10
10
10
10
10
10
10
10
10
10
10
10
10
10
10
10
10
10
10
10
10
10
10
10
10
10
10
10
10
10
10
10
10
10
10
10
10
10
10
10
10
10
10
10
10
10
10
10
10
10
10
10
10
10
10
10
10
10
10
10
10
10
10
10
10
10
10
10
10
10
10
10
10
10
10
10
10
10
10
10
10
10
10
10
10
10
10
10
10
10
10
10
10
10
10
10
10
10
10
10
10
10
10
10
10
10
10
10
10
10
10
10
10
10
10
10
10
10
10
10
10
10
10
10
10
10
10
10
10
10
10
10
10
10
10
10
10
10
10
10
10
10
10
10
10
10
10
10
10
10
10
10
10
10
10
10
10
10
10
10
10
10
10
10
10
10
10
10
10
10
10
10
10
10
10
10
10
10
10
10
10
10
10
10
10
10
10
10
10
10
10
10
10
10
10
10
10
10
10
10
10
10
10
10
10
10
10
10
10
10
10
10
10
10
10
10
10
10
10
10
10
10
10
10
10
10
10
10
10
10
10
10
10
10
10
10
10
10
10
10
10
10
10
10
10
10
10
10
10
10
10
10
10
10
10
10
10
10
10
10
10
10
10
10
10
10
10
10
10
10
10
10
10
10
10
10
10
10
10
10
10
10
10
10
10
10
10
10
10
10
10
10
10
10
10
10
10
10
10
10
10
10
10
10
10
10
10
10
10
10
10
10
10
10
10
10
10
10
10
10
10
10
10
10
10
10
10
10
10
10
10
10
10
10
10
10
10
10
10
10
10
10
10
10
10
10
10
10
10
10
10
10
10
10
10
10
10
10
10
10
10
10
10
10
10
10
10
10
10
10
10
10
10
10
10
10
10
10
10
10
10
10
10
10
10
10
10
10
10
10
10
10
10
10
10
10
10
10
10
10
10
10
10
10
10
10
10
10
10
10
10
10
10
10
10
10
10
10
10
10
10
10
10
10
10
10
10
10
10
10
10
10
10
10
10
10
10
10
10
10
10
10
10
10
10
10
10
10
10
10
10
10
10
10
10
10
10
10
10
10
10
10
10
10
10
10
10
10
10
10
10
10
10
10
10
10
10
10
10
10
10
10
10
10
10
10
10
10
10
10
10
10
10
10
10
10
10
10
10
10
10
10
10
10
10
10
10
10
10
10
10
10
10
10
10
10
10
10
10
10
10
10
10
10
10
10
10
10
10
10
10
10
10
10
10
10
10
10
10
10
10
10
10
10
10
10
10
10
10
10
10
10
10
10
10
10
10
10
10
10
10
10
10
10
10
10
10
10
10
10
10
10
10
10
10
10
10
10
10
10
10
10
10
10
10
10
10
10
10
10
10
10
10
10
10
10
10
10
10
10
10
10
10
10
10
10
10
10
10
10
10
10
10
10
10
10
10
10
10
10
10
10
10
10
10
10
10
10
10
10
10
10
10
10
10
10
10
10
10
10
10
10
10
10
10
10
10
10
10
10
10
10
10
10
10
10
10
10
10
10
10
10
10
10
10
10
10
10
10
10
10
10
10
10
10
10
10
10
10
10
10
10
10
10
10
10
10
10
10
10
10
10
10
10
10
10
10
10
10
10
10
10
10
10
10
10
10
10
10
10
10
10
10
10
10
10
10
10
10
10
10
10
10
10
10
10
10
10
10
10
10
10
10
10
10
10
10
10
10
10
10
10
10
10
10
10
10
10
10
10
10
10
10
10
10
10
10
10
10
10
10
10
10
10
10
10
10
10
10
10
10
10
10
10
10
10
10
10
10
10
10
10
10
10
10
10
10
10
10
10
10
10
10
10
10
10
10
10
10
10
10
10
10
10
10
10
10
10
10
10
10
10
10
10
10
10
10
10
10
10
10
10
10
10
10
10
10
10
10
10
10
10
10
10
10
10
10
10
10
10
10
10
10
10
10
10
10
10
10
10
10
10
10
10
10
10
10
10
10
10
10
10
10
10
10
10
10
10
10
10
10
10
10
10
10
10
10
10
10
10
10
10
10
10
10
10
10
10
10
10
10
10
10
10
10
10
10
10
10
10
10
10
10
10
10
10
10
10
10
10
10
10
10
10
10
10
10
10
10
10
10
10
10
10
10
10
10
10
10
10
10
10
10
10
10
10
10
10
10
10
10
10
10
10
10
10
10
10
10
10
10
10
10
10
10
10
10
10
10
10
10
10
10
10
10
10
10
10
10
10
10
10
10
10
10
10
10
10
10
10
10
10
10
10
10
10
10
10
10
10
10
10
10
10
10
10
10
10
10
10
10
10
10
10
10
10
10
10
10
10
10
10
10
10
10
10
10
10
10
10
10
10
10
10
10
10
10
10
10
10
10
10
10
10
10
10
10
10
10
10
10
10
10
10
10
10
10
10
10
10
10
10
10
10
10
10
10
10
10
10
10
10
10
10
10
10
10
10
10
10
10
10
10
10
10
10
10
10
10
10
10
10
10
10
10
10
10
10
10
10
10
10
10
10
10
10
10
10
10
10
10
10
10
10
10
10
10
10
10
10
10
10
10
10
10
10
10
10
10
10
10
10
10
10
10
10
10
10
10
10
10
10
10
10
10
10
10
10
10
10
10
10
10
10
10
10
10
10
10
10
10
10
10
10
10
10
10
10
10
10
10
10
10
10
10
10
10
10
10
10
10
10
10
10
10
10
10
10
10
10
10
10
10
10
10
10
10
10
10
10
10
10
10
10
10
10
10
10
10
10
10
10
10
10
10
10
10
10
10
10
10
10
10
10
10
10
10
10
10
10
10
10
10
10
10
10
10
