# vtk DataFile Version 2.0
whisker_body, Created by Gmsh 4.13.1 
ASCII
DATASET UNSTRUCTURED_GRID
POINTS 710 double
-9.886859966642536 -1.500000000000193 0
9.88685996664254 -1.500000000000187 0
-7.650693286584374 -1.499999999999874 28
7.650693286584374 -1.499999999999873 28
12 0 0
9.886859966642614 1.499999999999935 0
0 10 0
-9.886859966642614 1.499999999999936 0
4.916846385784335 0 90
7.65069328658435 1.499999999999936 28
0 7.796352208910681 28
-7.650693286584353 1.499999999999929 28
-8.748717852015751 -4.8435458030064 0
-6.519202405202561 -7.582875444051627 0
-3.476438231831796 -9.376266699505631 0
3.430248998885766e-14 -10 0
3.476438231831848 -9.376266699505612 0
6.519202405202592 -7.582875444051599 0
8.74871785201576 -4.843545803006382 0
-5.932115979985521 -1.5 0
-1.977371993328505 -1.5 0
1.977371993328511 -1.5 0
5.932115979985525 -1.5 0
-7.931203312905641 -1.5 24.50007976926727
-8.2113729620882 -1.5 21.00013165433879
-8.491235875216802 -1.5 17.50015897028011
-8.770821412808679 -1.5 14.00016402266392
-9.050155311453739 -1.5 10.50014844409077
-9.329260017924636 -1.5 7.000116005255705
-9.608155667661325 -1.5 3.500066102697573
-6.193936023717168 -4.734792952124224 28
-3.454634153883581 -6.989178108204679 28
3.020570525174463e-14 -7.796352208910681 28
3.454634153883636 -6.989178108204652 28
6.19393602371719 -4.734792952124195 28
9.608155667661325 -1.5 3.500066102697573
9.329260017924636 -1.5 7.000116005255705
9.050155311453736 -1.5 10.50014844409081
8.770821412808679 -1.5 14.00016402266392
8.491235875216802 -1.5 17.50015897028011
8.211372962088197 -1.5 21.00013165433884
7.931203312905641 -1.5 24.50007976926727
-3.825346643292187 -1.5 28
0 -1.5 28
3.825346643292187 -1.5 28
11.34980690040761 3.896393630456207 0
9.469686112756717 7.370552552276022 0
6.563377897469113 10.04599773915035 0
2.945825845689581 11.63280319127197 0
-0.9909521456679979 11.95901391608004 0
-4.820345095835646 10.98927991986068 0
-8.127378859508902 8.82868692807757 0
-10.55368501447787 5.71136871644487 0
-11.83633564083267 1.975135083368787 0
-11.83633564083267 -1.975135083368821 0
-10.55368501447786 -5.711368716444897 0
-8.12737885950888 -8.828686928077589 0
-4.820345095835619 -10.9892799198607 0
-0.9909521456679715 -11.95901391608004 0
2.945825845689616 -11.63280319127196 0
6.563377897469155 -10.04599773915032 0
9.469686112756747 -7.370552552275983 0
11.34980690040762 -3.896393630456205 0
8.748717852015853 4.843545803006216 0
6.519202405202677 7.582875444051527 0
3.47643823183188 9.376266699505599 0
5.932115979985569 1.5 0
1.977371993328523 1.5 0
-1.977371993328521 1.5 0
-5.932115979985568 1.5 0
-3.476438231831882 9.376266699505599 0
-6.519202405202678 7.582875444051524 0
-8.748717852015854 4.843545803006212 0
3.476735421440674 3.476735421440667 90
1.012690292828946e-14 4.916846385784335 90
-3.476735421440661 3.47673542144068 90
-4.916846385784335 1.588676900374471e-14 90
-3.476735421440683 -3.476735421440658 90
-1.400432058674011e-14 -4.916846385784335 90
3.476735421440664 -3.476735421440678 90
11.69203679938193 0 3.91304347826087
11.38407359876386 0 7.826086956521739
11.07611039814578 0 11.73913043478261
10.76814719752771 0 15.65217391304348
10.46018399690964 0 19.56521739130435
10.15222079629157 0 23.47826086956522
9.844257595673493 0 27.39130434782609
9.536294395055421 0 31.30434782608696
9.228331194437349 0 35.21739130434783
8.920367993819276 0 39.1304347826087
8.612404793201204 0 43.04347826086957
8.304441592583132 0 46.95652173913044
7.996478391965059 0 50.8695652173913
7.688515191346986 0 54.78260869565218
7.380551990728914 0 58.69565217391305
7.072588790110841 0 62.60869565217391
6.764625589492769 0 66.52173913043478
6.456662388874697 0 70.43478260869566
6.148699188256625 0 74.34782608695652
5.840735987638553 0 78.26086956521739
5.532772787020479 0 82.17391304347827
5.224809586402407 0 86.08695652173914
7.931203312905645 1.5 24.50007976926724
8.2113729620882 1.5 21.00013165433879
8.491235875216807 1.5 17.50015897028005
8.770821412808679 1.5 14.00016402266392
9.050155311453739 1.5 10.50014844409077
9.329260017924636 1.5 7.000116005255705
9.608155667661325 1.5 3.500066102697573
6.193936023717145 4.734792952124254 28
3.454634153883573 6.989178108204682 28
0 9.724544026113835 3.5
0 9.449088052227671 7
0 9.173632078341505 10.5
0 8.898176104455342 14
0 8.622720130569176 17.5
0 8.347264156683011 21
0 8.071808182796847 24.5
-9.608155667661325 1.5 3.500066102697573
-9.329260017924636 1.5 7.000116005255705
-9.050155311453739 1.5 10.50014844409077
-8.770821412808679 1.5 14.00016402266392
-8.491235875216802 1.5 17.50015897028011
-8.2113729620882 1.5 21.00013165433879
-7.931203312905645 1.5 24.50007976926724
3.825346643292175 1.5 28
0 1.5 28
-3.825346643292178 1.5 28
-3.454634153883591 6.989178108204674 28
-6.193936023717163 4.734792952124231 28
-7.686828722172939 -4.752834555611304 12.22946486486101
-7.048741869651741 -4.757306557793527 19.00944479521631
7.175328564898286 -4.549329259319912 19.11034075925355
7.70417682117928 -4.718493416391096 12.27042120790245
1.723478280175821 -9.605973867654455 3.057618686932469
-4.955436681322455 -8.407660710667495 3.05761868693257
1.828277848531728 -7.82486838069006 24.95983321139366
8.539595479144843 -4.354905263448999 5.261366332463539
-5.10626200631991 -6.204615490855875 24.95983321139365
-8.596473882538252 -4.247220462042161 5.229323724511424
-1.772815172358803 -7.840562014610128 24.92337542428769
0.1122423225816536 -8.275879043723835 21.89736300166944
3.269338593666868 -7.60671889352563 21.86054419936119
1.920211520996014 -8.296728483381544 18.85551559672172
-1.59623142837254 -8.368476754688036 18.81341702784792
0.2253344898819608 -8.751954991965215 15.82106312894811
-3.243150619058322 -8.141697675614038 15.70662988698956
-1.484380185333391 -8.873759986310741 12.74362298653765
2.036480854445645 -8.759065661992294 12.7990785405631
0.3369940797936062 -9.226491967067751 9.750179828460359
-3.181319365515847 -8.682119388053838 9.572594650059852
3.421653795737099 -8.565466629054031 9.865003467640788
-1.372508959927892 -9.37488917158386 6.67296830289431
-3.104915658901447 -7.677235620284207 21.83775643884487
5.120486716388003 -7.400466760920444 12.71588127894547
5.106262006319948 -6.204615490855841 24.95983321139367
-4.617830975097775 -7.168033974088577 18.7197078966068
-5.997450672829672 -6.395584327970763 15.65760235574494
8.232019865488436 -4.355798192280822 8.724278405357405
6.565523761775826 -6.81498055606546 6.82209516700983
-8.211031772596813 -4.406167937666307 8.658653741932321
-6.572167665608646 -6.809800146315046 6.810881619165158
3.636360947885169 -7.965674196182476 15.80104051440773
6.278530430923406 -6.111827440528096 15.72902344106424
-4.793862470334738 -7.630956161253467 12.55622211596654
4.850062859991565 -7.000773372498122 18.84729350819931
7.206572771307151 -3.944916231473564 22.6722002268749
-7.236490553311976 -3.892415777675061 22.65623998143965
7.253925956515582 -6.514449728329896 3.179811153271774
2.106434427051955 -9.231458055114208 6.750401231809096
-1.831393534533109 -9.579187629408796 3.142452476854897
-7.444181634018859 -6.336374958770504 2.84923659401666
4.529487003916056 -8.511186034487242 4.556480421721487
-6.401481647785089 -6.62239226173622 10.0303509986426
5.978283643316847 -7.024905836751562 9.85519274993932
-3.967781863717154 -8.651470371964681 6.125119232601212
-7.895328796719493 -3.806582580233727 15.69139254383344
6.951865177961751 -3.953749669225904 25.44373040744221
-6.952292068676567 -3.95282794795815 25.44480450185297
8.007039286779477 -3.563888132398941 15.7003161674059
-8.965085948388371 -3.956144140727003 2.551715887594141
8.971574414899349 -3.940029318501711 2.558759554541716
-5.752493270110611 -6.043401482815804 21.04791338515245
4.998364598674346 -8.480494526801225 1.983394111431606
5.652748005893375 -6.113620327390817 21.26435912258004
4.468554522762142 -8.302393184720801 7.260854898014606
-5.933108217991026 -1.5 12.28845182743122
5.560432805139069 -1.5 18.88397673145243
5.955143874564069 -1.5 8.452051959964731
-5.47972703125269 -1.5 19.10223055987063
0.06637956507678489 -1.5 3.344949141855201
-2.128674014691892 -1.5 24.36929397439454
-6.503423260976797 -1.5 5.166655372871134
5.922225583022399 -1.5 4.561133219844011
2.443067018511009 -1.5 6.345528595050297
2.922875122296777 -1.5 10.32120076002618
-0.2302958945344287 -1.5 8.796043302998527
0.09685020670747235 -1.5 12.36182164140602
3.090012338518044 -1.5 13.85143687492722
0.2185774452003599 -1.5 15.70913701934965
-2.800095242949704 -1.5 14.04452817276943
2.052940016584586 -1.5 24.22709729218933
-0.06829900316593651 -1.5 21.50705887271562
-6.142170377739248 -1.5 8.711599781372286
-3.299554051857848 -1.5 7.106729690161675
5.231550954762156 -1.5 22.30827053794852
-5.283078541083201 -1.5 22.48126530991968
5.965379168735414 -1.5 12.11087558227865
-3.587267034316632 -1.5 3.207721747703979
-3.05139559639413 -1.5 10.55152906935653
-5.652931280025927 -1.5 15.75142316672762
-2.655711204593853 -1.5 17.368973379994
5.918968724618356 -1.5 15.54355644858261
2.959888084400621 -1.5 17.03196018163031
2.63081485561724 -1.5 20.42927186615351
-2.779934525695374 -1.5 20.49957681860647
-5.363799159711449 -1.5 25.4701278107163
5.33834684282578 -1.5 25.40708951988103
3.080442170931256 -1.5 2.829197357808952
0.04837627598296201 -1.5 18.61726758098486
-0.9215340794242213 -1.5 5.760194495553936
-7.144175008504563 -1.5 2.407465434773934
1.086044773458637 -4.648176104455336 28
-1.990210066336375 -4.230855754696329 28
3.644452129845286 -4.428371304201303 28
-7.909487973314067 -4.907185768843192e-14 0
-10.25639961849221 -3.507512400705078 0
-10.25639961849225 3.507512400704967 0
-8.487246032801327 6.741619222895044 0
-8.487246032801263 -6.741619222895128 0
7.909487973314082 -7.885165086143733e-14 0
1.776356839400251e-15 0 0
3.954743986657032 0 0
-3.954743986657029 -1.110223024625157e-16 0
5.737058024102882 3.289607522377274 68.44488239326789
8.779767898056775 -3.308091448964711 33.26086956521739
7.45050413474929 3.307315383273355 48.89874196794786
8.85740023723625 3.852741056111006 29.7446519980025
5.392052753219706 -3.274245444183336 72.31963636715948
9.736421556488555 -3.387338960590102 21.48835596708263
-11.09527489538306 -3.809012682760156 3.419408766471422
-6.416186870288167 9.82070510030146 3.419408766471416
10.07101483726868 3.364977050983049 17.5560939688033
-2.879762434608147 -11.37192468062311 3.419408766471418
-4.829772077328837 1.806306535911613 86.95497449032479
5.034317199358052 3.267205454209434 76.21713287399251
4.677600194425128 -3.245052061620394 80.13796914691699
4.712243512000815 10.74283313214683 3.419408766471414
6.272477427413467 -3.606975247317707 60.53714669248701
6.429303840877686 3.313197179827051 60.57317065820325
8.111539840237693 3.335203565040566 41.03541898028838
6.968218782574655 -3.632334663928228 52.62767376273138
7.46170826491776 -4.064295046874787 44.512395708514
10.39206144515601 -3.372058214114344 13.65330112395854
7.94511337650492 -8.630693833987381 3.419408766471494
-11.0947272974733 3.836149732572195 3.313668910090439
10.71886229875082 3.360370264401352 9.742374045709338
-2.048561343193576 -4.743631474561535 86.82056970940558
4.344278849665381 3.197809113264323 83.93305939119954
9.97556918242214 6.182949141544467 3.350570481507561
11.04046708034911 -3.362429988012162 5.830404183151199
6.088984370403175 3.295834611060496 64.49992465939702
7.77974593057135 3.330406456502844 44.9465869410723
9.086075975578847 -3.364995447079913 29.36190813501666
9.406995687228001 -3.383948231482536 25.44883481025506
7.550913724998646 -6.331974418263803 27.26178898862109
7.90644125558153 -6.383733795248497 23.35548818591726
5.182163321694786 -8.5799952550898 25.11344413135492
5.597544594563025 -8.683047646604416 21.20772516454012
2.242588435997033 -9.951433943217337 22.85856232869498
1.7932168750127 -9.730294827125114 26.75732274223581
5.667359082161207 6.086140352667537 46.80644403776719
-1.34485795020331 -9.987962252728655 24.42009695564525
-1.809953296203814 -9.603297365942824 28.304699571984
-0.8772207943204224 -10.34690563095652 20.53291087657542
-4.369001364600765 -9.29242252311125 22.00376512838059
-3.943394480590541 -9.81046342369986 18.12741370275167
-7.020546413927658 -7.759812094904648 19.51220147820108
-7.306219502013191 -7.06077940860076 23.37325806115505
-9.201834248516501 -4.76646807328043 20.79931999742873
-9.275631927988966 -3.897241823543225 24.63599198638821
-0.4264316544843584 -10.68210141179069 16.63738196231683
-9.081744704254616 -5.592761140158211 16.95394404555468
-10.36274392919952 -2.086868482644627 18.15990664192581
5.288133683712989 6.014354634209854 50.71622339840308
-3.515438248926221 -10.29542365988556 14.24283010563977
0.03580667581310416 -10.99718720420198 12.74120401465571
-10.44668471418671 -3.010883173155276 14.33361864480327
-10.75729888856474 0.7505679609898167 15.45771113746538
-10.34644323887285 1.694652200259627 19.25868103076981
-9.748949424280795 4.41766685685066 16.47781877733473
-8.98315294642665 5.253240839111985 20.24835438070669
-7.510312378150229 7.524692719809532 17.39023373750962
-6.416118974990917 8.1051395041997 21.12654651270903
-4.299101867033909 9.65427743930347 18.19244426804437
-2.967604474010363 9.839388074961517 21.89062403243543
-5.231751795892792 8.574275408781061 24.84859915182696
-1.658721793572629 9.848912085359093 25.56979244218856
-3.965432509115113 8.909966801840378 28.55660420207562
-0.519523365955618 10.50105784069535 18.88267448824817
-1.925460939452648 10.6299254496279 15.21055859094861
-7.117449825830522 6.760106026022074 27.74823507495323
2.557337068010201 7.772290557081171 48.50968900957493
4.016236970038958 5.846016879970947 62.35344560836528
-6.066104995594355 7.339651416115983 31.48622305032884
2.993922600225894 7.943496932542607 44.61178788801602
-0.590532673118761 8.339123280479333 46.2505047429712
-1.029974451961011 7.991667494328387 50.09082932515599
-2.62909267355524 9.089292141132438 32.2497469540775
-4.891536713328425 7.826339561053024 35.20594615014797
-4.041739211061684 7.189496589435784 47.67752147985205
-4.405922587724445 6.609524322083735 51.54370056432236
-7.651104664266728 5.280008097683328 34.35602481420075
-6.687706349432097 4.643446262166948 49.02456001669646
-6.859265849049608 3.796670972601162 52.85891502357926
-7.970488585207549 1.105517034769358 50.23027438938214
-7.745427515768044 0.1673372053794042 54.03650360726719
-8.094158760186454 2.037765969858509 46.41920077036549
-8.080968244942273 -1.70791658104261 47.52779989956596
-8.522456630312291 -0.7754542879591543 43.73903843552423
-7.271979268163538 -4.359076260782795 44.74619925028097
-6.387215076410807 -5.115571619610936 48.496400044259
-8.019469849507423 -3.561147811453709 40.98254551855855
-5.71283194570586 -6.565155015219879 41.89564186261399
-6.92888155250194 2.969067451961133 56.69228988586061
-7.410121024608873 -0.7542738334998871 57.83342495836684
-6.754534966638037 -5.942827090095055 38.16031479545887
-3.621611053401415 -8.164964818920145 38.98114736042616
1.960084712505909 10.57414494424589 15.8284117251293
-8.510706030211736 6.852222981867641 13.64204427363619
-6.941952174576159 2.048978665564502 60.50662257030517
-6.949149244016779 -1.687753918998436 61.61026567809878
-6.843743811786134 1.143418450204691 64.31112499590286
-6.349080976046708 -2.586333015748264 65.36515433896993
-6.639668506625989 0.1630148467610739 68.08404631801444
-6.004628028889975 -4.274129931601147 58.82382805839382
-2.292462747626977 -8.331933145183614 42.67307317433539
0.1787609109361734 -8.876119939677444 39.66978974336538
-1.239589293597379 9.08838462973015 35.92640564492351
-5.598546743681068 -3.423450242455369 69.09257217474584
-6.299778679149264 -0.7654530527379425 71.83946622625569
-5.743552721673004 2.901578064559692 70.71167996438879
-5.795922323915246 2.02048489772586 74.48374027706026
-5.812257604839655 -1.691260739635827 75.55971434059821
-3.947764265277147 -5.518911660162103 66.25630015467573
-1.48642671854003 7.608490886957747 53.97178307983535
1.241489918172138 9.329423909429963 32.88790793765767
2.97838304637508 10.0368961381546 19.44707729913761
0.5543274498791797 11.0274332476186 12.18071506068634
1.426116091274449 -9.48014734923041 30.66243657643137
2.629729096809062 8.739002521653134 36.51640426593683
4.085127667262024 10.21279618748902 12.71228419535408
-6.761623374686644 5.941540316388386 38.10347224394128
-11.08190298870476 -0.182879604554799 11.64635636930187
-5.740282854323821 1.093259639114992 78.22621518048926
-5.089643538798875 -2.698911323948358 79.27459286079456
-3.651694230039096 -4.738952298796609 76.45721529349376
-3.700907170454628 5.02045911712913 73.22427433969816
-3.33677121715883 5.621499669370843 69.41114730788915
-5.38705246211268 4.523902611844068 63.09099892950202
3.183522556835247 -10.33576974516408 15.05760036255002
3.634030877422156 -10.51210840696558 11.14935346647441
4.439474672419344 5.920898242502562 58.44341534589734
-2.715300395597348 -5.901790876791675 69.92910673728721
-0.3154996822449921 -6.721535644752709 66.97521667987743
-8.551783582975649 -3.019205060460492 37.24059666123854
-7.684060671576609 -5.224128951779119 34.41178844159818
1.122524338803703 7.183476516595413 60.09205063064812
-1.668613958495019 -6.814472427171657 63.3303948097947
-10.49296048730645 -3.838174127088558 10.50924165932275
-0.338263488615179 6.339997640865979 71.80257156684348
-2.436154986482094 -5.150460171762965 80.08020320593621
1.58028623306206 -8.444641793458558 43.31249499534211
3.94300153376902 -7.905626416205539 40.22307326445394
-9.841872780698452 2.625053549211062 23.04982257622499
-3.159128450393546 10.63563835130203 11.50033454560699
-0.8131200018284832 11.30123979498423 8.507390129083273
4.899320839176703 7.988855516449576 33.39816092027791
3.104033021763064 9.133255073614691 29.90641919513828
-9.206533302694382 -1.739186871144769 33.4253693183853
-7.568356538334655 -6.31539332549488 27.22697042100626
-0.9074391305732907 -8.302959157925207 46.34715939814797
-2.602909370757125 -9.098687441059875 32.22699367768529
-3.049548640147967 -10.75863729122988 10.38748313942295
2.937871031856741 -7.769289319292333 46.93419107300491
0.5038634849415732 -8.049004740826918 50.00196365152291
0.1408518085860063 6.650278550908017 67.95570544808071
-3.625130469305028 7.745528639120318 43.81241965926785
6.42694203538152 -8.862010059885106 13.37731381147772
-6.331274048244182 -9.084091490138954 11.7818531781551
-5.955947342103237 -9.694337020950229 7.906277342423951
6.808832392008235 -8.956110814956272 9.524221344962033
4.079835925756753 -10.67734276643254 7.23930752918646
2.81861903938258 -8.670120272916202 36.6348384847588
2.142039494132787 -6.629985527219136 63.94490080400504
0.7675463388322329 -7.232483949702892 60.06098724633562
-0.8193240466151066 5.991167853779231 75.64090340838996
-0.4117704806903422 -5.908855366657331 77.21324896041148
0.2224495980944708 8.890598671754343 39.47333494053945
3.293992186126578 -5.818654479098794 67.51646908124043
6.023625218276776 -6.796270243378162 37.08326297676403
6.350780268000312 6.513367411151187 36.88544467464598
-8.124447453336174 2.961467829681194 42.5992544573977
-11.34238542842658 -1.283176335869144 7.436455953746788
-10.98851922855789 2.63103448073541 8.905645943246812
-5.549667440804051 0.1382299295367655 81.93737576401719
-4.311642546030135 3.647890275542089 80.71266861695759
7.572673094880991 5.487144033981144 33.6499543938907
-9.314764043253437 -2.895097113170392 28.53429272201222
4.39689969548044 -8.265883503996253 33.51183410802997
-8.681439813689137 2.643215100083171 37.16679815519872
6.671474379942704 -5.741999387850348 40.63161097278817
4.244720205082992 -6.826486230637579 50.33477521937828
1.901395503243638 -7.543008188236319 53.63335049424656
-1.97031111158251 -7.576154935736169 53.00812290871411
-4.633232417768356 10.39926646180161 7.818020915049741
-2.261778075804668 11.39753917599006 4.831015338183206
-8.033273341981996 8.169766968154105 6.890750260957127
5.338154947683271 -4.423837208759334 64.38257316566126
6.051279401974893 6.15143151297126 42.83375657918902
0.6519964256807487 6.933487161043182 63.98749139863787
-2.89709158451717 6.19126444026295 65.62041850669935
4.682616503385164 3.241742464607464 80.10953470894087
1.818346950998169 5.253941720491844 81.83174162730283
1.781199247136382 4.911500547166046 86.09075869829869
3.597693082517984 5.75397787413807 66.24840933137769
3.150884453734489 5.656259347540758 70.20598300814117
5.039819681490084 -3.257890743433243 76.22279286888316
2.725380784967744 -5.537308837823447 74.05597586774437
-1.225811623514073 -9.083719784290283 36.00867498935347
4.311926756871684 -3.226424224017219 84.04647073102491
1.839776090342905 -5.244670087148436 81.85339790298103
1.556049849290358 -4.950488254238967 86.53840496064984
5.396056651713369 3.268232003454397 72.31575742415995
6.01953464517217 -8.772150063287938 17.29488053241293
2.71857886808337 -10.1466305822747 19.0019701301118
6.764599967932933 -3.331247855321547 56.66510220072092
4.436814442662794 -5.922143443596041 58.45102694242512
7.446139003479983 -3.325095127173709 48.85752401595235
-8.116084264475104 6.029341659222764 24.00738456364615
6.790728272138417 3.274783410313461 56.68096710215682
8.462432770897781 3.286313054610408 37.12575414505533
9.39776789672495 3.413828478668735 25.43003018338232
7.601969221018515 6.282548912960115 27.16501997056179
7.972686576336702 6.309597949419674 23.28618138256856
5.276471470253448 8.538063529712284 24.94334897623737
-10.41625156889964 3.53213465021814 12.72106489321503
10.06889490935509 -3.357608153794548 17.61128985909322
10.41091572605908 3.312840113526369 13.65541883261309
8.70544104427753 6.365524220414755 15.44488544561728
10.69913565583681 -3.413961113443894 9.776008027706981
9.03466500840403 -7.002729899405196 7.232255454949335
-6.69769057823574 -8.430205955580384 15.66725639039978
8.66864493614696 -6.403580686289121 15.53525441793082
8.291548499665943 -6.390103455105761 19.4633720318546
-4.689958589296364 -4.163416978334695 72.78947910056398
-0.5761132977689438 -7.517718689296841 56.67270578913804
-2.915486480623784 -6.698875139469703 59.64522633980376
-4.778207271289561 -8.743111950717507 25.87494953354827
-5.169768091310711 -8.159224736695803 29.74314065228716
0.5614942471891705 -11.28545735479392 8.901751619330168
0.8692813805026673 -11.57231517450968 5.019989040526291
8.422940158616292 6.249397141722056 19.21012087812019
-1.714443403721027 5.16418390943838 83.33575773773921
-5.122356111458322 5.24491296880277 59.32173146192201
-2.435899250870937 6.713954608658117 61.72440523803905
-10.20576304935623 -1.149452955181685 21.97805877718496
-9.968303299211387 -0.201676191134023 25.78923457393445
-9.612630713653129 1.020258666361342 29.64836801858547
-8.929657763937895 -6.371670256317484 13.08966710495388
-5.622896735421481 3.694446983454855 66.9871848238008
0.8967075541473183 10.1868109306375 22.53824425788571
-6.545363923219611 5.328760989808952 45.231166342618
2.701536470483292 5.547735034442531 74.07020989775972
2.262950123099763 5.412344059987023 77.93503454904199
-1.273903757598039 5.597696986368625 79.53039150517945
5.022771701513651 -6.921560400897481 43.81134312212176
-8.476743674909414 4.491165514646027 30.58376724235862
5.582126502608448 9.145085286681041 16.33844474484437
-6.860746834364667 8.803428914111223 10.65920409602977
-4.233595433844196 -6.307872930318154 55.94693962508897
-5.363123574931353 -5.785414758004834 52.23698146349179
-7.519718764767625 -2.61712433943421 51.30600613177401
-6.832261407627856 -3.469340728138927 55.11132675057572
-4.057112407341269 4.336590567843997 77.01823573234451
-5.536150552941327 9.344210122355511 14.47125301917538
-4.562228201062018 -7.064833261038431 45.61701614115542
-3.301560161808129 -7.416019491353199 49.32883587665072
8.975708743119416 -6.513720749778602 11.5604663090245
-1.117933688836509 -6.111906879523294 73.52690849792874
-4.699980033934525 -7.931600188487845 35.32897270095286
4.879366123481772 5.959641713379806 54.60735890572756
-5.005998751567894 -4.995604854406536 62.61356516096322
2.998447140393022 10.87239389183767 9.170302685038761
6.50796671403417 9.170263481056855 9.594688501768154
8.186282475254798 -3.879310941081699 37.36979450495412
-0.3235146448773338 9.691234852145772 29.26705062188667
4.797095966921017 -8.445830191015219 29.05790743961033
7.119067605303325 3.294762226073451 52.80030865929959
-8.675287165413906 -7.196605108579013 9.253640554302637
-7.742058520660969 -8.59302529737861 5.510539166036398
-9.186688081273324 3.661738378810291 26.81557424447757
1.100042387611707 -6.341843777975377 70.69043358491497
2.086837592396343 7.593547180196826 52.41210634987458
1.606421804349353 7.398249671235917 56.28027176242373
-4.795549842940446 5.939077473901887 55.48196149992799
9.038737381344843 6.433544505406157 11.50470214626611
9.400592318408185 6.433705080386024 7.733161821162278
7.244719431569405 8.984771620028839 5.822570077275518
9.748820336990221 3.353734859628141 21.47907175628078
-3.62478958464166 8.1696698940685 38.91012232261428
1.540500021039777 11.46445314925517 5.495559827149953
-8.842023578970874 0.4572335230166886 39.97578127822785
-1.998339938068026 7.180489443710565 57.77035469861757
-4.752938292131502 -2.00876708549139 86.91048027155162
-4.10147526973879 -3.553162790289106 83.52404605595675
3.947677137994472 7.912047242195919 40.12354876832498
-9.294400922535175 7.165396162569666 3.357093495720715
4.644756120182949 -10.77729677694288 3.359749051448044
-11.73666604211394 0.04718123912198326 3.344770207887464
-2.27298204729897 4.632619592181382 86.90796362713705
-9.41337861179421 6.101478153415587 9.938399338437
7.232129535698575 -6.239778383820063 31.10623388153031
-10.3669382141895 -4.87214961448436 6.92808462120563
2.153152200464065 9.711651061876871 26.07982084150912
-9.179124684644595 1.929900242685439 33.29266429752583
-7.673313434327894 -5.729821719484467 30.7926620713651
-5.818827935285195 6.495960021975843 41.66334363076692
11.06464513983536 3.19976310502633 6.12409724306738
4.860146972324698 -5.98040887210113 54.55724201229516
-6.271747834573086 -9.931781555107724 3.223811818358188
10.23355556339068 -5.767975609078225 3.212942893686346
5.581858067471797 -3.5534713777072 68.39787519697697
6.652719175388081 6.918581345595632 30.51776450636682
-10.16684212483131 5.34784247187739 6.511132635023921
5.887643376624935 8.501867132423703 21.07356798281587
-2.361039981994888 -11.208180722256 6.935530613733611
5.571979903709661 -6.144548062006375 47.0800071805589
-0.1199888978792369 8.620261481464849 42.9330392994846
-1.248216236601962 -5.266992294931934 83.69731680429739
6.856194920878869 8.552302252528467 13.19840727466469
-4.44047913601703 3.053763267708804 83.99835697016759
7.986503012631817 8.675654964229826 2.642914598289324
2.939785349201109 -5.069909534545536 78.00881133032128
4.233457725950793 -5.754071137178761 61.70598756823853
8.270020483131454 -2.929456267057911 40.99609849465815
1.120265297857841 -9.266701820275355 33.87256313991864
7.197143841774801 -5.892446260254165 34.28639564263743
6.77567691639953 -9.295308150806621 6.31855038594098
4.342260446346416 2.767525058717667 87.04746988164331
9.053770051270975 2.468852166349826 33.23501269054103
-9.318091619717748 -7.251343515659619 2.450379157635769
-11.38333918131618 1.872752021732372 5.891099806351037
0.6623349574869111 11.78731789882556 2.466125797406038
4.610440194158348 10.51912688134352 6.542055794922907
6.70369088323769 5.798985202755506 39.84866144805699
4.326193519401213 -2.783957517392799 87.10678197913089
-6.066236464778987 -7.232620018903248 32.53029537701391
11.42788698796132 -2.83397060423707 2.871108874984216
3.913456983956866 -5.129810035590852 70.49225880561119
11.4373054853514 2.803594414356152 2.847310718600158
2.441845181897473 -7.139440849489949 56.60008092157037
-9.158456676324015 -0.02978448019281038 36.10461585863784
-5.325233542321421 -0.03636705359639645 84.80937135411946
-7.994456634204898 3.838600765632665 39.79241694258891
3.73578272488267 9.509218738335113 22.65875434688255
0.9884260609080567 -11.7922509505184 2.114269734405977
-2.225478702374507 8.450194276066046 41.44335405424324
5.483922261779384 8.137308949038669 27.79220456455376
-2.905933249478464 11.47527089139346 2.0648206165667
-4.721642158968192 -10.55881208340582 5.508966381038663
8.22397645726449 4.376144010049557 8.693383740370821
7.605104008553219 4.361269245114348 15.66820889510349
7.041947074375233 4.235088725456793 22.65059674230461
3.225072102094553 9.01554286945694 5.399819660249351
3.244284937655351 8.441042001854832 12.15932800372992
2.896281121631553 7.982279627800839 19.16756411710906
7.569220907142832 6.160519960780086 3.057618686932529
7.914900491133314 4.372056328494056 12.17060328574657
5.85593988941461 7.086096853543657 10.25836366581974
6.312270800587187 7.073759954420147 6.5988882692285
3.368462889303272 8.686134472105852 8.685848805125138
5.781405277177187 6.777446865065217 13.87091862565909
3.034728041521288 8.224381498044632 15.67418838216018
2.871203923806917 7.696302528785383 22.6877991491938
7.374850519668278 4.213495692849561 19.14008438989263
5.132306353233683 6.173339547573681 25.0551276621752
5.565026382031985 6.607682018326273 17.2941306071192
5.117656983806019 8.32747273521943 2.867611879177143
8.581141374845991 4.233544221700202 5.480940160621323
5.359948514588303 6.42343701362894 20.76221560690749
6.951393716125484 3.954767377833257 25.44254383726477
2.566259767552411 7.573571029463554 25.45636073647972
2.530431073385601 9.465403077885206 2.569160877160796
8.950260650070771 3.985399388749014 2.573286753244416
5.933108217990986 1.5 12.28845182743122
-5.560027303682588 1.5 18.88440097358311
-5.955143874564101 1.5 8.452051959964724
5.479514261117349 1.5 19.10265730078999
-0.06637956507678311 1.5 3.344949141855223
-2.089709932230846 1.5 24.27819563318259
6.503423260976799 1.5 5.166655372871135
-5.922225583022412 1.5 4.561133219844011
-2.443067018511035 1.5 6.345528595050306
-2.922875122296846 1.5 10.32120076002617
0.230295894534347 1.5 8.796043302998552
-0.09685020670756472 1.5 12.36182164140602
-3.090012338518129 1.5 13.8514368749272
-0.2185389866312306 1.5 15.70907231471354
2.800101652711163 1.5 14.04451738866342
2.036319695554182 1.5 24.42704943088825
0.04277004419090247 1.5 21.52974210808445
6.142170377739237 1.5 8.711599781372293
3.299554051857827 1.5 7.106729690161693
5.267437922735724 1.5 22.49138908374121
-5.237206189003945 1.5 22.31728187726654
-5.965379168735453 1.5 12.11087558227864
3.587267034316637 1.5 3.207721747703987
3.051396664687665 1.5 10.55152727200553
5.652896886630254 1.5 15.75149249286318
2.655573601733022 1.5 17.36926355914709
-5.918934243202024 1.5 15.54359252359372
-2.959503024619407 1.5 17.03224560381441
-2.641954938224545 1.5 20.44309837632878
2.77865790488355 1.5 20.50213726412268
5.167559399865412 1.5 25.41627908304036
-5.34683187280339 1.5 25.41911145594327
-3.080442170931262 1.5 2.829197357808958
-0.04805322400138934 1.5 18.61672406204161
0.9215340794242 1.5 5.760194495553951
7.144175008504569 1.5 2.407465434773945
-8.223976457264465 4.376144010049511 8.693383740371392
-7.60510400855315 4.361269245114461 15.66820889510353
-7.041957851452755 4.235068449565948 22.65061217142554
-3.225320400887843 9.015888946343745 5.39461661980972
-3.242935363849229 8.441976115521834 12.15439931301906
-2.991587735390634 7.943702001838837 19.20739954195452
-7.569220907142834 6.160519960780083 3.057618686932527
-7.914900491133304 4.372056328494067 12.17060328574661
-5.865994381786717 7.07819313146908 10.25428103256596
-6.307144902398727 7.078356896895654 6.598639907863554
-3.375426055293783 8.685880663036215 8.656836648138704
-5.781960591211408 6.777003749292906 13.87062258567855
-3.081346926449034 8.203537666777111 15.71571920009587
-2.98887030500967 7.649750197229653 22.70702845307427
-7.374851625515259 4.213493508081358 19.14008596073556
-5.143758838867496 6.163166294951801 25.06131301260063
-5.600091030797581 6.577897138651401 17.29503513493512
-5.117656983806003 8.327472735219441 2.867611879177151
-8.581141374846043 4.233544221699137 5.480940160626723
-5.359948514581937 6.423437013632658 20.76221560692303
-6.951393716131 3.954767377821972 25.44254383727474
-2.565729312238926 7.573703439581862 25.4569300939494
-2.547193228316142 9.461458809534482 2.562379028770094
-8.967717525597276 3.9512197592887 2.546365539543248
0.5473750369420712 1.321480237890017 90
-0.7398602367303317 -1.78618061777492 90
2.201188615676791 -0.935382126248411 90
-2.217890441286627 0.8950603523447548 90
1.086044773458607 4.648176104455341 28
-1.990210066336377 4.230855754696316 28
3.644452129845249 4.42837130420134 28
-0.01440762462443734 0.001493487079200051 38.58656517904899
0.01660600340970131 -0.01320112312069188 47.28958300102741
-0.006788729618970368 -0.003465350176591997 55.74261788010875
-0.01104760161436857 0.02117120965986752 64.37542435742981
0.0204371782429762 -0.01889265822667596 70.98524620483043
2.221981769058656 2.870728071802668 33.37718686492044
0.06589876409112261 6.199978513774036e-05 76.91470474988384
2.377952173634241 -2.88036284400772 33.3938438287753
-3.38989954117041 1.269529189609327 33.96098329647727
-0.1118424626145538 -0.2258885152324934 85.05560150746881
-1.781793857875286 -2.860786129560228 42.9396071058955
2.961569648996547 1.599350822332268 42.93023461704679
-2.371748057725192 2.51941898716358 43.14030212337789
0.192447074450304 -3.065008331037232 51.52013999640223
-0.2735218704061478 3.032311289104594 51.51182779380766
1.569969934897866 2.101130031198652 60.03829429910046
-2.990242631276731 -3.257979271343233 36.14640627738314
-2.20809299703678 -1.254482220491246 60.06154153063961
2.683537345325348 -2.853886246036618 44.56778563114422
-1.305415585725171 4.381664799498036 37.01121020150867
3.467078100803006 0.2530444827304268 52.49470811981735
-3.465976943038528 -0.2795642609659974 50.46186553729851
5.071072012811986 -0.1191480276376194 36.62232642206225
1.307248365481741 -4.51477984328547 38.27483271618181
-4.508173104157842 1.104778299360747 38.45009361288888
-4.152642001725679 -0.5033288749297157 45.85532657337881
0.7621616991895095 4.124926748143505 45.85130705464246
-1.585588980324902 -4.065985590214835 47.12622558091711
0.6780028778453313 4.764621313768865 40.91285486268784
-1.163089465706298 -2.550091344327493 67.69449852904795
2.022339963006439 -2.219866449252395 59.03647492142948
-2.893028963496752 3.073274896003618 47.83219824983748
4.078966486184995 -1.873203309581373 40.57407197184939
-0.4731476714628688 1.609827722564651 81.11259648445915
3.308039655349439 2.28517998114758 48.74316037740146
-3.871687050785408 -3.513175053954019 31.87600255909341
-1.521850186710131 4.858956231120242 32.30239802742739
1.336452994018502 2.588779853506326 67.92017809785499
-3.740767115538326 1.424646605037501 54.41009886632688
-2.812216347249441 -2.739553607675182 54.36823063852586
5.212787314188949 0.06982009361935826 31.88062910587077
-1.895502625345488 3.015502906285538 57.9095646409764
2.187612708745506 3.380056188033027 56.21608024827653
-2.711412279269464 1.159624770587578 68.22957873161918
3.320044542303811 -2.276811849100729 48.73904845209697
2.898070683507417 4.124352150657466 37.37336133975997
-1.954365143053021 2.69583898273136 61.94964003298981
-0.7358881887361366 -5.587651953400521 33.5865138748237

CELLS 3689 16817
1 0
1 1
1 2
1 3
1 4
1 5
1 6
1 7
1 8
1 9
1 10
1 11
2 0 12
2 12 13
2 13 14
2 14 15
2 15 16
2 16 17
2 17 18
2 18 1
2 0 19
2 19 20
2 20 21
2 21 22
2 22 1
2 2 23
2 23 24
2 24 25
2 25 26
2 26 27
2 27 28
2 28 29
2 29 0
2 2 30
2 30 31
2 31 32
2 32 33
2 33 34
2 34 3
2 1 35
2 35 36
2 36 37
2 37 38
2 38 39
2 39 40
2 40 41
2 41 3
2 2 42
2 42 43
2 43 44
2 44 3
2 4 45
2 45 46
2 46 47
2 47 48
2 48 49
2 49 50
2 50 51
2 51 52
2 52 53
2 53 54
2 54 55
2 55 56
2 56 57
2 57 58
2 58 59
2 59 60
2 60 61
2 61 62
2 62 4
2 5 63
2 63 64
2 64 65
2 65 6
2 5 66
2 66 67
2 67 68
2 68 69
2 69 7
2 6 70
2 70 71
2 71 72
2 72 7
2 8 73
2 73 74
2 74 75
2 75 76
2 76 77
2 77 78
2 78 79
2 79 8
2 4 80
2 80 81
2 81 82
2 82 83
2 83 84
2 84 85
2 85 86
2 86 87
2 87 88
2 88 89
2 89 90
2 90 91
2 91 92
2 92 93
2 93 94
2 94 95
2 95 96
2 96 97
2 97 98
2 98 99
2 99 100
2 100 101
2 101 8
2 9 102
2 102 103
2 103 104
2 104 105
2 105 106
2 106 107
2 107 108
2 108 5
2 9 109
2 109 110
2 110 10
2 6 111
2 111 112
2 112 113
2 113 114
2 114 115
2 115 116
2 116 117
2 117 10
2 7 118
2 118 119
2 119 120
2 120 121
2 121 122
2 122 123
2 123 124
2 124 11
2 9 125
2 125 126
2 126 127
2 127 11
2 10 128
2 128 129
2 129 11
3 12 180 0
3 0 180 29
3 1 181 18
3 35 181 1
3 23 178 2
3 2 178 30
3 34 177 3
3 3 177 41
3 13 171 12
3 171 180 12
3 14 135 13
3 135 171 13
3 15 170 14
3 14 170 135
3 16 134 15
3 134 170 15
3 17 183 16
3 16 183 134
3 18 168 17
3 168 183 17
3 18 181 168
3 24 167 23
3 167 178 23
3 25 131 24
3 131 167 24
3 26 176 25
3 25 176 131
3 27 130 26
3 130 176 26
3 28 160 27
3 27 160 130
3 29 139 28
3 139 160 28
3 29 180 139
3 30 138 31
3 30 178 138
3 31 140 32
3 138 140 31
3 32 136 33
3 32 140 136
3 33 155 34
3 136 155 33
3 155 177 34
3 36 137 35
3 137 181 35
3 37 158 36
3 36 158 137
3 38 133 37
3 133 158 37
3 39 179 38
3 38 179 133
3 40 132 39
3 132 179 39
3 41 166 40
3 40 166 132
3 41 177 166
3 130 164 157
3 157 176 130
3 160 173 130
3 130 173 164
3 131 157 156
3 156 182 131
3 131 176 157
3 131 182 167
3 132 165 163
3 163 179 132
3 132 184 165
3 166 184 132
3 133 163 154
3 154 174 133
3 133 174 158
3 133 179 163
3 134 169 152
3 152 170 134
3 134 172 169
3 134 183 172
3 161 171 135
3 135 175 161
3 170 175 135
3 140 141 136
3 141 142 136
3 142 155 136
3 158 159 137
3 159 168 137
3 168 181 137
3 138 153 140
3 138 182 153
3 138 178 167
3 167 182 138
3 139 161 160
3 139 171 161
3 139 180 171
3 140 153 141
3 141 143 142
3 141 144 143
3 141 153 144
3 143 165 142
3 142 184 155
3 165 184 142
3 144 145 143
3 145 162 143
3 162 165 143
3 144 146 145
3 144 156 146
3 153 156 144
3 146 147 145
3 147 148 145
3 148 162 145
3 146 164 147
3 156 157 146
3 157 164 146
3 147 149 148
3 147 150 149
3 147 164 150
3 149 151 148
3 151 154 148
3 154 162 148
3 150 152 149
3 149 169 151
3 152 169 149
3 150 175 152
3 150 173 161
3 161 175 150
3 164 173 150
3 151 174 154
3 169 185 151
3 151 185 174
3 152 175 170
3 153 182 156
3 154 163 162
3 166 177 155
3 155 184 166
3 158 174 159
3 159 172 168
3 159 185 172
3 174 185 159
3 161 173 160
3 163 165 162
3 172 183 168
3 172 185 169
3 0 221 19
3 29 221 0
3 1 22 35
3 2 216 23
3 42 216 2
3 41 217 3
3 3 217 44
3 19 208 20
3 19 221 208
3 20 190 21
3 20 208 190
3 21 218 22
3 190 218 21
3 22 193 35
3 22 218 193
3 23 206 24
3 23 216 206
3 24 189 25
3 24 206 189
3 25 210 26
3 189 210 25
3 26 186 27
3 26 210 186
3 27 203 28
3 186 203 27
3 28 192 29
3 28 203 192
3 192 221 29
3 35 193 36
3 36 188 37
3 36 193 188
3 37 207 38
3 188 207 37
3 38 212 39
3 207 212 38
3 39 187 40
3 39 212 187
3 40 205 41
3 187 205 40
3 205 217 41
3 43 191 42
3 191 216 42
3 44 201 43
3 43 201 191
3 44 217 201
3 200 209 186
3 186 210 200
3 186 209 203
3 187 214 205
3 212 213 187
3 213 214 187
3 193 194 188
3 194 195 188
3 195 207 188
3 206 215 189
3 189 211 210
3 189 215 211
3 194 218 190
3 190 220 194
3 208 220 190
3 201 202 191
3 202 215 191
3 191 215 206
3 206 216 191
3 203 204 192
3 204 208 192
3 208 221 192
3 193 218 194
3 194 196 195
3 194 220 196
3 196 197 195
3 197 198 195
3 198 207 195
3 196 209 197
3 204 209 196
3 196 220 204
3 197 199 198
3 197 200 199
3 197 209 200
3 199 213 198
3 198 212 207
3 198 213 212
3 200 211 199
3 211 219 199
3 199 219 213
3 210 211 200
3 201 214 202
3 205 214 201
3 201 217 205
3 214 219 202
3 202 219 215
3 203 209 204
3 204 220 208
3 215 219 211
3 213 219 214
3 42 2 30
3 34 3 44
3 31 223 30
3 30 223 42
3 32 223 31
3 33 222 32
3 222 223 32
3 34 224 33
3 33 224 222
3 44 224 34
3 42 223 43
3 43 222 44
3 43 223 222
3 222 224 44
3 7 0 54
3 7 225 0
3 12 226 0
3 0 225 19
3 0 226 54
3 4 1 5
3 62 1 4
3 1 230 5
3 18 1 62
3 22 230 1
3 45 4 5
3 5 63 45
3 5 230 66
3 49 48 6
3 6 48 65
3 70 49 6
3 54 53 7
3 53 227 7
3 69 225 7
3 7 227 72
3 13 229 12
3 55 226 12
3 12 229 55
3 13 14 57
3 56 13 57
3 56 229 13
3 14 15 58
3 57 14 58
3 59 15 16
3 58 15 59
3 17 60 16
3 16 60 59
3 18 61 17
3 17 61 60
3 62 61 18
3 19 233 20
3 19 225 69
3 69 233 19
3 20 231 21
3 68 231 20
3 20 233 68
3 21 232 22
3 21 231 67
3 67 232 21
3 66 230 22
3 22 232 66
3 45 63 46
3 47 46 64
3 46 63 64
3 48 47 65
3 65 47 64
3 50 49 70
3 50 71 51
3 70 71 50
3 51 228 52
3 71 228 51
3 52 227 53
3 72 227 52
3 52 228 72
3 54 226 55
3 55 229 56
3 66 232 67
3 67 231 68
3 68 233 69
3 72 228 71
3 45 560 4
3 4 558 62
3 80 558 4
3 4 560 80
3 8 549 73
3 79 556 8
3 101 549 8
3 8 556 101
3 46 259 45
3 259 560 45
3 47 542 46
3 46 542 259
3 48 247 47
3 247 542 47
3 49 553 48
3 48 553 247
3 50 569 49
3 49 569 553
3 51 241 50
3 241 569 50
3 52 517 51
3 51 517 241
3 53 255 52
3 255 517 52
3 54 519 53
3 53 519 255
3 55 240 54
3 240 519 54
3 56 551 55
3 55 551 240
3 57 530 56
3 530 551 56
3 58 243 57
3 243 530 57
3 59 566 58
3 58 566 243
3 60 518 59
3 518 566 59
3 61 254 60
3 254 518 60
3 62 531 61
3 61 531 254
3 62 558 531
3 73 424 74
3 73 549 424
3 74 520 75
3 424 520 74
3 75 244 76
3 75 520 244
3 76 514 77
3 244 514 76
3 77 257 78
3 77 514 257
3 78 432 79
3 257 432 78
3 432 556 79
3 81 260 80
3 80 528 81
3 260 558 80
3 80 560 528
3 81 256 82
3 82 450 81
3 81 528 256
3 81 450 260
3 83 253 82
3 82 448 83
3 253 450 82
3 256 448 82
3 83 242 84
3 84 447 83
3 83 448 242
3 83 447 253
3 85 239 84
3 84 509 85
3 239 447 84
3 242 509 84
3 86 264 85
3 85 442 86
3 85 264 239
3 85 509 442
3 86 237 87
3 87 263 86
3 86 442 237
3 263 264 86
3 88 235 87
3 87 550 88
3 235 263 87
3 237 550 87
3 88 441 89
3 89 495 88
3 88 495 235
3 88 550 441
3 89 250 90
3 90 545 89
3 89 441 250
3 89 545 495
3 91 252 90
3 90 262 91
3 250 262 90
3 252 545 90
3 91 236 92
3 92 438 91
3 91 262 236
3 91 438 252
3 93 251 92
3 92 498 93
3 236 498 92
3 251 438 92
3 94 436 93
3 93 440 94
3 93 436 251
3 93 498 440
3 95 248 94
3 94 249 95
3 248 436 94
3 94 440 249
3 95 261 96
3 96 418 95
3 95 418 248
3 249 261 95
3 96 234 97
3 97 532 96
3 96 261 234
3 96 532 418
3 98 238 97
3 97 433 98
3 234 433 97
3 238 532 97
3 98 245 99
3 99 427 98
3 98 427 238
3 98 433 245
3 100 246 99
3 99 422 100
3 245 422 99
3 246 427 99
3 100 258 101
3 101 430 100
3 100 430 246
3 100 422 258
3 258 549 101
3 101 556 430
3 261 425 234
3 425 426 234
3 426 433 234
3 235 522 263
3 495 547 235
3 235 547 522
3 262 271 236
3 271 284 236
3 284 498 236
3 237 533 407
3 407 550 237
3 442 443 237
3 443 533 237
3 427 428 238
3 428 559 238
3 238 559 532
3 264 266 239
3 266 454 239
3 239 454 447
3 403 519 240
3 240 523 403
3 240 551 523
3 415 416 241
3 241 417 415
3 416 569 241
3 241 517 417
3 448 449 242
3 449 462 242
3 462 509 242
3 461 536 243
3 243 566 461
3 243 570 530
3 536 570 243
3 244 563 514
3 520 541 244
3 541 563 244
3 245 474 422
3 433 473 245
3 473 474 245
3 246 543 427
3 430 431 246
3 431 543 246
3 508 542 247
3 247 554 508
3 247 553 511
3 511 554 247
3 418 544 248
3 248 437 436
3 248 544 437
3 249 303 261
3 249 362 303
3 249 440 362
3 250 419 262
3 250 555 419
3 441 555 250
3 412 438 251
3 251 529 412
3 436 529 251
3 252 476 411
3 411 545 252
3 438 537 252
3 252 537 476
3 447 453 253
3 253 488 450
3 453 488 253
3 254 531 451
3 451 548 254
3 254 548 518
3 255 534 517
3 519 552 255
3 255 552 534
3 256 506 448
3 256 507 506
3 256 528 507
3 257 539 432
3 514 515 257
3 515 539 257
3 422 423 258
3 423 424 258
3 424 549 258
3 259 508 507
3 507 528 259
3 259 542 508
3 528 560 259
3 450 451 260
3 451 531 260
3 531 558 260
3 303 425 261
3 262 419 271
3 263 265 264
3 263 522 265
3 265 266 264
3 265 267 266
3 265 497 267
3 265 522 497
3 267 268 266
3 268 454 266
3 267 269 268
3 267 270 269
3 267 497 270
3 269 435 268
3 268 435 434
3 434 454 268
3 270 272 269
3 272 274 269
3 274 435 269
3 270 273 272
3 270 349 273
3 270 497 349
3 271 302 284
3 271 305 302
3 271 419 305
3 273 458 272
3 272 275 274
3 272 458 275
3 349 382 273
3 382 459 273
3 273 459 458
3 275 276 274
3 276 281 274
3 281 435 274
3 275 277 276
3 275 278 277
3 275 458 278
3 277 452 276
3 276 285 281
3 276 452 285
3 278 279 277
3 279 282 277
3 282 452 277
3 278 280 279
3 278 380 280
3 278 458 380
3 280 466 279
3 279 283 282
3 279 466 283
3 380 408 280
3 408 467 280
3 280 467 466
3 285 286 281
3 286 360 281
3 360 435 281
3 283 287 282
3 287 469 282
3 282 469 452
3 283 288 287
3 283 289 288
3 283 466 289
3 302 503 284
3 491 498 284
3 284 503 491
3 285 383 286
3 285 389 383
3 285 452 389
3 286 361 360
3 286 460 361
3 383 460 286
3 288 353 287
3 353 369 287
3 369 469 287
3 289 290 288
3 290 446 288
3 288 446 353
3 289 291 290
3 289 374 291
3 289 466 374
3 291 292 290
3 292 329 290
3 329 446 290
3 291 293 292
3 291 439 293
3 374 439 291
3 293 294 292
3 294 485 292
3 292 485 329
3 293 295 294
3 293 296 295
3 293 439 296
3 295 299 294
3 299 300 294
3 300 485 294
3 296 297 295
3 297 471 295
3 295 471 299
3 296 298 297
3 296 301 298
3 296 439 301
3 298 496 297
3 297 524 471
3 496 524 297
3 301 304 298
3 304 308 298
3 308 496 298
3 299 328 300
3 299 347 328
3 299 471 347
3 328 348 300
3 348 375 300
3 375 485 300
3 301 477 304
3 439 501 301
3 301 501 477
3 305 306 302
3 306 307 302
3 307 503 302
3 362 367 303
3 367 420 303
3 420 425 303
3 304 309 308
3 304 312 309
3 304 477 312
3 305 538 306
3 419 516 305
3 516 538 305
3 306 310 307
3 306 387 310
3 306 538 387
3 310 311 307
3 311 345 307
3 345 503 307
3 309 338 308
3 338 346 308
3 346 496 308
3 312 352 309
3 309 510 338
3 352 510 309
3 310 313 311
3 310 472 313
3 387 472 310
3 313 314 311
3 314 505 311
3 311 505 345
3 312 410 352
3 312 525 410
3 477 525 312
3 313 315 314
3 313 317 315
3 313 472 317
3 315 316 314
3 316 324 314
3 324 505 314
3 315 482 316
3 317 318 315
3 318 482 315
3 316 325 324
3 316 483 325
3 482 483 316
3 317 319 318
3 317 402 319
3 317 472 402
3 319 320 318
3 320 321 318
3 321 482 318
3 319 322 320
3 319 512 322
3 402 512 319
3 320 486 321
3 322 323 320
3 323 486 320
3 481 482 321
3 321 487 481
3 486 487 321
3 322 326 323
3 322 365 326
3 322 512 365
3 326 327 323
3 327 336 323
3 336 486 323
3 325 330 324
3 330 464 324
3 464 505 324
3 325 331 330
3 325 335 331
3 325 483 335
3 326 490 327
3 365 366 326
3 366 490 326
3 327 337 336
3 327 429 337
3 327 490 429
3 347 478 328
3 328 351 348
3 328 478 351
3 329 521 446
3 329 485 479
3 479 521 329
3 331 332 330
3 332 359 330
3 359 464 330
3 331 333 332
3 331 492 333
3 335 492 331
3 333 334 332
3 334 470 332
3 332 470 359
3 333 339 334
3 333 344 339
3 333 492 344
3 339 340 334
3 340 341 334
3 341 470 334
3 335 480 457
3 457 492 335
3 335 483 480
3 337 372 336
3 372 381 336
3 381 486 336
3 337 373 372
3 337 393 373
3 337 429 393
3 338 350 346
3 338 398 350
3 338 510 398
3 339 455 340
3 344 363 339
3 363 455 339
3 340 342 341
3 340 343 342
3 340 455 343
3 342 357 341
3 357 358 341
3 358 470 341
3 343 354 342
3 354 484 342
3 342 484 357
3 343 355 354
3 343 356 355
3 343 455 356
3 344 364 363
3 344 368 364
3 344 492 368
3 345 504 503
3 345 513 504
3 505 513 345
3 350 377 346
3 377 378 346
3 378 496 346
3 471 565 347
3 347 535 478
3 347 565 535
3 351 493 348
3 348 376 375
3 348 493 376
3 349 546 382
3 349 497 409
3 409 546 349
3 350 401 377
3 398 516 350
3 350 516 401
3 478 540 351
3 351 494 493
3 351 540 494
3 410 564 352
3 352 527 510
3 352 564 527
3 353 403 369
3 353 404 403
3 353 446 404
3 355 405 354
3 405 406 354
3 406 484 354
3 356 371 355
3 371 515 355
3 355 515 405
3 356 397 371
3 356 489 397
3 455 489 356
3 357 370 358
3 357 396 370
3 357 484 396
3 370 386 358
3 386 421 358
3 421 470 358
3 421 465 359
3 359 470 421
3 359 465 464
3 361 388 360
3 388 434 360
3 434 435 360
3 361 391 388
3 361 392 391
3 361 460 392
3 362 504 367
3 440 491 362
3 491 504 362
3 364 502 363
3 363 489 455
3 363 502 489
3 368 394 364
3 394 399 364
3 399 502 364
3 365 379 366
3 365 562 379
3 512 562 365
3 379 526 366
3 366 557 490
3 526 557 366
3 367 465 420
3 367 513 465
3 504 513 367
3 368 395 394
3 368 457 395
3 368 492 457
3 403 523 369
3 369 499 469
3 369 523 499
3 370 426 386
3 396 473 370
3 370 473 426
3 397 431 371
3 431 539 371
3 371 539 515
3 373 476 372
3 372 384 381
3 372 476 384
3 393 400 373
3 400 411 373
3 411 476 373
3 374 501 439
3 466 467 374
3 467 501 374
3 376 415 375
3 415 479 375
3 479 485 375
3 376 416 415
3 376 511 416
3 493 511 376
3 377 533 378
3 401 407 377
3 407 533 377
3 378 524 496
3 378 568 524
3 533 568 378
3 379 468 408
3 408 526 379
3 379 525 468
3 379 562 525
3 380 526 408
3 458 459 380
3 459 526 380
3 384 385 381
3 385 487 381
3 381 487 486
3 429 490 382
3 382 546 429
3 382 557 459
3 490 557 382
3 389 390 383
3 390 536 383
3 383 536 460
3 384 412 385
3 384 537 412
3 476 537 384
3 412 413 385
3 413 414 385
3 414 487 385
3 420 421 386
3 386 425 420
3 386 426 425
3 387 527 472
3 387 567 527
3 538 567 387
3 391 488 388
3 388 453 434
3 388 488 453
3 389 499 390
3 452 469 389
3 469 499 389
3 499 500 390
3 500 570 390
3 390 570 536
3 392 548 391
3 451 488 391
3 391 548 451
3 460 461 392
3 461 518 392
3 518 548 392
3 393 409 400
3 393 546 409
3 429 546 393
3 395 544 394
3 394 418 399
3 394 544 418
3 437 544 395
3 395 561 437
3 395 457 456
3 456 561 395
3 396 474 473
3 396 475 474
3 396 484 475
3 397 489 428
3 428 543 397
3 397 543 431
3 510 567 398
3 398 538 516
3 398 567 538
3 418 532 399
3 399 559 502
3 532 559 399
3 409 547 400
3 400 495 411
3 400 547 495
3 401 441 407
3 401 555 441
3 516 555 401
3 472 527 402
3 402 564 512
3 527 564 402
3 404 552 403
3 403 552 519
3 446 521 404
3 521 534 404
3 534 552 404
3 405 541 406
3 515 563 405
3 405 563 541
3 463 475 406
3 406 541 463
3 475 484 406
3 441 550 407
3 408 468 467
3 497 522 409
3 522 547 409
3 410 562 512
3 512 564 410
3 525 562 410
3 495 545 411
3 412 529 413
3 412 537 438
3 413 456 414
3 413 561 456
3 529 561 413
3 456 480 414
3 480 481 414
3 481 487 414
3 417 479 415
3 511 553 416
3 553 569 416
3 417 521 479
3 517 534 417
3 417 534 521
3 419 555 516
3 420 465 421
3 422 474 423
3 423 463 424
3 423 475 463
3 474 475 423
3 463 520 424
3 426 473 433
3 427 543 428
3 489 502 428
3 502 559 428
3 430 432 431
3 430 556 432
3 432 539 431
3 453 454 434
3 437 529 436
3 437 561 529
3 440 498 491
3 442 444 443
3 442 509 444
3 444 445 443
3 445 568 443
3 443 568 533
3 444 535 445
3 444 509 462
3 462 535 444
3 445 565 524
3 524 568 445
3 535 565 445
3 447 454 453
3 448 506 449
3 449 478 462
3 449 540 478
3 506 540 449
3 450 488 451
3 457 480 456
3 459 557 526
3 460 536 461
3 461 566 518
3 478 535 462
3 463 541 520
3 465 513 464
3 464 513 505
3 468 501 467
3 477 501 468
3 468 525 477
3 524 565 471
3 480 483 481
3 481 483 482
3 503 504 491
3 494 554 493
3 493 554 511
3 506 507 494
3 494 540 506
3 507 508 494
3 508 554 494
3 499 523 500
3 523 551 500
3 500 551 530
3 530 570 500
3 527 567 510
3 514 563 515
3 63 5 594
3 5 108 594
3 6 65 593
3 111 6 593
3 102 9 591
3 9 109 591
3 110 10 592
3 10 117 592
3 64 63 577
3 577 63 594
3 65 64 588
3 64 577 588
3 65 588 593
3 103 102 573
3 573 102 591
3 104 103 585
3 103 573 585
3 105 104 572
3 572 104 585
3 106 105 578
3 105 572 578
3 107 106 571
3 571 106 578
3 108 107 589
3 107 571 589
3 108 589 594
3 109 110 586
3 109 586 591
3 586 110 592
3 112 111 574
3 574 111 593
3 113 112 581
3 112 574 581
3 114 113 575
3 575 113 581
3 115 114 583
3 114 575 583
3 116 115 576
3 576 115 583
3 117 116 584
3 116 576 584
3 117 584 592
3 571 578 579
3 571 579 580
3 571 580 589
3 578 572 582
3 582 572 587
3 572 585 587
3 585 573 590
3 573 586 590
3 586 573 591
3 574 580 581
3 580 574 588
3 588 574 593
3 579 575 581
3 575 579 582
3 575 582 583
3 576 583 587
3 584 576 590
3 576 587 590
3 577 580 588
3 580 577 589
3 589 577 594
3 579 578 582
3 580 579 581
3 583 582 587
3 586 584 590
3 584 586 592
3 587 585 590
3 5 66 630
3 108 5 630
3 7 118 69
3 9 102 625
3 125 9 625
3 124 11 626
3 11 127 626
3 66 67 617
3 66 617 630
3 67 68 599
3 67 599 617
3 68 69 627
3 599 68 627
3 69 118 602
3 69 602 627
3 102 103 614
3 102 614 625
3 103 104 598
3 103 598 614
3 104 105 619
3 598 104 619
3 105 106 595
3 105 595 619
3 106 107 612
3 595 106 612
3 107 108 601
3 107 601 612
3 601 108 630
3 118 119 602
3 119 120 597
3 119 597 602
3 120 121 616
3 597 120 616
3 121 122 621
3 616 121 621
3 122 123 596
3 122 596 621
3 123 124 615
3 596 123 615
3 615 124 626
3 126 125 610
3 610 125 625
3 127 126 600
3 600 126 610
3 127 600 626
3 609 595 618
3 595 609 619
3 595 612 618
3 596 615 623
3 621 596 622
3 622 596 623
3 602 597 603
3 603 597 604
3 604 597 616
3 614 598 624
3 598 619 620
3 598 620 624
3 603 599 627
3 599 603 629
3 617 599 629
3 600 610 611
3 600 611 623
3 615 600 623
3 600 615 626
3 612 601 613
3 613 601 617
3 617 601 630
3 602 603 627
3 603 604 605
3 603 605 629
3 605 604 606
3 606 604 607
3 607 604 616
3 605 606 618
3 613 605 618
3 605 613 629
3 606 607 608
3 606 608 609
3 606 609 618
3 608 607 622
3 607 616 621
3 607 621 622
3 609 608 620
3 620 608 628
3 608 622 628
3 619 609 620
3 611 610 624
3 610 614 624
3 614 610 625
3 623 611 628
3 611 624 628
3 612 613 618
3 613 617 629
3 624 620 628
3 622 623 628
3 70 6 653
3 6 111 653
3 7 72 654
3 118 7 654
3 117 10 652
3 10 128 652
3 11 124 651
3 129 11 651
3 71 70 648
3 648 70 653
3 72 71 637
3 637 71 648
3 72 637 654
3 111 112 634
3 111 634 653
3 112 113 641
3 634 112 641
3 113 114 635
3 113 635 641
3 114 115 643
3 635 114 643
3 115 116 636
3 115 636 643
3 116 117 644
3 636 116 644
3 644 117 652
3 119 118 649
3 649 118 654
3 120 119 631
3 631 119 649
3 121 120 638
3 120 631 638
3 122 121 632
3 632 121 638
3 123 122 645
3 122 632 645
3 124 123 633
3 633 123 645
3 124 633 651
3 128 129 646
3 128 646 652
3 646 129 651
3 638 631 639
3 639 631 640
3 640 631 649
3 632 638 642
3 632 642 647
3 645 632 647
3 633 645 650
3 646 633 650
3 633 646 651
3 640 634 641
3 634 640 648
3 634 648 653
3 635 639 641
3 639 635 642
3 642 635 643
3 643 636 647
3 636 644 650
3 647 636 650
3 640 637 648
3 637 640 649
3 637 649 654
3 638 639 642
3 639 640 641
3 642 643 647
3 644 646 650
3 646 644 652
3 645 647 650
3 73 657 8
3 8 657 79
3 74 655 73
3 655 657 73
3 75 658 74
3 74 658 655
3 76 658 75
3 77 658 76
3 78 656 77
3 656 658 77
3 79 657 78
3 78 657 656
3 656 657 655
3 655 658 656
3 125 109 9
3 10 110 659
3 128 10 660
3 10 659 660
3 11 129 127
3 110 109 661
3 109 125 661
3 659 110 661
3 125 126 659
3 125 659 661
3 126 127 660
3 659 126 660
3 127 129 660
3 129 128 660
4 2 42 11 670
4 319 672 686 687
4 664 675 561 701
4 342 343 340 666
4 2 42 670 697
4 561 664 529 675
4 42 127 11 670
4 396 370 473 666
4 396 357 370 666
4 43 669 667 670
4 433 473 666 668
4 377 110 661 667
4 433 666 98 668
4 98 666 238 668
4 319 672 322 686
4 433 245 473 668
4 11 468 2 670
4 427 98 238 668
4 532 665 691 699
4 433 98 245 668
4 343 666 342 668
4 672 678 322 686
4 43 667 126 670
4 532 691 666 699
4 396 357 666 668
4 561 529 664 692
4 682 692 93 704
4 561 692 664 701
4 342 666 357 668
4 456 692 561 701
4 319 686 674 687
4 473 396 666 668
4 529 675 664 682
4 674 686 672 687
4 323 672 327 678
4 661 110 659 667
4 529 682 664 692
4 664 692 682 704
4 669 670 43 697
4 368 679 665 692
4 455 666 343 668
4 394 368 665 692
4 455 340 343 666
4 33 224 222 669
4 436 682 529 692
4 94 93 692 704
4 455 489 666 668
4 532 665 399 691
4 327 678 672 685
4 436 93 682 692
4 109 667 661 702
4 100 246 430 695
4 238 666 428 668
4 661 109 533 667
4 427 238 428 668
4 33 409 224 669
4 456 679 692 701
4 344 492 333 691
4 2 670 379 697
4 457 679 456 701
4 372 672 680 685
4 11 127 477 670
4 110 377 661 533
4 97 532 666 699
4 100 430 671 695
4 99 246 100 695
4 425 303 261 665
4 326 323 327 678
4 425 420 303 665
4 667 669 662 670
4 304 670 477 698
4 455 356 489 668
4 34 224 669 702
4 477 670 129 698
4 327 672 336 685
4 342 341 357 666
4 34 224 522 669
4 436 94 93 692
4 492 665 333 691
4 372 680 373 685
4 394 665 544 692
4 261 665 303 677
4 456 679 457 692
4 559 666 532 691
4 402 674 319 686
4 304 312 477 670
4 420 303 665 677
4 342 340 341 666
4 333 665 492 679
4 661 533 377 667
4 409 33 224 522
4 455 343 356 668
4 127 129 477 670
4 399 665 394 691
4 428 666 489 668
4 304 477 129 698
4 662 670 669 678
4 484 342 357 668
4 319 320 672 687
4 492 665 368 679
4 561 529 413 675
4 110 378 659 667
4 96 665 532 699
4 99 100 422 695
4 127 129 670 698
4 379 2 468 670
4 425 665 261 699
4 673 680 91 696
4 99 668 246 695
4 394 395 368 692
4 42 43 670 697
4 110 377 378 667
4 349 33 222 669
4 420 665 425 699
4 515 671 539 695
4 93 94 440 704
4 327 336 337 685
4 346 378 667 698
4 238 532 559 666
4 333 665 332 705
4 126 127 42 670
4 491 676 284 682
4 481 683 675 689
4 373 685 680 694
4 395 679 368 692
4 669 678 670 697
4 372 476 373 680
4 420 677 665 708
4 396 484 357 668
4 426 473 370 666
4 372 680 672 689
4 468 525 379 670
4 426 433 473 666
4 662 678 672 686
4 352 670 312 681
4 320 322 319 672
4 409 522 224 669
4 312 670 304 698
4 527 674 681 690
4 527 681 674 686
4 676 683 314 693
4 527 681 510 690
4 457 456 480 701
4 659 667 378 698
4 43 126 42 670
4 394 665 368 691
4 418 399 532 665
4 349 409 33 669
4 98 433 97 666
4 667 669 43 702
4 98 97 238 666
4 311 676 314 693
4 562 678 670 686
4 481 321 683 689
4 455 339 340 666
4 420 699 421 708
4 94 692 677 704
4 126 667 43 702
4 250 684 673 707
4 481 675 487 689
4 340 666 339 705
4 665 677 95 692
4 238 97 532 666
4 670 681 352 686
4 314 683 676 700
4 246 431 430 695
4 373 680 476 694
4 91 696 680 706
4 491 676 682 704
4 346 378 377 667
4 126 670 667 698
4 533 667 109 702
4 350 346 667 698
4 402 319 674 687
4 352 312 309 681
4 345 703 676 704
4 350 667 681 698
4 352 312 670 686
4 345 700 676 703
4 431 671 430 695
4 512 319 322 686
4 539 671 431 695
4 235 669 547 684
4 312 670 309 681
4 515 539 371 695
4 663 673 672 674
4 246 668 431 695
4 325 700 679 701
4 250 673 684 694
4 491 503 284 676
4 559 532 399 691
4 357 666 341 705
4 349 669 222 709
4 455 339 666 691
4 311 314 676 700
4 457 480 679 701
4 34 44 224 702
4 331 333 492 679
4 327 323 336 672
4 261 95 665 677
4 370 699 666 705
4 489 363 455 666
4 489 502 363 666
4 250 673 555 707
4 99 422 668 695
4 284 682 676 696
4 544 665 418 692
4 666 691 339 705
4 333 691 665 705
4 352 681 527 686
4 238 559 428 666
4 672 673 662 674
4 332 470 705 708
4 672 678 662 685
4 332 705 665 708
4 340 341 666 705
4 663 680 673 696
4 481 487 321 689
4 312 525 477 670
4 418 544 394 665
4 559 502 428 666
4 672 673 663 680
4 325 679 700 703
4 420 665 699 708
4 559 502 666 691
4 379 670 562 678
4 662 673 672 694
4 673 680 672 694
4 664 692 679 701
4 363 666 502 691
4 365 322 678 686
4 527 510 567 690
4 97 666 433 699
4 495 235 547 684
4 335 679 480 701
4 399 418 394 665
4 262 673 91 696
4 527 352 510 681
4 407 667 533 702
4 350 681 667 707
4 426 666 370 699
4 457 480 335 679
4 512 402 319 686
4 271 673 262 696
4 414 456 413 701
4 418 665 95 692
4 428 502 489 666
4 364 394 368 691
4 330 679 325 703
4 455 666 363 691
4 395 456 457 692
4 345 505 700 703
4 309 670 312 698
4 426 433 666 699
4 539 431 371 695
4 414 413 675 701
4 495 684 685 694
4 97 96 532 699
4 678 697 669 709
4 34 669 522 702
4 309 681 670 698
4 667 670 662 681
4 44 669 224 702
4 431 668 371 695
4 325 679 335 701
4 680 685 672 694
4 409 669 349 709
4 330 325 324 703
4 365 678 562 686
4 491 284 498 682
4 669 697 43 709
4 125 109 661 702
4 421 705 470 708
4 90 91 673 680
4 365 322 326 678
4 384 689 385 706
4 100 671 258 695
4 543 431 246 668
4 662 669 667 684
4 368 395 457 679
4 93 440 682 704
4 672 674 662 686
4 302 676 307 688
4 325 700 324 703
4 675 683 481 701
4 670 678 379 697
4 503 676 491 704
4 271 688 673 696
4 261 665 96 699
4 495 685 400 694
4 503 302 284 676
4 44 125 126 702
4 302 284 676 696
4 663 676 675 682
4 396 473 474 668
4 352 410 312 686
4 357 341 358 705
4 410 670 312 686
4 332 331 330 708
4 527 567 674 690
4 125 661 667 702
4 313 314 683 693
4 10 378 346 698
4 223 43 697 709
4 354 343 342 668
4 418 532 96 665
4 313 311 314 693
4 90 680 673 694
4 473 245 474 668
4 385 689 675 706
4 555 673 690 707
4 350 346 377 667
4 126 43 44 702
4 127 670 126 698
4 407 550 684 702
4 669 684 235 702
4 555 673 419 690
4 125 667 126 702
4 302 676 688 696
4 664 676 675 683
4 307 688 676 693
4 680 696 663 706
4 332 359 470 708
4 419 673 271 688
4 407 684 667 702
4 44 43 669 702
4 222 669 43 709
4 659 378 10 698
4 320 323 322 672
4 371 668 355 695
4 662 681 674 690
4 354 342 484 668
4 222 43 223 709
4 515 371 355 695
4 321 687 683 689
4 676 703 664 704
4 331 679 330 708
4 365 379 562 678
4 393 400 669 685
4 477 127 11 129
4 399 394 364 691
4 327 429 678 685
4 515 355 405 695
4 394 544 395 692
4 250 684 89 694
4 672 687 320 689
4 676 700 664 703
4 529 251 675 682
4 564 527 674 686
4 674 681 662 686
4 662 672 685 694
4 99 98 427 668
4 99 245 98 668
4 486 672 320 689
4 384 680 689 706
4 97 433 234 699
4 662 678 669 685
4 263 34 522 702
4 455 363 339 691
4 345 676 503 704
4 679 700 664 701
4 674 688 387 693
4 667 684 407 707
4 418 95 248 692
4 419 262 271 673
4 406 354 484 695
4 522 669 235 702
4 562 525 410 670
4 235 522 547 669
4 564 674 402 686
4 395 457 679 692
4 355 668 354 695
4 246 99 427 668
4 675 676 663 683
4 481 414 487 675
4 245 422 474 668
4 312 410 525 670
4 662 673 684 707
4 245 99 422 668
4 95 96 261 665
4 250 90 673 694
4 345 504 703 704
4 354 668 484 695
4 436 251 529 682
4 127 660 129 698
4 101 258 100 671
4 676 682 663 696
4 484 396 475 668
4 309 312 304 698
4 474 668 422 695
4 321 318 683 687
4 396 474 475 668
4 261 303 249 677
4 315 687 317 693
4 32 223 31 709
4 304 129 128 698
4 675 676 664 682
4 315 683 687 693
4 676 683 664 700
4 345 504 513 703
4 664 683 675 701
4 34 263 3 702
4 359 421 470 708
4 393 685 669 709
4 366 379 678 697
4 481 321 482 683
4 246 427 543 668
4 483 325 335 701
4 441 407 550 684
4 562 670 410 686
4 472 687 674 693
4 411 373 476 694
4 263 522 235 702
4 427 428 543 668
4 100 258 422 695
4 675 682 251 706
4 673 662 684 694
4 334 333 332 705
4 486 336 672 689
4 441 407 684 707
4 345 503 504 704
4 420 386 421 699
4 321 320 687 689
4 372 373 337 685
4 527 402 564 674
4 561 437 529 692
4 382 32 31 709
4 559 399 502 691
4 400 409 393 669
4 661 659 125 667
4 261 249 95 677
4 472 674 387 693
4 430 101 100 671
4 317 687 472 693
4 31 223 697 709
4 95 677 94 692
4 250 419 555 673
4 222 224 44 669
4 492 368 457 679
4 377 350 667 707
4 358 421 386 705
4 306 688 307 693
4 541 671 563 695
4 503 307 302 676
4 498 682 440 704
4 90 91 262 673
4 258 671 424 695
4 315 313 314 683
4 498 682 284 696
4 544 418 248 692
4 564 352 527 686
4 664 700 679 703
4 486 381 336 689
4 405 355 354 695
4 484 668 475 695
4 662 690 673 707
4 514 656 257 671
4 669 684 662 685
4 664 700 683 701
4 662 674 673 690
4 31 697 382 709
4 655 520 424 671
4 437 436 529 692
4 310 306 307 693
4 334 339 333 705
4 323 320 486 672
4 482 683 316 701
4 420 367 677 708
4 421 699 386 705
4 663 682 675 706
4 397 428 489 668
4 356 397 489 668
4 491 682 498 704
4 678 685 429 709
4 128 129 660 698
4 378 377 110 533
4 663 674 672 687
4 354 355 343 668
4 420 367 303 677
4 339 691 333 705
4 409 497 33 522
4 407 377 533 667
4 321 486 320 689
4 474 475 668 695
4 366 379 365 678
4 481 414 675 701
4 400 547 409 669
4 456 395 561 692
4 679 703 330 708
4 393 669 409 709
4 667 681 662 707
4 310 472 387 693
4 250 89 90 694
4 95 418 96 665
4 673 674 663 688
4 318 482 321 683
4 90 252 91 680
4 327 337 429 685
4 655 424 549 671
4 683 700 316 701
4 307 676 311 693
4 677 692 664 704
4 356 343 355 668
4 379 525 562 670
4 90 252 680 694
4 487 675 385 689
4 249 94 95 677
4 541 563 405 695
4 419 271 305 688
4 377 667 407 707
4 315 317 313 693
4 222 32 349 709
4 549 657 655 671
4 234 96 97 699
4 423 258 424 695
4 362 440 249 704
4 44 34 3 702
4 514 658 656 671
4 315 683 318 687
4 481 683 482 701
4 660 127 126 698
4 414 385 487 675
4 362 249 677 704
4 412 384 385 706
4 400 685 411 694
4 323 486 336 672
4 504 367 703 704
4 663 696 682 706
4 235 684 88 702
4 409 547 522 669
4 372 384 476 680
4 513 504 367 703
4 412 529 251 675
4 538 688 674 690
4 673 688 663 696
4 364 368 344 691
4 459 382 31 697
4 441 401 407 707
4 490 327 429 678
4 387 674 538 688
4 262 419 250 673
4 255 53 52 227
4 387 674 567 690
4 387 538 674 690
4 663 676 688 693
4 667 662 684 707
4 315 313 683 693
4 412 675 251 706
4 483 482 316 701
4 338 681 309 698
4 387 527 567 674
4 520 655 658 671
4 223 32 222 709
4 676 663 688 696
4 330 331 325 679
4 406 484 475 695
4 377 407 401 707
4 407 237 550 702
4 549 101 657 671
4 345 513 505 703
4 384 381 385 689
4 669 685 678 709
4 491 498 440 704
4 402 317 319 687
4 315 318 317 687
4 463 424 671 695
4 517 52 51 228
4 670 678 662 686
4 371 356 355 668
4 677 703 367 704
4 670 681 667 698
4 91 680 252 706
4 93 440 498 682
4 90 262 250 673
4 109 125 9 702
4 412 385 675 706
4 126 667 659 698
4 665 679 677 692
4 675 683 663 689
4 537 680 384 706
4 426 234 433 699
4 367 703 677 708
4 306 302 307 688
4 546 409 349 709
4 261 96 234 699
4 397 543 428 668
4 316 683 315 700
4 92 682 498 696
4 315 683 314 700
4 244 541 520 671
4 367 465 703 708
4 10 659 110 378
4 365 512 322 686
4 514 244 658 671
4 248 95 94 692
4 495 88 235 684
4 672 680 663 689
4 549 258 101 671
4 236 262 91 696
4 316 315 314 700
4 236 271 262 696
4 436 93 251 682
4 236 92 498 696
4 257 656 432 671
4 664 682 676 704
4 405 354 406 695
4 510 352 309 681
4 659 126 125 667
4 237 109 9 702
4 520 658 244 671
4 495 400 411 694
4 662 681 670 686
4 398 690 681 707
4 682 696 92 706
4 510 681 398 690
4 310 307 311 693
4 420 465 367 708
4 311 505 314 700
4 476 680 252 694
4 222 44 43 669
4 128 308 304 698
4 546 393 409 709
4 250 441 89 684
4 340 339 334 705
4 432 656 657 671
4 398 681 350 707
4 414 480 456 701
4 321 320 318 687
4 393 429 685 709
4 464 330 324 703
4 411 685 373 694
4 555 419 516 690
4 91 92 696 706
4 412 413 529 675
4 302 688 271 696
4 657 101 556 671
4 463 520 541 671
4 464 330 703 708
4 2 379 526 697
4 662 685 684 694
4 423 422 258 695
4 307 345 311 676
4 425 261 234 699
4 350 398 338 681
4 490 678 429 709
4 244 514 563 671
4 463 423 424 695
4 497 33 349 409
4 359 332 330 708
4 308 338 309 698
4 683 687 663 689
4 411 400 373 685
4 366 678 490 697
4 510 398 567 690
4 420 425 386 699
4 224 33 34 522
4 244 563 541 671
4 513 367 465 703
4 541 463 671 695
4 527 472 402 674
4 463 424 520 671
4 550 88 684 702
4 424 258 549 671
4 474 422 423 695
4 308 346 338 698
4 252 680 537 706
4 307 503 345 676
4 335 325 331 679
4 557 366 490 697
4 222 32 33 349
4 54 55 226 240
4 411 476 252 694
4 492 457 335 679
4 318 315 482 683
4 208 233 221 627
4 617 630 218 232
4 430 556 101 671
4 663 687 672 689
4 667 684 669 702
4 344 333 339 691
4 382 349 32 709
4 663 683 676 693
4 364 502 399 691
4 362 677 367 704
4 663 689 680 706
4 516 555 690 707
4 490 326 327 678
4 413 385 414 675
4 656 655 657 671
4 490 697 678 709
4 459 557 382 697
4 656 658 655 671
4 441 550 88 684
4 674 687 663 693
4 248 94 436 692
4 306 387 538 688
4 316 482 315 683
4 663 675 689 706
4 371 397 356 668
4 91 92 236 696
4 664 679 677 703
4 89 495 545 694
4 236 498 284 696
4 674 663 688 693
4 387 472 527 674
4 302 271 284 696
4 537 476 384 680
4 334 332 470 705
4 90 545 252 694
4 358 470 421 705
4 677 679 664 692
4 304 308 309 698
4 666 699 691 705
4 257 515 514 671
4 557 697 490 709
4 89 684 495 694
4 662 681 690 707
4 503 491 504 704
4 30 42 2 697
4 674 688 673 690
4 431 539 432 671
4 432 657 556 671
4 483 335 480 701
4 515 563 514 671
4 317 472 313 693
4 691 699 665 705
4 251 682 92 706
4 387 567 538 690
4 431 432 430 671
4 30 2 526 697
4 3 263 87 702
4 483 481 482 701
4 362 303 367 677
4 492 335 331 679
4 338 398 510 681
4 393 429 337 685
4 426 370 386 699
4 362 249 303 677
4 338 510 309 681
4 235 87 263 702
4 42 223 43 697
4 421 465 420 708
4 512 365 562 686
4 104 103 598 187
4 128 660 10 698
4 326 366 365 678
4 326 490 366 678
4 557 382 697 709
4 89 545 90 694
4 395 437 561 692
4 677 679 665 708
4 91 252 438 706
4 413 412 385 675
4 257 539 515 671
4 504 362 367 704
4 512 564 402 686
4 340 334 341 705
4 346 10 496 378
4 474 423 475 695
4 393 546 429 709
4 505 324 700 703
4 30 459 31 697
4 316 324 325 700
4 655 520 74 424
4 39 103 104 187
4 377 401 350 707
4 430 432 556 671
4 663 687 683 693
4 487 385 381 689
4 319 318 320 687
4 595 106 105 207
4 410 352 564 686
4 419 305 516 690
4 614 102 41 103
4 32 31 273 382
4 557 490 382 709
4 398 516 690 707
4 438 252 537 706
4 257 432 539 671
4 555 401 441 707
4 122 123 25 596
4 541 405 406 695
4 310 311 313 693
4 126 659 660 698
4 412 537 384 706
4 39 40 103 187
4 464 359 330 708
4 364 363 502 691
4 198 595 619 212
4 621 210 186 607
4 198 609 618 197
4 607 200 209 606
4 393 373 400 685
4 619 105 104 212
4 190 231 20 627
4 231 67 599 218
4 487 486 321 689
4 128 304 308 298
4 595 612 106 207
4 105 106 38 207
4 596 189 210 622
4 121 122 26 621
4 211 210 189 622
4 505 464 324 703
4 104 105 38 212
4 599 190 231 218
4 627 190 231 599
4 411 252 545 694
4 186 209 203 616
4 612 595 618 207
4 598 619 104 187
4 221 233 69 627
4 218 630 22 232
4 545 495 411 694
4 464 703 465 708
4 203 28 27 120
4 271 302 305 688
4 44 3 9 702
4 237 9 87 702
4 677 703 679 708
4 317 318 319 687
4 464 513 465 703
4 199 200 608 197
4 228 72 71 637
4 626 216 11 124
4 379 2 526 408
4 104 38 39 212
4 23 2 216 124
4 214 620 598 187
4 481 480 414 701
4 41 9 102 217
4 606 618 609 197
4 606 200 209 197
4 27 120 121 616
4 616 186 209 607
4 198 618 595 207
4 77 257 514 656
4 398 350 516 707
4 216 42 191 626
4 209 203 616 604
4 619 595 105 212
4 221 225 118 602
4 230 35 630 193
4 212 198 595 207
4 621 186 616 607
4 214 213 620 187
4 106 612 37 207
4 544 437 395 692
4 106 36 612 107
4 202 611 600 201
4 620 609 213 199
4 660 659 10 698
4 237 87 550 702
4 211 200 622 608
4 595 619 609 198
4 200 186 210 607
4 191 600 126 610
4 200 606 608 197
4 225 221 69 602
4 230 630 22 193
4 126 43 191 610
4 437 248 436 692
4 24 23 206 124
4 538 305 688 690
4 595 609 618 198
4 200 209 186 607
4 271 236 284 696
4 26 27 121 616
4 25 24 189 596
4 203 27 186 616
4 106 37 38 207
4 29 0 7 225
4 619 213 212 187
4 89 88 495 684
4 91 438 92 706
4 27 203 120 616
4 42 126 191 127
4 93 498 92 682
4 625 102 9 217
4 512 562 410 686
4 393 337 373 685
4 43 191 610 201
4 596 210 621 622
4 25 26 122 621
4 31 223 30 697
4 619 213 198 212
4 664 703 677 704
4 24 25 123 596
4 609 620 608 199
4 211 200 608 199
4 210 621 622 607
4 614 598 103 205
4 537 252 476 680
4 73 549 655 424
4 472 310 313 693
4 213 609 619 198
4 192 29 28 119
4 44 9 125 702
4 25 189 210 596
4 601 36 108 107
4 191 206 216 626
4 622 200 210 607
4 620 219 628 199
4 27 26 186 616
4 609 198 199 197
4 606 607 200 608
4 42 11 216 2
4 366 526 379 697
4 620 628 219 214
4 219 211 623 628
4 203 192 28 597
4 216 2 11 124
4 93 92 251 682
4 41 3 9 217
4 618 198 197 195
4 209 607 606 604
4 438 251 92 706
4 26 210 186 621
4 612 37 36 106
4 231 21 67 218
4 68 20 231 627
4 0 12 180 226
4 126 42 191 43
4 620 609 619 213
4 421 359 465 708
4 196 605 197 195
4 606 196 604 605
4 211 200 210 622
4 227 7 72 654
4 3 87 9 702
4 600 215 206 615
4 628 608 620 199
4 126 44 610 125
4 363 344 339 691
4 44 9 3 217
4 26 25 210 621
4 126 600 191 127
4 219 620 213 199
4 214 598 205 187
4 487 381 486 689
4 628 211 622 608
4 198 213 609 199
4 597 616 203 604
4 607 622 200 608
4 616 203 120 597
4 19 208 233 221
4 630 617 66 232
4 623 596 189 615
4 217 44 625 201
4 611 623 202 600
4 87 235 88 702
4 44 126 610 43
4 618 198 195 207
4 607 209 616 604
4 13 12 229 171
4 211 189 215 623
4 101 657 8 549
4 626 600 206 615
4 231 67 68 599
4 231 20 21 190
4 349 382 546 709
4 217 625 614 201
4 206 189 24 615
4 213 620 219 214
4 21 231 190 218
4 627 231 68 599
4 623 211 622 628
4 624 620 598 214
4 202 611 201 214
4 229 55 56 551
4 314 505 324 700
4 661 109 110 533
4 614 41 102 217
4 44 43 610 201
4 205 614 624 201
4 610 600 611 201
4 306 305 302 688
4 600 623 215 615
4 127 191 42 626
4 202 219 623 628
4 606 196 605 197
4 514 658 77 656
4 194 605 196 195
4 603 604 196 605
4 37 612 188 207
4 656 78 257 432
4 600 191 202 201
4 205 217 614 201
4 497 34 33 522
4 470 358 341 705
4 78 656 657 432
4 244 658 76 514
4 505 513 464 703
4 206 626 615 124
4 623 215 202 600
4 119 28 192 597
4 618 613 612 188
4 624 205 201 214
4 102 625 614 217
4 426 425 234 699
4 219 211 215 623
4 483 480 481 701
4 617 67 66 232
4 20 19 208 233
4 491 440 362 704
4 363 364 344 691
4 89 441 88 684
4 194 613 605 195
4 604 196 204 603
4 102 85 41 103
4 464 465 359 708
4 206 191 215 600
4 459 30 526 697
4 459 526 557 697
4 217 614 41 205
4 620 624 628 214
4 541 406 463 695
4 655 74 73 424
4 201 611 624 214
4 612 36 37 188
4 658 520 74 655
4 623 189 215 615
4 127 600 191 626
4 611 202 623 628
4 627 221 208 602
4 630 617 218 193
4 206 215 189 615
4 119 29 28 552
4 104 103 39 84
4 123 25 289 122
4 204 192 203 597
4 613 601 612 188
4 316 314 324 700
4 206 191 600 626
4 624 598 205 214
4 550 87 88 702
4 204 209 196 604
4 618 605 613 195
4 223 42 30 697
4 549 657 73 655
4 125 625 44 610
4 35 1 22 230
4 426 386 425 699
4 614 610 624 201
4 610 625 44 201
4 118 7 69 225
4 143 145 162 360
4 40 41 85 103
4 77 76 658 514
4 519 28 29 552
4 191 202 215 600
4 613 618 195 188
4 306 538 305 688
4 490 429 382 709
4 38 105 104 83
4 643 115 300 294
4 614 624 598 205
4 26 288 122 121
4 382 273 32 349
4 23 24 466 124
4 123 466 24 124
4 40 39 103 84
4 658 75 520 244
4 470 341 334 705
4 544 248 437 692
4 624 610 611 201
4 512 410 564 686
4 580 577 259 589
4 520 74 75 658
4 2 23 467 124
4 219 215 202 623
4 104 39 38 83
4 38 106 105 82
4 610 614 625 201
4 118 225 69 602
4 22 35 230 193
4 35 5 230 108
4 115 643 636 294
4 438 412 251 706
4 611 628 624 214
4 225 7 29 118
4 204 192 597 602
4 601 613 193 188
4 516 305 538 690
4 406 475 463 695
4 180 29 0 226
4 504 491 362 704
4 0 29 221 225
4 230 5 630 108
4 190 599 629 218
4 627 220 190 599
4 117 295 116 644
4 220 190 208 627
4 617 629 599 218
4 605 196 220 629
4 255 7 53 227
4 556 79 657 432
4 190 20 208 627
4 617 599 67 218
4 408 379 2 468
4 24 25 289 123
4 299 300 115 294
4 233 69 19 221
4 630 66 22 232
4 192 204 208 602
4 601 613 617 193
4 108 36 80 107
4 143 145 360 435
4 128 304 301 129
4 154 148 361 388
4 72 52 517 228
4 79 78 657 432
4 25 26 288 122
4 148 154 360 388
4 657 73 8 549
4 273 31 459 382
4 629 605 196 194
4 196 220 603 605
4 191 600 610 201
4 29 221 225 118
4 230 630 35 108
4 144 274 281 143
4 602 204 208 603
4 194 617 613 193
4 228 517 72 637
4 120 446 638 631
4 301 304 128 298
4 412 438 537 706
4 467 11 2 124
4 218 629 190 194
4 599 627 220 603
4 192 29 119 118
4 106 38 37 82
4 36 35 601 108
4 585 103 104 242
4 388 133 154 163
4 516 538 398 690
4 8 657 101 556
4 475 423 463 695
4 617 629 218 194
4 627 208 220 603
4 162 143 360 435
4 84 104 103 242
4 478 449 462 587
4 361 148 286 360
4 350 401 516 707
4 299 115 636 294
4 613 194 193 188
4 602 597 204 603
4 233 208 20 627
4 67 617 218 232
4 630 66 5 230
4 221 19 0 225
4 226 29 0 240
4 488 158 450 451
4 35 5 1 230
4 604 204 597 603
4 195 194 613 188
4 507 580 259 589
4 360 361 148 388
4 220 603 605 629
4 629 196 220 194
4 117 116 295 471
4 446 120 404 631
4 587 462 478 535
4 627 69 221 602
4 218 22 630 193
4 81 36 106 107
4 583 114 328 575
4 27 28 403 120
4 526 2 30 408
4 163 388 133 453
4 374 467 124 501
4 360 145 281 435
4 290 289 288 122
4 162 165 143 435
4 328 115 583 576
4 147 285 281 145
4 597 192 119 602
4 193 36 601 188
4 557 526 366 697
4 267 155 33 265
4 446 638 631 521
4 104 84 83 242
4 9 41 102 86
4 147 146 285 145
4 155 268 184 266
4 123 289 466 374
4 276 274 281 144
4 294 647 293 292
4 143 274 281 435
4 237 9 442 86
4 124 123 466 374
4 104 105 572 242
4 415 416 634 241
4 295 297 117 471
4 29 28 240 139
4 281 286 147 145
4 274 276 275 144
4 116 299 295 471
4 509 84 103 242
4 120 353 27 121
4 179 253 447 453
4 295 299 636 294
4 459 458 31 273
4 228 51 517 637
4 276 285 452 146
4 290 291 289 645
4 275 276 277 156
4 272 274 141 269
4 233 20 68 627
4 218 21 67 232
4 644 293 650 296
4 429 546 382 709
4 636 295 294 293
4 633 439 291 374
4 439 291 293 633
4 114 300 328 348
4 264 177 266 265
4 446 290 632 329
4 294 300 643 485
4 226 180 29 240
4 71 51 228 637
4 281 286 285 147
4 644 295 293 296
4 239 85 41 264
4 516 401 555 707
4 165 268 434 454
4 467 23 280 466
4 291 289 123 374
4 360 434 162 435
4 631 404 446 521
4 84 103 85 509
4 329 290 632 292
4 290 291 645 292
4 115 300 299 328
4 466 467 124 374
4 298 128 301 296
4 103 585 509 242
4 276 452 277 156
4 281 286 145 360
4 577 508 580 259
4 162 434 360 388
4 179 447 132 453
4 466 467 23 124
4 392 361 151 460
4 634 641 112 376
4 122 290 289 645
4 446 290 288 121
4 208 204 220 603
4 629 617 613 194
4 120 28 403 119
4 26 27 353 121
4 31 380 458 459
4 149 383 536 460
4 268 155 267 266
4 29 7 0 519
4 434 268 165 435
4 81 36 37 106
4 40 39 447 132
4 435 141 274 269
4 286 383 285 147
4 591 9 442 109
4 392 151 361 391
4 647 294 485 292
4 136 270 269 267
4 361 151 154 391
4 637 517 649 417
4 184 142 268 155
4 281 285 276 146
4 83 84 39 447
4 297 295 117 644
4 176 283 287 282
4 647 642 632 292
4 435 143 141 269
4 259 507 589 528
4 652 10 297 128
4 105 104 83 242
4 283 25 24 131
4 266 268 184 454
4 260 450 158 451
4 521 638 639 329
4 518 392 169 461
4 14 57 58 243
4 84 85 40 239
4 114 351 328 575
4 458 140 272 275
4 106 81 256 82
4 389 469 452 164
4 605 629 613 194
4 196 220 204 603
4 166 239 264 266
4 263 3 264 177
4 24 25 283 289
4 24 283 131 279
4 274 143 141 435
4 361 286 149 460
4 297 295 644 296
4 574 493 112 581
4 447 132 453 454
4 112 511 493 574
4 287 469 176 282
4 172 518 392 169
4 242 83 105 448
4 41 9 3 86
4 29 240 403 519
4 25 287 283 288
4 29 192 221 118
4 329 642 485 292
4 35 630 601 108
4 286 383 149 460
4 0 54 226 240
4 165 162 434 435
4 156 153 276 144
4 458 138 140 153
4 645 291 650 292
4 143 281 144 145
4 297 652 298 296
4 466 24 283 289
4 297 652 128 298
4 471 297 117 524
4 34 3 263 177
4 587 478 576 535
4 488 133 388 453
4 142 141 143 269
4 485 375 635 479
4 328 351 114 348
4 137 531 260 451
4 242 105 572 448
4 282 277 131 279
4 347 584 116 576
4 169 392 151 460
4 448 83 105 82
4 280 167 278 279
4 517 534 649 417
4 270 269 272 136
4 256 448 106 82
4 290 122 121 632
4 632 290 645 292
4 278 380 178 280
4 329 632 642 292
4 40 84 239 447
4 282 131 283 279
4 146 281 285 145
4 287 25 26 288
4 521 446 638 329
4 447 239 40 132
4 560 4 80 108
4 130 26 27 369
4 61 17 60 254
4 388 361 154 391
4 272 140 458 273
4 253 83 38 447
4 649 637 417 640
4 644 652 297 296
4 642 485 479 329
4 253 38 83 82
4 128 10 297 298
4 348 351 114 575
4 392 169 461 460
4 646 644 650 296
4 294 643 647 485
4 632 638 446 329
4 592 584 117 471
4 130 287 26 369
4 267 33 497 265
4 155 142 268 267
4 48 65 47 247
4 143 165 142 435
4 272 140 270 136
4 446 290 121 632
4 583 328 351 575
4 243 58 14 170
4 351 583 575 582
4 84 40 39 447
4 148 145 286 360
4 635 114 113 375
4 5 4 560 108
4 361 286 148 149
4 269 268 142 267
4 275 458 140 153
4 165 434 163 454
4 138 458 278 275
4 208 627 602 603
4 194 218 617 193
4 86 237 9 87
4 240 28 29 403
4 374 651 439 501
4 642 639 638 329
4 347 116 115 576
4 296 293 646 439
4 278 380 458 138
4 58 15 14 170
4 647 650 636 294
4 16 59 60 518
4 155 267 266 265
4 281 146 144 145
4 567 398 538 690
4 442 85 102 509
4 153 274 275 144
4 163 132 165 454
4 500 551 523 139
4 35 4 5 108
4 434 388 163 453
4 28 27 369 160
4 275 278 138 153
4 403 28 29 519
4 469 157 452 164
4 148 154 162 360
4 519 403 28 552
4 277 278 275 182
4 288 353 446 121
4 115 328 347 576
4 272 274 275 153
4 151 174 154 391
4 466 167 280 279
4 403 353 27 120
4 647 632 645 292
4 266 166 239 454
4 35 80 4 108
4 375 300 114 348
4 118 29 119 552
4 278 138 153 182
4 145 143 281 435
4 149 169 151 460
4 277 278 182 279
4 651 301 439 501
4 572 449 242 448
4 466 283 24 279
4 270 140 32 136
4 435 268 142 269
4 164 285 383 147
4 39 38 83 447
4 453 163 434 454
4 52 255 654 517
4 575 493 351 581
4 647 650 294 293
4 272 274 153 141
4 479 521 639 329
4 132 447 239 454
4 650 647 645 292
4 153 275 276 144
4 636 116 299 295
4 403 353 120 404
4 493 348 113 575
4 259 508 580 507
4 109 442 591 443
4 122 288 290 121
4 575 351 540 579
4 485 635 642 479
4 634 415 241 640
4 60 183 518 254
4 146 276 281 144
4 138 458 275 153
4 146 452 276 156
4 270 33 497 267
4 153 275 278 182
4 295 650 636 644
4 68 69 233 627
4 22 21 218 232
4 375 114 113 348
4 293 650 291 292
4 286 383 147 149
4 272 140 32 270
4 469 499 173 389
4 168 159 172 548
4 638 446 121 632
4 137 531 451 168
4 477 301 304 129
4 285 383 389 164
4 273 272 32 270
4 39 38 447 179
4 471 584 116 347
4 114 635 300 375
4 241 517 637 417
4 417 241 415 640
4 131 283 25 282
4 113 376 348 493
4 392 185 151 391
4 390 173 499 389
4 635 300 375 485
4 448 578 506 256
4 452 277 157 282
4 376 112 511 493
4 458 380 31 138
4 53 54 7 519
4 54 0 7 519
4 33 270 136 267
4 227 52 255 654
4 114 635 643 300
4 291 123 633 374
4 285 389 452 164
4 389 173 469 164
4 351 494 575 581
4 583 347 328 576
4 276 275 153 156
4 469 157 164 130
4 81 80 36 107
4 103 573 102 509
4 145 286 147 148
4 38 253 447 179
4 140 272 141 136
4 553 48 247 593
4 300 635 643 485
4 496 297 10 298
4 493 511 554 574
4 57 13 56 530
4 478 347 576 535
4 404 353 120 446
4 296 646 301 439
4 157 469 452 282
4 269 141 272 136
4 155 34 33 265
4 103 102 85 509
4 86 41 85 264
4 143 144 274 141
4 26 353 287 288
4 25 176 131 282
4 268 142 165 435
4 260 158 137 451
4 435 142 143 269
4 646 650 293 296
4 375 641 635 479
4 639 642 635 479
4 291 650 293 633
4 291 123 645 633
4 123 289 291 645
4 494 507 506 579
4 119 403 120 404
4 118 119 192 602
4 35 36 601 193
4 80 81 528 107
4 32 140 272 273
4 523 551 240 139
4 163 179 132 453
4 636 116 295 644
4 417 637 241 640
4 646 301 128 296
4 159 137 451 168
4 641 639 635 479
4 270 33 32 349
4 31 458 140 273
4 131 157 277 282
4 488 253 133 453
4 117 592 471 524
4 299 116 115 347
4 488 174 158 451
4 10 297 496 524
4 255 118 7 227
4 183 16 60 518
4 220 190 629 194
4 603 220 599 629
4 351 348 493 575
4 1 4 5 35
4 227 255 118 654
4 257 77 78 656
4 444 442 573 509
4 172 518 169 134
4 649 255 534 517
4 157 277 156 131
4 493 113 112 581
4 494 351 493 581
4 164 173 469 130
4 270 32 273 349
4 634 641 376 415
4 113 493 575 581
4 506 582 579 578
4 116 115 636 299
4 471 592 584 524
4 155 33 136 267
4 108 80 528 107
4 388 154 133 488
4 443 442 591 444
4 369 353 27 403
4 46 63 45 259
4 289 123 122 645
4 499 469 130 369
4 468 11 467 501
4 360 154 162 388
4 23 167 280 466
4 122 290 645 632
4 155 136 142 267
4 416 634 112 376
4 221 192 208 602
4 617 630 601 193
4 383 536 152 149
4 109 9 442 237
4 17 61 18 168
4 328 299 115 347
4 85 41 40 239
4 582 540 506 579
4 642 647 643 485
4 415 639 479 640
4 50 51 71 241
4 469 157 176 282
4 578 506 449 448
4 14 57 243 135
4 145 148 162 360
4 241 51 71 637
4 349 270 33 497
4 264 86 3 263
4 295 636 650 293
4 148 286 147 149
4 469 287 130 369
4 106 578 448 256
4 633 651 439 374
4 506 449 540 582
4 51 241 517 637
4 642 647 485 292
4 63 46 64 577
4 580 507 579 571
4 38 37 253 133
4 639 631 638 521
4 2 23 408 467
4 582 575 540 579
4 149 536 152 460
4 375 113 376 348
4 573 442 102 509
4 35 36 80 108
4 443 586 445 444
4 453 132 163 454
4 524 110 568 378
4 13 57 14 135
4 114 643 115 300
4 102 85 442 86
4 72 52 654 517
4 650 295 293 644
4 116 299 471 347
4 579 507 506 571
4 162 434 388 163
4 23 280 408 467
4 574 554 493 581
4 168 531 451 254
4 149 151 361 460
4 237 442 109 443
4 521 631 534 417
4 374 124 651 501
4 451 488 174 391
4 289 466 24 123
4 416 653 634 241
4 351 494 540 579
4 10 110 524 378
4 164 452 285 146
4 37 81 106 82
4 134 518 169 461
4 113 112 641 376
4 582 506 449 578
4 572 585 104 242
4 265 263 34 522
4 524 584 471 565
4 519 29 118 552
4 166 132 239 454
4 647 636 643 294
4 256 81 106 107
4 136 269 142 267
4 129 477 301 501
4 348 114 113 575
4 583 351 478 582
4 192 221 118 602
4 601 630 35 193
4 572 582 449 578
4 300 115 114 328
4 105 106 448 82
4 266 184 166 454
4 369 130 499 160
4 639 642 479 329
4 376 113 112 493
4 134 169 152 461
4 479 417 415 640
4 380 178 280 408
4 584 471 565 347
4 450 81 37 82
4 240 28 523 139
4 264 41 239 166
4 517 654 72 637
4 70 50 71 648
4 524 592 584 565
4 378 110 568 533
4 24 167 466 279
4 283 287 25 176
4 641 639 415 640
4 227 118 7 654
4 572 462 587 585
4 179 133 253 453
4 106 578 105 448
4 157 452 146 156
4 369 523 28 160
4 590 587 576 535
4 534 404 631 521
4 247 511 553 593
4 462 444 573 509
4 574 580 554 581
4 376 641 113 375
4 560 589 594 108
4 586 445 444 535
4 571 506 579 578
4 115 114 328 583
4 390 161 173 150
4 347 328 478 583
4 161 390 175 150
4 31 30 380 459
4 254 168 172 548
4 148 151 361 149
4 30 31 380 138
4 328 351 478 583
4 519 29 7 118
4 39 104 84 83
4 61 62 18 531
4 176 25 283 282
4 551 500 171 139
4 36 80 81 260
4 648 50 71 241
4 652 128 298 296
4 167 23 24 466
4 103 585 573 509
4 31 458 138 140
4 103 85 40 84
4 157 469 176 130
4 241 71 648 637
4 467 11 124 501
4 294 650 636 293
4 81 256 528 107
4 585 462 573 509
4 580 494 554 581
4 157 277 452 156
4 83 38 105 82
4 11 477 129 501
4 638 632 642 329
4 654 255 649 517
4 182 275 277 156
4 589 594 259 560
4 494 580 507 579
4 134 152 170 461
4 57 13 530 135
4 653 416 569 241
4 641 635 113 375
4 449 587 582 572
4 552 255 534 649
4 240 29 54 519
4 494 351 575 579
4 170 243 58 566
4 651 633 124 374
4 226 55 180 240
4 524 496 10 378
4 653 111 6 553
4 87 3 86 263
4 253 450 37 82
4 415 641 375 479
4 540 478 351 582
4 444 573 586 590
4 124 633 123 374
4 494 506 540 579
4 70 50 648 653
4 132 166 184 454
4 105 578 572 448
4 117 652 297 644
4 116 117 584 471
4 76 75 658 244
4 637 648 241 640
4 383 390 389 150
4 34 497 265 522
4 571 507 506 256
4 642 643 635 485
4 54 29 0 519
4 17 61 168 254
4 14 243 170 135
4 112 111 511 574
4 41 85 102 86
4 148 151 154 361
4 478 347 583 576
4 140 32 31 273
4 648 634 241 640
4 6 65 48 593
4 509 585 462 242
4 392 518 172 548
4 376 112 416 511
4 156 276 146 144
4 275 140 272 153
4 578 449 572 448
4 158 133 174 488
4 388 154 162 163
4 376 416 634 415
4 58 15 170 566
4 106 571 256 107
4 62 4 1 558
4 653 6 70 569
4 27 130 369 160
4 577 542 508 259
4 170 243 566 461
4 247 65 47 588
4 153 140 272 141
4 585 572 462 242
4 176 469 287 130
4 133 179 163 453
4 278 138 182 167
4 63 45 259 594
4 165 184 268 454
4 648 634 653 241
4 243 57 530 135
4 477 11 468 501
4 37 450 253 133
4 579 575 494 581
4 109 568 110 533
4 288 26 353 121
4 647 650 293 292
4 590 586 444 535
4 297 10 117 524
4 569 653 6 553
4 390 173 389 150
4 120 446 121 638
4 353 120 446 121
4 592 110 568 524
4 152 243 170 461
4 256 571 507 528
4 177 155 266 265
4 285 164 146 147
4 239 41 40 166
4 27 28 369 403
4 375 376 641 415
4 54 0 29 240
4 106 571 578 256
4 154 174 133 488
4 445 584 565 535
4 37 38 253 82
4 576 583 478 587
4 36 158 137 260
4 270 32 33 136
4 278 380 138 178
4 86 9 3 87
4 184 166 155 266
4 540 449 478 582
4 450 253 133 488
4 391 392 185 548
4 531 18 61 168
4 183 60 17 254
4 176 287 26 130
4 64 46 47 542
4 220 190 599 629
4 64 47 65 588
4 254 172 518 548
4 528 256 571 107
4 497 33 34 265
4 507 508 580 494
4 587 478 449 582
4 131 167 24 279
4 132 239 40 166
4 451 174 158 159
4 144 153 274 141
4 560 528 589 108
4 221 69 19 225
4 630 22 66 230
4 247 47 542 588
4 450 36 81 260
4 450 37 158 133
4 70 50 653 569
4 10 110 592 524
4 528 589 259 560
4 240 523 28 403
4 383 536 390 150
4 587 449 462 572
4 150 383 152 149
4 48 65 247 593
4 568 445 592 524
4 243 152 536 461
4 650 291 645 633
4 182 153 275 156
4 565 584 347 576
4 6 49 70 569
4 150 164 383 147
4 5 4 45 560
4 287 26 25 176
4 264 3 41 177
4 572 449 462 242
4 570 152 243 175
4 59 16 15 134
4 61 531 168 254
4 552 404 119 534
4 574 508 580 588
4 577 580 508 588
4 132 39 447 179
4 575 540 351 582
4 131 176 157 282
4 4 80 35 558
4 167 182 278 279
4 147 383 150 149
4 467 408 2 468
4 542 64 46 577
4 631 119 534 649
4 178 167 278 280
4 594 45 259 560
4 531 181 18 168
4 590 462 573 585
4 35 1 4 558
4 157 452 164 146
4 646 301 439 651
4 499 523 369 160
4 534 404 119 631
4 161 500 523 139
4 108 528 589 107
4 578 571 506 256
4 467 2 11 468
4 180 12 55 226
4 264 177 166 266
4 553 6 48 593
4 72 52 227 654
4 634 112 111 416
4 528 571 589 107
4 534 119 552 649
4 565 584 576 535
4 499 161 500 523
4 173 499 130 160
4 570 390 536 175
4 171 530 13 135
4 494 580 579 581
4 434 162 165 163
4 86 3 41 264
4 170 243 152 175
4 6 49 569 553
4 493 554 494 581
4 507 580 589 571
4 269 142 141 136
4 500 161 171 139
4 253 38 133 179
4 124 11 651 501
4 573 444 462 590
4 175 390 536 150
4 167 278 138 178
4 158 137 451 159
4 240 551 180 139
4 524 445 592 565
4 508 554 247 574
4 16 59 518 134
4 560 594 5 108
4 415 634 641 640
4 652 297 10 117
4 53 519 118 255
4 28 523 369 403
4 173 499 469 130
4 152 243 536 570
4 592 117 10 524
4 461 169 152 460
4 128 652 646 296
4 102 9 442 591
4 591 586 443 444
4 593 511 111 574
4 570 536 152 175
4 174 151 185 391
4 80 528 560 108
4 119 28 403 552
4 574 247 508 588
4 462 587 590 535
4 646 128 301 129
4 639 641 415 479
4 158 36 450 260
4 494 508 580 554
4 178 380 30 408
4 571 589 507 528
4 45 63 5 594
4 102 442 9 86
4 586 109 568 110
4 657 8 79 556
4 587 583 478 582
4 247 511 593 574
4 508 542 577 588
4 133 158 450 488
4 168 183 17 254
4 518 183 172 254
4 131 277 182 279
4 566 518 134 461
4 118 7 53 255
4 63 46 577 259
4 155 166 177 266
4 461 152 536 460
4 533 237 109 443
4 62 1 18 181
4 49 6 48 553
4 181 18 62 531
4 112 111 416 511
4 134 170 15 566
4 517 649 654 637
4 149 152 169 460
4 171 161 500 135
4 134 15 59 566
4 442 573 591 444
4 50 70 49 569
4 573 102 442 591
4 1 62 558 181
4 542 508 247 588
4 152 536 383 150
4 392 151 185 169
4 404 119 403 552
4 65 247 593 588
4 135 500 570 175
4 518 183 16 134
4 164 383 389 150
4 511 247 554 574
4 120 119 404 631
4 577 542 64 588
4 30 380 459 526
4 551 171 180 139
4 553 111 6 593
4 15 58 59 566
4 590 576 584 535
4 174 185 159 391
4 164 389 173 150
4 651 129 301 501
4 159 451 174 391
4 185 159 391 548
4 37 36 81 450
4 554 508 580 574
4 168 172 183 254
4 59 518 134 566
4 229 56 13 551
4 576 347 565 535
4 594 5 45 560
4 111 416 511 553
4 392 172 185 548
4 181 137 531 260
4 185 172 392 169
4 47 64 542 588
4 139 523 161 160
4 178 30 2 408
4 651 11 129 501
4 139 28 523 160
4 184 165 132 454
4 590 587 462 585
4 259 577 63 594
4 161 500 135 175
4 60 17 16 183
4 523 499 161 160
4 181 62 558 531
4 444 462 590 535
4 161 500 390 499
4 171 229 13 551
4 445 584 592 565
4 36 37 158 450
4 173 161 390 499
4 180 55 551 240
4 255 552 118 649
4 519 7 53 118
4 41 264 177 166
4 570 530 500 135
4 182 167 131 279
4 159 185 172 548
4 80 36 35 260
4 566 134 170 461
4 391 159 451 548
4 30 380 526 408
4 586 445 584 592
4 553 511 111 593
4 586 591 573 444
4 500 390 570 175
4 46 542 577 259
4 586 568 109 443
4 586 445 568 443
4 531 558 181 260
4 171 12 229 551
4 155 177 34 265
4 634 111 653 416
4 652 644 646 296
4 651 439 646 633
4 109 568 533 443
4 119 118 552 649
4 301 646 129 651
4 165 184 142 268
4 570 243 530 135
4 137 181 35 260
4 12 55 229 551
4 531 137 181 168
4 530 500 171 551
4 552 118 519 255
4 138 380 30 178
4 499 173 161 160
4 12 55 551 180
4 137 35 36 260
4 172 183 518 134
4 35 1 558 181
4 500 530 171 135
4 156 277 182 131
4 536 152 175 150
4 240 180 29 139
4 586 109 591 443
4 181 558 35 260
4 23 167 178 280
4 654 255 118 649
4 551 171 12 180
4 558 80 35 260
4 390 500 161 175
4 574 593 247 588
4 259 577 594 589
4 678 323 322 326
4 678 322 323 672
4 670 468 477 11
4 670 477 468 525
4 691 492 368 344
4 691 368 492 665
4 701 413 561 456
4 701 561 413 675
4 685 336 372 672
4 685 372 336 337
4 370 705 357 358
4 357 705 370 666
4 689 372 384 381
4 689 384 372 680
4 698 350 338 681
4 698 338 350 346
4 699 708 705 421
4 705 708 699 665
4 684 685 400 495
4 400 685 684 669
4 400 547 684 495
4 684 547 400 669
4 533 702 237 407
4 237 702 533 109
4 665 708 333 332
4 665 333 708 679
4 331 333 708 332
4 331 708 333 679
4 700 345 311 505
4 700 311 345 676
4 687 472 402 317
4 687 402 472 674
4 689 336 372 381
4 689 372 336 672
4 707 250 441 555
4 707 441 250 684
4 704 249 94 440
4 704 94 249 677
4 386 705 370 358
4 370 705 386 699
4 688 419 690 305
4 688 690 419 673
4 695 563 515 671
4 695 515 563 405
4 693 306 387 310
4 693 387 306 688
4 316 701 325 483
4 325 701 316 700
4 431 397 668 543
4 431 668 397 371
4 209 606 196 604
4 209 196 606 197
4 197 618 605 606
4 605 618 197 195
4 626 42 11 216
4 626 11 42 127
4 187 103 205 40
4 187 205 103 598
4 187 620 619 213
4 187 619 620 598
4 622 189 623 596
4 622 623 189 211
4 212 104 187 39
4 212 187 104 619
4 616 26 621 121
4 616 621 26 186
4 596 24 615 123
4 596 615 24 189
4 207 105 212 38
4 207 212 105 595
4 608 197 609 199
4 609 197 608 606
4 621 25 596 122
4 621 596 25 210
4 618 188 207 195
4 207 188 618 612
4 604 203 204 209
4 604 204 203 597
4 612 36 601 107
4 612 601 36 188
4 597 28 120 119
4 597 120 28 203
4 205 103 41 40
4 205 41 103 614
4 628 199 211 608
4 211 199 628 219
4 202 628 214 219
4 214 628 202 611
4 615 24 124 123
4 615 124 24 206
4 625 44 9 125
4 625 9 44 217
4 177 263 265 264
4 177 265 263 34
4 216 124 206 23
4 206 124 216 626
4 369 26 353 287
4 369 353 26 27
4 298 10 308 128
4 298 308 10 496
4 698 308 10 128
4 25 289 288 283
4 288 289 25 122
4 23 408 178 2
4 178 408 23 280
4 631 640 521 639
4 631 521 640 417
4 479 521 640 639
4 479 640 521 417
4 175 243 135 170
4 175 135 243 570
4 168 548 451 159
4 451 548 168 254
4 586 535 584 445
4 584 535 586 590
4 293 633 646 439
4 646 633 293 650
4 417 649 631 534
4 631 649 417 640
4 154 391 488 388
4 488 391 154 174
4 653 553 416 111
4 416 553 653 569
4 592 568 586 445
4 592 586 568 110
4 241 653 50 569
4 241 50 653 648
4 13 551 530 171
4 530 551 13 56
4 308 10 346 698
4 308 346 10 496

CELL_TYPES 3689
1
1
1
1
1
1
1
1
1
1
1
1
3
3
3
3
3
3
3
3
3
3
3
3
3
3
3
3
3
3
3
3
3
3
3
3
3
3
3
3
3
3
3
3
3
3
3
3
3
3
3
3
3
3
3
3
3
3
3
3
3
3
3
3
3
3
3
3
3
3
3
3
3
3
3
3
3
3
3
3
3
3
3
3
3
3
3
3
3
3
3
3
3
3
3
3
3
3
3
3
3
3
3
3
3
3
3
3
3
3
3
3
3
3
3
3
3
3
3
3
3
3
3
3
3
3
3
3
3
3
3
3
3
3
3
3
3
3
3
3
3
3
3
3
3
3
3
3
5
5
5
5
5
5
5
5
5
5
5
5
5
5
5
5
5
5
5
5
5
5
5
5
5
5
5
5
5
5
5
5
5
5
5
5
5
5
5
5
5
5
5
5
5
5
5
5
5
5
5
5
5
5
5
5
5
5
5
5
5
5
5
5
5
5
5
5
5
5
5
5
5
5
5
5
5
5
5
5
5
5
5
5
5
5
5
5
5
5
5
5
5
5
5
5
5
5
5
5
5
5
5
5
5
5
5
5
5
5
5
5
5
5
5
5
5
5
5
5
5
5
5
5
5
5
5
5
5
5
5
5
5
5
5
5
5
5
5
5
5
5
5
5
5
5
5
5
5
5
5
5
5
5
5
5
5
5
5
5
5
5
5
5
5
5
5
5
5
5
5
5
5
5
5
5
5
5
5
5
5
5
5
5
5
5
5
5
5
5
5
5
5
5
5
5
5
5
5
5
5
5
5
5
5
5
5
5
5
5
5
5
5
5
5
5
5
5
5
5
5
5
5
5
5
5
5
5
5
5
5
5
5
5
5
5
5
5
5
5
5
5
5
5
5
5
5
5
5
5
5
5
5
5
5
5
5
5
5
5
5
5
5
5
5
5
5
5
5
5
5
5
5
5
5
5
5
5
5
5
5
5
5
5
5
5
5
5
5
5
5
5
5
5
5
5
5
5
5
5
5
5
5
5
5
5
5
5
5
5
5
5
5
5
5
5
5
5
5
5
5
5
5
5
5
5
5
5
5
5
5
5
5
5
5
5
5
5
5
5
5
5
5
5
5
5
5
5
5
5
5
5
5
5
5
5
5
5
5
5
5
5
5
5
5
5
5
5
5
5
5
5
5
5
5
5
5
5
5
5
5
5
5
5
5
5
5
5
5
5
5
5
5
5
5
5
5
5
5
5
5
5
5
5
5
5
5
5
5
5
5
5
5
5
5
5
5
5
5
5
5
5
5
5
5
5
5
5
5
5
5
5
5
5
5
5
5
5
5
5
5
5
5
5
5
5
5
5
5
5
5
5
5
5
5
5
5
5
5
5
5
5
5
5
5
5
5
5
5
5
5
5
5
5
5
5
5
5
5
5
5
5
5
5
5
5
5
5
5
5
5
5
5
5
5
5
5
5
5
5
5
5
5
5
5
5
5
5
5
5
5
5
5
5
5
5
5
5
5
5
5
5
5
5
5
5
5
5
5
5
5
5
5
5
5
5
5
5
5
5
5
5
5
5
5
5
5
5
5
5
5
5
5
5
5
5
5
5
5
5
5
5
5
5
5
5
5
5
5
5
5
5
5
5
5
5
5
5
5
5
5
5
5
5
5
5
5
5
5
5
5
5
5
5
5
5
5
5
5
5
5
5
5
5
5
5
5
5
5
5
5
5
5
5
5
5
5
5
5
5
5
5
5
5
5
5
5
5
5
5
5
5
5
5
5
5
5
5
5
5
5
5
5
5
5
5
5
5
5
5
5
5
5
5
5
5
5
5
5
5
5
5
5
5
5
5
5
5
5
5
5
5
5
5
5
5
5
5
5
5
5
5
5
5
5
5
5
5
5
5
5
5
5
5
5
5
5
5
5
5
5
5
5
5
5
5
5
5
5
5
5
5
5
5
5
5
5
5
5
5
5
5
5
5
5
5
5
5
5
5
5
5
5
5
5
5
5
5
5
5
5
5
5
5
5
5
5
5
5
5
5
5
5
5
5
5
5
5
5
5
5
5
5
5
5
5
5
5
5
5
5
5
5
5
5
5
5
5
5
5
5
5
5
5
5
5
5
5
5
5
5
5
5
5
5
5
5
5
5
5
5
5
5
5
5
5
5
5
5
5
5
5
5
5
5
5
5
5
5
5
5
5
5
5
5
5
5
5
5
5
5
5
5
5
5
5
5
5
5
5
5
5
5
5
5
5
5
5
5
5
5
5
5
5
5
5
5
5
5
5
5
5
5
5
5
5
5
5
5
5
5
5
5
5
5
5
5
5
5
5
5
5
5
5
5
5
5
5
5
5
5
5
5
5
5
5
5
5
5
5
5
5
5
5
5
5
5
5
5
5
5
5
5
5
5
5
5
5
5
5
5
5
5
5
5
5
5
5
5
5
5
5
5
5
5
5
5
5
5
5
5
5
5
5
5
5
5
5
5
5
5
5
5
5
5
5
5
5
5
5
5
5
5
5
5
5
5
5
5
5
5
5
5
5
5
5
5
5
5
5
5
5
5
5
5
5
5
5
5
5
5
5
5
5
5
5
5
5
5
5
5
5
5
5
5
5
5
5
5
5
5
5
5
5
5
5
5
5
5
5
5
5
5
5
5
5
5
5
5
5
5
5
5
5
5
5
5
5
5
5
5
5
5
5
5
5
5
5
5
5
5
5
5
5
5
5
5
5
5
5
5
5
5
5
5
5
5
5
5
5
5
5
5
5
5
5
5
5
5
5
5
5
5
5
5
5
5
5
5
5
5
5
5
5
5
5
5
5
5
5
5
5
5
5
5
5
5
5
5
5
5
5
5
5
5
5
5
5
5
5
5
5
5
5
5
5
5
5
5
5
5
5
5
5
5
5
5
5
5
5
5
5
5
5
5
5
5
5
5
5
5
5
5
5
5
5
5
5
5
5
5
5
5
5
5
5
5
5
5
5
5
5
5
5
5
5
5
5
5
5
5
5
5
5
5
5
5
5
5
5
5
5
5
5
5
5
5
5
5
5
5
5
5
5
5
5
5
5
5
5
5
5
5
5
5
5
5
5
5
5
5
5
5
5
5
5
5
5
5
5
5
5
5
5
5
5
5
5
5
5
5
5
5
5
5
5
5
5
5
5
5
5
5
5
5
5
5
5
5
5
5
5
5
5
5
5
5
5
5
5
5
5
5
5
5
5
5
5
5
5
5
5
5
5
5
5
5
5
5
5
5
5
5
5
5
5
5
5
5
5
5
5
5
5
5
5
5
5
5
5
5
5
5
5
5
5
5
5
5
5
10
10
10
10
10
10
10
10
10
10
10
10
10
10
10
10
10
10
10
10
10
10
10
10
10
10
10
10
10
10
10
10
10
10
10
10
10
10
10
10
10
10
10
10
10
10
10
10
10
10
10
10
10
10
10
10
10
10
10
10
10
10
10
10
10
10
10
10
10
10
10
10
10
10
10
10
10
10
10
10
10
10
10
10
10
10
10
10
10
10
10
10
10
10
10
10
10
10
10
10
10
10
10
10
10
10
10
10
10
10
10
10
10
10
10
10
10
10
10
10
10
10
10
10
10
10
10
10
10
10
10
10
10
10
10
10
10
10
10
10
10
10
10
10
10
10
10
10
10
10
10
10
10
10
10
10
10
10
10
10
10
10
10
10
10
10
10
10
10
10
10
10
10
10
10
10
10
10
10
10
10
10
10
10
10
10
10
10
10
10
10
10
10
10
10
10
10
10
10
10
10
10
10
10
10
10
10
10
10
10
10
10
10
10
10
10
10
10
10
10
10
10
10
10
10
10
10
10
10
10
10
10
10
10
10
10
10
10
10
10
10
10
10
10
10
10
10
10
10
10
10
10
10
10
10
10
10
10
10
10
10
10
10
10
10
10
10
10
10
10
10
10
10
10
10
10
10
10
10
10
10
10
10
10
10
10
10
10
10
10
10
10
10
10
10
10
10
10
10
10
10
10
10
10
10
10
10
10
10
10
10
10
10
10
10
10
10
10
10
10
10
10
10
10
10
10
10
10
10
10
10
10
10
10
10
10
10
10
10
10
10
10
10
10
10
10
10
10
10
10
10
10
10
10
10
10
10
10
10
10
10
10
10
10
10
10
10
10
10
10
10
10
10
10
10
10
10
10
10
10
10
10
10
10
10
10
10
10
10
10
10
10
10
10
10
10
10
10
10
10
10
10
10
10
10
10
10
10
10
10
10
10
10
10
10
10
10
10
10
10
10
10
10
10
10
10
10
10
10
10
10
10
10
10
10
10
10
10
10
10
10
10
10
10
10
10
10
10
10
10
10
10
10
10
10
10
10
10
10
10
10
10
10
10
10
10
10
10
10
10
10
10
10
10
10
10
10
10
10
10
10
10
10
10
10
10
10
10
10
10
10
10
10
10
10
10
10
10
10
10
10
10
10
10
10
10
10
10
10
10
10
10
10
10
10
10
10
10
10
10
10
10
10
10
10
10
10
10
10
10
10
10
10
10
10
10
10
10
10
10
10
10
10
10
10
10
10
10
10
10
10
10
10
10
10
10
10
10
10
10
10
10
10
10
10
10
10
10
10
10
10
10
10
10
10
10
10
10
10
10
10
10
10
10
10
10
10
10
10
10
10
10
10
10
10
10
10
10
10
10
10
10
10
10
10
10
10
10
10
10
10
10
10
10
10
10
10
10
10
10
10
10
10
10
10
10
10
10
10
10
10
10
10
10
10
10
10
10
10
10
10
10
10
10
10
10
10
10
10
10
10
10
10
10
10
10
10
10
10
10
10
10
10
10
10
10
10
10
10
10
10
10
10
10
10
10
10
10
10
10
10
10
10
10
10
10
10
10
10
10
10
10
10
10
10
10
10
10
10
10
10
10
10
10
10
10
10
10
10
10
10
10
10
10
10
10
10
10
10
10
10
10
10
10
10
10
10
10
10
10
10
10
10
10
10
10
10
10
10
10
10
10
10
10
10
10
10
10
10
10
10
10
10
10
10
10
10
10
10
10
10
10
10
10
10
10
10
10
10
10
10
10
10
10
10
10
10
10
10
10
10
10
10
10
10
10
10
10
10
10
10
10
10
10
10
10
10
10
10
10
10
10
10
10
10
10
10
10
10
10
10
10
10
10
10
10
10
10
10
10
10
10
10
10
10
10
10
10
10
10
10
10
10
10
10
10
10
10
10
10
10
10
10
10
10
10
10
10
10
10
10
10
10
10
10
10
10
10
10
10
10
10
10
10
10
10
10
10
10
10
10
10
10
10
10
10
10
10
10
10
10
10
10
10
10
10
10
10
10
10
10
10
10
10
10
10
10
10
10
10
10
10
10
10
10
10
10
10
10
10
10
10
10
10
10
10
10
10
10
10
10
10
10
10
10
10
10
10
10
10
10
10
10
10
10
10
10
10
10
10
10
10
10
10
10
10
10
10
10
10
10
10
10
10
10
10
10
10
10
10
10
10
10
10
10
10
10
10
10
10
10
10
10
10
10
10
10
10
10
10
10
10
10
10
10
10
10
10
10
10
10
10
10
10
10
10
10
10
10
10
10
10
10
10
10
10
10
10
10
10
10
10
10
10
10
10
10
10
10
10
10
10
10
10
10
10
10
10
10
10
10
10
10
10
10
10
10
10
10
10
10
10
10
10
10
10
10
10
10
10
10
10
10
10
10
10
10
10
10
10
10
10
10
10
10
10
10
10
10
10
10
10
10
10
10
10
10
10
10
10
10
10
10
10
10
10
10
10
10
10
10
10
10
10
10
10
10
10
10
10
10
10
10
10
10
10
10
10
10
10
10
10
10
10
10
10
10
10
10
10
10
10
10
10
10
10
10
10
10
10
10
10
10
10
10
10
10
10
10
10
10
10
10
10
10
10
10
10
10
10
10
10
10
10
10
10
10
10
10
10
10
10
10
10
10
10
10
10
10
10
10
10
10
10
10
10
10
10
10
10
10
10
10
10
10
10
10
10
10
10
10
10
10
10
10
10
10
10
10
10
10
10
10
10
10
10
10
10
10
10
10
10
10
10
10
10
10
10
10
10
10
10
10
10
10
10
10
10
10
10
10
10
10
10
10
10
10
10
10
10
10
10
10
10
10
10
10
10
10
10
10
10
10
10
10
10
10
10
10
10
10
10
10
10
10
10
10
10
10
10
10
10
10
10
10
10
10
10
10
10
10
10
10
10
10
10
10
10
10
10
10
10
10
10
10
10
10
10
10
10
10
10
10
10
10
10
10
10
10
10
10
10
10
10
10
10
10
10
10
10
10
10
10
10
10
10
10
10
10
10
10
10
10
10
10
10
10
10
10
10
10
10
10
10
10
10
10
10
10
10
10
10
10
10
10
10
10
10
10
10
10
10
10
10
10
10
10
10
10
10
10
10
10
10
10
10
10
10
10
10
10
10
10
10
10
10
10
10
10
10
10
10
10
10
10
10
10
10
10
10
10
10
10
10
10
10
10
10
10
10
10
10
10
10
10
10
10
10
10
10
10
10
10
10
10
10
10
10
10
10
10
10
10
10
10
10
10
10
10
10
10
10
10
10
10
10
10
10
10
10
10
10
10
10
10
10
10
10
10
10
10
10
10
10
10
10
10
10
10
10
10
10
10
10
10
10
10
10
10
10
10
10
10
10
10
10
10
10
10
10
10
10
10
10
10
10
10
10
10
10
10
10
10
10
10
10
10
10
10
10
10
10
10
10
10
10
10
10
10
10
10
10
10
10
10
10
10
10
10
10
10
10
10
10
10
10
10
10
10
10
10
10
10
10
10
10
10
10
10
10
10
10
10
10
10
10
10
10
10
10
10
10
10
10
10
10
10
10
10
10
10
10
10
10
10
10
10
10
10
10
10
10
10
10
10
10
10
10
10
10
10
10
10
10
10
10
10
10
10
10
10
10
10
10
10
10
10
10
10
10
10
10
10
10
10
10
10
10
10
10
10
10
10
10
10
10
10
10
10
10
10
10
10
10
10
10
10
10
10
10
10
10
10
10
10
10
10
10
10
10
10
10
10
10
10
10
10
10
10
10
10
10
10
10
10
10
10
10
10
10
10
10
10
10
10
10
10
10
10
10
10
10
10
10
10
10
10
10
10
10
10
10
10
10
10
10
10
10
10
10
10
10
10
10
10
10
10
10
10
10
10
10
10
10
10
10
10
10
10
10
10
10
10
10
10
10
10
10
10
10
10
10
10
10
10
10
10
10
10
10
10
10
10
10
10
10
10
10
10
10
10
10
10
10
10
10
10
10
10
10
10
10
10
10
10
10
10
10
10
10
10
10
10
10
10
10
10
10
10
10
10
10
10
10
10
10
10
10
10
10
10
10
10
10
10
10
10
10
10
10
10
10
10
10
10
10
10
10
10
10
10
10
10
10
10
10
10
10
10
10
10
10
10
10
10
10
10
10
10
10
10
10
10
10
10
10
10
10
10
10
10
10
10
10
10
10
10
10
10
10
10
10
10
10
10
10
10
10
10
10
10
10
10
10
10
10
10
10
10
10
10
10
10
10
10
10
10
10
10
10
10
10
10
10
10
10
10
10
10
10
10
10
10
10
10
10
10
10
10
10
10
10
10
10
10
10
10
10
10
10
10
10
10
10
10
10
10
10
10
10
10
10
10
10
10
10
10
10
10
10
10
10
10
10
10
10
10
10
10
10
10
10
10
10
10
10
10
10
10
10
10
10
10
10
10
10
10
10
10
10
10
10
10
10
10
10
10
10
10
10
10
10
10
10
10
10
10
10
10
10
10
10
10
10
10
10
10
10
10
10
10
10
10
10
10
10
10
10
10
10
10
10
10
10
10
10
10
10
10
10
10
10
10
10
10
10
10
10
10
10
10
10
10
10
10
10
10
10
10
10
10
10
10
10
10
10
10
10
10
10
10
10
10
10
10
10
10
10
10
10
10
10
10
10
10
10
10
10
10
10
10
10
10
10
10
10
10
10
10
10
10
10
10
10
10
10
10
10
10
10
10
10
10
10
10
10
10
10
10
10
10
10
10
10
10
10
10
10
10
10
10
10
10
10
10
10
10
10
10
10
10
10
10
10
10
10
10
10
10
10
10
10
10
10
10
10
10
10
10
10
10
10
10
10
10
10
10
10
10
10
10
10
10
10
10
10
10
10
10
10
10
10
10
10
10
10
10
10
10
10
10
10
10
10
10
10
10
10
10
10
10
10
10
10
10
10
10
10
10
10
10
10
10
10
10
10
10
10
10
10
10
10
10
10
10
10
10
10
10
10
10
10
10
10
10
10
10
10
10
10
10
10
10
10
10
10
10
10
10
10
10
