# vtk DataFile Version 2.0
whisker_body, Created by Gmsh 4.13.1 
ASCII
DATASET UNSTRUCTURED_GRID
POINTS 735 double
-9.886859966642536 -1.500000000000193 0
9.88685996664254 -1.500000000000187 0
-7.490229548994256 -1.499999999999933 30
7.490229548994257 -1.499999999999932 30
12 0 0
9.886859966642614 1.499999999999935 0
0 10 0
-9.886859966642614 1.499999999999936 0
4.12982931753815 0 100
7.490229548994232 1.499999999999993 30
0 7.638948795261445 30
-7.49022954899423 1.499999999999996 30
-8.748717852015751 -4.8435458030064 0
-6.519202405202561 -7.582875444051627 0
-3.476438231831796 -9.376266699505631 0
3.430248998885766e-14 -10 0
3.476438231831848 -9.376266699505612 0
6.519202405202592 -7.582875444051599 0
8.74871785201576 -4.843545803006382 0
-5.932115979985521 -1.5 0
-1.977371993328505 -1.5 0
1.977371993328511 -1.5 0
5.932115979985525 -1.5 0
-7.790989000869896 -1.5 26.25009524161821
-8.091336173302759 -1.5 22.50015627954841
-8.391315244266307 -1.5 18.75018781495277
-8.690964212695608 -1.5 15.00019428133869
-8.990316241741947 -1.5 11.25017615943213
-9.289399974574136 -1.5 7.500136560587634
-9.588240498625051 -1.5 3.750077686521152
-6.056362762887166 -4.655535284039851 30
-3.375658679969948 -6.852624838189366 30
-9.355014190967458e-16 -7.638948795261445 30
3.375658679969946 -6.852624838189367 30
6.056362762887167 -4.65553528403985 30
9.588240498625051 -1.5 3.750077686521152
9.289399974574136 -1.5 7.500136560587634
8.990316241741946 -1.5 11.25017615943219
8.690964212695604 -1.5 15.00019428133875
8.391315244266307 -1.5 18.75018781495277
8.091336173302759 -1.5 22.50015627954841
7.790989000869896 -1.5 26.25009524161821
-3.745114774497127 -1.5 30
0 -1.5 30
3.745114774497129 -1.5 30
11.34980690040761 3.896393630456207 0
9.469686112756717 7.370552552276022 0
6.563377897469113 10.04599773915035 0
2.945825845689581 11.63280319127197 0
-0.9909521456679979 11.95901391608004 0
-4.820345095835646 10.98927991986068 0
-8.127378859508902 8.82868692807757 0
-10.55368501447787 5.71136871644487 0
-11.83633564083267 1.975135083368787 0
-11.83633564083267 -1.975135083368821 0
-10.55368501447786 -5.711368716444897 0
-8.12737885950888 -8.828686928077589 0
-4.820345095835619 -10.9892799198607 0
-0.9909521456679715 -11.95901391608004 0
2.945825845689616 -11.63280319127196 0
6.563377897469155 -10.04599773915032 0
9.469686112756747 -7.370552552275983 0
11.34980690040762 -3.896393630456205 0
8.748717852015853 4.843545803006216 0
6.519202405202677 7.582875444051527 0
3.47643823183188 9.376266699505599 0
5.932115979985569 1.5 0
1.977371993328523 1.5 0
-1.977371993328521 1.5 0
-5.932115979985568 1.5 0
-3.476438231831882 9.376266699505599 0
-6.519202405202678 7.582875444051524 0
-8.748717852015854 4.843545803006212 0
2.574906462902252 3.228830577670782 100
-0.9189734768187546 4.026285874214754 100
-3.720847644852559 1.791865786210781 100
-3.720847644852582 -1.791865786210735 100
-0.9189734768187868 -4.026285874214746 100
2.574906462902235 -3.228830577670795 100
11.69730112759762 0 3.846153846153846
11.39460225519524 0 7.692307692307693
11.09190338279286 0 11.53846153846154
10.78920451039049 0 15.38461538461539
10.48650563798811 0 19.23076923076923
10.18380676558573 0 23.07692307692308
9.881107893183348 0 26.92307692307692
9.578409020780969 0 30.76923076923077
9.27571014837859 0 34.61538461538461
8.973011275976212 0 38.46153846153846
8.670312403573833 0 42.30769230769231
8.367613531171454 0 46.15384615384615
8.064914658769075 0 50
7.762215786366696 0 53.84615384615385
7.459516913964317 0 57.69230769230769
7.156818041561938 0 61.53846153846154
6.85411916915956 0 65.38461538461539
6.551420296757181 0 69.23076923076923
6.248721424354802 0 73.07692307692308
5.946022551952423 0 76.92307692307692
5.643323679550044 0 80.76923076923077
5.340624807147665 0 84.61538461538461
5.037925934745286 0 88.46153846153847
4.735227062342908 0 92.30769230769231
4.432528189940529 0 96.15384615384616
7.790989000869896 1.5 26.25009524161821
8.091336173302759 1.5 22.50015627954841
8.391315244266307 1.5 18.75018781495277
8.690964212695608 1.5 15.00019428133869
8.990316241741947 1.5 11.25017615943213
9.289399974574136 1.5 7.500136560587634
9.588240498625051 1.5 3.750077686521152
6.056362762887139 4.655535284039885 30
3.37565867996993 6.852624838189374 30
0 9.70486859940768 3.75
0 9.40973719881536 7.5
0 9.114605798223042 11.25
0 8.819474397630723 15
0 8.524342997038403 18.75
0 8.229211596446085 22.5
0 7.934080195853765 26.25
-9.588240498625051 1.5 3.750077686521152
-9.289399974574136 1.5 7.500136560587634
-8.990316241741946 1.5 11.25017615943219
-8.690964212695604 1.5 15.00019428133875
-8.391315244266307 1.5 18.75018781495277
-8.091336173302759 1.5 22.50015627954841
-7.790989000869896 1.5 26.25009524161821
3.745114774497116 1.5 30
0 1.5 30
-3.745114774497114 1.5 30
-3.375658679969928 6.852624838189375 30
-6.056362762887137 4.655535284039887 30
6.980821258704772 -4.644513312246484 20.52419971286416
-7.721898419652289 -4.574362780774953 13.02252549600301
-7.058703599401841 -4.528412044111477 20.50265076416649
7.728546454493878 -4.560972013122968 13.03641030876257
1.403090748181532 -9.666057351438637 2.955966917162407
-4.888485553233123 -8.448294403755115 3.040786904654899
-1.786049544406537 -7.667442398527395 27.02971516035582
8.393407168979733 -4.584535074334602 5.541798621083216
4.884204535540017 -6.174899182220278 27.02552869359615
-8.592767251680698 -4.178486082272989 5.656009814906102
-7.371110299620087 -4.583785072910939 16.77076107368439
-5.382653235215619 -7.015071105196266 14.71147547203933
-5.773084150751742 -7.078562620942608 11.00037843871561
-2.784603646281607 -8.566907689380759 12.60324271534076
-2.324139651638107 -8.401801688059471 16.29782798504635
0.7529110193718812 -8.85857736624952 14.09733570712364
0.1840335259366464 -9.178464443792581 10.41515851822359
1.116153124909485 -8.532283017568815 17.72543151864323
-1.882530899003445 -8.216435052220461 19.95716165988629
1.513890944449163 -8.179966386287644 21.36069200794259
3.3872776199355 -8.417959914162596 11.76718989381553
3.15957520276682 -8.801084730346734 8.245778669309496
6.225234881107703 -6.844317901331279 9.505111257602515
0.06729339026843026 -9.490595497878289 6.469566577740183
4.498822381223283 -7.207988346121825 19.10079798050968
4.622402911697406 -6.790935505634941 22.68274959127746
1.757960720779967 -7.841424721595348 24.95413895105902
6.849709859911909 -5.337783558212319 16.7223878456603
5.904140912281708 -7.492841812703052 5.851541541251209
-3.050793713391298 -8.781062721009516 8.945995904873834
-6.116646202572226 -7.221548352776415 6.812656853484168
-8.055158744825514 -4.591510308533539 9.251785285137986
-6.545580748136914 -4.751008671065027 24.29350410010678
-4.667852549141981 -6.804820433073067 22.21127385879138
-4.990450515867202 -6.088928440907407 27.02971516035582
-5.009866416621358 -6.928000173594352 18.42886552034826
3.887057256308076 -7.873875828215138 15.4880144184278
-1.376499582989712 -8.032903743346255 23.50663961493181
6.801406113150922 -4.370029644841303 24.3409795774778
-1.872995032076171 -9.581891543768918 3.008385682612682
8.194398740955116 -4.330056573168379 9.299751418453717
4.951356356851649 -8.432065406975529 2.816636893398408
-7.516928796946875 -6.253997496895814 2.815957016737286
7.474930635991375 -6.307832340655112 2.785662420587135
-3.312246296589905 -8.952844635449786 5.769757269058936
1.772126503012484 -7.60767131421704 27.80951116676849
5.778788332090649 -6.866550179262013 13.02861614355803
6.792875897880162 -3.927502303515273 27.3621033905834
-6.699970091745742 -4.088801711986449 27.33015792015544
3.26167819732767 -9.004376581389844 5.375777190110845
-3.69402818858039 -7.14836730291057 24.82248911802106
-9.01308193670633 -3.847873277252704 2.540090421543881
8.856008490480335 -4.174650529284768 2.660195801307462
7.289324211959484 -5.965578300820298 7.379060029943601
5.846342492916161 -1.5 12.72527086624219
4.99375834063021 -1.5 20.3653825980357
-5.985276706905245 -1.5 9.311475652393687
-5.293743877536299 -1.5 16.61574234954144
-4.740289653529191 -1.5 24.12974386727642
0.5672522574295886 -1.5 3.203455450422999
2.019074101181371 -1.5 26.8152643200647
6.333047060043306 -1.5 5.523237486554239
-5.579789305216376 -1.5 4.009851331940046
-5.002134963239831 -1.5 20.36787776150845
-1.919108809199622 -1.5 18.23337331326922
-2.199707665877007 -1.5 14.48204071307608
1.200981011000433 -1.5 16.09758620731177
0.6218139613343361 -1.5 12.43582957099477
-1.776084354596115 -1.5 22.0875859772863
-5.609246068292164 -1.5 12.89859613162912
6.058179257434428 -1.5 9.048025812134426
2.842278913660166 -1.5 6.670165822304989
4.79793212737127 -1.5 16.69377136041267
4.827686266029502 -1.5 24.30531152851072
-2.603872496320906 -1.5 10.8753503924512
-1.721694837498065 -1.5 26.35803869066887
-3.18830533782964 -1.5 6.990920711422531
1.421848572094946 -1.5 19.64597231531832
4.104778269695899 -1.5 3.005973501929351
1.591708279564546 -1.5 23.23938196438722
0.3418933104204971 -1.5 9.145597078764389
4.889434650285811 -1.5 27.1770835884724
-4.88943465028581 -1.5 27.1770835884724
3.132914574792839 -1.5 10.68088392698083
-0.01287580974660862 -1.5 6.30815576908389
-2.835152242981269 -1.5 2.77851216331505
6.976603413728295 -1.5 2.638982252293884
3.086979512991467 -1.5 14.06041441144425
-6.750725995884194 -1.5 6.542103602014853
-1.064410691579912 -4.569474397630723 30
1.947164632340651 -4.166664284104712 30
-3.564918936074305 -4.349614574951898 30
-7.909487973314067 -4.907185768843192e-14 0
-10.25639961849221 -3.507512400705078 0
-10.25639961849225 3.507512400704967 0
-8.487246032801327 6.741619222895044 0
-8.487246032801263 -6.741619222895128 0
7.909487973314082 -7.885165086143733e-14 0
1.776356839400251e-15 0 0
3.954743986657032 0 0
-3.954743986657029 -1.110223024625157e-16 0
5.873563766464052 -3.232224655892819 67.28977499250952
4.481712651254909 -3.177432529221948 82.66912391067751
8.838320800436971 -3.280666171817381 32.68608574070607
7.554268963987093 3.231101375388721 48.07692307692309
9.181817935895939 3.23003139853843 28.80000905174118
6.869378104247244 -3.287719480846849 55.70900766071961
7.867941861712451 -3.276727156126993 44.17953275857112
9.798498096784749 -3.297515537212519 21.111610245
-11.1657903760237 -3.616930427408046 3.341790608973243
-6.713239270206378 9.645620444208966 3.153262660782645
4.376157437413393 2.818438862274933 86.33582152562722
10.13981473400592 3.228462306601805 17.26299737139007
-2.518136117665676 -11.43307054852751 3.72169009458731
3.752172511923079 -3.141425038482989 90.29533585463945
4.79811431138024 10.69577319231262 3.52355531022866
5.149402534326526 -3.272637249393243 74.94942415788415
8.191770008330739 3.286667241674997 40.32301464221243
4.897601154316932 3.11373742482956 78.73263413517154
5.52986613998835 3.235631427417044 71.06671410552613
6.213887481933059 3.245444915275249 63.39923967603453
6.995739867096134 2.99948778998679 55.75920046506192
10.4335831550334 -3.302239113208106 13.42163899493247
-2.723844371020274 3.415592807225254 96.96476903409871
7.945113376504919 -8.63069383398738 3.419408766471524
-11.09527489538305 3.809012682760117 3.419408766471708
10.77562275141164 3.216246898016816 9.588515283028604
-2.633579180006027 -3.523592931555294 96.57950772588465
9.935226484425232 6.234911832567003 3.436118109269079
11.06555625010633 -3.306234306777092 5.731422828049544
3.374681076347565 3.1132268918116 94.13560339841358
4.812366599042043 -3.224042144942172 78.873476585039
6.195068113102339 -3.26720803300037 63.48246542003737
6.522641944107701 -3.298998453792851 59.59892398279454
7.879344283728515 3.250741259105456 44.17212733116521
0.8839995536723747 4.277270915254395 96.9780051014545
-0.6087510069504397 4.572291850264672 93.86533233342223
-3.967763370978763 2.380981615854184 93.67860409287384
-2.514787536491404 4.16790822991209 90.62301262457657
2.066990261246719 -5.261510892665558 80.64680223727419
-4.80108364624302 0.9237778919459773 90.35193927379757
-4.148411874349152 3.013742045850459 87.3225173675719
-5.124635680411549 -0.5869825869384447 86.93403556407078
-5.122782828649765 1.689962471480975 83.93290014234525
-4.102942731135807 -2.73176048741506 89.84349415526822
-3.450955103805575 -3.897373372224187 86.33062376829567
-2.749581690125994 4.616421910315226 84.20115536910222
-4.250413780804886 3.703850031937411 80.83971605503233
-5.662420831680111 0.1966082333486384 80.48322173876019
-5.375381797001242 2.447836594630518 77.42537557844391
3.812537905289616 -5.706104485838225 65.27704606376504
4.599124468079863 -5.897081752692706 57.45148120297365
5.012582181100913 -5.951347032463563 53.60702820513303
-5.792725851936313 -1.320368238167501 76.98308328728535
-6.097558140013832 1.001434411147309 73.95968687944386
-5.576404695974744 -2.755619968878821 73.44050416384161
-6.434678987631139 -0.5117031387743215 70.45599504599815
1.866011173784356 -7.422114365427838 55.23273440165571
6.206963665807508 6.076425012455441 42.10635631986352
2.34933884033256 -7.599056025841686 51.41015943067822
6.586950354737561 6.115913930651129 38.2653109498273
-5.217995146303775 -3.8796357175828 69.85574072248086
-6.430603242787645 -1.996604071655376 66.91811071418103
-1.198618119634415 -7.74334443339539 52.91417220012781
-0.7184470908275126 -8.103877072224591 49.10107475974507
-1.691303905958023 -7.344041763758416 56.71698902177695
-6.446021055353896 1.810465342034865 67.400772821131
-6.963644857210911 0.3179370843741539 63.900786198686
-4.507274597441638 -6.276993639667925 54.28568353797854
-5.027323647993964 -4.565677342815891 66.18501919658796
-5.718843775429927 3.933382560482593 64.2814297887372
-6.727446136432748 2.603316446623901 60.81718700781244
-4.595354370977821 5.551037143687374 60.90926156774842
-5.791866873345177 4.707256752835089 57.641565194443
-2.738908155885913 6.359465291061377 64.49427232848898
-4.325427677657929 4.376226859456523 74.29186045009789
-2.658321834712739 6.963566203321625 57.7659752018727
-4.459231579748779 6.292405049040063 54.48077603239729
3.693961838868039 8.049660413438618 39.93851530093913
4.134491260051017 8.172261153940788 36.10346813727557
3.247859820302117 7.91464353766347 43.77127814781241
0.2312441233784443 8.73048763463 41.50418785767474
-0.2493164453993333 8.429350036740725 45.32257143935303
-3.264880595604335 7.977005283294758 42.95606823521809
-2.818179978613177 8.46167247646763 39.15246223046774
-5.890878241671989 6.55354165952455 40.50737295485371
-5.55118836513258 7.223775322297431 36.71638336551474
-7.866609030679623 4.394854844822967 37.97872909730926
-7.705897422843736 5.221438767845654 34.20140799407528
-7.965336507755377 3.534647958927964 41.74783105555312
-8.880768722107426 0.8435634506063195 39.12567221414058
-8.628785134572063 -0.1991780394900613 42.80614101704665
-8.347572205608595 -2.912240226352715 40.13902733229308
-6.930532459783058 3.433020925039916 54.20207624276086
-8.919523495493118 -1.961653542592084 36.43265755619994
-7.326578552305422 -5.32754234623931 37.37176758750493
-8.172519359014936 -4.540807592218927 33.68061157766353
-5.659134990378325 -7.357778934610122 34.5305394567448
-6.730664184171713 -6.805052355603788 30.85903225938904
-4.918406425079151 -7.527994897172994 38.21647343156529
-3.551024175726478 -8.822879111542557 31.62985336031595
-4.829175198930227 -8.524880376851666 27.98313843778583
-7.748040324651958 -6.10033189184644 27.17415423917365
-6.027504023170842 -8.087293796721353 24.31480706998799
-8.623199990797044 -5.36011555881048 23.46397513297297
-7.138899111712679 -7.53070618676978 20.62628012382855
-9.42617967014588 -4.50216298320929 19.7433629728719
-10.04935583621382 -1.908130315312705 22.50388541425145
-10.48481300233317 -0.9103402213549732 18.75106999194185
-10.14357178680225 1.858088495557018 21.44363940426504
-10.21907240221264 2.854711752244256 17.65760084213637
-8.899670355618612 5.389974593159367 20.27132187034025
-5.176839681805609 7.857607428709469 32.91341584416823
-8.139800604467236 -6.896618956328485 16.91663548417966
-5.173413195955926 -9.257224414716323 17.72852063029842
-2.565594180261729 -9.69494386394323 25.04813015034415
-8.695273324501105 6.243754239959885 16.45737183541965
-6.520067747753981 8.237306400044123 18.99004591478841
-6.151563004446524 8.885703176354554 15.15485789999356
-3.355221118593188 10.07006290612709 17.60680163802443
-2.881539707633345 10.52987584240837 13.76043137224239
-3.790569381182275 9.589624130126793 21.45302507227902
-0.2765327732168132 10.4229335568711 19.9919262353477
-0.7585753938063373 10.09531832196997 23.83965605760514
-0.8577277315722565 7.655549188918071 54.59285357288078
-10.82074949293265 0.07409197709634419 14.98057533735194
-6.383939222388364 -8.828654416877633 14.04105959115822
-2.903028371148273 -10.44084868695986 14.77829746420948
2.788265065142721 9.858660652264522 22.29468460998806
2.334753359997067 9.664080111774325 26.14799313095878
-7.493001686535445 6.011664166065715 30.4120774591608
3.265155033046601 10.03037456107683 18.44377952416035
-8.462714208879598 7.0295910373792 12.68733040401436
-7.69414771294934 -3.725506011273295 43.8536435114861
-6.017460139625747 5.243890107063108 51.05680514361279
-7.767712421567986 1.932287453273203 50.7683785111529
1.101556762283952 7.348247957813804 58.06284500659867
-4.861568272795789 -5.618944565786616 58.06523160767606
-1.51901687630193 -10.43966876399617 18.42905766219885
0.9357131177275069 -10.74648034857855 15.41084185685252
2.523153380506127 -10.19947868482952 18.97119844497594
-0.3359644054636738 -11.07077264347975 11.74219487829984
3.434506535531813 -10.47989833926506 12.34621390212773
1.975563701868275 -11.13753074260023 8.749676229934552
-4.630002429305735 -3.353222420848561 79.83649146589214
-3.22695078443888 -5.385708674616216 72.69904921396734
-9.120347793851272 2.70128461211324 31.61334566411546
5.609172467529446 8.36319626618519 24.52236471624617
2.800899683272091 -7.765636841217105 47.58078904853826
-0.204326355381253 -8.432480975017448 45.2981775026155
-9.085609357883767 -6.132613982927917 13.19378851952879
-7.511834227551703 -8.289590408352 10.33241970483414
-2.202962497408794 -6.895300020925434 60.4985542339714
3.435669499319663 -5.589876939302518 69.10534083807377
5.725724803185765 -9.707619926220127 9.270507294731765
2.825109400983114 7.758503796297358 47.5611899689677
5.098853539889244 8.329643047295143 28.3814299218997
1.808052141520714 9.468540628774155 29.99144488219785
-4.721381777381734 8.487126858822929 29.07191143231945
3.279833666652764 -7.90260478622696 43.75769258192631
6.956083056205363 6.158439293986045 34.42740991730672
-9.13423143514604 3.576411086229081 27.83384176123986
-6.93700178206935 -3.171584028520655 55.55606218971751
-6.645526311416525 -4.318184756620701 51.77448591293535
-9.843519344604095 -5.451518375537797 9.500615377115023
-8.555261135392488 -7.655235087596595 6.604615880676276
6.759061714443298 -8.668337423812677 12.80731977543796
-9.720958759091037 -0.06513313066210538 28.95519208216994
8.56755222359768 -7.277070969885943 9.644782549891797
-3.661011436712729 -7.475009841388848 46.7157931501187
-7.054854985621883 4.272006383564574 47.68021725313226
-1.141473390652306 5.514291925759736 80.92331789836042
0.5050933306326838 -8.715201717303765 41.55150163634719
3.777757867739801 -8.012275294986789 39.92013696540695
1.236551243152149 -8.957470841189759 37.57962867269742
4.301458955095674 -8.090688316557294 36.04665864030962
6.625052585257434 -6.074652819609921 38.26502083893802
-0.953570453658671 8.105165258958369 48.77827963765056
-7.169432679535329 -0.9531944489997318 60.57657778694946
2.408956305467424 7.32621582252684 54.48291687676665
1.536813300763055 -9.203577916954487 33.91280556707011
4.734981743386286 -8.192964310530382 32.23809372354393
1.899770933032091 -9.450509965227674 29.99213425199284
5.096627825735228 -8.327573104334254 28.41862629833087
-8.228239114518004 -1.372490785607699 46.48029773575507
1.979888415474268 -4.986428075485938 84.304249690604
-5.203240972821671 -10.16867136383249 7.336672090745447
1.689021609192513 -9.811611851096179 25.9723853488332
5.532538163622411 -8.409485807253724 24.57122865525498
7.767463330678484 -6.132270595063618 26.72909564910416
4.166273123667124 -10.77332714018607 5.706841325756034
0.7651535221986568 -6.692218005986077 66.887776502379
-1.714684285248882 -4.682169777183954 89.11793074351316
-5.291129393820539 -4.799829710425084 61.70339381452349
-2.310489625791758 -4.106458645292604 92.60494920429589
1.25490926388507 4.690446686513215 90.78051716507835
-6.896308222585875 -4.543241875089891 47.54234857058265
-0.9811831879436982 5.012003014675975 87.58207086269074
-4.373797870819125 0.05949301263183673 96.89494471490113
2.425769257960733 -5.437810937582964 76.81741565136404
-2.284768145532497 -4.998621277873863 82.64073465630742
4.211177610020674 -5.809809875253531 61.30098965927812
0.8901156941663316 -6.973079531847764 63.154135604984
9.148539001936843 -3.309353382876334 28.85961457651511
-6.395861062135172 -9.811115048162394 3.6626019471354
-1.688011349918193 -11.30163491481239 7.280652497736951
2.974324575994636 -5.503453469465835 72.98741475222673
-1.338037975996733 -5.658754210727359 78.590476748873
2.767451965606174 -3.656060944166346 94.21187059484977
0.8502221189687292 -4.28245174500155 96.99870917382096
4.151595880050725 -3.10881660211555 86.57286023530499
-5.035547155150557 6.50009781665422 47.99884696227014
-1.83676536068367 9.342310700755364 31.4966562390371
-1.277279605192092 9.738680573587951 27.6730411601659
4.571886868603894 3.055732086504722 82.60228935906667
1.62348279022263 5.114871894269904 84.28863516157752
-4.283979796335961 9.047725400409536 25.27664135998259
-7.20261330083579 6.808918192509918 26.53615667995099
-0.1068970590506898 -10.26372324966427 22.05441491729707
5.188173153497538 3.21407996495389 74.92761314965497
2.958422553484909 5.528945006805444 72.79784277826795
3.390221004719081 5.629988057441091 68.970072011301
-0.08830622351713914 6.447849910280511 70.5390727241674
2.908963270465764 5.221705045884485 76.52549387646251
-1.08203430820874 6.052783740704244 74.34732233265241
5.991036744538128 8.464825567743267 20.70566550101269
6.45940881880493 8.496799670085235 16.85718251993224
3.772514147400049 10.17445797735023 14.59518036628739
6.864004748286274 8.566390348005028 12.99666730358788
4.246857057704161 10.31404401589448 10.74740851070374
7.267688187756516 8.615541528500929 9.256393960565296
8.203449161069003 6.070580533651302 22.80359028428789
4.793843998890829 -9.619688031121431 15.90826639152638
7.540679425044661 -7.62355003330588 16.22722625586213
5.86711584685049 3.253465659741669 67.23098553749504
6.551922449441563 3.247470356008771 59.55938315504534
4.26798467539927 5.778807560406723 61.19268051115967
3.829188886643246 5.711735688917967 65.09990749711463
0.7944117886820685 6.710604662270475 66.61274956186038
0.9903658371107854 6.979134766734393 62.90774767392619
7.32023539987649 3.029588158042562 51.81095759453838
7.541270426403965 -3.271842904183838 48.02379992311081
7.198084759945645 -3.29814331961003 51.87037889302751
5.527719161187908 -3.226610736457857 71.14809989104356
8.186451039094585 -3.290738755287423 40.36645087052852
-4.134153683872047 -6.878153840860334 50.50747895616387
-9.372690102238158 -0.9960605645360863 32.71252436816956
8.518135428693823 3.282047879207629 36.48520071658915
7.018696017757249 -6.087471254120785 34.42335212931561
-2.344713523394479 8.915345801872624 35.34208103182198
9.503102071825319 3.227234053945235 24.95328159633656
-3.887741360281091 -9.55527135813171 21.39854969506453
-5.08132322380627 -1.928940850931788 83.41455844757306
5.41390522544453 -6.002118887338323 49.76948719411796
-9.045815621788293 1.761538561813422 35.37742266972374
10.12157530385624 -3.270620973924703 17.32006265605408
10.46065465835948 3.21603932806899 13.41945377908718
0.7636879293064867 9.001587165377034 37.68756335531497
-4.160435640694256 -10.31951630668066 11.09736285013905
10.11188110122532 -4.917704183286351 9.602264608836794
-5.642520936754487 3.068114929614457 70.86602243498113
-3.306917906935155 -8.002077515563995 42.45827593854092
0.7716906965331053 11.00765467427823 12.26566567729993
1.312521528112349 11.26220637280288 8.406038107006125
-2.310264950516846 10.98397422148469 9.856144516492819
-0.9460130799269171 11.48514669453351 6.047624576501078
-5.236628781420055 10.16266590793551 7.210769464696889
-8.355311950115114 7.904598807676805 6.328841003640677
-5.753039639262859 9.503690654253152 11.31681343301676
0.2221375502022995 10.72921411095089 16.11765004482004
-10.09778528524232 -3.652405018627818 16.03482445656742
-10.23151459178637 3.783288937646167 13.86777777868717
-11.07030980407017 1.041389985703033 11.19182875397131
-4.808435465071741 4.621828065835932 67.73031380931104
-6.729014747899494 -5.622784064871571 41.05376263177314
-7.40966407228065 1.035132950659693 57.41147488706399
-8.889443365134229 -3.724159619551729 30.01171004011113
-3.13576137718344 4.980957249303334 77.68796085027978
5.430939506508762 5.98105445735627 49.82269955395099
5.84555979416416 6.004026667471118 46.00062673060513
-10.68405965701854 -2.76843308908664 12.23723588710871
1.22313310206693 9.256288584663618 33.83977772725194
-9.53129435993905 -2.801334459292299 26.24546098779333
-9.978490965758221 0.8731188770113123 25.20126894449653
8.83900499564381 3.287876266123014 32.64602679245239
5.829625646116819 -6.02570203066276 45.94399643180818
-9.042505344759366 4.501191926871984 24.13069880262258
1.362487105949007 -7.225378519361925 59.04931321106267
4.593715279143314 8.266463108482473 32.31068058962718
6.101625196311021 -8.499140978603695 19.53498754127773
8.519795902544343 -3.272859274442114 36.50743138248593
6.22357497449388 -6.059294759959071 42.10738060620009
-2.500755275765139 -8.894813208288125 35.0733337615888
-3.987477995067187 -4.475185714158163 76.31427972733331
7.347764743804756 6.162403976555622 30.62409354700902
9.487240943227986 -3.271172276970405 24.96320768365036
8.14014554473664 -6.142521328586325 22.90073390315331
-11.18934811486874 -1.78405784517934 8.504480862792411
-11.34248684723381 1.533865244059939 7.042659643451112
-10.08090016852759 4.899263756058249 10.05874010459623
7.349778405736445 -6.159221465208288 30.63046536423859
7.845438738298856 8.737716073745814 3.265201290698713
-11.73666604211394 0.04718123912198847 3.344770207887467
-6.880982398563415 7.535966779201058 22.80969873281601
1.234699501508766 11.67032665596749 3.361307139960131
0.7775159941704498 -11.71121839934428 3.341732647624339
-7.761129940325595 -0.3217486286632141 53.77524606569127
7.776058764692979 6.123658279727806 26.71108899225543
4.507113789199277 5.955822947322406 57.57186410963119
8.478231766890701 6.19147422099198 19.08062684096827
-6.017098616886324 5.987943429856538 44.61311537497397
9.841834364371508 3.164951802853413 21.11502088322771
8.874220334098817 6.163259243809498 15.1900732533216
-4.522928016685367 -1.116538227789206 93.27999296042566
0.1899684698455322 -6.427080344406011 70.77499327652333
9.254298998606862 6.130378170700033 11.4278082387475
4.877556397471827 10.34869804224512 7.108528844721677
10.22813237147876 -5.778600291799357 3.206609444451877
11.08750541272171 3.153571137340417 6.006695905809782
9.62147456200027 6.125814461045515 7.546628087160627
2.602763508061666 7.544673050476006 51.0661506109393
-9.450810018537974 -6.98064893410527 3.184786357756781
-1.738245447402566 -9.601645206001198 28.49087637421038
-9.284974228487995 7.226785522004678 2.974105359916647
8.503635231431277 -6.097814998458789 19.51681310357199
-0.5177935407150281 -6.062343411939362 75.16462171574942
-3.146242101865075 7.300705395217425 51.46281539576675
2.881494568876632 -9.834721320227656 22.25925567580902
9.227391890521528 -6.882090690661189 6.210678114063843
2.450529738704667 5.107444261733613 80.49508785546136
-2.425760742850553 -6.534191123688628 63.91305858833477
-5.756135075394901 -6.267930954012785 44.34469226678655
0.675787463642481 -4.726761959406258 91.80453479411077
-3.387540275224223 11.24607670722664 3.237569428901639
-10.16453465215342 5.353199424387492 6.505375098526218
-3.176927501384569 5.538981256944516 71.3404077920088
-8.095133877761961 2.476117653250981 44.91183609210517
-7.940178085511497 -1.139518021964767 50.55126559441243
8.892964170446474 -6.457167706325339 12.83342487444749
-2.587743578199011 -6.044556655072946 68.92878666453429
5.377318262089517 5.624148012889068 53.60532916278943
-1.904238157405352 6.952890691720766 60.87619278178034
4.136490153060944 2.610269484400888 90.32558230896208
-8.224822456980531 7.676206881031294 9.524369828619307
-6.54752520706339 -2.402011469671706 63.85858888365182
-10.34758847279892 -5.027511965251613 6.298716805018322
1.576871404464845 -4.839456285904439 87.80142174536869
4.74088023310448 -10.80811828039617 2.513588040159329
6.903999453853563 -9.182498875813993 6.500406137581299
3.150491641629034 -2.99878010852642 97.2086302191444
-1.901582471330819 -8.715475407784728 39.12860989847725
3.407052942739645 2.703714494624518 97.20891928206666
11.44288147924984 -2.793102482646737 2.810165575525718
11.37548618731505 3.030953188959276 2.892492652108917
-0.1639798221050647 5.855491294854493 78.04421683436269
-0.8183929021767927 -5.16345271735792 86.04760099369275
-0.7178031234106117 -9.475236916979568 31.73518396224038
7.55088640616417 8.692113662169318 6.177130474846702
-6.625216433102091 -3.293836487499938 58.46326531655382
-11.41187659164708 -1.849918167358078 5.580000234912525
-2.17010779515334 6.269626255526614 68.1741925722839
2.225673043544537 4.563577893605502 87.96013190611274
-0.05469789955032378 -4.565507725670101 94.46001779304729
-8.101286283077863 1.470052407807451 47.85686204833237
2.507952300141112 11.26619981471895 5.819816612068124
9.297997225248739 -5.445612661716881 15.56107693728158
-2.923454371309332 7.875471391745818 45.73505006114886
-0.4484470749861242 7.914173458201476 51.75404108188532
0.8942540844399332 -11.47698124075508 6.203583321230307
8.051745683059584 4.591136962006225 9.291809363129794
7.437382861446498 4.474693664165629 16.77574217926859
2.887905700887345 9.107473900761969 5.662203449954019
7.019607762759467 4.022000428931504 24.26627481815688
3.0477295561443 8.440354700673042 13.03970448086909
7.569220907142832 6.160519960780086 3.057618686932529
3.038371686199244 7.81172098077698 20.5610926219757
7.26131808011861 4.194825204939402 20.50910025391386
7.793696473282826 4.452207342452613 13.01449520850115
2.86834027195759 8.191620968896901 16.78124451610072
3.140404257249663 8.719344812040807 9.305542369085201
6.198865354017823 7.150113489797358 6.822100304071115
2.793078664591854 7.589607559278029 24.30393547971059
5.043255801371329 6.055041102563941 26.93429048379041
5.901790924528028 6.972358308383336 10.99316807813019
8.458867414271667 4.401692981712393 5.900980224859148
4.964177224160543 8.422490386301435 2.838896081714473
5.69529314967503 6.759687366541777 14.75059818714865
5.46802780096855 6.563470371656075 18.51619583898703
5.301704642125675 6.314272690030402 22.30086358392034
6.793332655481766 3.92654635486183 27.36315795848414
2.673877455226845 7.378831081887427 27.33916695214084
8.940710631701901 3.999458928291617 2.611288485913275
2.473342893921887 9.472122900787022 2.671912881994636
-5.846342492916165 1.5 12.7252708662422
-4.99375834063021 1.5 20.3653825980357
5.985276706905243 1.5 9.311475652393685
5.293743877536298 1.5 16.61574234954144
4.740289653529189 1.5 24.12974386727642
-0.5672522574295868 1.5 3.203455450423002
-2.019074101181365 1.5 26.81526432006471
-6.333047060043306 1.5 5.523237486554241
5.579789305216384 1.5 4.009851331940046
5.00213496323983 1.5 20.36787776150845
1.919108809199621 1.5 18.23337331326922
2.199707665877005 1.5 14.48204071307608
-1.20098101100043 1.5 16.09758620731177
-0.6218139613343396 1.5 12.43582957099478
1.776084354596112 1.5 22.0875859772863
5.60924606829216 1.5 12.89859613162912
-6.058179257434432 1.5 9.04802581213443
-2.842278913660168 1.5 6.670165822304996
-4.79793212737127 1.5 16.69377136041267
-4.827686266029502 1.5 24.30531152851072
2.6038724963209 1.5 10.8753503924512
1.721694837498063 1.5 26.35803869066887
3.188305337829638 1.5 6.99092071142253
-1.42184857209495 1.5 19.64597231531831
-4.104778269695908 1.5 3.005973501929355
-1.591708279564546 1.5 23.23938196438722
-0.3418933104205077 1.5 9.145597078764396
-4.889434650285803 1.5 27.1770835884724
4.889434650285811 1.5 27.1770835884724
-3.132914574792844 1.5 10.68088392698084
0.0128758097466104 1.5 6.308155769083898
2.835152242981265 1.5 2.778512163315054
-6.976603413728302 1.5 2.638982252293892
-3.086979512991467 1.5 14.06041441144425
6.750725995884192 1.5 6.54210360201485
-8.051745683054746 4.591136962015106 9.291809363127301
-7.437382861446013 4.47469366416644 16.77574217926853
-3.21029204252156 9.005631050337254 5.581582483895348
-7.020758497524429 4.019699019249563 24.26812064930116
-3.203802386829451 8.379068283030358 13.07872561460345
-7.569220907142834 6.160519960780083 3.057618686932527
-3.195876083887063 7.747393164372535 20.57546639453446
-7.264709830749781 4.189006713918427 20.50873099318654
-7.793696473280742 4.452207342456265 13.01449520850113
-3.200092925761818 8.063917369987927 16.82712893244772
-3.207244923636279 8.692913481848622 9.330187864157706
-6.322900586583692 7.040250663640289 6.826030056782612
-3.191297436713574 7.429266221638618 24.32362017427157
-5.078314179272757 6.023952546009908 26.95095833267496
-5.95122058020413 6.932985134657349 10.96646966426246
-8.458867414269971 4.401692981716721 5.900980224852905
-5.073761498938437 8.355904925964898 2.850071656787585
-5.695293149669264 6.759687366546686 14.75059818714815
-5.488877788829701 6.546893719960264 18.50792236468437
-5.438648313203159 6.190396806913802 22.36114078686688
-6.793332836174167 3.926545976552471 27.36315837618891
-2.696479771179424 7.370583601152032 27.33937984812594
-8.912782646819618 4.04451421508335 2.699657302875987
-2.435416229225496 9.491544078944369 2.553778445663498
-6.661338147750939e-15 5.900042359436546e-15 100
1.064410691579905 4.569474397630723 30
-1.947164632340643 4.166664284104711 30
3.564918936074289 4.349614574951915 30
-0.002406657006936097 0.0004063005043235535 38.8661625806133
0.001757971492221344 0.0001822246562490637 47.13330008975056
0.004531635844175375 0.002582431445012467 54.80001152487986
0.0006428625151730927 0.003137446080785811 63.13504159692353
-0.002717916095933859 0.0001179522858039128 70.61271687319315
0.05598667214977926 -0.02103357996047883 77.43412798602102
2.56122759482681 3.056165028943695 35.179146672413
-2.206444294744073 -3.228731612463528 35.12014750931746
-2.850757338493339 2.780788402637623 35.18895126004015
3.37562176984422 -2.250367882234657 35.34847295184708
-0.1577843882139618 3.523404502186471 42.99587599057822
2.771785798465468 -2.034181758900236 42.99827972199374
-2.663096249611191 -2.1124451583576 43.00101546065834
0.003245524026145752 0.04810908698782224 82.9119570819403
-0.02561776209041722 0.08903857575638074 88.76686126006
-0.2265921371123709 -3.442224059312881 50.67607423883135
3.180493352799931 0.1813927225908566 50.96544994993376
-2.823558776511847 1.432762607157535 50.96723033243305
1.726192729459324 -2.170237531531737 59.02275290827104
3.242157441250467 3.233486651185935 39.80063237847222
-4.577602970608433 -0.8092203008863414 38.34278764070365
-2.233549823719305 1.65322276342006 59.08909463654554
-0.1307571101749794 0.06779108854410505 94.96497955225448
0.7625755522737241 -4.505272931649651 39.63226699238675
3.592571066566587 1.95030640827851 45.08357562293096
-3.038381796660789 3.168144612237588 39.62007358956575
-3.629667401624661 2.200278992587985 45.57493495585349
2.656020475634228 -0.1069632021338176 66.98920623404963
3.208328469600005 -2.934375989431713 47.57548636092653
4.726267443662854 -0.8481895503835162 39.26724983286039
-5.370462683586856 -0.5171412702293573 34.14821328883349
0.7847041856320125 3.717811999424816 49.54678394925418
-2.426326965629784 -0.04047758146198555 66.8727722068444
0.1719769880322296 -0.07029601887885017 33.88415412680284
-0.7737851808258243 -4.221349130083896 46.32624600575667
2.212473519934903 2.299278560426066 58.84088989377578
-0.2503416058741832 5.069977006072474 37.33540895176323
5.444076737303262 0.7290661315571209 33.57867427541076
-3.446940355342009 -1.891323059871479 48.52428247000897
-1.612475976149883 -1.886310988708259 74.15960414800622
-0.4174045705227125 -4.201151659997932 54.59773596975714
2.271274345434442 0.467666667111847 74.00558776202031
-0.7253934161855357 5.810271105816207 33.45663593533486
4.026383937015094 -0.348526982857014 55.48712588523301
1.072627140645744 -5.19143095088315 33.80901586056761
-2.281100380451039 -2.337145276245423 57.84282516360167
-1.464830905626088 3.73563729588828 55.56640008495263

CELLS 3804 17336
1 0
1 1
1 2
1 3
1 4
1 5
1 6
1 7
1 8
1 9
1 10
1 11
2 0 12
2 12 13
2 13 14
2 14 15
2 15 16
2 16 17
2 17 18
2 18 1
2 0 19
2 19 20
2 20 21
2 21 22
2 22 1
2 2 23
2 23 24
2 24 25
2 25 26
2 26 27
2 27 28
2 28 29
2 29 0
2 2 30
2 30 31
2 31 32
2 32 33
2 33 34
2 34 3
2 1 35
2 35 36
2 36 37
2 37 38
2 38 39
2 39 40
2 40 41
2 41 3
2 2 42
2 42 43
2 43 44
2 44 3
2 4 45
2 45 46
2 46 47
2 47 48
2 48 49
2 49 50
2 50 51
2 51 52
2 52 53
2 53 54
2 54 55
2 55 56
2 56 57
2 57 58
2 58 59
2 59 60
2 60 61
2 61 62
2 62 4
2 5 63
2 63 64
2 64 65
2 65 6
2 5 66
2 66 67
2 67 68
2 68 69
2 69 7
2 6 70
2 70 71
2 71 72
2 72 7
2 8 73
2 73 74
2 74 75
2 75 76
2 76 77
2 77 78
2 78 8
2 4 79
2 79 80
2 80 81
2 81 82
2 82 83
2 83 84
2 84 85
2 85 86
2 86 87
2 87 88
2 88 89
2 89 90
2 90 91
2 91 92
2 92 93
2 93 94
2 94 95
2 95 96
2 96 97
2 97 98
2 98 99
2 99 100
2 100 101
2 101 102
2 102 103
2 103 8
2 9 104
2 104 105
2 105 106
2 106 107
2 107 108
2 108 109
2 109 110
2 110 5
2 9 111
2 111 112
2 112 10
2 6 113
2 113 114
2 114 115
2 115 116
2 116 117
2 117 118
2 118 119
2 119 10
2 7 120
2 120 121
2 121 122
2 122 123
2 123 124
2 124 125
2 125 126
2 126 11
2 9 127
2 127 128
2 128 129
2 129 11
2 10 130
2 130 131
2 131 11
3 12 183 0
3 0 183 29
3 1 184 18
3 35 184 1
3 23 180 2
3 2 180 30
3 34 179 3
3 3 179 41
3 13 174 12
3 174 183 12
3 14 137 13
3 137 174 13
3 15 171 14
3 14 171 137
3 16 136 15
3 136 171 15
3 17 173 16
3 16 173 136
3 18 175 17
3 17 175 173
3 18 184 175
3 24 164 23
3 164 180 23
3 25 134 24
3 134 164 24
3 26 142 25
3 25 142 134
3 27 133 26
3 133 142 26
3 28 163 27
3 27 163 133
3 29 141 28
3 141 163 28
3 29 183 141
3 30 166 31
3 30 180 166
3 31 138 32
3 31 166 138
3 32 177 33
3 138 177 32
3 33 140 34
3 33 177 140
3 140 179 34
3 36 139 35
3 139 184 35
3 37 172 36
3 36 172 139
3 38 135 37
3 135 172 37
3 39 159 38
3 38 159 135
3 40 132 39
3 132 159 39
3 41 170 40
3 40 170 132
3 41 179 170
3 132 157 156
3 156 159 132
3 132 170 157
3 133 143 142
3 133 144 143
3 133 163 144
3 142 167 134
3 134 165 164
3 134 167 165
3 154 172 135
3 135 178 154
3 159 178 135
3 155 171 136
3 136 181 155
3 173 181 136
3 162 174 137
3 137 176 162
3 171 176 137
3 138 169 158
3 158 177 138
3 166 182 138
3 138 182 169
3 160 175 139
3 139 185 160
3 172 185 139
3 175 184 139
3 140 158 157
3 157 170 140
3 140 177 158
3 170 179 140
3 162 163 141
3 141 174 162
3 141 183 174
3 143 167 142
3 144 145 143
3 145 146 143
3 146 167 143
3 144 161 145
3 144 162 161
3 144 163 162
3 145 147 146
3 145 148 147
3 145 161 148
3 147 149 146
3 149 150 146
3 150 167 146
3 148 152 147
3 147 168 149
3 152 168 147
3 148 153 152
3 148 155 153
3 148 161 155
3 149 151 150
3 149 156 151
3 149 168 156
3 151 169 150
3 165 167 150
3 150 169 165
3 156 157 151
3 157 158 151
3 158 169 151
3 153 154 152
3 154 178 152
3 152 178 168
3 153 160 154
3 155 181 153
3 153 181 160
3 160 185 154
3 154 185 172
3 161 176 155
3 155 176 171
3 156 168 159
3 168 178 159
3 173 175 160
3 160 181 173
3 162 176 161
3 165 182 164
3 166 180 164
3 164 182 166
3 169 182 165
3 29 19 0
3 22 218 1
3 1 218 35
3 2 214 23
3 42 214 2
3 41 213 3
3 3 213 44
3 19 217 20
3 29 194 19
3 194 217 19
3 20 191 21
3 20 217 191
3 21 210 22
3 191 210 21
3 210 218 22
3 23 190 24
3 23 214 190
3 24 195 25
3 190 195 24
3 25 189 26
3 25 195 189
3 26 201 27
3 189 201 26
3 27 188 28
3 27 201 188
3 28 220 29
3 188 220 28
3 29 220 194
3 35 193 36
3 35 218 193
3 36 202 37
3 193 202 36
3 37 186 38
3 37 202 186
3 38 204 39
3 186 204 38
3 39 187 40
3 39 204 187
3 40 205 41
3 187 205 40
3 205 213 41
3 43 207 42
3 207 214 42
3 44 192 43
3 192 207 43
3 44 213 192
3 202 215 186
3 186 219 204
3 215 219 186
3 204 209 187
3 187 211 205
3 209 211 187
3 201 206 188
3 206 208 188
3 208 220 188
3 195 196 189
3 196 197 189
3 197 201 189
3 190 200 195
3 190 207 200
3 190 214 207
3 203 210 191
3 191 216 203
3 191 217 216
3 205 211 192
3 192 213 205
3 192 211 207
3 193 203 202
3 193 210 203
3 193 218 210
3 208 217 194
3 194 220 208
3 195 200 196
3 196 198 197
3 196 209 198
3 200 209 196
3 198 199 197
3 199 206 197
3 197 206 201
3 198 219 199
3 198 209 204
3 204 219 198
3 199 212 206
3 199 215 212
3 199 219 215
3 207 211 200
3 200 211 209
3 203 215 202
3 212 215 203
3 203 216 212
3 206 212 208
3 212 216 208
3 216 217 208
3 42 2 30
3 34 3 44
3 31 223 30
3 30 223 42
3 32 221 31
3 221 223 31
3 33 222 32
3 32 222 221
3 34 222 33
3 44 222 34
3 42 221 43
3 42 223 221
3 43 222 44
3 221 222 43
3 7 0 54
3 7 224 0
3 12 225 0
3 0 224 19
3 0 225 54
3 4 1 5
3 62 1 4
3 1 229 5
3 18 1 62
3 22 229 1
3 45 4 5
3 5 63 45
3 5 229 66
3 49 48 6
3 6 48 65
3 70 49 6
3 54 53 7
3 53 226 7
3 69 224 7
3 7 226 72
3 13 228 12
3 55 225 12
3 12 228 55
3 13 14 57
3 56 13 57
3 56 228 13
3 14 15 58
3 57 14 58
3 59 15 16
3 58 15 59
3 17 60 16
3 16 60 59
3 18 61 17
3 17 61 60
3 62 61 18
3 19 232 20
3 19 224 69
3 69 232 19
3 20 230 21
3 68 230 20
3 20 232 68
3 21 231 22
3 21 230 67
3 67 231 21
3 66 229 22
3 22 231 66
3 45 63 46
3 47 46 64
3 46 63 64
3 48 47 65
3 65 47 64
3 50 49 70
3 50 71 51
3 70 71 50
3 51 227 52
3 71 227 51
3 52 226 53
3 72 226 52
3 52 227 72
3 54 225 55
3 55 228 56
3 66 231 67
3 67 230 68
3 68 232 69
3 72 227 71
3 45 585 4
3 4 584 62
3 79 584 4
3 4 585 79
3 8 583 73
3 78 581 8
3 8 581 103
3 103 583 8
3 46 260 45
3 260 585 45
3 47 533 46
3 46 533 260
3 48 247 47
3 247 533 47
3 49 536 48
3 48 536 247
3 50 565 49
3 49 565 536
3 51 242 50
3 242 565 50
3 52 555 51
3 51 555 242
3 53 257 52
3 257 555 52
3 54 534 53
3 53 534 257
3 55 241 54
3 241 534 54
3 56 553 55
3 55 553 241
3 57 436 56
3 436 553 56
3 58 245 57
3 245 436 57
3 59 537 58
3 58 537 245
3 60 579 59
3 59 579 537
3 61 256 60
3 256 579 60
3 62 549 61
3 61 549 256
3 62 584 549
3 73 267 74
3 73 583 267
3 74 255 75
3 74 267 255
3 75 430 76
3 255 430 75
3 76 259 77
3 76 430 259
3 77 441 78
3 259 441 77
3 441 581 78
3 80 261 79
3 79 550 80
3 261 584 79
3 79 585 550
3 80 258 81
3 81 491 80
3 80 550 258
3 80 491 261
3 82 254 81
3 81 488 82
3 254 491 81
3 258 488 81
3 82 244 83
3 83 487 82
3 82 488 244
3 82 487 254
3 84 240 83
3 83 543 84
3 240 487 83
3 244 543 83
3 84 482 85
3 85 527 84
3 84 527 240
3 84 543 482
3 85 237 86
3 86 435 85
3 85 482 237
3 435 527 85
3 87 235 86
3 86 516 87
3 235 435 86
3 237 516 86
3 87 479 88
3 88 522 87
3 87 522 235
3 87 516 479
3 88 249 89
3 89 476 88
3 88 479 249
3 476 522 88
3 90 239 89
3 89 266 90
3 239 476 89
3 249 266 89
3 90 236 91
3 91 473 90
3 90 266 236
3 90 473 239
3 91 472 92
3 92 474 91
3 236 472 91
3 91 474 473
3 93 238 92
3 92 253 93
3 238 474 92
3 92 472 253
3 94 265 93
3 93 467 94
3 93 265 238
3 253 467 93
3 94 252 95
3 95 264 94
3 94 467 252
3 264 265 94
3 96 233 95
3 95 466 96
3 233 264 95
3 252 466 95
3 96 251 97
3 97 475 96
3 96 475 233
3 96 466 251
3 98 248 97
3 97 451 98
3 248 475 97
3 251 451 97
3 98 250 99
3 99 263 98
3 98 263 248
3 98 451 250
3 100 234 99
3 99 446 100
3 234 263 99
3 250 446 99
3 100 243 101
3 101 442 100
3 100 442 234
3 100 446 243
3 102 246 101
3 101 574 102
3 243 574 101
3 246 442 101
3 102 262 103
3 103 440 102
3 102 440 246
3 102 574 262
3 262 583 103
3 103 581 440
3 233 282 264
3 233 385 282
3 233 475 385
3 234 271 263
3 234 417 271
3 234 442 417
3 235 532 435
3 235 522 480
3 480 532 235
3 266 511 236
3 236 510 472
3 236 511 510
3 482 539 237
3 237 526 516
3 237 539 526
3 265 283 238
3 283 284 238
3 284 474 238
3 473 517 239
3 239 523 476
3 517 523 239
3 240 556 487
3 527 528 240
3 528 556 240
3 241 591 534
3 553 577 241
3 577 591 241
3 242 499 498
3 498 565 242
3 242 555 499
3 446 447 243
3 447 593 243
3 243 593 574
3 488 544 244
3 541 543 244
3 244 544 541
3 418 436 245
3 245 437 418
3 245 600 437
3 537 600 245
3 440 564 246
3 246 578 442
3 564 578 246
3 247 589 533
3 536 596 247
3 548 589 247
3 247 596 548
3 263 431 248
3 431 438 248
3 438 475 248
3 249 290 266
3 249 292 290
3 249 479 292
3 250 561 446
3 451 455 250
3 455 561 250
3 251 452 451
3 251 453 452
3 251 466 453
3 252 469 466
3 467 468 252
3 468 469 252
3 253 540 467
3 472 572 253
3 253 572 540
3 487 597 254
3 254 570 491
3 254 597 570
3 267 268 255
3 268 269 255
3 269 430 255
3 422 579 256
3 256 580 422
3 549 560 256
3 560 580 256
3 257 534 530
3 530 566 257
3 257 566 555
3 258 547 488
3 258 551 547
3 550 551 258
3 259 545 426
3 426 594 259
3 430 545 259
3 259 594 441
3 533 589 260
3 260 551 550
3 550 585 260
3 260 589 551
3 491 560 261
3 261 560 549
3 549 584 261
3 262 268 267
3 267 583 262
3 262 427 268
3 262 574 427
3 271 431 263
3 264 433 265
3 282 433 264
3 265 433 283
3 290 511 266
3 268 270 269
3 268 427 270
3 270 272 269
3 272 545 269
3 269 545 430
3 270 273 272
3 270 429 273
3 427 429 270
3 417 432 271
3 271 439 431
3 432 439 271
3 273 274 272
3 274 276 272
3 276 545 272
3 273 275 274
3 273 278 275
3 273 429 278
3 275 484 274
3 274 277 276
3 274 484 277
3 278 279 275
3 279 280 275
3 280 484 275
3 277 424 276
3 424 426 276
3 426 545 276
3 277 587 424
3 277 484 432
3 432 587 277
3 278 403 279
3 278 447 403
3 429 447 278
3 279 281 280
3 279 509 281
3 403 509 279
3 281 285 280
3 285 376 280
3 376 484 280
3 281 286 285
3 281 307 286
3 281 509 307
3 385 423 282
3 423 434 282
3 282 434 433
3 283 289 284
3 283 519 289
3 433 519 283
3 289 291 284
3 291 485 284
3 284 485 474
3 286 287 285
3 287 525 285
3 285 525 376
3 286 288 287
3 286 492 288
3 307 492 286
3 288 293 287
3 293 377 287
3 377 525 287
3 288 294 293
3 288 298 294
3 288 492 298
3 289 295 291
3 289 297 295
3 289 519 297
3 292 310 290
3 310 312 290
3 312 511 290
3 295 296 291
3 296 380 291
3 380 485 291
3 292 311 310
3 292 392 311
3 292 479 392
3 294 301 293
3 301 571 293
3 293 571 377
3 298 299 294
3 299 576 294
3 294 576 301
3 295 477 296
3 297 300 295
3 300 477 295
3 296 381 380
3 296 401 381
3 296 477 401
3 297 369 300
3 297 384 369
3 297 519 384
3 298 302 299
3 298 505 302
3 492 505 298
3 302 303 299
3 303 410 299
3 410 576 299
3 369 394 300
3 394 395 300
3 395 477 300
3 425 562 301
3 301 576 425
3 562 571 301
3 302 304 303
3 302 306 304
3 302 505 306
3 304 305 303
3 305 507 303
3 303 507 410
3 304 308 305
3 306 573 304
3 304 573 308
3 308 309 305
3 309 325 305
3 325 507 305
3 470 471 306
3 306 592 470
3 471 573 306
3 505 592 306
3 307 509 456
3 456 567 307
3 307 567 492
3 308 356 309
3 308 368 356
3 308 573 368
3 309 366 325
3 356 558 309
3 309 558 366
3 311 489 310
3 310 313 312
3 310 489 313
3 392 520 311
3 311 513 489
3 311 520 513
3 313 314 312
3 314 387 312
3 387 511 312
3 313 315 314
3 313 316 315
3 313 489 316
3 315 598 314
3 314 409 387
3 314 598 409
3 316 317 315
3 317 542 315
3 542 598 315
3 316 318 317
3 316 481 318
3 316 489 481
3 318 319 317
3 319 321 317
3 321 542 317
3 318 320 319
3 318 344 320
3 318 481 344
3 320 486 319
3 319 322 321
3 319 486 322
3 344 362 320
3 362 378 320
3 378 486 320
3 322 323 321
3 323 568 321
3 321 568 542
3 322 324 323
3 322 326 324
3 322 486 326
3 324 365 323
3 365 416 323
3 416 568 323
3 326 327 324
3 327 506 324
3 324 506 365
3 366 367 325
3 367 538 325
3 325 538 507
3 326 328 327
3 326 478 328
3 326 486 478
3 328 329 327
3 329 331 327
3 331 506 327
3 328 330 329
3 328 508 330
3 478 508 328
3 330 332 329
3 329 524 331
3 332 524 329
3 330 333 332
3 330 334 333
3 330 508 334
3 493 506 331
3 331 582 493
3 524 582 331
3 333 554 332
3 332 588 524
3 554 588 332
3 334 335 333
3 335 347 333
3 347 554 333
3 334 336 335
3 334 514 336
3 508 514 334
3 336 337 335
3 337 483 335
3 335 483 347
3 336 338 337
3 336 339 338
3 336 514 339
3 338 345 337
3 345 346 337
3 346 483 337
3 339 340 338
3 340 502 338
3 338 502 345
3 339 341 340
3 339 515 341
3 514 515 339
3 341 342 340
3 342 357 340
3 357 502 340
3 341 343 342
3 341 518 343
3 515 518 341
3 343 348 342
3 348 503 342
3 342 503 357
3 343 349 348
3 343 535 349
3 518 535 343
3 344 390 362
3 344 444 390
3 344 481 444
3 345 358 346
3 345 382 358
3 345 502 382
3 358 359 346
3 359 370 346
3 370 483 346
3 347 450 419
3 419 554 347
3 347 483 450
3 349 350 348
3 350 364 348
3 364 503 348
3 349 351 350
3 349 353 351
3 349 535 353
3 351 352 350
3 352 500 350
3 350 500 364
3 351 501 352
3 353 354 351
3 354 501 351
3 494 496 352
3 352 501 494
3 496 500 352
3 353 355 354
3 353 448 355
3 353 535 448
3 355 360 354
3 360 363 354
3 363 501 354
3 355 361 360
3 355 445 361
3 355 448 445
3 368 411 356
3 411 599 356
3 356 599 558
3 357 512 502
3 503 504 357
3 504 512 357
3 358 490 359
3 382 383 358
3 383 490 358
3 359 371 370
3 359 373 371
3 359 490 373
3 361 379 360
3 360 457 363
3 379 457 360
3 361 388 379
3 361 389 388
3 361 445 389
3 362 393 378
3 390 449 362
3 362 449 393
3 457 458 363
3 458 459 363
3 459 501 363
3 500 575 364
3 364 531 503
3 364 575 531
3 365 428 416
3 365 563 428
3 506 563 365
3 366 402 367
3 366 443 402
3 366 558 443
3 402 595 367
3 367 569 538
3 367 595 569
3 368 540 411
3 368 471 468
3 468 540 368
3 368 573 471
3 384 425 369
3 369 590 394
3 425 590 369
3 371 372 370
3 372 450 370
3 450 483 370
3 371 464 372
3 373 374 371
3 374 464 371
3 372 559 450
3 464 521 372
3 521 559 372
3 373 375 374
3 373 437 375
3 373 490 437
3 375 386 374
3 386 398 374
3 398 464 374
3 375 422 386
3 375 600 422
3 437 600 375
3 376 439 432
3 432 484 376
3 376 525 439
3 377 557 525
3 546 557 377
3 377 571 546
3 393 399 378
3 399 478 378
3 478 486 378
3 388 539 379
3 379 463 457
3 379 539 463
3 381 391 380
3 391 517 380
3 380 517 485
3 381 404 391
3 401 493 381
3 381 493 404
3 382 396 383
3 382 512 396
3 502 512 382
3 396 397 383
3 397 418 383
3 418 490 383
3 384 562 425
3 384 519 434
3 434 562 384
3 385 546 423
3 385 475 438
3 438 546 385
3 386 400 398
3 386 580 400
3 422 580 386
3 409 552 387
3 510 511 387
3 387 552 510
3 389 520 388
3 520 526 388
3 526 539 388
3 389 445 444
3 444 513 389
3 513 520 389
3 444 445 390
3 445 448 390
3 448 449 390
3 404 405 391
3 405 523 391
3 391 523 517
3 479 516 392
3 516 526 392
3 392 526 520
3 393 515 399
3 449 518 393
3 393 518 515
3 394 538 395
3 507 538 394
3 394 590 507
3 428 477 395
3 395 569 428
3 538 569 395
3 396 577 397
3 512 529 396
3 529 577 396
3 397 436 418
3 397 553 436
3 397 577 553
3 400 570 398
3 398 465 464
3 398 570 465
3 399 508 478
3 399 514 508
3 399 515 514
3 400 560 491
3 491 570 400
3 400 580 560
3 401 477 428
3 428 563 401
3 401 563 493
3 443 542 402
3 542 568 402
3 568 595 402
3 447 561 403
3 403 586 509
3 561 586 403
3 404 406 405
3 404 582 406
3 493 582 404
3 406 407 405
3 407 408 405
3 408 523 405
3 406 412 407
3 406 524 412
3 406 582 524
3 407 480 408
3 412 413 407
3 413 480 407
3 408 522 476
3 476 523 408
3 480 522 408
3 443 558 409
3 409 598 443
3 409 599 552
3 558 599 409
3 425 576 410
3 410 590 425
3 507 590 410
3 540 572 411
3 411 572 552
3 552 599 411
3 412 414 413
3 412 588 414
3 524 588 412
3 414 415 413
3 415 532 413
3 413 532 480
3 414 419 415
3 414 554 419
3 414 588 554
3 419 420 415
3 420 421 415
3 421 532 415
3 428 569 416
3 416 595 568
3 569 595 416
3 417 587 432
3 442 578 417
3 578 587 417
3 437 490 418
3 419 559 420
3 450 559 419
3 420 528 421
3 521 528 420
3 420 559 521
3 421 527 435
3 435 532 421
3 421 528 527
3 537 579 422
3 422 600 537
3 423 562 434
3 546 571 423
3 423 571 562
3 424 564 426
3 424 578 564
3 424 587 578
3 564 594 426
3 427 593 429
3 574 593 427
3 429 593 447
3 431 557 438
3 439 557 431
3 434 519 433
3 438 557 546
3 525 557 439
3 440 581 441
3 441 594 440
3 440 594 564
3 443 598 542
3 481 513 444
3 446 561 447
3 448 535 449
3 449 535 518
3 452 455 451
3 453 454 452
3 454 456 452
3 452 456 455
3 453 470 454
3 466 469 453
3 469 470 453
3 454 567 456
3 470 592 454
3 454 592 567
3 456 586 455
3 455 586 561
3 509 586 456
3 457 541 458
3 463 541 457
3 458 460 459
3 458 544 460
3 541 544 458
3 460 461 459
3 461 494 459
3 494 501 459
3 460 462 461
3 460 547 462
3 544 547 460
3 462 548 461
3 461 495 494
3 461 548 495
3 547 551 462
3 462 589 548
3 551 589 462
3 463 539 482
3 482 543 463
3 463 543 541
3 465 521 464
3 465 556 521
3 465 597 556
3 570 597 465
3 467 540 468
3 468 471 469
3 469 471 470
3 510 572 472
3 474 485 473
3 485 517 473
3 489 513 481
3 556 597 487
3 488 547 544
3 492 567 505
3 493 563 506
3 495 496 494
3 495 497 496
3 495 596 497
3 548 596 495
3 497 498 496
3 498 500 496
3 497 565 498
3 536 565 497
3 497 596 536
3 499 575 498
3 498 575 500
3 555 566 499
3 566 575 499
3 503 531 504
3 504 529 512
3 504 530 529
3 504 531 530
3 567 592 505
3 552 572 510
3 521 556 528
3 530 591 529
3 529 591 577
3 531 566 530
3 534 591 530
3 531 575 566
3 63 5 623
3 5 110 623
3 6 65 624
3 113 6 624
3 104 9 621
3 9 111 621
3 112 10 622
3 10 119 622
3 64 63 606
3 606 63 623
3 65 64 617
3 64 606 617
3 65 617 624
3 105 104 604
3 604 104 621
3 106 105 608
3 105 604 608
3 107 106 602
3 602 106 608
3 108 107 609
3 107 602 609
3 109 108 601
3 601 108 609
3 110 109 616
3 109 601 616
3 110 616 623
3 111 112 614
3 111 614 621
3 614 112 622
3 114 113 603
3 603 113 624
3 115 114 611
3 114 603 611
3 116 115 605
3 605 115 611
3 117 116 610
3 116 605 610
3 118 117 607
3 607 117 610
3 119 118 613
3 118 607 613
3 119 613 622
3 601 609 615
3 612 601 615
3 601 612 616
3 602 608 619
3 609 602 618
3 618 602 619
3 611 603 612
3 612 603 617
3 617 603 624
3 608 604 620
3 604 614 620
3 614 604 621
3 610 605 618
3 605 611 615
3 605 615 618
3 612 606 616
3 606 612 617
3 616 606 623
3 607 610 619
3 613 607 620
3 607 619 620
3 619 608 620
3 615 609 618
3 610 618 619
3 611 612 615
3 614 613 620
3 613 614 622
3 110 5 66
3 69 7 657
3 7 120 657
3 9 104 653
3 127 9 653
3 126 11 652
3 11 129 652
3 66 67 656
3 110 66 633
3 633 66 656
3 67 68 630
3 67 630 656
3 68 69 649
3 630 68 649
3 649 69 657
3 104 105 629
3 104 629 653
3 105 106 634
3 629 105 634
3 106 107 628
3 106 628 634
3 107 108 640
3 628 107 640
3 108 109 627
3 108 627 640
3 109 110 659
3 627 109 659
3 110 633 659
3 120 121 632
3 120 632 657
3 121 122 641
3 632 121 641
3 122 123 625
3 122 625 641
3 123 124 643
3 625 123 643
3 124 125 626
3 124 626 643
3 125 126 644
3 626 125 644
3 644 126 652
3 128 127 646
3 646 127 653
3 129 128 631
3 631 128 646
3 129 631 652
3 641 625 654
3 625 643 658
3 654 625 658
3 643 626 648
3 626 644 650
3 648 626 650
3 640 627 645
3 645 627 647
3 647 627 659
3 634 628 635
3 635 628 636
3 636 628 640
3 629 634 639
3 629 639 646
3 629 646 653
3 642 630 649
3 630 642 655
3 630 655 656
3 644 631 650
3 631 644 652
3 631 646 650
3 632 641 642
3 632 642 649
3 632 649 657
3 647 633 656
3 633 647 659
3 634 635 639
3 635 636 637
3 635 637 648
3 639 635 648
3 637 636 638
3 638 636 645
3 636 640 645
3 637 638 658
3 637 643 648
3 643 637 658
3 638 645 651
3 638 651 654
3 638 654 658
3 646 639 650
3 639 648 650
3 642 641 654
3 651 642 654
3 642 651 655
3 645 647 651
3 651 647 655
3 655 647 656
3 70 6 683
3 6 113 683
3 7 72 682
3 120 7 682
3 119 10 681
3 10 130 681
3 11 126 680
3 131 11 680
3 71 70 676
3 676 70 683
3 72 71 665
3 665 71 676
3 72 665 682
3 113 114 662
3 113 662 683
3 114 115 670
3 662 114 670
3 115 116 664
3 115 664 670
3 116 117 669
3 664 116 669
3 117 118 666
3 117 666 669
3 118 119 672
3 666 118 672
3 672 119 681
3 121 120 675
3 675 120 682
3 122 121 660
3 660 121 675
3 123 122 668
3 122 660 668
3 124 123 661
3 661 123 668
3 125 124 667
3 124 661 667
3 126 125 663
3 663 125 667
3 126 663 680
3 130 131 673
3 130 673 681
3 673 131 680
3 668 660 674
3 660 671 674
3 671 660 675
3 667 661 678
3 661 668 677
3 661 677 678
3 662 670 671
3 662 671 676
3 662 676 683
3 663 667 679
3 673 663 679
3 663 673 680
3 664 669 677
3 670 664 674
3 674 664 677
3 665 671 675
3 671 665 676
3 665 675 682
3 669 666 678
3 666 672 679
3 678 666 679
3 667 678 679
3 668 674 677
3 677 669 678
3 671 670 674
3 672 673 679
3 673 672 681
3 73 684 8
3 8 684 78
3 74 684 73
3 75 684 74
3 76 684 75
3 77 684 76
3 78 684 77
3 127 111 9
3 10 112 685
3 130 10 686
3 10 685 686
3 131 129 11
3 112 111 687
3 111 127 687
3 685 112 687
3 127 128 685
3 127 685 687
3 128 129 686
3 685 128 686
3 129 131 686
3 131 130 686
4 470 692 592 720
4 323 700 713 714
4 572 411 719 734
4 323 700 708 713
4 470 454 592 692
4 572 704 690 719
4 572 719 690 734
4 394 705 690 728
4 703 705 395 728
4 470 715 692 720
4 470 453 692 715
4 470 453 454 692
4 307 693 727 729
4 394 395 705 728
4 323 713 321 714
4 307 727 692 729
4 572 731 723 734
4 112 687 694 730
4 325 538 705 734
4 223 30 695 718
4 314 598 698 719
4 112 687 520 694
4 31 223 329 695
4 470 691 715 720
4 598 714 698 719
4 284 704 703 728
4 331 695 708 711
4 572 690 731 734
4 299 576 410 691
4 690 704 572 731
4 95 252 94 691
4 264 95 94 691
4 306 470 592 720
4 306 691 470 720
4 423 692 715 720
4 690 705 538 734
4 470 691 469 715
4 299 303 302 709
4 284 704 728 731
4 91 712 90 716
4 282 264 433 691
4 385 423 692 715
4 423 715 691 720
4 485 703 284 704
4 479 707 694 717
4 479 717 694 725
4 111 392 687 694
4 323 708 321 713
4 286 492 307 692
4 709 733 507 734
4 576 425 410 691
4 111 694 687 725
4 538 325 507 734
4 394 728 690 733
4 307 456 693 729
4 384 691 434 706
4 395 705 703 726
4 299 302 691 709
4 690 507 733 734
4 91 704 712 716
4 94 691 252 723
4 423 282 691 715
4 307 692 456 729
4 286 692 307 727
4 578 701 587 702
4 434 282 433 691
4 474 485 284 704
4 264 691 94 706
4 698 712 387 719
4 273 274 701 702
4 691 706 384 733
4 520 687 392 694
4 89 712 707 717
4 221 223 31 695
4 699 711 391 722
4 314 698 387 719
4 538 690 394 705
4 538 507 690 734
4 723 731 690 734
4 250 693 99 701
4 423 282 434 691
4 252 691 95 715
4 95 691 264 715
4 89 266 707 712
4 538 690 507 733
4 442 100 701 702
4 410 709 691 733
4 506 700 493 711
4 425 691 384 733
4 89 266 249 707
4 391 711 404 722
4 281 286 307 727
4 99 693 263 701
4 281 307 693 727
4 442 701 578 702
4 332 31 695 732
4 91 236 90 712
4 561 693 250 701
4 280 693 279 701
4 264 433 691 706
4 301 691 576 720
4 446 250 99 701
4 690 705 703 728
4 703 704 485 716
4 410 299 691 709
4 546 385 423 692
4 91 704 236 712
4 469 691 252 715
4 410 691 425 733
4 274 277 701 702
4 312 387 698 712
4 446 561 250 701
4 234 99 263 701
4 273 274 275 701
4 698 699 689 700
4 376 439 693 701
4 434 691 433 706
4 332 31 329 695
4 688 699 698 700
4 288 492 286 692
4 573 691 306 709
4 264 691 282 715
4 243 701 100 702
4 538 394 395 705
4 468 252 469 691
4 249 89 707 717
4 94 706 691 723
4 277 587 701 702
4 538 394 690 733
4 299 691 302 720
4 239 90 699 716
4 307 492 567 692
4 593 447 243 702
4 90 712 699 716
4 273 701 278 702
4 236 712 704 719
4 567 492 505 720
4 442 101 100 702
4 299 576 691 720
4 520 112 694 730
4 567 692 492 720
4 423 691 562 720
4 573 306 304 709
4 112 685 687 730
4 89 239 90 699
4 320 131 696 718
4 89 699 712 717
4 246 702 564 710
4 320 378 11 718
4 302 691 306 720
4 376 693 280 701
4 685 694 687 730
4 523 408 711 717
4 423 571 692 720
4 89 699 90 712
4 273 278 429 702
4 288 692 286 727
4 408 697 407 711
4 328 695 30 718
4 486 696 319 708
4 443 714 598 719
4 381 391 404 722
4 471 469 470 691
4 307 567 456 692
4 493 711 700 722
4 312 387 314 698
4 323 416 700 714
4 406 695 711 732
4 474 704 284 731
4 236 510 712 719
4 129 696 131 718
4 280 281 279 693
4 582 406 695 711
4 696 708 486 718
4 320 11 131 718
4 567 592 454 692
4 574 427 702 710
4 221 695 31 732
4 593 429 447 702
4 269 272 702 710
4 331 506 493 711
4 447 701 243 702
4 453 470 469 715
4 562 434 384 691
4 493 404 711 722
4 468 252 691 723
4 572 540 723 731
4 101 243 100 702
4 403 279 693 701
4 314 409 598 719
4 283 284 728 731
4 697 711 408 717
4 394 300 395 728
4 698 707 312 712
4 281 307 509 693
4 269 702 270 710
4 284 485 291 703
4 429 701 447 702
4 44 697 235 725
4 236 704 510 719
4 292 694 479 707
4 278 701 429 702
4 471 470 306 691
4 323 700 324 708
4 290 312 707 712
4 97 96 475 729
4 417 587 578 701
4 523 711 699 717
4 313 707 698 724
4 251 692 453 715
4 698 699 688 707
4 313 698 713 724
4 311 520 694 730
4 96 692 475 729
4 385 438 475 692
4 698 713 700 714
4 288 293 692 727
4 315 313 698 713
4 129 131 11 718
4 392 694 111 725
4 270 702 268 710
4 391 716 699 722
4 423 434 562 691
4 315 316 313 713
4 474 485 704 716
4 288 287 293 727
4 573 471 306 691
4 471 691 573 709
4 411 599 719 734
4 562 384 425 691
4 313 713 316 724
4 471 691 709 723
4 251 692 96 729
4 700 711 699 722
4 11 320 131 378
4 306 592 505 720
4 573 471 709 723
4 561 403 693 701
4 271 263 693 701
4 102 702 246 710
4 417 578 442 701
4 271 693 439 701
4 269 272 270 702
4 407 711 697 732
4 307 456 509 693
4 34 480 697 732
4 475 385 692 715
4 365 323 416 700
4 235 44 34 697
4 700 708 688 711
4 698 714 689 719
4 688 700 698 713
4 699 707 698 712
4 695 688 708 711
4 102 574 702 710
4 91 90 473 716
4 479 88 717 725
4 270 427 268 702
4 251 452 453 692
4 572 253 540 731
4 376 432 439 701
4 331 695 327 708
4 44 235 3 725
4 410 303 299 709
4 564 702 426 710
4 313 310 707 724
4 249 707 479 717
4 524 695 406 732
4 395 300 703 728
4 416 700 714 726
4 694 707 311 724
4 582 406 524 695
4 705 714 443 719
4 522 717 88 725
4 97 251 96 729
4 271 234 263 701
4 319 708 696 713
4 327 695 328 718
4 331 582 695 711
4 517 699 391 716
4 443 598 409 719
4 571 546 423 692
4 324 323 365 700
4 405 523 408 711
4 280 285 281 693
4 545 702 272 710
4 365 700 416 726
4 454 453 452 692
4 454 456 567 692
4 695 696 688 721
4 427 268 702 710
4 332 695 524 732
4 264 94 265 706
4 377 692 293 727
4 96 692 251 715
4 689 699 698 712
4 475 692 96 715
4 281 285 286 727
4 688 697 694 717
4 471 468 469 691
4 574 262 427 710
4 323 322 321 708
4 288 692 293 720
4 253 723 540 731
4 454 452 456 692
4 689 712 698 719
4 705 719 558 734
4 311 513 520 730
4 456 692 452 729
4 235 34 480 697
4 34 413 480 732
4 697 717 522 725
4 510 511 712 719
4 438 475 692 729
4 281 693 285 727
4 312 511 387 712
4 279 281 509 693
4 327 708 695 718
4 695 697 688 711
4 283 728 706 731
4 599 558 719 734
4 563 722 700 726
4 688 696 695 708
4 311 694 292 707
4 707 712 699 717
4 493 381 404 722
4 33 413 34 732
4 223 695 42 718
4 87 522 88 725
4 426 702 545 710
4 492 692 288 720
4 405 408 407 711
4 391 699 523 711
4 509 403 279 693
4 94 93 706 723
4 387 712 511 719
4 344 696 686 730
4 344 320 131 696
4 332 329 524 695
4 327 329 328 695
4 588 31 332 732
4 586 561 403 693
4 690 728 704 731
4 380 716 391 722
4 323 321 568 714
4 280 376 285 693
4 582 331 493 711
4 385 546 438 692
4 344 131 686 696
4 98 99 250 693
4 698 700 689 714
4 94 93 265 706
4 34 3 44 235
4 292 392 479 694
4 510 704 572 719
4 344 686 130 730
4 98 263 99 693
4 98 248 263 693
4 694 717 697 725
4 284 703 291 728
4 411 356 599 734
4 572 704 472 731
4 562 691 301 720
4 453 469 466 715
4 423 385 282 715
4 278 273 275 701
4 239 699 89 717
4 598 315 698 714
4 586 509 456 693
4 303 304 302 709
4 438 727 431 729
4 274 277 484 701
4 686 344 130 131
4 269 545 272 710
4 438 431 248 729
4 311 707 310 724
4 552 572 411 719
4 545 426 276 702
4 564 440 246 710
4 223 42 30 718
4 321 713 542 714
4 558 705 443 719
4 289 283 284 728
4 319 486 320 696
4 703 704 690 728
4 471 468 691 723
4 34 697 222 732
4 692 727 438 729
4 469 252 466 715
4 290 707 266 712
4 688 694 707 717
4 128 721 694 730
4 694 724 311 730
4 288 286 287 727
4 520 392 311 694
4 538 507 394 733
4 505 302 306 720
4 236 510 511 712
4 32 31 588 732
4 322 486 319 708
4 476 239 89 717
4 98 248 693 729
4 402 705 595 714
4 88 249 479 717
4 251 452 692 729
4 239 473 90 716
4 431 727 693 729
4 510 387 511 719
4 476 699 239 717
4 688 697 695 721
4 94 252 467 723
4 263 248 431 693
4 391 523 405 711
4 102 262 574 710
4 275 280 279 701
4 694 688 696 721
4 274 484 275 701
4 283 238 284 731
4 572 510 472 704
4 687 111 520 392
4 697 711 695 732
4 486 320 696 718
4 479 694 392 725
4 688 708 700 713
4 476 408 523 717
4 586 403 509 693
4 293 377 571 692
4 431 693 248 729
4 694 696 688 724
4 365 428 563 700
4 688 694 697 721
4 586 456 455 693
4 687 685 127 694
4 595 714 705 726
4 222 34 44 697
4 331 327 506 708
4 365 428 700 726
4 380 517 391 716
4 266 290 249 707
4 438 692 546 727
4 293 692 571 720
4 129 696 718 721
4 456 455 693 729
4 703 704 689 705
4 377 546 692 727
4 317 315 542 713
4 305 507 325 734
4 235 697 522 725
4 486 378 320 718
4 432 271 439 701
4 466 251 453 715
4 324 700 506 708
4 563 700 428 726
4 322 321 708 713
4 234 442 100 701
4 688 707 699 717
4 33 34 222 732
4 472 510 236 704
4 376 280 484 701
4 384 434 519 706
4 690 719 705 734
4 322 708 319 713
4 525 285 376 693
4 689 712 704 716
4 476 523 699 717
4 545 276 272 702
4 380 703 291 716
4 32 221 31 732
4 522 697 408 717
4 558 309 705 734
4 128 694 685 730
4 311 392 292 694
4 327 326 708 718
4 695 708 696 718
4 253 572 472 731
4 598 542 315 714
4 246 440 102 710
4 319 696 318 713
4 323 568 416 714
4 402 367 595 705
4 278 447 429 701
4 424 587 277 702
4 687 694 127 725
4 128 696 721 730
4 391 517 523 699
4 426 424 276 702
4 707 713 698 724
4 519 283 289 728
4 235 480 522 697
4 699 700 688 711
4 311 292 310 707
4 300 728 394 733
4 305 709 507 734
4 331 582 524 695
4 249 292 479 707
4 476 523 239 699
4 688 713 707 724
4 552 411 599 719
4 222 697 44 721
4 312 290 511 712
4 485 291 703 716
4 221 42 223 695
4 129 718 42 721
4 698 707 688 713
4 318 696 344 730
4 480 407 408 697
4 406 711 407 732
4 42 718 695 721
4 402 443 705 714
4 443 558 366 705
4 239 699 517 716
4 238 474 284 731
4 706 723 93 731
4 94 467 93 723
4 704 712 689 719
4 269 270 268 710
4 586 455 561 693
4 365 416 428 726
4 686 131 129 696
4 690 704 703 705
4 426 564 424 702
4 250 98 693 729
4 324 365 506 700
4 385 233 282 715
4 479 87 88 725
4 264 265 433 706
4 309 325 705 734
4 309 366 558 705
4 475 233 385 715
4 285 693 525 727
4 233 264 282 715
4 455 250 561 693
4 367 595 705 726
4 318 320 344 696
4 318 713 696 724
4 222 697 721 732
4 407 697 480 732
4 439 525 376 693
4 569 705 395 726
4 689 700 699 722
4 703 716 380 722
4 318 319 320 696
4 89 90 266 712
4 569 538 395 705
4 314 387 409 719
4 516 392 111 725
4 99 234 100 701
4 309 325 366 705
4 317 542 321 713
4 519 706 283 728
4 128 696 129 721
4 689 714 705 719
4 327 328 326 718
4 485 380 291 716
4 322 319 321 713
4 695 718 696 721
4 563 428 722 726
4 127 694 128 721
4 296 703 380 722
4 493 700 563 722
4 519 728 297 733
4 377 546 571 692
4 704 705 690 719
4 694 721 696 730
4 99 100 446 701
4 424 578 587 702
4 697 688 711 717
4 520 513 112 730
4 310 290 312 707
4 275 484 280 701
4 291 380 296 703
4 366 402 443 705
4 332 524 588 732
4 318 316 713 724
4 409 558 443 719
4 239 523 517 699
4 438 248 475 729
4 689 705 704 719
4 300 295 703 728
4 243 446 100 701
4 222 44 43 721
4 87 235 522 725
4 477 395 300 703
4 595 416 714 726
4 44 721 697 725
4 522 480 408 697
4 283 265 238 706
4 42 695 43 721
4 277 274 276 702
4 694 688 707 724
4 128 686 696 730
4 318 344 481 730
4 308 368 573 709
4 411 540 368 734
4 557 693 431 727
4 43 721 695 732
4 127 694 721 725
4 263 431 271 693
4 573 709 368 723
4 519 706 728 733
4 685 128 127 694
4 234 417 442 701
4 439 693 557 727
4 250 693 455 729
4 331 329 327 695
4 492 288 298 720
4 439 431 557 693
4 434 433 519 706
4 368 709 308 734
4 407 480 413 732
4 289 284 291 728
4 265 706 93 731
4 313 489 310 724
4 552 510 572 719
4 525 693 439 727
4 384 706 519 733
4 30 2 328 718
4 312 314 313 698
4 424 277 276 702
4 250 451 98 729
4 587 432 277 701
4 323 324 322 708
4 489 311 310 724
4 540 723 368 734
4 283 706 238 731
4 486 708 326 718
4 689 714 700 726
4 384 519 297 733
4 439 271 431 693
4 287 377 293 727
4 265 238 706 731
4 466 252 95 715
4 686 129 128 696
4 315 313 314 698
4 366 367 402 705
4 472 704 92 731
4 368 723 709 734
4 222 721 43 732
4 278 275 279 701
4 314 598 315 698
4 578 424 564 702
4 326 486 322 708
4 91 472 236 704
4 427 262 268 710
4 438 557 431 727
4 380 391 381 722
4 243 447 446 701
4 558 599 356 734
4 699 712 689 716
4 43 695 221 732
4 92 704 474 731
4 54 55 225 241
4 44 127 721 725
4 250 455 451 729
4 298 299 302 720
4 42 221 43 695
4 466 96 251 715
4 699 711 688 717
4 561 446 447 701
4 505 492 298 720
4 406 405 407 711
4 563 493 506 700
4 376 484 432 701
4 564 426 594 710
4 111 687 127 725
4 403 561 447 701
4 257 53 52 226
4 367 569 595 726
4 474 473 485 716
4 315 317 316 713
4 327 324 506 708
4 401 563 428 722
4 688 696 708 713
4 442 246 101 702
4 272 274 273 702
4 522 408 476 717
4 477 300 295 703
4 403 278 279 701
4 475 96 233 715
4 574 593 243 702
4 689 699 716 722
4 395 703 477 726
4 276 274 272 702
4 318 481 316 724
4 93 723 467 731
4 30 42 2 718
4 329 331 524 695
4 456 452 455 729
4 479 392 516 725
4 288 293 294 720
4 101 574 243 702
4 578 564 246 702
4 128 129 42 721
4 696 713 688 724
4 239 517 473 716
4 233 95 264 715
4 391 405 404 711
4 253 472 92 731
4 432 484 277 701
4 253 93 467 731
4 246 102 101 702
4 573 368 471 723
4 442 578 246 702
4 92 91 474 704
4 477 703 296 722
4 42 43 128 721
4 299 294 576 720
4 112 513 10 730
4 410 507 709 733
4 102 574 101 702
4 563 506 365 700
4 706 728 690 731
4 689 704 703 716
4 255 267 684 710
4 695 721 697 732
4 30 330 329 328
4 691 709 706 733
4 325 538 367 705
4 511 290 266 712
4 703 705 689 726
4 367 705 569 726
4 697 721 694 725
4 255 684 430 710
4 259 684 441 710
4 468 467 252 723
4 441 684 581 710
4 568 595 416 714
4 253 467 723 731
4 270 272 273 702
4 317 318 316 713
4 703 722 477 726
4 505 298 302 720
4 249 88 89 717
4 689 700 722 726
4 317 319 318 713
4 294 301 576 720
4 493 563 401 722
4 583 103 684 710
4 583 684 267 710
4 587 417 432 701
4 301 293 571 720
4 696 724 694 730
4 705 714 689 726
4 128 43 44 721
4 557 438 546 727
4 248 97 475 729
4 687 111 112 520
4 555 52 51 227
4 313 316 489 724
4 228 55 56 553
4 278 403 447 701
4 493 404 582 711
4 297 300 369 728
4 366 325 367 705
4 259 430 684 710
4 297 728 369 733
4 684 103 581 710
4 44 127 128 721
4 328 2 478 718
4 486 478 378 718
4 568 321 542 714
4 11 378 478 718
4 90 236 266 712
4 429 270 273 702
4 564 594 440 710
4 324 327 326 708
4 234 271 417 701
4 286 285 287 727
4 401 722 428 726
4 92 472 91 704
4 295 291 703 728
4 301 294 293 720
4 706 709 691 723
4 369 728 300 733
4 590 410 425 733
4 410 590 507 733
4 558 356 309 734
4 305 325 309 734
4 238 92 474 731
4 87 3 235 725
4 519 289 297 728
4 590 394 507 733
4 265 93 238 731
4 11 2 42 718
4 401 477 722 726
4 295 291 296 703
4 684 75 255 430
4 489 724 481 730
4 259 684 77 441
4 569 367 538 705
4 432 417 271 701
4 42 129 11 718
4 684 255 74 267
4 369 300 394 733
4 298 294 299 720
4 112 10 685 730
4 430 684 76 259
4 308 573 304 709
4 317 321 319 713
4 516 111 9 725
4 103 684 8 583
4 574 427 593 702
4 86 3 87 725
4 377 557 546 727
4 298 288 294 720
4 489 481 513 730
4 689 716 703 722
4 401 477 296 722
4 525 439 557 727
4 443 542 598 714
4 429 427 270 702
4 128 685 686 730
4 593 427 429 702
4 304 305 308 709
4 522 476 88 717
4 368 468 471 723
4 595 569 416 726
4 236 511 266 712
4 253 467 540 723
4 305 308 709 734
4 292 249 290 707
4 581 684 8 103
4 303 410 507 709
4 384 297 369 733
4 251 451 452 729
4 634 629 40 105
4 433 265 283 706
4 329 330 31 332
4 295 289 291 728
4 32 412 33 732
4 292 290 310 707
4 3 86 87 235
4 493 401 381 722
4 425 384 369 733
4 324 326 322 708
4 519 433 283 706
4 412 413 33 732
4 190 195 24 125
4 599 558 409 719
4 25 24 195 125
4 11 478 2 718
4 477 295 296 703
4 88 476 89 717
4 690 723 706 731
4 524 406 412 732
4 303 507 305 709
4 25 195 189 124
4 120 0 7 224
4 125 195 25 124
4 706 690 728 733
4 199 636 638 198
4 127 9 111 725
4 392 111 520 526
4 583 684 73 267
4 296 380 381 722
4 109 36 37 202
4 637 638 636 198
4 86 87 516 725
4 44 3 9 725
4 104 40 41 205
4 109 37 108 202
4 121 122 28 641
4 9 86 516 725
4 328 478 326 718
4 122 27 28 641
4 451 455 452 729
4 26 25 189 123
4 524 412 588 732
4 426 259 594 710
4 109 108 627 202
4 188 28 27 641
4 517 380 485 716
4 581 78 684 441
4 41 9 104 653
4 481 489 316 724
4 125 23 644 126
4 251 97 451 729
4 401 428 477 726
4 516 87 479 725
4 130 444 344 730
4 112 10 513 389
4 413 412 407 732
4 41 3 9 653
4 41 3 653 213
4 552 387 510 719
4 34 413 532 480
4 304 303 305 709
4 36 35 659 109
4 222 43 221 732
4 190 195 125 626
4 35 36 659 193
4 703 689 722 726
4 665 71 72 227
4 120 121 220 632
4 356 411 368 734
4 44 43 128 192
4 107 628 38 106
4 98 97 248 729
4 44 9 127 725
4 40 629 634 187
4 78 77 684 441
4 628 634 39 106
4 652 23 11 126
4 226 7 72 682
4 106 634 39 105
4 214 11 129 652
4 44 9 3 653
4 653 3 44 213
4 640 108 107 186
4 86 9 3 725
4 466 95 96 715
4 124 189 25 123
4 287 285 525 727
4 77 76 684 259
4 27 26 201 625
4 214 23 11 652
4 2 23 11 214
4 0 12 183 225
4 478 486 326 718
4 44 128 127 192
4 42 128 631 129
4 633 229 110 218
4 224 29 194 657
4 406 407 412 732
4 644 190 125 626
4 40 39 634 105
4 441 594 259 710
4 481 344 444 730
4 103 102 440 710
4 269 255 430 710
4 414 33 32 412
4 76 75 684 430
4 640 628 636 219
4 197 201 189 658
4 233 96 95 715
4 517 485 473 716
4 426 545 259 710
4 513 520 112 389
4 124 195 189 626
4 128 43 42 631
4 40 629 187 205
4 124 125 195 626
4 594 441 440 710
4 255 74 75 684
4 635 196 637 198
4 516 111 392 526
4 568 402 595 714
4 11 42 2 214
4 222 32 33 732
4 684 74 73 267
4 103 262 102 710
4 404 405 406 711
4 269 268 255 710
4 127 9 44 653
4 214 11 42 129
4 582 404 406 711
4 268 267 255 710
4 27 122 123 625
4 26 27 123 625
4 508 30 2 328
4 267 268 262 710
4 409 387 552 719
4 640 627 108 186
4 267 262 583 710
4 27 201 188 625
4 684 8 78 581
4 425 369 590 733
4 588 412 32 732
4 684 73 8 583
4 451 97 98 729
4 532 235 34 480
4 187 629 639 205
4 634 629 639 187
4 195 190 200 626
4 430 545 269 710
4 305 309 308 734
4 259 545 430 710
4 197 206 201 658
4 640 636 645 219
4 122 28 504 121
4 28 122 504 27
4 39 634 628 187
4 218 231 22 210
4 657 232 69 649
4 428 395 477 726
4 131 320 344 362
4 416 569 428 726
4 13 12 228 174
4 402 542 443 714
4 38 108 186 107
4 108 38 186 37
4 0 29 19 224
4 5 110 66 229
4 440 441 581 710
4 412 414 33 413
4 568 542 402 714
4 654 201 206 658
4 219 645 640 215
4 123 189 625 643
4 25 125 341 24
4 41 84 40 104
4 104 84 40 105
4 37 36 80 491
4 9 85 41 104
4 641 188 208 654
4 647 627 215 202
4 39 38 628 106
4 634 39 40 187
4 631 644 214 652
4 653 213 192 205
4 123 124 189 643
4 125 25 341 124
4 85 3 9 41
4 229 633 66 218
4 224 194 19 657
4 193 659 647 202
4 208 220 641 632
4 226 120 7 682
4 540 468 368 723
4 67 68 230 630
4 230 20 21 191
4 646 127 128 192
4 207 42 43 631
4 229 35 1 110
4 120 29 0 224
4 25 26 340 123
4 654 188 201 625
4 215 627 640 186
4 188 206 208 654
4 647 627 645 215
4 201 206 188 654
4 627 640 645 215
4 599 409 552 719
4 44 653 213 192
4 214 129 631 652
4 300 297 295 728
4 328 2 508 478
4 647 633 203 210
4 194 208 649 642
4 196 197 643 637
4 636 635 198 204
4 126 125 23 515
4 504 28 529 121
4 19 29 194 224
4 66 633 229 110
4 529 27 28 504
4 232 68 69 649
4 21 22 231 210
4 296 381 401 722
4 189 196 197 643
4 635 636 628 204
4 399 11 23 126
4 24 25 340 341
4 633 193 203 210
4 649 632 194 642
4 643 124 189 626
4 583 262 103 710
4 653 104 41 205
4 440 581 103 710
4 672 535 449 448
4 204 628 38 186
4 203 193 647 202
4 632 641 208 642
4 229 1 35 218
4 197 206 658 638
4 219 636 645 199
4 23 2 11 399
4 481 444 513 730
4 1 5 229 110
4 213 653 41 205
4 104 653 629 205
4 656 231 633 210
4 217 232 194 649
4 428 569 395 726
4 224 7 120 657
4 212 647 645 215
4 206 208 654 651
4 637 648 196 635
4 196 635 209 198
4 590 369 394 733
4 92 238 93 731
4 368 308 356 734
4 244 107 602 488
4 26 27 357 123
4 625 201 654 658
4 640 219 215 186
4 217 216 630 642
4 656 655 191 203
4 226 257 120 682
4 357 340 26 123
4 297 289 295 728
4 24 23 125 515
4 81 37 491 254
4 215 203 647 202
4 654 208 641 642
4 130 10 444 730
4 124 25 340 123
4 652 644 23 126
4 218 66 231 210
4 657 19 232 649
4 633 647 656 210
4 194 208 217 649
4 222 221 32 732
4 633 231 66 210
4 19 194 232 649
4 534 0 7 120
4 653 44 127 192
4 129 214 631 42
4 339 24 340 341
4 142 143 345 133
4 261 80 36 491
4 10 513 444 730
4 244 602 544 488
4 257 120 7 226
4 609 108 547 488
4 109 35 659 110
4 121 29 220 28
4 229 22 1 218
4 23 214 644 652
4 29 121 220 120
4 130 686 10 730
4 214 190 23 644
4 662 670 114 496
4 362 131 320 378
4 639 211 187 205
4 488 108 547 258
4 225 183 0 241
4 107 38 82 106
4 224 69 7 657
4 203 656 647 210
4 649 208 217 642
4 540 467 468 723
4 119 355 672 448
4 654 641 188 625
4 627 215 202 186
4 658 643 197 637
4 198 219 636 204
4 382 345 143 133
4 656 230 21 191
4 230 68 217 630
4 646 653 192 205
4 644 214 207 631
4 216 217 208 642
4 655 656 647 203
4 653 646 629 205
4 214 207 190 644
4 647 633 193 203
4 208 194 632 642
4 106 39 83 105
4 647 212 203 215
4 651 208 654 642
4 110 229 35 218
4 630 649 217 642
4 203 191 656 210
4 199 206 638 212
4 204 39 628 187
4 92 93 253 731
4 120 591 121 530
4 224 120 29 657
4 287 525 377 727
4 309 356 308 734
4 196 197 637 198
4 636 635 637 198
4 28 188 220 641
4 109 659 36 202
4 257 7 53 226
4 21 67 230 656
4 217 20 68 230
4 627 659 109 202
4 121 28 220 641
4 647 645 651 212
4 206 208 651 212
4 220 188 208 641
4 627 647 659 202
4 119 445 355 448
4 39 40 83 105
4 1 4 5 79
4 601 108 547 609
4 514 24 164 336
4 84 83 40 105
4 149 151 450 372
4 377 525 557 727
4 110 35 659 193
4 38 39 628 204
4 36 172 139 261
4 601 547 108 258
4 120 220 29 632
4 669 117 116 501
4 663 667 518 535
4 219 628 636 204
4 643 197 189 658
4 463 539 379 604
4 132 240 40 170
4 658 206 654 638
4 199 645 219 215
4 114 662 496 497
4 341 25 340 124
4 167 345 134 142
4 449 535 672 673
4 343 518 667 535
4 344 390 130 362
4 638 197 206 199
4 638 645 636 199
4 333 330 31 166
4 345 337 167 134
4 217 230 630 191
4 656 630 230 191
4 448 449 672 673
4 133 144 382 163
4 41 85 84 104
4 200 196 195 648
4 639 635 634 209
4 514 24 23 164
4 199 219 636 198
4 637 197 658 638
4 602 608 106 244
4 335 334 333 166
4 24 514 339 336
4 117 669 351 501
4 143 346 359 146
4 30 31 330 166
4 149 450 370 372
4 113 683 565 536
4 520 111 112 526
4 591 28 29 121
4 644 207 190 650
4 0 54 225 241
4 170 240 40 527
4 504 122 121 531
4 608 541 543 244
4 333 31 330 332
4 158 177 419 415
4 121 29 591 120
4 177 158 140 415
4 37 80 81 491
4 334 330 333 166
4 130 444 445 390
4 651 638 206 212
4 678 677 348 350
4 374 168 147 371
4 354 117 666 351
4 35 36 80 109
4 22 66 231 218
4 232 69 19 657
4 346 359 358 143
4 118 666 672 353
4 191 655 216 203
4 216 655 630 642
4 125 341 518 667
4 360 361 355 613
4 418 245 436 176
4 646 653 127 192
4 42 207 214 631
4 667 341 518 343
4 134 337 165 336
4 603 548 589 617
4 25 24 340 339
4 337 335 165 336
4 613 360 361 379
4 350 348 678 349
4 608 602 541 244
4 646 192 211 205
4 650 644 207 631
4 647 633 659 193
4 220 208 194 632
4 680 362 449 393
4 543 106 608 244
4 14 57 171 137
4 360 355 118 613
4 83 82 106 244
4 134 345 337 338
4 548 589 612 603
4 337 335 483 165
4 196 643 626 648
4 635 209 204 187
4 361 445 119 389
4 80 36 37 109
4 231 656 21 210
4 68 232 217 649
4 514 508 2 399
4 108 80 37 109
4 388 112 520 389
4 351 666 354 353
4 26 512 502 357
4 601 616 258 109
4 448 681 445 390
4 498 497 662 565
4 133 512 27 163
4 382 143 144 133
4 354 363 360 607
4 36 659 193 202
4 355 445 119 361
4 390 130 444 344
4 641 220 121 632
4 678 343 667 349
4 565 683 49 536
4 635 648 196 209
4 51 71 665 227
4 196 643 648 637
4 635 209 198 204
4 121 591 28 530
4 355 118 672 353
4 399 508 2 478
4 85 41 527 435
4 363 360 607 457
4 520 112 388 526
4 364 677 500 350
4 664 116 115 352
4 106 82 107 244
4 119 622 361 389
4 131 344 130 362
4 457 619 541 608
4 348 343 678 349
4 40 83 84 240
4 382 345 358 143
4 535 672 353 448
4 355 354 118 353
4 351 354 117 501
4 494 116 459 501
4 602 544 541 244
4 374 464 168 371
4 225 55 183 241
4 117 669 666 351
4 661 343 678 348
4 337 483 346 167
4 526 237 621 539
4 626 195 196 648
4 209 635 634 187
4 504 512 27 357
4 39 83 82 106
4 669 351 350 349
4 414 419 177 415
4 619 458 363 457
4 35 79 1 110
4 164 134 165 336
4 48 65 47 247
4 64 46 47 533
4 336 134 337 338
4 444 445 10 130
4 353 351 666 349
4 7 54 534 53
4 345 337 346 167
4 54 7 534 0
4 125 341 339 515
4 118 355 119 613
4 530 504 121 531
4 363 117 354 501
4 351 352 669 350
4 118 354 355 360
4 518 341 125 515
4 383 382 144 163
4 386 374 153 375
4 61 62 18 549
4 41 84 85 527
4 363 459 458 610
4 666 118 354 353
4 143 358 382 144
4 550 258 616 109
4 11 399 478 378
4 9 3 85 86
4 84 83 105 543
4 503 342 661 348
4 230 217 20 191
4 630 230 67 656
4 494 352 116 501
4 84 40 240 527
4 664 669 116 352
4 382 383 396 163
4 508 180 334 514
4 502 340 26 357
4 482 84 85 104
4 345 142 502 338
4 247 548 603 617
4 193 110 35 218
4 115 496 352 494
4 459 363 501 610
4 133 512 382 502
4 354 118 117 607
4 82 107 244 488
4 361 119 355 613
4 670 500 498 674
4 496 664 115 352
4 672 355 353 448
4 111 516 237 526
4 460 458 459 618
4 35 1 79 584
4 118 117 666 354
4 657 120 29 632
4 38 39 82 106
4 86 3 435 235
4 374 152 168 398
4 133 26 512 502
4 339 340 25 338
4 661 342 343 348
4 86 3 85 435
4 193 633 110 218
4 657 29 194 632
4 626 200 195 648
4 209 634 639 187
4 11 399 378 393
4 371 149 370 372
4 10 445 444 389
4 237 482 621 539
4 118 354 360 607
4 662 496 497 498
4 200 648 639 209
4 24 25 134 338
4 2 23 514 399
4 237 9 516 111
4 27 28 163 529
4 86 237 9 516
4 346 358 345 143
4 459 461 460 605
4 347 450 169 419
4 435 179 421 532
4 685 10 686 730
4 547 544 460 609
4 671 670 498 674
4 575 498 500 674
4 513 10 444 389
4 352 496 664 500
4 541 458 544 602
4 352 116 115 494
4 482 85 237 104
4 461 459 494 605
4 167 165 483 150
4 512 26 27 357
4 361 388 622 379
4 543 83 106 244
4 494 459 116 605
4 5 1 79 110
4 554 414 419 177
4 399 126 515 393
4 57 13 56 436
4 142 345 134 338
4 622 119 10 389
4 374 153 152 386
4 168 464 374 398
4 677 364 348 350
4 168 156 149 372
4 527 435 179 421
4 495 494 115 611
4 363 354 117 607
4 30 334 330 508
4 370 359 346 146
4 46 63 45 260
4 679 672 535 673
4 105 482 84 543
4 364 503 668 348
4 461 494 495 611
4 667 679 678 349
4 330 30 508 328
4 115 496 494 495
4 544 458 460 618
4 83 106 105 543
4 464 168 156 465
4 681 10 445 130
4 133 142 26 502
4 463 482 539 604
4 379 539 614 604
4 413 33 34 532
4 110 659 633 193
4 220 194 29 632
4 551 589 260 616
4 662 670 496 498
4 674 677 500 364
4 502 25 340 338
4 130 445 681 390
4 604 463 482 543
4 346 483 370 150
4 25 24 339 338
4 334 514 164 336
4 419 169 138 158
4 551 601 616 258
4 603 589 612 617
4 665 555 51 227
4 25 26 142 502
4 541 458 619 457
4 32 588 414 412
4 340 342 341 124
4 237 9 85 86
4 257 530 120 675
4 57 13 436 137
4 378 362 131 393
4 378 131 11 393
4 105 608 604 543
4 664 669 352 350
4 164 165 335 336
4 330 334 30 166
4 498 575 671 674
4 589 606 260 616
4 672 118 355 119
4 119 445 10 389
4 146 167 346 150
4 548 247 589 617
4 207 200 190 650
4 515 126 518 393
4 24 134 164 336
4 655 630 656 191
4 630 216 217 191
4 185 560 400 580
4 361 622 388 389
4 667 663 679 535
4 104 482 84 105
4 342 341 124 343
4 650 207 200 211
4 639 646 650 211
4 335 334 164 336
4 608 541 463 543
4 664 352 500 350
4 512 27 26 133
4 487 39 38 159
4 170 132 240 528
4 122 121 531 660
4 15 58 59 537
4 135 172 570 400
4 39 240 132 556
4 502 142 25 338
4 156 168 464 372
4 660 675 566 499
4 240 39 487 556
4 350 678 669 349
4 618 460 544 609
4 260 551 616 550
4 483 337 165 167
4 529 512 27 504
4 152 153 374 375
4 105 604 482 543
4 172 185 139 491
4 463 604 608 543
4 121 120 530 675
4 500 677 664 350
4 258 616 551 550
4 609 547 544 488
4 504 122 503 123
4 146 359 145 147
4 142 134 25 338
4 126 518 125 515
4 342 357 503 123
4 182 333 335 347
4 53 534 120 257
4 661 343 667 678
4 521 157 420 528
4 34 435 235 532
4 399 23 514 515
4 169 138 347 419
4 534 29 0 120
4 483 346 167 150
4 499 665 242 671
4 146 370 359 371
4 364 668 677 348
4 435 3 34 235
4 527 170 240 528
4 256 422 580 173
4 346 143 167 146
4 145 143 359 146
4 535 518 663 449
4 167 143 345 142
4 40 84 41 527
4 353 666 679 349
4 610 459 458 618
4 660 675 499 671
4 106 107 602 244
4 108 601 258 109
4 347 335 182 483
4 668 661 677 348
4 153 181 160 580
4 357 504 503 123
4 566 675 682 555
4 337 165 167 134
4 566 121 675 660
4 462 551 547 601
4 72 52 555 227
4 231 66 656 633
4 232 194 19 217
4 559 157 420 521
4 514 180 334 164
4 518 125 663 126
4 114 113 596 603
4 667 124 341 343
4 459 610 605 618
4 218 633 66 210
4 194 19 657 649
4 143 345 346 167
4 33 413 415 532
4 534 7 53 120
4 79 1 4 584
4 647 651 655 212
4 651 208 216 212
4 41 85 3 435
4 462 612 615 611
4 530 120 534 257
4 245 57 436 137
4 147 149 146 371
4 212 655 647 203
4 651 216 208 642
4 79 4 5 585
4 169 483 165 150
4 500 664 677 674
4 619 363 607 457
4 413 414 33 415
4 436 397 162 174
4 108 609 107 488
4 111 237 621 526
4 26 25 340 502
4 670 664 115 496
4 450 370 483 150
4 679 353 349 535
4 458 541 619 602
4 12 55 228 553
4 386 152 374 398
4 226 52 257 682
4 379 620 463 604
4 151 149 156 372
4 645 199 212 215
4 638 206 654 651
4 683 49 70 565
4 58 15 14 171
4 614 620 379 604
4 375 437 373 148
4 620 613 614 379
4 85 9 237 104
4 120 7 53 257
4 121 566 531 660
4 159 156 168 465
4 370 146 149 371
4 61 17 60 256
4 399 2 11 478
4 603 612 548 611
4 483 335 182 165
4 619 610 458 618
4 677 678 669 350
4 491 185 139 560
4 534 591 120 530
4 615 460 618 609
4 612 533 606 617
4 518 125 667 663
4 383 382 358 144
4 174 56 436 553
4 457 360 620 379
4 560 160 139 175
4 494 116 115 605
4 183 55 553 241
4 38 81 108 107
4 81 37 38 108
4 615 612 462 601
4 146 346 370 150
4 537 59 15 136
4 256 422 173 579
4 551 547 601 258
4 501 363 117 610
4 613 361 622 379
4 200 626 650 648
4 211 209 639 187
4 496 115 114 495
4 661 668 503 348
4 504 122 531 503
4 123 503 342 661
4 59 16 15 136
4 359 358 143 145
4 618 458 619 602
4 82 83 39 487
4 63 45 260 623
4 116 459 610 605
4 182 483 165 169
4 662 498 565 242
4 678 677 661 348
4 144 490 383 161
4 363 607 610 619
4 144 162 383 163
4 500 496 670 498
4 50 51 71 242
4 72 555 665 227
4 147 152 374 148
4 548 461 495 611
4 566 530 121 531
4 436 397 174 553
4 648 650 200 639
4 209 639 200 211
4 610 458 363 619
4 606 589 612 616
4 418 437 245 176
4 111 388 112 526
4 674 660 668 364
4 620 619 457 608
4 461 462 460 615
4 375 374 152 148
4 174 162 436 137
4 544 458 618 602
4 121 529 504 530
4 656 21 67 231
4 20 68 232 217
4 673 390 449 362
4 665 676 242 671
4 152 178 168 398
4 152 153 375 148
4 612 462 548 611
4 499 242 498 671
4 139 35 36 261
4 669 664 677 350
4 125 339 24 515
4 547 460 462 615
4 126 680 663 393
4 530 257 566 675
4 436 13 56 174
4 501 116 459 610
4 135 172 400 154
4 503 123 668 661
4 136 537 181 600
4 383 397 396 163
4 397 383 162 163
4 347 450 483 169
4 419 450 169 158
4 605 461 460 615
4 397 162 174 141
4 50 70 49 565
4 147 152 168 374
4 559 151 156 372
4 457 620 463 379
4 607 117 363 610
4 495 115 114 611
4 461 548 462 611
4 419 420 158 415
4 548 495 596 603
4 496 670 664 500
4 547 460 615 609
4 648 200 196 209
4 635 639 648 209
4 57 245 171 137
4 144 143 358 145
4 147 146 359 371
4 359 373 147 371
4 139 185 160 560
4 360 613 620 379
4 170 40 41 527
4 490 161 145 148
4 122 531 503 668
4 138 554 347 419
4 400 570 135 154
4 141 28 577 163
4 465 178 135 570
4 618 605 460 615
4 656 67 66 231
4 19 20 232 217
4 605 460 459 618
4 359 373 145 147
4 162 383 397 418
4 140 158 420 415
4 370 146 150 149
4 679 672 353 535
4 179 435 34 532
4 257 566 682 555
4 526 614 388 539
4 117 116 501 610
4 422 386 153 375
4 602 618 544 609
4 191 21 656 210
4 217 68 649 630
4 358 359 490 145
4 483 182 347 169
4 156 157 151 559
4 537 579 59 136
4 665 555 675 499
4 63 46 64 606
4 257 566 675 682
4 36 37 172 491
4 13 57 14 137
4 141 397 162 163
4 138 554 419 177
4 386 160 153 154
4 465 135 597 570
4 418 383 490 161
4 487 83 39 240
4 58 15 171 537
4 131 130 390 362
4 487 38 82 254
4 668 531 503 364
4 537 171 155 136
4 154 185 400 580
4 335 334 166 164
4 375 153 155 148
4 397 436 162 418
4 115 114 670 496
4 159 132 156 556
4 533 64 46 606
4 49 6 48 536
4 240 40 39 132
4 390 449 448 673
4 421 34 140 532
4 399 11 126 393
4 374 147 373 371
4 620 607 360 457
4 418 490 437 161
4 614 388 539 379
4 668 677 674 364
4 682 52 257 555
4 398 386 152 154
4 118 360 613 607
4 162 436 137 176
4 663 518 126 393
4 170 527 421 528
4 414 554 32 177
4 83 40 39 240
4 332 333 31 554
4 533 589 612 606
4 579 173 16 136
4 555 566 675 499
4 23 399 126 515
4 36 172 261 491
4 258 80 108 109
4 612 589 533 617
4 17 61 18 175
4 526 621 111 539
4 261 172 139 491
4 398 570 400 154
4 38 597 487 159
4 551 462 612 601
4 140 415 421 532
4 149 147 168 371
4 174 12 228 553
4 174 436 13 137
4 616 623 260 550
4 123 122 503 668
4 549 18 61 175
4 81 38 82 107
4 449 131 362 680
4 241 553 183 141
4 651 655 216 642
4 216 655 212 203
4 161 437 155 148
4 555 675 682 665
4 668 122 531 660
4 360 613 607 620
4 615 462 547 601
4 109 80 35 110
4 491 139 261 560
4 70 50 71 676
4 499 566 660 575
4 662 114 113 497
4 6 49 70 683
4 60 17 16 173
4 105 106 608 543
4 602 541 619 608
4 181 173 579 136
4 41 527 435 179
4 386 153 160 580
4 111 614 526 539
4 48 65 247 624
4 174 228 56 553
4 570 398 178 154
4 6 65 48 624
4 237 482 104 621
4 166 31 333 138
4 171 245 155 176
4 51 71 242 665
4 662 670 498 671
4 107 82 81 488
4 114 113 497 596
4 601 547 615 609
4 168 178 159 465
4 662 113 683 565
4 565 497 113 536
4 615 605 461 611
4 135 597 38 159
4 537 15 171 136
4 465 156 464 521
4 386 398 400 154
4 107 81 108 488
4 676 50 71 242
4 570 178 135 154
4 80 36 35 261
4 373 374 375 148
4 80 79 35 110
4 151 169 450 158
4 421 179 34 532
4 536 48 247 624
4 386 153 152 154
4 139 549 261 560
4 529 28 577 591
4 383 358 490 144
4 390 673 131 362
4 247 65 47 617
4 680 11 131 393
4 16 59 579 136
4 464 156 372 521
4 614 388 111 526
4 536 6 48 624
4 132 157 521 528
4 373 145 147 148
4 62 1 18 184
4 181 153 155 600
4 374 373 147 148
4 23 180 514 164
4 137 436 245 176
4 497 496 114 495
4 577 397 141 163
4 35 79 80 261
4 375 155 437 148
4 499 675 665 671
4 72 52 226 682
4 35 1 584 184
4 666 678 679 349
4 415 34 33 532
4 62 4 1 584
4 359 373 490 145
4 182 335 333 166
4 177 419 138 158
4 341 125 124 667
4 342 124 123 661
4 537 422 579 136
4 181 155 136 600
4 435 3 41 179
4 178 465 398 570
4 537 181 422 136
4 603 495 114 611
4 10 445 119 681
4 242 555 665 499
4 372 156 559 521
4 104 9 237 621
4 603 548 495 611
4 660 499 575 671
4 184 18 62 549
4 436 162 418 176
4 639 650 200 211
4 144 358 490 145
4 126 11 680 393
4 556 132 521 528
4 388 614 622 379
4 671 575 660 674
4 228 56 13 174
4 61 549 175 256
4 155 245 171 537
4 145 373 490 148
4 152 178 398 154
4 150 169 450 151
4 158 420 157 140
4 81 80 37 108
4 575 499 498 671
4 577 553 241 141
4 247 47 533 617
4 135 159 178 465
4 229 66 22 218
4 224 19 69 657
4 183 12 55 225
4 166 182 335 164
4 555 51 242 665
4 341 339 24 125
4 615 461 462 611
4 181 153 422 580
4 601 612 551 616
4 37 172 491 135
4 551 612 589 616
4 606 533 589 260
4 169 450 483 150
4 623 45 260 585
4 132 157 156 521
4 550 623 260 585
4 673 130 390 131
4 45 5 4 585
4 531 668 660 364
4 12 55 553 183
4 397 174 553 141
4 17 61 175 256
4 397 577 396 163
4 482 104 604 105
4 180 334 30 508
4 159 135 597 465
4 154 160 185 580
4 82 39 38 487
4 111 388 614 112
4 156 157 559 521
4 488 81 108 258
4 585 5 79 110
4 247 533 589 617
4 549 184 18 175
4 159 597 487 556
4 181 579 422 136
4 218 193 633 210
4 194 657 632 649
4 173 60 17 256
4 1 62 584 184
4 500 670 664 674
4 132 170 157 528
4 565 676 662 242
4 64 47 65 617
4 622 10 112 389
4 622 112 388 389
4 254 37 491 135
4 482 621 539 604
4 415 140 34 532
4 241 29 54 534
4 613 622 614 379
4 179 170 527 421
4 72 52 682 555
4 170 157 420 140
4 256 160 173 580
4 536 113 6 624
4 560 139 549 175
4 537 155 245 600
4 140 420 170 421
4 674 575 660 364
4 47 64 533 617
4 666 679 672 353
4 683 70 676 565
4 419 559 450 158
4 537 422 181 600
4 421 420 170 528
4 171 245 58 537
4 449 673 131 680
4 16 59 60 579
4 180 30 2 508
4 154 386 160 580
4 9 237 621 111
4 54 29 0 534
4 437 155 176 161
4 566 121 530 675
4 141 577 28 591
4 554 138 32 177
4 437 155 245 176
4 534 591 29 120
4 60 173 579 256
4 131 362 680 393
4 63 46 606 260
4 420 559 419 158
4 175 560 160 256
4 577 397 553 141
4 54 0 29 241
4 153 181 422 600
4 131 673 449 362
4 161 144 490 145
4 596 495 114 603
4 46 533 606 260
4 140 179 34 421
4 45 63 5 623
4 154 400 386 580
4 527 41 170 179
4 559 151 450 158
4 120 257 675 682
4 559 157 151 158
4 560 491 185 400
4 165 335 182 164
4 254 38 37 135
4 32 31 138 554
4 184 62 584 549
4 32 588 554 414
4 614 111 621 539
4 606 533 64 617
4 140 34 33 415
4 139 184 35 261
4 465 597 159 556
4 153 386 422 580
4 333 182 138 347
4 333 182 166 138
4 70 50 676 565
4 82 38 81 254
4 166 334 30 180
4 435 34 3 179
4 566 531 660 575
4 175 173 17 256
4 113 662 497 565
4 390 448 681 673
4 173 16 60 579
4 630 655 216 191
4 176 162 418 161
4 183 29 0 241
4 37 81 38 254
4 71 676 242 665
4 604 620 463 608
4 555 682 72 665
4 375 155 153 600
4 553 174 12 183
4 33 414 177 415
4 260 606 63 623
4 135 491 254 570
4 420 140 415 421
4 521 159 156 556
4 482 104 621 604
4 65 247 624 617
4 607 620 619 457
4 591 529 28 530
4 554 333 138 347
4 184 139 549 261
4 565 50 676 242
4 521 465 159 556
4 521 156 132 556
4 138 31 333 554
4 141 241 577 591
4 175 549 560 256
4 556 240 132 528
4 575 531 660 364
4 487 597 38 254
4 465 159 156 521
4 81 80 108 258
4 616 550 109 110
4 437 245 155 600
4 500 575 674 364
4 137 245 171 176
4 553 174 183 141
4 549 584 184 261
4 375 153 422 600
4 184 584 35 261
4 109 550 80 110
4 612 589 462 551
4 550 616 623 110
4 559 450 151 372
4 570 172 491 400
4 160 173 175 256
4 623 5 45 585
4 673 449 663 680
4 79 80 550 110
4 550 80 258 109
4 140 170 179 421
4 254 597 38 135
4 136 155 537 600
4 539 621 614 604
4 624 596 536 603
4 624 247 596 603
4 79 35 584 261
4 560 185 160 580
4 113 536 596 603
4 180 166 334 164
4 247 548 596 603
4 121 28 529 530
4 28 29 141 591
4 135 172 491 570
4 559 420 157 158
4 172 185 491 400
4 495 114 497 596
4 420 157 170 528
4 536 113 624 603
4 361 622 119 613
4 596 536 247 624
4 140 33 177 415
4 414 32 33 177
4 462 589 612 548
4 216 655 651 212
4 549 139 184 175
4 536 497 113 596
4 585 623 5 110
4 256 560 160 580
4 375 437 155 600
4 585 550 623 110
4 173 181 579 422
4 672 681 448 673
4 176 418 437 161
4 260 606 623 616
4 683 676 662 565
4 29 241 141 591
4 390 681 130 673
4 182 138 347 169
4 172 185 400 154
4 135 254 597 570
4 388 614 112 622
4 79 550 585 110
4 603 624 247 617
4 241 183 29 141
4 29 241 591 534
4 30 695 329 223
4 329 695 30 328
4 734 723 706 690
4 706 723 734 709
4 706 733 734 690
4 734 733 706 709
4 711 506 708 331
4 711 708 506 700
4 709 306 302 691
4 709 302 306 304
4 720 567 592 505
4 720 592 567 692
4 707 313 312 310
4 707 312 313 698
4 425 301 691 576
4 425 691 301 562
4 734 540 572 411
4 734 572 540 723
4 714 315 713 542
4 714 713 315 698
4 716 91 474 473
4 716 474 91 704
4 730 318 724 481
4 730 724 318 696
4 562 571 720 301
4 562 720 571 423
4 730 489 311 513
4 730 311 489 724
4 30 31 329 330
4 30 329 31 223
4 198 638 197 637
4 198 197 638 199
4 631 207 192 43
4 631 128 192 646
4 192 128 631 43
4 202 108 186 37
4 202 186 108 627
4 641 27 625 122
4 641 625 27 188
4 40 629 104 105
4 40 104 629 205
4 125 190 23 24
4 23 190 125 644
4 625 26 189 123
4 625 189 26 201
4 186 628 219 204
4 186 219 628 640
4 189 625 658 201
4 189 658 625 643
4 488 602 609 107
4 488 609 602 544
4 536 683 6 113
4 536 6 683 49
4 133 345 502 382
4 133 502 345 142
4 186 107 628 38
4 186 628 107 640
4 639 205 646 211
4 646 205 639 629
4 190 650 626 644
4 626 650 190 200
4 31 588 554 32
4 554 588 31 332
4 448 119 681 672
4 448 681 119 445
4 149 450 150 370
4 149 150 450 151
4 123 340 342 357
4 123 342 340 124
4 189 626 196 643
4 196 626 189 195
4 628 187 635 204
4 635 187 628 634
4 212 638 645 651
4 212 645 638 199
4 669 501 352 351
4 352 501 669 116
4 514 2 180 23
4 514 180 2 508
4 338 24 336 134
4 338 336 24 339
4 556 39 159 132
4 556 159 39 487
4 662 242 671 498
4 671 242 662 676
4 529 163 577 28
4 529 577 163 396
4 669 349 666 351
4 666 349 669 678
4 57 171 58 14
4 58 171 57 245
4 161 383 162 418
4 161 162 383 144
4 673 535 663 449
4 673 663 535 679
4 608 457 463 541
4 608 463 457 620
4 504 123 27 122
4 27 123 504 357
4 611 494 605 461
4 611 605 494 115
4 514 24 515 23
4 514 515 24 339
4 163 512 529 396
4 163 529 512 27
4 163 382 512 396
4 163 512 382 133
4 168 372 371 464
4 371 372 168 149
4 343 124 661 667
4 343 661 124 342
4 663 393 449 518
4 449 393 663 680
4 490 148 437 161
4 437 148 490 373
4 168 398 465 464
4 465 398 168 178
4 535 667 349 679
4 535 349 667 343
4 580 181 173 422
4 580 173 181 160
4 631 650 211 207
4 211 650 631 646
4 211 192 631 207
4 631 192 211 646

CELL_TYPES 3804
1
1
1
1
1
1
1
1
1
1
1
1
3
3
3
3
3
3
3
3
3
3
3
3
3
3
3
3
3
3
3
3
3
3
3
3
3
3
3
3
3
3
3
3
3
3
3
3
3
3
3
3
3
3
3
3
3
3
3
3
3
3
3
3
3
3
3
3
3
3
3
3
3
3
3
3
3
3
3
3
3
3
3
3
3
3
3
3
3
3
3
3
3
3
3
3
3
3
3
3
3
3
3
3
3
3
3
3
3
3
3
3
3
3
3
3
3
3
3
3
3
3
3
3
3
3
3
3
3
3
3
3
3
3
3
3
3
3
3
3
3
3
3
3
3
3
3
3
3
3
5
5
5
5
5
5
5
5
5
5
5
5
5
5
5
5
5
5
5
5
5
5
5
5
5
5
5
5
5
5
5
5
5
5
5
5
5
5
5
5
5
5
5
5
5
5
5
5
5
5
5
5
5
5
5
5
5
5
5
5
5
5
5
5
5
5
5
5
5
5
5
5
5
5
5
5
5
5
5
5
5
5
5
5
5
5
5
5
5
5
5
5
5
5
5
5
5
5
5
5
5
5
5
5
5
5
5
5
5
5
5
5
5
5
5
5
5
5
5
5
5
5
5
5
5
5
5
5
5
5
5
5
5
5
5
5
5
5
5
5
5
5
5
5
5
5
5
5
5
5
5
5
5
5
5
5
5
5
5
5
5
5
5
5
5
5
5
5
5
5
5
5
5
5
5
5
5
5
5
5
5
5
5
5
5
5
5
5
5
5
5
5
5
5
5
5
5
5
5
5
5
5
5
5
5
5
5
5
5
5
5
5
5
5
5
5
5
5
5
5
5
5
5
5
5
5
5
5
5
5
5
5
5
5
5
5
5
5
5
5
5
5
5
5
5
5
5
5
5
5
5
5
5
5
5
5
5
5
5
5
5
5
5
5
5
5
5
5
5
5
5
5
5
5
5
5
5
5
5
5
5
5
5
5
5
5
5
5
5
5
5
5
5
5
5
5
5
5
5
5
5
5
5
5
5
5
5
5
5
5
5
5
5
5
5
5
5
5
5
5
5
5
5
5
5
5
5
5
5
5
5
5
5
5
5
5
5
5
5
5
5
5
5
5
5
5
5
5
5
5
5
5
5
5
5
5
5
5
5
5
5
5
5
5
5
5
5
5
5
5
5
5
5
5
5
5
5
5
5
5
5
5
5
5
5
5
5
5
5
5
5
5
5
5
5
5
5
5
5
5
5
5
5
5
5
5
5
5
5
5
5
5
5
5
5
5
5
5
5
5
5
5
5
5
5
5
5
5
5
5
5
5
5
5
5
5
5
5
5
5
5
5
5
5
5
5
5
5
5
5
5
5
5
5
5
5
5
5
5
5
5
5
5
5
5
5
5
5
5
5
5
5
5
5
5
5
5
5
5
5
5
5
5
5
5
5
5
5
5
5
5
5
5
5
5
5
5
5
5
5
5
5
5
5
5
5
5
5
5
5
5
5
5
5
5
5
5
5
5
5
5
5
5
5
5
5
5
5
5
5
5
5
5
5
5
5
5
5
5
5
5
5
5
5
5
5
5
5
5
5
5
5
5
5
5
5
5
5
5
5
5
5
5
5
5
5
5
5
5
5
5
5
5
5
5
5
5
5
5
5
5
5
5
5
5
5
5
5
5
5
5
5
5
5
5
5
5
5
5
5
5
5
5
5
5
5
5
5
5
5
5
5
5
5
5
5
5
5
5
5
5
5
5
5
5
5
5
5
5
5
5
5
5
5
5
5
5
5
5
5
5
5
5
5
5
5
5
5
5
5
5
5
5
5
5
5
5
5
5
5
5
5
5
5
5
5
5
5
5
5
5
5
5
5
5
5
5
5
5
5
5
5
5
5
5
5
5
5
5
5
5
5
5
5
5
5
5
5
5
5
5
5
5
5
5
5
5
5
5
5
5
5
5
5
5
5
5
5
5
5
5
5
5
5
5
5
5
5
5
5
5
5
5
5
5
5
5
5
5
5
5
5
5
5
5
5
5
5
5
5
5
5
5
5
5
5
5
5
5
5
5
5
5
5
5
5
5
5
5
5
5
5
5
5
5
5
5
5
5
5
5
5
5
5
5
5
5
5
5
5
5
5
5
5
5
5
5
5
5
5
5
5
5
5
5
5
5
5
5
5
5
5
5
5
5
5
5
5
5
5
5
5
5
5
5
5
5
5
5
5
5
5
5
5
5
5
5
5
5
5
5
5
5
5
5
5
5
5
5
5
5
5
5
5
5
5
5
5
5
5
5
5
5
5
5
5
5
5
5
5
5
5
5
5
5
5
5
5
5
5
5
5
5
5
5
5
5
5
5
5
5
5
5
5
5
5
5
5
5
5
5
5
5
5
5
5
5
5
5
5
5
5
5
5
5
5
5
5
5
5
5
5
5
5
5
5
5
5
5
5
5
5
5
5
5
5
5
5
5
5
5
5
5
5
5
5
5
5
5
5
5
5
5
5
5
5
5
5
5
5
5
5
5
5
5
5
5
5
5
5
5
5
5
5
5
5
5
5
5
5
5
5
5
5
5
5
5
5
5
5
5
5
5
5
5
5
5
5
5
5
5
5
5
5
5
5
5
5
5
5
5
5
5
5
5
5
5
5
5
5
5
5
5
5
5
5
5
5
5
5
5
5
5
5
5
5
5
5
5
5
5
5
5
5
5
5
5
5
5
5
5
5
5
5
5
5
5
5
5
5
5
5
5
5
5
5
5
5
5
5
5
5
5
5
5
5
5
5
5
5
5
5
5
5
5
5
5
5
5
5
5
5
5
5
5
5
5
5
5
5
5
5
5
5
5
5
5
5
5
5
5
5
5
5
5
5
5
5
5
5
5
5
5
5
5
5
5
5
5
5
5
5
5
5
5
5
5
5
5
5
5
5
5
5
5
5
5
5
5
5
5
5
5
5
5
5
5
5
5
5
5
5
5
5
5
5
5
5
5
5
5
5
5
5
5
5
5
5
5
5
5
5
5
5
5
5
5
5
5
5
5
5
5
5
5
5
5
5
5
5
5
5
5
5
5
5
5
5
5
5
5
5
5
5
5
5
5
5
5
5
5
5
5
5
5
5
5
5
5
5
5
5
5
5
5
5
5
5
5
5
5
5
5
5
5
5
5
5
5
5
5
5
5
5
5
5
5
5
5
5
5
5
5
5
5
5
5
5
5
5
5
5
5
5
5
5
5
5
5
5
5
5
5
5
5
5
5
5
5
5
5
5
5
5
5
5
5
5
5
5
5
5
5
5
5
5
5
5
5
5
5
5
5
5
5
5
5
5
5
5
5
5
5
5
5
5
5
5
5
5
5
5
5
5
5
5
5
5
5
5
5
5
5
5
5
5
5
5
5
5
5
5
5
5
5
5
5
5
5
5
5
5
5
5
5
5
5
5
5
5
5
5
10
10
10
10
10
10
10
10
10
10
10
10
10
10
10
10
10
10
10
10
10
10
10
10
10
10
10
10
10
10
10
10
10
10
10
10
10
10
10
10
10
10
10
10
10
10
10
10
10
10
10
10
10
10
10
10
10
10
10
10
10
10
10
10
10
10
10
10
10
10
10
10
10
10
10
10
10
10
10
10
10
10
10
10
10
10
10
10
10
10
10
10
10
10
10
10
10
10
10
10
10
10
10
10
10
10
10
10
10
10
10
10
10
10
10
10
10
10
10
10
10
10
10
10
10
10
10
10
10
10
10
10
10
10
10
10
10
10
10
10
10
10
10
10
10
10
10
10
10
10
10
10
10
10
10
10
10
10
10
10
10
10
10
10
10
10
10
10
10
10
10
10
10
10
10
10
10
10
10
10
10
10
10
10
10
10
10
10
10
10
10
10
10
10
10
10
10
10
10
10
10
10
10
10
10
10
10
10
10
10
10
10
10
10
10
10
10
10
10
10
10
10
10
10
10
10
10
10
10
10
10
10
10
10
10
10
10
10
10
10
10
10
10
10
10
10
10
10
10
10
10
10
10
10
10
10
10
10
10
10
10
10
10
10
10
10
10
10
10
10
10
10
10
10
10
10
10
10
10
10
10
10
10
10
10
10
10
10
10
10
10
10
10
10
10
10
10
10
10
10
10
10
10
10
10
10
10
10
10
10
10
10
10
10
10
10
10
10
10
10
10
10
10
10
10
10
10
10
10
10
10
10
10
10
10
10
10
10
10
10
10
10
10
10
10
10
10
10
10
10
10
10
10
10
10
10
10
10
10
10
10
10
10
10
10
10
10
10
10
10
10
10
10
10
10
10
10
10
10
10
10
10
10
10
10
10
10
10
10
10
10
10
10
10
10
10
10
10
10
10
10
10
10
10
10
10
10
10
10
10
10
10
10
10
10
10
10
10
10
10
10
10
10
10
10
10
10
10
10
10
10
10
10
10
10
10
10
10
10
10
10
10
10
10
10
10
10
10
10
10
10
10
10
10
10
10
10
10
10
10
10
10
10
10
10
10
10
10
10
10
10
10
10
10
10
10
10
10
10
10
10
10
10
10
10
10
10
10
10
10
10
10
10
10
10
10
10
10
10
10
10
10
10
10
10
10
10
10
10
10
10
10
10
10
10
10
10
10
10
10
10
10
10
10
10
10
10
10
10
10
10
10
10
10
10
10
10
10
10
10
10
10
10
10
10
10
10
10
10
10
10
10
10
10
10
10
10
10
10
10
10
10
10
10
10
10
10
10
10
10
10
10
10
10
10
10
10
10
10
10
10
10
10
10
10
10
10
10
10
10
10
10
10
10
10
10
10
10
10
10
10
10
10
10
10
10
10
10
10
10
10
10
10
10
10
10
10
10
10
10
10
10
10
10
10
10
10
10
10
10
10
10
10
10
10
10
10
10
10
10
10
10
10
10
10
10
10
10
10
10
10
10
10
10
10
10
10
10
10
10
10
10
10
10
10
10
10
10
10
10
10
10
10
10
10
10
10
10
10
10
10
10
10
10
10
10
10
10
10
10
10
10
10
10
10
10
10
10
10
10
10
10
10
10
10
10
10
10
10
10
10
10
10
10
10
10
10
10
10
10
10
10
10
10
10
10
10
10
10
10
10
10
10
10
10
10
10
10
10
10
10
10
10
10
10
10
10
10
10
10
10
10
10
10
10
10
10
10
10
10
10
10
10
10
10
10
10
10
10
10
10
10
10
10
10
10
10
10
10
10
10
10
10
10
10
10
10
10
10
10
10
10
10
10
10
10
10
10
10
10
10
10
10
10
10
10
10
10
10
10
10
10
10
10
10
10
10
10
10
10
10
10
10
10
10
10
10
10
10
10
10
10
10
10
10
10
10
10
10
10
10
10
10
10
10
10
10
10
10
10
10
10
10
10
10
10
10
10
10
10
10
10
10
10
10
10
10
10
10
10
10
10
10
10
10
10
10
10
10
10
10
10
10
10
10
10
10
10
10
10
10
10
10
10
10
10
10
10
10
10
10
10
10
10
10
10
10
10
10
10
10
10
10
10
10
10
10
10
10
10
10
10
10
10
10
10
10
10
10
10
10
10
10
10
10
10
10
10
10
10
10
10
10
10
10
10
10
10
10
10
10
10
10
10
10
10
10
10
10
10
10
10
10
10
10
10
10
10
10
10
10
10
10
10
10
10
10
10
10
10
10
10
10
10
10
10
10
10
10
10
10
10
10
10
10
10
10
10
10
10
10
10
10
10
10
10
10
10
10
10
10
10
10
10
10
10
10
10
10
10
10
10
10
10
10
10
10
10
10
10
10
10
10
10
10
10
10
10
10
10
10
10
10
10
10
10
10
10
10
10
10
10
10
10
10
10
10
10
10
10
10
10
10
10
10
10
10
10
10
10
10
10
10
10
10
10
10
10
10
10
10
10
10
10
10
10
10
10
10
10
10
10
10
10
10
10
10
10
10
10
10
10
10
10
10
10
10
10
10
10
10
10
10
10
10
10
10
10
10
10
10
10
10
10
10
10
10
10
10
10
10
10
10
10
10
10
10
10
10
10
10
10
10
10
10
10
10
10
10
10
10
10
10
10
10
10
10
10
10
10
10
10
10
10
10
10
10
10
10
10
10
10
10
10
10
10
10
10
10
10
10
10
10
10
10
10
10
10
10
10
10
10
10
10
10
10
10
10
10
10
10
10
10
10
10
10
10
10
10
10
10
10
10
10
10
10
10
10
10
10
10
10
10
10
10
10
10
10
10
10
10
10
10
10
10
10
10
10
10
10
10
10
10
10
10
10
10
10
10
10
10
10
10
10
10
10
10
10
10
10
10
10
10
10
10
10
10
10
10
10
10
10
10
10
10
10
10
10
10
10
10
10
10
10
10
10
10
10
10
10
10
10
10
10
10
10
10
10
10
10
10
10
10
10
10
10
10
10
10
10
10
10
10
10
10
10
10
10
10
10
10
10
10
10
10
10
10
10
10
10
10
10
10
10
10
10
10
10
10
10
10
10
10
10
10
10
10
10
10
10
10
10
10
10
10
10
10
10
10
10
10
10
10
10
10
10
10
10
10
10
10
10
10
10
10
10
10
10
10
10
10
10
10
10
10
10
10
10
10
10
10
10
10
10
10
10
10
10
10
10
10
10
10
10
10
10
10
10
10
10
10
10
10
10
10
10
10
10
10
10
10
10
10
10
10
10
10
10
10
10
10
10
10
10
10
10
10
10
10
10
10
10
10
10
10
10
10
10
10
10
10
10
10
10
10
10
10
10
10
10
10
10
10
10
10
10
10
10
10
10
10
10
10
10
10
10
10
10
10
10
10
10
10
10
10
10
10
10
10
10
10
10
10
10
10
10
10
10
10
10
10
10
10
10
10
10
10
10
10
10
10
10
10
10
10
10
10
10
10
10
10
10
10
10
10
10
10
10
10
10
10
10
10
10
10
10
10
10
10
10
10
10
10
10
10
10
10
10
10
10
10
10
10
10
10
10
10
10
10
10
10
10
10
10
10
10
10
10
10
10
10
10
10
10
10
10
10
10
10
10
10
10
10
10
10
10
10
10
10
10
10
10
10
10
10
10
10
10
10
10
10
10
10
10
10
10
10
10
10
10
10
10
10
10
10
10
10
10
10
10
10
10
10
10
10
10
10
10
10
10
10
10
10
10
10
10
10
10
10
10
10
10
10
10
10
10
10
10
10
10
10
10
10
10
10
10
10
10
10
10
10
10
10
10
10
10
10
10
10
10
10
10
10
10
10
10
10
10
10
10
10
10
10
10
10
10
10
10
10
10
10
10
10
10
10
10
10
10
10
10
10
10
10
10
10
10
10
10
10
10
10
10
10
10
10
10
10
10
10
10
10
10
10
10
10
10
10
10
10
10
10
10
10
10
10
10
10
10
10
10
10
10
10
10
10
10
10
10
10
10
10
10
10
10
10
10
10
10
10
10
10
10
10
10
10
10
10
10
10
10
10
10
10
10
10
10
10
10
10
10
10
10
10
10
10
10
10
10
10
10
10
10
10
10
10
10
10
10
10
10
10
10
10
10
10
10
10
10
10
10
10
10
10
10
10
10
10
10
10
10
10
10
10
10
10
10
10
10
10
10
10
10
10
10
10
10
10
10
10
10
10
10
10
10
10
10
10
10
10
10
10
10
10
10
10
10
10
10
10
10
10
10
10
10
10
10
10
10
10
10
10
10
10
10
10
10
10
10
10
10
10
10
10
10
10
10
10
10
10
10
10
10
10
10
10
10
10
10
10
10
10
10
10
10
10
10
10
10
10
10
10
10
10
10
10
10
10
10
10
10
10
10
10
10
10
10
10
10
10
10
10
10
10
10
10
10
10
10
10
10
10
10
10
10
10
10
10
10
10
10
10
10
10
10
10
10
10
10
10
10
10
10
10
10
10
10
10
10
10
10
10
10
10
10
10
10
10
10
10
10
10
10
10
10
10
10
10
10
10
10
10
10
10
10
10
10
10
10
10
10
10
10
10
10
10
10
10
10
10
10
10
10
10
10
10
10
10
10
10
10
10
10
10
10
10
10
10
10
10
10
10
10
10
10
10
10
10
10
10
10
10
10
10
10
10
10
10
10
10
10
10
10
10
10
10
10
10
10
10
10
10
10
10
10
10
10
10
10
10
10
10
10
10
10
10
10
10
10
10
10
10
10
10
10
10
10
10
10
10
10
10
10
10
10
10
10
10
10
10
10
10
10
10
10
10
10
10
10
10
10
10
10
10
10
10
10
10
10
10
10
10
10
10
10
10
10
10
10
10
10
10
10
10
10
10
10
10
10
10
10
10
10
10
10
10
10
10
10
10
10
10
10
10
10
10
10
10
10
10
10
10
10
10
10
10
10
10
10
10
10
10
10
10
10
10
10
10
10
10
10
10
10
10
10
10
10
10
10
10
10
10
10
10
10
10
10
10
10
10
10
10
10
10
10
10
10
10
10
10
10
10
10
10
10
10
10
10
10
10
10
10
10
10
10
10
10
10
10
10
10
10
10
10
10
10
10
10
10
10
10
10
10
10
10
10
10
10
10
10
10
10
10
10
10
10
10
10
10
10
10
10
10
10
10
10
10
10
10
10
10
10
10
10
10
10
10
10
10
10
10
10
10
